[32;20m[2026-09-22 10:53:39,310] LMCache INFO:[0m torch_dev=<module 'torch.cuda' from '/usr/local/lib/python3.12/dist-packages/torch/cuda/__init__.py'>, torch_device_type=cuda [3m(_device_detect.py:312:lmcache.v1.platform._device_detect)[0m
[32;20m[2026-09-22 10:53:39,311] LMCache INFO:[0m Auto-selected backend [cuda] for accelerator 'cuda' from candidate backends [cuda, rocm]. [3m(__init__.py:148:lmcache.v1.platform)[0m

 _     __  __    ____           _          
| |   |  \/  |  / ___|__ _  ___| |__   ___      LMCache v0.5.4 (g3e11b8ed)
| |   | |\/| | | |   / _` |/ __| '_ \ / _ \     Website:  https://lmcache.ai/
| |___| |  | | | |__| (_| | (__| | | |  __/     Recipes:  https://docs.lmcache.ai/recipes
|_____|_|  |_|  \____\__,_|\___|_| |_|\___|     LinkedIn: https://www.linkedin.com/company/lmcache-lab
Set LMCACHE_DISABLE_BANNER=1 to hide this banner.

[32;20m[2026-09-22 10:53:40,443] LMCache INFO:[0m multi_layer_block_kv_transfer mode: ptr [3m(base.py:95:lmcache.v1.multiprocess.transfer_context.base)[0m
[32;20m[2026-09-22 10:53:45,132] LMCache INFO:[0m Discovered API module: cache_api [3m(router_discovery.py:53:lmcache.v1.utils.router_discovery)[0m
[32;20m[2026-09-22 10:53:45,133] LMCache INFO:[0m Discovered API module: env_api [3m(router_discovery.py:53:lmcache.v1.utils.router_discovery)[0m
[32;20m[2026-09-22 10:53:45,135] LMCache INFO:[0m Discovered API module: loglevel_api [3m(router_discovery.py:53:lmcache.v1.utils.router_discovery)[0m
[32;20m[2026-09-22 10:53:45,135] LMCache INFO:[0m Discovered API module: metrics_api [3m(router_discovery.py:53:lmcache.v1.utils.router_discovery)[0m
[32;20m[2026-09-22 10:53:45,138] LMCache INFO:[0m Discovered API module: periodic_thread_api [3m(router_discovery.py:53:lmcache.v1.utils.router_discovery)[0m
[32;20m[2026-09-22 10:53:45,139] LMCache INFO:[0m Discovered API module: run_script_api [3m(router_discovery.py:53:lmcache.v1.utils.router_discovery)[0m
[32;20m[2026-09-22 10:53:45,140] LMCache INFO:[0m Discovered API module: thread_api [3m(router_discovery.py:53:lmcache.v1.utils.router_discovery)[0m
[32;20m[2026-09-22 10:53:45,144] LMCache INFO:[0m Discovered API module: common_api [3m(router_discovery.py:53:lmcache.v1.utils.router_discovery)[0m
[32;20m[2026-09-22 10:53:45,145] LMCache INFO:[0m Discovered API module: config_api [3m(router_discovery.py:53:lmcache.v1.utils.router_discovery)[0m
[32;20m[2026-09-22 10:53:45,149] LMCache INFO:[0m Discovered API module: info_api [3m(router_discovery.py:53:lmcache.v1.utils.router_discovery)[0m
[32;20m[2026-09-22 10:53:45,152] LMCache INFO:[0m Discovered API module: quota_api [3m(router_discovery.py:53:lmcache.v1.utils.router_discovery)[0m
[32;20m[2026-09-22 10:53:45,156] LMCache INFO:[0m Discovered API module: reconfigure_api [3m(router_discovery.py:53:lmcache.v1.utils.router_discovery)[0m
[32;20m[2026-09-22 10:53:45,190] LMCache INFO:[0m CudaPinMemoryBackend: using torch cudart [3m(pin_memory.py:89:lmcache.v1.platform.cuda.pin_memory)[0m
[32;20m[2026-09-22 10:53:45,192] LMCache INFO:[0m Starting LMCache HTTP server on http://0.0.0.0:18002 [3m(http_server.py:258:lmcache.v1.multiprocess.http_server)[0m
INFO:     Started server process [8517]
INFO:     Waiting for application startup.
[32;20m[2026-09-22 10:53:45,215] LMCache INFO:[0m Starting LMCache HTTP server... (accelerator available: True) [3m(http_server.py:77:lmcache.v1.multiprocess.http_server)[0m
[32;20m[2026-09-22 10:53:45,241] LMCache INFO:[0m OTel MeterProvider initialised with Prometheus fallback (standalone metrics HTTP server disabled; /metrics must be exposed by the caller), resource={'telemetry.sdk.language': 'python', 'telemetry.sdk.name': 'opentelemetry', 'telemetry.sdk.version': '1.40.0', 'service.instance.id': 'r0_M20_K10_online_async_L1500_b400', 'service.name': 'unknown_service'} [3m(otel_init.py:114:lmcache.v1.mp_observability.otel_init)[0m
[32;20m[2026-09-22 10:53:45,628] LMCache INFO:[0m Starting L1EvictionController... [3m(eviction_controller.py:53:lmcache.v1.distributed.storage_controllers.eviction_controller)[0m
[32;20m[2026-09-22 10:53:45,628] LMCache INFO:[0m Starting L2EvictionController... [3m(eviction_controller.py:250:lmcache.v1.distributed.storage_controllers.eviction_controller)[0m
[32;20m[2026-09-22 10:53:45,629] LMCache INFO:[0m Starting StoreController... [3m(store_controller.py:305:lmcache.v1.distributed.storage_controllers.store_controller)[0m
[32;20m[2026-09-22 10:53:45,629] LMCache INFO:[0m Starting PrefetchController... [3m(prefetch_controller.py:596:lmcache.v1.distributed.storage_controllers.prefetch_controller)[0m
[32;20m[2026-09-22 10:53:45,629] LMCache INFO:[0m Using blake3 hash function [3m(token_hasher.py:79:lmcache.v1.multiprocess.token_hasher)[0m
[32;20m[2026-09-22 10:53:45,630] LMCache INFO:[0m Computed NONE_HASH=b"~>\xff\x9e\xf7a:P4\x0e\xb1&w\xee\x03\xb8:\xc7Y\xfc\xba\x9b\xb3'\x05\xf0rH\xd5mG;" using hash function [3m(token_hasher.py:180:lmcache.v1.multiprocess.token_hasher)[0m
[32;20m[2026-09-22 10:53:45,631] LMCache INFO:[0m TokenHasher initialized: chunk_size=16, hash_algorithm=blake3 [3m(token_hasher.py:67:lmcache.v1.multiprocess.token_hasher)[0m
[32;20m[2026-09-22 10:53:45,631] LMCache INFO:[0m PeriodicThread SessionManager-cleanup-thread-79b2e16f0440 entering main loop (interval=60.0s) [3m(periodic_thread.py:304:lmcache.v1.periodic_thread)[0m
[32;20m[2026-09-22 10:53:45,631] LMCache INFO:[0m Started PeriodicThread: SessionManager-cleanup-thread-79b2e16f0440 (level=medium, interval=60.0s, init_wait=0.0s) [3m(periodic_thread.py:248:lmcache.v1.periodic_thread)[0m
[32;20m[2026-09-22 10:53:45,632] LMCache INFO:[0m PeriodicThread DeviceHostFuncDispatcher entering main loop (interval=0.0s) [3m(periodic_thread.py:304:lmcache.v1.periodic_thread)[0m
[32;20m[2026-09-22 10:53:45,632] LMCache INFO:[0m Started PeriodicThread: DeviceHostFuncDispatcher (level=high, interval=0.0s, init_wait=0.0s) [3m(periodic_thread.py:248:lmcache.v1.periodic_thread)[0m
[32;20m[2026-09-22 10:53:45,632] LMCache INFO:[0m Supported transfer mode: auto [3m(server.py:219:lmcache.v1.multiprocess.server)[0m
[32;20m[2026-09-22 10:53:45,632] LMCache INFO:[0m PeriodicThread lmcache-mp-worker-reaper entering main loop (interval=30.0s) [3m(periodic_thread.py:304:lmcache.v1.periodic_thread)[0m
[32;20m[2026-09-22 10:53:45,632] LMCache INFO:[0m Started PeriodicThread: lmcache-mp-worker-reaper (level=medium, interval=30.0s, init_wait=0.0s) [3m(periodic_thread.py:248:lmcache.v1.periodic_thread)[0m
[32;20m[2026-09-22 10:53:45,635] LMCache INFO:[0m Created AffinityThreadPool 'affinity-pool-0' with 1 worker slots: up to 1 distinct affinity keys each bind to their own thread before slots are shared. Compare this against the number of clients expected to connect to confirm routing. [3m(affinity_pool.py:60:lmcache.v1.multiprocess.affinity_pool)[0m
[32;20m[2026-09-22 10:53:45,635] LMCache INFO:[0m LMCache ZMQ cache server is running on tcp://127.0.0.1:18001 [3m(server.py:452:lmcache.v1.multiprocess.server)[0m
[32;20m[2026-09-22 10:53:45,635] LMCache INFO:[0m LMCache cache server is running... [3m(server.py:467:lmcache.v1.multiprocess.server)[0m
[32;20m[2026-09-22 10:53:45,635] LMCache INFO:[0m LMCache HTTP server initialized [3m(http_server.py:163:lmcache.v1.multiprocess.http_server)[0m
INFO:     Application startup complete.
INFO:     Uvicorn running on http://0.0.0.0:18002 (Press CTRL+C to quit)
INFO:     127.0.0.1:50348 - "GET /healthcheck HTTP/1.1" 200 OK
[32;20m[2026-09-22 10:53:55,630] LMCache INFO:[0m L1 memory usage: 0.00/0.50 GiB (0.0%) [3m(eviction_controller.py:153:lmcache.v1.distributed.storage_controllers.eviction_controller)[0m
[32;20m[2026-09-22 10:54:05,632] LMCache INFO:[0m L1 memory usage: 0.00/0.50 GiB (0.0%) [3m(eviction_controller.py:153:lmcache.v1.distributed.storage_controllers.eviction_controller)[0m
[32;20m[2026-09-22 10:54:15,637] LMCache INFO:[0m L1 memory usage: 0.00/0.50 GiB (0.0%) [3m(eviction_controller.py:153:lmcache.v1.distributed.storage_controllers.eviction_controller)[0m
[32;20m[2026-09-22 10:54:25,639] LMCache INFO:[0m L1 memory usage: 0.00/0.50 GiB (0.0%) [3m(eviction_controller.py:153:lmcache.v1.distributed.storage_controllers.eviction_controller)[0m
[32;20m[2026-09-22 10:54:35,641] LMCache INFO:[0m L1 memory usage: 0.00/0.50 GiB (0.0%) [3m(eviction_controller.py:153:lmcache.v1.distributed.storage_controllers.eviction_controller)[0m
[32;20m[2026-09-22 10:54:43,147] LMCache INFO:[0m Engine KV Format: EngineKVFormat.NL_X_NB_BS_NH_CS NL x [NB, BS, NH, CS] [3m(detection.py:69:lmcache.v1.gpu_connector.kv_format.detection)[0m
[32;20m[2026-09-22 10:54:43,148] LMCache INFO:[0m Engine KV Format: EngineKVFormat.NL_X_NB_BS_NH_CS NL x [NB, BS, NH, CS] [3m(detection.py:69:lmcache.v1.gpu_connector.kv_format.detection)[0m
[32;20m[2026-09-22 10:54:43,148] LMCache INFO:[0m Group 0 first-layer tensor: layer_idx=0 shape=(20117, 16, 2, 256) stride=(8192, 512, 256, 1) is_contiguous=True dtype=torch.float16 device=cuda:0 storage_offset=0 numel=164798464 storage_nbytes=329596928 padding_per_block=0 [3m(utils.py:596:lmcache.v1.gpu_connector.utils)[0m
[32;20m[2026-09-22 10:54:43,148] LMCache INFO:[0m KV layer groups: ---
KernelGroupInfo(layers=28, indices=0-27, shape_desc=(kv=1, nl=28, nb=20117, bs=16, nh=2, hs=256, element_size=2, block_stride_elems=0), dtype=torch.float16, tokens_per_block=16, slots_per_block=16, engine_group_idx=0, sw_size_tokens=-1)
--- [3m(kv_layer_groups.py:437:lmcache.v1.kv_layer_groups)[0m
/usr/local/lib/python3.12/dist-packages/cupy/_environment.py:677: UserWarning: 
--------------------------------------------------------------------------------

  CuPy may not function correctly because multiple CuPy packages are installed
  in your environment:

    cupy-cuda12x, cupy-cuda13x

  Follow these steps to resolve this issue:

    1. For all packages listed above, run the following command to remove all
       existing CuPy installations:

         $ pip uninstall <package_name>

      If you previously installed CuPy via conda, also run the following:

         $ conda uninstall cupy

    2. Install the appropriate CuPy package.
       Refer to the Installation Guide for detailed instructions.

         https://docs.cupy.dev/en/stable/install.html

--------------------------------------------------------------------------------

  warnings.warn(f'''
[32;20m[2026-09-22 10:54:43,257] LMCache INFO:[0m Registered KV cache for GPU ID 2263546465795164798 with 28 layers [3m(lmcache_driven_transfer.py:964:lmcache.v1.multiprocess.modules.lmcache_driven_transfer)[0m
[32;20m[2026-09-22 10:54:43,257] LMCache INFO:[0m Initialized cuda stream on device cuda:0 [3m(cache_context.py:430:lmcache.v1.platform.cuda.cache_context)[0m
[32;20m[2026-09-22 10:54:45,643] LMCache INFO:[0m L1 memory usage: 0.00/0.50 GiB (0.0%) [3m(eviction_controller.py:153:lmcache.v1.distributed.storage_controllers.eviction_controller)[0m
[32;20m[2026-09-22 10:54:50,064] LMCache INFO:[0m AffinityThreadPool: affinity_key=-7489921690173773951 assigned to worker slot 0 of 1 (thread affinity-pool-0-0); 1 distinct key(s) now bound [3m(affinity_pool.py:108:lmcache.v1.multiprocess.affinity_pool)[0m
[32;20m[2026-09-22 10:54:50,170] LMCache INFO:[0m Stored 368 tokens in 0.106 seconds [3m(lmcache_driven_transfer.py:1218:lmcache.v1.multiprocess.modules.lmcache_driven_transfer)[0m
[32;20m[2026-09-22 10:54:50,214] LMCache INFO:[0m Stored 384 tokens in 0.003 seconds [3m(lmcache_driven_transfer.py:1218:lmcache.v1.multiprocess.modules.lmcache_driven_transfer)[0m
[32;20m[2026-09-22 10:54:50,351] LMCache INFO:[0m Stored 384 tokens in 0.003 seconds [3m(lmcache_driven_transfer.py:1218:lmcache.v1.multiprocess.modules.lmcache_driven_transfer)[0m
[32;20m[2026-09-22 10:54:50,438] LMCache INFO:[0m Stored 384 tokens in 0.003 seconds [3m(lmcache_driven_transfer.py:1218:lmcache.v1.multiprocess.modules.lmcache_driven_transfer)[0m
[32;20m[2026-09-22 10:54:50,525] LMCache INFO:[0m Stored 384 tokens in 0.003 seconds [3m(lmcache_driven_transfer.py:1218:lmcache.v1.multiprocess.modules.lmcache_driven_transfer)[0m
[32;20m[2026-09-22 10:54:50,612] LMCache INFO:[0m Stored 384 tokens in 0.002 seconds [3m(lmcache_driven_transfer.py:1218:lmcache.v1.multiprocess.modules.lmcache_driven_transfer)[0m
[32;20m[2026-09-22 10:54:50,701] LMCache INFO:[0m Stored 368 tokens in 0.003 seconds [3m(lmcache_driven_transfer.py:1218:lmcache.v1.multiprocess.modules.lmcache_driven_transfer)[0m
[32;20m[2026-09-22 10:54:50,788] LMCache INFO:[0m Stored 384 tokens in 0.003 seconds [3m(lmcache_driven_transfer.py:1218:lmcache.v1.multiprocess.modules.lmcache_driven_transfer)[0m
[32;20m[2026-09-22 10:54:50,875] LMCache INFO:[0m Stored 384 tokens in 0.003 seconds [3m(lmcache_driven_transfer.py:1218:lmcache.v1.multiprocess.modules.lmcache_driven_transfer)[0m
[32;20m[2026-09-22 10:54:50,960] LMCache INFO:[0m Stored 384 tokens in 0.002 seconds [3m(lmcache_driven_transfer.py:1218:lmcache.v1.multiprocess.modules.lmcache_driven_transfer)[0m
[32;20m[2026-09-22 10:54:51,050] LMCache INFO:[0m Stored 384 tokens in 0.003 seconds [3m(lmcache_driven_transfer.py:1218:lmcache.v1.multiprocess.modules.lmcache_driven_transfer)[0m
[32;20m[2026-09-22 10:54:51,816] LMCache INFO:[0m Prefetch request completed (L1+L2): 24/24 retained keys (24 L1, 0 L2) in 1.0 ms (external_request_id=cmpl-b172280cb0fe1e6f-0-b12e287d, prefetch_request_id=-1) [3m(storage_manager.py:716:lmcache.v1.distributed.storage_manager)[0m
[32;20m[2026-09-22 10:54:51,821] LMCache INFO:[0m Retrieved 384 tokens in 0.002 seconds [3m(lmcache_driven_transfer.py:1427:lmcache.v1.multiprocess.modules.lmcache_driven_transfer)[0m
[32;20m[2026-09-22 10:54:51,920] LMCache INFO:[0m Stored 384 tokens in 0.003 seconds [3m(lmcache_driven_transfer.py:1218:lmcache.v1.multiprocess.modules.lmcache_driven_transfer)[0m
[32;20m[2026-09-22 10:54:51,996] LMCache INFO:[0m Stored 384 tokens in 0.003 seconds [3m(lmcache_driven_transfer.py:1218:lmcache.v1.multiprocess.modules.lmcache_driven_transfer)[0m
[32;20m[2026-09-22 10:54:52,081] LMCache INFO:[0m Stored 384 tokens in 0.003 seconds [3m(lmcache_driven_transfer.py:1218:lmcache.v1.multiprocess.modules.lmcache_driven_transfer)[0m
[32;20m[2026-09-22 10:54:52,169] LMCache INFO:[0m Stored 384 tokens in 0.002 seconds [3m(lmcache_driven_transfer.py:1218:lmcache.v1.multiprocess.modules.lmcache_driven_transfer)[0m
[32;20m[2026-09-22 10:54:52,257] LMCache INFO:[0m Stored 384 tokens in 0.003 seconds [3m(lmcache_driven_transfer.py:1218:lmcache.v1.multiprocess.modules.lmcache_driven_transfer)[0m
[32;20m[2026-09-22 10:54:52,345] LMCache INFO:[0m Stored 384 tokens in 0.003 seconds [3m(lmcache_driven_transfer.py:1218:lmcache.v1.multiprocess.modules.lmcache_driven_transfer)[0m
[32;20m[2026-09-22 10:54:52,426] LMCache INFO:[0m Stored 336 tokens in 0.002 seconds [3m(lmcache_driven_transfer.py:1218:lmcache.v1.multiprocess.modules.lmcache_driven_transfer)[0m
[32;20m[2026-09-22 10:54:52,511] LMCache INFO:[0m Stored 384 tokens in 0.003 seconds [3m(lmcache_driven_transfer.py:1218:lmcache.v1.multiprocess.modules.lmcache_driven_transfer)[0m
[32;20m[2026-09-22 10:54:52,599] LMCache INFO:[0m Stored 384 tokens in 0.003 seconds [3m(lmcache_driven_transfer.py:1218:lmcache.v1.multiprocess.modules.lmcache_driven_transfer)[0m
[32;20m[2026-09-22 10:54:52,685] LMCache INFO:[0m Stored 384 tokens in 0.002 seconds [3m(lmcache_driven_transfer.py:1218:lmcache.v1.multiprocess.modules.lmcache_driven_transfer)[0m
[32;20m[2026-09-22 10:54:52,769] LMCache INFO:[0m Stored 384 tokens in 0.003 seconds [3m(lmcache_driven_transfer.py:1218:lmcache.v1.multiprocess.modules.lmcache_driven_transfer)[0m
[32;20m[2026-09-22 10:54:53,547] LMCache INFO:[0m Prefetch request completed (L1+L2): 24/24 retained keys (24 L1, 0 L2) in 1.0 ms (external_request_id=cmpl-ae08f7ab13318cba-0-96142e68, prefetch_request_id=-1) [3m(storage_manager.py:716:lmcache.v1.distributed.storage_manager)[0m
[32;20m[2026-09-22 10:54:53,551] LMCache INFO:[0m Retrieved 384 tokens in 0.002 seconds [3m(lmcache_driven_transfer.py:1427:lmcache.v1.multiprocess.modules.lmcache_driven_transfer)[0m
[32;20m[2026-09-22 10:54:53,649] LMCache INFO:[0m Stored 368 tokens in 0.003 seconds [3m(lmcache_driven_transfer.py:1218:lmcache.v1.multiprocess.modules.lmcache_driven_transfer)[0m
[32;20m[2026-09-22 10:54:53,728] LMCache INFO:[0m Stored 384 tokens in 0.003 seconds [3m(lmcache_driven_transfer.py:1218:lmcache.v1.multiprocess.modules.lmcache_driven_transfer)[0m
[32;20m[2026-09-22 10:54:53,816] LMCache INFO:[0m Stored 384 tokens in 0.002 seconds [3m(lmcache_driven_transfer.py:1218:lmcache.v1.multiprocess.modules.lmcache_driven_transfer)[0m
[32;20m[2026-09-22 10:54:53,905] LMCache INFO:[0m Stored 384 tokens in 0.003 seconds [3m(lmcache_driven_transfer.py:1218:lmcache.v1.multiprocess.modules.lmcache_driven_transfer)[0m
[32;20m[2026-09-22 10:54:53,994] LMCache INFO:[0m Stored 368 tokens in 0.003 seconds [3m(lmcache_driven_transfer.py:1218:lmcache.v1.multiprocess.modules.lmcache_driven_transfer)[0m
[32;20m[2026-09-22 10:54:54,080] LMCache INFO:[0m Stored 384 tokens in 0.003 seconds [3m(lmcache_driven_transfer.py:1218:lmcache.v1.multiprocess.modules.lmcache_driven_transfer)[0m
[32;20m[2026-09-22 10:54:54,172] LMCache INFO:[0m Stored 368 tokens in 0.003 seconds [3m(lmcache_driven_transfer.py:1218:lmcache.v1.multiprocess.modules.lmcache_driven_transfer)[0m
[32;20m[2026-09-22 10:54:54,255] LMCache INFO:[0m Stored 384 tokens in 0.002 seconds [3m(lmcache_driven_transfer.py:1218:lmcache.v1.multiprocess.modules.lmcache_driven_transfer)[0m
[32;20m[2026-09-22 10:54:54,344] LMCache INFO:[0m Stored 384 tokens in 0.003 seconds [3m(lmcache_driven_transfer.py:1218:lmcache.v1.multiprocess.modules.lmcache_driven_transfer)[0m
[32;20m[2026-09-22 10:54:54,429] LMCache INFO:[0m Stored 192 tokens in 0.002 seconds [3m(lmcache_driven_transfer.py:1218:lmcache.v1.multiprocess.modules.lmcache_driven_transfer)[0m
[32;20m[2026-09-22 10:54:54,484] LMCache INFO:[0m Stored 384 tokens in 0.003 seconds [3m(lmcache_driven_transfer.py:1218:lmcache.v1.multiprocess.modules.lmcache_driven_transfer)[0m
[32;20m[2026-09-22 10:54:55,193] LMCache INFO:[0m Prefetch request completed (L1+L2): 23/23 retained keys (23 L1, 0 L2) in 1.0 ms (external_request_id=cmpl-b0b312c1c79fea7c-0-b6b89f18, prefetch_request_id=-1) [3m(storage_manager.py:716:lmcache.v1.distributed.storage_manager)[0m
[32;20m[2026-09-22 10:54:55,198] LMCache INFO:[0m Retrieved 368 tokens in 0.002 seconds [3m(lmcache_driven_transfer.py:1427:lmcache.v1.multiprocess.modules.lmcache_driven_transfer)[0m
[32;20m[2026-09-22 10:54:55,292] LMCache INFO:[0m Stored 384 tokens in 0.003 seconds [3m(lmcache_driven_transfer.py:1218:lmcache.v1.multiprocess.modules.lmcache_driven_transfer)[0m
[32;20m[2026-09-22 10:54:55,369] LMCache INFO:[0m Stored 384 tokens in 0.003 seconds [3m(lmcache_driven_transfer.py:1218:lmcache.v1.multiprocess.modules.lmcache_driven_transfer)[0m
[32;20m[2026-09-22 10:54:55,458] LMCache INFO:[0m Stored 384 tokens in 0.003 seconds [3m(lmcache_driven_transfer.py:1218:lmcache.v1.multiprocess.modules.lmcache_driven_transfer)[0m
[32;20m[2026-09-22 10:54:55,546] LMCache INFO:[0m Stored 384 tokens in 0.003 seconds [3m(lmcache_driven_transfer.py:1218:lmcache.v1.multiprocess.modules.lmcache_driven_transfer)[0m
[32;20m[2026-09-22 10:54:55,638] LMCache INFO:[0m Stored 384 tokens in 0.003 seconds [3m(lmcache_driven_transfer.py:1218:lmcache.v1.multiprocess.modules.lmcache_driven_transfer)[0m
[32;20m[2026-09-22 10:54:55,645] LMCache INFO:[0m L1 memory usage: 0.38/0.50 GiB (76.2%) [3m(eviction_controller.py:153:lmcache.v1.distributed.storage_controllers.eviction_controller)[0m
[32;20m[2026-09-22 10:54:55,646] LMCache INFO:[0m L0<->L1 stats [cuda:0] last 10.0s: store ops=37 tokens=13888 size=0.40GB avg_copy=6.91GB/s | retrieve ops=3 tokens=1136 size=0.03GB avg_copy=4.30GB/s [3m(extra_stats.py:159:lmcache.v1.mp_observability.subscribers.logging.extra_stats)[0m
[32;20m[2026-09-22 10:54:55,646] LMCache INFO:[0m L0<->L1 stats [cuda:0] cumulative: store ops=37 tokens=13888 size=0.40GB avg_copy=6.91GB/s | retrieve ops=3 tokens=1136 size=0.03GB avg_copy=4.30GB/s [3m(extra_stats.py:168:lmcache.v1.mp_observability.subscribers.logging.extra_stats)[0m
[32;20m[2026-09-22 10:54:55,723] LMCache INFO:[0m Stored 384 tokens in 0.003 seconds [3m(lmcache_driven_transfer.py:1218:lmcache.v1.multiprocess.modules.lmcache_driven_transfer)[0m
[32;20m[2026-09-22 10:54:55,809] LMCache INFO:[0m Stored 384 tokens in 0.003 seconds [3m(lmcache_driven_transfer.py:1218:lmcache.v1.multiprocess.modules.lmcache_driven_transfer)[0m
[32;20m[2026-09-22 10:54:55,893] LMCache INFO:[0m Stored 384 tokens in 0.003 seconds [3m(lmcache_driven_transfer.py:1218:lmcache.v1.multiprocess.modules.lmcache_driven_transfer)[0m
[32;20m[2026-09-22 10:54:55,981] LMCache INFO:[0m Stored 384 tokens in 0.003 seconds [3m(lmcache_driven_transfer.py:1218:lmcache.v1.multiprocess.modules.lmcache_driven_transfer)[0m
[32;20m[2026-09-22 10:54:56,067] LMCache INFO:[0m Stored 384 tokens in 0.002 seconds [3m(lmcache_driven_transfer.py:1218:lmcache.v1.multiprocess.modules.lmcache_driven_transfer)[0m
[32;20m[2026-09-22 10:54:56,153] LMCache INFO:[0m Stored 208 tokens in 0.002 seconds [3m(lmcache_driven_transfer.py:1218:lmcache.v1.multiprocess.modules.lmcache_driven_transfer)[0m
[32;20m[2026-09-22 10:54:56,646] LMCache INFO:[0m L1 memory usage 0.88 above watermark 0.80; triggering eviction. [3m(eviction_controller.py:179:lmcache.v1.distributed.storage_controllers.eviction_controller)[0m
[32;20m[2026-09-22 10:54:56,924] LMCache INFO:[0m Prefetch request completed (L1+L2): 24/24 retained keys (24 L1, 0 L2) in 1.2 ms (external_request_id=cmpl-96af3836386f1189-0-91313a1e, prefetch_request_id=-1) [3m(storage_manager.py:716:lmcache.v1.distributed.storage_manager)[0m
[32;20m[2026-09-22 10:54:56,928] LMCache INFO:[0m Retrieved 384 tokens in 0.002 seconds [3m(lmcache_driven_transfer.py:1427:lmcache.v1.multiprocess.modules.lmcache_driven_transfer)[0m
[32;20m[2026-09-22 10:54:57,028] LMCache INFO:[0m Stored 384 tokens in 0.002 seconds [3m(lmcache_driven_transfer.py:1218:lmcache.v1.multiprocess.modules.lmcache_driven_transfer)[0m
[32;20m[2026-09-22 10:54:57,101] LMCache INFO:[0m Stored 384 tokens in 0.003 seconds [3m(lmcache_driven_transfer.py:1218:lmcache.v1.multiprocess.modules.lmcache_driven_transfer)[0m
[32;20m[2026-09-22 10:54:57,194] LMCache INFO:[0m Stored 384 tokens in 0.002 seconds [3m(lmcache_driven_transfer.py:1218:lmcache.v1.multiprocess.modules.lmcache_driven_transfer)[0m
[32;20m[2026-09-22 10:54:57,281] LMCache INFO:[0m Stored 384 tokens in 0.003 seconds [3m(lmcache_driven_transfer.py:1218:lmcache.v1.multiprocess.modules.lmcache_driven_transfer)[0m
[32;20m[2026-09-22 10:54:57,367] LMCache INFO:[0m Stored 384 tokens in 0.003 seconds [3m(lmcache_driven_transfer.py:1218:lmcache.v1.multiprocess.modules.lmcache_driven_transfer)[0m
[32;20m[2026-09-22 10:54:57,459] LMCache INFO:[0m Stored 384 tokens in 0.003 seconds [3m(lmcache_driven_transfer.py:1218:lmcache.v1.multiprocess.modules.lmcache_driven_transfer)[0m
[32;20m[2026-09-22 10:54:57,544] LMCache INFO:[0m Stored 64 tokens in 0.003 seconds [3m(lmcache_driven_transfer.py:1218:lmcache.v1.multiprocess.modules.lmcache_driven_transfer)[0m
[32;20m[2026-09-22 10:54:57,586] LMCache INFO:[0m Stored 384 tokens in 0.002 seconds [3m(lmcache_driven_transfer.py:1218:lmcache.v1.multiprocess.modules.lmcache_driven_transfer)[0m
[32;20m[2026-09-22 10:54:57,651] LMCache INFO:[0m L1 memory usage 0.85 above watermark 0.80; triggering eviction. [3m(eviction_controller.py:179:lmcache.v1.distributed.storage_controllers.eviction_controller)[0m
[32;20m[2026-09-22 10:54:57,673] LMCache INFO:[0m Stored 368 tokens in 0.002 seconds [3m(lmcache_driven_transfer.py:1218:lmcache.v1.multiprocess.modules.lmcache_driven_transfer)[0m
[32;20m[2026-09-22 10:54:57,758] LMCache INFO:[0m Stored 384 tokens in 0.003 seconds [3m(lmcache_driven_transfer.py:1218:lmcache.v1.multiprocess.modules.lmcache_driven_transfer)[0m
[32;20m[2026-09-22 10:54:57,852] LMCache INFO:[0m Stored 384 tokens in 0.003 seconds [3m(lmcache_driven_transfer.py:1218:lmcache.v1.multiprocess.modules.lmcache_driven_transfer)[0m
[32;20m[2026-09-22 10:54:58,567] LMCache INFO:[0m Prefetch request completed (L1+L2): 24/24 retained keys (24 L1, 0 L2) in 1.0 ms (external_request_id=cmpl-8c9a37836e666dba-0-877f433e, prefetch_request_id=-1) [3m(storage_manager.py:716:lmcache.v1.distributed.storage_manager)[0m
[32;20m[2026-09-22 10:54:58,572] LMCache INFO:[0m Retrieved 384 tokens in 0.002 seconds [3m(lmcache_driven_transfer.py:1427:lmcache.v1.multiprocess.modules.lmcache_driven_transfer)[0m
[32;20m[2026-09-22 10:54:58,635] LMCache INFO:[0m Prefetch request completed (L1+L2): 24/24 retained keys (24 L1, 0 L2) in 1.2 ms (external_request_id=cmpl-886c41192cbb9c94-0-a889f03a, prefetch_request_id=-1) [3m(storage_manager.py:716:lmcache.v1.distributed.storage_manager)[0m
[32;20m[2026-09-22 10:54:58,642] LMCache INFO:[0m Prefetch request completed (L1+L2): 24/24 retained keys (24 L1, 0 L2) in 1.4 ms (external_request_id=cmpl-86f8a56e89585a7a-0-b03c72cc, prefetch_request_id=-1) [3m(storage_manager.py:716:lmcache.v1.distributed.storage_manager)[0m
[32;20m[2026-09-22 10:54:58,643] LMCache INFO:[0m Retrieved 384 tokens in 0.004 seconds [3m(lmcache_driven_transfer.py:1427:lmcache.v1.multiprocess.modules.lmcache_driven_transfer)[0m
[32;20m[2026-09-22 10:54:58,649] LMCache INFO:[0m Retrieved 384 tokens in 0.003 seconds [3m(lmcache_driven_transfer.py:1427:lmcache.v1.multiprocess.modules.lmcache_driven_transfer)[0m
[32;20m[2026-09-22 10:54:58,732] LMCache INFO:[0m Prefetch request completed (L1+L2): 24/24 retained keys (24 L1, 0 L2) in 1.2 ms (external_request_id=cmpl-a6053a628126ca6a-0-a97d6cc6, prefetch_request_id=-1) [3m(storage_manager.py:716:lmcache.v1.distributed.storage_manager)[0m
[32;20m[2026-09-22 10:54:58,736] LMCache INFO:[0m Retrieved 384 tokens in 0.002 seconds [3m(lmcache_driven_transfer.py:1427:lmcache.v1.multiprocess.modules.lmcache_driven_transfer)[0m
[32;20m[2026-09-22 10:54:58,786] LMCache INFO:[0m Prefetch request completed (L1+L2): 24/24 retained keys (24 L1, 0 L2) in 1.1 ms (external_request_id=cmpl-b7d8e034923d1db6-0-84638478, prefetch_request_id=-1) [3m(storage_manager.py:716:lmcache.v1.distributed.storage_manager)[0m
[32;20m[2026-09-22 10:54:58,790] LMCache INFO:[0m Retrieved 384 tokens in 0.002 seconds [3m(lmcache_driven_transfer.py:1427:lmcache.v1.multiprocess.modules.lmcache_driven_transfer)[0m
[32;20m[2026-09-22 10:54:58,838] LMCache INFO:[0m Prefetch request completed (L1+L2): 24/24 retained keys (24 L1, 0 L2) in 0.9 ms (external_request_id=cmpl-980a84c28525b238-0-a6df5646, prefetch_request_id=-1) [3m(storage_manager.py:716:lmcache.v1.distributed.storage_manager)[0m
[32;20m[2026-09-22 10:54:58,843] LMCache INFO:[0m Retrieved 384 tokens in 0.002 seconds [3m(lmcache_driven_transfer.py:1427:lmcache.v1.multiprocess.modules.lmcache_driven_transfer)[0m
[32;20m[2026-09-22 10:54:58,892] LMCache INFO:[0m Prefetch request completed (L1+L2): 24/24 retained keys (24 L1, 0 L2) in 1.0 ms (external_request_id=cmpl-879faecbc851fca8-0-8c5816e3, prefetch_request_id=-1) [3m(storage_manager.py:716:lmcache.v1.distributed.storage_manager)[0m
[32;20m[2026-09-22 10:54:58,896] LMCache INFO:[0m Retrieved 384 tokens in 0.002 seconds [3m(lmcache_driven_transfer.py:1427:lmcache.v1.multiprocess.modules.lmcache_driven_transfer)[0m
[32;20m[2026-09-22 10:54:58,944] LMCache INFO:[0m Prefetch request completed (L1+L2): 13/13 retained keys (13 L1, 0 L2) in 0.9 ms (external_request_id=cmpl-8ac425abdd95bc70-0-a561fe43, prefetch_request_id=-1) [3m(storage_manager.py:716:lmcache.v1.distributed.storage_manager)[0m
[32;20m[2026-09-22 10:54:58,948] LMCache INFO:[0m Retrieved 208 tokens in 0.001 seconds [3m(lmcache_driven_transfer.py:1427:lmcache.v1.multiprocess.modules.lmcache_driven_transfer)[0m
[32;20m[2026-09-22 10:54:59,031] LMCache INFO:[0m Stored 384 tokens in 0.002 seconds [3m(lmcache_driven_transfer.py:1218:lmcache.v1.multiprocess.modules.lmcache_driven_transfer)[0m
[32;20m[2026-09-22 10:54:59,113] LMCache INFO:[0m Stored 384 tokens in 0.004 seconds [3m(lmcache_driven_transfer.py:1218:lmcache.v1.multiprocess.modules.lmcache_driven_transfer)[0m
[32;20m[2026-09-22 10:54:59,162] LMCache INFO:[0m Prefetch request completed (L1+L2): 24/24 retained keys (24 L1, 0 L2) in 1.1 ms (external_request_id=cmpl-a1511eb4ebc7eb99-0-8517fd39, prefetch_request_id=-1) [3m(storage_manager.py:716:lmcache.v1.distributed.storage_manager)[0m
[32;20m[2026-09-22 10:54:59,166] LMCache INFO:[0m Retrieved 384 tokens in 0.002 seconds [3m(lmcache_driven_transfer.py:1427:lmcache.v1.multiprocess.modules.lmcache_driven_transfer)[0m
[32;20m[2026-09-22 10:54:59,215] LMCache INFO:[0m Prefetch request completed (L1+L2): 24/24 retained keys (24 L1, 0 L2) in 0.8 ms (external_request_id=cmpl-82666a208a020f23-0-be73bd24, prefetch_request_id=-1) [3m(storage_manager.py:716:lmcache.v1.distributed.storage_manager)[0m
[32;20m[2026-09-22 10:54:59,219] LMCache INFO:[0m Retrieved 384 tokens in 0.002 seconds [3m(lmcache_driven_transfer.py:1427:lmcache.v1.multiprocess.modules.lmcache_driven_transfer)[0m
[32;20m[2026-09-22 10:55:00,238] LMCache INFO:[0m Prefetch request completed (L1+L2): 24/24 retained keys (24 L1, 0 L2) in 1.0 ms (external_request_id=cmpl-8ee2468f89bac751-0-99fc392a, prefetch_request_id=-1) [3m(storage_manager.py:716:lmcache.v1.distributed.storage_manager)[0m
[32;20m[2026-09-22 10:55:00,242] LMCache INFO:[0m Retrieved 384 tokens in 0.002 seconds [3m(lmcache_driven_transfer.py:1427:lmcache.v1.multiprocess.modules.lmcache_driven_transfer)[0m
[32;20m[2026-09-22 10:55:00,345] LMCache INFO:[0m Stored 384 tokens in 0.002 seconds [3m(lmcache_driven_transfer.py:1218:lmcache.v1.multiprocess.modules.lmcache_driven_transfer)[0m
[32;20m[2026-09-22 10:55:00,420] LMCache INFO:[0m Stored 384 tokens in 0.003 seconds [3m(lmcache_driven_transfer.py:1218:lmcache.v1.multiprocess.modules.lmcache_driven_transfer)[0m
[32;20m[2026-09-22 10:55:00,509] LMCache INFO:[0m Stored 368 tokens in 0.003 seconds [3m(lmcache_driven_transfer.py:1218:lmcache.v1.multiprocess.modules.lmcache_driven_transfer)[0m
[32;20m[2026-09-22 10:55:00,592] LMCache INFO:[0m Stored 384 tokens in 0.003 seconds [3m(lmcache_driven_transfer.py:1218:lmcache.v1.multiprocess.modules.lmcache_driven_transfer)[0m
[32;20m[2026-09-22 10:55:00,644] LMCache INFO:[0m Prefetch request completed (L1+L2): 24/24 retained keys (24 L1, 0 L2) in 0.9 ms (external_request_id=cmpl-9fcf1bc8c16536fb-0-afc9a4b0, prefetch_request_id=-1) [3m(storage_manager.py:716:lmcache.v1.distributed.storage_manager)[0m
[32;20m[2026-09-22 10:55:00,648] LMCache INFO:[0m Retrieved 384 tokens in 0.002 seconds [3m(lmcache_driven_transfer.py:1427:lmcache.v1.multiprocess.modules.lmcache_driven_transfer)[0m
[32;20m[2026-09-22 10:55:00,657] LMCache INFO:[0m L1 memory usage 0.86 above watermark 0.80; triggering eviction. [3m(eviction_controller.py:179:lmcache.v1.distributed.storage_controllers.eviction_controller)[0m
[32;20m[2026-09-22 10:55:00,739] LMCache INFO:[0m Stored 384 tokens in 0.003 seconds [3m(lmcache_driven_transfer.py:1218:lmcache.v1.multiprocess.modules.lmcache_driven_transfer)[0m
[32;20m[2026-09-22 10:55:00,825] LMCache INFO:[0m Stored 384 tokens in 0.003 seconds [3m(lmcache_driven_transfer.py:1218:lmcache.v1.multiprocess.modules.lmcache_driven_transfer)[0m
[32;20m[2026-09-22 10:55:00,911] LMCache INFO:[0m Stored 384 tokens in 0.003 seconds [3m(lmcache_driven_transfer.py:1218:lmcache.v1.multiprocess.modules.lmcache_driven_transfer)[0m
[32;20m[2026-09-22 10:55:01,002] LMCache INFO:[0m Stored 384 tokens in 0.003 seconds [3m(lmcache_driven_transfer.py:1218:lmcache.v1.multiprocess.modules.lmcache_driven_transfer)[0m
[32;20m[2026-09-22 10:55:01,092] LMCache INFO:[0m Stored 384 tokens in 0.003 seconds [3m(lmcache_driven_transfer.py:1218:lmcache.v1.multiprocess.modules.lmcache_driven_transfer)[0m
[32;20m[2026-09-22 10:55:01,181] LMCache INFO:[0m Stored 384 tokens in 0.003 seconds [3m(lmcache_driven_transfer.py:1218:lmcache.v1.multiprocess.modules.lmcache_driven_transfer)[0m
[32;20m[2026-09-22 10:55:01,663] LMCache INFO:[0m L1 memory usage 0.81 above watermark 0.80; triggering eviction. [3m(eviction_controller.py:179:lmcache.v1.distributed.storage_controllers.eviction_controller)[0m
[32;20m[2026-09-22 10:55:01,924] LMCache INFO:[0m Stored 384 tokens in 0.003 seconds [3m(lmcache_driven_transfer.py:1218:lmcache.v1.multiprocess.modules.lmcache_driven_transfer)[0m
[32;20m[2026-09-22 10:55:02,018] LMCache INFO:[0m Stored 384 tokens in 0.003 seconds [3m(lmcache_driven_transfer.py:1218:lmcache.v1.multiprocess.modules.lmcache_driven_transfer)[0m
[32;20m[2026-09-22 10:55:02,098] LMCache INFO:[0m Stored 384 tokens in 0.003 seconds [3m(lmcache_driven_transfer.py:1218:lmcache.v1.multiprocess.modules.lmcache_driven_transfer)[0m
[32;20m[2026-09-22 10:55:02,183] LMCache INFO:[0m Stored 368 tokens in 0.003 seconds [3m(lmcache_driven_transfer.py:1218:lmcache.v1.multiprocess.modules.lmcache_driven_transfer)[0m
[32;20m[2026-09-22 10:55:02,275] LMCache INFO:[0m Stored 384 tokens in 0.003 seconds [3m(lmcache_driven_transfer.py:1218:lmcache.v1.multiprocess.modules.lmcache_driven_transfer)[0m
[32;20m[2026-09-22 10:55:02,363] LMCache INFO:[0m Stored 384 tokens in 0.002 seconds [3m(lmcache_driven_transfer.py:1218:lmcache.v1.multiprocess.modules.lmcache_driven_transfer)[0m
[32;20m[2026-09-22 10:55:02,455] LMCache INFO:[0m Stored 384 tokens in 0.003 seconds [3m(lmcache_driven_transfer.py:1218:lmcache.v1.multiprocess.modules.lmcache_driven_transfer)[0m
[32;20m[2026-09-22 10:55:02,546] LMCache INFO:[0m Stored 384 tokens in 0.003 seconds [3m(lmcache_driven_transfer.py:1218:lmcache.v1.multiprocess.modules.lmcache_driven_transfer)[0m
[32;20m[2026-09-22 10:55:02,636] LMCache INFO:[0m Stored 384 tokens in 0.003 seconds [3m(lmcache_driven_transfer.py:1218:lmcache.v1.multiprocess.modules.lmcache_driven_transfer)[0m
[32;20m[2026-09-22 10:55:02,668] LMCache INFO:[0m L1 memory usage 0.83 above watermark 0.80; triggering eviction. [3m(eviction_controller.py:179:lmcache.v1.distributed.storage_controllers.eviction_controller)[0m
[32;20m[2026-09-22 10:55:02,724] LMCache INFO:[0m Stored 384 tokens in 0.003 seconds [3m(lmcache_driven_transfer.py:1218:lmcache.v1.multiprocess.modules.lmcache_driven_transfer)[0m
[32;20m[2026-09-22 10:55:02,815] LMCache INFO:[0m Stored 128 tokens in 0.002 seconds [3m(lmcache_driven_transfer.py:1218:lmcache.v1.multiprocess.modules.lmcache_driven_transfer)[0m
[32;20m[2026-09-22 10:55:02,862] LMCache INFO:[0m Stored 384 tokens in 0.003 seconds [3m(lmcache_driven_transfer.py:1218:lmcache.v1.multiprocess.modules.lmcache_driven_transfer)[0m
[32;20m[2026-09-22 10:55:03,648] LMCache INFO:[0m Prefetch request completed (L1+L2): 24/24 retained keys (24 L1, 0 L2) in 1.1 ms (external_request_id=cmpl-b02fa0195f586c4c-0-bfbf7646, prefetch_request_id=-1) [3m(storage_manager.py:716:lmcache.v1.distributed.storage_manager)[0m
[32;20m[2026-09-22 10:55:03,653] LMCache INFO:[0m Retrieved 384 tokens in 0.002 seconds [3m(lmcache_driven_transfer.py:1427:lmcache.v1.multiprocess.modules.lmcache_driven_transfer)[0m
[32;20m[2026-09-22 10:55:03,758] LMCache INFO:[0m Stored 384 tokens in 0.003 seconds [3m(lmcache_driven_transfer.py:1218:lmcache.v1.multiprocess.modules.lmcache_driven_transfer)[0m
[32;20m[2026-09-22 10:55:03,838] LMCache INFO:[0m Stored 384 tokens in 0.003 seconds [3m(lmcache_driven_transfer.py:1218:lmcache.v1.multiprocess.modules.lmcache_driven_transfer)[0m
[32;20m[2026-09-22 10:55:03,926] LMCache INFO:[0m Stored 384 tokens in 0.003 seconds [3m(lmcache_driven_transfer.py:1218:lmcache.v1.multiprocess.modules.lmcache_driven_transfer)[0m
[32;20m[2026-09-22 10:55:04,016] LMCache INFO:[0m Stored 384 tokens in 0.003 seconds [3m(lmcache_driven_transfer.py:1218:lmcache.v1.multiprocess.modules.lmcache_driven_transfer)[0m
[32;20m[2026-09-22 10:55:04,105] LMCache INFO:[0m Stored 384 tokens in 0.002 seconds [3m(lmcache_driven_transfer.py:1218:lmcache.v1.multiprocess.modules.lmcache_driven_transfer)[0m
[32;20m[2026-09-22 10:55:04,194] LMCache INFO:[0m Stored 384 tokens in 0.003 seconds [3m(lmcache_driven_transfer.py:1218:lmcache.v1.multiprocess.modules.lmcache_driven_transfer)[0m
[32;20m[2026-09-22 10:55:04,280] LMCache INFO:[0m Stored 384 tokens in 0.003 seconds [3m(lmcache_driven_transfer.py:1218:lmcache.v1.multiprocess.modules.lmcache_driven_transfer)[0m
[32;20m[2026-09-22 10:55:04,367] LMCache INFO:[0m Stored 384 tokens in 0.003 seconds [3m(lmcache_driven_transfer.py:1218:lmcache.v1.multiprocess.modules.lmcache_driven_transfer)[0m
[32;20m[2026-09-22 10:55:04,457] LMCache INFO:[0m Stored 384 tokens in 0.003 seconds [3m(lmcache_driven_transfer.py:1218:lmcache.v1.multiprocess.modules.lmcache_driven_transfer)[0m
[32;20m[2026-09-22 10:55:04,553] LMCache INFO:[0m Stored 384 tokens in 0.005 seconds [3m(lmcache_driven_transfer.py:1218:lmcache.v1.multiprocess.modules.lmcache_driven_transfer)[0m
[32;20m[2026-09-22 10:55:04,640] LMCache INFO:[0m Stored 384 tokens in 0.003 seconds [3m(lmcache_driven_transfer.py:1218:lmcache.v1.multiprocess.modules.lmcache_driven_transfer)[0m
[32;20m[2026-09-22 10:55:04,673] LMCache INFO:[0m L1 memory usage 0.95 above watermark 0.80; triggering eviction. [3m(eviction_controller.py:179:lmcache.v1.distributed.storage_controllers.eviction_controller)[0m
[32;20m[2026-09-22 10:55:05,391] LMCache INFO:[0m Prefetch request completed (L1+L2): 24/24 retained keys (24 L1, 0 L2) in 1.2 ms (external_request_id=cmpl-981ca9c78a0d9137-0-855c7fca, prefetch_request_id=-1) [3m(storage_manager.py:716:lmcache.v1.distributed.storage_manager)[0m
[32;20m[2026-09-22 10:55:05,396] LMCache INFO:[0m Retrieved 384 tokens in 0.002 seconds [3m(lmcache_driven_transfer.py:1427:lmcache.v1.multiprocess.modules.lmcache_driven_transfer)[0m
[32;20m[2026-09-22 10:55:05,502] LMCache INFO:[0m Stored 384 tokens in 0.003 seconds [3m(lmcache_driven_transfer.py:1218:lmcache.v1.multiprocess.modules.lmcache_driven_transfer)[0m
[32;20m[2026-09-22 10:55:05,581] LMCache INFO:[0m Stored 384 tokens in 0.003 seconds [3m(lmcache_driven_transfer.py:1218:lmcache.v1.multiprocess.modules.lmcache_driven_transfer)[0m
[32;20m[2026-09-22 10:55:05,670] LMCache INFO:[0m Stored 384 tokens in 0.003 seconds [3m(lmcache_driven_transfer.py:1218:lmcache.v1.multiprocess.modules.lmcache_driven_transfer)[0m
[32;20m[2026-09-22 10:55:05,679] LMCache INFO:[0m L1 memory usage: 0.41/0.50 GiB (82.2%) [3m(eviction_controller.py:153:lmcache.v1.distributed.storage_controllers.eviction_controller)[0m
[32;20m[2026-09-22 10:55:05,679] LMCache INFO:[0m L1 memory usage 0.82 above watermark 0.80; triggering eviction. [3m(eviction_controller.py:179:lmcache.v1.distributed.storage_controllers.eviction_controller)[0m
[32;20m[2026-09-22 10:55:05,684] LMCache INFO:[0m L0<->L1 stats [cuda:0] last 10.0s: store ops=55 tokens=20320 size=0.58GB avg_copy=6.86GB/s | retrieve ops=15 tokens=5584 size=0.16GB avg_copy=4.21GB/s [3m(extra_stats.py:159:lmcache.v1.mp_observability.subscribers.logging.extra_stats)[0m
[32;20m[2026-09-22 10:55:05,684] LMCache INFO:[0m L0<->L1 stats [cuda:0] cumulative: store ops=92 tokens=34208 size=0.98GB avg_copy=6.88GB/s | retrieve ops=18 tokens=6720 size=0.19GB avg_copy=4.22GB/s [3m(extra_stats.py:168:lmcache.v1.mp_observability.subscribers.logging.extra_stats)[0m
[32;20m[2026-09-22 10:55:05,761] LMCache INFO:[0m Stored 368 tokens in 0.003 seconds [3m(lmcache_driven_transfer.py:1218:lmcache.v1.multiprocess.modules.lmcache_driven_transfer)[0m
[32;20m[2026-09-22 10:55:05,847] LMCache INFO:[0m Stored 384 tokens in 0.003 seconds [3m(lmcache_driven_transfer.py:1218:lmcache.v1.multiprocess.modules.lmcache_driven_transfer)[0m
[32;20m[2026-09-22 10:55:05,937] LMCache INFO:[0m Stored 384 tokens in 0.003 seconds [3m(lmcache_driven_transfer.py:1218:lmcache.v1.multiprocess.modules.lmcache_driven_transfer)[0m
[32;20m[2026-09-22 10:55:06,025] LMCache INFO:[0m Stored 384 tokens in 0.003 seconds [3m(lmcache_driven_transfer.py:1218:lmcache.v1.multiprocess.modules.lmcache_driven_transfer)[0m
[32;20m[2026-09-22 10:55:06,116] LMCache INFO:[0m Stored 384 tokens in 0.003 seconds [3m(lmcache_driven_transfer.py:1218:lmcache.v1.multiprocess.modules.lmcache_driven_transfer)[0m
[32;20m[2026-09-22 10:55:06,203] LMCache INFO:[0m Stored 384 tokens in 0.003 seconds [3m(lmcache_driven_transfer.py:1218:lmcache.v1.multiprocess.modules.lmcache_driven_transfer)[0m
[32;20m[2026-09-22 10:55:06,291] LMCache INFO:[0m Stored 320 tokens in 0.004 seconds [3m(lmcache_driven_transfer.py:1218:lmcache.v1.multiprocess.modules.lmcache_driven_transfer)[0m
[32;20m[2026-09-22 10:55:06,335] LMCache INFO:[0m Prefetch request completed (L1+L2): 24/24 retained keys (24 L1, 0 L2) in 1.0 ms (external_request_id=cmpl-b23d68e60053e1ae-0-8fb6f9e6, prefetch_request_id=-1) [3m(storage_manager.py:716:lmcache.v1.distributed.storage_manager)[0m
[32;20m[2026-09-22 10:55:06,340] LMCache INFO:[0m Retrieved 384 tokens in 0.002 seconds [3m(lmcache_driven_transfer.py:1427:lmcache.v1.multiprocess.modules.lmcache_driven_transfer)[0m
[32;20m[2026-09-22 10:55:06,684] LMCache INFO:[0m L1 memory usage 0.80 above watermark 0.80; triggering eviction. [3m(eviction_controller.py:179:lmcache.v1.distributed.storage_controllers.eviction_controller)[0m
[32;20m[2026-09-22 10:55:07,133] LMCache INFO:[0m Prefetch request completed (L1+L2): 24/24 retained keys (24 L1, 0 L2) in 1.0 ms (external_request_id=cmpl-887988e42f5c7c6b-0-b9953512, prefetch_request_id=-1) [3m(storage_manager.py:716:lmcache.v1.distributed.storage_manager)[0m
[32;20m[2026-09-22 10:55:07,138] LMCache INFO:[0m Retrieved 384 tokens in 0.002 seconds [3m(lmcache_driven_transfer.py:1427:lmcache.v1.multiprocess.modules.lmcache_driven_transfer)[0m
[32;20m[2026-09-22 10:55:07,240] LMCache INFO:[0m Stored 384 tokens in 0.003 seconds [3m(lmcache_driven_transfer.py:1218:lmcache.v1.multiprocess.modules.lmcache_driven_transfer)[0m
[32;20m[2026-09-22 10:55:07,321] LMCache INFO:[0m Stored 384 tokens in 0.003 seconds [3m(lmcache_driven_transfer.py:1218:lmcache.v1.multiprocess.modules.lmcache_driven_transfer)[0m
[32;20m[2026-09-22 10:55:07,408] LMCache INFO:[0m Stored 384 tokens in 0.003 seconds [3m(lmcache_driven_transfer.py:1218:lmcache.v1.multiprocess.modules.lmcache_driven_transfer)[0m
[32;20m[2026-09-22 10:55:07,499] LMCache INFO:[0m Stored 384 tokens in 0.003 seconds [3m(lmcache_driven_transfer.py:1218:lmcache.v1.multiprocess.modules.lmcache_driven_transfer)[0m
[32;20m[2026-09-22 10:55:07,589] LMCache INFO:[0m Stored 384 tokens in 0.003 seconds [3m(lmcache_driven_transfer.py:1218:lmcache.v1.multiprocess.modules.lmcache_driven_transfer)[0m
[32;20m[2026-09-22 10:55:07,676] LMCache INFO:[0m Stored 384 tokens in 0.003 seconds [3m(lmcache_driven_transfer.py:1218:lmcache.v1.multiprocess.modules.lmcache_driven_transfer)[0m
[32;20m[2026-09-22 10:55:07,766] LMCache INFO:[0m Stored 384 tokens in 0.003 seconds [3m(lmcache_driven_transfer.py:1218:lmcache.v1.multiprocess.modules.lmcache_driven_transfer)[0m
[32;20m[2026-09-22 10:55:07,857] LMCache INFO:[0m Stored 384 tokens in 0.003 seconds [3m(lmcache_driven_transfer.py:1218:lmcache.v1.multiprocess.modules.lmcache_driven_transfer)[0m
[32;20m[2026-09-22 10:55:07,950] LMCache INFO:[0m Stored 384 tokens in 0.002 seconds [3m(lmcache_driven_transfer.py:1218:lmcache.v1.multiprocess.modules.lmcache_driven_transfer)[0m
[32;20m[2026-09-22 10:55:08,037] LMCache INFO:[0m Stored 384 tokens in 0.003 seconds [3m(lmcache_driven_transfer.py:1218:lmcache.v1.multiprocess.modules.lmcache_driven_transfer)[0m
[32;20m[2026-09-22 10:55:08,124] LMCache INFO:[0m Stored 384 tokens in 0.003 seconds [3m(lmcache_driven_transfer.py:1218:lmcache.v1.multiprocess.modules.lmcache_driven_transfer)[0m
[32;20m[2026-09-22 10:55:08,689] LMCache INFO:[0m L1 memory usage 0.87 above watermark 0.80; triggering eviction. [3m(eviction_controller.py:179:lmcache.v1.distributed.storage_controllers.eviction_controller)[0m
[32;20m[2026-09-22 10:55:08,874] LMCache INFO:[0m Prefetch request completed (L1+L2): 24/24 retained keys (24 L1, 0 L2) in 1.0 ms (external_request_id=cmpl-b454c7725ab07947-0-beb8980a, prefetch_request_id=-1) [3m(storage_manager.py:716:lmcache.v1.distributed.storage_manager)[0m
[32;20m[2026-09-22 10:55:08,878] LMCache INFO:[0m Retrieved 384 tokens in 0.002 seconds [3m(lmcache_driven_transfer.py:1427:lmcache.v1.multiprocess.modules.lmcache_driven_transfer)[0m
[32;20m[2026-09-22 10:55:08,982] LMCache INFO:[0m Stored 384 tokens in 0.003 seconds [3m(lmcache_driven_transfer.py:1218:lmcache.v1.multiprocess.modules.lmcache_driven_transfer)[0m
[32;20m[2026-09-22 10:55:09,059] LMCache INFO:[0m Stored 384 tokens in 0.003 seconds [3m(lmcache_driven_transfer.py:1218:lmcache.v1.multiprocess.modules.lmcache_driven_transfer)[0m
[32;20m[2026-09-22 10:55:09,149] LMCache INFO:[0m Stored 384 tokens in 0.003 seconds [3m(lmcache_driven_transfer.py:1218:lmcache.v1.multiprocess.modules.lmcache_driven_transfer)[0m
[32;20m[2026-09-22 10:55:09,239] LMCache INFO:[0m Stored 384 tokens in 0.003 seconds [3m(lmcache_driven_transfer.py:1218:lmcache.v1.multiprocess.modules.lmcache_driven_transfer)[0m
[32;20m[2026-09-22 10:55:09,329] LMCache INFO:[0m Stored 384 tokens in 0.003 seconds [3m(lmcache_driven_transfer.py:1218:lmcache.v1.multiprocess.modules.lmcache_driven_transfer)[0m
[32;20m[2026-09-22 10:55:09,421] LMCache INFO:[0m Stored 384 tokens in 0.003 seconds [3m(lmcache_driven_transfer.py:1218:lmcache.v1.multiprocess.modules.lmcache_driven_transfer)[0m
[32;20m[2026-09-22 10:55:09,508] LMCache INFO:[0m Stored 384 tokens in 0.003 seconds [3m(lmcache_driven_transfer.py:1218:lmcache.v1.multiprocess.modules.lmcache_driven_transfer)[0m
[32;20m[2026-09-22 10:55:09,598] LMCache INFO:[0m Stored 384 tokens in 0.003 seconds [3m(lmcache_driven_transfer.py:1218:lmcache.v1.multiprocess.modules.lmcache_driven_transfer)[0m
[32;20m[2026-09-22 10:55:09,690] LMCache INFO:[0m Stored 384 tokens in 0.003 seconds [3m(lmcache_driven_transfer.py:1218:lmcache.v1.multiprocess.modules.lmcache_driven_transfer)[0m
[32;20m[2026-09-22 10:55:09,695] LMCache INFO:[0m L1 memory usage 0.88 above watermark 0.80; triggering eviction. [3m(eviction_controller.py:179:lmcache.v1.distributed.storage_controllers.eviction_controller)[0m
[32;20m[2026-09-22 10:55:09,780] LMCache INFO:[0m Stored 384 tokens in 0.003 seconds [3m(lmcache_driven_transfer.py:1218:lmcache.v1.multiprocess.modules.lmcache_driven_transfer)[0m
[32;20m[2026-09-22 10:55:09,868] LMCache INFO:[0m Stored 272 tokens in 0.003 seconds [3m(lmcache_driven_transfer.py:1218:lmcache.v1.multiprocess.modules.lmcache_driven_transfer)[0m
[32;20m[2026-09-22 10:55:10,525] LMCache INFO:[0m Prefetch request completed (L1+L2): 24/24 retained keys (24 L1, 0 L2) in 1.2 ms (external_request_id=cmpl-aa9909f7f322a1b7-0-a30fdcb7, prefetch_request_id=-1) [3m(storage_manager.py:716:lmcache.v1.distributed.storage_manager)[0m
[32;20m[2026-09-22 10:55:10,529] LMCache INFO:[0m Retrieved 384 tokens in 0.002 seconds [3m(lmcache_driven_transfer.py:1427:lmcache.v1.multiprocess.modules.lmcache_driven_transfer)[0m
[32;20m[2026-09-22 10:55:10,630] LMCache INFO:[0m Stored 384 tokens in 0.002 seconds [3m(lmcache_driven_transfer.py:1218:lmcache.v1.multiprocess.modules.lmcache_driven_transfer)[0m
[32;20m[2026-09-22 10:55:10,705] LMCache INFO:[0m Stored 384 tokens in 0.003 seconds [3m(lmcache_driven_transfer.py:1218:lmcache.v1.multiprocess.modules.lmcache_driven_transfer)[0m
[32;20m[2026-09-22 10:55:10,797] LMCache INFO:[0m Stored 384 tokens in 0.003 seconds [3m(lmcache_driven_transfer.py:1218:lmcache.v1.multiprocess.modules.lmcache_driven_transfer)[0m
[32;20m[2026-09-22 10:55:10,891] LMCache INFO:[0m Stored 384 tokens in 0.003 seconds [3m(lmcache_driven_transfer.py:1218:lmcache.v1.multiprocess.modules.lmcache_driven_transfer)[0m
[32;20m[2026-09-22 10:55:10,983] LMCache INFO:[0m Stored 384 tokens in 0.002 seconds [3m(lmcache_driven_transfer.py:1218:lmcache.v1.multiprocess.modules.lmcache_driven_transfer)[0m
[32;20m[2026-09-22 10:55:11,075] LMCache INFO:[0m Stored 384 tokens in 0.003 seconds [3m(lmcache_driven_transfer.py:1218:lmcache.v1.multiprocess.modules.lmcache_driven_transfer)[0m
[32;20m[2026-09-22 10:55:11,165] LMCache INFO:[0m Stored 384 tokens in 0.002 seconds [3m(lmcache_driven_transfer.py:1218:lmcache.v1.multiprocess.modules.lmcache_driven_transfer)[0m
[32;20m[2026-09-22 10:55:11,252] LMCache INFO:[0m Stored 368 tokens in 0.003 seconds [3m(lmcache_driven_transfer.py:1218:lmcache.v1.multiprocess.modules.lmcache_driven_transfer)[0m
[32;20m[2026-09-22 10:55:11,338] LMCache INFO:[0m Stored 384 tokens in 0.003 seconds [3m(lmcache_driven_transfer.py:1218:lmcache.v1.multiprocess.modules.lmcache_driven_transfer)[0m
[32;20m[2026-09-22 10:55:11,432] LMCache INFO:[0m Stored 384 tokens in 0.003 seconds [3m(lmcache_driven_transfer.py:1218:lmcache.v1.multiprocess.modules.lmcache_driven_transfer)[0m
[32;20m[2026-09-22 10:55:11,517] LMCache INFO:[0m Stored 384 tokens in 0.003 seconds [3m(lmcache_driven_transfer.py:1218:lmcache.v1.multiprocess.modules.lmcache_driven_transfer)[0m
[32;20m[2026-09-22 10:55:11,700] LMCache INFO:[0m L1 memory usage 0.97 above watermark 0.80; triggering eviction. [3m(eviction_controller.py:179:lmcache.v1.distributed.storage_controllers.eviction_controller)[0m
[32;20m[2026-09-22 10:55:12,303] LMCache INFO:[0m Stored 368 tokens in 0.002 seconds [3m(lmcache_driven_transfer.py:1218:lmcache.v1.multiprocess.modules.lmcache_driven_transfer)[0m
[32;20m[2026-09-22 10:55:12,360] LMCache INFO:[0m Prefetch request completed (L1+L2): 24/24 retained keys (24 L1, 0 L2) in 1.1 ms (external_request_id=cmpl-87bb70165c4c99d9-0-b3704e5c, prefetch_request_id=-1) [3m(storage_manager.py:716:lmcache.v1.distributed.storage_manager)[0m
[32;20m[2026-09-22 10:55:12,365] LMCache INFO:[0m Prefetch request completed (L1+L2): 24/24 retained keys (24 L1, 0 L2) in 1.1 ms (external_request_id=cmpl-a78e1a545b85dfca-0-b318c067, prefetch_request_id=-1) [3m(storage_manager.py:716:lmcache.v1.distributed.storage_manager)[0m
[32;20m[2026-09-22 10:55:12,367] LMCache INFO:[0m Retrieved 384 tokens in 0.004 seconds [3m(lmcache_driven_transfer.py:1427:lmcache.v1.multiprocess.modules.lmcache_driven_transfer)[0m
[32;20m[2026-09-22 10:55:12,372] LMCache INFO:[0m Retrieved 384 tokens in 0.004 seconds [3m(lmcache_driven_transfer.py:1427:lmcache.v1.multiprocess.modules.lmcache_driven_transfer)[0m
[32;20m[2026-09-22 10:55:12,447] LMCache INFO:[0m Prefetch request completed (L1+L2): 24/24 retained keys (24 L1, 0 L2) in 1.0 ms (external_request_id=cmpl-aa3cb32729fc735e-0-8b2003ea, prefetch_request_id=-1) [3m(storage_manager.py:716:lmcache.v1.distributed.storage_manager)[0m
[32;20m[2026-09-22 10:55:12,452] LMCache INFO:[0m Retrieved 384 tokens in 0.002 seconds [3m(lmcache_driven_transfer.py:1427:lmcache.v1.multiprocess.modules.lmcache_driven_transfer)[0m
[32;20m[2026-09-22 10:55:12,501] LMCache INFO:[0m Prefetch request completed (L1+L2): 24/24 retained keys (24 L1, 0 L2) in 0.9 ms (external_request_id=cmpl-87bf58b955c51ac3-0-86eef619, prefetch_request_id=-1) [3m(storage_manager.py:716:lmcache.v1.distributed.storage_manager)[0m
[32;20m[2026-09-22 10:55:12,505] LMCache INFO:[0m Retrieved 384 tokens in 0.002 seconds [3m(lmcache_driven_transfer.py:1427:lmcache.v1.multiprocess.modules.lmcache_driven_transfer)[0m
[32;20m[2026-09-22 10:55:12,553] LMCache INFO:[0m Prefetch request completed (L1+L2): 24/24 retained keys (24 L1, 0 L2) in 1.0 ms (external_request_id=cmpl-93cd65e58ee258d3-0-9fbc914a, prefetch_request_id=-1) [3m(storage_manager.py:716:lmcache.v1.distributed.storage_manager)[0m
[32;20m[2026-09-22 10:55:12,558] LMCache INFO:[0m Retrieved 384 tokens in 0.002 seconds [3m(lmcache_driven_transfer.py:1427:lmcache.v1.multiprocess.modules.lmcache_driven_transfer)[0m
[32;20m[2026-09-22 10:55:12,648] LMCache INFO:[0m Stored 384 tokens in 0.003 seconds [3m(lmcache_driven_transfer.py:1218:lmcache.v1.multiprocess.modules.lmcache_driven_transfer)[0m
[32;20m[2026-09-22 10:55:12,689] LMCache INFO:[0m Prefetch request completed (L1+L2): 24/24 retained keys (24 L1, 0 L2) in 1.0 ms (external_request_id=cmpl-853fc17434ddeb57-0-9b9fe7c9, prefetch_request_id=-1) [3m(storage_manager.py:716:lmcache.v1.distributed.storage_manager)[0m
[32;20m[2026-09-22 10:55:12,694] LMCache INFO:[0m Retrieved 384 tokens in 0.002 seconds [3m(lmcache_driven_transfer.py:1427:lmcache.v1.multiprocess.modules.lmcache_driven_transfer)[0m
[32;20m[2026-09-22 10:55:12,706] LMCache INFO:[0m L1 memory usage 0.81 above watermark 0.80; triggering eviction. [3m(eviction_controller.py:179:lmcache.v1.distributed.storage_controllers.eviction_controller)[0m
[32;20m[2026-09-22 10:55:12,782] LMCache INFO:[0m Stored 384 tokens in 0.003 seconds [3m(lmcache_driven_transfer.py:1218:lmcache.v1.multiprocess.modules.lmcache_driven_transfer)[0m
[32;20m[2026-09-22 10:55:12,868] LMCache INFO:[0m Stored 384 tokens in 0.003 seconds [3m(lmcache_driven_transfer.py:1218:lmcache.v1.multiprocess.modules.lmcache_driven_transfer)[0m
[32;20m[2026-09-22 10:55:12,955] LMCache INFO:[0m Stored 336 tokens in 0.003 seconds [3m(lmcache_driven_transfer.py:1218:lmcache.v1.multiprocess.modules.lmcache_driven_transfer)[0m
[32;20m[2026-09-22 10:55:13,038] LMCache INFO:[0m Stored 384 tokens in 0.003 seconds [3m(lmcache_driven_transfer.py:1218:lmcache.v1.multiprocess.modules.lmcache_driven_transfer)[0m
[32;20m[2026-09-22 10:55:13,990] LMCache INFO:[0m Stored 208 tokens in 0.002 seconds [3m(lmcache_driven_transfer.py:1218:lmcache.v1.multiprocess.modules.lmcache_driven_transfer)[0m
[32;20m[2026-09-22 10:55:14,056] LMCache INFO:[0m Stored 384 tokens in 0.003 seconds [3m(lmcache_driven_transfer.py:1218:lmcache.v1.multiprocess.modules.lmcache_driven_transfer)[0m
[32;20m[2026-09-22 10:55:14,098] LMCache INFO:[0m Prefetch request completed (L1+L2): 23/23 retained keys (23 L1, 0 L2) in 1.0 ms (external_request_id=cmpl-81c4bfa74a34d260-0-850a9375, prefetch_request_id=-1) [3m(storage_manager.py:716:lmcache.v1.distributed.storage_manager)[0m
[32;20m[2026-09-22 10:55:14,104] LMCache INFO:[0m Retrieved 368 tokens in 0.003 seconds [3m(lmcache_driven_transfer.py:1427:lmcache.v1.multiprocess.modules.lmcache_driven_transfer)[0m
[32;20m[2026-09-22 10:55:14,190] LMCache INFO:[0m Stored 384 tokens in 0.003 seconds [3m(lmcache_driven_transfer.py:1218:lmcache.v1.multiprocess.modules.lmcache_driven_transfer)[0m
[32;20m[2026-09-22 10:55:14,277] LMCache INFO:[0m Stored 384 tokens in 0.004 seconds [3m(lmcache_driven_transfer.py:1218:lmcache.v1.multiprocess.modules.lmcache_driven_transfer)[0m
[32;20m[2026-09-22 10:55:14,368] LMCache INFO:[0m Stored 384 tokens in 0.003 seconds [3m(lmcache_driven_transfer.py:1218:lmcache.v1.multiprocess.modules.lmcache_driven_transfer)[0m
[32;20m[2026-09-22 10:55:14,456] LMCache INFO:[0m Stored 368 tokens in 0.003 seconds [3m(lmcache_driven_transfer.py:1218:lmcache.v1.multiprocess.modules.lmcache_driven_transfer)[0m
[32;20m[2026-09-22 10:55:14,546] LMCache INFO:[0m Stored 384 tokens in 0.003 seconds [3m(lmcache_driven_transfer.py:1218:lmcache.v1.multiprocess.modules.lmcache_driven_transfer)[0m
[32;20m[2026-09-22 10:55:14,641] LMCache INFO:[0m Stored 368 tokens in 0.003 seconds [3m(lmcache_driven_transfer.py:1218:lmcache.v1.multiprocess.modules.lmcache_driven_transfer)[0m
[32;20m[2026-09-22 10:55:14,711] LMCache INFO:[0m L1 memory usage 0.88 above watermark 0.80; triggering eviction. [3m(eviction_controller.py:179:lmcache.v1.distributed.storage_controllers.eviction_controller)[0m
[32;20m[2026-09-22 10:55:14,731] LMCache INFO:[0m Stored 384 tokens in 0.003 seconds [3m(lmcache_driven_transfer.py:1218:lmcache.v1.multiprocess.modules.lmcache_driven_transfer)[0m
[32;20m[2026-09-22 10:55:14,823] LMCache INFO:[0m Stored 192 tokens in 0.002 seconds [3m(lmcache_driven_transfer.py:1218:lmcache.v1.multiprocess.modules.lmcache_driven_transfer)[0m
[32;20m[2026-09-22 10:55:14,835] LMCache INFO:[0m Prefetch request completed (L1+L2): 24/24 retained keys (24 L1, 0 L2) in 1.0 ms (external_request_id=cmpl-ae6f4bbdb60c0cbd-0-a95f5cca, prefetch_request_id=-1) [3m(storage_manager.py:716:lmcache.v1.distributed.storage_manager)[0m
[32;20m[2026-09-22 10:55:14,840] LMCache INFO:[0m Retrieved 384 tokens in 0.002 seconds [3m(lmcache_driven_transfer.py:1427:lmcache.v1.multiprocess.modules.lmcache_driven_transfer)[0m
[32;20m[2026-09-22 10:55:15,604] LMCache INFO:[0m Prefetch request completed (L1+L2): 24/24 retained keys (24 L1, 0 L2) in 1.1 ms (external_request_id=cmpl-b06f628fe779c1d3-0-bbbf3ce9, prefetch_request_id=-1) [3m(storage_manager.py:716:lmcache.v1.distributed.storage_manager)[0m
[32;20m[2026-09-22 10:55:15,609] LMCache INFO:[0m Retrieved 384 tokens in 0.002 seconds [3m(lmcache_driven_transfer.py:1427:lmcache.v1.multiprocess.modules.lmcache_driven_transfer)[0m
[32;20m[2026-09-22 10:55:15,715] LMCache INFO:[0m Stored 384 tokens in 0.003 seconds [3m(lmcache_driven_transfer.py:1218:lmcache.v1.multiprocess.modules.lmcache_driven_transfer)[0m
[32;20m[2026-09-22 10:55:15,718] LMCache INFO:[0m L1 memory usage: 0.38/0.50 GiB (75.9%) [3m(eviction_controller.py:153:lmcache.v1.distributed.storage_controllers.eviction_controller)[0m
[32;20m[2026-09-22 10:55:15,718] LMCache INFO:[0m L0<->L1 stats [cuda:0] last 10.0s: store ops=57 tokens=21216 size=0.61GB avg_copy=7.18GB/s | retrieve ops=13 tokens=4976 size=0.14GB avg_copy=3.98GB/s [3m(extra_stats.py:159:lmcache.v1.mp_observability.subscribers.logging.extra_stats)[0m
[32;20m[2026-09-22 10:55:15,718] LMCache INFO:[0m L0<->L1 stats [cuda:0] cumulative: store ops=149 tokens=55424 size=1.59GB avg_copy=6.99GB/s | retrieve ops=31 tokens=11696 size=0.34GB avg_copy=4.11GB/s [3m(extra_stats.py:168:lmcache.v1.mp_observability.subscribers.logging.extra_stats)[0m
[32;20m[2026-09-22 10:55:15,792] LMCache INFO:[0m Stored 384 tokens in 0.003 seconds [3m(lmcache_driven_transfer.py:1218:lmcache.v1.multiprocess.modules.lmcache_driven_transfer)[0m
[32;20m[2026-09-22 10:55:15,891] LMCache INFO:[0m Stored 384 tokens in 0.003 seconds [3m(lmcache_driven_transfer.py:1218:lmcache.v1.multiprocess.modules.lmcache_driven_transfer)[0m
[32;20m[2026-09-22 10:55:15,980] LMCache INFO:[0m Stored 384 tokens in 0.003 seconds [3m(lmcache_driven_transfer.py:1218:lmcache.v1.multiprocess.modules.lmcache_driven_transfer)[0m
[32;20m[2026-09-22 10:55:16,069] LMCache INFO:[0m Stored 384 tokens in 0.002 seconds [3m(lmcache_driven_transfer.py:1218:lmcache.v1.multiprocess.modules.lmcache_driven_transfer)[0m
[32;20m[2026-09-22 10:55:16,155] LMCache INFO:[0m Stored 384 tokens in 0.003 seconds [3m(lmcache_driven_transfer.py:1218:lmcache.v1.multiprocess.modules.lmcache_driven_transfer)[0m
[32;20m[2026-09-22 10:55:16,250] LMCache INFO:[0m Stored 384 tokens in 0.003 seconds [3m(lmcache_driven_transfer.py:1218:lmcache.v1.multiprocess.modules.lmcache_driven_transfer)[0m
[32;20m[2026-09-22 10:55:16,336] LMCache INFO:[0m Stored 384 tokens in 0.002 seconds [3m(lmcache_driven_transfer.py:1218:lmcache.v1.multiprocess.modules.lmcache_driven_transfer)[0m
[32;20m[2026-09-22 10:55:16,429] LMCache INFO:[0m Stored 384 tokens in 0.003 seconds [3m(lmcache_driven_transfer.py:1218:lmcache.v1.multiprocess.modules.lmcache_driven_transfer)[0m
[32;20m[2026-09-22 10:55:16,520] LMCache INFO:[0m Stored 384 tokens in 0.003 seconds [3m(lmcache_driven_transfer.py:1218:lmcache.v1.multiprocess.modules.lmcache_driven_transfer)[0m
[32;20m[2026-09-22 10:55:16,614] LMCache INFO:[0m Stored 384 tokens in 0.002 seconds [3m(lmcache_driven_transfer.py:1218:lmcache.v1.multiprocess.modules.lmcache_driven_transfer)[0m
[32;20m[2026-09-22 10:55:16,718] LMCache INFO:[0m L1 memory usage 0.96 above watermark 0.80; triggering eviction. [3m(eviction_controller.py:179:lmcache.v1.distributed.storage_controllers.eviction_controller)[0m
[32;20m[2026-09-22 10:55:17,258] LMCache INFO:[0m Prefetch request completed (L1+L2): 24/24 retained keys (24 L1, 0 L2) in 1.1 ms (external_request_id=cmpl-9db43831909fb1e8-0-a3a25aa5, prefetch_request_id=-1) [3m(storage_manager.py:716:lmcache.v1.distributed.storage_manager)[0m
[32;20m[2026-09-22 10:55:17,263] LMCache INFO:[0m Retrieved 384 tokens in 0.002 seconds [3m(lmcache_driven_transfer.py:1427:lmcache.v1.multiprocess.modules.lmcache_driven_transfer)[0m
[32;20m[2026-09-22 10:55:17,365] LMCache INFO:[0m Stored 384 tokens in 0.003 seconds [3m(lmcache_driven_transfer.py:1218:lmcache.v1.multiprocess.modules.lmcache_driven_transfer)[0m
[32;20m[2026-09-22 10:55:17,442] LMCache INFO:[0m Stored 384 tokens in 0.003 seconds [3m(lmcache_driven_transfer.py:1218:lmcache.v1.multiprocess.modules.lmcache_driven_transfer)[0m
[32;20m[2026-09-22 10:55:17,534] LMCache INFO:[0m Stored 384 tokens in 0.003 seconds [3m(lmcache_driven_transfer.py:1218:lmcache.v1.multiprocess.modules.lmcache_driven_transfer)[0m
[32;20m[2026-09-22 10:55:17,624] LMCache INFO:[0m Stored 384 tokens in 0.002 seconds [3m(lmcache_driven_transfer.py:1218:lmcache.v1.multiprocess.modules.lmcache_driven_transfer)[0m
[32;20m[2026-09-22 10:55:17,720] LMCache INFO:[0m Stored 384 tokens in 0.004 seconds [3m(lmcache_driven_transfer.py:1218:lmcache.v1.multiprocess.modules.lmcache_driven_transfer)[0m
[32;20m[2026-09-22 10:55:17,724] LMCache INFO:[0m L1 memory usage 0.87 above watermark 0.80; triggering eviction. [3m(eviction_controller.py:179:lmcache.v1.distributed.storage_controllers.eviction_controller)[0m
[32;20m[2026-09-22 10:55:17,804] LMCache INFO:[0m Stored 384 tokens in 0.003 seconds [3m(lmcache_driven_transfer.py:1218:lmcache.v1.multiprocess.modules.lmcache_driven_transfer)[0m
[32;20m[2026-09-22 10:55:17,893] LMCache INFO:[0m Stored 384 tokens in 0.003 seconds [3m(lmcache_driven_transfer.py:1218:lmcache.v1.multiprocess.modules.lmcache_driven_transfer)[0m
[32;20m[2026-09-22 10:55:17,985] LMCache INFO:[0m Stored 384 tokens in 0.003 seconds [3m(lmcache_driven_transfer.py:1218:lmcache.v1.multiprocess.modules.lmcache_driven_transfer)[0m
[32;20m[2026-09-22 10:55:18,074] LMCache INFO:[0m Stored 368 tokens in 0.003 seconds [3m(lmcache_driven_transfer.py:1218:lmcache.v1.multiprocess.modules.lmcache_driven_transfer)[0m
[32;20m[2026-09-22 10:55:18,167] LMCache INFO:[0m Stored 384 tokens in 0.003 seconds [3m(lmcache_driven_transfer.py:1218:lmcache.v1.multiprocess.modules.lmcache_driven_transfer)[0m
[32;20m[2026-09-22 10:55:18,255] LMCache INFO:[0m Stored 112 tokens in 0.002 seconds [3m(lmcache_driven_transfer.py:1218:lmcache.v1.multiprocess.modules.lmcache_driven_transfer)[0m
[32;20m[2026-09-22 10:55:18,729] LMCache INFO:[0m L1 memory usage 0.81 above watermark 0.80; triggering eviction. [3m(eviction_controller.py:179:lmcache.v1.distributed.storage_controllers.eviction_controller)[0m
[32;20m[2026-09-22 10:55:18,999] LMCache INFO:[0m Prefetch request completed (L1+L2): 24/24 retained keys (24 L1, 0 L2) in 1.1 ms (external_request_id=cmpl-a940f147318f61a4-0-bb810d4a, prefetch_request_id=-1) [3m(storage_manager.py:716:lmcache.v1.distributed.storage_manager)[0m
[32;20m[2026-09-22 10:55:19,003] LMCache INFO:[0m Retrieved 384 tokens in 0.002 seconds [3m(lmcache_driven_transfer.py:1427:lmcache.v1.multiprocess.modules.lmcache_driven_transfer)[0m
[32;20m[2026-09-22 10:55:19,104] LMCache INFO:[0m Stored 384 tokens in 0.003 seconds [3m(lmcache_driven_transfer.py:1218:lmcache.v1.multiprocess.modules.lmcache_driven_transfer)[0m
[32;20m[2026-09-22 10:55:19,183] LMCache INFO:[0m Stored 384 tokens in 0.003 seconds [3m(lmcache_driven_transfer.py:1218:lmcache.v1.multiprocess.modules.lmcache_driven_transfer)[0m
[32;20m[2026-09-22 10:55:19,276] LMCache INFO:[0m Stored 384 tokens in 0.002 seconds [3m(lmcache_driven_transfer.py:1218:lmcache.v1.multiprocess.modules.lmcache_driven_transfer)[0m
[32;20m[2026-09-22 10:55:19,364] LMCache INFO:[0m Stored 368 tokens in 0.003 seconds [3m(lmcache_driven_transfer.py:1218:lmcache.v1.multiprocess.modules.lmcache_driven_transfer)[0m
[32;20m[2026-09-22 10:55:19,460] LMCache INFO:[0m Stored 384 tokens in 0.003 seconds [3m(lmcache_driven_transfer.py:1218:lmcache.v1.multiprocess.modules.lmcache_driven_transfer)[0m
[32;20m[2026-09-22 10:55:19,549] LMCache INFO:[0m Stored 384 tokens in 0.003 seconds [3m(lmcache_driven_transfer.py:1218:lmcache.v1.multiprocess.modules.lmcache_driven_transfer)[0m
[32;20m[2026-09-22 10:55:19,642] LMCache INFO:[0m Stored 384 tokens in 0.003 seconds [3m(lmcache_driven_transfer.py:1218:lmcache.v1.multiprocess.modules.lmcache_driven_transfer)[0m
[32;20m[2026-09-22 10:55:19,735] LMCache INFO:[0m L1 memory usage 0.81 above watermark 0.80; triggering eviction. [3m(eviction_controller.py:179:lmcache.v1.distributed.storage_controllers.eviction_controller)[0m
[32;20m[2026-09-22 10:55:19,742] LMCache INFO:[0m Stored 384 tokens in 0.009 seconds [3m(lmcache_driven_transfer.py:1218:lmcache.v1.multiprocess.modules.lmcache_driven_transfer)[0m
[32;20m[2026-09-22 10:55:19,829] LMCache INFO:[0m Stored 384 tokens in 0.003 seconds [3m(lmcache_driven_transfer.py:1218:lmcache.v1.multiprocess.modules.lmcache_driven_transfer)[0m
[32;20m[2026-09-22 10:55:19,922] LMCache INFO:[0m Stored 320 tokens in 0.002 seconds [3m(lmcache_driven_transfer.py:1218:lmcache.v1.multiprocess.modules.lmcache_driven_transfer)[0m
[32;20m[2026-09-22 10:55:20,003] LMCache INFO:[0m Stored 384 tokens in 0.003 seconds [3m(lmcache_driven_transfer.py:1218:lmcache.v1.multiprocess.modules.lmcache_driven_transfer)[0m
[32;20m[2026-09-22 10:55:20,741] LMCache INFO:[0m Prefetch request completed (L1+L2): 24/24 retained keys (24 L1, 0 L2) in 1.1 ms (external_request_id=cmpl-9f85c21c6bf9043a-0-8bfc5a74, prefetch_request_id=-1) [3m(storage_manager.py:716:lmcache.v1.distributed.storage_manager)[0m
[32;20m[2026-09-22 10:55:20,746] LMCache INFO:[0m Retrieved 384 tokens in 0.002 seconds [3m(lmcache_driven_transfer.py:1427:lmcache.v1.multiprocess.modules.lmcache_driven_transfer)[0m
[32;20m[2026-09-22 10:55:20,854] LMCache INFO:[0m Stored 384 tokens in 0.003 seconds [3m(lmcache_driven_transfer.py:1218:lmcache.v1.multiprocess.modules.lmcache_driven_transfer)[0m
[32;20m[2026-09-22 10:55:20,936] LMCache INFO:[0m Stored 368 tokens in 0.003 seconds [3m(lmcache_driven_transfer.py:1218:lmcache.v1.multiprocess.modules.lmcache_driven_transfer)[0m
[32;20m[2026-09-22 10:55:21,028] LMCache INFO:[0m Stored 384 tokens in 0.003 seconds [3m(lmcache_driven_transfer.py:1218:lmcache.v1.multiprocess.modules.lmcache_driven_transfer)[0m
[32;20m[2026-09-22 10:55:21,121] LMCache INFO:[0m Stored 384 tokens in 0.002 seconds [3m(lmcache_driven_transfer.py:1218:lmcache.v1.multiprocess.modules.lmcache_driven_transfer)[0m
[32;20m[2026-09-22 10:55:21,215] LMCache INFO:[0m Stored 384 tokens in 0.003 seconds [3m(lmcache_driven_transfer.py:1218:lmcache.v1.multiprocess.modules.lmcache_driven_transfer)[0m
[32;20m[2026-09-22 10:55:21,303] LMCache INFO:[0m Stored 384 tokens in 0.003 seconds [3m(lmcache_driven_transfer.py:1218:lmcache.v1.multiprocess.modules.lmcache_driven_transfer)[0m
[32;20m[2026-09-22 10:55:21,396] LMCache INFO:[0m Stored 384 tokens in 0.003 seconds [3m(lmcache_driven_transfer.py:1218:lmcache.v1.multiprocess.modules.lmcache_driven_transfer)[0m
[32;20m[2026-09-22 10:55:21,489] LMCache INFO:[0m Stored 384 tokens in 0.003 seconds [3m(lmcache_driven_transfer.py:1218:lmcache.v1.multiprocess.modules.lmcache_driven_transfer)[0m
[32;20m[2026-09-22 10:55:21,580] LMCache INFO:[0m Stored 384 tokens in 0.003 seconds [3m(lmcache_driven_transfer.py:1218:lmcache.v1.multiprocess.modules.lmcache_driven_transfer)[0m
[32;20m[2026-09-22 10:55:21,672] LMCache INFO:[0m Stored 128 tokens in 0.003 seconds [3m(lmcache_driven_transfer.py:1218:lmcache.v1.multiprocess.modules.lmcache_driven_transfer)[0m
[32;20m[2026-09-22 10:55:21,720] LMCache INFO:[0m Stored 384 tokens in 0.003 seconds [3m(lmcache_driven_transfer.py:1218:lmcache.v1.multiprocess.modules.lmcache_driven_transfer)[0m
[32;20m[2026-09-22 10:55:21,742] LMCache INFO:[0m L1 memory usage 0.92 above watermark 0.80; triggering eviction. [3m(eviction_controller.py:179:lmcache.v1.distributed.storage_controllers.eviction_controller)[0m
[32;20m[2026-09-22 10:55:22,398] LMCache INFO:[0m Prefetch request completed (L1+L2): 24/24 retained keys (24 L1, 0 L2) in 1.3 ms (external_request_id=cmpl-aead9e64b23c370e-0-81503945, prefetch_request_id=-1) [3m(storage_manager.py:716:lmcache.v1.distributed.storage_manager)[0m
[32;20m[2026-09-22 10:55:22,403] LMCache INFO:[0m Retrieved 384 tokens in 0.002 seconds [3m(lmcache_driven_transfer.py:1427:lmcache.v1.multiprocess.modules.lmcache_driven_transfer)[0m
[32;20m[2026-09-22 10:55:22,510] LMCache INFO:[0m Stored 384 tokens in 0.003 seconds [3m(lmcache_driven_transfer.py:1218:lmcache.v1.multiprocess.modules.lmcache_driven_transfer)[0m
[32;20m[2026-09-22 10:55:22,590] LMCache INFO:[0m Stored 384 tokens in 0.004 seconds [3m(lmcache_driven_transfer.py:1218:lmcache.v1.multiprocess.modules.lmcache_driven_transfer)[0m
[32;20m[2026-09-22 10:55:22,644] LMCache INFO:[0m Prefetch request completed (L1+L2): 24/24 retained keys (24 L1, 0 L2) in 1.0 ms (external_request_id=cmpl-9a1dc3f87d937d4a-0-bd675bca, prefetch_request_id=-1) [3m(storage_manager.py:716:lmcache.v1.distributed.storage_manager)[0m
[32;20m[2026-09-22 10:55:22,649] LMCache INFO:[0m Retrieved 384 tokens in 0.002 seconds [3m(lmcache_driven_transfer.py:1427:lmcache.v1.multiprocess.modules.lmcache_driven_transfer)[0m
[32;20m[2026-09-22 10:55:22,737] LMCache INFO:[0m Stored 384 tokens in 0.002 seconds [3m(lmcache_driven_transfer.py:1218:lmcache.v1.multiprocess.modules.lmcache_driven_transfer)[0m
[32;20m[2026-09-22 10:55:22,748] LMCache INFO:[0m L1 memory usage 0.80 above watermark 0.80; triggering eviction. [3m(eviction_controller.py:179:lmcache.v1.distributed.storage_controllers.eviction_controller)[0m
[32;20m[2026-09-22 10:55:22,829] LMCache INFO:[0m Stored 384 tokens in 0.003 seconds [3m(lmcache_driven_transfer.py:1218:lmcache.v1.multiprocess.modules.lmcache_driven_transfer)[0m
[32;20m[2026-09-22 10:55:22,918] LMCache INFO:[0m Stored 384 tokens in 0.003 seconds [3m(lmcache_driven_transfer.py:1218:lmcache.v1.multiprocess.modules.lmcache_driven_transfer)[0m
[32;20m[2026-09-22 10:55:23,011] LMCache INFO:[0m Stored 384 tokens in 0.003 seconds [3m(lmcache_driven_transfer.py:1218:lmcache.v1.multiprocess.modules.lmcache_driven_transfer)[0m
[32;20m[2026-09-22 10:55:23,100] LMCache INFO:[0m Stored 384 tokens in 0.003 seconds [3m(lmcache_driven_transfer.py:1218:lmcache.v1.multiprocess.modules.lmcache_driven_transfer)[0m
[32;20m[2026-09-22 10:55:23,214] LMCache INFO:[0m Stored 384 tokens in 0.004 seconds [3m(lmcache_driven_transfer.py:1218:lmcache.v1.multiprocess.modules.lmcache_driven_transfer)[0m
[32;20m[2026-09-22 10:55:23,287] LMCache INFO:[0m Stored 384 tokens in 0.002 seconds [3m(lmcache_driven_transfer.py:1218:lmcache.v1.multiprocess.modules.lmcache_driven_transfer)[0m
[32;20m[2026-09-22 10:55:23,378] LMCache INFO:[0m Stored 384 tokens in 0.002 seconds [3m(lmcache_driven_transfer.py:1218:lmcache.v1.multiprocess.modules.lmcache_driven_transfer)[0m
[32;20m[2026-09-22 10:55:24,054] LMCache INFO:[0m Prefetch request completed (L1+L2): 24/24 retained keys (24 L1, 0 L2) in 1.0 ms (external_request_id=cmpl-8a92688ef987dc6f-0-8e6f9c3c, prefetch_request_id=-1) [3m(storage_manager.py:716:lmcache.v1.distributed.storage_manager)[0m
[32;20m[2026-09-22 10:55:24,059] LMCache INFO:[0m Retrieved 384 tokens in 0.002 seconds [3m(lmcache_driven_transfer.py:1427:lmcache.v1.multiprocess.modules.lmcache_driven_transfer)[0m
[32;20m[2026-09-22 10:55:24,165] LMCache INFO:[0m Stored 384 tokens in 0.003 seconds [3m(lmcache_driven_transfer.py:1218:lmcache.v1.multiprocess.modules.lmcache_driven_transfer)[0m
[32;20m[2026-09-22 10:55:24,240] LMCache INFO:[0m Stored 384 tokens in 0.003 seconds [3m(lmcache_driven_transfer.py:1218:lmcache.v1.multiprocess.modules.lmcache_driven_transfer)[0m
[32;20m[2026-09-22 10:55:24,336] LMCache INFO:[0m Stored 384 tokens in 0.002 seconds [3m(lmcache_driven_transfer.py:1218:lmcache.v1.multiprocess.modules.lmcache_driven_transfer)[0m
[32;20m[2026-09-22 10:55:24,430] LMCache INFO:[0m Stored 384 tokens in 0.003 seconds [3m(lmcache_driven_transfer.py:1218:lmcache.v1.multiprocess.modules.lmcache_driven_transfer)[0m
[32;20m[2026-09-22 10:55:24,517] LMCache INFO:[0m Stored 384 tokens in 0.003 seconds [3m(lmcache_driven_transfer.py:1218:lmcache.v1.multiprocess.modules.lmcache_driven_transfer)[0m
[32;20m[2026-09-22 10:55:24,613] LMCache INFO:[0m Stored 384 tokens in 0.003 seconds [3m(lmcache_driven_transfer.py:1218:lmcache.v1.multiprocess.modules.lmcache_driven_transfer)[0m
[32;20m[2026-09-22 10:55:24,702] LMCache INFO:[0m Stored 384 tokens in 0.002 seconds [3m(lmcache_driven_transfer.py:1218:lmcache.v1.multiprocess.modules.lmcache_driven_transfer)[0m
[32;20m[2026-09-22 10:55:24,753] LMCache INFO:[0m L1 memory usage 0.94 above watermark 0.80; triggering eviction. [3m(eviction_controller.py:179:lmcache.v1.distributed.storage_controllers.eviction_controller)[0m
[32;20m[2026-09-22 10:55:24,802] LMCache INFO:[0m Stored 336 tokens in 0.002 seconds [3m(lmcache_driven_transfer.py:1218:lmcache.v1.multiprocess.modules.lmcache_driven_transfer)[0m
[32;20m[2026-09-22 10:55:24,887] LMCache INFO:[0m Stored 384 tokens in 0.003 seconds [3m(lmcache_driven_transfer.py:1218:lmcache.v1.multiprocess.modules.lmcache_driven_transfer)[0m
[32;20m[2026-09-22 10:55:24,980] LMCache INFO:[0m Stored 384 tokens in 0.003 seconds [3m(lmcache_driven_transfer.py:1218:lmcache.v1.multiprocess.modules.lmcache_driven_transfer)[0m
[32;20m[2026-09-22 10:55:25,073] LMCache INFO:[0m Stored 384 tokens in 0.003 seconds [3m(lmcache_driven_transfer.py:1218:lmcache.v1.multiprocess.modules.lmcache_driven_transfer)[0m
[32;20m[2026-09-22 10:55:25,706] LMCache INFO:[0m Prefetch request completed (L1+L2): 24/24 retained keys (24 L1, 0 L2) in 1.1 ms (external_request_id=cmpl-95ddd8bb3872f292-0-999b01d6, prefetch_request_id=-1) [3m(storage_manager.py:716:lmcache.v1.distributed.storage_manager)[0m
[32;20m[2026-09-22 10:55:25,711] LMCache INFO:[0m Retrieved 384 tokens in 0.002 seconds [3m(lmcache_driven_transfer.py:1427:lmcache.v1.multiprocess.modules.lmcache_driven_transfer)[0m
[32;20m[2026-09-22 10:55:25,760] LMCache INFO:[0m L1 memory usage: 0.42/0.50 GiB (83.2%) [3m(eviction_controller.py:153:lmcache.v1.distributed.storage_controllers.eviction_controller)[0m
[32;20m[2026-09-22 10:55:25,760] LMCache INFO:[0m L1 memory usage 0.83 above watermark 0.80; triggering eviction. [3m(eviction_controller.py:179:lmcache.v1.distributed.storage_controllers.eviction_controller)[0m
[32;20m[2026-09-22 10:55:25,768] LMCache INFO:[0m L0<->L1 stats [cuda:0] last 10.1s: store ops=65 tokens=24272 size=0.70GB avg_copy=6.74GB/s | retrieve ops=7 tokens=2688 size=0.08GB avg_copy=4.43GB/s [3m(extra_stats.py:159:lmcache.v1.mp_observability.subscribers.logging.extra_stats)[0m
[32;20m[2026-09-22 10:55:25,768] LMCache INFO:[0m L0<->L1 stats [cuda:0] cumulative: store ops=214 tokens=79696 size=2.29GB avg_copy=6.91GB/s | retrieve ops=38 tokens=14384 size=0.41GB avg_copy=4.17GB/s [3m(extra_stats.py:168:lmcache.v1.mp_observability.subscribers.logging.extra_stats)[0m
[32;20m[2026-09-22 10:55:25,817] LMCache INFO:[0m Stored 384 tokens in 0.003 seconds [3m(lmcache_driven_transfer.py:1218:lmcache.v1.multiprocess.modules.lmcache_driven_transfer)[0m
[32;20m[2026-09-22 10:55:25,901] LMCache INFO:[0m Stored 384 tokens in 0.005 seconds [3m(lmcache_driven_transfer.py:1218:lmcache.v1.multiprocess.modules.lmcache_driven_transfer)[0m
[32;20m[2026-09-22 10:55:25,994] LMCache INFO:[0m Stored 384 tokens in 0.003 seconds [3m(lmcache_driven_transfer.py:1218:lmcache.v1.multiprocess.modules.lmcache_driven_transfer)[0m
[32;20m[2026-09-22 10:55:26,085] LMCache INFO:[0m Stored 384 tokens in 0.003 seconds [3m(lmcache_driven_transfer.py:1218:lmcache.v1.multiprocess.modules.lmcache_driven_transfer)[0m
[32;20m[2026-09-22 10:55:26,178] LMCache INFO:[0m Stored 368 tokens in 0.002 seconds [3m(lmcache_driven_transfer.py:1218:lmcache.v1.multiprocess.modules.lmcache_driven_transfer)[0m
[32;20m[2026-09-22 10:55:26,270] LMCache INFO:[0m Stored 384 tokens in 0.003 seconds [3m(lmcache_driven_transfer.py:1218:lmcache.v1.multiprocess.modules.lmcache_driven_transfer)[0m
[32;20m[2026-09-22 10:55:26,361] LMCache INFO:[0m Stored 384 tokens in 0.003 seconds [3m(lmcache_driven_transfer.py:1218:lmcache.v1.multiprocess.modules.lmcache_driven_transfer)[0m
[32;20m[2026-09-22 10:55:26,453] LMCache INFO:[0m Stored 368 tokens in 0.002 seconds [3m(lmcache_driven_transfer.py:1218:lmcache.v1.multiprocess.modules.lmcache_driven_transfer)[0m
[32;20m[2026-09-22 10:55:26,544] LMCache INFO:[0m Stored 384 tokens in 0.003 seconds [3m(lmcache_driven_transfer.py:1218:lmcache.v1.multiprocess.modules.lmcache_driven_transfer)[0m
[32;20m[2026-09-22 10:55:26,641] LMCache INFO:[0m Stored 384 tokens in 0.003 seconds [3m(lmcache_driven_transfer.py:1218:lmcache.v1.multiprocess.modules.lmcache_driven_transfer)[0m
[32;20m[2026-09-22 10:55:26,731] LMCache INFO:[0m Stored 272 tokens in 0.002 seconds [3m(lmcache_driven_transfer.py:1218:lmcache.v1.multiprocess.modules.lmcache_driven_transfer)[0m
[32;20m[2026-09-22 10:55:26,768] LMCache INFO:[0m L1 memory usage 0.88 above watermark 0.80; triggering eviction. [3m(eviction_controller.py:179:lmcache.v1.distributed.storage_controllers.eviction_controller)[0m
[32;20m[2026-09-22 10:55:27,454] LMCache INFO:[0m Prefetch request completed (L1+L2): 23/23 retained keys (23 L1, 0 L2) in 1.0 ms (external_request_id=cmpl-b8f6df44e37d9042-0-acab87d3, prefetch_request_id=-1) [3m(storage_manager.py:716:lmcache.v1.distributed.storage_manager)[0m
[32;20m[2026-09-22 10:55:27,458] LMCache INFO:[0m Retrieved 368 tokens in 0.002 seconds [3m(lmcache_driven_transfer.py:1427:lmcache.v1.multiprocess.modules.lmcache_driven_transfer)[0m
[32;20m[2026-09-22 10:55:27,563] LMCache INFO:[0m Stored 384 tokens in 0.002 seconds [3m(lmcache_driven_transfer.py:1218:lmcache.v1.multiprocess.modules.lmcache_driven_transfer)[0m
[32;20m[2026-09-22 10:55:27,641] LMCache INFO:[0m Stored 384 tokens in 0.003 seconds [3m(lmcache_driven_transfer.py:1218:lmcache.v1.multiprocess.modules.lmcache_driven_transfer)[0m
[32;20m[2026-09-22 10:55:27,735] LMCache INFO:[0m Stored 384 tokens in 0.003 seconds [3m(lmcache_driven_transfer.py:1218:lmcache.v1.multiprocess.modules.lmcache_driven_transfer)[0m
[32;20m[2026-09-22 10:55:27,830] LMCache INFO:[0m Stored 384 tokens in 0.003 seconds [3m(lmcache_driven_transfer.py:1218:lmcache.v1.multiprocess.modules.lmcache_driven_transfer)[0m
[32;20m[2026-09-22 10:55:27,920] LMCache INFO:[0m Stored 384 tokens in 0.003 seconds [3m(lmcache_driven_transfer.py:1218:lmcache.v1.multiprocess.modules.lmcache_driven_transfer)[0m
[32;20m[2026-09-22 10:55:28,014] LMCache INFO:[0m Stored 384 tokens in 0.003 seconds [3m(lmcache_driven_transfer.py:1218:lmcache.v1.multiprocess.modules.lmcache_driven_transfer)[0m
[32;20m[2026-09-22 10:55:28,107] LMCache INFO:[0m Stored 384 tokens in 0.003 seconds [3m(lmcache_driven_transfer.py:1218:lmcache.v1.multiprocess.modules.lmcache_driven_transfer)[0m
[32;20m[2026-09-22 10:55:28,197] LMCache INFO:[0m Stored 384 tokens in 0.002 seconds [3m(lmcache_driven_transfer.py:1218:lmcache.v1.multiprocess.modules.lmcache_driven_transfer)[0m
[32;20m[2026-09-22 10:55:28,294] LMCache INFO:[0m Stored 384 tokens in 0.003 seconds [3m(lmcache_driven_transfer.py:1218:lmcache.v1.multiprocess.modules.lmcache_driven_transfer)[0m
[32;20m[2026-09-22 10:55:28,385] LMCache INFO:[0m Stored 240 tokens in 0.002 seconds [3m(lmcache_driven_transfer.py:1218:lmcache.v1.multiprocess.modules.lmcache_driven_transfer)[0m
[32;20m[2026-09-22 10:55:28,446] LMCache INFO:[0m Stored 384 tokens in 0.002 seconds [3m(lmcache_driven_transfer.py:1218:lmcache.v1.multiprocess.modules.lmcache_driven_transfer)[0m
[32;20m[2026-09-22 10:55:28,773] LMCache INFO:[0m L1 memory usage 0.93 above watermark 0.80; triggering eviction. [3m(eviction_controller.py:179:lmcache.v1.distributed.storage_controllers.eviction_controller)[0m
[32;20m[2026-09-22 10:55:29,200] LMCache INFO:[0m Prefetch request completed (L1+L2): 24/24 retained keys (24 L1, 0 L2) in 1.1 ms (external_request_id=cmpl-82b71388a8c55390-0-b6020da2, prefetch_request_id=-1) [3m(storage_manager.py:716:lmcache.v1.distributed.storage_manager)[0m
[32;20m[2026-09-22 10:55:29,205] LMCache INFO:[0m Retrieved 384 tokens in 0.002 seconds [3m(lmcache_driven_transfer.py:1427:lmcache.v1.multiprocess.modules.lmcache_driven_transfer)[0m
[32;20m[2026-09-22 10:55:29,306] LMCache INFO:[0m Stored 384 tokens in 0.003 seconds [3m(lmcache_driven_transfer.py:1218:lmcache.v1.multiprocess.modules.lmcache_driven_transfer)[0m
[32;20m[2026-09-22 10:55:29,384] LMCache INFO:[0m Stored 384 tokens in 0.004 seconds [3m(lmcache_driven_transfer.py:1218:lmcache.v1.multiprocess.modules.lmcache_driven_transfer)[0m
[32;20m[2026-09-22 10:55:29,481] LMCache INFO:[0m Stored 384 tokens in 0.003 seconds [3m(lmcache_driven_transfer.py:1218:lmcache.v1.multiprocess.modules.lmcache_driven_transfer)[0m
[32;20m[2026-09-22 10:55:29,806] LMCache INFO:[0m L1 memory usage 0.83 above watermark 0.80; triggering eviction. [3m(eviction_controller.py:179:lmcache.v1.distributed.storage_controllers.eviction_controller)[0m
[32;20m[2026-09-22 10:55:29,816] LMCache INFO:[0m Stored 384 tokens in 0.243 seconds [3m(lmcache_driven_transfer.py:1218:lmcache.v1.multiprocess.modules.lmcache_driven_transfer)[0m
[32;20m[2026-09-22 10:55:29,857] LMCache INFO:[0m Stored 384 tokens in 0.002 seconds [3m(lmcache_driven_transfer.py:1218:lmcache.v1.multiprocess.modules.lmcache_driven_transfer)[0m
[32;20m[2026-09-22 10:55:29,940] LMCache INFO:[0m Stored 384 tokens in 0.003 seconds [3m(lmcache_driven_transfer.py:1218:lmcache.v1.multiprocess.modules.lmcache_driven_transfer)[0m
[32;20m[2026-09-22 10:55:30,032] LMCache INFO:[0m Stored 384 tokens in 0.003 seconds [3m(lmcache_driven_transfer.py:1218:lmcache.v1.multiprocess.modules.lmcache_driven_transfer)[0m
[32;20m[2026-09-22 10:55:30,125] LMCache INFO:[0m Stored 384 tokens in 0.003 seconds [3m(lmcache_driven_transfer.py:1218:lmcache.v1.multiprocess.modules.lmcache_driven_transfer)[0m
[32;20m[2026-09-22 10:55:30,213] LMCache INFO:[0m Stored 384 tokens in 0.003 seconds [3m(lmcache_driven_transfer.py:1218:lmcache.v1.multiprocess.modules.lmcache_driven_transfer)[0m
[32;20m[2026-09-22 10:55:30,303] LMCache INFO:[0m Stored 384 tokens in 0.003 seconds [3m(lmcache_driven_transfer.py:1218:lmcache.v1.multiprocess.modules.lmcache_driven_transfer)[0m
[32;20m[2026-09-22 10:55:30,395] LMCache INFO:[0m Stored 384 tokens in 0.003 seconds [3m(lmcache_driven_transfer.py:1218:lmcache.v1.multiprocess.modules.lmcache_driven_transfer)[0m
[32;20m[2026-09-22 10:55:30,816] LMCache INFO:[0m L1 memory usage 0.81 above watermark 0.80; triggering eviction. [3m(eviction_controller.py:179:lmcache.v1.distributed.storage_controllers.eviction_controller)[0m
[32;20m[2026-09-22 10:55:30,850] LMCache INFO:[0m Prefetch request completed (L1+L2): 24/24 retained keys (24 L1, 0 L2) in 1.0 ms (external_request_id=cmpl-b62cd66ae2ff3453-0-8459f887, prefetch_request_id=-1) [3m(storage_manager.py:716:lmcache.v1.distributed.storage_manager)[0m
[32;20m[2026-09-22 10:55:30,854] LMCache INFO:[0m Retrieved 384 tokens in 0.002 seconds [3m(lmcache_driven_transfer.py:1427:lmcache.v1.multiprocess.modules.lmcache_driven_transfer)[0m
[32;20m[2026-09-22 10:55:30,962] LMCache INFO:[0m Stored 384 tokens in 0.003 seconds [3m(lmcache_driven_transfer.py:1218:lmcache.v1.multiprocess.modules.lmcache_driven_transfer)[0m
[32;20m[2026-09-22 10:55:30,965] LMCache INFO:[0m Stored 384 tokens in 0.003 seconds [3m(lmcache_driven_transfer.py:1218:lmcache.v1.multiprocess.modules.lmcache_driven_transfer)[0m
[32;20m[2026-09-22 10:55:31,119] LMCache INFO:[0m Stored 384 tokens in 0.002 seconds [3m(lmcache_driven_transfer.py:1218:lmcache.v1.multiprocess.modules.lmcache_driven_transfer)[0m
[32;20m[2026-09-22 10:55:31,209] LMCache INFO:[0m Stored 384 tokens in 0.003 seconds [3m(lmcache_driven_transfer.py:1218:lmcache.v1.multiprocess.modules.lmcache_driven_transfer)[0m
[32;20m[2026-09-22 10:55:31,304] LMCache INFO:[0m Stored 384 tokens in 0.003 seconds [3m(lmcache_driven_transfer.py:1218:lmcache.v1.multiprocess.modules.lmcache_driven_transfer)[0m
[32;20m[2026-09-22 10:55:31,394] LMCache INFO:[0m Stored 384 tokens in 0.003 seconds [3m(lmcache_driven_transfer.py:1218:lmcache.v1.multiprocess.modules.lmcache_driven_transfer)[0m
[32;20m[2026-09-22 10:55:31,483] LMCache INFO:[0m Stored 384 tokens in 0.003 seconds [3m(lmcache_driven_transfer.py:1218:lmcache.v1.multiprocess.modules.lmcache_driven_transfer)[0m
[32;20m[2026-09-22 10:55:31,581] LMCache INFO:[0m Stored 384 tokens in 0.003 seconds [3m(lmcache_driven_transfer.py:1218:lmcache.v1.multiprocess.modules.lmcache_driven_transfer)[0m
[32;20m[2026-09-22 10:55:31,672] LMCache INFO:[0m Stored 368 tokens in 0.003 seconds [3m(lmcache_driven_transfer.py:1218:lmcache.v1.multiprocess.modules.lmcache_driven_transfer)[0m
[32;20m[2026-09-22 10:55:31,762] LMCache INFO:[0m Stored 384 tokens in 0.003 seconds [3m(lmcache_driven_transfer.py:1218:lmcache.v1.multiprocess.modules.lmcache_driven_transfer)[0m
[32;20m[2026-09-22 10:55:31,820] LMCache INFO:[0m L1 memory usage 0.85 above watermark 0.80; triggering eviction. [3m(eviction_controller.py:179:lmcache.v1.distributed.storage_controllers.eviction_controller)[0m
[32;20m[2026-09-22 10:55:31,857] LMCache INFO:[0m Stored 112 tokens in 0.003 seconds [3m(lmcache_driven_transfer.py:1218:lmcache.v1.multiprocess.modules.lmcache_driven_transfer)[0m
[32;20m[2026-09-22 10:55:32,581] LMCache INFO:[0m Prefetch request completed (L1+L2): 24/24 retained keys (24 L1, 0 L2) in 1.1 ms (external_request_id=cmpl-a3ee85db6a0cf1cd-0-aebaa28a, prefetch_request_id=-1) [3m(storage_manager.py:716:lmcache.v1.distributed.storage_manager)[0m
[32;20m[2026-09-22 10:55:32,586] LMCache INFO:[0m Retrieved 384 tokens in 0.002 seconds [3m(lmcache_driven_transfer.py:1427:lmcache.v1.multiprocess.modules.lmcache_driven_transfer)[0m
[32;20m[2026-09-22 10:55:32,694] LMCache INFO:[0m Stored 384 tokens in 0.003 seconds [3m(lmcache_driven_transfer.py:1218:lmcache.v1.multiprocess.modules.lmcache_driven_transfer)[0m
[32;20m[2026-09-22 10:55:32,774] LMCache INFO:[0m Stored 384 tokens in 0.003 seconds [3m(lmcache_driven_transfer.py:1218:lmcache.v1.multiprocess.modules.lmcache_driven_transfer)[0m
[32;20m[2026-09-22 10:55:32,869] LMCache INFO:[0m Stored 384 tokens in 0.003 seconds [3m(lmcache_driven_transfer.py:1218:lmcache.v1.multiprocess.modules.lmcache_driven_transfer)[0m
[32;20m[2026-09-22 10:55:32,959] LMCache INFO:[0m Stored 384 tokens in 0.003 seconds [3m(lmcache_driven_transfer.py:1218:lmcache.v1.multiprocess.modules.lmcache_driven_transfer)[0m
[32;20m[2026-09-22 10:55:33,052] LMCache INFO:[0m Stored 384 tokens in 0.003 seconds [3m(lmcache_driven_transfer.py:1218:lmcache.v1.multiprocess.modules.lmcache_driven_transfer)[0m
[32;20m[2026-09-22 10:55:33,148] LMCache INFO:[0m Stored 384 tokens in 0.004 seconds [3m(lmcache_driven_transfer.py:1218:lmcache.v1.multiprocess.modules.lmcache_driven_transfer)[0m
[32;20m[2026-09-22 10:55:33,245] LMCache INFO:[0m Stored 384 tokens in 0.003 seconds [3m(lmcache_driven_transfer.py:1218:lmcache.v1.multiprocess.modules.lmcache_driven_transfer)[0m
[32;20m[2026-09-22 10:55:33,329] LMCache INFO:[0m Stored 384 tokens in 0.003 seconds [3m(lmcache_driven_transfer.py:1218:lmcache.v1.multiprocess.modules.lmcache_driven_transfer)[0m
[32;20m[2026-09-22 10:55:33,424] LMCache INFO:[0m Stored 384 tokens in 0.002 seconds [3m(lmcache_driven_transfer.py:1218:lmcache.v1.multiprocess.modules.lmcache_driven_transfer)[0m
[32;20m[2026-09-22 10:55:33,515] LMCache INFO:[0m Stored 384 tokens in 0.003 seconds [3m(lmcache_driven_transfer.py:1218:lmcache.v1.multiprocess.modules.lmcache_driven_transfer)[0m
[32;20m[2026-09-22 10:55:33,609] LMCache INFO:[0m Stored 384 tokens in 0.003 seconds [3m(lmcache_driven_transfer.py:1218:lmcache.v1.multiprocess.modules.lmcache_driven_transfer)[0m
[32;20m[2026-09-22 10:55:33,828] LMCache INFO:[0m L1 memory usage 0.91 above watermark 0.80; triggering eviction. [3m(eviction_controller.py:179:lmcache.v1.distributed.storage_controllers.eviction_controller)[0m
[32;20m[2026-09-22 10:55:34,329] LMCache INFO:[0m Prefetch request completed (L1+L2): 24/24 retained keys (24 L1, 0 L2) in 1.1 ms (external_request_id=cmpl-91608ce532d761ea-0-a7d8a241, prefetch_request_id=-1) [3m(storage_manager.py:716:lmcache.v1.distributed.storage_manager)[0m
[32;20m[2026-09-22 10:55:34,333] LMCache INFO:[0m Retrieved 384 tokens in 0.002 seconds [3m(lmcache_driven_transfer.py:1427:lmcache.v1.multiprocess.modules.lmcache_driven_transfer)[0m
[32;20m[2026-09-22 10:55:34,438] LMCache INFO:[0m Stored 384 tokens in 0.002 seconds [3m(lmcache_driven_transfer.py:1218:lmcache.v1.multiprocess.modules.lmcache_driven_transfer)[0m
[32;20m[2026-09-22 10:55:34,516] LMCache INFO:[0m Stored 384 tokens in 0.003 seconds [3m(lmcache_driven_transfer.py:1218:lmcache.v1.multiprocess.modules.lmcache_driven_transfer)[0m
[32;20m[2026-09-22 10:55:34,617] LMCache INFO:[0m Stored 384 tokens in 0.002 seconds [3m(lmcache_driven_transfer.py:1218:lmcache.v1.multiprocess.modules.lmcache_driven_transfer)[0m
[32;20m[2026-09-22 10:55:34,669] LMCache INFO:[0m Prefetch request completed (L1+L2): 24/24 retained keys (24 L1, 0 L2) in 0.9 ms (external_request_id=cmpl-a93516747b027e1c-0-a6f5bd8f, prefetch_request_id=-1) [3m(storage_manager.py:716:lmcache.v1.distributed.storage_manager)[0m
[32;20m[2026-09-22 10:55:34,674] LMCache INFO:[0m Retrieved 384 tokens in 0.002 seconds [3m(lmcache_driven_transfer.py:1427:lmcache.v1.multiprocess.modules.lmcache_driven_transfer)[0m
[32;20m[2026-09-22 10:55:34,763] LMCache INFO:[0m Stored 384 tokens in 0.003 seconds [3m(lmcache_driven_transfer.py:1218:lmcache.v1.multiprocess.modules.lmcache_driven_transfer)[0m
[32;20m[2026-09-22 10:55:34,834] LMCache INFO:[0m L1 memory usage 0.81 above watermark 0.80; triggering eviction. [3m(eviction_controller.py:179:lmcache.v1.distributed.storage_controllers.eviction_controller)[0m
[32;20m[2026-09-22 10:55:34,848] LMCache INFO:[0m Stored 384 tokens in 0.003 seconds [3m(lmcache_driven_transfer.py:1218:lmcache.v1.multiprocess.modules.lmcache_driven_transfer)[0m
[32;20m[2026-09-22 10:55:34,940] LMCache INFO:[0m Stored 384 tokens in 0.003 seconds [3m(lmcache_driven_transfer.py:1218:lmcache.v1.multiprocess.modules.lmcache_driven_transfer)[0m
[32;20m[2026-09-22 10:55:35,032] LMCache INFO:[0m Stored 384 tokens in 0.003 seconds [3m(lmcache_driven_transfer.py:1218:lmcache.v1.multiprocess.modules.lmcache_driven_transfer)[0m
[32;20m[2026-09-22 10:55:35,125] LMCache INFO:[0m Stored 384 tokens in 0.003 seconds [3m(lmcache_driven_transfer.py:1218:lmcache.v1.multiprocess.modules.lmcache_driven_transfer)[0m
[32;20m[2026-09-22 10:55:35,219] LMCache INFO:[0m Stored 384 tokens in 0.003 seconds [3m(lmcache_driven_transfer.py:1218:lmcache.v1.multiprocess.modules.lmcache_driven_transfer)[0m
[32;20m[2026-09-22 10:55:35,312] LMCache INFO:[0m Stored 384 tokens in 0.003 seconds [3m(lmcache_driven_transfer.py:1218:lmcache.v1.multiprocess.modules.lmcache_driven_transfer)[0m
[32;20m[2026-09-22 10:55:35,841] LMCache INFO:[0m L1 memory usage: 0.39/0.50 GiB (77.3%) [3m(eviction_controller.py:153:lmcache.v1.distributed.storage_controllers.eviction_controller)[0m
[32;20m[2026-09-22 10:55:35,841] LMCache INFO:[0m L0<->L1 stats [cuda:0] last 10.1s: store ops=65 tokens=24384 size=0.70GB avg_copy=2.36GB/s | retrieve ops=6 tokens=2288 size=0.07GB avg_copy=4.44GB/s [3m(extra_stats.py:159:lmcache.v1.mp_observability.subscribers.logging.extra_stats)[0m
[32;20m[2026-09-22 10:55:35,842] LMCache INFO:[0m L0<->L1 stats [cuda:0] cumulative: store ops=279 tokens=104080 size=2.98GB avg_copy=4.76GB/s | retrieve ops=44 tokens=16672 size=0.48GB avg_copy=4.21GB/s [3m(extra_stats.py:168:lmcache.v1.mp_observability.subscribers.logging.extra_stats)[0m
[32;20m[2026-09-22 10:55:35,983] LMCache INFO:[0m Prefetch request completed (L1+L2): 24/24 retained keys (24 L1, 0 L2) in 0.9 ms (external_request_id=cmpl-987fce8cf7d91470-0-852f8b06, prefetch_request_id=-1) [3m(storage_manager.py:716:lmcache.v1.distributed.storage_manager)[0m
[32;20m[2026-09-22 10:55:35,987] LMCache INFO:[0m Retrieved 384 tokens in 0.002 seconds [3m(lmcache_driven_transfer.py:1427:lmcache.v1.multiprocess.modules.lmcache_driven_transfer)[0m
[32;20m[2026-09-22 10:55:36,092] LMCache INFO:[0m Stored 384 tokens in 0.003 seconds [3m(lmcache_driven_transfer.py:1218:lmcache.v1.multiprocess.modules.lmcache_driven_transfer)[0m
[32;20m[2026-09-22 10:55:36,170] LMCache INFO:[0m Stored 384 tokens in 0.003 seconds [3m(lmcache_driven_transfer.py:1218:lmcache.v1.multiprocess.modules.lmcache_driven_transfer)[0m
[32;20m[2026-09-22 10:55:36,270] LMCache INFO:[0m Stored 384 tokens in 0.003 seconds [3m(lmcache_driven_transfer.py:1218:lmcache.v1.multiprocess.modules.lmcache_driven_transfer)[0m
[32;20m[2026-09-22 10:55:36,358] LMCache INFO:[0m Stored 384 tokens in 0.003 seconds [3m(lmcache_driven_transfer.py:1218:lmcache.v1.multiprocess.modules.lmcache_driven_transfer)[0m
[32;20m[2026-09-22 10:55:36,446] LMCache INFO:[0m Stored 384 tokens in 0.003 seconds [3m(lmcache_driven_transfer.py:1218:lmcache.v1.multiprocess.modules.lmcache_driven_transfer)[0m
[32;20m[2026-09-22 10:55:36,541] LMCache INFO:[0m Stored 384 tokens in 0.002 seconds [3m(lmcache_driven_transfer.py:1218:lmcache.v1.multiprocess.modules.lmcache_driven_transfer)[0m
[32;20m[2026-09-22 10:55:36,631] LMCache INFO:[0m Stored 336 tokens in 0.002 seconds [3m(lmcache_driven_transfer.py:1218:lmcache.v1.multiprocess.modules.lmcache_driven_transfer)[0m
[32;20m[2026-09-22 10:55:36,717] LMCache INFO:[0m Stored 384 tokens in 0.002 seconds [3m(lmcache_driven_transfer.py:1218:lmcache.v1.multiprocess.modules.lmcache_driven_transfer)[0m
[32;20m[2026-09-22 10:55:36,810] LMCache INFO:[0m Stored 384 tokens in 0.003 seconds [3m(lmcache_driven_transfer.py:1218:lmcache.v1.multiprocess.modules.lmcache_driven_transfer)[0m
[32;20m[2026-09-22 10:55:36,841] LMCache INFO:[0m L1 memory usage 0.96 above watermark 0.80; triggering eviction. [3m(eviction_controller.py:179:lmcache.v1.distributed.storage_controllers.eviction_controller)[0m
[32;20m[2026-09-22 10:55:36,903] LMCache INFO:[0m Stored 368 tokens in 0.003 seconds [3m(lmcache_driven_transfer.py:1218:lmcache.v1.multiprocess.modules.lmcache_driven_transfer)[0m
[32;20m[2026-09-22 10:55:36,996] LMCache INFO:[0m Stored 384 tokens in 0.003 seconds [3m(lmcache_driven_transfer.py:1218:lmcache.v1.multiprocess.modules.lmcache_driven_transfer)[0m
[32;20m[2026-09-22 10:55:37,637] LMCache INFO:[0m Prefetch request completed (L1+L2): 24/24 retained keys (24 L1, 0 L2) in 1.1 ms (external_request_id=cmpl-97224f7b35eb1c9f-0-9adfc566, prefetch_request_id=-1) [3m(storage_manager.py:716:lmcache.v1.distributed.storage_manager)[0m
[32;20m[2026-09-22 10:55:37,641] LMCache INFO:[0m Retrieved 384 tokens in 0.002 seconds [3m(lmcache_driven_transfer.py:1427:lmcache.v1.multiprocess.modules.lmcache_driven_transfer)[0m
[32;20m[2026-09-22 10:55:37,747] LMCache INFO:[0m Stored 384 tokens in 0.003 seconds [3m(lmcache_driven_transfer.py:1218:lmcache.v1.multiprocess.modules.lmcache_driven_transfer)[0m
[32;20m[2026-09-22 10:55:37,827] LMCache INFO:[0m Stored 384 tokens in 0.003 seconds [3m(lmcache_driven_transfer.py:1218:lmcache.v1.multiprocess.modules.lmcache_driven_transfer)[0m
[32;20m[2026-09-22 10:55:37,847] LMCache INFO:[0m L1 memory usage 0.85 above watermark 0.80; triggering eviction. [3m(eviction_controller.py:179:lmcache.v1.distributed.storage_controllers.eviction_controller)[0m
[32;20m[2026-09-22 10:55:37,913] LMCache INFO:[0m Stored 384 tokens in 0.002 seconds [3m(lmcache_driven_transfer.py:1218:lmcache.v1.multiprocess.modules.lmcache_driven_transfer)[0m
[32;20m[2026-09-22 10:55:38,011] LMCache INFO:[0m Stored 368 tokens in 0.003 seconds [3m(lmcache_driven_transfer.py:1218:lmcache.v1.multiprocess.modules.lmcache_driven_transfer)[0m
[32;20m[2026-09-22 10:55:38,101] LMCache INFO:[0m Stored 384 tokens in 0.003 seconds [3m(lmcache_driven_transfer.py:1218:lmcache.v1.multiprocess.modules.lmcache_driven_transfer)[0m
[32;20m[2026-09-22 10:55:38,195] LMCache INFO:[0m Stored 384 tokens in 0.003 seconds [3m(lmcache_driven_transfer.py:1218:lmcache.v1.multiprocess.modules.lmcache_driven_transfer)[0m
[32;20m[2026-09-22 10:55:38,287] LMCache INFO:[0m Stored 384 tokens in 0.003 seconds [3m(lmcache_driven_transfer.py:1218:lmcache.v1.multiprocess.modules.lmcache_driven_transfer)[0m
[32;20m[2026-09-22 10:55:38,379] LMCache INFO:[0m Stored 384 tokens in 0.003 seconds [3m(lmcache_driven_transfer.py:1218:lmcache.v1.multiprocess.modules.lmcache_driven_transfer)[0m
[32;20m[2026-09-22 10:55:38,470] LMCache INFO:[0m Stored 384 tokens in 0.003 seconds [3m(lmcache_driven_transfer.py:1218:lmcache.v1.multiprocess.modules.lmcache_driven_transfer)[0m
[32;20m[2026-09-22 10:55:38,565] LMCache INFO:[0m Stored 384 tokens in 0.003 seconds [3m(lmcache_driven_transfer.py:1218:lmcache.v1.multiprocess.modules.lmcache_driven_transfer)[0m
[32;20m[2026-09-22 10:55:38,658] LMCache INFO:[0m Stored 384 tokens in 0.003 seconds [3m(lmcache_driven_transfer.py:1218:lmcache.v1.multiprocess.modules.lmcache_driven_transfer)[0m
[32;20m[2026-09-22 10:55:38,853] LMCache INFO:[0m L1 memory usage 0.87 above watermark 0.80; triggering eviction. [3m(eviction_controller.py:179:lmcache.v1.distributed.storage_controllers.eviction_controller)[0m
[32;20m[2026-09-22 10:55:39,381] LMCache INFO:[0m Prefetch request completed (L1+L2): 24/24 retained keys (24 L1, 0 L2) in 1.0 ms (external_request_id=cmpl-bb5aa8b84afe1015-0-b137d2b3, prefetch_request_id=-1) [3m(storage_manager.py:716:lmcache.v1.distributed.storage_manager)[0m
[32;20m[2026-09-22 10:55:39,386] LMCache INFO:[0m Retrieved 384 tokens in 0.002 seconds [3m(lmcache_driven_transfer.py:1427:lmcache.v1.multiprocess.modules.lmcache_driven_transfer)[0m
[32;20m[2026-09-22 10:55:39,498] LMCache INFO:[0m Stored 384 tokens in 0.003 seconds [3m(lmcache_driven_transfer.py:1218:lmcache.v1.multiprocess.modules.lmcache_driven_transfer)[0m
[32;20m[2026-09-22 10:55:39,576] LMCache INFO:[0m Stored 384 tokens in 0.003 seconds [3m(lmcache_driven_transfer.py:1218:lmcache.v1.multiprocess.modules.lmcache_driven_transfer)[0m
[32;20m[2026-09-22 10:55:39,676] LMCache INFO:[0m Stored 384 tokens in 0.003 seconds [3m(lmcache_driven_transfer.py:1218:lmcache.v1.multiprocess.modules.lmcache_driven_transfer)[0m
[32;20m[2026-09-22 10:55:39,770] LMCache INFO:[0m Stored 384 tokens in 0.003 seconds [3m(lmcache_driven_transfer.py:1218:lmcache.v1.multiprocess.modules.lmcache_driven_transfer)[0m
[32;20m[2026-09-22 10:55:39,866] LMCache INFO:[0m Stored 384 tokens in 0.003 seconds [3m(lmcache_driven_transfer.py:1218:lmcache.v1.multiprocess.modules.lmcache_driven_transfer)[0m
[32;20m[2026-09-22 10:55:39,961] LMCache INFO:[0m Stored 384 tokens in 0.003 seconds [3m(lmcache_driven_transfer.py:1218:lmcache.v1.multiprocess.modules.lmcache_driven_transfer)[0m
[32;20m[2026-09-22 10:55:40,056] LMCache INFO:[0m Stored 384 tokens in 0.003 seconds [3m(lmcache_driven_transfer.py:1218:lmcache.v1.multiprocess.modules.lmcache_driven_transfer)[0m
[32;20m[2026-09-22 10:55:40,147] LMCache INFO:[0m Stored 384 tokens in 0.003 seconds [3m(lmcache_driven_transfer.py:1218:lmcache.v1.multiprocess.modules.lmcache_driven_transfer)[0m
[32;20m[2026-09-22 10:55:40,242] LMCache INFO:[0m Stored 384 tokens in 0.003 seconds [3m(lmcache_driven_transfer.py:1218:lmcache.v1.multiprocess.modules.lmcache_driven_transfer)[0m
[32;20m[2026-09-22 10:55:40,338] LMCache INFO:[0m Stored 384 tokens in 0.006 seconds [3m(lmcache_driven_transfer.py:1218:lmcache.v1.multiprocess.modules.lmcache_driven_transfer)[0m
[32;20m[2026-09-22 10:55:40,426] LMCache INFO:[0m Stored 384 tokens in 0.003 seconds [3m(lmcache_driven_transfer.py:1218:lmcache.v1.multiprocess.modules.lmcache_driven_transfer)[0m
[32;20m[2026-09-22 10:55:40,859] LMCache INFO:[0m L1 memory usage 0.92 above watermark 0.80; triggering eviction. [3m(eviction_controller.py:179:lmcache.v1.distributed.storage_controllers.eviction_controller)[0m
[32;20m[2026-09-22 10:55:41,041] LMCache INFO:[0m Prefetch request completed (L1+L2): 24/24 retained keys (24 L1, 0 L2) in 1.1 ms (external_request_id=cmpl-aebdcd87e092b667-0-96459270, prefetch_request_id=-1) [3m(storage_manager.py:716:lmcache.v1.distributed.storage_manager)[0m
[32;20m[2026-09-22 10:55:41,046] LMCache INFO:[0m Retrieved 384 tokens in 0.002 seconds [3m(lmcache_driven_transfer.py:1427:lmcache.v1.multiprocess.modules.lmcache_driven_transfer)[0m
[32;20m[2026-09-22 10:55:41,165] LMCache INFO:[0m Stored 384 tokens in 0.003 seconds [3m(lmcache_driven_transfer.py:1218:lmcache.v1.multiprocess.modules.lmcache_driven_transfer)[0m
[32;20m[2026-09-22 10:55:41,249] LMCache INFO:[0m Stored 384 tokens in 0.003 seconds [3m(lmcache_driven_transfer.py:1218:lmcache.v1.multiprocess.modules.lmcache_driven_transfer)[0m
[32;20m[2026-09-22 10:55:41,345] LMCache INFO:[0m Stored 384 tokens in 0.003 seconds [3m(lmcache_driven_transfer.py:1218:lmcache.v1.multiprocess.modules.lmcache_driven_transfer)[0m
[32;20m[2026-09-22 10:55:41,437] LMCache INFO:[0m Stored 384 tokens in 0.003 seconds [3m(lmcache_driven_transfer.py:1218:lmcache.v1.multiprocess.modules.lmcache_driven_transfer)[0m
[32;20m[2026-09-22 10:55:41,528] LMCache INFO:[0m Stored 368 tokens in 0.003 seconds [3m(lmcache_driven_transfer.py:1218:lmcache.v1.multiprocess.modules.lmcache_driven_transfer)[0m
[32;20m[2026-09-22 10:55:41,619] LMCache INFO:[0m Stored 384 tokens in 0.003 seconds [3m(lmcache_driven_transfer.py:1218:lmcache.v1.multiprocess.modules.lmcache_driven_transfer)[0m
[32;20m[2026-09-22 10:55:41,714] LMCache INFO:[0m Stored 384 tokens in 0.003 seconds [3m(lmcache_driven_transfer.py:1218:lmcache.v1.multiprocess.modules.lmcache_driven_transfer)[0m
[32;20m[2026-09-22 10:55:41,807] LMCache INFO:[0m Stored 384 tokens in 0.003 seconds [3m(lmcache_driven_transfer.py:1218:lmcache.v1.multiprocess.modules.lmcache_driven_transfer)[0m
[32;20m[2026-09-22 10:55:41,865] LMCache INFO:[0m L1 memory usage 0.90 above watermark 0.80; triggering eviction. [3m(eviction_controller.py:179:lmcache.v1.distributed.storage_controllers.eviction_controller)[0m
[32;20m[2026-09-22 10:55:41,904] LMCache INFO:[0m Stored 384 tokens in 0.003 seconds [3m(lmcache_driven_transfer.py:1218:lmcache.v1.multiprocess.modules.lmcache_driven_transfer)[0m
[32;20m[2026-09-22 10:55:41,992] LMCache INFO:[0m Stored 384 tokens in 0.003 seconds [3m(lmcache_driven_transfer.py:1218:lmcache.v1.multiprocess.modules.lmcache_driven_transfer)[0m
[32;20m[2026-09-22 10:55:42,083] LMCache INFO:[0m Stored 384 tokens in 0.003 seconds [3m(lmcache_driven_transfer.py:1218:lmcache.v1.multiprocess.modules.lmcache_driven_transfer)[0m
[32;20m[2026-09-22 10:55:42,710] LMCache INFO:[0m Prefetch request completed (L1+L2): 23/23 retained keys (23 L1, 0 L2) in 1.2 ms (external_request_id=cmpl-b2fde423ceb0068c-0-987771d4, prefetch_request_id=-1) [3m(storage_manager.py:716:lmcache.v1.distributed.storage_manager)[0m
[32;20m[2026-09-22 10:55:42,715] LMCache INFO:[0m Retrieved 368 tokens in 0.002 seconds [3m(lmcache_driven_transfer.py:1427:lmcache.v1.multiprocess.modules.lmcache_driven_transfer)[0m
[32;20m[2026-09-22 10:55:42,790] LMCache INFO:[0m Prefetch request completed (L1+L2): 24/24 retained keys (24 L1, 0 L2) in 1.1 ms (external_request_id=cmpl-9bd2c821d4151954-0-a2048ce4, prefetch_request_id=-1) [3m(storage_manager.py:716:lmcache.v1.distributed.storage_manager)[0m
[32;20m[2026-09-22 10:55:42,796] LMCache INFO:[0m Retrieved 384 tokens in 0.004 seconds [3m(lmcache_driven_transfer.py:1427:lmcache.v1.multiprocess.modules.lmcache_driven_transfer)[0m
[32;20m[2026-09-22 10:55:42,797] LMCache INFO:[0m Prefetch request completed (L1+L2): 23/23 retained keys (23 L1, 0 L2) in 2.8 ms (external_request_id=cmpl-b2193095641f873b-0-aff8b877, prefetch_request_id=-1) [3m(storage_manager.py:716:lmcache.v1.distributed.storage_manager)[0m
[32;20m[2026-09-22 10:55:42,804] LMCache INFO:[0m Retrieved 368 tokens in 0.002 seconds [3m(lmcache_driven_transfer.py:1427:lmcache.v1.multiprocess.modules.lmcache_driven_transfer)[0m
[32;20m[2026-09-22 10:55:42,889] LMCache INFO:[0m Prefetch request completed (L1+L2): 24/24 retained keys (24 L1, 0 L2) in 1.1 ms (external_request_id=cmpl-96903d7d184df825-0-bd848ab9, prefetch_request_id=-1) [3m(storage_manager.py:716:lmcache.v1.distributed.storage_manager)[0m
[32;20m[2026-09-22 10:55:42,894] LMCache INFO:[0m Retrieved 384 tokens in 0.002 seconds [3m(lmcache_driven_transfer.py:1427:lmcache.v1.multiprocess.modules.lmcache_driven_transfer)[0m
[32;20m[2026-09-22 10:55:42,945] LMCache INFO:[0m Prefetch request completed (L1+L2): 24/24 retained keys (24 L1, 0 L2) in 1.1 ms (external_request_id=cmpl-83133a14ea837fdf-0-86d57b55, prefetch_request_id=-1) [3m(storage_manager.py:716:lmcache.v1.distributed.storage_manager)[0m
[32;20m[2026-09-22 10:55:42,951] LMCache INFO:[0m Retrieved 384 tokens in 0.002 seconds [3m(lmcache_driven_transfer.py:1427:lmcache.v1.multiprocess.modules.lmcache_driven_transfer)[0m
[32;20m[2026-09-22 10:55:43,006] LMCache INFO:[0m Prefetch request completed (L1+L2): 24/24 retained keys (24 L1, 0 L2) in 1.0 ms (external_request_id=cmpl-b0c7a3b6201b8f97-0-a1bc917c, prefetch_request_id=-1) [3m(storage_manager.py:716:lmcache.v1.distributed.storage_manager)[0m
[32;20m[2026-09-22 10:55:43,011] LMCache INFO:[0m Retrieved 384 tokens in 0.002 seconds [3m(lmcache_driven_transfer.py:1427:lmcache.v1.multiprocess.modules.lmcache_driven_transfer)[0m
[32;20m[2026-09-22 10:55:43,066] LMCache INFO:[0m Prefetch request completed (L1+L2): 24/24 retained keys (24 L1, 0 L2) in 1.2 ms (external_request_id=cmpl-a0582a2b4159322e-0-af3bd10b, prefetch_request_id=-1) [3m(storage_manager.py:716:lmcache.v1.distributed.storage_manager)[0m
[32;20m[2026-09-22 10:55:43,071] LMCache INFO:[0m Retrieved 384 tokens in 0.002 seconds [3m(lmcache_driven_transfer.py:1427:lmcache.v1.multiprocess.modules.lmcache_driven_transfer)[0m
[32;20m[2026-09-22 10:55:43,122] LMCache INFO:[0m Prefetch request completed (L1+L2): 24/24 retained keys (24 L1, 0 L2) in 1.2 ms (external_request_id=cmpl-b417c2288711ac8c-0-b8771487, prefetch_request_id=-1) [3m(storage_manager.py:716:lmcache.v1.distributed.storage_manager)[0m
[32;20m[2026-09-22 10:55:43,127] LMCache INFO:[0m Retrieved 384 tokens in 0.002 seconds [3m(lmcache_driven_transfer.py:1427:lmcache.v1.multiprocess.modules.lmcache_driven_transfer)[0m
[32;20m[2026-09-22 10:55:43,203] LMCache INFO:[0m Prefetch request completed (L1+L2): 24/24 retained keys (24 L1, 0 L2) in 1.3 ms (external_request_id=cmpl-bb3211eccd36b83d-0-a747fe0a, prefetch_request_id=-1) [3m(storage_manager.py:716:lmcache.v1.distributed.storage_manager)[0m
[32;20m[2026-09-22 10:55:43,211] LMCache INFO:[0m Retrieved 384 tokens in 0.004 seconds [3m(lmcache_driven_transfer.py:1427:lmcache.v1.multiprocess.modules.lmcache_driven_transfer)[0m
[32;20m[2026-09-22 10:55:43,317] LMCache INFO:[0m Stored 384 tokens in 0.003 seconds [3m(lmcache_driven_transfer.py:1218:lmcache.v1.multiprocess.modules.lmcache_driven_transfer)[0m
[32;20m[2026-09-22 10:55:43,401] LMCache INFO:[0m Stored 384 tokens in 0.003 seconds [3m(lmcache_driven_transfer.py:1218:lmcache.v1.multiprocess.modules.lmcache_driven_transfer)[0m
[32;20m[2026-09-22 10:55:43,494] LMCache INFO:[0m Stored 384 tokens in 0.003 seconds [3m(lmcache_driven_transfer.py:1218:lmcache.v1.multiprocess.modules.lmcache_driven_transfer)[0m
[32;20m[2026-09-22 10:55:43,876] LMCache INFO:[0m L1 memory usage 0.84 above watermark 0.80; triggering eviction. [3m(eviction_controller.py:179:lmcache.v1.distributed.storage_controllers.eviction_controller)[0m
[32;20m[2026-09-22 10:55:44,397] LMCache INFO:[0m Prefetch request completed (L1+L2): 24/24 retained keys (24 L1, 0 L2) in 1.2 ms (external_request_id=cmpl-9432246ca270d06b-0-86e61f55, prefetch_request_id=-1) [3m(storage_manager.py:716:lmcache.v1.distributed.storage_manager)[0m
[32;20m[2026-09-22 10:55:44,402] LMCache INFO:[0m Retrieved 384 tokens in 0.002 seconds [3m(lmcache_driven_transfer.py:1427:lmcache.v1.multiprocess.modules.lmcache_driven_transfer)[0m
[32;20m[2026-09-22 10:55:44,528] LMCache INFO:[0m Stored 384 tokens in 0.003 seconds [3m(lmcache_driven_transfer.py:1218:lmcache.v1.multiprocess.modules.lmcache_driven_transfer)[0m
[32;20m[2026-09-22 10:55:44,531] LMCache INFO:[0m Stored 384 tokens in 0.003 seconds [3m(lmcache_driven_transfer.py:1218:lmcache.v1.multiprocess.modules.lmcache_driven_transfer)[0m
[32;20m[2026-09-22 10:55:44,677] LMCache INFO:[0m Stored 384 tokens in 0.003 seconds [3m(lmcache_driven_transfer.py:1218:lmcache.v1.multiprocess.modules.lmcache_driven_transfer)[0m
[32;20m[2026-09-22 10:55:44,768] LMCache INFO:[0m Stored 384 tokens in 0.003 seconds [3m(lmcache_driven_transfer.py:1218:lmcache.v1.multiprocess.modules.lmcache_driven_transfer)[0m
[32;20m[2026-09-22 10:55:44,861] LMCache INFO:[0m Stored 384 tokens in 0.003 seconds [3m(lmcache_driven_transfer.py:1218:lmcache.v1.multiprocess.modules.lmcache_driven_transfer)[0m
[32;20m[2026-09-22 10:55:44,951] LMCache INFO:[0m Stored 384 tokens in 0.003 seconds [3m(lmcache_driven_transfer.py:1218:lmcache.v1.multiprocess.modules.lmcache_driven_transfer)[0m
[32;20m[2026-09-22 10:55:45,041] LMCache INFO:[0m Stored 384 tokens in 0.003 seconds [3m(lmcache_driven_transfer.py:1218:lmcache.v1.multiprocess.modules.lmcache_driven_transfer)[0m
[32;20m[2026-09-22 10:55:45,132] LMCache INFO:[0m Stored 384 tokens in 0.003 seconds [3m(lmcache_driven_transfer.py:1218:lmcache.v1.multiprocess.modules.lmcache_driven_transfer)[0m
[32;20m[2026-09-22 10:55:45,223] LMCache INFO:[0m Stored 368 tokens in 0.003 seconds [3m(lmcache_driven_transfer.py:1218:lmcache.v1.multiprocess.modules.lmcache_driven_transfer)[0m
[32;20m[2026-09-22 10:55:45,318] LMCache INFO:[0m Stored 384 tokens in 0.002 seconds [3m(lmcache_driven_transfer.py:1218:lmcache.v1.multiprocess.modules.lmcache_driven_transfer)[0m
[32;20m[2026-09-22 10:55:45,407] LMCache INFO:[0m Stored 384 tokens in 0.003 seconds [3m(lmcache_driven_transfer.py:1218:lmcache.v1.multiprocess.modules.lmcache_driven_transfer)[0m
[32;20m[2026-09-22 10:55:45,882] LMCache INFO:[0m L1 memory usage: 0.45/0.50 GiB (90.0%) [3m(eviction_controller.py:153:lmcache.v1.distributed.storage_controllers.eviction_controller)[0m
[32;20m[2026-09-22 10:55:45,882] LMCache INFO:[0m L1 memory usage 0.90 above watermark 0.80; triggering eviction. [3m(eviction_controller.py:179:lmcache.v1.distributed.storage_controllers.eviction_controller)[0m
[32;20m[2026-09-22 10:55:45,888] LMCache INFO:[0m L0<->L1 stats [cuda:0] last 10.0s: store ops=58 tokens=22160 size=0.64GB avg_copy=7.01GB/s | retrieve ops=14 tokens=5344 size=0.15GB avg_copy=4.16GB/s [3m(extra_stats.py:159:lmcache.v1.mp_observability.subscribers.logging.extra_stats)[0m
[32;20m[2026-09-22 10:55:45,888] LMCache INFO:[0m L0<->L1 stats [cuda:0] cumulative: store ops=337 tokens=126240 size=3.62GB avg_copy=5.04GB/s | retrieve ops=58 tokens=22016 size=0.63GB avg_copy=4.19GB/s [3m(extra_stats.py:168:lmcache.v1.mp_observability.subscribers.logging.extra_stats)[0m
[32;20m[2026-09-22 10:55:46,134] LMCache INFO:[0m Prefetch request completed (L1+L2): 24/24 retained keys (24 L1, 0 L2) in 1.1 ms (external_request_id=cmpl-aadb8e13dbaa1a39-0-b227d133, prefetch_request_id=-1) [3m(storage_manager.py:716:lmcache.v1.distributed.storage_manager)[0m
[32;20m[2026-09-22 10:55:46,138] LMCache INFO:[0m Retrieved 384 tokens in 0.002 seconds [3m(lmcache_driven_transfer.py:1427:lmcache.v1.multiprocess.modules.lmcache_driven_transfer)[0m
[32;20m[2026-09-22 10:55:46,248] LMCache INFO:[0m Stored 384 tokens in 0.003 seconds [3m(lmcache_driven_transfer.py:1218:lmcache.v1.multiprocess.modules.lmcache_driven_transfer)[0m
[32;20m[2026-09-22 10:55:46,325] LMCache INFO:[0m Stored 368 tokens in 0.003 seconds [3m(lmcache_driven_transfer.py:1218:lmcache.v1.multiprocess.modules.lmcache_driven_transfer)[0m
[32;20m[2026-09-22 10:55:46,420] LMCache INFO:[0m Stored 384 tokens in 0.003 seconds [3m(lmcache_driven_transfer.py:1218:lmcache.v1.multiprocess.modules.lmcache_driven_transfer)[0m
[32;20m[2026-09-22 10:55:46,513] LMCache INFO:[0m Stored 368 tokens in 0.002 seconds [3m(lmcache_driven_transfer.py:1218:lmcache.v1.multiprocess.modules.lmcache_driven_transfer)[0m
[32;20m[2026-09-22 10:55:46,604] LMCache INFO:[0m Stored 384 tokens in 0.003 seconds [3m(lmcache_driven_transfer.py:1218:lmcache.v1.multiprocess.modules.lmcache_driven_transfer)[0m
[32;20m[2026-09-22 10:55:46,697] LMCache INFO:[0m Stored 384 tokens in 0.003 seconds [3m(lmcache_driven_transfer.py:1218:lmcache.v1.multiprocess.modules.lmcache_driven_transfer)[0m
[32;20m[2026-09-22 10:55:46,787] LMCache INFO:[0m Stored 384 tokens in 0.003 seconds [3m(lmcache_driven_transfer.py:1218:lmcache.v1.multiprocess.modules.lmcache_driven_transfer)[0m
[32;20m[2026-09-22 10:55:46,879] LMCache INFO:[0m Stored 368 tokens in 0.003 seconds [3m(lmcache_driven_transfer.py:1218:lmcache.v1.multiprocess.modules.lmcache_driven_transfer)[0m
[32;20m[2026-09-22 10:55:46,888] LMCache INFO:[0m L1 memory usage 0.88 above watermark 0.80; triggering eviction. [3m(eviction_controller.py:179:lmcache.v1.distributed.storage_controllers.eviction_controller)[0m
[32;20m[2026-09-22 10:55:46,973] LMCache INFO:[0m Stored 384 tokens in 0.003 seconds [3m(lmcache_driven_transfer.py:1218:lmcache.v1.multiprocess.modules.lmcache_driven_transfer)[0m
[32;20m[2026-09-22 10:55:47,059] LMCache INFO:[0m Stored 192 tokens in 0.002 seconds [3m(lmcache_driven_transfer.py:1218:lmcache.v1.multiprocess.modules.lmcache_driven_transfer)[0m
[32;20m[2026-09-22 10:55:47,111] LMCache INFO:[0m Stored 384 tokens in 0.003 seconds [3m(lmcache_driven_transfer.py:1218:lmcache.v1.multiprocess.modules.lmcache_driven_transfer)[0m
[32;20m[2026-09-22 10:55:47,791] LMCache INFO:[0m Prefetch request completed (L1+L2): 23/23 retained keys (23 L1, 0 L2) in 1.2 ms (external_request_id=cmpl-8e4abdcf2f8726f5-0-8f9abf71, prefetch_request_id=-1) [3m(storage_manager.py:716:lmcache.v1.distributed.storage_manager)[0m
[32;20m[2026-09-22 10:55:47,796] LMCache INFO:[0m Retrieved 368 tokens in 0.002 seconds [3m(lmcache_driven_transfer.py:1427:lmcache.v1.multiprocess.modules.lmcache_driven_transfer)[0m
[32;20m[2026-09-22 10:55:47,905] LMCache INFO:[0m Stored 384 tokens in 0.003 seconds [3m(lmcache_driven_transfer.py:1218:lmcache.v1.multiprocess.modules.lmcache_driven_transfer)[0m
[32;20m[2026-09-22 10:55:47,984] LMCache INFO:[0m Stored 384 tokens in 0.003 seconds [3m(lmcache_driven_transfer.py:1218:lmcache.v1.multiprocess.modules.lmcache_driven_transfer)[0m
[32;20m[2026-09-22 10:55:48,075] LMCache INFO:[0m Stored 384 tokens in 0.003 seconds [3m(lmcache_driven_transfer.py:1218:lmcache.v1.multiprocess.modules.lmcache_driven_transfer)[0m
[32;20m[2026-09-22 10:55:48,167] LMCache INFO:[0m Stored 384 tokens in 0.003 seconds [3m(lmcache_driven_transfer.py:1218:lmcache.v1.multiprocess.modules.lmcache_driven_transfer)[0m
[32;20m[2026-09-22 10:55:48,258] LMCache INFO:[0m Stored 384 tokens in 0.003 seconds [3m(lmcache_driven_transfer.py:1218:lmcache.v1.multiprocess.modules.lmcache_driven_transfer)[0m
[32;20m[2026-09-22 10:55:48,307] LMCache INFO:[0m Prefetch request completed (L1+L2): 23/23 retained keys (23 L1, 0 L2) in 0.9 ms (external_request_id=cmpl-b8562dc0bee74085-0-b519e0c2, prefetch_request_id=-1) [3m(storage_manager.py:716:lmcache.v1.distributed.storage_manager)[0m
[32;20m[2026-09-22 10:55:48,312] LMCache INFO:[0m Retrieved 368 tokens in 0.002 seconds [3m(lmcache_driven_transfer.py:1427:lmcache.v1.multiprocess.modules.lmcache_driven_transfer)[0m
[32;20m[2026-09-22 10:55:48,402] LMCache INFO:[0m Stored 384 tokens in 0.003 seconds [3m(lmcache_driven_transfer.py:1218:lmcache.v1.multiprocess.modules.lmcache_driven_transfer)[0m
[32;20m[2026-09-22 10:55:48,444] LMCache INFO:[0m Prefetch request completed (L1+L2): 24/24 retained keys (24 L1, 0 L2) in 1.1 ms (external_request_id=cmpl-9a889dbcc98ba653-0-83a1787e, prefetch_request_id=-1) [3m(storage_manager.py:716:lmcache.v1.distributed.storage_manager)[0m
[32;20m[2026-09-22 10:55:48,448] LMCache INFO:[0m Retrieved 384 tokens in 0.002 seconds [3m(lmcache_driven_transfer.py:1427:lmcache.v1.multiprocess.modules.lmcache_driven_transfer)[0m
[32;20m[2026-09-22 10:55:48,538] LMCache INFO:[0m Stored 384 tokens in 0.003 seconds [3m(lmcache_driven_transfer.py:1218:lmcache.v1.multiprocess.modules.lmcache_driven_transfer)[0m
[32;20m[2026-09-22 10:55:48,621] LMCache INFO:[0m Stored 384 tokens in 0.003 seconds [3m(lmcache_driven_transfer.py:1218:lmcache.v1.multiprocess.modules.lmcache_driven_transfer)[0m
[32;20m[2026-09-22 10:55:48,676] LMCache INFO:[0m Prefetch request completed (L1+L2): 21/24 retained keys (21 L1, 0 L2) in 1.1 ms (external_request_id=cmpl-bdd34ce7e852c6a6-0-bfe6aa5b, prefetch_request_id=-1) [3m(storage_manager.py:716:lmcache.v1.distributed.storage_manager)[0m
[32;20m[2026-09-22 10:55:48,680] LMCache INFO:[0m Retrieved 336 tokens in 0.002 seconds [3m(lmcache_driven_transfer.py:1427:lmcache.v1.multiprocess.modules.lmcache_driven_transfer)[0m
[32;20m[2026-09-22 10:55:48,722] LMCache INFO:[0m Stored 48 tokens in 0.002 seconds [3m(lmcache_driven_transfer.py:1218:lmcache.v1.multiprocess.modules.lmcache_driven_transfer)[0m
[32;20m[2026-09-22 10:55:48,894] LMCache INFO:[0m L1 memory usage 0.93 above watermark 0.80; triggering eviction. [3m(eviction_controller.py:179:lmcache.v1.distributed.storage_controllers.eviction_controller)[0m
[32;20m[2026-09-22 10:55:49,446] LMCache INFO:[0m Prefetch request completed (L1+L2): 24/24 retained keys (24 L1, 0 L2) in 1.1 ms (external_request_id=cmpl-aefcb36295152b33-0-8782488e, prefetch_request_id=-1) [3m(storage_manager.py:716:lmcache.v1.distributed.storage_manager)[0m
[32;20m[2026-09-22 10:55:49,451] LMCache INFO:[0m Retrieved 384 tokens in 0.002 seconds [3m(lmcache_driven_transfer.py:1427:lmcache.v1.multiprocess.modules.lmcache_driven_transfer)[0m
[32;20m[2026-09-22 10:55:49,563] LMCache INFO:[0m Stored 368 tokens in 0.003 seconds [3m(lmcache_driven_transfer.py:1218:lmcache.v1.multiprocess.modules.lmcache_driven_transfer)[0m
[32;20m[2026-09-22 10:55:49,642] LMCache INFO:[0m Stored 384 tokens in 0.005 seconds [3m(lmcache_driven_transfer.py:1218:lmcache.v1.multiprocess.modules.lmcache_driven_transfer)[0m
[32;20m[2026-09-22 10:55:49,734] LMCache INFO:[0m Stored 384 tokens in 0.003 seconds [3m(lmcache_driven_transfer.py:1218:lmcache.v1.multiprocess.modules.lmcache_driven_transfer)[0m
[32;20m[2026-09-22 10:55:49,823] LMCache INFO:[0m Stored 384 tokens in 0.003 seconds [3m(lmcache_driven_transfer.py:1218:lmcache.v1.multiprocess.modules.lmcache_driven_transfer)[0m
[32;20m[2026-09-22 10:55:49,900] LMCache INFO:[0m L1 memory usage 0.82 above watermark 0.80; triggering eviction. [3m(eviction_controller.py:179:lmcache.v1.distributed.storage_controllers.eviction_controller)[0m
[32;20m[2026-09-22 10:55:49,917] LMCache INFO:[0m Stored 384 tokens in 0.003 seconds [3m(lmcache_driven_transfer.py:1218:lmcache.v1.multiprocess.modules.lmcache_driven_transfer)[0m
[32;20m[2026-09-22 10:55:50,007] LMCache INFO:[0m Stored 384 tokens in 0.003 seconds [3m(lmcache_driven_transfer.py:1218:lmcache.v1.multiprocess.modules.lmcache_driven_transfer)[0m
[32;20m[2026-09-22 10:55:50,095] LMCache INFO:[0m Stored 384 tokens in 0.003 seconds [3m(lmcache_driven_transfer.py:1218:lmcache.v1.multiprocess.modules.lmcache_driven_transfer)[0m
[32;20m[2026-09-22 10:55:50,183] LMCache INFO:[0m Stored 384 tokens in 0.003 seconds [3m(lmcache_driven_transfer.py:1218:lmcache.v1.multiprocess.modules.lmcache_driven_transfer)[0m
[32;20m[2026-09-22 10:55:50,275] LMCache INFO:[0m Stored 384 tokens in 0.003 seconds [3m(lmcache_driven_transfer.py:1218:lmcache.v1.multiprocess.modules.lmcache_driven_transfer)[0m
[32;20m[2026-09-22 10:55:50,368] LMCache INFO:[0m Stored 112 tokens in 0.002 seconds [3m(lmcache_driven_transfer.py:1218:lmcache.v1.multiprocess.modules.lmcache_driven_transfer)[0m
[32;20m[2026-09-22 10:55:50,412] LMCache INFO:[0m Stored 384 tokens in 0.003 seconds [3m(lmcache_driven_transfer.py:1218:lmcache.v1.multiprocess.modules.lmcache_driven_transfer)[0m
[32;20m[2026-09-22 10:55:51,197] LMCache INFO:[0m Prefetch request completed (L1+L2): 24/24 retained keys (24 L1, 0 L2) in 1.0 ms (external_request_id=cmpl-a3b2bbb67456a9b3-0-ac7f8bba, prefetch_request_id=-1) [3m(storage_manager.py:716:lmcache.v1.distributed.storage_manager)[0m
[32;20m[2026-09-22 10:55:51,201] LMCache INFO:[0m Retrieved 384 tokens in 0.002 seconds [3m(lmcache_driven_transfer.py:1427:lmcache.v1.multiprocess.modules.lmcache_driven_transfer)[0m
[32;20m[2026-09-22 10:55:51,311] LMCache INFO:[0m Stored 384 tokens in 0.003 seconds [3m(lmcache_driven_transfer.py:1218:lmcache.v1.multiprocess.modules.lmcache_driven_transfer)[0m
[32;20m[2026-09-22 10:55:51,388] LMCache INFO:[0m Stored 384 tokens in 0.002 seconds [3m(lmcache_driven_transfer.py:1218:lmcache.v1.multiprocess.modules.lmcache_driven_transfer)[0m
[32;20m[2026-09-22 10:55:51,476] LMCache INFO:[0m Stored 384 tokens in 0.002 seconds [3m(lmcache_driven_transfer.py:1218:lmcache.v1.multiprocess.modules.lmcache_driven_transfer)[0m
[32;20m[2026-09-22 10:55:51,572] LMCache INFO:[0m Stored 384 tokens in 0.003 seconds [3m(lmcache_driven_transfer.py:1218:lmcache.v1.multiprocess.modules.lmcache_driven_transfer)[0m
[32;20m[2026-09-22 10:55:51,662] LMCache INFO:[0m Stored 384 tokens in 0.003 seconds [3m(lmcache_driven_transfer.py:1218:lmcache.v1.multiprocess.modules.lmcache_driven_transfer)[0m
[32;20m[2026-09-22 10:55:51,752] LMCache INFO:[0m Stored 384 tokens in 0.003 seconds [3m(lmcache_driven_transfer.py:1218:lmcache.v1.multiprocess.modules.lmcache_driven_transfer)[0m
[32;20m[2026-09-22 10:55:51,842] LMCache INFO:[0m Stored 384 tokens in 0.003 seconds [3m(lmcache_driven_transfer.py:1218:lmcache.v1.multiprocess.modules.lmcache_driven_transfer)[0m
[32;20m[2026-09-22 10:55:51,908] LMCache INFO:[0m L1 memory usage 0.93 above watermark 0.80; triggering eviction. [3m(eviction_controller.py:179:lmcache.v1.distributed.storage_controllers.eviction_controller)[0m
[32;20m[2026-09-22 10:55:51,931] LMCache INFO:[0m Stored 384 tokens in 0.003 seconds [3m(lmcache_driven_transfer.py:1218:lmcache.v1.multiprocess.modules.lmcache_driven_transfer)[0m
[32;20m[2026-09-22 10:55:52,022] LMCache INFO:[0m Stored 384 tokens in 0.003 seconds [3m(lmcache_driven_transfer.py:1218:lmcache.v1.multiprocess.modules.lmcache_driven_transfer)[0m
[32;20m[2026-09-22 10:55:52,109] LMCache INFO:[0m Stored 384 tokens in 0.003 seconds [3m(lmcache_driven_transfer.py:1218:lmcache.v1.multiprocess.modules.lmcache_driven_transfer)[0m
[32;20m[2026-09-22 10:55:52,203] LMCache INFO:[0m Stored 384 tokens in 0.003 seconds [3m(lmcache_driven_transfer.py:1218:lmcache.v1.multiprocess.modules.lmcache_driven_transfer)[0m
[32;20m[2026-09-22 10:55:52,916] LMCache INFO:[0m L1 memory usage 0.83 above watermark 0.80; triggering eviction. [3m(eviction_controller.py:179:lmcache.v1.distributed.storage_controllers.eviction_controller)[0m
[32;20m[2026-09-22 10:55:52,943] LMCache INFO:[0m Prefetch request completed (L1+L2): 24/24 retained keys (24 L1, 0 L2) in 1.0 ms (external_request_id=cmpl-99f6718178f6f92b-0-bf1481f3, prefetch_request_id=-1) [3m(storage_manager.py:716:lmcache.v1.distributed.storage_manager)[0m
[32;20m[2026-09-22 10:55:52,948] LMCache INFO:[0m Retrieved 384 tokens in 0.002 seconds [3m(lmcache_driven_transfer.py:1427:lmcache.v1.multiprocess.modules.lmcache_driven_transfer)[0m
[32;20m[2026-09-22 10:55:53,060] LMCache INFO:[0m Stored 384 tokens in 0.003 seconds [3m(lmcache_driven_transfer.py:1218:lmcache.v1.multiprocess.modules.lmcache_driven_transfer)[0m
[32;20m[2026-09-22 10:55:53,136] LMCache INFO:[0m Stored 384 tokens in 0.003 seconds [3m(lmcache_driven_transfer.py:1218:lmcache.v1.multiprocess.modules.lmcache_driven_transfer)[0m
[32;20m[2026-09-22 10:55:53,242] LMCache INFO:[0m Stored 384 tokens in 0.003 seconds [3m(lmcache_driven_transfer.py:1218:lmcache.v1.multiprocess.modules.lmcache_driven_transfer)[0m
[32;20m[2026-09-22 10:55:53,320] LMCache INFO:[0m Stored 384 tokens in 0.003 seconds [3m(lmcache_driven_transfer.py:1218:lmcache.v1.multiprocess.modules.lmcache_driven_transfer)[0m
[32;20m[2026-09-22 10:55:53,410] LMCache INFO:[0m Stored 384 tokens in 0.003 seconds [3m(lmcache_driven_transfer.py:1218:lmcache.v1.multiprocess.modules.lmcache_driven_transfer)[0m
[32;20m[2026-09-22 10:55:53,498] LMCache INFO:[0m Stored 384 tokens in 0.003 seconds [3m(lmcache_driven_transfer.py:1218:lmcache.v1.multiprocess.modules.lmcache_driven_transfer)[0m
[32;20m[2026-09-22 10:55:53,593] LMCache INFO:[0m Stored 384 tokens in 0.005 seconds [3m(lmcache_driven_transfer.py:1218:lmcache.v1.multiprocess.modules.lmcache_driven_transfer)[0m
[32;20m[2026-09-22 10:55:53,681] LMCache INFO:[0m Stored 384 tokens in 0.003 seconds [3m(lmcache_driven_transfer.py:1218:lmcache.v1.multiprocess.modules.lmcache_driven_transfer)[0m
[32;20m[2026-09-22 10:55:53,770] LMCache INFO:[0m Stored 384 tokens in 0.003 seconds [3m(lmcache_driven_transfer.py:1218:lmcache.v1.multiprocess.modules.lmcache_driven_transfer)[0m
[32;20m[2026-09-22 10:55:53,863] LMCache INFO:[0m Stored 384 tokens in 0.003 seconds [3m(lmcache_driven_transfer.py:1218:lmcache.v1.multiprocess.modules.lmcache_driven_transfer)[0m
[32;20m[2026-09-22 10:55:53,921] LMCache INFO:[0m L1 memory usage 0.87 above watermark 0.80; triggering eviction. [3m(eviction_controller.py:179:lmcache.v1.distributed.storage_controllers.eviction_controller)[0m
[32;20m[2026-09-22 10:55:53,951] LMCache INFO:[0m Stored 384 tokens in 0.003 seconds [3m(lmcache_driven_transfer.py:1218:lmcache.v1.multiprocess.modules.lmcache_driven_transfer)[0m
[32;20m[2026-09-22 10:55:54,692] LMCache INFO:[0m Prefetch request completed (L1+L2): 24/24 retained keys (24 L1, 0 L2) in 1.3 ms (external_request_id=cmpl-94d6b5f981ffa2fa-0-81427931, prefetch_request_id=-1) [3m(storage_manager.py:716:lmcache.v1.distributed.storage_manager)[0m
[32;20m[2026-09-22 10:55:54,697] LMCache INFO:[0m Retrieved 384 tokens in 0.002 seconds [3m(lmcache_driven_transfer.py:1427:lmcache.v1.multiprocess.modules.lmcache_driven_transfer)[0m
[32;20m[2026-09-22 10:55:54,772] LMCache INFO:[0m Prefetch request completed (L1+L2): 24/24 retained keys (24 L1, 0 L2) in 1.1 ms (external_request_id=cmpl-a5990459d5f25f6a-0-a9cc5cae, prefetch_request_id=-1) [3m(storage_manager.py:716:lmcache.v1.distributed.storage_manager)[0m
[32;20m[2026-09-22 10:55:54,777] LMCache INFO:[0m Prefetch request completed (L1+L2): 24/24 retained keys (24 L1, 0 L2) in 1.2 ms (external_request_id=cmpl-9617ed021f365745-0-b24722cf, prefetch_request_id=-1) [3m(storage_manager.py:716:lmcache.v1.distributed.storage_manager)[0m
[32;20m[2026-09-22 10:55:54,779] LMCache INFO:[0m Retrieved 384 tokens in 0.004 seconds [3m(lmcache_driven_transfer.py:1427:lmcache.v1.multiprocess.modules.lmcache_driven_transfer)[0m
[32;20m[2026-09-22 10:55:54,785] LMCache INFO:[0m Retrieved 384 tokens in 0.003 seconds [3m(lmcache_driven_transfer.py:1427:lmcache.v1.multiprocess.modules.lmcache_driven_transfer)[0m
[32;20m[2026-09-22 10:55:54,865] LMCache INFO:[0m Prefetch request completed (L1+L2): 24/24 retained keys (24 L1, 0 L2) in 1.1 ms (external_request_id=cmpl-8cdecaf8527f506a-0-98a940be, prefetch_request_id=-1) [3m(storage_manager.py:716:lmcache.v1.distributed.storage_manager)[0m
[32;20m[2026-09-22 10:55:54,869] LMCache INFO:[0m Retrieved 384 tokens in 0.002 seconds [3m(lmcache_driven_transfer.py:1427:lmcache.v1.multiprocess.modules.lmcache_driven_transfer)[0m
[32;20m[2026-09-22 10:55:54,923] LMCache INFO:[0m Prefetch request completed (L1+L2): 24/24 retained keys (24 L1, 0 L2) in 1.0 ms (external_request_id=cmpl-a2371e4c2de70c8d-0-be01efeb, prefetch_request_id=-1) [3m(storage_manager.py:716:lmcache.v1.distributed.storage_manager)[0m
[32;20m[2026-09-22 10:55:54,928] LMCache INFO:[0m Retrieved 384 tokens in 0.003 seconds [3m(lmcache_driven_transfer.py:1427:lmcache.v1.multiprocess.modules.lmcache_driven_transfer)[0m
[32;20m[2026-09-22 10:55:54,979] LMCache INFO:[0m Prefetch request completed (L1+L2): 24/24 retained keys (24 L1, 0 L2) in 1.0 ms (external_request_id=cmpl-b979e8579740a870-0-a3d14e46, prefetch_request_id=-1) [3m(storage_manager.py:716:lmcache.v1.distributed.storage_manager)[0m
[32;20m[2026-09-22 10:55:54,983] LMCache INFO:[0m Retrieved 384 tokens in 0.002 seconds [3m(lmcache_driven_transfer.py:1427:lmcache.v1.multiprocess.modules.lmcache_driven_transfer)[0m
[32;20m[2026-09-22 10:55:55,035] LMCache INFO:[0m Prefetch request completed (L1+L2): 24/24 retained keys (24 L1, 0 L2) in 0.9 ms (external_request_id=cmpl-9fed9926e307fb3d-0-a6496247, prefetch_request_id=-1) [3m(storage_manager.py:716:lmcache.v1.distributed.storage_manager)[0m
[32;20m[2026-09-22 10:55:55,039] LMCache INFO:[0m Retrieved 384 tokens in 0.002 seconds [3m(lmcache_driven_transfer.py:1427:lmcache.v1.multiprocess.modules.lmcache_driven_transfer)[0m
[32;20m[2026-09-22 10:55:55,088] LMCache INFO:[0m Prefetch request completed (L1+L2): 24/24 retained keys (24 L1, 0 L2) in 1.0 ms (external_request_id=cmpl-bc08c8427593710e-0-81de9cba, prefetch_request_id=-1) [3m(storage_manager.py:716:lmcache.v1.distributed.storage_manager)[0m
[32;20m[2026-09-22 10:55:55,092] LMCache INFO:[0m Retrieved 384 tokens in 0.002 seconds [3m(lmcache_driven_transfer.py:1427:lmcache.v1.multiprocess.modules.lmcache_driven_transfer)[0m
[32;20m[2026-09-22 10:55:55,144] LMCache INFO:[0m Prefetch request completed (L1+L2): 24/24 retained keys (24 L1, 0 L2) in 0.9 ms (external_request_id=cmpl-84735bc22d8651be-0-b1a87b45, prefetch_request_id=-1) [3m(storage_manager.py:716:lmcache.v1.distributed.storage_manager)[0m
[32;20m[2026-09-22 10:55:55,148] LMCache INFO:[0m Retrieved 384 tokens in 0.002 seconds [3m(lmcache_driven_transfer.py:1427:lmcache.v1.multiprocess.modules.lmcache_driven_transfer)[0m
[32;20m[2026-09-22 10:55:55,199] LMCache INFO:[0m Prefetch request completed (L1+L2): 24/24 retained keys (24 L1, 0 L2) in 1.0 ms (external_request_id=cmpl-91240b8f146643b9-0-9f984f53, prefetch_request_id=-1) [3m(storage_manager.py:716:lmcache.v1.distributed.storage_manager)[0m
[32;20m[2026-09-22 10:55:55,203] LMCache INFO:[0m Retrieved 384 tokens in 0.002 seconds [3m(lmcache_driven_transfer.py:1427:lmcache.v1.multiprocess.modules.lmcache_driven_transfer)[0m
[32;20m[2026-09-22 10:55:55,252] LMCache INFO:[0m Prefetch request completed (L1+L2): 24/24 retained keys (24 L1, 0 L2) in 0.9 ms (external_request_id=cmpl-9a1929aa44bafb19-0-b81a0958, prefetch_request_id=-1) [3m(storage_manager.py:716:lmcache.v1.distributed.storage_manager)[0m
[32;20m[2026-09-22 10:55:55,257] LMCache INFO:[0m Retrieved 384 tokens in 0.002 seconds [3m(lmcache_driven_transfer.py:1427:lmcache.v1.multiprocess.modules.lmcache_driven_transfer)[0m
[32;20m[2026-09-22 10:55:55,310] LMCache INFO:[0m Prefetch request completed (L1+L2): 24/24 retained keys (24 L1, 0 L2) in 1.2 ms (external_request_id=cmpl-8b55d518490697e4-0-a1421fa0, prefetch_request_id=-1) [3m(storage_manager.py:716:lmcache.v1.distributed.storage_manager)[0m
[32;20m[2026-09-22 10:55:55,315] LMCache INFO:[0m Retrieved 384 tokens in 0.002 seconds [3m(lmcache_driven_transfer.py:1427:lmcache.v1.multiprocess.modules.lmcache_driven_transfer)[0m
[32;20m[2026-09-22 10:55:55,929] LMCache INFO:[0m L1 memory usage: 0.36/0.50 GiB (71.5%) [3m(eviction_controller.py:153:lmcache.v1.distributed.storage_controllers.eviction_controller)[0m
[32;20m[2026-09-22 10:55:55,930] LMCache INFO:[0m L0<->L1 stats [cuda:0] last 10.0s: store ops=53 tokens=19488 size=0.56GB avg_copy=6.87GB/s | retrieve ops=20 tokens=7600 size=0.22GB avg_copy=4.15GB/s [3m(extra_stats.py:159:lmcache.v1.mp_observability.subscribers.logging.extra_stats)[0m
[32;20m[2026-09-22 10:55:55,930] LMCache INFO:[0m L0<->L1 stats [cuda:0] cumulative: store ops=390 tokens=145728 size=4.18GB avg_copy=5.23GB/s | retrieve ops=78 tokens=29616 size=0.85GB avg_copy=4.18GB/s [3m(extra_stats.py:168:lmcache.v1.mp_observability.subscribers.logging.extra_stats)[0m
[32;20m[2026-09-22 10:55:56,371] LMCache INFO:[0m Prefetch request completed (L1+L2): 24/24 retained keys (24 L1, 0 L2) in 0.9 ms (external_request_id=cmpl-9fb8f44a508a403e-0-aa500b40, prefetch_request_id=-1) [3m(storage_manager.py:716:lmcache.v1.distributed.storage_manager)[0m
[32;20m[2026-09-22 10:55:56,375] LMCache INFO:[0m Retrieved 384 tokens in 0.002 seconds [3m(lmcache_driven_transfer.py:1427:lmcache.v1.multiprocess.modules.lmcache_driven_transfer)[0m
[32;20m[2026-09-22 10:55:56,444] LMCache INFO:[0m Prefetch request completed (L1+L2): 24/24 retained keys (24 L1, 0 L2) in 0.9 ms (external_request_id=cmpl-ac3b44e4091b6f88-0-b1acaa4a, prefetch_request_id=-1) [3m(storage_manager.py:716:lmcache.v1.distributed.storage_manager)[0m
[32;20m[2026-09-22 10:55:56,449] LMCache INFO:[0m Prefetch request completed (L1+L2): 24/24 retained keys (24 L1, 0 L2) in 1.1 ms (external_request_id=cmpl-987618339b6820c7-0-a6cdb32f, prefetch_request_id=-1) [3m(storage_manager.py:716:lmcache.v1.distributed.storage_manager)[0m
[32;20m[2026-09-22 10:55:56,450] LMCache INFO:[0m Retrieved 384 tokens in 0.004 seconds [3m(lmcache_driven_transfer.py:1427:lmcache.v1.multiprocess.modules.lmcache_driven_transfer)[0m
[32;20m[2026-09-22 10:55:56,457] LMCache INFO:[0m Retrieved 384 tokens in 0.005 seconds [3m(lmcache_driven_transfer.py:1427:lmcache.v1.multiprocess.modules.lmcache_driven_transfer)[0m
[32;20m[2026-09-22 10:55:56,537] LMCache INFO:[0m Prefetch request completed (L1+L2): 24/24 retained keys (24 L1, 0 L2) in 0.9 ms (external_request_id=cmpl-b6dfe42215eaf9fb-0-9cd4eff5, prefetch_request_id=-1) [3m(storage_manager.py:716:lmcache.v1.distributed.storage_manager)[0m
[32;20m[2026-09-22 10:55:56,541] LMCache INFO:[0m Retrieved 384 tokens in 0.002 seconds [3m(lmcache_driven_transfer.py:1427:lmcache.v1.multiprocess.modules.lmcache_driven_transfer)[0m
[32;20m[2026-09-22 10:55:56,591] LMCache INFO:[0m Prefetch request completed (L1+L2): 24/24 retained keys (24 L1, 0 L2) in 0.9 ms (external_request_id=cmpl-8c813c1ea6d768ab-0-9788030e, prefetch_request_id=-1) [3m(storage_manager.py:716:lmcache.v1.distributed.storage_manager)[0m
[32;20m[2026-09-22 10:55:56,596] LMCache INFO:[0m Retrieved 384 tokens in 0.002 seconds [3m(lmcache_driven_transfer.py:1427:lmcache.v1.multiprocess.modules.lmcache_driven_transfer)[0m
[32;20m[2026-09-22 10:55:56,648] LMCache INFO:[0m Prefetch request completed (L1+L2): 24/24 retained keys (24 L1, 0 L2) in 1.0 ms (external_request_id=cmpl-adc0153f1dedd9b7-0-bd9e69a7, prefetch_request_id=-1) [3m(storage_manager.py:716:lmcache.v1.distributed.storage_manager)[0m
[32;20m[2026-09-22 10:55:56,653] LMCache INFO:[0m Retrieved 384 tokens in 0.003 seconds [3m(lmcache_driven_transfer.py:1427:lmcache.v1.multiprocess.modules.lmcache_driven_transfer)[0m
[32;20m[2026-09-22 10:55:56,705] LMCache INFO:[0m Prefetch request completed (L1+L2): 24/24 retained keys (24 L1, 0 L2) in 1.1 ms (external_request_id=cmpl-9eb3355e8e122c75-0-8311620f, prefetch_request_id=-1) [3m(storage_manager.py:716:lmcache.v1.distributed.storage_manager)[0m
[32;20m[2026-09-22 10:55:56,709] LMCache INFO:[0m Retrieved 384 tokens in 0.002 seconds [3m(lmcache_driven_transfer.py:1427:lmcache.v1.multiprocess.modules.lmcache_driven_transfer)[0m
[32;20m[2026-09-22 10:55:56,764] LMCache INFO:[0m Prefetch request completed (L1+L2): 24/24 retained keys (24 L1, 0 L2) in 1.2 ms (external_request_id=cmpl-910e3d5b7618bbd4-0-bcfc08a5, prefetch_request_id=-1) [3m(storage_manager.py:716:lmcache.v1.distributed.storage_manager)[0m
[32;20m[2026-09-22 10:55:56,768] LMCache INFO:[0m Retrieved 384 tokens in 0.002 seconds [3m(lmcache_driven_transfer.py:1427:lmcache.v1.multiprocess.modules.lmcache_driven_transfer)[0m
[32;20m[2026-09-22 10:55:56,823] LMCache INFO:[0m Prefetch request completed (L1+L2): 24/24 retained keys (24 L1, 0 L2) in 1.0 ms (external_request_id=cmpl-a19d5470a4832715-0-904dab7c, prefetch_request_id=-1) [3m(storage_manager.py:716:lmcache.v1.distributed.storage_manager)[0m
[32;20m[2026-09-22 10:55:56,827] LMCache INFO:[0m Retrieved 384 tokens in 0.002 seconds [3m(lmcache_driven_transfer.py:1427:lmcache.v1.multiprocess.modules.lmcache_driven_transfer)[0m
[32;20m[2026-09-22 10:55:56,875] LMCache INFO:[0m Prefetch request completed (L1+L2): 24/24 retained keys (24 L1, 0 L2) in 0.9 ms (external_request_id=cmpl-943b2be62a75a718-0-8df542ae, prefetch_request_id=-1) [3m(storage_manager.py:716:lmcache.v1.distributed.storage_manager)[0m
[32;20m[2026-09-22 10:55:56,879] LMCache INFO:[0m Retrieved 384 tokens in 0.002 seconds [3m(lmcache_driven_transfer.py:1427:lmcache.v1.multiprocess.modules.lmcache_driven_transfer)[0m
[32;20m[2026-09-22 10:55:56,930] LMCache INFO:[0m Prefetch request completed (L1+L2): 24/24 retained keys (24 L1, 0 L2) in 1.0 ms (external_request_id=cmpl-9e630950238a3765-0-8fbcde60, prefetch_request_id=-1) [3m(storage_manager.py:716:lmcache.v1.distributed.storage_manager)[0m
[32;20m[2026-09-22 10:55:56,935] LMCache INFO:[0m Retrieved 384 tokens in 0.002 seconds [3m(lmcache_driven_transfer.py:1427:lmcache.v1.multiprocess.modules.lmcache_driven_transfer)[0m
[32;20m[2026-09-22 10:55:56,987] LMCache INFO:[0m Prefetch request completed (L1+L2): 24/24 retained keys (24 L1, 0 L2) in 1.0 ms (external_request_id=cmpl-a38a163b4090bf47-0-89a0768f, prefetch_request_id=-1) [3m(storage_manager.py:716:lmcache.v1.distributed.storage_manager)[0m
[32;20m[2026-09-22 10:55:56,991] LMCache INFO:[0m Retrieved 384 tokens in 0.002 seconds [3m(lmcache_driven_transfer.py:1427:lmcache.v1.multiprocess.modules.lmcache_driven_transfer)[0m
[32;20m[2026-09-22 10:55:58,001] LMCache INFO:[0m Prefetch request completed (L1+L2): 24/24 retained keys (24 L1, 0 L2) in 1.0 ms (external_request_id=cmpl-ac9ef10db9a3ee88-0-98d9c6bc, prefetch_request_id=-1) [3m(storage_manager.py:716:lmcache.v1.distributed.storage_manager)[0m
[32;20m[2026-09-22 10:55:58,005] LMCache INFO:[0m Retrieved 384 tokens in 0.002 seconds [3m(lmcache_driven_transfer.py:1427:lmcache.v1.multiprocess.modules.lmcache_driven_transfer)[0m
[32;20m[2026-09-22 10:55:58,122] LMCache INFO:[0m Stored 384 tokens in 0.003 seconds [3m(lmcache_driven_transfer.py:1218:lmcache.v1.multiprocess.modules.lmcache_driven_transfer)[0m
[32;20m[2026-09-22 10:55:58,266] LMCache INFO:[0m Stored 384 tokens in 0.003 seconds [3m(lmcache_driven_transfer.py:1218:lmcache.v1.multiprocess.modules.lmcache_driven_transfer)[0m
[32;20m[2026-09-22 10:55:58,380] LMCache INFO:[0m Stored 384 tokens in 0.003 seconds [3m(lmcache_driven_transfer.py:1218:lmcache.v1.multiprocess.modules.lmcache_driven_transfer)[0m
[32;20m[2026-09-22 10:55:58,469] LMCache INFO:[0m Stored 384 tokens in 0.003 seconds [3m(lmcache_driven_transfer.py:1218:lmcache.v1.multiprocess.modules.lmcache_driven_transfer)[0m
[32;20m[2026-09-22 10:55:58,560] LMCache INFO:[0m Stored 384 tokens in 0.003 seconds [3m(lmcache_driven_transfer.py:1218:lmcache.v1.multiprocess.modules.lmcache_driven_transfer)[0m
[32;20m[2026-09-22 10:55:58,650] LMCache INFO:[0m Stored 368 tokens in 0.003 seconds [3m(lmcache_driven_transfer.py:1218:lmcache.v1.multiprocess.modules.lmcache_driven_transfer)[0m
[32;20m[2026-09-22 10:55:58,741] LMCache INFO:[0m Stored 368 tokens in 0.003 seconds [3m(lmcache_driven_transfer.py:1218:lmcache.v1.multiprocess.modules.lmcache_driven_transfer)[0m
[32;20m[2026-09-22 10:55:58,830] LMCache INFO:[0m Stored 384 tokens in 0.003 seconds [3m(lmcache_driven_transfer.py:1218:lmcache.v1.multiprocess.modules.lmcache_driven_transfer)[0m
[32;20m[2026-09-22 10:55:58,920] LMCache INFO:[0m Stored 384 tokens in 0.004 seconds [3m(lmcache_driven_transfer.py:1218:lmcache.v1.multiprocess.modules.lmcache_driven_transfer)[0m
[32;20m[2026-09-22 10:55:58,930] LMCache INFO:[0m L1 memory usage 0.90 above watermark 0.80; triggering eviction. [3m(eviction_controller.py:179:lmcache.v1.distributed.storage_controllers.eviction_controller)[0m
[32;20m[2026-09-22 10:55:59,013] LMCache INFO:[0m Stored 384 tokens in 0.003 seconds [3m(lmcache_driven_transfer.py:1218:lmcache.v1.multiprocess.modules.lmcache_driven_transfer)[0m
[32;20m[2026-09-22 10:55:59,105] LMCache INFO:[0m Stored 384 tokens in 0.003 seconds [3m(lmcache_driven_transfer.py:1218:lmcache.v1.multiprocess.modules.lmcache_driven_transfer)[0m
[32;20m[2026-09-22 10:55:59,844] LMCache INFO:[0m Prefetch request completed (L1+L2): 24/24 retained keys (24 L1, 0 L2) in 1.0 ms (external_request_id=cmpl-98372ad95f5ecc61-0-900acd80, prefetch_request_id=-1) [3m(storage_manager.py:716:lmcache.v1.distributed.storage_manager)[0m
[32;20m[2026-09-22 10:55:59,848] LMCache INFO:[0m Retrieved 384 tokens in 0.002 seconds [3m(lmcache_driven_transfer.py:1427:lmcache.v1.multiprocess.modules.lmcache_driven_transfer)[0m
[32;20m[2026-09-22 10:55:59,957] LMCache INFO:[0m Stored 384 tokens in 0.003 seconds [3m(lmcache_driven_transfer.py:1218:lmcache.v1.multiprocess.modules.lmcache_driven_transfer)[0m
[32;20m[2026-09-22 10:56:00,038] LMCache INFO:[0m Stored 384 tokens in 0.003 seconds [3m(lmcache_driven_transfer.py:1218:lmcache.v1.multiprocess.modules.lmcache_driven_transfer)[0m
[32;20m[2026-09-22 10:56:00,123] LMCache INFO:[0m Stored 384 tokens in 0.003 seconds [3m(lmcache_driven_transfer.py:1218:lmcache.v1.multiprocess.modules.lmcache_driven_transfer)[0m
[32;20m[2026-09-22 10:56:00,217] LMCache INFO:[0m Stored 368 tokens in 0.003 seconds [3m(lmcache_driven_transfer.py:1218:lmcache.v1.multiprocess.modules.lmcache_driven_transfer)[0m
[32;20m[2026-09-22 10:56:00,304] LMCache INFO:[0m Stored 384 tokens in 0.003 seconds [3m(lmcache_driven_transfer.py:1218:lmcache.v1.multiprocess.modules.lmcache_driven_transfer)[0m
[32;20m[2026-09-22 10:56:00,391] LMCache INFO:[0m Stored 384 tokens in 0.003 seconds [3m(lmcache_driven_transfer.py:1218:lmcache.v1.multiprocess.modules.lmcache_driven_transfer)[0m
[32;20m[2026-09-22 10:56:00,479] LMCache INFO:[0m Stored 384 tokens in 0.003 seconds [3m(lmcache_driven_transfer.py:1218:lmcache.v1.multiprocess.modules.lmcache_driven_transfer)[0m
[32;20m[2026-09-22 10:56:00,568] LMCache INFO:[0m Stored 384 tokens in 0.003 seconds [3m(lmcache_driven_transfer.py:1218:lmcache.v1.multiprocess.modules.lmcache_driven_transfer)[0m
[32;20m[2026-09-22 10:56:00,655] LMCache INFO:[0m Stored 384 tokens in 0.002 seconds [3m(lmcache_driven_transfer.py:1218:lmcache.v1.multiprocess.modules.lmcache_driven_transfer)[0m
[32;20m[2026-09-22 10:56:00,752] LMCache INFO:[0m Stored 320 tokens in 0.003 seconds [3m(lmcache_driven_transfer.py:1218:lmcache.v1.multiprocess.modules.lmcache_driven_transfer)[0m
[32;20m[2026-09-22 10:56:00,828] LMCache INFO:[0m Stored 384 tokens in 0.003 seconds [3m(lmcache_driven_transfer.py:1218:lmcache.v1.multiprocess.modules.lmcache_driven_transfer)[0m
[32;20m[2026-09-22 10:56:00,936] LMCache INFO:[0m L1 memory usage 0.99 above watermark 0.80; triggering eviction. [3m(eviction_controller.py:179:lmcache.v1.distributed.storage_controllers.eviction_controller)[0m
[32;20m[2026-09-22 10:56:01,588] LMCache INFO:[0m Prefetch request completed (L1+L2): 24/24 retained keys (24 L1, 0 L2) in 1.0 ms (external_request_id=cmpl-add67c201eeaccd0-0-85acbb6a, prefetch_request_id=-1) [3m(storage_manager.py:716:lmcache.v1.distributed.storage_manager)[0m
[32;20m[2026-09-22 10:56:01,593] LMCache INFO:[0m Retrieved 384 tokens in 0.002 seconds [3m(lmcache_driven_transfer.py:1427:lmcache.v1.multiprocess.modules.lmcache_driven_transfer)[0m
[32;20m[2026-09-22 10:56:01,708] LMCache INFO:[0m Stored 384 tokens in 0.003 seconds [3m(lmcache_driven_transfer.py:1218:lmcache.v1.multiprocess.modules.lmcache_driven_transfer)[0m
[32;20m[2026-09-22 10:56:01,711] LMCache INFO:[0m Stored 384 tokens in 0.003 seconds [3m(lmcache_driven_transfer.py:1218:lmcache.v1.multiprocess.modules.lmcache_driven_transfer)[0m
[32;20m[2026-09-22 10:56:01,858] LMCache INFO:[0m Stored 384 tokens in 0.003 seconds [3m(lmcache_driven_transfer.py:1218:lmcache.v1.multiprocess.modules.lmcache_driven_transfer)[0m
[32;20m[2026-09-22 10:56:01,942] LMCache INFO:[0m L1 memory usage 0.87 above watermark 0.80; triggering eviction. [3m(eviction_controller.py:179:lmcache.v1.distributed.storage_controllers.eviction_controller)[0m
[32;20m[2026-09-22 10:56:01,948] LMCache INFO:[0m Stored 384 tokens in 0.009 seconds [3m(lmcache_driven_transfer.py:1218:lmcache.v1.multiprocess.modules.lmcache_driven_transfer)[0m
[32;20m[2026-09-22 10:56:02,035] LMCache INFO:[0m Stored 384 tokens in 0.003 seconds [3m(lmcache_driven_transfer.py:1218:lmcache.v1.multiprocess.modules.lmcache_driven_transfer)[0m
[32;20m[2026-09-22 10:56:02,123] LMCache INFO:[0m Stored 384 tokens in 0.003 seconds [3m(lmcache_driven_transfer.py:1218:lmcache.v1.multiprocess.modules.lmcache_driven_transfer)[0m
[32;20m[2026-09-22 10:56:02,215] LMCache INFO:[0m Stored 384 tokens in 0.003 seconds [3m(lmcache_driven_transfer.py:1218:lmcache.v1.multiprocess.modules.lmcache_driven_transfer)[0m
[32;20m[2026-09-22 10:56:02,303] LMCache INFO:[0m Stored 384 tokens in 0.003 seconds [3m(lmcache_driven_transfer.py:1218:lmcache.v1.multiprocess.modules.lmcache_driven_transfer)[0m
[32;20m[2026-09-22 10:56:02,391] LMCache INFO:[0m Stored 384 tokens in 0.003 seconds [3m(lmcache_driven_transfer.py:1218:lmcache.v1.multiprocess.modules.lmcache_driven_transfer)[0m
[32;20m[2026-09-22 10:56:02,479] LMCache INFO:[0m Stored 384 tokens in 0.003 seconds [3m(lmcache_driven_transfer.py:1218:lmcache.v1.multiprocess.modules.lmcache_driven_transfer)[0m
[32;20m[2026-09-22 10:56:02,570] LMCache INFO:[0m Stored 384 tokens in 0.003 seconds [3m(lmcache_driven_transfer.py:1218:lmcache.v1.multiprocess.modules.lmcache_driven_transfer)[0m
[32;20m[2026-09-22 10:56:02,949] LMCache INFO:[0m L1 memory usage 0.84 above watermark 0.80; triggering eviction. [3m(eviction_controller.py:179:lmcache.v1.distributed.storage_controllers.eviction_controller)[0m
[32;20m[2026-09-22 10:56:03,320] LMCache INFO:[0m Prefetch request completed (L1+L2): 24/24 retained keys (24 L1, 0 L2) in 1.0 ms (external_request_id=cmpl-8a68c03c55bac613-0-9df07f78, prefetch_request_id=-1) [3m(storage_manager.py:716:lmcache.v1.distributed.storage_manager)[0m
[32;20m[2026-09-22 10:56:03,324] LMCache INFO:[0m Retrieved 384 tokens in 0.002 seconds [3m(lmcache_driven_transfer.py:1427:lmcache.v1.multiprocess.modules.lmcache_driven_transfer)[0m
[32;20m[2026-09-22 10:56:03,396] LMCache INFO:[0m Prefetch request completed (L1+L2): 24/24 retained keys (24 L1, 0 L2) in 0.9 ms (external_request_id=cmpl-96342f8c335631bd-0-8c3c067d, prefetch_request_id=-1) [3m(storage_manager.py:716:lmcache.v1.distributed.storage_manager)[0m
[32;20m[2026-09-22 10:56:03,401] LMCache INFO:[0m Prefetch request completed (L1+L2): 24/24 retained keys (24 L1, 0 L2) in 1.2 ms (external_request_id=cmpl-bb9e10ba4f3558a6-0-b9b066a0, prefetch_request_id=-1) [3m(storage_manager.py:716:lmcache.v1.distributed.storage_manager)[0m
[32;20m[2026-09-22 10:56:03,402] LMCache INFO:[0m Retrieved 384 tokens in 0.004 seconds [3m(lmcache_driven_transfer.py:1427:lmcache.v1.multiprocess.modules.lmcache_driven_transfer)[0m
[32;20m[2026-09-22 10:56:03,409] LMCache INFO:[0m Retrieved 384 tokens in 0.003 seconds [3m(lmcache_driven_transfer.py:1427:lmcache.v1.multiprocess.modules.lmcache_driven_transfer)[0m
[32;20m[2026-09-22 10:56:03,488] LMCache INFO:[0m Prefetch request completed (L1+L2): 24/24 retained keys (24 L1, 0 L2) in 1.1 ms (external_request_id=cmpl-9801701133653359-0-955f23b3, prefetch_request_id=-1) [3m(storage_manager.py:716:lmcache.v1.distributed.storage_manager)[0m
[32;20m[2026-09-22 10:56:03,492] LMCache INFO:[0m Retrieved 384 tokens in 0.002 seconds [3m(lmcache_driven_transfer.py:1427:lmcache.v1.multiprocess.modules.lmcache_driven_transfer)[0m
[32;20m[2026-09-22 10:56:03,539] LMCache INFO:[0m Prefetch request completed (L1+L2): 24/24 retained keys (24 L1, 0 L2) in 1.0 ms (external_request_id=cmpl-ba6b7d2e3ac841a0-0-8be21db7, prefetch_request_id=-1) [3m(storage_manager.py:716:lmcache.v1.distributed.storage_manager)[0m
[32;20m[2026-09-22 10:56:03,543] LMCache INFO:[0m Retrieved 384 tokens in 0.002 seconds [3m(lmcache_driven_transfer.py:1427:lmcache.v1.multiprocess.modules.lmcache_driven_transfer)[0m
[32;20m[2026-09-22 10:56:03,595] LMCache INFO:[0m Prefetch request completed (L1+L2): 24/24 retained keys (24 L1, 0 L2) in 1.1 ms (external_request_id=cmpl-8ba6faf39484e908-0-8e7dbb7e, prefetch_request_id=-1) [3m(storage_manager.py:716:lmcache.v1.distributed.storage_manager)[0m
[32;20m[2026-09-22 10:56:03,600] LMCache INFO:[0m Retrieved 384 tokens in 0.002 seconds [3m(lmcache_driven_transfer.py:1427:lmcache.v1.multiprocess.modules.lmcache_driven_transfer)[0m
[32;20m[2026-09-22 10:56:03,651] LMCache INFO:[0m Prefetch request completed (L1+L2): 24/24 retained keys (24 L1, 0 L2) in 0.9 ms (external_request_id=cmpl-a4870aba34463950-0-ab9a3774, prefetch_request_id=-1) [3m(storage_manager.py:716:lmcache.v1.distributed.storage_manager)[0m
[32;20m[2026-09-22 10:56:03,656] LMCache INFO:[0m Retrieved 384 tokens in 0.002 seconds [3m(lmcache_driven_transfer.py:1427:lmcache.v1.multiprocess.modules.lmcache_driven_transfer)[0m
[32;20m[2026-09-22 10:56:03,705] LMCache INFO:[0m Prefetch request completed (L1+L2): 24/24 retained keys (24 L1, 0 L2) in 1.0 ms (external_request_id=cmpl-9cd060df6f284055-0-be56f094, prefetch_request_id=-1) [3m(storage_manager.py:716:lmcache.v1.distributed.storage_manager)[0m
[32;20m[2026-09-22 10:56:03,709] LMCache INFO:[0m Retrieved 384 tokens in 0.002 seconds [3m(lmcache_driven_transfer.py:1427:lmcache.v1.multiprocess.modules.lmcache_driven_transfer)[0m
[32;20m[2026-09-22 10:56:03,760] LMCache INFO:[0m Prefetch request completed (L1+L2): 24/24 retained keys (24 L1, 0 L2) in 1.1 ms (external_request_id=cmpl-b1f6b9f572941748-0-b0b71cf4, prefetch_request_id=-1) [3m(storage_manager.py:716:lmcache.v1.distributed.storage_manager)[0m
[32;20m[2026-09-22 10:56:03,765] LMCache INFO:[0m Retrieved 384 tokens in 0.002 seconds [3m(lmcache_driven_transfer.py:1427:lmcache.v1.multiprocess.modules.lmcache_driven_transfer)[0m
[32;20m[2026-09-22 10:56:03,816] LMCache INFO:[0m Prefetch request completed (L1+L2): 24/24 retained keys (24 L1, 0 L2) in 0.9 ms (external_request_id=cmpl-b68ba40cdcbb9815-0-9f59be52, prefetch_request_id=-1) [3m(storage_manager.py:716:lmcache.v1.distributed.storage_manager)[0m
[32;20m[2026-09-22 10:56:03,820] LMCache INFO:[0m Retrieved 384 tokens in 0.002 seconds [3m(lmcache_driven_transfer.py:1427:lmcache.v1.multiprocess.modules.lmcache_driven_transfer)[0m
[32;20m[2026-09-22 10:56:03,870] LMCache INFO:[0m Prefetch request completed (L1+L2): 24/24 retained keys (24 L1, 0 L2) in 0.9 ms (external_request_id=cmpl-985303621a480cff-0-8f9bfd3e, prefetch_request_id=-1) [3m(storage_manager.py:716:lmcache.v1.distributed.storage_manager)[0m
[32;20m[2026-09-22 10:56:03,874] LMCache INFO:[0m Retrieved 384 tokens in 0.002 seconds [3m(lmcache_driven_transfer.py:1427:lmcache.v1.multiprocess.modules.lmcache_driven_transfer)[0m
[32;20m[2026-09-22 10:56:03,924] LMCache INFO:[0m Prefetch request completed (L1+L2): 24/24 retained keys (24 L1, 0 L2) in 1.2 ms (external_request_id=cmpl-873cec7297aaf4d3-0-8d125e7c, prefetch_request_id=-1) [3m(storage_manager.py:716:lmcache.v1.distributed.storage_manager)[0m
[32;20m[2026-09-22 10:56:03,929] LMCache INFO:[0m Retrieved 384 tokens in 0.003 seconds [3m(lmcache_driven_transfer.py:1427:lmcache.v1.multiprocess.modules.lmcache_driven_transfer)[0m
[32;20m[2026-09-22 10:56:04,993] LMCache INFO:[0m Prefetch request completed (L1+L2): 24/24 retained keys (24 L1, 0 L2) in 1.0 ms (external_request_id=cmpl-9b89181712d9ed2c-0-aff57d2b, prefetch_request_id=-1) [3m(storage_manager.py:716:lmcache.v1.distributed.storage_manager)[0m
[32;20m[2026-09-22 10:56:04,998] LMCache INFO:[0m Retrieved 384 tokens in 0.002 seconds [3m(lmcache_driven_transfer.py:1427:lmcache.v1.multiprocess.modules.lmcache_driven_transfer)[0m
[32;20m[2026-09-22 10:56:05,075] LMCache INFO:[0m Prefetch request completed (L1+L2): 24/24 retained keys (24 L1, 0 L2) in 0.9 ms (external_request_id=cmpl-b9db87b95c158494-0-b9dad3fd, prefetch_request_id=-1) [3m(storage_manager.py:716:lmcache.v1.distributed.storage_manager)[0m
[32;20m[2026-09-22 10:56:05,080] LMCache INFO:[0m Prefetch request completed (L1+L2): 24/24 retained keys (24 L1, 0 L2) in 1.2 ms (external_request_id=cmpl-8881e458a1a8b677-0-9263d2cd, prefetch_request_id=-1) [3m(storage_manager.py:716:lmcache.v1.distributed.storage_manager)[0m
[32;20m[2026-09-22 10:56:05,081] LMCache INFO:[0m Retrieved 384 tokens in 0.004 seconds [3m(lmcache_driven_transfer.py:1427:lmcache.v1.multiprocess.modules.lmcache_driven_transfer)[0m
[32;20m[2026-09-22 10:56:05,086] LMCache INFO:[0m Retrieved 384 tokens in 0.002 seconds [3m(lmcache_driven_transfer.py:1427:lmcache.v1.multiprocess.modules.lmcache_driven_transfer)[0m
[32;20m[2026-09-22 10:56:05,172] LMCache INFO:[0m Prefetch request completed (L1+L2): 23/23 retained keys (23 L1, 0 L2) in 0.9 ms (external_request_id=cmpl-96d72bdbd67e6d4f-0-b67ef3fc, prefetch_request_id=-1) [3m(storage_manager.py:716:lmcache.v1.distributed.storage_manager)[0m
[32;20m[2026-09-22 10:56:05,177] LMCache INFO:[0m Retrieved 368 tokens in 0.002 seconds [3m(lmcache_driven_transfer.py:1427:lmcache.v1.multiprocess.modules.lmcache_driven_transfer)[0m
[32;20m[2026-09-22 10:56:05,226] LMCache INFO:[0m Prefetch request completed (L1+L2): 24/24 retained keys (24 L1, 0 L2) in 0.9 ms (external_request_id=cmpl-be392c91f034b790-0-8efd753b, prefetch_request_id=-1) [3m(storage_manager.py:716:lmcache.v1.distributed.storage_manager)[0m
[32;20m[2026-09-22 10:56:05,230] LMCache INFO:[0m Retrieved 384 tokens in 0.002 seconds [3m(lmcache_driven_transfer.py:1427:lmcache.v1.multiprocess.modules.lmcache_driven_transfer)[0m
[32;20m[2026-09-22 10:56:05,282] LMCache INFO:[0m Prefetch request completed (L1+L2): 24/24 retained keys (24 L1, 0 L2) in 1.0 ms (external_request_id=cmpl-bae28a7d548988a8-0-b790c00b, prefetch_request_id=-1) [3m(storage_manager.py:716:lmcache.v1.distributed.storage_manager)[0m
[32;20m[2026-09-22 10:56:05,287] LMCache INFO:[0m Retrieved 384 tokens in 0.002 seconds [3m(lmcache_driven_transfer.py:1427:lmcache.v1.multiprocess.modules.lmcache_driven_transfer)[0m
[32;20m[2026-09-22 10:56:05,380] LMCache INFO:[0m Stored 384 tokens in 0.003 seconds [3m(lmcache_driven_transfer.py:1218:lmcache.v1.multiprocess.modules.lmcache_driven_transfer)[0m
[32;20m[2026-09-22 10:56:05,495] LMCache INFO:[0m Stored 384 tokens in 0.003 seconds [3m(lmcache_driven_transfer.py:1218:lmcache.v1.multiprocess.modules.lmcache_driven_transfer)[0m
[32;20m[2026-09-22 10:56:05,608] LMCache INFO:[0m Stored 368 tokens in 0.003 seconds [3m(lmcache_driven_transfer.py:1218:lmcache.v1.multiprocess.modules.lmcache_driven_transfer)[0m
[32;20m[2026-09-22 10:56:05,699] LMCache INFO:[0m Stored 384 tokens in 0.003 seconds [3m(lmcache_driven_transfer.py:1218:lmcache.v1.multiprocess.modules.lmcache_driven_transfer)[0m
[32;20m[2026-09-22 10:56:05,786] LMCache INFO:[0m Stored 384 tokens in 0.002 seconds [3m(lmcache_driven_transfer.py:1218:lmcache.v1.multiprocess.modules.lmcache_driven_transfer)[0m
[32;20m[2026-09-22 10:56:05,875] LMCache INFO:[0m Stored 384 tokens in 0.003 seconds [3m(lmcache_driven_transfer.py:1218:lmcache.v1.multiprocess.modules.lmcache_driven_transfer)[0m
[32;20m[2026-09-22 10:56:05,955] LMCache INFO:[0m L1 memory usage: 0.40/0.50 GiB (79.8%) [3m(eviction_controller.py:153:lmcache.v1.distributed.storage_controllers.eviction_controller)[0m
[32;20m[2026-09-22 10:56:05,956] LMCache INFO:[0m L0<->L1 stats [cuda:0] last 10.0s: store ops=39 tokens=14848 size=0.43GB avg_copy=6.75GB/s | retrieve ops=33 tokens=12656 size=0.36GB avg_copy=3.84GB/s [3m(extra_stats.py:159:lmcache.v1.mp_observability.subscribers.logging.extra_stats)[0m
[32;20m[2026-09-22 10:56:05,956] LMCache INFO:[0m L0<->L1 stats [cuda:0] cumulative: store ops=429 tokens=160576 size=4.60GB avg_copy=5.34GB/s | retrieve ops=111 tokens=42272 size=1.21GB avg_copy=4.08GB/s [3m(extra_stats.py:168:lmcache.v1.mp_observability.subscribers.logging.extra_stats)[0m
[32;20m[2026-09-22 10:56:06,634] LMCache INFO:[0m Prefetch request completed (L1+L2): 24/24 retained keys (24 L1, 0 L2) in 1.0 ms (external_request_id=cmpl-91bc9e2211ba6c77-0-b30c572f, prefetch_request_id=-1) [3m(storage_manager.py:716:lmcache.v1.distributed.storage_manager)[0m
[32;20m[2026-09-22 10:56:06,639] LMCache INFO:[0m Retrieved 384 tokens in 0.002 seconds [3m(lmcache_driven_transfer.py:1427:lmcache.v1.multiprocess.modules.lmcache_driven_transfer)[0m
[32;20m[2026-09-22 10:56:06,750] LMCache INFO:[0m Stored 368 tokens in 0.002 seconds [3m(lmcache_driven_transfer.py:1218:lmcache.v1.multiprocess.modules.lmcache_driven_transfer)[0m
[32;20m[2026-09-22 10:56:06,831] LMCache INFO:[0m Stored 384 tokens in 0.003 seconds [3m(lmcache_driven_transfer.py:1218:lmcache.v1.multiprocess.modules.lmcache_driven_transfer)[0m
[32;20m[2026-09-22 10:56:06,914] LMCache INFO:[0m Stored 384 tokens in 0.003 seconds [3m(lmcache_driven_transfer.py:1218:lmcache.v1.multiprocess.modules.lmcache_driven_transfer)[0m
[32;20m[2026-09-22 10:56:06,956] LMCache INFO:[0m L1 memory usage 0.86 above watermark 0.80; triggering eviction. [3m(eviction_controller.py:179:lmcache.v1.distributed.storage_controllers.eviction_controller)[0m
[32;20m[2026-09-22 10:56:07,009] LMCache INFO:[0m Stored 384 tokens in 0.003 seconds [3m(lmcache_driven_transfer.py:1218:lmcache.v1.multiprocess.modules.lmcache_driven_transfer)[0m
[32;20m[2026-09-22 10:56:07,099] LMCache INFO:[0m Stored 384 tokens in 0.003 seconds [3m(lmcache_driven_transfer.py:1218:lmcache.v1.multiprocess.modules.lmcache_driven_transfer)[0m
[32;20m[2026-09-22 10:56:07,187] LMCache INFO:[0m Stored 384 tokens in 0.003 seconds [3m(lmcache_driven_transfer.py:1218:lmcache.v1.multiprocess.modules.lmcache_driven_transfer)[0m
[32;20m[2026-09-22 10:56:07,275] LMCache INFO:[0m Stored 384 tokens in 0.003 seconds [3m(lmcache_driven_transfer.py:1218:lmcache.v1.multiprocess.modules.lmcache_driven_transfer)[0m
[32;20m[2026-09-22 10:56:07,366] LMCache INFO:[0m Stored 112 tokens in 0.004 seconds [3m(lmcache_driven_transfer.py:1218:lmcache.v1.multiprocess.modules.lmcache_driven_transfer)[0m
[32;20m[2026-09-22 10:56:07,411] LMCache INFO:[0m Stored 384 tokens in 0.003 seconds [3m(lmcache_driven_transfer.py:1218:lmcache.v1.multiprocess.modules.lmcache_driven_transfer)[0m
[32;20m[2026-09-22 10:56:07,496] LMCache INFO:[0m Stored 384 tokens in 0.003 seconds [3m(lmcache_driven_transfer.py:1218:lmcache.v1.multiprocess.modules.lmcache_driven_transfer)[0m
[32;20m[2026-09-22 10:56:07,581] LMCache INFO:[0m Stored 384 tokens in 0.003 seconds [3m(lmcache_driven_transfer.py:1218:lmcache.v1.multiprocess.modules.lmcache_driven_transfer)[0m
[32;20m[2026-09-22 10:56:07,965] LMCache INFO:[0m L1 memory usage 0.84 above watermark 0.80; triggering eviction. [3m(eviction_controller.py:179:lmcache.v1.distributed.storage_controllers.eviction_controller)[0m
[32;20m[2026-09-22 10:56:08,381] LMCache INFO:[0m Prefetch request completed (L1+L2): 24/24 retained keys (24 L1, 0 L2) in 1.0 ms (external_request_id=cmpl-a02bf760a978b1e9-0-b965538e, prefetch_request_id=-1) [3m(storage_manager.py:716:lmcache.v1.distributed.storage_manager)[0m
[32;20m[2026-09-22 10:56:08,385] LMCache INFO:[0m Retrieved 384 tokens in 0.002 seconds [3m(lmcache_driven_transfer.py:1427:lmcache.v1.multiprocess.modules.lmcache_driven_transfer)[0m
[32;20m[2026-09-22 10:56:08,462] LMCache INFO:[0m Prefetch request completed (L1+L2): 24/24 retained keys (24 L1, 0 L2) in 1.0 ms (external_request_id=cmpl-b96f330af9480de5-0-a24e1140, prefetch_request_id=-1) [3m(storage_manager.py:716:lmcache.v1.distributed.storage_manager)[0m
[32;20m[2026-09-22 10:56:08,468] LMCache INFO:[0m Prefetch request completed (L1+L2): 24/24 retained keys (24 L1, 0 L2) in 1.3 ms (external_request_id=cmpl-99dc5ea44ca6a561-0-9bbf1d64, prefetch_request_id=-1) [3m(storage_manager.py:716:lmcache.v1.distributed.storage_manager)[0m
[32;20m[2026-09-22 10:56:08,468] LMCache INFO:[0m Retrieved 384 tokens in 0.004 seconds [3m(lmcache_driven_transfer.py:1427:lmcache.v1.multiprocess.modules.lmcache_driven_transfer)[0m
[32;20m[2026-09-22 10:56:08,475] LMCache INFO:[0m Retrieved 384 tokens in 0.003 seconds [3m(lmcache_driven_transfer.py:1427:lmcache.v1.multiprocess.modules.lmcache_driven_transfer)[0m
[32;20m[2026-09-22 10:56:08,553] LMCache INFO:[0m Prefetch request completed (L1+L2): 24/24 retained keys (24 L1, 0 L2) in 1.1 ms (external_request_id=cmpl-93964d41f94e8570-0-98d13036, prefetch_request_id=-1) [3m(storage_manager.py:716:lmcache.v1.distributed.storage_manager)[0m
[32;20m[2026-09-22 10:56:08,557] LMCache INFO:[0m Retrieved 384 tokens in 0.002 seconds [3m(lmcache_driven_transfer.py:1427:lmcache.v1.multiprocess.modules.lmcache_driven_transfer)[0m
[32;20m[2026-09-22 10:56:08,608] LMCache INFO:[0m Prefetch request completed (L1+L2): 24/24 retained keys (24 L1, 0 L2) in 0.9 ms (external_request_id=cmpl-87c858a4f8a1a230-0-84f7e8af, prefetch_request_id=-1) [3m(storage_manager.py:716:lmcache.v1.distributed.storage_manager)[0m
[32;20m[2026-09-22 10:56:08,612] LMCache INFO:[0m Retrieved 384 tokens in 0.002 seconds [3m(lmcache_driven_transfer.py:1427:lmcache.v1.multiprocess.modules.lmcache_driven_transfer)[0m
[32;20m[2026-09-22 10:56:08,664] LMCache INFO:[0m Prefetch request completed (L1+L2): 24/24 retained keys (24 L1, 0 L2) in 0.9 ms (external_request_id=cmpl-9bd0807e53b41595-0-8f07e744, prefetch_request_id=-1) [3m(storage_manager.py:716:lmcache.v1.distributed.storage_manager)[0m
[32;20m[2026-09-22 10:56:08,668] LMCache INFO:[0m Retrieved 384 tokens in 0.002 seconds [3m(lmcache_driven_transfer.py:1427:lmcache.v1.multiprocess.modules.lmcache_driven_transfer)[0m
[32;20m[2026-09-22 10:56:08,723] LMCache INFO:[0m Prefetch request completed (L1+L2): 24/24 retained keys (24 L1, 0 L2) in 1.1 ms (external_request_id=cmpl-82feca8c46cf0fa8-0-a758a322, prefetch_request_id=-1) [3m(storage_manager.py:716:lmcache.v1.distributed.storage_manager)[0m
[32;20m[2026-09-22 10:56:08,727] LMCache INFO:[0m Retrieved 384 tokens in 0.002 seconds [3m(lmcache_driven_transfer.py:1427:lmcache.v1.multiprocess.modules.lmcache_driven_transfer)[0m
[32;20m[2026-09-22 10:56:08,782] LMCache INFO:[0m Prefetch request completed (L1+L2): 24/24 retained keys (24 L1, 0 L2) in 1.1 ms (external_request_id=cmpl-9f248c50cfb04bf9-0-96aef6d5, prefetch_request_id=-1) [3m(storage_manager.py:716:lmcache.v1.distributed.storage_manager)[0m
[32;20m[2026-09-22 10:56:08,786] LMCache INFO:[0m Retrieved 384 tokens in 0.002 seconds [3m(lmcache_driven_transfer.py:1427:lmcache.v1.multiprocess.modules.lmcache_driven_transfer)[0m
[32;20m[2026-09-22 10:56:08,837] LMCache INFO:[0m Prefetch request completed (L1+L2): 24/24 retained keys (24 L1, 0 L2) in 1.1 ms (external_request_id=cmpl-baf8300b08a67e7d-0-a247f5f1, prefetch_request_id=-1) [3m(storage_manager.py:716:lmcache.v1.distributed.storage_manager)[0m
[32;20m[2026-09-22 10:56:08,842] LMCache INFO:[0m Retrieved 384 tokens in 0.002 seconds [3m(lmcache_driven_transfer.py:1427:lmcache.v1.multiprocess.modules.lmcache_driven_transfer)[0m
[32;20m[2026-09-22 10:56:08,890] LMCache INFO:[0m Prefetch request completed (L1+L2): 23/23 retained keys (23 L1, 0 L2) in 1.0 ms (external_request_id=cmpl-b295024eb2cb89fe-0-8ffa3993, prefetch_request_id=-1) [3m(storage_manager.py:716:lmcache.v1.distributed.storage_manager)[0m
[32;20m[2026-09-22 10:56:08,895] LMCache INFO:[0m Retrieved 368 tokens in 0.002 seconds [3m(lmcache_driven_transfer.py:1427:lmcache.v1.multiprocess.modules.lmcache_driven_transfer)[0m
[32;20m[2026-09-22 10:56:08,943] LMCache INFO:[0m Prefetch request completed (L1+L2): 24/24 retained keys (24 L1, 0 L2) in 0.8 ms (external_request_id=cmpl-99529a3ca1dd9710-0-aeca1010, prefetch_request_id=-1) [3m(storage_manager.py:716:lmcache.v1.distributed.storage_manager)[0m
[32;20m[2026-09-22 10:56:08,948] LMCache INFO:[0m Retrieved 384 tokens in 0.002 seconds [3m(lmcache_driven_transfer.py:1427:lmcache.v1.multiprocess.modules.lmcache_driven_transfer)[0m
[32;20m[2026-09-22 10:56:08,997] LMCache INFO:[0m Prefetch request completed (L1+L2): 7/7 retained keys (7 L1, 0 L2) in 0.9 ms (external_request_id=cmpl-b3e2793690a196e6-0-92a7d6a7, prefetch_request_id=-1) [3m(storage_manager.py:716:lmcache.v1.distributed.storage_manager)[0m
[32;20m[2026-09-22 10:56:09,001] LMCache INFO:[0m Retrieved 112 tokens in 0.002 seconds [3m(lmcache_driven_transfer.py:1427:lmcache.v1.multiprocess.modules.lmcache_driven_transfer)[0m
[32;20m[2026-09-22 10:56:10,059] LMCache INFO:[0m Prefetch request completed (L1+L2): 24/24 retained keys (24 L1, 0 L2) in 1.1 ms (external_request_id=cmpl-9314ca4106e1edcb-0-9eb5b1fd, prefetch_request_id=-1) [3m(storage_manager.py:716:lmcache.v1.distributed.storage_manager)[0m
[32;20m[2026-09-22 10:56:10,064] LMCache INFO:[0m Retrieved 384 tokens in 0.002 seconds [3m(lmcache_driven_transfer.py:1427:lmcache.v1.multiprocess.modules.lmcache_driven_transfer)[0m
[32;20m[2026-09-22 10:56:10,179] LMCache INFO:[0m Stored 384 tokens in 0.003 seconds [3m(lmcache_driven_transfer.py:1218:lmcache.v1.multiprocess.modules.lmcache_driven_transfer)[0m
[32;20m[2026-09-22 10:56:10,293] LMCache INFO:[0m Stored 384 tokens in 0.005 seconds [3m(lmcache_driven_transfer.py:1218:lmcache.v1.multiprocess.modules.lmcache_driven_transfer)[0m
[32;20m[2026-09-22 10:56:10,404] LMCache INFO:[0m Stored 384 tokens in 0.003 seconds [3m(lmcache_driven_transfer.py:1218:lmcache.v1.multiprocess.modules.lmcache_driven_transfer)[0m
[32;20m[2026-09-22 10:56:10,490] LMCache INFO:[0m Stored 384 tokens in 0.003 seconds [3m(lmcache_driven_transfer.py:1218:lmcache.v1.multiprocess.modules.lmcache_driven_transfer)[0m
[32;20m[2026-09-22 10:56:10,576] LMCache INFO:[0m Stored 384 tokens in 0.003 seconds [3m(lmcache_driven_transfer.py:1218:lmcache.v1.multiprocess.modules.lmcache_driven_transfer)[0m
[32;20m[2026-09-22 10:56:10,667] LMCache INFO:[0m Stored 64 tokens in 0.003 seconds [3m(lmcache_driven_transfer.py:1218:lmcache.v1.multiprocess.modules.lmcache_driven_transfer)[0m
[32;20m[2026-09-22 10:56:10,717] LMCache INFO:[0m Stored 384 tokens in 0.003 seconds [3m(lmcache_driven_transfer.py:1218:lmcache.v1.multiprocess.modules.lmcache_driven_transfer)[0m
[32;20m[2026-09-22 10:56:10,802] LMCache INFO:[0m Stored 384 tokens in 0.003 seconds [3m(lmcache_driven_transfer.py:1218:lmcache.v1.multiprocess.modules.lmcache_driven_transfer)[0m
[32;20m[2026-09-22 10:56:10,892] LMCache INFO:[0m Stored 368 tokens in 0.003 seconds [3m(lmcache_driven_transfer.py:1218:lmcache.v1.multiprocess.modules.lmcache_driven_transfer)[0m
[32;20m[2026-09-22 10:56:10,972] LMCache INFO:[0m L1 memory usage 0.84 above watermark 0.80; triggering eviction. [3m(eviction_controller.py:179:lmcache.v1.distributed.storage_controllers.eviction_controller)[0m
[32;20m[2026-09-22 10:56:10,981] LMCache INFO:[0m Stored 384 tokens in 0.003 seconds [3m(lmcache_driven_transfer.py:1218:lmcache.v1.multiprocess.modules.lmcache_driven_transfer)[0m
[32;20m[2026-09-22 10:56:11,071] LMCache INFO:[0m Stored 384 tokens in 0.003 seconds [3m(lmcache_driven_transfer.py:1218:lmcache.v1.multiprocess.modules.lmcache_driven_transfer)[0m
[32;20m[2026-09-22 10:56:11,754] LMCache INFO:[0m Prefetch request completed (L1+L2): 4/4 retained keys (4 L1, 0 L2) in 1.0 ms (external_request_id=cmpl-9800a9046db93643-0-a8c3546d, prefetch_request_id=-1) [3m(storage_manager.py:716:lmcache.v1.distributed.storage_manager)[0m
[32;20m[2026-09-22 10:56:11,758] LMCache INFO:[0m Retrieved 64 tokens in 0.001 seconds [3m(lmcache_driven_transfer.py:1427:lmcache.v1.multiprocess.modules.lmcache_driven_transfer)[0m
[32;20m[2026-09-22 10:56:11,875] LMCache INFO:[0m Stored 384 tokens in 0.003 seconds [3m(lmcache_driven_transfer.py:1218:lmcache.v1.multiprocess.modules.lmcache_driven_transfer)[0m
[32;20m[2026-09-22 10:56:11,948] LMCache INFO:[0m Stored 384 tokens in 0.003 seconds [3m(lmcache_driven_transfer.py:1218:lmcache.v1.multiprocess.modules.lmcache_driven_transfer)[0m
[32;20m[2026-09-22 10:56:12,040] LMCache INFO:[0m Stored 384 tokens in 0.003 seconds [3m(lmcache_driven_transfer.py:1218:lmcache.v1.multiprocess.modules.lmcache_driven_transfer)[0m
[32;20m[2026-09-22 10:56:12,125] LMCache INFO:[0m Stored 384 tokens in 0.003 seconds [3m(lmcache_driven_transfer.py:1218:lmcache.v1.multiprocess.modules.lmcache_driven_transfer)[0m
[32;20m[2026-09-22 10:56:12,213] LMCache INFO:[0m Stored 384 tokens in 0.003 seconds [3m(lmcache_driven_transfer.py:1218:lmcache.v1.multiprocess.modules.lmcache_driven_transfer)[0m
[32;20m[2026-09-22 10:56:12,303] LMCache INFO:[0m Stored 384 tokens in 0.003 seconds [3m(lmcache_driven_transfer.py:1218:lmcache.v1.multiprocess.modules.lmcache_driven_transfer)[0m
[32;20m[2026-09-22 10:56:12,393] LMCache INFO:[0m Stored 384 tokens in 0.003 seconds [3m(lmcache_driven_transfer.py:1218:lmcache.v1.multiprocess.modules.lmcache_driven_transfer)[0m
[32;20m[2026-09-22 10:56:12,481] LMCache INFO:[0m Stored 384 tokens in 0.003 seconds [3m(lmcache_driven_transfer.py:1218:lmcache.v1.multiprocess.modules.lmcache_driven_transfer)[0m
[32;20m[2026-09-22 10:56:12,570] LMCache INFO:[0m Stored 384 tokens in 0.003 seconds [3m(lmcache_driven_transfer.py:1218:lmcache.v1.multiprocess.modules.lmcache_driven_transfer)[0m
[32;20m[2026-09-22 10:56:12,658] LMCache INFO:[0m Stored 384 tokens in 0.003 seconds [3m(lmcache_driven_transfer.py:1218:lmcache.v1.multiprocess.modules.lmcache_driven_transfer)[0m
[32;20m[2026-09-22 10:56:12,744] LMCache INFO:[0m Stored 384 tokens in 0.003 seconds [3m(lmcache_driven_transfer.py:1218:lmcache.v1.multiprocess.modules.lmcache_driven_transfer)[0m
[32;20m[2026-09-22 10:56:12,979] LMCache INFO:[0m L1 memory usage 0.94 above watermark 0.80; triggering eviction. [3m(eviction_controller.py:179:lmcache.v1.distributed.storage_controllers.eviction_controller)[0m
[32;20m[2026-09-22 10:56:13,504] LMCache INFO:[0m Prefetch request completed (L1+L2): 24/24 retained keys (24 L1, 0 L2) in 1.0 ms (external_request_id=cmpl-a1e8578ca6c023c4-0-92f25804, prefetch_request_id=-1) [3m(storage_manager.py:716:lmcache.v1.distributed.storage_manager)[0m
[32;20m[2026-09-22 10:56:13,509] LMCache INFO:[0m Retrieved 384 tokens in 0.002 seconds [3m(lmcache_driven_transfer.py:1427:lmcache.v1.multiprocess.modules.lmcache_driven_transfer)[0m
[32;20m[2026-09-22 10:56:13,623] LMCache INFO:[0m Stored 384 tokens in 0.003 seconds [3m(lmcache_driven_transfer.py:1218:lmcache.v1.multiprocess.modules.lmcache_driven_transfer)[0m
[32;20m[2026-09-22 10:56:13,701] LMCache INFO:[0m Stored 384 tokens in 0.003 seconds [3m(lmcache_driven_transfer.py:1218:lmcache.v1.multiprocess.modules.lmcache_driven_transfer)[0m
[32;20m[2026-09-22 10:56:13,797] LMCache INFO:[0m Stored 384 tokens in 0.003 seconds [3m(lmcache_driven_transfer.py:1218:lmcache.v1.multiprocess.modules.lmcache_driven_transfer)[0m
[32;20m[2026-09-22 10:56:13,882] LMCache INFO:[0m Stored 384 tokens in 0.003 seconds [3m(lmcache_driven_transfer.py:1218:lmcache.v1.multiprocess.modules.lmcache_driven_transfer)[0m
[32;20m[2026-09-22 10:56:13,973] LMCache INFO:[0m Stored 384 tokens in 0.003 seconds [3m(lmcache_driven_transfer.py:1218:lmcache.v1.multiprocess.modules.lmcache_driven_transfer)[0m
[32;20m[2026-09-22 10:56:13,986] LMCache INFO:[0m L1 memory usage 0.85 above watermark 0.80; triggering eviction. [3m(eviction_controller.py:179:lmcache.v1.distributed.storage_controllers.eviction_controller)[0m
[32;20m[2026-09-22 10:56:14,066] LMCache INFO:[0m Stored 384 tokens in 0.003 seconds [3m(lmcache_driven_transfer.py:1218:lmcache.v1.multiprocess.modules.lmcache_driven_transfer)[0m
[32;20m[2026-09-22 10:56:14,154] LMCache INFO:[0m Stored 384 tokens in 0.005 seconds [3m(lmcache_driven_transfer.py:1218:lmcache.v1.multiprocess.modules.lmcache_driven_transfer)[0m
[32;20m[2026-09-22 10:56:14,241] LMCache INFO:[0m Stored 384 tokens in 0.002 seconds [3m(lmcache_driven_transfer.py:1218:lmcache.v1.multiprocess.modules.lmcache_driven_transfer)[0m
[32;20m[2026-09-22 10:56:14,329] LMCache INFO:[0m Stored 384 tokens in 0.003 seconds [3m(lmcache_driven_transfer.py:1218:lmcache.v1.multiprocess.modules.lmcache_driven_transfer)[0m
[32;20m[2026-09-22 10:56:14,419] LMCache INFO:[0m Stored 384 tokens in 0.003 seconds [3m(lmcache_driven_transfer.py:1218:lmcache.v1.multiprocess.modules.lmcache_driven_transfer)[0m
[32;20m[2026-09-22 10:56:14,511] LMCache INFO:[0m Stored 384 tokens in 0.003 seconds [3m(lmcache_driven_transfer.py:1218:lmcache.v1.multiprocess.modules.lmcache_driven_transfer)[0m
[32;20m[2026-09-22 10:56:14,992] LMCache INFO:[0m L1 memory usage 0.81 above watermark 0.80; triggering eviction. [3m(eviction_controller.py:179:lmcache.v1.distributed.storage_controllers.eviction_controller)[0m
[32;20m[2026-09-22 10:56:15,165] LMCache INFO:[0m Prefetch request completed (L1+L2): 24/24 retained keys (24 L1, 0 L2) in 1.0 ms (external_request_id=cmpl-82b956749155c163-0-871d8c28, prefetch_request_id=-1) [3m(storage_manager.py:716:lmcache.v1.distributed.storage_manager)[0m
[32;20m[2026-09-22 10:56:15,170] LMCache INFO:[0m Retrieved 384 tokens in 0.002 seconds [3m(lmcache_driven_transfer.py:1427:lmcache.v1.multiprocess.modules.lmcache_driven_transfer)[0m
[32;20m[2026-09-22 10:56:15,286] LMCache INFO:[0m Stored 384 tokens in 0.003 seconds [3m(lmcache_driven_transfer.py:1218:lmcache.v1.multiprocess.modules.lmcache_driven_transfer)[0m
[32;20m[2026-09-22 10:56:15,360] LMCache INFO:[0m Stored 384 tokens in 0.003 seconds [3m(lmcache_driven_transfer.py:1218:lmcache.v1.multiprocess.modules.lmcache_driven_transfer)[0m
[32;20m[2026-09-22 10:56:15,450] LMCache INFO:[0m Stored 384 tokens in 0.003 seconds [3m(lmcache_driven_transfer.py:1218:lmcache.v1.multiprocess.modules.lmcache_driven_transfer)[0m
[32;20m[2026-09-22 10:56:15,536] LMCache INFO:[0m Stored 384 tokens in 0.003 seconds [3m(lmcache_driven_transfer.py:1218:lmcache.v1.multiprocess.modules.lmcache_driven_transfer)[0m
[32;20m[2026-09-22 10:56:15,628] LMCache INFO:[0m Stored 384 tokens in 0.003 seconds [3m(lmcache_driven_transfer.py:1218:lmcache.v1.multiprocess.modules.lmcache_driven_transfer)[0m
[32;20m[2026-09-22 10:56:15,718] LMCache INFO:[0m Stored 384 tokens in 0.003 seconds [3m(lmcache_driven_transfer.py:1218:lmcache.v1.multiprocess.modules.lmcache_driven_transfer)[0m
[32;20m[2026-09-22 10:56:15,808] LMCache INFO:[0m Stored 384 tokens in 0.003 seconds [3m(lmcache_driven_transfer.py:1218:lmcache.v1.multiprocess.modules.lmcache_driven_transfer)[0m
[32;20m[2026-09-22 10:56:15,896] LMCache INFO:[0m Stored 384 tokens in 0.003 seconds [3m(lmcache_driven_transfer.py:1218:lmcache.v1.multiprocess.modules.lmcache_driven_transfer)[0m
[32;20m[2026-09-22 10:56:15,985] LMCache INFO:[0m Stored 384 tokens in 0.003 seconds [3m(lmcache_driven_transfer.py:1218:lmcache.v1.multiprocess.modules.lmcache_driven_transfer)[0m
[32;20m[2026-09-22 10:56:15,998] LMCache INFO:[0m L1 memory usage: 0.42/0.50 GiB (83.4%) [3m(eviction_controller.py:153:lmcache.v1.distributed.storage_controllers.eviction_controller)[0m
[32;20m[2026-09-22 10:56:15,998] LMCache INFO:[0m L1 memory usage 0.83 above watermark 0.80; triggering eviction. [3m(eviction_controller.py:179:lmcache.v1.distributed.storage_controllers.eviction_controller)[0m
[32;20m[2026-09-22 10:56:16,003] LMCache INFO:[0m L0<->L1 stats [cuda:0] last 10.0s: store ops=52 tokens=19344 size=0.55GB avg_copy=6.25GB/s | retrieve ops=17 tokens=5920 size=0.17GB avg_copy=4.22GB/s [3m(extra_stats.py:159:lmcache.v1.mp_observability.subscribers.logging.extra_stats)[0m
[32;20m[2026-09-22 10:56:16,003] LMCache INFO:[0m L0<->L1 stats [cuda:0] cumulative: store ops=481 tokens=179920 size=5.16GB avg_copy=5.42GB/s | retrieve ops=128 tokens=48192 size=1.38GB avg_copy=4.09GB/s [3m(extra_stats.py:168:lmcache.v1.mp_observability.subscribers.logging.extra_stats)[0m
[32;20m[2026-09-22 10:56:16,073] LMCache INFO:[0m Stored 384 tokens in 0.003 seconds [3m(lmcache_driven_transfer.py:1218:lmcache.v1.multiprocess.modules.lmcache_driven_transfer)[0m
[32;20m[2026-09-22 10:56:16,162] LMCache INFO:[0m Stored 384 tokens in 0.003 seconds [3m(lmcache_driven_transfer.py:1218:lmcache.v1.multiprocess.modules.lmcache_driven_transfer)[0m
[32;20m[2026-09-22 10:56:16,915] LMCache INFO:[0m Prefetch request completed (L1+L2): 24/24 retained keys (24 L1, 0 L2) in 1.1 ms (external_request_id=cmpl-ba34e10f62008acb-0-87a8f4c8, prefetch_request_id=-1) [3m(storage_manager.py:716:lmcache.v1.distributed.storage_manager)[0m
[32;20m[2026-09-22 10:56:16,920] LMCache INFO:[0m Retrieved 384 tokens in 0.002 seconds [3m(lmcache_driven_transfer.py:1427:lmcache.v1.multiprocess.modules.lmcache_driven_transfer)[0m
[32;20m[2026-09-22 10:56:17,041] LMCache INFO:[0m Stored 384 tokens in 0.003 seconds [3m(lmcache_driven_transfer.py:1218:lmcache.v1.multiprocess.modules.lmcache_driven_transfer)[0m
[32;20m[2026-09-22 10:56:17,118] LMCache INFO:[0m Stored 384 tokens in 0.003 seconds [3m(lmcache_driven_transfer.py:1218:lmcache.v1.multiprocess.modules.lmcache_driven_transfer)[0m
[32;20m[2026-09-22 10:56:17,204] LMCache INFO:[0m Stored 384 tokens in 0.003 seconds [3m(lmcache_driven_transfer.py:1218:lmcache.v1.multiprocess.modules.lmcache_driven_transfer)[0m
[32;20m[2026-09-22 10:56:17,291] LMCache INFO:[0m Stored 384 tokens in 0.003 seconds [3m(lmcache_driven_transfer.py:1218:lmcache.v1.multiprocess.modules.lmcache_driven_transfer)[0m
[32;20m[2026-09-22 10:56:17,381] LMCache INFO:[0m Stored 384 tokens in 0.002 seconds [3m(lmcache_driven_transfer.py:1218:lmcache.v1.multiprocess.modules.lmcache_driven_transfer)[0m
[32;20m[2026-09-22 10:56:17,473] LMCache INFO:[0m Stored 384 tokens in 0.003 seconds [3m(lmcache_driven_transfer.py:1218:lmcache.v1.multiprocess.modules.lmcache_driven_transfer)[0m
[32;20m[2026-09-22 10:56:17,557] LMCache INFO:[0m Stored 384 tokens in 0.003 seconds [3m(lmcache_driven_transfer.py:1218:lmcache.v1.multiprocess.modules.lmcache_driven_transfer)[0m
[32;20m[2026-09-22 10:56:17,649] LMCache INFO:[0m Stored 384 tokens in 0.003 seconds [3m(lmcache_driven_transfer.py:1218:lmcache.v1.multiprocess.modules.lmcache_driven_transfer)[0m
[32;20m[2026-09-22 10:56:17,739] LMCache INFO:[0m Stored 384 tokens in 0.003 seconds [3m(lmcache_driven_transfer.py:1218:lmcache.v1.multiprocess.modules.lmcache_driven_transfer)[0m
[32;20m[2026-09-22 10:56:17,834] LMCache INFO:[0m Stored 384 tokens in 0.005 seconds [3m(lmcache_driven_transfer.py:1218:lmcache.v1.multiprocess.modules.lmcache_driven_transfer)[0m
[32;20m[2026-09-22 10:56:17,920] LMCache INFO:[0m Stored 384 tokens in 0.003 seconds [3m(lmcache_driven_transfer.py:1218:lmcache.v1.multiprocess.modules.lmcache_driven_transfer)[0m
[32;20m[2026-09-22 10:56:18,003] LMCache INFO:[0m L1 memory usage 0.94 above watermark 0.80; triggering eviction. [3m(eviction_controller.py:179:lmcache.v1.distributed.storage_controllers.eviction_controller)[0m
[32;20m[2026-09-22 10:56:18,671] LMCache INFO:[0m Prefetch request completed (L1+L2): 24/24 retained keys (24 L1, 0 L2) in 1.1 ms (external_request_id=cmpl-aff78365a44d627e-0-9dff3dbf, prefetch_request_id=-1) [3m(storage_manager.py:716:lmcache.v1.distributed.storage_manager)[0m
[32;20m[2026-09-22 10:56:18,676] LMCache INFO:[0m Retrieved 384 tokens in 0.002 seconds [3m(lmcache_driven_transfer.py:1427:lmcache.v1.multiprocess.modules.lmcache_driven_transfer)[0m
[32;20m[2026-09-22 10:56:18,791] LMCache INFO:[0m Stored 384 tokens in 0.003 seconds [3m(lmcache_driven_transfer.py:1218:lmcache.v1.multiprocess.modules.lmcache_driven_transfer)[0m
[32;20m[2026-09-22 10:56:18,866] LMCache INFO:[0m Stored 384 tokens in 0.003 seconds [3m(lmcache_driven_transfer.py:1218:lmcache.v1.multiprocess.modules.lmcache_driven_transfer)[0m
[32;20m[2026-09-22 10:56:18,960] LMCache INFO:[0m Stored 384 tokens in 0.003 seconds [3m(lmcache_driven_transfer.py:1218:lmcache.v1.multiprocess.modules.lmcache_driven_transfer)[0m
[32;20m[2026-09-22 10:56:19,010] LMCache INFO:[0m L1 memory usage 0.81 above watermark 0.80; triggering eviction. [3m(eviction_controller.py:179:lmcache.v1.distributed.storage_controllers.eviction_controller)[0m
[32;20m[2026-09-22 10:56:19,049] LMCache INFO:[0m Stored 384 tokens in 0.003 seconds [3m(lmcache_driven_transfer.py:1218:lmcache.v1.multiprocess.modules.lmcache_driven_transfer)[0m
[32;20m[2026-09-22 10:56:19,142] LMCache INFO:[0m Stored 384 tokens in 0.003 seconds [3m(lmcache_driven_transfer.py:1218:lmcache.v1.multiprocess.modules.lmcache_driven_transfer)[0m
[32;20m[2026-09-22 10:56:19,235] LMCache INFO:[0m Stored 384 tokens in 0.003 seconds [3m(lmcache_driven_transfer.py:1218:lmcache.v1.multiprocess.modules.lmcache_driven_transfer)[0m
[32;20m[2026-09-22 10:56:19,319] LMCache INFO:[0m Stored 384 tokens in 0.003 seconds [3m(lmcache_driven_transfer.py:1218:lmcache.v1.multiprocess.modules.lmcache_driven_transfer)[0m
[32;20m[2026-09-22 10:56:19,408] LMCache INFO:[0m Stored 384 tokens in 0.003 seconds [3m(lmcache_driven_transfer.py:1218:lmcache.v1.multiprocess.modules.lmcache_driven_transfer)[0m
[32;20m[2026-09-22 10:56:19,495] LMCache INFO:[0m Stored 384 tokens in 0.003 seconds [3m(lmcache_driven_transfer.py:1218:lmcache.v1.multiprocess.modules.lmcache_driven_transfer)[0m
[32;20m[2026-09-22 10:56:19,586] LMCache INFO:[0m Stored 384 tokens in 0.003 seconds [3m(lmcache_driven_transfer.py:1218:lmcache.v1.multiprocess.modules.lmcache_driven_transfer)[0m
[32;20m[2026-09-22 10:56:19,678] LMCache INFO:[0m Stored 384 tokens in 0.003 seconds [3m(lmcache_driven_transfer.py:1218:lmcache.v1.multiprocess.modules.lmcache_driven_transfer)[0m
[32;20m[2026-09-22 10:56:20,017] LMCache INFO:[0m L1 memory usage 0.81 above watermark 0.80; triggering eviction. [3m(eviction_controller.py:179:lmcache.v1.distributed.storage_controllers.eviction_controller)[0m
[32;20m[2026-09-22 10:56:20,331] LMCache INFO:[0m Prefetch request completed (L1+L2): 24/24 retained keys (24 L1, 0 L2) in 1.0 ms (external_request_id=cmpl-a488b7e0ab905110-0-88524ae9, prefetch_request_id=-1) [3m(storage_manager.py:716:lmcache.v1.distributed.storage_manager)[0m
[32;20m[2026-09-22 10:56:20,335] LMCache INFO:[0m Retrieved 384 tokens in 0.002 seconds [3m(lmcache_driven_transfer.py:1427:lmcache.v1.multiprocess.modules.lmcache_driven_transfer)[0m
[32;20m[2026-09-22 10:56:20,451] LMCache INFO:[0m Stored 384 tokens in 0.003 seconds [3m(lmcache_driven_transfer.py:1218:lmcache.v1.multiprocess.modules.lmcache_driven_transfer)[0m
[32;20m[2026-09-22 10:56:20,528] LMCache INFO:[0m Stored 384 tokens in 0.003 seconds [3m(lmcache_driven_transfer.py:1218:lmcache.v1.multiprocess.modules.lmcache_driven_transfer)[0m
[32;20m[2026-09-22 10:56:20,617] LMCache INFO:[0m Stored 384 tokens in 0.003 seconds [3m(lmcache_driven_transfer.py:1218:lmcache.v1.multiprocess.modules.lmcache_driven_transfer)[0m
[32;20m[2026-09-22 10:56:20,708] LMCache INFO:[0m Stored 384 tokens in 0.003 seconds [3m(lmcache_driven_transfer.py:1218:lmcache.v1.multiprocess.modules.lmcache_driven_transfer)[0m
[32;20m[2026-09-22 10:56:20,799] LMCache INFO:[0m Stored 384 tokens in 0.003 seconds [3m(lmcache_driven_transfer.py:1218:lmcache.v1.multiprocess.modules.lmcache_driven_transfer)[0m
[32;20m[2026-09-22 10:56:20,888] LMCache INFO:[0m Stored 240 tokens in 0.002 seconds [3m(lmcache_driven_transfer.py:1218:lmcache.v1.multiprocess.modules.lmcache_driven_transfer)[0m
[32;20m[2026-09-22 10:56:20,945] LMCache INFO:[0m Stored 384 tokens in 0.003 seconds [3m(lmcache_driven_transfer.py:1218:lmcache.v1.multiprocess.modules.lmcache_driven_transfer)[0m
[32;20m[2026-09-22 10:56:21,035] LMCache INFO:[0m Stored 384 tokens in 0.003 seconds [3m(lmcache_driven_transfer.py:1218:lmcache.v1.multiprocess.modules.lmcache_driven_transfer)[0m
[32;20m[2026-09-22 10:56:21,126] LMCache INFO:[0m Stored 384 tokens in 0.002 seconds [3m(lmcache_driven_transfer.py:1218:lmcache.v1.multiprocess.modules.lmcache_driven_transfer)[0m
[32;20m[2026-09-22 10:56:21,211] LMCache INFO:[0m Stored 384 tokens in 0.003 seconds [3m(lmcache_driven_transfer.py:1218:lmcache.v1.multiprocess.modules.lmcache_driven_transfer)[0m
[32;20m[2026-09-22 10:56:21,301] LMCache INFO:[0m Stored 384 tokens in 0.003 seconds [3m(lmcache_driven_transfer.py:1218:lmcache.v1.multiprocess.modules.lmcache_driven_transfer)[0m
[32;20m[2026-09-22 10:56:22,024] LMCache INFO:[0m L1 memory usage 0.87 above watermark 0.80; triggering eviction. [3m(eviction_controller.py:179:lmcache.v1.distributed.storage_controllers.eviction_controller)[0m
[32;20m[2026-09-22 10:56:22,082] LMCache INFO:[0m Prefetch request completed (L1+L2): 24/24 retained keys (24 L1, 0 L2) in 0.9 ms (external_request_id=cmpl-97e9ad52a02c3bb1-0-818bbc75, prefetch_request_id=-1) [3m(storage_manager.py:716:lmcache.v1.distributed.storage_manager)[0m
[32;20m[2026-09-22 10:56:22,087] LMCache INFO:[0m Retrieved 384 tokens in 0.002 seconds [3m(lmcache_driven_transfer.py:1427:lmcache.v1.multiprocess.modules.lmcache_driven_transfer)[0m
[32;20m[2026-09-22 10:56:22,198] LMCache INFO:[0m Stored 384 tokens in 0.003 seconds [3m(lmcache_driven_transfer.py:1218:lmcache.v1.multiprocess.modules.lmcache_driven_transfer)[0m
[32;20m[2026-09-22 10:56:22,275] LMCache INFO:[0m Stored 384 tokens in 0.003 seconds [3m(lmcache_driven_transfer.py:1218:lmcache.v1.multiprocess.modules.lmcache_driven_transfer)[0m
[32;20m[2026-09-22 10:56:22,363] LMCache INFO:[0m Stored 384 tokens in 0.003 seconds [3m(lmcache_driven_transfer.py:1218:lmcache.v1.multiprocess.modules.lmcache_driven_transfer)[0m
[32;20m[2026-09-22 10:56:22,457] LMCache INFO:[0m Stored 384 tokens in 0.005 seconds [3m(lmcache_driven_transfer.py:1218:lmcache.v1.multiprocess.modules.lmcache_driven_transfer)[0m
[32;20m[2026-09-22 10:56:22,544] LMCache INFO:[0m Stored 384 tokens in 0.003 seconds [3m(lmcache_driven_transfer.py:1218:lmcache.v1.multiprocess.modules.lmcache_driven_transfer)[0m
[32;20m[2026-09-22 10:56:22,635] LMCache INFO:[0m Stored 368 tokens in 0.003 seconds [3m(lmcache_driven_transfer.py:1218:lmcache.v1.multiprocess.modules.lmcache_driven_transfer)[0m
[32;20m[2026-09-22 10:56:22,724] LMCache INFO:[0m Stored 384 tokens in 0.003 seconds [3m(lmcache_driven_transfer.py:1218:lmcache.v1.multiprocess.modules.lmcache_driven_transfer)[0m
[32;20m[2026-09-22 10:56:22,820] LMCache INFO:[0m Stored 384 tokens in 0.003 seconds [3m(lmcache_driven_transfer.py:1218:lmcache.v1.multiprocess.modules.lmcache_driven_transfer)[0m
[32;20m[2026-09-22 10:56:22,902] LMCache INFO:[0m Stored 384 tokens in 0.003 seconds [3m(lmcache_driven_transfer.py:1218:lmcache.v1.multiprocess.modules.lmcache_driven_transfer)[0m
[32;20m[2026-09-22 10:56:22,990] LMCache INFO:[0m Stored 320 tokens in 0.003 seconds [3m(lmcache_driven_transfer.py:1218:lmcache.v1.multiprocess.modules.lmcache_driven_transfer)[0m
[32;20m[2026-09-22 10:56:23,030] LMCache INFO:[0m L1 memory usage 0.90 above watermark 0.80; triggering eviction. [3m(eviction_controller.py:179:lmcache.v1.distributed.storage_controllers.eviction_controller)[0m
[32;20m[2026-09-22 10:56:23,079] LMCache INFO:[0m Stored 384 tokens in 0.003 seconds [3m(lmcache_driven_transfer.py:1218:lmcache.v1.multiprocess.modules.lmcache_driven_transfer)[0m
[32;20m[2026-09-22 10:56:23,828] LMCache INFO:[0m Prefetch request completed (L1+L2): 24/24 retained keys (24 L1, 0 L2) in 1.1 ms (external_request_id=cmpl-bf26493d077920c5-0-886327bc, prefetch_request_id=-1) [3m(storage_manager.py:716:lmcache.v1.distributed.storage_manager)[0m
[32;20m[2026-09-22 10:56:23,833] LMCache INFO:[0m Retrieved 384 tokens in 0.002 seconds [3m(lmcache_driven_transfer.py:1427:lmcache.v1.multiprocess.modules.lmcache_driven_transfer)[0m
[32;20m[2026-09-22 10:56:23,949] LMCache INFO:[0m Stored 384 tokens in 0.003 seconds [3m(lmcache_driven_transfer.py:1218:lmcache.v1.multiprocess.modules.lmcache_driven_transfer)[0m
[32;20m[2026-09-22 10:56:24,028] LMCache INFO:[0m Stored 384 tokens in 0.003 seconds [3m(lmcache_driven_transfer.py:1218:lmcache.v1.multiprocess.modules.lmcache_driven_transfer)[0m
[32;20m[2026-09-22 10:56:24,109] LMCache INFO:[0m Stored 384 tokens in 0.003 seconds [3m(lmcache_driven_transfer.py:1218:lmcache.v1.multiprocess.modules.lmcache_driven_transfer)[0m
[32;20m[2026-09-22 10:56:24,198] LMCache INFO:[0m Stored 384 tokens in 0.002 seconds [3m(lmcache_driven_transfer.py:1218:lmcache.v1.multiprocess.modules.lmcache_driven_transfer)[0m
[32;20m[2026-09-22 10:56:24,284] LMCache INFO:[0m Stored 368 tokens in 0.002 seconds [3m(lmcache_driven_transfer.py:1218:lmcache.v1.multiprocess.modules.lmcache_driven_transfer)[0m
[32;20m[2026-09-22 10:56:24,376] LMCache INFO:[0m Stored 368 tokens in 0.003 seconds [3m(lmcache_driven_transfer.py:1218:lmcache.v1.multiprocess.modules.lmcache_driven_transfer)[0m
[32;20m[2026-09-22 10:56:24,464] LMCache INFO:[0m Stored 384 tokens in 0.003 seconds [3m(lmcache_driven_transfer.py:1218:lmcache.v1.multiprocess.modules.lmcache_driven_transfer)[0m
[32;20m[2026-09-22 10:56:24,556] LMCache INFO:[0m Stored 384 tokens in 0.003 seconds [3m(lmcache_driven_transfer.py:1218:lmcache.v1.multiprocess.modules.lmcache_driven_transfer)[0m
[32;20m[2026-09-22 10:56:24,643] LMCache INFO:[0m Stored 384 tokens in 0.003 seconds [3m(lmcache_driven_transfer.py:1218:lmcache.v1.multiprocess.modules.lmcache_driven_transfer)[0m
[32;20m[2026-09-22 10:56:24,736] LMCache INFO:[0m Stored 384 tokens in 0.003 seconds [3m(lmcache_driven_transfer.py:1218:lmcache.v1.multiprocess.modules.lmcache_driven_transfer)[0m
[32;20m[2026-09-22 10:56:24,827] LMCache INFO:[0m Stored 384 tokens in 0.003 seconds [3m(lmcache_driven_transfer.py:1218:lmcache.v1.multiprocess.modules.lmcache_driven_transfer)[0m
[32;20m[2026-09-22 10:56:25,037] LMCache INFO:[0m L1 memory usage 0.96 above watermark 0.80; triggering eviction. [3m(eviction_controller.py:179:lmcache.v1.distributed.storage_controllers.eviction_controller)[0m
[32;20m[2026-09-22 10:56:25,576] LMCache INFO:[0m Prefetch request completed (L1+L2): 23/23 retained keys (23 L1, 0 L2) in 1.2 ms (external_request_id=cmpl-b5cfca58012655e8-0-923a5fa0, prefetch_request_id=-1) [3m(storage_manager.py:716:lmcache.v1.distributed.storage_manager)[0m
[32;20m[2026-09-22 10:56:25,581] LMCache INFO:[0m Retrieved 368 tokens in 0.002 seconds [3m(lmcache_driven_transfer.py:1427:lmcache.v1.multiprocess.modules.lmcache_driven_transfer)[0m
[32;20m[2026-09-22 10:56:25,688] LMCache INFO:[0m Stored 368 tokens in 0.002 seconds [3m(lmcache_driven_transfer.py:1218:lmcache.v1.multiprocess.modules.lmcache_driven_transfer)[0m
[32;20m[2026-09-22 10:56:25,766] LMCache INFO:[0m Stored 384 tokens in 0.003 seconds [3m(lmcache_driven_transfer.py:1218:lmcache.v1.multiprocess.modules.lmcache_driven_transfer)[0m
[32;20m[2026-09-22 10:56:25,859] LMCache INFO:[0m Stored 384 tokens in 0.003 seconds [3m(lmcache_driven_transfer.py:1218:lmcache.v1.multiprocess.modules.lmcache_driven_transfer)[0m
[32;20m[2026-09-22 10:56:25,949] LMCache INFO:[0m Stored 384 tokens in 0.003 seconds [3m(lmcache_driven_transfer.py:1218:lmcache.v1.multiprocess.modules.lmcache_driven_transfer)[0m
[32;20m[2026-09-22 10:56:26,038] LMCache INFO:[0m Stored 384 tokens in 0.003 seconds [3m(lmcache_driven_transfer.py:1218:lmcache.v1.multiprocess.modules.lmcache_driven_transfer)[0m
[32;20m[2026-09-22 10:56:26,043] LMCache INFO:[0m L1 memory usage: 0.44/0.50 GiB (87.2%) [3m(eviction_controller.py:153:lmcache.v1.distributed.storage_controllers.eviction_controller)[0m
[32;20m[2026-09-22 10:56:26,043] LMCache INFO:[0m L1 memory usage 0.87 above watermark 0.80; triggering eviction. [3m(eviction_controller.py:179:lmcache.v1.distributed.storage_controllers.eviction_controller)[0m
[32;20m[2026-09-22 10:56:26,049] LMCache INFO:[0m L0<->L1 stats [cuda:0] last 10.0s: store ops=62 tokens=23536 size=0.67GB avg_copy=7.13GB/s | retrieve ops=6 tokens=2288 size=0.07GB avg_copy=4.44GB/s [3m(extra_stats.py:159:lmcache.v1.mp_observability.subscribers.logging.extra_stats)[0m
[32;20m[2026-09-22 10:56:26,049] LMCache INFO:[0m L0<->L1 stats [cuda:0] cumulative: store ops=543 tokens=203456 size=5.83GB avg_copy=5.58GB/s | retrieve ops=134 tokens=50480 size=1.45GB avg_copy=4.11GB/s [3m(extra_stats.py:168:lmcache.v1.mp_observability.subscribers.logging.extra_stats)[0m
[32;20m[2026-09-22 10:56:26,130] LMCache INFO:[0m Stored 368 tokens in 0.003 seconds [3m(lmcache_driven_transfer.py:1218:lmcache.v1.multiprocess.modules.lmcache_driven_transfer)[0m
[32;20m[2026-09-22 10:56:26,216] LMCache INFO:[0m Stored 384 tokens in 0.003 seconds [3m(lmcache_driven_transfer.py:1218:lmcache.v1.multiprocess.modules.lmcache_driven_transfer)[0m
[32;20m[2026-09-22 10:56:26,305] LMCache INFO:[0m Stored 368 tokens in 0.002 seconds [3m(lmcache_driven_transfer.py:1218:lmcache.v1.multiprocess.modules.lmcache_driven_transfer)[0m
[32;20m[2026-09-22 10:56:26,395] LMCache INFO:[0m Stored 384 tokens in 0.002 seconds [3m(lmcache_driven_transfer.py:1218:lmcache.v1.multiprocess.modules.lmcache_driven_transfer)[0m
[32;20m[2026-09-22 10:56:26,485] LMCache INFO:[0m Stored 192 tokens in 0.004 seconds [3m(lmcache_driven_transfer.py:1218:lmcache.v1.multiprocess.modules.lmcache_driven_transfer)[0m
[32;20m[2026-09-22 10:56:26,536] LMCache INFO:[0m Stored 384 tokens in 0.003 seconds [3m(lmcache_driven_transfer.py:1218:lmcache.v1.multiprocess.modules.lmcache_driven_transfer)[0m
[32;20m[2026-09-22 10:56:27,049] LMCache INFO:[0m L1 memory usage 0.81 above watermark 0.80; triggering eviction. [3m(eviction_controller.py:179:lmcache.v1.distributed.storage_controllers.eviction_controller)[0m
[32;20m[2026-09-22 10:56:27,232] LMCache INFO:[0m Prefetch request completed (L1+L2): 24/24 retained keys (24 L1, 0 L2) in 1.2 ms (external_request_id=cmpl-a39ccd93d08a9663-0-81951d63, prefetch_request_id=-1) [3m(storage_manager.py:716:lmcache.v1.distributed.storage_manager)[0m
[32;20m[2026-09-22 10:56:27,236] LMCache INFO:[0m Retrieved 384 tokens in 0.002 seconds [3m(lmcache_driven_transfer.py:1427:lmcache.v1.multiprocess.modules.lmcache_driven_transfer)[0m
[32;20m[2026-09-22 10:56:27,350] LMCache INFO:[0m Stored 384 tokens in 0.003 seconds [3m(lmcache_driven_transfer.py:1218:lmcache.v1.multiprocess.modules.lmcache_driven_transfer)[0m
[32;20m[2026-09-22 10:56:27,427] LMCache INFO:[0m Stored 384 tokens in 0.003 seconds [3m(lmcache_driven_transfer.py:1218:lmcache.v1.multiprocess.modules.lmcache_driven_transfer)[0m
[32;20m[2026-09-22 10:56:27,513] LMCache INFO:[0m Stored 384 tokens in 0.003 seconds [3m(lmcache_driven_transfer.py:1218:lmcache.v1.multiprocess.modules.lmcache_driven_transfer)[0m
[32;20m[2026-09-22 10:56:27,607] LMCache INFO:[0m Stored 384 tokens in 0.003 seconds [3m(lmcache_driven_transfer.py:1218:lmcache.v1.multiprocess.modules.lmcache_driven_transfer)[0m
[32;20m[2026-09-22 10:56:27,694] LMCache INFO:[0m Stored 384 tokens in 0.003 seconds [3m(lmcache_driven_transfer.py:1218:lmcache.v1.multiprocess.modules.lmcache_driven_transfer)[0m
[32;20m[2026-09-22 10:56:27,784] LMCache INFO:[0m Stored 384 tokens in 0.003 seconds [3m(lmcache_driven_transfer.py:1218:lmcache.v1.multiprocess.modules.lmcache_driven_transfer)[0m
[32;20m[2026-09-22 10:56:27,873] LMCache INFO:[0m Stored 384 tokens in 0.003 seconds [3m(lmcache_driven_transfer.py:1218:lmcache.v1.multiprocess.modules.lmcache_driven_transfer)[0m
[32;20m[2026-09-22 10:56:27,964] LMCache INFO:[0m Stored 384 tokens in 0.003 seconds [3m(lmcache_driven_transfer.py:1218:lmcache.v1.multiprocess.modules.lmcache_driven_transfer)[0m
[32;20m[2026-09-22 10:56:28,049] LMCache INFO:[0m Stored 384 tokens in 0.002 seconds [3m(lmcache_driven_transfer.py:1218:lmcache.v1.multiprocess.modules.lmcache_driven_transfer)[0m
[32;20m[2026-09-22 10:56:28,055] LMCache INFO:[0m L1 memory usage 0.83 above watermark 0.80; triggering eviction. [3m(eviction_controller.py:179:lmcache.v1.distributed.storage_controllers.eviction_controller)[0m
[32;20m[2026-09-22 10:56:28,140] LMCache INFO:[0m Stored 384 tokens in 0.003 seconds [3m(lmcache_driven_transfer.py:1218:lmcache.v1.multiprocess.modules.lmcache_driven_transfer)[0m
[32;20m[2026-09-22 10:56:28,230] LMCache INFO:[0m Stored 384 tokens in 0.003 seconds [3m(lmcache_driven_transfer.py:1218:lmcache.v1.multiprocess.modules.lmcache_driven_transfer)[0m
[32;20m[2026-09-22 10:56:28,983] LMCache INFO:[0m Prefetch request completed (L1+L2): 24/24 retained keys (24 L1, 0 L2) in 1.0 ms (external_request_id=cmpl-a49382862fba2763-0-8cbea50d, prefetch_request_id=-1) [3m(storage_manager.py:716:lmcache.v1.distributed.storage_manager)[0m
[32;20m[2026-09-22 10:56:28,988] LMCache INFO:[0m Retrieved 384 tokens in 0.002 seconds [3m(lmcache_driven_transfer.py:1427:lmcache.v1.multiprocess.modules.lmcache_driven_transfer)[0m
[32;20m[2026-09-22 10:56:29,105] LMCache INFO:[0m Stored 368 tokens in 0.003 seconds [3m(lmcache_driven_transfer.py:1218:lmcache.v1.multiprocess.modules.lmcache_driven_transfer)[0m
[32;20m[2026-09-22 10:56:29,188] LMCache INFO:[0m Stored 384 tokens in 0.003 seconds [3m(lmcache_driven_transfer.py:1218:lmcache.v1.multiprocess.modules.lmcache_driven_transfer)[0m
[32;20m[2026-09-22 10:56:29,276] LMCache INFO:[0m Stored 384 tokens in 0.003 seconds [3m(lmcache_driven_transfer.py:1218:lmcache.v1.multiprocess.modules.lmcache_driven_transfer)[0m
[32;20m[2026-09-22 10:56:29,363] LMCache INFO:[0m Stored 384 tokens in 0.003 seconds [3m(lmcache_driven_transfer.py:1218:lmcache.v1.multiprocess.modules.lmcache_driven_transfer)[0m
[32;20m[2026-09-22 10:56:29,448] LMCache INFO:[0m Stored 384 tokens in 0.003 seconds [3m(lmcache_driven_transfer.py:1218:lmcache.v1.multiprocess.modules.lmcache_driven_transfer)[0m
[32;20m[2026-09-22 10:56:29,537] LMCache INFO:[0m Stored 384 tokens in 0.003 seconds [3m(lmcache_driven_transfer.py:1218:lmcache.v1.multiprocess.modules.lmcache_driven_transfer)[0m
[32;20m[2026-09-22 10:56:29,627] LMCache INFO:[0m Stored 368 tokens in 0.003 seconds [3m(lmcache_driven_transfer.py:1218:lmcache.v1.multiprocess.modules.lmcache_driven_transfer)[0m
[32;20m[2026-09-22 10:56:29,720] LMCache INFO:[0m Stored 384 tokens in 0.003 seconds [3m(lmcache_driven_transfer.py:1218:lmcache.v1.multiprocess.modules.lmcache_driven_transfer)[0m
[32;20m[2026-09-22 10:56:29,809] LMCache INFO:[0m Stored 384 tokens in 0.003 seconds [3m(lmcache_driven_transfer.py:1218:lmcache.v1.multiprocess.modules.lmcache_driven_transfer)[0m
[32;20m[2026-09-22 10:56:29,898] LMCache INFO:[0m Stored 384 tokens in 0.003 seconds [3m(lmcache_driven_transfer.py:1218:lmcache.v1.multiprocess.modules.lmcache_driven_transfer)[0m
[32;20m[2026-09-22 10:56:29,989] LMCache INFO:[0m Stored 384 tokens in 0.003 seconds [3m(lmcache_driven_transfer.py:1218:lmcache.v1.multiprocess.modules.lmcache_driven_transfer)[0m
[32;20m[2026-09-22 10:56:30,061] LMCache INFO:[0m L1 memory usage 0.94 above watermark 0.80; triggering eviction. [3m(eviction_controller.py:179:lmcache.v1.distributed.storage_controllers.eviction_controller)[0m
[32;20m[2026-09-22 10:56:30,741] LMCache INFO:[0m Prefetch request completed (L1+L2): 24/24 retained keys (24 L1, 0 L2) in 1.1 ms (external_request_id=cmpl-ba8583eb448db455-0-81b90acc, prefetch_request_id=-1) [3m(storage_manager.py:716:lmcache.v1.distributed.storage_manager)[0m
[32;20m[2026-09-22 10:56:30,745] LMCache INFO:[0m Retrieved 384 tokens in 0.002 seconds [3m(lmcache_driven_transfer.py:1427:lmcache.v1.multiprocess.modules.lmcache_driven_transfer)[0m
[32;20m[2026-09-22 10:56:30,860] LMCache INFO:[0m Stored 384 tokens in 0.003 seconds [3m(lmcache_driven_transfer.py:1218:lmcache.v1.multiprocess.modules.lmcache_driven_transfer)[0m
[32;20m[2026-09-22 10:56:30,937] LMCache INFO:[0m Stored 384 tokens in 0.003 seconds [3m(lmcache_driven_transfer.py:1218:lmcache.v1.multiprocess.modules.lmcache_driven_transfer)[0m
[32;20m[2026-09-22 10:56:31,026] LMCache INFO:[0m Stored 384 tokens in 0.003 seconds [3m(lmcache_driven_transfer.py:1218:lmcache.v1.multiprocess.modules.lmcache_driven_transfer)[0m
[32;20m[2026-09-22 10:56:31,067] LMCache INFO:[0m L1 memory usage 0.81 above watermark 0.80; triggering eviction. [3m(eviction_controller.py:179:lmcache.v1.distributed.storage_controllers.eviction_controller)[0m
[32;20m[2026-09-22 10:56:31,118] LMCache INFO:[0m Stored 384 tokens in 0.003 seconds [3m(lmcache_driven_transfer.py:1218:lmcache.v1.multiprocess.modules.lmcache_driven_transfer)[0m
[32;20m[2026-09-22 10:56:31,206] LMCache INFO:[0m Stored 384 tokens in 0.003 seconds [3m(lmcache_driven_transfer.py:1218:lmcache.v1.multiprocess.modules.lmcache_driven_transfer)[0m
[32;20m[2026-09-22 10:56:31,298] LMCache INFO:[0m Stored 384 tokens in 0.003 seconds [3m(lmcache_driven_transfer.py:1218:lmcache.v1.multiprocess.modules.lmcache_driven_transfer)[0m
[32;20m[2026-09-22 10:56:31,389] LMCache INFO:[0m Stored 384 tokens in 0.003 seconds [3m(lmcache_driven_transfer.py:1218:lmcache.v1.multiprocess.modules.lmcache_driven_transfer)[0m
[32;20m[2026-09-22 10:56:31,480] LMCache INFO:[0m Stored 384 tokens in 0.003 seconds [3m(lmcache_driven_transfer.py:1218:lmcache.v1.multiprocess.modules.lmcache_driven_transfer)[0m
[32;20m[2026-09-22 10:56:31,565] LMCache INFO:[0m Stored 384 tokens in 0.003 seconds [3m(lmcache_driven_transfer.py:1218:lmcache.v1.multiprocess.modules.lmcache_driven_transfer)[0m
[32;20m[2026-09-22 10:56:31,653] LMCache INFO:[0m Stored 384 tokens in 0.003 seconds [3m(lmcache_driven_transfer.py:1218:lmcache.v1.multiprocess.modules.lmcache_driven_transfer)[0m
[32;20m[2026-09-22 10:56:31,746] LMCache INFO:[0m Stored 384 tokens in 0.003 seconds [3m(lmcache_driven_transfer.py:1218:lmcache.v1.multiprocess.modules.lmcache_driven_transfer)[0m
[32;20m[2026-09-22 10:56:32,075] LMCache INFO:[0m L1 memory usage 0.82 above watermark 0.80; triggering eviction. [3m(eviction_controller.py:179:lmcache.v1.distributed.storage_controllers.eviction_controller)[0m
[32;20m[2026-09-22 10:56:32,492] LMCache INFO:[0m Prefetch request completed (L1+L2): 24/24 retained keys (24 L1, 0 L2) in 1.2 ms (external_request_id=cmpl-a39662df525d183a-0-99eb2b53, prefetch_request_id=-1) [3m(storage_manager.py:716:lmcache.v1.distributed.storage_manager)[0m
[32;20m[2026-09-22 10:56:32,497] LMCache INFO:[0m Retrieved 384 tokens in 0.002 seconds [3m(lmcache_driven_transfer.py:1427:lmcache.v1.multiprocess.modules.lmcache_driven_transfer)[0m
[32;20m[2026-09-22 10:56:32,614] LMCache INFO:[0m Stored 384 tokens in 0.003 seconds [3m(lmcache_driven_transfer.py:1218:lmcache.v1.multiprocess.modules.lmcache_driven_transfer)[0m
[32;20m[2026-09-22 10:56:32,693] LMCache INFO:[0m Stored 384 tokens in 0.003 seconds [3m(lmcache_driven_transfer.py:1218:lmcache.v1.multiprocess.modules.lmcache_driven_transfer)[0m
[32;20m[2026-09-22 10:56:32,783] LMCache INFO:[0m Stored 384 tokens in 0.003 seconds [3m(lmcache_driven_transfer.py:1218:lmcache.v1.multiprocess.modules.lmcache_driven_transfer)[0m
[32;20m[2026-09-22 10:56:32,880] LMCache INFO:[0m Stored 384 tokens in 0.003 seconds [3m(lmcache_driven_transfer.py:1218:lmcache.v1.multiprocess.modules.lmcache_driven_transfer)[0m
[32;20m[2026-09-22 10:56:32,964] LMCache INFO:[0m Stored 384 tokens in 0.003 seconds [3m(lmcache_driven_transfer.py:1218:lmcache.v1.multiprocess.modules.lmcache_driven_transfer)[0m
[32;20m[2026-09-22 10:56:33,057] LMCache INFO:[0m Stored 384 tokens in 0.002 seconds [3m(lmcache_driven_transfer.py:1218:lmcache.v1.multiprocess.modules.lmcache_driven_transfer)[0m
[32;20m[2026-09-22 10:56:33,156] LMCache INFO:[0m Stored 384 tokens in 0.003 seconds [3m(lmcache_driven_transfer.py:1218:lmcache.v1.multiprocess.modules.lmcache_driven_transfer)[0m
[32;20m[2026-09-22 10:56:33,247] LMCache INFO:[0m Stored 384 tokens in 0.002 seconds [3m(lmcache_driven_transfer.py:1218:lmcache.v1.multiprocess.modules.lmcache_driven_transfer)[0m
[32;20m[2026-09-22 10:56:33,331] LMCache INFO:[0m Stored 384 tokens in 0.003 seconds [3m(lmcache_driven_transfer.py:1218:lmcache.v1.multiprocess.modules.lmcache_driven_transfer)[0m
[32;20m[2026-09-22 10:56:33,424] LMCache INFO:[0m Stored 384 tokens in 0.003 seconds [3m(lmcache_driven_transfer.py:1218:lmcache.v1.multiprocess.modules.lmcache_driven_transfer)[0m
[32;20m[2026-09-22 10:56:33,512] LMCache INFO:[0m Stored 384 tokens in 0.003 seconds [3m(lmcache_driven_transfer.py:1218:lmcache.v1.multiprocess.modules.lmcache_driven_transfer)[0m
[32;20m[2026-09-22 10:56:34,081] LMCache INFO:[0m L1 memory usage 0.88 above watermark 0.80; triggering eviction. [3m(eviction_controller.py:179:lmcache.v1.distributed.storage_controllers.eviction_controller)[0m
[32;20m[2026-09-22 10:56:34,249] LMCache INFO:[0m Prefetch request completed (L1+L2): 24/24 retained keys (24 L1, 0 L2) in 1.1 ms (external_request_id=cmpl-8f932b2f3afe0a23-0-80e4b4a7, prefetch_request_id=-1) [3m(storage_manager.py:716:lmcache.v1.distributed.storage_manager)[0m
[32;20m[2026-09-22 10:56:34,254] LMCache INFO:[0m Retrieved 384 tokens in 0.002 seconds [3m(lmcache_driven_transfer.py:1427:lmcache.v1.multiprocess.modules.lmcache_driven_transfer)[0m
[32;20m[2026-09-22 10:56:34,374] LMCache INFO:[0m Stored 384 tokens in 0.003 seconds [3m(lmcache_driven_transfer.py:1218:lmcache.v1.multiprocess.modules.lmcache_driven_transfer)[0m
[32;20m[2026-09-22 10:56:34,450] LMCache INFO:[0m Stored 384 tokens in 0.003 seconds [3m(lmcache_driven_transfer.py:1218:lmcache.v1.multiprocess.modules.lmcache_driven_transfer)[0m
[32;20m[2026-09-22 10:56:34,547] LMCache INFO:[0m Stored 384 tokens in 0.003 seconds [3m(lmcache_driven_transfer.py:1218:lmcache.v1.multiprocess.modules.lmcache_driven_transfer)[0m
[32;20m[2026-09-22 10:56:34,634] LMCache INFO:[0m Stored 368 tokens in 0.003 seconds [3m(lmcache_driven_transfer.py:1218:lmcache.v1.multiprocess.modules.lmcache_driven_transfer)[0m
[32;20m[2026-09-22 10:56:34,726] LMCache INFO:[0m Stored 384 tokens in 0.003 seconds [3m(lmcache_driven_transfer.py:1218:lmcache.v1.multiprocess.modules.lmcache_driven_transfer)[0m
[32;20m[2026-09-22 10:56:34,816] LMCache INFO:[0m Stored 384 tokens in 0.003 seconds [3m(lmcache_driven_transfer.py:1218:lmcache.v1.multiprocess.modules.lmcache_driven_transfer)[0m
[32;20m[2026-09-22 10:56:34,909] LMCache INFO:[0m Stored 384 tokens in 0.003 seconds [3m(lmcache_driven_transfer.py:1218:lmcache.v1.multiprocess.modules.lmcache_driven_transfer)[0m
[32;20m[2026-09-22 10:56:35,001] LMCache INFO:[0m Stored 384 tokens in 0.003 seconds [3m(lmcache_driven_transfer.py:1218:lmcache.v1.multiprocess.modules.lmcache_driven_transfer)[0m
[32;20m[2026-09-22 10:56:35,087] LMCache INFO:[0m L1 memory usage 0.87 above watermark 0.80; triggering eviction. [3m(eviction_controller.py:179:lmcache.v1.distributed.storage_controllers.eviction_controller)[0m
[32;20m[2026-09-22 10:56:35,097] LMCache INFO:[0m Stored 384 tokens in 0.004 seconds [3m(lmcache_driven_transfer.py:1218:lmcache.v1.multiprocess.modules.lmcache_driven_transfer)[0m
[32;20m[2026-09-22 10:56:35,185] LMCache INFO:[0m Stored 384 tokens in 0.003 seconds [3m(lmcache_driven_transfer.py:1218:lmcache.v1.multiprocess.modules.lmcache_driven_transfer)[0m
[32;20m[2026-09-22 10:56:35,276] LMCache INFO:[0m Stored 384 tokens in 0.006 seconds [3m(lmcache_driven_transfer.py:1218:lmcache.v1.multiprocess.modules.lmcache_driven_transfer)[0m
[32;20m[2026-09-22 10:56:35,913] LMCache INFO:[0m Prefetch request completed (L1+L2): 24/24 retained keys (24 L1, 0 L2) in 1.2 ms (external_request_id=cmpl-a5025cd328e9555e-0-b6e4264d, prefetch_request_id=-1) [3m(storage_manager.py:716:lmcache.v1.distributed.storage_manager)[0m
[32;20m[2026-09-22 10:56:35,918] LMCache INFO:[0m Retrieved 384 tokens in 0.002 seconds [3m(lmcache_driven_transfer.py:1427:lmcache.v1.multiprocess.modules.lmcache_driven_transfer)[0m
[32;20m[2026-09-22 10:56:36,050] LMCache INFO:[0m Stored 384 tokens in 0.003 seconds [3m(lmcache_driven_transfer.py:1218:lmcache.v1.multiprocess.modules.lmcache_driven_transfer)[0m
[32;20m[2026-09-22 10:56:36,079] LMCache INFO:[0m L0<->L1 stats [cuda:0] last 10.0s: store ops=62 tokens=23536 size=0.67GB avg_copy=7.17GB/s | retrieve ops=6 tokens=2304 size=0.07GB avg_copy=4.41GB/s [3m(extra_stats.py:159:lmcache.v1.mp_observability.subscribers.logging.extra_stats)[0m
[32;20m[2026-09-22 10:56:36,081] LMCache INFO:[0m L0<->L1 stats [cuda:0] cumulative: store ops=605 tokens=226992 size=6.51GB avg_copy=5.71GB/s | retrieve ops=140 tokens=52784 size=1.51GB avg_copy=4.12GB/s [3m(extra_stats.py:168:lmcache.v1.mp_observability.subscribers.logging.extra_stats)[0m
[32;20m[2026-09-22 10:56:36,095] LMCache INFO:[0m L1 memory usage: 0.39/0.50 GiB (77.6%) [3m(eviction_controller.py:153:lmcache.v1.distributed.storage_controllers.eviction_controller)[0m
[32;20m[2026-09-22 10:56:36,398] LMCache INFO:[0m Stored 384 tokens in 0.274 seconds [3m(lmcache_driven_transfer.py:1218:lmcache.v1.multiprocess.modules.lmcache_driven_transfer)[0m
[32;20m[2026-09-22 10:56:36,442] LMCache INFO:[0m Stored 384 tokens in 0.003 seconds [3m(lmcache_driven_transfer.py:1218:lmcache.v1.multiprocess.modules.lmcache_driven_transfer)[0m
[32;20m[2026-09-22 10:56:36,524] LMCache INFO:[0m Stored 384 tokens in 0.003 seconds [3m(lmcache_driven_transfer.py:1218:lmcache.v1.multiprocess.modules.lmcache_driven_transfer)[0m
[32;20m[2026-09-22 10:56:36,617] LMCache INFO:[0m Stored 384 tokens in 0.003 seconds [3m(lmcache_driven_transfer.py:1218:lmcache.v1.multiprocess.modules.lmcache_driven_transfer)[0m
[32;20m[2026-09-22 10:56:36,708] LMCache INFO:[0m Stored 368 tokens in 0.003 seconds [3m(lmcache_driven_transfer.py:1218:lmcache.v1.multiprocess.modules.lmcache_driven_transfer)[0m
[32;20m[2026-09-22 10:56:36,798] LMCache INFO:[0m Stored 240 tokens in 0.002 seconds [3m(lmcache_driven_transfer.py:1218:lmcache.v1.multiprocess.modules.lmcache_driven_transfer)[0m
[32;20m[2026-09-22 10:56:36,865] LMCache INFO:[0m Stored 384 tokens in 0.004 seconds [3m(lmcache_driven_transfer.py:1218:lmcache.v1.multiprocess.modules.lmcache_driven_transfer)[0m
[32;20m[2026-09-22 10:56:36,956] LMCache INFO:[0m Stored 368 tokens in 0.003 seconds [3m(lmcache_driven_transfer.py:1218:lmcache.v1.multiprocess.modules.lmcache_driven_transfer)[0m
[32;20m[2026-09-22 10:56:37,048] LMCache INFO:[0m Stored 384 tokens in 0.003 seconds [3m(lmcache_driven_transfer.py:1218:lmcache.v1.multiprocess.modules.lmcache_driven_transfer)[0m
[32;20m[2026-09-22 10:56:37,096] LMCache INFO:[0m L1 memory usage 0.95 above watermark 0.80; triggering eviction. [3m(eviction_controller.py:179:lmcache.v1.distributed.storage_controllers.eviction_controller)[0m
[32;20m[2026-09-22 10:56:37,148] LMCache INFO:[0m Stored 384 tokens in 0.003 seconds [3m(lmcache_driven_transfer.py:1218:lmcache.v1.multiprocess.modules.lmcache_driven_transfer)[0m
[32;20m[2026-09-22 10:56:37,679] LMCache INFO:[0m Prefetch request completed (L1+L2): 24/24 retained keys (24 L1, 0 L2) in 1.1 ms (external_request_id=cmpl-817cef7ef657c2ec-0-bb77433b, prefetch_request_id=-1) [3m(storage_manager.py:716:lmcache.v1.distributed.storage_manager)[0m
[32;20m[2026-09-22 10:56:37,683] LMCache INFO:[0m Retrieved 384 tokens in 0.002 seconds [3m(lmcache_driven_transfer.py:1427:lmcache.v1.multiprocess.modules.lmcache_driven_transfer)[0m
[32;20m[2026-09-22 10:56:37,806] LMCache INFO:[0m Stored 384 tokens in 0.003 seconds [3m(lmcache_driven_transfer.py:1218:lmcache.v1.multiprocess.modules.lmcache_driven_transfer)[0m
[32;20m[2026-09-22 10:56:37,886] LMCache INFO:[0m Stored 384 tokens in 0.003 seconds [3m(lmcache_driven_transfer.py:1218:lmcache.v1.multiprocess.modules.lmcache_driven_transfer)[0m
[32;20m[2026-09-22 10:56:37,982] LMCache INFO:[0m Stored 384 tokens in 0.003 seconds [3m(lmcache_driven_transfer.py:1218:lmcache.v1.multiprocess.modules.lmcache_driven_transfer)[0m
[32;20m[2026-09-22 10:56:38,072] LMCache INFO:[0m Stored 384 tokens in 0.003 seconds [3m(lmcache_driven_transfer.py:1218:lmcache.v1.multiprocess.modules.lmcache_driven_transfer)[0m
[32;20m[2026-09-22 10:56:38,103] LMCache INFO:[0m L1 memory usage 0.86 above watermark 0.80; triggering eviction. [3m(eviction_controller.py:179:lmcache.v1.distributed.storage_controllers.eviction_controller)[0m
[32;20m[2026-09-22 10:56:38,166] LMCache INFO:[0m Stored 384 tokens in 0.003 seconds [3m(lmcache_driven_transfer.py:1218:lmcache.v1.multiprocess.modules.lmcache_driven_transfer)[0m
[32;20m[2026-09-22 10:56:38,252] LMCache INFO:[0m Stored 384 tokens in 0.003 seconds [3m(lmcache_driven_transfer.py:1218:lmcache.v1.multiprocess.modules.lmcache_driven_transfer)[0m
[32;20m[2026-09-22 10:56:38,346] LMCache INFO:[0m Stored 384 tokens in 0.003 seconds [3m(lmcache_driven_transfer.py:1218:lmcache.v1.multiprocess.modules.lmcache_driven_transfer)[0m
[32;20m[2026-09-22 10:56:38,435] LMCache INFO:[0m Stored 384 tokens in 0.003 seconds [3m(lmcache_driven_transfer.py:1218:lmcache.v1.multiprocess.modules.lmcache_driven_transfer)[0m
[32;20m[2026-09-22 10:56:38,528] LMCache INFO:[0m Stored 384 tokens in 0.003 seconds [3m(lmcache_driven_transfer.py:1218:lmcache.v1.multiprocess.modules.lmcache_driven_transfer)[0m
[32;20m[2026-09-22 10:56:38,617] LMCache INFO:[0m Stored 384 tokens in 0.003 seconds [3m(lmcache_driven_transfer.py:1218:lmcache.v1.multiprocess.modules.lmcache_driven_transfer)[0m
[32;20m[2026-09-22 10:56:38,703] LMCache INFO:[0m Stored 384 tokens in 0.002 seconds [3m(lmcache_driven_transfer.py:1218:lmcache.v1.multiprocess.modules.lmcache_driven_transfer)[0m
[32;20m[2026-09-22 10:56:39,110] LMCache INFO:[0m L1 memory usage 0.84 above watermark 0.80; triggering eviction. [3m(eviction_controller.py:179:lmcache.v1.distributed.storage_controllers.eviction_controller)[0m
[32;20m[2026-09-22 10:56:39,347] LMCache INFO:[0m Prefetch request completed (L1+L2): 24/24 retained keys (24 L1, 0 L2) in 1.1 ms (external_request_id=cmpl-938c4c3bb8837346-0-bfdb3f0b, prefetch_request_id=-1) [3m(storage_manager.py:716:lmcache.v1.distributed.storage_manager)[0m
[32;20m[2026-09-22 10:56:39,351] LMCache INFO:[0m Retrieved 384 tokens in 0.002 seconds [3m(lmcache_driven_transfer.py:1427:lmcache.v1.multiprocess.modules.lmcache_driven_transfer)[0m
[32;20m[2026-09-22 10:56:39,466] LMCache INFO:[0m Stored 384 tokens in 0.003 seconds [3m(lmcache_driven_transfer.py:1218:lmcache.v1.multiprocess.modules.lmcache_driven_transfer)[0m
[32;20m[2026-09-22 10:56:39,545] LMCache INFO:[0m Stored 384 tokens in 0.003 seconds [3m(lmcache_driven_transfer.py:1218:lmcache.v1.multiprocess.modules.lmcache_driven_transfer)[0m
[32;20m[2026-09-22 10:56:39,642] LMCache INFO:[0m Stored 384 tokens in 0.003 seconds [3m(lmcache_driven_transfer.py:1218:lmcache.v1.multiprocess.modules.lmcache_driven_transfer)[0m
[32;20m[2026-09-22 10:56:39,728] LMCache INFO:[0m Stored 384 tokens in 0.003 seconds [3m(lmcache_driven_transfer.py:1218:lmcache.v1.multiprocess.modules.lmcache_driven_transfer)[0m
[32;20m[2026-09-22 10:56:39,822] LMCache INFO:[0m Stored 384 tokens in 0.003 seconds [3m(lmcache_driven_transfer.py:1218:lmcache.v1.multiprocess.modules.lmcache_driven_transfer)[0m
[32;20m[2026-09-22 10:56:39,917] LMCache INFO:[0m Stored 384 tokens in 0.006 seconds [3m(lmcache_driven_transfer.py:1218:lmcache.v1.multiprocess.modules.lmcache_driven_transfer)[0m
[32;20m[2026-09-22 10:56:40,004] LMCache INFO:[0m Stored 208 tokens in 0.002 seconds [3m(lmcache_driven_transfer.py:1218:lmcache.v1.multiprocess.modules.lmcache_driven_transfer)[0m
[32;20m[2026-09-22 10:56:40,058] LMCache INFO:[0m Stored 384 tokens in 0.003 seconds [3m(lmcache_driven_transfer.py:1218:lmcache.v1.multiprocess.modules.lmcache_driven_transfer)[0m
[32;20m[2026-09-22 10:56:40,116] LMCache INFO:[0m L1 memory usage 0.83 above watermark 0.80; triggering eviction. [3m(eviction_controller.py:179:lmcache.v1.distributed.storage_controllers.eviction_controller)[0m
[32;20m[2026-09-22 10:56:40,155] LMCache INFO:[0m Stored 384 tokens in 0.003 seconds [3m(lmcache_driven_transfer.py:1218:lmcache.v1.multiprocess.modules.lmcache_driven_transfer)[0m
[32;20m[2026-09-22 10:56:40,242] LMCache INFO:[0m Stored 384 tokens in 0.003 seconds [3m(lmcache_driven_transfer.py:1218:lmcache.v1.multiprocess.modules.lmcache_driven_transfer)[0m
[32;20m[2026-09-22 10:56:40,333] LMCache INFO:[0m Stored 384 tokens in 0.003 seconds [3m(lmcache_driven_transfer.py:1218:lmcache.v1.multiprocess.modules.lmcache_driven_transfer)[0m
[32;20m[2026-09-22 10:56:41,009] LMCache INFO:[0m Prefetch request completed (L1+L2): 24/24 retained keys (24 L1, 0 L2) in 1.0 ms (external_request_id=cmpl-ac559d38b5f120b4-0-993e0244, prefetch_request_id=-1) [3m(storage_manager.py:716:lmcache.v1.distributed.storage_manager)[0m
[32;20m[2026-09-22 10:56:41,013] LMCache INFO:[0m Retrieved 384 tokens in 0.002 seconds [3m(lmcache_driven_transfer.py:1427:lmcache.v1.multiprocess.modules.lmcache_driven_transfer)[0m
[32;20m[2026-09-22 10:56:41,131] LMCache INFO:[0m Stored 384 tokens in 0.003 seconds [3m(lmcache_driven_transfer.py:1218:lmcache.v1.multiprocess.modules.lmcache_driven_transfer)[0m
[32;20m[2026-09-22 10:56:41,210] LMCache INFO:[0m Stored 384 tokens in 0.003 seconds [3m(lmcache_driven_transfer.py:1218:lmcache.v1.multiprocess.modules.lmcache_driven_transfer)[0m
[32;20m[2026-09-22 10:56:41,298] LMCache INFO:[0m Stored 384 tokens in 0.003 seconds [3m(lmcache_driven_transfer.py:1218:lmcache.v1.multiprocess.modules.lmcache_driven_transfer)[0m
[32;20m[2026-09-22 10:56:41,393] LMCache INFO:[0m Stored 384 tokens in 0.003 seconds [3m(lmcache_driven_transfer.py:1218:lmcache.v1.multiprocess.modules.lmcache_driven_transfer)[0m
[32;20m[2026-09-22 10:56:41,485] LMCache INFO:[0m Stored 384 tokens in 0.003 seconds [3m(lmcache_driven_transfer.py:1218:lmcache.v1.multiprocess.modules.lmcache_driven_transfer)[0m
[32;20m[2026-09-22 10:56:41,576] LMCache INFO:[0m Stored 384 tokens in 0.003 seconds [3m(lmcache_driven_transfer.py:1218:lmcache.v1.multiprocess.modules.lmcache_driven_transfer)[0m
[32;20m[2026-09-22 10:56:41,669] LMCache INFO:[0m Stored 384 tokens in 0.003 seconds [3m(lmcache_driven_transfer.py:1218:lmcache.v1.multiprocess.modules.lmcache_driven_transfer)[0m
[32;20m[2026-09-22 10:56:41,760] LMCache INFO:[0m Stored 384 tokens in 0.002 seconds [3m(lmcache_driven_transfer.py:1218:lmcache.v1.multiprocess.modules.lmcache_driven_transfer)[0m
[32;20m[2026-09-22 10:56:41,850] LMCache INFO:[0m Stored 384 tokens in 0.002 seconds [3m(lmcache_driven_transfer.py:1218:lmcache.v1.multiprocess.modules.lmcache_driven_transfer)[0m
[32;20m[2026-09-22 10:56:41,940] LMCache INFO:[0m Stored 384 tokens in 0.003 seconds [3m(lmcache_driven_transfer.py:1218:lmcache.v1.multiprocess.modules.lmcache_driven_transfer)[0m
[32;20m[2026-09-22 10:56:42,035] LMCache INFO:[0m Stored 384 tokens in 0.003 seconds [3m(lmcache_driven_transfer.py:1218:lmcache.v1.multiprocess.modules.lmcache_driven_transfer)[0m
[32;20m[2026-09-22 10:56:42,124] LMCache INFO:[0m L1 memory usage 0.95 above watermark 0.80; triggering eviction. [3m(eviction_controller.py:179:lmcache.v1.distributed.storage_controllers.eviction_controller)[0m
[32;20m[2026-09-22 10:56:42,803] LMCache INFO:[0m Stored 384 tokens in 0.003 seconds [3m(lmcache_driven_transfer.py:1218:lmcache.v1.multiprocess.modules.lmcache_driven_transfer)[0m
[32;20m[2026-09-22 10:56:42,916] LMCache INFO:[0m Stored 384 tokens in 0.003 seconds [3m(lmcache_driven_transfer.py:1218:lmcache.v1.multiprocess.modules.lmcache_driven_transfer)[0m
[32;20m[2026-09-22 10:56:42,997] LMCache INFO:[0m Stored 384 tokens in 0.003 seconds [3m(lmcache_driven_transfer.py:1218:lmcache.v1.multiprocess.modules.lmcache_driven_transfer)[0m
[32;20m[2026-09-22 10:56:43,083] LMCache INFO:[0m Stored 384 tokens in 0.003 seconds [3m(lmcache_driven_transfer.py:1218:lmcache.v1.multiprocess.modules.lmcache_driven_transfer)[0m
[32;20m[2026-09-22 10:56:43,130] LMCache INFO:[0m L1 memory usage 0.84 above watermark 0.80; triggering eviction. [3m(eviction_controller.py:179:lmcache.v1.distributed.storage_controllers.eviction_controller)[0m
[32;20m[2026-09-22 10:56:43,203] LMCache INFO:[0m Stored 384 tokens in 0.003 seconds [3m(lmcache_driven_transfer.py:1218:lmcache.v1.multiprocess.modules.lmcache_driven_transfer)[0m
[32;20m[2026-09-22 10:56:43,281] LMCache INFO:[0m Stored 384 tokens in 0.003 seconds [3m(lmcache_driven_transfer.py:1218:lmcache.v1.multiprocess.modules.lmcache_driven_transfer)[0m
[32;20m[2026-09-22 10:56:43,368] LMCache INFO:[0m Stored 384 tokens in 0.003 seconds [3m(lmcache_driven_transfer.py:1218:lmcache.v1.multiprocess.modules.lmcache_driven_transfer)[0m
[32;20m[2026-09-22 10:56:43,467] LMCache INFO:[0m Stored 384 tokens in 0.003 seconds [3m(lmcache_driven_transfer.py:1218:lmcache.v1.multiprocess.modules.lmcache_driven_transfer)[0m
[32;20m[2026-09-22 10:56:43,549] LMCache INFO:[0m Stored 144 tokens in 0.002 seconds [3m(lmcache_driven_transfer.py:1218:lmcache.v1.multiprocess.modules.lmcache_driven_transfer)[0m
[32;20m[2026-09-22 10:56:43,605] LMCache INFO:[0m Stored 384 tokens in 0.004 seconds [3m(lmcache_driven_transfer.py:1218:lmcache.v1.multiprocess.modules.lmcache_driven_transfer)[0m
[32;20m[2026-09-22 10:56:43,694] LMCache INFO:[0m Stored 384 tokens in 0.003 seconds [3m(lmcache_driven_transfer.py:1218:lmcache.v1.multiprocess.modules.lmcache_driven_transfer)[0m
[32;20m[2026-09-22 10:56:43,788] LMCache INFO:[0m Stored 368 tokens in 0.003 seconds [3m(lmcache_driven_transfer.py:1218:lmcache.v1.multiprocess.modules.lmcache_driven_transfer)[0m
[32;20m[2026-09-22 10:56:44,144] LMCache INFO:[0m L1 memory usage 0.83 above watermark 0.80; triggering eviction. [3m(eviction_controller.py:179:lmcache.v1.distributed.storage_controllers.eviction_controller)[0m
[32;20m[2026-09-22 10:56:44,549] LMCache INFO:[0m Prefetch request completed (L1+L2): 24/24 retained keys (24 L1, 0 L2) in 1.2 ms (external_request_id=cmpl-ac060652c757c82a-0-a58cd48a, prefetch_request_id=-1) [3m(storage_manager.py:716:lmcache.v1.distributed.storage_manager)[0m
[32;20m[2026-09-22 10:56:44,554] LMCache INFO:[0m Retrieved 384 tokens in 0.002 seconds [3m(lmcache_driven_transfer.py:1427:lmcache.v1.multiprocess.modules.lmcache_driven_transfer)[0m
[32;20m[2026-09-22 10:56:44,682] LMCache INFO:[0m Stored 384 tokens in 0.003 seconds [3m(lmcache_driven_transfer.py:1218:lmcache.v1.multiprocess.modules.lmcache_driven_transfer)[0m
[32;20m[2026-09-22 10:56:44,756] LMCache INFO:[0m Stored 384 tokens in 0.003 seconds [3m(lmcache_driven_transfer.py:1218:lmcache.v1.multiprocess.modules.lmcache_driven_transfer)[0m
[32;20m[2026-09-22 10:56:44,855] LMCache INFO:[0m Stored 384 tokens in 0.003 seconds [3m(lmcache_driven_transfer.py:1218:lmcache.v1.multiprocess.modules.lmcache_driven_transfer)[0m
[32;20m[2026-09-22 10:56:44,943] LMCache INFO:[0m Stored 384 tokens in 0.003 seconds [3m(lmcache_driven_transfer.py:1218:lmcache.v1.multiprocess.modules.lmcache_driven_transfer)[0m
[32;20m[2026-09-22 10:56:45,042] LMCache INFO:[0m Stored 384 tokens in 0.003 seconds [3m(lmcache_driven_transfer.py:1218:lmcache.v1.multiprocess.modules.lmcache_driven_transfer)[0m
[32;20m[2026-09-22 10:56:45,127] LMCache INFO:[0m Stored 384 tokens in 0.003 seconds [3m(lmcache_driven_transfer.py:1218:lmcache.v1.multiprocess.modules.lmcache_driven_transfer)[0m
[32;20m[2026-09-22 10:56:45,225] LMCache INFO:[0m Stored 368 tokens in 0.003 seconds [3m(lmcache_driven_transfer.py:1218:lmcache.v1.multiprocess.modules.lmcache_driven_transfer)[0m
[32;20m[2026-09-22 10:56:45,315] LMCache INFO:[0m Stored 384 tokens in 0.003 seconds [3m(lmcache_driven_transfer.py:1218:lmcache.v1.multiprocess.modules.lmcache_driven_transfer)[0m
[32;20m[2026-09-22 10:56:45,411] LMCache INFO:[0m Stored 384 tokens in 0.003 seconds [3m(lmcache_driven_transfer.py:1218:lmcache.v1.multiprocess.modules.lmcache_driven_transfer)[0m
[32;20m[2026-09-22 10:56:45,496] LMCache INFO:[0m Stored 336 tokens in 0.003 seconds [3m(lmcache_driven_transfer.py:1218:lmcache.v1.multiprocess.modules.lmcache_driven_transfer)[0m
[32;20m[2026-09-22 10:56:45,582] LMCache INFO:[0m Stored 384 tokens in 0.003 seconds [3m(lmcache_driven_transfer.py:1218:lmcache.v1.multiprocess.modules.lmcache_driven_transfer)[0m
[32;20m[2026-09-22 10:56:46,154] LMCache INFO:[0m L1 memory usage: 0.44/0.50 GiB (88.4%) [3m(eviction_controller.py:153:lmcache.v1.distributed.storage_controllers.eviction_controller)[0m
[32;20m[2026-09-22 10:56:46,154] LMCache INFO:[0m L1 memory usage 0.88 above watermark 0.80; triggering eviction. [3m(eviction_controller.py:179:lmcache.v1.distributed.storage_controllers.eviction_controller)[0m
[32;20m[2026-09-22 10:56:46,160] LMCache INFO:[0m L0<->L1 stats [cuda:0] last 10.1s: store ops=67 tokens=25056 size=0.72GB avg_copy=2.20GB/s | retrieve ops=4 tokens=1536 size=0.04GB avg_copy=4.53GB/s [3m(extra_stats.py:159:lmcache.v1.mp_observability.subscribers.logging.extra_stats)[0m
[32;20m[2026-09-22 10:56:46,161] LMCache INFO:[0m L0<->L1 stats [cuda:0] cumulative: store ops=672 tokens=252048 size=7.23GB avg_copy=4.93GB/s | retrieve ops=144 tokens=54320 size=1.56GB avg_copy=4.13GB/s [3m(extra_stats.py:168:lmcache.v1.mp_observability.subscribers.logging.extra_stats)[0m
[32;20m[2026-09-22 10:56:46,221] LMCache INFO:[0m Prefetch request completed (L1+L2): 24/24 retained keys (24 L1, 0 L2) in 1.1 ms (external_request_id=cmpl-8e4ca6b409391565-0-93081a26, prefetch_request_id=-1) [3m(storage_manager.py:716:lmcache.v1.distributed.storage_manager)[0m
[32;20m[2026-09-22 10:56:46,227] LMCache INFO:[0m Retrieved 384 tokens in 0.003 seconds [3m(lmcache_driven_transfer.py:1427:lmcache.v1.multiprocess.modules.lmcache_driven_transfer)[0m
[32;20m[2026-09-22 10:56:46,349] LMCache INFO:[0m Stored 384 tokens in 0.003 seconds [3m(lmcache_driven_transfer.py:1218:lmcache.v1.multiprocess.modules.lmcache_driven_transfer)[0m
[32;20m[2026-09-22 10:56:46,426] LMCache INFO:[0m Stored 384 tokens in 0.003 seconds [3m(lmcache_driven_transfer.py:1218:lmcache.v1.multiprocess.modules.lmcache_driven_transfer)[0m
[32;20m[2026-09-22 10:56:46,520] LMCache INFO:[0m Stored 384 tokens in 0.003 seconds [3m(lmcache_driven_transfer.py:1218:lmcache.v1.multiprocess.modules.lmcache_driven_transfer)[0m
[32;20m[2026-09-22 10:56:46,612] LMCache INFO:[0m Stored 384 tokens in 0.003 seconds [3m(lmcache_driven_transfer.py:1218:lmcache.v1.multiprocess.modules.lmcache_driven_transfer)[0m
[32;20m[2026-09-22 10:56:46,702] LMCache INFO:[0m Stored 384 tokens in 0.003 seconds [3m(lmcache_driven_transfer.py:1218:lmcache.v1.multiprocess.modules.lmcache_driven_transfer)[0m
[32;20m[2026-09-22 10:56:46,799] LMCache INFO:[0m Stored 384 tokens in 0.004 seconds [3m(lmcache_driven_transfer.py:1218:lmcache.v1.multiprocess.modules.lmcache_driven_transfer)[0m
[32;20m[2026-09-22 10:56:46,890] LMCache INFO:[0m Stored 384 tokens in 0.003 seconds [3m(lmcache_driven_transfer.py:1218:lmcache.v1.multiprocess.modules.lmcache_driven_transfer)[0m
[32;20m[2026-09-22 10:56:46,983] LMCache INFO:[0m Stored 384 tokens in 0.003 seconds [3m(lmcache_driven_transfer.py:1218:lmcache.v1.multiprocess.modules.lmcache_driven_transfer)[0m
[32;20m[2026-09-22 10:56:47,071] LMCache INFO:[0m Stored 384 tokens in 0.003 seconds [3m(lmcache_driven_transfer.py:1218:lmcache.v1.multiprocess.modules.lmcache_driven_transfer)[0m
[32;20m[2026-09-22 10:56:47,160] LMCache INFO:[0m L1 memory usage 0.89 above watermark 0.80; triggering eviction. [3m(eviction_controller.py:179:lmcache.v1.distributed.storage_controllers.eviction_controller)[0m
[32;20m[2026-09-22 10:56:47,171] LMCache INFO:[0m Stored 384 tokens in 0.007 seconds [3m(lmcache_driven_transfer.py:1218:lmcache.v1.multiprocess.modules.lmcache_driven_transfer)[0m
[32;20m[2026-09-22 10:56:47,249] LMCache INFO:[0m Stored 176 tokens in 0.002 seconds [3m(lmcache_driven_transfer.py:1218:lmcache.v1.multiprocess.modules.lmcache_driven_transfer)[0m
[32;20m[2026-09-22 10:56:47,891] LMCache INFO:[0m Prefetch request completed (L1+L2): 24/24 retained keys (24 L1, 0 L2) in 1.0 ms (external_request_id=cmpl-adc8e77a47b44902-0-ba159050, prefetch_request_id=-1) [3m(storage_manager.py:716:lmcache.v1.distributed.storage_manager)[0m
[32;20m[2026-09-22 10:56:47,896] LMCache INFO:[0m Retrieved 384 tokens in 0.002 seconds [3m(lmcache_driven_transfer.py:1427:lmcache.v1.multiprocess.modules.lmcache_driven_transfer)[0m
[32;20m[2026-09-22 10:56:48,017] LMCache INFO:[0m Stored 384 tokens in 0.003 seconds [3m(lmcache_driven_transfer.py:1218:lmcache.v1.multiprocess.modules.lmcache_driven_transfer)[0m
[32;20m[2026-09-22 10:56:48,094] LMCache INFO:[0m Stored 368 tokens in 0.003 seconds [3m(lmcache_driven_transfer.py:1218:lmcache.v1.multiprocess.modules.lmcache_driven_transfer)[0m
[32;20m[2026-09-22 10:56:48,188] LMCache INFO:[0m Stored 384 tokens in 0.003 seconds [3m(lmcache_driven_transfer.py:1218:lmcache.v1.multiprocess.modules.lmcache_driven_transfer)[0m
[32;20m[2026-09-22 10:56:48,277] LMCache INFO:[0m Stored 64 tokens in 0.002 seconds [3m(lmcache_driven_transfer.py:1218:lmcache.v1.multiprocess.modules.lmcache_driven_transfer)[0m
[32;20m[2026-09-22 10:56:48,324] LMCache INFO:[0m Stored 384 tokens in 0.003 seconds [3m(lmcache_driven_transfer.py:1218:lmcache.v1.multiprocess.modules.lmcache_driven_transfer)[0m
[32;20m[2026-09-22 10:56:48,412] LMCache INFO:[0m Stored 384 tokens in 0.002 seconds [3m(lmcache_driven_transfer.py:1218:lmcache.v1.multiprocess.modules.lmcache_driven_transfer)[0m
[32;20m[2026-09-22 10:56:48,516] LMCache INFO:[0m Stored 384 tokens in 0.003 seconds [3m(lmcache_driven_transfer.py:1218:lmcache.v1.multiprocess.modules.lmcache_driven_transfer)[0m
[32;20m[2026-09-22 10:56:48,597] LMCache INFO:[0m Stored 384 tokens in 0.002 seconds [3m(lmcache_driven_transfer.py:1218:lmcache.v1.multiprocess.modules.lmcache_driven_transfer)[0m
[32;20m[2026-09-22 10:56:48,685] LMCache INFO:[0m Stored 384 tokens in 0.003 seconds [3m(lmcache_driven_transfer.py:1218:lmcache.v1.multiprocess.modules.lmcache_driven_transfer)[0m
[32;20m[2026-09-22 10:56:48,779] LMCache INFO:[0m Stored 384 tokens in 0.002 seconds [3m(lmcache_driven_transfer.py:1218:lmcache.v1.multiprocess.modules.lmcache_driven_transfer)[0m
[32;20m[2026-09-22 10:56:48,869] LMCache INFO:[0m Stored 384 tokens in 0.003 seconds [3m(lmcache_driven_transfer.py:1218:lmcache.v1.multiprocess.modules.lmcache_driven_transfer)[0m
[32;20m[2026-09-22 10:56:49,170] LMCache INFO:[0m L1 memory usage 0.95 above watermark 0.80; triggering eviction. [3m(eviction_controller.py:179:lmcache.v1.distributed.storage_controllers.eviction_controller)[0m
[32;20m[2026-09-22 10:56:49,650] LMCache INFO:[0m Prefetch request completed (L1+L2): 24/24 retained keys (24 L1, 0 L2) in 1.0 ms (external_request_id=cmpl-993276794fe9f8cf-0-a0d71cf0, prefetch_request_id=-1) [3m(storage_manager.py:716:lmcache.v1.distributed.storage_manager)[0m
[32;20m[2026-09-22 10:56:49,655] LMCache INFO:[0m Retrieved 384 tokens in 0.002 seconds [3m(lmcache_driven_transfer.py:1427:lmcache.v1.multiprocess.modules.lmcache_driven_transfer)[0m
[32;20m[2026-09-22 10:56:49,774] LMCache INFO:[0m Stored 384 tokens in 0.003 seconds [3m(lmcache_driven_transfer.py:1218:lmcache.v1.multiprocess.modules.lmcache_driven_transfer)[0m
[32;20m[2026-09-22 10:56:49,813] LMCache INFO:[0m Prefetch request completed (L1+L2): 24/24 retained keys (24 L1, 0 L2) in 1.2 ms (external_request_id=cmpl-a6e212dbd4ea7b23-0-a24b1c8c, prefetch_request_id=-1) [3m(storage_manager.py:716:lmcache.v1.distributed.storage_manager)[0m
[32;20m[2026-09-22 10:56:49,817] LMCache INFO:[0m Retrieved 384 tokens in 0.002 seconds [3m(lmcache_driven_transfer.py:1427:lmcache.v1.multiprocess.modules.lmcache_driven_transfer)[0m
[32;20m[2026-09-22 10:56:49,904] LMCache INFO:[0m Stored 384 tokens in 0.003 seconds [3m(lmcache_driven_transfer.py:1218:lmcache.v1.multiprocess.modules.lmcache_driven_transfer)[0m
[32;20m[2026-09-22 10:56:49,991] LMCache INFO:[0m Stored 384 tokens in 0.003 seconds [3m(lmcache_driven_transfer.py:1218:lmcache.v1.multiprocess.modules.lmcache_driven_transfer)[0m
[32;20m[2026-09-22 10:56:50,085] LMCache INFO:[0m Stored 384 tokens in 0.003 seconds [3m(lmcache_driven_transfer.py:1218:lmcache.v1.multiprocess.modules.lmcache_driven_transfer)[0m
[32;20m[2026-09-22 10:56:50,135] LMCache INFO:[0m Prefetch request completed (L1+L2): 10/24 retained keys (10 L1, 0 L2) in 1.0 ms (external_request_id=cmpl-bc12abc95d4a2f40-0-8f148029, prefetch_request_id=-1) [3m(storage_manager.py:716:lmcache.v1.distributed.storage_manager)[0m
[32;20m[2026-09-22 10:56:50,139] LMCache INFO:[0m Retrieved 160 tokens in 0.002 seconds [3m(lmcache_driven_transfer.py:1427:lmcache.v1.multiprocess.modules.lmcache_driven_transfer)[0m
[32;20m[2026-09-22 10:56:50,176] LMCache INFO:[0m L1 memory usage 0.84 above watermark 0.80; triggering eviction. [3m(eviction_controller.py:179:lmcache.v1.distributed.storage_controllers.eviction_controller)[0m
[32;20m[2026-09-22 10:56:50,185] LMCache INFO:[0m Stored 224 tokens in 0.009 seconds [3m(lmcache_driven_transfer.py:1218:lmcache.v1.multiprocess.modules.lmcache_driven_transfer)[0m
[32;20m[2026-09-22 10:56:50,252] LMCache INFO:[0m Stored 384 tokens in 0.003 seconds [3m(lmcache_driven_transfer.py:1218:lmcache.v1.multiprocess.modules.lmcache_driven_transfer)[0m
[32;20m[2026-09-22 10:56:50,339] LMCache INFO:[0m Stored 144 tokens in 0.002 seconds [3m(lmcache_driven_transfer.py:1218:lmcache.v1.multiprocess.modules.lmcache_driven_transfer)[0m
[32;20m[2026-09-22 10:56:50,389] LMCache INFO:[0m Stored 384 tokens in 0.003 seconds [3m(lmcache_driven_transfer.py:1218:lmcache.v1.multiprocess.modules.lmcache_driven_transfer)[0m
[32;20m[2026-09-22 10:56:50,482] LMCache INFO:[0m Stored 384 tokens in 0.003 seconds [3m(lmcache_driven_transfer.py:1218:lmcache.v1.multiprocess.modules.lmcache_driven_transfer)[0m
[32;20m[2026-09-22 10:56:50,572] LMCache INFO:[0m Stored 368 tokens in 0.003 seconds [3m(lmcache_driven_transfer.py:1218:lmcache.v1.multiprocess.modules.lmcache_driven_transfer)[0m
[32;20m[2026-09-22 10:56:51,319] LMCache INFO:[0m Prefetch request completed (L1+L2): 24/24 retained keys (24 L1, 0 L2) in 1.0 ms (external_request_id=cmpl-bd7d912a88d9262b-0-981c65cc, prefetch_request_id=-1) [3m(storage_manager.py:716:lmcache.v1.distributed.storage_manager)[0m
[32;20m[2026-09-22 10:56:51,324] LMCache INFO:[0m Retrieved 384 tokens in 0.002 seconds [3m(lmcache_driven_transfer.py:1427:lmcache.v1.multiprocess.modules.lmcache_driven_transfer)[0m
[32;20m[2026-09-22 10:56:51,444] LMCache INFO:[0m Stored 384 tokens in 0.005 seconds [3m(lmcache_driven_transfer.py:1218:lmcache.v1.multiprocess.modules.lmcache_driven_transfer)[0m
[32;20m[2026-09-22 10:56:51,521] LMCache INFO:[0m Stored 384 tokens in 0.003 seconds [3m(lmcache_driven_transfer.py:1218:lmcache.v1.multiprocess.modules.lmcache_driven_transfer)[0m
[32;20m[2026-09-22 10:56:51,609] LMCache INFO:[0m Stored 384 tokens in 0.003 seconds [3m(lmcache_driven_transfer.py:1218:lmcache.v1.multiprocess.modules.lmcache_driven_transfer)[0m
[32;20m[2026-09-22 10:56:51,702] LMCache INFO:[0m Stored 384 tokens in 0.003 seconds [3m(lmcache_driven_transfer.py:1218:lmcache.v1.multiprocess.modules.lmcache_driven_transfer)[0m
[32;20m[2026-09-22 10:56:51,797] LMCache INFO:[0m Stored 384 tokens in 0.003 seconds [3m(lmcache_driven_transfer.py:1218:lmcache.v1.multiprocess.modules.lmcache_driven_transfer)[0m
[32;20m[2026-09-22 10:56:51,887] LMCache INFO:[0m Stored 368 tokens in 0.002 seconds [3m(lmcache_driven_transfer.py:1218:lmcache.v1.multiprocess.modules.lmcache_driven_transfer)[0m
[32;20m[2026-09-22 10:56:51,976] LMCache INFO:[0m Stored 384 tokens in 0.003 seconds [3m(lmcache_driven_transfer.py:1218:lmcache.v1.multiprocess.modules.lmcache_driven_transfer)[0m
[32;20m[2026-09-22 10:56:52,070] LMCache INFO:[0m Stored 384 tokens in 0.003 seconds [3m(lmcache_driven_transfer.py:1218:lmcache.v1.multiprocess.modules.lmcache_driven_transfer)[0m
[32;20m[2026-09-22 10:56:52,157] LMCache INFO:[0m Stored 384 tokens in 0.003 seconds [3m(lmcache_driven_transfer.py:1218:lmcache.v1.multiprocess.modules.lmcache_driven_transfer)[0m
[32;20m[2026-09-22 10:56:52,184] LMCache INFO:[0m L1 memory usage 0.96 above watermark 0.80; triggering eviction. [3m(eviction_controller.py:179:lmcache.v1.distributed.storage_controllers.eviction_controller)[0m
[32;20m[2026-09-22 10:56:52,253] LMCache INFO:[0m Stored 384 tokens in 0.003 seconds [3m(lmcache_driven_transfer.py:1218:lmcache.v1.multiprocess.modules.lmcache_driven_transfer)[0m
[32;20m[2026-09-22 10:56:52,344] LMCache INFO:[0m Stored 112 tokens in 0.002 seconds [3m(lmcache_driven_transfer.py:1218:lmcache.v1.multiprocess.modules.lmcache_driven_transfer)[0m
[32;20m[2026-09-22 10:56:53,074] LMCache INFO:[0m Prefetch request completed (L1+L2): 23/23 retained keys (23 L1, 0 L2) in 1.0 ms (external_request_id=cmpl-845a278c288148a4-0-95c090b4, prefetch_request_id=-1) [3m(storage_manager.py:716:lmcache.v1.distributed.storage_manager)[0m
[32;20m[2026-09-22 10:56:53,079] LMCache INFO:[0m Retrieved 368 tokens in 0.002 seconds [3m(lmcache_driven_transfer.py:1427:lmcache.v1.multiprocess.modules.lmcache_driven_transfer)[0m
[32;20m[2026-09-22 10:56:53,228] LMCache INFO:[0m Stored 384 tokens in 0.003 seconds [3m(lmcache_driven_transfer.py:1218:lmcache.v1.multiprocess.modules.lmcache_driven_transfer)[0m
[32;20m[2026-09-22 10:56:53,292] LMCache INFO:[0m Stored 384 tokens in 0.003 seconds [3m(lmcache_driven_transfer.py:1218:lmcache.v1.multiprocess.modules.lmcache_driven_transfer)[0m
[32;20m[2026-09-22 10:56:53,386] LMCache INFO:[0m Stored 384 tokens in 0.003 seconds [3m(lmcache_driven_transfer.py:1218:lmcache.v1.multiprocess.modules.lmcache_driven_transfer)[0m
[32;20m[2026-09-22 10:56:53,479] LMCache INFO:[0m Stored 384 tokens in 0.003 seconds [3m(lmcache_driven_transfer.py:1218:lmcache.v1.multiprocess.modules.lmcache_driven_transfer)[0m
[32;20m[2026-09-22 10:56:53,571] LMCache INFO:[0m Stored 384 tokens in 0.003 seconds [3m(lmcache_driven_transfer.py:1218:lmcache.v1.multiprocess.modules.lmcache_driven_transfer)[0m
[32;20m[2026-09-22 10:56:53,660] LMCache INFO:[0m Stored 384 tokens in 0.003 seconds [3m(lmcache_driven_transfer.py:1218:lmcache.v1.multiprocess.modules.lmcache_driven_transfer)[0m
[32;20m[2026-09-22 10:56:53,747] LMCache INFO:[0m Stored 384 tokens in 0.003 seconds [3m(lmcache_driven_transfer.py:1218:lmcache.v1.multiprocess.modules.lmcache_driven_transfer)[0m
[32;20m[2026-09-22 10:56:53,838] LMCache INFO:[0m Stored 384 tokens in 0.003 seconds [3m(lmcache_driven_transfer.py:1218:lmcache.v1.multiprocess.modules.lmcache_driven_transfer)[0m
[32;20m[2026-09-22 10:56:53,927] LMCache INFO:[0m Stored 384 tokens in 0.004 seconds [3m(lmcache_driven_transfer.py:1218:lmcache.v1.multiprocess.modules.lmcache_driven_transfer)[0m
[33;20m[2026-09-22 10:56:54,017] LMCache WARNING:[0m Failed to batched allocate 24 memory blocks of size 458752 because no enough memory is available (short by 5 blocks) [3m(memory_management.py:1490:lmcache.v1.memory_management)[0m
[33;20m[2026-09-22 10:56:54,112] LMCache WARNING:[0m Failed to batched allocate 24 memory blocks of size 458752 because no enough memory is available (short by 5 blocks) [3m(memory_management.py:1490:lmcache.v1.memory_management)[0m
[32;20m[2026-09-22 10:56:54,190] LMCache INFO:[0m L1 memory usage 0.98 above watermark 0.80; triggering eviction. [3m(eviction_controller.py:179:lmcache.v1.distributed.storage_controllers.eviction_controller)[0m
[32;20m[2026-09-22 10:56:54,757] LMCache INFO:[0m Prefetch request completed (L1+L2): 24/24 retained keys (24 L1, 0 L2) in 1.1 ms (external_request_id=cmpl-b7a7fe7c34397a57-0-a75b37b1, prefetch_request_id=-1) [3m(storage_manager.py:716:lmcache.v1.distributed.storage_manager)[0m
[32;20m[2026-09-22 10:56:54,762] LMCache INFO:[0m Retrieved 384 tokens in 0.002 seconds [3m(lmcache_driven_transfer.py:1427:lmcache.v1.multiprocess.modules.lmcache_driven_transfer)[0m
[32;20m[2026-09-22 10:56:54,881] LMCache INFO:[0m Stored 384 tokens in 0.003 seconds [3m(lmcache_driven_transfer.py:1218:lmcache.v1.multiprocess.modules.lmcache_driven_transfer)[0m
[32;20m[2026-09-22 10:56:54,958] LMCache INFO:[0m Stored 368 tokens in 0.002 seconds [3m(lmcache_driven_transfer.py:1218:lmcache.v1.multiprocess.modules.lmcache_driven_transfer)[0m
[32;20m[2026-09-22 10:56:55,046] LMCache INFO:[0m Stored 384 tokens in 0.003 seconds [3m(lmcache_driven_transfer.py:1218:lmcache.v1.multiprocess.modules.lmcache_driven_transfer)[0m
[32;20m[2026-09-22 10:56:55,138] LMCache INFO:[0m Stored 384 tokens in 0.003 seconds [3m(lmcache_driven_transfer.py:1218:lmcache.v1.multiprocess.modules.lmcache_driven_transfer)[0m
[32;20m[2026-09-22 10:56:55,197] LMCache INFO:[0m L1 memory usage 0.87 above watermark 0.80; triggering eviction. [3m(eviction_controller.py:179:lmcache.v1.distributed.storage_controllers.eviction_controller)[0m
[32;20m[2026-09-22 10:56:55,230] LMCache INFO:[0m Stored 384 tokens in 0.003 seconds [3m(lmcache_driven_transfer.py:1218:lmcache.v1.multiprocess.modules.lmcache_driven_transfer)[0m
[32;20m[2026-09-22 10:56:55,318] LMCache INFO:[0m Stored 368 tokens in 0.003 seconds [3m(lmcache_driven_transfer.py:1218:lmcache.v1.multiprocess.modules.lmcache_driven_transfer)[0m
[32;20m[2026-09-22 10:56:55,408] LMCache INFO:[0m Stored 384 tokens in 0.003 seconds [3m(lmcache_driven_transfer.py:1218:lmcache.v1.multiprocess.modules.lmcache_driven_transfer)[0m
[32;20m[2026-09-22 10:56:55,507] LMCache INFO:[0m Stored 384 tokens in 0.003 seconds [3m(lmcache_driven_transfer.py:1218:lmcache.v1.multiprocess.modules.lmcache_driven_transfer)[0m
[32;20m[2026-09-22 10:56:55,596] LMCache INFO:[0m Stored 368 tokens in 0.003 seconds [3m(lmcache_driven_transfer.py:1218:lmcache.v1.multiprocess.modules.lmcache_driven_transfer)[0m
[32;20m[2026-09-22 10:56:55,687] LMCache INFO:[0m Stored 368 tokens in 0.003 seconds [3m(lmcache_driven_transfer.py:1218:lmcache.v1.multiprocess.modules.lmcache_driven_transfer)[0m
[32;20m[2026-09-22 10:56:55,778] LMCache INFO:[0m Stored 384 tokens in 0.002 seconds [3m(lmcache_driven_transfer.py:1218:lmcache.v1.multiprocess.modules.lmcache_driven_transfer)[0m
[32;20m[2026-09-22 10:56:56,204] LMCache INFO:[0m L1 memory usage: 0.42/0.50 GiB (83.6%) [3m(eviction_controller.py:153:lmcache.v1.distributed.storage_controllers.eviction_controller)[0m
[32;20m[2026-09-22 10:56:56,205] LMCache INFO:[0m L1 memory usage 0.84 above watermark 0.80; triggering eviction. [3m(eviction_controller.py:179:lmcache.v1.distributed.storage_controllers.eviction_controller)[0m
[32;20m[2026-09-22 10:56:56,211] LMCache INFO:[0m L0<->L1 stats [cuda:0] last 10.1s: store ops=65 tokens=22880 size=0.66GB avg_copy=6.60GB/s | retrieve ops=8 tokens=2832 size=0.08GB avg_copy=4.09GB/s [3m(extra_stats.py:159:lmcache.v1.mp_observability.subscribers.logging.extra_stats)[0m
[32;20m[2026-09-22 10:56:56,211] LMCache INFO:[0m L0<->L1 stats [cuda:0] cumulative: store ops=737 tokens=274928 size=7.88GB avg_copy=5.04GB/s | retrieve ops=152 tokens=57152 size=1.64GB avg_copy=4.13GB/s [3m(extra_stats.py:168:lmcache.v1.mp_observability.subscribers.logging.extra_stats)[0m
[32;20m[2026-09-22 10:56:56,551] LMCache INFO:[0m Stored 384 tokens in 0.003 seconds [3m(lmcache_driven_transfer.py:1218:lmcache.v1.multiprocess.modules.lmcache_driven_transfer)[0m
[32;20m[2026-09-22 10:56:56,659] LMCache INFO:[0m Stored 384 tokens in 0.003 seconds [3m(lmcache_driven_transfer.py:1218:lmcache.v1.multiprocess.modules.lmcache_driven_transfer)[0m
[32;20m[2026-09-22 10:56:56,741] LMCache INFO:[0m Stored 384 tokens in 0.003 seconds [3m(lmcache_driven_transfer.py:1218:lmcache.v1.multiprocess.modules.lmcache_driven_transfer)[0m
[32;20m[2026-09-22 10:56:56,829] LMCache INFO:[0m Stored 384 tokens in 0.003 seconds [3m(lmcache_driven_transfer.py:1218:lmcache.v1.multiprocess.modules.lmcache_driven_transfer)[0m
[32;20m[2026-09-22 10:56:56,917] LMCache INFO:[0m Stored 384 tokens in 0.002 seconds [3m(lmcache_driven_transfer.py:1218:lmcache.v1.multiprocess.modules.lmcache_driven_transfer)[0m
[32;20m[2026-09-22 10:56:57,005] LMCache INFO:[0m Stored 384 tokens in 0.003 seconds [3m(lmcache_driven_transfer.py:1218:lmcache.v1.multiprocess.modules.lmcache_driven_transfer)[0m
[32;20m[2026-09-22 10:56:57,100] LMCache INFO:[0m Stored 384 tokens in 0.003 seconds [3m(lmcache_driven_transfer.py:1218:lmcache.v1.multiprocess.modules.lmcache_driven_transfer)[0m
[32;20m[2026-09-22 10:56:57,191] LMCache INFO:[0m Stored 384 tokens in 0.003 seconds [3m(lmcache_driven_transfer.py:1218:lmcache.v1.multiprocess.modules.lmcache_driven_transfer)[0m
[32;20m[2026-09-22 10:56:57,211] LMCache INFO:[0m L1 memory usage 0.83 above watermark 0.80; triggering eviction. [3m(eviction_controller.py:179:lmcache.v1.distributed.storage_controllers.eviction_controller)[0m
[32;20m[2026-09-22 10:56:57,282] LMCache INFO:[0m Stored 384 tokens in 0.003 seconds [3m(lmcache_driven_transfer.py:1218:lmcache.v1.multiprocess.modules.lmcache_driven_transfer)[0m
[32;20m[2026-09-22 10:56:57,373] LMCache INFO:[0m Stored 384 tokens in 0.003 seconds [3m(lmcache_driven_transfer.py:1218:lmcache.v1.multiprocess.modules.lmcache_driven_transfer)[0m
[32;20m[2026-09-22 10:56:57,466] LMCache INFO:[0m Stored 384 tokens in 0.003 seconds [3m(lmcache_driven_transfer.py:1218:lmcache.v1.multiprocess.modules.lmcache_driven_transfer)[0m
[32;20m[2026-09-22 10:56:57,554] LMCache INFO:[0m Stored 384 tokens in 0.003 seconds [3m(lmcache_driven_transfer.py:1218:lmcache.v1.multiprocess.modules.lmcache_driven_transfer)[0m
[32;20m[2026-09-22 10:56:58,296] LMCache INFO:[0m Prefetch request completed (L1+L2): 24/24 retained keys (24 L1, 0 L2) in 1.0 ms (external_request_id=cmpl-b036edb2765dd279-0-9a2280fe, prefetch_request_id=-1) [3m(storage_manager.py:716:lmcache.v1.distributed.storage_manager)[0m
[32;20m[2026-09-22 10:56:58,300] LMCache INFO:[0m Retrieved 384 tokens in 0.002 seconds [3m(lmcache_driven_transfer.py:1427:lmcache.v1.multiprocess.modules.lmcache_driven_transfer)[0m
[32;20m[2026-09-22 10:56:58,420] LMCache INFO:[0m Stored 384 tokens in 0.003 seconds [3m(lmcache_driven_transfer.py:1218:lmcache.v1.multiprocess.modules.lmcache_driven_transfer)[0m
[32;20m[2026-09-22 10:56:58,498] LMCache INFO:[0m Stored 384 tokens in 0.003 seconds [3m(lmcache_driven_transfer.py:1218:lmcache.v1.multiprocess.modules.lmcache_driven_transfer)[0m
[32;20m[2026-09-22 10:56:58,591] LMCache INFO:[0m Stored 384 tokens in 0.003 seconds [3m(lmcache_driven_transfer.py:1218:lmcache.v1.multiprocess.modules.lmcache_driven_transfer)[0m
[32;20m[2026-09-22 10:56:58,680] LMCache INFO:[0m Stored 384 tokens in 0.003 seconds [3m(lmcache_driven_transfer.py:1218:lmcache.v1.multiprocess.modules.lmcache_driven_transfer)[0m
[32;20m[2026-09-22 10:56:58,773] LMCache INFO:[0m Stored 384 tokens in 0.003 seconds [3m(lmcache_driven_transfer.py:1218:lmcache.v1.multiprocess.modules.lmcache_driven_transfer)[0m
[32;20m[2026-09-22 10:56:58,862] LMCache INFO:[0m Stored 384 tokens in 0.003 seconds [3m(lmcache_driven_transfer.py:1218:lmcache.v1.multiprocess.modules.lmcache_driven_transfer)[0m
[32;20m[2026-09-22 10:56:58,954] LMCache INFO:[0m Stored 384 tokens in 0.003 seconds [3m(lmcache_driven_transfer.py:1218:lmcache.v1.multiprocess.modules.lmcache_driven_transfer)[0m
[32;20m[2026-09-22 10:56:59,043] LMCache INFO:[0m Stored 384 tokens in 0.003 seconds [3m(lmcache_driven_transfer.py:1218:lmcache.v1.multiprocess.modules.lmcache_driven_transfer)[0m
[32;20m[2026-09-22 10:56:59,133] LMCache INFO:[0m Stored 384 tokens in 0.003 seconds [3m(lmcache_driven_transfer.py:1218:lmcache.v1.multiprocess.modules.lmcache_driven_transfer)[0m
[32;20m[2026-09-22 10:56:59,217] LMCache INFO:[0m L1 memory usage 0.94 above watermark 0.80; triggering eviction. [3m(eviction_controller.py:179:lmcache.v1.distributed.storage_controllers.eviction_controller)[0m
[32;20m[2026-09-22 10:56:59,227] LMCache INFO:[0m Stored 384 tokens in 0.003 seconds [3m(lmcache_driven_transfer.py:1218:lmcache.v1.multiprocess.modules.lmcache_driven_transfer)[0m
[32;20m[2026-09-22 10:56:59,316] LMCache INFO:[0m Stored 384 tokens in 0.003 seconds [3m(lmcache_driven_transfer.py:1218:lmcache.v1.multiprocess.modules.lmcache_driven_transfer)[0m
[32;20m[2026-09-22 10:57:00,053] LMCache INFO:[0m Prefetch request completed (L1+L2): 24/24 retained keys (24 L1, 0 L2) in 1.1 ms (external_request_id=cmpl-a1197a6dc08b0a0c-0-9aa44d3f, prefetch_request_id=-1) [3m(storage_manager.py:716:lmcache.v1.distributed.storage_manager)[0m
[32;20m[2026-09-22 10:57:00,058] LMCache INFO:[0m Retrieved 384 tokens in 0.002 seconds [3m(lmcache_driven_transfer.py:1427:lmcache.v1.multiprocess.modules.lmcache_driven_transfer)[0m
[32;20m[2026-09-22 10:57:00,180] LMCache INFO:[0m Stored 384 tokens in 0.003 seconds [3m(lmcache_driven_transfer.py:1218:lmcache.v1.multiprocess.modules.lmcache_driven_transfer)[0m
[32;20m[2026-09-22 10:57:00,225] LMCache INFO:[0m L1 memory usage 0.81 above watermark 0.80; triggering eviction. [3m(eviction_controller.py:179:lmcache.v1.distributed.storage_controllers.eviction_controller)[0m
[32;20m[2026-09-22 10:57:00,262] LMCache INFO:[0m Stored 384 tokens in 0.003 seconds [3m(lmcache_driven_transfer.py:1218:lmcache.v1.multiprocess.modules.lmcache_driven_transfer)[0m
[32;20m[2026-09-22 10:57:00,347] LMCache INFO:[0m Stored 384 tokens in 0.003 seconds [3m(lmcache_driven_transfer.py:1218:lmcache.v1.multiprocess.modules.lmcache_driven_transfer)[0m
[32;20m[2026-09-22 10:57:00,440] LMCache INFO:[0m Stored 384 tokens in 0.003 seconds [3m(lmcache_driven_transfer.py:1218:lmcache.v1.multiprocess.modules.lmcache_driven_transfer)[0m
[32;20m[2026-09-22 10:57:00,528] LMCache INFO:[0m Stored 384 tokens in 0.004 seconds [3m(lmcache_driven_transfer.py:1218:lmcache.v1.multiprocess.modules.lmcache_driven_transfer)[0m
[32;20m[2026-09-22 10:57:00,619] LMCache INFO:[0m Stored 384 tokens in 0.003 seconds [3m(lmcache_driven_transfer.py:1218:lmcache.v1.multiprocess.modules.lmcache_driven_transfer)[0m
[32;20m[2026-09-22 10:57:00,711] LMCache INFO:[0m Stored 384 tokens in 0.003 seconds [3m(lmcache_driven_transfer.py:1218:lmcache.v1.multiprocess.modules.lmcache_driven_transfer)[0m
[32;20m[2026-09-22 10:57:00,802] LMCache INFO:[0m Stored 384 tokens in 0.003 seconds [3m(lmcache_driven_transfer.py:1218:lmcache.v1.multiprocess.modules.lmcache_driven_transfer)[0m
[32;20m[2026-09-22 10:57:00,895] LMCache INFO:[0m Stored 384 tokens in 0.003 seconds [3m(lmcache_driven_transfer.py:1218:lmcache.v1.multiprocess.modules.lmcache_driven_transfer)[0m
[32;20m[2026-09-22 10:57:00,986] LMCache INFO:[0m Stored 384 tokens in 0.003 seconds [3m(lmcache_driven_transfer.py:1218:lmcache.v1.multiprocess.modules.lmcache_driven_transfer)[0m
[32;20m[2026-09-22 10:57:01,076] LMCache INFO:[0m Stored 384 tokens in 0.003 seconds [3m(lmcache_driven_transfer.py:1218:lmcache.v1.multiprocess.modules.lmcache_driven_transfer)[0m
[32;20m[2026-09-22 10:57:01,233] LMCache INFO:[0m L1 memory usage 0.85 above watermark 0.80; triggering eviction. [3m(eviction_controller.py:179:lmcache.v1.distributed.storage_controllers.eviction_controller)[0m
[32;20m[2026-09-22 10:57:01,814] LMCache INFO:[0m Prefetch request completed (L1+L2): 24/24 retained keys (24 L1, 0 L2) in 1.1 ms (external_request_id=cmpl-9ffb51ca7cc54988-0-985f9347, prefetch_request_id=-1) [3m(storage_manager.py:716:lmcache.v1.distributed.storage_manager)[0m
[32;20m[2026-09-22 10:57:01,818] LMCache INFO:[0m Retrieved 384 tokens in 0.002 seconds [3m(lmcache_driven_transfer.py:1427:lmcache.v1.multiprocess.modules.lmcache_driven_transfer)[0m
[32;20m[2026-09-22 10:57:01,933] LMCache INFO:[0m Stored 368 tokens in 0.003 seconds [3m(lmcache_driven_transfer.py:1218:lmcache.v1.multiprocess.modules.lmcache_driven_transfer)[0m
[32;20m[2026-09-22 10:57:02,010] LMCache INFO:[0m Stored 384 tokens in 0.002 seconds [3m(lmcache_driven_transfer.py:1218:lmcache.v1.multiprocess.modules.lmcache_driven_transfer)[0m
[32;20m[2026-09-22 10:57:02,104] LMCache INFO:[0m Stored 384 tokens in 0.003 seconds [3m(lmcache_driven_transfer.py:1218:lmcache.v1.multiprocess.modules.lmcache_driven_transfer)[0m
[32;20m[2026-09-22 10:57:02,195] LMCache INFO:[0m Stored 384 tokens in 0.003 seconds [3m(lmcache_driven_transfer.py:1218:lmcache.v1.multiprocess.modules.lmcache_driven_transfer)[0m
[32;20m[2026-09-22 10:57:02,284] LMCache INFO:[0m Stored 368 tokens in 0.003 seconds [3m(lmcache_driven_transfer.py:1218:lmcache.v1.multiprocess.modules.lmcache_driven_transfer)[0m
[32;20m[2026-09-22 10:57:02,373] LMCache INFO:[0m Stored 384 tokens in 0.003 seconds [3m(lmcache_driven_transfer.py:1218:lmcache.v1.multiprocess.modules.lmcache_driven_transfer)[0m
[32;20m[2026-09-22 10:57:02,464] LMCache INFO:[0m Stored 384 tokens in 0.003 seconds [3m(lmcache_driven_transfer.py:1218:lmcache.v1.multiprocess.modules.lmcache_driven_transfer)[0m
[32;20m[2026-09-22 10:57:02,557] LMCache INFO:[0m Stored 368 tokens in 0.003 seconds [3m(lmcache_driven_transfer.py:1218:lmcache.v1.multiprocess.modules.lmcache_driven_transfer)[0m
[32;20m[2026-09-22 10:57:02,644] LMCache INFO:[0m Stored 384 tokens in 0.003 seconds [3m(lmcache_driven_transfer.py:1218:lmcache.v1.multiprocess.modules.lmcache_driven_transfer)[0m
[32;20m[2026-09-22 10:57:02,732] LMCache INFO:[0m Stored 192 tokens in 0.002 seconds [3m(lmcache_driven_transfer.py:1218:lmcache.v1.multiprocess.modules.lmcache_driven_transfer)[0m
[32;20m[2026-09-22 10:57:02,787] LMCache INFO:[0m Stored 384 tokens in 0.002 seconds [3m(lmcache_driven_transfer.py:1218:lmcache.v1.multiprocess.modules.lmcache_driven_transfer)[0m
[32;20m[2026-09-22 10:57:03,239] LMCache INFO:[0m L1 memory usage 0.90 above watermark 0.80; triggering eviction. [3m(eviction_controller.py:179:lmcache.v1.distributed.storage_controllers.eviction_controller)[0m
[32;20m[2026-09-22 10:57:03,478] LMCache INFO:[0m Prefetch request completed (L1+L2): 23/23 retained keys (23 L1, 0 L2) in 1.2 ms (external_request_id=cmpl-908e83899af3536f-0-a161eea5, prefetch_request_id=-1) [3m(storage_manager.py:716:lmcache.v1.distributed.storage_manager)[0m
[32;20m[2026-09-22 10:57:03,482] LMCache INFO:[0m Retrieved 368 tokens in 0.002 seconds [3m(lmcache_driven_transfer.py:1427:lmcache.v1.multiprocess.modules.lmcache_driven_transfer)[0m
[32;20m[2026-09-22 10:57:03,560] LMCache INFO:[0m Prefetch request completed (L1+L2): 24/24 retained keys (24 L1, 0 L2) in 1.0 ms (external_request_id=cmpl-bb7401da55be4127-0-a9d0d48a, prefetch_request_id=-1) [3m(storage_manager.py:716:lmcache.v1.distributed.storage_manager)[0m
[32;20m[2026-09-22 10:57:03,566] LMCache INFO:[0m Prefetch request completed (L1+L2): 24/24 retained keys (24 L1, 0 L2) in 1.2 ms (external_request_id=cmpl-8d256820f23d6e61-0-84f808b4, prefetch_request_id=-1) [3m(storage_manager.py:716:lmcache.v1.distributed.storage_manager)[0m
[32;20m[2026-09-22 10:57:03,567] LMCache INFO:[0m Retrieved 384 tokens in 0.004 seconds [3m(lmcache_driven_transfer.py:1427:lmcache.v1.multiprocess.modules.lmcache_driven_transfer)[0m
[32;20m[2026-09-22 10:57:03,574] LMCache INFO:[0m Retrieved 384 tokens in 0.005 seconds [3m(lmcache_driven_transfer.py:1427:lmcache.v1.multiprocess.modules.lmcache_driven_transfer)[0m
[32;20m[2026-09-22 10:57:03,649] LMCache INFO:[0m Prefetch request completed (L1+L2): 24/24 retained keys (24 L1, 0 L2) in 1.3 ms (external_request_id=cmpl-a4e6336db7f8fb57-0-bfb7b4e7, prefetch_request_id=-1) [3m(storage_manager.py:716:lmcache.v1.distributed.storage_manager)[0m
[32;20m[2026-09-22 10:57:03,654] LMCache INFO:[0m Retrieved 384 tokens in 0.002 seconds [3m(lmcache_driven_transfer.py:1427:lmcache.v1.multiprocess.modules.lmcache_driven_transfer)[0m
[32;20m[2026-09-22 10:57:03,704] LMCache INFO:[0m Prefetch request completed (L1+L2): 24/24 retained keys (24 L1, 0 L2) in 1.2 ms (external_request_id=cmpl-b7fe7ddc5e8eb12f-0-be98cc4c, prefetch_request_id=-1) [3m(storage_manager.py:716:lmcache.v1.distributed.storage_manager)[0m
[32;20m[2026-09-22 10:57:03,708] LMCache INFO:[0m Retrieved 384 tokens in 0.002 seconds [3m(lmcache_driven_transfer.py:1427:lmcache.v1.multiprocess.modules.lmcache_driven_transfer)[0m
[32;20m[2026-09-22 10:57:03,756] LMCache INFO:[0m Prefetch request completed (L1+L2): 24/24 retained keys (24 L1, 0 L2) in 1.1 ms (external_request_id=cmpl-b46a7bd7c8733afc-0-bacd1d34, prefetch_request_id=-1) [3m(storage_manager.py:716:lmcache.v1.distributed.storage_manager)[0m
[32;20m[2026-09-22 10:57:03,761] LMCache INFO:[0m Retrieved 384 tokens in 0.002 seconds [3m(lmcache_driven_transfer.py:1427:lmcache.v1.multiprocess.modules.lmcache_driven_transfer)[0m
[32;20m[2026-09-22 10:57:03,810] LMCache INFO:[0m Prefetch request completed (L1+L2): 24/24 retained keys (24 L1, 0 L2) in 1.0 ms (external_request_id=cmpl-ad63670deb469f8d-0-86bbec3d, prefetch_request_id=-1) [3m(storage_manager.py:716:lmcache.v1.distributed.storage_manager)[0m
[32;20m[2026-09-22 10:57:03,814] LMCache INFO:[0m Retrieved 384 tokens in 0.002 seconds [3m(lmcache_driven_transfer.py:1427:lmcache.v1.multiprocess.modules.lmcache_driven_transfer)[0m
[32;20m[2026-09-22 10:57:03,864] LMCache INFO:[0m Prefetch request completed (L1+L2): 24/24 retained keys (24 L1, 0 L2) in 1.0 ms (external_request_id=cmpl-88e149bc8241dc04-0-8f0012f4, prefetch_request_id=-1) [3m(storage_manager.py:716:lmcache.v1.distributed.storage_manager)[0m
[32;20m[2026-09-22 10:57:03,869] LMCache INFO:[0m Retrieved 384 tokens in 0.002 seconds [3m(lmcache_driven_transfer.py:1427:lmcache.v1.multiprocess.modules.lmcache_driven_transfer)[0m
[32;20m[2026-09-22 10:57:03,919] LMCache INFO:[0m Prefetch request completed (L1+L2): 24/24 retained keys (24 L1, 0 L2) in 1.1 ms (external_request_id=cmpl-ba667fe7743412f3-0-9b94a94b, prefetch_request_id=-1) [3m(storage_manager.py:716:lmcache.v1.distributed.storage_manager)[0m
[32;20m[2026-09-22 10:57:03,923] LMCache INFO:[0m Retrieved 384 tokens in 0.002 seconds [3m(lmcache_driven_transfer.py:1427:lmcache.v1.multiprocess.modules.lmcache_driven_transfer)[0m
[32;20m[2026-09-22 10:57:03,974] LMCache INFO:[0m Prefetch request completed (L1+L2): 24/24 retained keys (24 L1, 0 L2) in 0.9 ms (external_request_id=cmpl-8255966879005f2f-0-965a6f24, prefetch_request_id=-1) [3m(storage_manager.py:716:lmcache.v1.distributed.storage_manager)[0m
[32;20m[2026-09-22 10:57:03,978] LMCache INFO:[0m Retrieved 384 tokens in 0.002 seconds [3m(lmcache_driven_transfer.py:1427:lmcache.v1.multiprocess.modules.lmcache_driven_transfer)[0m
[32;20m[2026-09-22 10:57:04,029] LMCache INFO:[0m Prefetch request completed (L1+L2): 24/24 retained keys (24 L1, 0 L2) in 1.0 ms (external_request_id=cmpl-9c8a2809b5d4ff94-0-81962260, prefetch_request_id=-1) [3m(storage_manager.py:716:lmcache.v1.distributed.storage_manager)[0m
[32;20m[2026-09-22 10:57:04,033] LMCache INFO:[0m Retrieved 384 tokens in 0.002 seconds [3m(lmcache_driven_transfer.py:1427:lmcache.v1.multiprocess.modules.lmcache_driven_transfer)[0m
[32;20m[2026-09-22 10:57:04,083] LMCache INFO:[0m Prefetch request completed (L1+L2): 24/24 retained keys (24 L1, 0 L2) in 1.1 ms (external_request_id=cmpl-b65b244727a5c531-0-bea48cb2, prefetch_request_id=-1) [3m(storage_manager.py:716:lmcache.v1.distributed.storage_manager)[0m
[32;20m[2026-09-22 10:57:04,088] LMCache INFO:[0m Retrieved 384 tokens in 0.002 seconds [3m(lmcache_driven_transfer.py:1427:lmcache.v1.multiprocess.modules.lmcache_driven_transfer)[0m
[32;20m[2026-09-22 10:57:05,155] LMCache INFO:[0m Prefetch request completed (L1+L2): 24/24 retained keys (24 L1, 0 L2) in 1.0 ms (external_request_id=cmpl-b8c8fe05921dcabd-0-b32c56b0, prefetch_request_id=-1) [3m(storage_manager.py:716:lmcache.v1.distributed.storage_manager)[0m
[32;20m[2026-09-22 10:57:05,160] LMCache INFO:[0m Retrieved 384 tokens in 0.002 seconds [3m(lmcache_driven_transfer.py:1427:lmcache.v1.multiprocess.modules.lmcache_driven_transfer)[0m
[32;20m[2026-09-22 10:57:05,283] LMCache INFO:[0m Stored 384 tokens in 0.003 seconds [3m(lmcache_driven_transfer.py:1218:lmcache.v1.multiprocess.modules.lmcache_driven_transfer)[0m
[32;20m[2026-09-22 10:57:05,396] LMCache INFO:[0m Stored 384 tokens in 0.003 seconds [3m(lmcache_driven_transfer.py:1218:lmcache.v1.multiprocess.modules.lmcache_driven_transfer)[0m
[32;20m[2026-09-22 10:57:05,510] LMCache INFO:[0m Stored 384 tokens in 0.003 seconds [3m(lmcache_driven_transfer.py:1218:lmcache.v1.multiprocess.modules.lmcache_driven_transfer)[0m
[32;20m[2026-09-22 10:57:05,602] LMCache INFO:[0m Stored 384 tokens in 0.002 seconds [3m(lmcache_driven_transfer.py:1218:lmcache.v1.multiprocess.modules.lmcache_driven_transfer)[0m
[32;20m[2026-09-22 10:57:05,691] LMCache INFO:[0m Stored 384 tokens in 0.003 seconds [3m(lmcache_driven_transfer.py:1218:lmcache.v1.multiprocess.modules.lmcache_driven_transfer)[0m
[32;20m[2026-09-22 10:57:05,782] LMCache INFO:[0m Stored 384 tokens in 0.003 seconds [3m(lmcache_driven_transfer.py:1218:lmcache.v1.multiprocess.modules.lmcache_driven_transfer)[0m
[32;20m[2026-09-22 10:57:05,870] LMCache INFO:[0m Stored 384 tokens in 0.003 seconds [3m(lmcache_driven_transfer.py:1218:lmcache.v1.multiprocess.modules.lmcache_driven_transfer)[0m
[32;20m[2026-09-22 10:57:05,959] LMCache INFO:[0m Stored 368 tokens in 0.003 seconds [3m(lmcache_driven_transfer.py:1218:lmcache.v1.multiprocess.modules.lmcache_driven_transfer)[0m
[32;20m[2026-09-22 10:57:06,051] LMCache INFO:[0m Stored 384 tokens in 0.003 seconds [3m(lmcache_driven_transfer.py:1218:lmcache.v1.multiprocess.modules.lmcache_driven_transfer)[0m
[32;20m[2026-09-22 10:57:06,141] LMCache INFO:[0m Stored 384 tokens in 0.002 seconds [3m(lmcache_driven_transfer.py:1218:lmcache.v1.multiprocess.modules.lmcache_driven_transfer)[0m
[32;20m[2026-09-22 10:57:06,237] LMCache INFO:[0m L0<->L1 stats [cuda:0] last 10.0s: store ops=55 tokens=20864 size=0.60GB avg_copy=7.30GB/s | retrieve ops=16 tokens=6128 size=0.18GB avg_copy=3.86GB/s [3m(extra_stats.py:159:lmcache.v1.mp_observability.subscribers.logging.extra_stats)[0m
[32;20m[2026-09-22 10:57:06,237] LMCache INFO:[0m L0<->L1 stats [cuda:0] cumulative: store ops=792 tokens=295792 size=8.48GB avg_copy=5.15GB/s | retrieve ops=168 tokens=63280 size=1.81GB avg_copy=4.10GB/s [3m(extra_stats.py:168:lmcache.v1.mp_observability.subscribers.logging.extra_stats)[0m
[32;20m[2026-09-22 10:57:06,239] LMCache INFO:[0m Stored 112 tokens in 0.004 seconds [3m(lmcache_driven_transfer.py:1218:lmcache.v1.multiprocess.modules.lmcache_driven_transfer)[0m
[32;20m[2026-09-22 10:57:06,246] LMCache INFO:[0m L1 memory usage: 0.46/0.50 GiB (92.8%) [3m(eviction_controller.py:153:lmcache.v1.distributed.storage_controllers.eviction_controller)[0m
[32;20m[2026-09-22 10:57:06,246] LMCache INFO:[0m L1 memory usage 0.93 above watermark 0.80; triggering eviction. [3m(eviction_controller.py:179:lmcache.v1.distributed.storage_controllers.eviction_controller)[0m
[32;20m[2026-09-22 10:57:06,973] LMCache INFO:[0m Prefetch request completed (L1+L2): 24/24 retained keys (24 L1, 0 L2) in 1.3 ms (external_request_id=cmpl-a3b70ea528b60560-0-90851ad1, prefetch_request_id=-1) [3m(storage_manager.py:716:lmcache.v1.distributed.storage_manager)[0m
[32;20m[2026-09-22 10:57:06,978] LMCache INFO:[0m Retrieved 384 tokens in 0.002 seconds [3m(lmcache_driven_transfer.py:1427:lmcache.v1.multiprocess.modules.lmcache_driven_transfer)[0m
[32;20m[2026-09-22 10:57:07,100] LMCache INFO:[0m Stored 384 tokens in 0.003 seconds [3m(lmcache_driven_transfer.py:1218:lmcache.v1.multiprocess.modules.lmcache_driven_transfer)[0m
[32;20m[2026-09-22 10:57:07,178] LMCache INFO:[0m Stored 384 tokens in 0.003 seconds [3m(lmcache_driven_transfer.py:1218:lmcache.v1.multiprocess.modules.lmcache_driven_transfer)[0m
[32;20m[2026-09-22 10:57:07,271] LMCache INFO:[0m Stored 384 tokens in 0.003 seconds [3m(lmcache_driven_transfer.py:1218:lmcache.v1.multiprocess.modules.lmcache_driven_transfer)[0m
[32;20m[2026-09-22 10:57:07,364] LMCache INFO:[0m Stored 384 tokens in 0.008 seconds [3m(lmcache_driven_transfer.py:1218:lmcache.v1.multiprocess.modules.lmcache_driven_transfer)[0m
[32;20m[2026-09-22 10:57:07,449] LMCache INFO:[0m Stored 384 tokens in 0.003 seconds [3m(lmcache_driven_transfer.py:1218:lmcache.v1.multiprocess.modules.lmcache_driven_transfer)[0m
[32;20m[2026-09-22 10:57:07,539] LMCache INFO:[0m Stored 112 tokens in 0.003 seconds [3m(lmcache_driven_transfer.py:1218:lmcache.v1.multiprocess.modules.lmcache_driven_transfer)[0m
[32;20m[2026-09-22 10:57:07,585] LMCache INFO:[0m Stored 384 tokens in 0.003 seconds [3m(lmcache_driven_transfer.py:1218:lmcache.v1.multiprocess.modules.lmcache_driven_transfer)[0m
[32;20m[2026-09-22 10:57:07,674] LMCache INFO:[0m Stored 384 tokens in 0.003 seconds [3m(lmcache_driven_transfer.py:1218:lmcache.v1.multiprocess.modules.lmcache_driven_transfer)[0m
[32;20m[2026-09-22 10:57:07,763] LMCache INFO:[0m Stored 384 tokens in 0.003 seconds [3m(lmcache_driven_transfer.py:1218:lmcache.v1.multiprocess.modules.lmcache_driven_transfer)[0m
[32;20m[2026-09-22 10:57:07,852] LMCache INFO:[0m Stored 384 tokens in 0.003 seconds [3m(lmcache_driven_transfer.py:1218:lmcache.v1.multiprocess.modules.lmcache_driven_transfer)[0m
[32;20m[2026-09-22 10:57:07,941] LMCache INFO:[0m Stored 384 tokens in 0.003 seconds [3m(lmcache_driven_transfer.py:1218:lmcache.v1.multiprocess.modules.lmcache_driven_transfer)[0m
[32;20m[2026-09-22 10:57:08,252] LMCache INFO:[0m L1 memory usage 0.95 above watermark 0.80; triggering eviction. [3m(eviction_controller.py:179:lmcache.v1.distributed.storage_controllers.eviction_controller)[0m
[32;20m[2026-09-22 10:57:08,731] LMCache INFO:[0m Prefetch request completed (L1+L2): 24/24 retained keys (24 L1, 0 L2) in 1.0 ms (external_request_id=cmpl-b75ca113096f8d49-0-89511ecc, prefetch_request_id=-1) [3m(storage_manager.py:716:lmcache.v1.distributed.storage_manager)[0m
[32;20m[2026-09-22 10:57:08,736] LMCache INFO:[0m Retrieved 384 tokens in 0.002 seconds [3m(lmcache_driven_transfer.py:1427:lmcache.v1.multiprocess.modules.lmcache_driven_transfer)[0m
[32;20m[2026-09-22 10:57:08,853] LMCache INFO:[0m Stored 384 tokens in 0.003 seconds [3m(lmcache_driven_transfer.py:1218:lmcache.v1.multiprocess.modules.lmcache_driven_transfer)[0m
[32;20m[2026-09-22 10:57:08,934] LMCache INFO:[0m Stored 384 tokens in 0.002 seconds [3m(lmcache_driven_transfer.py:1218:lmcache.v1.multiprocess.modules.lmcache_driven_transfer)[0m
[32;20m[2026-09-22 10:57:09,027] LMCache INFO:[0m Stored 384 tokens in 0.003 seconds [3m(lmcache_driven_transfer.py:1218:lmcache.v1.multiprocess.modules.lmcache_driven_transfer)[0m
[32;20m[2026-09-22 10:57:09,116] LMCache INFO:[0m Stored 384 tokens in 0.003 seconds [3m(lmcache_driven_transfer.py:1218:lmcache.v1.multiprocess.modules.lmcache_driven_transfer)[0m
[32;20m[2026-09-22 10:57:09,204] LMCache INFO:[0m Stored 384 tokens in 0.003 seconds [3m(lmcache_driven_transfer.py:1218:lmcache.v1.multiprocess.modules.lmcache_driven_transfer)[0m
[32;20m[2026-09-22 10:57:09,260] LMCache INFO:[0m L1 memory usage 0.87 above watermark 0.80; triggering eviction. [3m(eviction_controller.py:179:lmcache.v1.distributed.storage_controllers.eviction_controller)[0m
[32;20m[2026-09-22 10:57:09,299] LMCache INFO:[0m Stored 384 tokens in 0.003 seconds [3m(lmcache_driven_transfer.py:1218:lmcache.v1.multiprocess.modules.lmcache_driven_transfer)[0m
[32;20m[2026-09-22 10:57:09,387] LMCache INFO:[0m Stored 368 tokens in 0.003 seconds [3m(lmcache_driven_transfer.py:1218:lmcache.v1.multiprocess.modules.lmcache_driven_transfer)[0m
[32;20m[2026-09-22 10:57:09,482] LMCache INFO:[0m Stored 384 tokens in 0.003 seconds [3m(lmcache_driven_transfer.py:1218:lmcache.v1.multiprocess.modules.lmcache_driven_transfer)[0m
[32;20m[2026-09-22 10:57:09,572] LMCache INFO:[0m Stored 384 tokens in 0.002 seconds [3m(lmcache_driven_transfer.py:1218:lmcache.v1.multiprocess.modules.lmcache_driven_transfer)[0m
[32;20m[2026-09-22 10:57:09,663] LMCache INFO:[0m Stored 384 tokens in 0.003 seconds [3m(lmcache_driven_transfer.py:1218:lmcache.v1.multiprocess.modules.lmcache_driven_transfer)[0m
[32;20m[2026-09-22 10:57:09,750] LMCache INFO:[0m Stored 336 tokens in 0.002 seconds [3m(lmcache_driven_transfer.py:1218:lmcache.v1.multiprocess.modules.lmcache_driven_transfer)[0m
[32;20m[2026-09-22 10:57:10,270] LMCache INFO:[0m L1 memory usage 0.81 above watermark 0.80; triggering eviction. [3m(eviction_controller.py:179:lmcache.v1.distributed.storage_controllers.eviction_controller)[0m
[32;20m[2026-09-22 10:57:10,399] LMCache INFO:[0m Prefetch request completed (L1+L2): 24/24 retained keys (24 L1, 0 L2) in 1.0 ms (external_request_id=cmpl-ab9b0c389f7eacab-0-be6ae893, prefetch_request_id=-1) [3m(storage_manager.py:716:lmcache.v1.distributed.storage_manager)[0m
[32;20m[2026-09-22 10:57:10,403] LMCache INFO:[0m Retrieved 384 tokens in 0.002 seconds [3m(lmcache_driven_transfer.py:1427:lmcache.v1.multiprocess.modules.lmcache_driven_transfer)[0m
[32;20m[2026-09-22 10:57:10,527] LMCache INFO:[0m Stored 384 tokens in 0.003 seconds [3m(lmcache_driven_transfer.py:1218:lmcache.v1.multiprocess.modules.lmcache_driven_transfer)[0m
[32;20m[2026-09-22 10:57:10,609] LMCache INFO:[0m Stored 384 tokens in 0.003 seconds [3m(lmcache_driven_transfer.py:1218:lmcache.v1.multiprocess.modules.lmcache_driven_transfer)[0m
[32;20m[2026-09-22 10:57:10,701] LMCache INFO:[0m Stored 368 tokens in 0.003 seconds [3m(lmcache_driven_transfer.py:1218:lmcache.v1.multiprocess.modules.lmcache_driven_transfer)[0m
[32;20m[2026-09-22 10:57:10,793] LMCache INFO:[0m Stored 384 tokens in 0.003 seconds [3m(lmcache_driven_transfer.py:1218:lmcache.v1.multiprocess.modules.lmcache_driven_transfer)[0m
[32;20m[2026-09-22 10:57:10,882] LMCache INFO:[0m Stored 384 tokens in 0.003 seconds [3m(lmcache_driven_transfer.py:1218:lmcache.v1.multiprocess.modules.lmcache_driven_transfer)[0m
[32;20m[2026-09-22 10:57:10,972] LMCache INFO:[0m Stored 384 tokens in 0.002 seconds [3m(lmcache_driven_transfer.py:1218:lmcache.v1.multiprocess.modules.lmcache_driven_transfer)[0m
[32;20m[2026-09-22 10:57:11,063] LMCache INFO:[0m Stored 384 tokens in 0.003 seconds [3m(lmcache_driven_transfer.py:1218:lmcache.v1.multiprocess.modules.lmcache_driven_transfer)[0m
[32;20m[2026-09-22 10:57:11,155] LMCache INFO:[0m Stored 368 tokens in 0.002 seconds [3m(lmcache_driven_transfer.py:1218:lmcache.v1.multiprocess.modules.lmcache_driven_transfer)[0m
[32;20m[2026-09-22 10:57:11,244] LMCache INFO:[0m Stored 384 tokens in 0.002 seconds [3m(lmcache_driven_transfer.py:1218:lmcache.v1.multiprocess.modules.lmcache_driven_transfer)[0m
[32;20m[2026-09-22 10:57:11,276] LMCache INFO:[0m L1 memory usage 0.83 above watermark 0.80; triggering eviction. [3m(eviction_controller.py:179:lmcache.v1.distributed.storage_controllers.eviction_controller)[0m
[32;20m[2026-09-22 10:57:11,335] LMCache INFO:[0m Stored 384 tokens in 0.003 seconds [3m(lmcache_driven_transfer.py:1218:lmcache.v1.multiprocess.modules.lmcache_driven_transfer)[0m
[32;20m[2026-09-22 10:57:11,425] LMCache INFO:[0m Stored 384 tokens in 0.003 seconds [3m(lmcache_driven_transfer.py:1218:lmcache.v1.multiprocess.modules.lmcache_driven_transfer)[0m
[32;20m[2026-09-22 10:57:12,074] LMCache INFO:[0m Prefetch request completed (L1+L2): 24/24 retained keys (24 L1, 0 L2) in 0.9 ms (external_request_id=cmpl-87f4019f46aac505-0-904fb06b, prefetch_request_id=-1) [3m(storage_manager.py:716:lmcache.v1.distributed.storage_manager)[0m
[32;20m[2026-09-22 10:57:12,079] LMCache INFO:[0m Retrieved 384 tokens in 0.002 seconds [3m(lmcache_driven_transfer.py:1427:lmcache.v1.multiprocess.modules.lmcache_driven_transfer)[0m
[32;20m[2026-09-22 10:57:12,194] LMCache INFO:[0m Stored 384 tokens in 0.003 seconds [3m(lmcache_driven_transfer.py:1218:lmcache.v1.multiprocess.modules.lmcache_driven_transfer)[0m
[32;20m[2026-09-22 10:57:12,270] LMCache INFO:[0m Stored 384 tokens in 0.003 seconds [3m(lmcache_driven_transfer.py:1218:lmcache.v1.multiprocess.modules.lmcache_driven_transfer)[0m
[32;20m[2026-09-22 10:57:12,358] LMCache INFO:[0m Stored 384 tokens in 0.003 seconds [3m(lmcache_driven_transfer.py:1218:lmcache.v1.multiprocess.modules.lmcache_driven_transfer)[0m
[32;20m[2026-09-22 10:57:12,452] LMCache INFO:[0m Stored 384 tokens in 0.003 seconds [3m(lmcache_driven_transfer.py:1218:lmcache.v1.multiprocess.modules.lmcache_driven_transfer)[0m
[32;20m[2026-09-22 10:57:12,544] LMCache INFO:[0m Stored 384 tokens in 0.003 seconds [3m(lmcache_driven_transfer.py:1218:lmcache.v1.multiprocess.modules.lmcache_driven_transfer)[0m
[32;20m[2026-09-22 10:57:12,634] LMCache INFO:[0m Stored 384 tokens in 0.003 seconds [3m(lmcache_driven_transfer.py:1218:lmcache.v1.multiprocess.modules.lmcache_driven_transfer)[0m
[32;20m[2026-09-22 10:57:12,723] LMCache INFO:[0m Stored 336 tokens in 0.003 seconds [3m(lmcache_driven_transfer.py:1218:lmcache.v1.multiprocess.modules.lmcache_driven_transfer)[0m
[32;20m[2026-09-22 10:57:12,812] LMCache INFO:[0m Stored 384 tokens in 0.006 seconds [3m(lmcache_driven_transfer.py:1218:lmcache.v1.multiprocess.modules.lmcache_driven_transfer)[0m
[32;20m[2026-09-22 10:57:12,899] LMCache INFO:[0m Stored 384 tokens in 0.003 seconds [3m(lmcache_driven_transfer.py:1218:lmcache.v1.multiprocess.modules.lmcache_driven_transfer)[0m
[32;20m[2026-09-22 10:57:12,990] LMCache INFO:[0m Stored 384 tokens in 0.003 seconds [3m(lmcache_driven_transfer.py:1218:lmcache.v1.multiprocess.modules.lmcache_driven_transfer)[0m
[32;20m[2026-09-22 10:57:13,080] LMCache INFO:[0m Stored 384 tokens in 0.003 seconds [3m(lmcache_driven_transfer.py:1218:lmcache.v1.multiprocess.modules.lmcache_driven_transfer)[0m
[32;20m[2026-09-22 10:57:13,282] LMCache INFO:[0m L1 memory usage 0.93 above watermark 0.80; triggering eviction. [3m(eviction_controller.py:179:lmcache.v1.distributed.storage_controllers.eviction_controller)[0m
[32;20m[2026-09-22 10:57:13,825] LMCache INFO:[0m Prefetch request completed (L1+L2): 21/21 retained keys (21 L1, 0 L2) in 1.1 ms (external_request_id=cmpl-98a4c5e41665d27a-0-ac81fbf5, prefetch_request_id=-1) [3m(storage_manager.py:716:lmcache.v1.distributed.storage_manager)[0m
[32;20m[2026-09-22 10:57:13,830] LMCache INFO:[0m Retrieved 336 tokens in 0.002 seconds [3m(lmcache_driven_transfer.py:1427:lmcache.v1.multiprocess.modules.lmcache_driven_transfer)[0m
[32;20m[2026-09-22 10:57:13,952] LMCache INFO:[0m Stored 384 tokens in 0.003 seconds [3m(lmcache_driven_transfer.py:1218:lmcache.v1.multiprocess.modules.lmcache_driven_transfer)[0m
[32;20m[2026-09-22 10:57:14,029] LMCache INFO:[0m Stored 384 tokens in 0.003 seconds [3m(lmcache_driven_transfer.py:1218:lmcache.v1.multiprocess.modules.lmcache_driven_transfer)[0m
[32;20m[2026-09-22 10:57:14,121] LMCache INFO:[0m Stored 384 tokens in 0.003 seconds [3m(lmcache_driven_transfer.py:1218:lmcache.v1.multiprocess.modules.lmcache_driven_transfer)[0m
[32;20m[2026-09-22 10:57:14,212] LMCache INFO:[0m Stored 384 tokens in 0.003 seconds [3m(lmcache_driven_transfer.py:1218:lmcache.v1.multiprocess.modules.lmcache_driven_transfer)[0m
[32;20m[2026-09-22 10:57:14,289] LMCache INFO:[0m L1 memory usage 0.83 above watermark 0.80; triggering eviction. [3m(eviction_controller.py:179:lmcache.v1.distributed.storage_controllers.eviction_controller)[0m
[32;20m[2026-09-22 10:57:14,304] LMCache INFO:[0m Stored 384 tokens in 0.003 seconds [3m(lmcache_driven_transfer.py:1218:lmcache.v1.multiprocess.modules.lmcache_driven_transfer)[0m
[32;20m[2026-09-22 10:57:14,388] LMCache INFO:[0m Stored 368 tokens in 0.003 seconds [3m(lmcache_driven_transfer.py:1218:lmcache.v1.multiprocess.modules.lmcache_driven_transfer)[0m
[32;20m[2026-09-22 10:57:14,483] LMCache INFO:[0m Stored 368 tokens in 0.003 seconds [3m(lmcache_driven_transfer.py:1218:lmcache.v1.multiprocess.modules.lmcache_driven_transfer)[0m
[32;20m[2026-09-22 10:57:14,576] LMCache INFO:[0m Stored 384 tokens in 0.007 seconds [3m(lmcache_driven_transfer.py:1218:lmcache.v1.multiprocess.modules.lmcache_driven_transfer)[0m
[32;20m[2026-09-22 10:57:14,660] LMCache INFO:[0m Stored 384 tokens in 0.003 seconds [3m(lmcache_driven_transfer.py:1218:lmcache.v1.multiprocess.modules.lmcache_driven_transfer)[0m
[32;20m[2026-09-22 10:57:14,748] LMCache INFO:[0m Stored 384 tokens in 0.002 seconds [3m(lmcache_driven_transfer.py:1218:lmcache.v1.multiprocess.modules.lmcache_driven_transfer)[0m
[32;20m[2026-09-22 10:57:14,842] LMCache INFO:[0m Stored 272 tokens in 0.003 seconds [3m(lmcache_driven_transfer.py:1218:lmcache.v1.multiprocess.modules.lmcache_driven_transfer)[0m
[32;20m[2026-09-22 10:57:15,297] LMCache INFO:[0m L1 memory usage 0.80 above watermark 0.80; triggering eviction. [3m(eviction_controller.py:179:lmcache.v1.distributed.storage_controllers.eviction_controller)[0m
[32;20m[2026-09-22 10:57:15,494] LMCache INFO:[0m Prefetch request completed (L1+L2): 24/24 retained keys (24 L1, 0 L2) in 0.9 ms (external_request_id=cmpl-b4abda44002924b4-0-81f41e3b, prefetch_request_id=-1) [3m(storage_manager.py:716:lmcache.v1.distributed.storage_manager)[0m
[32;20m[2026-09-22 10:57:15,498] LMCache INFO:[0m Retrieved 384 tokens in 0.002 seconds [3m(lmcache_driven_transfer.py:1427:lmcache.v1.multiprocess.modules.lmcache_driven_transfer)[0m
[32;20m[2026-09-22 10:57:15,624] LMCache INFO:[0m Stored 384 tokens in 0.003 seconds [3m(lmcache_driven_transfer.py:1218:lmcache.v1.multiprocess.modules.lmcache_driven_transfer)[0m
[32;20m[2026-09-22 10:57:15,697] LMCache INFO:[0m Stored 384 tokens in 0.003 seconds [3m(lmcache_driven_transfer.py:1218:lmcache.v1.multiprocess.modules.lmcache_driven_transfer)[0m
[32;20m[2026-09-22 10:57:15,791] LMCache INFO:[0m Stored 384 tokens in 0.003 seconds [3m(lmcache_driven_transfer.py:1218:lmcache.v1.multiprocess.modules.lmcache_driven_transfer)[0m
[32;20m[2026-09-22 10:57:15,881] LMCache INFO:[0m Stored 384 tokens in 0.003 seconds [3m(lmcache_driven_transfer.py:1218:lmcache.v1.multiprocess.modules.lmcache_driven_transfer)[0m
[32;20m[2026-09-22 10:57:15,974] LMCache INFO:[0m Stored 384 tokens in 0.003 seconds [3m(lmcache_driven_transfer.py:1218:lmcache.v1.multiprocess.modules.lmcache_driven_transfer)[0m
[32;20m[2026-09-22 10:57:16,063] LMCache INFO:[0m Stored 384 tokens in 0.003 seconds [3m(lmcache_driven_transfer.py:1218:lmcache.v1.multiprocess.modules.lmcache_driven_transfer)[0m
[32;20m[2026-09-22 10:57:16,157] LMCache INFO:[0m Stored 384 tokens in 0.003 seconds [3m(lmcache_driven_transfer.py:1218:lmcache.v1.multiprocess.modules.lmcache_driven_transfer)[0m
[32;20m[2026-09-22 10:57:16,248] LMCache INFO:[0m L0<->L1 stats [cuda:0] last 10.0s: store ops=63 tokens=23360 size=0.67GB avg_copy=6.79GB/s | retrieve ops=6 tokens=2256 size=0.06GB avg_copy=4.30GB/s [3m(extra_stats.py:159:lmcache.v1.mp_observability.subscribers.logging.extra_stats)[0m
[32;20m[2026-09-22 10:57:16,248] LMCache INFO:[0m L0<->L1 stats [cuda:0] cumulative: store ops=855 tokens=319152 size=9.15GB avg_copy=5.24GB/s | retrieve ops=174 tokens=65536 size=1.88GB avg_copy=4.11GB/s [3m(extra_stats.py:168:lmcache.v1.mp_observability.subscribers.logging.extra_stats)[0m
[32;20m[2026-09-22 10:57:16,250] LMCache INFO:[0m Stored 112 tokens in 0.004 seconds [3m(lmcache_driven_transfer.py:1218:lmcache.v1.multiprocess.modules.lmcache_driven_transfer)[0m
[32;20m[2026-09-22 10:57:16,295] LMCache INFO:[0m Stored 384 tokens in 0.002 seconds [3m(lmcache_driven_transfer.py:1218:lmcache.v1.multiprocess.modules.lmcache_driven_transfer)[0m
[32;20m[2026-09-22 10:57:16,303] LMCache INFO:[0m L1 memory usage: 0.41/0.50 GiB (81.1%) [3m(eviction_controller.py:153:lmcache.v1.distributed.storage_controllers.eviction_controller)[0m
[32;20m[2026-09-22 10:57:16,304] LMCache INFO:[0m L1 memory usage 0.81 above watermark 0.80; triggering eviction. [3m(eviction_controller.py:179:lmcache.v1.distributed.storage_controllers.eviction_controller)[0m
[32;20m[2026-09-22 10:57:16,384] LMCache INFO:[0m Stored 384 tokens in 0.003 seconds [3m(lmcache_driven_transfer.py:1218:lmcache.v1.multiprocess.modules.lmcache_driven_transfer)[0m
[32;20m[2026-09-22 10:57:16,470] LMCache INFO:[0m Stored 384 tokens in 0.003 seconds [3m(lmcache_driven_transfer.py:1218:lmcache.v1.multiprocess.modules.lmcache_driven_transfer)[0m
[32;20m[2026-09-22 10:57:17,165] LMCache INFO:[0m Prefetch request completed (L1+L2): 24/24 retained keys (24 L1, 0 L2) in 0.9 ms (external_request_id=cmpl-af5343843bc6f520-0-aed43ccd, prefetch_request_id=-1) [3m(storage_manager.py:716:lmcache.v1.distributed.storage_manager)[0m
[32;20m[2026-09-22 10:57:17,169] LMCache INFO:[0m Retrieved 384 tokens in 0.002 seconds [3m(lmcache_driven_transfer.py:1427:lmcache.v1.multiprocess.modules.lmcache_driven_transfer)[0m
[32;20m[2026-09-22 10:57:17,289] LMCache INFO:[0m Stored 384 tokens in 0.003 seconds [3m(lmcache_driven_transfer.py:1218:lmcache.v1.multiprocess.modules.lmcache_driven_transfer)[0m
[32;20m[2026-09-22 10:57:17,367] LMCache INFO:[0m Stored 384 tokens in 0.003 seconds [3m(lmcache_driven_transfer.py:1218:lmcache.v1.multiprocess.modules.lmcache_driven_transfer)[0m
[32;20m[2026-09-22 10:57:17,454] LMCache INFO:[0m Stored 384 tokens in 0.003 seconds [3m(lmcache_driven_transfer.py:1218:lmcache.v1.multiprocess.modules.lmcache_driven_transfer)[0m
[32;20m[2026-09-22 10:57:17,549] LMCache INFO:[0m Stored 384 tokens in 0.003 seconds [3m(lmcache_driven_transfer.py:1218:lmcache.v1.multiprocess.modules.lmcache_driven_transfer)[0m
[32;20m[2026-09-22 10:57:17,635] LMCache INFO:[0m Stored 384 tokens in 0.003 seconds [3m(lmcache_driven_transfer.py:1218:lmcache.v1.multiprocess.modules.lmcache_driven_transfer)[0m
[32;20m[2026-09-22 10:57:17,732] LMCache INFO:[0m Stored 384 tokens in 0.003 seconds [3m(lmcache_driven_transfer.py:1218:lmcache.v1.multiprocess.modules.lmcache_driven_transfer)[0m
[32;20m[2026-09-22 10:57:17,821] LMCache INFO:[0m Stored 368 tokens in 0.003 seconds [3m(lmcache_driven_transfer.py:1218:lmcache.v1.multiprocess.modules.lmcache_driven_transfer)[0m
[32;20m[2026-09-22 10:57:17,913] LMCache INFO:[0m Stored 384 tokens in 0.003 seconds [3m(lmcache_driven_transfer.py:1218:lmcache.v1.multiprocess.modules.lmcache_driven_transfer)[0m
[32;20m[2026-09-22 10:57:17,999] LMCache INFO:[0m Stored 320 tokens in 0.002 seconds [3m(lmcache_driven_transfer.py:1218:lmcache.v1.multiprocess.modules.lmcache_driven_transfer)[0m
[32;20m[2026-09-22 10:57:18,084] LMCache INFO:[0m Stored 384 tokens in 0.003 seconds [3m(lmcache_driven_transfer.py:1218:lmcache.v1.multiprocess.modules.lmcache_driven_transfer)[0m
[32;20m[2026-09-22 10:57:18,174] LMCache INFO:[0m Stored 384 tokens in 0.003 seconds [3m(lmcache_driven_transfer.py:1218:lmcache.v1.multiprocess.modules.lmcache_driven_transfer)[0m
[32;20m[2026-09-22 10:57:18,309] LMCache INFO:[0m L1 memory usage 0.92 above watermark 0.80; triggering eviction. [3m(eviction_controller.py:179:lmcache.v1.distributed.storage_controllers.eviction_controller)[0m
[32;20m[2026-09-22 10:57:18,918] LMCache INFO:[0m Prefetch request completed (L1+L2): 24/24 retained keys (24 L1, 0 L2) in 1.0 ms (external_request_id=cmpl-bcfa838f11272b85-0-a91e252b, prefetch_request_id=-1) [3m(storage_manager.py:716:lmcache.v1.distributed.storage_manager)[0m
[32;20m[2026-09-22 10:57:18,922] LMCache INFO:[0m Retrieved 384 tokens in 0.002 seconds [3m(lmcache_driven_transfer.py:1427:lmcache.v1.multiprocess.modules.lmcache_driven_transfer)[0m
[32;20m[2026-09-22 10:57:19,047] LMCache INFO:[0m Stored 384 tokens in 0.003 seconds [3m(lmcache_driven_transfer.py:1218:lmcache.v1.multiprocess.modules.lmcache_driven_transfer)[0m
[32;20m[2026-09-22 10:57:19,128] LMCache INFO:[0m Stored 384 tokens in 0.003 seconds [3m(lmcache_driven_transfer.py:1218:lmcache.v1.multiprocess.modules.lmcache_driven_transfer)[0m
[32;20m[2026-09-22 10:57:19,217] LMCache INFO:[0m Stored 384 tokens in 0.003 seconds [3m(lmcache_driven_transfer.py:1218:lmcache.v1.multiprocess.modules.lmcache_driven_transfer)[0m
[32;20m[2026-09-22 10:57:19,304] LMCache INFO:[0m Stored 384 tokens in 0.002 seconds [3m(lmcache_driven_transfer.py:1218:lmcache.v1.multiprocess.modules.lmcache_driven_transfer)[0m
[32;20m[2026-09-22 10:57:19,316] LMCache INFO:[0m L1 memory usage 0.81 above watermark 0.80; triggering eviction. [3m(eviction_controller.py:179:lmcache.v1.distributed.storage_controllers.eviction_controller)[0m
[32;20m[2026-09-22 10:57:19,395] LMCache INFO:[0m Stored 368 tokens in 0.003 seconds [3m(lmcache_driven_transfer.py:1218:lmcache.v1.multiprocess.modules.lmcache_driven_transfer)[0m
[32;20m[2026-09-22 10:57:19,489] LMCache INFO:[0m Stored 384 tokens in 0.003 seconds [3m(lmcache_driven_transfer.py:1218:lmcache.v1.multiprocess.modules.lmcache_driven_transfer)[0m
[32;20m[2026-09-22 10:57:19,579] LMCache INFO:[0m Stored 384 tokens in 0.003 seconds [3m(lmcache_driven_transfer.py:1218:lmcache.v1.multiprocess.modules.lmcache_driven_transfer)[0m
[32;20m[2026-09-22 10:57:19,669] LMCache INFO:[0m Stored 384 tokens in 0.003 seconds [3m(lmcache_driven_transfer.py:1218:lmcache.v1.multiprocess.modules.lmcache_driven_transfer)[0m
[32;20m[2026-09-22 10:57:19,760] LMCache INFO:[0m Stored 384 tokens in 0.003 seconds [3m(lmcache_driven_transfer.py:1218:lmcache.v1.multiprocess.modules.lmcache_driven_transfer)[0m
[32;20m[2026-09-22 10:57:19,848] LMCache INFO:[0m Stored 384 tokens in 0.003 seconds [3m(lmcache_driven_transfer.py:1218:lmcache.v1.multiprocess.modules.lmcache_driven_transfer)[0m
[32;20m[2026-09-22 10:57:19,940] LMCache INFO:[0m Stored 384 tokens in 0.003 seconds [3m(lmcache_driven_transfer.py:1218:lmcache.v1.multiprocess.modules.lmcache_driven_transfer)[0m
[32;20m[2026-09-22 10:57:20,680] LMCache INFO:[0m Prefetch request completed (L1+L2): 23/23 retained keys (23 L1, 0 L2) in 1.0 ms (external_request_id=cmpl-a9447ea77e65ac3e-0-94eff713, prefetch_request_id=-1) [3m(storage_manager.py:716:lmcache.v1.distributed.storage_manager)[0m
[32;20m[2026-09-22 10:57:20,685] LMCache INFO:[0m Retrieved 368 tokens in 0.002 seconds [3m(lmcache_driven_transfer.py:1427:lmcache.v1.multiprocess.modules.lmcache_driven_transfer)[0m
[32;20m[2026-09-22 10:57:20,802] LMCache INFO:[0m Stored 384 tokens in 0.003 seconds [3m(lmcache_driven_transfer.py:1218:lmcache.v1.multiprocess.modules.lmcache_driven_transfer)[0m
[32;20m[2026-09-22 10:57:20,879] LMCache INFO:[0m Stored 384 tokens in 0.003 seconds [3m(lmcache_driven_transfer.py:1218:lmcache.v1.multiprocess.modules.lmcache_driven_transfer)[0m
[32;20m[2026-09-22 10:57:20,967] LMCache INFO:[0m Stored 384 tokens in 0.003 seconds [3m(lmcache_driven_transfer.py:1218:lmcache.v1.multiprocess.modules.lmcache_driven_transfer)[0m
[32;20m[2026-09-22 10:57:21,061] LMCache INFO:[0m Stored 384 tokens in 0.003 seconds [3m(lmcache_driven_transfer.py:1218:lmcache.v1.multiprocess.modules.lmcache_driven_transfer)[0m
[32;20m[2026-09-22 10:57:21,150] LMCache INFO:[0m Stored 384 tokens in 0.003 seconds [3m(lmcache_driven_transfer.py:1218:lmcache.v1.multiprocess.modules.lmcache_driven_transfer)[0m
[32;20m[2026-09-22 10:57:21,245] LMCache INFO:[0m Stored 384 tokens in 0.007 seconds [3m(lmcache_driven_transfer.py:1218:lmcache.v1.multiprocess.modules.lmcache_driven_transfer)[0m
[32;20m[2026-09-22 10:57:21,322] LMCache INFO:[0m L1 memory usage 0.92 above watermark 0.80; triggering eviction. [3m(eviction_controller.py:179:lmcache.v1.distributed.storage_controllers.eviction_controller)[0m
[32;20m[2026-09-22 10:57:21,333] LMCache INFO:[0m Stored 384 tokens in 0.003 seconds [3m(lmcache_driven_transfer.py:1218:lmcache.v1.multiprocess.modules.lmcache_driven_transfer)[0m
[32;20m[2026-09-22 10:57:21,420] LMCache INFO:[0m Stored 384 tokens in 0.003 seconds [3m(lmcache_driven_transfer.py:1218:lmcache.v1.multiprocess.modules.lmcache_driven_transfer)[0m
[32;20m[2026-09-22 10:57:21,511] LMCache INFO:[0m Stored 384 tokens in 0.003 seconds [3m(lmcache_driven_transfer.py:1218:lmcache.v1.multiprocess.modules.lmcache_driven_transfer)[0m
[32;20m[2026-09-22 10:57:21,596] LMCache INFO:[0m Stored 208 tokens in 0.003 seconds [3m(lmcache_driven_transfer.py:1218:lmcache.v1.multiprocess.modules.lmcache_driven_transfer)[0m
[32;20m[2026-09-22 10:57:21,652] LMCache INFO:[0m Stored 384 tokens in 0.002 seconds [3m(lmcache_driven_transfer.py:1218:lmcache.v1.multiprocess.modules.lmcache_driven_transfer)[0m
[32;20m[2026-09-22 10:57:22,331] LMCache INFO:[0m L1 memory usage 0.83 above watermark 0.80; triggering eviction. [3m(eviction_controller.py:179:lmcache.v1.distributed.storage_controllers.eviction_controller)[0m
[32;20m[2026-09-22 10:57:22,435] LMCache INFO:[0m Prefetch request completed (L1+L2): 24/24 retained keys (24 L1, 0 L2) in 1.1 ms (external_request_id=cmpl-809b19adf6ce584e-0-a3b9eeae, prefetch_request_id=-1) [3m(storage_manager.py:716:lmcache.v1.distributed.storage_manager)[0m
[32;20m[2026-09-22 10:57:22,440] LMCache INFO:[0m Retrieved 384 tokens in 0.002 seconds [3m(lmcache_driven_transfer.py:1427:lmcache.v1.multiprocess.modules.lmcache_driven_transfer)[0m
[32;20m[2026-09-22 10:57:22,559] LMCache INFO:[0m Stored 384 tokens in 0.003 seconds [3m(lmcache_driven_transfer.py:1218:lmcache.v1.multiprocess.modules.lmcache_driven_transfer)[0m
[32;20m[2026-09-22 10:57:22,640] LMCache INFO:[0m Stored 384 tokens in 0.003 seconds [3m(lmcache_driven_transfer.py:1218:lmcache.v1.multiprocess.modules.lmcache_driven_transfer)[0m
[32;20m[2026-09-22 10:57:22,732] LMCache INFO:[0m Stored 384 tokens in 0.003 seconds [3m(lmcache_driven_transfer.py:1218:lmcache.v1.multiprocess.modules.lmcache_driven_transfer)[0m
[32;20m[2026-09-22 10:57:22,826] LMCache INFO:[0m Stored 384 tokens in 0.003 seconds [3m(lmcache_driven_transfer.py:1218:lmcache.v1.multiprocess.modules.lmcache_driven_transfer)[0m
[32;20m[2026-09-22 10:57:22,912] LMCache INFO:[0m Stored 384 tokens in 0.003 seconds [3m(lmcache_driven_transfer.py:1218:lmcache.v1.multiprocess.modules.lmcache_driven_transfer)[0m
[32;20m[2026-09-22 10:57:22,961] LMCache INFO:[0m Prefetch request completed (L1+L2): 24/24 retained keys (24 L1, 0 L2) in 0.9 ms (external_request_id=cmpl-ae58e458ad074676-0-babeebf1, prefetch_request_id=-1) [3m(storage_manager.py:716:lmcache.v1.distributed.storage_manager)[0m
[32;20m[2026-09-22 10:57:22,965] LMCache INFO:[0m Retrieved 384 tokens in 0.002 seconds [3m(lmcache_driven_transfer.py:1427:lmcache.v1.multiprocess.modules.lmcache_driven_transfer)[0m
[32;20m[2026-09-22 10:57:23,017] LMCache INFO:[0m Prefetch request completed (L1+L2): 23/23 retained keys (23 L1, 0 L2) in 1.1 ms (external_request_id=cmpl-97043483b33db3fb-0-891e013e, prefetch_request_id=-1) [3m(storage_manager.py:716:lmcache.v1.distributed.storage_manager)[0m
[32;20m[2026-09-22 10:57:23,021] LMCache INFO:[0m Retrieved 368 tokens in 0.002 seconds [3m(lmcache_driven_transfer.py:1427:lmcache.v1.multiprocess.modules.lmcache_driven_transfer)[0m
[32;20m[2026-09-22 10:57:23,112] LMCache INFO:[0m Stored 384 tokens in 0.003 seconds [3m(lmcache_driven_transfer.py:1218:lmcache.v1.multiprocess.modules.lmcache_driven_transfer)[0m
[32;20m[2026-09-22 10:57:23,221] LMCache INFO:[0m Stored 368 tokens in 0.005 seconds [3m(lmcache_driven_transfer.py:1218:lmcache.v1.multiprocess.modules.lmcache_driven_transfer)[0m
[32;20m[2026-09-22 10:57:23,290] LMCache INFO:[0m Stored 384 tokens in 0.003 seconds [3m(lmcache_driven_transfer.py:1218:lmcache.v1.multiprocess.modules.lmcache_driven_transfer)[0m
[32;20m[2026-09-22 10:57:23,339] LMCache INFO:[0m L1 memory usage 0.83 above watermark 0.80; triggering eviction. [3m(eviction_controller.py:179:lmcache.v1.distributed.storage_controllers.eviction_controller)[0m
[32;20m[2026-09-22 10:57:23,387] LMCache INFO:[0m Stored 384 tokens in 0.003 seconds [3m(lmcache_driven_transfer.py:1218:lmcache.v1.multiprocess.modules.lmcache_driven_transfer)[0m
[32;20m[2026-09-22 10:57:24,105] LMCache INFO:[0m Prefetch request completed (L1+L2): 24/24 retained keys (24 L1, 0 L2) in 1.2 ms (external_request_id=cmpl-83815ea261149bf5-0-911f50fd, prefetch_request_id=-1) [3m(storage_manager.py:716:lmcache.v1.distributed.storage_manager)[0m
[32;20m[2026-09-22 10:57:24,110] LMCache INFO:[0m Retrieved 384 tokens in 0.002 seconds [3m(lmcache_driven_transfer.py:1427:lmcache.v1.multiprocess.modules.lmcache_driven_transfer)[0m
[32;20m[2026-09-22 10:57:24,201] LMCache INFO:[0m Prefetch request completed (L1+L2): 24/24 retained keys (24 L1, 0 L2) in 1.1 ms (external_request_id=cmpl-96faad889fff6c82-0-bc19d284, prefetch_request_id=-1) [3m(storage_manager.py:716:lmcache.v1.distributed.storage_manager)[0m
[32;20m[2026-09-22 10:57:24,207] LMCache INFO:[0m Prefetch request completed (L1+L2): 24/24 retained keys (24 L1, 0 L2) in 1.3 ms (external_request_id=cmpl-91a1a166a85fa0d2-0-b5a14ef8, prefetch_request_id=-1) [3m(storage_manager.py:716:lmcache.v1.distributed.storage_manager)[0m
[32;20m[2026-09-22 10:57:24,207] LMCache INFO:[0m Retrieved 384 tokens in 0.004 seconds [3m(lmcache_driven_transfer.py:1427:lmcache.v1.multiprocess.modules.lmcache_driven_transfer)[0m
[32;20m[2026-09-22 10:57:24,212] LMCache INFO:[0m Retrieved 384 tokens in 0.002 seconds [3m(lmcache_driven_transfer.py:1427:lmcache.v1.multiprocess.modules.lmcache_driven_transfer)[0m
[32;20m[2026-09-22 10:57:24,294] LMCache INFO:[0m Prefetch request completed (L1+L2): 24/24 retained keys (24 L1, 0 L2) in 1.3 ms (external_request_id=cmpl-b54b9b61158f31f8-0-b8df6dee, prefetch_request_id=-1) [3m(storage_manager.py:716:lmcache.v1.distributed.storage_manager)[0m
[32;20m[2026-09-22 10:57:24,299] LMCache INFO:[0m Retrieved 384 tokens in 0.002 seconds [3m(lmcache_driven_transfer.py:1427:lmcache.v1.multiprocess.modules.lmcache_driven_transfer)[0m
[32;20m[2026-09-22 10:57:24,352] LMCache INFO:[0m Prefetch request completed (L1+L2): 24/24 retained keys (24 L1, 0 L2) in 1.0 ms (external_request_id=cmpl-80c0094e1fd20682-0-b8f9622e, prefetch_request_id=-1) [3m(storage_manager.py:716:lmcache.v1.distributed.storage_manager)[0m
[32;20m[2026-09-22 10:57:24,356] LMCache INFO:[0m Retrieved 384 tokens in 0.002 seconds [3m(lmcache_driven_transfer.py:1427:lmcache.v1.multiprocess.modules.lmcache_driven_transfer)[0m
[32;20m[2026-09-22 10:57:24,409] LMCache INFO:[0m Prefetch request completed (L1+L2): 24/24 retained keys (24 L1, 0 L2) in 1.0 ms (external_request_id=cmpl-b150ad3dafe2f539-0-b23bbf04, prefetch_request_id=-1) [3m(storage_manager.py:716:lmcache.v1.distributed.storage_manager)[0m
[32;20m[2026-09-22 10:57:24,413] LMCache INFO:[0m Retrieved 384 tokens in 0.002 seconds [3m(lmcache_driven_transfer.py:1427:lmcache.v1.multiprocess.modules.lmcache_driven_transfer)[0m
[32;20m[2026-09-22 10:57:24,466] LMCache INFO:[0m Prefetch request completed (L1+L2): 24/24 retained keys (24 L1, 0 L2) in 1.1 ms (external_request_id=cmpl-b97595e24dab6ac4-0-b7a096e0, prefetch_request_id=-1) [3m(storage_manager.py:716:lmcache.v1.distributed.storage_manager)[0m
[32;20m[2026-09-22 10:57:24,471] LMCache INFO:[0m Retrieved 384 tokens in 0.002 seconds [3m(lmcache_driven_transfer.py:1427:lmcache.v1.multiprocess.modules.lmcache_driven_transfer)[0m
[32;20m[2026-09-22 10:57:24,522] LMCache INFO:[0m Prefetch request completed (L1+L2): 23/23 retained keys (23 L1, 0 L2) in 1.0 ms (external_request_id=cmpl-9f30b33ba09c53e8-0-ab581f1c, prefetch_request_id=-1) [3m(storage_manager.py:716:lmcache.v1.distributed.storage_manager)[0m
[32;20m[2026-09-22 10:57:24,526] LMCache INFO:[0m Retrieved 368 tokens in 0.002 seconds [3m(lmcache_driven_transfer.py:1427:lmcache.v1.multiprocess.modules.lmcache_driven_transfer)[0m
[32;20m[2026-09-22 10:57:24,577] LMCache INFO:[0m Prefetch request completed (L1+L2): 24/24 retained keys (24 L1, 0 L2) in 1.3 ms (external_request_id=cmpl-be1334ba91dbd052-0-a4a260fa, prefetch_request_id=-1) [3m(storage_manager.py:716:lmcache.v1.distributed.storage_manager)[0m
[32;20m[2026-09-22 10:57:24,581] LMCache INFO:[0m Retrieved 384 tokens in 0.002 seconds [3m(lmcache_driven_transfer.py:1427:lmcache.v1.multiprocess.modules.lmcache_driven_transfer)[0m
[32;20m[2026-09-22 10:57:24,633] LMCache INFO:[0m Prefetch request completed (L1+L2): 23/23 retained keys (23 L1, 0 L2) in 1.1 ms (external_request_id=cmpl-aec8f65e3c2e76cf-0-adee6437, prefetch_request_id=-1) [3m(storage_manager.py:716:lmcache.v1.distributed.storage_manager)[0m
[32;20m[2026-09-22 10:57:24,638] LMCache INFO:[0m Retrieved 368 tokens in 0.002 seconds [3m(lmcache_driven_transfer.py:1427:lmcache.v1.multiprocess.modules.lmcache_driven_transfer)[0m
[32;20m[2026-09-22 10:57:24,688] LMCache INFO:[0m Prefetch request completed (L1+L2): 24/24 retained keys (24 L1, 0 L2) in 1.2 ms (external_request_id=cmpl-a66dd83925b779a3-0-9df30947, prefetch_request_id=-1) [3m(storage_manager.py:716:lmcache.v1.distributed.storage_manager)[0m
[32;20m[2026-09-22 10:57:24,692] LMCache INFO:[0m Retrieved 384 tokens in 0.002 seconds [3m(lmcache_driven_transfer.py:1427:lmcache.v1.multiprocess.modules.lmcache_driven_transfer)[0m
[32;20m[2026-09-22 10:57:24,742] LMCache INFO:[0m Prefetch request completed (L1+L2): 24/24 retained keys (24 L1, 0 L2) in 1.0 ms (external_request_id=cmpl-bb249b5e168c42cd-0-a30d3845, prefetch_request_id=-1) [3m(storage_manager.py:716:lmcache.v1.distributed.storage_manager)[0m
[32;20m[2026-09-22 10:57:24,747] LMCache INFO:[0m Retrieved 384 tokens in 0.002 seconds [3m(lmcache_driven_transfer.py:1427:lmcache.v1.multiprocess.modules.lmcache_driven_transfer)[0m
[32;20m[2026-09-22 10:57:25,799] LMCache INFO:[0m Prefetch request completed (L1+L2): 24/24 retained keys (24 L1, 0 L2) in 1.0 ms (external_request_id=cmpl-8163e065df7ff3fc-0-a11309fa, prefetch_request_id=-1) [3m(storage_manager.py:716:lmcache.v1.distributed.storage_manager)[0m
[32;20m[2026-09-22 10:57:25,803] LMCache INFO:[0m Retrieved 384 tokens in 0.002 seconds [3m(lmcache_driven_transfer.py:1427:lmcache.v1.multiprocess.modules.lmcache_driven_transfer)[0m
[32;20m[2026-09-22 10:57:25,925] LMCache INFO:[0m Stored 384 tokens in 0.003 seconds [3m(lmcache_driven_transfer.py:1218:lmcache.v1.multiprocess.modules.lmcache_driven_transfer)[0m
[32;20m[2026-09-22 10:57:26,034] LMCache INFO:[0m Stored 384 tokens in 0.003 seconds [3m(lmcache_driven_transfer.py:1218:lmcache.v1.multiprocess.modules.lmcache_driven_transfer)[0m
[32;20m[2026-09-22 10:57:26,129] LMCache INFO:[0m Stored 368 tokens in 0.003 seconds [3m(lmcache_driven_transfer.py:1218:lmcache.v1.multiprocess.modules.lmcache_driven_transfer)[0m
[32;20m[2026-09-22 10:57:26,216] LMCache INFO:[0m Stored 384 tokens in 0.002 seconds [3m(lmcache_driven_transfer.py:1218:lmcache.v1.multiprocess.modules.lmcache_driven_transfer)[0m
[32;20m[2026-09-22 10:57:26,262] LMCache INFO:[0m L0<->L1 stats [cuda:0] last 10.0s: store ops=49 tokens=18240 size=0.52GB avg_copy=6.60GB/s | retrieve ops=19 tokens=7232 size=0.21GB avg_copy=4.15GB/s [3m(extra_stats.py:159:lmcache.v1.mp_observability.subscribers.logging.extra_stats)[0m
[32;20m[2026-09-22 10:57:26,262] LMCache INFO:[0m L0<->L1 stats [cuda:0] cumulative: store ops=904 tokens=337392 size=9.67GB avg_copy=5.30GB/s | retrieve ops=193 tokens=72768 size=2.09GB avg_copy=4.11GB/s [3m(extra_stats.py:168:lmcache.v1.mp_observability.subscribers.logging.extra_stats)[0m
[32;20m[2026-09-22 10:57:26,308] LMCache INFO:[0m Stored 384 tokens in 0.003 seconds [3m(lmcache_driven_transfer.py:1218:lmcache.v1.multiprocess.modules.lmcache_driven_transfer)[0m
[32;20m[2026-09-22 10:57:26,346] LMCache INFO:[0m L1 memory usage: 0.39/0.50 GiB (78.5%) [3m(eviction_controller.py:153:lmcache.v1.distributed.storage_controllers.eviction_controller)[0m
[32;20m[2026-09-22 10:57:26,398] LMCache INFO:[0m Stored 384 tokens in 0.003 seconds [3m(lmcache_driven_transfer.py:1218:lmcache.v1.multiprocess.modules.lmcache_driven_transfer)[0m
[32;20m[2026-09-22 10:57:26,486] LMCache INFO:[0m Stored 336 tokens in 0.002 seconds [3m(lmcache_driven_transfer.py:1218:lmcache.v1.multiprocess.modules.lmcache_driven_transfer)[0m
[32;20m[2026-09-22 10:57:26,571] LMCache INFO:[0m Stored 384 tokens in 0.003 seconds [3m(lmcache_driven_transfer.py:1218:lmcache.v1.multiprocess.modules.lmcache_driven_transfer)[0m
[32;20m[2026-09-22 10:57:26,662] LMCache INFO:[0m Stored 384 tokens in 0.003 seconds [3m(lmcache_driven_transfer.py:1218:lmcache.v1.multiprocess.modules.lmcache_driven_transfer)[0m
[32;20m[2026-09-22 10:57:26,751] LMCache INFO:[0m Stored 384 tokens in 0.002 seconds [3m(lmcache_driven_transfer.py:1218:lmcache.v1.multiprocess.modules.lmcache_driven_transfer)[0m
[32;20m[2026-09-22 10:57:26,839] LMCache INFO:[0m Stored 384 tokens in 0.003 seconds [3m(lmcache_driven_transfer.py:1218:lmcache.v1.multiprocess.modules.lmcache_driven_transfer)[0m
[32;20m[2026-09-22 10:57:27,346] LMCache INFO:[0m L1 memory usage 0.91 above watermark 0.80; triggering eviction. [3m(eviction_controller.py:179:lmcache.v1.distributed.storage_controllers.eviction_controller)[0m
[32;20m[2026-09-22 10:57:27,593] LMCache INFO:[0m Prefetch request completed (L1+L2): 24/24 retained keys (24 L1, 0 L2) in 1.1 ms (external_request_id=cmpl-baec1fc92657aff6-0-bd2710a6, prefetch_request_id=-1) [3m(storage_manager.py:716:lmcache.v1.distributed.storage_manager)[0m
[32;20m[2026-09-22 10:57:27,598] LMCache INFO:[0m Retrieved 384 tokens in 0.002 seconds [3m(lmcache_driven_transfer.py:1427:lmcache.v1.multiprocess.modules.lmcache_driven_transfer)[0m
[32;20m[2026-09-22 10:57:27,722] LMCache INFO:[0m Stored 384 tokens in 0.002 seconds [3m(lmcache_driven_transfer.py:1218:lmcache.v1.multiprocess.modules.lmcache_driven_transfer)[0m
[32;20m[2026-09-22 10:57:27,800] LMCache INFO:[0m Stored 384 tokens in 0.002 seconds [3m(lmcache_driven_transfer.py:1218:lmcache.v1.multiprocess.modules.lmcache_driven_transfer)[0m
[32;20m[2026-09-22 10:57:27,894] LMCache INFO:[0m Stored 384 tokens in 0.003 seconds [3m(lmcache_driven_transfer.py:1218:lmcache.v1.multiprocess.modules.lmcache_driven_transfer)[0m
[32;20m[2026-09-22 10:57:27,982] LMCache INFO:[0m Stored 384 tokens in 0.003 seconds [3m(lmcache_driven_transfer.py:1218:lmcache.v1.multiprocess.modules.lmcache_driven_transfer)[0m
[32;20m[2026-09-22 10:57:28,077] LMCache INFO:[0m Stored 384 tokens in 0.003 seconds [3m(lmcache_driven_transfer.py:1218:lmcache.v1.multiprocess.modules.lmcache_driven_transfer)[0m
[32;20m[2026-09-22 10:57:28,163] LMCache INFO:[0m Stored 384 tokens in 0.003 seconds [3m(lmcache_driven_transfer.py:1218:lmcache.v1.multiprocess.modules.lmcache_driven_transfer)[0m
[32;20m[2026-09-22 10:57:28,253] LMCache INFO:[0m Stored 384 tokens in 0.003 seconds [3m(lmcache_driven_transfer.py:1218:lmcache.v1.multiprocess.modules.lmcache_driven_transfer)[0m
[32;20m[2026-09-22 10:57:28,343] LMCache INFO:[0m Stored 384 tokens in 0.003 seconds [3m(lmcache_driven_transfer.py:1218:lmcache.v1.multiprocess.modules.lmcache_driven_transfer)[0m
[32;20m[2026-09-22 10:57:28,353] LMCache INFO:[0m L1 memory usage 0.89 above watermark 0.80; triggering eviction. [3m(eviction_controller.py:179:lmcache.v1.distributed.storage_controllers.eviction_controller)[0m
[32;20m[2026-09-22 10:57:28,431] LMCache INFO:[0m Stored 384 tokens in 0.003 seconds [3m(lmcache_driven_transfer.py:1218:lmcache.v1.multiprocess.modules.lmcache_driven_transfer)[0m
[32;20m[2026-09-22 10:57:28,523] LMCache INFO:[0m Stored 384 tokens in 0.003 seconds [3m(lmcache_driven_transfer.py:1218:lmcache.v1.multiprocess.modules.lmcache_driven_transfer)[0m
[32;20m[2026-09-22 10:57:28,610] LMCache INFO:[0m Stored 384 tokens in 0.003 seconds [3m(lmcache_driven_transfer.py:1218:lmcache.v1.multiprocess.modules.lmcache_driven_transfer)[0m
[32;20m[2026-09-22 10:57:29,266] LMCache INFO:[0m Prefetch request completed (L1+L2): 24/24 retained keys (24 L1, 0 L2) in 1.1 ms (external_request_id=cmpl-b3977d1998c4193f-0-9522b89c, prefetch_request_id=-1) [3m(storage_manager.py:716:lmcache.v1.distributed.storage_manager)[0m
[32;20m[2026-09-22 10:57:29,270] LMCache INFO:[0m Retrieved 384 tokens in 0.002 seconds [3m(lmcache_driven_transfer.py:1427:lmcache.v1.multiprocess.modules.lmcache_driven_transfer)[0m
[32;20m[2026-09-22 10:57:29,397] LMCache INFO:[0m Stored 384 tokens in 0.003 seconds [3m(lmcache_driven_transfer.py:1218:lmcache.v1.multiprocess.modules.lmcache_driven_transfer)[0m
[32;20m[2026-09-22 10:57:29,473] LMCache INFO:[0m Stored 384 tokens in 0.003 seconds [3m(lmcache_driven_transfer.py:1218:lmcache.v1.multiprocess.modules.lmcache_driven_transfer)[0m
[32;20m[2026-09-22 10:57:29,567] LMCache INFO:[0m Stored 384 tokens in 0.003 seconds [3m(lmcache_driven_transfer.py:1218:lmcache.v1.multiprocess.modules.lmcache_driven_transfer)[0m
[32;20m[2026-09-22 10:57:29,656] LMCache INFO:[0m Stored 384 tokens in 0.003 seconds [3m(lmcache_driven_transfer.py:1218:lmcache.v1.multiprocess.modules.lmcache_driven_transfer)[0m
[32;20m[2026-09-22 10:57:29,745] LMCache INFO:[0m Stored 384 tokens in 0.003 seconds [3m(lmcache_driven_transfer.py:1218:lmcache.v1.multiprocess.modules.lmcache_driven_transfer)[0m
[32;20m[2026-09-22 10:57:29,832] LMCache INFO:[0m Stored 384 tokens in 0.002 seconds [3m(lmcache_driven_transfer.py:1218:lmcache.v1.multiprocess.modules.lmcache_driven_transfer)[0m
[32;20m[2026-09-22 10:57:29,925] LMCache INFO:[0m Stored 384 tokens in 0.003 seconds [3m(lmcache_driven_transfer.py:1218:lmcache.v1.multiprocess.modules.lmcache_driven_transfer)[0m
[32;20m[2026-09-22 10:57:30,017] LMCache INFO:[0m Stored 384 tokens in 0.002 seconds [3m(lmcache_driven_transfer.py:1218:lmcache.v1.multiprocess.modules.lmcache_driven_transfer)[0m
[32;20m[2026-09-22 10:57:30,106] LMCache INFO:[0m Stored 384 tokens in 0.002 seconds [3m(lmcache_driven_transfer.py:1218:lmcache.v1.multiprocess.modules.lmcache_driven_transfer)[0m
[32;20m[2026-09-22 10:57:30,197] LMCache INFO:[0m Stored 384 tokens in 0.003 seconds [3m(lmcache_driven_transfer.py:1218:lmcache.v1.multiprocess.modules.lmcache_driven_transfer)[0m
[33;20m[2026-09-22 10:57:30,283] LMCache WARNING:[0m Failed to batched allocate 24 memory blocks of size 458752 because no enough memory is available (short by 3 blocks) [3m(memory_management.py:1490:lmcache.v1.memory_management)[0m
[32;20m[2026-09-22 10:57:30,359] LMCache INFO:[0m L1 memory usage 0.98 above watermark 0.80; triggering eviction. [3m(eviction_controller.py:179:lmcache.v1.distributed.storage_controllers.eviction_controller)[0m
[32;20m[2026-09-22 10:57:30,937] LMCache INFO:[0m Prefetch request completed (L1+L2): 24/24 retained keys (24 L1, 0 L2) in 1.0 ms (external_request_id=cmpl-92c4d7ed73a18357-0-bd6983fc, prefetch_request_id=-1) [3m(storage_manager.py:716:lmcache.v1.distributed.storage_manager)[0m
[32;20m[2026-09-22 10:57:30,941] LMCache INFO:[0m Retrieved 384 tokens in 0.002 seconds [3m(lmcache_driven_transfer.py:1427:lmcache.v1.multiprocess.modules.lmcache_driven_transfer)[0m
[32;20m[2026-09-22 10:57:31,024] LMCache INFO:[0m Prefetch request completed (L1+L2): 24/24 retained keys (24 L1, 0 L2) in 0.9 ms (external_request_id=cmpl-b92e430f2f462bed-0-95936b75, prefetch_request_id=-1) [3m(storage_manager.py:716:lmcache.v1.distributed.storage_manager)[0m
[32;20m[2026-09-22 10:57:31,029] LMCache INFO:[0m Prefetch request completed (L1+L2): 24/24 retained keys (24 L1, 0 L2) in 1.2 ms (external_request_id=cmpl-944024ece77050a6-0-95b6b2e6, prefetch_request_id=-1) [3m(storage_manager.py:716:lmcache.v1.distributed.storage_manager)[0m
[32;20m[2026-09-22 10:57:31,030] LMCache INFO:[0m Retrieved 384 tokens in 0.004 seconds [3m(lmcache_driven_transfer.py:1427:lmcache.v1.multiprocess.modules.lmcache_driven_transfer)[0m
[32;20m[2026-09-22 10:57:31,036] LMCache INFO:[0m Retrieved 384 tokens in 0.004 seconds [3m(lmcache_driven_transfer.py:1427:lmcache.v1.multiprocess.modules.lmcache_driven_transfer)[0m
[32;20m[2026-09-22 10:57:31,116] LMCache INFO:[0m Prefetch request completed (L1+L2): 24/24 retained keys (24 L1, 0 L2) in 0.9 ms (external_request_id=cmpl-a4dd2a52db5aacba-0-a5ec0d3e, prefetch_request_id=-1) [3m(storage_manager.py:716:lmcache.v1.distributed.storage_manager)[0m
[32;20m[2026-09-22 10:57:31,120] LMCache INFO:[0m Retrieved 384 tokens in 0.002 seconds [3m(lmcache_driven_transfer.py:1427:lmcache.v1.multiprocess.modules.lmcache_driven_transfer)[0m
[32;20m[2026-09-22 10:57:31,170] LMCache INFO:[0m Prefetch request completed (L1+L2): 24/24 retained keys (24 L1, 0 L2) in 0.8 ms (external_request_id=cmpl-841aca13f7aa3512-0-b986caf1, prefetch_request_id=-1) [3m(storage_manager.py:716:lmcache.v1.distributed.storage_manager)[0m
[32;20m[2026-09-22 10:57:31,174] LMCache INFO:[0m Retrieved 384 tokens in 0.002 seconds [3m(lmcache_driven_transfer.py:1427:lmcache.v1.multiprocess.modules.lmcache_driven_transfer)[0m
[32;20m[2026-09-22 10:57:31,223] LMCache INFO:[0m Prefetch request completed (L1+L2): 24/24 retained keys (24 L1, 0 L2) in 0.9 ms (external_request_id=cmpl-9ba307c2be714dfd-0-b4f28235, prefetch_request_id=-1) [3m(storage_manager.py:716:lmcache.v1.distributed.storage_manager)[0m
[32;20m[2026-09-22 10:57:31,227] LMCache INFO:[0m Retrieved 384 tokens in 0.002 seconds [3m(lmcache_driven_transfer.py:1427:lmcache.v1.multiprocess.modules.lmcache_driven_transfer)[0m
[32;20m[2026-09-22 10:57:31,276] LMCache INFO:[0m Prefetch request completed (L1+L2): 22/24 retained keys (22 L1, 0 L2) in 0.9 ms (external_request_id=cmpl-9e324c2926991cd6-0-ac27dcad, prefetch_request_id=-1) [3m(storage_manager.py:716:lmcache.v1.distributed.storage_manager)[0m
[32;20m[2026-09-22 10:57:31,280] LMCache INFO:[0m Retrieved 352 tokens in 0.002 seconds [3m(lmcache_driven_transfer.py:1427:lmcache.v1.multiprocess.modules.lmcache_driven_transfer)[0m
[32;20m[2026-09-22 10:57:31,318] LMCache INFO:[0m Stored 32 tokens in 0.002 seconds [3m(lmcache_driven_transfer.py:1218:lmcache.v1.multiprocess.modules.lmcache_driven_transfer)[0m
[32;20m[2026-09-22 10:57:31,326] LMCache INFO:[0m Prefetch request completed (L1+L2): 24/24 retained keys (24 L1, 0 L2) in 0.9 ms (external_request_id=cmpl-bc29450a3da74241-0-94b1d434, prefetch_request_id=-1) [3m(storage_manager.py:716:lmcache.v1.distributed.storage_manager)[0m
[32;20m[2026-09-22 10:57:31,330] LMCache INFO:[0m Retrieved 384 tokens in 0.002 seconds [3m(lmcache_driven_transfer.py:1427:lmcache.v1.multiprocess.modules.lmcache_driven_transfer)[0m
[32;20m[2026-09-22 10:57:31,378] LMCache INFO:[0m Prefetch request completed (L1+L2): 24/24 retained keys (24 L1, 0 L2) in 1.0 ms (external_request_id=cmpl-b328e35e37d3cb7a-0-97954ca2, prefetch_request_id=-1) [3m(storage_manager.py:716:lmcache.v1.distributed.storage_manager)[0m
[32;20m[2026-09-22 10:57:31,382] LMCache INFO:[0m Retrieved 384 tokens in 0.002 seconds [3m(lmcache_driven_transfer.py:1427:lmcache.v1.multiprocess.modules.lmcache_driven_transfer)[0m
[32;20m[2026-09-22 10:57:31,431] LMCache INFO:[0m Prefetch request completed (L1+L2): 24/24 retained keys (24 L1, 0 L2) in 0.9 ms (external_request_id=cmpl-a09ada1b56ae3bf6-0-a5edeb23, prefetch_request_id=-1) [3m(storage_manager.py:716:lmcache.v1.distributed.storage_manager)[0m
[32;20m[2026-09-22 10:57:31,435] LMCache INFO:[0m Retrieved 384 tokens in 0.002 seconds [3m(lmcache_driven_transfer.py:1427:lmcache.v1.multiprocess.modules.lmcache_driven_transfer)[0m
[32;20m[2026-09-22 10:57:31,486] LMCache INFO:[0m Prefetch request completed (L1+L2): 24/24 retained keys (24 L1, 0 L2) in 0.9 ms (external_request_id=cmpl-a6fdfd87ef6f3205-0-bddb16b3, prefetch_request_id=-1) [3m(storage_manager.py:716:lmcache.v1.distributed.storage_manager)[0m
[32;20m[2026-09-22 10:57:31,490] LMCache INFO:[0m Retrieved 384 tokens in 0.002 seconds [3m(lmcache_driven_transfer.py:1427:lmcache.v1.multiprocess.modules.lmcache_driven_transfer)[0m
[32;20m[2026-09-22 10:57:31,539] LMCache INFO:[0m Prefetch request completed (L1+L2): 24/24 retained keys (24 L1, 0 L2) in 0.7 ms (external_request_id=cmpl-a4e4b1acab5761b5-0-894118d8, prefetch_request_id=-1) [3m(storage_manager.py:716:lmcache.v1.distributed.storage_manager)[0m
[32;20m[2026-09-22 10:57:31,542] LMCache INFO:[0m Retrieved 384 tokens in 0.002 seconds [3m(lmcache_driven_transfer.py:1427:lmcache.v1.multiprocess.modules.lmcache_driven_transfer)[0m
[32;20m[2026-09-22 10:57:32,622] LMCache INFO:[0m Prefetch request completed (L1+L2): 24/24 retained keys (24 L1, 0 L2) in 0.9 ms (external_request_id=cmpl-8ac38ac554d99cae-0-8181a0dc, prefetch_request_id=-1) [3m(storage_manager.py:716:lmcache.v1.distributed.storage_manager)[0m
[32;20m[2026-09-22 10:57:32,627] LMCache INFO:[0m Retrieved 384 tokens in 0.002 seconds [3m(lmcache_driven_transfer.py:1427:lmcache.v1.multiprocess.modules.lmcache_driven_transfer)[0m
[32;20m[2026-09-22 10:57:32,750] LMCache INFO:[0m Stored 384 tokens in 0.003 seconds [3m(lmcache_driven_transfer.py:1218:lmcache.v1.multiprocess.modules.lmcache_driven_transfer)[0m
[32;20m[2026-09-22 10:57:32,863] LMCache INFO:[0m Stored 384 tokens in 0.002 seconds [3m(lmcache_driven_transfer.py:1218:lmcache.v1.multiprocess.modules.lmcache_driven_transfer)[0m
[32;20m[2026-09-22 10:57:32,956] LMCache INFO:[0m Stored 384 tokens in 0.003 seconds [3m(lmcache_driven_transfer.py:1218:lmcache.v1.multiprocess.modules.lmcache_driven_transfer)[0m
[32;20m[2026-09-22 10:57:33,048] LMCache INFO:[0m Stored 384 tokens in 0.003 seconds [3m(lmcache_driven_transfer.py:1218:lmcache.v1.multiprocess.modules.lmcache_driven_transfer)[0m
[32;20m[2026-09-22 10:57:33,141] LMCache INFO:[0m Stored 384 tokens in 0.003 seconds [3m(lmcache_driven_transfer.py:1218:lmcache.v1.multiprocess.modules.lmcache_driven_transfer)[0m
[32;20m[2026-09-22 10:57:33,237] LMCache INFO:[0m Stored 384 tokens in 0.003 seconds [3m(lmcache_driven_transfer.py:1218:lmcache.v1.multiprocess.modules.lmcache_driven_transfer)[0m
[32;20m[2026-09-22 10:57:33,321] LMCache INFO:[0m Stored 64 tokens in 0.002 seconds [3m(lmcache_driven_transfer.py:1218:lmcache.v1.multiprocess.modules.lmcache_driven_transfer)[0m
[32;20m[2026-09-22 10:57:33,366] LMCache INFO:[0m L1 memory usage 0.91 above watermark 0.80; triggering eviction. [3m(eviction_controller.py:179:lmcache.v1.distributed.storage_controllers.eviction_controller)[0m
[32;20m[2026-09-22 10:57:33,377] LMCache INFO:[0m Stored 384 tokens in 0.003 seconds [3m(lmcache_driven_transfer.py:1218:lmcache.v1.multiprocess.modules.lmcache_driven_transfer)[0m
[32;20m[2026-09-22 10:57:33,453] LMCache INFO:[0m Stored 368 tokens in 0.003 seconds [3m(lmcache_driven_transfer.py:1218:lmcache.v1.multiprocess.modules.lmcache_driven_transfer)[0m
[32;20m[2026-09-22 10:57:33,546] LMCache INFO:[0m Stored 384 tokens in 0.003 seconds [3m(lmcache_driven_transfer.py:1218:lmcache.v1.multiprocess.modules.lmcache_driven_transfer)[0m
[32;20m[2026-09-22 10:57:33,633] LMCache INFO:[0m Stored 384 tokens in 0.003 seconds [3m(lmcache_driven_transfer.py:1218:lmcache.v1.multiprocess.modules.lmcache_driven_transfer)[0m
[32;20m[2026-09-22 10:57:34,375] LMCache INFO:[0m L1 memory usage 0.81 above watermark 0.80; triggering eviction. [3m(eviction_controller.py:179:lmcache.v1.distributed.storage_controllers.eviction_controller)[0m
[32;20m[2026-09-22 10:57:34,422] LMCache INFO:[0m Prefetch request completed (L1+L2): 24/24 retained keys (24 L1, 0 L2) in 1.0 ms (external_request_id=cmpl-88b77833a9c06ee0-0-9fac3f40, prefetch_request_id=-1) [3m(storage_manager.py:716:lmcache.v1.distributed.storage_manager)[0m
[32;20m[2026-09-22 10:57:34,426] LMCache INFO:[0m Retrieved 384 tokens in 0.002 seconds [3m(lmcache_driven_transfer.py:1427:lmcache.v1.multiprocess.modules.lmcache_driven_transfer)[0m
[32;20m[2026-09-22 10:57:34,553] LMCache INFO:[0m Stored 384 tokens in 0.003 seconds [3m(lmcache_driven_transfer.py:1218:lmcache.v1.multiprocess.modules.lmcache_driven_transfer)[0m
[32;20m[2026-09-22 10:57:34,628] LMCache INFO:[0m Stored 384 tokens in 0.003 seconds [3m(lmcache_driven_transfer.py:1218:lmcache.v1.multiprocess.modules.lmcache_driven_transfer)[0m
[32;20m[2026-09-22 10:57:34,719] LMCache INFO:[0m Stored 384 tokens in 0.003 seconds [3m(lmcache_driven_transfer.py:1218:lmcache.v1.multiprocess.modules.lmcache_driven_transfer)[0m
[32;20m[2026-09-22 10:57:34,814] LMCache INFO:[0m Stored 384 tokens in 0.003 seconds [3m(lmcache_driven_transfer.py:1218:lmcache.v1.multiprocess.modules.lmcache_driven_transfer)[0m
[32;20m[2026-09-22 10:57:34,900] LMCache INFO:[0m Stored 384 tokens in 0.003 seconds [3m(lmcache_driven_transfer.py:1218:lmcache.v1.multiprocess.modules.lmcache_driven_transfer)[0m
[32;20m[2026-09-22 10:57:34,988] LMCache INFO:[0m Stored 384 tokens in 0.002 seconds [3m(lmcache_driven_transfer.py:1218:lmcache.v1.multiprocess.modules.lmcache_driven_transfer)[0m
[32;20m[2026-09-22 10:57:35,080] LMCache INFO:[0m Stored 384 tokens in 0.003 seconds [3m(lmcache_driven_transfer.py:1218:lmcache.v1.multiprocess.modules.lmcache_driven_transfer)[0m
[32;20m[2026-09-22 10:57:35,169] LMCache INFO:[0m Stored 384 tokens in 0.003 seconds [3m(lmcache_driven_transfer.py:1218:lmcache.v1.multiprocess.modules.lmcache_driven_transfer)[0m
[32;20m[2026-09-22 10:57:35,260] LMCache INFO:[0m Stored 384 tokens in 0.003 seconds [3m(lmcache_driven_transfer.py:1218:lmcache.v1.multiprocess.modules.lmcache_driven_transfer)[0m
[32;20m[2026-09-22 10:57:35,353] LMCache INFO:[0m Stored 384 tokens in 0.003 seconds [3m(lmcache_driven_transfer.py:1218:lmcache.v1.multiprocess.modules.lmcache_driven_transfer)[0m
[32;20m[2026-09-22 10:57:35,381] LMCache INFO:[0m L1 memory usage 0.86 above watermark 0.80; triggering eviction. [3m(eviction_controller.py:179:lmcache.v1.distributed.storage_controllers.eviction_controller)[0m
[32;20m[2026-09-22 10:57:35,438] LMCache INFO:[0m Stored 384 tokens in 0.003 seconds [3m(lmcache_driven_transfer.py:1218:lmcache.v1.multiprocess.modules.lmcache_driven_transfer)[0m
[32;20m[2026-09-22 10:57:36,185] LMCache INFO:[0m Prefetch request completed (L1+L2): 24/24 retained keys (24 L1, 0 L2) in 1.0 ms (external_request_id=cmpl-96820c35ba4401b5-0-88a92288, prefetch_request_id=-1) [3m(storage_manager.py:716:lmcache.v1.distributed.storage_manager)[0m
[32;20m[2026-09-22 10:57:36,190] LMCache INFO:[0m Retrieved 384 tokens in 0.002 seconds [3m(lmcache_driven_transfer.py:1427:lmcache.v1.multiprocess.modules.lmcache_driven_transfer)[0m
[32;20m[2026-09-22 10:57:36,313] LMCache INFO:[0m Stored 384 tokens in 0.002 seconds [3m(lmcache_driven_transfer.py:1218:lmcache.v1.multiprocess.modules.lmcache_driven_transfer)[0m
[32;20m[2026-09-22 10:57:36,347] LMCache INFO:[0m L0<->L1 stats [cuda:0] last 10.1s: store ops=53 tokens=19232 size=0.55GB avg_copy=6.65GB/s | retrieve ops=17 tokens=6496 size=0.19GB avg_copy=4.23GB/s [3m(extra_stats.py:159:lmcache.v1.mp_observability.subscribers.logging.extra_stats)[0m
[32;20m[2026-09-22 10:57:36,348] LMCache INFO:[0m L0<->L1 stats [cuda:0] cumulative: store ops=957 tokens=356624 size=10.23GB avg_copy=5.36GB/s | retrieve ops=210 tokens=79264 size=2.27GB avg_copy=4.12GB/s [3m(extra_stats.py:168:lmcache.v1.mp_observability.subscribers.logging.extra_stats)[0m
[32;20m[2026-09-22 10:57:36,387] LMCache INFO:[0m L1 memory usage: 0.36/0.50 GiB (73.0%) [3m(eviction_controller.py:153:lmcache.v1.distributed.storage_controllers.eviction_controller)[0m
[32;20m[2026-09-22 10:57:36,391] LMCache INFO:[0m Stored 384 tokens in 0.003 seconds [3m(lmcache_driven_transfer.py:1218:lmcache.v1.multiprocess.modules.lmcache_driven_transfer)[0m
[32;20m[2026-09-22 10:57:36,477] LMCache INFO:[0m Stored 384 tokens in 0.002 seconds [3m(lmcache_driven_transfer.py:1218:lmcache.v1.multiprocess.modules.lmcache_driven_transfer)[0m
[32;20m[2026-09-22 10:57:36,570] LMCache INFO:[0m Stored 384 tokens in 0.002 seconds [3m(lmcache_driven_transfer.py:1218:lmcache.v1.multiprocess.modules.lmcache_driven_transfer)[0m
[32;20m[2026-09-22 10:57:36,661] LMCache INFO:[0m Stored 384 tokens in 0.003 seconds [3m(lmcache_driven_transfer.py:1218:lmcache.v1.multiprocess.modules.lmcache_driven_transfer)[0m
[32;20m[2026-09-22 10:57:36,750] LMCache INFO:[0m Stored 384 tokens in 0.003 seconds [3m(lmcache_driven_transfer.py:1218:lmcache.v1.multiprocess.modules.lmcache_driven_transfer)[0m
[32;20m[2026-09-22 10:57:36,841] LMCache INFO:[0m Stored 384 tokens in 0.003 seconds [3m(lmcache_driven_transfer.py:1218:lmcache.v1.multiprocess.modules.lmcache_driven_transfer)[0m
[32;20m[2026-09-22 10:57:36,929] LMCache INFO:[0m Stored 384 tokens in 0.003 seconds [3m(lmcache_driven_transfer.py:1218:lmcache.v1.multiprocess.modules.lmcache_driven_transfer)[0m
[32;20m[2026-09-22 10:57:37,019] LMCache INFO:[0m Stored 384 tokens in 0.003 seconds [3m(lmcache_driven_transfer.py:1218:lmcache.v1.multiprocess.modules.lmcache_driven_transfer)[0m
[32;20m[2026-09-22 10:57:37,112] LMCache INFO:[0m Stored 384 tokens in 0.003 seconds [3m(lmcache_driven_transfer.py:1218:lmcache.v1.multiprocess.modules.lmcache_driven_transfer)[0m
[32;20m[2026-09-22 10:57:37,202] LMCache INFO:[0m Stored 384 tokens in 0.003 seconds [3m(lmcache_driven_transfer.py:1218:lmcache.v1.multiprocess.modules.lmcache_driven_transfer)[0m
[32;20m[2026-09-22 10:57:37,388] LMCache INFO:[0m L1 memory usage 0.93 above watermark 0.80; triggering eviction. [3m(eviction_controller.py:179:lmcache.v1.distributed.storage_controllers.eviction_controller)[0m
[32;20m[2026-09-22 10:57:37,943] LMCache INFO:[0m Prefetch request completed (L1+L2): 24/24 retained keys (24 L1, 0 L2) in 1.0 ms (external_request_id=cmpl-a8fd4c31f936e1d0-0-a73f2ff6, prefetch_request_id=-1) [3m(storage_manager.py:716:lmcache.v1.distributed.storage_manager)[0m
[32;20m[2026-09-22 10:57:37,948] LMCache INFO:[0m Retrieved 384 tokens in 0.002 seconds [3m(lmcache_driven_transfer.py:1427:lmcache.v1.multiprocess.modules.lmcache_driven_transfer)[0m
[32;20m[2026-09-22 10:57:38,034] LMCache INFO:[0m Prefetch request completed (L1+L2): 24/24 retained keys (24 L1, 0 L2) in 1.0 ms (external_request_id=cmpl-bb4419fdba3bf1aa-0-867bc692, prefetch_request_id=-1) [3m(storage_manager.py:716:lmcache.v1.distributed.storage_manager)[0m
[32;20m[2026-09-22 10:57:38,039] LMCache INFO:[0m Prefetch request completed (L1+L2): 24/24 retained keys (24 L1, 0 L2) in 1.6 ms (external_request_id=cmpl-af2d3018c9667ea5-0-9b200ac3, prefetch_request_id=-1) [3m(storage_manager.py:716:lmcache.v1.distributed.storage_manager)[0m
[32;20m[2026-09-22 10:57:38,040] LMCache INFO:[0m Retrieved 384 tokens in 0.004 seconds [3m(lmcache_driven_transfer.py:1427:lmcache.v1.multiprocess.modules.lmcache_driven_transfer)[0m
[32;20m[2026-09-22 10:57:38,047] LMCache INFO:[0m Retrieved 384 tokens in 0.005 seconds [3m(lmcache_driven_transfer.py:1427:lmcache.v1.multiprocess.modules.lmcache_driven_transfer)[0m
[32;20m[2026-09-22 10:57:38,125] LMCache INFO:[0m Prefetch request completed (L1+L2): 24/24 retained keys (24 L1, 0 L2) in 1.0 ms (external_request_id=cmpl-9b34121017f5b239-0-954b206b, prefetch_request_id=-1) [3m(storage_manager.py:716:lmcache.v1.distributed.storage_manager)[0m
[32;20m[2026-09-22 10:57:38,130] LMCache INFO:[0m Retrieved 384 tokens in 0.002 seconds [3m(lmcache_driven_transfer.py:1427:lmcache.v1.multiprocess.modules.lmcache_driven_transfer)[0m
[32;20m[2026-09-22 10:57:38,179] LMCache INFO:[0m Prefetch request completed (L1+L2): 24/24 retained keys (24 L1, 0 L2) in 0.9 ms (external_request_id=cmpl-a0a7814555a7bfa4-0-baf6eb38, prefetch_request_id=-1) [3m(storage_manager.py:716:lmcache.v1.distributed.storage_manager)[0m
[32;20m[2026-09-22 10:57:38,183] LMCache INFO:[0m Retrieved 384 tokens in 0.002 seconds [3m(lmcache_driven_transfer.py:1427:lmcache.v1.multiprocess.modules.lmcache_driven_transfer)[0m
[32;20m[2026-09-22 10:57:38,231] LMCache INFO:[0m Prefetch request completed (L1+L2): 24/24 retained keys (24 L1, 0 L2) in 1.0 ms (external_request_id=cmpl-97a1b800c4e09e0e-0-861241b0, prefetch_request_id=-1) [3m(storage_manager.py:716:lmcache.v1.distributed.storage_manager)[0m
[32;20m[2026-09-22 10:57:38,236] LMCache INFO:[0m Retrieved 384 tokens in 0.002 seconds [3m(lmcache_driven_transfer.py:1427:lmcache.v1.multiprocess.modules.lmcache_driven_transfer)[0m
[32;20m[2026-09-22 10:57:38,284] LMCache INFO:[0m Prefetch request completed (L1+L2): 24/24 retained keys (24 L1, 0 L2) in 1.0 ms (external_request_id=cmpl-af6c7e0a2ff27d70-0-9a692cac, prefetch_request_id=-1) [3m(storage_manager.py:716:lmcache.v1.distributed.storage_manager)[0m
[32;20m[2026-09-22 10:57:38,289] LMCache INFO:[0m Retrieved 384 tokens in 0.002 seconds [3m(lmcache_driven_transfer.py:1427:lmcache.v1.multiprocess.modules.lmcache_driven_transfer)[0m
[32;20m[2026-09-22 10:57:38,339] LMCache INFO:[0m Prefetch request completed (L1+L2): 4/4 retained keys (4 L1, 0 L2) in 1.1 ms (external_request_id=cmpl-98bd472051a1f92c-0-be52a2a1, prefetch_request_id=-1) [3m(storage_manager.py:716:lmcache.v1.distributed.storage_manager)[0m
[32;20m[2026-09-22 10:57:38,343] LMCache INFO:[0m Retrieved 64 tokens in 0.001 seconds [3m(lmcache_driven_transfer.py:1427:lmcache.v1.multiprocess.modules.lmcache_driven_transfer)[0m
[32;20m[2026-09-22 10:57:38,393] LMCache INFO:[0m Prefetch request completed (L1+L2): 24/24 retained keys (24 L1, 0 L2) in 1.1 ms (external_request_id=cmpl-b502455aeb103ab4-0-bbebf621, prefetch_request_id=-1) [3m(storage_manager.py:716:lmcache.v1.distributed.storage_manager)[0m
[32;20m[2026-09-22 10:57:38,397] LMCache INFO:[0m Retrieved 384 tokens in 0.002 seconds [3m(lmcache_driven_transfer.py:1427:lmcache.v1.multiprocess.modules.lmcache_driven_transfer)[0m
[32;20m[2026-09-22 10:57:38,447] LMCache INFO:[0m Prefetch request completed (L1+L2): 23/23 retained keys (23 L1, 0 L2) in 1.0 ms (external_request_id=cmpl-b0b2564b083b5e3e-0-80f1c35f, prefetch_request_id=-1) [3m(storage_manager.py:716:lmcache.v1.distributed.storage_manager)[0m
[32;20m[2026-09-22 10:57:38,451] LMCache INFO:[0m Retrieved 368 tokens in 0.002 seconds [3m(lmcache_driven_transfer.py:1427:lmcache.v1.multiprocess.modules.lmcache_driven_transfer)[0m
[32;20m[2026-09-22 10:57:38,501] LMCache INFO:[0m Prefetch request completed (L1+L2): 24/24 retained keys (24 L1, 0 L2) in 1.0 ms (external_request_id=cmpl-bebf25a2e758eb66-0-aa787152, prefetch_request_id=-1) [3m(storage_manager.py:716:lmcache.v1.distributed.storage_manager)[0m
[32;20m[2026-09-22 10:57:38,506] LMCache INFO:[0m Retrieved 384 tokens in 0.002 seconds [3m(lmcache_driven_transfer.py:1427:lmcache.v1.multiprocess.modules.lmcache_driven_transfer)[0m
[32;20m[2026-09-22 10:57:38,556] LMCache INFO:[0m Prefetch request completed (L1+L2): 24/24 retained keys (24 L1, 0 L2) in 0.8 ms (external_request_id=cmpl-b769c11156d97102-0-a5052ea1, prefetch_request_id=-1) [3m(storage_manager.py:716:lmcache.v1.distributed.storage_manager)[0m
[32;20m[2026-09-22 10:57:38,561] LMCache INFO:[0m Retrieved 384 tokens in 0.002 seconds [3m(lmcache_driven_transfer.py:1427:lmcache.v1.multiprocess.modules.lmcache_driven_transfer)[0m
[32;20m[2026-09-22 10:57:39,631] LMCache INFO:[0m Prefetch request completed (L1+L2): 24/24 retained keys (24 L1, 0 L2) in 0.9 ms (external_request_id=cmpl-aec6b5a73c988a37-0-92c8e206, prefetch_request_id=-1) [3m(storage_manager.py:716:lmcache.v1.distributed.storage_manager)[0m
[32;20m[2026-09-22 10:57:39,635] LMCache INFO:[0m Retrieved 384 tokens in 0.002 seconds [3m(lmcache_driven_transfer.py:1427:lmcache.v1.multiprocess.modules.lmcache_driven_transfer)[0m
[32;20m[2026-09-22 10:57:39,763] LMCache INFO:[0m Stored 384 tokens in 0.003 seconds [3m(lmcache_driven_transfer.py:1218:lmcache.v1.multiprocess.modules.lmcache_driven_transfer)[0m
[32;20m[2026-09-22 10:57:39,872] LMCache INFO:[0m Stored 384 tokens in 0.003 seconds [3m(lmcache_driven_transfer.py:1218:lmcache.v1.multiprocess.modules.lmcache_driven_transfer)[0m
[32;20m[2026-09-22 10:57:39,980] LMCache INFO:[0m Stored 384 tokens in 0.003 seconds [3m(lmcache_driven_transfer.py:1218:lmcache.v1.multiprocess.modules.lmcache_driven_transfer)[0m
[32;20m[2026-09-22 10:57:40,070] LMCache INFO:[0m Stored 384 tokens in 0.003 seconds [3m(lmcache_driven_transfer.py:1218:lmcache.v1.multiprocess.modules.lmcache_driven_transfer)[0m
[32;20m[2026-09-22 10:57:40,158] LMCache INFO:[0m Stored 368 tokens in 0.003 seconds [3m(lmcache_driven_transfer.py:1218:lmcache.v1.multiprocess.modules.lmcache_driven_transfer)[0m
[32;20m[2026-09-22 10:57:40,252] LMCache INFO:[0m Stored 368 tokens in 0.003 seconds [3m(lmcache_driven_transfer.py:1218:lmcache.v1.multiprocess.modules.lmcache_driven_transfer)[0m
[32;20m[2026-09-22 10:57:40,338] LMCache INFO:[0m Stored 384 tokens in 0.003 seconds [3m(lmcache_driven_transfer.py:1218:lmcache.v1.multiprocess.modules.lmcache_driven_transfer)[0m
[32;20m[2026-09-22 10:57:40,395] LMCache INFO:[0m L1 memory usage 0.89 above watermark 0.80; triggering eviction. [3m(eviction_controller.py:179:lmcache.v1.distributed.storage_controllers.eviction_controller)[0m
[32;20m[2026-09-22 10:57:40,431] LMCache INFO:[0m Stored 368 tokens in 0.003 seconds [3m(lmcache_driven_transfer.py:1218:lmcache.v1.multiprocess.modules.lmcache_driven_transfer)[0m
[32;20m[2026-09-22 10:57:40,522] LMCache INFO:[0m Stored 384 tokens in 0.003 seconds [3m(lmcache_driven_transfer.py:1218:lmcache.v1.multiprocess.modules.lmcache_driven_transfer)[0m
[32;20m[2026-09-22 10:57:40,613] LMCache INFO:[0m Stored 384 tokens in 0.003 seconds [3m(lmcache_driven_transfer.py:1218:lmcache.v1.multiprocess.modules.lmcache_driven_transfer)[0m
[32;20m[2026-09-22 10:57:40,702] LMCache INFO:[0m Stored 192 tokens in 0.002 seconds [3m(lmcache_driven_transfer.py:1218:lmcache.v1.multiprocess.modules.lmcache_driven_transfer)[0m
[32;20m[2026-09-22 10:57:41,448] LMCache INFO:[0m Prefetch request completed (L1+L2): 24/24 retained keys (24 L1, 0 L2) in 1.0 ms (external_request_id=cmpl-8b2bc2578d0b2ca9-0-96ccd889, prefetch_request_id=-1) [3m(storage_manager.py:716:lmcache.v1.distributed.storage_manager)[0m
[32;20m[2026-09-22 10:57:41,452] LMCache INFO:[0m Retrieved 384 tokens in 0.002 seconds [3m(lmcache_driven_transfer.py:1427:lmcache.v1.multiprocess.modules.lmcache_driven_transfer)[0m
INFO:     Shutting down
INFO:     Waiting for application shutdown.
[32;20m[2026-09-22 10:57:41,707] LMCache INFO:[0m Shutting down LMCache HTTP server... [3m(http_server.py:168:lmcache.v1.multiprocess.http_server)[0m
[32;20m[2026-09-22 10:57:42,495] LMCache INFO:[0m Stopping PeriodicThread: lmcache-mp-worker-reaper [3m(periodic_thread.py:267:lmcache.v1.periodic_thread)[0m
[32;20m[2026-09-22 10:57:42,496] LMCache INFO:[0m PeriodicThread lmcache-mp-worker-reaper loop stopped [3m(periodic_thread.py:371:lmcache.v1.periodic_thread)[0m
[32;20m[2026-09-22 10:57:42,496] LMCache INFO:[0m Stopping PeriodicThread: DeviceHostFuncDispatcher [3m(periodic_thread.py:267:lmcache.v1.periodic_thread)[0m
[32;20m[2026-09-22 10:57:42,496] LMCache INFO:[0m PeriodicThread DeviceHostFuncDispatcher loop stopped [3m(periodic_thread.py:371:lmcache.v1.periodic_thread)[0m
[32;20m[2026-09-22 10:57:42,547] LMCache INFO:[0m Stopping PeriodicThread: SessionManager-cleanup-thread-79b2e16f0440 [3m(periodic_thread.py:267:lmcache.v1.periodic_thread)[0m
[32;20m[2026-09-22 10:57:42,547] LMCache INFO:[0m PeriodicThread SessionManager-cleanup-thread-79b2e16f0440 loop stopped [3m(periodic_thread.py:371:lmcache.v1.periodic_thread)[0m
[32;20m[2026-09-22 10:57:43,841] LMCache INFO:[0m MPCacheServer closed [3m(server.py:126:lmcache.v1.multiprocess.server)[0m
[32;20m[2026-09-22 10:57:43,842] LMCache INFO:[0m LMCache HTTP server stopped [3m(http_server.py:186:lmcache.v1.multiprocess.http_server)[0m
INFO:     Application shutdown complete.
INFO:     Finished server process [8517]
