[32;20m[2026-09-20 14:31:39,038] LMCache INFO:[0m torch_dev=<module 'torch.cuda' from '/usr/local/lib/python3.12/dist-packages/torch/cuda/__init__.py'>, torch_device_type=cuda [3m(_device_detect.py:312:lmcache.v1.platform._device_detect)[0m
[32;20m[2026-09-20 14:31:39,038] LMCache INFO:[0m Auto-selected backend [cuda] for accelerator 'cuda' from candidate backends [cuda, rocm]. [3m(__init__.py:148:lmcache.v1.platform)[0m

 _     __  __    ____           _          
| |   |  \/  |  / ___|__ _  ___| |__   ___      LMCache v0.5.4 (g3e11b8ed)
| |   | |\/| | | |   / _` |/ __| '_ \ / _ \     Website:  https://lmcache.ai/
| |___| |  | | | |__| (_| | (__| | | |  __/     Recipes:  https://docs.lmcache.ai/recipes
|_____|_|  |_|  \____\__,_|\___|_| |_|\___|     LinkedIn: https://www.linkedin.com/company/lmcache-lab
Set LMCACHE_DISABLE_BANNER=1 to hide this banner.

[32;20m[2026-09-20 14:31:40,337] LMCache INFO:[0m multi_layer_block_kv_transfer mode: ptr [3m(base.py:95:lmcache.v1.multiprocess.transfer_context.base)[0m
[32;20m[2026-09-20 14:31:45,672] LMCache INFO:[0m Discovered API module: cache_api [3m(router_discovery.py:53:lmcache.v1.utils.router_discovery)[0m
[32;20m[2026-09-20 14:31:45,674] LMCache INFO:[0m Discovered API module: env_api [3m(router_discovery.py:53:lmcache.v1.utils.router_discovery)[0m
[32;20m[2026-09-20 14:31:45,676] LMCache INFO:[0m Discovered API module: loglevel_api [3m(router_discovery.py:53:lmcache.v1.utils.router_discovery)[0m
[32;20m[2026-09-20 14:31:45,677] LMCache INFO:[0m Discovered API module: metrics_api [3m(router_discovery.py:53:lmcache.v1.utils.router_discovery)[0m
[32;20m[2026-09-20 14:31:45,680] LMCache INFO:[0m Discovered API module: periodic_thread_api [3m(router_discovery.py:53:lmcache.v1.utils.router_discovery)[0m
[32;20m[2026-09-20 14:31:45,681] LMCache INFO:[0m Discovered API module: run_script_api [3m(router_discovery.py:53:lmcache.v1.utils.router_discovery)[0m
[32;20m[2026-09-20 14:31:45,683] LMCache INFO:[0m Discovered API module: thread_api [3m(router_discovery.py:53:lmcache.v1.utils.router_discovery)[0m
[32;20m[2026-09-20 14:31:45,687] LMCache INFO:[0m Discovered API module: common_api [3m(router_discovery.py:53:lmcache.v1.utils.router_discovery)[0m
[32;20m[2026-09-20 14:31:45,689] LMCache INFO:[0m Discovered API module: config_api [3m(router_discovery.py:53:lmcache.v1.utils.router_discovery)[0m
[32;20m[2026-09-20 14:31:45,693] LMCache INFO:[0m Discovered API module: info_api [3m(router_discovery.py:53:lmcache.v1.utils.router_discovery)[0m
[32;20m[2026-09-20 14:31:45,697] LMCache INFO:[0m Discovered API module: quota_api [3m(router_discovery.py:53:lmcache.v1.utils.router_discovery)[0m
[32;20m[2026-09-20 14:31:45,702] LMCache INFO:[0m Discovered API module: reconfigure_api [3m(router_discovery.py:53:lmcache.v1.utils.router_discovery)[0m
[32;20m[2026-09-20 14:31:45,742] LMCache INFO:[0m CudaPinMemoryBackend: using torch cudart [3m(pin_memory.py:89:lmcache.v1.platform.cuda.pin_memory)[0m
[32;20m[2026-09-20 14:31:45,745] LMCache INFO:[0m Starting LMCache HTTP server on http://0.0.0.0:18002 [3m(http_server.py:258:lmcache.v1.multiprocess.http_server)[0m
INFO:     Started server process [7508]
INFO:     Waiting for application startup.
[32;20m[2026-09-20 14:31:45,773] LMCache INFO:[0m Starting LMCache HTTP server... (accelerator available: True) [3m(http_server.py:77:lmcache.v1.multiprocess.http_server)[0m
[32;20m[2026-09-20 14:31:45,801] LMCache INFO:[0m OTel MeterProvider initialised with Prometheus fallback (standalone metrics HTTP server disabled; /metrics must be exposed by the caller), resource={'telemetry.sdk.language': 'python', 'telemetry.sdk.name': 'opentelemetry', 'telemetry.sdk.version': '1.40.0', 'service.instance.id': 'r0_M20_K10_offline_async_L750_b100', 'service.name': 'unknown_service'} [3m(otel_init.py:114:lmcache.v1.mp_observability.otel_init)[0m
[32;20m[2026-09-20 14:31:46,220] LMCache INFO:[0m Starting L1EvictionController... [3m(eviction_controller.py:53:lmcache.v1.distributed.storage_controllers.eviction_controller)[0m
[32;20m[2026-09-20 14:31:46,220] LMCache INFO:[0m Starting L2EvictionController... [3m(eviction_controller.py:250:lmcache.v1.distributed.storage_controllers.eviction_controller)[0m
[32;20m[2026-09-20 14:31:46,221] LMCache INFO:[0m Starting StoreController... [3m(store_controller.py:305:lmcache.v1.distributed.storage_controllers.store_controller)[0m
[32;20m[2026-09-20 14:31:46,221] LMCache INFO:[0m Starting PrefetchController... [3m(prefetch_controller.py:596:lmcache.v1.distributed.storage_controllers.prefetch_controller)[0m
[32;20m[2026-09-20 14:31:46,222] LMCache INFO:[0m Using blake3 hash function [3m(token_hasher.py:79:lmcache.v1.multiprocess.token_hasher)[0m
[32;20m[2026-09-20 14:31:46,223] LMCache INFO:[0m Computed NONE_HASH=b"~>\xff\x9e\xf7a:P4\x0e\xb1&w\xee\x03\xb8:\xc7Y\xfc\xba\x9b\xb3'\x05\xf0rH\xd5mG;" using hash function [3m(token_hasher.py:180:lmcache.v1.multiprocess.token_hasher)[0m
[32;20m[2026-09-20 14:31:46,223] LMCache INFO:[0m TokenHasher initialized: chunk_size=16, hash_algorithm=blake3 [3m(token_hasher.py:67:lmcache.v1.multiprocess.token_hasher)[0m
[32;20m[2026-09-20 14:31:46,223] LMCache INFO:[0m PeriodicThread SessionManager-cleanup-thread-7a80afb22510 entering main loop (interval=60.0s) [3m(periodic_thread.py:304:lmcache.v1.periodic_thread)[0m
[32;20m[2026-09-20 14:31:46,224] LMCache INFO:[0m Started PeriodicThread: SessionManager-cleanup-thread-7a80afb22510 (level=medium, interval=60.0s, init_wait=0.0s) [3m(periodic_thread.py:248:lmcache.v1.periodic_thread)[0m
[32;20m[2026-09-20 14:31:46,224] LMCache INFO:[0m PeriodicThread DeviceHostFuncDispatcher entering main loop (interval=0.0s) [3m(periodic_thread.py:304:lmcache.v1.periodic_thread)[0m
[32;20m[2026-09-20 14:31:46,224] LMCache INFO:[0m Started PeriodicThread: DeviceHostFuncDispatcher (level=high, interval=0.0s, init_wait=0.0s) [3m(periodic_thread.py:248:lmcache.v1.periodic_thread)[0m
[32;20m[2026-09-20 14:31:46,225] LMCache INFO:[0m Supported transfer mode: auto [3m(server.py:219:lmcache.v1.multiprocess.server)[0m
[32;20m[2026-09-20 14:31:46,225] LMCache INFO:[0m PeriodicThread lmcache-mp-worker-reaper entering main loop (interval=30.0s) [3m(periodic_thread.py:304:lmcache.v1.periodic_thread)[0m
[32;20m[2026-09-20 14:31:46,225] LMCache INFO:[0m Started PeriodicThread: lmcache-mp-worker-reaper (level=medium, interval=30.0s, init_wait=0.0s) [3m(periodic_thread.py:248:lmcache.v1.periodic_thread)[0m
[32;20m[2026-09-20 14:31:46,228] LMCache INFO:[0m Created AffinityThreadPool 'affinity-pool-0' with 1 worker slots: up to 1 distinct affinity keys each bind to their own thread before slots are shared. Compare this against the number of clients expected to connect to confirm routing. [3m(affinity_pool.py:60:lmcache.v1.multiprocess.affinity_pool)[0m
[32;20m[2026-09-20 14:31:46,228] LMCache INFO:[0m LMCache ZMQ cache server is running on tcp://127.0.0.1:18001 [3m(server.py:452:lmcache.v1.multiprocess.server)[0m
[32;20m[2026-09-20 14:31:46,228] LMCache INFO:[0m LMCache cache server is running... [3m(server.py:467:lmcache.v1.multiprocess.server)[0m
[32;20m[2026-09-20 14:31:46,228] LMCache INFO:[0m LMCache HTTP server initialized [3m(http_server.py:163:lmcache.v1.multiprocess.http_server)[0m
INFO:     Application startup complete.
INFO:     Uvicorn running on http://0.0.0.0:18002 (Press CTRL+C to quit)
INFO:     127.0.0.1:48446 - "GET /healthcheck HTTP/1.1" 200 OK
[32;20m[2026-09-20 14:31:56,222] LMCache INFO:[0m L1 memory usage: 0.00/0.50 GiB (0.0%) [3m(eviction_controller.py:153:lmcache.v1.distributed.storage_controllers.eviction_controller)[0m
[32;20m[2026-09-20 14:32:06,224] LMCache INFO:[0m L1 memory usage: 0.00/0.50 GiB (0.0%) [3m(eviction_controller.py:153:lmcache.v1.distributed.storage_controllers.eviction_controller)[0m
[32;20m[2026-09-20 14:32:16,227] LMCache INFO:[0m L1 memory usage: 0.00/0.50 GiB (0.0%) [3m(eviction_controller.py:153:lmcache.v1.distributed.storage_controllers.eviction_controller)[0m
[32;20m[2026-09-20 14:32:26,229] LMCache INFO:[0m L1 memory usage: 0.00/0.50 GiB (0.0%) [3m(eviction_controller.py:153:lmcache.v1.distributed.storage_controllers.eviction_controller)[0m
[32;20m[2026-09-20 14:32:36,231] LMCache INFO:[0m L1 memory usage: 0.00/0.50 GiB (0.0%) [3m(eviction_controller.py:153:lmcache.v1.distributed.storage_controllers.eviction_controller)[0m
[32;20m[2026-09-20 14:32:46,233] LMCache INFO:[0m L1 memory usage: 0.00/0.50 GiB (0.0%) [3m(eviction_controller.py:153:lmcache.v1.distributed.storage_controllers.eviction_controller)[0m
[32;20m[2026-09-20 14:32:49,960] LMCache INFO:[0m Engine KV Format: EngineKVFormat.NL_X_NB_BS_NH_CS NL x [NB, BS, NH, CS] [3m(detection.py:69:lmcache.v1.gpu_connector.kv_format.detection)[0m
[32;20m[2026-09-20 14:32:49,961] LMCache INFO:[0m Engine KV Format: EngineKVFormat.NL_X_NB_BS_NH_CS NL x [NB, BS, NH, CS] [3m(detection.py:69:lmcache.v1.gpu_connector.kv_format.detection)[0m
[32;20m[2026-09-20 14:32:49,961] LMCache INFO:[0m Group 0 first-layer tensor: layer_idx=0 shape=(20117, 16, 2, 256) stride=(8192, 512, 256, 1) is_contiguous=True dtype=torch.float16 device=cuda:0 storage_offset=0 numel=164798464 storage_nbytes=329596928 padding_per_block=0 [3m(utils.py:596:lmcache.v1.gpu_connector.utils)[0m
[32;20m[2026-09-20 14:32:49,961] LMCache INFO:[0m KV layer groups: ---
KernelGroupInfo(layers=28, indices=0-27, shape_desc=(kv=1, nl=28, nb=20117, bs=16, nh=2, hs=256, element_size=2, block_stride_elems=0), dtype=torch.float16, tokens_per_block=16, slots_per_block=16, engine_group_idx=0, sw_size_tokens=-1)
--- [3m(kv_layer_groups.py:437:lmcache.v1.kv_layer_groups)[0m
/usr/local/lib/python3.12/dist-packages/cupy/_environment.py:677: UserWarning: 
--------------------------------------------------------------------------------

  CuPy may not function correctly because multiple CuPy packages are installed
  in your environment:

    cupy-cuda12x, cupy-cuda13x

  Follow these steps to resolve this issue:

    1. For all packages listed above, run the following command to remove all
       existing CuPy installations:

         $ pip uninstall <package_name>

      If you previously installed CuPy via conda, also run the following:

         $ conda uninstall cupy

    2. Install the appropriate CuPy package.
       Refer to the Installation Guide for detailed instructions.

         https://docs.cupy.dev/en/stable/install.html

--------------------------------------------------------------------------------

  warnings.warn(f'''
[32;20m[2026-09-20 14:32:50,065] LMCache INFO:[0m Registered KV cache for GPU ID 2129236131553430942 with 28 layers [3m(lmcache_driven_transfer.py:964:lmcache.v1.multiprocess.modules.lmcache_driven_transfer)[0m
[32;20m[2026-09-20 14:32:50,066] LMCache INFO:[0m Initialized cuda stream on device cuda:0 [3m(cache_context.py:430:lmcache.v1.platform.cuda.cache_context)[0m
[32;20m[2026-09-20 14:32:56,235] LMCache INFO:[0m L1 memory usage: 0.00/0.50 GiB (0.0%) [3m(eviction_controller.py:153:lmcache.v1.distributed.storage_controllers.eviction_controller)[0m
[32;20m[2026-09-20 14:32:57,511] LMCache INFO:[0m AffinityThreadPool: affinity_key=-7489921690173773951 assigned to worker slot 0 of 1 (thread affinity-pool-0-0); 1 distinct key(s) now bound [3m(affinity_pool.py:108:lmcache.v1.multiprocess.affinity_pool)[0m
[32;20m[2026-09-20 14:32:57,611] LMCache INFO:[0m Stored 384 tokens in 0.100 seconds [3m(lmcache_driven_transfer.py:1218:lmcache.v1.multiprocess.modules.lmcache_driven_transfer)[0m
[32;20m[2026-09-20 14:32:57,657] LMCache INFO:[0m Stored 384 tokens in 0.003 seconds [3m(lmcache_driven_transfer.py:1218:lmcache.v1.multiprocess.modules.lmcache_driven_transfer)[0m
[32;20m[2026-09-20 14:32:57,789] LMCache INFO:[0m Stored 384 tokens in 0.003 seconds [3m(lmcache_driven_transfer.py:1218:lmcache.v1.multiprocess.modules.lmcache_driven_transfer)[0m
[32;20m[2026-09-20 14:32:57,877] LMCache INFO:[0m Stored 384 tokens in 0.003 seconds [3m(lmcache_driven_transfer.py:1218:lmcache.v1.multiprocess.modules.lmcache_driven_transfer)[0m
[32;20m[2026-09-20 14:32:57,965] LMCache INFO:[0m Stored 384 tokens in 0.003 seconds [3m(lmcache_driven_transfer.py:1218:lmcache.v1.multiprocess.modules.lmcache_driven_transfer)[0m
[32;20m[2026-09-20 14:32:58,051] LMCache INFO:[0m Stored 384 tokens in 0.003 seconds [3m(lmcache_driven_transfer.py:1218:lmcache.v1.multiprocess.modules.lmcache_driven_transfer)[0m
[32;20m[2026-09-20 14:32:58,136] LMCache INFO:[0m Stored 368 tokens in 0.003 seconds [3m(lmcache_driven_transfer.py:1218:lmcache.v1.multiprocess.modules.lmcache_driven_transfer)[0m
[32;20m[2026-09-20 14:32:58,226] LMCache INFO:[0m Stored 384 tokens in 0.003 seconds [3m(lmcache_driven_transfer.py:1218:lmcache.v1.multiprocess.modules.lmcache_driven_transfer)[0m
[32;20m[2026-09-20 14:32:58,311] LMCache INFO:[0m Stored 320 tokens in 0.003 seconds [3m(lmcache_driven_transfer.py:1218:lmcache.v1.multiprocess.modules.lmcache_driven_transfer)[0m
[32;20m[2026-09-20 14:32:58,390] LMCache INFO:[0m Stored 384 tokens in 0.003 seconds [3m(lmcache_driven_transfer.py:1218:lmcache.v1.multiprocess.modules.lmcache_driven_transfer)[0m
[32;20m[2026-09-20 14:32:58,423] LMCache INFO:[0m Prefetch request completed (L1+L2): 24/24 retained keys (24 L1, 0 L2) in 1.1 ms (external_request_id=cmpl-8b8a56fcfb3bc1b0-0-92ebcf24, prefetch_request_id=-1) [3m(storage_manager.py:716:lmcache.v1.distributed.storage_manager)[0m
[32;20m[2026-09-20 14:32:58,429] LMCache INFO:[0m Retrieved 384 tokens in 0.002 seconds [3m(lmcache_driven_transfer.py:1427:lmcache.v1.multiprocess.modules.lmcache_driven_transfer)[0m
[32;20m[2026-09-20 14:32:58,540] LMCache INFO:[0m Stored 384 tokens in 0.004 seconds [3m(lmcache_driven_transfer.py:1218:lmcache.v1.multiprocess.modules.lmcache_driven_transfer)[0m
[32;20m[2026-09-20 14:32:58,543] LMCache INFO:[0m Stored 384 tokens in 0.003 seconds [3m(lmcache_driven_transfer.py:1218:lmcache.v1.multiprocess.modules.lmcache_driven_transfer)[0m
[32;20m[2026-09-20 14:32:58,686] LMCache INFO:[0m Stored 384 tokens in 0.003 seconds [3m(lmcache_driven_transfer.py:1218:lmcache.v1.multiprocess.modules.lmcache_driven_transfer)[0m
[32;20m[2026-09-20 14:32:58,777] LMCache INFO:[0m Stored 384 tokens in 0.003 seconds [3m(lmcache_driven_transfer.py:1218:lmcache.v1.multiprocess.modules.lmcache_driven_transfer)[0m
[32;20m[2026-09-20 14:32:58,862] LMCache INFO:[0m Stored 384 tokens in 0.003 seconds [3m(lmcache_driven_transfer.py:1218:lmcache.v1.multiprocess.modules.lmcache_driven_transfer)[0m
[32;20m[2026-09-20 14:32:58,952] LMCache INFO:[0m Stored 384 tokens in 0.003 seconds [3m(lmcache_driven_transfer.py:1218:lmcache.v1.multiprocess.modules.lmcache_driven_transfer)[0m
[32;20m[2026-09-20 14:32:59,036] LMCache INFO:[0m Stored 336 tokens in 0.002 seconds [3m(lmcache_driven_transfer.py:1218:lmcache.v1.multiprocess.modules.lmcache_driven_transfer)[0m
[32;20m[2026-09-20 14:32:59,120] LMCache INFO:[0m Stored 384 tokens in 0.003 seconds [3m(lmcache_driven_transfer.py:1218:lmcache.v1.multiprocess.modules.lmcache_driven_transfer)[0m
[32;20m[2026-09-20 14:32:59,208] LMCache INFO:[0m Stored 384 tokens in 0.003 seconds [3m(lmcache_driven_transfer.py:1218:lmcache.v1.multiprocess.modules.lmcache_driven_transfer)[0m
[32;20m[2026-09-20 14:32:59,293] LMCache INFO:[0m Stored 384 tokens in 0.003 seconds [3m(lmcache_driven_transfer.py:1218:lmcache.v1.multiprocess.modules.lmcache_driven_transfer)[0m
[32;20m[2026-09-20 14:32:59,381] LMCache INFO:[0m Stored 368 tokens in 0.003 seconds [3m(lmcache_driven_transfer.py:1218:lmcache.v1.multiprocess.modules.lmcache_driven_transfer)[0m
[32;20m[2026-09-20 14:32:59,426] LMCache INFO:[0m Prefetch request completed (L1+L2): 24/24 retained keys (24 L1, 0 L2) in 1.1 ms (external_request_id=cmpl-a5f1b94cc830071e-0-9596e577, prefetch_request_id=-1) [3m(storage_manager.py:716:lmcache.v1.distributed.storage_manager)[0m
[32;20m[2026-09-20 14:32:59,432] LMCache INFO:[0m Retrieved 384 tokens in 0.002 seconds [3m(lmcache_driven_transfer.py:1427:lmcache.v1.multiprocess.modules.lmcache_driven_transfer)[0m
[32;20m[2026-09-20 14:32:59,542] LMCache INFO:[0m Stored 368 tokens in 0.003 seconds [3m(lmcache_driven_transfer.py:1218:lmcache.v1.multiprocess.modules.lmcache_driven_transfer)[0m
[32;20m[2026-09-20 14:32:59,616] LMCache INFO:[0m Stored 384 tokens in 0.003 seconds [3m(lmcache_driven_transfer.py:1218:lmcache.v1.multiprocess.modules.lmcache_driven_transfer)[0m
[32;20m[2026-09-20 14:32:59,703] LMCache INFO:[0m Stored 384 tokens in 0.003 seconds [3m(lmcache_driven_transfer.py:1218:lmcache.v1.multiprocess.modules.lmcache_driven_transfer)[0m
[32;20m[2026-09-20 14:32:59,796] LMCache INFO:[0m Stored 384 tokens in 0.003 seconds [3m(lmcache_driven_transfer.py:1218:lmcache.v1.multiprocess.modules.lmcache_driven_transfer)[0m
[32;20m[2026-09-20 14:32:59,880] LMCache INFO:[0m Stored 384 tokens in 0.003 seconds [3m(lmcache_driven_transfer.py:1218:lmcache.v1.multiprocess.modules.lmcache_driven_transfer)[0m
[32;20m[2026-09-20 14:32:59,965] LMCache INFO:[0m Stored 384 tokens in 0.003 seconds [3m(lmcache_driven_transfer.py:1218:lmcache.v1.multiprocess.modules.lmcache_driven_transfer)[0m
[32;20m[2026-09-20 14:33:00,051] LMCache INFO:[0m Stored 384 tokens in 0.003 seconds [3m(lmcache_driven_transfer.py:1218:lmcache.v1.multiprocess.modules.lmcache_driven_transfer)[0m
[32;20m[2026-09-20 14:33:00,140] LMCache INFO:[0m Stored 384 tokens in 0.003 seconds [3m(lmcache_driven_transfer.py:1218:lmcache.v1.multiprocess.modules.lmcache_driven_transfer)[0m
[32;20m[2026-09-20 14:33:00,224] LMCache INFO:[0m Stored 384 tokens in 0.003 seconds [3m(lmcache_driven_transfer.py:1218:lmcache.v1.multiprocess.modules.lmcache_driven_transfer)[0m
[32;20m[2026-09-20 14:33:00,308] LMCache INFO:[0m Stored 128 tokens in 0.003 seconds [3m(lmcache_driven_transfer.py:1218:lmcache.v1.multiprocess.modules.lmcache_driven_transfer)[0m
[32;20m[2026-09-20 14:33:00,357] LMCache INFO:[0m Stored 384 tokens in 0.003 seconds [3m(lmcache_driven_transfer.py:1218:lmcache.v1.multiprocess.modules.lmcache_driven_transfer)[0m
[32;20m[2026-09-20 14:33:00,414] LMCache INFO:[0m Prefetch request completed (L1+L2): 24/24 retained keys (24 L1, 0 L2) in 1.2 ms (external_request_id=cmpl-b4983ab1b713c460-0-ace90dbe, prefetch_request_id=-1) [3m(storage_manager.py:716:lmcache.v1.distributed.storage_manager)[0m
[32;20m[2026-09-20 14:33:00,418] LMCache INFO:[0m Retrieved 384 tokens in 0.002 seconds [3m(lmcache_driven_transfer.py:1427:lmcache.v1.multiprocess.modules.lmcache_driven_transfer)[0m
[32;20m[2026-09-20 14:33:00,524] LMCache INFO:[0m Stored 384 tokens in 0.003 seconds [3m(lmcache_driven_transfer.py:1218:lmcache.v1.multiprocess.modules.lmcache_driven_transfer)[0m
[32;20m[2026-09-20 14:33:00,601] LMCache INFO:[0m Stored 384 tokens in 0.003 seconds [3m(lmcache_driven_transfer.py:1218:lmcache.v1.multiprocess.modules.lmcache_driven_transfer)[0m
[32;20m[2026-09-20 14:33:00,685] LMCache INFO:[0m Stored 384 tokens in 0.003 seconds [3m(lmcache_driven_transfer.py:1218:lmcache.v1.multiprocess.modules.lmcache_driven_transfer)[0m
[32;20m[2026-09-20 14:33:00,773] LMCache INFO:[0m Stored 384 tokens in 0.003 seconds [3m(lmcache_driven_transfer.py:1218:lmcache.v1.multiprocess.modules.lmcache_driven_transfer)[0m
[32;20m[2026-09-20 14:33:00,858] LMCache INFO:[0m Stored 384 tokens in 0.003 seconds [3m(lmcache_driven_transfer.py:1218:lmcache.v1.multiprocess.modules.lmcache_driven_transfer)[0m
[32;20m[2026-09-20 14:33:00,943] LMCache INFO:[0m Stored 384 tokens in 0.003 seconds [3m(lmcache_driven_transfer.py:1218:lmcache.v1.multiprocess.modules.lmcache_driven_transfer)[0m
[32;20m[2026-09-20 14:33:01,031] LMCache INFO:[0m Stored 384 tokens in 0.003 seconds [3m(lmcache_driven_transfer.py:1218:lmcache.v1.multiprocess.modules.lmcache_driven_transfer)[0m
[32;20m[2026-09-20 14:33:01,120] LMCache INFO:[0m Stored 384 tokens in 0.003 seconds [3m(lmcache_driven_transfer.py:1218:lmcache.v1.multiprocess.modules.lmcache_driven_transfer)[0m
[32;20m[2026-09-20 14:33:01,209] LMCache INFO:[0m Stored 384 tokens in 0.003 seconds [3m(lmcache_driven_transfer.py:1218:lmcache.v1.multiprocess.modules.lmcache_driven_transfer)[0m
[32;20m[2026-09-20 14:33:01,236] LMCache INFO:[0m L1 memory usage 0.82 above watermark 0.80; triggering eviction. [3m(eviction_controller.py:179:lmcache.v1.distributed.storage_controllers.eviction_controller)[0m
[32;20m[2026-09-20 14:33:01,297] LMCache INFO:[0m Stored 384 tokens in 0.003 seconds [3m(lmcache_driven_transfer.py:1218:lmcache.v1.multiprocess.modules.lmcache_driven_transfer)[0m
[32;20m[2026-09-20 14:33:01,391] LMCache INFO:[0m Stored 64 tokens in 0.003 seconds [3m(lmcache_driven_transfer.py:1218:lmcache.v1.multiprocess.modules.lmcache_driven_transfer)[0m
[32;20m[2026-09-20 14:33:01,398] LMCache INFO:[0m Prefetch request completed (L1+L2): 24/24 retained keys (24 L1, 0 L2) in 1.1 ms (external_request_id=cmpl-b435f61451781797-0-b53105ab, prefetch_request_id=-1) [3m(storage_manager.py:716:lmcache.v1.distributed.storage_manager)[0m
[32;20m[2026-09-20 14:33:01,403] LMCache INFO:[0m Retrieved 384 tokens in 0.002 seconds [3m(lmcache_driven_transfer.py:1427:lmcache.v1.multiprocess.modules.lmcache_driven_transfer)[0m
[32;20m[2026-09-20 14:33:01,512] LMCache INFO:[0m Stored 384 tokens in 0.003 seconds [3m(lmcache_driven_transfer.py:1218:lmcache.v1.multiprocess.modules.lmcache_driven_transfer)[0m
[32;20m[2026-09-20 14:33:01,585] LMCache INFO:[0m Stored 384 tokens in 0.003 seconds [3m(lmcache_driven_transfer.py:1218:lmcache.v1.multiprocess.modules.lmcache_driven_transfer)[0m
[32;20m[2026-09-20 14:33:01,674] LMCache INFO:[0m Stored 384 tokens in 0.003 seconds [3m(lmcache_driven_transfer.py:1218:lmcache.v1.multiprocess.modules.lmcache_driven_transfer)[0m
[32;20m[2026-09-20 14:33:01,763] LMCache INFO:[0m Stored 384 tokens in 0.003 seconds [3m(lmcache_driven_transfer.py:1218:lmcache.v1.multiprocess.modules.lmcache_driven_transfer)[0m
[32;20m[2026-09-20 14:33:01,853] LMCache INFO:[0m Stored 384 tokens in 0.003 seconds [3m(lmcache_driven_transfer.py:1218:lmcache.v1.multiprocess.modules.lmcache_driven_transfer)[0m
[32;20m[2026-09-20 14:33:01,944] LMCache INFO:[0m Stored 384 tokens in 0.003 seconds [3m(lmcache_driven_transfer.py:1218:lmcache.v1.multiprocess.modules.lmcache_driven_transfer)[0m
[32;20m[2026-09-20 14:33:02,030] LMCache INFO:[0m Stored 384 tokens in 0.003 seconds [3m(lmcache_driven_transfer.py:1218:lmcache.v1.multiprocess.modules.lmcache_driven_transfer)[0m
[32;20m[2026-09-20 14:33:02,116] LMCache INFO:[0m Stored 384 tokens in 0.003 seconds [3m(lmcache_driven_transfer.py:1218:lmcache.v1.multiprocess.modules.lmcache_driven_transfer)[0m
[32;20m[2026-09-20 14:33:02,204] LMCache INFO:[0m Stored 384 tokens in 0.003 seconds [3m(lmcache_driven_transfer.py:1218:lmcache.v1.multiprocess.modules.lmcache_driven_transfer)[0m
[32;20m[2026-09-20 14:33:02,242] LMCache INFO:[0m L1 memory usage 0.87 above watermark 0.80; triggering eviction. [3m(eviction_controller.py:179:lmcache.v1.distributed.storage_controllers.eviction_controller)[0m
[32;20m[2026-09-20 14:33:02,293] LMCache INFO:[0m Stored 384 tokens in 0.003 seconds [3m(lmcache_driven_transfer.py:1218:lmcache.v1.multiprocess.modules.lmcache_driven_transfer)[0m
[32;20m[2026-09-20 14:33:02,385] LMCache INFO:[0m Stored 384 tokens in 0.004 seconds [3m(lmcache_driven_transfer.py:1218:lmcache.v1.multiprocess.modules.lmcache_driven_transfer)[0m
[32;20m[2026-09-20 14:33:02,423] LMCache INFO:[0m Prefetch request completed (L1+L2): 24/24 retained keys (24 L1, 0 L2) in 1.1 ms (external_request_id=cmpl-99385bb846dfcc60-0-beaa7c68, prefetch_request_id=-1) [3m(storage_manager.py:716:lmcache.v1.distributed.storage_manager)[0m
[32;20m[2026-09-20 14:33:02,428] LMCache INFO:[0m Retrieved 384 tokens in 0.002 seconds [3m(lmcache_driven_transfer.py:1427:lmcache.v1.multiprocess.modules.lmcache_driven_transfer)[0m
[32;20m[2026-09-20 14:33:02,540] LMCache INFO:[0m Stored 384 tokens in 0.003 seconds [3m(lmcache_driven_transfer.py:1218:lmcache.v1.multiprocess.modules.lmcache_driven_transfer)[0m
[32;20m[2026-09-20 14:33:02,615] LMCache INFO:[0m Stored 384 tokens in 0.003 seconds [3m(lmcache_driven_transfer.py:1218:lmcache.v1.multiprocess.modules.lmcache_driven_transfer)[0m
[32;20m[2026-09-20 14:33:02,702] LMCache INFO:[0m Stored 384 tokens in 0.003 seconds [3m(lmcache_driven_transfer.py:1218:lmcache.v1.multiprocess.modules.lmcache_driven_transfer)[0m
[32;20m[2026-09-20 14:33:02,792] LMCache INFO:[0m Stored 384 tokens in 0.003 seconds [3m(lmcache_driven_transfer.py:1218:lmcache.v1.multiprocess.modules.lmcache_driven_transfer)[0m
[32;20m[2026-09-20 14:33:02,877] LMCache INFO:[0m Stored 368 tokens in 0.003 seconds [3m(lmcache_driven_transfer.py:1218:lmcache.v1.multiprocess.modules.lmcache_driven_transfer)[0m
[32;20m[2026-09-20 14:33:02,966] LMCache INFO:[0m Stored 384 tokens in 0.004 seconds [3m(lmcache_driven_transfer.py:1218:lmcache.v1.multiprocess.modules.lmcache_driven_transfer)[0m
[32;20m[2026-09-20 14:33:03,054] LMCache INFO:[0m Stored 384 tokens in 0.003 seconds [3m(lmcache_driven_transfer.py:1218:lmcache.v1.multiprocess.modules.lmcache_driven_transfer)[0m
[32;20m[2026-09-20 14:33:03,140] LMCache INFO:[0m Stored 384 tokens in 0.003 seconds [3m(lmcache_driven_transfer.py:1218:lmcache.v1.multiprocess.modules.lmcache_driven_transfer)[0m
[32;20m[2026-09-20 14:33:03,228] LMCache INFO:[0m Stored 384 tokens in 0.003 seconds [3m(lmcache_driven_transfer.py:1218:lmcache.v1.multiprocess.modules.lmcache_driven_transfer)[0m
[32;20m[2026-09-20 14:33:03,250] LMCache INFO:[0m L1 memory usage 0.92 above watermark 0.80; triggering eviction. [3m(eviction_controller.py:179:lmcache.v1.distributed.storage_controllers.eviction_controller)[0m
[32;20m[2026-09-20 14:33:03,313] LMCache INFO:[0m Stored 384 tokens in 0.003 seconds [3m(lmcache_driven_transfer.py:1218:lmcache.v1.multiprocess.modules.lmcache_driven_transfer)[0m
[32;20m[2026-09-20 14:33:03,354] LMCache INFO:[0m Prefetch request completed (L1+L2): 24/24 retained keys (24 L1, 0 L2) in 1.4 ms (external_request_id=cmpl-a304da4f011dad99-0-9741e429, prefetch_request_id=-1) [3m(storage_manager.py:716:lmcache.v1.distributed.storage_manager)[0m
[32;20m[2026-09-20 14:33:03,359] LMCache INFO:[0m Retrieved 384 tokens in 0.002 seconds [3m(lmcache_driven_transfer.py:1427:lmcache.v1.multiprocess.modules.lmcache_driven_transfer)[0m
[32;20m[2026-09-20 14:33:03,471] LMCache INFO:[0m Stored 384 tokens in 0.003 seconds [3m(lmcache_driven_transfer.py:1218:lmcache.v1.multiprocess.modules.lmcache_driven_transfer)[0m
[32;20m[2026-09-20 14:33:03,548] LMCache INFO:[0m Stored 384 tokens in 0.003 seconds [3m(lmcache_driven_transfer.py:1218:lmcache.v1.multiprocess.modules.lmcache_driven_transfer)[0m
[32;20m[2026-09-20 14:33:03,640] LMCache INFO:[0m Stored 384 tokens in 0.003 seconds [3m(lmcache_driven_transfer.py:1218:lmcache.v1.multiprocess.modules.lmcache_driven_transfer)[0m
[32;20m[2026-09-20 14:33:03,730] LMCache INFO:[0m Stored 384 tokens in 0.003 seconds [3m(lmcache_driven_transfer.py:1218:lmcache.v1.multiprocess.modules.lmcache_driven_transfer)[0m
[32;20m[2026-09-20 14:33:03,816] LMCache INFO:[0m Stored 384 tokens in 0.003 seconds [3m(lmcache_driven_transfer.py:1218:lmcache.v1.multiprocess.modules.lmcache_driven_transfer)[0m
[32;20m[2026-09-20 14:33:03,910] LMCache INFO:[0m Stored 384 tokens in 0.003 seconds [3m(lmcache_driven_transfer.py:1218:lmcache.v1.multiprocess.modules.lmcache_driven_transfer)[0m
[32;20m[2026-09-20 14:33:04,005] LMCache INFO:[0m Stored 384 tokens in 0.003 seconds [3m(lmcache_driven_transfer.py:1218:lmcache.v1.multiprocess.modules.lmcache_driven_transfer)[0m
[32;20m[2026-09-20 14:33:04,088] LMCache INFO:[0m Stored 384 tokens in 0.003 seconds [3m(lmcache_driven_transfer.py:1218:lmcache.v1.multiprocess.modules.lmcache_driven_transfer)[0m
[32;20m[2026-09-20 14:33:04,175] LMCache INFO:[0m Stored 384 tokens in 0.003 seconds [3m(lmcache_driven_transfer.py:1218:lmcache.v1.multiprocess.modules.lmcache_driven_transfer)[0m
[32;20m[2026-09-20 14:33:04,255] LMCache INFO:[0m L1 memory usage 0.95 above watermark 0.80; triggering eviction. [3m(eviction_controller.py:179:lmcache.v1.distributed.storage_controllers.eviction_controller)[0m
[32;20m[2026-09-20 14:33:04,267] LMCache INFO:[0m Stored 384 tokens in 0.004 seconds [3m(lmcache_driven_transfer.py:1218:lmcache.v1.multiprocess.modules.lmcache_driven_transfer)[0m
[32;20m[2026-09-20 14:33:04,358] LMCache INFO:[0m Stored 384 tokens in 0.003 seconds [3m(lmcache_driven_transfer.py:1218:lmcache.v1.multiprocess.modules.lmcache_driven_transfer)[0m
[32;20m[2026-09-20 14:33:04,452] LMCache INFO:[0m Stored 384 tokens in 0.003 seconds [3m(lmcache_driven_transfer.py:1218:lmcache.v1.multiprocess.modules.lmcache_driven_transfer)[0m
[32;20m[2026-09-20 14:33:04,528] LMCache INFO:[0m Stored 368 tokens in 0.003 seconds [3m(lmcache_driven_transfer.py:1218:lmcache.v1.multiprocess.modules.lmcache_driven_transfer)[0m
[32;20m[2026-09-20 14:33:04,616] LMCache INFO:[0m Stored 384 tokens in 0.003 seconds [3m(lmcache_driven_transfer.py:1218:lmcache.v1.multiprocess.modules.lmcache_driven_transfer)[0m
[32;20m[2026-09-20 14:33:04,705] LMCache INFO:[0m Stored 384 tokens in 0.003 seconds [3m(lmcache_driven_transfer.py:1218:lmcache.v1.multiprocess.modules.lmcache_driven_transfer)[0m
[32;20m[2026-09-20 14:33:04,795] LMCache INFO:[0m Stored 384 tokens in 0.002 seconds [3m(lmcache_driven_transfer.py:1218:lmcache.v1.multiprocess.modules.lmcache_driven_transfer)[0m
[32;20m[2026-09-20 14:33:04,882] LMCache INFO:[0m Stored 384 tokens in 0.003 seconds [3m(lmcache_driven_transfer.py:1218:lmcache.v1.multiprocess.modules.lmcache_driven_transfer)[0m
[32;20m[2026-09-20 14:33:04,973] LMCache INFO:[0m Stored 368 tokens in 0.003 seconds [3m(lmcache_driven_transfer.py:1218:lmcache.v1.multiprocess.modules.lmcache_driven_transfer)[0m
[32;20m[2026-09-20 14:33:05,063] LMCache INFO:[0m Stored 384 tokens in 0.003 seconds [3m(lmcache_driven_transfer.py:1218:lmcache.v1.multiprocess.modules.lmcache_driven_transfer)[0m
[32;20m[2026-09-20 14:33:05,150] LMCache INFO:[0m Stored 384 tokens in 0.003 seconds [3m(lmcache_driven_transfer.py:1218:lmcache.v1.multiprocess.modules.lmcache_driven_transfer)[0m
[33;20m[2026-09-20 14:33:05,236] LMCache WARNING:[0m Failed to batched allocate 24 memory blocks of size 458752 because no enough memory is available (short by 1 blocks) [3m(memory_management.py:1490:lmcache.v1.memory_management)[0m
[32;20m[2026-09-20 14:33:05,265] LMCache INFO:[0m L1 memory usage 0.98 above watermark 0.80; triggering eviction. [3m(eviction_controller.py:179:lmcache.v1.distributed.storage_controllers.eviction_controller)[0m
[32;20m[2026-09-20 14:33:05,283] LMCache INFO:[0m Prefetch request completed (L1+L2): 23/23 retained keys (23 L1, 0 L2) in 1.4 ms (external_request_id=cmpl-9e0bf5f76e59614e-0-bfe79c3b, prefetch_request_id=-1) [3m(storage_manager.py:716:lmcache.v1.distributed.storage_manager)[0m
[32;20m[2026-09-20 14:33:05,289] LMCache INFO:[0m Retrieved 368 tokens in 0.002 seconds [3m(lmcache_driven_transfer.py:1427:lmcache.v1.multiprocess.modules.lmcache_driven_transfer)[0m
[32;20m[2026-09-20 14:33:05,393] LMCache INFO:[0m Stored 384 tokens in 0.003 seconds [3m(lmcache_driven_transfer.py:1218:lmcache.v1.multiprocess.modules.lmcache_driven_transfer)[0m
[32;20m[2026-09-20 14:33:05,471] LMCache INFO:[0m Stored 368 tokens in 0.003 seconds [3m(lmcache_driven_transfer.py:1218:lmcache.v1.multiprocess.modules.lmcache_driven_transfer)[0m
[32;20m[2026-09-20 14:33:05,562] LMCache INFO:[0m Stored 384 tokens in 0.003 seconds [3m(lmcache_driven_transfer.py:1218:lmcache.v1.multiprocess.modules.lmcache_driven_transfer)[0m
[32;20m[2026-09-20 14:33:05,650] LMCache INFO:[0m Stored 384 tokens in 0.003 seconds [3m(lmcache_driven_transfer.py:1218:lmcache.v1.multiprocess.modules.lmcache_driven_transfer)[0m
[32;20m[2026-09-20 14:33:05,737] LMCache INFO:[0m Stored 384 tokens in 0.003 seconds [3m(lmcache_driven_transfer.py:1218:lmcache.v1.multiprocess.modules.lmcache_driven_transfer)[0m
[32;20m[2026-09-20 14:33:05,823] LMCache INFO:[0m Stored 384 tokens in 0.003 seconds [3m(lmcache_driven_transfer.py:1218:lmcache.v1.multiprocess.modules.lmcache_driven_transfer)[0m
[32;20m[2026-09-20 14:33:05,910] LMCache INFO:[0m Stored 384 tokens in 0.003 seconds [3m(lmcache_driven_transfer.py:1218:lmcache.v1.multiprocess.modules.lmcache_driven_transfer)[0m
[32;20m[2026-09-20 14:33:05,999] LMCache INFO:[0m Stored 384 tokens in 0.003 seconds [3m(lmcache_driven_transfer.py:1218:lmcache.v1.multiprocess.modules.lmcache_driven_transfer)[0m
[32;20m[2026-09-20 14:33:06,089] LMCache INFO:[0m Stored 384 tokens in 0.003 seconds [3m(lmcache_driven_transfer.py:1218:lmcache.v1.multiprocess.modules.lmcache_driven_transfer)[0m
[32;20m[2026-09-20 14:33:06,175] LMCache INFO:[0m Stored 368 tokens in 0.003 seconds [3m(lmcache_driven_transfer.py:1218:lmcache.v1.multiprocess.modules.lmcache_driven_transfer)[0m
[32;20m[2026-09-20 14:33:06,215] LMCache INFO:[0m Prefetch request completed (L1+L2): 24/24 retained keys (24 L1, 0 L2) in 1.1 ms (external_request_id=cmpl-876bc726f4571564-0-bc2de5b8, prefetch_request_id=-1) [3m(storage_manager.py:716:lmcache.v1.distributed.storage_manager)[0m
[32;20m[2026-09-20 14:33:06,220] LMCache INFO:[0m Retrieved 384 tokens in 0.002 seconds [3m(lmcache_driven_transfer.py:1427:lmcache.v1.multiprocess.modules.lmcache_driven_transfer)[0m
[32;20m[2026-09-20 14:33:06,271] LMCache INFO:[0m L1 memory usage: 0.49/0.50 GiB (98.8%) [3m(eviction_controller.py:153:lmcache.v1.distributed.storage_controllers.eviction_controller)[0m
[32;20m[2026-09-20 14:33:06,271] LMCache INFO:[0m L1 memory usage 0.99 above watermark 0.80; triggering eviction. [3m(eviction_controller.py:179:lmcache.v1.distributed.storage_controllers.eviction_controller)[0m
[32;20m[2026-09-20 14:33:06,278] LMCache INFO:[0m L0<->L1 stats [cuda:0] last 10.0s: store ops=95 tokens=35280 size=1.01GB avg_copy=7.20GB/s | retrieve ops=8 tokens=3056 size=0.09GB avg_copy=4.46GB/s [3m(extra_stats.py:159:lmcache.v1.mp_observability.subscribers.logging.extra_stats)[0m
[32;20m[2026-09-20 14:33:06,278] LMCache INFO:[0m L0<->L1 stats [cuda:0] cumulative: store ops=95 tokens=35280 size=1.01GB avg_copy=7.20GB/s | retrieve ops=8 tokens=3056 size=0.09GB avg_copy=4.46GB/s [3m(extra_stats.py:168:lmcache.v1.mp_observability.subscribers.logging.extra_stats)[0m
[32;20m[2026-09-20 14:33:06,332] LMCache INFO:[0m Stored 384 tokens in 0.003 seconds [3m(lmcache_driven_transfer.py:1218:lmcache.v1.multiprocess.modules.lmcache_driven_transfer)[0m
[32;20m[2026-09-20 14:33:06,403] LMCache INFO:[0m Stored 384 tokens in 0.003 seconds [3m(lmcache_driven_transfer.py:1218:lmcache.v1.multiprocess.modules.lmcache_driven_transfer)[0m
[32;20m[2026-09-20 14:33:06,500] LMCache INFO:[0m Stored 384 tokens in 0.003 seconds [3m(lmcache_driven_transfer.py:1218:lmcache.v1.multiprocess.modules.lmcache_driven_transfer)[0m
[32;20m[2026-09-20 14:33:06,589] LMCache INFO:[0m Stored 384 tokens in 0.003 seconds [3m(lmcache_driven_transfer.py:1218:lmcache.v1.multiprocess.modules.lmcache_driven_transfer)[0m
[32;20m[2026-09-20 14:33:06,672] LMCache INFO:[0m Stored 384 tokens in 0.003 seconds [3m(lmcache_driven_transfer.py:1218:lmcache.v1.multiprocess.modules.lmcache_driven_transfer)[0m
[32;20m[2026-09-20 14:33:06,763] LMCache INFO:[0m Stored 384 tokens in 0.003 seconds [3m(lmcache_driven_transfer.py:1218:lmcache.v1.multiprocess.modules.lmcache_driven_transfer)[0m
[32;20m[2026-09-20 14:33:06,850] LMCache INFO:[0m Stored 384 tokens in 0.004 seconds [3m(lmcache_driven_transfer.py:1218:lmcache.v1.multiprocess.modules.lmcache_driven_transfer)[0m
[32;20m[2026-09-20 14:33:06,937] LMCache INFO:[0m Stored 384 tokens in 0.003 seconds [3m(lmcache_driven_transfer.py:1218:lmcache.v1.multiprocess.modules.lmcache_driven_transfer)[0m
[32;20m[2026-09-20 14:33:07,028] LMCache INFO:[0m Stored 384 tokens in 0.003 seconds [3m(lmcache_driven_transfer.py:1218:lmcache.v1.multiprocess.modules.lmcache_driven_transfer)[0m
[32;20m[2026-09-20 14:33:07,118] LMCache INFO:[0m Stored 384 tokens in 0.003 seconds [3m(lmcache_driven_transfer.py:1218:lmcache.v1.multiprocess.modules.lmcache_driven_transfer)[0m
[32;20m[2026-09-20 14:33:07,278] LMCache INFO:[0m L1 memory usage 1.00 above watermark 0.80; triggering eviction. [3m(eviction_controller.py:179:lmcache.v1.distributed.storage_controllers.eviction_controller)[0m
[32;20m[2026-09-20 14:33:07,306] LMCache INFO:[0m Stored 384 tokens in 0.003 seconds [3m(lmcache_driven_transfer.py:1218:lmcache.v1.multiprocess.modules.lmcache_driven_transfer)[0m
[32;20m[2026-09-20 14:33:07,383] LMCache INFO:[0m Stored 384 tokens in 0.003 seconds [3m(lmcache_driven_transfer.py:1218:lmcache.v1.multiprocess.modules.lmcache_driven_transfer)[0m
[32;20m[2026-09-20 14:33:07,472] LMCache INFO:[0m Stored 384 tokens in 0.003 seconds [3m(lmcache_driven_transfer.py:1218:lmcache.v1.multiprocess.modules.lmcache_driven_transfer)[0m
[32;20m[2026-09-20 14:33:07,560] LMCache INFO:[0m Stored 384 tokens in 0.003 seconds [3m(lmcache_driven_transfer.py:1218:lmcache.v1.multiprocess.modules.lmcache_driven_transfer)[0m
[32;20m[2026-09-20 14:33:07,649] LMCache INFO:[0m Stored 384 tokens in 0.003 seconds [3m(lmcache_driven_transfer.py:1218:lmcache.v1.multiprocess.modules.lmcache_driven_transfer)[0m
[32;20m[2026-09-20 14:33:07,738] LMCache INFO:[0m Stored 384 tokens in 0.003 seconds [3m(lmcache_driven_transfer.py:1218:lmcache.v1.multiprocess.modules.lmcache_driven_transfer)[0m
[32;20m[2026-09-20 14:33:07,824] LMCache INFO:[0m Stored 384 tokens in 0.003 seconds [3m(lmcache_driven_transfer.py:1218:lmcache.v1.multiprocess.modules.lmcache_driven_transfer)[0m
[32;20m[2026-09-20 14:33:07,912] LMCache INFO:[0m Stored 384 tokens in 0.003 seconds [3m(lmcache_driven_transfer.py:1218:lmcache.v1.multiprocess.modules.lmcache_driven_transfer)[0m
[32;20m[2026-09-20 14:33:08,002] LMCache INFO:[0m Stored 384 tokens in 0.003 seconds [3m(lmcache_driven_transfer.py:1218:lmcache.v1.multiprocess.modules.lmcache_driven_transfer)[0m
[33;20m[2026-09-20 14:33:08,090] LMCache WARNING:[0m Failed to batched allocate 24 memory blocks of size 458752 because no enough memory is available (short by 2 blocks) [3m(memory_management.py:1490:lmcache.v1.memory_management)[0m
[33;20m[2026-09-20 14:33:08,180] LMCache WARNING:[0m Failed to batched allocate 24 memory blocks of size 458752 because no enough memory is available (short by 2 blocks) [3m(memory_management.py:1490:lmcache.v1.memory_management)[0m
[32;20m[2026-09-20 14:33:08,223] LMCache INFO:[0m Prefetch request completed (L1+L2): 24/24 retained keys (24 L1, 0 L2) in 1.3 ms (external_request_id=cmpl-9609c0e72d328929-0-ae432416, prefetch_request_id=-1) [3m(storage_manager.py:716:lmcache.v1.distributed.storage_manager)[0m
[32;20m[2026-09-20 14:33:08,227] LMCache INFO:[0m Retrieved 384 tokens in 0.002 seconds [3m(lmcache_driven_transfer.py:1427:lmcache.v1.multiprocess.modules.lmcache_driven_transfer)[0m
[32;20m[2026-09-20 14:33:08,287] LMCache INFO:[0m L1 memory usage 0.98 above watermark 0.80; triggering eviction. [3m(eviction_controller.py:179:lmcache.v1.distributed.storage_controllers.eviction_controller)[0m
[32;20m[2026-09-20 14:33:08,339] LMCache INFO:[0m Stored 384 tokens in 0.003 seconds [3m(lmcache_driven_transfer.py:1218:lmcache.v1.multiprocess.modules.lmcache_driven_transfer)[0m
[32;20m[2026-09-20 14:33:08,419] LMCache INFO:[0m Stored 384 tokens in 0.003 seconds [3m(lmcache_driven_transfer.py:1218:lmcache.v1.multiprocess.modules.lmcache_driven_transfer)[0m
[32;20m[2026-09-20 14:33:08,504] LMCache INFO:[0m Stored 384 tokens in 0.003 seconds [3m(lmcache_driven_transfer.py:1218:lmcache.v1.multiprocess.modules.lmcache_driven_transfer)[0m
[32;20m[2026-09-20 14:33:08,593] LMCache INFO:[0m Stored 384 tokens in 0.003 seconds [3m(lmcache_driven_transfer.py:1218:lmcache.v1.multiprocess.modules.lmcache_driven_transfer)[0m
[32;20m[2026-09-20 14:33:08,685] LMCache INFO:[0m Stored 384 tokens in 0.003 seconds [3m(lmcache_driven_transfer.py:1218:lmcache.v1.multiprocess.modules.lmcache_driven_transfer)[0m
[32;20m[2026-09-20 14:33:08,778] LMCache INFO:[0m Stored 384 tokens in 0.003 seconds [3m(lmcache_driven_transfer.py:1218:lmcache.v1.multiprocess.modules.lmcache_driven_transfer)[0m
[32;20m[2026-09-20 14:33:08,864] LMCache INFO:[0m Stored 384 tokens in 0.003 seconds [3m(lmcache_driven_transfer.py:1218:lmcache.v1.multiprocess.modules.lmcache_driven_transfer)[0m
[32;20m[2026-09-20 14:33:08,954] LMCache INFO:[0m Stored 384 tokens in 0.003 seconds [3m(lmcache_driven_transfer.py:1218:lmcache.v1.multiprocess.modules.lmcache_driven_transfer)[0m
[32;20m[2026-09-20 14:33:09,042] LMCache INFO:[0m Stored 384 tokens in 0.003 seconds [3m(lmcache_driven_transfer.py:1218:lmcache.v1.multiprocess.modules.lmcache_driven_transfer)[0m
[32;20m[2026-09-20 14:33:09,129] LMCache INFO:[0m Stored 384 tokens in 0.003 seconds [3m(lmcache_driven_transfer.py:1218:lmcache.v1.multiprocess.modules.lmcache_driven_transfer)[0m
[33;20m[2026-09-20 14:33:09,215] LMCache WARNING:[0m Failed to batched allocate 24 memory blocks of size 458752 because no enough memory is available (short by 13 blocks) [3m(memory_management.py:1490:lmcache.v1.memory_management)[0m
[32;20m[2026-09-20 14:33:09,256] LMCache INFO:[0m Prefetch request completed (L1+L2): 24/24 retained keys (24 L1, 0 L2) in 1.4 ms (external_request_id=cmpl-a3b93db368151a85-0-916c0f58, prefetch_request_id=-1) [3m(storage_manager.py:716:lmcache.v1.distributed.storage_manager)[0m
[32;20m[2026-09-20 14:33:09,261] LMCache INFO:[0m Retrieved 384 tokens in 0.002 seconds [3m(lmcache_driven_transfer.py:1427:lmcache.v1.multiprocess.modules.lmcache_driven_transfer)[0m
[32;20m[2026-09-20 14:33:09,294] LMCache INFO:[0m L1 memory usage 0.99 above watermark 0.80; triggering eviction. [3m(eviction_controller.py:179:lmcache.v1.distributed.storage_controllers.eviction_controller)[0m
[32;20m[2026-09-20 14:33:09,331] LMCache INFO:[0m Prefetch request completed (L1+L2): 24/24 retained keys (24 L1, 0 L2) in 1.2 ms (external_request_id=cmpl-a97e862adbcb8168-0-a93c072b, prefetch_request_id=-1) [3m(storage_manager.py:716:lmcache.v1.distributed.storage_manager)[0m
[32;20m[2026-09-20 14:33:09,337] LMCache INFO:[0m Prefetch request completed (L1+L2): 24/24 retained keys (24 L1, 0 L2) in 1.6 ms (external_request_id=cmpl-b9540bd67b4daa36-0-aabc3d58, prefetch_request_id=-1) [3m(storage_manager.py:716:lmcache.v1.distributed.storage_manager)[0m
[32;20m[2026-09-20 14:33:09,338] LMCache INFO:[0m Retrieved 384 tokens in 0.004 seconds [3m(lmcache_driven_transfer.py:1427:lmcache.v1.multiprocess.modules.lmcache_driven_transfer)[0m
[32;20m[2026-09-20 14:33:09,345] LMCache INFO:[0m Retrieved 384 tokens in 0.004 seconds [3m(lmcache_driven_transfer.py:1427:lmcache.v1.multiprocess.modules.lmcache_driven_transfer)[0m
[32;20m[2026-09-20 14:33:09,425] LMCache INFO:[0m Prefetch request completed (L1+L2): 24/24 retained keys (24 L1, 0 L2) in 1.2 ms (external_request_id=cmpl-b64233bb043ad3b6-0-84f54c88, prefetch_request_id=-1) [3m(storage_manager.py:716:lmcache.v1.distributed.storage_manager)[0m
[32;20m[2026-09-20 14:33:09,431] LMCache INFO:[0m Retrieved 384 tokens in 0.002 seconds [3m(lmcache_driven_transfer.py:1427:lmcache.v1.multiprocess.modules.lmcache_driven_transfer)[0m
[32;20m[2026-09-20 14:33:09,485] LMCache INFO:[0m Prefetch request completed (L1+L2): 24/24 retained keys (24 L1, 0 L2) in 1.2 ms (external_request_id=cmpl-acc7c1ab9fa0f883-0-8b8a2f01, prefetch_request_id=-1) [3m(storage_manager.py:716:lmcache.v1.distributed.storage_manager)[0m
[32;20m[2026-09-20 14:33:09,490] LMCache INFO:[0m Retrieved 384 tokens in 0.002 seconds [3m(lmcache_driven_transfer.py:1427:lmcache.v1.multiprocess.modules.lmcache_driven_transfer)[0m
[32;20m[2026-09-20 14:33:09,543] LMCache INFO:[0m Prefetch request completed (L1+L2): 23/23 retained keys (23 L1, 0 L2) in 1.1 ms (external_request_id=cmpl-8837201955a19292-0-9618b767, prefetch_request_id=-1) [3m(storage_manager.py:716:lmcache.v1.distributed.storage_manager)[0m
[32;20m[2026-09-20 14:33:09,548] LMCache INFO:[0m Retrieved 368 tokens in 0.002 seconds [3m(lmcache_driven_transfer.py:1427:lmcache.v1.multiprocess.modules.lmcache_driven_transfer)[0m
[32;20m[2026-09-20 14:33:09,600] LMCache INFO:[0m Prefetch request completed (L1+L2): 24/24 retained keys (24 L1, 0 L2) in 1.1 ms (external_request_id=cmpl-be534cc636c32e33-0-80686397, prefetch_request_id=-1) [3m(storage_manager.py:716:lmcache.v1.distributed.storage_manager)[0m
[32;20m[2026-09-20 14:33:09,604] LMCache INFO:[0m Retrieved 384 tokens in 0.002 seconds [3m(lmcache_driven_transfer.py:1427:lmcache.v1.multiprocess.modules.lmcache_driven_transfer)[0m
[32;20m[2026-09-20 14:33:09,659] LMCache INFO:[0m Prefetch request completed (L1+L2): 18/24 retained keys (18 L1, 0 L2) in 1.1 ms (external_request_id=cmpl-9965ef2ab1d604b7-0-ad0ce4b5, prefetch_request_id=-1) [3m(storage_manager.py:716:lmcache.v1.distributed.storage_manager)[0m
[32;20m[2026-09-20 14:33:09,664] LMCache INFO:[0m Retrieved 288 tokens in 0.002 seconds [3m(lmcache_driven_transfer.py:1427:lmcache.v1.multiprocess.modules.lmcache_driven_transfer)[0m
[32;20m[2026-09-20 14:33:09,707] LMCache INFO:[0m Stored 96 tokens in 0.002 seconds [3m(lmcache_driven_transfer.py:1218:lmcache.v1.multiprocess.modules.lmcache_driven_transfer)[0m
[32;20m[2026-09-20 14:33:09,715] LMCache INFO:[0m Prefetch request completed (L1+L2): 24/24 retained keys (24 L1, 0 L2) in 1.1 ms (external_request_id=cmpl-9d4b6e02b0616d39-0-8299dff3, prefetch_request_id=-1) [3m(storage_manager.py:716:lmcache.v1.distributed.storage_manager)[0m
[32;20m[2026-09-20 14:33:09,720] LMCache INFO:[0m Retrieved 384 tokens in 0.002 seconds [3m(lmcache_driven_transfer.py:1427:lmcache.v1.multiprocess.modules.lmcache_driven_transfer)[0m
[32;20m[2026-09-20 14:33:09,774] LMCache INFO:[0m Prefetch request completed (L1+L2): 24/24 retained keys (24 L1, 0 L2) in 1.1 ms (external_request_id=cmpl-a49a2d6ca3c91a25-0-b55d9f6c, prefetch_request_id=-1) [3m(storage_manager.py:716:lmcache.v1.distributed.storage_manager)[0m
[32;20m[2026-09-20 14:33:09,780] LMCache INFO:[0m Retrieved 384 tokens in 0.003 seconds [3m(lmcache_driven_transfer.py:1427:lmcache.v1.multiprocess.modules.lmcache_driven_transfer)[0m
[32;20m[2026-09-20 14:33:09,832] LMCache INFO:[0m Prefetch request completed (L1+L2): 23/23 retained keys (23 L1, 0 L2) in 1.1 ms (external_request_id=cmpl-95215d5a4886e4d0-0-a8bd73db, prefetch_request_id=-1) [3m(storage_manager.py:716:lmcache.v1.distributed.storage_manager)[0m
[32;20m[2026-09-20 14:33:09,837] LMCache INFO:[0m Retrieved 368 tokens in 0.002 seconds [3m(lmcache_driven_transfer.py:1427:lmcache.v1.multiprocess.modules.lmcache_driven_transfer)[0m
[32;20m[2026-09-20 14:33:09,929] LMCache INFO:[0m Stored 272 tokens in 0.003 seconds [3m(lmcache_driven_transfer.py:1218:lmcache.v1.multiprocess.modules.lmcache_driven_transfer)[0m
[32;20m[2026-09-20 14:33:10,182] LMCache INFO:[0m Prefetch request completed (L1+L2): 24/24 retained keys (24 L1, 0 L2) in 1.1 ms (external_request_id=cmpl-b06ff6c57016b987-0-b69b2717, prefetch_request_id=-1) [3m(storage_manager.py:716:lmcache.v1.distributed.storage_manager)[0m
[32;20m[2026-09-20 14:33:10,186] LMCache INFO:[0m Retrieved 384 tokens in 0.002 seconds [3m(lmcache_driven_transfer.py:1427:lmcache.v1.multiprocess.modules.lmcache_driven_transfer)[0m
[32;20m[2026-09-20 14:33:10,298] LMCache INFO:[0m Stored 384 tokens in 0.003 seconds [3m(lmcache_driven_transfer.py:1218:lmcache.v1.multiprocess.modules.lmcache_driven_transfer)[0m
[32;20m[2026-09-20 14:33:10,303] LMCache INFO:[0m L1 memory usage 0.83 above watermark 0.80; triggering eviction. [3m(eviction_controller.py:179:lmcache.v1.distributed.storage_controllers.eviction_controller)[0m
[32;20m[2026-09-20 14:33:10,375] LMCache INFO:[0m Stored 384 tokens in 0.003 seconds [3m(lmcache_driven_transfer.py:1218:lmcache.v1.multiprocess.modules.lmcache_driven_transfer)[0m
[32;20m[2026-09-20 14:33:10,462] LMCache INFO:[0m Stored 384 tokens in 0.003 seconds [3m(lmcache_driven_transfer.py:1218:lmcache.v1.multiprocess.modules.lmcache_driven_transfer)[0m
[32;20m[2026-09-20 14:33:10,556] LMCache INFO:[0m Stored 384 tokens in 0.003 seconds [3m(lmcache_driven_transfer.py:1218:lmcache.v1.multiprocess.modules.lmcache_driven_transfer)[0m
[32;20m[2026-09-20 14:33:10,642] LMCache INFO:[0m Stored 384 tokens in 0.003 seconds [3m(lmcache_driven_transfer.py:1218:lmcache.v1.multiprocess.modules.lmcache_driven_transfer)[0m
[32;20m[2026-09-20 14:33:10,732] LMCache INFO:[0m Stored 384 tokens in 0.003 seconds [3m(lmcache_driven_transfer.py:1218:lmcache.v1.multiprocess.modules.lmcache_driven_transfer)[0m
[32;20m[2026-09-20 14:33:10,823] LMCache INFO:[0m Stored 384 tokens in 0.003 seconds [3m(lmcache_driven_transfer.py:1218:lmcache.v1.multiprocess.modules.lmcache_driven_transfer)[0m
[32;20m[2026-09-20 14:33:10,914] LMCache INFO:[0m Stored 384 tokens in 0.003 seconds [3m(lmcache_driven_transfer.py:1218:lmcache.v1.multiprocess.modules.lmcache_driven_transfer)[0m
[32;20m[2026-09-20 14:33:11,004] LMCache INFO:[0m Stored 368 tokens in 0.003 seconds [3m(lmcache_driven_transfer.py:1218:lmcache.v1.multiprocess.modules.lmcache_driven_transfer)[0m
[32;20m[2026-09-20 14:33:11,094] LMCache INFO:[0m Stored 384 tokens in 0.003 seconds [3m(lmcache_driven_transfer.py:1218:lmcache.v1.multiprocess.modules.lmcache_driven_transfer)[0m
[32;20m[2026-09-20 14:33:11,183] LMCache INFO:[0m Prefetch request completed (L1+L2): 24/24 retained keys (24 L1, 0 L2) in 1.3 ms (external_request_id=cmpl-82f0df1a1775420c-0-bd1ee827, prefetch_request_id=-1) [3m(storage_manager.py:716:lmcache.v1.distributed.storage_manager)[0m
[32;20m[2026-09-20 14:33:11,184] LMCache INFO:[0m Stored 112 tokens in 0.005 seconds [3m(lmcache_driven_transfer.py:1218:lmcache.v1.multiprocess.modules.lmcache_driven_transfer)[0m
[32;20m[2026-09-20 14:33:11,188] LMCache INFO:[0m Retrieved 384 tokens in 0.002 seconds [3m(lmcache_driven_transfer.py:1427:lmcache.v1.multiprocess.modules.lmcache_driven_transfer)[0m
[32;20m[2026-09-20 14:33:11,299] LMCache INFO:[0m Stored 368 tokens in 0.003 seconds [3m(lmcache_driven_transfer.py:1218:lmcache.v1.multiprocess.modules.lmcache_driven_transfer)[0m
[32;20m[2026-09-20 14:33:11,308] LMCache INFO:[0m L1 memory usage 0.88 above watermark 0.80; triggering eviction. [3m(eviction_controller.py:179:lmcache.v1.distributed.storage_controllers.eviction_controller)[0m
[32;20m[2026-09-20 14:33:11,375] LMCache INFO:[0m Stored 384 tokens in 0.003 seconds [3m(lmcache_driven_transfer.py:1218:lmcache.v1.multiprocess.modules.lmcache_driven_transfer)[0m
[32;20m[2026-09-20 14:33:11,468] LMCache INFO:[0m Stored 384 tokens in 0.003 seconds [3m(lmcache_driven_transfer.py:1218:lmcache.v1.multiprocess.modules.lmcache_driven_transfer)[0m
[32;20m[2026-09-20 14:33:11,560] LMCache INFO:[0m Stored 384 tokens in 0.003 seconds [3m(lmcache_driven_transfer.py:1218:lmcache.v1.multiprocess.modules.lmcache_driven_transfer)[0m
[32;20m[2026-09-20 14:33:11,647] LMCache INFO:[0m Stored 384 tokens in 0.003 seconds [3m(lmcache_driven_transfer.py:1218:lmcache.v1.multiprocess.modules.lmcache_driven_transfer)[0m
[32;20m[2026-09-20 14:33:11,734] LMCache INFO:[0m Stored 384 tokens in 0.003 seconds [3m(lmcache_driven_transfer.py:1218:lmcache.v1.multiprocess.modules.lmcache_driven_transfer)[0m
[32;20m[2026-09-20 14:33:11,827] LMCache INFO:[0m Stored 384 tokens in 0.003 seconds [3m(lmcache_driven_transfer.py:1218:lmcache.v1.multiprocess.modules.lmcache_driven_transfer)[0m
[32;20m[2026-09-20 14:33:11,921] LMCache INFO:[0m Stored 384 tokens in 0.003 seconds [3m(lmcache_driven_transfer.py:1218:lmcache.v1.multiprocess.modules.lmcache_driven_transfer)[0m
[32;20m[2026-09-20 14:33:12,008] LMCache INFO:[0m Stored 384 tokens in 0.003 seconds [3m(lmcache_driven_transfer.py:1218:lmcache.v1.multiprocess.modules.lmcache_driven_transfer)[0m
[32;20m[2026-09-20 14:33:12,100] LMCache INFO:[0m Stored 384 tokens in 0.003 seconds [3m(lmcache_driven_transfer.py:1218:lmcache.v1.multiprocess.modules.lmcache_driven_transfer)[0m
[32;20m[2026-09-20 14:33:12,136] LMCache INFO:[0m Prefetch request completed (L1+L2): 24/24 retained keys (24 L1, 0 L2) in 1.6 ms (external_request_id=cmpl-b784b7aab50fe4ae-0-812273f0, prefetch_request_id=-1) [3m(storage_manager.py:716:lmcache.v1.distributed.storage_manager)[0m
[32;20m[2026-09-20 14:33:12,141] LMCache INFO:[0m Retrieved 384 tokens in 0.002 seconds [3m(lmcache_driven_transfer.py:1427:lmcache.v1.multiprocess.modules.lmcache_driven_transfer)[0m
[32;20m[2026-09-20 14:33:12,250] LMCache INFO:[0m Stored 384 tokens in 0.004 seconds [3m(lmcache_driven_transfer.py:1218:lmcache.v1.multiprocess.modules.lmcache_driven_transfer)[0m
[32;20m[2026-09-20 14:33:12,314] LMCache INFO:[0m L1 memory usage 0.91 above watermark 0.80; triggering eviction. [3m(eviction_controller.py:179:lmcache.v1.distributed.storage_controllers.eviction_controller)[0m
[32;20m[2026-09-20 14:33:12,327] LMCache INFO:[0m Stored 384 tokens in 0.003 seconds [3m(lmcache_driven_transfer.py:1218:lmcache.v1.multiprocess.modules.lmcache_driven_transfer)[0m
[32;20m[2026-09-20 14:33:12,413] LMCache INFO:[0m Stored 384 tokens in 0.003 seconds [3m(lmcache_driven_transfer.py:1218:lmcache.v1.multiprocess.modules.lmcache_driven_transfer)[0m
[32;20m[2026-09-20 14:33:12,503] LMCache INFO:[0m Stored 384 tokens in 0.003 seconds [3m(lmcache_driven_transfer.py:1218:lmcache.v1.multiprocess.modules.lmcache_driven_transfer)[0m
[32;20m[2026-09-20 14:33:12,593] LMCache INFO:[0m Stored 384 tokens in 0.003 seconds [3m(lmcache_driven_transfer.py:1218:lmcache.v1.multiprocess.modules.lmcache_driven_transfer)[0m
[32;20m[2026-09-20 14:33:12,686] LMCache INFO:[0m Stored 384 tokens in 0.003 seconds [3m(lmcache_driven_transfer.py:1218:lmcache.v1.multiprocess.modules.lmcache_driven_transfer)[0m
[32;20m[2026-09-20 14:33:12,776] LMCache INFO:[0m Stored 368 tokens in 0.003 seconds [3m(lmcache_driven_transfer.py:1218:lmcache.v1.multiprocess.modules.lmcache_driven_transfer)[0m
[32;20m[2026-09-20 14:33:12,867] LMCache INFO:[0m Stored 384 tokens in 0.003 seconds [3m(lmcache_driven_transfer.py:1218:lmcache.v1.multiprocess.modules.lmcache_driven_transfer)[0m
[32;20m[2026-09-20 14:33:12,953] LMCache INFO:[0m Stored 384 tokens in 0.003 seconds [3m(lmcache_driven_transfer.py:1218:lmcache.v1.multiprocess.modules.lmcache_driven_transfer)[0m
[32;20m[2026-09-20 14:33:13,047] LMCache INFO:[0m Stored 384 tokens in 0.003 seconds [3m(lmcache_driven_transfer.py:1218:lmcache.v1.multiprocess.modules.lmcache_driven_transfer)[0m
[32;20m[2026-09-20 14:33:13,137] LMCache INFO:[0m Stored 384 tokens in 0.003 seconds [3m(lmcache_driven_transfer.py:1218:lmcache.v1.multiprocess.modules.lmcache_driven_transfer)[0m
[32;20m[2026-09-20 14:33:13,178] LMCache INFO:[0m Prefetch request completed (L1+L2): 24/24 retained keys (24 L1, 0 L2) in 1.0 ms (external_request_id=cmpl-b26c6b974373f548-0-83cf2aff, prefetch_request_id=-1) [3m(storage_manager.py:716:lmcache.v1.distributed.storage_manager)[0m
[32;20m[2026-09-20 14:33:13,183] LMCache INFO:[0m Retrieved 384 tokens in 0.002 seconds [3m(lmcache_driven_transfer.py:1427:lmcache.v1.multiprocess.modules.lmcache_driven_transfer)[0m
[32;20m[2026-09-20 14:33:13,298] LMCache INFO:[0m Stored 384 tokens in 0.003 seconds [3m(lmcache_driven_transfer.py:1218:lmcache.v1.multiprocess.modules.lmcache_driven_transfer)[0m
[32;20m[2026-09-20 14:33:13,322] LMCache INFO:[0m L1 memory usage 0.96 above watermark 0.80; triggering eviction. [3m(eviction_controller.py:179:lmcache.v1.distributed.storage_controllers.eviction_controller)[0m
[32;20m[2026-09-20 14:33:13,333] LMCache INFO:[0m Prefetch request completed (L1+L2): 24/24 retained keys (24 L1, 0 L2) in 1.7 ms (external_request_id=cmpl-b6c5fc23e5b2d29e-0-98ac80ab, prefetch_request_id=-1) [3m(storage_manager.py:716:lmcache.v1.distributed.storage_manager)[0m
[32;20m[2026-09-20 14:33:13,339] LMCache INFO:[0m Retrieved 384 tokens in 0.003 seconds [3m(lmcache_driven_transfer.py:1427:lmcache.v1.multiprocess.modules.lmcache_driven_transfer)[0m
[32;20m[2026-09-20 14:33:13,340] LMCache INFO:[0m Prefetch request completed (L1+L2): 24/24 retained keys (24 L1, 0 L2) in 1.3 ms (external_request_id=cmpl-82c91600dcd2c8d3-0-b8ad1a23, prefetch_request_id=-1) [3m(storage_manager.py:716:lmcache.v1.distributed.storage_manager)[0m
[32;20m[2026-09-20 14:33:13,346] LMCache INFO:[0m Retrieved 384 tokens in 0.003 seconds [3m(lmcache_driven_transfer.py:1427:lmcache.v1.multiprocess.modules.lmcache_driven_transfer)[0m
[32;20m[2026-09-20 14:33:13,437] LMCache INFO:[0m Prefetch request completed (L1+L2): 24/24 retained keys (24 L1, 0 L2) in 1.1 ms (external_request_id=cmpl-858df1eb887d2c75-0-82b1a4b0, prefetch_request_id=-1) [3m(storage_manager.py:716:lmcache.v1.distributed.storage_manager)[0m
[32;20m[2026-09-20 14:33:13,442] LMCache INFO:[0m Retrieved 384 tokens in 0.002 seconds [3m(lmcache_driven_transfer.py:1427:lmcache.v1.multiprocess.modules.lmcache_driven_transfer)[0m
[32;20m[2026-09-20 14:33:13,494] LMCache INFO:[0m Prefetch request completed (L1+L2): 23/23 retained keys (23 L1, 0 L2) in 1.0 ms (external_request_id=cmpl-820a960d38b78328-0-a7a7f627, prefetch_request_id=-1) [3m(storage_manager.py:716:lmcache.v1.distributed.storage_manager)[0m
[32;20m[2026-09-20 14:33:13,499] LMCache INFO:[0m Retrieved 368 tokens in 0.002 seconds [3m(lmcache_driven_transfer.py:1427:lmcache.v1.multiprocess.modules.lmcache_driven_transfer)[0m
[32;20m[2026-09-20 14:33:13,550] LMCache INFO:[0m Prefetch request completed (L1+L2): 24/24 retained keys (24 L1, 0 L2) in 1.3 ms (external_request_id=cmpl-adf5d984478521d2-0-b3d7e233, prefetch_request_id=-1) [3m(storage_manager.py:716:lmcache.v1.distributed.storage_manager)[0m
[32;20m[2026-09-20 14:33:13,555] LMCache INFO:[0m Retrieved 384 tokens in 0.002 seconds [3m(lmcache_driven_transfer.py:1427:lmcache.v1.multiprocess.modules.lmcache_driven_transfer)[0m
[32;20m[2026-09-20 14:33:13,653] LMCache INFO:[0m Stored 368 tokens in 0.003 seconds [3m(lmcache_driven_transfer.py:1218:lmcache.v1.multiprocess.modules.lmcache_driven_transfer)[0m
[32;20m[2026-09-20 14:33:13,735] LMCache INFO:[0m Stored 384 tokens in 0.003 seconds [3m(lmcache_driven_transfer.py:1218:lmcache.v1.multiprocess.modules.lmcache_driven_transfer)[0m
[32;20m[2026-09-20 14:33:13,827] LMCache INFO:[0m Stored 384 tokens in 0.003 seconds [3m(lmcache_driven_transfer.py:1218:lmcache.v1.multiprocess.modules.lmcache_driven_transfer)[0m
[32;20m[2026-09-20 14:33:13,918] LMCache INFO:[0m Stored 384 tokens in 0.003 seconds [3m(lmcache_driven_transfer.py:1218:lmcache.v1.multiprocess.modules.lmcache_driven_transfer)[0m
[32;20m[2026-09-20 14:33:13,962] LMCache INFO:[0m Prefetch request completed (L1+L2): 24/24 retained keys (24 L1, 0 L2) in 1.2 ms (external_request_id=cmpl-bba25cfbaaab3522-0-9610fb64, prefetch_request_id=-1) [3m(storage_manager.py:716:lmcache.v1.distributed.storage_manager)[0m
[32;20m[2026-09-20 14:33:13,968] LMCache INFO:[0m Retrieved 384 tokens in 0.003 seconds [3m(lmcache_driven_transfer.py:1427:lmcache.v1.multiprocess.modules.lmcache_driven_transfer)[0m
[32;20m[2026-09-20 14:33:14,145] LMCache INFO:[0m Prefetch request completed (L1+L2): 23/23 retained keys (23 L1, 0 L2) in 1.2 ms (external_request_id=cmpl-bd4c9717ff075678-0-8a73f5ac, prefetch_request_id=-1) [3m(storage_manager.py:716:lmcache.v1.distributed.storage_manager)[0m
[32;20m[2026-09-20 14:33:14,150] LMCache INFO:[0m Retrieved 368 tokens in 0.002 seconds [3m(lmcache_driven_transfer.py:1427:lmcache.v1.multiprocess.modules.lmcache_driven_transfer)[0m
[32;20m[2026-09-20 14:33:14,260] LMCache INFO:[0m Stored 384 tokens in 0.003 seconds [3m(lmcache_driven_transfer.py:1218:lmcache.v1.multiprocess.modules.lmcache_driven_transfer)[0m
[32;20m[2026-09-20 14:33:14,331] LMCache INFO:[0m L1 memory usage 0.87 above watermark 0.80; triggering eviction. [3m(eviction_controller.py:179:lmcache.v1.distributed.storage_controllers.eviction_controller)[0m
[32;20m[2026-09-20 14:33:14,353] LMCache INFO:[0m Stored 384 tokens in 0.004 seconds [3m(lmcache_driven_transfer.py:1218:lmcache.v1.multiprocess.modules.lmcache_driven_transfer)[0m
[32;20m[2026-09-20 14:33:14,434] LMCache INFO:[0m Stored 384 tokens in 0.003 seconds [3m(lmcache_driven_transfer.py:1218:lmcache.v1.multiprocess.modules.lmcache_driven_transfer)[0m
[32;20m[2026-09-20 14:33:14,521] LMCache INFO:[0m Stored 384 tokens in 0.003 seconds [3m(lmcache_driven_transfer.py:1218:lmcache.v1.multiprocess.modules.lmcache_driven_transfer)[0m
[32;20m[2026-09-20 14:33:14,607] LMCache INFO:[0m Stored 384 tokens in 0.003 seconds [3m(lmcache_driven_transfer.py:1218:lmcache.v1.multiprocess.modules.lmcache_driven_transfer)[0m
[32;20m[2026-09-20 14:33:14,698] LMCache INFO:[0m Stored 384 tokens in 0.003 seconds [3m(lmcache_driven_transfer.py:1218:lmcache.v1.multiprocess.modules.lmcache_driven_transfer)[0m
[32;20m[2026-09-20 14:33:14,786] LMCache INFO:[0m Stored 384 tokens in 0.005 seconds [3m(lmcache_driven_transfer.py:1218:lmcache.v1.multiprocess.modules.lmcache_driven_transfer)[0m
[32;20m[2026-09-20 14:33:14,876] LMCache INFO:[0m Stored 384 tokens in 0.003 seconds [3m(lmcache_driven_transfer.py:1218:lmcache.v1.multiprocess.modules.lmcache_driven_transfer)[0m
[32;20m[2026-09-20 14:33:14,963] LMCache INFO:[0m Stored 384 tokens in 0.003 seconds [3m(lmcache_driven_transfer.py:1218:lmcache.v1.multiprocess.modules.lmcache_driven_transfer)[0m
[32;20m[2026-09-20 14:33:15,056] LMCache INFO:[0m Stored 144 tokens in 0.003 seconds [3m(lmcache_driven_transfer.py:1218:lmcache.v1.multiprocess.modules.lmcache_driven_transfer)[0m
[32;20m[2026-09-20 14:33:15,059] LMCache INFO:[0m Prefetch request completed (L1+L2): 24/24 retained keys (24 L1, 0 L2) in 2.1 ms (external_request_id=cmpl-b7428059afe7b925-0-ba9fc723, prefetch_request_id=-1) [3m(storage_manager.py:716:lmcache.v1.distributed.storage_manager)[0m
[32;20m[2026-09-20 14:33:15,063] LMCache INFO:[0m Retrieved 384 tokens in 0.002 seconds [3m(lmcache_driven_transfer.py:1427:lmcache.v1.multiprocess.modules.lmcache_driven_transfer)[0m
[32;20m[2026-09-20 14:33:15,129] LMCache INFO:[0m Prefetch request completed (L1+L2): 24/24 retained keys (24 L1, 0 L2) in 1.0 ms (external_request_id=cmpl-a9c5e6cfb23aaecb-0-9e1aa2ec, prefetch_request_id=-1) [3m(storage_manager.py:716:lmcache.v1.distributed.storage_manager)[0m
[32;20m[2026-09-20 14:33:15,135] LMCache INFO:[0m Prefetch request completed (L1+L2): 24/24 retained keys (24 L1, 0 L2) in 1.2 ms (external_request_id=cmpl-b12bf4519ed3d80d-0-9ca3cd2f, prefetch_request_id=-1) [3m(storage_manager.py:716:lmcache.v1.distributed.storage_manager)[0m
[32;20m[2026-09-20 14:33:15,136] LMCache INFO:[0m Retrieved 384 tokens in 0.004 seconds [3m(lmcache_driven_transfer.py:1427:lmcache.v1.multiprocess.modules.lmcache_driven_transfer)[0m
[32;20m[2026-09-20 14:33:15,141] LMCache INFO:[0m Retrieved 384 tokens in 0.002 seconds [3m(lmcache_driven_transfer.py:1427:lmcache.v1.multiprocess.modules.lmcache_driven_transfer)[0m
[32;20m[2026-09-20 14:33:15,229] LMCache INFO:[0m Prefetch request completed (L1+L2): 24/24 retained keys (24 L1, 0 L2) in 1.2 ms (external_request_id=cmpl-9bf9cf963d447798-0-8bba4910, prefetch_request_id=-1) [3m(storage_manager.py:716:lmcache.v1.distributed.storage_manager)[0m
[32;20m[2026-09-20 14:33:15,234] LMCache INFO:[0m Retrieved 384 tokens in 0.002 seconds [3m(lmcache_driven_transfer.py:1427:lmcache.v1.multiprocess.modules.lmcache_driven_transfer)[0m
[32;20m[2026-09-20 14:33:15,287] LMCache INFO:[0m Prefetch request completed (L1+L2): 24/24 retained keys (24 L1, 0 L2) in 1.1 ms (external_request_id=cmpl-aca6dcae9a86c394-0-8824cb25, prefetch_request_id=-1) [3m(storage_manager.py:716:lmcache.v1.distributed.storage_manager)[0m
[32;20m[2026-09-20 14:33:15,292] LMCache INFO:[0m Retrieved 384 tokens in 0.002 seconds [3m(lmcache_driven_transfer.py:1427:lmcache.v1.multiprocess.modules.lmcache_driven_transfer)[0m
[32;20m[2026-09-20 14:33:15,341] LMCache INFO:[0m L1 memory usage 0.87 above watermark 0.80; triggering eviction. [3m(eviction_controller.py:179:lmcache.v1.distributed.storage_controllers.eviction_controller)[0m
[32;20m[2026-09-20 14:33:15,350] LMCache INFO:[0m Prefetch request completed (L1+L2): 24/24 retained keys (24 L1, 0 L2) in 1.1 ms (external_request_id=cmpl-84addbb302e11e49-0-a842b7e4, prefetch_request_id=-1) [3m(storage_manager.py:716:lmcache.v1.distributed.storage_manager)[0m
[32;20m[2026-09-20 14:33:15,355] LMCache INFO:[0m Retrieved 384 tokens in 0.002 seconds [3m(lmcache_driven_transfer.py:1427:lmcache.v1.multiprocess.modules.lmcache_driven_transfer)[0m
[32;20m[2026-09-20 14:33:15,407] LMCache INFO:[0m Prefetch request completed (L1+L2): 24/24 retained keys (24 L1, 0 L2) in 1.0 ms (external_request_id=cmpl-b7571acb97bf50e7-0-a385f4fd, prefetch_request_id=-1) [3m(storage_manager.py:716:lmcache.v1.distributed.storage_manager)[0m
[32;20m[2026-09-20 14:33:15,412] LMCache INFO:[0m Retrieved 384 tokens in 0.002 seconds [3m(lmcache_driven_transfer.py:1427:lmcache.v1.multiprocess.modules.lmcache_driven_transfer)[0m
[32;20m[2026-09-20 14:33:15,465] LMCache INFO:[0m Prefetch request completed (L1+L2): 24/24 retained keys (24 L1, 0 L2) in 1.1 ms (external_request_id=cmpl-a03eec108919aaab-0-b1634a53, prefetch_request_id=-1) [3m(storage_manager.py:716:lmcache.v1.distributed.storage_manager)[0m
[32;20m[2026-09-20 14:33:15,470] LMCache INFO:[0m Retrieved 384 tokens in 0.002 seconds [3m(lmcache_driven_transfer.py:1427:lmcache.v1.multiprocess.modules.lmcache_driven_transfer)[0m
[32;20m[2026-09-20 14:33:15,525] LMCache INFO:[0m Prefetch request completed (L1+L2): 9/9 retained keys (9 L1, 0 L2) in 1.1 ms (external_request_id=cmpl-97a95394432773ae-0-8677a266, prefetch_request_id=-1) [3m(storage_manager.py:716:lmcache.v1.distributed.storage_manager)[0m
[32;20m[2026-09-20 14:33:15,530] LMCache INFO:[0m Retrieved 144 tokens in 0.002 seconds [3m(lmcache_driven_transfer.py:1427:lmcache.v1.multiprocess.modules.lmcache_driven_transfer)[0m
[32;20m[2026-09-20 14:33:15,580] LMCache INFO:[0m Prefetch request completed (L1+L2): 24/24 retained keys (24 L1, 0 L2) in 1.3 ms (external_request_id=cmpl-8f3e230833790f8b-0-978e2e20, prefetch_request_id=-1) [3m(storage_manager.py:716:lmcache.v1.distributed.storage_manager)[0m
[32;20m[2026-09-20 14:33:15,585] LMCache INFO:[0m Retrieved 384 tokens in 0.002 seconds [3m(lmcache_driven_transfer.py:1427:lmcache.v1.multiprocess.modules.lmcache_driven_transfer)[0m
[32;20m[2026-09-20 14:33:15,678] LMCache INFO:[0m Stored 384 tokens in 0.003 seconds [3m(lmcache_driven_transfer.py:1218:lmcache.v1.multiprocess.modules.lmcache_driven_transfer)[0m
[32;20m[2026-09-20 14:33:15,763] LMCache INFO:[0m Stored 384 tokens in 0.003 seconds [3m(lmcache_driven_transfer.py:1218:lmcache.v1.multiprocess.modules.lmcache_driven_transfer)[0m
[32;20m[2026-09-20 14:33:15,942] LMCache INFO:[0m Prefetch request completed (L1+L2): 24/24 retained keys (24 L1, 0 L2) in 1.6 ms (external_request_id=cmpl-a5267401b32747d0-0-99388bf9, prefetch_request_id=-1) [3m(storage_manager.py:716:lmcache.v1.distributed.storage_manager)[0m
[32;20m[2026-09-20 14:33:15,947] LMCache INFO:[0m Retrieved 384 tokens in 0.002 seconds [3m(lmcache_driven_transfer.py:1427:lmcache.v1.multiprocess.modules.lmcache_driven_transfer)[0m
[32;20m[2026-09-20 14:33:16,066] LMCache INFO:[0m Stored 384 tokens in 0.003 seconds [3m(lmcache_driven_transfer.py:1218:lmcache.v1.multiprocess.modules.lmcache_driven_transfer)[0m
[32;20m[2026-09-20 14:33:16,142] LMCache INFO:[0m Stored 384 tokens in 0.003 seconds [3m(lmcache_driven_transfer.py:1218:lmcache.v1.multiprocess.modules.lmcache_driven_transfer)[0m
[32;20m[2026-09-20 14:33:16,231] LMCache INFO:[0m Stored 384 tokens in 0.003 seconds [3m(lmcache_driven_transfer.py:1218:lmcache.v1.multiprocess.modules.lmcache_driven_transfer)[0m
[32;20m[2026-09-20 14:33:16,324] LMCache INFO:[0m Stored 384 tokens in 0.003 seconds [3m(lmcache_driven_transfer.py:1218:lmcache.v1.multiprocess.modules.lmcache_driven_transfer)[0m
[32;20m[2026-09-20 14:33:16,349] LMCache INFO:[0m L1 memory usage: 0.41/0.50 GiB (81.9%) [3m(eviction_controller.py:153:lmcache.v1.distributed.storage_controllers.eviction_controller)[0m
[32;20m[2026-09-20 14:33:16,349] LMCache INFO:[0m L1 memory usage 0.82 above watermark 0.80; triggering eviction. [3m(eviction_controller.py:179:lmcache.v1.distributed.storage_controllers.eviction_controller)[0m
[32;20m[2026-09-20 14:33:16,354] LMCache INFO:[0m L0<->L1 stats [cuda:0] last 10.1s: store ops=87 tokens=30896 size=0.89GB avg_copy=6.85GB/s | retrieve ops=34 tokens=12656 size=0.36GB avg_copy=3.99GB/s [3m(extra_stats.py:159:lmcache.v1.mp_observability.subscribers.logging.extra_stats)[0m
[32;20m[2026-09-20 14:33:16,354] LMCache INFO:[0m L0<->L1 stats [cuda:0] cumulative: store ops=182 tokens=66176 size=1.90GB avg_copy=7.03GB/s | retrieve ops=42 tokens=15712 size=0.45GB avg_copy=4.08GB/s [3m(extra_stats.py:168:lmcache.v1.mp_observability.subscribers.logging.extra_stats)[0m
[32;20m[2026-09-20 14:33:16,412] LMCache INFO:[0m Stored 384 tokens in 0.003 seconds [3m(lmcache_driven_transfer.py:1218:lmcache.v1.multiprocess.modules.lmcache_driven_transfer)[0m
[32;20m[2026-09-20 14:33:16,504] LMCache INFO:[0m Stored 384 tokens in 0.003 seconds [3m(lmcache_driven_transfer.py:1218:lmcache.v1.multiprocess.modules.lmcache_driven_transfer)[0m
[32;20m[2026-09-20 14:33:16,591] LMCache INFO:[0m Stored 384 tokens in 0.003 seconds [3m(lmcache_driven_transfer.py:1218:lmcache.v1.multiprocess.modules.lmcache_driven_transfer)[0m
[32;20m[2026-09-20 14:33:16,677] LMCache INFO:[0m Stored 384 tokens in 0.003 seconds [3m(lmcache_driven_transfer.py:1218:lmcache.v1.multiprocess.modules.lmcache_driven_transfer)[0m
[32;20m[2026-09-20 14:33:16,768] LMCache INFO:[0m Stored 368 tokens in 0.003 seconds [3m(lmcache_driven_transfer.py:1218:lmcache.v1.multiprocess.modules.lmcache_driven_transfer)[0m
[32;20m[2026-09-20 14:33:16,857] LMCache INFO:[0m Stored 384 tokens in 0.003 seconds [3m(lmcache_driven_transfer.py:1218:lmcache.v1.multiprocess.modules.lmcache_driven_transfer)[0m
[32;20m[2026-09-20 14:33:16,952] LMCache INFO:[0m Stored 384 tokens in 0.003 seconds [3m(lmcache_driven_transfer.py:1218:lmcache.v1.multiprocess.modules.lmcache_driven_transfer)[0m
[32;20m[2026-09-20 14:33:17,034] LMCache INFO:[0m Stored 240 tokens in 0.003 seconds [3m(lmcache_driven_transfer.py:1218:lmcache.v1.multiprocess.modules.lmcache_driven_transfer)[0m
[32;20m[2026-09-20 14:33:17,116] LMCache INFO:[0m Stored 384 tokens in 0.003 seconds [3m(lmcache_driven_transfer.py:1218:lmcache.v1.multiprocess.modules.lmcache_driven_transfer)[0m
[32;20m[2026-09-20 14:33:17,197] LMCache INFO:[0m Stored 384 tokens in 0.003 seconds [3m(lmcache_driven_transfer.py:1218:lmcache.v1.multiprocess.modules.lmcache_driven_transfer)[0m
[32;20m[2026-09-20 14:33:17,290] LMCache INFO:[0m Stored 384 tokens in 0.003 seconds [3m(lmcache_driven_transfer.py:1218:lmcache.v1.multiprocess.modules.lmcache_driven_transfer)[0m
[32;20m[2026-09-20 14:33:17,354] LMCache INFO:[0m L1 memory usage 0.88 above watermark 0.80; triggering eviction. [3m(eviction_controller.py:179:lmcache.v1.distributed.storage_controllers.eviction_controller)[0m
[32;20m[2026-09-20 14:33:17,381] LMCache INFO:[0m Stored 384 tokens in 0.003 seconds [3m(lmcache_driven_transfer.py:1218:lmcache.v1.multiprocess.modules.lmcache_driven_transfer)[0m
[32;20m[2026-09-20 14:33:17,471] LMCache INFO:[0m Stored 384 tokens in 0.003 seconds [3m(lmcache_driven_transfer.py:1218:lmcache.v1.multiprocess.modules.lmcache_driven_transfer)[0m
[32;20m[2026-09-20 14:33:17,563] LMCache INFO:[0m Stored 384 tokens in 0.003 seconds [3m(lmcache_driven_transfer.py:1218:lmcache.v1.multiprocess.modules.lmcache_driven_transfer)[0m
[32;20m[2026-09-20 14:33:17,651] LMCache INFO:[0m Stored 384 tokens in 0.003 seconds [3m(lmcache_driven_transfer.py:1218:lmcache.v1.multiprocess.modules.lmcache_driven_transfer)[0m
[32;20m[2026-09-20 14:33:17,745] LMCache INFO:[0m Stored 384 tokens in 0.003 seconds [3m(lmcache_driven_transfer.py:1218:lmcache.v1.multiprocess.modules.lmcache_driven_transfer)[0m
[32;20m[2026-09-20 14:33:17,838] LMCache INFO:[0m Stored 384 tokens in 0.003 seconds [3m(lmcache_driven_transfer.py:1218:lmcache.v1.multiprocess.modules.lmcache_driven_transfer)[0m
[32;20m[2026-09-20 14:33:17,929] LMCache INFO:[0m Stored 384 tokens in 0.003 seconds [3m(lmcache_driven_transfer.py:1218:lmcache.v1.multiprocess.modules.lmcache_driven_transfer)[0m
[32;20m[2026-09-20 14:33:17,970] LMCache INFO:[0m Prefetch request completed (L1+L2): 24/24 retained keys (24 L1, 0 L2) in 1.6 ms (external_request_id=cmpl-9dee9db0520defcf-0-be4b9062, prefetch_request_id=-1) [3m(storage_manager.py:716:lmcache.v1.distributed.storage_manager)[0m
[32;20m[2026-09-20 14:33:17,975] LMCache INFO:[0m Retrieved 384 tokens in 0.002 seconds [3m(lmcache_driven_transfer.py:1427:lmcache.v1.multiprocess.modules.lmcache_driven_transfer)[0m
[32;20m[2026-09-20 14:33:18,093] LMCache INFO:[0m Stored 384 tokens in 0.003 seconds [3m(lmcache_driven_transfer.py:1218:lmcache.v1.multiprocess.modules.lmcache_driven_transfer)[0m
[32;20m[2026-09-20 14:33:18,096] LMCache INFO:[0m Stored 384 tokens in 0.003 seconds [3m(lmcache_driven_transfer.py:1218:lmcache.v1.multiprocess.modules.lmcache_driven_transfer)[0m
[32;20m[2026-09-20 14:33:18,245] LMCache INFO:[0m Stored 384 tokens in 0.003 seconds [3m(lmcache_driven_transfer.py:1218:lmcache.v1.multiprocess.modules.lmcache_driven_transfer)[0m
[32;20m[2026-09-20 14:33:18,335] LMCache INFO:[0m Stored 384 tokens in 0.003 seconds [3m(lmcache_driven_transfer.py:1218:lmcache.v1.multiprocess.modules.lmcache_driven_transfer)[0m
[32;20m[2026-09-20 14:33:18,360] LMCache INFO:[0m L1 memory usage 0.93 above watermark 0.80; triggering eviction. [3m(eviction_controller.py:179:lmcache.v1.distributed.storage_controllers.eviction_controller)[0m
[32;20m[2026-09-20 14:33:18,428] LMCache INFO:[0m Stored 384 tokens in 0.003 seconds [3m(lmcache_driven_transfer.py:1218:lmcache.v1.multiprocess.modules.lmcache_driven_transfer)[0m
[32;20m[2026-09-20 14:33:18,520] LMCache INFO:[0m Stored 384 tokens in 0.003 seconds [3m(lmcache_driven_transfer.py:1218:lmcache.v1.multiprocess.modules.lmcache_driven_transfer)[0m
[32;20m[2026-09-20 14:33:18,605] LMCache INFO:[0m Stored 384 tokens in 0.003 seconds [3m(lmcache_driven_transfer.py:1218:lmcache.v1.multiprocess.modules.lmcache_driven_transfer)[0m
[32;20m[2026-09-20 14:33:18,696] LMCache INFO:[0m Stored 384 tokens in 0.003 seconds [3m(lmcache_driven_transfer.py:1218:lmcache.v1.multiprocess.modules.lmcache_driven_transfer)[0m
[32;20m[2026-09-20 14:33:18,786] LMCache INFO:[0m Stored 384 tokens in 0.003 seconds [3m(lmcache_driven_transfer.py:1218:lmcache.v1.multiprocess.modules.lmcache_driven_transfer)[0m
[32;20m[2026-09-20 14:33:18,876] LMCache INFO:[0m Stored 384 tokens in 0.003 seconds [3m(lmcache_driven_transfer.py:1218:lmcache.v1.multiprocess.modules.lmcache_driven_transfer)[0m
[32;20m[2026-09-20 14:33:18,970] LMCache INFO:[0m Stored 384 tokens in 0.003 seconds [3m(lmcache_driven_transfer.py:1218:lmcache.v1.multiprocess.modules.lmcache_driven_transfer)[0m
[32;20m[2026-09-20 14:33:19,011] LMCache INFO:[0m Prefetch request completed (L1+L2): 24/24 retained keys (24 L1, 0 L2) in 1.1 ms (external_request_id=cmpl-8405298f29863b46-0-97ad48e7, prefetch_request_id=-1) [3m(storage_manager.py:716:lmcache.v1.distributed.storage_manager)[0m
[32;20m[2026-09-20 14:33:19,017] LMCache INFO:[0m Retrieved 384 tokens in 0.002 seconds [3m(lmcache_driven_transfer.py:1427:lmcache.v1.multiprocess.modules.lmcache_driven_transfer)[0m
[32;20m[2026-09-20 14:33:19,128] LMCache INFO:[0m Stored 384 tokens in 0.003 seconds [3m(lmcache_driven_transfer.py:1218:lmcache.v1.multiprocess.modules.lmcache_driven_transfer)[0m
[32;20m[2026-09-20 14:33:19,207] LMCache INFO:[0m Stored 368 tokens in 0.003 seconds [3m(lmcache_driven_transfer.py:1218:lmcache.v1.multiprocess.modules.lmcache_driven_transfer)[0m
[32;20m[2026-09-20 14:33:19,301] LMCache INFO:[0m Stored 384 tokens in 0.003 seconds [3m(lmcache_driven_transfer.py:1218:lmcache.v1.multiprocess.modules.lmcache_driven_transfer)[0m
[32;20m[2026-09-20 14:33:19,366] LMCache INFO:[0m L1 memory usage 0.95 above watermark 0.80; triggering eviction. [3m(eviction_controller.py:179:lmcache.v1.distributed.storage_controllers.eviction_controller)[0m
[32;20m[2026-09-20 14:33:19,389] LMCache INFO:[0m Stored 384 tokens in 0.003 seconds [3m(lmcache_driven_transfer.py:1218:lmcache.v1.multiprocess.modules.lmcache_driven_transfer)[0m
[32;20m[2026-09-20 14:33:19,482] LMCache INFO:[0m Stored 384 tokens in 0.003 seconds [3m(lmcache_driven_transfer.py:1218:lmcache.v1.multiprocess.modules.lmcache_driven_transfer)[0m
[32;20m[2026-09-20 14:33:19,574] LMCache INFO:[0m Stored 384 tokens in 0.003 seconds [3m(lmcache_driven_transfer.py:1218:lmcache.v1.multiprocess.modules.lmcache_driven_transfer)[0m
[32;20m[2026-09-20 14:33:19,661] LMCache INFO:[0m Stored 384 tokens in 0.003 seconds [3m(lmcache_driven_transfer.py:1218:lmcache.v1.multiprocess.modules.lmcache_driven_transfer)[0m
[32;20m[2026-09-20 14:33:19,752] LMCache INFO:[0m Stored 384 tokens in 0.003 seconds [3m(lmcache_driven_transfer.py:1218:lmcache.v1.multiprocess.modules.lmcache_driven_transfer)[0m
[32;20m[2026-09-20 14:33:19,842] LMCache INFO:[0m Stored 384 tokens in 0.003 seconds [3m(lmcache_driven_transfer.py:1218:lmcache.v1.multiprocess.modules.lmcache_driven_transfer)[0m
[32;20m[2026-09-20 14:33:19,929] LMCache INFO:[0m Stored 336 tokens in 0.002 seconds [3m(lmcache_driven_transfer.py:1218:lmcache.v1.multiprocess.modules.lmcache_driven_transfer)[0m
[32;20m[2026-09-20 14:33:19,964] LMCache INFO:[0m Prefetch request completed (L1+L2): 24/24 retained keys (24 L1, 0 L2) in 1.9 ms (external_request_id=cmpl-981145e47aaba73b-0-8670e074, prefetch_request_id=-1) [3m(storage_manager.py:716:lmcache.v1.distributed.storage_manager)[0m
[32;20m[2026-09-20 14:33:19,970] LMCache INFO:[0m Retrieved 384 tokens in 0.002 seconds [3m(lmcache_driven_transfer.py:1427:lmcache.v1.multiprocess.modules.lmcache_driven_transfer)[0m
[32;20m[2026-09-20 14:33:20,085] LMCache INFO:[0m Stored 384 tokens in 0.003 seconds [3m(lmcache_driven_transfer.py:1218:lmcache.v1.multiprocess.modules.lmcache_driven_transfer)[0m
[32;20m[2026-09-20 14:33:20,163] LMCache INFO:[0m Stored 384 tokens in 0.003 seconds [3m(lmcache_driven_transfer.py:1218:lmcache.v1.multiprocess.modules.lmcache_driven_transfer)[0m
[32;20m[2026-09-20 14:33:20,258] LMCache INFO:[0m Stored 384 tokens in 0.002 seconds [3m(lmcache_driven_transfer.py:1218:lmcache.v1.multiprocess.modules.lmcache_driven_transfer)[0m
[32;20m[2026-09-20 14:33:20,349] LMCache INFO:[0m Stored 384 tokens in 0.003 seconds [3m(lmcache_driven_transfer.py:1218:lmcache.v1.multiprocess.modules.lmcache_driven_transfer)[0m
[32;20m[2026-09-20 14:33:20,375] LMCache INFO:[0m L1 memory usage 0.98 above watermark 0.80; triggering eviction. [3m(eviction_controller.py:179:lmcache.v1.distributed.storage_controllers.eviction_controller)[0m
[32;20m[2026-09-20 14:33:20,443] LMCache INFO:[0m Stored 384 tokens in 0.003 seconds [3m(lmcache_driven_transfer.py:1218:lmcache.v1.multiprocess.modules.lmcache_driven_transfer)[0m
[32;20m[2026-09-20 14:33:20,532] LMCache INFO:[0m Stored 384 tokens in 0.003 seconds [3m(lmcache_driven_transfer.py:1218:lmcache.v1.multiprocess.modules.lmcache_driven_transfer)[0m
[32;20m[2026-09-20 14:33:20,622] LMCache INFO:[0m Stored 384 tokens in 0.003 seconds [3m(lmcache_driven_transfer.py:1218:lmcache.v1.multiprocess.modules.lmcache_driven_transfer)[0m
[32;20m[2026-09-20 14:33:20,713] LMCache INFO:[0m Stored 384 tokens in 0.003 seconds [3m(lmcache_driven_transfer.py:1218:lmcache.v1.multiprocess.modules.lmcache_driven_transfer)[0m
[32;20m[2026-09-20 14:33:20,806] LMCache INFO:[0m Stored 336 tokens in 0.003 seconds [3m(lmcache_driven_transfer.py:1218:lmcache.v1.multiprocess.modules.lmcache_driven_transfer)[0m
[32;20m[2026-09-20 14:33:20,892] LMCache INFO:[0m Stored 368 tokens in 0.003 seconds [3m(lmcache_driven_transfer.py:1218:lmcache.v1.multiprocess.modules.lmcache_driven_transfer)[0m
[32;20m[2026-09-20 14:33:21,092] LMCache INFO:[0m Stored 384 tokens in 0.003 seconds [3m(lmcache_driven_transfer.py:1218:lmcache.v1.multiprocess.modules.lmcache_driven_transfer)[0m
[32;20m[2026-09-20 14:33:21,171] LMCache INFO:[0m Stored 384 tokens in 0.003 seconds [3m(lmcache_driven_transfer.py:1218:lmcache.v1.multiprocess.modules.lmcache_driven_transfer)[0m
[32;20m[2026-09-20 14:33:21,267] LMCache INFO:[0m Stored 384 tokens in 0.003 seconds [3m(lmcache_driven_transfer.py:1218:lmcache.v1.multiprocess.modules.lmcache_driven_transfer)[0m
[32;20m[2026-09-20 14:33:21,356] LMCache INFO:[0m Stored 384 tokens in 0.003 seconds [3m(lmcache_driven_transfer.py:1218:lmcache.v1.multiprocess.modules.lmcache_driven_transfer)[0m
[32;20m[2026-09-20 14:33:21,381] LMCache INFO:[0m L1 memory usage 0.99 above watermark 0.80; triggering eviction. [3m(eviction_controller.py:179:lmcache.v1.distributed.storage_controllers.eviction_controller)[0m
[32;20m[2026-09-20 14:33:21,444] LMCache INFO:[0m Stored 384 tokens in 0.003 seconds [3m(lmcache_driven_transfer.py:1218:lmcache.v1.multiprocess.modules.lmcache_driven_transfer)[0m
[32;20m[2026-09-20 14:33:21,537] LMCache INFO:[0m Stored 384 tokens in 0.003 seconds [3m(lmcache_driven_transfer.py:1218:lmcache.v1.multiprocess.modules.lmcache_driven_transfer)[0m
[32;20m[2026-09-20 14:33:21,628] LMCache INFO:[0m Stored 384 tokens in 0.003 seconds [3m(lmcache_driven_transfer.py:1218:lmcache.v1.multiprocess.modules.lmcache_driven_transfer)[0m
[32;20m[2026-09-20 14:33:21,717] LMCache INFO:[0m Stored 384 tokens in 0.003 seconds [3m(lmcache_driven_transfer.py:1218:lmcache.v1.multiprocess.modules.lmcache_driven_transfer)[0m
[32;20m[2026-09-20 14:33:21,804] LMCache INFO:[0m Stored 208 tokens in 0.002 seconds [3m(lmcache_driven_transfer.py:1218:lmcache.v1.multiprocess.modules.lmcache_driven_transfer)[0m
[32;20m[2026-09-20 14:33:21,824] LMCache INFO:[0m Prefetch request completed (L1+L2): 24/24 retained keys (24 L1, 0 L2) in 1.0 ms (external_request_id=cmpl-870b667296b853c0-0-9893e9bf, prefetch_request_id=-1) [3m(storage_manager.py:716:lmcache.v1.distributed.storage_manager)[0m
[32;20m[2026-09-20 14:33:21,829] LMCache INFO:[0m Retrieved 384 tokens in 0.002 seconds [3m(lmcache_driven_transfer.py:1427:lmcache.v1.multiprocess.modules.lmcache_driven_transfer)[0m
[32;20m[2026-09-20 14:33:22,082] LMCache INFO:[0m Prefetch request completed (L1+L2): 24/24 retained keys (24 L1, 0 L2) in 1.3 ms (external_request_id=cmpl-a1b00e211da440da-0-bef64aa3, prefetch_request_id=-1) [3m(storage_manager.py:716:lmcache.v1.distributed.storage_manager)[0m
[32;20m[2026-09-20 14:33:22,088] LMCache INFO:[0m Retrieved 384 tokens in 0.002 seconds [3m(lmcache_driven_transfer.py:1427:lmcache.v1.multiprocess.modules.lmcache_driven_transfer)[0m
[32;20m[2026-09-20 14:33:22,160] LMCache INFO:[0m Prefetch request completed (L1+L2): 24/24 retained keys (24 L1, 0 L2) in 1.1 ms (external_request_id=cmpl-a0ad6ecc1c30eca3-0-8c027ea2, prefetch_request_id=-1) [3m(storage_manager.py:716:lmcache.v1.distributed.storage_manager)[0m
[32;20m[2026-09-20 14:33:22,166] LMCache INFO:[0m Prefetch request completed (L1+L2): 24/24 retained keys (24 L1, 0 L2) in 1.3 ms (external_request_id=cmpl-bc3e4821d7e8644d-0-b965c8e0, prefetch_request_id=-1) [3m(storage_manager.py:716:lmcache.v1.distributed.storage_manager)[0m
[32;20m[2026-09-20 14:33:22,167] LMCache INFO:[0m Retrieved 384 tokens in 0.004 seconds [3m(lmcache_driven_transfer.py:1427:lmcache.v1.multiprocess.modules.lmcache_driven_transfer)[0m
[32;20m[2026-09-20 14:33:22,172] LMCache INFO:[0m Retrieved 384 tokens in 0.002 seconds [3m(lmcache_driven_transfer.py:1427:lmcache.v1.multiprocess.modules.lmcache_driven_transfer)[0m
[32;20m[2026-09-20 14:33:22,265] LMCache INFO:[0m Prefetch request completed (L1+L2): 24/24 retained keys (24 L1, 0 L2) in 1.0 ms (external_request_id=cmpl-878bf9adddbd945e-0-9d782e17, prefetch_request_id=-1) [3m(storage_manager.py:716:lmcache.v1.distributed.storage_manager)[0m
[32;20m[2026-09-20 14:33:22,269] LMCache INFO:[0m Retrieved 384 tokens in 0.002 seconds [3m(lmcache_driven_transfer.py:1427:lmcache.v1.multiprocess.modules.lmcache_driven_transfer)[0m
[32;20m[2026-09-20 14:33:22,320] LMCache INFO:[0m Prefetch request completed (L1+L2): 24/24 retained keys (24 L1, 0 L2) in 1.1 ms (external_request_id=cmpl-a1dd6c74193f73b0-0-a31a95e2, prefetch_request_id=-1) [3m(storage_manager.py:716:lmcache.v1.distributed.storage_manager)[0m
[32;20m[2026-09-20 14:33:22,325] LMCache INFO:[0m Retrieved 384 tokens in 0.002 seconds [3m(lmcache_driven_transfer.py:1427:lmcache.v1.multiprocess.modules.lmcache_driven_transfer)[0m
[32;20m[2026-09-20 14:33:22,379] LMCache INFO:[0m Prefetch request completed (L1+L2): 24/24 retained keys (24 L1, 0 L2) in 1.2 ms (external_request_id=cmpl-b056076d2337d56b-0-acfc8202, prefetch_request_id=-1) [3m(storage_manager.py:716:lmcache.v1.distributed.storage_manager)[0m
[32;20m[2026-09-20 14:33:22,385] LMCache INFO:[0m Retrieved 384 tokens in 0.002 seconds [3m(lmcache_driven_transfer.py:1427:lmcache.v1.multiprocess.modules.lmcache_driven_transfer)[0m
[32;20m[2026-09-20 14:33:22,388] LMCache INFO:[0m L1 memory usage 0.89 above watermark 0.80; triggering eviction. [3m(eviction_controller.py:179:lmcache.v1.distributed.storage_controllers.eviction_controller)[0m
[32;20m[2026-09-20 14:33:22,441] LMCache INFO:[0m Prefetch request completed (L1+L2): 24/24 retained keys (24 L1, 0 L2) in 1.2 ms (external_request_id=cmpl-afb5bffe3888ebfd-0-89bdac73, prefetch_request_id=-1) [3m(storage_manager.py:716:lmcache.v1.distributed.storage_manager)[0m
[32;20m[2026-09-20 14:33:22,446] LMCache INFO:[0m Retrieved 384 tokens in 0.002 seconds [3m(lmcache_driven_transfer.py:1427:lmcache.v1.multiprocess.modules.lmcache_driven_transfer)[0m
[32;20m[2026-09-20 14:33:22,498] LMCache INFO:[0m Prefetch request completed (L1+L2): 24/24 retained keys (24 L1, 0 L2) in 1.0 ms (external_request_id=cmpl-b8cb82de946862bd-0-8618462e, prefetch_request_id=-1) [3m(storage_manager.py:716:lmcache.v1.distributed.storage_manager)[0m
[32;20m[2026-09-20 14:33:22,502] LMCache INFO:[0m Retrieved 384 tokens in 0.002 seconds [3m(lmcache_driven_transfer.py:1427:lmcache.v1.multiprocess.modules.lmcache_driven_transfer)[0m
[32;20m[2026-09-20 14:33:22,598] LMCache INFO:[0m Stored 384 tokens in 0.003 seconds [3m(lmcache_driven_transfer.py:1218:lmcache.v1.multiprocess.modules.lmcache_driven_transfer)[0m
[32;20m[2026-09-20 14:33:22,637] LMCache INFO:[0m Prefetch request completed (L1+L2): 24/24 retained keys (24 L1, 0 L2) in 1.1 ms (external_request_id=cmpl-a61b50c025a56c8c-0-a62d2d46, prefetch_request_id=-1) [3m(storage_manager.py:716:lmcache.v1.distributed.storage_manager)[0m
[32;20m[2026-09-20 14:33:22,643] LMCache INFO:[0m Retrieved 384 tokens in 0.003 seconds [3m(lmcache_driven_transfer.py:1427:lmcache.v1.multiprocess.modules.lmcache_driven_transfer)[0m
[32;20m[2026-09-20 14:33:22,697] LMCache INFO:[0m Prefetch request completed (L1+L2): 13/13 retained keys (13 L1, 0 L2) in 1.1 ms (external_request_id=cmpl-9935f2106dd257c0-0-82a45796, prefetch_request_id=-1) [3m(storage_manager.py:716:lmcache.v1.distributed.storage_manager)[0m
[32;20m[2026-09-20 14:33:22,702] LMCache INFO:[0m Retrieved 208 tokens in 0.002 seconds [3m(lmcache_driven_transfer.py:1427:lmcache.v1.multiprocess.modules.lmcache_driven_transfer)[0m
[32;20m[2026-09-20 14:33:22,794] LMCache INFO:[0m Stored 384 tokens in 0.003 seconds [3m(lmcache_driven_transfer.py:1218:lmcache.v1.multiprocess.modules.lmcache_driven_transfer)[0m
[32;20m[2026-09-20 14:33:22,974] LMCache INFO:[0m Prefetch request completed (L1+L2): 24/24 retained keys (24 L1, 0 L2) in 1.2 ms (external_request_id=cmpl-835e79e2054e53d5-0-897715ee, prefetch_request_id=-1) [3m(storage_manager.py:716:lmcache.v1.distributed.storage_manager)[0m
[32;20m[2026-09-20 14:33:22,978] LMCache INFO:[0m Retrieved 384 tokens in 0.002 seconds [3m(lmcache_driven_transfer.py:1427:lmcache.v1.multiprocess.modules.lmcache_driven_transfer)[0m
[32;20m[2026-09-20 14:33:23,094] LMCache INFO:[0m Stored 384 tokens in 0.003 seconds [3m(lmcache_driven_transfer.py:1218:lmcache.v1.multiprocess.modules.lmcache_driven_transfer)[0m
[32;20m[2026-09-20 14:33:23,170] LMCache INFO:[0m Stored 384 tokens in 0.003 seconds [3m(lmcache_driven_transfer.py:1218:lmcache.v1.multiprocess.modules.lmcache_driven_transfer)[0m
[32;20m[2026-09-20 14:33:23,265] LMCache INFO:[0m Stored 384 tokens in 0.003 seconds [3m(lmcache_driven_transfer.py:1218:lmcache.v1.multiprocess.modules.lmcache_driven_transfer)[0m
[32;20m[2026-09-20 14:33:23,355] LMCache INFO:[0m Stored 384 tokens in 0.003 seconds [3m(lmcache_driven_transfer.py:1218:lmcache.v1.multiprocess.modules.lmcache_driven_transfer)[0m
[32;20m[2026-09-20 14:33:23,395] LMCache INFO:[0m L1 memory usage 0.84 above watermark 0.80; triggering eviction. [3m(eviction_controller.py:179:lmcache.v1.distributed.storage_controllers.eviction_controller)[0m
[32;20m[2026-09-20 14:33:23,452] LMCache INFO:[0m Stored 384 tokens in 0.003 seconds [3m(lmcache_driven_transfer.py:1218:lmcache.v1.multiprocess.modules.lmcache_driven_transfer)[0m
[32;20m[2026-09-20 14:33:23,543] LMCache INFO:[0m Stored 384 tokens in 0.003 seconds [3m(lmcache_driven_transfer.py:1218:lmcache.v1.multiprocess.modules.lmcache_driven_transfer)[0m
[32;20m[2026-09-20 14:33:23,635] LMCache INFO:[0m Stored 368 tokens in 0.003 seconds [3m(lmcache_driven_transfer.py:1218:lmcache.v1.multiprocess.modules.lmcache_driven_transfer)[0m
[32;20m[2026-09-20 14:33:23,730] LMCache INFO:[0m Stored 384 tokens in 0.003 seconds [3m(lmcache_driven_transfer.py:1218:lmcache.v1.multiprocess.modules.lmcache_driven_transfer)[0m
[32;20m[2026-09-20 14:33:23,821] LMCache INFO:[0m Stored 384 tokens in 0.003 seconds [3m(lmcache_driven_transfer.py:1218:lmcache.v1.multiprocess.modules.lmcache_driven_transfer)[0m
[32;20m[2026-09-20 14:33:23,912] LMCache INFO:[0m Stored 384 tokens in 0.003 seconds [3m(lmcache_driven_transfer.py:1218:lmcache.v1.multiprocess.modules.lmcache_driven_transfer)[0m
[32;20m[2026-09-20 14:33:24,000] LMCache INFO:[0m Stored 384 tokens in 0.003 seconds [3m(lmcache_driven_transfer.py:1218:lmcache.v1.multiprocess.modules.lmcache_driven_transfer)[0m
[32;20m[2026-09-20 14:33:24,102] LMCache INFO:[0m Stored 384 tokens in 0.003 seconds [3m(lmcache_driven_transfer.py:1218:lmcache.v1.multiprocess.modules.lmcache_driven_transfer)[0m
[32;20m[2026-09-20 14:33:24,186] LMCache INFO:[0m Stored 384 tokens in 0.003 seconds [3m(lmcache_driven_transfer.py:1218:lmcache.v1.multiprocess.modules.lmcache_driven_transfer)[0m
[32;20m[2026-09-20 14:33:24,277] LMCache INFO:[0m Stored 384 tokens in 0.003 seconds [3m(lmcache_driven_transfer.py:1218:lmcache.v1.multiprocess.modules.lmcache_driven_transfer)[0m
[32;20m[2026-09-20 14:33:24,382] LMCache INFO:[0m Stored 384 tokens in 0.003 seconds [3m(lmcache_driven_transfer.py:1218:lmcache.v1.multiprocess.modules.lmcache_driven_transfer)[0m
[32;20m[2026-09-20 14:33:24,403] LMCache INFO:[0m L1 memory usage 0.90 above watermark 0.80; triggering eviction. [3m(eviction_controller.py:179:lmcache.v1.distributed.storage_controllers.eviction_controller)[0m
[32;20m[2026-09-20 14:33:24,463] LMCache INFO:[0m Stored 384 tokens in 0.003 seconds [3m(lmcache_driven_transfer.py:1218:lmcache.v1.multiprocess.modules.lmcache_driven_transfer)[0m
[32;20m[2026-09-20 14:33:24,556] LMCache INFO:[0m Stored 384 tokens in 0.003 seconds [3m(lmcache_driven_transfer.py:1218:lmcache.v1.multiprocess.modules.lmcache_driven_transfer)[0m
[32;20m[2026-09-20 14:33:24,647] LMCache INFO:[0m Stored 384 tokens in 0.003 seconds [3m(lmcache_driven_transfer.py:1218:lmcache.v1.multiprocess.modules.lmcache_driven_transfer)[0m
[32;20m[2026-09-20 14:33:24,738] LMCache INFO:[0m Stored 384 tokens in 0.004 seconds [3m(lmcache_driven_transfer.py:1218:lmcache.v1.multiprocess.modules.lmcache_driven_transfer)[0m
[32;20m[2026-09-20 14:33:24,826] LMCache INFO:[0m Stored 384 tokens in 0.004 seconds [3m(lmcache_driven_transfer.py:1218:lmcache.v1.multiprocess.modules.lmcache_driven_transfer)[0m
[32;20m[2026-09-20 14:33:24,921] LMCache INFO:[0m Stored 384 tokens in 0.003 seconds [3m(lmcache_driven_transfer.py:1218:lmcache.v1.multiprocess.modules.lmcache_driven_transfer)[0m
[32;20m[2026-09-20 14:33:25,015] LMCache INFO:[0m Stored 384 tokens in 0.003 seconds [3m(lmcache_driven_transfer.py:1218:lmcache.v1.multiprocess.modules.lmcache_driven_transfer)[0m
[32;20m[2026-09-20 14:33:25,056] LMCache INFO:[0m Prefetch request completed (L1+L2): 24/24 retained keys (24 L1, 0 L2) in 2.1 ms (external_request_id=cmpl-a25f46e23363ff89-0-843f5a65, prefetch_request_id=-1) [3m(storage_manager.py:716:lmcache.v1.distributed.storage_manager)[0m
[32;20m[2026-09-20 14:33:25,061] LMCache INFO:[0m Retrieved 384 tokens in 0.002 seconds [3m(lmcache_driven_transfer.py:1427:lmcache.v1.multiprocess.modules.lmcache_driven_transfer)[0m
[32;20m[2026-09-20 14:33:25,175] LMCache INFO:[0m Stored 384 tokens in 0.003 seconds [3m(lmcache_driven_transfer.py:1218:lmcache.v1.multiprocess.modules.lmcache_driven_transfer)[0m
[32;20m[2026-09-20 14:33:25,255] LMCache INFO:[0m Stored 384 tokens in 0.003 seconds [3m(lmcache_driven_transfer.py:1218:lmcache.v1.multiprocess.modules.lmcache_driven_transfer)[0m
[32;20m[2026-09-20 14:33:25,349] LMCache INFO:[0m Stored 384 tokens in 0.003 seconds [3m(lmcache_driven_transfer.py:1218:lmcache.v1.multiprocess.modules.lmcache_driven_transfer)[0m
[32;20m[2026-09-20 14:33:25,409] LMCache INFO:[0m L1 memory usage 0.93 above watermark 0.80; triggering eviction. [3m(eviction_controller.py:179:lmcache.v1.distributed.storage_controllers.eviction_controller)[0m
[32;20m[2026-09-20 14:33:25,438] LMCache INFO:[0m Stored 384 tokens in 0.003 seconds [3m(lmcache_driven_transfer.py:1218:lmcache.v1.multiprocess.modules.lmcache_driven_transfer)[0m
[32;20m[2026-09-20 14:33:25,537] LMCache INFO:[0m Stored 384 tokens in 0.003 seconds [3m(lmcache_driven_transfer.py:1218:lmcache.v1.multiprocess.modules.lmcache_driven_transfer)[0m
[32;20m[2026-09-20 14:33:25,628] LMCache INFO:[0m Stored 384 tokens in 0.003 seconds [3m(lmcache_driven_transfer.py:1218:lmcache.v1.multiprocess.modules.lmcache_driven_transfer)[0m
[32;20m[2026-09-20 14:33:25,722] LMCache INFO:[0m Stored 384 tokens in 0.003 seconds [3m(lmcache_driven_transfer.py:1218:lmcache.v1.multiprocess.modules.lmcache_driven_transfer)[0m
[32;20m[2026-09-20 14:33:25,813] LMCache INFO:[0m Stored 384 tokens in 0.003 seconds [3m(lmcache_driven_transfer.py:1218:lmcache.v1.multiprocess.modules.lmcache_driven_transfer)[0m
[32;20m[2026-09-20 14:33:25,904] LMCache INFO:[0m Stored 384 tokens in 0.003 seconds [3m(lmcache_driven_transfer.py:1218:lmcache.v1.multiprocess.modules.lmcache_driven_transfer)[0m
[32;20m[2026-09-20 14:33:25,995] LMCache INFO:[0m Stored 384 tokens in 0.003 seconds [3m(lmcache_driven_transfer.py:1218:lmcache.v1.multiprocess.modules.lmcache_driven_transfer)[0m
[32;20m[2026-09-20 14:33:26,034] LMCache INFO:[0m Prefetch request completed (L1+L2): 24/24 retained keys (24 L1, 0 L2) in 1.4 ms (external_request_id=cmpl-99d37be290859b17-0-8195ddb0, prefetch_request_id=-1) [3m(storage_manager.py:716:lmcache.v1.distributed.storage_manager)[0m
[32;20m[2026-09-20 14:33:26,039] LMCache INFO:[0m Retrieved 384 tokens in 0.002 seconds [3m(lmcache_driven_transfer.py:1427:lmcache.v1.multiprocess.modules.lmcache_driven_transfer)[0m
[32;20m[2026-09-20 14:33:26,153] LMCache INFO:[0m Stored 368 tokens in 0.003 seconds [3m(lmcache_driven_transfer.py:1218:lmcache.v1.multiprocess.modules.lmcache_driven_transfer)[0m
[32;20m[2026-09-20 14:33:26,231] LMCache INFO:[0m Stored 384 tokens in 0.003 seconds [3m(lmcache_driven_transfer.py:1218:lmcache.v1.multiprocess.modules.lmcache_driven_transfer)[0m
[32;20m[2026-09-20 14:33:26,327] LMCache INFO:[0m Stored 384 tokens in 0.003 seconds [3m(lmcache_driven_transfer.py:1218:lmcache.v1.multiprocess.modules.lmcache_driven_transfer)[0m
[32;20m[2026-09-20 14:33:26,370] LMCache INFO:[0m L0<->L1 stats [cuda:0] last 10.0s: store ops=96 tokens=35984 size=1.03GB avg_copy=7.48GB/s | retrieve ops=17 tokens=6352 size=0.18GB avg_copy=4.18GB/s [3m(extra_stats.py:159:lmcache.v1.mp_observability.subscribers.logging.extra_stats)[0m
[32;20m[2026-09-20 14:33:26,371] LMCache INFO:[0m L0<->L1 stats [cuda:0] cumulative: store ops=278 tokens=102160 size=2.93GB avg_copy=7.18GB/s | retrieve ops=59 tokens=22064 size=0.63GB avg_copy=4.11GB/s [3m(extra_stats.py:168:lmcache.v1.mp_observability.subscribers.logging.extra_stats)[0m
[32;20m[2026-09-20 14:33:26,416] LMCache INFO:[0m L1 memory usage: 0.47/0.50 GiB (94.8%) [3m(eviction_controller.py:153:lmcache.v1.distributed.storage_controllers.eviction_controller)[0m
[32;20m[2026-09-20 14:33:26,416] LMCache INFO:[0m L1 memory usage 0.95 above watermark 0.80; triggering eviction. [3m(eviction_controller.py:179:lmcache.v1.distributed.storage_controllers.eviction_controller)[0m
[32;20m[2026-09-20 14:33:26,426] LMCache INFO:[0m Stored 384 tokens in 0.004 seconds [3m(lmcache_driven_transfer.py:1218:lmcache.v1.multiprocess.modules.lmcache_driven_transfer)[0m
[32;20m[2026-09-20 14:33:26,514] LMCache INFO:[0m Stored 384 tokens in 0.003 seconds [3m(lmcache_driven_transfer.py:1218:lmcache.v1.multiprocess.modules.lmcache_driven_transfer)[0m
[32;20m[2026-09-20 14:33:26,602] LMCache INFO:[0m Stored 384 tokens in 0.003 seconds [3m(lmcache_driven_transfer.py:1218:lmcache.v1.multiprocess.modules.lmcache_driven_transfer)[0m
[32;20m[2026-09-20 14:33:26,699] LMCache INFO:[0m Stored 384 tokens in 0.005 seconds [3m(lmcache_driven_transfer.py:1218:lmcache.v1.multiprocess.modules.lmcache_driven_transfer)[0m
[32;20m[2026-09-20 14:33:26,791] LMCache INFO:[0m Stored 384 tokens in 0.003 seconds [3m(lmcache_driven_transfer.py:1218:lmcache.v1.multiprocess.modules.lmcache_driven_transfer)[0m
[32;20m[2026-09-20 14:33:26,882] LMCache INFO:[0m Stored 384 tokens in 0.003 seconds [3m(lmcache_driven_transfer.py:1218:lmcache.v1.multiprocess.modules.lmcache_driven_transfer)[0m
[32;20m[2026-09-20 14:33:26,971] LMCache INFO:[0m Stored 320 tokens in 0.003 seconds [3m(lmcache_driven_transfer.py:1218:lmcache.v1.multiprocess.modules.lmcache_driven_transfer)[0m
[32;20m[2026-09-20 14:33:27,054] LMCache INFO:[0m Stored 384 tokens in 0.003 seconds [3m(lmcache_driven_transfer.py:1218:lmcache.v1.multiprocess.modules.lmcache_driven_transfer)[0m
[32;20m[2026-09-20 14:33:27,097] LMCache INFO:[0m Prefetch request completed (L1+L2): 24/24 retained keys (24 L1, 0 L2) in 1.8 ms (external_request_id=cmpl-b1d2a02e983df5e8-0-85baf711, prefetch_request_id=-1) [3m(storage_manager.py:716:lmcache.v1.distributed.storage_manager)[0m
[32;20m[2026-09-20 14:33:27,103] LMCache INFO:[0m Retrieved 384 tokens in 0.002 seconds [3m(lmcache_driven_transfer.py:1427:lmcache.v1.multiprocess.modules.lmcache_driven_transfer)[0m
[32;20m[2026-09-20 14:33:27,218] LMCache INFO:[0m Stored 384 tokens in 0.003 seconds [3m(lmcache_driven_transfer.py:1218:lmcache.v1.multiprocess.modules.lmcache_driven_transfer)[0m
[32;20m[2026-09-20 14:33:27,295] LMCache INFO:[0m Stored 384 tokens in 0.003 seconds [3m(lmcache_driven_transfer.py:1218:lmcache.v1.multiprocess.modules.lmcache_driven_transfer)[0m
[32;20m[2026-09-20 14:33:27,386] LMCache INFO:[0m Stored 384 tokens in 0.003 seconds [3m(lmcache_driven_transfer.py:1218:lmcache.v1.multiprocess.modules.lmcache_driven_transfer)[0m
[32;20m[2026-09-20 14:33:27,424] LMCache INFO:[0m L1 memory usage 0.98 above watermark 0.80; triggering eviction. [3m(eviction_controller.py:179:lmcache.v1.distributed.storage_controllers.eviction_controller)[0m
[32;20m[2026-09-20 14:33:27,485] LMCache INFO:[0m Stored 384 tokens in 0.003 seconds [3m(lmcache_driven_transfer.py:1218:lmcache.v1.multiprocess.modules.lmcache_driven_transfer)[0m
[32;20m[2026-09-20 14:33:27,578] LMCache INFO:[0m Stored 384 tokens in 0.003 seconds [3m(lmcache_driven_transfer.py:1218:lmcache.v1.multiprocess.modules.lmcache_driven_transfer)[0m
[32;20m[2026-09-20 14:33:27,669] LMCache INFO:[0m Stored 384 tokens in 0.003 seconds [3m(lmcache_driven_transfer.py:1218:lmcache.v1.multiprocess.modules.lmcache_driven_transfer)[0m
[32;20m[2026-09-20 14:33:27,756] LMCache INFO:[0m Stored 336 tokens in 0.002 seconds [3m(lmcache_driven_transfer.py:1218:lmcache.v1.multiprocess.modules.lmcache_driven_transfer)[0m
[32;20m[2026-09-20 14:33:27,848] LMCache INFO:[0m Stored 384 tokens in 0.003 seconds [3m(lmcache_driven_transfer.py:1218:lmcache.v1.multiprocess.modules.lmcache_driven_transfer)[0m
[32;20m[2026-09-20 14:33:27,938] LMCache INFO:[0m Stored 384 tokens in 0.003 seconds [3m(lmcache_driven_transfer.py:1218:lmcache.v1.multiprocess.modules.lmcache_driven_transfer)[0m
[32;20m[2026-09-20 14:33:28,030] LMCache INFO:[0m Stored 368 tokens in 0.003 seconds [3m(lmcache_driven_transfer.py:1218:lmcache.v1.multiprocess.modules.lmcache_driven_transfer)[0m
[32;20m[2026-09-20 14:33:28,124] LMCache INFO:[0m Stored 384 tokens in 0.003 seconds [3m(lmcache_driven_transfer.py:1218:lmcache.v1.multiprocess.modules.lmcache_driven_transfer)[0m
[32;20m[2026-09-20 14:33:28,165] LMCache INFO:[0m Prefetch request completed (L1+L2): 24/24 retained keys (24 L1, 0 L2) in 2.1 ms (external_request_id=cmpl-9d938c7bacc35a87-0-8add7623, prefetch_request_id=-1) [3m(storage_manager.py:716:lmcache.v1.distributed.storage_manager)[0m
[32;20m[2026-09-20 14:33:28,171] LMCache INFO:[0m Retrieved 384 tokens in 0.002 seconds [3m(lmcache_driven_transfer.py:1427:lmcache.v1.multiprocess.modules.lmcache_driven_transfer)[0m
[32;20m[2026-09-20 14:33:28,287] LMCache INFO:[0m Stored 384 tokens in 0.003 seconds [3m(lmcache_driven_transfer.py:1218:lmcache.v1.multiprocess.modules.lmcache_driven_transfer)[0m
[32;20m[2026-09-20 14:33:28,366] LMCache INFO:[0m Stored 384 tokens in 0.003 seconds [3m(lmcache_driven_transfer.py:1218:lmcache.v1.multiprocess.modules.lmcache_driven_transfer)[0m
[32;20m[2026-09-20 14:33:28,432] LMCache INFO:[0m L1 memory usage 0.99 above watermark 0.80; triggering eviction. [3m(eviction_controller.py:179:lmcache.v1.distributed.storage_controllers.eviction_controller)[0m
[32;20m[2026-09-20 14:33:28,463] LMCache INFO:[0m Stored 384 tokens in 0.003 seconds [3m(lmcache_driven_transfer.py:1218:lmcache.v1.multiprocess.modules.lmcache_driven_transfer)[0m
[32;20m[2026-09-20 14:33:28,551] LMCache INFO:[0m Stored 384 tokens in 0.003 seconds [3m(lmcache_driven_transfer.py:1218:lmcache.v1.multiprocess.modules.lmcache_driven_transfer)[0m
[32;20m[2026-09-20 14:33:28,644] LMCache INFO:[0m Stored 384 tokens in 0.004 seconds [3m(lmcache_driven_transfer.py:1218:lmcache.v1.multiprocess.modules.lmcache_driven_transfer)[0m
[32;20m[2026-09-20 14:33:28,735] LMCache INFO:[0m Stored 368 tokens in 0.003 seconds [3m(lmcache_driven_transfer.py:1218:lmcache.v1.multiprocess.modules.lmcache_driven_transfer)[0m
[32;20m[2026-09-20 14:33:28,824] LMCache INFO:[0m Stored 384 tokens in 0.004 seconds [3m(lmcache_driven_transfer.py:1218:lmcache.v1.multiprocess.modules.lmcache_driven_transfer)[0m
[32;20m[2026-09-20 14:33:28,922] LMCache INFO:[0m Stored 384 tokens in 0.003 seconds [3m(lmcache_driven_transfer.py:1218:lmcache.v1.multiprocess.modules.lmcache_driven_transfer)[0m
[32;20m[2026-09-20 14:33:29,011] LMCache INFO:[0m Stored 384 tokens in 0.003 seconds [3m(lmcache_driven_transfer.py:1218:lmcache.v1.multiprocess.modules.lmcache_driven_transfer)[0m
[32;20m[2026-09-20 14:33:29,103] LMCache INFO:[0m Stored 384 tokens in 0.003 seconds [3m(lmcache_driven_transfer.py:1218:lmcache.v1.multiprocess.modules.lmcache_driven_transfer)[0m
[32;20m[2026-09-20 14:33:29,146] LMCache INFO:[0m Prefetch request completed (L1+L2): 24/24 retained keys (24 L1, 0 L2) in 1.4 ms (external_request_id=cmpl-82653c4e3031f707-0-a725c7c5, prefetch_request_id=-1) [3m(storage_manager.py:716:lmcache.v1.distributed.storage_manager)[0m
[32;20m[2026-09-20 14:33:29,152] LMCache INFO:[0m Retrieved 384 tokens in 0.002 seconds [3m(lmcache_driven_transfer.py:1427:lmcache.v1.multiprocess.modules.lmcache_driven_transfer)[0m
[32;20m[2026-09-20 14:33:29,225] LMCache INFO:[0m Prefetch request completed (L1+L2): 24/24 retained keys (24 L1, 0 L2) in 1.2 ms (external_request_id=cmpl-bb7d94a7bc9ef3e7-0-aec2a2fa, prefetch_request_id=-1) [3m(storage_manager.py:716:lmcache.v1.distributed.storage_manager)[0m
[32;20m[2026-09-20 14:33:29,231] LMCache INFO:[0m Prefetch request completed (L1+L2): 24/24 retained keys (24 L1, 0 L2) in 1.2 ms (external_request_id=cmpl-b8f54274dbe2d3e2-0-8f710460, prefetch_request_id=-1) [3m(storage_manager.py:716:lmcache.v1.distributed.storage_manager)[0m
[32;20m[2026-09-20 14:33:29,232] LMCache INFO:[0m Retrieved 384 tokens in 0.004 seconds [3m(lmcache_driven_transfer.py:1427:lmcache.v1.multiprocess.modules.lmcache_driven_transfer)[0m
[32;20m[2026-09-20 14:33:29,236] LMCache INFO:[0m Retrieved 384 tokens in 0.002 seconds [3m(lmcache_driven_transfer.py:1427:lmcache.v1.multiprocess.modules.lmcache_driven_transfer)[0m
[32;20m[2026-09-20 14:33:29,331] LMCache INFO:[0m Prefetch request completed (L1+L2): 24/24 retained keys (24 L1, 0 L2) in 1.2 ms (external_request_id=cmpl-99dfe5161e905feb-0-8fe3ec1c, prefetch_request_id=-1) [3m(storage_manager.py:716:lmcache.v1.distributed.storage_manager)[0m
[32;20m[2026-09-20 14:33:29,336] LMCache INFO:[0m Retrieved 384 tokens in 0.002 seconds [3m(lmcache_driven_transfer.py:1427:lmcache.v1.multiprocess.modules.lmcache_driven_transfer)[0m
[32;20m[2026-09-20 14:33:29,389] LMCache INFO:[0m Prefetch request completed (L1+L2): 24/24 retained keys (24 L1, 0 L2) in 1.0 ms (external_request_id=cmpl-82ffd613d90fb746-0-b1dafb24, prefetch_request_id=-1) [3m(storage_manager.py:716:lmcache.v1.distributed.storage_manager)[0m
[32;20m[2026-09-20 14:33:29,394] LMCache INFO:[0m Retrieved 384 tokens in 0.002 seconds [3m(lmcache_driven_transfer.py:1427:lmcache.v1.multiprocess.modules.lmcache_driven_transfer)[0m
[32;20m[2026-09-20 14:33:29,441] LMCache INFO:[0m L1 memory usage 0.96 above watermark 0.80; triggering eviction. [3m(eviction_controller.py:179:lmcache.v1.distributed.storage_controllers.eviction_controller)[0m
[32;20m[2026-09-20 14:33:29,454] LMCache INFO:[0m Prefetch request completed (L1+L2): 24/24 retained keys (24 L1, 0 L2) in 1.2 ms (external_request_id=cmpl-86f21c2d85c143ee-0-8e40181b, prefetch_request_id=-1) [3m(storage_manager.py:716:lmcache.v1.distributed.storage_manager)[0m
[32;20m[2026-09-20 14:33:29,459] LMCache INFO:[0m Retrieved 384 tokens in 0.002 seconds [3m(lmcache_driven_transfer.py:1427:lmcache.v1.multiprocess.modules.lmcache_driven_transfer)[0m
[32;20m[2026-09-20 14:33:29,513] LMCache INFO:[0m Prefetch request completed (L1+L2): 23/23 retained keys (23 L1, 0 L2) in 1.1 ms (external_request_id=cmpl-85fbe81d1a0197a8-0-bd294326, prefetch_request_id=-1) [3m(storage_manager.py:716:lmcache.v1.distributed.storage_manager)[0m
[32;20m[2026-09-20 14:33:29,518] LMCache INFO:[0m Retrieved 368 tokens in 0.002 seconds [3m(lmcache_driven_transfer.py:1427:lmcache.v1.multiprocess.modules.lmcache_driven_transfer)[0m
[32;20m[2026-09-20 14:33:29,572] LMCache INFO:[0m Prefetch request completed (L1+L2): 24/24 retained keys (24 L1, 0 L2) in 1.4 ms (external_request_id=cmpl-935febb1e753ea90-0-ba744e8d, prefetch_request_id=-1) [3m(storage_manager.py:716:lmcache.v1.distributed.storage_manager)[0m
[32;20m[2026-09-20 14:33:29,578] LMCache INFO:[0m Retrieved 384 tokens in 0.002 seconds [3m(lmcache_driven_transfer.py:1427:lmcache.v1.multiprocess.modules.lmcache_driven_transfer)[0m
[32;20m[2026-09-20 14:33:29,631] LMCache INFO:[0m Prefetch request completed (L1+L2): 24/24 retained keys (24 L1, 0 L2) in 1.1 ms (external_request_id=cmpl-96d7ca29e7719fcf-0-a374077d, prefetch_request_id=-1) [3m(storage_manager.py:716:lmcache.v1.distributed.storage_manager)[0m
[32;20m[2026-09-20 14:33:29,636] LMCache INFO:[0m Retrieved 384 tokens in 0.003 seconds [3m(lmcache_driven_transfer.py:1427:lmcache.v1.multiprocess.modules.lmcache_driven_transfer)[0m
[32;20m[2026-09-20 14:33:29,689] LMCache INFO:[0m Prefetch request completed (L1+L2): 24/24 retained keys (24 L1, 0 L2) in 1.1 ms (external_request_id=cmpl-8002f7f3e741bf57-0-ac087eb1, prefetch_request_id=-1) [3m(storage_manager.py:716:lmcache.v1.distributed.storage_manager)[0m
[32;20m[2026-09-20 14:33:29,694] LMCache INFO:[0m Retrieved 384 tokens in 0.002 seconds [3m(lmcache_driven_transfer.py:1427:lmcache.v1.multiprocess.modules.lmcache_driven_transfer)[0m
[32;20m[2026-09-20 14:33:29,748] LMCache INFO:[0m Prefetch request completed (L1+L2): 20/20 retained keys (20 L1, 0 L2) in 1.3 ms (external_request_id=cmpl-b9f79d6814c3304a-0-b5dccfa5, prefetch_request_id=-1) [3m(storage_manager.py:716:lmcache.v1.distributed.storage_manager)[0m
[32;20m[2026-09-20 14:33:29,753] LMCache INFO:[0m Retrieved 320 tokens in 0.002 seconds [3m(lmcache_driven_transfer.py:1427:lmcache.v1.multiprocess.modules.lmcache_driven_transfer)[0m
[32;20m[2026-09-20 14:33:29,853] LMCache INFO:[0m Stored 384 tokens in 0.003 seconds [3m(lmcache_driven_transfer.py:1218:lmcache.v1.multiprocess.modules.lmcache_driven_transfer)[0m
[32;20m[2026-09-20 14:33:30,039] LMCache INFO:[0m Prefetch request completed (L1+L2): 24/24 retained keys (24 L1, 0 L2) in 1.2 ms (external_request_id=cmpl-ba6e7d02ba1f93fe-0-a70e777a, prefetch_request_id=-1) [3m(storage_manager.py:716:lmcache.v1.distributed.storage_manager)[0m
[32;20m[2026-09-20 14:33:30,044] LMCache INFO:[0m Retrieved 384 tokens in 0.002 seconds [3m(lmcache_driven_transfer.py:1427:lmcache.v1.multiprocess.modules.lmcache_driven_transfer)[0m
[32;20m[2026-09-20 14:33:30,117] LMCache INFO:[0m Prefetch request completed (L1+L2): 24/24 retained keys (24 L1, 0 L2) in 1.1 ms (external_request_id=cmpl-a17e061698796d0c-0-bd4c748a, prefetch_request_id=-1) [3m(storage_manager.py:716:lmcache.v1.distributed.storage_manager)[0m
[32;20m[2026-09-20 14:33:30,124] LMCache INFO:[0m Prefetch request completed (L1+L2): 24/24 retained keys (24 L1, 0 L2) in 1.3 ms (external_request_id=cmpl-aae4373b3e7c6d0e-0-9f2f582b, prefetch_request_id=-1) [3m(storage_manager.py:716:lmcache.v1.distributed.storage_manager)[0m
[32;20m[2026-09-20 14:33:30,125] LMCache INFO:[0m Retrieved 384 tokens in 0.005 seconds [3m(lmcache_driven_transfer.py:1427:lmcache.v1.multiprocess.modules.lmcache_driven_transfer)[0m
[32;20m[2026-09-20 14:33:30,133] LMCache INFO:[0m Retrieved 384 tokens in 0.005 seconds [3m(lmcache_driven_transfer.py:1427:lmcache.v1.multiprocess.modules.lmcache_driven_transfer)[0m
[32;20m[2026-09-20 14:33:30,218] LMCache INFO:[0m Prefetch request completed (L1+L2): 24/24 retained keys (24 L1, 0 L2) in 1.4 ms (external_request_id=cmpl-ad3c02fd13e408e1-0-9cc6bce8, prefetch_request_id=-1) [3m(storage_manager.py:716:lmcache.v1.distributed.storage_manager)[0m
[32;20m[2026-09-20 14:33:30,224] LMCache INFO:[0m Retrieved 384 tokens in 0.002 seconds [3m(lmcache_driven_transfer.py:1427:lmcache.v1.multiprocess.modules.lmcache_driven_transfer)[0m
[32;20m[2026-09-20 14:33:30,277] LMCache INFO:[0m Prefetch request completed (L1+L2): 24/24 retained keys (24 L1, 0 L2) in 1.3 ms (external_request_id=cmpl-9c7d99082553af63-0-8797e4ee, prefetch_request_id=-1) [3m(storage_manager.py:716:lmcache.v1.distributed.storage_manager)[0m
[32;20m[2026-09-20 14:33:30,282] LMCache INFO:[0m Retrieved 384 tokens in 0.002 seconds [3m(lmcache_driven_transfer.py:1427:lmcache.v1.multiprocess.modules.lmcache_driven_transfer)[0m
[32;20m[2026-09-20 14:33:30,383] LMCache INFO:[0m Stored 384 tokens in 0.003 seconds [3m(lmcache_driven_transfer.py:1218:lmcache.v1.multiprocess.modules.lmcache_driven_transfer)[0m
[32;20m[2026-09-20 14:33:30,424] LMCache INFO:[0m Prefetch request completed (L1+L2): 18/24 retained keys (18 L1, 0 L2) in 1.1 ms (external_request_id=cmpl-86e062b52ea6d028-0-8cec7e50, prefetch_request_id=-1) [3m(storage_manager.py:716:lmcache.v1.distributed.storage_manager)[0m
[32;20m[2026-09-20 14:33:30,429] LMCache INFO:[0m Retrieved 288 tokens in 0.002 seconds [3m(lmcache_driven_transfer.py:1427:lmcache.v1.multiprocess.modules.lmcache_driven_transfer)[0m
[32;20m[2026-09-20 14:33:30,453] LMCache INFO:[0m L1 memory usage 0.81 above watermark 0.80; triggering eviction. [3m(eviction_controller.py:179:lmcache.v1.distributed.storage_controllers.eviction_controller)[0m
[32;20m[2026-09-20 14:33:30,474] LMCache INFO:[0m Stored 96 tokens in 0.002 seconds [3m(lmcache_driven_transfer.py:1218:lmcache.v1.multiprocess.modules.lmcache_driven_transfer)[0m
[32;20m[2026-09-20 14:33:30,528] LMCache INFO:[0m Stored 384 tokens in 0.003 seconds [3m(lmcache_driven_transfer.py:1218:lmcache.v1.multiprocess.modules.lmcache_driven_transfer)[0m
[32;20m[2026-09-20 14:33:30,618] LMCache INFO:[0m Stored 384 tokens in 0.003 seconds [3m(lmcache_driven_transfer.py:1218:lmcache.v1.multiprocess.modules.lmcache_driven_transfer)[0m
[32;20m[2026-09-20 14:33:30,714] LMCache INFO:[0m Stored 384 tokens in 0.003 seconds [3m(lmcache_driven_transfer.py:1218:lmcache.v1.multiprocess.modules.lmcache_driven_transfer)[0m
[32;20m[2026-09-20 14:33:30,801] LMCache INFO:[0m Stored 384 tokens in 0.003 seconds [3m(lmcache_driven_transfer.py:1218:lmcache.v1.multiprocess.modules.lmcache_driven_transfer)[0m
[32;20m[2026-09-20 14:33:30,897] LMCache INFO:[0m Stored 384 tokens in 0.003 seconds [3m(lmcache_driven_transfer.py:1218:lmcache.v1.multiprocess.modules.lmcache_driven_transfer)[0m
[32;20m[2026-09-20 14:33:31,016] LMCache INFO:[0m Stored 64 tokens in 0.004 seconds [3m(lmcache_driven_transfer.py:1218:lmcache.v1.multiprocess.modules.lmcache_driven_transfer)[0m
[32;20m[2026-09-20 14:33:31,087] LMCache INFO:[0m Stored 384 tokens in 0.003 seconds [3m(lmcache_driven_transfer.py:1218:lmcache.v1.multiprocess.modules.lmcache_driven_transfer)[0m
[32;20m[2026-09-20 14:33:31,170] LMCache INFO:[0m Stored 384 tokens in 0.003 seconds [3m(lmcache_driven_transfer.py:1218:lmcache.v1.multiprocess.modules.lmcache_driven_transfer)[0m
[32;20m[2026-09-20 14:33:31,263] LMCache INFO:[0m Stored 384 tokens in 0.003 seconds [3m(lmcache_driven_transfer.py:1218:lmcache.v1.multiprocess.modules.lmcache_driven_transfer)[0m
[32;20m[2026-09-20 14:33:31,358] LMCache INFO:[0m Stored 384 tokens in 0.003 seconds [3m(lmcache_driven_transfer.py:1218:lmcache.v1.multiprocess.modules.lmcache_driven_transfer)[0m
[32;20m[2026-09-20 14:33:31,449] LMCache INFO:[0m Stored 384 tokens in 0.003 seconds [3m(lmcache_driven_transfer.py:1218:lmcache.v1.multiprocess.modules.lmcache_driven_transfer)[0m
[32;20m[2026-09-20 14:33:31,459] LMCache INFO:[0m L1 memory usage 0.86 above watermark 0.80; triggering eviction. [3m(eviction_controller.py:179:lmcache.v1.distributed.storage_controllers.eviction_controller)[0m
[32;20m[2026-09-20 14:33:31,545] LMCache INFO:[0m Stored 384 tokens in 0.003 seconds [3m(lmcache_driven_transfer.py:1218:lmcache.v1.multiprocess.modules.lmcache_driven_transfer)[0m
[32;20m[2026-09-20 14:33:31,640] LMCache INFO:[0m Stored 384 tokens in 0.003 seconds [3m(lmcache_driven_transfer.py:1218:lmcache.v1.multiprocess.modules.lmcache_driven_transfer)[0m
[32;20m[2026-09-20 14:33:31,731] LMCache INFO:[0m Stored 384 tokens in 0.003 seconds [3m(lmcache_driven_transfer.py:1218:lmcache.v1.multiprocess.modules.lmcache_driven_transfer)[0m
[32;20m[2026-09-20 14:33:31,823] LMCache INFO:[0m Stored 384 tokens in 0.003 seconds [3m(lmcache_driven_transfer.py:1218:lmcache.v1.multiprocess.modules.lmcache_driven_transfer)[0m
[32;20m[2026-09-20 14:33:31,914] LMCache INFO:[0m Stored 384 tokens in 0.003 seconds [3m(lmcache_driven_transfer.py:1218:lmcache.v1.multiprocess.modules.lmcache_driven_transfer)[0m
[32;20m[2026-09-20 14:33:32,011] LMCache INFO:[0m Stored 384 tokens in 0.005 seconds [3m(lmcache_driven_transfer.py:1218:lmcache.v1.multiprocess.modules.lmcache_driven_transfer)[0m
[32;20m[2026-09-20 14:33:32,050] LMCache INFO:[0m Prefetch request completed (L1+L2): 24/24 retained keys (24 L1, 0 L2) in 1.4 ms (external_request_id=cmpl-bf22c99d06a2aede-0-9eeca7a6, prefetch_request_id=-1) [3m(storage_manager.py:716:lmcache.v1.distributed.storage_manager)[0m
[32;20m[2026-09-20 14:33:32,055] LMCache INFO:[0m Retrieved 384 tokens in 0.002 seconds [3m(lmcache_driven_transfer.py:1427:lmcache.v1.multiprocess.modules.lmcache_driven_transfer)[0m
[32;20m[2026-09-20 14:33:32,174] LMCache INFO:[0m Stored 384 tokens in 0.003 seconds [3m(lmcache_driven_transfer.py:1218:lmcache.v1.multiprocess.modules.lmcache_driven_transfer)[0m
[32;20m[2026-09-20 14:33:32,256] LMCache INFO:[0m Stored 384 tokens in 0.003 seconds [3m(lmcache_driven_transfer.py:1218:lmcache.v1.multiprocess.modules.lmcache_driven_transfer)[0m
[32;20m[2026-09-20 14:33:32,350] LMCache INFO:[0m Stored 384 tokens in 0.003 seconds [3m(lmcache_driven_transfer.py:1218:lmcache.v1.multiprocess.modules.lmcache_driven_transfer)[0m
[32;20m[2026-09-20 14:33:32,448] LMCache INFO:[0m Stored 384 tokens in 0.003 seconds [3m(lmcache_driven_transfer.py:1218:lmcache.v1.multiprocess.modules.lmcache_driven_transfer)[0m
[32;20m[2026-09-20 14:33:32,465] LMCache INFO:[0m L1 memory usage 0.90 above watermark 0.80; triggering eviction. [3m(eviction_controller.py:179:lmcache.v1.distributed.storage_controllers.eviction_controller)[0m
[32;20m[2026-09-20 14:33:32,546] LMCache INFO:[0m Stored 384 tokens in 0.003 seconds [3m(lmcache_driven_transfer.py:1218:lmcache.v1.multiprocess.modules.lmcache_driven_transfer)[0m
[32;20m[2026-09-20 14:33:32,641] LMCache INFO:[0m Stored 384 tokens in 0.004 seconds [3m(lmcache_driven_transfer.py:1218:lmcache.v1.multiprocess.modules.lmcache_driven_transfer)[0m
[32;20m[2026-09-20 14:33:32,735] LMCache INFO:[0m Stored 384 tokens in 0.003 seconds [3m(lmcache_driven_transfer.py:1218:lmcache.v1.multiprocess.modules.lmcache_driven_transfer)[0m
[32;20m[2026-09-20 14:33:32,827] LMCache INFO:[0m Stored 384 tokens in 0.003 seconds [3m(lmcache_driven_transfer.py:1218:lmcache.v1.multiprocess.modules.lmcache_driven_transfer)[0m
[32;20m[2026-09-20 14:33:32,923] LMCache INFO:[0m Stored 384 tokens in 0.003 seconds [3m(lmcache_driven_transfer.py:1218:lmcache.v1.multiprocess.modules.lmcache_driven_transfer)[0m
[32;20m[2026-09-20 14:33:33,014] LMCache INFO:[0m Stored 384 tokens in 0.003 seconds [3m(lmcache_driven_transfer.py:1218:lmcache.v1.multiprocess.modules.lmcache_driven_transfer)[0m
[32;20m[2026-09-20 14:33:33,065] LMCache INFO:[0m Prefetch request completed (L1+L2): 24/24 retained keys (24 L1, 0 L2) in 1.5 ms (external_request_id=cmpl-be84f0e4486ced26-0-9ec1ccad, prefetch_request_id=-1) [3m(storage_manager.py:716:lmcache.v1.distributed.storage_manager)[0m
[32;20m[2026-09-20 14:33:33,070] LMCache INFO:[0m Retrieved 384 tokens in 0.002 seconds [3m(lmcache_driven_transfer.py:1427:lmcache.v1.multiprocess.modules.lmcache_driven_transfer)[0m
[32;20m[2026-09-20 14:33:33,189] LMCache INFO:[0m Stored 384 tokens in 0.003 seconds [3m(lmcache_driven_transfer.py:1218:lmcache.v1.multiprocess.modules.lmcache_driven_transfer)[0m
[32;20m[2026-09-20 14:33:33,271] LMCache INFO:[0m Stored 384 tokens in 0.003 seconds [3m(lmcache_driven_transfer.py:1218:lmcache.v1.multiprocess.modules.lmcache_driven_transfer)[0m
[32;20m[2026-09-20 14:33:33,363] LMCache INFO:[0m Stored 384 tokens in 0.003 seconds [3m(lmcache_driven_transfer.py:1218:lmcache.v1.multiprocess.modules.lmcache_driven_transfer)[0m
[32;20m[2026-09-20 14:33:33,456] LMCache INFO:[0m Stored 384 tokens in 0.003 seconds [3m(lmcache_driven_transfer.py:1218:lmcache.v1.multiprocess.modules.lmcache_driven_transfer)[0m
[32;20m[2026-09-20 14:33:33,471] LMCache INFO:[0m L1 memory usage 0.93 above watermark 0.80; triggering eviction. [3m(eviction_controller.py:179:lmcache.v1.distributed.storage_controllers.eviction_controller)[0m
[32;20m[2026-09-20 14:33:33,549] LMCache INFO:[0m Stored 384 tokens in 0.003 seconds [3m(lmcache_driven_transfer.py:1218:lmcache.v1.multiprocess.modules.lmcache_driven_transfer)[0m
[32;20m[2026-09-20 14:33:33,646] LMCache INFO:[0m Stored 384 tokens in 0.003 seconds [3m(lmcache_driven_transfer.py:1218:lmcache.v1.multiprocess.modules.lmcache_driven_transfer)[0m
[32;20m[2026-09-20 14:33:33,740] LMCache INFO:[0m Stored 384 tokens in 0.003 seconds [3m(lmcache_driven_transfer.py:1218:lmcache.v1.multiprocess.modules.lmcache_driven_transfer)[0m
[32;20m[2026-09-20 14:33:33,831] LMCache INFO:[0m Stored 384 tokens in 0.003 seconds [3m(lmcache_driven_transfer.py:1218:lmcache.v1.multiprocess.modules.lmcache_driven_transfer)[0m
[32;20m[2026-09-20 14:33:33,925] LMCache INFO:[0m Stored 384 tokens in 0.003 seconds [3m(lmcache_driven_transfer.py:1218:lmcache.v1.multiprocess.modules.lmcache_driven_transfer)[0m
[32;20m[2026-09-20 14:33:34,038] LMCache INFO:[0m Stored 384 tokens in 0.003 seconds [3m(lmcache_driven_transfer.py:1218:lmcache.v1.multiprocess.modules.lmcache_driven_transfer)[0m
[32;20m[2026-09-20 14:33:34,122] LMCache INFO:[0m Stored 384 tokens in 0.003 seconds [3m(lmcache_driven_transfer.py:1218:lmcache.v1.multiprocess.modules.lmcache_driven_transfer)[0m
[32;20m[2026-09-20 14:33:34,167] LMCache INFO:[0m Prefetch request completed (L1+L2): 24/24 retained keys (24 L1, 0 L2) in 2.5 ms (external_request_id=cmpl-b3e984e85fe48732-0-b9e8964c, prefetch_request_id=-1) [3m(storage_manager.py:716:lmcache.v1.distributed.storage_manager)[0m
[32;20m[2026-09-20 14:33:34,173] LMCache INFO:[0m Retrieved 384 tokens in 0.003 seconds [3m(lmcache_driven_transfer.py:1427:lmcache.v1.multiprocess.modules.lmcache_driven_transfer)[0m
[32;20m[2026-09-20 14:33:34,302] LMCache INFO:[0m Stored 384 tokens in 0.006 seconds [3m(lmcache_driven_transfer.py:1218:lmcache.v1.multiprocess.modules.lmcache_driven_transfer)[0m
[32;20m[2026-09-20 14:33:34,390] LMCache INFO:[0m Stored 384 tokens in 0.003 seconds [3m(lmcache_driven_transfer.py:1218:lmcache.v1.multiprocess.modules.lmcache_driven_transfer)[0m
[32;20m[2026-09-20 14:33:34,469] LMCache INFO:[0m Stored 384 tokens in 0.003 seconds [3m(lmcache_driven_transfer.py:1218:lmcache.v1.multiprocess.modules.lmcache_driven_transfer)[0m
[32;20m[2026-09-20 14:33:34,478] LMCache INFO:[0m L1 memory usage 0.95 above watermark 0.80; triggering eviction. [3m(eviction_controller.py:179:lmcache.v1.distributed.storage_controllers.eviction_controller)[0m
[32;20m[2026-09-20 14:33:34,567] LMCache INFO:[0m Stored 384 tokens in 0.003 seconds [3m(lmcache_driven_transfer.py:1218:lmcache.v1.multiprocess.modules.lmcache_driven_transfer)[0m
[32;20m[2026-09-20 14:33:34,657] LMCache INFO:[0m Stored 384 tokens in 0.003 seconds [3m(lmcache_driven_transfer.py:1218:lmcache.v1.multiprocess.modules.lmcache_driven_transfer)[0m
[32;20m[2026-09-20 14:33:34,754] LMCache INFO:[0m Stored 384 tokens in 0.003 seconds [3m(lmcache_driven_transfer.py:1218:lmcache.v1.multiprocess.modules.lmcache_driven_transfer)[0m
[32;20m[2026-09-20 14:33:34,851] LMCache INFO:[0m Stored 368 tokens in 0.003 seconds [3m(lmcache_driven_transfer.py:1218:lmcache.v1.multiprocess.modules.lmcache_driven_transfer)[0m
[32;20m[2026-09-20 14:33:34,946] LMCache INFO:[0m Stored 384 tokens in 0.003 seconds [3m(lmcache_driven_transfer.py:1218:lmcache.v1.multiprocess.modules.lmcache_driven_transfer)[0m
[32;20m[2026-09-20 14:33:35,041] LMCache INFO:[0m Stored 384 tokens in 0.003 seconds [3m(lmcache_driven_transfer.py:1218:lmcache.v1.multiprocess.modules.lmcache_driven_transfer)[0m
[32;20m[2026-09-20 14:33:35,095] LMCache INFO:[0m Prefetch request completed (L1+L2): 24/24 retained keys (24 L1, 0 L2) in 1.0 ms (external_request_id=cmpl-902103d5387a294e-0-85aafbee, prefetch_request_id=-1) [3m(storage_manager.py:716:lmcache.v1.distributed.storage_manager)[0m
[32;20m[2026-09-20 14:33:35,100] LMCache INFO:[0m Retrieved 384 tokens in 0.002 seconds [3m(lmcache_driven_transfer.py:1427:lmcache.v1.multiprocess.modules.lmcache_driven_transfer)[0m
[32;20m[2026-09-20 14:33:35,194] LMCache INFO:[0m Stored 384 tokens in 0.003 seconds [3m(lmcache_driven_transfer.py:1218:lmcache.v1.multiprocess.modules.lmcache_driven_transfer)[0m
[32;20m[2026-09-20 14:33:35,232] LMCache INFO:[0m Prefetch request completed (L1+L2): 24/24 retained keys (24 L1, 0 L2) in 1.9 ms (external_request_id=cmpl-9b762861f143f2d7-0-8c6357da, prefetch_request_id=-1) [3m(storage_manager.py:716:lmcache.v1.distributed.storage_manager)[0m
[32;20m[2026-09-20 14:33:35,238] LMCache INFO:[0m Retrieved 384 tokens in 0.002 seconds [3m(lmcache_driven_transfer.py:1427:lmcache.v1.multiprocess.modules.lmcache_driven_transfer)[0m
[32;20m[2026-09-20 14:33:35,365] LMCache INFO:[0m Stored 384 tokens in 0.003 seconds [3m(lmcache_driven_transfer.py:1218:lmcache.v1.multiprocess.modules.lmcache_driven_transfer)[0m
[32;20m[2026-09-20 14:33:35,368] LMCache INFO:[0m Stored 384 tokens in 0.003 seconds [3m(lmcache_driven_transfer.py:1218:lmcache.v1.multiprocess.modules.lmcache_driven_transfer)[0m
[32;20m[2026-09-20 14:33:35,484] LMCache INFO:[0m L1 memory usage 0.95 above watermark 0.80; triggering eviction. [3m(eviction_controller.py:179:lmcache.v1.distributed.storage_controllers.eviction_controller)[0m
[32;20m[2026-09-20 14:33:35,518] LMCache INFO:[0m Stored 384 tokens in 0.003 seconds [3m(lmcache_driven_transfer.py:1218:lmcache.v1.multiprocess.modules.lmcache_driven_transfer)[0m
[32;20m[2026-09-20 14:33:35,610] LMCache INFO:[0m Stored 384 tokens in 0.003 seconds [3m(lmcache_driven_transfer.py:1218:lmcache.v1.multiprocess.modules.lmcache_driven_transfer)[0m
[32;20m[2026-09-20 14:33:35,706] LMCache INFO:[0m Stored 384 tokens in 0.003 seconds [3m(lmcache_driven_transfer.py:1218:lmcache.v1.multiprocess.modules.lmcache_driven_transfer)[0m
[32;20m[2026-09-20 14:33:35,800] LMCache INFO:[0m Stored 384 tokens in 0.003 seconds [3m(lmcache_driven_transfer.py:1218:lmcache.v1.multiprocess.modules.lmcache_driven_transfer)[0m
[32;20m[2026-09-20 14:33:35,891] LMCache INFO:[0m Stored 368 tokens in 0.003 seconds [3m(lmcache_driven_transfer.py:1218:lmcache.v1.multiprocess.modules.lmcache_driven_transfer)[0m
[32;20m[2026-09-20 14:33:35,987] LMCache INFO:[0m Stored 208 tokens in 0.002 seconds [3m(lmcache_driven_transfer.py:1218:lmcache.v1.multiprocess.modules.lmcache_driven_transfer)[0m
[32;20m[2026-09-20 14:33:36,051] LMCache INFO:[0m Stored 368 tokens in 0.003 seconds [3m(lmcache_driven_transfer.py:1218:lmcache.v1.multiprocess.modules.lmcache_driven_transfer)[0m
[32;20m[2026-09-20 14:33:36,145] LMCache INFO:[0m Stored 384 tokens in 0.003 seconds [3m(lmcache_driven_transfer.py:1218:lmcache.v1.multiprocess.modules.lmcache_driven_transfer)[0m
[32;20m[2026-09-20 14:33:36,239] LMCache INFO:[0m Stored 384 tokens in 0.003 seconds [3m(lmcache_driven_transfer.py:1218:lmcache.v1.multiprocess.modules.lmcache_driven_transfer)[0m
[32;20m[2026-09-20 14:33:36,327] LMCache INFO:[0m Stored 384 tokens in 0.003 seconds [3m(lmcache_driven_transfer.py:1218:lmcache.v1.multiprocess.modules.lmcache_driven_transfer)[0m
[32;20m[2026-09-20 14:33:36,374] LMCache INFO:[0m L0<->L1 stats [cuda:0] last 10.0s: store ops=92 tokens=34352 size=0.98GB avg_copy=7.22GB/s | retrieve ops=24 tokens=9040 size=0.26GB avg_copy=3.81GB/s [3m(extra_stats.py:159:lmcache.v1.mp_observability.subscribers.logging.extra_stats)[0m
[32;20m[2026-09-20 14:33:36,374] LMCache INFO:[0m L0<->L1 stats [cuda:0] cumulative: store ops=370 tokens=136512 size=3.91GB avg_copy=7.19GB/s | retrieve ops=83 tokens=31104 size=0.89GB avg_copy=4.01GB/s [3m(extra_stats.py:168:lmcache.v1.mp_observability.subscribers.logging.extra_stats)[0m
[32;20m[2026-09-20 14:33:36,402] LMCache INFO:[0m Prefetch request completed (L1+L2): 24/24 retained keys (24 L1, 0 L2) in 1.1 ms (external_request_id=cmpl-b247e060a30583c5-0-b8f2ff78, prefetch_request_id=-1) [3m(storage_manager.py:716:lmcache.v1.distributed.storage_manager)[0m
[32;20m[2026-09-20 14:33:36,409] LMCache INFO:[0m Prefetch request completed (L1+L2): 24/24 retained keys (24 L1, 0 L2) in 1.5 ms (external_request_id=cmpl-b6423ac60519eab6-0-bee21082, prefetch_request_id=-1) [3m(storage_manager.py:716:lmcache.v1.distributed.storage_manager)[0m
[32;20m[2026-09-20 14:33:36,410] LMCache INFO:[0m Retrieved 384 tokens in 0.004 seconds [3m(lmcache_driven_transfer.py:1427:lmcache.v1.multiprocess.modules.lmcache_driven_transfer)[0m
[32;20m[2026-09-20 14:33:36,416] LMCache INFO:[0m Retrieved 384 tokens in 0.003 seconds [3m(lmcache_driven_transfer.py:1427:lmcache.v1.multiprocess.modules.lmcache_driven_transfer)[0m
[32;20m[2026-09-20 14:33:36,492] LMCache INFO:[0m L1 memory usage: 0.48/0.50 GiB (95.4%) [3m(eviction_controller.py:153:lmcache.v1.distributed.storage_controllers.eviction_controller)[0m
[32;20m[2026-09-20 14:33:36,494] LMCache INFO:[0m L1 memory usage 0.95 above watermark 0.80; triggering eviction. [3m(eviction_controller.py:179:lmcache.v1.distributed.storage_controllers.eviction_controller)[0m
[32;20m[2026-09-20 14:33:36,510] LMCache INFO:[0m Prefetch request completed (L1+L2): 24/24 retained keys (24 L1, 0 L2) in 1.1 ms (external_request_id=cmpl-aa18d04319e6d43c-0-95123cdb, prefetch_request_id=-1) [3m(storage_manager.py:716:lmcache.v1.distributed.storage_manager)[0m
[32;20m[2026-09-20 14:33:36,515] LMCache INFO:[0m Retrieved 384 tokens in 0.002 seconds [3m(lmcache_driven_transfer.py:1427:lmcache.v1.multiprocess.modules.lmcache_driven_transfer)[0m
[32;20m[2026-09-20 14:33:36,568] LMCache INFO:[0m Prefetch request completed (L1+L2): 24/24 retained keys (24 L1, 0 L2) in 1.1 ms (external_request_id=cmpl-826242493aa910d4-0-a426e7d9, prefetch_request_id=-1) [3m(storage_manager.py:716:lmcache.v1.distributed.storage_manager)[0m
[32;20m[2026-09-20 14:33:36,573] LMCache INFO:[0m Retrieved 384 tokens in 0.002 seconds [3m(lmcache_driven_transfer.py:1427:lmcache.v1.multiprocess.modules.lmcache_driven_transfer)[0m
[32;20m[2026-09-20 14:33:36,627] LMCache INFO:[0m Prefetch request completed (L1+L2): 24/24 retained keys (24 L1, 0 L2) in 1.4 ms (external_request_id=cmpl-b636be0bea739200-0-a17e4017, prefetch_request_id=-1) [3m(storage_manager.py:716:lmcache.v1.distributed.storage_manager)[0m
[32;20m[2026-09-20 14:33:36,632] LMCache INFO:[0m Retrieved 384 tokens in 0.002 seconds [3m(lmcache_driven_transfer.py:1427:lmcache.v1.multiprocess.modules.lmcache_driven_transfer)[0m
[32;20m[2026-09-20 14:33:36,689] LMCache INFO:[0m Prefetch request completed (L1+L2): 24/24 retained keys (24 L1, 0 L2) in 1.2 ms (external_request_id=cmpl-baf38c6bd7cc089e-0-bfb8f4c2, prefetch_request_id=-1) [3m(storage_manager.py:716:lmcache.v1.distributed.storage_manager)[0m
[32;20m[2026-09-20 14:33:36,694] LMCache INFO:[0m Retrieved 384 tokens in 0.002 seconds [3m(lmcache_driven_transfer.py:1427:lmcache.v1.multiprocess.modules.lmcache_driven_transfer)[0m
[32;20m[2026-09-20 14:33:36,748] LMCache INFO:[0m Prefetch request completed (L1+L2): 24/24 retained keys (24 L1, 0 L2) in 1.1 ms (external_request_id=cmpl-8f0c409ed1921220-0-bbf69928, prefetch_request_id=-1) [3m(storage_manager.py:716:lmcache.v1.distributed.storage_manager)[0m
[32;20m[2026-09-20 14:33:36,753] LMCache INFO:[0m Retrieved 384 tokens in 0.002 seconds [3m(lmcache_driven_transfer.py:1427:lmcache.v1.multiprocess.modules.lmcache_driven_transfer)[0m
[32;20m[2026-09-20 14:33:36,807] LMCache INFO:[0m Prefetch request completed (L1+L2): 24/24 retained keys (24 L1, 0 L2) in 1.1 ms (external_request_id=cmpl-9febbee5d3a3b038-0-982b3c54, prefetch_request_id=-1) [3m(storage_manager.py:716:lmcache.v1.distributed.storage_manager)[0m
[32;20m[2026-09-20 14:33:36,812] LMCache INFO:[0m Retrieved 384 tokens in 0.003 seconds [3m(lmcache_driven_transfer.py:1427:lmcache.v1.multiprocess.modules.lmcache_driven_transfer)[0m
[32;20m[2026-09-20 14:33:36,868] LMCache INFO:[0m Prefetch request completed (L1+L2): 24/24 retained keys (24 L1, 0 L2) in 1.5 ms (external_request_id=cmpl-b5cdf2ff5d335eae-0-b07e4bec, prefetch_request_id=-1) [3m(storage_manager.py:716:lmcache.v1.distributed.storage_manager)[0m
[32;20m[2026-09-20 14:33:36,873] LMCache INFO:[0m Retrieved 384 tokens in 0.002 seconds [3m(lmcache_driven_transfer.py:1427:lmcache.v1.multiprocess.modules.lmcache_driven_transfer)[0m
[32;20m[2026-09-20 14:33:36,927] LMCache INFO:[0m Prefetch request completed (L1+L2): 24/24 retained keys (24 L1, 0 L2) in 1.3 ms (external_request_id=cmpl-ab51d044426bab60-0-b6042c68, prefetch_request_id=-1) [3m(storage_manager.py:716:lmcache.v1.distributed.storage_manager)[0m
[32;20m[2026-09-20 14:33:36,933] LMCache INFO:[0m Retrieved 384 tokens in 0.002 seconds [3m(lmcache_driven_transfer.py:1427:lmcache.v1.multiprocess.modules.lmcache_driven_transfer)[0m
[32;20m[2026-09-20 14:33:36,989] LMCache INFO:[0m Prefetch request completed (L1+L2): 24/24 retained keys (24 L1, 0 L2) in 1.3 ms (external_request_id=cmpl-b6db5ea728a14b4c-0-86c32a7f, prefetch_request_id=-1) [3m(storage_manager.py:716:lmcache.v1.distributed.storage_manager)[0m
[32;20m[2026-09-20 14:33:36,993] LMCache INFO:[0m Retrieved 384 tokens in 0.002 seconds [3m(lmcache_driven_transfer.py:1427:lmcache.v1.multiprocess.modules.lmcache_driven_transfer)[0m
[32;20m[2026-09-20 14:33:37,218] LMCache INFO:[0m Prefetch request completed (L1+L2): 24/24 retained keys (24 L1, 0 L2) in 1.1 ms (external_request_id=cmpl-b7471be93aa0dd50-0-9cee7571, prefetch_request_id=-1) [3m(storage_manager.py:716:lmcache.v1.distributed.storage_manager)[0m
[32;20m[2026-09-20 14:33:37,223] LMCache INFO:[0m Retrieved 384 tokens in 0.002 seconds [3m(lmcache_driven_transfer.py:1427:lmcache.v1.multiprocess.modules.lmcache_driven_transfer)[0m
[32;20m[2026-09-20 14:33:37,343] LMCache INFO:[0m Stored 384 tokens in 0.003 seconds [3m(lmcache_driven_transfer.py:1218:lmcache.v1.multiprocess.modules.lmcache_driven_transfer)[0m
[32;20m[2026-09-20 14:33:37,420] LMCache INFO:[0m Stored 368 tokens in 0.003 seconds [3m(lmcache_driven_transfer.py:1218:lmcache.v1.multiprocess.modules.lmcache_driven_transfer)[0m
[32;20m[2026-09-20 14:33:37,503] LMCache INFO:[0m L1 memory usage 0.80 above watermark 0.80; triggering eviction. [3m(eviction_controller.py:179:lmcache.v1.distributed.storage_controllers.eviction_controller)[0m
[32;20m[2026-09-20 14:33:37,523] LMCache INFO:[0m Stored 384 tokens in 0.003 seconds [3m(lmcache_driven_transfer.py:1218:lmcache.v1.multiprocess.modules.lmcache_driven_transfer)[0m
[32;20m[2026-09-20 14:33:37,619] LMCache INFO:[0m Stored 384 tokens in 0.003 seconds [3m(lmcache_driven_transfer.py:1218:lmcache.v1.multiprocess.modules.lmcache_driven_transfer)[0m
[32;20m[2026-09-20 14:33:37,712] LMCache INFO:[0m Stored 384 tokens in 0.003 seconds [3m(lmcache_driven_transfer.py:1218:lmcache.v1.multiprocess.modules.lmcache_driven_transfer)[0m
[32;20m[2026-09-20 14:33:37,805] LMCache INFO:[0m Stored 384 tokens in 0.003 seconds [3m(lmcache_driven_transfer.py:1218:lmcache.v1.multiprocess.modules.lmcache_driven_transfer)[0m
[32;20m[2026-09-20 14:33:37,905] LMCache INFO:[0m Stored 368 tokens in 0.004 seconds [3m(lmcache_driven_transfer.py:1218:lmcache.v1.multiprocess.modules.lmcache_driven_transfer)[0m
[32;20m[2026-09-20 14:33:37,997] LMCache INFO:[0m Stored 384 tokens in 0.003 seconds [3m(lmcache_driven_transfer.py:1218:lmcache.v1.multiprocess.modules.lmcache_driven_transfer)[0m
[32;20m[2026-09-20 14:33:38,086] LMCache INFO:[0m Stored 384 tokens in 0.003 seconds [3m(lmcache_driven_transfer.py:1218:lmcache.v1.multiprocess.modules.lmcache_driven_transfer)[0m
[32;20m[2026-09-20 14:33:38,187] LMCache INFO:[0m Stored 384 tokens in 0.003 seconds [3m(lmcache_driven_transfer.py:1218:lmcache.v1.multiprocess.modules.lmcache_driven_transfer)[0m
[32;20m[2026-09-20 14:33:38,234] LMCache INFO:[0m Prefetch request completed (L1+L2): 24/24 retained keys (24 L1, 0 L2) in 1.2 ms (external_request_id=cmpl-be48260669794377-0-8ad49102, prefetch_request_id=-1) [3m(storage_manager.py:716:lmcache.v1.distributed.storage_manager)[0m
[32;20m[2026-09-20 14:33:38,241] LMCache INFO:[0m Retrieved 384 tokens in 0.002 seconds [3m(lmcache_driven_transfer.py:1427:lmcache.v1.multiprocess.modules.lmcache_driven_transfer)[0m
[32;20m[2026-09-20 14:33:38,360] LMCache INFO:[0m Stored 384 tokens in 0.003 seconds [3m(lmcache_driven_transfer.py:1218:lmcache.v1.multiprocess.modules.lmcache_driven_transfer)[0m
[32;20m[2026-09-20 14:33:38,440] LMCache INFO:[0m Stored 384 tokens in 0.003 seconds [3m(lmcache_driven_transfer.py:1218:lmcache.v1.multiprocess.modules.lmcache_driven_transfer)[0m
[32;20m[2026-09-20 14:33:38,510] LMCache INFO:[0m L1 memory usage 0.85 above watermark 0.80; triggering eviction. [3m(eviction_controller.py:179:lmcache.v1.distributed.storage_controllers.eviction_controller)[0m
[32;20m[2026-09-20 14:33:38,550] LMCache INFO:[0m Stored 384 tokens in 0.003 seconds [3m(lmcache_driven_transfer.py:1218:lmcache.v1.multiprocess.modules.lmcache_driven_transfer)[0m
[32;20m[2026-09-20 14:33:38,644] LMCache INFO:[0m Stored 384 tokens in 0.003 seconds [3m(lmcache_driven_transfer.py:1218:lmcache.v1.multiprocess.modules.lmcache_driven_transfer)[0m
[32;20m[2026-09-20 14:33:38,741] LMCache INFO:[0m Stored 384 tokens in 0.003 seconds [3m(lmcache_driven_transfer.py:1218:lmcache.v1.multiprocess.modules.lmcache_driven_transfer)[0m
[32;20m[2026-09-20 14:33:38,836] LMCache INFO:[0m Stored 368 tokens in 0.003 seconds [3m(lmcache_driven_transfer.py:1218:lmcache.v1.multiprocess.modules.lmcache_driven_transfer)[0m
[32;20m[2026-09-20 14:33:38,935] LMCache INFO:[0m Stored 384 tokens in 0.003 seconds [3m(lmcache_driven_transfer.py:1218:lmcache.v1.multiprocess.modules.lmcache_driven_transfer)[0m
[32;20m[2026-09-20 14:33:39,028] LMCache INFO:[0m Stored 384 tokens in 0.003 seconds [3m(lmcache_driven_transfer.py:1218:lmcache.v1.multiprocess.modules.lmcache_driven_transfer)[0m
[32;20m[2026-09-20 14:33:39,122] LMCache INFO:[0m Stored 384 tokens in 0.003 seconds [3m(lmcache_driven_transfer.py:1218:lmcache.v1.multiprocess.modules.lmcache_driven_transfer)[0m
[32;20m[2026-09-20 14:33:39,166] LMCache INFO:[0m Prefetch request completed (L1+L2): 24/24 retained keys (24 L1, 0 L2) in 2.9 ms (external_request_id=cmpl-b3476168e310e577-0-9198dbb8, prefetch_request_id=-1) [3m(storage_manager.py:716:lmcache.v1.distributed.storage_manager)[0m
[32;20m[2026-09-20 14:33:39,171] LMCache INFO:[0m Retrieved 384 tokens in 0.002 seconds [3m(lmcache_driven_transfer.py:1427:lmcache.v1.multiprocess.modules.lmcache_driven_transfer)[0m
[32;20m[2026-09-20 14:33:39,246] LMCache INFO:[0m Prefetch request completed (L1+L2): 24/24 retained keys (24 L1, 0 L2) in 1.1 ms (external_request_id=cmpl-ac32c71b8e61e5e4-0-8b298dc8, prefetch_request_id=-1) [3m(storage_manager.py:716:lmcache.v1.distributed.storage_manager)[0m
[32;20m[2026-09-20 14:33:39,253] LMCache INFO:[0m Prefetch request completed (L1+L2): 24/24 retained keys (24 L1, 0 L2) in 1.6 ms (external_request_id=cmpl-aa5cf32368585dac-0-bc94354f, prefetch_request_id=-1) [3m(storage_manager.py:716:lmcache.v1.distributed.storage_manager)[0m
[32;20m[2026-09-20 14:33:39,254] LMCache INFO:[0m Retrieved 384 tokens in 0.004 seconds [3m(lmcache_driven_transfer.py:1427:lmcache.v1.multiprocess.modules.lmcache_driven_transfer)[0m
[32;20m[2026-09-20 14:33:39,260] LMCache INFO:[0m Retrieved 384 tokens in 0.004 seconds [3m(lmcache_driven_transfer.py:1427:lmcache.v1.multiprocess.modules.lmcache_driven_transfer)[0m
[32;20m[2026-09-20 14:33:39,347] LMCache INFO:[0m Prefetch request completed (L1+L2): 24/24 retained keys (24 L1, 0 L2) in 1.1 ms (external_request_id=cmpl-be25b4f2a1aace8e-0-bfab8397, prefetch_request_id=-1) [3m(storage_manager.py:716:lmcache.v1.distributed.storage_manager)[0m
[32;20m[2026-09-20 14:33:39,352] LMCache INFO:[0m Retrieved 384 tokens in 0.002 seconds [3m(lmcache_driven_transfer.py:1427:lmcache.v1.multiprocess.modules.lmcache_driven_transfer)[0m
[32;20m[2026-09-20 14:33:39,406] LMCache INFO:[0m Prefetch request completed (L1+L2): 24/24 retained keys (24 L1, 0 L2) in 1.4 ms (external_request_id=cmpl-b10b226d2cfa4c9a-0-92fc6f8f, prefetch_request_id=-1) [3m(storage_manager.py:716:lmcache.v1.distributed.storage_manager)[0m
[32;20m[2026-09-20 14:33:39,411] LMCache INFO:[0m Retrieved 384 tokens in 0.002 seconds [3m(lmcache_driven_transfer.py:1427:lmcache.v1.multiprocess.modules.lmcache_driven_transfer)[0m
[32;20m[2026-09-20 14:33:39,467] LMCache INFO:[0m Prefetch request completed (L1+L2): 24/24 retained keys (24 L1, 0 L2) in 1.1 ms (external_request_id=cmpl-8b297ad6a3da0577-0-954bcaec, prefetch_request_id=-1) [3m(storage_manager.py:716:lmcache.v1.distributed.storage_manager)[0m
[32;20m[2026-09-20 14:33:39,472] LMCache INFO:[0m Retrieved 384 tokens in 0.002 seconds [3m(lmcache_driven_transfer.py:1427:lmcache.v1.multiprocess.modules.lmcache_driven_transfer)[0m
[32;20m[2026-09-20 14:33:39,517] LMCache INFO:[0m L1 memory usage 0.82 above watermark 0.80; triggering eviction. [3m(eviction_controller.py:179:lmcache.v1.distributed.storage_controllers.eviction_controller)[0m
[32;20m[2026-09-20 14:33:39,529] LMCache INFO:[0m Prefetch request completed (L1+L2): 24/24 retained keys (24 L1, 0 L2) in 1.0 ms (external_request_id=cmpl-aafd2b8a5c578717-0-9f29a8f7, prefetch_request_id=-1) [3m(storage_manager.py:716:lmcache.v1.distributed.storage_manager)[0m
[32;20m[2026-09-20 14:33:39,534] LMCache INFO:[0m Retrieved 384 tokens in 0.003 seconds [3m(lmcache_driven_transfer.py:1427:lmcache.v1.multiprocess.modules.lmcache_driven_transfer)[0m
[32;20m[2026-09-20 14:33:39,591] LMCache INFO:[0m Prefetch request completed (L1+L2): 24/24 retained keys (24 L1, 0 L2) in 1.1 ms (external_request_id=cmpl-a1eb04696337b4e7-0-a00555f1, prefetch_request_id=-1) [3m(storage_manager.py:716:lmcache.v1.distributed.storage_manager)[0m
[32;20m[2026-09-20 14:33:39,596] LMCache INFO:[0m Retrieved 384 tokens in 0.002 seconds [3m(lmcache_driven_transfer.py:1427:lmcache.v1.multiprocess.modules.lmcache_driven_transfer)[0m
[32;20m[2026-09-20 14:33:39,652] LMCache INFO:[0m Prefetch request completed (L1+L2): 24/24 retained keys (24 L1, 0 L2) in 1.2 ms (external_request_id=cmpl-a02e7ae1da7e373e-0-818f64e9, prefetch_request_id=-1) [3m(storage_manager.py:716:lmcache.v1.distributed.storage_manager)[0m
[32;20m[2026-09-20 14:33:39,657] LMCache INFO:[0m Retrieved 384 tokens in 0.002 seconds [3m(lmcache_driven_transfer.py:1427:lmcache.v1.multiprocess.modules.lmcache_driven_transfer)[0m
[32;20m[2026-09-20 14:33:39,711] LMCache INFO:[0m Prefetch request completed (L1+L2): 24/24 retained keys (24 L1, 0 L2) in 1.1 ms (external_request_id=cmpl-ae761bc54d257a0d-0-afd0981c, prefetch_request_id=-1) [3m(storage_manager.py:716:lmcache.v1.distributed.storage_manager)[0m
[32;20m[2026-09-20 14:33:39,716] LMCache INFO:[0m Retrieved 384 tokens in 0.002 seconds [3m(lmcache_driven_transfer.py:1427:lmcache.v1.multiprocess.modules.lmcache_driven_transfer)[0m
[32;20m[2026-09-20 14:33:39,772] LMCache INFO:[0m Prefetch request completed (L1+L2): 24/24 retained keys (24 L1, 0 L2) in 1.1 ms (external_request_id=cmpl-856231c5b16fcf95-0-a034af7e, prefetch_request_id=-1) [3m(storage_manager.py:716:lmcache.v1.distributed.storage_manager)[0m
[32;20m[2026-09-20 14:33:39,777] LMCache INFO:[0m Retrieved 384 tokens in 0.002 seconds [3m(lmcache_driven_transfer.py:1427:lmcache.v1.multiprocess.modules.lmcache_driven_transfer)[0m
[32;20m[2026-09-20 14:33:39,831] LMCache INFO:[0m Prefetch request completed (L1+L2): 24/24 retained keys (24 L1, 0 L2) in 1.1 ms (external_request_id=cmpl-a3fc6fd1c78b7abb-0-bacadb60, prefetch_request_id=-1) [3m(storage_manager.py:716:lmcache.v1.distributed.storage_manager)[0m
[32;20m[2026-09-20 14:33:39,836] LMCache INFO:[0m Retrieved 384 tokens in 0.002 seconds [3m(lmcache_driven_transfer.py:1427:lmcache.v1.multiprocess.modules.lmcache_driven_transfer)[0m
[32;20m[2026-09-20 14:33:40,103] LMCache INFO:[0m Prefetch request completed (L1+L2): 24/24 retained keys (24 L1, 0 L2) in 1.1 ms (external_request_id=cmpl-bdd35c68ab0474df-0-998b74e3, prefetch_request_id=-1) [3m(storage_manager.py:716:lmcache.v1.distributed.storage_manager)[0m
[32;20m[2026-09-20 14:33:40,108] LMCache INFO:[0m Retrieved 384 tokens in 0.002 seconds [3m(lmcache_driven_transfer.py:1427:lmcache.v1.multiprocess.modules.lmcache_driven_transfer)[0m
[32;20m[2026-09-20 14:33:40,226] LMCache INFO:[0m Stored 368 tokens in 0.003 seconds [3m(lmcache_driven_transfer.py:1218:lmcache.v1.multiprocess.modules.lmcache_driven_transfer)[0m
[32;20m[2026-09-20 14:33:40,309] LMCache INFO:[0m Stored 384 tokens in 0.003 seconds [3m(lmcache_driven_transfer.py:1218:lmcache.v1.multiprocess.modules.lmcache_driven_transfer)[0m
[32;20m[2026-09-20 14:33:40,408] LMCache INFO:[0m Stored 384 tokens in 0.003 seconds [3m(lmcache_driven_transfer.py:1218:lmcache.v1.multiprocess.modules.lmcache_driven_transfer)[0m
[32;20m[2026-09-20 14:33:40,502] LMCache INFO:[0m Stored 384 tokens in 0.003 seconds [3m(lmcache_driven_transfer.py:1218:lmcache.v1.multiprocess.modules.lmcache_driven_transfer)[0m
[32;20m[2026-09-20 14:33:40,600] LMCache INFO:[0m Stored 384 tokens in 0.003 seconds [3m(lmcache_driven_transfer.py:1218:lmcache.v1.multiprocess.modules.lmcache_driven_transfer)[0m
[32;20m[2026-09-20 14:33:40,699] LMCache INFO:[0m Stored 384 tokens in 0.003 seconds [3m(lmcache_driven_transfer.py:1218:lmcache.v1.multiprocess.modules.lmcache_driven_transfer)[0m
[32;20m[2026-09-20 14:33:40,795] LMCache INFO:[0m Stored 384 tokens in 0.003 seconds [3m(lmcache_driven_transfer.py:1218:lmcache.v1.multiprocess.modules.lmcache_driven_transfer)[0m
[32;20m[2026-09-20 14:33:40,885] LMCache INFO:[0m Stored 368 tokens in 0.003 seconds [3m(lmcache_driven_transfer.py:1218:lmcache.v1.multiprocess.modules.lmcache_driven_transfer)[0m
[32;20m[2026-09-20 14:33:40,987] LMCache INFO:[0m Stored 384 tokens in 0.003 seconds [3m(lmcache_driven_transfer.py:1218:lmcache.v1.multiprocess.modules.lmcache_driven_transfer)[0m
[32;20m[2026-09-20 14:33:41,036] LMCache INFO:[0m Prefetch request completed (L1+L2): 24/24 retained keys (24 L1, 0 L2) in 1.5 ms (external_request_id=cmpl-b1dfc8a9c52152d6-0-bb372958, prefetch_request_id=-1) [3m(storage_manager.py:716:lmcache.v1.distributed.storage_manager)[0m
[32;20m[2026-09-20 14:33:41,041] LMCache INFO:[0m Retrieved 384 tokens in 0.002 seconds [3m(lmcache_driven_transfer.py:1427:lmcache.v1.multiprocess.modules.lmcache_driven_transfer)[0m
[32;20m[2026-09-20 14:33:41,160] LMCache INFO:[0m Stored 384 tokens in 0.003 seconds [3m(lmcache_driven_transfer.py:1218:lmcache.v1.multiprocess.modules.lmcache_driven_transfer)[0m
[32;20m[2026-09-20 14:33:41,241] LMCache INFO:[0m Stored 384 tokens in 0.003 seconds [3m(lmcache_driven_transfer.py:1218:lmcache.v1.multiprocess.modules.lmcache_driven_transfer)[0m
[32;20m[2026-09-20 14:33:41,336] LMCache INFO:[0m Stored 384 tokens in 0.003 seconds [3m(lmcache_driven_transfer.py:1218:lmcache.v1.multiprocess.modules.lmcache_driven_transfer)[0m
[32;20m[2026-09-20 14:33:41,433] LMCache INFO:[0m Stored 384 tokens in 0.003 seconds [3m(lmcache_driven_transfer.py:1218:lmcache.v1.multiprocess.modules.lmcache_driven_transfer)[0m
[32;20m[2026-09-20 14:33:41,527] LMCache INFO:[0m L1 memory usage 0.92 above watermark 0.80; triggering eviction. [3m(eviction_controller.py:179:lmcache.v1.distributed.storage_controllers.eviction_controller)[0m
[32;20m[2026-09-20 14:33:41,538] LMCache INFO:[0m Stored 384 tokens in 0.004 seconds [3m(lmcache_driven_transfer.py:1218:lmcache.v1.multiprocess.modules.lmcache_driven_transfer)[0m
[32;20m[2026-09-20 14:33:41,624] LMCache INFO:[0m Stored 384 tokens in 0.003 seconds [3m(lmcache_driven_transfer.py:1218:lmcache.v1.multiprocess.modules.lmcache_driven_transfer)[0m
[32;20m[2026-09-20 14:33:41,720] LMCache INFO:[0m Stored 384 tokens in 0.003 seconds [3m(lmcache_driven_transfer.py:1218:lmcache.v1.multiprocess.modules.lmcache_driven_transfer)[0m
[32;20m[2026-09-20 14:33:41,815] LMCache INFO:[0m Stored 384 tokens in 0.003 seconds [3m(lmcache_driven_transfer.py:1218:lmcache.v1.multiprocess.modules.lmcache_driven_transfer)[0m
[32;20m[2026-09-20 14:33:41,911] LMCache INFO:[0m Stored 384 tokens in 0.003 seconds [3m(lmcache_driven_transfer.py:1218:lmcache.v1.multiprocess.modules.lmcache_driven_transfer)[0m
[32;20m[2026-09-20 14:33:42,009] LMCache INFO:[0m Stored 384 tokens in 0.003 seconds [3m(lmcache_driven_transfer.py:1218:lmcache.v1.multiprocess.modules.lmcache_driven_transfer)[0m
[32;20m[2026-09-20 14:33:42,055] LMCache INFO:[0m Prefetch request completed (L1+L2): 24/24 retained keys (24 L1, 0 L2) in 2.4 ms (external_request_id=cmpl-a55393b07627c485-0-b1831af4, prefetch_request_id=-1) [3m(storage_manager.py:716:lmcache.v1.distributed.storage_manager)[0m
[32;20m[2026-09-20 14:33:42,060] LMCache INFO:[0m Retrieved 384 tokens in 0.002 seconds [3m(lmcache_driven_transfer.py:1427:lmcache.v1.multiprocess.modules.lmcache_driven_transfer)[0m
[32;20m[2026-09-20 14:33:42,181] LMCache INFO:[0m Stored 384 tokens in 0.003 seconds [3m(lmcache_driven_transfer.py:1218:lmcache.v1.multiprocess.modules.lmcache_driven_transfer)[0m
[32;20m[2026-09-20 14:33:42,264] LMCache INFO:[0m Stored 384 tokens in 0.003 seconds [3m(lmcache_driven_transfer.py:1218:lmcache.v1.multiprocess.modules.lmcache_driven_transfer)[0m
[32;20m[2026-09-20 14:33:42,369] LMCache INFO:[0m Stored 384 tokens in 0.003 seconds [3m(lmcache_driven_transfer.py:1218:lmcache.v1.multiprocess.modules.lmcache_driven_transfer)[0m
[32;20m[2026-09-20 14:33:42,461] LMCache INFO:[0m Stored 384 tokens in 0.003 seconds [3m(lmcache_driven_transfer.py:1218:lmcache.v1.multiprocess.modules.lmcache_driven_transfer)[0m
[32;20m[2026-09-20 14:33:42,536] LMCache INFO:[0m L1 memory usage 0.94 above watermark 0.80; triggering eviction. [3m(eviction_controller.py:179:lmcache.v1.distributed.storage_controllers.eviction_controller)[0m
[32;20m[2026-09-20 14:33:42,560] LMCache INFO:[0m Stored 384 tokens in 0.003 seconds [3m(lmcache_driven_transfer.py:1218:lmcache.v1.multiprocess.modules.lmcache_driven_transfer)[0m
[32;20m[2026-09-20 14:33:42,652] LMCache INFO:[0m Stored 384 tokens in 0.003 seconds [3m(lmcache_driven_transfer.py:1218:lmcache.v1.multiprocess.modules.lmcache_driven_transfer)[0m
[32;20m[2026-09-20 14:33:42,743] LMCache INFO:[0m Stored 384 tokens in 0.004 seconds [3m(lmcache_driven_transfer.py:1218:lmcache.v1.multiprocess.modules.lmcache_driven_transfer)[0m
[32;20m[2026-09-20 14:33:42,839] LMCache INFO:[0m Stored 384 tokens in 0.003 seconds [3m(lmcache_driven_transfer.py:1218:lmcache.v1.multiprocess.modules.lmcache_driven_transfer)[0m
[32;20m[2026-09-20 14:33:42,932] LMCache INFO:[0m Stored 208 tokens in 0.002 seconds [3m(lmcache_driven_transfer.py:1218:lmcache.v1.multiprocess.modules.lmcache_driven_transfer)[0m
[32;20m[2026-09-20 14:33:42,996] LMCache INFO:[0m Stored 384 tokens in 0.003 seconds [3m(lmcache_driven_transfer.py:1218:lmcache.v1.multiprocess.modules.lmcache_driven_transfer)[0m
[32;20m[2026-09-20 14:33:43,044] LMCache INFO:[0m Prefetch request completed (L1+L2): 24/24 retained keys (24 L1, 0 L2) in 2.4 ms (external_request_id=cmpl-8683d1617cd47d9c-0-9b3d9209, prefetch_request_id=-1) [3m(storage_manager.py:716:lmcache.v1.distributed.storage_manager)[0m
[32;20m[2026-09-20 14:33:43,049] LMCache INFO:[0m Retrieved 384 tokens in 0.002 seconds [3m(lmcache_driven_transfer.py:1427:lmcache.v1.multiprocess.modules.lmcache_driven_transfer)[0m
[32;20m[2026-09-20 14:33:43,127] LMCache INFO:[0m Prefetch request completed (L1+L2): 24/24 retained keys (24 L1, 0 L2) in 1.2 ms (external_request_id=cmpl-b8ca43a00f75707e-0-a5a5b1ce, prefetch_request_id=-1) [3m(storage_manager.py:716:lmcache.v1.distributed.storage_manager)[0m
[32;20m[2026-09-20 14:33:43,130] LMCache INFO:[0m Prefetch request completed (L1+L2): 24/24 retained keys (24 L1, 0 L2) in 0.9 ms (external_request_id=cmpl-a502933494cbfdc1-0-8e13942b, prefetch_request_id=-1) [3m(storage_manager.py:716:lmcache.v1.distributed.storage_manager)[0m
[32;20m[2026-09-20 14:33:43,135] LMCache INFO:[0m Retrieved 384 tokens in 0.003 seconds [3m(lmcache_driven_transfer.py:1427:lmcache.v1.multiprocess.modules.lmcache_driven_transfer)[0m
[32;20m[2026-09-20 14:33:43,140] LMCache INFO:[0m Retrieved 384 tokens in 0.005 seconds [3m(lmcache_driven_transfer.py:1427:lmcache.v1.multiprocess.modules.lmcache_driven_transfer)[0m
[32;20m[2026-09-20 14:33:43,225] LMCache INFO:[0m Prefetch request completed (L1+L2): 24/24 retained keys (24 L1, 0 L2) in 1.2 ms (external_request_id=cmpl-990fb30b61cb353d-0-8160ca27, prefetch_request_id=-1) [3m(storage_manager.py:716:lmcache.v1.distributed.storage_manager)[0m
[32;20m[2026-09-20 14:33:43,230] LMCache INFO:[0m Retrieved 384 tokens in 0.002 seconds [3m(lmcache_driven_transfer.py:1427:lmcache.v1.multiprocess.modules.lmcache_driven_transfer)[0m
[32;20m[2026-09-20 14:33:43,284] LMCache INFO:[0m Prefetch request completed (L1+L2): 24/24 retained keys (24 L1, 0 L2) in 0.9 ms (external_request_id=cmpl-9f50b8547b558a99-0-be349ef2, prefetch_request_id=-1) [3m(storage_manager.py:716:lmcache.v1.distributed.storage_manager)[0m
[32;20m[2026-09-20 14:33:43,289] LMCache INFO:[0m Retrieved 384 tokens in 0.002 seconds [3m(lmcache_driven_transfer.py:1427:lmcache.v1.multiprocess.modules.lmcache_driven_transfer)[0m
[32;20m[2026-09-20 14:33:43,342] LMCache INFO:[0m Prefetch request completed (L1+L2): 24/24 retained keys (24 L1, 0 L2) in 1.4 ms (external_request_id=cmpl-839c2a74a858d528-0-b2040d7e, prefetch_request_id=-1) [3m(storage_manager.py:716:lmcache.v1.distributed.storage_manager)[0m
[32;20m[2026-09-20 14:33:43,347] LMCache INFO:[0m Retrieved 384 tokens in 0.002 seconds [3m(lmcache_driven_transfer.py:1427:lmcache.v1.multiprocess.modules.lmcache_driven_transfer)[0m
[32;20m[2026-09-20 14:33:43,400] LMCache INFO:[0m Prefetch request completed (L1+L2): 24/24 retained keys (24 L1, 0 L2) in 1.1 ms (external_request_id=cmpl-bbf82386789c1b7f-0-80d57114, prefetch_request_id=-1) [3m(storage_manager.py:716:lmcache.v1.distributed.storage_manager)[0m
[32;20m[2026-09-20 14:33:43,404] LMCache INFO:[0m Retrieved 384 tokens in 0.002 seconds [3m(lmcache_driven_transfer.py:1427:lmcache.v1.multiprocess.modules.lmcache_driven_transfer)[0m
[32;20m[2026-09-20 14:33:43,458] LMCache INFO:[0m Prefetch request completed (L1+L2): 24/24 retained keys (24 L1, 0 L2) in 1.0 ms (external_request_id=cmpl-9d76be361b1efe50-0-ae5bdb5c, prefetch_request_id=-1) [3m(storage_manager.py:716:lmcache.v1.distributed.storage_manager)[0m
[32;20m[2026-09-20 14:33:43,463] LMCache INFO:[0m Retrieved 384 tokens in 0.002 seconds [3m(lmcache_driven_transfer.py:1427:lmcache.v1.multiprocess.modules.lmcache_driven_transfer)[0m
[32;20m[2026-09-20 14:33:43,518] LMCache INFO:[0m Prefetch request completed (L1+L2): 24/24 retained keys (24 L1, 0 L2) in 1.1 ms (external_request_id=cmpl-90bdeb6724d7d02c-0-8bc43a0a, prefetch_request_id=-1) [3m(storage_manager.py:716:lmcache.v1.distributed.storage_manager)[0m
[32;20m[2026-09-20 14:33:43,523] LMCache INFO:[0m Retrieved 384 tokens in 0.002 seconds [3m(lmcache_driven_transfer.py:1427:lmcache.v1.multiprocess.modules.lmcache_driven_transfer)[0m
[32;20m[2026-09-20 14:33:43,546] LMCache INFO:[0m L1 memory usage 0.87 above watermark 0.80; triggering eviction. [3m(eviction_controller.py:179:lmcache.v1.distributed.storage_controllers.eviction_controller)[0m
[32;20m[2026-09-20 14:33:43,578] LMCache INFO:[0m Prefetch request completed (L1+L2): 24/24 retained keys (24 L1, 0 L2) in 1.2 ms (external_request_id=cmpl-a8a54fcf53df7790-0-962512e8, prefetch_request_id=-1) [3m(storage_manager.py:716:lmcache.v1.distributed.storage_manager)[0m
[32;20m[2026-09-20 14:33:43,582] LMCache INFO:[0m Retrieved 384 tokens in 0.002 seconds [3m(lmcache_driven_transfer.py:1427:lmcache.v1.multiprocess.modules.lmcache_driven_transfer)[0m
[32;20m[2026-09-20 14:33:43,637] LMCache INFO:[0m Prefetch request completed (L1+L2): 24/24 retained keys (24 L1, 0 L2) in 1.2 ms (external_request_id=cmpl-944dac7962c68eb7-0-8285904d, prefetch_request_id=-1) [3m(storage_manager.py:716:lmcache.v1.distributed.storage_manager)[0m
[32;20m[2026-09-20 14:33:43,642] LMCache INFO:[0m Retrieved 384 tokens in 0.002 seconds [3m(lmcache_driven_transfer.py:1427:lmcache.v1.multiprocess.modules.lmcache_driven_transfer)[0m
[32;20m[2026-09-20 14:33:43,739] LMCache INFO:[0m Stored 384 tokens in 0.003 seconds [3m(lmcache_driven_transfer.py:1218:lmcache.v1.multiprocess.modules.lmcache_driven_transfer)[0m
[32;20m[2026-09-20 14:33:43,984] LMCache INFO:[0m Prefetch request completed (L1+L2): 24/24 retained keys (24 L1, 0 L2) in 1.2 ms (external_request_id=cmpl-9eb97f56707e3c75-0-b35fa911, prefetch_request_id=-1) [3m(storage_manager.py:716:lmcache.v1.distributed.storage_manager)[0m
[32;20m[2026-09-20 14:33:43,989] LMCache INFO:[0m Retrieved 384 tokens in 0.002 seconds [3m(lmcache_driven_transfer.py:1427:lmcache.v1.multiprocess.modules.lmcache_driven_transfer)[0m
[32;20m[2026-09-20 14:33:44,066] LMCache INFO:[0m Prefetch request completed (L1+L2): 24/24 retained keys (24 L1, 0 L2) in 1.2 ms (external_request_id=cmpl-a895d21a74aff657-0-9c5520e4, prefetch_request_id=-1) [3m(storage_manager.py:716:lmcache.v1.distributed.storage_manager)[0m
[32;20m[2026-09-20 14:33:44,069] LMCache INFO:[0m Prefetch request completed (L1+L2): 24/24 retained keys (24 L1, 0 L2) in 0.9 ms (external_request_id=cmpl-b38273fa640d999a-0-a530bc70, prefetch_request_id=-1) [3m(storage_manager.py:716:lmcache.v1.distributed.storage_manager)[0m
[32;20m[2026-09-20 14:33:44,074] LMCache INFO:[0m Retrieved 384 tokens in 0.002 seconds [3m(lmcache_driven_transfer.py:1427:lmcache.v1.multiprocess.modules.lmcache_driven_transfer)[0m
[32;20m[2026-09-20 14:33:44,076] LMCache INFO:[0m Retrieved 384 tokens in 0.002 seconds [3m(lmcache_driven_transfer.py:1427:lmcache.v1.multiprocess.modules.lmcache_driven_transfer)[0m
[32;20m[2026-09-20 14:33:44,170] LMCache INFO:[0m Prefetch request completed (L1+L2): 24/24 retained keys (24 L1, 0 L2) in 1.4 ms (external_request_id=cmpl-a1c7625915edd853-0-b2187d30, prefetch_request_id=-1) [3m(storage_manager.py:716:lmcache.v1.distributed.storage_manager)[0m
[32;20m[2026-09-20 14:33:44,174] LMCache INFO:[0m Retrieved 384 tokens in 0.002 seconds [3m(lmcache_driven_transfer.py:1427:lmcache.v1.multiprocess.modules.lmcache_driven_transfer)[0m
[32;20m[2026-09-20 14:33:44,226] LMCache INFO:[0m Prefetch request completed (L1+L2): 24/24 retained keys (24 L1, 0 L2) in 0.9 ms (external_request_id=cmpl-895cd7a559f370d6-0-99e67cce, prefetch_request_id=-1) [3m(storage_manager.py:716:lmcache.v1.distributed.storage_manager)[0m
[32;20m[2026-09-20 14:33:44,231] LMCache INFO:[0m Retrieved 384 tokens in 0.002 seconds [3m(lmcache_driven_transfer.py:1427:lmcache.v1.multiprocess.modules.lmcache_driven_transfer)[0m
[32;20m[2026-09-20 14:33:44,288] LMCache INFO:[0m Prefetch request completed (L1+L2): 24/24 retained keys (24 L1, 0 L2) in 1.5 ms (external_request_id=cmpl-aee77fcc32887fcc-0-84b871ec, prefetch_request_id=-1) [3m(storage_manager.py:716:lmcache.v1.distributed.storage_manager)[0m
[32;20m[2026-09-20 14:33:44,295] LMCache INFO:[0m Retrieved 384 tokens in 0.004 seconds [3m(lmcache_driven_transfer.py:1427:lmcache.v1.multiprocess.modules.lmcache_driven_transfer)[0m
[32;20m[2026-09-20 14:33:44,371] LMCache INFO:[0m Prefetch request completed (L1+L2): 24/24 retained keys (24 L1, 0 L2) in 1.3 ms (external_request_id=cmpl-a9b5a50643b84a8e-0-b3d50773, prefetch_request_id=-1) [3m(storage_manager.py:716:lmcache.v1.distributed.storage_manager)[0m
[32;20m[2026-09-20 14:33:44,377] LMCache INFO:[0m Retrieved 384 tokens in 0.003 seconds [3m(lmcache_driven_transfer.py:1427:lmcache.v1.multiprocess.modules.lmcache_driven_transfer)[0m
[32;20m[2026-09-20 14:33:44,432] LMCache INFO:[0m Prefetch request completed (L1+L2): 24/24 retained keys (24 L1, 0 L2) in 1.0 ms (external_request_id=cmpl-91a9736f9c81a483-0-97e11c12, prefetch_request_id=-1) [3m(storage_manager.py:716:lmcache.v1.distributed.storage_manager)[0m
[32;20m[2026-09-20 14:33:44,437] LMCache INFO:[0m Retrieved 384 tokens in 0.002 seconds [3m(lmcache_driven_transfer.py:1427:lmcache.v1.multiprocess.modules.lmcache_driven_transfer)[0m
[32;20m[2026-09-20 14:33:44,488] LMCache INFO:[0m Prefetch request completed (L1+L2): 13/13 retained keys (13 L1, 0 L2) in 1.2 ms (external_request_id=cmpl-8add2cb857659228-0-989e1a80, prefetch_request_id=-1) [3m(storage_manager.py:716:lmcache.v1.distributed.storage_manager)[0m
[32;20m[2026-09-20 14:33:44,493] LMCache INFO:[0m Retrieved 208 tokens in 0.002 seconds [3m(lmcache_driven_transfer.py:1427:lmcache.v1.multiprocess.modules.lmcache_driven_transfer)[0m
[32;20m[2026-09-20 14:33:44,544] LMCache INFO:[0m Prefetch request completed (L1+L2): 24/24 retained keys (24 L1, 0 L2) in 1.0 ms (external_request_id=cmpl-abdc9090c2e7370c-0-a052647d, prefetch_request_id=-1) [3m(storage_manager.py:716:lmcache.v1.distributed.storage_manager)[0m
[32;20m[2026-09-20 14:33:44,549] LMCache INFO:[0m Retrieved 384 tokens in 0.002 seconds [3m(lmcache_driven_transfer.py:1427:lmcache.v1.multiprocess.modules.lmcache_driven_transfer)[0m
[32;20m[2026-09-20 14:33:44,604] LMCache INFO:[0m Prefetch request completed (L1+L2): 24/24 retained keys (24 L1, 0 L2) in 1.0 ms (external_request_id=cmpl-af6f1de0973cae23-0-89ed4211, prefetch_request_id=-1) [3m(storage_manager.py:716:lmcache.v1.distributed.storage_manager)[0m
[32;20m[2026-09-20 14:33:44,609] LMCache INFO:[0m Retrieved 384 tokens in 0.002 seconds [3m(lmcache_driven_transfer.py:1427:lmcache.v1.multiprocess.modules.lmcache_driven_transfer)[0m
[32;20m[2026-09-20 14:33:44,704] LMCache INFO:[0m Stored 384 tokens in 0.003 seconds [3m(lmcache_driven_transfer.py:1218:lmcache.v1.multiprocess.modules.lmcache_driven_transfer)[0m
[32;20m[2026-09-20 14:33:44,877] LMCache INFO:[0m Prefetch request completed (L1+L2): 24/24 retained keys (24 L1, 0 L2) in 1.0 ms (external_request_id=cmpl-932c90c2ff48ac50-0-8f4f7442, prefetch_request_id=-1) [3m(storage_manager.py:716:lmcache.v1.distributed.storage_manager)[0m
[32;20m[2026-09-20 14:33:44,882] LMCache INFO:[0m Retrieved 384 tokens in 0.002 seconds [3m(lmcache_driven_transfer.py:1427:lmcache.v1.multiprocess.modules.lmcache_driven_transfer)[0m
[32;20m[2026-09-20 14:33:45,005] LMCache INFO:[0m Stored 384 tokens in 0.003 seconds [3m(lmcache_driven_transfer.py:1218:lmcache.v1.multiprocess.modules.lmcache_driven_transfer)[0m
[32;20m[2026-09-20 14:33:45,092] LMCache INFO:[0m Stored 384 tokens in 0.003 seconds [3m(lmcache_driven_transfer.py:1218:lmcache.v1.multiprocess.modules.lmcache_driven_transfer)[0m
[32;20m[2026-09-20 14:33:45,184] LMCache INFO:[0m Stored 368 tokens in 0.003 seconds [3m(lmcache_driven_transfer.py:1218:lmcache.v1.multiprocess.modules.lmcache_driven_transfer)[0m
[32;20m[2026-09-20 14:33:45,283] LMCache INFO:[0m Stored 384 tokens in 0.003 seconds [3m(lmcache_driven_transfer.py:1218:lmcache.v1.multiprocess.modules.lmcache_driven_transfer)[0m
[32;20m[2026-09-20 14:33:45,379] LMCache INFO:[0m Stored 384 tokens in 0.003 seconds [3m(lmcache_driven_transfer.py:1218:lmcache.v1.multiprocess.modules.lmcache_driven_transfer)[0m
[32;20m[2026-09-20 14:33:45,474] LMCache INFO:[0m Stored 368 tokens in 0.003 seconds [3m(lmcache_driven_transfer.py:1218:lmcache.v1.multiprocess.modules.lmcache_driven_transfer)[0m
[32;20m[2026-09-20 14:33:45,554] LMCache INFO:[0m L1 memory usage 0.86 above watermark 0.80; triggering eviction. [3m(eviction_controller.py:179:lmcache.v1.distributed.storage_controllers.eviction_controller)[0m
[32;20m[2026-09-20 14:33:45,571] LMCache INFO:[0m Stored 384 tokens in 0.003 seconds [3m(lmcache_driven_transfer.py:1218:lmcache.v1.multiprocess.modules.lmcache_driven_transfer)[0m
[32;20m[2026-09-20 14:33:45,664] LMCache INFO:[0m Stored 384 tokens in 0.003 seconds [3m(lmcache_driven_transfer.py:1218:lmcache.v1.multiprocess.modules.lmcache_driven_transfer)[0m
[32;20m[2026-09-20 14:33:45,760] LMCache INFO:[0m Stored 384 tokens in 0.004 seconds [3m(lmcache_driven_transfer.py:1218:lmcache.v1.multiprocess.modules.lmcache_driven_transfer)[0m
[32;20m[2026-09-20 14:33:45,850] LMCache INFO:[0m Stored 384 tokens in 0.003 seconds [3m(lmcache_driven_transfer.py:1218:lmcache.v1.multiprocess.modules.lmcache_driven_transfer)[0m
[32;20m[2026-09-20 14:33:45,901] LMCache INFO:[0m Prefetch request completed (L1+L2): 24/24 retained keys (24 L1, 0 L2) in 1.1 ms (external_request_id=cmpl-b5d3716fc8b9c624-0-a9317ad1, prefetch_request_id=-1) [3m(storage_manager.py:716:lmcache.v1.distributed.storage_manager)[0m
[32;20m[2026-09-20 14:33:45,905] LMCache INFO:[0m Retrieved 384 tokens in 0.002 seconds [3m(lmcache_driven_transfer.py:1427:lmcache.v1.multiprocess.modules.lmcache_driven_transfer)[0m
[32;20m[2026-09-20 14:33:46,029] LMCache INFO:[0m Stored 384 tokens in 0.003 seconds [3m(lmcache_driven_transfer.py:1218:lmcache.v1.multiprocess.modules.lmcache_driven_transfer)[0m
[32;20m[2026-09-20 14:33:46,107] LMCache INFO:[0m Stored 384 tokens in 0.003 seconds [3m(lmcache_driven_transfer.py:1218:lmcache.v1.multiprocess.modules.lmcache_driven_transfer)[0m
[32;20m[2026-09-20 14:33:46,202] LMCache INFO:[0m Stored 384 tokens in 0.003 seconds [3m(lmcache_driven_transfer.py:1218:lmcache.v1.multiprocess.modules.lmcache_driven_transfer)[0m
[32;20m[2026-09-20 14:33:46,302] LMCache INFO:[0m Stored 384 tokens in 0.003 seconds [3m(lmcache_driven_transfer.py:1218:lmcache.v1.multiprocess.modules.lmcache_driven_transfer)[0m
[32;20m[2026-09-20 14:33:46,400] LMCache INFO:[0m Stored 384 tokens in 0.005 seconds [3m(lmcache_driven_transfer.py:1218:lmcache.v1.multiprocess.modules.lmcache_driven_transfer)[0m
[32;20m[2026-09-20 14:33:46,442] LMCache INFO:[0m L0<->L1 stats [cuda:0] last 10.1s: store ops=65 tokens=24672 size=0.71GB avg_copy=7.51GB/s | retrieve ops=52 tokens=19792 size=0.57GB avg_copy=4.08GB/s [3m(extra_stats.py:159:lmcache.v1.mp_observability.subscribers.logging.extra_stats)[0m
[32;20m[2026-09-20 14:33:46,443] LMCache INFO:[0m L0<->L1 stats [cuda:0] cumulative: store ops=435 tokens=161184 size=4.62GB avg_copy=7.24GB/s | retrieve ops=135 tokens=50896 size=1.46GB avg_copy=4.04GB/s [3m(extra_stats.py:168:lmcache.v1.mp_observability.subscribers.logging.extra_stats)[0m
[32;20m[2026-09-20 14:33:46,493] LMCache INFO:[0m Stored 384 tokens in 0.003 seconds [3m(lmcache_driven_transfer.py:1218:lmcache.v1.multiprocess.modules.lmcache_driven_transfer)[0m
[32;20m[2026-09-20 14:33:46,562] LMCache INFO:[0m L1 memory usage: 0.45/0.50 GiB (89.1%) [3m(eviction_controller.py:153:lmcache.v1.distributed.storage_controllers.eviction_controller)[0m
[32;20m[2026-09-20 14:33:46,562] LMCache INFO:[0m L1 memory usage 0.89 above watermark 0.80; triggering eviction. [3m(eviction_controller.py:179:lmcache.v1.distributed.storage_controllers.eviction_controller)[0m
[32;20m[2026-09-20 14:33:46,589] LMCache INFO:[0m Stored 384 tokens in 0.003 seconds [3m(lmcache_driven_transfer.py:1218:lmcache.v1.multiprocess.modules.lmcache_driven_transfer)[0m
[32;20m[2026-09-20 14:33:46,687] LMCache INFO:[0m Stored 384 tokens in 0.003 seconds [3m(lmcache_driven_transfer.py:1218:lmcache.v1.multiprocess.modules.lmcache_driven_transfer)[0m
[32;20m[2026-09-20 14:33:46,784] LMCache INFO:[0m Stored 384 tokens in 0.003 seconds [3m(lmcache_driven_transfer.py:1218:lmcache.v1.multiprocess.modules.lmcache_driven_transfer)[0m
[32;20m[2026-09-20 14:33:46,877] LMCache INFO:[0m Stored 384 tokens in 0.003 seconds [3m(lmcache_driven_transfer.py:1218:lmcache.v1.multiprocess.modules.lmcache_driven_transfer)[0m
[32;20m[2026-09-20 14:33:46,927] LMCache INFO:[0m Prefetch request completed (L1+L2): 24/24 retained keys (24 L1, 0 L2) in 1.5 ms (external_request_id=cmpl-948d9d21612a23e4-0-bc8e1fd8, prefetch_request_id=-1) [3m(storage_manager.py:716:lmcache.v1.distributed.storage_manager)[0m
[32;20m[2026-09-20 14:33:46,933] LMCache INFO:[0m Retrieved 384 tokens in 0.002 seconds [3m(lmcache_driven_transfer.py:1427:lmcache.v1.multiprocess.modules.lmcache_driven_transfer)[0m
[32;20m[2026-09-20 14:33:47,055] LMCache INFO:[0m Stored 384 tokens in 0.003 seconds [3m(lmcache_driven_transfer.py:1218:lmcache.v1.multiprocess.modules.lmcache_driven_transfer)[0m
[32;20m[2026-09-20 14:33:47,135] LMCache INFO:[0m Stored 384 tokens in 0.003 seconds [3m(lmcache_driven_transfer.py:1218:lmcache.v1.multiprocess.modules.lmcache_driven_transfer)[0m
[32;20m[2026-09-20 14:33:47,236] LMCache INFO:[0m Stored 384 tokens in 0.003 seconds [3m(lmcache_driven_transfer.py:1218:lmcache.v1.multiprocess.modules.lmcache_driven_transfer)[0m
[32;20m[2026-09-20 14:33:47,335] LMCache INFO:[0m Stored 384 tokens in 0.003 seconds [3m(lmcache_driven_transfer.py:1218:lmcache.v1.multiprocess.modules.lmcache_driven_transfer)[0m
[32;20m[2026-09-20 14:33:47,431] LMCache INFO:[0m Stored 384 tokens in 0.003 seconds [3m(lmcache_driven_transfer.py:1218:lmcache.v1.multiprocess.modules.lmcache_driven_transfer)[0m
[32;20m[2026-09-20 14:33:47,531] LMCache INFO:[0m Stored 384 tokens in 0.002 seconds [3m(lmcache_driven_transfer.py:1218:lmcache.v1.multiprocess.modules.lmcache_driven_transfer)[0m
[32;20m[2026-09-20 14:33:47,568] LMCache INFO:[0m L1 memory usage 0.92 above watermark 0.80; triggering eviction. [3m(eviction_controller.py:179:lmcache.v1.distributed.storage_controllers.eviction_controller)[0m
[32;20m[2026-09-20 14:33:47,622] LMCache INFO:[0m Stored 384 tokens in 0.003 seconds [3m(lmcache_driven_transfer.py:1218:lmcache.v1.multiprocess.modules.lmcache_driven_transfer)[0m
[32;20m[2026-09-20 14:33:47,717] LMCache INFO:[0m Stored 384 tokens in 0.003 seconds [3m(lmcache_driven_transfer.py:1218:lmcache.v1.multiprocess.modules.lmcache_driven_transfer)[0m
[32;20m[2026-09-20 14:33:47,810] LMCache INFO:[0m Stored 384 tokens in 0.003 seconds [3m(lmcache_driven_transfer.py:1218:lmcache.v1.multiprocess.modules.lmcache_driven_transfer)[0m
[32;20m[2026-09-20 14:33:47,910] LMCache INFO:[0m Stored 192 tokens in 0.002 seconds [3m(lmcache_driven_transfer.py:1218:lmcache.v1.multiprocess.modules.lmcache_driven_transfer)[0m
[32;20m[2026-09-20 14:33:47,972] LMCache INFO:[0m Stored 384 tokens in 0.003 seconds [3m(lmcache_driven_transfer.py:1218:lmcache.v1.multiprocess.modules.lmcache_driven_transfer)[0m
[32;20m[2026-09-20 14:33:48,067] LMCache INFO:[0m Stored 384 tokens in 0.003 seconds [3m(lmcache_driven_transfer.py:1218:lmcache.v1.multiprocess.modules.lmcache_driven_transfer)[0m
[32;20m[2026-09-20 14:33:48,189] LMCache INFO:[0m Stored 384 tokens in 0.003 seconds [3m(lmcache_driven_transfer.py:1218:lmcache.v1.multiprocess.modules.lmcache_driven_transfer)[0m
[32;20m[2026-09-20 14:33:48,273] LMCache INFO:[0m Stored 368 tokens in 0.002 seconds [3m(lmcache_driven_transfer.py:1218:lmcache.v1.multiprocess.modules.lmcache_driven_transfer)[0m
[32;20m[2026-09-20 14:33:48,374] LMCache INFO:[0m Stored 384 tokens in 0.003 seconds [3m(lmcache_driven_transfer.py:1218:lmcache.v1.multiprocess.modules.lmcache_driven_transfer)[0m
[32;20m[2026-09-20 14:33:48,475] LMCache INFO:[0m Stored 384 tokens in 0.003 seconds [3m(lmcache_driven_transfer.py:1218:lmcache.v1.multiprocess.modules.lmcache_driven_transfer)[0m
[32;20m[2026-09-20 14:33:48,568] LMCache INFO:[0m Stored 384 tokens in 0.003 seconds [3m(lmcache_driven_transfer.py:1218:lmcache.v1.multiprocess.modules.lmcache_driven_transfer)[0m
[32;20m[2026-09-20 14:33:48,577] LMCache INFO:[0m L1 memory usage 0.95 above watermark 0.80; triggering eviction. [3m(eviction_controller.py:179:lmcache.v1.distributed.storage_controllers.eviction_controller)[0m
[32;20m[2026-09-20 14:33:48,660] LMCache INFO:[0m Stored 384 tokens in 0.003 seconds [3m(lmcache_driven_transfer.py:1218:lmcache.v1.multiprocess.modules.lmcache_driven_transfer)[0m
[32;20m[2026-09-20 14:33:48,758] LMCache INFO:[0m Stored 384 tokens in 0.003 seconds [3m(lmcache_driven_transfer.py:1218:lmcache.v1.multiprocess.modules.lmcache_driven_transfer)[0m
[32;20m[2026-09-20 14:33:48,858] LMCache INFO:[0m Stored 384 tokens in 0.003 seconds [3m(lmcache_driven_transfer.py:1218:lmcache.v1.multiprocess.modules.lmcache_driven_transfer)[0m
[32;20m[2026-09-20 14:33:48,964] LMCache INFO:[0m Stored 384 tokens in 0.003 seconds [3m(lmcache_driven_transfer.py:1218:lmcache.v1.multiprocess.modules.lmcache_driven_transfer)[0m
[32;20m[2026-09-20 14:33:49,173] LMCache INFO:[0m Stored 384 tokens in 0.003 seconds [3m(lmcache_driven_transfer.py:1218:lmcache.v1.multiprocess.modules.lmcache_driven_transfer)[0m
[32;20m[2026-09-20 14:33:49,258] LMCache INFO:[0m Stored 384 tokens in 0.003 seconds [3m(lmcache_driven_transfer.py:1218:lmcache.v1.multiprocess.modules.lmcache_driven_transfer)[0m
[32;20m[2026-09-20 14:33:49,360] LMCache INFO:[0m Stored 368 tokens in 0.003 seconds [3m(lmcache_driven_transfer.py:1218:lmcache.v1.multiprocess.modules.lmcache_driven_transfer)[0m
[32;20m[2026-09-20 14:33:49,452] LMCache INFO:[0m Stored 384 tokens in 0.003 seconds [3m(lmcache_driven_transfer.py:1218:lmcache.v1.multiprocess.modules.lmcache_driven_transfer)[0m
[32;20m[2026-09-20 14:33:49,548] LMCache INFO:[0m Stored 384 tokens in 0.003 seconds [3m(lmcache_driven_transfer.py:1218:lmcache.v1.multiprocess.modules.lmcache_driven_transfer)[0m
[32;20m[2026-09-20 14:33:49,584] LMCache INFO:[0m L1 memory usage 0.95 above watermark 0.80; triggering eviction. [3m(eviction_controller.py:179:lmcache.v1.distributed.storage_controllers.eviction_controller)[0m
[32;20m[2026-09-20 14:33:49,645] LMCache INFO:[0m Stored 384 tokens in 0.003 seconds [3m(lmcache_driven_transfer.py:1218:lmcache.v1.multiprocess.modules.lmcache_driven_transfer)[0m
[32;20m[2026-09-20 14:33:49,742] LMCache INFO:[0m Stored 384 tokens in 0.003 seconds [3m(lmcache_driven_transfer.py:1218:lmcache.v1.multiprocess.modules.lmcache_driven_transfer)[0m
[32;20m[2026-09-20 14:33:49,838] LMCache INFO:[0m Stored 384 tokens in 0.003 seconds [3m(lmcache_driven_transfer.py:1218:lmcache.v1.multiprocess.modules.lmcache_driven_transfer)[0m
[32;20m[2026-09-20 14:33:49,935] LMCache INFO:[0m Stored 320 tokens in 0.003 seconds [3m(lmcache_driven_transfer.py:1218:lmcache.v1.multiprocess.modules.lmcache_driven_transfer)[0m
[32;20m[2026-09-20 14:33:50,137] LMCache INFO:[0m Stored 384 tokens in 0.003 seconds [3m(lmcache_driven_transfer.py:1218:lmcache.v1.multiprocess.modules.lmcache_driven_transfer)[0m
[32;20m[2026-09-20 14:33:50,222] LMCache INFO:[0m Stored 384 tokens in 0.003 seconds [3m(lmcache_driven_transfer.py:1218:lmcache.v1.multiprocess.modules.lmcache_driven_transfer)[0m
[32;20m[2026-09-20 14:33:50,315] LMCache INFO:[0m Stored 384 tokens in 0.003 seconds [3m(lmcache_driven_transfer.py:1218:lmcache.v1.multiprocess.modules.lmcache_driven_transfer)[0m
[32;20m[2026-09-20 14:33:50,417] LMCache INFO:[0m Stored 384 tokens in 0.003 seconds [3m(lmcache_driven_transfer.py:1218:lmcache.v1.multiprocess.modules.lmcache_driven_transfer)[0m
[32;20m[2026-09-20 14:33:50,513] LMCache INFO:[0m Stored 384 tokens in 0.003 seconds [3m(lmcache_driven_transfer.py:1218:lmcache.v1.multiprocess.modules.lmcache_driven_transfer)[0m
[32;20m[2026-09-20 14:33:50,591] LMCache INFO:[0m L1 memory usage 0.95 above watermark 0.80; triggering eviction. [3m(eviction_controller.py:179:lmcache.v1.distributed.storage_controllers.eviction_controller)[0m
[32;20m[2026-09-20 14:33:50,612] LMCache INFO:[0m Stored 384 tokens in 0.003 seconds [3m(lmcache_driven_transfer.py:1218:lmcache.v1.multiprocess.modules.lmcache_driven_transfer)[0m
[32;20m[2026-09-20 14:33:50,707] LMCache INFO:[0m Stored 384 tokens in 0.003 seconds [3m(lmcache_driven_transfer.py:1218:lmcache.v1.multiprocess.modules.lmcache_driven_transfer)[0m
[32;20m[2026-09-20 14:33:50,807] LMCache INFO:[0m Stored 384 tokens in 0.003 seconds [3m(lmcache_driven_transfer.py:1218:lmcache.v1.multiprocess.modules.lmcache_driven_transfer)[0m
[32;20m[2026-09-20 14:33:50,901] LMCache INFO:[0m Stored 384 tokens in 0.003 seconds [3m(lmcache_driven_transfer.py:1218:lmcache.v1.multiprocess.modules.lmcache_driven_transfer)[0m
[32;20m[2026-09-20 14:33:50,996] LMCache INFO:[0m Stored 384 tokens in 0.003 seconds [3m(lmcache_driven_transfer.py:1218:lmcache.v1.multiprocess.modules.lmcache_driven_transfer)[0m
[32;20m[2026-09-20 14:33:51,047] LMCache INFO:[0m Prefetch request completed (L1+L2): 24/24 retained keys (24 L1, 0 L2) in 1.4 ms (external_request_id=cmpl-8b0a57b0217b206c-0-898bd510, prefetch_request_id=-1) [3m(storage_manager.py:716:lmcache.v1.distributed.storage_manager)[0m
[32;20m[2026-09-20 14:33:51,052] LMCache INFO:[0m Retrieved 384 tokens in 0.002 seconds [3m(lmcache_driven_transfer.py:1427:lmcache.v1.multiprocess.modules.lmcache_driven_transfer)[0m
[32;20m[2026-09-20 14:33:51,171] LMCache INFO:[0m Stored 384 tokens in 0.003 seconds [3m(lmcache_driven_transfer.py:1218:lmcache.v1.multiprocess.modules.lmcache_driven_transfer)[0m
[32;20m[2026-09-20 14:33:51,254] LMCache INFO:[0m Stored 384 tokens in 0.003 seconds [3m(lmcache_driven_transfer.py:1218:lmcache.v1.multiprocess.modules.lmcache_driven_transfer)[0m
[32;20m[2026-09-20 14:33:51,353] LMCache INFO:[0m Stored 384 tokens in 0.003 seconds [3m(lmcache_driven_transfer.py:1218:lmcache.v1.multiprocess.modules.lmcache_driven_transfer)[0m
[32;20m[2026-09-20 14:33:51,453] LMCache INFO:[0m Stored 384 tokens in 0.005 seconds [3m(lmcache_driven_transfer.py:1218:lmcache.v1.multiprocess.modules.lmcache_driven_transfer)[0m
[32;20m[2026-09-20 14:33:51,551] LMCache INFO:[0m Stored 384 tokens in 0.003 seconds [3m(lmcache_driven_transfer.py:1218:lmcache.v1.multiprocess.modules.lmcache_driven_transfer)[0m
[32;20m[2026-09-20 14:33:51,602] LMCache INFO:[0m L1 memory usage 0.96 above watermark 0.80; triggering eviction. [3m(eviction_controller.py:179:lmcache.v1.distributed.storage_controllers.eviction_controller)[0m
[32;20m[2026-09-20 14:33:51,653] LMCache INFO:[0m Stored 384 tokens in 0.003 seconds [3m(lmcache_driven_transfer.py:1218:lmcache.v1.multiprocess.modules.lmcache_driven_transfer)[0m
[32;20m[2026-09-20 14:33:51,752] LMCache INFO:[0m Stored 384 tokens in 0.003 seconds [3m(lmcache_driven_transfer.py:1218:lmcache.v1.multiprocess.modules.lmcache_driven_transfer)[0m
[32;20m[2026-09-20 14:33:51,847] LMCache INFO:[0m Stored 384 tokens in 0.003 seconds [3m(lmcache_driven_transfer.py:1218:lmcache.v1.multiprocess.modules.lmcache_driven_transfer)[0m
[32;20m[2026-09-20 14:33:51,945] LMCache INFO:[0m Stored 208 tokens in 0.002 seconds [3m(lmcache_driven_transfer.py:1218:lmcache.v1.multiprocess.modules.lmcache_driven_transfer)[0m
[32;20m[2026-09-20 14:33:52,004] LMCache INFO:[0m Stored 384 tokens in 0.003 seconds [3m(lmcache_driven_transfer.py:1218:lmcache.v1.multiprocess.modules.lmcache_driven_transfer)[0m
[32;20m[2026-09-20 14:33:52,105] LMCache INFO:[0m Stored 384 tokens in 0.003 seconds [3m(lmcache_driven_transfer.py:1218:lmcache.v1.multiprocess.modules.lmcache_driven_transfer)[0m
[32;20m[2026-09-20 14:33:52,158] LMCache INFO:[0m Prefetch request completed (L1+L2): 24/24 retained keys (24 L1, 0 L2) in 2.8 ms (external_request_id=cmpl-9a4822b3be2d0365-0-a373efa1, prefetch_request_id=-1) [3m(storage_manager.py:716:lmcache.v1.distributed.storage_manager)[0m
[32;20m[2026-09-20 14:33:52,163] LMCache INFO:[0m Retrieved 384 tokens in 0.002 seconds [3m(lmcache_driven_transfer.py:1427:lmcache.v1.multiprocess.modules.lmcache_driven_transfer)[0m
[32;20m[2026-09-20 14:33:52,285] LMCache INFO:[0m Stored 384 tokens in 0.003 seconds [3m(lmcache_driven_transfer.py:1218:lmcache.v1.multiprocess.modules.lmcache_driven_transfer)[0m
[32;20m[2026-09-20 14:33:52,366] LMCache INFO:[0m Stored 384 tokens in 0.003 seconds [3m(lmcache_driven_transfer.py:1218:lmcache.v1.multiprocess.modules.lmcache_driven_transfer)[0m
[32;20m[2026-09-20 14:33:52,463] LMCache INFO:[0m Stored 384 tokens in 0.003 seconds [3m(lmcache_driven_transfer.py:1218:lmcache.v1.multiprocess.modules.lmcache_driven_transfer)[0m
[32;20m[2026-09-20 14:33:52,559] LMCache INFO:[0m Stored 384 tokens in 0.003 seconds [3m(lmcache_driven_transfer.py:1218:lmcache.v1.multiprocess.modules.lmcache_driven_transfer)[0m
[32;20m[2026-09-20 14:33:52,610] LMCache INFO:[0m L1 memory usage 0.97 above watermark 0.80; triggering eviction. [3m(eviction_controller.py:179:lmcache.v1.distributed.storage_controllers.eviction_controller)[0m
[32;20m[2026-09-20 14:33:52,661] LMCache INFO:[0m Stored 368 tokens in 0.003 seconds [3m(lmcache_driven_transfer.py:1218:lmcache.v1.multiprocess.modules.lmcache_driven_transfer)[0m
[32;20m[2026-09-20 14:33:52,753] LMCache INFO:[0m Stored 384 tokens in 0.003 seconds [3m(lmcache_driven_transfer.py:1218:lmcache.v1.multiprocess.modules.lmcache_driven_transfer)[0m
[32;20m[2026-09-20 14:33:52,847] LMCache INFO:[0m Stored 384 tokens in 0.003 seconds [3m(lmcache_driven_transfer.py:1218:lmcache.v1.multiprocess.modules.lmcache_driven_transfer)[0m
[32;20m[2026-09-20 14:33:52,951] LMCache INFO:[0m Stored 384 tokens in 0.003 seconds [3m(lmcache_driven_transfer.py:1218:lmcache.v1.multiprocess.modules.lmcache_driven_transfer)[0m
[32;20m[2026-09-20 14:33:53,046] LMCache INFO:[0m Stored 384 tokens in 0.003 seconds [3m(lmcache_driven_transfer.py:1218:lmcache.v1.multiprocess.modules.lmcache_driven_transfer)[0m
[32;20m[2026-09-20 14:33:53,144] LMCache INFO:[0m Stored 368 tokens in 0.003 seconds [3m(lmcache_driven_transfer.py:1218:lmcache.v1.multiprocess.modules.lmcache_driven_transfer)[0m
[32;20m[2026-09-20 14:33:53,237] LMCache INFO:[0m Stored 368 tokens in 0.003 seconds [3m(lmcache_driven_transfer.py:1218:lmcache.v1.multiprocess.modules.lmcache_driven_transfer)[0m
[32;20m[2026-09-20 14:33:53,364] LMCache INFO:[0m Stored 384 tokens in 0.003 seconds [3m(lmcache_driven_transfer.py:1218:lmcache.v1.multiprocess.modules.lmcache_driven_transfer)[0m
[32;20m[2026-09-20 14:33:53,451] LMCache INFO:[0m Stored 384 tokens in 0.003 seconds [3m(lmcache_driven_transfer.py:1218:lmcache.v1.multiprocess.modules.lmcache_driven_transfer)[0m
[32;20m[2026-09-20 14:33:53,548] LMCache INFO:[0m Stored 384 tokens in 0.003 seconds [3m(lmcache_driven_transfer.py:1218:lmcache.v1.multiprocess.modules.lmcache_driven_transfer)[0m
[32;20m[2026-09-20 14:33:53,617] LMCache INFO:[0m L1 memory usage 0.98 above watermark 0.80; triggering eviction. [3m(eviction_controller.py:179:lmcache.v1.distributed.storage_controllers.eviction_controller)[0m
[32;20m[2026-09-20 14:33:53,642] LMCache INFO:[0m Stored 384 tokens in 0.003 seconds [3m(lmcache_driven_transfer.py:1218:lmcache.v1.multiprocess.modules.lmcache_driven_transfer)[0m
[32;20m[2026-09-20 14:33:53,739] LMCache INFO:[0m Stored 384 tokens in 0.003 seconds [3m(lmcache_driven_transfer.py:1218:lmcache.v1.multiprocess.modules.lmcache_driven_transfer)[0m
[32;20m[2026-09-20 14:33:53,840] LMCache INFO:[0m Stored 384 tokens in 0.003 seconds [3m(lmcache_driven_transfer.py:1218:lmcache.v1.multiprocess.modules.lmcache_driven_transfer)[0m
[32;20m[2026-09-20 14:33:53,937] LMCache INFO:[0m Stored 384 tokens in 0.003 seconds [3m(lmcache_driven_transfer.py:1218:lmcache.v1.multiprocess.modules.lmcache_driven_transfer)[0m
[32;20m[2026-09-20 14:33:54,034] LMCache INFO:[0m Stored 384 tokens in 0.005 seconds [3m(lmcache_driven_transfer.py:1218:lmcache.v1.multiprocess.modules.lmcache_driven_transfer)[0m
[32;20m[2026-09-20 14:33:54,134] LMCache INFO:[0m Stored 384 tokens in 0.003 seconds [3m(lmcache_driven_transfer.py:1218:lmcache.v1.multiprocess.modules.lmcache_driven_transfer)[0m
[32;20m[2026-09-20 14:33:54,225] LMCache INFO:[0m Stored 384 tokens in 0.003 seconds [3m(lmcache_driven_transfer.py:1218:lmcache.v1.multiprocess.modules.lmcache_driven_transfer)[0m
[32;20m[2026-09-20 14:33:54,276] LMCache INFO:[0m Prefetch request completed (L1+L2): 24/24 retained keys (24 L1, 0 L2) in 1.1 ms (external_request_id=cmpl-bdfc845a5a988e9c-0-acda9a88, prefetch_request_id=-1) [3m(storage_manager.py:716:lmcache.v1.distributed.storage_manager)[0m
[32;20m[2026-09-20 14:33:54,282] LMCache INFO:[0m Retrieved 384 tokens in 0.003 seconds [3m(lmcache_driven_transfer.py:1427:lmcache.v1.multiprocess.modules.lmcache_driven_transfer)[0m
[32;20m[2026-09-20 14:33:54,426] LMCache INFO:[0m Stored 368 tokens in 0.003 seconds [3m(lmcache_driven_transfer.py:1218:lmcache.v1.multiprocess.modules.lmcache_driven_transfer)[0m
[32;20m[2026-09-20 14:33:54,510] LMCache INFO:[0m Stored 384 tokens in 0.002 seconds [3m(lmcache_driven_transfer.py:1218:lmcache.v1.multiprocess.modules.lmcache_driven_transfer)[0m
[32;20m[2026-09-20 14:33:54,608] LMCache INFO:[0m Stored 384 tokens in 0.003 seconds [3m(lmcache_driven_transfer.py:1218:lmcache.v1.multiprocess.modules.lmcache_driven_transfer)[0m
[32;20m[2026-09-20 14:33:54,627] LMCache INFO:[0m L1 memory usage 0.99 above watermark 0.80; triggering eviction. [3m(eviction_controller.py:179:lmcache.v1.distributed.storage_controllers.eviction_controller)[0m
[32;20m[2026-09-20 14:33:54,711] LMCache INFO:[0m Stored 384 tokens in 0.003 seconds [3m(lmcache_driven_transfer.py:1218:lmcache.v1.multiprocess.modules.lmcache_driven_transfer)[0m
[32;20m[2026-09-20 14:33:54,764] LMCache INFO:[0m Prefetch request completed (L1+L2): 23/23 retained keys (23 L1, 0 L2) in 1.1 ms (external_request_id=cmpl-a14ca94b58930bca-0-98417af5, prefetch_request_id=-1) [3m(storage_manager.py:716:lmcache.v1.distributed.storage_manager)[0m
[32;20m[2026-09-20 14:33:54,769] LMCache INFO:[0m Retrieved 368 tokens in 0.002 seconds [3m(lmcache_driven_transfer.py:1427:lmcache.v1.multiprocess.modules.lmcache_driven_transfer)[0m
[32;20m[2026-09-20 14:33:54,823] LMCache INFO:[0m Prefetch request completed (L1+L2): 24/24 retained keys (24 L1, 0 L2) in 1.0 ms (external_request_id=cmpl-b531d5335d015cfe-0-8fafe539, prefetch_request_id=-1) [3m(storage_manager.py:716:lmcache.v1.distributed.storage_manager)[0m
[32;20m[2026-09-20 14:33:54,828] LMCache INFO:[0m Retrieved 384 tokens in 0.002 seconds [3m(lmcache_driven_transfer.py:1427:lmcache.v1.multiprocess.modules.lmcache_driven_transfer)[0m
[32;20m[2026-09-20 14:33:54,882] LMCache INFO:[0m Prefetch request completed (L1+L2): 23/23 retained keys (23 L1, 0 L2) in 1.0 ms (external_request_id=cmpl-a2972a8b1ffc3af7-0-bf0b515d, prefetch_request_id=-1) [3m(storage_manager.py:716:lmcache.v1.distributed.storage_manager)[0m
[32;20m[2026-09-20 14:33:54,887] LMCache INFO:[0m Retrieved 368 tokens in 0.002 seconds [3m(lmcache_driven_transfer.py:1427:lmcache.v1.multiprocess.modules.lmcache_driven_transfer)[0m
[32;20m[2026-09-20 14:33:54,984] LMCache INFO:[0m Stored 384 tokens in 0.003 seconds [3m(lmcache_driven_transfer.py:1218:lmcache.v1.multiprocess.modules.lmcache_driven_transfer)[0m
[32;20m[2026-09-20 14:33:55,074] LMCache INFO:[0m Stored 384 tokens in 0.003 seconds [3m(lmcache_driven_transfer.py:1218:lmcache.v1.multiprocess.modules.lmcache_driven_transfer)[0m
[32;20m[2026-09-20 14:33:55,166] LMCache INFO:[0m Stored 192 tokens in 0.003 seconds [3m(lmcache_driven_transfer.py:1218:lmcache.v1.multiprocess.modules.lmcache_driven_transfer)[0m
[32;20m[2026-09-20 14:33:55,225] LMCache INFO:[0m Stored 384 tokens in 0.003 seconds [3m(lmcache_driven_transfer.py:1218:lmcache.v1.multiprocess.modules.lmcache_driven_transfer)[0m
[32;20m[2026-09-20 14:33:55,323] LMCache INFO:[0m Prefetch request completed (L1+L2): 24/24 retained keys (24 L1, 0 L2) in 1.1 ms (external_request_id=cmpl-9dd500a5ec824dca-0-a19f7453, prefetch_request_id=-1) [3m(storage_manager.py:716:lmcache.v1.distributed.storage_manager)[0m
[32;20m[2026-09-20 14:33:55,328] LMCache INFO:[0m Retrieved 384 tokens in 0.002 seconds [3m(lmcache_driven_transfer.py:1427:lmcache.v1.multiprocess.modules.lmcache_driven_transfer)[0m
[32;20m[2026-09-20 14:33:55,450] LMCache INFO:[0m Stored 384 tokens in 0.003 seconds [3m(lmcache_driven_transfer.py:1218:lmcache.v1.multiprocess.modules.lmcache_driven_transfer)[0m
[32;20m[2026-09-20 14:33:55,535] LMCache INFO:[0m Stored 384 tokens in 0.002 seconds [3m(lmcache_driven_transfer.py:1218:lmcache.v1.multiprocess.modules.lmcache_driven_transfer)[0m
[32;20m[2026-09-20 14:33:55,628] LMCache INFO:[0m Stored 384 tokens in 0.003 seconds [3m(lmcache_driven_transfer.py:1218:lmcache.v1.multiprocess.modules.lmcache_driven_transfer)[0m
[32;20m[2026-09-20 14:33:55,634] LMCache INFO:[0m L1 memory usage 0.95 above watermark 0.80; triggering eviction. [3m(eviction_controller.py:179:lmcache.v1.distributed.storage_controllers.eviction_controller)[0m
[32;20m[2026-09-20 14:33:55,730] LMCache INFO:[0m Stored 384 tokens in 0.003 seconds [3m(lmcache_driven_transfer.py:1218:lmcache.v1.multiprocess.modules.lmcache_driven_transfer)[0m
[32;20m[2026-09-20 14:33:55,829] LMCache INFO:[0m Stored 384 tokens in 0.003 seconds [3m(lmcache_driven_transfer.py:1218:lmcache.v1.multiprocess.modules.lmcache_driven_transfer)[0m
[32;20m[2026-09-20 14:33:55,928] LMCache INFO:[0m Stored 384 tokens in 0.003 seconds [3m(lmcache_driven_transfer.py:1218:lmcache.v1.multiprocess.modules.lmcache_driven_transfer)[0m
[32;20m[2026-09-20 14:33:56,027] LMCache INFO:[0m Stored 384 tokens in 0.003 seconds [3m(lmcache_driven_transfer.py:1218:lmcache.v1.multiprocess.modules.lmcache_driven_transfer)[0m
[32;20m[2026-09-20 14:33:56,124] LMCache INFO:[0m Stored 384 tokens in 0.003 seconds [3m(lmcache_driven_transfer.py:1218:lmcache.v1.multiprocess.modules.lmcache_driven_transfer)[0m
[32;20m[2026-09-20 14:33:56,221] LMCache INFO:[0m Stored 384 tokens in 0.003 seconds [3m(lmcache_driven_transfer.py:1218:lmcache.v1.multiprocess.modules.lmcache_driven_transfer)[0m
[32;20m[2026-09-20 14:33:56,317] LMCache INFO:[0m Stored 384 tokens in 0.003 seconds [3m(lmcache_driven_transfer.py:1218:lmcache.v1.multiprocess.modules.lmcache_driven_transfer)[0m
[32;20m[2026-09-20 14:33:56,367] LMCache INFO:[0m Prefetch request completed (L1+L2): 24/24 retained keys (24 L1, 0 L2) in 1.1 ms (external_request_id=cmpl-ba6ed4805c77ed31-0-b4b3d357, prefetch_request_id=-1) [3m(storage_manager.py:716:lmcache.v1.distributed.storage_manager)[0m
[32;20m[2026-09-20 14:33:56,374] LMCache INFO:[0m Retrieved 384 tokens in 0.003 seconds [3m(lmcache_driven_transfer.py:1427:lmcache.v1.multiprocess.modules.lmcache_driven_transfer)[0m
[32;20m[2026-09-20 14:33:56,498] LMCache INFO:[0m Stored 384 tokens in 0.003 seconds [3m(lmcache_driven_transfer.py:1218:lmcache.v1.multiprocess.modules.lmcache_driven_transfer)[0m
[32;20m[2026-09-20 14:33:56,537] LMCache INFO:[0m L0<->L1 stats [cuda:0] last 10.1s: store ops=98 tokens=36144 size=1.04GB avg_copy=6.95GB/s | retrieve ops=9 tokens=3424 size=0.10GB avg_copy=4.00GB/s [3m(extra_stats.py:159:lmcache.v1.mp_observability.subscribers.logging.extra_stats)[0m
[32;20m[2026-09-20 14:33:56,537] LMCache INFO:[0m L0<->L1 stats [cuda:0] cumulative: store ops=533 tokens=197328 size=5.66GB avg_copy=7.19GB/s | retrieve ops=144 tokens=54320 size=1.56GB avg_copy=4.04GB/s [3m(extra_stats.py:168:lmcache.v1.mp_observability.subscribers.logging.extra_stats)[0m
[32;20m[2026-09-20 14:33:56,581] LMCache INFO:[0m Stored 384 tokens in 0.003 seconds [3m(lmcache_driven_transfer.py:1218:lmcache.v1.multiprocess.modules.lmcache_driven_transfer)[0m
[32;20m[2026-09-20 14:33:56,640] LMCache INFO:[0m L1 memory usage: 0.47/0.50 GiB (94.7%) [3m(eviction_controller.py:153:lmcache.v1.distributed.storage_controllers.eviction_controller)[0m
[32;20m[2026-09-20 14:33:56,641] LMCache INFO:[0m L1 memory usage 0.95 above watermark 0.80; triggering eviction. [3m(eviction_controller.py:179:lmcache.v1.distributed.storage_controllers.eviction_controller)[0m
[32;20m[2026-09-20 14:33:56,689] LMCache INFO:[0m Stored 384 tokens in 0.003 seconds [3m(lmcache_driven_transfer.py:1218:lmcache.v1.multiprocess.modules.lmcache_driven_transfer)[0m
[32;20m[2026-09-20 14:33:56,788] LMCache INFO:[0m Stored 384 tokens in 0.003 seconds [3m(lmcache_driven_transfer.py:1218:lmcache.v1.multiprocess.modules.lmcache_driven_transfer)[0m
[32;20m[2026-09-20 14:33:56,886] LMCache INFO:[0m Stored 384 tokens in 0.003 seconds [3m(lmcache_driven_transfer.py:1218:lmcache.v1.multiprocess.modules.lmcache_driven_transfer)[0m
[32;20m[2026-09-20 14:33:56,989] LMCache INFO:[0m Stored 384 tokens in 0.003 seconds [3m(lmcache_driven_transfer.py:1218:lmcache.v1.multiprocess.modules.lmcache_driven_transfer)[0m
[32;20m[2026-09-20 14:33:57,092] LMCache INFO:[0m Stored 384 tokens in 0.003 seconds [3m(lmcache_driven_transfer.py:1218:lmcache.v1.multiprocess.modules.lmcache_driven_transfer)[0m
[32;20m[2026-09-20 14:33:57,189] LMCache INFO:[0m Stored 384 tokens in 0.003 seconds [3m(lmcache_driven_transfer.py:1218:lmcache.v1.multiprocess.modules.lmcache_driven_transfer)[0m
[32;20m[2026-09-20 14:33:57,294] LMCache INFO:[0m Stored 384 tokens in 0.004 seconds [3m(lmcache_driven_transfer.py:1218:lmcache.v1.multiprocess.modules.lmcache_driven_transfer)[0m
[32;20m[2026-09-20 14:33:57,346] LMCache INFO:[0m Prefetch request completed (L1+L2): 24/24 retained keys (24 L1, 0 L2) in 1.3 ms (external_request_id=cmpl-bb7e1031524ca6a6-0-a12a4de2, prefetch_request_id=-1) [3m(storage_manager.py:716:lmcache.v1.distributed.storage_manager)[0m
[32;20m[2026-09-20 14:33:57,352] LMCache INFO:[0m Retrieved 384 tokens in 0.002 seconds [3m(lmcache_driven_transfer.py:1427:lmcache.v1.multiprocess.modules.lmcache_driven_transfer)[0m
[32;20m[2026-09-20 14:33:57,468] LMCache INFO:[0m Stored 368 tokens in 0.003 seconds [3m(lmcache_driven_transfer.py:1218:lmcache.v1.multiprocess.modules.lmcache_driven_transfer)[0m
[32;20m[2026-09-20 14:33:57,555] LMCache INFO:[0m Stored 384 tokens in 0.003 seconds [3m(lmcache_driven_transfer.py:1218:lmcache.v1.multiprocess.modules.lmcache_driven_transfer)[0m
[32;20m[2026-09-20 14:33:57,648] LMCache INFO:[0m L1 memory usage 0.94 above watermark 0.80; triggering eviction. [3m(eviction_controller.py:179:lmcache.v1.distributed.storage_controllers.eviction_controller)[0m
[32;20m[2026-09-20 14:33:57,661] LMCache INFO:[0m Stored 384 tokens in 0.004 seconds [3m(lmcache_driven_transfer.py:1218:lmcache.v1.multiprocess.modules.lmcache_driven_transfer)[0m
[32;20m[2026-09-20 14:33:57,754] LMCache INFO:[0m Stored 384 tokens in 0.003 seconds [3m(lmcache_driven_transfer.py:1218:lmcache.v1.multiprocess.modules.lmcache_driven_transfer)[0m
[32;20m[2026-09-20 14:33:57,859] LMCache INFO:[0m Stored 384 tokens in 0.003 seconds [3m(lmcache_driven_transfer.py:1218:lmcache.v1.multiprocess.modules.lmcache_driven_transfer)[0m
[32;20m[2026-09-20 14:33:57,961] LMCache INFO:[0m Stored 384 tokens in 0.003 seconds [3m(lmcache_driven_transfer.py:1218:lmcache.v1.multiprocess.modules.lmcache_driven_transfer)[0m
[32;20m[2026-09-20 14:33:58,060] LMCache INFO:[0m Stored 384 tokens in 0.003 seconds [3m(lmcache_driven_transfer.py:1218:lmcache.v1.multiprocess.modules.lmcache_driven_transfer)[0m
[32;20m[2026-09-20 14:33:58,161] LMCache INFO:[0m Stored 368 tokens in 0.003 seconds [3m(lmcache_driven_transfer.py:1218:lmcache.v1.multiprocess.modules.lmcache_driven_transfer)[0m
[32;20m[2026-09-20 14:33:58,260] LMCache INFO:[0m Stored 384 tokens in 0.003 seconds [3m(lmcache_driven_transfer.py:1218:lmcache.v1.multiprocess.modules.lmcache_driven_transfer)[0m
[32;20m[2026-09-20 14:33:58,309] LMCache INFO:[0m Prefetch request completed (L1+L2): 24/24 retained keys (24 L1, 0 L2) in 1.3 ms (external_request_id=cmpl-960bfca0b09d685b-0-bb38fb5e, prefetch_request_id=-1) [3m(storage_manager.py:716:lmcache.v1.distributed.storage_manager)[0m
[32;20m[2026-09-20 14:33:58,315] LMCache INFO:[0m Retrieved 384 tokens in 0.002 seconds [3m(lmcache_driven_transfer.py:1427:lmcache.v1.multiprocess.modules.lmcache_driven_transfer)[0m
[32;20m[2026-09-20 14:33:58,434] LMCache INFO:[0m Stored 384 tokens in 0.003 seconds [3m(lmcache_driven_transfer.py:1218:lmcache.v1.multiprocess.modules.lmcache_driven_transfer)[0m
[32;20m[2026-09-20 14:33:58,521] LMCache INFO:[0m Stored 384 tokens in 0.003 seconds [3m(lmcache_driven_transfer.py:1218:lmcache.v1.multiprocess.modules.lmcache_driven_transfer)[0m
[32;20m[2026-09-20 14:33:58,616] LMCache INFO:[0m Stored 384 tokens in 0.003 seconds [3m(lmcache_driven_transfer.py:1218:lmcache.v1.multiprocess.modules.lmcache_driven_transfer)[0m
[32;20m[2026-09-20 14:33:58,659] LMCache INFO:[0m L1 memory usage 0.96 above watermark 0.80; triggering eviction. [3m(eviction_controller.py:179:lmcache.v1.distributed.storage_controllers.eviction_controller)[0m
[32;20m[2026-09-20 14:33:58,715] LMCache INFO:[0m Stored 384 tokens in 0.003 seconds [3m(lmcache_driven_transfer.py:1218:lmcache.v1.multiprocess.modules.lmcache_driven_transfer)[0m
[32;20m[2026-09-20 14:33:58,818] LMCache INFO:[0m Stored 384 tokens in 0.003 seconds [3m(lmcache_driven_transfer.py:1218:lmcache.v1.multiprocess.modules.lmcache_driven_transfer)[0m
[32;20m[2026-09-20 14:33:58,909] LMCache INFO:[0m Stored 384 tokens in 0.003 seconds [3m(lmcache_driven_transfer.py:1218:lmcache.v1.multiprocess.modules.lmcache_driven_transfer)[0m
[32;20m[2026-09-20 14:33:59,007] LMCache INFO:[0m Stored 384 tokens in 0.003 seconds [3m(lmcache_driven_transfer.py:1218:lmcache.v1.multiprocess.modules.lmcache_driven_transfer)[0m
[32;20m[2026-09-20 14:33:59,105] LMCache INFO:[0m Stored 384 tokens in 0.003 seconds [3m(lmcache_driven_transfer.py:1218:lmcache.v1.multiprocess.modules.lmcache_driven_transfer)[0m
[32;20m[2026-09-20 14:33:59,206] LMCache INFO:[0m Stored 384 tokens in 0.003 seconds [3m(lmcache_driven_transfer.py:1218:lmcache.v1.multiprocess.modules.lmcache_driven_transfer)[0m
[32;20m[2026-09-20 14:33:59,302] LMCache INFO:[0m Stored 384 tokens in 0.003 seconds [3m(lmcache_driven_transfer.py:1218:lmcache.v1.multiprocess.modules.lmcache_driven_transfer)[0m
[32;20m[2026-09-20 14:33:59,355] LMCache INFO:[0m Prefetch request completed (L1+L2): 24/24 retained keys (24 L1, 0 L2) in 2.8 ms (external_request_id=cmpl-9b0dc77420c41aa5-0-9dcffa1b, prefetch_request_id=-1) [3m(storage_manager.py:716:lmcache.v1.distributed.storage_manager)[0m
[32;20m[2026-09-20 14:33:59,360] LMCache INFO:[0m Retrieved 384 tokens in 0.003 seconds [3m(lmcache_driven_transfer.py:1427:lmcache.v1.multiprocess.modules.lmcache_driven_transfer)[0m
[32;20m[2026-09-20 14:33:59,477] LMCache INFO:[0m Stored 384 tokens in 0.003 seconds [3m(lmcache_driven_transfer.py:1218:lmcache.v1.multiprocess.modules.lmcache_driven_transfer)[0m
[32;20m[2026-09-20 14:33:59,563] LMCache INFO:[0m Stored 384 tokens in 0.003 seconds [3m(lmcache_driven_transfer.py:1218:lmcache.v1.multiprocess.modules.lmcache_driven_transfer)[0m
[32;20m[2026-09-20 14:33:59,661] LMCache INFO:[0m Stored 384 tokens in 0.003 seconds [3m(lmcache_driven_transfer.py:1218:lmcache.v1.multiprocess.modules.lmcache_driven_transfer)[0m
[32;20m[2026-09-20 14:33:59,669] LMCache INFO:[0m L1 memory usage 0.98 above watermark 0.80; triggering eviction. [3m(eviction_controller.py:179:lmcache.v1.distributed.storage_controllers.eviction_controller)[0m
[32;20m[2026-09-20 14:33:59,762] LMCache INFO:[0m Stored 384 tokens in 0.003 seconds [3m(lmcache_driven_transfer.py:1218:lmcache.v1.multiprocess.modules.lmcache_driven_transfer)[0m
[32;20m[2026-09-20 14:33:59,860] LMCache INFO:[0m Stored 384 tokens in 0.003 seconds [3m(lmcache_driven_transfer.py:1218:lmcache.v1.multiprocess.modules.lmcache_driven_transfer)[0m
[32;20m[2026-09-20 14:33:59,962] LMCache INFO:[0m Stored 384 tokens in 0.003 seconds [3m(lmcache_driven_transfer.py:1218:lmcache.v1.multiprocess.modules.lmcache_driven_transfer)[0m
[32;20m[2026-09-20 14:34:00,058] LMCache INFO:[0m Stored 384 tokens in 0.003 seconds [3m(lmcache_driven_transfer.py:1218:lmcache.v1.multiprocess.modules.lmcache_driven_transfer)[0m
[32;20m[2026-09-20 14:34:00,155] LMCache INFO:[0m Stored 384 tokens in 0.003 seconds [3m(lmcache_driven_transfer.py:1218:lmcache.v1.multiprocess.modules.lmcache_driven_transfer)[0m
[32;20m[2026-09-20 14:34:00,253] LMCache INFO:[0m Stored 384 tokens in 0.003 seconds [3m(lmcache_driven_transfer.py:1218:lmcache.v1.multiprocess.modules.lmcache_driven_transfer)[0m
[32;20m[2026-09-20 14:34:00,355] LMCache INFO:[0m Stored 384 tokens in 0.003 seconds [3m(lmcache_driven_transfer.py:1218:lmcache.v1.multiprocess.modules.lmcache_driven_transfer)[0m
[32;20m[2026-09-20 14:34:00,407] LMCache INFO:[0m Prefetch request completed (L1+L2): 24/24 retained keys (24 L1, 0 L2) in 2.3 ms (external_request_id=cmpl-af2e0b7b42b65f9b-0-ada8d0d3, prefetch_request_id=-1) [3m(storage_manager.py:716:lmcache.v1.distributed.storage_manager)[0m
[32;20m[2026-09-20 14:34:00,413] LMCache INFO:[0m Retrieved 384 tokens in 0.002 seconds [3m(lmcache_driven_transfer.py:1427:lmcache.v1.multiprocess.modules.lmcache_driven_transfer)[0m
[32;20m[2026-09-20 14:34:00,538] LMCache INFO:[0m Stored 384 tokens in 0.003 seconds [3m(lmcache_driven_transfer.py:1218:lmcache.v1.multiprocess.modules.lmcache_driven_transfer)[0m
[32;20m[2026-09-20 14:34:00,621] LMCache INFO:[0m Stored 384 tokens in 0.003 seconds [3m(lmcache_driven_transfer.py:1218:lmcache.v1.multiprocess.modules.lmcache_driven_transfer)[0m
[32;20m[2026-09-20 14:34:00,676] LMCache INFO:[0m L1 memory usage 0.97 above watermark 0.80; triggering eviction. [3m(eviction_controller.py:179:lmcache.v1.distributed.storage_controllers.eviction_controller)[0m
[32;20m[2026-09-20 14:34:00,729] LMCache INFO:[0m Stored 384 tokens in 0.003 seconds [3m(lmcache_driven_transfer.py:1218:lmcache.v1.multiprocess.modules.lmcache_driven_transfer)[0m
[32;20m[2026-09-20 14:34:00,829] LMCache INFO:[0m Stored 384 tokens in 0.003 seconds [3m(lmcache_driven_transfer.py:1218:lmcache.v1.multiprocess.modules.lmcache_driven_transfer)[0m
[32;20m[2026-09-20 14:34:00,930] LMCache INFO:[0m Stored 384 tokens in 0.003 seconds [3m(lmcache_driven_transfer.py:1218:lmcache.v1.multiprocess.modules.lmcache_driven_transfer)[0m
[32;20m[2026-09-20 14:34:01,024] LMCache INFO:[0m Stored 384 tokens in 0.003 seconds [3m(lmcache_driven_transfer.py:1218:lmcache.v1.multiprocess.modules.lmcache_driven_transfer)[0m
[32;20m[2026-09-20 14:34:01,122] LMCache INFO:[0m Stored 384 tokens in 0.003 seconds [3m(lmcache_driven_transfer.py:1218:lmcache.v1.multiprocess.modules.lmcache_driven_transfer)[0m
[32;20m[2026-09-20 14:34:01,224] LMCache INFO:[0m Stored 384 tokens in 0.003 seconds [3m(lmcache_driven_transfer.py:1218:lmcache.v1.multiprocess.modules.lmcache_driven_transfer)[0m
[32;20m[2026-09-20 14:34:01,325] LMCache INFO:[0m Stored 384 tokens in 0.003 seconds [3m(lmcache_driven_transfer.py:1218:lmcache.v1.multiprocess.modules.lmcache_driven_transfer)[0m
[32;20m[2026-09-20 14:34:01,376] LMCache INFO:[0m Prefetch request completed (L1+L2): 24/24 retained keys (24 L1, 0 L2) in 1.2 ms (external_request_id=cmpl-80fe632e39706e3f-0-963dc203, prefetch_request_id=-1) [3m(storage_manager.py:716:lmcache.v1.distributed.storage_manager)[0m
[32;20m[2026-09-20 14:34:01,382] LMCache INFO:[0m Retrieved 384 tokens in 0.002 seconds [3m(lmcache_driven_transfer.py:1427:lmcache.v1.multiprocess.modules.lmcache_driven_transfer)[0m
[32;20m[2026-09-20 14:34:01,503] LMCache INFO:[0m Stored 384 tokens in 0.003 seconds [3m(lmcache_driven_transfer.py:1218:lmcache.v1.multiprocess.modules.lmcache_driven_transfer)[0m
[32;20m[2026-09-20 14:34:01,590] LMCache INFO:[0m Stored 368 tokens in 0.003 seconds [3m(lmcache_driven_transfer.py:1218:lmcache.v1.multiprocess.modules.lmcache_driven_transfer)[0m
[32;20m[2026-09-20 14:34:01,684] LMCache INFO:[0m L1 memory usage 0.96 above watermark 0.80; triggering eviction. [3m(eviction_controller.py:179:lmcache.v1.distributed.storage_controllers.eviction_controller)[0m
[32;20m[2026-09-20 14:34:01,695] LMCache INFO:[0m Stored 384 tokens in 0.003 seconds [3m(lmcache_driven_transfer.py:1218:lmcache.v1.multiprocess.modules.lmcache_driven_transfer)[0m
[32;20m[2026-09-20 14:34:01,793] LMCache INFO:[0m Stored 384 tokens in 0.003 seconds [3m(lmcache_driven_transfer.py:1218:lmcache.v1.multiprocess.modules.lmcache_driven_transfer)[0m
[32;20m[2026-09-20 14:34:01,896] LMCache INFO:[0m Stored 384 tokens in 0.003 seconds [3m(lmcache_driven_transfer.py:1218:lmcache.v1.multiprocess.modules.lmcache_driven_transfer)[0m
[32;20m[2026-09-20 14:34:01,999] LMCache INFO:[0m Stored 384 tokens in 0.003 seconds [3m(lmcache_driven_transfer.py:1218:lmcache.v1.multiprocess.modules.lmcache_driven_transfer)[0m
[32;20m[2026-09-20 14:34:02,100] LMCache INFO:[0m Stored 384 tokens in 0.003 seconds [3m(lmcache_driven_transfer.py:1218:lmcache.v1.multiprocess.modules.lmcache_driven_transfer)[0m
[32;20m[2026-09-20 14:34:02,196] LMCache INFO:[0m Stored 384 tokens in 0.003 seconds [3m(lmcache_driven_transfer.py:1218:lmcache.v1.multiprocess.modules.lmcache_driven_transfer)[0m
[32;20m[2026-09-20 14:34:02,296] LMCache INFO:[0m Stored 384 tokens in 0.003 seconds [3m(lmcache_driven_transfer.py:1218:lmcache.v1.multiprocess.modules.lmcache_driven_transfer)[0m
[32;20m[2026-09-20 14:34:02,395] LMCache INFO:[0m Stored 384 tokens in 0.003 seconds [3m(lmcache_driven_transfer.py:1218:lmcache.v1.multiprocess.modules.lmcache_driven_transfer)[0m
[32;20m[2026-09-20 14:34:02,447] LMCache INFO:[0m Prefetch request completed (L1+L2): 24/24 retained keys (24 L1, 0 L2) in 2.6 ms (external_request_id=cmpl-a86f1869be2bc12f-0-860a33dc, prefetch_request_id=-1) [3m(storage_manager.py:716:lmcache.v1.distributed.storage_manager)[0m
[32;20m[2026-09-20 14:34:02,452] LMCache INFO:[0m Retrieved 384 tokens in 0.002 seconds [3m(lmcache_driven_transfer.py:1427:lmcache.v1.multiprocess.modules.lmcache_driven_transfer)[0m
[32;20m[2026-09-20 14:34:02,576] LMCache INFO:[0m Stored 384 tokens in 0.003 seconds [3m(lmcache_driven_transfer.py:1218:lmcache.v1.multiprocess.modules.lmcache_driven_transfer)[0m
[32;20m[2026-09-20 14:34:02,661] LMCache INFO:[0m Stored 384 tokens in 0.005 seconds [3m(lmcache_driven_transfer.py:1218:lmcache.v1.multiprocess.modules.lmcache_driven_transfer)[0m
[32;20m[2026-09-20 14:34:02,694] LMCache INFO:[0m L1 memory usage 0.98 above watermark 0.80; triggering eviction. [3m(eviction_controller.py:179:lmcache.v1.distributed.storage_controllers.eviction_controller)[0m
[32;20m[2026-09-20 14:34:02,763] LMCache INFO:[0m Stored 384 tokens in 0.003 seconds [3m(lmcache_driven_transfer.py:1218:lmcache.v1.multiprocess.modules.lmcache_driven_transfer)[0m
[32;20m[2026-09-20 14:34:02,861] LMCache INFO:[0m Stored 384 tokens in 0.003 seconds [3m(lmcache_driven_transfer.py:1218:lmcache.v1.multiprocess.modules.lmcache_driven_transfer)[0m
[32;20m[2026-09-20 14:34:02,957] LMCache INFO:[0m Stored 384 tokens in 0.003 seconds [3m(lmcache_driven_transfer.py:1218:lmcache.v1.multiprocess.modules.lmcache_driven_transfer)[0m
[32;20m[2026-09-20 14:34:03,055] LMCache INFO:[0m Stored 176 tokens in 0.002 seconds [3m(lmcache_driven_transfer.py:1218:lmcache.v1.multiprocess.modules.lmcache_driven_transfer)[0m
[32;20m[2026-09-20 14:34:03,113] LMCache INFO:[0m Stored 368 tokens in 0.003 seconds [3m(lmcache_driven_transfer.py:1218:lmcache.v1.multiprocess.modules.lmcache_driven_transfer)[0m
[32;20m[2026-09-20 14:34:03,216] LMCache INFO:[0m Stored 384 tokens in 0.003 seconds [3m(lmcache_driven_transfer.py:1218:lmcache.v1.multiprocess.modules.lmcache_driven_transfer)[0m
[32;20m[2026-09-20 14:34:03,316] LMCache INFO:[0m Stored 384 tokens in 0.003 seconds [3m(lmcache_driven_transfer.py:1218:lmcache.v1.multiprocess.modules.lmcache_driven_transfer)[0m
[32;20m[2026-09-20 14:34:03,374] LMCache INFO:[0m Prefetch request completed (L1+L2): 24/24 retained keys (24 L1, 0 L2) in 1.3 ms (external_request_id=cmpl-97300b9941cb8c6c-0-9a296d4e, prefetch_request_id=-1) [3m(storage_manager.py:716:lmcache.v1.distributed.storage_manager)[0m
[32;20m[2026-09-20 14:34:03,379] LMCache INFO:[0m Retrieved 384 tokens in 0.002 seconds [3m(lmcache_driven_transfer.py:1427:lmcache.v1.multiprocess.modules.lmcache_driven_transfer)[0m
[32;20m[2026-09-20 14:34:03,502] LMCache INFO:[0m Stored 384 tokens in 0.003 seconds [3m(lmcache_driven_transfer.py:1218:lmcache.v1.multiprocess.modules.lmcache_driven_transfer)[0m
[32;20m[2026-09-20 14:34:03,583] LMCache INFO:[0m Stored 384 tokens in 0.003 seconds [3m(lmcache_driven_transfer.py:1218:lmcache.v1.multiprocess.modules.lmcache_driven_transfer)[0m
[32;20m[2026-09-20 14:34:03,634] LMCache INFO:[0m Prefetch request completed (L1+L2): 24/24 retained keys (24 L1, 0 L2) in 1.2 ms (external_request_id=cmpl-801db45dbd6eae68-0-81fd35f4, prefetch_request_id=-1) [3m(storage_manager.py:716:lmcache.v1.distributed.storage_manager)[0m
[32;20m[2026-09-20 14:34:03,639] LMCache INFO:[0m Retrieved 384 tokens in 0.002 seconds [3m(lmcache_driven_transfer.py:1427:lmcache.v1.multiprocess.modules.lmcache_driven_transfer)[0m
[32;20m[2026-09-20 14:34:03,700] LMCache INFO:[0m L1 memory usage 0.96 above watermark 0.80; triggering eviction. [3m(eviction_controller.py:179:lmcache.v1.distributed.storage_controllers.eviction_controller)[0m
[32;20m[2026-09-20 14:34:03,735] LMCache INFO:[0m Stored 384 tokens in 0.003 seconds [3m(lmcache_driven_transfer.py:1218:lmcache.v1.multiprocess.modules.lmcache_driven_transfer)[0m
[32;20m[2026-09-20 14:34:03,826] LMCache INFO:[0m Stored 384 tokens in 0.003 seconds [3m(lmcache_driven_transfer.py:1218:lmcache.v1.multiprocess.modules.lmcache_driven_transfer)[0m
[32;20m[2026-09-20 14:34:03,931] LMCache INFO:[0m Stored 384 tokens in 0.003 seconds [3m(lmcache_driven_transfer.py:1218:lmcache.v1.multiprocess.modules.lmcache_driven_transfer)[0m
[32;20m[2026-09-20 14:34:03,988] LMCache INFO:[0m Prefetch request completed (L1+L2): 24/24 retained keys (24 L1, 0 L2) in 1.0 ms (external_request_id=cmpl-b16cdfe1bbfd8c69-0-85208cd8, prefetch_request_id=-1) [3m(storage_manager.py:716:lmcache.v1.distributed.storage_manager)[0m
[32;20m[2026-09-20 14:34:03,993] LMCache INFO:[0m Retrieved 384 tokens in 0.002 seconds [3m(lmcache_driven_transfer.py:1427:lmcache.v1.multiprocess.modules.lmcache_driven_transfer)[0m
[32;20m[2026-09-20 14:34:04,086] LMCache INFO:[0m Stored 384 tokens in 0.003 seconds [3m(lmcache_driven_transfer.py:1218:lmcache.v1.multiprocess.modules.lmcache_driven_transfer)[0m
[32;20m[2026-09-20 14:34:04,178] LMCache INFO:[0m Stored 384 tokens in 0.003 seconds [3m(lmcache_driven_transfer.py:1218:lmcache.v1.multiprocess.modules.lmcache_driven_transfer)[0m
[32;20m[2026-09-20 14:34:04,280] LMCache INFO:[0m Stored 384 tokens in 0.003 seconds [3m(lmcache_driven_transfer.py:1218:lmcache.v1.multiprocess.modules.lmcache_driven_transfer)[0m
[32;20m[2026-09-20 14:34:04,395] LMCache INFO:[0m Stored 384 tokens in 0.003 seconds [3m(lmcache_driven_transfer.py:1218:lmcache.v1.multiprocess.modules.lmcache_driven_transfer)[0m
[32;20m[2026-09-20 14:34:04,437] LMCache INFO:[0m Prefetch request completed (L1+L2): 24/24 retained keys (24 L1, 0 L2) in 2.8 ms (external_request_id=cmpl-88ad4aa50a0e90d6-0-a56e334f, prefetch_request_id=-1) [3m(storage_manager.py:716:lmcache.v1.distributed.storage_manager)[0m
[32;20m[2026-09-20 14:34:04,442] LMCache INFO:[0m Retrieved 384 tokens in 0.002 seconds [3m(lmcache_driven_transfer.py:1427:lmcache.v1.multiprocess.modules.lmcache_driven_transfer)[0m
[32;20m[2026-09-20 14:34:04,572] LMCache INFO:[0m Stored 384 tokens in 0.003 seconds [3m(lmcache_driven_transfer.py:1218:lmcache.v1.multiprocess.modules.lmcache_driven_transfer)[0m
[32;20m[2026-09-20 14:34:04,575] LMCache INFO:[0m Stored 384 tokens in 0.003 seconds [3m(lmcache_driven_transfer.py:1218:lmcache.v1.multiprocess.modules.lmcache_driven_transfer)[0m
[32;20m[2026-09-20 14:34:04,710] LMCache INFO:[0m L1 memory usage 0.95 above watermark 0.80; triggering eviction. [3m(eviction_controller.py:179:lmcache.v1.distributed.storage_controllers.eviction_controller)[0m
[32;20m[2026-09-20 14:34:04,744] LMCache INFO:[0m Stored 384 tokens in 0.003 seconds [3m(lmcache_driven_transfer.py:1218:lmcache.v1.multiprocess.modules.lmcache_driven_transfer)[0m
[32;20m[2026-09-20 14:34:04,843] LMCache INFO:[0m Stored 384 tokens in 0.003 seconds [3m(lmcache_driven_transfer.py:1218:lmcache.v1.multiprocess.modules.lmcache_driven_transfer)[0m
[32;20m[2026-09-20 14:34:04,943] LMCache INFO:[0m Stored 384 tokens in 0.004 seconds [3m(lmcache_driven_transfer.py:1218:lmcache.v1.multiprocess.modules.lmcache_driven_transfer)[0m
[32;20m[2026-09-20 14:34:05,048] LMCache INFO:[0m Stored 384 tokens in 0.003 seconds [3m(lmcache_driven_transfer.py:1218:lmcache.v1.multiprocess.modules.lmcache_driven_transfer)[0m
[32;20m[2026-09-20 14:34:05,148] LMCache INFO:[0m Stored 384 tokens in 0.003 seconds [3m(lmcache_driven_transfer.py:1218:lmcache.v1.multiprocess.modules.lmcache_driven_transfer)[0m
[32;20m[2026-09-20 14:34:05,250] LMCache INFO:[0m Stored 384 tokens in 0.003 seconds [3m(lmcache_driven_transfer.py:1218:lmcache.v1.multiprocess.modules.lmcache_driven_transfer)[0m
[32;20m[2026-09-20 14:34:05,348] LMCache INFO:[0m Stored 384 tokens in 0.003 seconds [3m(lmcache_driven_transfer.py:1218:lmcache.v1.multiprocess.modules.lmcache_driven_transfer)[0m
[32;20m[2026-09-20 14:34:05,451] LMCache INFO:[0m Stored 384 tokens in 0.003 seconds [3m(lmcache_driven_transfer.py:1218:lmcache.v1.multiprocess.modules.lmcache_driven_transfer)[0m
[32;20m[2026-09-20 14:34:05,504] LMCache INFO:[0m Prefetch request completed (L1+L2): 24/24 retained keys (24 L1, 0 L2) in 3.2 ms (external_request_id=cmpl-8fbc0b30444ea566-0-a4e0c6c2, prefetch_request_id=-1) [3m(storage_manager.py:716:lmcache.v1.distributed.storage_manager)[0m
[32;20m[2026-09-20 14:34:05,509] LMCache INFO:[0m Retrieved 384 tokens in 0.002 seconds [3m(lmcache_driven_transfer.py:1427:lmcache.v1.multiprocess.modules.lmcache_driven_transfer)[0m
[32;20m[2026-09-20 14:34:05,592] LMCache INFO:[0m Prefetch request completed (L1+L2): 24/24 retained keys (24 L1, 0 L2) in 1.2 ms (external_request_id=cmpl-bc106384b10f263a-0-80240df1, prefetch_request_id=-1) [3m(storage_manager.py:716:lmcache.v1.distributed.storage_manager)[0m
[32;20m[2026-09-20 14:34:05,597] LMCache INFO:[0m Prefetch request completed (L1+L2): 23/23 retained keys (23 L1, 0 L2) in 1.0 ms (external_request_id=cmpl-ab0b532c6598123c-0-ba8b502b, prefetch_request_id=-1) [3m(storage_manager.py:716:lmcache.v1.distributed.storage_manager)[0m
[32;20m[2026-09-20 14:34:05,599] LMCache INFO:[0m Retrieved 384 tokens in 0.004 seconds [3m(lmcache_driven_transfer.py:1427:lmcache.v1.multiprocess.modules.lmcache_driven_transfer)[0m
[32;20m[2026-09-20 14:34:05,605] LMCache INFO:[0m Retrieved 368 tokens in 0.005 seconds [3m(lmcache_driven_transfer.py:1427:lmcache.v1.multiprocess.modules.lmcache_driven_transfer)[0m
[32;20m[2026-09-20 14:34:05,717] LMCache INFO:[0m L1 memory usage 0.93 above watermark 0.80; triggering eviction. [3m(eviction_controller.py:179:lmcache.v1.distributed.storage_controllers.eviction_controller)[0m
[32;20m[2026-09-20 14:34:05,735] LMCache INFO:[0m Stored 384 tokens in 0.003 seconds [3m(lmcache_driven_transfer.py:1218:lmcache.v1.multiprocess.modules.lmcache_driven_transfer)[0m
[32;20m[2026-09-20 14:34:05,784] LMCache INFO:[0m Prefetch request completed (L1+L2): 24/24 retained keys (24 L1, 0 L2) in 1.2 ms (external_request_id=cmpl-bc47375956cef7de-0-9bd47989, prefetch_request_id=-1) [3m(storage_manager.py:716:lmcache.v1.distributed.storage_manager)[0m
[32;20m[2026-09-20 14:34:05,789] LMCache INFO:[0m Retrieved 384 tokens in 0.002 seconds [3m(lmcache_driven_transfer.py:1427:lmcache.v1.multiprocess.modules.lmcache_driven_transfer)[0m
[32;20m[2026-09-20 14:34:05,842] LMCache INFO:[0m Prefetch request completed (L1+L2): 24/24 retained keys (24 L1, 0 L2) in 1.1 ms (external_request_id=cmpl-a5ec9b79b832f1c4-0-8dff9a26, prefetch_request_id=-1) [3m(storage_manager.py:716:lmcache.v1.distributed.storage_manager)[0m
[32;20m[2026-09-20 14:34:05,847] LMCache INFO:[0m Retrieved 384 tokens in 0.002 seconds [3m(lmcache_driven_transfer.py:1427:lmcache.v1.multiprocess.modules.lmcache_driven_transfer)[0m
[32;20m[2026-09-20 14:34:05,902] LMCache INFO:[0m Prefetch request completed (L1+L2): 24/24 retained keys (24 L1, 0 L2) in 1.1 ms (external_request_id=cmpl-8c6464c3868f2978-0-9d60206a, prefetch_request_id=-1) [3m(storage_manager.py:716:lmcache.v1.distributed.storage_manager)[0m
[32;20m[2026-09-20 14:34:05,907] LMCache INFO:[0m Retrieved 384 tokens in 0.002 seconds [3m(lmcache_driven_transfer.py:1427:lmcache.v1.multiprocess.modules.lmcache_driven_transfer)[0m
[32;20m[2026-09-20 14:34:06,274] LMCache INFO:[0m Stored 384 tokens in 0.269 seconds [3m(lmcache_driven_transfer.py:1218:lmcache.v1.multiprocess.modules.lmcache_driven_transfer)[0m
[32;20m[2026-09-20 14:34:06,319] LMCache INFO:[0m Stored 384 tokens in 0.003 seconds [3m(lmcache_driven_transfer.py:1218:lmcache.v1.multiprocess.modules.lmcache_driven_transfer)[0m
[32;20m[2026-09-20 14:34:06,402] LMCache INFO:[0m Stored 384 tokens in 0.003 seconds [3m(lmcache_driven_transfer.py:1218:lmcache.v1.multiprocess.modules.lmcache_driven_transfer)[0m
[32;20m[2026-09-20 14:34:06,456] LMCache INFO:[0m Prefetch request completed (L1+L2): 24/24 retained keys (24 L1, 0 L2) in 2.1 ms (external_request_id=cmpl-8677c3881255fe3f-0-b0c0cbaf, prefetch_request_id=-1) [3m(storage_manager.py:716:lmcache.v1.distributed.storage_manager)[0m
[32;20m[2026-09-20 14:34:06,461] LMCache INFO:[0m Retrieved 384 tokens in 0.002 seconds [3m(lmcache_driven_transfer.py:1427:lmcache.v1.multiprocess.modules.lmcache_driven_transfer)[0m
[32;20m[2026-09-20 14:34:06,586] LMCache INFO:[0m Stored 384 tokens in 0.003 seconds [3m(lmcache_driven_transfer.py:1218:lmcache.v1.multiprocess.modules.lmcache_driven_transfer)[0m
[32;20m[2026-09-20 14:34:06,627] LMCache INFO:[0m L0<->L1 stats [cuda:0] last 10.1s: store ops=89 tokens=33904 size=0.97GB avg_copy=2.64GB/s | retrieve ops=17 tokens=6512 size=0.19GB avg_copy=3.82GB/s [3m(extra_stats.py:159:lmcache.v1.mp_observability.subscribers.logging.extra_stats)[0m
[32;20m[2026-09-20 14:34:06,628] LMCache INFO:[0m L0<->L1 stats [cuda:0] cumulative: store ops=622 tokens=231232 size=6.63GB avg_copy=5.74GB/s | retrieve ops=161 tokens=60832 size=1.74GB avg_copy=4.01GB/s [3m(extra_stats.py:168:lmcache.v1.mp_observability.subscribers.logging.extra_stats)[0m
[32;20m[2026-09-20 14:34:06,672] LMCache INFO:[0m Stored 384 tokens in 0.003 seconds [3m(lmcache_driven_transfer.py:1218:lmcache.v1.multiprocess.modules.lmcache_driven_transfer)[0m
[32;20m[2026-09-20 14:34:06,725] LMCache INFO:[0m L1 memory usage: 0.43/0.50 GiB (86.5%) [3m(eviction_controller.py:153:lmcache.v1.distributed.storage_controllers.eviction_controller)[0m
[32;20m[2026-09-20 14:34:06,725] LMCache INFO:[0m L1 memory usage 0.86 above watermark 0.80; triggering eviction. [3m(eviction_controller.py:179:lmcache.v1.distributed.storage_controllers.eviction_controller)[0m
[32;20m[2026-09-20 14:34:06,779] LMCache INFO:[0m Stored 368 tokens in 0.003 seconds [3m(lmcache_driven_transfer.py:1218:lmcache.v1.multiprocess.modules.lmcache_driven_transfer)[0m
[32;20m[2026-09-20 14:34:06,880] LMCache INFO:[0m Stored 384 tokens in 0.003 seconds [3m(lmcache_driven_transfer.py:1218:lmcache.v1.multiprocess.modules.lmcache_driven_transfer)[0m
[32;20m[2026-09-20 14:34:06,984] LMCache INFO:[0m Stored 384 tokens in 0.003 seconds [3m(lmcache_driven_transfer.py:1218:lmcache.v1.multiprocess.modules.lmcache_driven_transfer)[0m
[32;20m[2026-09-20 14:34:07,080] LMCache INFO:[0m Stored 384 tokens in 0.003 seconds [3m(lmcache_driven_transfer.py:1218:lmcache.v1.multiprocess.modules.lmcache_driven_transfer)[0m
[32;20m[2026-09-20 14:34:07,176] LMCache INFO:[0m Stored 384 tokens in 0.003 seconds [3m(lmcache_driven_transfer.py:1218:lmcache.v1.multiprocess.modules.lmcache_driven_transfer)[0m
[32;20m[2026-09-20 14:34:07,270] LMCache INFO:[0m Stored 336 tokens in 0.003 seconds [3m(lmcache_driven_transfer.py:1218:lmcache.v1.multiprocess.modules.lmcache_driven_transfer)[0m
[32;20m[2026-09-20 14:34:07,361] LMCache INFO:[0m Stored 384 tokens in 0.003 seconds [3m(lmcache_driven_transfer.py:1218:lmcache.v1.multiprocess.modules.lmcache_driven_transfer)[0m
[32;20m[2026-09-20 14:34:07,462] LMCache INFO:[0m Stored 384 tokens in 0.003 seconds [3m(lmcache_driven_transfer.py:1218:lmcache.v1.multiprocess.modules.lmcache_driven_transfer)[0m
[32;20m[2026-09-20 14:34:07,513] LMCache INFO:[0m Prefetch request completed (L1+L2): 24/24 retained keys (24 L1, 0 L2) in 1.2 ms (external_request_id=cmpl-bfb6b4a676fade27-0-9d3f80c0, prefetch_request_id=-1) [3m(storage_manager.py:716:lmcache.v1.distributed.storage_manager)[0m
[32;20m[2026-09-20 14:34:07,518] LMCache INFO:[0m Retrieved 384 tokens in 0.002 seconds [3m(lmcache_driven_transfer.py:1427:lmcache.v1.multiprocess.modules.lmcache_driven_transfer)[0m
[32;20m[2026-09-20 14:34:07,594] LMCache INFO:[0m Prefetch request completed (L1+L2): 24/24 retained keys (24 L1, 0 L2) in 1.1 ms (external_request_id=cmpl-9fd4ee6465f82b6a-0-8968b02a, prefetch_request_id=-1) [3m(storage_manager.py:716:lmcache.v1.distributed.storage_manager)[0m
[32;20m[2026-09-20 14:34:07,599] LMCache INFO:[0m Prefetch request completed (L1+L2): 24/24 retained keys (24 L1, 0 L2) in 1.1 ms (external_request_id=cmpl-908805b8224118c3-0-9038a476, prefetch_request_id=-1) [3m(storage_manager.py:716:lmcache.v1.distributed.storage_manager)[0m
[32;20m[2026-09-20 14:34:07,600] LMCache INFO:[0m Retrieved 384 tokens in 0.004 seconds [3m(lmcache_driven_transfer.py:1427:lmcache.v1.multiprocess.modules.lmcache_driven_transfer)[0m
[32;20m[2026-09-20 14:34:07,607] LMCache INFO:[0m Retrieved 384 tokens in 0.005 seconds [3m(lmcache_driven_transfer.py:1427:lmcache.v1.multiprocess.modules.lmcache_driven_transfer)[0m
[32;20m[2026-09-20 14:34:07,697] LMCache INFO:[0m Prefetch request completed (L1+L2): 24/24 retained keys (24 L1, 0 L2) in 1.2 ms (external_request_id=cmpl-a0bfa18acbf3ca3c-0-90b16648, prefetch_request_id=-1) [3m(storage_manager.py:716:lmcache.v1.distributed.storage_manager)[0m
[32;20m[2026-09-20 14:34:07,702] LMCache INFO:[0m Retrieved 384 tokens in 0.002 seconds [3m(lmcache_driven_transfer.py:1427:lmcache.v1.multiprocess.modules.lmcache_driven_transfer)[0m
[32;20m[2026-09-20 14:34:07,734] LMCache INFO:[0m L1 memory usage 0.86 above watermark 0.80; triggering eviction. [3m(eviction_controller.py:179:lmcache.v1.distributed.storage_controllers.eviction_controller)[0m
[32;20m[2026-09-20 14:34:07,755] LMCache INFO:[0m Prefetch request completed (L1+L2): 24/24 retained keys (24 L1, 0 L2) in 1.3 ms (external_request_id=cmpl-a6f41d90320186d5-0-aeddb870, prefetch_request_id=-1) [3m(storage_manager.py:716:lmcache.v1.distributed.storage_manager)[0m
[32;20m[2026-09-20 14:34:07,760] LMCache INFO:[0m Retrieved 384 tokens in 0.002 seconds [3m(lmcache_driven_transfer.py:1427:lmcache.v1.multiprocess.modules.lmcache_driven_transfer)[0m
[32;20m[2026-09-20 14:34:07,856] LMCache INFO:[0m Stored 384 tokens in 0.003 seconds [3m(lmcache_driven_transfer.py:1218:lmcache.v1.multiprocess.modules.lmcache_driven_transfer)[0m
[32;20m[2026-09-20 14:34:07,909] LMCache INFO:[0m Prefetch request completed (L1+L2): 24/24 retained keys (24 L1, 0 L2) in 1.3 ms (external_request_id=cmpl-b8ccfadea5ad6c74-0-96239518, prefetch_request_id=-1) [3m(storage_manager.py:716:lmcache.v1.distributed.storage_manager)[0m
[32;20m[2026-09-20 14:34:07,914] LMCache INFO:[0m Retrieved 384 tokens in 0.002 seconds [3m(lmcache_driven_transfer.py:1427:lmcache.v1.multiprocess.modules.lmcache_driven_transfer)[0m
[32;20m[2026-09-20 14:34:07,968] LMCache INFO:[0m Prefetch request completed (L1+L2): 24/24 retained keys (24 L1, 0 L2) in 1.3 ms (external_request_id=cmpl-8068dbfe040b1526-0-8a6ef629, prefetch_request_id=-1) [3m(storage_manager.py:716:lmcache.v1.distributed.storage_manager)[0m
[32;20m[2026-09-20 14:34:07,973] LMCache INFO:[0m Retrieved 384 tokens in 0.002 seconds [3m(lmcache_driven_transfer.py:1427:lmcache.v1.multiprocess.modules.lmcache_driven_transfer)[0m
[32;20m[2026-09-20 14:34:08,066] LMCache INFO:[0m Stored 112 tokens in 0.002 seconds [3m(lmcache_driven_transfer.py:1218:lmcache.v1.multiprocess.modules.lmcache_driven_transfer)[0m
[32;20m[2026-09-20 14:34:08,074] LMCache INFO:[0m Prefetch request completed (L1+L2): 24/24 retained keys (24 L1, 0 L2) in 1.0 ms (external_request_id=cmpl-904a7827ea2e7879-0-910d3b13, prefetch_request_id=-1) [3m(storage_manager.py:716:lmcache.v1.distributed.storage_manager)[0m
[32;20m[2026-09-20 14:34:08,078] LMCache INFO:[0m Retrieved 384 tokens in 0.002 seconds [3m(lmcache_driven_transfer.py:1427:lmcache.v1.multiprocess.modules.lmcache_driven_transfer)[0m
[32;20m[2026-09-20 14:34:08,133] LMCache INFO:[0m Prefetch request completed (L1+L2): 24/24 retained keys (24 L1, 0 L2) in 1.0 ms (external_request_id=cmpl-9451d3c8662c466f-0-b5ee1767, prefetch_request_id=-1) [3m(storage_manager.py:716:lmcache.v1.distributed.storage_manager)[0m
[32;20m[2026-09-20 14:34:08,138] LMCache INFO:[0m Retrieved 384 tokens in 0.002 seconds [3m(lmcache_driven_transfer.py:1427:lmcache.v1.multiprocess.modules.lmcache_driven_transfer)[0m
[32;20m[2026-09-20 14:34:08,190] LMCache INFO:[0m Prefetch request completed (L1+L2): 24/24 retained keys (24 L1, 0 L2) in 1.1 ms (external_request_id=cmpl-a925edc74fd86f86-0-86c23581, prefetch_request_id=-1) [3m(storage_manager.py:716:lmcache.v1.distributed.storage_manager)[0m
[32;20m[2026-09-20 14:34:08,195] LMCache INFO:[0m Retrieved 384 tokens in 0.002 seconds [3m(lmcache_driven_transfer.py:1427:lmcache.v1.multiprocess.modules.lmcache_driven_transfer)[0m
[32;20m[2026-09-20 14:34:08,405] LMCache INFO:[0m Prefetch request completed (L1+L2): 24/24 retained keys (24 L1, 0 L2) in 1.2 ms (external_request_id=cmpl-a295f9d133dd30f3-0-a9a324fb, prefetch_request_id=-1) [3m(storage_manager.py:716:lmcache.v1.distributed.storage_manager)[0m
[32;20m[2026-09-20 14:34:08,410] LMCache INFO:[0m Retrieved 384 tokens in 0.002 seconds [3m(lmcache_driven_transfer.py:1427:lmcache.v1.multiprocess.modules.lmcache_driven_transfer)[0m
[32;20m[2026-09-20 14:34:08,536] LMCache INFO:[0m Stored 384 tokens in 0.003 seconds [3m(lmcache_driven_transfer.py:1218:lmcache.v1.multiprocess.modules.lmcache_driven_transfer)[0m
[32;20m[2026-09-20 14:34:08,618] LMCache INFO:[0m Stored 368 tokens in 0.003 seconds [3m(lmcache_driven_transfer.py:1218:lmcache.v1.multiprocess.modules.lmcache_driven_transfer)[0m
[32;20m[2026-09-20 14:34:08,719] LMCache INFO:[0m Stored 384 tokens in 0.003 seconds [3m(lmcache_driven_transfer.py:1218:lmcache.v1.multiprocess.modules.lmcache_driven_transfer)[0m
[32;20m[2026-09-20 14:34:08,820] LMCache INFO:[0m Stored 384 tokens in 0.003 seconds [3m(lmcache_driven_transfer.py:1218:lmcache.v1.multiprocess.modules.lmcache_driven_transfer)[0m
[32;20m[2026-09-20 14:34:08,919] LMCache INFO:[0m Stored 384 tokens in 0.003 seconds [3m(lmcache_driven_transfer.py:1218:lmcache.v1.multiprocess.modules.lmcache_driven_transfer)[0m
[32;20m[2026-09-20 14:34:09,015] LMCache INFO:[0m Stored 384 tokens in 0.003 seconds [3m(lmcache_driven_transfer.py:1218:lmcache.v1.multiprocess.modules.lmcache_driven_transfer)[0m
[32;20m[2026-09-20 14:34:09,118] LMCache INFO:[0m Stored 384 tokens in 0.003 seconds [3m(lmcache_driven_transfer.py:1218:lmcache.v1.multiprocess.modules.lmcache_driven_transfer)[0m
[32;20m[2026-09-20 14:34:09,218] LMCache INFO:[0m Stored 384 tokens in 0.005 seconds [3m(lmcache_driven_transfer.py:1218:lmcache.v1.multiprocess.modules.lmcache_driven_transfer)[0m
[32;20m[2026-09-20 14:34:09,317] LMCache INFO:[0m Stored 384 tokens in 0.003 seconds [3m(lmcache_driven_transfer.py:1218:lmcache.v1.multiprocess.modules.lmcache_driven_transfer)[0m
[32;20m[2026-09-20 14:34:09,419] LMCache INFO:[0m Stored 384 tokens in 0.003 seconds [3m(lmcache_driven_transfer.py:1218:lmcache.v1.multiprocess.modules.lmcache_driven_transfer)[0m
[32;20m[2026-09-20 14:34:09,511] LMCache INFO:[0m Stored 384 tokens in 0.003 seconds [3m(lmcache_driven_transfer.py:1218:lmcache.v1.multiprocess.modules.lmcache_driven_transfer)[0m
[32;20m[2026-09-20 14:34:09,643] LMCache INFO:[0m Stored 384 tokens in 0.003 seconds [3m(lmcache_driven_transfer.py:1218:lmcache.v1.multiprocess.modules.lmcache_driven_transfer)[0m
[32;20m[2026-09-20 14:34:09,730] LMCache INFO:[0m Stored 384 tokens in 0.003 seconds [3m(lmcache_driven_transfer.py:1218:lmcache.v1.multiprocess.modules.lmcache_driven_transfer)[0m
[32;20m[2026-09-20 14:34:09,743] LMCache INFO:[0m L1 memory usage 0.98 above watermark 0.80; triggering eviction. [3m(eviction_controller.py:179:lmcache.v1.distributed.storage_controllers.eviction_controller)[0m
[32;20m[2026-09-20 14:34:09,823] LMCache INFO:[0m Stored 384 tokens in 0.003 seconds [3m(lmcache_driven_transfer.py:1218:lmcache.v1.multiprocess.modules.lmcache_driven_transfer)[0m
[32;20m[2026-09-20 14:34:09,923] LMCache INFO:[0m Stored 384 tokens in 0.003 seconds [3m(lmcache_driven_transfer.py:1218:lmcache.v1.multiprocess.modules.lmcache_driven_transfer)[0m
[32;20m[2026-09-20 14:34:10,025] LMCache INFO:[0m Stored 384 tokens in 0.003 seconds [3m(lmcache_driven_transfer.py:1218:lmcache.v1.multiprocess.modules.lmcache_driven_transfer)[0m
[32;20m[2026-09-20 14:34:10,123] LMCache INFO:[0m Stored 384 tokens in 0.003 seconds [3m(lmcache_driven_transfer.py:1218:lmcache.v1.multiprocess.modules.lmcache_driven_transfer)[0m
[32;20m[2026-09-20 14:34:10,218] LMCache INFO:[0m Stored 144 tokens in 0.002 seconds [3m(lmcache_driven_transfer.py:1218:lmcache.v1.multiprocess.modules.lmcache_driven_transfer)[0m
[32;20m[2026-09-20 14:34:10,270] LMCache INFO:[0m Stored 384 tokens in 0.003 seconds [3m(lmcache_driven_transfer.py:1218:lmcache.v1.multiprocess.modules.lmcache_driven_transfer)[0m
[32;20m[2026-09-20 14:34:10,374] LMCache INFO:[0m Stored 384 tokens in 0.003 seconds [3m(lmcache_driven_transfer.py:1218:lmcache.v1.multiprocess.modules.lmcache_driven_transfer)[0m
[32;20m[2026-09-20 14:34:10,471] LMCache INFO:[0m Stored 384 tokens in 0.003 seconds [3m(lmcache_driven_transfer.py:1218:lmcache.v1.multiprocess.modules.lmcache_driven_transfer)[0m
[32;20m[2026-09-20 14:34:10,572] LMCache INFO:[0m Stored 368 tokens in 0.003 seconds [3m(lmcache_driven_transfer.py:1218:lmcache.v1.multiprocess.modules.lmcache_driven_transfer)[0m
[32;20m[2026-09-20 14:34:10,624] LMCache INFO:[0m Prefetch request completed (L1+L2): 24/24 retained keys (24 L1, 0 L2) in 1.2 ms (external_request_id=cmpl-b2970dbbf104e4e6-0-90d3cf10, prefetch_request_id=-1) [3m(storage_manager.py:716:lmcache.v1.distributed.storage_manager)[0m
[32;20m[2026-09-20 14:34:10,630] LMCache INFO:[0m Retrieved 384 tokens in 0.002 seconds [3m(lmcache_driven_transfer.py:1427:lmcache.v1.multiprocess.modules.lmcache_driven_transfer)[0m
[32;20m[2026-09-20 14:34:10,710] LMCache INFO:[0m Prefetch request completed (L1+L2): 24/24 retained keys (24 L1, 0 L2) in 1.2 ms (external_request_id=cmpl-b6fde445a3300360-0-992625fb, prefetch_request_id=-1) [3m(storage_manager.py:716:lmcache.v1.distributed.storage_manager)[0m
[32;20m[2026-09-20 14:34:10,716] LMCache INFO:[0m Prefetch request completed (L1+L2): 24/24 retained keys (24 L1, 0 L2) in 1.4 ms (external_request_id=cmpl-adcd578a3032348a-0-ac37ae50, prefetch_request_id=-1) [3m(storage_manager.py:716:lmcache.v1.distributed.storage_manager)[0m
[32;20m[2026-09-20 14:34:10,717] LMCache INFO:[0m Retrieved 384 tokens in 0.004 seconds [3m(lmcache_driven_transfer.py:1427:lmcache.v1.multiprocess.modules.lmcache_driven_transfer)[0m
[32;20m[2026-09-20 14:34:10,725] LMCache INFO:[0m Retrieved 384 tokens in 0.006 seconds [3m(lmcache_driven_transfer.py:1427:lmcache.v1.multiprocess.modules.lmcache_driven_transfer)[0m
[32;20m[2026-09-20 14:34:10,750] LMCache INFO:[0m L1 memory usage 0.96 above watermark 0.80; triggering eviction. [3m(eviction_controller.py:179:lmcache.v1.distributed.storage_controllers.eviction_controller)[0m
[32;20m[2026-09-20 14:34:10,816] LMCache INFO:[0m Prefetch request completed (L1+L2): 24/24 retained keys (24 L1, 0 L2) in 1.1 ms (external_request_id=cmpl-853d6b24d9ab470e-0-a8a7f6ac, prefetch_request_id=-1) [3m(storage_manager.py:716:lmcache.v1.distributed.storage_manager)[0m
[32;20m[2026-09-20 14:34:10,821] LMCache INFO:[0m Retrieved 384 tokens in 0.002 seconds [3m(lmcache_driven_transfer.py:1427:lmcache.v1.multiprocess.modules.lmcache_driven_transfer)[0m
[32;20m[2026-09-20 14:34:10,875] LMCache INFO:[0m Prefetch request completed (L1+L2): 24/24 retained keys (24 L1, 0 L2) in 1.0 ms (external_request_id=cmpl-871af011075d5254-0-8c48c082, prefetch_request_id=-1) [3m(storage_manager.py:716:lmcache.v1.distributed.storage_manager)[0m
[32;20m[2026-09-20 14:34:10,880] LMCache INFO:[0m Retrieved 384 tokens in 0.002 seconds [3m(lmcache_driven_transfer.py:1427:lmcache.v1.multiprocess.modules.lmcache_driven_transfer)[0m
[32;20m[2026-09-20 14:34:10,936] LMCache INFO:[0m Prefetch request completed (L1+L2): 24/24 retained keys (24 L1, 0 L2) in 1.4 ms (external_request_id=cmpl-8d2aeac2a6445e96-0-99741a2f, prefetch_request_id=-1) [3m(storage_manager.py:716:lmcache.v1.distributed.storage_manager)[0m
[32;20m[2026-09-20 14:34:10,942] LMCache INFO:[0m Retrieved 384 tokens in 0.002 seconds [3m(lmcache_driven_transfer.py:1427:lmcache.v1.multiprocess.modules.lmcache_driven_transfer)[0m
[32;20m[2026-09-20 14:34:11,000] LMCache INFO:[0m Prefetch request completed (L1+L2): 24/24 retained keys (24 L1, 0 L2) in 1.0 ms (external_request_id=cmpl-ba8d94d0ae3a9ca1-0-961acfce, prefetch_request_id=-1) [3m(storage_manager.py:716:lmcache.v1.distributed.storage_manager)[0m
[32;20m[2026-09-20 14:34:11,005] LMCache INFO:[0m Retrieved 384 tokens in 0.002 seconds [3m(lmcache_driven_transfer.py:1427:lmcache.v1.multiprocess.modules.lmcache_driven_transfer)[0m
[32;20m[2026-09-20 14:34:11,057] LMCache INFO:[0m Prefetch request completed (L1+L2): 24/24 retained keys (24 L1, 0 L2) in 1.0 ms (external_request_id=cmpl-bca83528d206e88c-0-95fb2340, prefetch_request_id=-1) [3m(storage_manager.py:716:lmcache.v1.distributed.storage_manager)[0m
[32;20m[2026-09-20 14:34:11,062] LMCache INFO:[0m Retrieved 384 tokens in 0.002 seconds [3m(lmcache_driven_transfer.py:1427:lmcache.v1.multiprocess.modules.lmcache_driven_transfer)[0m
[32;20m[2026-09-20 14:34:11,115] LMCache INFO:[0m Prefetch request completed (L1+L2): 9/9 retained keys (9 L1, 0 L2) in 1.2 ms (external_request_id=cmpl-b1fc1906b9f7e61b-0-a1fb0d1f, prefetch_request_id=-1) [3m(storage_manager.py:716:lmcache.v1.distributed.storage_manager)[0m
[32;20m[2026-09-20 14:34:11,120] LMCache INFO:[0m Retrieved 144 tokens in 0.002 seconds [3m(lmcache_driven_transfer.py:1427:lmcache.v1.multiprocess.modules.lmcache_driven_transfer)[0m
[32;20m[2026-09-20 14:34:11,211] LMCache INFO:[0m Stored 384 tokens in 0.003 seconds [3m(lmcache_driven_transfer.py:1218:lmcache.v1.multiprocess.modules.lmcache_driven_transfer)[0m
[32;20m[2026-09-20 14:34:11,305] LMCache INFO:[0m Stored 384 tokens in 0.003 seconds [3m(lmcache_driven_transfer.py:1218:lmcache.v1.multiprocess.modules.lmcache_driven_transfer)[0m
[32;20m[2026-09-20 14:34:11,408] LMCache INFO:[0m Stored 384 tokens in 0.003 seconds [3m(lmcache_driven_transfer.py:1218:lmcache.v1.multiprocess.modules.lmcache_driven_transfer)[0m
[32;20m[2026-09-20 14:34:11,525] LMCache INFO:[0m Prefetch request completed (L1+L2): 24/24 retained keys (24 L1, 0 L2) in 1.5 ms (external_request_id=cmpl-89fc6e29d5d8dff3-0-b0187449, prefetch_request_id=-1) [3m(storage_manager.py:716:lmcache.v1.distributed.storage_manager)[0m
[32;20m[2026-09-20 14:34:11,530] LMCache INFO:[0m Retrieved 384 tokens in 0.002 seconds [3m(lmcache_driven_transfer.py:1427:lmcache.v1.multiprocess.modules.lmcache_driven_transfer)[0m
[32;20m[2026-09-20 14:34:11,657] LMCache INFO:[0m Stored 384 tokens in 0.003 seconds [3m(lmcache_driven_transfer.py:1218:lmcache.v1.multiprocess.modules.lmcache_driven_transfer)[0m
[32;20m[2026-09-20 14:34:11,695] LMCache INFO:[0m Prefetch request completed (L1+L2): 24/24 retained keys (24 L1, 0 L2) in 1.4 ms (external_request_id=cmpl-a82d285c3c45d1a3-0-baecf8ac, prefetch_request_id=-1) [3m(storage_manager.py:716:lmcache.v1.distributed.storage_manager)[0m
[32;20m[2026-09-20 14:34:11,702] LMCache INFO:[0m Retrieved 384 tokens in 0.003 seconds [3m(lmcache_driven_transfer.py:1427:lmcache.v1.multiprocess.modules.lmcache_driven_transfer)[0m
[32;20m[2026-09-20 14:34:11,759] LMCache INFO:[0m Prefetch request completed (L1+L2): 24/24 retained keys (24 L1, 0 L2) in 1.0 ms (external_request_id=cmpl-80c1e3d9a879312a-0-ade52011, prefetch_request_id=-1) [3m(storage_manager.py:716:lmcache.v1.distributed.storage_manager)[0m
[32;20m[2026-09-20 14:34:11,759] LMCache INFO:[0m L1 memory usage 0.85 above watermark 0.80; triggering eviction. [3m(eviction_controller.py:179:lmcache.v1.distributed.storage_controllers.eviction_controller)[0m
[32;20m[2026-09-20 14:34:11,771] LMCache INFO:[0m Retrieved 384 tokens in 0.003 seconds [3m(lmcache_driven_transfer.py:1427:lmcache.v1.multiprocess.modules.lmcache_driven_transfer)[0m
[32;20m[2026-09-20 14:34:11,823] LMCache INFO:[0m Prefetch request completed (L1+L2): 24/24 retained keys (24 L1, 0 L2) in 1.2 ms (external_request_id=cmpl-a5ce4b2c6d76fabb-0-9899402f, prefetch_request_id=-1) [3m(storage_manager.py:716:lmcache.v1.distributed.storage_manager)[0m
[32;20m[2026-09-20 14:34:11,829] LMCache INFO:[0m Retrieved 384 tokens in 0.002 seconds [3m(lmcache_driven_transfer.py:1427:lmcache.v1.multiprocess.modules.lmcache_driven_transfer)[0m
[32;20m[2026-09-20 14:34:11,882] LMCache INFO:[0m Prefetch request completed (L1+L2): 24/24 retained keys (24 L1, 0 L2) in 1.1 ms (external_request_id=cmpl-a609a2b326b7c849-0-8a9fcffb, prefetch_request_id=-1) [3m(storage_manager.py:716:lmcache.v1.distributed.storage_manager)[0m
[32;20m[2026-09-20 14:34:11,888] LMCache INFO:[0m Retrieved 384 tokens in 0.003 seconds [3m(lmcache_driven_transfer.py:1427:lmcache.v1.multiprocess.modules.lmcache_driven_transfer)[0m
[32;20m[2026-09-20 14:34:11,940] LMCache INFO:[0m Prefetch request completed (L1+L2): 24/24 retained keys (24 L1, 0 L2) in 1.3 ms (external_request_id=cmpl-a9241578a307eb69-0-bcb619e8, prefetch_request_id=-1) [3m(storage_manager.py:716:lmcache.v1.distributed.storage_manager)[0m
[32;20m[2026-09-20 14:34:11,945] LMCache INFO:[0m Retrieved 384 tokens in 0.002 seconds [3m(lmcache_driven_transfer.py:1427:lmcache.v1.multiprocess.modules.lmcache_driven_transfer)[0m
[32;20m[2026-09-20 14:34:12,003] LMCache INFO:[0m Prefetch request completed (L1+L2): 13/24 retained keys (13 L1, 0 L2) in 1.2 ms (external_request_id=cmpl-ac19153f5490dd9d-0-b9bbb79f, prefetch_request_id=-1) [3m(storage_manager.py:716:lmcache.v1.distributed.storage_manager)[0m
[32;20m[2026-09-20 14:34:12,007] LMCache INFO:[0m Retrieved 208 tokens in 0.002 seconds [3m(lmcache_driven_transfer.py:1427:lmcache.v1.multiprocess.modules.lmcache_driven_transfer)[0m
[32;20m[2026-09-20 14:34:12,051] LMCache INFO:[0m Stored 176 tokens in 0.002 seconds [3m(lmcache_driven_transfer.py:1218:lmcache.v1.multiprocess.modules.lmcache_driven_transfer)[0m
[32;20m[2026-09-20 14:34:12,112] LMCache INFO:[0m Stored 384 tokens in 0.003 seconds [3m(lmcache_driven_transfer.py:1218:lmcache.v1.multiprocess.modules.lmcache_driven_transfer)[0m
[32;20m[2026-09-20 14:34:12,219] LMCache INFO:[0m Stored 384 tokens in 0.005 seconds [3m(lmcache_driven_transfer.py:1218:lmcache.v1.multiprocess.modules.lmcache_driven_transfer)[0m
[32;20m[2026-09-20 14:34:12,270] LMCache INFO:[0m Prefetch request completed (L1+L2): 24/24 retained keys (24 L1, 0 L2) in 1.1 ms (external_request_id=cmpl-9efe42dee635316d-0-95286410, prefetch_request_id=-1) [3m(storage_manager.py:716:lmcache.v1.distributed.storage_manager)[0m
[32;20m[2026-09-20 14:34:12,275] LMCache INFO:[0m Retrieved 384 tokens in 0.002 seconds [3m(lmcache_driven_transfer.py:1427:lmcache.v1.multiprocess.modules.lmcache_driven_transfer)[0m
[32;20m[2026-09-20 14:34:12,331] LMCache INFO:[0m Prefetch request completed (L1+L2): 24/24 retained keys (24 L1, 0 L2) in 1.0 ms (external_request_id=cmpl-94da2bbf77eebceb-0-beecad74, prefetch_request_id=-1) [3m(storage_manager.py:716:lmcache.v1.distributed.storage_manager)[0m
[32;20m[2026-09-20 14:34:12,336] LMCache INFO:[0m Retrieved 384 tokens in 0.002 seconds [3m(lmcache_driven_transfer.py:1427:lmcache.v1.multiprocess.modules.lmcache_driven_transfer)[0m
[32;20m[2026-09-20 14:34:12,451] LMCache INFO:[0m Prefetch request completed (L1+L2): 24/24 retained keys (24 L1, 0 L2) in 1.1 ms (external_request_id=cmpl-ab65778a19e3d462-0-a8671923, prefetch_request_id=-1) [3m(storage_manager.py:716:lmcache.v1.distributed.storage_manager)[0m
[32;20m[2026-09-20 14:34:12,456] LMCache INFO:[0m Retrieved 384 tokens in 0.002 seconds [3m(lmcache_driven_transfer.py:1427:lmcache.v1.multiprocess.modules.lmcache_driven_transfer)[0m
[32;20m[2026-09-20 14:34:12,541] LMCache INFO:[0m Prefetch request completed (L1+L2): 24/24 retained keys (24 L1, 0 L2) in 1.2 ms (external_request_id=cmpl-9a1a51dfe8ceff3b-0-a226e9aa, prefetch_request_id=-1) [3m(storage_manager.py:716:lmcache.v1.distributed.storage_manager)[0m
[32;20m[2026-09-20 14:34:12,548] LMCache INFO:[0m Retrieved 384 tokens in 0.004 seconds [3m(lmcache_driven_transfer.py:1427:lmcache.v1.multiprocess.modules.lmcache_driven_transfer)[0m
[32;20m[2026-09-20 14:34:12,548] LMCache INFO:[0m Prefetch request completed (L1+L2): 24/24 retained keys (24 L1, 0 L2) in 2.0 ms (external_request_id=cmpl-adab42014d395a29-0-8ca697d5, prefetch_request_id=-1) [3m(storage_manager.py:716:lmcache.v1.distributed.storage_manager)[0m
[32;20m[2026-09-20 14:34:12,557] LMCache INFO:[0m Retrieved 384 tokens in 0.003 seconds [3m(lmcache_driven_transfer.py:1427:lmcache.v1.multiprocess.modules.lmcache_driven_transfer)[0m
[32;20m[2026-09-20 14:34:12,640] LMCache INFO:[0m Prefetch request completed (L1+L2): 24/24 retained keys (24 L1, 0 L2) in 1.0 ms (external_request_id=cmpl-b2ea6975c25b2a05-0-8059ca09, prefetch_request_id=-1) [3m(storage_manager.py:716:lmcache.v1.distributed.storage_manager)[0m
[32;20m[2026-09-20 14:34:12,645] LMCache INFO:[0m Retrieved 384 tokens in 0.002 seconds [3m(lmcache_driven_transfer.py:1427:lmcache.v1.multiprocess.modules.lmcache_driven_transfer)[0m
[32;20m[2026-09-20 14:34:12,701] LMCache INFO:[0m Prefetch request completed (L1+L2): 24/24 retained keys (24 L1, 0 L2) in 1.1 ms (external_request_id=cmpl-bae45faa7cb0ef5d-0-805f8d03, prefetch_request_id=-1) [3m(storage_manager.py:716:lmcache.v1.distributed.storage_manager)[0m
[32;20m[2026-09-20 14:34:12,706] LMCache INFO:[0m Retrieved 384 tokens in 0.002 seconds [3m(lmcache_driven_transfer.py:1427:lmcache.v1.multiprocess.modules.lmcache_driven_transfer)[0m
[32;20m[2026-09-20 14:34:12,760] LMCache INFO:[0m Prefetch request completed (L1+L2): 24/24 retained keys (24 L1, 0 L2) in 1.1 ms (external_request_id=cmpl-81c188944aef0c01-0-9a114c9d, prefetch_request_id=-1) [3m(storage_manager.py:716:lmcache.v1.distributed.storage_manager)[0m
[32;20m[2026-09-20 14:34:12,765] LMCache INFO:[0m Retrieved 384 tokens in 0.002 seconds [3m(lmcache_driven_transfer.py:1427:lmcache.v1.multiprocess.modules.lmcache_driven_transfer)[0m
[32;20m[2026-09-20 14:34:12,821] LMCache INFO:[0m Prefetch request completed (L1+L2): 24/24 retained keys (24 L1, 0 L2) in 1.1 ms (external_request_id=cmpl-87e5fde0bcc43000-0-bb50cc80, prefetch_request_id=-1) [3m(storage_manager.py:716:lmcache.v1.distributed.storage_manager)[0m
[32;20m[2026-09-20 14:34:12,826] LMCache INFO:[0m Retrieved 384 tokens in 0.002 seconds [3m(lmcache_driven_transfer.py:1427:lmcache.v1.multiprocess.modules.lmcache_driven_transfer)[0m
[32;20m[2026-09-20 14:34:12,879] LMCache INFO:[0m Prefetch request completed (L1+L2): 24/24 retained keys (24 L1, 0 L2) in 1.2 ms (external_request_id=cmpl-8fde24e8982798ba-0-b9642805, prefetch_request_id=-1) [3m(storage_manager.py:716:lmcache.v1.distributed.storage_manager)[0m
[32;20m[2026-09-20 14:34:12,884] LMCache INFO:[0m Retrieved 384 tokens in 0.002 seconds [3m(lmcache_driven_transfer.py:1427:lmcache.v1.multiprocess.modules.lmcache_driven_transfer)[0m
[32;20m[2026-09-20 14:34:12,936] LMCache INFO:[0m Prefetch request completed (L1+L2): 24/24 retained keys (24 L1, 0 L2) in 1.0 ms (external_request_id=cmpl-b8148b90b75b895a-0-a42e0021, prefetch_request_id=-1) [3m(storage_manager.py:716:lmcache.v1.distributed.storage_manager)[0m
[32;20m[2026-09-20 14:34:12,940] LMCache INFO:[0m Retrieved 384 tokens in 0.002 seconds [3m(lmcache_driven_transfer.py:1427:lmcache.v1.multiprocess.modules.lmcache_driven_transfer)[0m
[32;20m[2026-09-20 14:34:12,992] LMCache INFO:[0m Prefetch request completed (L1+L2): 24/24 retained keys (24 L1, 0 L2) in 1.3 ms (external_request_id=cmpl-931e6e8011a1cc71-0-afa443ea, prefetch_request_id=-1) [3m(storage_manager.py:716:lmcache.v1.distributed.storage_manager)[0m
[32;20m[2026-09-20 14:34:12,998] LMCache INFO:[0m Retrieved 384 tokens in 0.002 seconds [3m(lmcache_driven_transfer.py:1427:lmcache.v1.multiprocess.modules.lmcache_driven_transfer)[0m
[32;20m[2026-09-20 14:34:13,052] LMCache INFO:[0m Prefetch request completed (L1+L2): 24/24 retained keys (24 L1, 0 L2) in 1.2 ms (external_request_id=cmpl-a006b34d2472d3af-0-8b1b80e1, prefetch_request_id=-1) [3m(storage_manager.py:716:lmcache.v1.distributed.storage_manager)[0m
[32;20m[2026-09-20 14:34:13,057] LMCache INFO:[0m Retrieved 384 tokens in 0.002 seconds [3m(lmcache_driven_transfer.py:1427:lmcache.v1.multiprocess.modules.lmcache_driven_transfer)[0m
[32;20m[2026-09-20 14:34:13,108] LMCache INFO:[0m Prefetch request completed (L1+L2): 9/9 retained keys (9 L1, 0 L2) in 1.4 ms (external_request_id=cmpl-9f4d0e923ed7a819-0-89a48299, prefetch_request_id=-1) [3m(storage_manager.py:716:lmcache.v1.distributed.storage_manager)[0m
[32;20m[2026-09-20 14:34:13,113] LMCache INFO:[0m Retrieved 144 tokens in 0.002 seconds [3m(lmcache_driven_transfer.py:1427:lmcache.v1.multiprocess.modules.lmcache_driven_transfer)[0m
[32;20m[2026-09-20 14:34:13,396] LMCache INFO:[0m Prefetch request completed (L1+L2): 24/24 retained keys (24 L1, 0 L2) in 1.1 ms (external_request_id=cmpl-963eb29265d28c9e-0-9e7c74e6, prefetch_request_id=-1) [3m(storage_manager.py:716:lmcache.v1.distributed.storage_manager)[0m
[32;20m[2026-09-20 14:34:13,401] LMCache INFO:[0m Retrieved 384 tokens in 0.002 seconds [3m(lmcache_driven_transfer.py:1427:lmcache.v1.multiprocess.modules.lmcache_driven_transfer)[0m
[32;20m[2026-09-20 14:34:13,530] LMCache INFO:[0m Stored 384 tokens in 0.004 seconds [3m(lmcache_driven_transfer.py:1218:lmcache.v1.multiprocess.modules.lmcache_driven_transfer)[0m
[32;20m[2026-09-20 14:34:13,611] LMCache INFO:[0m Stored 384 tokens in 0.003 seconds [3m(lmcache_driven_transfer.py:1218:lmcache.v1.multiprocess.modules.lmcache_driven_transfer)[0m
[32;20m[2026-09-20 14:34:13,709] LMCache INFO:[0m Stored 384 tokens in 0.003 seconds [3m(lmcache_driven_transfer.py:1218:lmcache.v1.multiprocess.modules.lmcache_driven_transfer)[0m
[32;20m[2026-09-20 14:34:13,810] LMCache INFO:[0m Stored 384 tokens in 0.003 seconds [3m(lmcache_driven_transfer.py:1218:lmcache.v1.multiprocess.modules.lmcache_driven_transfer)[0m
[32;20m[2026-09-20 14:34:13,907] LMCache INFO:[0m Stored 384 tokens in 0.003 seconds [3m(lmcache_driven_transfer.py:1218:lmcache.v1.multiprocess.modules.lmcache_driven_transfer)[0m
[32;20m[2026-09-20 14:34:14,014] LMCache INFO:[0m Stored 384 tokens in 0.003 seconds [3m(lmcache_driven_transfer.py:1218:lmcache.v1.multiprocess.modules.lmcache_driven_transfer)[0m
[32;20m[2026-09-20 14:34:14,108] LMCache INFO:[0m Stored 384 tokens in 0.004 seconds [3m(lmcache_driven_transfer.py:1218:lmcache.v1.multiprocess.modules.lmcache_driven_transfer)[0m
[32;20m[2026-09-20 14:34:14,200] LMCache INFO:[0m Stored 384 tokens in 0.003 seconds [3m(lmcache_driven_transfer.py:1218:lmcache.v1.multiprocess.modules.lmcache_driven_transfer)[0m
[32;20m[2026-09-20 14:34:14,305] LMCache INFO:[0m Stored 384 tokens in 0.003 seconds [3m(lmcache_driven_transfer.py:1218:lmcache.v1.multiprocess.modules.lmcache_driven_transfer)[0m
[32;20m[2026-09-20 14:34:14,403] LMCache INFO:[0m Stored 384 tokens in 0.003 seconds [3m(lmcache_driven_transfer.py:1218:lmcache.v1.multiprocess.modules.lmcache_driven_transfer)[0m
[32;20m[2026-09-20 14:34:14,444] LMCache INFO:[0m Prefetch request completed (L1+L2): 24/24 retained keys (24 L1, 0 L2) in 2.9 ms (external_request_id=cmpl-8df41d863042d180-0-a3957837, prefetch_request_id=-1) [3m(storage_manager.py:716:lmcache.v1.distributed.storage_manager)[0m
[32;20m[2026-09-20 14:34:14,449] LMCache INFO:[0m Retrieved 384 tokens in 0.002 seconds [3m(lmcache_driven_transfer.py:1427:lmcache.v1.multiprocess.modules.lmcache_driven_transfer)[0m
[32;20m[2026-09-20 14:34:14,582] LMCache INFO:[0m Stored 384 tokens in 0.003 seconds [3m(lmcache_driven_transfer.py:1218:lmcache.v1.multiprocess.modules.lmcache_driven_transfer)[0m
[32;20m[2026-09-20 14:34:14,585] LMCache INFO:[0m Stored 384 tokens in 0.003 seconds [3m(lmcache_driven_transfer.py:1218:lmcache.v1.multiprocess.modules.lmcache_driven_transfer)[0m
[32;20m[2026-09-20 14:34:14,745] LMCache INFO:[0m Stored 384 tokens in 0.003 seconds [3m(lmcache_driven_transfer.py:1218:lmcache.v1.multiprocess.modules.lmcache_driven_transfer)[0m
[32;20m[2026-09-20 14:34:14,770] LMCache INFO:[0m L1 memory usage 1.00 above watermark 0.80; triggering eviction. [3m(eviction_controller.py:179:lmcache.v1.distributed.storage_controllers.eviction_controller)[0m
[32;20m[2026-09-20 14:34:14,841] LMCache INFO:[0m Stored 384 tokens in 0.003 seconds [3m(lmcache_driven_transfer.py:1218:lmcache.v1.multiprocess.modules.lmcache_driven_transfer)[0m
[32;20m[2026-09-20 14:34:14,938] LMCache INFO:[0m Stored 368 tokens in 0.003 seconds [3m(lmcache_driven_transfer.py:1218:lmcache.v1.multiprocess.modules.lmcache_driven_transfer)[0m
[32;20m[2026-09-20 14:34:15,039] LMCache INFO:[0m Stored 368 tokens in 0.003 seconds [3m(lmcache_driven_transfer.py:1218:lmcache.v1.multiprocess.modules.lmcache_driven_transfer)[0m
[32;20m[2026-09-20 14:34:15,137] LMCache INFO:[0m Stored 384 tokens in 0.003 seconds [3m(lmcache_driven_transfer.py:1218:lmcache.v1.multiprocess.modules.lmcache_driven_transfer)[0m
[32;20m[2026-09-20 14:34:15,233] LMCache INFO:[0m Stored 368 tokens in 0.003 seconds [3m(lmcache_driven_transfer.py:1218:lmcache.v1.multiprocess.modules.lmcache_driven_transfer)[0m
[32;20m[2026-09-20 14:34:15,331] LMCache INFO:[0m Stored 384 tokens in 0.003 seconds [3m(lmcache_driven_transfer.py:1218:lmcache.v1.multiprocess.modules.lmcache_driven_transfer)[0m
[32;20m[2026-09-20 14:34:15,432] LMCache INFO:[0m Stored 384 tokens in 0.003 seconds [3m(lmcache_driven_transfer.py:1218:lmcache.v1.multiprocess.modules.lmcache_driven_transfer)[0m
[32;20m[2026-09-20 14:34:15,474] LMCache INFO:[0m Prefetch request completed (L1+L2): 23/23 retained keys (23 L1, 0 L2) in 1.2 ms (external_request_id=cmpl-be8416183c4cbbb0-0-bea6e6ee, prefetch_request_id=-1) [3m(storage_manager.py:716:lmcache.v1.distributed.storage_manager)[0m
[32;20m[2026-09-20 14:34:15,479] LMCache INFO:[0m Retrieved 368 tokens in 0.002 seconds [3m(lmcache_driven_transfer.py:1427:lmcache.v1.multiprocess.modules.lmcache_driven_transfer)[0m
[32;20m[2026-09-20 14:34:15,602] LMCache INFO:[0m Stored 384 tokens in 0.003 seconds [3m(lmcache_driven_transfer.py:1218:lmcache.v1.multiprocess.modules.lmcache_driven_transfer)[0m
[32;20m[2026-09-20 14:34:15,688] LMCache INFO:[0m Stored 384 tokens in 0.003 seconds [3m(lmcache_driven_transfer.py:1218:lmcache.v1.multiprocess.modules.lmcache_driven_transfer)[0m
[32;20m[2026-09-20 14:34:15,777] LMCache INFO:[0m L1 memory usage 0.98 above watermark 0.80; triggering eviction. [3m(eviction_controller.py:179:lmcache.v1.distributed.storage_controllers.eviction_controller)[0m
[32;20m[2026-09-20 14:34:15,790] LMCache INFO:[0m Stored 384 tokens in 0.004 seconds [3m(lmcache_driven_transfer.py:1218:lmcache.v1.multiprocess.modules.lmcache_driven_transfer)[0m
[32;20m[2026-09-20 14:34:15,886] LMCache INFO:[0m Stored 384 tokens in 0.003 seconds [3m(lmcache_driven_transfer.py:1218:lmcache.v1.multiprocess.modules.lmcache_driven_transfer)[0m
[32;20m[2026-09-20 14:34:15,984] LMCache INFO:[0m Stored 384 tokens in 0.003 seconds [3m(lmcache_driven_transfer.py:1218:lmcache.v1.multiprocess.modules.lmcache_driven_transfer)[0m
[32;20m[2026-09-20 14:34:16,078] LMCache INFO:[0m Stored 384 tokens in 0.003 seconds [3m(lmcache_driven_transfer.py:1218:lmcache.v1.multiprocess.modules.lmcache_driven_transfer)[0m
[32;20m[2026-09-20 14:34:16,180] LMCache INFO:[0m Stored 368 tokens in 0.003 seconds [3m(lmcache_driven_transfer.py:1218:lmcache.v1.multiprocess.modules.lmcache_driven_transfer)[0m
[32;20m[2026-09-20 14:34:16,275] LMCache INFO:[0m Stored 384 tokens in 0.003 seconds [3m(lmcache_driven_transfer.py:1218:lmcache.v1.multiprocess.modules.lmcache_driven_transfer)[0m
[32;20m[2026-09-20 14:34:16,372] LMCache INFO:[0m Stored 368 tokens in 0.003 seconds [3m(lmcache_driven_transfer.py:1218:lmcache.v1.multiprocess.modules.lmcache_driven_transfer)[0m
[32;20m[2026-09-20 14:34:16,467] LMCache INFO:[0m Stored 384 tokens in 0.003 seconds [3m(lmcache_driven_transfer.py:1218:lmcache.v1.multiprocess.modules.lmcache_driven_transfer)[0m
[32;20m[2026-09-20 14:34:16,519] LMCache INFO:[0m Prefetch request completed (L1+L2): 24/24 retained keys (24 L1, 0 L2) in 3.2 ms (external_request_id=cmpl-bbaab58ba3687db8-0-9c6610a8, prefetch_request_id=-1) [3m(storage_manager.py:716:lmcache.v1.distributed.storage_manager)[0m
[32;20m[2026-09-20 14:34:16,523] LMCache INFO:[0m Retrieved 384 tokens in 0.002 seconds [3m(lmcache_driven_transfer.py:1427:lmcache.v1.multiprocess.modules.lmcache_driven_transfer)[0m
[32;20m[2026-09-20 14:34:16,650] LMCache INFO:[0m Stored 368 tokens in 0.003 seconds [3m(lmcache_driven_transfer.py:1218:lmcache.v1.multiprocess.modules.lmcache_driven_transfer)[0m
[32;20m[2026-09-20 14:34:16,653] LMCache INFO:[0m Stored 384 tokens in 0.003 seconds [3m(lmcache_driven_transfer.py:1218:lmcache.v1.multiprocess.modules.lmcache_driven_transfer)[0m
[32;20m[2026-09-20 14:34:16,764] LMCache INFO:[0m L0<->L1 stats [cuda:0] last 10.1s: store ops=71 tokens=26368 size=0.76GB avg_copy=6.89GB/s | retrieve ops=45 tokens=16608 size=0.48GB avg_copy=3.79GB/s [3m(extra_stats.py:159:lmcache.v1.mp_observability.subscribers.logging.extra_stats)[0m
[32;20m[2026-09-20 14:34:16,765] LMCache INFO:[0m L0<->L1 stats [cuda:0] cumulative: store ops=693 tokens=257600 size=7.39GB avg_copy=5.84GB/s | retrieve ops=206 tokens=77440 size=2.22GB avg_copy=3.96GB/s [3m(extra_stats.py:168:lmcache.v1.mp_observability.subscribers.logging.extra_stats)[0m
[32;20m[2026-09-20 14:34:16,788] LMCache INFO:[0m L1 memory usage: 0.49/0.50 GiB (99.0%) [3m(eviction_controller.py:153:lmcache.v1.distributed.storage_controllers.eviction_controller)[0m
[32;20m[2026-09-20 14:34:16,788] LMCache INFO:[0m L1 memory usage 0.99 above watermark 0.80; triggering eviction. [3m(eviction_controller.py:179:lmcache.v1.distributed.storage_controllers.eviction_controller)[0m
[32;20m[2026-09-20 14:34:16,819] LMCache INFO:[0m Stored 384 tokens in 0.003 seconds [3m(lmcache_driven_transfer.py:1218:lmcache.v1.multiprocess.modules.lmcache_driven_transfer)[0m
[32;20m[2026-09-20 14:34:16,909] LMCache INFO:[0m Stored 384 tokens in 0.003 seconds [3m(lmcache_driven_transfer.py:1218:lmcache.v1.multiprocess.modules.lmcache_driven_transfer)[0m
[32;20m[2026-09-20 14:34:17,012] LMCache INFO:[0m Stored 384 tokens in 0.003 seconds [3m(lmcache_driven_transfer.py:1218:lmcache.v1.multiprocess.modules.lmcache_driven_transfer)[0m
[32;20m[2026-09-20 14:34:17,108] LMCache INFO:[0m Stored 384 tokens in 0.003 seconds [3m(lmcache_driven_transfer.py:1218:lmcache.v1.multiprocess.modules.lmcache_driven_transfer)[0m
[32;20m[2026-09-20 14:34:17,203] LMCache INFO:[0m Stored 384 tokens in 0.003 seconds [3m(lmcache_driven_transfer.py:1218:lmcache.v1.multiprocess.modules.lmcache_driven_transfer)[0m
[32;20m[2026-09-20 14:34:17,303] LMCache INFO:[0m Stored 384 tokens in 0.003 seconds [3m(lmcache_driven_transfer.py:1218:lmcache.v1.multiprocess.modules.lmcache_driven_transfer)[0m
[32;20m[2026-09-20 14:34:17,400] LMCache INFO:[0m Stored 336 tokens in 0.003 seconds [3m(lmcache_driven_transfer.py:1218:lmcache.v1.multiprocess.modules.lmcache_driven_transfer)[0m
[32;20m[2026-09-20 14:34:17,482] LMCache INFO:[0m Stored 384 tokens in 0.003 seconds [3m(lmcache_driven_transfer.py:1218:lmcache.v1.multiprocess.modules.lmcache_driven_transfer)[0m
[32;20m[2026-09-20 14:34:17,535] LMCache INFO:[0m Prefetch request completed (L1+L2): 24/24 retained keys (24 L1, 0 L2) in 1.2 ms (external_request_id=cmpl-85d4c0168b99063c-0-b118742d, prefetch_request_id=-1) [3m(storage_manager.py:716:lmcache.v1.distributed.storage_manager)[0m
[32;20m[2026-09-20 14:34:17,541] LMCache INFO:[0m Retrieved 384 tokens in 0.002 seconds [3m(lmcache_driven_transfer.py:1427:lmcache.v1.multiprocess.modules.lmcache_driven_transfer)[0m
[32;20m[2026-09-20 14:34:17,668] LMCache INFO:[0m Stored 384 tokens in 0.003 seconds [3m(lmcache_driven_transfer.py:1218:lmcache.v1.multiprocess.modules.lmcache_driven_transfer)[0m
[32;20m[2026-09-20 14:34:17,745] LMCache INFO:[0m Stored 368 tokens in 0.003 seconds [3m(lmcache_driven_transfer.py:1218:lmcache.v1.multiprocess.modules.lmcache_driven_transfer)[0m
[32;20m[2026-09-20 14:34:17,798] LMCache INFO:[0m L1 memory usage 0.99 above watermark 0.80; triggering eviction. [3m(eviction_controller.py:179:lmcache.v1.distributed.storage_controllers.eviction_controller)[0m
[32;20m[2026-09-20 14:34:17,854] LMCache INFO:[0m Stored 384 tokens in 0.003 seconds [3m(lmcache_driven_transfer.py:1218:lmcache.v1.multiprocess.modules.lmcache_driven_transfer)[0m
[32;20m[2026-09-20 14:34:17,950] LMCache INFO:[0m Stored 384 tokens in 0.003 seconds [3m(lmcache_driven_transfer.py:1218:lmcache.v1.multiprocess.modules.lmcache_driven_transfer)[0m
[32;20m[2026-09-20 14:34:18,043] LMCache INFO:[0m Stored 384 tokens in 0.003 seconds [3m(lmcache_driven_transfer.py:1218:lmcache.v1.multiprocess.modules.lmcache_driven_transfer)[0m
[32;20m[2026-09-20 14:34:18,135] LMCache INFO:[0m Stored 384 tokens in 0.003 seconds [3m(lmcache_driven_transfer.py:1218:lmcache.v1.multiprocess.modules.lmcache_driven_transfer)[0m
[32;20m[2026-09-20 14:34:18,230] LMCache INFO:[0m Stored 384 tokens in 0.003 seconds [3m(lmcache_driven_transfer.py:1218:lmcache.v1.multiprocess.modules.lmcache_driven_transfer)[0m
[32;20m[2026-09-20 14:34:18,326] LMCache INFO:[0m Stored 384 tokens in 0.003 seconds [3m(lmcache_driven_transfer.py:1218:lmcache.v1.multiprocess.modules.lmcache_driven_transfer)[0m
[32;20m[2026-09-20 14:34:18,422] LMCache INFO:[0m Stored 384 tokens in 0.004 seconds [3m(lmcache_driven_transfer.py:1218:lmcache.v1.multiprocess.modules.lmcache_driven_transfer)[0m
[32;20m[2026-09-20 14:34:18,639] LMCache INFO:[0m Stored 384 tokens in 0.003 seconds [3m(lmcache_driven_transfer.py:1218:lmcache.v1.multiprocess.modules.lmcache_driven_transfer)[0m
[32;20m[2026-09-20 14:34:18,723] LMCache INFO:[0m Stored 384 tokens in 0.003 seconds [3m(lmcache_driven_transfer.py:1218:lmcache.v1.multiprocess.modules.lmcache_driven_transfer)[0m
[32;20m[2026-09-20 14:34:18,809] LMCache INFO:[0m L1 memory usage 0.98 above watermark 0.80; triggering eviction. [3m(eviction_controller.py:179:lmcache.v1.distributed.storage_controllers.eviction_controller)[0m
[32;20m[2026-09-20 14:34:18,825] LMCache INFO:[0m Stored 384 tokens in 0.003 seconds [3m(lmcache_driven_transfer.py:1218:lmcache.v1.multiprocess.modules.lmcache_driven_transfer)[0m
[32;20m[2026-09-20 14:34:18,921] LMCache INFO:[0m Stored 384 tokens in 0.003 seconds [3m(lmcache_driven_transfer.py:1218:lmcache.v1.multiprocess.modules.lmcache_driven_transfer)[0m
[32;20m[2026-09-20 14:34:19,017] LMCache INFO:[0m Stored 384 tokens in 0.003 seconds [3m(lmcache_driven_transfer.py:1218:lmcache.v1.multiprocess.modules.lmcache_driven_transfer)[0m
[32;20m[2026-09-20 14:34:19,116] LMCache INFO:[0m Stored 384 tokens in 0.003 seconds [3m(lmcache_driven_transfer.py:1218:lmcache.v1.multiprocess.modules.lmcache_driven_transfer)[0m
[32;20m[2026-09-20 14:34:19,214] LMCache INFO:[0m Stored 384 tokens in 0.003 seconds [3m(lmcache_driven_transfer.py:1218:lmcache.v1.multiprocess.modules.lmcache_driven_transfer)[0m
[32;20m[2026-09-20 14:34:19,311] LMCache INFO:[0m Stored 384 tokens in 0.003 seconds [3m(lmcache_driven_transfer.py:1218:lmcache.v1.multiprocess.modules.lmcache_driven_transfer)[0m
[32;20m[2026-09-20 14:34:19,404] LMCache INFO:[0m Stored 384 tokens in 0.003 seconds [3m(lmcache_driven_transfer.py:1218:lmcache.v1.multiprocess.modules.lmcache_driven_transfer)[0m
[32;20m[2026-09-20 14:34:19,450] LMCache INFO:[0m Prefetch request completed (L1+L2): 24/24 retained keys (24 L1, 0 L2) in 1.4 ms (external_request_id=cmpl-92999816db232ed9-0-86ac49cb, prefetch_request_id=-1) [3m(storage_manager.py:716:lmcache.v1.distributed.storage_manager)[0m
[32;20m[2026-09-20 14:34:19,457] LMCache INFO:[0m Retrieved 384 tokens in 0.002 seconds [3m(lmcache_driven_transfer.py:1427:lmcache.v1.multiprocess.modules.lmcache_driven_transfer)[0m
[32;20m[2026-09-20 14:34:19,588] LMCache INFO:[0m Stored 384 tokens in 0.003 seconds [3m(lmcache_driven_transfer.py:1218:lmcache.v1.multiprocess.modules.lmcache_driven_transfer)[0m
[32;20m[2026-09-20 14:34:19,672] LMCache INFO:[0m Stored 384 tokens in 0.003 seconds [3m(lmcache_driven_transfer.py:1218:lmcache.v1.multiprocess.modules.lmcache_driven_transfer)[0m
[32;20m[2026-09-20 14:34:19,769] LMCache INFO:[0m Stored 384 tokens in 0.003 seconds [3m(lmcache_driven_transfer.py:1218:lmcache.v1.multiprocess.modules.lmcache_driven_transfer)[0m
[32;20m[2026-09-20 14:34:19,819] LMCache INFO:[0m L1 memory usage 0.99 above watermark 0.80; triggering eviction. [3m(eviction_controller.py:179:lmcache.v1.distributed.storage_controllers.eviction_controller)[0m
[32;20m[2026-09-20 14:34:19,872] LMCache INFO:[0m Stored 384 tokens in 0.003 seconds [3m(lmcache_driven_transfer.py:1218:lmcache.v1.multiprocess.modules.lmcache_driven_transfer)[0m
[32;20m[2026-09-20 14:34:19,964] LMCache INFO:[0m Stored 384 tokens in 0.003 seconds [3m(lmcache_driven_transfer.py:1218:lmcache.v1.multiprocess.modules.lmcache_driven_transfer)[0m
[32;20m[2026-09-20 14:34:20,057] LMCache INFO:[0m Stored 384 tokens in 0.003 seconds [3m(lmcache_driven_transfer.py:1218:lmcache.v1.multiprocess.modules.lmcache_driven_transfer)[0m
[32;20m[2026-09-20 14:34:20,155] LMCache INFO:[0m Stored 384 tokens in 0.003 seconds [3m(lmcache_driven_transfer.py:1218:lmcache.v1.multiprocess.modules.lmcache_driven_transfer)[0m
[32;20m[2026-09-20 14:34:20,252] LMCache INFO:[0m Stored 384 tokens in 0.003 seconds [3m(lmcache_driven_transfer.py:1218:lmcache.v1.multiprocess.modules.lmcache_driven_transfer)[0m
[32;20m[2026-09-20 14:34:20,350] LMCache INFO:[0m Stored 384 tokens in 0.003 seconds [3m(lmcache_driven_transfer.py:1218:lmcache.v1.multiprocess.modules.lmcache_driven_transfer)[0m
[32;20m[2026-09-20 14:34:20,393] LMCache INFO:[0m Prefetch request completed (L1+L2): 24/24 retained keys (24 L1, 0 L2) in 1.1 ms (external_request_id=cmpl-9a4e73d880296230-0-808a512c, prefetch_request_id=-1) [3m(storage_manager.py:716:lmcache.v1.distributed.storage_manager)[0m
[32;20m[2026-09-20 14:34:20,400] LMCache INFO:[0m Retrieved 384 tokens in 0.002 seconds [3m(lmcache_driven_transfer.py:1427:lmcache.v1.multiprocess.modules.lmcache_driven_transfer)[0m
[32;20m[2026-09-20 14:34:20,526] LMCache INFO:[0m Stored 384 tokens in 0.003 seconds [3m(lmcache_driven_transfer.py:1218:lmcache.v1.multiprocess.modules.lmcache_driven_transfer)[0m
[32;20m[2026-09-20 14:34:20,609] LMCache INFO:[0m Stored 384 tokens in 0.003 seconds [3m(lmcache_driven_transfer.py:1218:lmcache.v1.multiprocess.modules.lmcache_driven_transfer)[0m
[32;20m[2026-09-20 14:34:20,705] LMCache INFO:[0m Stored 384 tokens in 0.003 seconds [3m(lmcache_driven_transfer.py:1218:lmcache.v1.multiprocess.modules.lmcache_driven_transfer)[0m
[32;20m[2026-09-20 14:34:20,802] LMCache INFO:[0m Stored 384 tokens in 0.003 seconds [3m(lmcache_driven_transfer.py:1218:lmcache.v1.multiprocess.modules.lmcache_driven_transfer)[0m
[32;20m[2026-09-20 14:34:20,828] LMCache INFO:[0m L1 memory usage 1.00 above watermark 0.80; triggering eviction. [3m(eviction_controller.py:179:lmcache.v1.distributed.storage_controllers.eviction_controller)[0m
[32;20m[2026-09-20 14:34:20,894] LMCache INFO:[0m Stored 384 tokens in 0.003 seconds [3m(lmcache_driven_transfer.py:1218:lmcache.v1.multiprocess.modules.lmcache_driven_transfer)[0m
[32;20m[2026-09-20 14:34:20,981] LMCache INFO:[0m Stored 384 tokens in 0.003 seconds [3m(lmcache_driven_transfer.py:1218:lmcache.v1.multiprocess.modules.lmcache_driven_transfer)[0m
[32;20m[2026-09-20 14:34:21,078] LMCache INFO:[0m Stored 384 tokens in 0.003 seconds [3m(lmcache_driven_transfer.py:1218:lmcache.v1.multiprocess.modules.lmcache_driven_transfer)[0m
[32;20m[2026-09-20 14:34:21,173] LMCache INFO:[0m Stored 384 tokens in 0.003 seconds [3m(lmcache_driven_transfer.py:1218:lmcache.v1.multiprocess.modules.lmcache_driven_transfer)[0m
[32;20m[2026-09-20 14:34:21,265] LMCache INFO:[0m Stored 384 tokens in 0.003 seconds [3m(lmcache_driven_transfer.py:1218:lmcache.v1.multiprocess.modules.lmcache_driven_transfer)[0m
[32;20m[2026-09-20 14:34:21,360] LMCache INFO:[0m Stored 384 tokens in 0.003 seconds [3m(lmcache_driven_transfer.py:1218:lmcache.v1.multiprocess.modules.lmcache_driven_transfer)[0m
[32;20m[2026-09-20 14:34:21,405] LMCache INFO:[0m Prefetch request completed (L1+L2): 24/24 retained keys (24 L1, 0 L2) in 2.7 ms (external_request_id=cmpl-961772d0da45a143-0-8571e36f, prefetch_request_id=-1) [3m(storage_manager.py:716:lmcache.v1.distributed.storage_manager)[0m
[32;20m[2026-09-20 14:34:21,416] LMCache INFO:[0m Retrieved 384 tokens in 0.008 seconds [3m(lmcache_driven_transfer.py:1427:lmcache.v1.multiprocess.modules.lmcache_driven_transfer)[0m
[32;20m[2026-09-20 14:34:21,502] LMCache INFO:[0m Prefetch request completed (L1+L2): 24/24 retained keys (24 L1, 0 L2) in 1.2 ms (external_request_id=cmpl-bac03dd355aa3412-0-a4321ebf, prefetch_request_id=-1) [3m(storage_manager.py:716:lmcache.v1.distributed.storage_manager)[0m
[32;20m[2026-09-20 14:34:21,508] LMCache INFO:[0m Prefetch request completed (L1+L2): 24/24 retained keys (24 L1, 0 L2) in 1.4 ms (external_request_id=cmpl-bca7537d2f204bb4-0-a8144075, prefetch_request_id=-1) [3m(storage_manager.py:716:lmcache.v1.distributed.storage_manager)[0m
[32;20m[2026-09-20 14:34:21,508] LMCache INFO:[0m Retrieved 384 tokens in 0.004 seconds [3m(lmcache_driven_transfer.py:1427:lmcache.v1.multiprocess.modules.lmcache_driven_transfer)[0m
[32;20m[2026-09-20 14:34:21,514] LMCache INFO:[0m Retrieved 384 tokens in 0.002 seconds [3m(lmcache_driven_transfer.py:1427:lmcache.v1.multiprocess.modules.lmcache_driven_transfer)[0m
[32;20m[2026-09-20 14:34:21,600] LMCache INFO:[0m Prefetch request completed (L1+L2): 24/24 retained keys (24 L1, 0 L2) in 1.2 ms (external_request_id=cmpl-adf64917d089440d-0-a6a9055c, prefetch_request_id=-1) [3m(storage_manager.py:716:lmcache.v1.distributed.storage_manager)[0m
[32;20m[2026-09-20 14:34:21,605] LMCache INFO:[0m Retrieved 384 tokens in 0.002 seconds [3m(lmcache_driven_transfer.py:1427:lmcache.v1.multiprocess.modules.lmcache_driven_transfer)[0m
[32;20m[2026-09-20 14:34:21,657] LMCache INFO:[0m Prefetch request completed (L1+L2): 24/24 retained keys (24 L1, 0 L2) in 0.9 ms (external_request_id=cmpl-86e0c55790934b95-0-acc87689, prefetch_request_id=-1) [3m(storage_manager.py:716:lmcache.v1.distributed.storage_manager)[0m
[32;20m[2026-09-20 14:34:21,661] LMCache INFO:[0m Retrieved 384 tokens in 0.002 seconds [3m(lmcache_driven_transfer.py:1427:lmcache.v1.multiprocess.modules.lmcache_driven_transfer)[0m
[32;20m[2026-09-20 14:34:21,716] LMCache INFO:[0m Prefetch request completed (L1+L2): 24/24 retained keys (24 L1, 0 L2) in 1.1 ms (external_request_id=cmpl-aadb783f37dbd174-0-9f07a371, prefetch_request_id=-1) [3m(storage_manager.py:716:lmcache.v1.distributed.storage_manager)[0m
[32;20m[2026-09-20 14:34:21,721] LMCache INFO:[0m Retrieved 384 tokens in 0.002 seconds [3m(lmcache_driven_transfer.py:1427:lmcache.v1.multiprocess.modules.lmcache_driven_transfer)[0m
[32;20m[2026-09-20 14:34:21,774] LMCache INFO:[0m Prefetch request completed (L1+L2): 24/24 retained keys (24 L1, 0 L2) in 1.0 ms (external_request_id=cmpl-9b036f5d78874cf3-0-a37718cc, prefetch_request_id=-1) [3m(storage_manager.py:716:lmcache.v1.distributed.storage_manager)[0m
[32;20m[2026-09-20 14:34:21,779] LMCache INFO:[0m Retrieved 384 tokens in 0.002 seconds [3m(lmcache_driven_transfer.py:1427:lmcache.v1.multiprocess.modules.lmcache_driven_transfer)[0m
[32;20m[2026-09-20 14:34:21,832] LMCache INFO:[0m Prefetch request completed (L1+L2): 24/24 retained keys (24 L1, 0 L2) in 1.0 ms (external_request_id=cmpl-8d81d0dbe9ef511f-0-ab6b01a8, prefetch_request_id=-1) [3m(storage_manager.py:716:lmcache.v1.distributed.storage_manager)[0m
[32;20m[2026-09-20 14:34:21,836] LMCache INFO:[0m L1 memory usage 0.93 above watermark 0.80; triggering eviction. [3m(eviction_controller.py:179:lmcache.v1.distributed.storage_controllers.eviction_controller)[0m
[32;20m[2026-09-20 14:34:21,848] LMCache INFO:[0m Retrieved 384 tokens in 0.013 seconds [3m(lmcache_driven_transfer.py:1427:lmcache.v1.multiprocess.modules.lmcache_driven_transfer)[0m
[32;20m[2026-09-20 14:34:21,903] LMCache INFO:[0m Prefetch request completed (L1+L2): 24/24 retained keys (24 L1, 0 L2) in 1.2 ms (external_request_id=cmpl-9c4e9787937ce466-0-a774e0f4, prefetch_request_id=-1) [3m(storage_manager.py:716:lmcache.v1.distributed.storage_manager)[0m
[32;20m[2026-09-20 14:34:21,909] LMCache INFO:[0m Retrieved 384 tokens in 0.002 seconds [3m(lmcache_driven_transfer.py:1427:lmcache.v1.multiprocess.modules.lmcache_driven_transfer)[0m
[32;20m[2026-09-20 14:34:21,964] LMCache INFO:[0m Prefetch request completed (L1+L2): 24/24 retained keys (24 L1, 0 L2) in 1.1 ms (external_request_id=cmpl-bb9d54c518c2cd76-0-b6787dad, prefetch_request_id=-1) [3m(storage_manager.py:716:lmcache.v1.distributed.storage_manager)[0m
[32;20m[2026-09-20 14:34:21,969] LMCache INFO:[0m Retrieved 384 tokens in 0.002 seconds [3m(lmcache_driven_transfer.py:1427:lmcache.v1.multiprocess.modules.lmcache_driven_transfer)[0m
[32;20m[2026-09-20 14:34:22,067] LMCache INFO:[0m Stored 384 tokens in 0.003 seconds [3m(lmcache_driven_transfer.py:1218:lmcache.v1.multiprocess.modules.lmcache_driven_transfer)[0m
[32;20m[2026-09-20 14:34:22,154] LMCache INFO:[0m Stored 384 tokens in 0.003 seconds [3m(lmcache_driven_transfer.py:1218:lmcache.v1.multiprocess.modules.lmcache_driven_transfer)[0m
[32;20m[2026-09-20 14:34:22,356] LMCache INFO:[0m Prefetch request completed (L1+L2): 24/24 retained keys (24 L1, 0 L2) in 1.2 ms (external_request_id=cmpl-b7b5e12185be90b5-0-95dd5cdf, prefetch_request_id=-1) [3m(storage_manager.py:716:lmcache.v1.distributed.storage_manager)[0m
[32;20m[2026-09-20 14:34:22,361] LMCache INFO:[0m Retrieved 384 tokens in 0.002 seconds [3m(lmcache_driven_transfer.py:1427:lmcache.v1.multiprocess.modules.lmcache_driven_transfer)[0m
[32;20m[2026-09-20 14:34:22,449] LMCache INFO:[0m Prefetch request completed (L1+L2): 24/24 retained keys (24 L1, 0 L2) in 1.4 ms (external_request_id=cmpl-a80dc2c17c306040-0-ad492fb0, prefetch_request_id=-1) [3m(storage_manager.py:716:lmcache.v1.distributed.storage_manager)[0m
[32;20m[2026-09-20 14:34:22,456] LMCache INFO:[0m Prefetch request completed (L1+L2): 24/24 retained keys (24 L1, 0 L2) in 1.8 ms (external_request_id=cmpl-b7d723d1a3a64e48-0-b4354dc4, prefetch_request_id=-1) [3m(storage_manager.py:716:lmcache.v1.distributed.storage_manager)[0m
[32;20m[2026-09-20 14:34:22,457] LMCache INFO:[0m Retrieved 384 tokens in 0.005 seconds [3m(lmcache_driven_transfer.py:1427:lmcache.v1.multiprocess.modules.lmcache_driven_transfer)[0m
[32;20m[2026-09-20 14:34:22,464] LMCache INFO:[0m Retrieved 384 tokens in 0.005 seconds [3m(lmcache_driven_transfer.py:1427:lmcache.v1.multiprocess.modules.lmcache_driven_transfer)[0m
[32;20m[2026-09-20 14:34:22,554] LMCache INFO:[0m Prefetch request completed (L1+L2): 24/24 retained keys (24 L1, 0 L2) in 1.0 ms (external_request_id=cmpl-96b4c98abd4dc347-0-82ce7a85, prefetch_request_id=-1) [3m(storage_manager.py:716:lmcache.v1.distributed.storage_manager)[0m
[32;20m[2026-09-20 14:34:22,560] LMCache INFO:[0m Retrieved 384 tokens in 0.002 seconds [3m(lmcache_driven_transfer.py:1427:lmcache.v1.multiprocess.modules.lmcache_driven_transfer)[0m
[32;20m[2026-09-20 14:34:22,613] LMCache INFO:[0m Prefetch request completed (L1+L2): 24/24 retained keys (24 L1, 0 L2) in 1.0 ms (external_request_id=cmpl-9dc8eb9a990f4990-0-961889b7, prefetch_request_id=-1) [3m(storage_manager.py:716:lmcache.v1.distributed.storage_manager)[0m
[32;20m[2026-09-20 14:34:22,618] LMCache INFO:[0m Retrieved 384 tokens in 0.002 seconds [3m(lmcache_driven_transfer.py:1427:lmcache.v1.multiprocess.modules.lmcache_driven_transfer)[0m
[32;20m[2026-09-20 14:34:22,671] LMCache INFO:[0m Prefetch request completed (L1+L2): 24/24 retained keys (24 L1, 0 L2) in 1.1 ms (external_request_id=cmpl-8d29d3e06a63a523-0-a11602c5, prefetch_request_id=-1) [3m(storage_manager.py:716:lmcache.v1.distributed.storage_manager)[0m
[32;20m[2026-09-20 14:34:22,676] LMCache INFO:[0m Retrieved 384 tokens in 0.002 seconds [3m(lmcache_driven_transfer.py:1427:lmcache.v1.multiprocess.modules.lmcache_driven_transfer)[0m
[32;20m[2026-09-20 14:34:22,730] LMCache INFO:[0m Prefetch request completed (L1+L2): 24/24 retained keys (24 L1, 0 L2) in 1.1 ms (external_request_id=cmpl-8af33a28257386f7-0-a5bebe67, prefetch_request_id=-1) [3m(storage_manager.py:716:lmcache.v1.distributed.storage_manager)[0m
[32;20m[2026-09-20 14:34:22,735] LMCache INFO:[0m Retrieved 384 tokens in 0.002 seconds [3m(lmcache_driven_transfer.py:1427:lmcache.v1.multiprocess.modules.lmcache_driven_transfer)[0m
[32;20m[2026-09-20 14:34:22,789] LMCache INFO:[0m Prefetch request completed (L1+L2): 24/24 retained keys (24 L1, 0 L2) in 1.2 ms (external_request_id=cmpl-b56db3ad28b41123-0-aecc255b, prefetch_request_id=-1) [3m(storage_manager.py:716:lmcache.v1.distributed.storage_manager)[0m
[32;20m[2026-09-20 14:34:22,794] LMCache INFO:[0m Retrieved 384 tokens in 0.002 seconds [3m(lmcache_driven_transfer.py:1427:lmcache.v1.multiprocess.modules.lmcache_driven_transfer)[0m
[32;20m[2026-09-20 14:34:22,848] LMCache INFO:[0m Prefetch request completed (L1+L2): 24/24 retained keys (24 L1, 0 L2) in 1.2 ms (external_request_id=cmpl-932383b75405a6d1-0-94df549a, prefetch_request_id=-1) [3m(storage_manager.py:716:lmcache.v1.distributed.storage_manager)[0m
[32;20m[2026-09-20 14:34:22,853] LMCache INFO:[0m Retrieved 384 tokens in 0.002 seconds [3m(lmcache_driven_transfer.py:1427:lmcache.v1.multiprocess.modules.lmcache_driven_transfer)[0m
[32;20m[2026-09-20 14:34:22,907] LMCache INFO:[0m Prefetch request completed (L1+L2): 24/24 retained keys (24 L1, 0 L2) in 0.9 ms (external_request_id=cmpl-8dce97e4d39e9000-0-bc06fd1b, prefetch_request_id=-1) [3m(storage_manager.py:716:lmcache.v1.distributed.storage_manager)[0m
[32;20m[2026-09-20 14:34:22,912] LMCache INFO:[0m Retrieved 384 tokens in 0.002 seconds [3m(lmcache_driven_transfer.py:1427:lmcache.v1.multiprocess.modules.lmcache_driven_transfer)[0m
[32;20m[2026-09-20 14:34:22,967] LMCache INFO:[0m Prefetch request completed (L1+L2): 24/24 retained keys (24 L1, 0 L2) in 1.1 ms (external_request_id=cmpl-ab3459858488dc6c-0-8c2817c9, prefetch_request_id=-1) [3m(storage_manager.py:716:lmcache.v1.distributed.storage_manager)[0m
[32;20m[2026-09-20 14:34:22,972] LMCache INFO:[0m Retrieved 384 tokens in 0.002 seconds [3m(lmcache_driven_transfer.py:1427:lmcache.v1.multiprocess.modules.lmcache_driven_transfer)[0m
[32;20m[2026-09-20 14:34:23,069] LMCache INFO:[0m Stored 384 tokens in 0.003 seconds [3m(lmcache_driven_transfer.py:1218:lmcache.v1.multiprocess.modules.lmcache_driven_transfer)[0m
[32;20m[2026-09-20 14:34:23,263] LMCache INFO:[0m Prefetch request completed (L1+L2): 24/24 retained keys (24 L1, 0 L2) in 1.1 ms (external_request_id=cmpl-b3143439f0b66459-0-bee19952, prefetch_request_id=-1) [3m(storage_manager.py:716:lmcache.v1.distributed.storage_manager)[0m
[32;20m[2026-09-20 14:34:23,268] LMCache INFO:[0m Retrieved 384 tokens in 0.003 seconds [3m(lmcache_driven_transfer.py:1427:lmcache.v1.multiprocess.modules.lmcache_driven_transfer)[0m
[32;20m[2026-09-20 14:34:23,355] LMCache INFO:[0m Prefetch request completed (L1+L2): 24/24 retained keys (24 L1, 0 L2) in 1.1 ms (external_request_id=cmpl-8f49f3baa02bb4f3-0-8633ac90, prefetch_request_id=-1) [3m(storage_manager.py:716:lmcache.v1.distributed.storage_manager)[0m
[32;20m[2026-09-20 14:34:23,361] LMCache INFO:[0m Prefetch request completed (L1+L2): 24/24 retained keys (24 L1, 0 L2) in 1.3 ms (external_request_id=cmpl-89727f93caab7000-0-a9a40e8b, prefetch_request_id=-1) [3m(storage_manager.py:716:lmcache.v1.distributed.storage_manager)[0m
[32;20m[2026-09-20 14:34:23,362] LMCache INFO:[0m Retrieved 384 tokens in 0.004 seconds [3m(lmcache_driven_transfer.py:1427:lmcache.v1.multiprocess.modules.lmcache_driven_transfer)[0m
[32;20m[2026-09-20 14:34:23,370] LMCache INFO:[0m Retrieved 384 tokens in 0.003 seconds [3m(lmcache_driven_transfer.py:1427:lmcache.v1.multiprocess.modules.lmcache_driven_transfer)[0m
[32;20m[2026-09-20 14:34:23,460] LMCache INFO:[0m Prefetch request completed (L1+L2): 24/24 retained keys (24 L1, 0 L2) in 1.2 ms (external_request_id=cmpl-82af4b17c2db5afa-0-a98a33e3, prefetch_request_id=-1) [3m(storage_manager.py:716:lmcache.v1.distributed.storage_manager)[0m
[32;20m[2026-09-20 14:34:23,465] LMCache INFO:[0m Retrieved 384 tokens in 0.002 seconds [3m(lmcache_driven_transfer.py:1427:lmcache.v1.multiprocess.modules.lmcache_driven_transfer)[0m
[32;20m[2026-09-20 14:34:23,563] LMCache INFO:[0m Stored 384 tokens in 0.003 seconds [3m(lmcache_driven_transfer.py:1218:lmcache.v1.multiprocess.modules.lmcache_driven_transfer)[0m
[32;20m[2026-09-20 14:34:23,608] LMCache INFO:[0m Prefetch request completed (L1+L2): 24/24 retained keys (24 L1, 0 L2) in 1.0 ms (external_request_id=cmpl-90991a58769cb642-0-934881ce, prefetch_request_id=-1) [3m(storage_manager.py:716:lmcache.v1.distributed.storage_manager)[0m
[32;20m[2026-09-20 14:34:23,613] LMCache INFO:[0m Retrieved 384 tokens in 0.002 seconds [3m(lmcache_driven_transfer.py:1427:lmcache.v1.multiprocess.modules.lmcache_driven_transfer)[0m
[32;20m[2026-09-20 14:34:23,710] LMCache INFO:[0m Stored 112 tokens in 0.003 seconds [3m(lmcache_driven_transfer.py:1218:lmcache.v1.multiprocess.modules.lmcache_driven_transfer)[0m
[32;20m[2026-09-20 14:34:23,718] LMCache INFO:[0m Prefetch request completed (L1+L2): 24/24 retained keys (24 L1, 0 L2) in 1.1 ms (external_request_id=cmpl-b1a9fb247c328126-0-89bf1ffe, prefetch_request_id=-1) [3m(storage_manager.py:716:lmcache.v1.distributed.storage_manager)[0m
[32;20m[2026-09-20 14:34:23,723] LMCache INFO:[0m Retrieved 384 tokens in 0.002 seconds [3m(lmcache_driven_transfer.py:1427:lmcache.v1.multiprocess.modules.lmcache_driven_transfer)[0m
[32;20m[2026-09-20 14:34:23,778] LMCache INFO:[0m Prefetch request completed (L1+L2): 24/24 retained keys (24 L1, 0 L2) in 1.2 ms (external_request_id=cmpl-b8403a1a9e3eb74e-0-861c31a9, prefetch_request_id=-1) [3m(storage_manager.py:716:lmcache.v1.distributed.storage_manager)[0m
[32;20m[2026-09-20 14:34:23,782] LMCache INFO:[0m Retrieved 384 tokens in 0.002 seconds [3m(lmcache_driven_transfer.py:1427:lmcache.v1.multiprocess.modules.lmcache_driven_transfer)[0m
[32;20m[2026-09-20 14:34:23,836] LMCache INFO:[0m Prefetch request completed (L1+L2): 24/24 retained keys (24 L1, 0 L2) in 1.1 ms (external_request_id=cmpl-8ac3ed211c639bfd-0-95c69146, prefetch_request_id=-1) [3m(storage_manager.py:716:lmcache.v1.distributed.storage_manager)[0m
[32;20m[2026-09-20 14:34:23,841] LMCache INFO:[0m Retrieved 384 tokens in 0.002 seconds [3m(lmcache_driven_transfer.py:1427:lmcache.v1.multiprocess.modules.lmcache_driven_transfer)[0m
[32;20m[2026-09-20 14:34:23,849] LMCache INFO:[0m L1 memory usage 0.83 above watermark 0.80; triggering eviction. [3m(eviction_controller.py:179:lmcache.v1.distributed.storage_controllers.eviction_controller)[0m
[32;20m[2026-09-20 14:34:23,895] LMCache INFO:[0m Prefetch request completed (L1+L2): 24/24 retained keys (24 L1, 0 L2) in 1.3 ms (external_request_id=cmpl-b0b9eb3df4704af4-0-9dcd2fc0, prefetch_request_id=-1) [3m(storage_manager.py:716:lmcache.v1.distributed.storage_manager)[0m
[32;20m[2026-09-20 14:34:23,900] LMCache INFO:[0m Retrieved 384 tokens in 0.002 seconds [3m(lmcache_driven_transfer.py:1427:lmcache.v1.multiprocess.modules.lmcache_driven_transfer)[0m
[32;20m[2026-09-20 14:34:23,954] LMCache INFO:[0m Prefetch request completed (L1+L2): 24/24 retained keys (24 L1, 0 L2) in 1.1 ms (external_request_id=cmpl-8db9f5b7307d9874-0-b0a024f7, prefetch_request_id=-1) [3m(storage_manager.py:716:lmcache.v1.distributed.storage_manager)[0m
[32;20m[2026-09-20 14:34:23,959] LMCache INFO:[0m Retrieved 384 tokens in 0.002 seconds [3m(lmcache_driven_transfer.py:1427:lmcache.v1.multiprocess.modules.lmcache_driven_transfer)[0m
[32;20m[2026-09-20 14:34:24,169] LMCache INFO:[0m Prefetch request completed (L1+L2): 24/24 retained keys (24 L1, 0 L2) in 1.2 ms (external_request_id=cmpl-9bfbbaab545e8171-0-bb6f80e9, prefetch_request_id=-1) [3m(storage_manager.py:716:lmcache.v1.distributed.storage_manager)[0m
[32;20m[2026-09-20 14:34:24,174] LMCache INFO:[0m Retrieved 384 tokens in 0.002 seconds [3m(lmcache_driven_transfer.py:1427:lmcache.v1.multiprocess.modules.lmcache_driven_transfer)[0m
[32;20m[2026-09-20 14:34:24,311] LMCache INFO:[0m Stored 384 tokens in 0.003 seconds [3m(lmcache_driven_transfer.py:1218:lmcache.v1.multiprocess.modules.lmcache_driven_transfer)[0m
[32;20m[2026-09-20 14:34:24,394] LMCache INFO:[0m Stored 384 tokens in 0.003 seconds [3m(lmcache_driven_transfer.py:1218:lmcache.v1.multiprocess.modules.lmcache_driven_transfer)[0m
[32;20m[2026-09-20 14:34:24,477] LMCache INFO:[0m Stored 368 tokens in 0.003 seconds [3m(lmcache_driven_transfer.py:1218:lmcache.v1.multiprocess.modules.lmcache_driven_transfer)[0m
[32;20m[2026-09-20 14:34:24,577] LMCache INFO:[0m Stored 384 tokens in 0.003 seconds [3m(lmcache_driven_transfer.py:1218:lmcache.v1.multiprocess.modules.lmcache_driven_transfer)[0m
[32;20m[2026-09-20 14:34:24,672] LMCache INFO:[0m Stored 384 tokens in 0.003 seconds [3m(lmcache_driven_transfer.py:1218:lmcache.v1.multiprocess.modules.lmcache_driven_transfer)[0m
[32;20m[2026-09-20 14:34:24,768] LMCache INFO:[0m Stored 384 tokens in 0.003 seconds [3m(lmcache_driven_transfer.py:1218:lmcache.v1.multiprocess.modules.lmcache_driven_transfer)[0m
[32;20m[2026-09-20 14:34:24,861] LMCache INFO:[0m Stored 384 tokens in 0.003 seconds [3m(lmcache_driven_transfer.py:1218:lmcache.v1.multiprocess.modules.lmcache_driven_transfer)[0m
[32;20m[2026-09-20 14:34:24,954] LMCache INFO:[0m Stored 384 tokens in 0.003 seconds [3m(lmcache_driven_transfer.py:1218:lmcache.v1.multiprocess.modules.lmcache_driven_transfer)[0m
[32;20m[2026-09-20 14:34:25,055] LMCache INFO:[0m Stored 384 tokens in 0.003 seconds [3m(lmcache_driven_transfer.py:1218:lmcache.v1.multiprocess.modules.lmcache_driven_transfer)[0m
[32;20m[2026-09-20 14:34:25,145] LMCache INFO:[0m Stored 64 tokens in 0.003 seconds [3m(lmcache_driven_transfer.py:1218:lmcache.v1.multiprocess.modules.lmcache_driven_transfer)[0m
[32;20m[2026-09-20 14:34:25,198] LMCache INFO:[0m Stored 384 tokens in 0.003 seconds [3m(lmcache_driven_transfer.py:1218:lmcache.v1.multiprocess.modules.lmcache_driven_transfer)[0m
[32;20m[2026-09-20 14:34:25,417] LMCache INFO:[0m Stored 384 tokens in 0.003 seconds [3m(lmcache_driven_transfer.py:1218:lmcache.v1.multiprocess.modules.lmcache_driven_transfer)[0m
[32;20m[2026-09-20 14:34:25,501] LMCache INFO:[0m Stored 384 tokens in 0.003 seconds [3m(lmcache_driven_transfer.py:1218:lmcache.v1.multiprocess.modules.lmcache_driven_transfer)[0m
[32;20m[2026-09-20 14:34:25,593] LMCache INFO:[0m Stored 384 tokens in 0.003 seconds [3m(lmcache_driven_transfer.py:1218:lmcache.v1.multiprocess.modules.lmcache_driven_transfer)[0m
[32;20m[2026-09-20 14:34:25,691] LMCache INFO:[0m Stored 384 tokens in 0.003 seconds [3m(lmcache_driven_transfer.py:1218:lmcache.v1.multiprocess.modules.lmcache_driven_transfer)[0m
[32;20m[2026-09-20 14:34:25,786] LMCache INFO:[0m Stored 384 tokens in 0.003 seconds [3m(lmcache_driven_transfer.py:1218:lmcache.v1.multiprocess.modules.lmcache_driven_transfer)[0m
[32;20m[2026-09-20 14:34:25,856] LMCache INFO:[0m L1 memory usage 0.97 above watermark 0.80; triggering eviction. [3m(eviction_controller.py:179:lmcache.v1.distributed.storage_controllers.eviction_controller)[0m
[32;20m[2026-09-20 14:34:25,887] LMCache INFO:[0m Stored 368 tokens in 0.003 seconds [3m(lmcache_driven_transfer.py:1218:lmcache.v1.multiprocess.modules.lmcache_driven_transfer)[0m
[32;20m[2026-09-20 14:34:25,979] LMCache INFO:[0m Stored 384 tokens in 0.003 seconds [3m(lmcache_driven_transfer.py:1218:lmcache.v1.multiprocess.modules.lmcache_driven_transfer)[0m
[32;20m[2026-09-20 14:34:26,074] LMCache INFO:[0m Stored 384 tokens in 0.003 seconds [3m(lmcache_driven_transfer.py:1218:lmcache.v1.multiprocess.modules.lmcache_driven_transfer)[0m
[32;20m[2026-09-20 14:34:26,170] LMCache INFO:[0m Stored 384 tokens in 0.004 seconds [3m(lmcache_driven_transfer.py:1218:lmcache.v1.multiprocess.modules.lmcache_driven_transfer)[0m
[32;20m[2026-09-20 14:34:26,265] LMCache INFO:[0m Stored 384 tokens in 0.003 seconds [3m(lmcache_driven_transfer.py:1218:lmcache.v1.multiprocess.modules.lmcache_driven_transfer)[0m
[32;20m[2026-09-20 14:34:26,311] LMCache INFO:[0m Prefetch request completed (L1+L2): 24/24 retained keys (24 L1, 0 L2) in 2.5 ms (external_request_id=cmpl-9409a06441c58b55-0-b940e4fe, prefetch_request_id=-1) [3m(storage_manager.py:716:lmcache.v1.distributed.storage_manager)[0m
[32;20m[2026-09-20 14:34:26,316] LMCache INFO:[0m Retrieved 384 tokens in 0.002 seconds [3m(lmcache_driven_transfer.py:1427:lmcache.v1.multiprocess.modules.lmcache_driven_transfer)[0m
[32;20m[2026-09-20 14:34:26,445] LMCache INFO:[0m Stored 384 tokens in 0.003 seconds [3m(lmcache_driven_transfer.py:1218:lmcache.v1.multiprocess.modules.lmcache_driven_transfer)[0m
[32;20m[2026-09-20 14:34:26,523] LMCache INFO:[0m Stored 384 tokens in 0.003 seconds [3m(lmcache_driven_transfer.py:1218:lmcache.v1.multiprocess.modules.lmcache_driven_transfer)[0m
[32;20m[2026-09-20 14:34:26,613] LMCache INFO:[0m Stored 384 tokens in 0.003 seconds [3m(lmcache_driven_transfer.py:1218:lmcache.v1.multiprocess.modules.lmcache_driven_transfer)[0m
[32;20m[2026-09-20 14:34:26,714] LMCache INFO:[0m Stored 384 tokens in 0.003 seconds [3m(lmcache_driven_transfer.py:1218:lmcache.v1.multiprocess.modules.lmcache_driven_transfer)[0m
[32;20m[2026-09-20 14:34:26,804] LMCache INFO:[0m Stored 384 tokens in 0.003 seconds [3m(lmcache_driven_transfer.py:1218:lmcache.v1.multiprocess.modules.lmcache_driven_transfer)[0m
[32;20m[2026-09-20 14:34:26,851] LMCache INFO:[0m L0<->L1 stats [cuda:0] last 10.1s: store ops=79 tokens=28864 size=0.83GB avg_copy=6.82GB/s | retrieve ops=36 tokens=13824 size=0.40GB avg_copy=3.43GB/s [3m(extra_stats.py:159:lmcache.v1.mp_observability.subscribers.logging.extra_stats)[0m
[32;20m[2026-09-20 14:34:26,851] LMCache INFO:[0m L0<->L1 stats [cuda:0] cumulative: store ops=772 tokens=286464 size=8.21GB avg_copy=5.92GB/s | retrieve ops=242 tokens=91264 size=2.62GB avg_copy=3.87GB/s [3m(extra_stats.py:168:lmcache.v1.mp_observability.subscribers.logging.extra_stats)[0m
[32;20m[2026-09-20 14:34:26,865] LMCache INFO:[0m L1 memory usage: 0.49/0.50 GiB (98.4%) [3m(eviction_controller.py:153:lmcache.v1.distributed.storage_controllers.eviction_controller)[0m
[32;20m[2026-09-20 14:34:26,865] LMCache INFO:[0m L1 memory usage 0.98 above watermark 0.80; triggering eviction. [3m(eviction_controller.py:179:lmcache.v1.distributed.storage_controllers.eviction_controller)[0m
[32;20m[2026-09-20 14:34:26,900] LMCache INFO:[0m Stored 384 tokens in 0.004 seconds [3m(lmcache_driven_transfer.py:1218:lmcache.v1.multiprocess.modules.lmcache_driven_transfer)[0m
[32;20m[2026-09-20 14:34:26,995] LMCache INFO:[0m Stored 384 tokens in 0.003 seconds [3m(lmcache_driven_transfer.py:1218:lmcache.v1.multiprocess.modules.lmcache_driven_transfer)[0m
[32;20m[2026-09-20 14:34:27,087] LMCache INFO:[0m Stored 384 tokens in 0.003 seconds [3m(lmcache_driven_transfer.py:1218:lmcache.v1.multiprocess.modules.lmcache_driven_transfer)[0m
[32;20m[2026-09-20 14:34:27,180] LMCache INFO:[0m Stored 384 tokens in 0.003 seconds [3m(lmcache_driven_transfer.py:1218:lmcache.v1.multiprocess.modules.lmcache_driven_transfer)[0m
[32;20m[2026-09-20 14:34:27,268] LMCache INFO:[0m Stored 384 tokens in 0.003 seconds [3m(lmcache_driven_transfer.py:1218:lmcache.v1.multiprocess.modules.lmcache_driven_transfer)[0m
[32;20m[2026-09-20 14:34:27,364] LMCache INFO:[0m Stored 384 tokens in 0.003 seconds [3m(lmcache_driven_transfer.py:1218:lmcache.v1.multiprocess.modules.lmcache_driven_transfer)[0m
[32;20m[2026-09-20 14:34:27,455] LMCache INFO:[0m Stored 96 tokens in 0.002 seconds [3m(lmcache_driven_transfer.py:1218:lmcache.v1.multiprocess.modules.lmcache_driven_transfer)[0m
[32;20m[2026-09-20 14:34:27,545] LMCache INFO:[0m Stored 384 tokens in 0.003 seconds [3m(lmcache_driven_transfer.py:1218:lmcache.v1.multiprocess.modules.lmcache_driven_transfer)[0m
[32;20m[2026-09-20 14:34:27,548] LMCache INFO:[0m Stored 384 tokens in 0.003 seconds [3m(lmcache_driven_transfer.py:1218:lmcache.v1.multiprocess.modules.lmcache_driven_transfer)[0m
[32;20m[2026-09-20 14:34:27,700] LMCache INFO:[0m Stored 384 tokens in 0.003 seconds [3m(lmcache_driven_transfer.py:1218:lmcache.v1.multiprocess.modules.lmcache_driven_transfer)[0m
[32;20m[2026-09-20 14:34:27,795] LMCache INFO:[0m Stored 384 tokens in 0.003 seconds [3m(lmcache_driven_transfer.py:1218:lmcache.v1.multiprocess.modules.lmcache_driven_transfer)[0m
[32;20m[2026-09-20 14:34:27,873] LMCache INFO:[0m L1 memory usage 1.00 above watermark 0.80; triggering eviction. [3m(eviction_controller.py:179:lmcache.v1.distributed.storage_controllers.eviction_controller)[0m
[32;20m[2026-09-20 14:34:27,887] LMCache INFO:[0m Stored 384 tokens in 0.003 seconds [3m(lmcache_driven_transfer.py:1218:lmcache.v1.multiprocess.modules.lmcache_driven_transfer)[0m
[32;20m[2026-09-20 14:34:27,978] LMCache INFO:[0m Stored 384 tokens in 0.003 seconds [3m(lmcache_driven_transfer.py:1218:lmcache.v1.multiprocess.modules.lmcache_driven_transfer)[0m
[32;20m[2026-09-20 14:34:28,070] LMCache INFO:[0m Stored 368 tokens in 0.003 seconds [3m(lmcache_driven_transfer.py:1218:lmcache.v1.multiprocess.modules.lmcache_driven_transfer)[0m
[32;20m[2026-09-20 14:34:28,167] LMCache INFO:[0m Stored 384 tokens in 0.008 seconds [3m(lmcache_driven_transfer.py:1218:lmcache.v1.multiprocess.modules.lmcache_driven_transfer)[0m
[32;20m[2026-09-20 14:34:28,258] LMCache INFO:[0m Stored 384 tokens in 0.003 seconds [3m(lmcache_driven_transfer.py:1218:lmcache.v1.multiprocess.modules.lmcache_driven_transfer)[0m
[32;20m[2026-09-20 14:34:28,347] LMCache INFO:[0m Stored 208 tokens in 0.002 seconds [3m(lmcache_driven_transfer.py:1218:lmcache.v1.multiprocess.modules.lmcache_driven_transfer)[0m
[32;20m[2026-09-20 14:34:28,408] LMCache INFO:[0m Stored 368 tokens in 0.003 seconds [3m(lmcache_driven_transfer.py:1218:lmcache.v1.multiprocess.modules.lmcache_driven_transfer)[0m
[32;20m[2026-09-20 14:34:28,460] LMCache INFO:[0m Prefetch request completed (L1+L2): 24/24 retained keys (24 L1, 0 L2) in 1.5 ms (external_request_id=cmpl-99193501e2bc6511-0-886ffee6, prefetch_request_id=-1) [3m(storage_manager.py:716:lmcache.v1.distributed.storage_manager)[0m
[32;20m[2026-09-20 14:34:28,466] LMCache INFO:[0m Retrieved 384 tokens in 0.002 seconds [3m(lmcache_driven_transfer.py:1427:lmcache.v1.multiprocess.modules.lmcache_driven_transfer)[0m
[32;20m[2026-09-20 14:34:28,553] LMCache INFO:[0m Prefetch request completed (L1+L2): 24/24 retained keys (24 L1, 0 L2) in 1.1 ms (external_request_id=cmpl-9e669487f27d3f94-0-83ed3c13, prefetch_request_id=-1) [3m(storage_manager.py:716:lmcache.v1.distributed.storage_manager)[0m
[32;20m[2026-09-20 14:34:28,560] LMCache INFO:[0m Retrieved 384 tokens in 0.004 seconds [3m(lmcache_driven_transfer.py:1427:lmcache.v1.multiprocess.modules.lmcache_driven_transfer)[0m
[32;20m[2026-09-20 14:34:28,560] LMCache INFO:[0m Prefetch request completed (L1+L2): 24/24 retained keys (24 L1, 0 L2) in 2.1 ms (external_request_id=cmpl-8268f18cb6b8fe32-0-899f7d37, prefetch_request_id=-1) [3m(storage_manager.py:716:lmcache.v1.distributed.storage_manager)[0m
[32;20m[2026-09-20 14:34:28,569] LMCache INFO:[0m Retrieved 384 tokens in 0.005 seconds [3m(lmcache_driven_transfer.py:1427:lmcache.v1.multiprocess.modules.lmcache_driven_transfer)[0m
[32;20m[2026-09-20 14:34:28,652] LMCache INFO:[0m Prefetch request completed (L1+L2): 24/24 retained keys (24 L1, 0 L2) in 1.3 ms (external_request_id=cmpl-9eaba3dc772a62ff-0-a6041480, prefetch_request_id=-1) [3m(storage_manager.py:716:lmcache.v1.distributed.storage_manager)[0m
[32;20m[2026-09-20 14:34:28,656] LMCache INFO:[0m Retrieved 384 tokens in 0.002 seconds [3m(lmcache_driven_transfer.py:1427:lmcache.v1.multiprocess.modules.lmcache_driven_transfer)[0m
[32;20m[2026-09-20 14:34:28,709] LMCache INFO:[0m Prefetch request completed (L1+L2): 24/24 retained keys (24 L1, 0 L2) in 1.2 ms (external_request_id=cmpl-9dd4c30893d0de07-0-b5c46ad2, prefetch_request_id=-1) [3m(storage_manager.py:716:lmcache.v1.distributed.storage_manager)[0m
[32;20m[2026-09-20 14:34:28,714] LMCache INFO:[0m Retrieved 384 tokens in 0.002 seconds [3m(lmcache_driven_transfer.py:1427:lmcache.v1.multiprocess.modules.lmcache_driven_transfer)[0m
[32;20m[2026-09-20 14:34:28,768] LMCache INFO:[0m Prefetch request completed (L1+L2): 24/24 retained keys (24 L1, 0 L2) in 1.0 ms (external_request_id=cmpl-a61bf519fd79d547-0-a905eeb6, prefetch_request_id=-1) [3m(storage_manager.py:716:lmcache.v1.distributed.storage_manager)[0m
[32;20m[2026-09-20 14:34:28,772] LMCache INFO:[0m Retrieved 384 tokens in 0.002 seconds [3m(lmcache_driven_transfer.py:1427:lmcache.v1.multiprocess.modules.lmcache_driven_transfer)[0m
[32;20m[2026-09-20 14:34:28,825] LMCache INFO:[0m Prefetch request completed (L1+L2): 24/24 retained keys (24 L1, 0 L2) in 1.2 ms (external_request_id=cmpl-9fc66ac7e1c963f3-0-916c9791, prefetch_request_id=-1) [3m(storage_manager.py:716:lmcache.v1.distributed.storage_manager)[0m
[32;20m[2026-09-20 14:34:28,830] LMCache INFO:[0m Retrieved 384 tokens in 0.002 seconds [3m(lmcache_driven_transfer.py:1427:lmcache.v1.multiprocess.modules.lmcache_driven_transfer)[0m
[32;20m[2026-09-20 14:34:28,882] LMCache INFO:[0m L1 memory usage 0.93 above watermark 0.80; triggering eviction. [3m(eviction_controller.py:179:lmcache.v1.distributed.storage_controllers.eviction_controller)[0m
[32;20m[2026-09-20 14:34:28,889] LMCache INFO:[0m Prefetch request completed (L1+L2): 24/24 retained keys (24 L1, 0 L2) in 7.5 ms (external_request_id=cmpl-abf6a6cbf09f505f-0-a7ca42c9, prefetch_request_id=-1) [3m(storage_manager.py:716:lmcache.v1.distributed.storage_manager)[0m
[32;20m[2026-09-20 14:34:28,895] LMCache INFO:[0m Retrieved 384 tokens in 0.002 seconds [3m(lmcache_driven_transfer.py:1427:lmcache.v1.multiprocess.modules.lmcache_driven_transfer)[0m
[32;20m[2026-09-20 14:34:28,950] LMCache INFO:[0m Prefetch request completed (L1+L2): 24/24 retained keys (24 L1, 0 L2) in 1.3 ms (external_request_id=cmpl-b34ea85a678fe22a-0-a70a73fa, prefetch_request_id=-1) [3m(storage_manager.py:716:lmcache.v1.distributed.storage_manager)[0m
[32;20m[2026-09-20 14:34:28,955] LMCache INFO:[0m Retrieved 384 tokens in 0.003 seconds [3m(lmcache_driven_transfer.py:1427:lmcache.v1.multiprocess.modules.lmcache_driven_transfer)[0m
[32;20m[2026-09-20 14:34:29,008] LMCache INFO:[0m Prefetch request completed (L1+L2): 24/24 retained keys (24 L1, 0 L2) in 1.0 ms (external_request_id=cmpl-85c7b4bf0c6ca2e2-0-9d62aab4, prefetch_request_id=-1) [3m(storage_manager.py:716:lmcache.v1.distributed.storage_manager)[0m
[32;20m[2026-09-20 14:34:29,013] LMCache INFO:[0m Retrieved 384 tokens in 0.002 seconds [3m(lmcache_driven_transfer.py:1427:lmcache.v1.multiprocess.modules.lmcache_driven_transfer)[0m
[32;20m[2026-09-20 14:34:29,070] LMCache INFO:[0m Prefetch request completed (L1+L2): 24/24 retained keys (24 L1, 0 L2) in 1.0 ms (external_request_id=cmpl-9448e80f1e4b6300-0-bb26010d, prefetch_request_id=-1) [3m(storage_manager.py:716:lmcache.v1.distributed.storage_manager)[0m
[32;20m[2026-09-20 14:34:29,074] LMCache INFO:[0m Retrieved 384 tokens in 0.002 seconds [3m(lmcache_driven_transfer.py:1427:lmcache.v1.multiprocess.modules.lmcache_driven_transfer)[0m
[32;20m[2026-09-20 14:34:29,127] LMCache INFO:[0m Prefetch request completed (L1+L2): 24/24 retained keys (24 L1, 0 L2) in 1.3 ms (external_request_id=cmpl-8b158e42e96e99d4-0-9ac778b5, prefetch_request_id=-1) [3m(storage_manager.py:716:lmcache.v1.distributed.storage_manager)[0m
[32;20m[2026-09-20 14:34:29,132] LMCache INFO:[0m Retrieved 384 tokens in 0.002 seconds [3m(lmcache_driven_transfer.py:1427:lmcache.v1.multiprocess.modules.lmcache_driven_transfer)[0m
[32;20m[2026-09-20 14:34:29,408] LMCache INFO:[0m Prefetch request completed (L1+L2): 24/24 retained keys (24 L1, 0 L2) in 1.1 ms (external_request_id=cmpl-9f74e28a89a34202-0-98315b78, prefetch_request_id=-1) [3m(storage_manager.py:716:lmcache.v1.distributed.storage_manager)[0m
[32;20m[2026-09-20 14:34:29,412] LMCache INFO:[0m Retrieved 384 tokens in 0.002 seconds [3m(lmcache_driven_transfer.py:1427:lmcache.v1.multiprocess.modules.lmcache_driven_transfer)[0m
[32;20m[2026-09-20 14:34:29,499] LMCache INFO:[0m Prefetch request completed (L1+L2): 24/24 retained keys (24 L1, 0 L2) in 1.3 ms (external_request_id=cmpl-8714309a9dd66e2f-0-adae6399, prefetch_request_id=-1) [3m(storage_manager.py:716:lmcache.v1.distributed.storage_manager)[0m
[32;20m[2026-09-20 14:34:29,505] LMCache INFO:[0m Prefetch request completed (L1+L2): 24/24 retained keys (24 L1, 0 L2) in 1.4 ms (external_request_id=cmpl-88af164b31515886-0-ba72920a, prefetch_request_id=-1) [3m(storage_manager.py:716:lmcache.v1.distributed.storage_manager)[0m
[32;20m[2026-09-20 14:34:29,506] LMCache INFO:[0m Retrieved 384 tokens in 0.004 seconds [3m(lmcache_driven_transfer.py:1427:lmcache.v1.multiprocess.modules.lmcache_driven_transfer)[0m
[32;20m[2026-09-20 14:34:29,513] LMCache INFO:[0m Retrieved 384 tokens in 0.005 seconds [3m(lmcache_driven_transfer.py:1427:lmcache.v1.multiprocess.modules.lmcache_driven_transfer)[0m
[32;20m[2026-09-20 14:34:29,593] LMCache INFO:[0m Prefetch request completed (L1+L2): 24/24 retained keys (24 L1, 0 L2) in 1.3 ms (external_request_id=cmpl-aa76299cf8f6961c-0-85029302, prefetch_request_id=-1) [3m(storage_manager.py:716:lmcache.v1.distributed.storage_manager)[0m
[32;20m[2026-09-20 14:34:29,599] LMCache INFO:[0m Retrieved 384 tokens in 0.003 seconds [3m(lmcache_driven_transfer.py:1427:lmcache.v1.multiprocess.modules.lmcache_driven_transfer)[0m
[32;20m[2026-09-20 14:34:29,651] LMCache INFO:[0m Prefetch request completed (L1+L2): 24/24 retained keys (24 L1, 0 L2) in 1.0 ms (external_request_id=cmpl-9b159b2b535e97f8-0-bb8994e5, prefetch_request_id=-1) [3m(storage_manager.py:716:lmcache.v1.distributed.storage_manager)[0m
[32;20m[2026-09-20 14:34:29,656] LMCache INFO:[0m Retrieved 384 tokens in 0.002 seconds [3m(lmcache_driven_transfer.py:1427:lmcache.v1.multiprocess.modules.lmcache_driven_transfer)[0m
[32;20m[2026-09-20 14:34:29,707] LMCache INFO:[0m Prefetch request completed (L1+L2): 24/24 retained keys (24 L1, 0 L2) in 1.2 ms (external_request_id=cmpl-a6d14c536496875c-0-ab3f66c5, prefetch_request_id=-1) [3m(storage_manager.py:716:lmcache.v1.distributed.storage_manager)[0m
[32;20m[2026-09-20 14:34:29,712] LMCache INFO:[0m Retrieved 384 tokens in 0.002 seconds [3m(lmcache_driven_transfer.py:1427:lmcache.v1.multiprocess.modules.lmcache_driven_transfer)[0m
[32;20m[2026-09-20 14:34:29,765] LMCache INFO:[0m Prefetch request completed (L1+L2): 23/23 retained keys (23 L1, 0 L2) in 1.1 ms (external_request_id=cmpl-847bd567d456743f-0-899c1073, prefetch_request_id=-1) [3m(storage_manager.py:716:lmcache.v1.distributed.storage_manager)[0m
[32;20m[2026-09-20 14:34:29,770] LMCache INFO:[0m Retrieved 368 tokens in 0.003 seconds [3m(lmcache_driven_transfer.py:1427:lmcache.v1.multiprocess.modules.lmcache_driven_transfer)[0m
[32;20m[2026-09-20 14:34:29,822] LMCache INFO:[0m Prefetch request completed (L1+L2): 24/24 retained keys (24 L1, 0 L2) in 1.3 ms (external_request_id=cmpl-866bb4b6ab05afb1-0-99458bf8, prefetch_request_id=-1) [3m(storage_manager.py:716:lmcache.v1.distributed.storage_manager)[0m
[32;20m[2026-09-20 14:34:29,827] LMCache INFO:[0m Retrieved 384 tokens in 0.002 seconds [3m(lmcache_driven_transfer.py:1427:lmcache.v1.multiprocess.modules.lmcache_driven_transfer)[0m
[32;20m[2026-09-20 14:34:29,877] LMCache INFO:[0m Prefetch request completed (L1+L2): 24/24 retained keys (24 L1, 0 L2) in 1.0 ms (external_request_id=cmpl-b82852037f1d2127-0-846c5ecb, prefetch_request_id=-1) [3m(storage_manager.py:716:lmcache.v1.distributed.storage_manager)[0m
[32;20m[2026-09-20 14:34:29,881] LMCache INFO:[0m Retrieved 384 tokens in 0.002 seconds [3m(lmcache_driven_transfer.py:1427:lmcache.v1.multiprocess.modules.lmcache_driven_transfer)[0m
[32;20m[2026-09-20 14:34:29,935] LMCache INFO:[0m Prefetch request completed (L1+L2): 24/24 retained keys (24 L1, 0 L2) in 1.0 ms (external_request_id=cmpl-81c2100de6ebbd8b-0-a40590b7, prefetch_request_id=-1) [3m(storage_manager.py:716:lmcache.v1.distributed.storage_manager)[0m
[32;20m[2026-09-20 14:34:29,940] LMCache INFO:[0m Retrieved 384 tokens in 0.002 seconds [3m(lmcache_driven_transfer.py:1427:lmcache.v1.multiprocess.modules.lmcache_driven_transfer)[0m
[32;20m[2026-09-20 14:34:29,993] LMCache INFO:[0m Prefetch request completed (L1+L2): 24/24 retained keys (24 L1, 0 L2) in 1.1 ms (external_request_id=cmpl-a32af3214c471498-0-b248bb8e, prefetch_request_id=-1) [3m(storage_manager.py:716:lmcache.v1.distributed.storage_manager)[0m
[32;20m[2026-09-20 14:34:29,998] LMCache INFO:[0m Retrieved 384 tokens in 0.002 seconds [3m(lmcache_driven_transfer.py:1427:lmcache.v1.multiprocess.modules.lmcache_driven_transfer)[0m
[32;20m[2026-09-20 14:34:30,093] LMCache INFO:[0m Stored 336 tokens in 0.003 seconds [3m(lmcache_driven_transfer.py:1218:lmcache.v1.multiprocess.modules.lmcache_driven_transfer)[0m
[32;20m[2026-09-20 14:34:30,350] LMCache INFO:[0m Prefetch request completed (L1+L2): 24/24 retained keys (24 L1, 0 L2) in 1.5 ms (external_request_id=cmpl-8d822eed3c6244d7-0-a2f7d3e1, prefetch_request_id=-1) [3m(storage_manager.py:716:lmcache.v1.distributed.storage_manager)[0m
[32;20m[2026-09-20 14:34:30,355] LMCache INFO:[0m Retrieved 384 tokens in 0.002 seconds [3m(lmcache_driven_transfer.py:1427:lmcache.v1.multiprocess.modules.lmcache_driven_transfer)[0m
[32;20m[2026-09-20 14:34:30,484] LMCache INFO:[0m Stored 384 tokens in 0.003 seconds [3m(lmcache_driven_transfer.py:1218:lmcache.v1.multiprocess.modules.lmcache_driven_transfer)[0m
[32;20m[2026-09-20 14:34:30,572] LMCache INFO:[0m Stored 384 tokens in 0.003 seconds [3m(lmcache_driven_transfer.py:1218:lmcache.v1.multiprocess.modules.lmcache_driven_transfer)[0m
[32;20m[2026-09-20 14:34:30,663] LMCache INFO:[0m Stored 384 tokens in 0.003 seconds [3m(lmcache_driven_transfer.py:1218:lmcache.v1.multiprocess.modules.lmcache_driven_transfer)[0m
[32;20m[2026-09-20 14:34:30,754] LMCache INFO:[0m Stored 384 tokens in 0.003 seconds [3m(lmcache_driven_transfer.py:1218:lmcache.v1.multiprocess.modules.lmcache_driven_transfer)[0m
[32;20m[2026-09-20 14:34:30,845] LMCache INFO:[0m Stored 384 tokens in 0.003 seconds [3m(lmcache_driven_transfer.py:1218:lmcache.v1.multiprocess.modules.lmcache_driven_transfer)[0m
[32;20m[2026-09-20 14:34:30,891] LMCache INFO:[0m L1 memory usage 0.87 above watermark 0.80; triggering eviction. [3m(eviction_controller.py:179:lmcache.v1.distributed.storage_controllers.eviction_controller)[0m
[32;20m[2026-09-20 14:34:30,944] LMCache INFO:[0m Stored 384 tokens in 0.004 seconds [3m(lmcache_driven_transfer.py:1218:lmcache.v1.multiprocess.modules.lmcache_driven_transfer)[0m
[32;20m[2026-09-20 14:34:31,034] LMCache INFO:[0m Stored 384 tokens in 0.003 seconds [3m(lmcache_driven_transfer.py:1218:lmcache.v1.multiprocess.modules.lmcache_driven_transfer)[0m
[32;20m[2026-09-20 14:34:31,124] LMCache INFO:[0m Stored 384 tokens in 0.003 seconds [3m(lmcache_driven_transfer.py:1218:lmcache.v1.multiprocess.modules.lmcache_driven_transfer)[0m
[32;20m[2026-09-20 14:34:31,221] LMCache INFO:[0m Stored 336 tokens in 0.003 seconds [3m(lmcache_driven_transfer.py:1218:lmcache.v1.multiprocess.modules.lmcache_driven_transfer)[0m
[32;20m[2026-09-20 14:34:31,308] LMCache INFO:[0m Stored 368 tokens in 0.003 seconds [3m(lmcache_driven_transfer.py:1218:lmcache.v1.multiprocess.modules.lmcache_driven_transfer)[0m
[32;20m[2026-09-20 14:34:31,410] LMCache INFO:[0m Stored 384 tokens in 0.003 seconds [3m(lmcache_driven_transfer.py:1218:lmcache.v1.multiprocess.modules.lmcache_driven_transfer)[0m
[32;20m[2026-09-20 14:34:31,455] LMCache INFO:[0m Prefetch request completed (L1+L2): 23/23 retained keys (23 L1, 0 L2) in 2.8 ms (external_request_id=cmpl-bae782e84e6b4795-0-aa02f045, prefetch_request_id=-1) [3m(storage_manager.py:716:lmcache.v1.distributed.storage_manager)[0m
[32;20m[2026-09-20 14:34:31,460] LMCache INFO:[0m Retrieved 368 tokens in 0.002 seconds [3m(lmcache_driven_transfer.py:1427:lmcache.v1.multiprocess.modules.lmcache_driven_transfer)[0m
[32;20m[2026-09-20 14:34:31,589] LMCache INFO:[0m Stored 384 tokens in 0.003 seconds [3m(lmcache_driven_transfer.py:1218:lmcache.v1.multiprocess.modules.lmcache_driven_transfer)[0m
[32;20m[2026-09-20 14:34:31,672] LMCache INFO:[0m Stored 384 tokens in 0.003 seconds [3m(lmcache_driven_transfer.py:1218:lmcache.v1.multiprocess.modules.lmcache_driven_transfer)[0m
[32;20m[2026-09-20 14:34:31,764] LMCache INFO:[0m Stored 384 tokens in 0.003 seconds [3m(lmcache_driven_transfer.py:1218:lmcache.v1.multiprocess.modules.lmcache_driven_transfer)[0m
[32;20m[2026-09-20 14:34:31,862] LMCache INFO:[0m Stored 384 tokens in 0.003 seconds [3m(lmcache_driven_transfer.py:1218:lmcache.v1.multiprocess.modules.lmcache_driven_transfer)[0m
[32;20m[2026-09-20 14:34:31,899] LMCache INFO:[0m L1 memory usage 0.89 above watermark 0.80; triggering eviction. [3m(eviction_controller.py:179:lmcache.v1.distributed.storage_controllers.eviction_controller)[0m
[32;20m[2026-09-20 14:34:31,956] LMCache INFO:[0m Stored 384 tokens in 0.003 seconds [3m(lmcache_driven_transfer.py:1218:lmcache.v1.multiprocess.modules.lmcache_driven_transfer)[0m
[32;20m[2026-09-20 14:34:32,054] LMCache INFO:[0m Stored 384 tokens in 0.003 seconds [3m(lmcache_driven_transfer.py:1218:lmcache.v1.multiprocess.modules.lmcache_driven_transfer)[0m
[32;20m[2026-09-20 14:34:32,145] LMCache INFO:[0m Stored 240 tokens in 0.002 seconds [3m(lmcache_driven_transfer.py:1218:lmcache.v1.multiprocess.modules.lmcache_driven_transfer)[0m
[32;20m[2026-09-20 14:34:32,214] LMCache INFO:[0m Stored 384 tokens in 0.004 seconds [3m(lmcache_driven_transfer.py:1218:lmcache.v1.multiprocess.modules.lmcache_driven_transfer)[0m
[32;20m[2026-09-20 14:34:32,297] LMCache INFO:[0m Stored 384 tokens in 0.003 seconds [3m(lmcache_driven_transfer.py:1218:lmcache.v1.multiprocess.modules.lmcache_driven_transfer)[0m
[32;20m[2026-09-20 14:34:32,395] LMCache INFO:[0m Stored 384 tokens in 0.003 seconds [3m(lmcache_driven_transfer.py:1218:lmcache.v1.multiprocess.modules.lmcache_driven_transfer)[0m
[32;20m[2026-09-20 14:34:32,492] LMCache INFO:[0m Stored 384 tokens in 0.003 seconds [3m(lmcache_driven_transfer.py:1218:lmcache.v1.multiprocess.modules.lmcache_driven_transfer)[0m
[32;20m[2026-09-20 14:34:32,532] LMCache INFO:[0m Prefetch request completed (L1+L2): 24/24 retained keys (24 L1, 0 L2) in 3.3 ms (external_request_id=cmpl-90ba3dc9e2d071c6-0-91a66e52, prefetch_request_id=-1) [3m(storage_manager.py:716:lmcache.v1.distributed.storage_manager)[0m
[32;20m[2026-09-20 14:34:32,537] LMCache INFO:[0m Retrieved 384 tokens in 0.002 seconds [3m(lmcache_driven_transfer.py:1427:lmcache.v1.multiprocess.modules.lmcache_driven_transfer)[0m
[32;20m[2026-09-20 14:34:32,666] LMCache INFO:[0m Stored 384 tokens in 0.003 seconds [3m(lmcache_driven_transfer.py:1218:lmcache.v1.multiprocess.modules.lmcache_driven_transfer)[0m
[32;20m[2026-09-20 14:34:32,749] LMCache INFO:[0m Stored 384 tokens in 0.003 seconds [3m(lmcache_driven_transfer.py:1218:lmcache.v1.multiprocess.modules.lmcache_driven_transfer)[0m
[32;20m[2026-09-20 14:34:32,846] LMCache INFO:[0m Stored 384 tokens in 0.003 seconds [3m(lmcache_driven_transfer.py:1218:lmcache.v1.multiprocess.modules.lmcache_driven_transfer)[0m
[32;20m[2026-09-20 14:34:32,909] LMCache INFO:[0m L1 memory usage 0.92 above watermark 0.80; triggering eviction. [3m(eviction_controller.py:179:lmcache.v1.distributed.storage_controllers.eviction_controller)[0m
[32;20m[2026-09-20 14:34:32,945] LMCache INFO:[0m Stored 368 tokens in 0.003 seconds [3m(lmcache_driven_transfer.py:1218:lmcache.v1.multiprocess.modules.lmcache_driven_transfer)[0m
[32;20m[2026-09-20 14:34:33,032] LMCache INFO:[0m Stored 384 tokens in 0.003 seconds [3m(lmcache_driven_transfer.py:1218:lmcache.v1.multiprocess.modules.lmcache_driven_transfer)[0m
[32;20m[2026-09-20 14:34:33,123] LMCache INFO:[0m Stored 384 tokens in 0.003 seconds [3m(lmcache_driven_transfer.py:1218:lmcache.v1.multiprocess.modules.lmcache_driven_transfer)[0m
[32;20m[2026-09-20 14:34:33,217] LMCache INFO:[0m Stored 384 tokens in 0.003 seconds [3m(lmcache_driven_transfer.py:1218:lmcache.v1.multiprocess.modules.lmcache_driven_transfer)[0m
[32;20m[2026-09-20 14:34:33,309] LMCache INFO:[0m Stored 384 tokens in 0.003 seconds [3m(lmcache_driven_transfer.py:1218:lmcache.v1.multiprocess.modules.lmcache_driven_transfer)[0m
[32;20m[2026-09-20 14:34:33,405] LMCache INFO:[0m Stored 176 tokens in 0.002 seconds [3m(lmcache_driven_transfer.py:1218:lmcache.v1.multiprocess.modules.lmcache_driven_transfer)[0m
[32;20m[2026-09-20 14:34:33,459] LMCache INFO:[0m Stored 384 tokens in 0.003 seconds [3m(lmcache_driven_transfer.py:1218:lmcache.v1.multiprocess.modules.lmcache_driven_transfer)[0m
[32;20m[2026-09-20 14:34:33,551] LMCache INFO:[0m Stored 384 tokens in 0.003 seconds [3m(lmcache_driven_transfer.py:1218:lmcache.v1.multiprocess.modules.lmcache_driven_transfer)[0m
[32;20m[2026-09-20 14:34:33,680] LMCache INFO:[0m Stored 384 tokens in 0.003 seconds [3m(lmcache_driven_transfer.py:1218:lmcache.v1.multiprocess.modules.lmcache_driven_transfer)[0m
[32;20m[2026-09-20 14:34:33,762] LMCache INFO:[0m Stored 384 tokens in 0.003 seconds [3m(lmcache_driven_transfer.py:1218:lmcache.v1.multiprocess.modules.lmcache_driven_transfer)[0m
[32;20m[2026-09-20 14:34:33,860] LMCache INFO:[0m Stored 384 tokens in 0.007 seconds [3m(lmcache_driven_transfer.py:1218:lmcache.v1.multiprocess.modules.lmcache_driven_transfer)[0m
[32;20m[2026-09-20 14:34:33,919] LMCache INFO:[0m L1 memory usage 0.95 above watermark 0.80; triggering eviction. [3m(eviction_controller.py:179:lmcache.v1.distributed.storage_controllers.eviction_controller)[0m
[32;20m[2026-09-20 14:34:33,953] LMCache INFO:[0m Stored 384 tokens in 0.003 seconds [3m(lmcache_driven_transfer.py:1218:lmcache.v1.multiprocess.modules.lmcache_driven_transfer)[0m
[32;20m[2026-09-20 14:34:34,051] LMCache INFO:[0m Stored 368 tokens in 0.003 seconds [3m(lmcache_driven_transfer.py:1218:lmcache.v1.multiprocess.modules.lmcache_driven_transfer)[0m
[32;20m[2026-09-20 14:34:34,143] LMCache INFO:[0m Stored 384 tokens in 0.003 seconds [3m(lmcache_driven_transfer.py:1218:lmcache.v1.multiprocess.modules.lmcache_driven_transfer)[0m
[32;20m[2026-09-20 14:34:34,234] LMCache INFO:[0m Stored 384 tokens in 0.003 seconds [3m(lmcache_driven_transfer.py:1218:lmcache.v1.multiprocess.modules.lmcache_driven_transfer)[0m
[32;20m[2026-09-20 14:34:34,346] LMCache INFO:[0m Stored 384 tokens in 0.003 seconds [3m(lmcache_driven_transfer.py:1218:lmcache.v1.multiprocess.modules.lmcache_driven_transfer)[0m
[32;20m[2026-09-20 14:34:34,422] LMCache INFO:[0m Stored 384 tokens in 0.003 seconds [3m(lmcache_driven_transfer.py:1218:lmcache.v1.multiprocess.modules.lmcache_driven_transfer)[0m
[32;20m[2026-09-20 14:34:34,519] LMCache INFO:[0m Stored 368 tokens in 0.003 seconds [3m(lmcache_driven_transfer.py:1218:lmcache.v1.multiprocess.modules.lmcache_driven_transfer)[0m
[32;20m[2026-09-20 14:34:34,558] LMCache INFO:[0m Prefetch request completed (L1+L2): 24/24 retained keys (24 L1, 0 L2) in 1.3 ms (external_request_id=cmpl-996b70f6f95d343a-0-ae61b1cf, prefetch_request_id=-1) [3m(storage_manager.py:716:lmcache.v1.distributed.storage_manager)[0m
[32;20m[2026-09-20 14:34:34,565] LMCache INFO:[0m Retrieved 384 tokens in 0.002 seconds [3m(lmcache_driven_transfer.py:1427:lmcache.v1.multiprocess.modules.lmcache_driven_transfer)[0m
[32;20m[2026-09-20 14:34:34,693] LMCache INFO:[0m Stored 384 tokens in 0.003 seconds [3m(lmcache_driven_transfer.py:1218:lmcache.v1.multiprocess.modules.lmcache_driven_transfer)[0m
[32;20m[2026-09-20 14:34:34,771] LMCache INFO:[0m Stored 384 tokens in 0.003 seconds [3m(lmcache_driven_transfer.py:1218:lmcache.v1.multiprocess.modules.lmcache_driven_transfer)[0m
[32;20m[2026-09-20 14:34:34,865] LMCache INFO:[0m Stored 384 tokens in 0.003 seconds [3m(lmcache_driven_transfer.py:1218:lmcache.v1.multiprocess.modules.lmcache_driven_transfer)[0m
[32;20m[2026-09-20 14:34:34,928] LMCache INFO:[0m L1 memory usage 0.96 above watermark 0.80; triggering eviction. [3m(eviction_controller.py:179:lmcache.v1.distributed.storage_controllers.eviction_controller)[0m
[32;20m[2026-09-20 14:34:34,962] LMCache INFO:[0m Stored 384 tokens in 0.003 seconds [3m(lmcache_driven_transfer.py:1218:lmcache.v1.multiprocess.modules.lmcache_driven_transfer)[0m
[32;20m[2026-09-20 14:34:35,050] LMCache INFO:[0m Stored 384 tokens in 0.003 seconds [3m(lmcache_driven_transfer.py:1218:lmcache.v1.multiprocess.modules.lmcache_driven_transfer)[0m
[32;20m[2026-09-20 14:34:35,140] LMCache INFO:[0m Stored 384 tokens in 0.003 seconds [3m(lmcache_driven_transfer.py:1218:lmcache.v1.multiprocess.modules.lmcache_driven_transfer)[0m
[32;20m[2026-09-20 14:34:35,235] LMCache INFO:[0m Stored 336 tokens in 0.003 seconds [3m(lmcache_driven_transfer.py:1218:lmcache.v1.multiprocess.modules.lmcache_driven_transfer)[0m
[32;20m[2026-09-20 14:34:35,326] LMCache INFO:[0m Stored 384 tokens in 0.003 seconds [3m(lmcache_driven_transfer.py:1218:lmcache.v1.multiprocess.modules.lmcache_driven_transfer)[0m
[32;20m[2026-09-20 14:34:35,418] LMCache INFO:[0m Stored 384 tokens in 0.003 seconds [3m(lmcache_driven_transfer.py:1218:lmcache.v1.multiprocess.modules.lmcache_driven_transfer)[0m
[32;20m[2026-09-20 14:34:35,513] LMCache INFO:[0m Stored 384 tokens in 0.004 seconds [3m(lmcache_driven_transfer.py:1218:lmcache.v1.multiprocess.modules.lmcache_driven_transfer)[0m
[32;20m[2026-09-20 14:34:35,603] LMCache INFO:[0m Stored 384 tokens in 0.003 seconds [3m(lmcache_driven_transfer.py:1218:lmcache.v1.multiprocess.modules.lmcache_driven_transfer)[0m
[32;20m[2026-09-20 14:34:35,644] LMCache INFO:[0m Prefetch request completed (L1+L2): 24/24 retained keys (24 L1, 0 L2) in 1.3 ms (external_request_id=cmpl-96ee2fd652f5c430-0-887e4f4f, prefetch_request_id=-1) [3m(storage_manager.py:716:lmcache.v1.distributed.storage_manager)[0m
[32;20m[2026-09-20 14:34:35,650] LMCache INFO:[0m Retrieved 384 tokens in 0.002 seconds [3m(lmcache_driven_transfer.py:1427:lmcache.v1.multiprocess.modules.lmcache_driven_transfer)[0m
[32;20m[2026-09-20 14:34:35,787] LMCache INFO:[0m Stored 384 tokens in 0.004 seconds [3m(lmcache_driven_transfer.py:1218:lmcache.v1.multiprocess.modules.lmcache_driven_transfer)[0m
[32;20m[2026-09-20 14:34:35,791] LMCache INFO:[0m Stored 384 tokens in 0.003 seconds [3m(lmcache_driven_transfer.py:1218:lmcache.v1.multiprocess.modules.lmcache_driven_transfer)[0m
[32;20m[2026-09-20 14:34:35,938] LMCache INFO:[0m L1 memory usage 0.97 above watermark 0.80; triggering eviction. [3m(eviction_controller.py:179:lmcache.v1.distributed.storage_controllers.eviction_controller)[0m
[32;20m[2026-09-20 14:34:35,949] LMCache INFO:[0m Stored 384 tokens in 0.004 seconds [3m(lmcache_driven_transfer.py:1218:lmcache.v1.multiprocess.modules.lmcache_driven_transfer)[0m
[32;20m[2026-09-20 14:34:36,032] LMCache INFO:[0m Stored 384 tokens in 0.003 seconds [3m(lmcache_driven_transfer.py:1218:lmcache.v1.multiprocess.modules.lmcache_driven_transfer)[0m
[32;20m[2026-09-20 14:34:36,125] LMCache INFO:[0m Stored 320 tokens in 0.003 seconds [3m(lmcache_driven_transfer.py:1218:lmcache.v1.multiprocess.modules.lmcache_driven_transfer)[0m
[32;20m[2026-09-20 14:34:36,209] LMCache INFO:[0m Stored 384 tokens in 0.003 seconds [3m(lmcache_driven_transfer.py:1218:lmcache.v1.multiprocess.modules.lmcache_driven_transfer)[0m
[32;20m[2026-09-20 14:34:36,303] LMCache INFO:[0m Stored 384 tokens in 0.003 seconds [3m(lmcache_driven_transfer.py:1218:lmcache.v1.multiprocess.modules.lmcache_driven_transfer)[0m
[32;20m[2026-09-20 14:34:36,399] LMCache INFO:[0m Stored 384 tokens in 0.003 seconds [3m(lmcache_driven_transfer.py:1218:lmcache.v1.multiprocess.modules.lmcache_driven_transfer)[0m
[32;20m[2026-09-20 14:34:36,495] LMCache INFO:[0m Stored 368 tokens in 0.003 seconds [3m(lmcache_driven_transfer.py:1218:lmcache.v1.multiprocess.modules.lmcache_driven_transfer)[0m
[32;20m[2026-09-20 14:34:36,587] LMCache INFO:[0m Stored 368 tokens in 0.003 seconds [3m(lmcache_driven_transfer.py:1218:lmcache.v1.multiprocess.modules.lmcache_driven_transfer)[0m
[32;20m[2026-09-20 14:34:36,641] LMCache INFO:[0m Prefetch request completed (L1+L2): 24/24 retained keys (24 L1, 0 L2) in 0.9 ms (external_request_id=cmpl-8d41c7ea19ec7a9d-0-886e94d2, prefetch_request_id=-1) [3m(storage_manager.py:716:lmcache.v1.distributed.storage_manager)[0m
[32;20m[2026-09-20 14:34:36,646] LMCache INFO:[0m Retrieved 384 tokens in 0.003 seconds [3m(lmcache_driven_transfer.py:1427:lmcache.v1.multiprocess.modules.lmcache_driven_transfer)[0m
[32;20m[2026-09-20 14:34:36,653] LMCache INFO:[0m Prefetch request completed (L1+L2): 20/20 retained keys (20 L1, 0 L2) in 0.9 ms (external_request_id=cmpl-938e1abf33224f5e-0-94f36413, prefetch_request_id=-1) [3m(storage_manager.py:716:lmcache.v1.distributed.storage_manager)[0m
[32;20m[2026-09-20 14:34:36,660] LMCache INFO:[0m Retrieved 320 tokens in 0.002 seconds [3m(lmcache_driven_transfer.py:1427:lmcache.v1.multiprocess.modules.lmcache_driven_transfer)[0m
[32;20m[2026-09-20 14:34:36,824] LMCache INFO:[0m Stored 384 tokens in 0.003 seconds [3m(lmcache_driven_transfer.py:1218:lmcache.v1.multiprocess.modules.lmcache_driven_transfer)[0m
[32;20m[2026-09-20 14:34:36,860] LMCache INFO:[0m L0<->L1 stats [cuda:0] last 10.0s: store ops=84 tokens=31104 size=0.89GB avg_copy=7.31GB/s | retrieve ops=30 tokens=11424 size=0.33GB avg_copy=3.79GB/s [3m(extra_stats.py:159:lmcache.v1.mp_observability.subscribers.logging.extra_stats)[0m
[32;20m[2026-09-20 14:34:36,860] LMCache INFO:[0m L0<->L1 stats [cuda:0] cumulative: store ops=856 tokens=317568 size=9.11GB avg_copy=6.04GB/s | retrieve ops=272 tokens=102688 size=2.94GB avg_copy=3.86GB/s [3m(extra_stats.py:168:lmcache.v1.mp_observability.subscribers.logging.extra_stats)[0m
[32;20m[2026-09-20 14:34:36,906] LMCache INFO:[0m Stored 384 tokens in 0.003 seconds [3m(lmcache_driven_transfer.py:1218:lmcache.v1.multiprocess.modules.lmcache_driven_transfer)[0m
[32;20m[2026-09-20 14:34:36,947] LMCache INFO:[0m L1 memory usage: 0.49/0.50 GiB (97.8%) [3m(eviction_controller.py:153:lmcache.v1.distributed.storage_controllers.eviction_controller)[0m
[32;20m[2026-09-20 14:34:36,948] LMCache INFO:[0m L1 memory usage 0.98 above watermark 0.80; triggering eviction. [3m(eviction_controller.py:179:lmcache.v1.distributed.storage_controllers.eviction_controller)[0m
[32;20m[2026-09-20 14:34:37,005] LMCache INFO:[0m Stored 384 tokens in 0.003 seconds [3m(lmcache_driven_transfer.py:1218:lmcache.v1.multiprocess.modules.lmcache_driven_transfer)[0m
[32;20m[2026-09-20 14:34:37,101] LMCache INFO:[0m Stored 384 tokens in 0.003 seconds [3m(lmcache_driven_transfer.py:1218:lmcache.v1.multiprocess.modules.lmcache_driven_transfer)[0m
[32;20m[2026-09-20 14:34:37,191] LMCache INFO:[0m Stored 384 tokens in 0.003 seconds [3m(lmcache_driven_transfer.py:1218:lmcache.v1.multiprocess.modules.lmcache_driven_transfer)[0m
[32;20m[2026-09-20 14:34:37,286] LMCache INFO:[0m Stored 368 tokens in 0.004 seconds [3m(lmcache_driven_transfer.py:1218:lmcache.v1.multiprocess.modules.lmcache_driven_transfer)[0m
[32;20m[2026-09-20 14:34:37,379] LMCache INFO:[0m Stored 384 tokens in 0.003 seconds [3m(lmcache_driven_transfer.py:1218:lmcache.v1.multiprocess.modules.lmcache_driven_transfer)[0m
[32;20m[2026-09-20 14:34:37,471] LMCache INFO:[0m Stored 384 tokens in 0.003 seconds [3m(lmcache_driven_transfer.py:1218:lmcache.v1.multiprocess.modules.lmcache_driven_transfer)[0m
[32;20m[2026-09-20 14:34:37,566] LMCache INFO:[0m Stored 384 tokens in 0.003 seconds [3m(lmcache_driven_transfer.py:1218:lmcache.v1.multiprocess.modules.lmcache_driven_transfer)[0m
[32;20m[2026-09-20 14:34:37,663] LMCache INFO:[0m Stored 336 tokens in 0.003 seconds [3m(lmcache_driven_transfer.py:1218:lmcache.v1.multiprocess.modules.lmcache_driven_transfer)[0m
[32;20m[2026-09-20 14:34:37,751] LMCache INFO:[0m Stored 384 tokens in 0.003 seconds [3m(lmcache_driven_transfer.py:1218:lmcache.v1.multiprocess.modules.lmcache_driven_transfer)[0m
[32;20m[2026-09-20 14:34:37,798] LMCache INFO:[0m Prefetch request completed (L1+L2): 24/24 retained keys (24 L1, 0 L2) in 1.6 ms (external_request_id=cmpl-8d2af5a188fab96b-0-add0b026, prefetch_request_id=-1) [3m(storage_manager.py:716:lmcache.v1.distributed.storage_manager)[0m
[32;20m[2026-09-20 14:34:37,804] LMCache INFO:[0m Retrieved 384 tokens in 0.002 seconds [3m(lmcache_driven_transfer.py:1427:lmcache.v1.multiprocess.modules.lmcache_driven_transfer)[0m
[32;20m[2026-09-20 14:34:37,958] LMCache INFO:[0m Unregistered KV cache for GPU ID 2129236131553430942 [3m(lmcache_driven_transfer.py:991:lmcache.v1.multiprocess.modules.lmcache_driven_transfer)[0m
[32;20m[2026-09-20 14:34:37,959] LMCache INFO:[0m L1 memory usage 0.97 above watermark 0.80; triggering eviction. [3m(eviction_controller.py:179:lmcache.v1.distributed.storage_controllers.eviction_controller)[0m
INFO:     Shutting down
INFO:     Waiting for application shutdown.
[32;20m[2026-09-20 14:34:38,084] LMCache INFO:[0m Shutting down LMCache HTTP server... [3m(http_server.py:168:lmcache.v1.multiprocess.http_server)[0m
[32;20m[2026-09-20 14:34:38,960] LMCache INFO:[0m Stopping PeriodicThread: lmcache-mp-worker-reaper [3m(periodic_thread.py:267:lmcache.v1.periodic_thread)[0m
[32;20m[2026-09-20 14:34:38,961] LMCache INFO:[0m PeriodicThread lmcache-mp-worker-reaper loop stopped [3m(periodic_thread.py:371:lmcache.v1.periodic_thread)[0m
[32;20m[2026-09-20 14:34:38,961] LMCache INFO:[0m Stopping PeriodicThread: DeviceHostFuncDispatcher [3m(periodic_thread.py:267:lmcache.v1.periodic_thread)[0m
[32;20m[2026-09-20 14:34:38,961] LMCache INFO:[0m PeriodicThread DeviceHostFuncDispatcher loop stopped [3m(periodic_thread.py:371:lmcache.v1.periodic_thread)[0m
[32;20m[2026-09-20 14:34:38,961] LMCache INFO:[0m Stopping PeriodicThread: SessionManager-cleanup-thread-7a80afb22510 [3m(periodic_thread.py:267:lmcache.v1.periodic_thread)[0m
[32;20m[2026-09-20 14:34:38,961] LMCache INFO:[0m PeriodicThread SessionManager-cleanup-thread-7a80afb22510 loop stopped [3m(periodic_thread.py:371:lmcache.v1.periodic_thread)[0m
[32;20m[2026-09-20 14:34:39,290] LMCache INFO:[0m MPCacheServer closed [3m(server.py:126:lmcache.v1.multiprocess.server)[0m
[32;20m[2026-09-20 14:34:39,290] LMCache INFO:[0m LMCache HTTP server stopped [3m(http_server.py:186:lmcache.v1.multiprocess.http_server)[0m
INFO:     Application shutdown complete.
INFO:     Finished server process [7508]
