model_name,gpu_name,seed,dataset,config_k,config_cap,run,type,cold_ms,cosine_ms,graph_ms,lru_sim_hit,cos_sim_hit,grp_sim_hit,cold_n_tokens,cosine_n_tokens,graph_n_tokens,flops_saved_cosine,flops_saved_graph,embed_time_s,graph_build_time_s
google/gemma-3-1b-it,NVIDIA GeForce RTX 5060 Ti,42,HotpotQA,3,16,0,structural,65.7998,52.6624,22.9659,0,0,0,102,358,358,67194847232,67194847232,8.157,0.018
google/gemma-3-1b-it,NVIDIA GeForce RTX 5060 Ti,42,HotpotQA,3,16,1,multi-hop,25.1029,0.0,0.0,0,1,1,35,270,288,38220595200,43486543872,8.157,0.018
google/gemma-3-1b-it,NVIDIA GeForce RTX 5060 Ti,42,HotpotQA,3,16,2,multi-hop,53.2972,0.0,0.0,0,1,1,104,335,331,58838220800,57441517568,8.157,0.018
google/gemma-3-1b-it,NVIDIA GeForce RTX 5060 Ti,42,HotpotQA,3,16,3,semantic,30.2802,0.0,0.0,0,1,1,129,385,385,77712588800,77712588800,8.157,0.018
google/gemma-3-1b-it,NVIDIA GeForce RTX 5060 Ti,42,HotpotQA,3,16,4,structural,23.3487,27.975,23.5546,0,0,0,124,350,380,64225280000,75707187200,8.157,0.018
google/gemma-3-1b-it,NVIDIA GeForce RTX 5060 Ti,42,HotpotQA,3,16,5,multi-hop,28.1849,0.0,0.0,0,1,1,96,352,352,64961380352,64961380352,8.157,0.018
google/gemma-3-1b-it,NVIDIA GeForce RTX 5060 Ti,42,HotpotQA,3,16,6,structural,71.8085,72.8715,30.2545,0,0,0,82,314,324,51692699648,55037657088,8.157,0.018
google/gemma-3-1b-it,NVIDIA GeForce RTX 5060 Ti,42,HotpotQA,3,16,7,multi-hop,25.9301,77.6534,23.1119,0,0,0,71,327,327,56061591552,56061591552,8.157,0.018
google/gemma-3-1b-it,NVIDIA GeForce RTX 5060 Ti,42,HotpotQA,3,16,8,multi-hop,30.2071,0.0,0.0,0,1,1,76,332,284,57789120512,42286972928,8.157,0.018
google/gemma-3-1b-it,NVIDIA GeForce RTX 5060 Ti,42,HotpotQA,3,16,9,structural,26.5799,73.8941,0.0,0,0,1,93,349,349,63858802688,63858802688,8.157,0.018
google/gemma-3-1b-it,NVIDIA GeForce RTX 5060 Ti,42,HotpotQA,3,16,10,multi-hop,23.7149,0.0,25.5366,0,1,0,12,62,268,2015363072,37656461312,8.157,0.018
google/gemma-3-1b-it,NVIDIA GeForce RTX 5060 Ti,42,HotpotQA,3,16,11,semantic,27.8046,0.0,22.5124,0,1,0,81,337,337,59542863872,59542863872,8.157,0.018
google/gemma-3-1b-it,NVIDIA GeForce RTX 5060 Ti,42,HotpotQA,3,16,12,semantic,24.5151,0.0,31.4376,0,1,0,49,173,247,15691415552,31986286592,8.157,0.018
google/gemma-3-1b-it,NVIDIA GeForce RTX 5060 Ti,42,HotpotQA,3,16,13,semantic,76.7124,0.0,0.0,0,1,1,40,294,294,45317357568,45317357568,8.157,0.018
google/gemma-3-1b-it,NVIDIA GeForce RTX 5060 Ti,42,HotpotQA,3,16,14,multi-hop,33.2578,0.0,23.8069,0,1,0,24,183,280,17557880832,41104179200,8.157,0.018
google/gemma-3-1b-it,NVIDIA GeForce RTX 5060 Ti,42,HotpotQA,3,16,15,structural,31.3992,0.0,0.0,0,1,1,127,383,383,76907282432,76907282432,8.157,0.018
google/gemma-3-1b-it,NVIDIA GeForce RTX 5060 Ti,42,HotpotQA,3,16,16,structural,25.7443,0.0,0.0,0,1,1,96,352,352,64961380352,64961380352,8.157,0.018
google/gemma-3-1b-it,NVIDIA GeForce RTX 5060 Ti,42,HotpotQA,3,16,17,semantic,79.2319,0.0,0.0,0,1,1,2,12,23,75497472,277348352,8.157,0.018
google/gemma-3-1b-it,NVIDIA GeForce RTX 5060 Ti,42,HotpotQA,3,16,18,semantic,64.099,0.0,78.3848,0,1,0,126,382,382,76506202112,76506202112,8.157,0.018
google/gemma-3-1b-it,NVIDIA GeForce RTX 5060 Ti,42,HotpotQA,3,16,19,multi-hop,84.5777,28.9606,84.9134,0,0,0,60,316,316,52353302528,52353302528,8.157,0.018
google/gemma-3-1b-it,NVIDIA GeForce RTX 5060 Ti,42,HotpotQA,3,16,20,multi-hop,78.1654,30.6085,31.243,0,0,0,120,373,376,72943665152,74121740288,8.157,0.018
google/gemma-3-1b-it,NVIDIA GeForce RTX 5060 Ti,42,HotpotQA,3,16,21,multi-hop,26.102,0.0,25.7008,0,1,0,85,337,334,59542863872,58487472128,8.157,0.018
google/gemma-3-1b-it,NVIDIA GeForce RTX 5060 Ti,42,HotpotQA,3,16,22,structural,34.3991,0.0,0.0,0,1,1,88,341,314,60964732928,51692699648,8.157,0.018
google/gemma-3-1b-it,NVIDIA GeForce RTX 5060 Ti,42,HotpotQA,3,16,23,semantic,81.1582,0.0,0.0,0,1,1,72,325,306,55377920000,49092231168,8.157,0.018
google/gemma-3-1b-it,NVIDIA GeForce RTX 5060 Ti,42,HotpotQA,3,16,24,semantic,24.7876,0.0,73.7186,0,1,0,127,383,383,76907282432,76907282432,8.157,0.018
google/gemma-3-1b-it,NVIDIA GeForce RTX 5060 Ti,42,HotpotQA,3,16,25,multi-hop,26.5809,0.0,0.0,0,1,1,26,282,282,41693478912,41693478912,8.157,0.018
google/gemma-3-1b-it,NVIDIA GeForce RTX 5060 Ti,42,HotpotQA,3,16,26,multi-hop,65.3498,0.0,32.1341,0,1,0,82,338,213,59896758272,23786422272,8.157,0.018
google/gemma-3-1b-it,NVIDIA GeForce RTX 5060 Ti,42,HotpotQA,3,16,27,multi-hop,25.7005,89.2875,0.0,0,0,1,122,378,358,74912366592,67194847232,8.157,0.018
google/gemma-3-1b-it,NVIDIA GeForce RTX 5060 Ti,42,HotpotQA,3,16,28,semantic,80.6807,0.0,26.1478,0,1,0,75,331,331,57441517568,57441517568,8.157,0.018
google/gemma-3-1b-it,NVIDIA GeForce RTX 5060 Ti,42,HotpotQA,3,16,29,structural,67.9298,23.5357,37.1722,0,0,0,75,287,331,43185078272,57441517568,8.157,0.018
google/gemma-3-1b-it,NVIDIA GeForce RTX 5060 Ti,42,HotpotQA,3,16,30,multi-hop,28.1312,0.0,22.2477,0,1,0,14,247,262,31986286592,35989225472,8.157,0.018
google/gemma-3-1b-it,NVIDIA GeForce RTX 5060 Ti,42,HotpotQA,3,16,31,multi-hop,34.802,0.0,76.5712,0,1,0,91,321,328,54023159808,56405000192,8.157,0.018
google/gemma-3-1b-it,NVIDIA GeForce RTX 5060 Ti,42,HotpotQA,3,16,32,semantic,25.4413,0.0,0.0,0,1,1,119,375,375,73728000000,73728000000,8.157,0.018
google/gemma-3-1b-it,NVIDIA GeForce RTX 5060 Ti,42,HotpotQA,3,16,33,structural,37.0076,24.1374,75.9258,0,0,0,87,270,270,38220595200,38220595200,8.157,0.018
google/gemma-3-1b-it,NVIDIA GeForce RTX 5060 Ti,42,HotpotQA,3,16,34,structural,45.2089,60.168,61.121,0,0,0,96,352,352,64961380352,64961380352,8.157,0.018
google/gemma-3-1b-it,NVIDIA GeForce RTX 5060 Ti,42,HotpotQA,3,16,35,semantic,0.0,0.0,58.9683,1,1,0,14,247,262,31986286592,35989225472,8.157,0.018
google/gemma-3-1b-it,NVIDIA GeForce RTX 5060 Ti,42,HotpotQA,3,16,36,structural,76.3668,25.049,79.2698,0,0,0,100,349,356,63858802688,66446163968,8.157,0.018
google/gemma-3-1b-it,NVIDIA GeForce RTX 5060 Ti,42,HotpotQA,3,16,37,multi-hop,72.0332,0.0,0.0,0,1,1,81,321,337,54023159808,59542863872,8.157,0.018
google/gemma-3-1b-it,NVIDIA GeForce RTX 5060 Ti,42,HotpotQA,3,16,38,multi-hop,62.6947,81.1694,26.345,0,0,0,109,365,365,69848268800,69848268800,8.157,0.018
google/gemma-3-1b-it,NVIDIA GeForce RTX 5060 Ti,42,HotpotQA,3,16,39,multi-hop,75.3419,68.3099,89.749,0,0,0,81,337,337,59542863872,59542863872,8.157,0.018
google/gemma-3-1b-it,NVIDIA GeForce RTX 5060 Ti,42,HotpotQA,3,16,40,semantic,76.8931,0.0,72.2612,0,1,0,96,352,352,64961380352,64961380352,8.157,0.018
google/gemma-3-1b-it,NVIDIA GeForce RTX 5060 Ti,42,HotpotQA,3,16,41,multi-hop,50.1705,91.1094,0.0,0,0,1,95,301,306,47501017088,49092231168,8.157,0.018
google/gemma-3-1b-it,NVIDIA GeForce RTX 5060 Ti,42,HotpotQA,3,16,42,semantic,61.27,0.0,66.1885,0,1,0,102,358,358,67194847232,67194847232,8.157,0.018
google/gemma-3-1b-it,NVIDIA GeForce RTX 5060 Ti,42,HotpotQA,3,16,43,semantic,92.314,0.0,0.0,0,1,1,84,296,297,45936017408,46246920192,8.157,0.018
google/gemma-3-1b-it,NVIDIA GeForce RTX 5060 Ti,42,HotpotQA,3,16,44,multi-hop,33.2651,69.9291,54.511,0,0,0,95,328,264,56405000192,36540776448,8.157,0.018
google/gemma-3-1b-it,NVIDIA GeForce RTX 5060 Ti,42,HotpotQA,3,16,45,structural,32.2783,82.7216,40.9929,0,0,0,93,349,349,63858802688,63858802688,8.157,0.018
google/gemma-3-1b-it,NVIDIA GeForce RTX 5060 Ti,42,HotpotQA,3,16,46,structural,64.5978,0.0,0.0,0,1,1,127,383,383,76907282432,76907282432,8.157,0.018
google/gemma-3-1b-it,NVIDIA GeForce RTX 5060 Ti,42,HotpotQA,3,16,47,semantic,0.0,0.0,0.0,1,1,1,9,265,265,36818124800,36818124800,8.157,0.018
google/gemma-3-1b-it,NVIDIA GeForce RTX 5060 Ti,42,HotpotQA,3,16,48,multi-hop,0.0,0.0,64.4299,1,1,0,108,364,364,69466062848,69466062848,8.157,0.018
google/gemma-3-1b-it,NVIDIA GeForce RTX 5060 Ti,42,HotpotQA,3,16,49,structural,95.5147,0.0,0.0,0,1,1,7,263,263,36264476672,36264476672,8.157,0.018
google/gemma-3-1b-it,NVIDIA GeForce RTX 5060 Ti,42,HotpotQA,3,16,50,multi-hop,68.7245,0.0,31.8799,0,1,0,69,287,174,43185078272,15873343488,8.157,0.018
google/gemma-3-1b-it,NVIDIA GeForce RTX 5060 Ti,42,HotpotQA,3,16,51,structural,29.8703,29.2206,41.4987,0,0,0,69,325,325,55377920000,55377920000,8.157,0.018
google/gemma-3-1b-it,NVIDIA GeForce RTX 5060 Ti,42,HotpotQA,3,16,52,semantic,34.2899,0.0,0.0,0,1,1,68,324,324,55037657088,55037657088,8.157,0.018
google/gemma-3-1b-it,NVIDIA GeForce RTX 5060 Ti,42,HotpotQA,3,16,53,structural,70.2693,33.2924,71.8528,0,0,0,10,138,266,9984540672,37096521728,8.157,0.018
google/gemma-3-1b-it,NVIDIA GeForce RTX 5060 Ti,42,HotpotQA,3,16,54,structural,70.6788,57.4394,55.8406,0,0,0,108,364,364,69466062848,69466062848,8.157,0.018
google/gemma-3-1b-it,NVIDIA GeForce RTX 5060 Ti,42,HotpotQA,3,16,55,semantic,49.416,40.3036,28.2539,0,0,0,125,340,340,60607692800,60607692800,8.157,0.018
google/gemma-3-1b-it,NVIDIA GeForce RTX 5060 Ti,42,HotpotQA,3,16,56,multi-hop,48.8102,0.0,56.3355,0,1,0,109,365,365,69848268800,69848268800,8.157,0.018
google/gemma-3-1b-it,NVIDIA GeForce RTX 5060 Ti,42,HotpotQA,3,16,57,structural,46.6783,41.1941,33.2917,0,0,0,37,293,264,45009600512,36540776448,8.157,0.018
google/gemma-3-1b-it,NVIDIA GeForce RTX 5060 Ti,42,HotpotQA,3,16,58,multi-hop,38.7328,0.0,47.598,0,1,0,87,316,305,52353302528,48771891200,8.157,0.018
google/gemma-3-1b-it,NVIDIA GeForce RTX 5060 Ti,42,HotpotQA,3,16,59,semantic,36.253,0.0,0.0,0,1,1,14,171,77,15330705408,3108503552,8.157,0.018
google/gemma-3-1b-it,NVIDIA GeForce RTX 5060 Ti,42,HotpotQA,3,16,60,semantic,39.3653,0.0,0.0,0,1,1,3,100,134,5242880000,9414115328,8.157,0.018
google/gemma-3-1b-it,NVIDIA GeForce RTX 5060 Ti,42,HotpotQA,3,16,61,structural,29.1003,0.0,0.0,0,1,1,112,362,368,68704796672,71001178112,8.157,0.018
google/gemma-3-1b-it,NVIDIA GeForce RTX 5060 Ti,42,HotpotQA,3,16,62,semantic,42.5757,0.0,49.5243,0,1,0,99,351,355,64592805888,66073395200,8.157,0.018
google/gemma-3-1b-it,NVIDIA GeForce RTX 5060 Ti,42,HotpotQA,3,16,63,multi-hop,59.0411,39.2954,43.4553,0,0,0,115,371,371,72163524608,72163524608,8.157,0.018
google/gemma-3-1b-it,NVIDIA GeForce RTX 5060 Ti,42,HotpotQA,3,16,64,multi-hop,36.6148,0.0,34.1497,0,1,0,86,329,309,56749457408,50059542528,8.157,0.018
google/gemma-3-1b-it,NVIDIA GeForce RTX 5060 Ti,42,HotpotQA,3,16,65,multi-hop,40.3463,36.5125,34.899,0,0,0,10,138,266,9984540672,37096521728,8.157,0.018
google/gemma-3-1b-it,NVIDIA GeForce RTX 5060 Ti,42,HotpotQA,3,16,66,multi-hop,33.21,34.1848,37.41,0,0,0,8,197,204,20347092992,21818769408,8.157,0.018
google/gemma-3-1b-it,NVIDIA GeForce RTX 5060 Ti,42,HotpotQA,3,16,67,semantic,65.3189,0.0,0.0,0,1,1,40,294,294,45317357568,45317357568,8.157,0.018
google/gemma-3-1b-it,NVIDIA GeForce RTX 5060 Ti,42,HotpotQA,3,16,68,structural,44.9857,39.7098,47.3074,0,0,0,41,274,297,39361445888,46246920192,8.157,0.018
google/gemma-3-1b-it,NVIDIA GeForce RTX 5060 Ti,42,HotpotQA,3,16,69,multi-hop,38.7388,0.0,42.977,0,1,0,37,293,264,45009600512,36540776448,8.157,0.018
google/gemma-3-1b-it,NVIDIA GeForce RTX 5060 Ti,42,HotpotQA,3,16,70,structural,61.0591,27.8834,28.2749,0,0,0,142,398,398,83049316352,83049316352,8.157,0.018
google/gemma-3-1b-it,NVIDIA GeForce RTX 5060 Ti,42,HotpotQA,3,16,71,multi-hop,27.6952,64.8959,70.8333,0,0,0,204,460,460,110939340800,110939340800,8.157,0.018
google/gemma-3-1b-it,NVIDIA GeForce RTX 5060 Ti,42,HotpotQA,3,16,72,semantic,43.4673,0.0,43.9683,0,1,0,99,351,355,64592805888,66073395200,8.157,0.018
google/gemma-3-1b-it,NVIDIA GeForce RTX 5060 Ti,42,HotpotQA,3,16,73,multi-hop,52.5746,64.6991,32.8401,0,0,0,49,173,247,15691415552,31986286592,8.157,0.018
google/gemma-3-1b-it,NVIDIA GeForce RTX 5060 Ti,42,HotpotQA,3,16,74,multi-hop,37.4398,44.2641,29.3485,0,0,0,77,316,326,52353302528,55719231488,8.157,0.018
google/gemma-3-1b-it,NVIDIA GeForce RTX 5060 Ti,42,HotpotQA,3,16,75,structural,33.8312,39.621,31.4181,0,0,0,14,56,154,1644167168,12434014208,8.157,0.018
google/gemma-3-1b-it,NVIDIA GeForce RTX 5060 Ti,42,HotpotQA,3,16,76,multi-hop,26.7048,0.0,0.0,0,1,1,4,9,9,42467328,42467328,8.157,0.018
google/gemma-3-1b-it,NVIDIA GeForce RTX 5060 Ti,42,HotpotQA,3,16,77,semantic,43.3412,0.0,0.0,0,1,1,115,371,371,72163524608,72163524608,8.157,0.018
google/gemma-3-1b-it,NVIDIA GeForce RTX 5060 Ti,42,HotpotQA,3,16,78,semantic,39.6872,0.0,79.8521,0,1,0,125,381,381,76106170368,76106170368,8.157,0.018
google/gemma-3-1b-it,NVIDIA GeForce RTX 5060 Ti,42,HotpotQA,3,16,79,semantic,73.2417,0.0,47.5605,0,1,0,102,358,265,67194847232,36818124800,8.157,0.018
google/gemma-3-1b-it,NVIDIA GeForce RTX 5060 Ti,42,HotpotQA,3,16,80,structural,34.7796,77.364,40.5494,0,0,0,101,334,342,58487472128,61322821632,8.157,0.018
google/gemma-3-1b-it,NVIDIA GeForce RTX 5060 Ti,42,HotpotQA,3,16,81,multi-hop,75.9478,0.0,0.0,0,1,1,87,316,305,52353302528,48771891200,8.157,0.018
google/gemma-3-1b-it,NVIDIA GeForce RTX 5060 Ti,42,HotpotQA,3,16,82,multi-hop,38.2069,0.0,0.0,0,1,1,99,337,326,59542863872,55719231488,8.157,0.018
google/gemma-3-1b-it,NVIDIA GeForce RTX 5060 Ti,42,HotpotQA,3,16,83,structural,35.9412,49.3435,66.0693,0,0,0,122,378,378,74912366592,74912366592,8.157,0.018
google/gemma-3-1b-it,NVIDIA GeForce RTX 5060 Ti,42,HotpotQA,3,16,84,semantic,36.3053,0.0,44.7381,0,1,0,121,377,377,74516529152,74516529152,8.157,0.018
google/gemma-3-1b-it,NVIDIA GeForce RTX 5060 Ti,42,HotpotQA,3,16,85,semantic,37.5784,0.0,43.6519,0,1,0,80,336,336,59190018048,59190018048,8.157,0.018
google/gemma-3-1b-it,NVIDIA GeForce RTX 5060 Ti,42,HotpotQA,3,16,86,multi-hop,0.0,0.0,42.7846,1,1,0,104,346,360,62765662208,67947724800,8.157,0.018
google/gemma-3-1b-it,NVIDIA GeForce RTX 5060 Ti,42,HotpotQA,3,16,87,multi-hop,57.7246,0.0,0.0,0,1,1,101,357,357,66819981312,66819981312,8.157,0.018
google/gemma-3-1b-it,NVIDIA GeForce RTX 5060 Ti,42,HotpotQA,3,16,88,multi-hop,34.5899,31.5763,28.7195,0,0,0,90,346,284,62765662208,42286972928,8.157,0.018
google/gemma-3-1b-it,NVIDIA GeForce RTX 5060 Ti,42,HotpotQA,3,16,89,multi-hop,40.7847,0.0,0.0,0,1,1,70,326,326,55719231488,55719231488,8.157,0.018
google/gemma-3-1b-it,NVIDIA GeForce RTX 5060 Ti,42,HotpotQA,3,16,90,semantic,66.7651,0.0,27.9285,0,1,0,63,319,319,53352071168,53352071168,8.157,0.018
google/gemma-3-1b-it,NVIDIA GeForce RTX 5060 Ti,42,HotpotQA,3,16,91,multi-hop,51.8758,45.6671,55.4026,0,0,0,7,263,263,36264476672,36264476672,8.157,0.018
google/gemma-3-1b-it,NVIDIA GeForce RTX 5060 Ti,42,HotpotQA,3,16,92,semantic,32.0607,0.0,26.0816,0,1,0,99,298,213,46558871552,23786422272,8.157,0.018
google/gemma-3-1b-it,NVIDIA GeForce RTX 5060 Ti,42,HotpotQA,3,16,93,semantic,0.0,0.0,33.2499,1,1,0,80,336,336,59190018048,59190018048,8.157,0.018
google/gemma-3-1b-it,NVIDIA GeForce RTX 5060 Ti,42,HotpotQA,3,16,94,semantic,39.539,0.0,35.3856,0,1,0,12,62,268,2015363072,37656461312,8.157,0.018
google/gemma-3-1b-it,NVIDIA GeForce RTX 5060 Ti,42,HotpotQA,3,16,95,semantic,71.5437,0.0,33.5569,0,1,0,85,337,334,59542863872,58487472128,8.157,0.018
google/gemma-3-1b-it,NVIDIA GeForce RTX 5060 Ti,42,HotpotQA,3,16,96,multi-hop,32.0967,51.9363,0.0,0,0,1,3,259,259,35169763328,35169763328,8.157,0.018
google/gemma-3-1b-it,NVIDIA GeForce RTX 5060 Ti,42,HotpotQA,3,16,97,structural,28.3723,43.2843,25.3309,0,0,0,106,362,362,68704796672,68704796672,8.157,0.018
google/gemma-3-1b-it,NVIDIA GeForce RTX 5060 Ti,42,HotpotQA,3,16,98,multi-hop,32.3931,0.0,0.0,0,1,1,4,15,15,117964800,117964800,8.157,0.018
google/gemma-3-1b-it,NVIDIA GeForce RTX 5060 Ti,42,HotpotQA,3,16,99,semantic,33.4162,0.0,32.1263,0,1,0,35,270,288,38220595200,43486543872,8.157,0.018
google/gemma-3-1b-it,NVIDIA GeForce RTX 5060 Ti,42,HotpotQA,3,16,100,semantic,29.9833,0.0,27.9374,0,1,0,47,303,303,48134356992,48134356992,8.157,0.018
google/gemma-3-1b-it,NVIDIA GeForce RTX 5060 Ti,42,HotpotQA,3,16,101,multi-hop,26.3058,29.7075,24.7121,0,0,0,104,351,351,64592805888,64592805888,8.157,0.018
google/gemma-3-1b-it,NVIDIA GeForce RTX 5060 Ti,42,HotpotQA,3,16,102,multi-hop,25.3153,0.0,35.0108,0,1,0,106,342,362,61322821632,68704796672,8.157,0.018
google/gemma-3-1b-it,NVIDIA GeForce RTX 5060 Ti,42,HotpotQA,3,16,103,semantic,26.3638,0.0,56.4104,0,1,0,69,287,174,43185078272,15873343488,8.157,0.018
google/gemma-3-1b-it,NVIDIA GeForce RTX 5060 Ti,42,HotpotQA,3,16,104,multi-hop,61.7159,0.0,33.2389,0,1,0,109,365,365,69848268800,69848268800,8.157,0.018
google/gemma-3-1b-it,NVIDIA GeForce RTX 5060 Ti,42,HotpotQA,3,16,105,semantic,53.3786,0.0,34.5991,0,1,0,110,366,366,70231523328,70231523328,8.157,0.018
google/gemma-3-1b-it,NVIDIA GeForce RTX 5060 Ti,42,HotpotQA,3,16,106,semantic,30.2808,0.0,0.0,0,1,1,2,7,7,25690112,25690112,8.157,0.018
google/gemma-3-1b-it,NVIDIA GeForce RTX 5060 Ti,42,HotpotQA,3,16,107,structural,26.6494,25.653,29.361,0,0,0,105,361,361,68325736448,68325736448,8.157,0.018
google/gemma-3-1b-it,NVIDIA GeForce RTX 5060 Ti,42,HotpotQA,3,16,108,structural,27.2924,31.0919,0.0,0,0,1,81,337,337,59542863872,59542863872,8.157,0.018
google/gemma-3-1b-it,NVIDIA GeForce RTX 5060 Ti,42,HotpotQA,3,16,109,multi-hop,40.0194,61.5871,31.9452,0,0,0,139,395,335,81802035200,58838220800,8.157,0.018
google/gemma-3-1b-it,NVIDIA GeForce RTX 5060 Ti,42,HotpotQA,3,16,110,multi-hop,27.8463,26.4918,28.266,0,0,0,34,290,290,44092620800,44092620800,8.157,0.018
google/gemma-3-1b-it,NVIDIA GeForce RTX 5060 Ti,42,HotpotQA,3,16,111,multi-hop,32.585,26.2066,31.9622,0,0,0,16,153,215,12273057792,24235212800,8.157,0.018
google/gemma-3-1b-it,NVIDIA GeForce RTX 5060 Ti,42,HotpotQA,3,16,112,semantic,55.6762,0.0,0.0,0,1,1,122,378,358,74912366592,67194847232,8.157,0.018
google/gemma-3-1b-it,NVIDIA GeForce RTX 5060 Ti,42,HotpotQA,3,16,113,multi-hop,0.0,0.0,46.1677,1,1,0,91,321,347,54023159808,63128993792,8.157,0.018
google/gemma-3-1b-it,NVIDIA GeForce RTX 5060 Ti,42,HotpotQA,3,16,114,multi-hop,39.754,0.0,53.3149,0,1,0,68,324,324,55037657088,55037657088,8.157,0.018
google/gemma-3-1b-it,NVIDIA GeForce RTX 5060 Ti,42,HotpotQA,3,16,115,multi-hop,0.0,0.0,0.0,1,1,1,35,270,288,38220595200,43486543872,8.157,0.018
google/gemma-3-1b-it,NVIDIA GeForce RTX 5060 Ti,42,HotpotQA,3,16,116,semantic,28.6587,0.0,0.0,0,1,1,40,294,294,45317357568,45317357568,8.157,0.018
google/gemma-3-1b-it,NVIDIA GeForce RTX 5060 Ti,42,HotpotQA,3,16,117,multi-hop,79.8605,67.7705,0.0,0,0,1,88,344,344,62042144768,62042144768,8.157,0.018
google/gemma-3-1b-it,NVIDIA GeForce RTX 5060 Ti,42,HotpotQA,3,16,118,multi-hop,39.4581,0.0,43.8003,0,1,0,99,337,326,59542863872,55719231488,8.157,0.018
google/gemma-3-1b-it,NVIDIA GeForce RTX 5060 Ti,42,HotpotQA,3,16,119,multi-hop,36.6447,28.0394,32.469,0,0,0,106,362,362,68704796672,68704796672,8.157,0.018
google/gemma-3-1b-it,NVIDIA GeForce RTX 5060 Ti,42,HotpotQA,3,16,120,structural,31.004,32.9037,44.5999,0,0,0,84,340,340,60607692800,60607692800,8.157,0.018
google/gemma-3-1b-it,NVIDIA GeForce RTX 5060 Ti,42,HotpotQA,3,16,121,multi-hop,39.5743,0.0,0.0,0,1,1,114,370,367,71775027200,70615826432,8.157,0.018
google/gemma-3-1b-it,NVIDIA GeForce RTX 5060 Ti,42,HotpotQA,3,16,122,semantic,0.0,0.0,0.0,1,1,1,121,345,352,62403379200,64961380352,8.157,0.018
google/gemma-3-1b-it,NVIDIA GeForce RTX 5060 Ti,42,HotpotQA,3,16,123,semantic,34.9598,0.0,29.4972,0,1,0,2,78,28,3189768192,411041792,8.157,0.018
google/gemma-3-1b-it,NVIDIA GeForce RTX 5060 Ti,42,HotpotQA,3,16,124,multi-hop,33.4463,33.8978,83.4767,0,0,0,2,8,7,33554432,25690112,8.157,0.018
google/gemma-3-1b-it,NVIDIA GeForce RTX 5060 Ti,42,HotpotQA,3,16,125,semantic,75.254,0.0,41.4606,0,1,0,117,373,292,72943665152,44702892032,8.157,0.018
google/gemma-3-1b-it,NVIDIA GeForce RTX 5060 Ti,42,HotpotQA,3,16,126,semantic,34.4056,0.0,0.0,0,1,1,60,316,316,52353302528,52353302528,8.157,0.018
google/gemma-3-1b-it,NVIDIA GeForce RTX 5060 Ti,42,HotpotQA,3,16,127,multi-hop,27.7636,27.9393,47.4871,0,0,0,35,219,100,25145376768,5242880000,8.157,0.018
google/gemma-3-1b-it,NVIDIA GeForce RTX 5060 Ti,42,HotpotQA,3,16,128,multi-hop,31.2245,0.0,0.0,0,1,1,117,373,373,72943665152,72943665152,8.157,0.018
google/gemma-3-1b-it,NVIDIA GeForce RTX 5060 Ti,42,HotpotQA,3,16,129,structural,31.9672,32.8955,29.0168,0,0,0,47,303,303,48134356992,48134356992,8.157,0.018
google/gemma-3-1b-it,NVIDIA GeForce RTX 5060 Ti,42,HotpotQA,3,16,130,semantic,24.5103,0.0,25.392,0,1,0,94,350,350,64225280000,64225280000,8.157,0.018
google/gemma-3-1b-it,NVIDIA GeForce RTX 5060 Ti,42,HotpotQA,3,16,131,semantic,51.7084,0.0,0.0,0,1,1,126,382,382,76506202112,76506202112,8.157,0.018
google/gemma-3-1b-it,NVIDIA GeForce RTX 5060 Ti,42,HotpotQA,3,16,132,semantic,43.7444,42.2731,31.6985,0,0,0,99,355,312,66073395200,51036291072,8.157,0.018
google/gemma-3-1b-it,NVIDIA GeForce RTX 5060 Ti,42,HotpotQA,3,16,133,multi-hop,33.0585,0.0,52.225,0,1,0,99,337,326,59542863872,55719231488,8.157,0.018
google/gemma-3-1b-it,NVIDIA GeForce RTX 5060 Ti,42,HotpotQA,3,16,134,structural,32.8186,64.5638,51.0666,0,0,0,18,175,274,16056320000,39361445888,8.157,0.018
google/gemma-3-1b-it,NVIDIA GeForce RTX 5060 Ti,42,HotpotQA,3,16,135,multi-hop,28.741,0.0,0.0,0,1,1,58,314,305,51692699648,48771891200,8.157,0.018
google/gemma-3-1b-it,NVIDIA GeForce RTX 5060 Ti,42,HotpotQA,3,16,136,semantic,39.2882,0.0,39.3488,0,1,0,19,267,275,37375967232,39649280000,8.157,0.018
google/gemma-3-1b-it,NVIDIA GeForce RTX 5060 Ti,42,HotpotQA,3,16,137,semantic,49.4581,48.169,66.2968,0,0,0,57,313,268,51363971072,37656461312,8.157,0.018
google/gemma-3-1b-it,NVIDIA GeForce RTX 5060 Ti,42,HotpotQA,3,16,138,semantic,48.1587,0.0,0.0,0,1,1,76,332,332,57789120512,57789120512,8.157,0.018
google/gemma-3-1b-it,NVIDIA GeForce RTX 5060 Ti,42,HotpotQA,3,16,139,multi-hop,36.3256,37.3902,42.5526,0,0,0,119,374,375,73335308288,73728000000,8.157,0.018
google/gemma-3-1b-it,NVIDIA GeForce RTX 5060 Ti,42,HotpotQA,3,16,140,structural,62.1738,36.1857,36.4235,0,0,0,2,10,9,52428800,42467328,8.157,0.018
google/gemma-3-1b-it,NVIDIA GeForce RTX 5060 Ti,42,HotpotQA,3,16,141,semantic,60.7,0.0,48.3106,0,1,0,66,322,322,54360276992,54360276992,8.157,0.018
google/gemma-3-1b-it,NVIDIA GeForce RTX 5060 Ti,42,HotpotQA,3,16,142,multi-hop,0.0,62.9058,59.2515,1,0,0,20,177,276,16425418752,39938162688,8.157,0.018
google/gemma-3-1b-it,NVIDIA GeForce RTX 5060 Ti,42,HotpotQA,3,16,143,semantic,54.0051,0.0,0.0,0,1,1,82,314,324,51692699648,55037657088,8.157,0.018
google/gemma-3-1b-it,NVIDIA GeForce RTX 5060 Ti,42,HotpotQA,3,16,144,multi-hop,30.4638,0.0,0.0,0,1,1,117,373,373,72943665152,72943665152,8.157,0.018
google/gemma-3-1b-it,NVIDIA GeForce RTX 5060 Ti,42,HotpotQA,3,16,145,multi-hop,51.4721,0.0,0.0,0,1,1,72,325,306,55377920000,49092231168,8.157,0.018
google/gemma-3-1b-it,NVIDIA GeForce RTX 5060 Ti,42,HotpotQA,3,16,146,multi-hop,29.8192,0.0,42.8748,0,1,0,105,361,324,68325736448,55037657088,8.157,0.018
google/gemma-3-1b-it,NVIDIA GeForce RTX 5060 Ti,42,HotpotQA,3,16,147,multi-hop,79.7078,0.0,0.0,0,1,1,2,7,7,25690112,25690112,8.157,0.018
google/gemma-3-1b-it,NVIDIA GeForce RTX 5060 Ti,42,HotpotQA,3,16,148,multi-hop,32.1213,41.1549,0.0,0,0,1,99,355,355,66073395200,66073395200,8.157,0.018
google/gemma-3-1b-it,NVIDIA GeForce RTX 5060 Ti,42,HotpotQA,3,16,149,multi-hop,42.9695,31.2404,45.0794,0,0,0,134,390,390,79744204800,79744204800,8.157,0.018
google/gemma-3-1b-it,NVIDIA GeForce RTX 5060 Ti,42,HotpotQA,3,16,150,semantic,34.8889,0.0,27.3131,0,1,0,77,312,333,51036291072,58137772032,8.157,0.018
google/gemma-3-1b-it,NVIDIA GeForce RTX 5060 Ti,42,HotpotQA,3,16,151,structural,39.6583,0.0,0.0,0,1,1,35,270,288,38220595200,43486543872,8.157,0.018
google/gemma-3-1b-it,NVIDIA GeForce RTX 5060 Ti,42,HotpotQA,3,16,152,structural,49.6014,36.6239,0.0,0,0,1,129,385,385,77712588800,77712588800,8.157,0.018
google/gemma-3-1b-it,NVIDIA GeForce RTX 5060 Ti,42,HotpotQA,3,16,153,structural,36.2943,26.6809,0.0,0,0,1,85,341,341,60964732928,60964732928,8.157,0.018
google/gemma-3-1b-it,NVIDIA GeForce RTX 5060 Ti,42,HotpotQA,3,16,154,multi-hop,0.0,0.0,0.0,1,1,1,35,270,288,38220595200,43486543872,8.157,0.018
google/gemma-3-1b-it,NVIDIA GeForce RTX 5060 Ti,42,HotpotQA,3,16,155,multi-hop,44.7163,0.0,0.0,0,1,1,67,323,323,54698442752,54698442752,8.157,0.018
google/gemma-3-1b-it,NVIDIA GeForce RTX 5060 Ti,42,HotpotQA,3,16,156,structural,30.446,39.098,29.8188,0,0,0,14,247,262,31986286592,35989225472,8.157,0.018
google/gemma-3-1b-it,NVIDIA GeForce RTX 5060 Ti,42,HotpotQA,3,16,157,multi-hop,64.6666,0.0,0.0,0,1,1,75,331,331,57441517568,57441517568,8.157,0.018
google/gemma-3-1b-it,NVIDIA GeForce RTX 5060 Ti,42,HotpotQA,3,16,158,multi-hop,38.513,0.0,43.7178,0,1,0,159,415,415,90295500800,90295500800,8.157,0.018
google/gemma-3-1b-it,NVIDIA GeForce RTX 5060 Ti,42,HotpotQA,3,16,159,structural,28.0073,34.6914,34.6408,0,0,0,69,287,174,43185078272,15873343488,8.157,0.018
google/gemma-3-1b-it,NVIDIA GeForce RTX 5060 Ti,42,HotpotQA,3,16,160,semantic,28.6857,0.0,0.0,0,1,1,17,273,273,39074660352,39074660352,8.157,0.018
google/gemma-3-1b-it,NVIDIA GeForce RTX 5060 Ti,42,HotpotQA,3,16,161,multi-hop,27.8153,0.0,0.0,0,1,1,64,320,320,53687091200,53687091200,8.157,0.018
google/gemma-3-1b-it,NVIDIA GeForce RTX 5060 Ti,42,HotpotQA,3,16,162,multi-hop,35.7874,44.2802,36.095,0,0,0,81,321,337,54023159808,59542863872,8.157,0.018
google/gemma-3-1b-it,NVIDIA GeForce RTX 5060 Ti,42,HotpotQA,3,16,163,multi-hop,27.8747,32.3721,0.0,0,0,1,106,342,362,61322821632,68704796672,8.157,0.018
google/gemma-3-1b-it,NVIDIA GeForce RTX 5060 Ti,42,HotpotQA,3,16,164,semantic,34.822,0.0,35.9322,0,1,0,20,177,276,16425418752,39938162688,8.157,0.018
google/gemma-3-1b-it,NVIDIA GeForce RTX 5060 Ti,42,HotpotQA,3,16,165,multi-hop,58.0208,0.0,50.0663,0,1,0,80,336,336,59190018048,59190018048,8.157,0.018
google/gemma-3-1b-it,NVIDIA GeForce RTX 5060 Ti,42,HotpotQA,3,16,166,multi-hop,40.5281,0.0,50.0542,0,1,0,96,352,352,64961380352,64961380352,8.157,0.018
google/gemma-3-1b-it,NVIDIA GeForce RTX 5060 Ti,42,HotpotQA,3,16,167,multi-hop,36.2729,50.9066,39.4564,0,0,0,35,219,100,25145376768,5242880000,8.157,0.018
google/gemma-3-1b-it,NVIDIA GeForce RTX 5060 Ti,42,HotpotQA,3,16,168,semantic,53.5356,0.0,30.6127,0,1,0,20,203,276,21605384192,39938162688,8.157,0.018
google/gemma-3-1b-it,NVIDIA GeForce RTX 5060 Ti,42,HotpotQA,3,16,169,multi-hop,38.4463,0.0,0.0,0,1,1,118,374,370,73335308288,71775027200,8.157,0.018
google/gemma-3-1b-it,NVIDIA GeForce RTX 5060 Ti,42,HotpotQA,3,16,170,multi-hop,33.3812,28.2073,62.7617,0,0,0,5,23,145,277348352,11023155200,8.157,0.018
google/gemma-3-1b-it,NVIDIA GeForce RTX 5060 Ti,42,HotpotQA,3,16,171,multi-hop,32.1666,0.0,49.7341,0,1,0,91,321,328,54023159808,56405000192,8.157,0.018
google/gemma-3-1b-it,NVIDIA GeForce RTX 5060 Ti,42,HotpotQA,3,16,172,structural,44.6097,48.3883,40.7318,0,0,0,6,187,205,18333827072,22033203200,8.157,0.018
google/gemma-3-1b-it,NVIDIA GeForce RTX 5060 Ti,42,HotpotQA,3,16,173,multi-hop,35.8422,56.8422,74.1625,0,0,0,53,309,297,50059542528,46246920192,8.157,0.018
google/gemma-3-1b-it,NVIDIA GeForce RTX 5060 Ti,42,HotpotQA,3,16,174,semantic,51.7878,0.0,0.0,0,1,1,106,362,362,68704796672,68704796672,8.157,0.018
google/gemma-3-1b-it,NVIDIA GeForce RTX 5060 Ti,42,HotpotQA,3,16,175,multi-hop,49.6015,46.3608,46.5059,0,0,0,20,203,276,21605384192,39938162688,8.157,0.018
google/gemma-3-1b-it,NVIDIA GeForce RTX 5060 Ti,42,HotpotQA,3,16,176,multi-hop,33.9314,0.0,42.6224,0,1,0,108,364,364,69466062848,69466062848,8.157,0.018
google/gemma-3-1b-it,NVIDIA GeForce RTX 5060 Ti,42,HotpotQA,3,16,177,multi-hop,50.2939,0.0,32.1099,0,1,0,114,370,370,71775027200,71775027200,8.157,0.018
google/gemma-3-1b-it,NVIDIA GeForce RTX 5060 Ti,42,HotpotQA,3,16,178,structural,27.573,33.0772,34.2397,0,0,0,98,354,354,65701675008,65701675008,8.157,0.018
google/gemma-3-1b-it,NVIDIA GeForce RTX 5060 Ti,42,HotpotQA,3,16,179,structural,45.2383,31.0512,27.7175,0,0,0,49,173,247,15691415552,31986286592,8.157,0.018
google/gemma-3-1b-it,NVIDIA GeForce RTX 5060 Ti,42,HotpotQA,3,16,180,semantic,32.0686,0.0,0.0,0,1,1,93,349,349,63858802688,63858802688,8.157,0.018
google/gemma-3-1b-it,NVIDIA GeForce RTX 5060 Ti,42,HotpotQA,3,16,181,structural,29.0662,27.379,26.1426,0,0,0,108,364,364,69466062848,69466062848,8.157,0.018
google/gemma-3-1b-it,NVIDIA GeForce RTX 5060 Ti,42,HotpotQA,3,16,182,multi-hop,23.5902,0.0,0.0,0,1,1,2,7,7,25690112,25690112,8.157,0.018
google/gemma-3-1b-it,NVIDIA GeForce RTX 5060 Ti,42,HotpotQA,3,16,183,multi-hop,27.2374,0.0,31.9074,0,1,0,114,300,370,47185920000,71775027200,8.157,0.018
google/gemma-3-1b-it,NVIDIA GeForce RTX 5060 Ti,42,HotpotQA,3,16,184,structural,28.3701,73.1147,60.6689,0,0,0,13,56,191,1644167168,19126550528,8.157,0.018
google/gemma-3-1b-it,NVIDIA GeForce RTX 5060 Ti,42,HotpotQA,3,16,185,multi-hop,35.4447,35.8239,29.962,0,0,0,94,338,340,59896758272,60607692800,8.157,0.018
google/gemma-3-1b-it,NVIDIA GeForce RTX 5060 Ti,42,HotpotQA,3,16,186,semantic,33.0496,0.0,79.8503,0,1,0,105,361,361,68325736448,68325736448,8.157,0.018
google/gemma-3-1b-it,NVIDIA GeForce RTX 5060 Ti,42,HotpotQA,3,16,187,multi-hop,76.3284,57.6767,64.0254,0,0,0,68,324,324,55037657088,55037657088,8.157,0.018
google/gemma-3-1b-it,NVIDIA GeForce RTX 5060 Ti,42,HotpotQA,3,16,188,multi-hop,36.0633,0.0,27.388,0,1,0,57,313,268,51363971072,37656461312,8.157,0.018
google/gemma-3-1b-it,NVIDIA GeForce RTX 5060 Ti,42,HotpotQA,3,16,189,structural,29.3464,66.2422,63.1629,0,0,0,24,277,280,40228093952,41104179200,8.157,0.018
google/gemma-3-1b-it,NVIDIA GeForce RTX 5060 Ti,42,HotpotQA,3,16,190,structural,63.8345,32.0936,40.2857,0,0,0,20,203,276,21605384192,39938162688,8.157,0.018
google/gemma-3-1b-it,NVIDIA GeForce RTX 5060 Ti,42,HotpotQA,3,16,191,structural,35.9467,37.7852,48.5813,0,0,0,69,325,325,55377920000,55377920000,8.157,0.018
google/gemma-3-1b-it,NVIDIA GeForce RTX 5060 Ti,42,HotpotQA,3,16,192,multi-hop,34.4066,0.0,0.0,0,1,1,5,167,233,14621868032,28463071232,8.157,0.018
google/gemma-3-1b-it,NVIDIA GeForce RTX 5060 Ti,42,HotpotQA,3,16,193,semantic,37.5174,0.0,0.0,0,1,1,26,282,282,41693478912,41693478912,8.157,0.018
google/gemma-3-1b-it,NVIDIA GeForce RTX 5060 Ti,42,HotpotQA,3,16,194,multi-hop,41.6007,38.1356,57.4183,0,0,0,4,85,260,3787980800,35441868800,8.157,0.018
google/gemma-3-1b-it,NVIDIA GeForce RTX 5060 Ti,42,HotpotQA,3,16,195,multi-hop,53.667,72.1295,39.2342,0,0,0,114,370,370,71775027200,71775027200,8.157,0.018
google/gemma-3-1b-it,NVIDIA GeForce RTX 5060 Ti,42,HotpotQA,3,16,196,multi-hop,51.4307,0.0,0.0,0,1,1,14,56,154,1644167168,12434014208,8.157,0.018
google/gemma-3-1b-it,NVIDIA GeForce RTX 5060 Ti,42,HotpotQA,3,16,197,semantic,67.3635,0.0,25.8936,0,1,0,96,316,321,52353302528,54023159808,8.157,0.018
google/gemma-3-1b-it,NVIDIA GeForce RTX 5060 Ti,42,HotpotQA,3,16,198,semantic,0.0,0.0,0.0,1,1,1,14,56,57,1644167168,1703411712,8.157,0.018
google/gemma-3-1b-it,NVIDIA GeForce RTX 5060 Ti,42,HotpotQA,3,16,199,semantic,47.9917,0.0,27.1628,0,1,0,106,362,297,68704796672,46246920192,8.157,0.018
google/gemma-3-1b-it,NVIDIA GeForce RTX 5060 Ti,42,HotpotQA,3,16,200,multi-hop,29.7631,36.9928,35.7898,0,0,0,2,78,28,3189768192,411041792,8.157,0.018
google/gemma-3-1b-it,NVIDIA GeForce RTX 5060 Ti,42,HotpotQA,3,16,201,multi-hop,60.2105,0.0,70.9567,0,1,0,47,303,303,48134356992,48134356992,8.157,0.018
google/gemma-3-1b-it,NVIDIA GeForce RTX 5060 Ti,42,HotpotQA,3,16,202,semantic,80.9038,0.0,61.7013,0,1,0,25,281,281,41398304768,41398304768,8.157,0.018
google/gemma-3-1b-it,NVIDIA GeForce RTX 5060 Ti,42,HotpotQA,3,16,203,semantic,27.1605,0.0,30.5032,0,1,0,102,358,358,67194847232,67194847232,8.157,0.018
google/gemma-3-1b-it,NVIDIA GeForce RTX 5060 Ti,42,HotpotQA,3,16,204,multi-hop,39.1855,30.5324,36.0583,0,0,0,131,387,387,78522089472,78522089472,8.157,0.018
google/gemma-3-1b-it,NVIDIA GeForce RTX 5060 Ti,42,HotpotQA,3,16,205,multi-hop,82.5248,34.6093,33.8169,0,0,0,128,384,384,77309411328,77309411328,8.157,0.018
google/gemma-3-1b-it,NVIDIA GeForce RTX 5060 Ti,42,HotpotQA,3,16,206,multi-hop,42.4,0.0,0.0,0,1,1,105,361,361,68325736448,68325736448,8.157,0.018
google/gemma-3-1b-it,NVIDIA GeForce RTX 5060 Ti,42,HotpotQA,3,16,207,multi-hop,40.0143,0.0,38.7934,0,1,0,148,404,404,85572190208,85572190208,8.157,0.018
google/gemma-3-1b-it,NVIDIA GeForce RTX 5060 Ti,42,HotpotQA,3,16,208,semantic,34.9694,0.0,46.9124,0,1,0,10,138,266,9984540672,37096521728,8.157,0.018
google/gemma-3-1b-it,NVIDIA GeForce RTX 5060 Ti,42,HotpotQA,3,16,209,semantic,29.2283,0.0,49.197,0,1,0,70,298,326,46558871552,55719231488,8.157,0.018
google/gemma-3-1b-it,NVIDIA GeForce RTX 5060 Ti,42,HotpotQA,3,16,210,multi-hop,43.0468,0.0,56.0451,0,1,0,125,381,381,76106170368,76106170368,8.157,0.018
google/gemma-3-1b-it,NVIDIA GeForce RTX 5060 Ti,42,HotpotQA,3,16,211,multi-hop,27.8787,29.0466,0.0,0,0,1,85,341,341,60964732928,60964732928,8.157,0.018
google/gemma-3-1b-it,NVIDIA GeForce RTX 5060 Ti,42,HotpotQA,3,16,212,semantic,29.0448,0.0,0.0,0,1,1,94,340,340,60607692800,60607692800,8.157,0.018
google/gemma-3-1b-it,NVIDIA GeForce RTX 5060 Ti,42,HotpotQA,3,16,213,structural,54.0011,32.1055,26.0218,0,0,0,64,320,320,53687091200,53687091200,8.157,0.018
google/gemma-3-1b-it,NVIDIA GeForce RTX 5060 Ti,42,HotpotQA,3,16,214,multi-hop,30.3486,0.0,55.3233,0,1,0,117,336,333,59190018048,58137772032,8.157,0.018
google/gemma-3-1b-it,NVIDIA GeForce RTX 5060 Ti,42,HotpotQA,3,16,215,multi-hop,44.7825,0.0,33.026,0,1,0,139,395,335,81802035200,58838220800,8.157,0.018
google/gemma-3-1b-it,NVIDIA GeForce RTX 5060 Ti,42,HotpotQA,3,16,216,multi-hop,71.7094,0.0,0.0,0,1,1,118,374,346,73335308288,62765662208,8.157,0.018
google/gemma-3-1b-it,NVIDIA GeForce RTX 5060 Ti,42,HotpotQA,3,16,217,semantic,78.1302,0.0,69.2414,0,1,0,63,319,319,53352071168,53352071168,8.157,0.018
google/gemma-3-1b-it,NVIDIA GeForce RTX 5060 Ti,42,HotpotQA,3,16,218,semantic,50.5657,0.0,53.8435,0,1,0,101,357,283,66819981312,41989701632,8.157,0.018
google/gemma-3-1b-it,NVIDIA GeForce RTX 5060 Ti,42,HotpotQA,3,16,219,structural,26.7666,32.3894,26.985,0,0,0,109,365,365,69848268800,69848268800,8.157,0.018
google/gemma-3-1b-it,NVIDIA GeForce RTX 5060 Ti,42,HotpotQA,3,16,220,multi-hop,44.8813,0.0,43.7462,0,1,0,142,398,398,83049316352,83049316352,8.157,0.018
google/gemma-3-1b-it,NVIDIA GeForce RTX 5060 Ti,42,HotpotQA,3,16,221,semantic,42.6866,0.0,0.0,0,1,1,134,390,390,79744204800,79744204800,8.157,0.018
google/gemma-3-1b-it,NVIDIA GeForce RTX 5060 Ti,42,HotpotQA,3,16,222,structural,31.1962,68.1639,60.6825,0,0,0,93,337,337,59542863872,59542863872,8.157,0.018
google/gemma-3-1b-it,NVIDIA GeForce RTX 5060 Ti,42,HotpotQA,3,16,223,multi-hop,36.3412,0.0,47.5784,0,1,0,68,324,324,55037657088,55037657088,8.157,0.018
google/gemma-3-1b-it,NVIDIA GeForce RTX 5060 Ti,42,HotpotQA,3,16,224,multi-hop,37.9243,29.977,61.9923,0,0,0,3,116,259,7054819328,35169763328,8.157,0.018
google/gemma-3-1b-it,NVIDIA GeForce RTX 5060 Ti,42,HotpotQA,3,16,225,structural,59.0504,53.8771,36.5294,0,0,0,112,341,368,60964732928,71001178112,8.157,0.018
google/gemma-3-1b-it,NVIDIA GeForce RTX 5060 Ti,42,HotpotQA,3,16,226,semantic,81.0111,0.0,31.4085,0,1,0,17,273,227,39074660352,27016036352,8.157,0.018
google/gemma-3-1b-it,NVIDIA GeForce RTX 5060 Ti,42,HotpotQA,3,16,227,semantic,71.9402,0.0,0.0,0,1,1,123,352,379,64961380352,75309252608,8.157,0.018
google/gemma-3-1b-it,NVIDIA GeForce RTX 5060 Ti,42,HotpotQA,3,16,228,structural,51.8185,0.0,58.72,0,1,0,167,423,423,93810327552,93810327552,8.157,0.018
google/gemma-3-1b-it,NVIDIA GeForce RTX 5060 Ti,42,HotpotQA,3,16,229,multi-hop,63.5755,0.0,63.1757,0,1,0,125,381,381,76106170368,76106170368,8.157,0.018
google/gemma-3-1b-it,NVIDIA GeForce RTX 5060 Ti,42,HotpotQA,3,16,230,structural,80.2362,0.0,0.0,0,1,1,73,316,329,52353302528,56749457408,8.157,0.018
google/gemma-3-1b-it,NVIDIA GeForce RTX 5060 Ti,42,HotpotQA,3,16,231,semantic,57.6884,0.0,0.0,0,1,1,81,337,337,59542863872,59542863872,8.157,0.018
google/gemma-3-1b-it,NVIDIA GeForce RTX 5060 Ti,42,HotpotQA,3,16,232,structural,53.2086,0.0,0.0,0,1,1,226,482,482,121804685312,121804685312,8.157,0.018
google/gemma-3-1b-it,NVIDIA GeForce RTX 5060 Ti,42,HotpotQA,3,16,233,structural,43.1719,74.6972,41.8659,0,0,0,6,187,205,18333827072,22033203200,8.157,0.018
google/gemma-3-1b-it,NVIDIA GeForce RTX 5060 Ti,42,HotpotQA,3,16,234,semantic,29.6795,0.0,0.0,0,1,1,114,319,334,53352071168,58487472128,8.157,0.018
google/gemma-3-1b-it,NVIDIA GeForce RTX 5060 Ti,42,HotpotQA,3,16,235,multi-hop,0.0,0.0,47.6283,1,1,0,123,352,379,64961380352,75309252608,8.157,0.018
google/gemma-3-1b-it,NVIDIA GeForce RTX 5060 Ti,42,HotpotQA,3,16,236,multi-hop,28.7935,0.0,65.4192,0,1,0,102,346,358,62765662208,67194847232,8.157,0.018
google/gemma-3-1b-it,NVIDIA GeForce RTX 5060 Ti,42,HotpotQA,3,16,237,structural,58.1093,50.0363,32.3884,0,0,0,116,372,372,72553070592,72553070592,8.157,0.018
google/gemma-3-1b-it,NVIDIA GeForce RTX 5060 Ti,42,HotpotQA,3,16,238,multi-hop,46.8351,60.6567,38.1948,0,0,0,124,350,380,64225280000,75707187200,8.157,0.018
google/gemma-3-1b-it,NVIDIA GeForce RTX 5060 Ti,42,HotpotQA,3,16,239,structural,48.9283,51.5419,49.826,0,0,0,31,246,287,31727812608,43185078272,8.157,0.018
google/gemma-3-1b-it,NVIDIA GeForce RTX 5060 Ti,42,HotpotQA,3,16,240,multi-hop,54.426,0.0,79.4475,0,1,0,186,442,442,102427000832,102427000832,8.157,0.018
google/gemma-3-1b-it,NVIDIA GeForce RTX 5060 Ti,42,HotpotQA,3,16,241,multi-hop,29.2618,0.0,0.0,0,1,1,78,334,334,58487472128,58487472128,8.157,0.018
google/gemma-3-1b-it,NVIDIA GeForce RTX 5060 Ti,42,HotpotQA,3,16,242,multi-hop,40.6255,59.3844,73.5417,0,0,0,124,380,380,75707187200,75707187200,8.157,0.018
google/gemma-3-1b-it,NVIDIA GeForce RTX 5060 Ti,42,HotpotQA,3,16,243,multi-hop,34.9244,28.6648,72.2449,0,0,0,131,387,334,78522089472,58487472128,8.157,0.018
google/gemma-3-1b-it,NVIDIA GeForce RTX 5060 Ti,42,HotpotQA,3,16,244,semantic,79.3469,0.0,43.2952,0,1,0,108,364,364,69466062848,69466062848,8.157,0.018
google/gemma-3-1b-it,NVIDIA GeForce RTX 5060 Ti,42,HotpotQA,3,16,245,multi-hop,33.6341,36.3819,61.6055,0,0,0,94,350,308,64225280000,49736056832,8.157,0.018
google/gemma-3-1b-it,NVIDIA GeForce RTX 5060 Ti,42,HotpotQA,3,16,246,structural,89.1711,62.1936,0.0,0,0,1,8,253,261,33559150592,35715022848,8.157,0.018
google/gemma-3-1b-it,NVIDIA GeForce RTX 5060 Ti,42,HotpotQA,3,16,247,structural,91.624,0.0,0.0,0,1,1,111,295,332,45626163200,57789120512,8.157,0.018
google/gemma-3-1b-it,NVIDIA GeForce RTX 5060 Ti,42,HotpotQA,3,16,248,semantic,75.4489,0.0,0.0,0,1,1,98,354,346,65701675008,62765662208,8.157,0.018
google/gemma-3-1b-it,NVIDIA GeForce RTX 5060 Ti,42,HotpotQA,3,16,249,multi-hop,82.5518,0.0,32.8069,0,1,0,24,183,280,17557880832,41104179200,8.157,0.018
google/gemma-3-1b-it,NVIDIA GeForce RTX 5060 Ti,42,HotpotQA,3,16,250,semantic,28.1496,0.0,87.1323,0,1,0,109,365,365,69848268800,69848268800,8.157,0.018
google/gemma-3-1b-it,NVIDIA GeForce RTX 5060 Ti,42,HotpotQA,3,16,251,multi-hop,89.7696,0.0,0.0,0,1,1,96,352,352,64961380352,64961380352,8.157,0.018
google/gemma-3-1b-it,NVIDIA GeForce RTX 5060 Ti,42,HotpotQA,3,16,252,multi-hop,69.9314,0.0,25.3995,0,1,0,139,395,335,81802035200,58838220800,8.157,0.018
google/gemma-3-1b-it,NVIDIA GeForce RTX 5060 Ti,42,HotpotQA,3,16,253,multi-hop,0.0,0.0,0.0,1,1,1,3,259,259,35169763328,35169763328,8.157,0.018
google/gemma-3-1b-it,NVIDIA GeForce RTX 5060 Ti,42,HotpotQA,3,16,254,multi-hop,49.2224,30.9514,29.6807,0,0,0,44,267,300,37375967232,47185920000,8.157,0.018
google/gemma-3-1b-it,NVIDIA GeForce RTX 5060 Ti,42,HotpotQA,3,16,255,multi-hop,64.1324,0.0,54.6607,0,1,0,126,382,382,76506202112,76506202112,8.157,0.018
google/gemma-3-1b-it,NVIDIA GeForce RTX 5060 Ti,42,HotpotQA,3,16,256,multi-hop,40.564,55.3476,34.2508,0,0,0,63,319,319,53352071168,53352071168,8.157,0.018
google/gemma-3-1b-it,NVIDIA GeForce RTX 5060 Ti,42,HotpotQA,3,16,257,semantic,27.5457,0.0,0.0,0,1,1,100,356,356,66446163968,66446163968,8.157,0.018
google/gemma-3-1b-it,NVIDIA GeForce RTX 5060 Ti,42,HotpotQA,3,16,258,multi-hop,70.2227,0.0,76.7467,0,1,0,112,362,368,68704796672,71001178112,8.157,0.018
google/gemma-3-1b-it,NVIDIA GeForce RTX 5060 Ti,42,HotpotQA,3,16,259,multi-hop,51.3518,0.0,0.0,0,1,1,78,326,326,55719231488,55719231488,8.157,0.018
google/gemma-3-1b-it,NVIDIA GeForce RTX 5060 Ti,42,HotpotQA,3,16,260,structural,33.2456,0.0,0.0,0,1,1,25,281,281,41398304768,41398304768,8.157,0.018
google/gemma-3-1b-it,NVIDIA GeForce RTX 5060 Ti,42,HotpotQA,3,16,261,semantic,0.0,0.0,0.0,1,1,1,82,314,304,51692699648,48452599808,8.157,0.018
google/gemma-3-1b-it,NVIDIA GeForce RTX 5060 Ti,42,HotpotQA,3,16,262,multi-hop,48.2675,46.221,55.8435,0,0,0,99,323,350,54698442752,64225280000,8.157,0.018
google/gemma-3-1b-it,NVIDIA GeForce RTX 5060 Ti,42,HotpotQA,3,16,263,semantic,29.1966,0.0,0.0,0,1,1,114,319,334,53352071168,58487472128,8.157,0.018
google/gemma-3-1b-it,NVIDIA GeForce RTX 5060 Ti,42,HotpotQA,3,16,264,semantic,36.6005,0.0,0.0,0,1,1,87,343,343,61681958912,61681958912,8.157,0.018
google/gemma-3-1b-it,NVIDIA GeForce RTX 5060 Ti,42,HotpotQA,3,16,265,semantic,33.379,0.0,58.2032,0,1,0,119,333,375,58137772032,73728000000,8.157,0.018
google/gemma-3-1b-it,NVIDIA GeForce RTX 5060 Ti,42,HotpotQA,3,16,266,semantic,29.3161,0.0,69.9543,0,1,0,105,307,334,49413619712,58487472128,8.157,0.018
google/gemma-3-1b-it,NVIDIA GeForce RTX 5060 Ti,42,HotpotQA,3,16,267,structural,50.1533,86.249,0.0,0,0,1,101,357,327,66819981312,56061591552,8.157,0.018
google/gemma-3-1b-it,NVIDIA GeForce RTX 5060 Ti,42,HotpotQA,3,16,268,structural,35.7419,28.0654,35.6075,0,0,0,114,370,370,71775027200,71775027200,8.157,0.018
google/gemma-3-1b-it,NVIDIA GeForce RTX 5060 Ti,42,HotpotQA,3,16,269,semantic,25.7867,0.0,47.5169,0,1,0,115,371,371,72163524608,72163524608,8.157,0.018
google/gemma-3-1b-it,NVIDIA GeForce RTX 5060 Ti,42,HotpotQA,3,16,270,multi-hop,61.7925,0.0,67.3606,0,1,0,110,366,366,70231523328,70231523328,8.157,0.018
google/gemma-3-1b-it,NVIDIA GeForce RTX 5060 Ti,42,HotpotQA,3,16,271,multi-hop,61.4459,0.0,0.0,0,1,1,122,378,358,74912366592,67194847232,8.157,0.018
google/gemma-3-1b-it,NVIDIA GeForce RTX 5060 Ti,42,HotpotQA,3,16,272,semantic,59.3309,0.0,75.5404,0,1,0,25,281,281,41398304768,41398304768,8.157,0.018
google/gemma-3-1b-it,NVIDIA GeForce RTX 5060 Ti,42,HotpotQA,3,16,273,multi-hop,89.9499,27.0799,30.9994,0,0,0,136,392,392,80564191232,80564191232,8.157,0.018
google/gemma-3-1b-it,NVIDIA GeForce RTX 5060 Ti,42,HotpotQA,3,16,274,multi-hop,36.3559,34.1815,0.0,0,0,1,3,259,259,35169763328,35169763328,8.157,0.018
google/gemma-3-1b-it,NVIDIA GeForce RTX 5060 Ti,42,HotpotQA,3,16,275,multi-hop,83.9602,0.0,0.0,0,1,1,5,51,102,1363673088,5454692352,8.157,0.018
google/gemma-3-1b-it,NVIDIA GeForce RTX 5060 Ti,42,HotpotQA,3,16,276,multi-hop,53.7553,0.0,0.0,0,1,1,123,379,379,75309252608,75309252608,8.157,0.018
google/gemma-3-1b-it,NVIDIA GeForce RTX 5060 Ti,42,HotpotQA,3,16,277,structural,62.2032,67.7567,83.8728,0,0,0,97,353,308,65331003392,49736056832,8.157,0.018
google/gemma-3-1b-it,NVIDIA GeForce RTX 5060 Ti,42,HotpotQA,3,16,278,multi-hop,58.3848,78.3554,0.0,0,0,1,124,380,380,75707187200,75707187200,8.157,0.018
google/gemma-3-1b-it,NVIDIA GeForce RTX 5060 Ti,42,HotpotQA,3,16,279,structural,35.3813,49.3299,41.0069,0,0,0,95,328,264,56405000192,36540776448,8.157,0.018
google/gemma-3-1b-it,NVIDIA GeForce RTX 5060 Ti,42,HotpotQA,3,16,280,multi-hop,27.6293,30.1859,50.9126,0,0,0,81,321,337,54023159808,59542863872,8.157,0.018
google/gemma-3-1b-it,NVIDIA GeForce RTX 5060 Ti,42,HotpotQA,3,16,281,semantic,41.0464,0.0,0.0,0,1,1,20,229,213,27494187008,23786422272,8.157,0.018
google/gemma-3-1b-it,NVIDIA GeForce RTX 5060 Ti,42,HotpotQA,3,16,282,semantic,43.4112,0.0,0.0,0,1,1,51,307,307,49413619712,49413619712,8.157,0.018
google/gemma-3-1b-it,NVIDIA GeForce RTX 5060 Ti,42,HotpotQA,3,16,283,structural,27.487,28.5263,54.5702,0,0,0,128,384,384,77309411328,77309411328,8.157,0.018
google/gemma-3-1b-it,NVIDIA GeForce RTX 5060 Ti,42,HotpotQA,3,16,284,multi-hop,27.3811,25.6143,54.9371,0,0,0,68,324,324,55037657088,55037657088,8.157,0.018
google/gemma-3-1b-it,NVIDIA GeForce RTX 5060 Ti,42,HotpotQA,3,16,285,structural,38.3405,0.0,0.0,0,1,1,52,299,299,46871871488,46871871488,8.157,0.018
google/gemma-3-1b-it,NVIDIA GeForce RTX 5060 Ti,42,HotpotQA,3,16,286,multi-hop,33.3962,0.0,0.0,0,1,1,108,364,364,69466062848,69466062848,8.157,0.018
google/gemma-3-1b-it,NVIDIA GeForce RTX 5060 Ti,42,HotpotQA,3,16,287,structural,28.6102,26.0123,31.8559,0,0,0,101,357,357,66819981312,66819981312,8.157,0.018
google/gemma-3-1b-it,NVIDIA GeForce RTX 5060 Ti,42,HotpotQA,3,16,288,multi-hop,25.3061,0.0,24.8414,0,1,0,97,353,339,65331003392,60251701248,8.157,0.018
google/gemma-3-1b-it,NVIDIA GeForce RTX 5060 Ti,42,HotpotQA,3,16,289,multi-hop,38.1755,0.0,32.697,0,1,0,86,342,342,61322821632,61322821632,8.157,0.018
google/gemma-3-1b-it,NVIDIA GeForce RTX 5060 Ti,42,HotpotQA,3,16,290,semantic,49.7886,0.0,33.6748,0,1,0,75,331,331,57441517568,57441517568,8.157,0.018
google/gemma-3-1b-it,NVIDIA GeForce RTX 5060 Ti,42,HotpotQA,3,16,291,multi-hop,45.197,0.0,0.0,0,1,1,84,340,340,60607692800,60607692800,8.157,0.018
google/gemma-3-1b-it,NVIDIA GeForce RTX 5060 Ti,42,HotpotQA,3,16,292,multi-hop,42.8328,0.0,40.9606,0,1,0,25,281,281,41398304768,41398304768,8.157,0.018
google/gemma-3-1b-it,NVIDIA GeForce RTX 5060 Ti,42,HotpotQA,3,16,293,multi-hop,35.3452,55.6959,46.9736,0,0,0,40,296,296,45936017408,45936017408,8.157,0.018
google/gemma-3-1b-it,NVIDIA GeForce RTX 5060 Ti,42,HotpotQA,3,16,294,multi-hop,74.1483,68.5847,58.7114,0,0,0,100,349,356,63858802688,66446163968,8.157,0.018
google/gemma-3-1b-it,NVIDIA GeForce RTX 5060 Ti,42,HotpotQA,3,16,295,semantic,50.9533,0.0,47.9904,0,1,0,124,380,380,75707187200,75707187200,8.157,0.018
google/gemma-3-1b-it,NVIDIA GeForce RTX 5060 Ti,42,HotpotQA,3,16,296,multi-hop,56.7999,56.2903,77.9367,0,0,0,104,346,360,62765662208,67947724800,8.157,0.018
google/gemma-3-1b-it,NVIDIA GeForce RTX 5060 Ti,42,HotpotQA,3,16,297,multi-hop,78.6353,0.0,0.0,0,1,1,108,364,364,69466062848,69466062848,8.157,0.018
google/gemma-3-1b-it,NVIDIA GeForce RTX 5060 Ti,42,HotpotQA,3,16,298,structural,41.7343,37.7269,48.539,0,0,0,70,326,326,55719231488,55719231488,8.157,0.018
google/gemma-3-1b-it,NVIDIA GeForce RTX 5060 Ti,42,HotpotQA,3,16,299,semantic,38.1745,0.0,58.1964,0,1,0,42,282,261,41693478912,35715022848,8.157,0.018
google/gemma-3-1b-it,NVIDIA GeForce RTX 5060 Ti,42,HotpotQA,3,16,300,multi-hop,52.6982,0.0,0.0,0,1,1,119,375,375,73728000000,73728000000,8.157,0.018
google/gemma-3-1b-it,NVIDIA GeForce RTX 5060 Ti,42,HotpotQA,3,16,301,multi-hop,30.9227,57.6187,28.7664,0,0,0,69,324,325,55037657088,55377920000,8.157,0.018
google/gemma-3-1b-it,NVIDIA GeForce RTX 5060 Ti,42,HotpotQA,3,16,302,structural,29.2371,0.0,0.0,0,1,1,117,373,373,72943665152,72943665152,8.157,0.018
google/gemma-3-1b-it,NVIDIA GeForce RTX 5060 Ti,42,HotpotQA,3,16,303,semantic,60.2861,0.0,80.9854,0,1,0,65,273,285,39074660352,42585292800,8.157,0.018
google/gemma-3-1b-it,NVIDIA GeForce RTX 5060 Ti,42,HotpotQA,3,16,304,multi-hop,32.1227,0.0,29.2032,0,1,0,115,371,371,72163524608,72163524608,8.157,0.018
google/gemma-3-1b-it,NVIDIA GeForce RTX 5060 Ti,42,HotpotQA,3,16,305,multi-hop,77.6241,0.0,44.817,0,1,0,63,319,319,53352071168,53352071168,8.157,0.018
google/gemma-3-1b-it,NVIDIA GeForce RTX 5060 Ti,42,HotpotQA,3,16,306,semantic,45.9929,0.0,64.1542,0,1,0,99,323,350,54698442752,64225280000,8.157,0.018
google/gemma-3-1b-it,NVIDIA GeForce RTX 5060 Ti,42,HotpotQA,3,16,307,semantic,49.5198,0.0,73.7925,0,1,0,148,404,404,85572190208,85572190208,8.157,0.018
google/gemma-3-1b-it,NVIDIA GeForce RTX 5060 Ti,42,HotpotQA,3,16,308,multi-hop,34.7136,29.494,27.2185,0,0,0,86,329,309,56749457408,50059542528,8.157,0.018
google/gemma-3-1b-it,NVIDIA GeForce RTX 5060 Ti,42,HotpotQA,3,16,309,multi-hop,72.0074,0.0,29.9323,0,1,0,122,378,378,74912366592,74912366592,8.157,0.018
google/gemma-3-1b-it,NVIDIA GeForce RTX 5060 Ti,42,HotpotQA,3,16,310,structural,35.0467,49.7118,32.4768,0,0,0,31,246,287,31727812608,43185078272,8.157,0.018
google/gemma-3-1b-it,NVIDIA GeForce RTX 5060 Ti,42,HotpotQA,3,16,311,multi-hop,30.9682,0.0,0.0,0,1,1,116,372,372,72553070592,72553070592,8.157,0.018
google/gemma-3-1b-it,NVIDIA GeForce RTX 5060 Ti,42,HotpotQA,3,16,312,multi-hop,49.709,30.0174,60.8805,0,0,0,106,362,297,68704796672,46246920192,8.157,0.018
google/gemma-3-1b-it,NVIDIA GeForce RTX 5060 Ti,42,HotpotQA,3,16,313,structural,34.6931,27.7528,32.9238,0,0,0,111,367,367,70615826432,70615826432,8.157,0.018
google/gemma-3-1b-it,NVIDIA GeForce RTX 5060 Ti,42,HotpotQA,3,16,314,structural,27.2922,34.2148,32.48,0,0,0,117,336,333,59190018048,58137772032,8.157,0.018
google/gemma-3-1b-it,NVIDIA GeForce RTX 5060 Ti,42,HotpotQA,3,16,315,multi-hop,26.714,50.0856,0.0,0,0,1,110,329,308,56749457408,49736056832,8.157,0.018
google/gemma-3-1b-it,NVIDIA GeForce RTX 5060 Ti,42,HotpotQA,3,16,316,semantic,33.11,0.0,0.0,0,1,1,121,345,352,62403379200,64961380352,8.157,0.018
google/gemma-3-1b-it,NVIDIA GeForce RTX 5060 Ti,42,HotpotQA,3,16,317,multi-hop,69.2236,0.0,27.5505,0,1,0,63,319,319,53352071168,53352071168,8.157,0.018
google/gemma-3-1b-it,NVIDIA GeForce RTX 5060 Ti,42,HotpotQA,3,16,318,multi-hop,28.7835,63.8436,27.312,0,0,0,112,368,368,71001178112,71001178112,8.157,0.018
google/gemma-3-1b-it,NVIDIA GeForce RTX 5060 Ti,42,HotpotQA,3,16,319,semantic,52.1143,0.0,0.0,0,1,1,4,15,15,117964800,117964800,8.157,0.018
google/gemma-3-1b-it,NVIDIA GeForce RTX 5060 Ti,42,HotpotQA,3,16,320,multi-hop,0.0,0.0,0.0,1,1,1,81,337,337,59542863872,59542863872,8.157,0.018
google/gemma-3-1b-it,NVIDIA GeForce RTX 5060 Ti,42,HotpotQA,3,16,321,multi-hop,34.243,30.432,30.2493,0,0,0,2,8,7,33554432,25690112,8.157,0.018
google/gemma-3-1b-it,NVIDIA GeForce RTX 5060 Ti,42,HotpotQA,3,16,322,multi-hop,67.9586,28.8873,94.1581,0,0,0,116,372,372,72553070592,72553070592,8.157,0.018
google/gemma-3-1b-it,NVIDIA GeForce RTX 5060 Ti,42,HotpotQA,3,16,323,structural,0.0,31.4698,83.3642,1,0,0,96,352,352,64961380352,64961380352,8.157,0.018
google/gemma-3-1b-it,NVIDIA GeForce RTX 5060 Ti,42,HotpotQA,3,16,324,semantic,70.8875,0.0,28.3666,0,1,0,113,369,261,71387578368,35715022848,8.157,0.018
google/gemma-3-1b-it,NVIDIA GeForce RTX 5060 Ti,42,HotpotQA,3,16,325,semantic,39.9639,0.0,35.0386,0,1,0,12,62,268,2015363072,37656461312,8.157,0.018
google/gemma-3-1b-it,NVIDIA GeForce RTX 5060 Ti,42,HotpotQA,3,16,326,multi-hop,39.2542,58.5636,33.2817,0,0,0,26,282,282,41693478912,41693478912,8.157,0.018
google/gemma-3-1b-it,NVIDIA GeForce RTX 5060 Ti,42,HotpotQA,3,16,327,structural,29.6138,30.2468,29.4717,0,0,0,2,78,28,3189768192,411041792,8.157,0.018
google/gemma-3-1b-it,NVIDIA GeForce RTX 5060 Ti,42,HotpotQA,3,16,328,multi-hop,79.4637,0.0,0.0,0,1,1,9,265,265,36818124800,36818124800,8.157,0.018
google/gemma-3-1b-it,NVIDIA GeForce RTX 5060 Ti,42,HotpotQA,3,16,329,multi-hop,31.138,0.0,0.0,0,1,1,105,361,324,68325736448,55037657088,8.157,0.018
google/gemma-3-1b-it,NVIDIA GeForce RTX 5060 Ti,42,HotpotQA,3,16,330,structural,80.6614,0.0,78.7143,0,1,0,90,346,346,62765662208,62765662208,8.157,0.018
google/gemma-3-1b-it,NVIDIA GeForce RTX 5060 Ti,42,HotpotQA,3,16,331,multi-hop,46.9786,0.0,44.0207,0,1,0,25,281,281,41398304768,41398304768,8.157,0.018
google/gemma-3-1b-it,NVIDIA GeForce RTX 5060 Ti,42,HotpotQA,3,16,332,multi-hop,64.8473,69.4719,79.4094,0,0,0,96,352,352,64961380352,64961380352,8.157,0.018
google/gemma-3-1b-it,NVIDIA GeForce RTX 5060 Ti,42,HotpotQA,3,16,333,semantic,45.5525,0.0,77.1977,0,1,0,118,374,370,73335308288,71775027200,8.157,0.018
google/gemma-3-1b-it,NVIDIA GeForce RTX 5060 Ti,42,HotpotQA,3,16,334,semantic,40.1918,0.0,85.9427,0,1,0,104,346,360,62765662208,67947724800,8.157,0.018
google/gemma-3-1b-it,NVIDIA GeForce RTX 5060 Ti,42,HotpotQA,3,16,335,multi-hop,50.2599,61.3789,0.0,0,0,1,126,332,382,57789120512,76506202112,8.157,0.018
google/gemma-3-1b-it,NVIDIA GeForce RTX 5060 Ti,42,HotpotQA,3,16,336,multi-hop,78.4049,0.0,40.8345,0,1,0,95,351,351,64592805888,64592805888,8.157,0.018
google/gemma-3-1b-it,NVIDIA GeForce RTX 5060 Ti,42,HotpotQA,3,16,337,structural,81.6189,0.0,0.0,0,1,1,24,280,280,41104179200,41104179200,8.157,0.018
google/gemma-3-1b-it,NVIDIA GeForce RTX 5060 Ti,42,HotpotQA,3,16,338,multi-hop,79.3934,0.0,0.0,0,1,1,60,316,316,52353302528,52353302528,8.157,0.018
google/gemma-3-1b-it,NVIDIA GeForce RTX 5060 Ti,42,HotpotQA,3,16,339,multi-hop,67.0731,0.0,87.0441,0,1,0,50,287,306,43185078272,49092231168,8.157,0.018
google/gemma-3-1b-it,NVIDIA GeForce RTX 5060 Ti,42,HotpotQA,3,16,340,semantic,48.1042,0.0,0.0,0,1,1,94,340,340,60607692800,60607692800,8.157,0.018
google/gemma-3-1b-it,NVIDIA GeForce RTX 5060 Ti,42,HotpotQA,3,16,341,semantic,42.7299,0.0,39.5959,0,1,0,4,260,229,35441868800,27494187008,8.157,0.018
google/gemma-3-1b-it,NVIDIA GeForce RTX 5060 Ti,42,HotpotQA,3,16,342,multi-hop,0.0,0.0,0.0,1,1,1,24,280,280,41104179200,41104179200,8.157,0.018
google/gemma-3-1b-it,NVIDIA GeForce RTX 5060 Ti,42,HotpotQA,3,16,343,structural,69.8303,0.0,72.4996,0,1,0,111,367,367,70615826432,70615826432,8.157,0.018
google/gemma-3-1b-it,NVIDIA GeForce RTX 5060 Ti,42,HotpotQA,3,16,344,multi-hop,77.9243,84.8174,64.4022,0,0,0,101,334,342,58487472128,61322821632,8.157,0.018
google/gemma-3-1b-it,NVIDIA GeForce RTX 5060 Ti,42,HotpotQA,3,16,345,semantic,65.1049,0.0,74.6873,0,1,0,102,358,358,67194847232,67194847232,8.157,0.018
google/gemma-3-1b-it,NVIDIA GeForce RTX 5060 Ti,42,HotpotQA,3,16,346,semantic,57.9039,0.0,68.0683,0,1,0,18,175,274,16056320000,39361445888,8.157,0.018
google/gemma-3-1b-it,NVIDIA GeForce RTX 5060 Ti,42,HotpotQA,3,16,347,structural,64.6376,0.0,0.0,0,1,1,119,333,375,58137772032,73728000000,8.157,0.018
google/gemma-3-1b-it,NVIDIA GeForce RTX 5060 Ti,42,HotpotQA,3,16,348,structural,44.5371,32.4223,65.4523,0,0,0,106,362,334,68704796672,58487472128,8.157,0.018
google/gemma-3-1b-it,NVIDIA GeForce RTX 5060 Ti,42,HotpotQA,3,16,349,semantic,0.0,0.0,0.0,1,1,1,18,175,274,16056320000,39361445888,8.157,0.018
google/gemma-3-1b-it,NVIDIA GeForce RTX 5060 Ti,42,HotpotQA,3,16,350,semantic,0.0,0.0,0.0,1,1,1,48,304,304,48452599808,48452599808,8.157,0.018
google/gemma-3-1b-it,NVIDIA GeForce RTX 5060 Ti,42,HotpotQA,3,16,351,multi-hop,82.9538,45.4702,77.6367,0,0,0,77,312,333,51036291072,58137772032,8.157,0.018
google/gemma-3-1b-it,NVIDIA GeForce RTX 5060 Ti,42,HotpotQA,3,16,352,structural,62.5709,68.2882,72.7761,0,0,0,14,141,270,10423369728,38220595200,8.157,0.018
google/gemma-3-1b-it,NVIDIA GeForce RTX 5060 Ti,42,HotpotQA,3,16,353,semantic,0.0,0.0,0.0,1,1,1,11,228,267,27254587392,37375967232,8.157,0.018
google/gemma-3-1b-it,NVIDIA GeForce RTX 5060 Ti,42,HotpotQA,3,16,354,semantic,40.5907,0.0,68.913,0,1,0,112,362,368,68704796672,71001178112,8.157,0.018
google/gemma-3-1b-it,NVIDIA GeForce RTX 5060 Ti,42,HotpotQA,3,16,355,semantic,75.6962,0.0,0.0,0,1,1,109,365,365,69848268800,69848268800,8.157,0.018
google/gemma-3-1b-it,NVIDIA GeForce RTX 5060 Ti,42,HotpotQA,3,16,356,multi-hop,68.6775,75.0333,0.0,0,0,1,114,370,370,71775027200,71775027200,8.157,0.018
google/gemma-3-1b-it,NVIDIA GeForce RTX 5060 Ti,42,HotpotQA,3,16,357,structural,81.5412,81.658,44.0881,0,0,0,4,113,204,6694633472,21818769408,8.157,0.018
google/gemma-3-1b-it,NVIDIA GeForce RTX 5060 Ti,42,HotpotQA,3,16,358,multi-hop,36.3893,65.0395,81.9632,0,0,0,102,237,277,29448732672,40228093952,8.157,0.018
google/gemma-3-1b-it,NVIDIA GeForce RTX 5060 Ti,42,HotpotQA,3,16,359,structural,33.334,27.2476,37.0538,0,0,0,41,274,297,39361445888,46246920192,8.157,0.018
google/gemma-3-1b-it,NVIDIA GeForce RTX 5060 Ti,42,HotpotQA,3,16,360,structural,50.5554,83.9561,33.0504,0,0,0,4,9,9,42467328,42467328,8.157,0.018
google/gemma-3-1b-it,NVIDIA GeForce RTX 5060 Ti,42,HotpotQA,3,16,361,semantic,63.7286,0.0,55.6614,0,1,0,127,383,383,76907282432,76907282432,8.157,0.018
google/gemma-3-1b-it,NVIDIA GeForce RTX 5060 Ti,42,HotpotQA,3,16,362,multi-hop,67.8608,34.3605,85.3758,0,0,0,24,183,280,17557880832,41104179200,8.157,0.018
google/gemma-3-1b-it,NVIDIA GeForce RTX 5060 Ti,42,HotpotQA,3,16,363,structural,65.7715,35.4837,52.5129,0,0,0,99,351,355,64592805888,66073395200,8.157,0.018
google/gemma-3-1b-it,NVIDIA GeForce RTX 5060 Ti,42,HotpotQA,3,16,364,semantic,34.885,0.0,46.6527,0,1,0,47,303,303,48134356992,48134356992,8.157,0.018
google/gemma-3-1b-it,NVIDIA GeForce RTX 5060 Ti,42,HotpotQA,3,16,365,semantic,31.8413,0.0,0.0,0,1,1,129,385,385,77712588800,77712588800,8.157,0.018
google/gemma-3-1b-it,NVIDIA GeForce RTX 5060 Ti,42,HotpotQA,3,16,366,multi-hop,35.7983,70.7518,44.473,0,0,0,95,319,337,53352071168,59542863872,8.157,0.018
google/gemma-3-1b-it,NVIDIA GeForce RTX 5060 Ti,42,HotpotQA,3,16,367,semantic,49.3041,0.0,63.8366,0,1,0,115,371,371,72163524608,72163524608,8.157,0.018
google/gemma-3-1b-it,NVIDIA GeForce RTX 5060 Ti,42,HotpotQA,3,16,368,semantic,45.0856,0.0,0.0,0,1,1,2,12,23,75497472,277348352,8.157,0.018
google/gemma-3-1b-it,NVIDIA GeForce RTX 5060 Ti,42,HotpotQA,3,16,369,semantic,36.8861,0.0,0.0,0,1,1,139,306,336,49092231168,59190018048,8.157,0.018
google/gemma-3-1b-it,NVIDIA GeForce RTX 5060 Ti,42,HotpotQA,3,16,370,multi-hop,45.1084,0.0,40.1544,0,1,0,122,378,378,74912366592,74912366592,8.157,0.018
google/gemma-3-1b-it,NVIDIA GeForce RTX 5060 Ti,42,HotpotQA,3,16,371,semantic,50.5658,0.0,77.5282,0,1,0,126,382,382,76506202112,76506202112,8.157,0.018
google/gemma-3-1b-it,NVIDIA GeForce RTX 5060 Ti,42,HotpotQA,3,16,372,multi-hop,37.9333,0.0,83.4263,0,1,0,63,289,312,43789058048,51036291072,8.157,0.018
google/gemma-3-1b-it,NVIDIA GeForce RTX 5060 Ti,42,HotpotQA,3,16,373,multi-hop,44.0845,0.0,78.2374,0,1,0,111,328,367,56405000192,70615826432,8.157,0.018
google/gemma-3-1b-it,NVIDIA GeForce RTX 5060 Ti,42,HotpotQA,3,16,374,structural,38.3929,63.3592,65.9518,0,0,0,93,283,283,41989701632,41989701632,8.157,0.018
google/gemma-3-1b-it,NVIDIA GeForce RTX 5060 Ti,42,HotpotQA,3,16,375,structural,54.355,0.0,0.0,0,1,1,81,321,337,54023159808,59542863872,8.157,0.018
google/gemma-3-1b-it,NVIDIA GeForce RTX 5060 Ti,42,HotpotQA,3,16,376,multi-hop,38.7166,38.6167,33.8873,0,0,0,129,385,385,77712588800,77712588800,8.157,0.018
google/gemma-3-1b-it,NVIDIA GeForce RTX 5060 Ti,42,HotpotQA,3,16,377,structural,42.0349,48.4709,37.861,0,0,0,124,380,380,75707187200,75707187200,8.157,0.018
google/gemma-3-1b-it,NVIDIA GeForce RTX 5060 Ti,42,HotpotQA,3,16,378,multi-hop,30.9372,46.7232,57.5726,0,0,0,95,351,351,64592805888,64592805888,8.157,0.018
google/gemma-3-1b-it,NVIDIA GeForce RTX 5060 Ti,42,HotpotQA,3,16,379,structural,80.1837,51.1101,31.6015,0,0,0,148,404,404,85572190208,85572190208,8.157,0.018
google/gemma-3-1b-it,NVIDIA GeForce RTX 5060 Ti,42,HotpotQA,3,16,380,semantic,33.9263,0.0,0.0,0,1,1,58,314,305,51692699648,48771891200,8.157,0.018
google/gemma-3-1b-it,NVIDIA GeForce RTX 5060 Ti,42,HotpotQA,3,16,381,structural,37.3327,0.0,0.0,0,1,1,114,370,370,71775027200,71775027200,8.157,0.018
google/gemma-3-1b-it,NVIDIA GeForce RTX 5060 Ti,42,HotpotQA,3,16,382,semantic,36.416,0.0,51.3602,0,1,0,114,300,370,47185920000,71775027200,8.157,0.018
google/gemma-3-1b-it,NVIDIA GeForce RTX 5060 Ti,42,HotpotQA,3,16,383,multi-hop,58.0753,51.0422,88.1639,0,0,0,99,355,312,66073395200,51036291072,8.157,0.018
google/gemma-3-1b-it,NVIDIA GeForce RTX 5060 Ti,42,HotpotQA,3,16,384,structural,55.2826,0.0,0.0,0,1,1,26,282,282,41693478912,41693478912,8.157,0.018
google/gemma-3-1b-it,NVIDIA GeForce RTX 5060 Ti,42,HotpotQA,3,16,385,multi-hop,57.4914,37.7575,55.3821,0,0,0,108,295,364,45626163200,69466062848,8.157,0.018
google/gemma-3-1b-it,NVIDIA GeForce RTX 5060 Ti,42,HotpotQA,3,16,386,semantic,49.6494,0.0,0.0,0,1,1,76,332,332,57789120512,57789120512,8.157,0.018
google/gemma-3-1b-it,NVIDIA GeForce RTX 5060 Ti,42,HotpotQA,3,16,387,semantic,62.5525,0.0,50.856,0,1,0,105,361,361,68325736448,68325736448,8.157,0.018
google/gemma-3-1b-it,NVIDIA GeForce RTX 5060 Ti,42,HotpotQA,3,16,388,multi-hop,34.4539,0.0,0.0,0,1,1,135,391,391,80153673728,80153673728,8.157,0.018
google/gemma-3-1b-it,NVIDIA GeForce RTX 5060 Ti,42,HotpotQA,3,16,389,semantic,77.1919,0.0,0.0,0,1,1,83,339,339,60251701248,60251701248,8.157,0.018
google/gemma-3-1b-it,NVIDIA GeForce RTX 5060 Ti,42,HotpotQA,3,16,390,multi-hop,33.1772,0.0,80.4855,0,1,0,99,298,213,46558871552,23786422272,8.157,0.018
google/gemma-3-1b-it,NVIDIA GeForce RTX 5060 Ti,42,HotpotQA,3,16,391,multi-hop,58.8058,0.0,73.8707,0,1,0,87,300,343,47185920000,61681958912,8.157,0.018
google/gemma-3-1b-it,NVIDIA GeForce RTX 5060 Ti,42,HotpotQA,3,16,392,multi-hop,52.3309,0.0,54.8475,0,1,0,89,345,345,62403379200,62403379200,8.157,0.018
google/gemma-3-1b-it,NVIDIA GeForce RTX 5060 Ti,42,HotpotQA,3,16,393,semantic,37.8459,0.0,39.6425,0,1,0,97,353,263,65331003392,36264476672,8.157,0.018
google/gemma-3-1b-it,NVIDIA GeForce RTX 5060 Ti,42,HotpotQA,3,16,394,multi-hop,48.8408,37.9953,55.2772,0,0,0,68,324,324,55037657088,55037657088,8.157,0.018
google/gemma-3-1b-it,NVIDIA GeForce RTX 5060 Ti,42,HotpotQA,3,16,395,multi-hop,37.3962,64.7277,63.2372,0,0,0,96,352,352,64961380352,64961380352,8.157,0.018
google/gemma-3-1b-it,NVIDIA GeForce RTX 5060 Ti,42,HotpotQA,3,16,396,multi-hop,32.956,51.5792,36.3875,0,0,0,34,290,290,44092620800,44092620800,8.157,0.018
google/gemma-3-1b-it,NVIDIA GeForce RTX 5060 Ti,42,HotpotQA,3,16,397,structural,27.7192,55.0058,38.0551,0,0,0,63,289,312,43789058048,51036291072,8.157,0.018
google/gemma-3-1b-it,NVIDIA GeForce RTX 5060 Ti,42,HotpotQA,3,16,398,multi-hop,64.4163,43.2442,67.5971,0,0,0,122,378,378,74912366592,74912366592,8.157,0.018
google/gemma-3-1b-it,NVIDIA GeForce RTX 5060 Ti,42,HotpotQA,3,16,399,multi-hop,42.1906,0.0,42.0503,0,1,0,37,193,293,19529203712,45009600512,8.157,0.018
google/gemma-3-1b-it,NVIDIA GeForce RTX 5060 Ti,42,HotpotQA,3,16,400,multi-hop,35.6957,0.0,32.2147,0,1,0,86,342,342,61322821632,61322821632,8.157,0.018
google/gemma-3-1b-it,NVIDIA GeForce RTX 5060 Ti,42,HotpotQA,3,16,401,structural,39.443,78.0371,46.2673,0,0,0,105,361,361,68325736448,68325736448,8.157,0.018
google/gemma-3-1b-it,NVIDIA GeForce RTX 5060 Ti,42,HotpotQA,3,16,402,semantic,0.0,0.0,0.0,1,1,1,78,334,334,58487472128,58487472128,8.157,0.018
google/gemma-3-1b-it,NVIDIA GeForce RTX 5060 Ti,42,HotpotQA,3,16,403,multi-hop,54.6805,46.947,69.6481,0,0,0,102,358,358,67194847232,67194847232,8.157,0.018
google/gemma-3-1b-it,NVIDIA GeForce RTX 5060 Ti,42,HotpotQA,3,16,404,semantic,0.0,0.0,0.0,1,1,1,119,375,375,73728000000,73728000000,8.157,0.018
google/gemma-3-1b-it,NVIDIA GeForce RTX 5060 Ti,42,HotpotQA,3,16,405,structural,45.0916,63.8012,35.5784,0,0,0,47,303,303,48134356992,48134356992,8.157,0.018
google/gemma-3-1b-it,NVIDIA GeForce RTX 5060 Ti,42,HotpotQA,3,16,406,semantic,44.7624,0.0,76.8782,0,1,0,120,373,376,72943665152,74121740288,8.157,0.018
google/gemma-3-1b-it,NVIDIA GeForce RTX 5060 Ti,42,HotpotQA,3,16,407,multi-hop,40.8027,47.7175,0.0,0,0,1,127,383,383,76907282432,76907282432,8.157,0.018
google/gemma-3-1b-it,NVIDIA GeForce RTX 5060 Ti,42,HotpotQA,3,16,408,multi-hop,36.284,0.0,50.3317,0,1,0,127,383,383,76907282432,76907282432,8.157,0.018
google/gemma-3-1b-it,NVIDIA GeForce RTX 5060 Ti,42,HotpotQA,3,16,409,semantic,62.5712,0.0,0.0,0,1,1,117,373,373,72943665152,72943665152,8.157,0.018
google/gemma-3-1b-it,NVIDIA GeForce RTX 5060 Ti,42,HotpotQA,3,16,410,multi-hop,58.5146,0.0,33.9484,0,1,0,112,368,368,71001178112,71001178112,8.157,0.018
google/gemma-3-1b-it,NVIDIA GeForce RTX 5060 Ti,42,HotpotQA,3,16,411,structural,29.7888,0.0,0.0,0,1,1,87,343,343,61681958912,61681958912,8.157,0.018
google/gemma-3-1b-it,NVIDIA GeForce RTX 5060 Ti,42,HotpotQA,3,16,412,multi-hop,46.3664,0.0,33.3505,0,1,0,106,362,334,68704796672,58487472128,8.157,0.018
google/gemma-3-1b-it,NVIDIA GeForce RTX 5060 Ti,42,HotpotQA,3,16,413,multi-hop,85.5366,0.0,0.0,0,1,1,159,415,415,90295500800,90295500800,8.157,0.018
google/gemma-3-1b-it,NVIDIA GeForce RTX 5060 Ti,42,HotpotQA,3,16,414,multi-hop,0.0,0.0,0.0,1,1,1,134,390,390,79744204800,79744204800,8.157,0.018
google/gemma-3-1b-it,NVIDIA GeForce RTX 5060 Ti,42,HotpotQA,3,16,415,semantic,71.4904,0.0,84.8242,0,1,0,114,370,370,71775027200,71775027200,8.157,0.018
google/gemma-3-1b-it,NVIDIA GeForce RTX 5060 Ti,42,HotpotQA,3,16,416,semantic,73.2465,0.0,80.9294,0,1,0,49,303,305,48134356992,48771891200,8.157,0.018
google/gemma-3-1b-it,NVIDIA GeForce RTX 5060 Ti,42,HotpotQA,3,16,417,semantic,36.6441,0.0,36.8801,0,1,0,122,316,378,52353302528,74912366592,8.157,0.018
google/gemma-3-1b-it,NVIDIA GeForce RTX 5060 Ti,42,HotpotQA,3,16,418,multi-hop,72.928,56.7605,37.3635,0,0,0,24,183,280,17557880832,41104179200,8.157,0.018
google/gemma-3-1b-it,NVIDIA GeForce RTX 5060 Ti,42,HotpotQA,3,16,419,multi-hop,57.495,0.0,0.0,0,1,1,26,282,282,41693478912,41693478912,8.157,0.018
google/gemma-3-1b-it,NVIDIA GeForce RTX 5060 Ti,42,HotpotQA,3,16,420,structural,70.0495,51.4291,0.0,0,0,1,118,374,374,73335308288,73335308288,8.157,0.018
google/gemma-3-1b-it,NVIDIA GeForce RTX 5060 Ti,42,HotpotQA,3,16,421,multi-hop,106.8909,36.3498,32.0865,0,0,0,37,193,293,19529203712,45009600512,8.157,0.018
google/gemma-3-1b-it,NVIDIA GeForce RTX 5060 Ti,42,HotpotQA,3,16,422,multi-hop,65.5376,39.7117,39.7142,0,0,0,20,229,213,27494187008,23786422272,8.157,0.018
google/gemma-3-1b-it,NVIDIA GeForce RTX 5060 Ti,42,HotpotQA,3,16,423,semantic,46.1912,0.0,0.0,0,1,1,96,352,352,64961380352,64961380352,8.157,0.018
google/gemma-3-1b-it,NVIDIA GeForce RTX 5060 Ti,42,HotpotQA,3,16,424,structural,83.1403,53.5211,30.389,0,0,0,51,307,307,49413619712,49413619712,8.157,0.018
google/gemma-3-1b-it,NVIDIA GeForce RTX 5060 Ti,42,HotpotQA,3,16,425,semantic,42.7991,0.0,0.0,0,1,1,123,379,379,75309252608,75309252608,8.157,0.018
google/gemma-3-1b-it,NVIDIA GeForce RTX 5060 Ti,42,HotpotQA,3,16,426,multi-hop,89.5929,33.0197,76.73,0,0,0,5,23,145,277348352,11023155200,8.157,0.018
google/gemma-3-1b-it,NVIDIA GeForce RTX 5060 Ti,42,HotpotQA,3,16,427,semantic,53.9877,0.0,65.3767,0,1,0,93,310,312,50384076800,51036291072,8.157,0.018
google/gemma-3-1b-it,NVIDIA GeForce RTX 5060 Ti,42,HotpotQA,3,16,428,semantic,82.9692,0.0,0.0,0,1,1,225,481,481,121299795968,121299795968,8.157,0.018
google/gemma-3-1b-it,NVIDIA GeForce RTX 5060 Ti,42,HotpotQA,3,16,429,multi-hop,97.5561,56.0077,37.6366,0,0,0,123,352,379,64961380352,75309252608,8.157,0.018
google/gemma-3-1b-it,NVIDIA GeForce RTX 5060 Ti,42,HotpotQA,3,16,430,semantic,83.4618,0.0,0.0,0,1,1,63,319,319,53352071168,53352071168,8.157,0.018
google/gemma-3-1b-it,NVIDIA GeForce RTX 5060 Ti,42,HotpotQA,3,16,431,multi-hop,81.3589,84.3386,51.9022,0,0,0,105,361,361,68325736448,68325736448,8.157,0.018
google/gemma-3-1b-it,NVIDIA GeForce RTX 5060 Ti,42,HotpotQA,3,16,432,structural,28.5624,32.843,69.9197,0,0,0,60,316,316,52353302528,52353302528,8.157,0.018
google/gemma-3-1b-it,NVIDIA GeForce RTX 5060 Ti,42,HotpotQA,3,16,433,structural,59.5406,54.1368,65.1891,0,0,0,2,10,9,52428800,42467328,8.157,0.018
google/gemma-3-1b-it,NVIDIA GeForce RTX 5060 Ti,42,HotpotQA,3,16,434,multi-hop,38.2323,46.8589,50.4194,0,0,0,9,265,265,36818124800,36818124800,8.157,0.018
google/gemma-3-1b-it,NVIDIA GeForce RTX 5060 Ti,42,HotpotQA,3,16,435,structural,65.8258,68.811,0.0,0,0,1,26,282,282,41693478912,41693478912,8.157,0.018
google/gemma-3-1b-it,NVIDIA GeForce RTX 5060 Ti,42,HotpotQA,3,16,436,multi-hop,37.7679,0.0,52.1647,0,1,0,99,355,355,66073395200,66073395200,8.157,0.018
google/gemma-3-1b-it,NVIDIA GeForce RTX 5060 Ti,42,HotpotQA,3,16,437,multi-hop,97.5842,36.4694,64.4627,0,0,0,109,365,365,69848268800,69848268800,8.157,0.018
google/gemma-3-1b-it,NVIDIA GeForce RTX 5060 Ti,42,HotpotQA,3,16,438,multi-hop,67.371,49.2638,0.0,0,0,1,125,381,381,76106170368,76106170368,8.157,0.018
google/gemma-3-1b-it,NVIDIA GeForce RTX 5060 Ti,42,HotpotQA,3,16,439,semantic,32.8267,0.0,34.4362,0,1,0,39,236,295,29200744448,45626163200,8.157,0.018
google/gemma-3-1b-it,NVIDIA GeForce RTX 5060 Ti,42,HotpotQA,3,16,440,multi-hop,61.5152,36.0697,51.4732,0,0,0,97,353,353,65331003392,65331003392,8.157,0.018
google/gemma-3-1b-it,NVIDIA GeForce RTX 5060 Ti,42,HotpotQA,3,16,441,multi-hop,41.8376,0.0,0.0,0,1,1,87,270,270,38220595200,38220595200,8.157,0.018
google/gemma-3-1b-it,NVIDIA GeForce RTX 5060 Ti,42,HotpotQA,3,16,442,semantic,80.687,0.0,0.0,0,1,1,82,314,324,51692699648,55037657088,8.157,0.018
google/gemma-3-1b-it,NVIDIA GeForce RTX 5060 Ti,42,HotpotQA,3,16,443,structural,49.6105,38.8204,45.2526,0,0,0,142,398,398,83049316352,83049316352,8.157,0.018
google/gemma-3-1b-it,NVIDIA GeForce RTX 5060 Ti,42,HotpotQA,3,16,444,multi-hop,65.4207,0.0,57.6272,0,1,0,120,373,376,72943665152,74121740288,8.157,0.018
google/gemma-3-1b-it,NVIDIA GeForce RTX 5060 Ti,42,HotpotQA,3,16,445,structural,65.7272,69.0833,47.6026,0,0,0,20,177,276,16425418752,39938162688,8.157,0.018
google/gemma-3-1b-it,NVIDIA GeForce RTX 5060 Ti,42,HotpotQA,3,16,446,structural,66.846,49.7531,42.4652,0,0,0,63,289,312,43789058048,51036291072,8.157,0.018
google/gemma-3-1b-it,NVIDIA GeForce RTX 5060 Ti,42,HotpotQA,3,16,447,multi-hop,59.1508,36.2376,0.0,0,0,1,8,264,264,36540776448,36540776448,8.157,0.018
google/gemma-3-1b-it,NVIDIA GeForce RTX 5060 Ti,42,HotpotQA,3,16,448,multi-hop,67.1021,57.6047,86.7192,0,0,0,153,409,409,87703420928,87703420928,8.157,0.018
google/gemma-3-1b-it,NVIDIA GeForce RTX 5060 Ti,42,HotpotQA,3,16,449,semantic,67.2362,0.0,51.6439,0,1,0,115,271,297,38504235008,46246920192,8.157,0.018
google/gemma-3-1b-it,NVIDIA GeForce RTX 5060 Ti,42,HotpotQA,3,16,450,structural,87.0512,0.0,0.0,0,1,1,106,362,297,68704796672,46246920192,8.157,0.018
google/gemma-3-1b-it,NVIDIA GeForce RTX 5060 Ti,42,HotpotQA,3,16,451,semantic,62.1722,0.0,47.9512,0,1,0,72,318,304,53018099712,48452599808,8.157,0.018
google/gemma-3-1b-it,NVIDIA GeForce RTX 5060 Ti,42,HotpotQA,3,16,452,structural,85.4707,0.0,0.0,0,1,1,25,281,281,41398304768,41398304768,8.157,0.018
google/gemma-3-1b-it,NVIDIA GeForce RTX 5060 Ti,42,HotpotQA,3,16,453,multi-hop,85.7102,0.0,36.5032,0,1,0,60,316,316,52353302528,52353302528,8.157,0.018
google/gemma-3-1b-it,NVIDIA GeForce RTX 5060 Ti,42,HotpotQA,3,16,454,multi-hop,62.7382,36.8995,24.7466,0,0,0,119,333,375,58137772032,73728000000,7.697,0.018
google/gemma-3-1b-it,NVIDIA GeForce RTX 5060 Ti,42,HotpotQA,3,16,455,semantic,31.5783,0.0,24.4936,0,1,0,159,415,415,90295500800,90295500800,7.697,0.018
google/gemma-3-1b-it,NVIDIA GeForce RTX 5060 Ti,42,HotpotQA,3,16,456,semantic,25.446,0.0,0.0,0,1,1,5,51,102,1363673088,5454692352,7.697,0.018
google/gemma-3-1b-it,NVIDIA GeForce RTX 5060 Ti,42,HotpotQA,3,16,457,multi-hop,88.7018,88.0563,32.352,0,0,0,47,303,303,48134356992,48134356992,7.697,0.018
google/gemma-3-1b-it,NVIDIA GeForce RTX 5060 Ti,42,HotpotQA,3,16,458,multi-hop,25.554,0.0,0.0,0,1,1,93,283,283,41989701632,41989701632,7.697,0.018
google/gemma-3-1b-it,NVIDIA GeForce RTX 5060 Ti,42,HotpotQA,3,16,459,multi-hop,65.9257,0.0,0.0,0,1,1,2,10,9,52428800,42467328,7.697,0.018
google/gemma-3-1b-it,NVIDIA GeForce RTX 5060 Ti,42,HotpotQA,3,16,460,structural,47.0577,24.0657,82.6003,0,0,0,101,298,326,46558871552,55719231488,7.697,0.018
google/gemma-3-1b-it,NVIDIA GeForce RTX 5060 Ti,42,HotpotQA,3,16,461,semantic,85.0374,0.0,87.45,0,1,0,106,342,362,61322821632,68704796672,7.697,0.018
google/gemma-3-1b-it,NVIDIA GeForce RTX 5060 Ti,42,HotpotQA,3,16,462,structural,83.0458,51.6734,83.7157,0,0,0,97,353,263,65331003392,36264476672,7.697,0.018
google/gemma-3-1b-it,NVIDIA GeForce RTX 5060 Ti,42,HotpotQA,3,16,463,semantic,33.7804,0.0,0.0,0,1,1,78,326,326,55719231488,55719231488,7.697,0.018
google/gemma-3-1b-it,NVIDIA GeForce RTX 5060 Ti,42,HotpotQA,3,16,464,multi-hop,32.6668,32.1849,23.7519,0,0,0,204,460,460,110939340800,110939340800,7.697,0.018
google/gemma-3-1b-it,NVIDIA GeForce RTX 5060 Ti,42,HotpotQA,3,16,465,semantic,61.0075,0.0,51.7584,0,1,0,93,349,349,63858802688,63858802688,7.697,0.018
google/gemma-3-1b-it,NVIDIA GeForce RTX 5060 Ti,42,HotpotQA,3,16,466,semantic,66.1685,0.0,0.0,0,1,1,102,358,354,67194847232,65701675008,7.697,0.018
google/gemma-3-1b-it,NVIDIA GeForce RTX 5060 Ti,42,HotpotQA,3,16,467,structural,0.0,0.0,0.0,1,1,1,93,349,349,63858802688,63858802688,7.697,0.018
google/gemma-3-1b-it,NVIDIA GeForce RTX 5060 Ti,42,HotpotQA,3,16,468,structural,69.2014,36.7621,80.92,0,0,0,102,358,265,67194847232,36818124800,7.697,0.018
google/gemma-3-1b-it,NVIDIA GeForce RTX 5060 Ti,42,HotpotQA,3,16,469,multi-hop,29.6925,22.6712,54.518,0,0,0,81,337,337,59542863872,59542863872,7.697,0.018
google/gemma-3-1b-it,NVIDIA GeForce RTX 5060 Ti,42,HotpotQA,3,16,470,multi-hop,62.1454,67.7283,30.4624,0,0,0,106,362,324,68704796672,55037657088,7.697,0.018
google/gemma-3-1b-it,NVIDIA GeForce RTX 5060 Ti,42,HotpotQA,3,16,471,structural,0.0,55.5928,101.9983,1,0,0,87,331,343,57441517568,61681958912,7.697,0.018
google/gemma-3-1b-it,NVIDIA GeForce RTX 5060 Ti,42,HotpotQA,3,16,472,multi-hop,31.2516,42.5489,0.0,0,0,1,88,341,314,60964732928,51692699648,7.697,0.018
google/gemma-3-1b-it,NVIDIA GeForce RTX 5060 Ti,42,HotpotQA,3,16,473,semantic,0.0,0.0,82.5526,1,1,0,94,350,350,64225280000,64225280000,7.697,0.018
google/gemma-3-1b-it,NVIDIA GeForce RTX 5060 Ti,42,HotpotQA,3,16,474,multi-hop,26.8974,0.0,64.3234,0,1,0,115,371,371,72163524608,72163524608,7.697,0.018
google/gemma-3-1b-it,NVIDIA GeForce RTX 5060 Ti,42,HotpotQA,3,16,475,multi-hop,30.5828,0.0,31.5158,0,1,0,112,368,368,71001178112,71001178112,7.697,0.018
google/gemma-3-1b-it,NVIDIA GeForce RTX 5060 Ti,42,HotpotQA,3,16,476,multi-hop,37.5939,27.6093,65.9004,0,0,0,77,316,326,52353302528,55719231488,7.697,0.018
google/gemma-3-1b-it,NVIDIA GeForce RTX 5060 Ti,42,HotpotQA,3,16,477,multi-hop,30.9372,77.6088,25.4008,0,0,0,99,355,355,66073395200,66073395200,7.697,0.018
google/gemma-3-1b-it,NVIDIA GeForce RTX 5060 Ti,42,HotpotQA,3,16,478,structural,26.8363,81.9848,72.7149,0,0,0,40,296,296,45936017408,45936017408,7.697,0.018
google/gemma-3-1b-it,NVIDIA GeForce RTX 5060 Ti,42,HotpotQA,3,16,479,structural,64.7432,49.0917,56.5086,0,0,0,131,387,371,78522089472,72163524608,7.697,0.018
google/gemma-3-1b-it,NVIDIA GeForce RTX 5060 Ti,42,HotpotQA,3,16,480,semantic,0.0,0.0,58.2977,1,1,0,49,303,305,48134356992,48771891200,7.697,0.018
google/gemma-3-1b-it,NVIDIA GeForce RTX 5060 Ti,42,HotpotQA,3,16,481,multi-hop,51.896,84.0517,54.6854,0,0,0,5,23,145,277348352,11023155200,7.697,0.018
google/gemma-3-1b-it,NVIDIA GeForce RTX 5060 Ti,42,HotpotQA,3,16,482,structural,39.7762,105.3274,103.7866,0,0,0,94,350,350,64225280000,64225280000,7.697,0.018
google/gemma-3-1b-it,NVIDIA GeForce RTX 5060 Ti,42,HotpotQA,3,16,483,structural,78.6328,73.2822,86.4684,0,0,0,109,365,365,69848268800,69848268800,7.697,0.018
google/gemma-3-1b-it,NVIDIA GeForce RTX 5060 Ti,42,HotpotQA,3,16,484,multi-hop,39.2256,54.022,0.0,0,0,1,26,282,282,41693478912,41693478912,7.697,0.018
google/gemma-3-1b-it,NVIDIA GeForce RTX 5060 Ti,42,HotpotQA,3,16,485,multi-hop,60.3319,37.7259,53.1858,0,0,0,125,381,381,76106170368,76106170368,7.697,0.018
google/gemma-3-1b-it,NVIDIA GeForce RTX 5060 Ti,42,HotpotQA,3,16,486,multi-hop,37.5278,0.0,0.0,0,1,1,122,378,358,74912366592,67194847232,7.697,0.018
google/gemma-3-1b-it,NVIDIA GeForce RTX 5060 Ti,42,HotpotQA,3,16,487,semantic,84.2778,0.0,32.1848,0,1,0,5,169,261,14974189568,35715022848,7.697,0.018
google/gemma-3-1b-it,NVIDIA GeForce RTX 5060 Ti,42,HotpotQA,3,16,488,multi-hop,38.9777,0.0,41.462,0,1,0,105,361,361,68325736448,68325736448,7.697,0.018
google/gemma-3-1b-it,NVIDIA GeForce RTX 5060 Ti,42,HotpotQA,3,16,489,multi-hop,75.7104,0.0,0.0,0,1,1,105,292,326,44702892032,55719231488,7.697,0.018
google/gemma-3-1b-it,NVIDIA GeForce RTX 5060 Ti,42,HotpotQA,3,16,490,structural,53.9734,46.3699,65.3149,0,0,0,36,292,292,44702892032,44702892032,7.697,0.018
google/gemma-3-1b-it,NVIDIA GeForce RTX 5060 Ti,42,HotpotQA,3,16,491,structural,65.1589,35.9945,74.7804,0,0,0,102,358,358,67194847232,67194847232,7.697,0.018
google/gemma-3-1b-it,NVIDIA GeForce RTX 5060 Ti,42,HotpotQA,3,16,492,structural,32.6807,87.7192,60.3599,0,0,0,64,320,320,53687091200,53687091200,7.697,0.018
google/gemma-3-1b-it,NVIDIA GeForce RTX 5060 Ti,42,HotpotQA,3,16,493,multi-hop,51.1359,0.0,0.0,0,1,1,70,326,326,55719231488,55719231488,7.697,0.018
google/gemma-3-1b-it,NVIDIA GeForce RTX 5060 Ti,42,HotpotQA,3,16,494,multi-hop,77.2545,0.0,0.0,0,1,1,24,280,280,41104179200,41104179200,7.697,0.018
google/gemma-3-1b-it,NVIDIA GeForce RTX 5060 Ti,42,HotpotQA,3,16,495,structural,74.3445,49.5076,40.2968,0,0,0,2,12,23,75497472,277348352,7.697,0.018
google/gemma-3-1b-it,NVIDIA GeForce RTX 5060 Ti,42,HotpotQA,3,16,496,structural,41.1553,79.2315,44.8554,0,0,0,90,346,346,62765662208,62765662208,7.697,0.018
google/gemma-3-1b-it,NVIDIA GeForce RTX 5060 Ti,42,HotpotQA,3,16,497,semantic,75.4984,0.0,0.0,0,1,1,49,256,305,34359738368,48771891200,7.697,0.018
google/gemma-3-1b-it,NVIDIA GeForce RTX 5060 Ti,42,HotpotQA,3,16,498,multi-hop,36.3374,0.0,34.902,0,1,0,108,295,364,45626163200,69466062848,7.697,0.018
google/gemma-3-1b-it,NVIDIA GeForce RTX 5060 Ti,42,HotpotQA,3,16,499,semantic,67.062,0.0,0.0,0,1,1,124,380,380,75707187200,75707187200,7.697,0.018
google/gemma-3-1b-it,NVIDIA GeForce RTX 5060 Ti,42,HotpotQA,3,16,500,structural,32.5376,61.408,98.1671,0,0,0,34,290,290,44092620800,44092620800,7.697,0.018
google/gemma-3-1b-it,NVIDIA GeForce RTX 5060 Ti,42,HotpotQA,3,16,501,multi-hop,37.5657,0.0,0.0,0,1,1,3,8,11,33554432,63438848,7.697,0.018
google/gemma-3-1b-it,NVIDIA GeForce RTX 5060 Ti,42,HotpotQA,3,16,502,multi-hop,34.7712,88.2354,41.0456,0,0,0,36,292,292,44702892032,44702892032,7.697,0.018
google/gemma-3-1b-it,NVIDIA GeForce RTX 5060 Ti,42,HotpotQA,3,16,503,structural,58.5778,66.0695,40.1385,0,0,0,93,337,337,59542863872,59542863872,7.697,0.018
google/gemma-3-1b-it,NVIDIA GeForce RTX 5060 Ti,42,HotpotQA,3,16,504,structural,67.2313,0.0,0.0,0,1,1,96,352,349,64961380352,63858802688,7.697,0.018
google/gemma-3-1b-it,NVIDIA GeForce RTX 5060 Ti,42,HotpotQA,3,16,505,multi-hop,52.2954,25.5805,50.8737,0,0,0,63,319,319,53352071168,53352071168,7.697,0.018
google/gemma-3-1b-it,NVIDIA GeForce RTX 5060 Ti,42,HotpotQA,3,16,506,multi-hop,40.31,0.0,61.7901,0,1,0,186,442,442,102427000832,102427000832,7.697,0.018
google/gemma-3-1b-it,NVIDIA GeForce RTX 5060 Ti,42,HotpotQA,3,16,507,multi-hop,76.4004,39.0147,93.64,0,0,0,142,398,398,83049316352,83049316352,7.697,0.018
google/gemma-3-1b-it,NVIDIA GeForce RTX 5060 Ti,42,HotpotQA,3,16,508,structural,49.3012,64.145,78.1481,0,0,0,52,299,299,46871871488,46871871488,7.697,0.018
google/gemma-3-1b-it,NVIDIA GeForce RTX 5060 Ti,42,HotpotQA,3,16,509,structural,66.4312,0.0,0.0,0,1,1,129,385,385,77712588800,77712588800,7.697,0.018
google/gemma-3-1b-it,NVIDIA GeForce RTX 5060 Ti,42,HotpotQA,3,16,510,semantic,54.2491,0.0,0.0,0,1,1,78,334,334,58487472128,58487472128,7.697,0.018
google/gemma-3-1b-it,NVIDIA GeForce RTX 5060 Ti,42,HotpotQA,3,16,511,structural,67.9817,66.9707,58.3985,0,0,0,127,383,383,76907282432,76907282432,7.697,0.018
google/gemma-3-1b-it,NVIDIA GeForce RTX 5060 Ti,42,HotpotQA,3,16,512,multi-hop,36.9011,64.1614,52.7861,0,0,0,5,14,261,102760448,35715022848,7.697,0.018
google/gemma-3-1b-it,NVIDIA GeForce RTX 5060 Ti,42,HotpotQA,3,16,513,multi-hop,91.7083,73.4703,65.4789,0,0,0,17,273,273,39074660352,39074660352,7.697,0.018
google/gemma-3-1b-it,NVIDIA GeForce RTX 5060 Ti,42,HotpotQA,3,16,514,multi-hop,64.7052,59.091,52.145,0,0,0,80,336,336,59190018048,59190018048,7.697,0.018
google/gemma-3-1b-it,NVIDIA GeForce RTX 5060 Ti,42,HotpotQA,3,16,515,structural,63.7444,72.2611,74.1858,0,0,0,21,270,277,38220595200,40228093952,7.697,0.018
google/gemma-3-1b-it,NVIDIA GeForce RTX 5060 Ti,42,HotpotQA,3,16,516,multi-hop,49.5818,77.579,56.8732,0,0,0,125,340,340,60607692800,60607692800,7.697,0.018
google/gemma-3-1b-it,NVIDIA GeForce RTX 5060 Ti,42,HotpotQA,3,16,517,multi-hop,61.1619,0.0,62.6307,0,1,0,119,333,375,58137772032,73728000000,7.697,0.018
google/gemma-3-1b-it,NVIDIA GeForce RTX 5060 Ti,42,HotpotQA,3,16,518,multi-hop,50.1113,89.2413,107.4679,0,0,0,99,355,312,66073395200,51036291072,7.697,0.018
google/gemma-3-1b-it,NVIDIA GeForce RTX 5060 Ti,42,HotpotQA,3,16,519,structural,79.2465,96.5981,61.14,0,0,0,24,183,280,17557880832,41104179200,7.697,0.018
google/gemma-3-1b-it,NVIDIA GeForce RTX 5060 Ti,42,HotpotQA,3,16,520,semantic,39.115,0.0,85.6792,0,1,0,111,328,367,56405000192,70615826432,7.697,0.018
google/gemma-3-1b-it,NVIDIA GeForce RTX 5060 Ti,42,HotpotQA,3,16,521,structural,56.738,44.4945,59.7409,0,0,0,128,384,384,77309411328,77309411328,7.697,0.018
google/gemma-3-1b-it,NVIDIA GeForce RTX 5060 Ti,42,HotpotQA,3,16,522,multi-hop,54.6183,100.1321,60.2755,0,0,0,87,270,270,38220595200,38220595200,7.697,0.018
google/gemma-3-1b-it,NVIDIA GeForce RTX 5060 Ti,42,HotpotQA,3,16,523,semantic,0.0,0.0,0.0,1,1,1,49,256,305,34359738368,48771891200,7.697,0.018
google/gemma-3-1b-it,NVIDIA GeForce RTX 5060 Ti,42,HotpotQA,3,16,524,multi-hop,47.1036,31.9893,72.3152,0,0,0,115,371,371,72163524608,72163524608,7.697,0.018
google/gemma-3-1b-it,NVIDIA GeForce RTX 5060 Ti,42,HotpotQA,3,16,525,semantic,58.5034,0.0,53.7498,0,1,0,87,331,343,57441517568,61681958912,7.697,0.018
google/gemma-3-1b-it,NVIDIA GeForce RTX 5060 Ti,42,HotpotQA,3,16,526,multi-hop,0.0,0.0,44.2401,1,1,0,70,298,326,46558871552,55719231488,7.697,0.018
google/gemma-3-1b-it,NVIDIA GeForce RTX 5060 Ti,42,HotpotQA,3,16,527,semantic,89.7183,0.0,55.7587,0,1,0,29,285,285,42585292800,42585292800,7.697,0.018
google/gemma-3-1b-it,NVIDIA GeForce RTX 5060 Ti,42,HotpotQA,3,16,528,semantic,73.1247,0.0,54.6404,0,1,0,116,372,372,72553070592,72553070592,7.697,0.018
google/gemma-3-1b-it,NVIDIA GeForce RTX 5060 Ti,42,HotpotQA,3,16,529,structural,35.5396,59.5899,54.9003,0,0,0,47,303,303,48134356992,48134356992,7.697,0.018
google/gemma-3-1b-it,NVIDIA GeForce RTX 5060 Ti,42,HotpotQA,3,16,530,semantic,78.6403,0.0,77.5441,0,1,0,96,316,321,52353302528,54023159808,7.697,0.018
google/gemma-3-1b-it,NVIDIA GeForce RTX 5060 Ti,42,HotpotQA,3,16,531,structural,64.0037,0.0,0.0,0,1,1,99,355,355,66073395200,66073395200,7.697,0.018
google/gemma-3-1b-it,NVIDIA GeForce RTX 5060 Ti,42,HotpotQA,3,16,532,multi-hop,49.8089,50.5604,75.0134,0,0,0,106,362,324,68704796672,55037657088,7.697,0.018
google/gemma-3-1b-it,NVIDIA GeForce RTX 5060 Ti,42,HotpotQA,3,16,533,semantic,81.0389,0.0,63.2331,0,1,0,122,378,378,74912366592,74912366592,7.697,0.018
google/gemma-3-1b-it,NVIDIA GeForce RTX 5060 Ti,42,HotpotQA,3,16,534,multi-hop,0.0,0.0,0.0,1,1,1,148,404,404,85572190208,85572190208,7.697,0.018
google/gemma-3-1b-it,NVIDIA GeForce RTX 5060 Ti,42,HotpotQA,3,16,535,multi-hop,75.9206,0.0,43.0865,0,1,0,96,352,349,64961380352,63858802688,7.697,0.018
google/gemma-3-1b-it,NVIDIA GeForce RTX 5060 Ti,42,HotpotQA,3,16,536,multi-hop,55.7626,51.3887,75.3459,0,0,0,71,327,327,56061591552,56061591552,7.697,0.018
google/gemma-3-1b-it,NVIDIA GeForce RTX 5060 Ti,42,HotpotQA,3,16,537,structural,81.6962,85.7298,0.0,0,0,1,8,264,264,36540776448,36540776448,7.697,0.018
google/gemma-3-1b-it,NVIDIA GeForce RTX 5060 Ti,42,HotpotQA,3,16,538,multi-hop,42.3418,0.0,46.5927,0,1,0,102,237,277,29448732672,40228093952,7.697,0.018
google/gemma-3-1b-it,NVIDIA GeForce RTX 5060 Ti,42,HotpotQA,3,16,539,multi-hop,0.0,0.0,53.7111,1,1,0,49,303,305,48134356992,48771891200,7.697,0.018
google/gemma-3-1b-it,NVIDIA GeForce RTX 5060 Ti,42,HotpotQA,3,16,540,multi-hop,69.4873,101.2054,0.0,0,0,1,94,338,340,59896758272,60607692800,7.697,0.018
google/gemma-3-1b-it,NVIDIA GeForce RTX 5060 Ti,42,HotpotQA,3,16,541,multi-hop,50.1783,44.3863,0.0,0,0,1,127,383,383,76907282432,76907282432,7.697,0.018
google/gemma-3-1b-it,NVIDIA GeForce RTX 5060 Ti,42,HotpotQA,3,16,542,structural,70.6989,95.6153,41.5348,0,0,0,148,404,315,85572190208,52022476800,7.697,0.018
google/gemma-3-1b-it,NVIDIA GeForce RTX 5060 Ti,42,HotpotQA,3,16,543,semantic,52.9362,0.0,0.0,0,1,1,114,370,367,71775027200,70615826432,7.697,0.018
google/gemma-3-1b-it,NVIDIA GeForce RTX 5060 Ti,42,HotpotQA,3,16,544,structural,78.0194,83.5556,44.7996,0,0,0,107,298,272,46558871552,38788923392,7.697,0.018
google/gemma-3-1b-it,NVIDIA GeForce RTX 5060 Ti,42,HotpotQA,3,16,545,multi-hop,77.0978,0.0,95.106,0,1,0,126,332,382,57789120512,76506202112,7.697,0.018
google/gemma-3-1b-it,NVIDIA GeForce RTX 5060 Ti,42,HotpotQA,3,16,546,structural,40.5876,34.3199,53.0169,0,0,0,124,350,380,64225280000,75707187200,7.697,0.018
google/gemma-3-1b-it,NVIDIA GeForce RTX 5060 Ti,42,HotpotQA,3,16,547,multi-hop,49.8981,0.0,30.5406,0,1,0,3,10,8,52428800,33554432,7.697,0.018
google/gemma-3-1b-it,NVIDIA GeForce RTX 5060 Ti,42,HotpotQA,3,16,548,multi-hop,75.8972,0.0,0.0,0,1,1,73,283,283,41989701632,41989701632,7.697,0.018
google/gemma-3-1b-it,NVIDIA GeForce RTX 5060 Ti,42,HotpotQA,3,16,549,multi-hop,54.5537,66.6602,82.1775,0,0,0,37,293,264,45009600512,36540776448,7.697,0.018
google/gemma-3-1b-it,NVIDIA GeForce RTX 5060 Ti,42,HotpotQA,3,16,550,multi-hop,65.1682,61.7116,62.6822,0,0,0,70,326,326,55719231488,55719231488,7.697,0.018
google/gemma-3-1b-it,NVIDIA GeForce RTX 5060 Ti,42,HotpotQA,3,16,551,semantic,81.6452,0.0,34.9556,0,1,0,94,350,350,64225280000,64225280000,7.697,0.018
google/gemma-3-1b-it,NVIDIA GeForce RTX 5060 Ti,42,HotpotQA,3,16,552,structural,48.6618,62.8261,98.0556,0,0,0,76,332,284,57789120512,42286972928,7.697,0.018
google/gemma-3-1b-it,NVIDIA GeForce RTX 5060 Ti,42,HotpotQA,3,16,553,semantic,33.9434,0.0,89.64,0,1,0,57,313,268,51363971072,37656461312,7.697,0.018
google/gemma-3-1b-it,NVIDIA GeForce RTX 5060 Ti,42,HotpotQA,3,16,554,multi-hop,66.2568,0.0,0.0,0,1,1,47,303,303,48134356992,48134356992,7.697,0.018
google/gemma-3-1b-it,NVIDIA GeForce RTX 5060 Ti,42,HotpotQA,3,16,555,semantic,63.2155,0.0,84.6129,0,1,0,112,368,368,71001178112,71001178112,7.697,0.018
google/gemma-3-1b-it,NVIDIA GeForce RTX 5060 Ti,42,HotpotQA,3,16,556,multi-hop,44.7849,0.0,0.0,0,1,1,73,283,283,41989701632,41989701632,7.697,0.018
google/gemma-3-1b-it,NVIDIA GeForce RTX 5060 Ti,42,HotpotQA,3,16,557,multi-hop,71.4471,106.9341,57.1511,0,0,0,40,296,296,45936017408,45936017408,7.697,0.018
google/gemma-3-1b-it,NVIDIA GeForce RTX 5060 Ti,42,HotpotQA,3,16,558,structural,73.5362,63.6038,80.7073,0,0,0,126,382,382,76506202112,76506202112,7.697,0.018
google/gemma-3-1b-it,NVIDIA GeForce RTX 5060 Ti,42,HotpotQA,3,16,559,structural,73.3526,82.3125,57.2684,0,0,0,2,7,7,25690112,25690112,7.697,0.018
google/gemma-3-1b-it,NVIDIA GeForce RTX 5060 Ti,42,HotpotQA,3,16,560,multi-hop,37.4388,0.0,66.1118,0,1,0,36,292,292,44702892032,44702892032,7.697,0.018
google/gemma-3-1b-it,NVIDIA GeForce RTX 5060 Ti,42,HotpotQA,3,16,561,structural,61.6395,76.4985,36.925,0,0,0,13,181,198,17176199168,20554186752,7.697,0.018
google/gemma-3-1b-it,NVIDIA GeForce RTX 5060 Ti,42,HotpotQA,3,16,562,semantic,39.5296,0.0,78.9521,0,1,0,63,319,319,53352071168,53352071168,7.697,0.018
google/gemma-3-1b-it,NVIDIA GeForce RTX 5060 Ti,42,HotpotQA,3,16,563,multi-hop,79.2049,38.2837,64.6726,0,0,0,59,315,315,52022476800,52022476800,7.697,0.018
google/gemma-3-1b-it,NVIDIA GeForce RTX 5060 Ti,42,HotpotQA,3,16,564,semantic,50.5521,0.0,68.8247,0,1,0,153,409,409,87703420928,87703420928,7.697,0.018
google/gemma-3-1b-it,NVIDIA GeForce RTX 5060 Ti,42,HotpotQA,3,16,565,semantic,69.0359,0.0,46.7568,0,1,0,108,364,364,69466062848,69466062848,7.697,0.018
google/gemma-3-1b-it,NVIDIA GeForce RTX 5060 Ti,42,HotpotQA,3,16,566,structural,32.2291,67.7538,71.6894,0,0,0,2,10,9,52428800,42467328,7.697,0.018
google/gemma-3-1b-it,NVIDIA GeForce RTX 5060 Ti,42,HotpotQA,3,16,567,semantic,36.0354,0.0,69.28,0,1,0,125,381,381,76106170368,76106170368,7.697,0.018
google/gemma-3-1b-it,NVIDIA GeForce RTX 5060 Ti,42,HotpotQA,3,16,568,multi-hop,51.3562,0.0,0.0,0,1,1,121,377,377,74516529152,74516529152,7.697,0.018
google/gemma-3-1b-it,NVIDIA GeForce RTX 5060 Ti,42,HotpotQA,3,16,569,multi-hop,35.5346,0.0,0.0,0,1,1,81,321,337,54023159808,59542863872,7.697,0.018
google/gemma-3-1b-it,NVIDIA GeForce RTX 5060 Ti,42,HotpotQA,3,16,570,multi-hop,43.7847,100.4934,62.6131,0,0,0,99,323,350,54698442752,64225280000,7.697,0.018
google/gemma-3-1b-it,NVIDIA GeForce RTX 5060 Ti,42,HotpotQA,3,16,571,multi-hop,44.7808,33.8086,72.4037,0,0,0,66,322,322,54360276992,54360276992,7.697,0.018
google/gemma-3-1b-it,NVIDIA GeForce RTX 5060 Ti,42,HotpotQA,3,16,572,multi-hop,38.3553,0.0,64.8014,0,1,0,6,262,262,35989225472,35989225472,7.697,0.018
google/gemma-3-1b-it,NVIDIA GeForce RTX 5060 Ti,42,HotpotQA,3,16,573,multi-hop,50.3474,0.0,82.908,0,1,0,117,373,292,72943665152,44702892032,7.697,0.018
google/gemma-3-1b-it,NVIDIA GeForce RTX 5060 Ti,42,HotpotQA,3,16,574,semantic,56.6035,0.0,0.0,0,1,1,102,237,277,29448732672,40228093952,7.697,0.018
google/gemma-3-1b-it,NVIDIA GeForce RTX 5060 Ti,42,HotpotQA,3,16,575,multi-hop,89.5187,75.8729,50.3189,0,0,0,31,246,287,31727812608,43185078272,7.697,0.018
google/gemma-3-1b-it,NVIDIA GeForce RTX 5060 Ti,42,HotpotQA,3,16,576,structural,54.3085,0.0,0.0,0,1,1,65,273,285,39074660352,42585292800,7.697,0.018
google/gemma-3-1b-it,NVIDIA GeForce RTX 5060 Ti,42,HotpotQA,3,16,577,multi-hop,85.9596,0.0,61.9599,0,1,0,68,324,324,55037657088,55037657088,7.697,0.018
google/gemma-3-1b-it,NVIDIA GeForce RTX 5060 Ti,42,HotpotQA,3,16,578,structural,89.5228,86.5757,0.0,0,0,1,5,167,217,14621868032,24688197632,7.697,0.018
google/gemma-3-1b-it,NVIDIA GeForce RTX 5060 Ti,42,HotpotQA,3,16,579,multi-hop,67.2444,72.9887,95.7265,0,0,0,63,319,319,53352071168,53352071168,7.697,0.018
google/gemma-3-1b-it,NVIDIA GeForce RTX 5060 Ti,42,HotpotQA,3,16,580,multi-hop,32.9985,0.0,52.7356,0,1,0,183,347,419,63128993792,92044525568,7.697,0.018
google/gemma-3-1b-it,NVIDIA GeForce RTX 5060 Ti,42,HotpotQA,3,16,581,semantic,84.531,0.0,48.9077,0,1,0,82,314,304,51692699648,48452599808,7.697,0.018
google/gemma-3-1b-it,NVIDIA GeForce RTX 5060 Ti,42,HotpotQA,3,16,582,semantic,32.1624,0.0,0.0,0,1,1,98,354,346,65701675008,62765662208,7.697,0.018
google/gemma-3-1b-it,NVIDIA GeForce RTX 5060 Ti,42,HotpotQA,3,16,583,multi-hop,108.5371,62.7214,48.4279,0,0,0,106,362,362,68704796672,68704796672,7.697,0.018
google/gemma-3-1b-it,NVIDIA GeForce RTX 5060 Ti,42,HotpotQA,3,16,584,multi-hop,60.4163,85.5052,49.4985,0,0,0,70,326,326,55719231488,55719231488,7.697,0.018
google/gemma-3-1b-it,NVIDIA GeForce RTX 5060 Ti,42,HotpotQA,3,16,585,multi-hop,41.7234,0.0,0.0,0,1,1,99,337,326,59542863872,55719231488,7.697,0.018
google/gemma-3-1b-it,NVIDIA GeForce RTX 5060 Ti,42,HotpotQA,3,16,586,semantic,51.5766,0.0,0.0,0,1,1,60,316,316,52353302528,52353302528,7.697,0.018
google/gemma-3-1b-it,NVIDIA GeForce RTX 5060 Ti,42,HotpotQA,3,16,587,semantic,36.8387,0.0,42.4535,0,1,0,123,352,379,64961380352,75309252608,7.697,0.018
google/gemma-3-1b-it,NVIDIA GeForce RTX 5060 Ti,42,HotpotQA,3,16,588,multi-hop,39.0429,66.225,66.5146,0,0,0,116,372,372,72553070592,72553070592,7.697,0.018
google/gemma-3-1b-it,NVIDIA GeForce RTX 5060 Ti,42,HotpotQA,3,16,589,semantic,0.0,0.0,44.7627,1,1,0,99,306,297,49092231168,46246920192,7.697,0.018
google/gemma-3-1b-it,NVIDIA GeForce RTX 5060 Ti,42,HotpotQA,3,16,590,structural,49.7144,50.2888,28.2087,0,0,0,91,312,325,51036291072,55377920000,7.697,0.018
google/gemma-3-1b-it,NVIDIA GeForce RTX 5060 Ti,42,HotpotQA,3,16,591,semantic,61.0792,0.0,0.0,0,1,1,17,273,273,39074660352,39074660352,7.697,0.018
google/gemma-3-1b-it,NVIDIA GeForce RTX 5060 Ti,42,HotpotQA,3,16,592,structural,70.2636,56.8228,27.3677,0,0,0,94,338,340,59896758272,60607692800,7.697,0.018
google/gemma-3-1b-it,NVIDIA GeForce RTX 5060 Ti,42,HotpotQA,3,16,593,semantic,29.5838,0.0,0.0,0,1,1,96,352,352,64961380352,64961380352,7.697,0.018
google/gemma-3-1b-it,NVIDIA GeForce RTX 5060 Ti,42,HotpotQA,3,16,594,structural,71.179,26.418,100.3868,0,0,0,102,358,358,67194847232,67194847232,7.697,0.018
google/gemma-3-1b-it,NVIDIA GeForce RTX 5060 Ti,42,HotpotQA,3,16,595,multi-hop,102.9327,66.3185,85.529,0,0,0,83,339,339,60251701248,60251701248,7.697,0.018
google/gemma-3-1b-it,NVIDIA GeForce RTX 5060 Ti,42,HotpotQA,3,16,596,multi-hop,62.4012,59.3616,72.4504,0,0,0,148,404,404,85572190208,85572190208,7.697,0.018
google/gemma-3-1b-it,NVIDIA GeForce RTX 5060 Ti,42,HotpotQA,3,16,597,semantic,45.9411,0.0,0.0,0,1,1,76,332,332,57789120512,57789120512,7.697,0.018
google/gemma-3-1b-it,NVIDIA GeForce RTX 5060 Ti,42,HotpotQA,3,16,598,multi-hop,68.8589,52.652,94.3107,0,0,0,65,273,285,39074660352,42585292800,7.697,0.018
google/gemma-3-1b-it,NVIDIA GeForce RTX 5060 Ti,42,HotpotQA,3,16,599,multi-hop,0.0,0.0,0.0,1,1,1,94,350,308,64225280000,49736056832,7.697,0.018
google/gemma-3-1b-it,NVIDIA GeForce RTX 5060 Ti,42,HotpotQA,4,16,0,structural,91.4331,53.9864,0.0,0,0,1,102,358,358,67194847232,67194847232,7.697,0.018
google/gemma-3-1b-it,NVIDIA GeForce RTX 5060 Ti,42,HotpotQA,4,16,1,multi-hop,62.2343,0.0,0.0,0,1,1,35,275,291,39649280000,44397232128,7.697,0.018
google/gemma-3-1b-it,NVIDIA GeForce RTX 5060 Ti,42,HotpotQA,4,16,2,multi-hop,89.3464,0.0,0.0,0,1,1,104,360,360,67947724800,67947724800,7.697,0.018
google/gemma-3-1b-it,NVIDIA GeForce RTX 5060 Ti,42,HotpotQA,4,16,3,semantic,50.8893,0.0,0.0,0,1,1,129,385,385,77712588800,77712588800,7.697,0.018
google/gemma-3-1b-it,NVIDIA GeForce RTX 5060 Ti,42,HotpotQA,4,16,4,structural,57.7383,33.7652,79.7233,0,0,0,124,380,380,75707187200,75707187200,7.697,0.018
google/gemma-3-1b-it,NVIDIA GeForce RTX 5060 Ti,42,HotpotQA,4,16,5,multi-hop,42.7243,0.0,0.0,0,1,1,96,352,352,64961380352,64961380352,7.697,0.018
google/gemma-3-1b-it,NVIDIA GeForce RTX 5060 Ti,42,HotpotQA,4,16,6,structural,51.7567,49.6688,62.8616,0,0,0,82,338,338,59896758272,59896758272,7.697,0.018
google/gemma-3-1b-it,NVIDIA GeForce RTX 5060 Ti,42,HotpotQA,4,16,7,multi-hop,63.3086,48.9651,36.4514,0,0,0,71,327,327,56061591552,56061591552,7.697,0.018
google/gemma-3-1b-it,NVIDIA GeForce RTX 5060 Ti,42,HotpotQA,4,16,8,multi-hop,46.0052,0.0,0.0,0,1,1,76,332,332,57789120512,57789120512,7.697,0.018
google/gemma-3-1b-it,NVIDIA GeForce RTX 5060 Ti,42,HotpotQA,4,16,9,structural,36.2311,37.1458,0.0,0,0,1,93,349,349,63858802688,63858802688,7.697,0.018
google/gemma-3-1b-it,NVIDIA GeForce RTX 5060 Ti,42,HotpotQA,4,16,10,multi-hop,101.2402,0.0,49.1275,0,1,0,12,160,268,13421772800,37656461312,7.697,0.018
google/gemma-3-1b-it,NVIDIA GeForce RTX 5060 Ti,42,HotpotQA,4,16,11,semantic,38.9933,0.0,44.1273,0,1,0,81,337,337,59542863872,59542863872,7.697,0.018
google/gemma-3-1b-it,NVIDIA GeForce RTX 5060 Ti,42,HotpotQA,4,16,12,semantic,39.4727,0.0,0.0,0,1,1,49,255,305,34091827200,48771891200,7.697,0.018
google/gemma-3-1b-it,NVIDIA GeForce RTX 5060 Ti,42,HotpotQA,4,16,13,semantic,57.079,0.0,0.0,0,1,1,40,296,296,45936017408,45936017408,7.697,0.018
google/gemma-3-1b-it,NVIDIA GeForce RTX 5060 Ti,42,HotpotQA,4,16,14,multi-hop,99.9664,0.0,92.2219,0,1,0,24,274,280,39361445888,41104179200,7.697,0.018
google/gemma-3-1b-it,NVIDIA GeForce RTX 5060 Ti,42,HotpotQA,4,16,15,structural,61.8968,0.0,0.0,0,1,1,127,383,383,76907282432,76907282432,7.697,0.018
google/gemma-3-1b-it,NVIDIA GeForce RTX 5060 Ti,42,HotpotQA,4,16,16,structural,44.0322,0.0,0.0,0,1,1,96,352,352,64961380352,64961380352,7.697,0.018
google/gemma-3-1b-it,NVIDIA GeForce RTX 5060 Ti,42,HotpotQA,4,16,17,semantic,75.7587,0.0,0.0,0,1,1,2,14,25,102760448,327680000,7.697,0.018
google/gemma-3-1b-it,NVIDIA GeForce RTX 5060 Ti,42,HotpotQA,4,16,18,semantic,51.4514,0.0,95.1405,0,1,0,126,382,382,76506202112,76506202112,7.697,0.018
google/gemma-3-1b-it,NVIDIA GeForce RTX 5060 Ti,42,HotpotQA,4,16,19,multi-hop,103.7511,73.6748,67.4084,0,0,0,60,316,316,52353302528,52353302528,7.697,0.018
google/gemma-3-1b-it,NVIDIA GeForce RTX 5060 Ti,42,HotpotQA,4,16,20,multi-hop,95.2708,63.482,44.5164,0,0,0,120,376,376,74121740288,74121740288,7.697,0.018
google/gemma-3-1b-it,NVIDIA GeForce RTX 5060 Ti,42,HotpotQA,4,16,21,multi-hop,49.9125,0.0,48.6929,0,1,0,85,341,341,60964732928,60964732928,7.697,0.018
google/gemma-3-1b-it,NVIDIA GeForce RTX 5060 Ti,42,HotpotQA,4,16,22,structural,41.6644,0.0,0.0,0,1,1,88,344,344,62042144768,62042144768,7.697,0.018
google/gemma-3-1b-it,NVIDIA GeForce RTX 5060 Ti,42,HotpotQA,4,16,23,semantic,76.2327,0.0,0.0,0,1,1,72,328,328,56405000192,56405000192,7.697,0.018
google/gemma-3-1b-it,NVIDIA GeForce RTX 5060 Ti,42,HotpotQA,4,16,24,semantic,42.7464,0.0,55.2191,0,1,0,127,383,383,76907282432,76907282432,7.697,0.018
google/gemma-3-1b-it,NVIDIA GeForce RTX 5060 Ti,42,HotpotQA,4,16,25,multi-hop,107.7079,0.0,0.0,0,1,1,26,282,282,41693478912,41693478912,7.697,0.018
google/gemma-3-1b-it,NVIDIA GeForce RTX 5060 Ti,42,HotpotQA,4,16,26,multi-hop,30.8077,0.0,0.0,0,1,1,82,338,325,59896758272,55377920000,7.697,0.018
google/gemma-3-1b-it,NVIDIA GeForce RTX 5060 Ti,42,HotpotQA,4,16,27,multi-hop,39.5953,69.7544,0.0,0,0,1,122,378,378,74912366592,74912366592,7.697,0.018
google/gemma-3-1b-it,NVIDIA GeForce RTX 5060 Ti,42,HotpotQA,4,16,28,semantic,62.4081,0.0,70.1162,0,1,0,75,331,331,57441517568,57441517568,7.697,0.018
google/gemma-3-1b-it,NVIDIA GeForce RTX 5060 Ti,42,HotpotQA,4,16,29,structural,41.088,29.3031,47.3404,0,0,0,75,331,331,57441517568,57441517568,7.697,0.018
google/gemma-3-1b-it,NVIDIA GeForce RTX 5060 Ti,42,HotpotQA,4,16,30,multi-hop,67.9355,0.0,43.877,0,1,0,14,270,270,38220595200,38220595200,7.697,0.018
google/gemma-3-1b-it,NVIDIA GeForce RTX 5060 Ti,42,HotpotQA,4,16,31,multi-hop,76.4803,0.0,80.3597,0,1,0,91,347,347,63128993792,63128993792,7.697,0.018
google/gemma-3-1b-it,NVIDIA GeForce RTX 5060 Ti,42,HotpotQA,4,16,32,semantic,60.2477,0.0,0.0,0,1,1,119,375,375,73728000000,73728000000,7.697,0.018
google/gemma-3-1b-it,NVIDIA GeForce RTX 5060 Ti,42,HotpotQA,4,16,33,structural,30.4819,72.872,64.6251,0,0,0,87,343,343,61681958912,61681958912,7.697,0.018
google/gemma-3-1b-it,NVIDIA GeForce RTX 5060 Ti,42,HotpotQA,4,16,34,structural,40.2325,42.8935,40.3727,0,0,0,96,352,352,64961380352,64961380352,7.697,0.018
google/gemma-3-1b-it,NVIDIA GeForce RTX 5060 Ti,42,HotpotQA,4,16,35,semantic,0.0,0.0,29.0607,1,1,0,14,270,270,38220595200,38220595200,7.697,0.018
google/gemma-3-1b-it,NVIDIA GeForce RTX 5060 Ti,42,HotpotQA,4,16,36,structural,83.4923,90.4802,39.8262,0,0,0,100,356,356,66446163968,66446163968,7.697,0.018
google/gemma-3-1b-it,NVIDIA GeForce RTX 5060 Ti,42,HotpotQA,4,16,37,multi-hop,47.5331,0.0,0.0,0,1,1,81,337,337,59542863872,59542863872,7.697,0.018
google/gemma-3-1b-it,NVIDIA GeForce RTX 5060 Ti,42,HotpotQA,4,16,38,multi-hop,43.649,0.0,35.7474,0,1,0,109,365,365,69848268800,69848268800,7.697,0.018
google/gemma-3-1b-it,NVIDIA GeForce RTX 5060 Ti,42,HotpotQA,4,16,39,multi-hop,34.3656,34.6891,56.1395,0,0,0,81,337,337,59542863872,59542863872,7.697,0.018
google/gemma-3-1b-it,NVIDIA GeForce RTX 5060 Ti,42,HotpotQA,4,16,40,semantic,39.4245,0.0,45.1068,0,1,0,96,352,352,64961380352,64961380352,7.697,0.018
google/gemma-3-1b-it,NVIDIA GeForce RTX 5060 Ti,42,HotpotQA,4,16,41,multi-hop,64.078,82.1886,0.0,0,0,1,95,351,351,64592805888,64592805888,7.697,0.018
google/gemma-3-1b-it,NVIDIA GeForce RTX 5060 Ti,42,HotpotQA,4,16,42,semantic,53.3649,0.0,72.0411,0,1,0,102,358,358,67194847232,67194847232,7.697,0.018
google/gemma-3-1b-it,NVIDIA GeForce RTX 5060 Ti,42,HotpotQA,4,16,43,semantic,35.1675,0.0,0.0,0,1,1,84,340,340,60607692800,60607692800,7.697,0.018
google/gemma-3-1b-it,NVIDIA GeForce RTX 5060 Ti,42,HotpotQA,4,16,44,multi-hop,61.9868,32.7222,32.3035,0,0,0,95,335,335,58838220800,58838220800,7.697,0.018
google/gemma-3-1b-it,NVIDIA GeForce RTX 5060 Ti,42,HotpotQA,4,16,45,structural,33.9588,79.1646,60.2028,0,0,0,93,349,349,63858802688,63858802688,7.697,0.018
google/gemma-3-1b-it,NVIDIA GeForce RTX 5060 Ti,42,HotpotQA,4,16,46,structural,41.3358,0.0,0.0,0,1,1,127,383,383,76907282432,76907282432,7.697,0.018
google/gemma-3-1b-it,NVIDIA GeForce RTX 5060 Ti,42,HotpotQA,4,16,47,semantic,0.0,0.0,0.0,1,1,1,9,265,265,36818124800,36818124800,7.697,0.018
google/gemma-3-1b-it,NVIDIA GeForce RTX 5060 Ti,42,HotpotQA,4,16,48,multi-hop,0.0,0.0,61.7868,1,1,0,108,364,364,69466062848,69466062848,7.697,0.018
google/gemma-3-1b-it,NVIDIA GeForce RTX 5060 Ti,42,HotpotQA,4,16,49,structural,40.8721,0.0,0.0,0,1,1,7,263,263,36264476672,36264476672,7.697,0.018
google/gemma-3-1b-it,NVIDIA GeForce RTX 5060 Ti,42,HotpotQA,4,16,50,multi-hop,61.0445,0.0,58.4061,0,1,0,69,323,279,54698442752,40811102208,7.697,0.018
google/gemma-3-1b-it,NVIDIA GeForce RTX 5060 Ti,42,HotpotQA,4,16,51,structural,39.9394,45.4052,54.2998,0,0,0,69,325,325,55377920000,55377920000,7.697,0.018
google/gemma-3-1b-it,NVIDIA GeForce RTX 5060 Ti,42,HotpotQA,4,16,52,semantic,51.3292,0.0,0.0,0,1,1,68,324,324,55037657088,55037657088,7.697,0.018
google/gemma-3-1b-it,NVIDIA GeForce RTX 5060 Ti,42,HotpotQA,4,16,53,structural,34.3838,37.3796,41.3007,0,0,0,10,215,266,24235212800,37096521728,7.697,0.018
google/gemma-3-1b-it,NVIDIA GeForce RTX 5060 Ti,42,HotpotQA,4,16,54,structural,54.5205,54.7377,75.3266,0,0,0,108,364,364,69466062848,69466062848,7.697,0.018
google/gemma-3-1b-it,NVIDIA GeForce RTX 5060 Ti,42,HotpotQA,4,16,55,semantic,39.6947,0.0,40.2264,0,1,0,125,381,381,76106170368,76106170368,7.697,0.018
google/gemma-3-1b-it,NVIDIA GeForce RTX 5060 Ti,42,HotpotQA,4,16,56,multi-hop,38.6673,0.0,65.8545,0,1,0,109,365,365,69848268800,69848268800,7.697,0.018
google/gemma-3-1b-it,NVIDIA GeForce RTX 5060 Ti,42,HotpotQA,4,16,57,structural,62.436,45.8626,51.4658,0,0,0,37,293,293,45009600512,45009600512,7.697,0.018
google/gemma-3-1b-it,NVIDIA GeForce RTX 5060 Ti,42,HotpotQA,4,16,58,multi-hop,45.3568,0.0,70.9217,0,1,0,87,343,343,61681958912,61681958912,7.697,0.018
google/gemma-3-1b-it,NVIDIA GeForce RTX 5060 Ti,42,HotpotQA,4,16,59,semantic,71.7094,0.0,0.0,0,1,1,14,191,183,19126550528,17557880832,7.697,0.018
google/gemma-3-1b-it,NVIDIA GeForce RTX 5060 Ti,42,HotpotQA,4,16,60,semantic,40.2574,0.0,0.0,0,1,1,3,102,212,5454692352,23563599872,7.697,0.018
google/gemma-3-1b-it,NVIDIA GeForce RTX 5060 Ti,42,HotpotQA,4,16,61,structural,57.7716,0.0,0.0,0,1,1,112,368,368,71001178112,71001178112,7.697,0.018
google/gemma-3-1b-it,NVIDIA GeForce RTX 5060 Ti,42,HotpotQA,4,16,62,semantic,39.119,0.0,63.3831,0,1,0,99,355,355,66073395200,66073395200,7.697,0.018
google/gemma-3-1b-it,NVIDIA GeForce RTX 5060 Ti,42,HotpotQA,4,16,63,multi-hop,53.3527,39.1773,0.0,0,0,1,115,371,371,72163524608,72163524608,7.697,0.018
google/gemma-3-1b-it,NVIDIA GeForce RTX 5060 Ti,42,HotpotQA,4,16,64,multi-hop,49.7343,0.0,0.0,0,1,1,86,342,342,61322821632,61322821632,7.697,0.018
google/gemma-3-1b-it,NVIDIA GeForce RTX 5060 Ti,42,HotpotQA,4,16,65,multi-hop,43.1878,45.1398,0.0,0,0,1,10,215,266,24235212800,37096521728,7.697,0.018
google/gemma-3-1b-it,NVIDIA GeForce RTX 5060 Ti,42,HotpotQA,4,16,66,multi-hop,59.5734,70.7952,48.3285,0,0,0,8,264,264,36540776448,36540776448,7.697,0.018
google/gemma-3-1b-it,NVIDIA GeForce RTX 5060 Ti,42,HotpotQA,4,16,67,semantic,38.495,0.0,0.0,0,1,1,40,296,296,45936017408,45936017408,7.697,0.018
google/gemma-3-1b-it,NVIDIA GeForce RTX 5060 Ti,42,HotpotQA,4,16,68,structural,68.0828,39.8418,73.9986,0,0,0,41,297,297,46246920192,46246920192,7.697,0.018
google/gemma-3-1b-it,NVIDIA GeForce RTX 5060 Ti,42,HotpotQA,4,16,69,multi-hop,63.1426,0.0,38.4176,0,1,0,37,293,293,45009600512,45009600512,7.697,0.018
google/gemma-3-1b-it,NVIDIA GeForce RTX 5060 Ti,42,HotpotQA,4,16,70,structural,72.25,76.5126,40.0779,0,0,0,142,398,398,83049316352,83049316352,7.697,0.018
google/gemma-3-1b-it,NVIDIA GeForce RTX 5060 Ti,42,HotpotQA,4,16,71,multi-hop,32.6048,72.4987,59.1256,0,0,0,204,460,460,110939340800,110939340800,7.697,0.018
google/gemma-3-1b-it,NVIDIA GeForce RTX 5060 Ti,42,HotpotQA,4,16,72,semantic,45.9033,0.0,37.4545,0,1,0,99,355,355,66073395200,66073395200,7.697,0.018
google/gemma-3-1b-it,NVIDIA GeForce RTX 5060 Ti,42,HotpotQA,4,16,73,multi-hop,46.3324,63.736,38.9184,0,0,0,49,255,305,34091827200,48771891200,7.697,0.018
google/gemma-3-1b-it,NVIDIA GeForce RTX 5060 Ti,42,HotpotQA,4,16,74,multi-hop,35.8416,45.896,39.7495,0,0,0,77,333,333,58137772032,58137772032,7.697,0.018
google/gemma-3-1b-it,NVIDIA GeForce RTX 5060 Ti,42,HotpotQA,4,16,75,structural,69.5516,45.2656,56.0361,0,0,0,14,70,168,2569011200,14797504512,7.697,0.018
google/gemma-3-1b-it,NVIDIA GeForce RTX 5060 Ti,42,HotpotQA,4,16,76,multi-hop,30.3588,0.0,0.0,0,1,1,4,12,12,75497472,75497472,7.697,0.018
google/gemma-3-1b-it,NVIDIA GeForce RTX 5060 Ti,42,HotpotQA,4,16,77,semantic,61.9298,0.0,0.0,0,1,1,115,371,371,72163524608,72163524608,7.697,0.018
google/gemma-3-1b-it,NVIDIA GeForce RTX 5060 Ti,42,HotpotQA,4,16,78,semantic,34.472,0.0,52.1976,0,1,0,125,381,381,76106170368,76106170368,7.697,0.018
google/gemma-3-1b-it,NVIDIA GeForce RTX 5060 Ti,42,HotpotQA,4,16,79,semantic,38.5353,0.0,57.9646,0,1,0,102,358,358,67194847232,67194847232,7.697,0.018
google/gemma-3-1b-it,NVIDIA GeForce RTX 5060 Ti,42,HotpotQA,4,16,80,structural,42.3745,61.4055,67.3908,0,0,0,101,357,357,66819981312,66819981312,7.697,0.018
google/gemma-3-1b-it,NVIDIA GeForce RTX 5060 Ti,42,HotpotQA,4,16,81,multi-hop,42.458,0.0,0.0,0,1,1,87,343,343,61681958912,61681958912,7.697,0.018
google/gemma-3-1b-it,NVIDIA GeForce RTX 5060 Ti,42,HotpotQA,4,16,82,multi-hop,57.4844,0.0,0.0,0,1,1,99,355,355,66073395200,66073395200,7.697,0.018
google/gemma-3-1b-it,NVIDIA GeForce RTX 5060 Ti,42,HotpotQA,4,16,83,structural,43.1656,36.4768,44.3571,0,0,0,122,378,378,74912366592,74912366592,7.697,0.018
google/gemma-3-1b-it,NVIDIA GeForce RTX 5060 Ti,42,HotpotQA,4,16,84,semantic,34.5841,0.0,35.5736,0,1,0,121,377,377,74516529152,74516529152,7.697,0.018
google/gemma-3-1b-it,NVIDIA GeForce RTX 5060 Ti,42,HotpotQA,4,16,85,semantic,42.1877,0.0,50.8754,0,1,0,80,336,336,59190018048,59190018048,7.697,0.018
google/gemma-3-1b-it,NVIDIA GeForce RTX 5060 Ti,42,HotpotQA,4,16,86,multi-hop,0.0,0.0,85.2847,1,1,0,104,360,360,67947724800,67947724800,7.697,0.018
google/gemma-3-1b-it,NVIDIA GeForce RTX 5060 Ti,42,HotpotQA,4,16,87,multi-hop,50.3024,0.0,0.0,0,1,1,101,357,357,66819981312,66819981312,7.697,0.018
google/gemma-3-1b-it,NVIDIA GeForce RTX 5060 Ti,42,HotpotQA,4,16,88,multi-hop,41.4814,30.6697,29.6373,0,0,0,90,346,346,62765662208,62765662208,7.697,0.018
google/gemma-3-1b-it,NVIDIA GeForce RTX 5060 Ti,42,HotpotQA,4,16,89,multi-hop,59.1387,0.0,0.0,0,1,1,70,326,326,55719231488,55719231488,7.697,0.018
google/gemma-3-1b-it,NVIDIA GeForce RTX 5060 Ti,42,HotpotQA,4,16,90,semantic,67.3418,0.0,35.1159,0,1,0,63,319,319,53352071168,53352071168,7.697,0.018
google/gemma-3-1b-it,NVIDIA GeForce RTX 5060 Ti,42,HotpotQA,4,16,91,multi-hop,54.7872,80.8764,71.6562,0,0,0,7,263,263,36264476672,36264476672,7.697,0.018
google/gemma-3-1b-it,NVIDIA GeForce RTX 5060 Ti,42,HotpotQA,4,16,92,semantic,42.3401,0.0,61.1484,0,1,0,99,355,325,66073395200,55377920000,7.697,0.018
google/gemma-3-1b-it,NVIDIA GeForce RTX 5060 Ti,42,HotpotQA,4,16,93,semantic,0.0,0.0,57.0127,1,1,0,80,336,336,59190018048,59190018048,7.697,0.018
google/gemma-3-1b-it,NVIDIA GeForce RTX 5060 Ti,42,HotpotQA,4,16,94,semantic,74.4833,0.0,68.878,0,1,0,12,160,268,13421772800,37656461312,7.697,0.018
google/gemma-3-1b-it,NVIDIA GeForce RTX 5060 Ti,42,HotpotQA,4,16,95,semantic,70.1661,0.0,57.4006,0,1,0,85,341,341,60964732928,60964732928,7.697,0.018
google/gemma-3-1b-it,NVIDIA GeForce RTX 5060 Ti,42,HotpotQA,4,16,96,multi-hop,81.739,75.8313,0.0,0,0,1,3,259,259,35169763328,35169763328,7.697,0.018
google/gemma-3-1b-it,NVIDIA GeForce RTX 5060 Ti,42,HotpotQA,4,16,97,structural,44.2935,74.729,53.2037,0,0,0,106,362,362,68704796672,68704796672,7.697,0.018
google/gemma-3-1b-it,NVIDIA GeForce RTX 5060 Ti,42,HotpotQA,4,16,98,multi-hop,46.1567,0.0,0.0,0,1,1,4,22,111,253755392,6459752448,7.697,0.018
google/gemma-3-1b-it,NVIDIA GeForce RTX 5060 Ti,42,HotpotQA,4,16,99,semantic,44.5699,0.0,56.2004,0,1,0,35,275,291,39649280000,44397232128,7.697,0.018
google/gemma-3-1b-it,NVIDIA GeForce RTX 5060 Ti,42,HotpotQA,4,16,100,semantic,37.9853,0.0,0.0,0,1,1,47,303,303,48134356992,48134356992,7.697,0.018
google/gemma-3-1b-it,NVIDIA GeForce RTX 5060 Ti,42,HotpotQA,4,16,101,multi-hop,38.9911,50.3627,33.8442,0,0,0,104,360,360,67947724800,67947724800,7.697,0.018
google/gemma-3-1b-it,NVIDIA GeForce RTX 5060 Ti,42,HotpotQA,4,16,102,multi-hop,42.2001,0.0,93.8447,0,1,0,106,362,362,68704796672,68704796672,7.697,0.018
google/gemma-3-1b-it,NVIDIA GeForce RTX 5060 Ti,42,HotpotQA,4,16,103,semantic,42.1346,0.0,52.7678,0,1,0,69,323,279,54698442752,40811102208,7.697,0.018
google/gemma-3-1b-it,NVIDIA GeForce RTX 5060 Ti,42,HotpotQA,4,16,104,multi-hop,42.0955,0.0,67.1433,0,1,0,109,365,365,69848268800,69848268800,7.697,0.018
google/gemma-3-1b-it,NVIDIA GeForce RTX 5060 Ti,42,HotpotQA,4,16,105,semantic,57.7287,0.0,39.7228,0,1,0,110,366,366,70231523328,70231523328,7.697,0.018
google/gemma-3-1b-it,NVIDIA GeForce RTX 5060 Ti,42,HotpotQA,4,16,106,semantic,71.3901,0.0,0.0,0,1,1,2,10,10,52428800,52428800,7.697,0.018
google/gemma-3-1b-it,NVIDIA GeForce RTX 5060 Ti,42,HotpotQA,4,16,107,structural,56.6265,36.0708,0.0,0,0,1,105,361,361,68325736448,68325736448,7.697,0.018
google/gemma-3-1b-it,NVIDIA GeForce RTX 5060 Ti,42,HotpotQA,4,16,108,structural,48.0699,0.0,0.0,0,1,1,81,337,337,59542863872,59542863872,7.697,0.018
google/gemma-3-1b-it,NVIDIA GeForce RTX 5060 Ti,42,HotpotQA,4,16,109,multi-hop,35.6767,81.8542,64.7383,0,0,0,139,395,375,81802035200,73728000000,7.697,0.018
google/gemma-3-1b-it,NVIDIA GeForce RTX 5060 Ti,42,HotpotQA,4,16,110,multi-hop,41.7776,34.1816,37.0815,0,0,0,34,290,290,44092620800,44092620800,7.697,0.018
google/gemma-3-1b-it,NVIDIA GeForce RTX 5060 Ti,42,HotpotQA,4,16,111,multi-hop,67.4424,39.8901,40.4692,0,0,0,16,166,228,14447280128,27254587392,7.697,0.018
google/gemma-3-1b-it,NVIDIA GeForce RTX 5060 Ti,42,HotpotQA,4,16,112,semantic,42.8898,0.0,0.0,0,1,1,122,378,378,74912366592,74912366592,7.697,0.018
google/gemma-3-1b-it,NVIDIA GeForce RTX 5060 Ti,42,HotpotQA,4,16,113,multi-hop,0.0,0.0,38.2404,1,1,0,91,347,347,63128993792,63128993792,7.697,0.018
google/gemma-3-1b-it,NVIDIA GeForce RTX 5060 Ti,42,HotpotQA,4,16,114,multi-hop,38.2694,0.0,51.3793,0,1,0,68,324,324,55037657088,55037657088,7.697,0.018
google/gemma-3-1b-it,NVIDIA GeForce RTX 5060 Ti,42,HotpotQA,4,16,115,multi-hop,0.0,0.0,0.0,1,1,1,35,275,291,39649280000,44397232128,7.697,0.018
google/gemma-3-1b-it,NVIDIA GeForce RTX 5060 Ti,42,HotpotQA,4,16,116,semantic,46.774,0.0,0.0,0,1,1,40,296,296,45936017408,45936017408,7.697,0.018
google/gemma-3-1b-it,NVIDIA GeForce RTX 5060 Ti,42,HotpotQA,4,16,117,multi-hop,32.3476,45.3384,0.0,0,0,1,88,344,344,62042144768,62042144768,7.697,0.018
google/gemma-3-1b-it,NVIDIA GeForce RTX 5060 Ti,42,HotpotQA,4,16,118,multi-hop,43.3197,0.0,55.1614,0,1,0,99,355,355,66073395200,66073395200,7.697,0.018
google/gemma-3-1b-it,NVIDIA GeForce RTX 5060 Ti,42,HotpotQA,4,16,119,multi-hop,45.1314,0.0,52.0524,0,1,0,106,362,362,68704796672,68704796672,7.697,0.018
google/gemma-3-1b-it,NVIDIA GeForce RTX 5060 Ti,42,HotpotQA,4,16,120,structural,39.0033,40.477,41.6958,0,0,0,84,340,340,60607692800,60607692800,7.697,0.018
google/gemma-3-1b-it,NVIDIA GeForce RTX 5060 Ti,42,HotpotQA,4,16,121,multi-hop,53.3485,0.0,0.0,0,1,1,114,370,370,71775027200,71775027200,7.697,0.018
google/gemma-3-1b-it,NVIDIA GeForce RTX 5060 Ti,42,HotpotQA,4,16,122,semantic,0.0,0.0,0.0,1,1,1,121,377,377,74516529152,74516529152,7.697,0.018
google/gemma-3-1b-it,NVIDIA GeForce RTX 5060 Ti,42,HotpotQA,4,16,123,semantic,33.8156,0.0,69.4581,0,1,0,2,160,39,13421772800,797442048,7.697,0.018
google/gemma-3-1b-it,NVIDIA GeForce RTX 5060 Ti,42,HotpotQA,4,16,124,multi-hop,46.5807,58.3177,53.4189,0,0,0,2,10,10,52428800,52428800,7.697,0.018
google/gemma-3-1b-it,NVIDIA GeForce RTX 5060 Ti,42,HotpotQA,4,16,125,semantic,43.9308,0.0,0.0,0,1,1,117,373,373,72943665152,72943665152,7.697,0.018
google/gemma-3-1b-it,NVIDIA GeForce RTX 5060 Ti,42,HotpotQA,4,16,126,semantic,43.2438,0.0,0.0,0,1,1,60,316,316,52353302528,52353302528,7.697,0.018
google/gemma-3-1b-it,NVIDIA GeForce RTX 5060 Ti,42,HotpotQA,4,16,127,multi-hop,76.5898,65.7701,43.0589,0,0,0,35,291,113,44397232128,6694633472,7.697,0.018
google/gemma-3-1b-it,NVIDIA GeForce RTX 5060 Ti,42,HotpotQA,4,16,128,multi-hop,68.2447,0.0,0.0,0,1,1,117,373,373,72943665152,72943665152,7.697,0.018
google/gemma-3-1b-it,NVIDIA GeForce RTX 5060 Ti,42,HotpotQA,4,16,129,structural,56.994,47.1419,58.8175,0,0,0,47,303,303,48134356992,48134356992,7.697,0.018
google/gemma-3-1b-it,NVIDIA GeForce RTX 5060 Ti,42,HotpotQA,4,16,130,semantic,53.1238,0.0,48.6221,0,1,0,94,350,350,64225280000,64225280000,7.697,0.018
google/gemma-3-1b-it,NVIDIA GeForce RTX 5060 Ti,42,HotpotQA,4,16,131,semantic,68.9582,0.0,0.0,0,1,1,126,382,382,76506202112,76506202112,7.697,0.018
google/gemma-3-1b-it,NVIDIA GeForce RTX 5060 Ti,42,HotpotQA,4,16,132,semantic,47.5382,0.0,55.171,0,1,0,99,355,355,66073395200,66073395200,7.697,0.018
google/gemma-3-1b-it,NVIDIA GeForce RTX 5060 Ti,42,HotpotQA,4,16,133,multi-hop,38.2515,0.0,41.6361,0,1,0,99,355,355,66073395200,66073395200,7.697,0.018
google/gemma-3-1b-it,NVIDIA GeForce RTX 5060 Ti,42,HotpotQA,4,16,134,structural,46.7163,67.9248,48.2152,0,0,0,18,249,274,32506380288,39361445888,7.697,0.018
google/gemma-3-1b-it,NVIDIA GeForce RTX 5060 Ti,42,HotpotQA,4,16,135,multi-hop,42.4428,0.0,0.0,0,1,1,58,314,314,51692699648,51692699648,7.697,0.018
google/gemma-3-1b-it,NVIDIA GeForce RTX 5060 Ti,42,HotpotQA,4,16,136,semantic,31.1802,0.0,34.6662,0,1,0,19,275,275,39649280000,39649280000,7.697,0.018
google/gemma-3-1b-it,NVIDIA GeForce RTX 5060 Ti,42,HotpotQA,4,16,137,semantic,60.0135,0.0,62.4343,0,1,0,57,313,313,51363971072,51363971072,7.697,0.018
google/gemma-3-1b-it,NVIDIA GeForce RTX 5060 Ti,42,HotpotQA,4,16,138,semantic,33.0342,0.0,0.0,0,1,1,76,332,332,57789120512,57789120512,7.697,0.018
google/gemma-3-1b-it,NVIDIA GeForce RTX 5060 Ti,42,HotpotQA,4,16,139,multi-hop,72.6854,46.9322,43.6715,0,0,0,119,375,375,73728000000,73728000000,7.697,0.018
google/gemma-3-1b-it,NVIDIA GeForce RTX 5060 Ti,42,HotpotQA,4,16,140,structural,37.4886,31.2558,36.8028,0,0,0,2,12,11,75497472,63438848,7.697,0.018
google/gemma-3-1b-it,NVIDIA GeForce RTX 5060 Ti,42,HotpotQA,4,16,141,semantic,58.3184,0.0,31.4292,0,1,0,66,322,322,54360276992,54360276992,7.697,0.018
google/gemma-3-1b-it,NVIDIA GeForce RTX 5060 Ti,42,HotpotQA,4,16,142,multi-hop,0.0,67.595,29.5868,1,0,0,20,253,276,33559150592,39938162688,7.697,0.018
google/gemma-3-1b-it,NVIDIA GeForce RTX 5060 Ti,42,HotpotQA,4,16,143,semantic,30.0178,0.0,0.0,0,1,1,82,338,338,59896758272,59896758272,7.697,0.018
google/gemma-3-1b-it,NVIDIA GeForce RTX 5060 Ti,42,HotpotQA,4,16,144,multi-hop,30.2836,0.0,0.0,0,1,1,117,373,373,72943665152,72943665152,7.697,0.018
google/gemma-3-1b-it,NVIDIA GeForce RTX 5060 Ti,42,HotpotQA,4,16,145,multi-hop,36.6748,0.0,0.0,0,1,1,72,328,328,56405000192,56405000192,7.697,0.018
google/gemma-3-1b-it,NVIDIA GeForce RTX 5060 Ti,42,HotpotQA,4,16,146,multi-hop,41.3948,0.0,31.661,0,1,0,105,361,361,68325736448,68325736448,7.697,0.018
google/gemma-3-1b-it,NVIDIA GeForce RTX 5060 Ti,42,HotpotQA,4,16,147,multi-hop,30.4375,0.0,0.0,0,1,1,2,10,10,52428800,52428800,7.697,0.018
google/gemma-3-1b-it,NVIDIA GeForce RTX 5060 Ti,42,HotpotQA,4,16,148,multi-hop,93.532,37.3551,0.0,0,0,1,99,355,355,66073395200,66073395200,7.697,0.018
google/gemma-3-1b-it,NVIDIA GeForce RTX 5060 Ti,42,HotpotQA,4,16,149,multi-hop,77.8482,34.5602,45.4536,0,0,0,134,390,390,79744204800,79744204800,7.697,0.018
google/gemma-3-1b-it,NVIDIA GeForce RTX 5060 Ti,42,HotpotQA,4,16,150,semantic,59.1192,0.0,43.7735,0,1,0,77,333,333,58137772032,58137772032,7.697,0.018
google/gemma-3-1b-it,NVIDIA GeForce RTX 5060 Ti,42,HotpotQA,4,16,151,structural,52.4859,0.0,0.0,0,1,1,35,275,291,39649280000,44397232128,7.697,0.018
google/gemma-3-1b-it,NVIDIA GeForce RTX 5060 Ti,42,HotpotQA,4,16,152,structural,48.664,35.5707,0.0,0,0,1,129,385,385,77712588800,77712588800,7.697,0.018
google/gemma-3-1b-it,NVIDIA GeForce RTX 5060 Ti,42,HotpotQA,4,16,153,structural,42.7149,47.5907,0.0,0,0,1,85,341,341,60964732928,60964732928,7.697,0.018
google/gemma-3-1b-it,NVIDIA GeForce RTX 5060 Ti,42,HotpotQA,4,16,154,multi-hop,0.0,54.9438,0.0,1,0,1,35,275,291,39649280000,44397232128,7.697,0.018
google/gemma-3-1b-it,NVIDIA GeForce RTX 5060 Ti,42,HotpotQA,4,16,155,multi-hop,41.0256,0.0,0.0,0,1,1,67,323,323,54698442752,54698442752,7.697,0.018
google/gemma-3-1b-it,NVIDIA GeForce RTX 5060 Ti,42,HotpotQA,4,16,156,structural,34.6578,61.4452,59.3444,0,0,0,14,270,270,38220595200,38220595200,7.697,0.018
google/gemma-3-1b-it,NVIDIA GeForce RTX 5060 Ti,42,HotpotQA,4,16,157,multi-hop,31.0637,0.0,0.0,0,1,1,75,331,331,57441517568,57441517568,7.697,0.018
google/gemma-3-1b-it,NVIDIA GeForce RTX 5060 Ti,42,HotpotQA,4,16,158,multi-hop,63.0978,0.0,38.6589,0,1,0,159,415,415,90295500800,90295500800,7.697,0.018
google/gemma-3-1b-it,NVIDIA GeForce RTX 5060 Ti,42,HotpotQA,4,16,159,structural,40.1563,28.5734,41.3749,0,0,0,69,323,279,54698442752,40811102208,7.697,0.018
google/gemma-3-1b-it,NVIDIA GeForce RTX 5060 Ti,42,HotpotQA,4,16,160,semantic,30.1141,0.0,0.0,0,1,1,17,273,273,39074660352,39074660352,7.697,0.018
google/gemma-3-1b-it,NVIDIA GeForce RTX 5060 Ti,42,HotpotQA,4,16,161,multi-hop,69.876,69.4846,0.0,0,0,1,64,320,320,53687091200,53687091200,7.697,0.018
google/gemma-3-1b-it,NVIDIA GeForce RTX 5060 Ti,42,HotpotQA,4,16,162,multi-hop,41.8382,32.7227,67.4649,0,0,0,81,337,337,59542863872,59542863872,7.697,0.018
google/gemma-3-1b-it,NVIDIA GeForce RTX 5060 Ti,42,HotpotQA,4,16,163,multi-hop,31.8521,61.2525,0.0,0,0,1,106,362,362,68704796672,68704796672,7.697,0.018
google/gemma-3-1b-it,NVIDIA GeForce RTX 5060 Ti,42,HotpotQA,4,16,164,semantic,33.5385,0.0,57.3257,0,1,0,20,253,276,33559150592,39938162688,7.697,0.018
google/gemma-3-1b-it,NVIDIA GeForce RTX 5060 Ti,42,HotpotQA,4,16,165,multi-hop,65.183,0.0,49.0352,0,1,0,80,336,336,59190018048,59190018048,7.697,0.018
google/gemma-3-1b-it,NVIDIA GeForce RTX 5060 Ti,42,HotpotQA,4,16,166,multi-hop,30.9097,0.0,40.1123,0,1,0,96,352,352,64961380352,64961380352,7.697,0.018
google/gemma-3-1b-it,NVIDIA GeForce RTX 5060 Ti,42,HotpotQA,4,16,167,multi-hop,47.9727,59.2514,53.6226,0,0,0,35,291,113,44397232128,6694633472,7.697,0.018
google/gemma-3-1b-it,NVIDIA GeForce RTX 5060 Ti,42,HotpotQA,4,16,168,semantic,67.618,0.0,43.6555,0,1,0,20,276,276,39938162688,39938162688,7.697,0.018
google/gemma-3-1b-it,NVIDIA GeForce RTX 5060 Ti,42,HotpotQA,4,16,169,multi-hop,60.3237,0.0,0.0,0,1,1,118,374,374,73335308288,73335308288,7.697,0.018
google/gemma-3-1b-it,NVIDIA GeForce RTX 5060 Ti,42,HotpotQA,4,16,170,multi-hop,34.0406,46.338,36.5327,0,0,0,5,29,159,440926208,13254524928,7.697,0.018
google/gemma-3-1b-it,NVIDIA GeForce RTX 5060 Ti,42,HotpotQA,4,16,171,multi-hop,55.2718,0.0,60.0722,0,1,0,91,347,347,63128993792,63128993792,7.697,0.018
google/gemma-3-1b-it,NVIDIA GeForce RTX 5060 Ti,42,HotpotQA,4,16,172,structural,71.0448,77.2755,65.2174,0,0,0,6,262,262,35989225472,35989225472,7.697,0.018
google/gemma-3-1b-it,NVIDIA GeForce RTX 5060 Ti,42,HotpotQA,4,16,173,multi-hop,63.7843,47.1595,45.2939,0,0,0,53,309,309,50059542528,50059542528,7.697,0.018
google/gemma-3-1b-it,NVIDIA GeForce RTX 5060 Ti,42,HotpotQA,4,16,174,semantic,49.6386,0.0,0.0,0,1,1,106,362,362,68704796672,68704796672,7.697,0.018
google/gemma-3-1b-it,NVIDIA GeForce RTX 5060 Ti,42,HotpotQA,4,16,175,multi-hop,59.6691,61.9524,58.2074,0,0,0,20,276,276,39938162688,39938162688,7.697,0.018
google/gemma-3-1b-it,NVIDIA GeForce RTX 5060 Ti,42,HotpotQA,4,16,176,multi-hop,78.1727,0.0,64.6871,0,1,0,108,364,364,69466062848,69466062848,7.697,0.018
google/gemma-3-1b-it,NVIDIA GeForce RTX 5060 Ti,42,HotpotQA,4,16,177,multi-hop,63.6452,0.0,51.0426,0,1,0,114,370,370,71775027200,71775027200,7.697,0.018
google/gemma-3-1b-it,NVIDIA GeForce RTX 5060 Ti,42,HotpotQA,4,16,178,structural,61.1913,53.9927,52.0467,0,0,0,98,354,354,65701675008,65701675008,7.697,0.018
google/gemma-3-1b-it,NVIDIA GeForce RTX 5060 Ti,42,HotpotQA,4,16,179,structural,41.4994,47.7823,71.8,0,0,0,49,255,305,34091827200,48771891200,7.697,0.018
google/gemma-3-1b-it,NVIDIA GeForce RTX 5060 Ti,42,HotpotQA,4,16,180,semantic,34.3354,0.0,0.0,0,1,1,93,349,349,63858802688,63858802688,7.697,0.018
google/gemma-3-1b-it,NVIDIA GeForce RTX 5060 Ti,42,HotpotQA,4,16,181,structural,62.2783,65.1872,54.7472,0,0,0,108,364,364,69466062848,69466062848,7.697,0.018
google/gemma-3-1b-it,NVIDIA GeForce RTX 5060 Ti,42,HotpotQA,4,16,182,multi-hop,39.3039,0.0,0.0,0,1,1,2,10,10,52428800,52428800,7.697,0.018
google/gemma-3-1b-it,NVIDIA GeForce RTX 5060 Ti,42,HotpotQA,4,16,183,multi-hop,54.8516,0.0,32.437,0,1,0,114,341,370,60964732928,71775027200,7.697,0.018
google/gemma-3-1b-it,NVIDIA GeForce RTX 5060 Ti,42,HotpotQA,4,16,184,structural,44.6675,76.9679,60.7218,0,0,0,13,93,205,4534566912,22033203200,7.697,0.018
google/gemma-3-1b-it,NVIDIA GeForce RTX 5060 Ti,42,HotpotQA,4,16,185,multi-hop,61.801,0.0,61.9118,0,1,0,94,350,350,64225280000,64225280000,7.697,0.018
google/gemma-3-1b-it,NVIDIA GeForce RTX 5060 Ti,42,HotpotQA,4,16,186,semantic,32.7052,0.0,37.3961,0,1,0,105,361,361,68325736448,68325736448,7.697,0.018
google/gemma-3-1b-it,NVIDIA GeForce RTX 5060 Ti,42,HotpotQA,4,16,187,multi-hop,56.3359,33.9375,89.5061,0,0,0,68,324,324,55037657088,55037657088,7.697,0.018
google/gemma-3-1b-it,NVIDIA GeForce RTX 5060 Ti,42,HotpotQA,4,16,188,multi-hop,36.2826,0.0,53.9345,0,1,0,57,313,313,51363971072,51363971072,7.697,0.018
google/gemma-3-1b-it,NVIDIA GeForce RTX 5060 Ti,42,HotpotQA,4,16,189,structural,42.4569,70.7617,52.7874,0,0,0,24,280,280,41104179200,41104179200,7.697,0.018
google/gemma-3-1b-it,NVIDIA GeForce RTX 5060 Ti,42,HotpotQA,4,16,190,structural,33.6277,50.2377,57.6873,0,0,0,20,276,276,39938162688,39938162688,7.697,0.018
google/gemma-3-1b-it,NVIDIA GeForce RTX 5060 Ti,42,HotpotQA,4,16,191,structural,33.4565,34.4518,65.6308,0,0,0,69,325,325,55377920000,55377920000,7.697,0.018
google/gemma-3-1b-it,NVIDIA GeForce RTX 5060 Ti,42,HotpotQA,4,16,192,multi-hop,53.6021,0.0,0.0,0,1,1,5,261,261,35715022848,35715022848,7.697,0.018
google/gemma-3-1b-it,NVIDIA GeForce RTX 5060 Ti,42,HotpotQA,4,16,193,semantic,84.8081,0.0,0.0,0,1,1,26,282,282,41693478912,41693478912,7.697,0.018
google/gemma-3-1b-it,NVIDIA GeForce RTX 5060 Ti,42,HotpotQA,4,16,194,multi-hop,55.199,63.9164,0.0,0,0,1,4,193,260,19529203712,35441868800,7.697,0.018
google/gemma-3-1b-it,NVIDIA GeForce RTX 5060 Ti,42,HotpotQA,4,16,195,multi-hop,35.2886,41.5754,41.1224,0,0,0,114,370,370,71775027200,71775027200,7.697,0.018
google/gemma-3-1b-it,NVIDIA GeForce RTX 5060 Ti,42,HotpotQA,4,16,196,multi-hop,55.2909,0.0,0.0,0,1,1,14,70,168,2569011200,14797504512,7.697,0.018
google/gemma-3-1b-it,NVIDIA GeForce RTX 5060 Ti,42,HotpotQA,4,16,197,semantic,47.8674,0.0,32.6155,0,1,0,96,333,352,58137772032,64961380352,7.697,0.018
google/gemma-3-1b-it,NVIDIA GeForce RTX 5060 Ti,42,HotpotQA,4,16,198,semantic,0.0,0.0,0.0,1,1,1,14,87,70,3968335872,2569011200,7.697,0.018
google/gemma-3-1b-it,NVIDIA GeForce RTX 5060 Ti,42,HotpotQA,4,16,199,semantic,53.8778,0.0,52.5754,0,1,0,106,362,362,68704796672,68704796672,7.697,0.018
google/gemma-3-1b-it,NVIDIA GeForce RTX 5060 Ti,42,HotpotQA,4,16,200,multi-hop,38.4895,44.39,57.2233,0,0,0,2,160,39,13421772800,797442048,7.697,0.018
google/gemma-3-1b-it,NVIDIA GeForce RTX 5060 Ti,42,HotpotQA,4,16,201,multi-hop,46.4422,0.0,0.0,0,1,1,47,303,303,48134356992,48134356992,7.697,0.018
google/gemma-3-1b-it,NVIDIA GeForce RTX 5060 Ti,42,HotpotQA,4,16,202,semantic,78.1486,0.0,64.402,0,1,0,25,281,281,41398304768,41398304768,7.697,0.018
google/gemma-3-1b-it,NVIDIA GeForce RTX 5060 Ti,42,HotpotQA,4,16,203,semantic,39.1304,0.0,0.0,0,1,1,102,358,358,67194847232,67194847232,7.697,0.018
google/gemma-3-1b-it,NVIDIA GeForce RTX 5060 Ti,42,HotpotQA,4,16,204,multi-hop,62.4923,61.3405,52.5406,0,0,0,131,387,387,78522089472,78522089472,7.697,0.018
google/gemma-3-1b-it,NVIDIA GeForce RTX 5060 Ti,42,HotpotQA,4,16,205,multi-hop,61.1535,47.9418,46.4502,0,0,0,128,384,384,77309411328,77309411328,7.697,0.018
google/gemma-3-1b-it,NVIDIA GeForce RTX 5060 Ti,42,HotpotQA,4,16,206,multi-hop,53.0576,0.0,0.0,0,1,1,105,361,361,68325736448,68325736448,7.697,0.018
google/gemma-3-1b-it,NVIDIA GeForce RTX 5060 Ti,42,HotpotQA,4,16,207,multi-hop,74.8241,0.0,0.0,0,1,1,148,404,404,85572190208,85572190208,7.697,0.018
google/gemma-3-1b-it,NVIDIA GeForce RTX 5060 Ti,42,HotpotQA,4,16,208,semantic,35.4221,0.0,75.142,0,1,0,10,215,266,24235212800,37096521728,7.697,0.018
google/gemma-3-1b-it,NVIDIA GeForce RTX 5060 Ti,42,HotpotQA,4,16,209,semantic,41.7576,0.0,0.0,0,1,1,70,318,326,53018099712,55719231488,7.697,0.018
google/gemma-3-1b-it,NVIDIA GeForce RTX 5060 Ti,42,HotpotQA,4,16,210,multi-hop,67.4617,0.0,54.5092,0,1,0,125,381,381,76106170368,76106170368,7.697,0.018
google/gemma-3-1b-it,NVIDIA GeForce RTX 5060 Ti,42,HotpotQA,4,16,211,multi-hop,33.6023,55.862,0.0,0,0,1,85,341,341,60964732928,60964732928,7.697,0.018
google/gemma-3-1b-it,NVIDIA GeForce RTX 5060 Ti,42,HotpotQA,4,16,212,semantic,28.5129,0.0,0.0,0,1,1,94,350,350,64225280000,64225280000,7.697,0.018
google/gemma-3-1b-it,NVIDIA GeForce RTX 5060 Ti,42,HotpotQA,4,16,213,structural,50.3428,35.6639,51.3013,0,0,0,64,320,320,53687091200,53687091200,7.697,0.018
google/gemma-3-1b-it,NVIDIA GeForce RTX 5060 Ti,42,HotpotQA,4,16,214,multi-hop,35.9508,0.0,37.0559,0,1,0,117,373,346,72943665152,62765662208,7.697,0.018
google/gemma-3-1b-it,NVIDIA GeForce RTX 5060 Ti,42,HotpotQA,4,16,215,multi-hop,44.1083,49.5933,38.9229,0,0,0,139,395,375,81802035200,73728000000,7.697,0.018
google/gemma-3-1b-it,NVIDIA GeForce RTX 5060 Ti,42,HotpotQA,4,16,216,multi-hop,39.5519,0.0,0.0,0,1,1,118,374,374,73335308288,73335308288,7.697,0.018
google/gemma-3-1b-it,NVIDIA GeForce RTX 5060 Ti,42,HotpotQA,4,16,217,semantic,75.6589,0.0,72.7778,0,1,0,63,319,319,53352071168,53352071168,7.697,0.018
google/gemma-3-1b-it,NVIDIA GeForce RTX 5060 Ti,42,HotpotQA,4,16,218,semantic,39.6063,0.0,0.0,0,1,1,101,357,357,66819981312,66819981312,7.697,0.018
google/gemma-3-1b-it,NVIDIA GeForce RTX 5060 Ti,42,HotpotQA,4,16,219,structural,41.1131,61.435,39.0174,0,0,0,109,365,365,69848268800,69848268800,7.697,0.018
google/gemma-3-1b-it,NVIDIA GeForce RTX 5060 Ti,42,HotpotQA,4,16,220,multi-hop,57.9082,0.0,43.6553,0,1,0,142,398,398,83049316352,83049316352,7.697,0.018
google/gemma-3-1b-it,NVIDIA GeForce RTX 5060 Ti,42,HotpotQA,4,16,221,semantic,32.1682,0.0,0.0,0,1,1,134,390,390,79744204800,79744204800,7.697,0.018
google/gemma-3-1b-it,NVIDIA GeForce RTX 5060 Ti,42,HotpotQA,4,16,222,structural,30.0762,46.0731,61.4721,0,0,0,93,349,349,63858802688,63858802688,7.697,0.018
google/gemma-3-1b-it,NVIDIA GeForce RTX 5060 Ti,42,HotpotQA,4,16,223,multi-hop,47.2252,0.0,42.5919,0,1,0,68,324,324,55037657088,55037657088,7.697,0.018
google/gemma-3-1b-it,NVIDIA GeForce RTX 5060 Ti,42,HotpotQA,4,16,224,multi-hop,37.6423,36.9751,37.7962,0,0,0,3,192,259,19327352832,35169763328,7.697,0.018
google/gemma-3-1b-it,NVIDIA GeForce RTX 5060 Ti,42,HotpotQA,4,16,225,structural,33.8483,0.0,47.7561,0,1,0,112,368,368,71001178112,71001178112,7.697,0.018
google/gemma-3-1b-it,NVIDIA GeForce RTX 5060 Ti,42,HotpotQA,4,16,226,semantic,47.4656,0.0,40.3837,0,1,0,17,273,273,39074660352,39074660352,7.697,0.018
google/gemma-3-1b-it,NVIDIA GeForce RTX 5060 Ti,42,HotpotQA,4,16,227,semantic,38.4666,0.0,0.0,0,1,1,123,379,379,75309252608,75309252608,7.697,0.018
google/gemma-3-1b-it,NVIDIA GeForce RTX 5060 Ti,42,HotpotQA,4,16,228,structural,61.4874,0.0,0.0,0,1,1,167,423,423,93810327552,93810327552,7.697,0.018
google/gemma-3-1b-it,NVIDIA GeForce RTX 5060 Ti,42,HotpotQA,4,16,229,multi-hop,78.6857,0.0,46.8704,0,1,0,125,381,381,76106170368,76106170368,7.697,0.018
google/gemma-3-1b-it,NVIDIA GeForce RTX 5060 Ti,42,HotpotQA,4,16,230,structural,37.7448,0.0,0.0,0,1,1,73,329,329,56749457408,56749457408,7.697,0.018
google/gemma-3-1b-it,NVIDIA GeForce RTX 5060 Ti,42,HotpotQA,4,16,231,semantic,33.2098,0.0,0.0,0,1,1,81,337,337,59542863872,59542863872,7.697,0.018
google/gemma-3-1b-it,NVIDIA GeForce RTX 5060 Ti,42,HotpotQA,4,16,232,structural,75.405,0.0,0.0,0,1,1,226,482,482,121804685312,121804685312,7.697,0.018
google/gemma-3-1b-it,NVIDIA GeForce RTX 5060 Ti,42,HotpotQA,4,16,233,structural,31.0038,35.4296,83.2499,0,0,0,6,262,262,35989225472,35989225472,7.697,0.018
google/gemma-3-1b-it,NVIDIA GeForce RTX 5060 Ti,42,HotpotQA,4,16,234,semantic,34.4095,0.0,0.0,0,1,1,114,370,370,71775027200,71775027200,7.697,0.018
google/gemma-3-1b-it,NVIDIA GeForce RTX 5060 Ti,42,HotpotQA,4,16,235,multi-hop,0.0,0.0,0.0,1,1,1,123,379,379,75309252608,75309252608,7.697,0.018
google/gemma-3-1b-it,NVIDIA GeForce RTX 5060 Ti,42,HotpotQA,4,16,236,multi-hop,34.9628,0.0,48.7675,0,1,0,102,358,358,67194847232,67194847232,7.697,0.018
google/gemma-3-1b-it,NVIDIA GeForce RTX 5060 Ti,42,HotpotQA,4,16,237,structural,31.3006,38.1189,35.288,0,0,0,116,372,372,72553070592,72553070592,7.697,0.018
google/gemma-3-1b-it,NVIDIA GeForce RTX 5060 Ti,42,HotpotQA,4,16,238,multi-hop,39.1562,38.714,37.3391,0,0,0,124,380,380,75707187200,75707187200,7.697,0.018
google/gemma-3-1b-it,NVIDIA GeForce RTX 5060 Ti,42,HotpotQA,4,16,239,structural,33.5195,51.7438,36.3319,0,0,0,31,283,287,41989701632,43185078272,7.697,0.018
google/gemma-3-1b-it,NVIDIA GeForce RTX 5060 Ti,42,HotpotQA,4,16,240,multi-hop,35.9792,0.0,0.0,0,1,1,186,442,442,102427000832,102427000832,7.697,0.018
google/gemma-3-1b-it,NVIDIA GeForce RTX 5060 Ti,42,HotpotQA,4,16,241,multi-hop,38.8986,0.0,32.6892,0,1,0,78,334,334,58487472128,58487472128,7.697,0.018
google/gemma-3-1b-it,NVIDIA GeForce RTX 5060 Ti,42,HotpotQA,4,16,242,multi-hop,36.876,46.6108,26.9643,0,0,0,124,380,380,75707187200,75707187200,7.697,0.018
google/gemma-3-1b-it,NVIDIA GeForce RTX 5060 Ti,42,HotpotQA,4,16,243,multi-hop,34.7822,31.8978,43.3834,0,0,0,131,387,387,78522089472,78522089472,7.697,0.018
google/gemma-3-1b-it,NVIDIA GeForce RTX 5060 Ti,42,HotpotQA,4,16,244,semantic,38.0679,0.0,34.4687,0,1,0,108,364,364,69466062848,69466062848,7.697,0.018
google/gemma-3-1b-it,NVIDIA GeForce RTX 5060 Ti,42,HotpotQA,4,16,245,multi-hop,53.1473,39.3693,43.468,0,0,0,94,350,350,64225280000,64225280000,7.697,0.018
google/gemma-3-1b-it,NVIDIA GeForce RTX 5060 Ti,42,HotpotQA,4,16,246,structural,62.968,0.0,0.0,0,1,1,8,264,264,36540776448,36540776448,7.697,0.018
google/gemma-3-1b-it,NVIDIA GeForce RTX 5060 Ti,42,HotpotQA,4,16,247,structural,78.2692,0.0,0.0,0,1,1,111,367,345,70615826432,62403379200,7.697,0.018
google/gemma-3-1b-it,NVIDIA GeForce RTX 5060 Ti,42,HotpotQA,4,16,248,semantic,45.102,0.0,0.0,0,1,1,98,354,354,65701675008,65701675008,7.697,0.018
google/gemma-3-1b-it,NVIDIA GeForce RTX 5060 Ti,42,HotpotQA,4,16,249,multi-hop,44.4,0.0,54.1714,0,1,0,24,274,280,39361445888,41104179200,7.697,0.018
google/gemma-3-1b-it,NVIDIA GeForce RTX 5060 Ti,42,HotpotQA,4,16,250,semantic,39.4338,0.0,55.1189,0,1,0,109,365,365,69848268800,69848268800,7.697,0.018
google/gemma-3-1b-it,NVIDIA GeForce RTX 5060 Ti,42,HotpotQA,4,16,251,multi-hop,46.5637,0.0,0.0,0,1,1,96,352,352,64961380352,64961380352,7.697,0.018
google/gemma-3-1b-it,NVIDIA GeForce RTX 5060 Ti,42,HotpotQA,4,16,252,multi-hop,45.2787,0.0,77.1796,0,1,0,139,395,375,81802035200,73728000000,7.697,0.018
google/gemma-3-1b-it,NVIDIA GeForce RTX 5060 Ti,42,HotpotQA,4,16,253,multi-hop,0.0,0.0,0.0,1,1,1,3,259,259,35169763328,35169763328,7.697,0.018
google/gemma-3-1b-it,NVIDIA GeForce RTX 5060 Ti,42,HotpotQA,4,16,254,multi-hop,33.517,45.6585,75.9334,0,0,0,44,300,300,47185920000,47185920000,7.697,0.018
google/gemma-3-1b-it,NVIDIA GeForce RTX 5060 Ti,42,HotpotQA,4,16,255,multi-hop,58.3729,0.0,0.0,0,1,1,126,382,382,76506202112,76506202112,7.697,0.018
google/gemma-3-1b-it,NVIDIA GeForce RTX 5060 Ti,42,HotpotQA,4,16,256,multi-hop,34.9439,68.4481,42.4853,0,0,0,63,319,319,53352071168,53352071168,7.697,0.018
google/gemma-3-1b-it,NVIDIA GeForce RTX 5060 Ti,42,HotpotQA,4,16,257,semantic,48.3552,0.0,0.0,0,1,1,100,356,356,66446163968,66446163968,7.697,0.018
google/gemma-3-1b-it,NVIDIA GeForce RTX 5060 Ti,42,HotpotQA,4,16,258,multi-hop,80.0316,0.0,64.252,0,1,0,112,368,368,71001178112,71001178112,7.697,0.018
google/gemma-3-1b-it,NVIDIA GeForce RTX 5060 Ti,42,HotpotQA,4,16,259,multi-hop,35.8184,0.0,0.0,0,1,1,78,334,334,58487472128,58487472128,7.697,0.018
google/gemma-3-1b-it,NVIDIA GeForce RTX 5060 Ti,42,HotpotQA,4,16,260,structural,93.6753,0.0,0.0,0,1,1,25,281,281,41398304768,41398304768,7.697,0.018
google/gemma-3-1b-it,NVIDIA GeForce RTX 5060 Ti,42,HotpotQA,4,16,261,semantic,0.0,0.0,0.0,1,1,1,82,338,338,59896758272,59896758272,7.697,0.018
google/gemma-3-1b-it,NVIDIA GeForce RTX 5060 Ti,42,HotpotQA,4,16,262,multi-hop,35.3784,74.4343,67.0145,0,0,0,99,355,355,66073395200,66073395200,7.697,0.018
google/gemma-3-1b-it,NVIDIA GeForce RTX 5060 Ti,42,HotpotQA,4,16,263,semantic,36.065,0.0,0.0,0,1,1,114,370,370,71775027200,71775027200,7.697,0.018
google/gemma-3-1b-it,NVIDIA GeForce RTX 5060 Ti,42,HotpotQA,4,16,264,semantic,66.3691,0.0,0.0,0,1,1,87,343,343,61681958912,61681958912,7.697,0.018
google/gemma-3-1b-it,NVIDIA GeForce RTX 5060 Ti,42,HotpotQA,4,16,265,semantic,49.7497,0.0,38.3038,0,1,0,119,375,375,73728000000,73728000000,7.697,0.018
google/gemma-3-1b-it,NVIDIA GeForce RTX 5060 Ti,42,HotpotQA,4,16,266,semantic,65.5127,0.0,37.4539,0,1,0,105,361,361,68325736448,68325736448,7.697,0.018
google/gemma-3-1b-it,NVIDIA GeForce RTX 5060 Ti,42,HotpotQA,4,16,267,structural,41.3059,38.2009,0.0,0,0,1,101,357,357,66819981312,66819981312,7.697,0.018
google/gemma-3-1b-it,NVIDIA GeForce RTX 5060 Ti,42,HotpotQA,4,16,268,structural,54.5848,44.6773,38.7818,0,0,0,114,370,370,71775027200,71775027200,7.697,0.018
google/gemma-3-1b-it,NVIDIA GeForce RTX 5060 Ti,42,HotpotQA,4,16,269,semantic,59.3007,0.0,56.8244,0,1,0,115,371,371,72163524608,72163524608,7.697,0.018
google/gemma-3-1b-it,NVIDIA GeForce RTX 5060 Ti,42,HotpotQA,4,16,270,multi-hop,60.9115,0.0,32.7621,0,1,0,110,366,366,70231523328,70231523328,7.697,0.018
google/gemma-3-1b-it,NVIDIA GeForce RTX 5060 Ti,42,HotpotQA,4,16,271,multi-hop,45.8059,0.0,0.0,0,1,1,122,378,378,74912366592,74912366592,7.697,0.018
google/gemma-3-1b-it,NVIDIA GeForce RTX 5060 Ti,42,HotpotQA,4,16,272,semantic,35.9422,0.0,58.6796,0,1,0,25,281,281,41398304768,41398304768,7.697,0.018
google/gemma-3-1b-it,NVIDIA GeForce RTX 5060 Ti,42,HotpotQA,4,16,273,multi-hop,48.5577,54.9687,47.1563,0,0,0,136,392,392,80564191232,80564191232,7.697,0.018
google/gemma-3-1b-it,NVIDIA GeForce RTX 5060 Ti,42,HotpotQA,4,16,274,multi-hop,100.0236,71.3929,0.0,0,0,1,3,259,259,35169763328,35169763328,7.697,0.018
google/gemma-3-1b-it,NVIDIA GeForce RTX 5060 Ti,42,HotpotQA,4,16,275,multi-hop,83.9364,0.0,0.0,0,1,1,5,153,106,12273057792,5890899968,7.697,0.018
google/gemma-3-1b-it,NVIDIA GeForce RTX 5060 Ti,42,HotpotQA,4,16,276,multi-hop,45.301,0.0,0.0,0,1,1,123,379,379,75309252608,75309252608,7.697,0.018
google/gemma-3-1b-it,NVIDIA GeForce RTX 5060 Ti,42,HotpotQA,4,16,277,structural,36.8232,79.9738,104.5315,0,0,0,97,353,353,65331003392,65331003392,7.697,0.018
google/gemma-3-1b-it,NVIDIA GeForce RTX 5060 Ti,42,HotpotQA,4,16,278,multi-hop,47.2108,65.4122,0.0,0,0,1,124,380,380,75707187200,75707187200,7.697,0.018
google/gemma-3-1b-it,NVIDIA GeForce RTX 5060 Ti,42,HotpotQA,4,16,279,structural,61.5713,52.8577,50.2717,0,0,0,95,335,335,58838220800,58838220800,7.697,0.018
google/gemma-3-1b-it,NVIDIA GeForce RTX 5060 Ti,42,HotpotQA,4,16,280,multi-hop,60.0753,41.4493,65.6244,0,0,0,81,337,337,59542863872,59542863872,7.697,0.018
google/gemma-3-1b-it,NVIDIA GeForce RTX 5060 Ti,42,HotpotQA,4,16,281,semantic,35.6927,0.0,0.0,0,1,1,20,276,276,39938162688,39938162688,7.697,0.018
google/gemma-3-1b-it,NVIDIA GeForce RTX 5060 Ti,42,HotpotQA,4,16,282,semantic,44.1488,0.0,0.0,0,1,1,51,307,307,49413619712,49413619712,7.697,0.018
google/gemma-3-1b-it,NVIDIA GeForce RTX 5060 Ti,42,HotpotQA,4,16,283,structural,81.433,96.1348,49.0893,0,0,0,128,384,384,77309411328,77309411328,7.697,0.018
google/gemma-3-1b-it,NVIDIA GeForce RTX 5060 Ti,42,HotpotQA,4,16,284,multi-hop,46.1571,51.4921,32.0978,0,0,0,68,324,324,55037657088,55037657088,7.697,0.018
google/gemma-3-1b-it,NVIDIA GeForce RTX 5060 Ti,42,HotpotQA,4,16,285,structural,35.0996,0.0,0.0,0,1,1,52,308,308,49736056832,49736056832,7.697,0.018
google/gemma-3-1b-it,NVIDIA GeForce RTX 5060 Ti,42,HotpotQA,4,16,286,multi-hop,44.3123,0.0,0.0,0,1,1,108,364,364,69466062848,69466062848,7.697,0.018
google/gemma-3-1b-it,NVIDIA GeForce RTX 5060 Ti,42,HotpotQA,4,16,287,structural,90.6378,40.6525,68.7323,0,0,0,101,357,357,66819981312,66819981312,7.697,0.018
google/gemma-3-1b-it,NVIDIA GeForce RTX 5060 Ti,42,HotpotQA,4,16,288,multi-hop,61.5437,0.0,0.0,0,1,1,97,353,353,65331003392,65331003392,7.697,0.018
google/gemma-3-1b-it,NVIDIA GeForce RTX 5060 Ti,42,HotpotQA,4,16,289,multi-hop,85.2702,0.0,80.5749,0,1,0,86,342,342,61322821632,61322821632,7.697,0.018
google/gemma-3-1b-it,NVIDIA GeForce RTX 5060 Ti,42,HotpotQA,4,16,290,semantic,46.9864,0.0,75.9456,0,1,0,75,331,331,57441517568,57441517568,7.697,0.018
google/gemma-3-1b-it,NVIDIA GeForce RTX 5060 Ti,42,HotpotQA,4,16,291,multi-hop,65.2602,0.0,0.0,0,1,1,84,340,340,60607692800,60607692800,7.697,0.018
google/gemma-3-1b-it,NVIDIA GeForce RTX 5060 Ti,42,HotpotQA,4,16,292,multi-hop,46.8284,0.0,65.1494,0,1,0,25,281,281,41398304768,41398304768,7.697,0.018
google/gemma-3-1b-it,NVIDIA GeForce RTX 5060 Ti,42,HotpotQA,4,16,293,multi-hop,72.9236,53.7782,55.4661,0,0,0,40,296,296,45936017408,45936017408,7.697,0.018
google/gemma-3-1b-it,NVIDIA GeForce RTX 5060 Ti,42,HotpotQA,4,16,294,multi-hop,40.4365,66.671,65.2389,0,0,0,100,356,356,66446163968,66446163968,7.697,0.018
google/gemma-3-1b-it,NVIDIA GeForce RTX 5060 Ti,42,HotpotQA,4,16,295,semantic,62.554,0.0,57.78,0,1,0,124,380,380,75707187200,75707187200,7.697,0.018
google/gemma-3-1b-it,NVIDIA GeForce RTX 5060 Ti,42,HotpotQA,4,16,296,multi-hop,94.3243,75.361,35.0683,0,0,0,104,360,360,67947724800,67947724800,7.697,0.018
google/gemma-3-1b-it,NVIDIA GeForce RTX 5060 Ti,42,HotpotQA,4,16,297,multi-hop,67.8398,0.0,0.0,0,1,1,108,364,364,69466062848,69466062848,7.697,0.018
google/gemma-3-1b-it,NVIDIA GeForce RTX 5060 Ti,42,HotpotQA,4,16,298,structural,51.7536,30.2565,32.3492,0,0,0,70,326,326,55719231488,55719231488,7.697,0.018
google/gemma-3-1b-it,NVIDIA GeForce RTX 5060 Ti,42,HotpotQA,4,16,299,semantic,54.2693,0.0,43.6146,0,1,0,42,298,298,46558871552,46558871552,7.697,0.018
google/gemma-3-1b-it,NVIDIA GeForce RTX 5060 Ti,42,HotpotQA,4,16,300,multi-hop,44.7924,0.0,0.0,0,1,1,119,375,375,73728000000,73728000000,7.697,0.018
google/gemma-3-1b-it,NVIDIA GeForce RTX 5060 Ti,42,HotpotQA,4,16,301,multi-hop,33.7319,48.3375,56.1093,0,0,0,69,325,325,55377920000,55377920000,7.697,0.018
google/gemma-3-1b-it,NVIDIA GeForce RTX 5060 Ti,42,HotpotQA,4,16,302,structural,41.4664,0.0,0.0,0,1,1,117,373,373,72943665152,72943665152,7.697,0.018
google/gemma-3-1b-it,NVIDIA GeForce RTX 5060 Ti,42,HotpotQA,4,16,303,semantic,36.1836,0.0,67.0577,0,1,0,65,321,321,54023159808,54023159808,7.697,0.018
google/gemma-3-1b-it,NVIDIA GeForce RTX 5060 Ti,42,HotpotQA,4,16,304,multi-hop,34.7655,0.0,0.0,0,1,1,115,371,371,72163524608,72163524608,7.697,0.018
google/gemma-3-1b-it,NVIDIA GeForce RTX 5060 Ti,42,HotpotQA,4,16,305,multi-hop,90.4813,0.0,46.4864,0,1,0,63,319,319,53352071168,53352071168,7.697,0.018
google/gemma-3-1b-it,NVIDIA GeForce RTX 5060 Ti,42,HotpotQA,4,16,306,semantic,40.36,0.0,49.6925,0,1,0,99,355,355,66073395200,66073395200,7.697,0.018
google/gemma-3-1b-it,NVIDIA GeForce RTX 5060 Ti,42,HotpotQA,4,16,307,semantic,99.1227,0.0,0.0,0,1,1,148,404,404,85572190208,85572190208,7.697,0.018
google/gemma-3-1b-it,NVIDIA GeForce RTX 5060 Ti,42,HotpotQA,4,16,308,multi-hop,58.4948,80.4782,87.3037,0,0,0,86,342,342,61322821632,61322821632,7.697,0.018
google/gemma-3-1b-it,NVIDIA GeForce RTX 5060 Ti,42,HotpotQA,4,16,309,multi-hop,67.1217,0.0,70.2203,0,1,0,122,378,378,74912366592,74912366592,7.697,0.018
google/gemma-3-1b-it,NVIDIA GeForce RTX 5060 Ti,42,HotpotQA,4,16,310,structural,46.4066,64.0751,44.2218,0,0,0,31,283,287,41989701632,43185078272,7.697,0.018
google/gemma-3-1b-it,NVIDIA GeForce RTX 5060 Ti,42,HotpotQA,4,16,311,multi-hop,65.2834,0.0,0.0,0,1,1,116,372,372,72553070592,72553070592,7.697,0.018
google/gemma-3-1b-it,NVIDIA GeForce RTX 5060 Ti,42,HotpotQA,4,16,312,multi-hop,35.8321,46.3856,33.2602,0,0,0,106,362,362,68704796672,68704796672,7.697,0.018
google/gemma-3-1b-it,NVIDIA GeForce RTX 5060 Ti,42,HotpotQA,4,16,313,structural,54.4676,76.0776,44.8754,0,0,0,111,367,367,70615826432,70615826432,7.697,0.018
google/gemma-3-1b-it,NVIDIA GeForce RTX 5060 Ti,42,HotpotQA,4,16,314,structural,50.4304,56.1234,0.0,0,0,1,117,373,346,72943665152,62765662208,7.697,0.018
google/gemma-3-1b-it,NVIDIA GeForce RTX 5060 Ti,42,HotpotQA,4,16,315,multi-hop,43.8923,0.0,0.0,0,1,1,110,366,366,70231523328,70231523328,7.697,0.018
google/gemma-3-1b-it,NVIDIA GeForce RTX 5060 Ti,42,HotpotQA,4,16,316,semantic,35.7403,0.0,0.0,0,1,1,121,377,377,74516529152,74516529152,7.697,0.018
google/gemma-3-1b-it,NVIDIA GeForce RTX 5060 Ti,42,HotpotQA,4,16,317,multi-hop,44.3211,45.6192,30.4293,0,0,0,63,319,319,53352071168,53352071168,7.697,0.018
google/gemma-3-1b-it,NVIDIA GeForce RTX 5060 Ti,42,HotpotQA,4,16,318,multi-hop,45.4375,30.9339,65.9618,0,0,0,112,368,368,71001178112,71001178112,7.697,0.018
google/gemma-3-1b-it,NVIDIA GeForce RTX 5060 Ti,42,HotpotQA,4,16,319,semantic,38.2486,0.0,0.0,0,1,1,4,22,111,253755392,6459752448,7.697,0.018
google/gemma-3-1b-it,NVIDIA GeForce RTX 5060 Ti,42,HotpotQA,4,16,320,multi-hop,0.0,0.0,0.0,1,1,1,81,337,337,59542863872,59542863872,7.697,0.018
google/gemma-3-1b-it,NVIDIA GeForce RTX 5060 Ti,42,HotpotQA,4,16,321,multi-hop,33.7498,29.0837,61.649,0,0,0,2,10,10,52428800,52428800,7.697,0.018
google/gemma-3-1b-it,NVIDIA GeForce RTX 5060 Ti,42,HotpotQA,4,16,322,multi-hop,62.7775,70.0895,59.4518,0,0,0,116,372,372,72553070592,72553070592,7.697,0.018
google/gemma-3-1b-it,NVIDIA GeForce RTX 5060 Ti,42,HotpotQA,4,16,323,structural,0.0,44.8405,62.3968,1,0,0,96,352,352,64961380352,64961380352,7.697,0.018
google/gemma-3-1b-it,NVIDIA GeForce RTX 5060 Ti,42,HotpotQA,4,16,324,semantic,59.5938,0.0,44.6107,0,1,0,113,369,350,71387578368,64225280000,7.697,0.018
google/gemma-3-1b-it,NVIDIA GeForce RTX 5060 Ti,42,HotpotQA,4,16,325,semantic,35.9823,0.0,40.2341,0,1,0,12,160,268,13421772800,37656461312,7.697,0.018
google/gemma-3-1b-it,NVIDIA GeForce RTX 5060 Ti,42,HotpotQA,4,16,326,multi-hop,39.3284,45.1893,47.3595,0,0,0,26,282,282,41693478912,41693478912,7.697,0.018
google/gemma-3-1b-it,NVIDIA GeForce RTX 5060 Ti,42,HotpotQA,4,16,327,structural,44.9125,46.0506,42.1052,0,0,0,2,160,39,13421772800,797442048,7.697,0.018
google/gemma-3-1b-it,NVIDIA GeForce RTX 5060 Ti,42,HotpotQA,4,16,328,multi-hop,61.8998,0.0,0.0,0,1,1,9,265,265,36818124800,36818124800,7.697,0.018
google/gemma-3-1b-it,NVIDIA GeForce RTX 5060 Ti,42,HotpotQA,4,16,329,multi-hop,45.04,0.0,0.0,0,1,1,105,361,361,68325736448,68325736448,7.697,0.018
google/gemma-3-1b-it,NVIDIA GeForce RTX 5060 Ti,42,HotpotQA,4,16,330,structural,105.4778,36.3421,62.3511,0,0,0,90,346,346,62765662208,62765662208,7.697,0.018
google/gemma-3-1b-it,NVIDIA GeForce RTX 5060 Ti,42,HotpotQA,4,16,331,multi-hop,79.438,0.0,79.5393,0,1,0,25,281,281,41398304768,41398304768,7.697,0.018
google/gemma-3-1b-it,NVIDIA GeForce RTX 5060 Ti,42,HotpotQA,4,16,332,multi-hop,35.1049,33.6756,36.9112,0,0,0,96,352,352,64961380352,64961380352,7.697,0.018
google/gemma-3-1b-it,NVIDIA GeForce RTX 5060 Ti,42,HotpotQA,4,16,333,semantic,45.4244,0.0,67.6716,0,1,0,118,374,374,73335308288,73335308288,7.697,0.018
google/gemma-3-1b-it,NVIDIA GeForce RTX 5060 Ti,42,HotpotQA,4,16,334,semantic,37.075,0.0,42.7663,0,1,0,104,360,360,67947724800,67947724800,7.697,0.018
google/gemma-3-1b-it,NVIDIA GeForce RTX 5060 Ti,42,HotpotQA,4,16,335,multi-hop,38.41,72.3936,0.0,0,0,1,126,382,382,76506202112,76506202112,7.697,0.018
google/gemma-3-1b-it,NVIDIA GeForce RTX 5060 Ti,42,HotpotQA,4,16,336,multi-hop,58.1004,0.0,33.7408,0,1,0,95,351,351,64592805888,64592805888,7.697,0.018
google/gemma-3-1b-it,NVIDIA GeForce RTX 5060 Ti,42,HotpotQA,4,16,337,structural,48.4612,0.0,0.0,0,1,1,24,280,280,41104179200,41104179200,7.697,0.018
google/gemma-3-1b-it,NVIDIA GeForce RTX 5060 Ti,42,HotpotQA,4,16,338,multi-hop,122.1367,0.0,0.0,0,1,1,60,316,316,52353302528,52353302528,7.697,0.018
google/gemma-3-1b-it,NVIDIA GeForce RTX 5060 Ti,42,HotpotQA,4,16,339,multi-hop,64.0343,0.0,59.9962,0,1,0,50,306,306,49092231168,49092231168,7.697,0.018
google/gemma-3-1b-it,NVIDIA GeForce RTX 5060 Ti,42,HotpotQA,4,16,340,semantic,47.1269,0.0,0.0,0,1,1,94,350,350,64225280000,64225280000,7.697,0.018
google/gemma-3-1b-it,NVIDIA GeForce RTX 5060 Ti,42,HotpotQA,4,16,341,semantic,66.3528,0.0,51.7891,0,1,0,4,260,260,35441868800,35441868800,7.697,0.018
google/gemma-3-1b-it,NVIDIA GeForce RTX 5060 Ti,42,HotpotQA,4,16,342,multi-hop,0.0,0.0,0.0,1,1,1,24,280,280,41104179200,41104179200,7.697,0.018
google/gemma-3-1b-it,NVIDIA GeForce RTX 5060 Ti,42,HotpotQA,4,16,343,structural,55.953,0.0,33.9547,0,1,0,111,367,367,70615826432,70615826432,7.697,0.018
google/gemma-3-1b-it,NVIDIA GeForce RTX 5060 Ti,42,HotpotQA,4,16,344,multi-hop,35.737,30.2346,61.3599,0,0,0,101,357,357,66819981312,66819981312,7.697,0.018
google/gemma-3-1b-it,NVIDIA GeForce RTX 5060 Ti,42,HotpotQA,4,16,345,semantic,68.035,0.0,0.0,0,1,1,102,358,358,67194847232,67194847232,7.697,0.018
google/gemma-3-1b-it,NVIDIA GeForce RTX 5060 Ti,42,HotpotQA,4,16,346,semantic,44.4647,0.0,52.9139,0,1,0,18,249,274,32506380288,39361445888,7.697,0.018
google/gemma-3-1b-it,NVIDIA GeForce RTX 5060 Ti,42,HotpotQA,4,16,347,structural,30.6454,0.0,0.0,0,1,1,119,375,375,73728000000,73728000000,7.697,0.018
google/gemma-3-1b-it,NVIDIA GeForce RTX 5060 Ti,42,HotpotQA,4,16,348,structural,52.7515,34.2611,41.5358,0,0,0,106,362,362,68704796672,68704796672,7.697,0.018
google/gemma-3-1b-it,NVIDIA GeForce RTX 5060 Ti,42,HotpotQA,4,16,349,semantic,0.0,0.0,33.7247,1,1,0,18,249,274,32506380288,39361445888,7.697,0.018
google/gemma-3-1b-it,NVIDIA GeForce RTX 5060 Ti,42,HotpotQA,4,16,350,semantic,0.0,0.0,0.0,1,1,1,48,304,304,48452599808,48452599808,7.697,0.018
google/gemma-3-1b-it,NVIDIA GeForce RTX 5060 Ti,42,HotpotQA,4,16,351,multi-hop,108.4062,32.3649,26.3871,0,0,0,77,333,333,58137772032,58137772032,7.697,0.018
google/gemma-3-1b-it,NVIDIA GeForce RTX 5060 Ti,42,HotpotQA,4,16,352,structural,48.5337,78.8407,72.4748,0,0,0,14,225,270,26542080000,38220595200,7.697,0.018
google/gemma-3-1b-it,NVIDIA GeForce RTX 5060 Ti,42,HotpotQA,4,16,353,semantic,0.0,0.0,0.0,1,1,1,11,241,267,30451171328,37375967232,7.697,0.018
google/gemma-3-1b-it,NVIDIA GeForce RTX 5060 Ti,42,HotpotQA,4,16,354,semantic,81.3174,0.0,65.6024,0,1,0,112,368,368,71001178112,71001178112,7.697,0.018
google/gemma-3-1b-it,NVIDIA GeForce RTX 5060 Ti,42,HotpotQA,4,16,355,semantic,86.5051,0.0,0.0,0,1,1,109,365,365,69848268800,69848268800,7.697,0.018
google/gemma-3-1b-it,NVIDIA GeForce RTX 5060 Ti,42,HotpotQA,4,16,356,multi-hop,83.7358,60.9061,0.0,0,0,1,114,370,370,71775027200,71775027200,7.697,0.018
google/gemma-3-1b-it,NVIDIA GeForce RTX 5060 Ti,42,HotpotQA,4,16,357,structural,55.5994,61.9402,63.0542,0,0,0,4,116,260,7054819328,35441868800,7.697,0.018
google/gemma-3-1b-it,NVIDIA GeForce RTX 5060 Ti,42,HotpotQA,4,16,358,multi-hop,46.2272,71.0841,50.7613,0,0,0,102,242,358,30704402432,67194847232,7.697,0.018
google/gemma-3-1b-it,NVIDIA GeForce RTX 5060 Ti,42,HotpotQA,4,16,359,structural,83.6144,72.5002,54.8789,0,0,0,41,297,297,46246920192,46246920192,7.697,0.018
google/gemma-3-1b-it,NVIDIA GeForce RTX 5060 Ti,42,HotpotQA,4,16,360,structural,32.0555,94.6405,67.9895,0,0,0,4,12,12,75497472,75497472,7.697,0.018
google/gemma-3-1b-it,NVIDIA GeForce RTX 5060 Ti,42,HotpotQA,4,16,361,semantic,53.9627,0.0,41.9302,0,1,0,127,383,383,76907282432,76907282432,7.697,0.018
google/gemma-3-1b-it,NVIDIA GeForce RTX 5060 Ti,42,HotpotQA,4,16,362,multi-hop,115.6073,0.0,57.0923,0,1,0,24,274,280,39361445888,41104179200,7.697,0.018
google/gemma-3-1b-it,NVIDIA GeForce RTX 5060 Ti,42,HotpotQA,4,16,363,structural,69.7424,52.8532,58.1626,0,0,0,99,355,355,66073395200,66073395200,7.697,0.018
google/gemma-3-1b-it,NVIDIA GeForce RTX 5060 Ti,42,HotpotQA,4,16,364,semantic,50.6946,0.0,0.0,0,1,1,47,303,303,48134356992,48134356992,7.697,0.018
google/gemma-3-1b-it,NVIDIA GeForce RTX 5060 Ti,42,HotpotQA,4,16,365,semantic,47.0621,0.0,0.0,0,1,1,129,385,385,77712588800,77712588800,7.697,0.018
google/gemma-3-1b-it,NVIDIA GeForce RTX 5060 Ti,42,HotpotQA,4,16,366,multi-hop,53.4394,55.7511,0.0,0,0,1,95,323,351,54698442752,64592805888,7.697,0.018
google/gemma-3-1b-it,NVIDIA GeForce RTX 5060 Ti,42,HotpotQA,4,16,367,semantic,55.8757,0.0,55.5409,0,1,0,115,371,371,72163524608,72163524608,7.697,0.018
google/gemma-3-1b-it,NVIDIA GeForce RTX 5060 Ti,42,HotpotQA,4,16,368,semantic,49.3688,0.0,0.0,0,1,1,2,14,25,102760448,327680000,7.697,0.018
google/gemma-3-1b-it,NVIDIA GeForce RTX 5060 Ti,42,HotpotQA,4,16,369,semantic,58.8207,0.0,0.0,0,1,1,139,392,352,80564191232,64961380352,7.697,0.018
google/gemma-3-1b-it,NVIDIA GeForce RTX 5060 Ti,42,HotpotQA,4,16,370,multi-hop,86.2602,0.0,40.8717,0,1,0,122,378,378,74912366592,74912366592,7.697,0.018
google/gemma-3-1b-it,NVIDIA GeForce RTX 5060 Ti,42,HotpotQA,4,16,371,semantic,48.2499,0.0,58.0111,0,1,0,126,382,382,76506202112,76506202112,7.697,0.018
google/gemma-3-1b-it,NVIDIA GeForce RTX 5060 Ti,42,HotpotQA,4,16,372,multi-hop,52.9335,0.0,0.0,0,1,1,63,319,319,53352071168,53352071168,7.697,0.018
google/gemma-3-1b-it,NVIDIA GeForce RTX 5060 Ti,42,HotpotQA,4,16,373,multi-hop,80.7175,0.0,34.9135,0,1,0,111,363,367,69084905472,70615826432,7.697,0.018
google/gemma-3-1b-it,NVIDIA GeForce RTX 5060 Ti,42,HotpotQA,4,16,374,structural,95.3013,60.6822,0.0,0,0,1,93,349,349,63858802688,63858802688,7.697,0.018
google/gemma-3-1b-it,NVIDIA GeForce RTX 5060 Ti,42,HotpotQA,4,16,375,structural,51.9456,0.0,0.0,0,1,1,81,337,337,59542863872,59542863872,7.697,0.018
google/gemma-3-1b-it,NVIDIA GeForce RTX 5060 Ti,42,HotpotQA,4,16,376,multi-hop,36.4637,34.6633,0.0,0,0,1,129,385,385,77712588800,77712588800,7.697,0.018
google/gemma-3-1b-it,NVIDIA GeForce RTX 5060 Ti,42,HotpotQA,4,16,377,structural,43.2153,30.4591,57.5412,0,0,0,124,380,380,75707187200,75707187200,7.697,0.018
google/gemma-3-1b-it,NVIDIA GeForce RTX 5060 Ti,42,HotpotQA,4,16,378,multi-hop,44.1707,55.0092,59.1379,0,0,0,95,351,351,64592805888,64592805888,7.697,0.018
google/gemma-3-1b-it,NVIDIA GeForce RTX 5060 Ti,42,HotpotQA,4,16,379,structural,33.9104,49.3459,28.3894,0,0,0,148,404,404,85572190208,85572190208,7.697,0.018
google/gemma-3-1b-it,NVIDIA GeForce RTX 5060 Ti,42,HotpotQA,4,16,380,semantic,52.0848,0.0,0.0,0,1,1,58,314,314,51692699648,51692699648,7.697,0.018
google/gemma-3-1b-it,NVIDIA GeForce RTX 5060 Ti,42,HotpotQA,4,16,381,structural,28.4608,0.0,0.0,0,1,1,114,370,370,71775027200,71775027200,7.697,0.018
google/gemma-3-1b-it,NVIDIA GeForce RTX 5060 Ti,42,HotpotQA,4,16,382,semantic,55.2313,0.0,40.061,0,1,0,114,341,370,60964732928,71775027200,7.697,0.018
google/gemma-3-1b-it,NVIDIA GeForce RTX 5060 Ti,42,HotpotQA,4,16,383,multi-hop,44.2993,0.0,86.0527,0,1,0,99,355,355,66073395200,66073395200,7.697,0.018
google/gemma-3-1b-it,NVIDIA GeForce RTX 5060 Ti,42,HotpotQA,4,16,384,structural,39.7181,0.0,0.0,0,1,1,26,282,282,41693478912,41693478912,7.697,0.018
google/gemma-3-1b-it,NVIDIA GeForce RTX 5060 Ti,42,HotpotQA,4,16,385,multi-hop,82.856,42.9472,86.4467,0,0,0,108,364,364,69466062848,69466062848,7.697,0.018
google/gemma-3-1b-it,NVIDIA GeForce RTX 5060 Ti,42,HotpotQA,4,16,386,semantic,63.1617,0.0,0.0,0,1,1,76,332,332,57789120512,57789120512,7.697,0.018
google/gemma-3-1b-it,NVIDIA GeForce RTX 5060 Ti,42,HotpotQA,4,16,387,semantic,42.8139,0.0,69.773,0,1,0,105,361,361,68325736448,68325736448,7.697,0.018
google/gemma-3-1b-it,NVIDIA GeForce RTX 5060 Ti,42,HotpotQA,4,16,388,multi-hop,51.5602,0.0,0.0,0,1,1,135,391,391,80153673728,80153673728,7.697,0.018
google/gemma-3-1b-it,NVIDIA GeForce RTX 5060 Ti,42,HotpotQA,4,16,389,semantic,87.2287,0.0,0.0,0,1,1,83,339,339,60251701248,60251701248,7.697,0.018
google/gemma-3-1b-it,NVIDIA GeForce RTX 5060 Ti,42,HotpotQA,4,16,390,multi-hop,61.4503,0.0,52.7377,0,1,0,99,355,325,66073395200,55377920000,7.697,0.018
google/gemma-3-1b-it,NVIDIA GeForce RTX 5060 Ti,42,HotpotQA,4,16,391,multi-hop,56.0408,0.0,87.9035,0,1,0,87,343,343,61681958912,61681958912,7.697,0.018
google/gemma-3-1b-it,NVIDIA GeForce RTX 5060 Ti,42,HotpotQA,4,16,392,multi-hop,69.7976,0.0,56.4085,0,1,0,89,345,345,62403379200,62403379200,7.697,0.018
google/gemma-3-1b-it,NVIDIA GeForce RTX 5060 Ti,42,HotpotQA,4,16,393,semantic,41.6612,0.0,52.885,0,1,0,97,353,353,65331003392,65331003392,7.697,0.018
google/gemma-3-1b-it,NVIDIA GeForce RTX 5060 Ti,42,HotpotQA,4,16,394,multi-hop,64.0395,50.848,56.3195,0,0,0,68,324,324,55037657088,55037657088,7.697,0.018
google/gemma-3-1b-it,NVIDIA GeForce RTX 5060 Ti,42,HotpotQA,4,16,395,multi-hop,90.5479,38.8439,42.5303,0,0,0,96,352,352,64961380352,64961380352,7.697,0.018
google/gemma-3-1b-it,NVIDIA GeForce RTX 5060 Ti,42,HotpotQA,4,16,396,multi-hop,92.1397,68.874,55.8959,0,0,0,34,290,290,44092620800,44092620800,7.697,0.018
google/gemma-3-1b-it,NVIDIA GeForce RTX 5060 Ti,42,HotpotQA,4,16,397,structural,63.6315,86.543,42.0096,0,0,0,63,319,319,53352071168,53352071168,7.697,0.018
google/gemma-3-1b-it,NVIDIA GeForce RTX 5060 Ti,42,HotpotQA,4,16,398,multi-hop,29.024,39.5039,61.2809,0,0,0,122,378,378,74912366592,74912366592,7.697,0.018
google/gemma-3-1b-it,NVIDIA GeForce RTX 5060 Ti,42,HotpotQA,4,16,399,multi-hop,39.7244,0.0,63.2963,0,1,0,37,224,293,26306674688,45009600512,7.697,0.018
google/gemma-3-1b-it,NVIDIA GeForce RTX 5060 Ti,42,HotpotQA,4,16,400,multi-hop,65.6355,0.0,89.524,0,1,0,86,342,342,61322821632,61322821632,7.697,0.018
google/gemma-3-1b-it,NVIDIA GeForce RTX 5060 Ti,42,HotpotQA,4,16,401,structural,39.1265,48.6655,0.0,0,0,1,105,361,361,68325736448,68325736448,7.697,0.018
google/gemma-3-1b-it,NVIDIA GeForce RTX 5060 Ti,42,HotpotQA,4,16,402,semantic,0.0,0.0,0.0,1,1,1,78,334,334,58487472128,58487472128,7.697,0.018
google/gemma-3-1b-it,NVIDIA GeForce RTX 5060 Ti,42,HotpotQA,4,16,403,multi-hop,45.6364,98.7003,95.4172,0,0,0,102,358,358,67194847232,67194847232,7.697,0.018
google/gemma-3-1b-it,NVIDIA GeForce RTX 5060 Ti,42,HotpotQA,4,16,404,semantic,0.0,0.0,0.0,1,1,1,119,375,375,73728000000,73728000000,7.697,0.018
google/gemma-3-1b-it,NVIDIA GeForce RTX 5060 Ti,42,HotpotQA,4,16,405,structural,72.5354,36.5089,75.3494,0,0,0,47,303,303,48134356992,48134356992,7.697,0.018
google/gemma-3-1b-it,NVIDIA GeForce RTX 5060 Ti,42,HotpotQA,4,16,406,semantic,39.8309,0.0,66.4417,0,1,0,120,376,376,74121740288,74121740288,7.697,0.018
google/gemma-3-1b-it,NVIDIA GeForce RTX 5060 Ti,42,HotpotQA,4,16,407,multi-hop,34.0022,0.0,0.0,0,1,1,127,383,383,76907282432,76907282432,7.697,0.018
google/gemma-3-1b-it,NVIDIA GeForce RTX 5060 Ti,42,HotpotQA,4,16,408,multi-hop,54.718,0.0,59.3431,0,1,0,127,383,383,76907282432,76907282432,7.697,0.018
google/gemma-3-1b-it,NVIDIA GeForce RTX 5060 Ti,42,HotpotQA,4,16,409,semantic,50.9416,0.0,0.0,0,1,1,117,373,373,72943665152,72943665152,7.697,0.018
google/gemma-3-1b-it,NVIDIA GeForce RTX 5060 Ti,42,HotpotQA,4,16,410,multi-hop,73.5142,0.0,0.0,0,1,1,112,368,368,71001178112,71001178112,7.697,0.018
google/gemma-3-1b-it,NVIDIA GeForce RTX 5060 Ti,42,HotpotQA,4,16,411,structural,53.0752,0.0,0.0,0,1,1,87,343,343,61681958912,61681958912,7.697,0.018
google/gemma-3-1b-it,NVIDIA GeForce RTX 5060 Ti,42,HotpotQA,4,16,412,multi-hop,44.4462,0.0,78.2286,0,1,0,106,362,362,68704796672,68704796672,7.697,0.018
google/gemma-3-1b-it,NVIDIA GeForce RTX 5060 Ti,42,HotpotQA,4,16,413,multi-hop,83.7319,0.0,0.0,0,1,1,159,415,415,90295500800,90295500800,7.697,0.018
google/gemma-3-1b-it,NVIDIA GeForce RTX 5060 Ti,42,HotpotQA,4,16,414,multi-hop,0.0,0.0,0.0,1,1,1,134,390,390,79744204800,79744204800,7.697,0.018
google/gemma-3-1b-it,NVIDIA GeForce RTX 5060 Ti,42,HotpotQA,4,16,415,semantic,51.8068,0.0,0.0,0,1,1,114,370,370,71775027200,71775027200,7.697,0.018
google/gemma-3-1b-it,NVIDIA GeForce RTX 5060 Ti,42,HotpotQA,4,16,416,semantic,59.5333,0.0,77.8871,0,1,0,49,305,305,48771891200,48771891200,7.697,0.018
google/gemma-3-1b-it,NVIDIA GeForce RTX 5060 Ti,42,HotpotQA,4,16,417,semantic,80.9984,0.0,34.1458,0,1,0,122,378,378,74912366592,74912366592,7.697,0.018
google/gemma-3-1b-it,NVIDIA GeForce RTX 5060 Ti,42,HotpotQA,4,16,418,multi-hop,56.8599,0.0,69.476,0,1,0,24,274,280,39361445888,41104179200,7.697,0.018
google/gemma-3-1b-it,NVIDIA GeForce RTX 5060 Ti,42,HotpotQA,4,16,419,multi-hop,100.7554,0.0,0.0,0,1,1,26,282,282,41693478912,41693478912,7.697,0.018
google/gemma-3-1b-it,NVIDIA GeForce RTX 5060 Ti,42,HotpotQA,4,16,420,structural,62.2824,72.8076,0.0,0,0,1,118,374,374,73335308288,73335308288,7.697,0.018
google/gemma-3-1b-it,NVIDIA GeForce RTX 5060 Ti,42,HotpotQA,4,16,421,multi-hop,42.5829,59.0699,47.6587,0,0,0,37,224,293,26306674688,45009600512,7.697,0.018
google/gemma-3-1b-it,NVIDIA GeForce RTX 5060 Ti,42,HotpotQA,4,16,422,multi-hop,90.4808,79.8814,70.9756,0,0,0,20,276,276,39938162688,39938162688,7.697,0.018
google/gemma-3-1b-it,NVIDIA GeForce RTX 5060 Ti,42,HotpotQA,4,16,423,semantic,60.1609,0.0,51.4661,0,1,0,96,352,352,64961380352,64961380352,7.697,0.018
google/gemma-3-1b-it,NVIDIA GeForce RTX 5060 Ti,42,HotpotQA,4,16,424,structural,71.3965,59.7754,0.0,0,0,1,51,307,307,49413619712,49413619712,7.697,0.018
google/gemma-3-1b-it,NVIDIA GeForce RTX 5060 Ti,42,HotpotQA,4,16,425,semantic,51.2704,0.0,0.0,0,1,1,123,379,379,75309252608,75309252608,7.697,0.018
google/gemma-3-1b-it,NVIDIA GeForce RTX 5060 Ti,42,HotpotQA,4,16,426,multi-hop,43.2417,80.8485,69.0924,0,0,0,5,29,159,440926208,13254524928,7.697,0.018
google/gemma-3-1b-it,NVIDIA GeForce RTX 5060 Ti,42,HotpotQA,4,16,427,semantic,41.614,0.0,41.3604,0,1,0,93,349,349,63858802688,63858802688,7.697,0.018
google/gemma-3-1b-it,NVIDIA GeForce RTX 5060 Ti,42,HotpotQA,4,16,428,semantic,55.2001,0.0,0.0,0,1,1,225,481,481,121299795968,121299795968,7.697,0.018
google/gemma-3-1b-it,NVIDIA GeForce RTX 5060 Ti,42,HotpotQA,4,16,429,multi-hop,46.2349,77.7699,52.8369,0,0,0,123,379,379,75309252608,75309252608,7.697,0.018
google/gemma-3-1b-it,NVIDIA GeForce RTX 5060 Ti,42,HotpotQA,4,16,430,semantic,49.164,0.0,0.0,0,1,1,63,319,319,53352071168,53352071168,7.697,0.018
google/gemma-3-1b-it,NVIDIA GeForce RTX 5060 Ti,42,HotpotQA,4,16,431,multi-hop,52.0347,74.3664,38.2318,0,0,0,105,361,361,68325736448,68325736448,7.697,0.018
google/gemma-3-1b-it,NVIDIA GeForce RTX 5060 Ti,42,HotpotQA,4,16,432,structural,43.9892,40.9804,47.6736,0,0,0,60,316,316,52353302528,52353302528,7.697,0.018
google/gemma-3-1b-it,NVIDIA GeForce RTX 5060 Ti,42,HotpotQA,4,16,433,structural,33.7014,38.8595,56.2185,0,0,0,2,12,12,75497472,75497472,7.697,0.018
google/gemma-3-1b-it,NVIDIA GeForce RTX 5060 Ti,42,HotpotQA,4,16,434,multi-hop,41.1521,56.6359,73.7064,0,0,0,9,265,265,36818124800,36818124800,7.697,0.018
google/gemma-3-1b-it,NVIDIA GeForce RTX 5060 Ti,42,HotpotQA,4,16,435,structural,38.798,0.0,0.0,0,1,1,26,282,282,41693478912,41693478912,7.697,0.018
google/gemma-3-1b-it,NVIDIA GeForce RTX 5060 Ti,42,HotpotQA,4,16,436,multi-hop,69.4153,0.0,35.5234,0,1,0,99,355,355,66073395200,66073395200,7.697,0.018
google/gemma-3-1b-it,NVIDIA GeForce RTX 5060 Ti,42,HotpotQA,4,16,437,multi-hop,36.2828,0.0,55.3072,0,1,0,109,365,365,69848268800,69848268800,7.697,0.018
google/gemma-3-1b-it,NVIDIA GeForce RTX 5060 Ti,42,HotpotQA,4,16,438,multi-hop,47.1562,49.3708,0.0,0,0,1,125,381,381,76106170368,76106170368,7.697,0.018
google/gemma-3-1b-it,NVIDIA GeForce RTX 5060 Ti,42,HotpotQA,4,16,439,semantic,39.5798,0.0,0.0,0,1,1,39,295,295,45626163200,45626163200,7.697,0.018
google/gemma-3-1b-it,NVIDIA GeForce RTX 5060 Ti,42,HotpotQA,4,16,440,multi-hop,64.1408,36.1641,69.8406,0,0,0,97,353,353,65331003392,65331003392,7.697,0.018
google/gemma-3-1b-it,NVIDIA GeForce RTX 5060 Ti,42,HotpotQA,4,16,441,multi-hop,61.3042,0.0,0.0,0,1,1,87,343,343,61681958912,61681958912,7.697,0.018
google/gemma-3-1b-it,NVIDIA GeForce RTX 5060 Ti,42,HotpotQA,4,16,442,semantic,88.4537,0.0,0.0,0,1,1,82,338,338,59896758272,59896758272,7.697,0.018
google/gemma-3-1b-it,NVIDIA GeForce RTX 5060 Ti,42,HotpotQA,4,16,443,structural,45.7194,85.3783,89.5507,0,0,0,142,398,398,83049316352,83049316352,7.697,0.018
google/gemma-3-1b-it,NVIDIA GeForce RTX 5060 Ti,42,HotpotQA,4,16,444,multi-hop,51.5758,0.0,32.9852,0,1,0,120,376,376,74121740288,74121740288,7.697,0.018
google/gemma-3-1b-it,NVIDIA GeForce RTX 5060 Ti,42,HotpotQA,4,16,445,structural,37.673,78.955,51.6296,0,0,0,20,253,276,33559150592,39938162688,7.697,0.018
google/gemma-3-1b-it,NVIDIA GeForce RTX 5060 Ti,42,HotpotQA,4,16,446,structural,32.9794,63.1971,45.7725,0,0,0,63,319,319,53352071168,53352071168,7.697,0.018
google/gemma-3-1b-it,NVIDIA GeForce RTX 5060 Ti,42,HotpotQA,4,16,447,multi-hop,29.7243,47.0865,0.0,0,0,1,8,264,264,36540776448,36540776448,7.697,0.018
google/gemma-3-1b-it,NVIDIA GeForce RTX 5060 Ti,42,HotpotQA,4,16,448,multi-hop,30.5921,60.4257,37.0698,0,0,0,153,409,409,87703420928,87703420928,7.697,0.018
google/gemma-3-1b-it,NVIDIA GeForce RTX 5060 Ti,42,HotpotQA,4,16,449,semantic,31.9673,0.0,55.8023,0,1,0,115,320,371,53687091200,72163524608,7.697,0.018
google/gemma-3-1b-it,NVIDIA GeForce RTX 5060 Ti,42,HotpotQA,4,16,450,structural,36.831,0.0,0.0,0,1,1,106,362,362,68704796672,68704796672,7.697,0.018
google/gemma-3-1b-it,NVIDIA GeForce RTX 5060 Ti,42,HotpotQA,4,16,451,semantic,40.6796,0.0,0.0,0,1,1,72,328,328,56405000192,56405000192,7.697,0.018
google/gemma-3-1b-it,NVIDIA GeForce RTX 5060 Ti,42,HotpotQA,4,16,452,structural,29.3,0.0,0.0,0,1,1,25,281,281,41398304768,41398304768,7.697,0.018
google/gemma-3-1b-it,NVIDIA GeForce RTX 5060 Ti,42,HotpotQA,4,16,453,multi-hop,35.4032,0.0,60.3426,0,1,0,60,316,316,52353302528,52353302528,7.697,0.018
google/gemma-3-1b-it,NVIDIA GeForce RTX 5060 Ti,42,HotpotQA,4,16,454,multi-hop,30.4791,57.7659,31.2182,0,0,0,119,375,375,73728000000,73728000000,7.697,0.018
google/gemma-3-1b-it,NVIDIA GeForce RTX 5060 Ti,42,HotpotQA,4,16,455,semantic,69.8469,0.0,28.9231,0,1,0,159,415,415,90295500800,90295500800,7.697,0.018
google/gemma-3-1b-it,NVIDIA GeForce RTX 5060 Ti,42,HotpotQA,4,16,456,semantic,33.2946,0.0,0.0,0,1,1,5,153,106,12273057792,5890899968,7.697,0.018
google/gemma-3-1b-it,NVIDIA GeForce RTX 5060 Ti,42,HotpotQA,4,16,457,multi-hop,66.0536,0.0,78.1152,0,1,0,47,303,303,48134356992,48134356992,7.697,0.018
google/gemma-3-1b-it,NVIDIA GeForce RTX 5060 Ti,42,HotpotQA,4,16,458,multi-hop,73.7177,0.0,0.0,0,1,1,93,349,349,63858802688,63858802688,7.697,0.018
google/gemma-3-1b-it,NVIDIA GeForce RTX 5060 Ti,42,HotpotQA,4,16,459,multi-hop,73.741,0.0,0.0,0,1,1,2,12,11,75497472,63438848,7.697,0.018
google/gemma-3-1b-it,NVIDIA GeForce RTX 5060 Ti,42,HotpotQA,4,16,460,structural,46.0143,57.4549,87.5295,0,0,0,101,357,357,66819981312,66819981312,7.697,0.018
google/gemma-3-1b-it,NVIDIA GeForce RTX 5060 Ti,42,HotpotQA,4,16,461,semantic,71.3023,0.0,72.5947,0,1,0,106,362,362,68704796672,68704796672,7.697,0.018
google/gemma-3-1b-it,NVIDIA GeForce RTX 5060 Ti,42,HotpotQA,4,16,462,structural,63.5449,30.6552,0.0,0,0,1,97,353,353,65331003392,65331003392,7.697,0.018
google/gemma-3-1b-it,NVIDIA GeForce RTX 5060 Ti,42,HotpotQA,4,16,463,semantic,29.1479,0.0,0.0,0,1,1,78,334,334,58487472128,58487472128,7.697,0.018
google/gemma-3-1b-it,NVIDIA GeForce RTX 5060 Ti,42,HotpotQA,4,16,464,multi-hop,37.1264,35.95,44.4881,0,0,0,204,460,460,110939340800,110939340800,7.697,0.018
google/gemma-3-1b-it,NVIDIA GeForce RTX 5060 Ti,42,HotpotQA,4,16,465,semantic,47.5299,68.8582,76.0497,0,0,0,93,349,349,63858802688,63858802688,7.697,0.018
google/gemma-3-1b-it,NVIDIA GeForce RTX 5060 Ti,42,HotpotQA,4,16,466,semantic,31.6319,0.0,0.0,0,1,1,102,358,358,67194847232,67194847232,7.697,0.018
google/gemma-3-1b-it,NVIDIA GeForce RTX 5060 Ti,42,HotpotQA,4,16,467,structural,0.0,0.0,0.0,1,1,1,93,349,349,63858802688,63858802688,7.697,0.018
google/gemma-3-1b-it,NVIDIA GeForce RTX 5060 Ti,42,HotpotQA,4,16,468,structural,50.9715,30.0544,28.8568,0,0,0,102,358,358,67194847232,67194847232,7.697,0.018
google/gemma-3-1b-it,NVIDIA GeForce RTX 5060 Ti,42,HotpotQA,4,16,469,multi-hop,41.6777,54.939,30.8537,0,0,0,81,337,337,59542863872,59542863872,7.697,0.018
google/gemma-3-1b-it,NVIDIA GeForce RTX 5060 Ti,42,HotpotQA,4,16,470,multi-hop,33.818,0.0,37.6002,0,1,0,106,362,362,68704796672,68704796672,7.697,0.018
google/gemma-3-1b-it,NVIDIA GeForce RTX 5060 Ti,42,HotpotQA,4,16,471,structural,0.0,66.3841,45.976,1,0,0,87,343,343,61681958912,61681958912,7.697,0.018
google/gemma-3-1b-it,NVIDIA GeForce RTX 5060 Ti,42,HotpotQA,4,16,472,multi-hop,42.4569,0.0,0.0,0,1,1,88,344,344,62042144768,62042144768,7.697,0.018
google/gemma-3-1b-it,NVIDIA GeForce RTX 5060 Ti,42,HotpotQA,4,16,473,semantic,0.0,0.0,42.7112,1,1,0,94,350,350,64225280000,64225280000,7.697,0.018
google/gemma-3-1b-it,NVIDIA GeForce RTX 5060 Ti,42,HotpotQA,4,16,474,multi-hop,72.1484,0.0,49.4315,0,1,0,115,371,371,72163524608,72163524608,7.697,0.018
google/gemma-3-1b-it,NVIDIA GeForce RTX 5060 Ti,42,HotpotQA,4,16,475,multi-hop,63.9975,0.0,0.0,0,1,1,112,368,368,71001178112,71001178112,7.697,0.018
google/gemma-3-1b-it,NVIDIA GeForce RTX 5060 Ti,42,HotpotQA,4,16,476,multi-hop,49.4227,55.7664,49.6981,0,0,0,77,333,333,58137772032,58137772032,7.697,0.018
google/gemma-3-1b-it,NVIDIA GeForce RTX 5060 Ti,42,HotpotQA,4,16,477,multi-hop,33.1391,37.074,91.3235,0,0,0,99,355,355,66073395200,66073395200,7.697,0.018
google/gemma-3-1b-it,NVIDIA GeForce RTX 5060 Ti,42,HotpotQA,4,16,478,structural,36.1204,39.8517,53.7001,0,0,0,40,296,296,45936017408,45936017408,7.697,0.018
google/gemma-3-1b-it,NVIDIA GeForce RTX 5060 Ti,42,HotpotQA,4,16,479,structural,42.1739,35.8389,0.0,0,0,1,131,387,387,78522089472,78522089472,7.697,0.018
google/gemma-3-1b-it,NVIDIA GeForce RTX 5060 Ti,42,HotpotQA,4,16,480,semantic,0.0,0.0,44.6873,1,1,0,49,305,305,48771891200,48771891200,7.697,0.018
google/gemma-3-1b-it,NVIDIA GeForce RTX 5060 Ti,42,HotpotQA,4,16,481,multi-hop,44.2493,43.0301,44.3322,0,0,0,5,29,159,440926208,13254524928,7.697,0.018
google/gemma-3-1b-it,NVIDIA GeForce RTX 5060 Ti,42,HotpotQA,4,16,482,structural,33.2413,35.1133,56.3508,0,0,0,94,350,350,64225280000,64225280000,7.697,0.018
google/gemma-3-1b-it,NVIDIA GeForce RTX 5060 Ti,42,HotpotQA,4,16,483,structural,28.9579,61.1637,36.2808,0,0,0,109,365,365,69848268800,69848268800,7.697,0.018
google/gemma-3-1b-it,NVIDIA GeForce RTX 5060 Ti,42,HotpotQA,4,16,484,multi-hop,30.0602,34.3017,56.1932,0,0,0,26,282,282,41693478912,41693478912,7.697,0.018
google/gemma-3-1b-it,NVIDIA GeForce RTX 5060 Ti,42,HotpotQA,4,16,485,multi-hop,29.8663,51.8916,64.7848,0,0,0,125,381,381,76106170368,76106170368,7.697,0.018
google/gemma-3-1b-it,NVIDIA GeForce RTX 5060 Ti,42,HotpotQA,4,16,486,multi-hop,30.2801,0.0,0.0,0,1,1,122,378,378,74912366592,74912366592,7.697,0.018
google/gemma-3-1b-it,NVIDIA GeForce RTX 5060 Ti,42,HotpotQA,4,16,487,semantic,36.1869,0.0,0.0,0,1,1,5,173,261,15691415552,35715022848,7.697,0.018
google/gemma-3-1b-it,NVIDIA GeForce RTX 5060 Ti,42,HotpotQA,4,16,488,multi-hop,30.5229,0.0,75.9512,0,1,0,105,361,361,68325736448,68325736448,7.697,0.018
google/gemma-3-1b-it,NVIDIA GeForce RTX 5060 Ti,42,HotpotQA,4,16,489,multi-hop,36.3215,0.0,0.0,0,1,1,105,361,361,68325736448,68325736448,7.697,0.018
google/gemma-3-1b-it,NVIDIA GeForce RTX 5060 Ti,42,HotpotQA,4,16,490,structural,37.2618,33.7701,35.5456,0,0,0,36,292,292,44702892032,44702892032,7.697,0.018
google/gemma-3-1b-it,NVIDIA GeForce RTX 5060 Ti,42,HotpotQA,4,16,491,structural,50.6245,35.7841,33.0779,0,0,0,102,358,358,67194847232,67194847232,7.697,0.018
google/gemma-3-1b-it,NVIDIA GeForce RTX 5060 Ti,42,HotpotQA,4,16,492,structural,58.2946,32.7759,31.1748,0,0,0,64,320,320,53687091200,53687091200,7.697,0.018
google/gemma-3-1b-it,NVIDIA GeForce RTX 5060 Ti,42,HotpotQA,4,16,493,multi-hop,35.2444,0.0,0.0,0,1,1,70,326,326,55719231488,55719231488,7.697,0.018
google/gemma-3-1b-it,NVIDIA GeForce RTX 5060 Ti,42,HotpotQA,4,16,494,multi-hop,57.6392,0.0,0.0,0,1,1,24,280,280,41104179200,41104179200,7.697,0.018
google/gemma-3-1b-it,NVIDIA GeForce RTX 5060 Ti,42,HotpotQA,4,16,495,structural,59.1935,57.9792,34.8719,0,0,0,2,14,25,102760448,327680000,7.697,0.018
google/gemma-3-1b-it,NVIDIA GeForce RTX 5060 Ti,42,HotpotQA,4,16,496,structural,36.6062,47.5054,29.7344,0,0,0,90,346,346,62765662208,62765662208,7.697,0.018
google/gemma-3-1b-it,NVIDIA GeForce RTX 5060 Ti,42,HotpotQA,4,16,497,semantic,32.9261,0.0,0.0,0,1,1,49,305,305,48771891200,48771891200,7.697,0.018
google/gemma-3-1b-it,NVIDIA GeForce RTX 5060 Ti,42,HotpotQA,4,16,498,multi-hop,61.0358,0.0,30.6665,0,1,0,108,364,364,69466062848,69466062848,7.697,0.018
google/gemma-3-1b-it,NVIDIA GeForce RTX 5060 Ti,42,HotpotQA,4,16,499,semantic,36.0672,0.0,32.6128,0,1,0,124,380,380,75707187200,75707187200,7.697,0.018
google/gemma-3-1b-it,NVIDIA GeForce RTX 5060 Ti,42,HotpotQA,4,16,500,structural,44.0263,37.9894,49.3818,0,0,0,34,290,290,44092620800,44092620800,7.697,0.018
google/gemma-3-1b-it,NVIDIA GeForce RTX 5060 Ti,42,HotpotQA,4,16,501,multi-hop,26.3511,0.0,0.0,0,1,1,3,13,15,88604672,117964800,7.697,0.018
google/gemma-3-1b-it,NVIDIA GeForce RTX 5060 Ti,42,HotpotQA,4,16,502,multi-hop,37.6465,36.672,54.6314,0,0,0,36,292,292,44702892032,44702892032,7.697,0.018
google/gemma-3-1b-it,NVIDIA GeForce RTX 5060 Ti,42,HotpotQA,4,16,503,structural,38.8963,46.6895,41.7561,0,0,0,93,349,349,63858802688,63858802688,7.697,0.018
google/gemma-3-1b-it,NVIDIA GeForce RTX 5060 Ti,42,HotpotQA,4,16,504,structural,38.6106,0.0,0.0,0,1,1,96,352,352,64961380352,64961380352,7.697,0.018
google/gemma-3-1b-it,NVIDIA GeForce RTX 5060 Ti,42,HotpotQA,4,16,505,multi-hop,41.7738,38.7255,33.2267,0,0,0,63,319,319,53352071168,53352071168,7.697,0.018
google/gemma-3-1b-it,NVIDIA GeForce RTX 5060 Ti,42,HotpotQA,4,16,506,multi-hop,47.2066,0.0,0.0,0,1,1,186,442,442,102427000832,102427000832,7.697,0.018
google/gemma-3-1b-it,NVIDIA GeForce RTX 5060 Ti,42,HotpotQA,4,16,507,multi-hop,43.2641,40.3566,42.2622,0,0,0,142,398,398,83049316352,83049316352,7.697,0.018
google/gemma-3-1b-it,NVIDIA GeForce RTX 5060 Ti,42,HotpotQA,4,16,508,structural,51.9254,76.4692,41.0055,0,0,0,52,308,308,49736056832,49736056832,7.697,0.018
google/gemma-3-1b-it,NVIDIA GeForce RTX 5060 Ti,42,HotpotQA,4,16,509,structural,66.6395,0.0,0.0,0,1,1,129,385,385,77712588800,77712588800,7.697,0.018
google/gemma-3-1b-it,NVIDIA GeForce RTX 5060 Ti,42,HotpotQA,4,16,510,semantic,62.0019,0.0,0.0,0,1,1,78,334,334,58487472128,58487472128,7.697,0.018
google/gemma-3-1b-it,NVIDIA GeForce RTX 5060 Ti,42,HotpotQA,4,16,511,structural,39.3636,0.0,0.0,0,1,1,127,383,383,76907282432,76907282432,7.697,0.018
google/gemma-3-1b-it,NVIDIA GeForce RTX 5060 Ti,42,HotpotQA,4,16,512,multi-hop,38.6398,48.4514,72.5497,0,0,0,5,17,261,151519232,35715022848,7.697,0.018
google/gemma-3-1b-it,NVIDIA GeForce RTX 5060 Ti,42,HotpotQA,4,16,513,multi-hop,41.4479,56.6605,0.0,0,0,1,17,273,273,39074660352,39074660352,7.697,0.018
google/gemma-3-1b-it,NVIDIA GeForce RTX 5060 Ti,42,HotpotQA,4,16,514,multi-hop,36.0678,34.1106,62.7039,0,0,0,80,336,336,59190018048,59190018048,7.697,0.018
google/gemma-3-1b-it,NVIDIA GeForce RTX 5060 Ti,42,HotpotQA,4,16,515,structural,33.0749,60.7744,54.866,0,0,0,21,274,277,39361445888,40228093952,7.697,0.018
google/gemma-3-1b-it,NVIDIA GeForce RTX 5060 Ti,42,HotpotQA,4,16,516,multi-hop,61.6072,0.0,46.1747,0,1,0,125,381,381,76106170368,76106170368,7.697,0.018
google/gemma-3-1b-it,NVIDIA GeForce RTX 5060 Ti,42,HotpotQA,4,16,517,multi-hop,61.0147,0.0,48.9612,0,1,0,119,375,375,73728000000,73728000000,7.697,0.018
google/gemma-3-1b-it,NVIDIA GeForce RTX 5060 Ti,42,HotpotQA,4,16,518,multi-hop,39.71,0.0,55.8729,0,1,0,99,355,355,66073395200,66073395200,7.697,0.018
google/gemma-3-1b-it,NVIDIA GeForce RTX 5060 Ti,42,HotpotQA,4,16,519,structural,34.9971,0.0,64.46,0,1,0,24,274,280,39361445888,41104179200,7.697,0.018
google/gemma-3-1b-it,NVIDIA GeForce RTX 5060 Ti,42,HotpotQA,4,16,520,semantic,31.3728,0.0,40.9221,0,1,0,111,363,367,69084905472,70615826432,7.697,0.018
google/gemma-3-1b-it,NVIDIA GeForce RTX 5060 Ti,42,HotpotQA,4,16,521,structural,55.1159,32.4168,33.5478,0,0,0,128,384,384,77309411328,77309411328,7.697,0.018
google/gemma-3-1b-it,NVIDIA GeForce RTX 5060 Ti,42,HotpotQA,4,16,522,multi-hop,42.2346,38.4036,0.0,0,0,1,87,343,343,61681958912,61681958912,7.697,0.018
google/gemma-3-1b-it,NVIDIA GeForce RTX 5060 Ti,42,HotpotQA,4,16,523,semantic,0.0,0.0,0.0,1,1,1,49,305,305,48771891200,48771891200,7.697,0.018
google/gemma-3-1b-it,NVIDIA GeForce RTX 5060 Ti,42,HotpotQA,4,16,524,multi-hop,37.2529,31.1471,29.8395,0,0,0,115,371,371,72163524608,72163524608,7.697,0.018
google/gemma-3-1b-it,NVIDIA GeForce RTX 5060 Ti,42,HotpotQA,4,16,525,semantic,27.956,0.0,0.0,0,1,1,87,343,343,61681958912,61681958912,7.697,0.018
google/gemma-3-1b-it,NVIDIA GeForce RTX 5060 Ti,42,HotpotQA,4,16,526,multi-hop,0.0,0.0,0.0,1,1,1,70,318,326,53018099712,55719231488,7.697,0.018
google/gemma-3-1b-it,NVIDIA GeForce RTX 5060 Ti,42,HotpotQA,4,16,527,semantic,46.1458,0.0,68.9818,0,1,0,29,285,285,42585292800,42585292800,7.697,0.018
google/gemma-3-1b-it,NVIDIA GeForce RTX 5060 Ti,42,HotpotQA,4,16,528,semantic,42.1929,0.0,0.0,0,1,1,116,372,372,72553070592,72553070592,7.697,0.018
google/gemma-3-1b-it,NVIDIA GeForce RTX 5060 Ti,42,HotpotQA,4,16,529,structural,46.4376,66.9329,36.1074,0,0,0,47,303,303,48134356992,48134356992,7.697,0.018
google/gemma-3-1b-it,NVIDIA GeForce RTX 5060 Ti,42,HotpotQA,4,16,530,semantic,28.8929,0.0,36.7668,0,1,0,96,333,352,58137772032,64961380352,7.697,0.018
google/gemma-3-1b-it,NVIDIA GeForce RTX 5060 Ti,42,HotpotQA,4,16,531,structural,58.6368,0.0,0.0,0,1,1,99,355,355,66073395200,66073395200,7.697,0.018
google/gemma-3-1b-it,NVIDIA GeForce RTX 5060 Ti,42,HotpotQA,4,16,532,multi-hop,69.8056,0.0,37.2374,0,1,0,106,362,362,68704796672,68704796672,7.697,0.018
google/gemma-3-1b-it,NVIDIA GeForce RTX 5060 Ti,42,HotpotQA,4,16,533,semantic,48.7191,0.0,37.7216,0,1,0,122,378,378,74912366592,74912366592,7.697,0.018
google/gemma-3-1b-it,NVIDIA GeForce RTX 5060 Ti,42,HotpotQA,4,16,534,multi-hop,0.0,0.0,0.0,1,1,1,148,404,404,85572190208,85572190208,7.697,0.018
google/gemma-3-1b-it,NVIDIA GeForce RTX 5060 Ti,42,HotpotQA,4,16,535,multi-hop,41.0083,0.0,49.4298,0,1,0,96,352,352,64961380352,64961380352,7.697,0.018
google/gemma-3-1b-it,NVIDIA GeForce RTX 5060 Ti,42,HotpotQA,4,16,536,multi-hop,37.0834,31.6755,39.2564,0,0,0,71,327,327,56061591552,56061591552,7.697,0.018
google/gemma-3-1b-it,NVIDIA GeForce RTX 5060 Ti,42,HotpotQA,4,16,537,structural,48.2358,68.5711,0.0,0,0,1,8,264,264,36540776448,36540776448,7.697,0.018
google/gemma-3-1b-it,NVIDIA GeForce RTX 5060 Ti,42,HotpotQA,4,16,538,multi-hop,103.1558,0.0,28.0592,0,1,0,102,242,358,30704402432,67194847232,7.697,0.018
google/gemma-3-1b-it,NVIDIA GeForce RTX 5060 Ti,42,HotpotQA,4,16,539,multi-hop,0.0,0.0,50.9608,1,1,0,49,305,305,48771891200,48771891200,7.697,0.018
google/gemma-3-1b-it,NVIDIA GeForce RTX 5060 Ti,42,HotpotQA,4,16,540,multi-hop,32.2456,68.2323,0.0,0,0,1,94,350,350,64225280000,64225280000,7.697,0.018
google/gemma-3-1b-it,NVIDIA GeForce RTX 5060 Ti,42,HotpotQA,4,16,541,multi-hop,33.0421,0.0,0.0,0,1,1,127,383,383,76907282432,76907282432,7.697,0.018
google/gemma-3-1b-it,NVIDIA GeForce RTX 5060 Ti,42,HotpotQA,4,16,542,structural,32.0195,29.1398,70.3906,0,0,0,148,404,329,85572190208,56749457408,7.697,0.018
google/gemma-3-1b-it,NVIDIA GeForce RTX 5060 Ti,42,HotpotQA,4,16,543,semantic,73.4038,0.0,0.0,0,1,1,114,370,370,71775027200,71775027200,7.697,0.018
google/gemma-3-1b-it,NVIDIA GeForce RTX 5060 Ti,42,HotpotQA,4,16,544,structural,60.5905,35.3588,0.0,0,0,1,107,363,363,69084905472,69084905472,7.697,0.018
google/gemma-3-1b-it,NVIDIA GeForce RTX 5060 Ti,42,HotpotQA,4,16,545,multi-hop,57.4477,0.0,36.7472,0,1,0,126,382,382,76506202112,76506202112,7.697,0.018
google/gemma-3-1b-it,NVIDIA GeForce RTX 5060 Ti,42,HotpotQA,4,16,546,structural,39.1174,72.1894,49.5928,0,0,0,124,380,380,75707187200,75707187200,7.697,0.018
google/gemma-3-1b-it,NVIDIA GeForce RTX 5060 Ti,42,HotpotQA,4,16,547,multi-hop,43.7933,0.0,39.4054,0,1,0,3,12,12,75497472,75497472,7.697,0.018
google/gemma-3-1b-it,NVIDIA GeForce RTX 5060 Ti,42,HotpotQA,4,16,548,multi-hop,46.5213,0.0,0.0,0,1,1,73,329,329,56749457408,56749457408,7.697,0.018
google/gemma-3-1b-it,NVIDIA GeForce RTX 5060 Ti,42,HotpotQA,4,16,549,multi-hop,41.6238,41.0259,42.1713,0,0,0,37,293,293,45009600512,45009600512,7.697,0.018
google/gemma-3-1b-it,NVIDIA GeForce RTX 5060 Ti,42,HotpotQA,4,16,550,multi-hop,59.5619,30.1234,0.0,0,0,1,70,326,326,55719231488,55719231488,7.697,0.018
google/gemma-3-1b-it,NVIDIA GeForce RTX 5060 Ti,42,HotpotQA,4,16,551,semantic,49.4695,0.0,36.2404,0,1,0,94,350,350,64225280000,64225280000,7.697,0.018
google/gemma-3-1b-it,NVIDIA GeForce RTX 5060 Ti,42,HotpotQA,4,16,552,structural,30.2106,47.6687,39.5155,0,0,0,76,332,332,57789120512,57789120512,7.697,0.018
google/gemma-3-1b-it,NVIDIA GeForce RTX 5060 Ti,42,HotpotQA,4,16,553,semantic,45.3544,0.0,37.1814,0,1,0,57,313,313,51363971072,51363971072,7.697,0.018
google/gemma-3-1b-it,NVIDIA GeForce RTX 5060 Ti,42,HotpotQA,4,16,554,multi-hop,49.5707,0.0,0.0,0,1,1,47,303,303,48134356992,48134356992,7.697,0.018
google/gemma-3-1b-it,NVIDIA GeForce RTX 5060 Ti,42,HotpotQA,4,16,555,semantic,39.8361,0.0,0.0,0,1,1,112,368,368,71001178112,71001178112,7.697,0.018
google/gemma-3-1b-it,NVIDIA GeForce RTX 5060 Ti,42,HotpotQA,4,16,556,multi-hop,36.3049,0.0,0.0,0,1,1,73,329,329,56749457408,56749457408,7.697,0.018
google/gemma-3-1b-it,NVIDIA GeForce RTX 5060 Ti,42,HotpotQA,4,16,557,multi-hop,39.6401,50.0559,33.105,0,0,0,40,296,296,45936017408,45936017408,7.697,0.018
google/gemma-3-1b-it,NVIDIA GeForce RTX 5060 Ti,42,HotpotQA,4,16,558,structural,41.0024,36.0544,39.7243,0,0,0,126,382,382,76506202112,76506202112,7.697,0.018
google/gemma-3-1b-it,NVIDIA GeForce RTX 5060 Ti,42,HotpotQA,4,16,559,structural,36.7672,41.1184,35.497,0,0,0,2,10,10,52428800,52428800,7.697,0.018
google/gemma-3-1b-it,NVIDIA GeForce RTX 5060 Ti,42,HotpotQA,4,16,560,multi-hop,36.0887,0.0,0.0,0,1,1,36,292,292,44702892032,44702892032,7.697,0.018
google/gemma-3-1b-it,NVIDIA GeForce RTX 5060 Ti,42,HotpotQA,4,16,561,structural,55.3035,49.3397,37.6488,0,0,0,13,212,211,23563599872,23341826048,7.697,0.018
google/gemma-3-1b-it,NVIDIA GeForce RTX 5060 Ti,42,HotpotQA,4,16,562,semantic,40.9405,0.0,36.9857,0,1,0,63,319,319,53352071168,53352071168,7.697,0.018
google/gemma-3-1b-it,NVIDIA GeForce RTX 5060 Ti,42,HotpotQA,4,16,563,multi-hop,33.1968,36.4323,32.1434,0,0,0,59,315,315,52022476800,52022476800,7.697,0.018
google/gemma-3-1b-it,NVIDIA GeForce RTX 5060 Ti,42,HotpotQA,4,16,564,semantic,45.6548,0.0,56.0136,0,1,0,153,409,409,87703420928,87703420928,7.697,0.018
google/gemma-3-1b-it,NVIDIA GeForce RTX 5060 Ti,42,HotpotQA,4,16,565,semantic,65.6092,0.0,52.3028,0,1,0,108,364,364,69466062848,69466062848,7.697,0.018
google/gemma-3-1b-it,NVIDIA GeForce RTX 5060 Ti,42,HotpotQA,4,16,566,structural,29.0907,42.3964,29.1863,0,0,0,2,12,12,75497472,75497472,7.697,0.018
google/gemma-3-1b-it,NVIDIA GeForce RTX 5060 Ti,42,HotpotQA,4,16,567,semantic,51.7469,0.0,35.1322,0,1,0,125,381,381,76106170368,76106170368,7.697,0.018
google/gemma-3-1b-it,NVIDIA GeForce RTX 5060 Ti,42,HotpotQA,4,16,568,multi-hop,52.9158,0.0,0.0,0,1,1,121,377,377,74516529152,74516529152,7.697,0.018
google/gemma-3-1b-it,NVIDIA GeForce RTX 5060 Ti,42,HotpotQA,4,16,569,multi-hop,41.1425,0.0,0.0,0,1,1,81,337,337,59542863872,59542863872,7.697,0.018
google/gemma-3-1b-it,NVIDIA GeForce RTX 5060 Ti,42,HotpotQA,4,16,570,multi-hop,46.6893,34.7011,44.6208,0,0,0,99,355,355,66073395200,66073395200,7.697,0.018
google/gemma-3-1b-it,NVIDIA GeForce RTX 5060 Ti,42,HotpotQA,4,16,571,multi-hop,87.9839,33.6656,45.9744,0,0,0,66,322,322,54360276992,54360276992,7.697,0.018
google/gemma-3-1b-it,NVIDIA GeForce RTX 5060 Ti,42,HotpotQA,4,16,572,multi-hop,35.8305,0.0,46.3285,0,1,0,6,262,262,35989225472,35989225472,7.697,0.018
google/gemma-3-1b-it,NVIDIA GeForce RTX 5060 Ti,42,HotpotQA,4,16,573,multi-hop,35.1324,0.0,0.0,0,1,1,117,373,373,72943665152,72943665152,7.697,0.018
google/gemma-3-1b-it,NVIDIA GeForce RTX 5060 Ti,42,HotpotQA,4,16,574,semantic,39.247,0.0,0.0,0,1,1,102,242,358,30704402432,67194847232,7.697,0.018
google/gemma-3-1b-it,NVIDIA GeForce RTX 5060 Ti,42,HotpotQA,4,16,575,multi-hop,66.298,35.2656,52.5828,0,0,0,31,283,287,41989701632,43185078272,7.697,0.018
google/gemma-3-1b-it,NVIDIA GeForce RTX 5060 Ti,42,HotpotQA,4,16,576,structural,36.0419,0.0,0.0,0,1,1,65,321,321,54023159808,54023159808,7.697,0.018
google/gemma-3-1b-it,NVIDIA GeForce RTX 5060 Ti,42,HotpotQA,4,16,577,multi-hop,34.7718,0.0,35.8644,0,1,0,68,324,324,55037657088,55037657088,7.697,0.018
google/gemma-3-1b-it,NVIDIA GeForce RTX 5060 Ti,42,HotpotQA,4,16,578,structural,44.5588,41.8937,0.0,0,0,1,5,261,261,35715022848,35715022848,7.697,0.018
google/gemma-3-1b-it,NVIDIA GeForce RTX 5060 Ti,42,HotpotQA,4,16,579,multi-hop,58.3663,54.7611,50.6711,0,0,0,63,319,319,53352071168,53352071168,7.697,0.018
google/gemma-3-1b-it,NVIDIA GeForce RTX 5060 Ti,42,HotpotQA,4,16,580,multi-hop,36.135,0.0,50.26,0,1,0,183,416,439,90731184128,101041307648,7.697,0.018
google/gemma-3-1b-it,NVIDIA GeForce RTX 5060 Ti,42,HotpotQA,4,16,581,semantic,54.7202,0.0,0.0,0,1,1,82,338,338,59896758272,59896758272,7.697,0.018
google/gemma-3-1b-it,NVIDIA GeForce RTX 5060 Ti,42,HotpotQA,4,16,582,semantic,43.9046,0.0,0.0,0,1,1,98,354,354,65701675008,65701675008,7.697,0.018
google/gemma-3-1b-it,NVIDIA GeForce RTX 5060 Ti,42,HotpotQA,4,16,583,multi-hop,51.4918,45.2289,62.5784,0,0,0,106,362,362,68704796672,68704796672,7.697,0.018
google/gemma-3-1b-it,NVIDIA GeForce RTX 5060 Ti,42,HotpotQA,4,16,584,multi-hop,40.023,75.3398,0.0,0,0,1,70,326,326,55719231488,55719231488,7.697,0.018
google/gemma-3-1b-it,NVIDIA GeForce RTX 5060 Ti,42,HotpotQA,4,16,585,multi-hop,37.4203,0.0,0.0,0,1,1,99,355,355,66073395200,66073395200,7.697,0.018
google/gemma-3-1b-it,NVIDIA GeForce RTX 5060 Ti,42,HotpotQA,4,16,586,semantic,49.9724,0.0,0.0,0,1,1,60,316,316,52353302528,52353302528,7.697,0.018
google/gemma-3-1b-it,NVIDIA GeForce RTX 5060 Ti,42,HotpotQA,4,16,587,semantic,52.2216,0.0,0.0,0,1,1,123,379,379,75309252608,75309252608,7.697,0.018
google/gemma-3-1b-it,NVIDIA GeForce RTX 5060 Ti,42,HotpotQA,4,16,588,multi-hop,33.2134,64.2222,49.1869,0,0,0,116,372,372,72553070592,72553070592,7.697,0.018
google/gemma-3-1b-it,NVIDIA GeForce RTX 5060 Ti,42,HotpotQA,4,16,589,semantic,0.0,0.0,0.0,1,1,1,99,355,355,66073395200,66073395200,7.697,0.018
google/gemma-3-1b-it,NVIDIA GeForce RTX 5060 Ti,42,HotpotQA,4,16,590,structural,49.6469,56.7204,0.0,0,0,1,91,347,347,63128993792,63128993792,7.697,0.018
google/gemma-3-1b-it,NVIDIA GeForce RTX 5060 Ti,42,HotpotQA,4,16,591,semantic,47.5057,0.0,0.0,0,1,1,17,273,273,39074660352,39074660352,7.697,0.018
google/gemma-3-1b-it,NVIDIA GeForce RTX 5060 Ti,42,HotpotQA,4,16,592,structural,58.9627,0.0,30.6293,0,1,0,94,350,350,64225280000,64225280000,7.697,0.018
google/gemma-3-1b-it,NVIDIA GeForce RTX 5060 Ti,42,HotpotQA,4,16,593,semantic,34.6928,0.0,0.0,0,1,1,96,352,352,64961380352,64961380352,7.697,0.018
google/gemma-3-1b-it,NVIDIA GeForce RTX 5060 Ti,42,HotpotQA,4,16,594,structural,43.435,57.2056,37.3258,0,0,0,102,358,358,67194847232,67194847232,7.697,0.018
google/gemma-3-1b-it,NVIDIA GeForce RTX 5060 Ti,42,HotpotQA,4,16,595,multi-hop,39.8153,38.4062,64.5171,0,0,0,83,339,339,60251701248,60251701248,7.697,0.018
google/gemma-3-1b-it,NVIDIA GeForce RTX 5060 Ti,42,HotpotQA,4,16,596,multi-hop,29.6074,33.9028,35.2633,0,0,0,148,404,404,85572190208,85572190208,7.697,0.018
google/gemma-3-1b-it,NVIDIA GeForce RTX 5060 Ti,42,HotpotQA,4,16,597,semantic,30.1385,0.0,0.0,0,1,1,76,332,332,57789120512,57789120512,7.697,0.018
google/gemma-3-1b-it,NVIDIA GeForce RTX 5060 Ti,42,HotpotQA,4,16,598,multi-hop,39.1512,38.0469,53.8483,0,0,0,65,321,321,54023159808,54023159808,7.697,0.018
google/gemma-3-1b-it,NVIDIA GeForce RTX 5060 Ti,42,HotpotQA,4,16,599,multi-hop,0.0,0.0,0.0,1,1,1,94,350,350,64225280000,64225280000,7.697,0.018
google/gemma-3-1b-it,NVIDIA GeForce RTX 5060 Ti,42,HotpotQA,5,16,0,structural,30.0925,28.2718,0.0,0,0,1,102,358,358,67194847232,67194847232,7.697,0.018
google/gemma-3-1b-it,NVIDIA GeForce RTX 5060 Ti,42,HotpotQA,5,16,1,multi-hop,39.1838,0.0,0.0,0,1,1,35,291,291,44397232128,44397232128,7.697,0.018
google/gemma-3-1b-it,NVIDIA GeForce RTX 5060 Ti,42,HotpotQA,5,16,2,multi-hop,33.6153,0.0,0.0,0,1,1,104,360,360,67947724800,67947724800,7.697,0.018
google/gemma-3-1b-it,NVIDIA GeForce RTX 5060 Ti,42,HotpotQA,5,16,3,semantic,38.5894,0.0,0.0,0,1,1,129,385,385,77712588800,77712588800,7.697,0.018
google/gemma-3-1b-it,NVIDIA GeForce RTX 5060 Ti,42,HotpotQA,5,16,4,structural,30.4144,31.3784,38.5186,0,0,0,124,380,380,75707187200,75707187200,7.697,0.018
google/gemma-3-1b-it,NVIDIA GeForce RTX 5060 Ti,42,HotpotQA,5,16,5,multi-hop,37.2255,0.0,0.0,0,1,1,96,352,352,64961380352,64961380352,7.697,0.018
google/gemma-3-1b-it,NVIDIA GeForce RTX 5060 Ti,42,HotpotQA,5,16,6,structural,45.3557,39.1426,53.6837,0,0,0,82,338,338,59896758272,59896758272,7.697,0.018
google/gemma-3-1b-it,NVIDIA GeForce RTX 5060 Ti,42,HotpotQA,5,16,7,multi-hop,36.5463,34.7079,37.3334,0,0,0,71,327,327,56061591552,56061591552,7.697,0.018
google/gemma-3-1b-it,NVIDIA GeForce RTX 5060 Ti,42,HotpotQA,5,16,8,multi-hop,32.7423,0.0,0.0,0,1,1,76,332,332,57789120512,57789120512,7.697,0.018
google/gemma-3-1b-it,NVIDIA GeForce RTX 5060 Ti,42,HotpotQA,5,16,9,structural,33.0806,33.6439,0.0,0,0,1,93,349,349,63858802688,63858802688,7.697,0.018
google/gemma-3-1b-it,NVIDIA GeForce RTX 5060 Ti,42,HotpotQA,5,16,10,multi-hop,61.4117,0.0,27.31,0,1,0,12,230,268,27734835200,37656461312,7.697,0.018
google/gemma-3-1b-it,NVIDIA GeForce RTX 5060 Ti,42,HotpotQA,5,16,11,semantic,30.06,0.0,0.0,0,1,1,81,337,337,59542863872,59542863872,7.697,0.018
google/gemma-3-1b-it,NVIDIA GeForce RTX 5060 Ti,42,HotpotQA,5,16,12,semantic,64.2763,0.0,0.0,0,1,1,49,305,305,48771891200,48771891200,7.697,0.018
google/gemma-3-1b-it,NVIDIA GeForce RTX 5060 Ti,42,HotpotQA,5,16,13,semantic,28.9943,0.0,0.0,0,1,1,40,296,296,45936017408,45936017408,7.697,0.018
google/gemma-3-1b-it,NVIDIA GeForce RTX 5060 Ti,42,HotpotQA,5,16,14,multi-hop,58.1802,0.0,49.8029,0,1,0,24,280,280,41104179200,41104179200,7.697,0.018
google/gemma-3-1b-it,NVIDIA GeForce RTX 5060 Ti,42,HotpotQA,5,16,15,structural,34.8432,0.0,0.0,0,1,1,127,383,383,76907282432,76907282432,7.697,0.018
google/gemma-3-1b-it,NVIDIA GeForce RTX 5060 Ti,42,HotpotQA,5,16,16,structural,39.9807,0.0,0.0,0,1,1,96,352,352,64961380352,64961380352,7.697,0.018
google/gemma-3-1b-it,NVIDIA GeForce RTX 5060 Ti,42,HotpotQA,5,16,17,semantic,28.2913,0.0,0.0,0,1,1,2,16,27,134217728,382205952,7.697,0.018
google/gemma-3-1b-it,NVIDIA GeForce RTX 5060 Ti,42,HotpotQA,5,16,18,semantic,63.2833,0.0,43.8207,0,1,0,126,382,382,76506202112,76506202112,7.697,0.018
google/gemma-3-1b-it,NVIDIA GeForce RTX 5060 Ti,42,HotpotQA,5,16,19,multi-hop,73.7109,30.0863,32.9746,0,0,0,60,316,316,52353302528,52353302528,7.697,0.018
google/gemma-3-1b-it,NVIDIA GeForce RTX 5060 Ti,42,HotpotQA,5,16,20,multi-hop,45.781,45.554,37.8828,0,0,0,120,376,376,74121740288,74121740288,7.697,0.018
google/gemma-3-1b-it,NVIDIA GeForce RTX 5060 Ti,42,HotpotQA,5,16,21,multi-hop,78.8043,0.0,40.5873,0,1,0,85,341,341,60964732928,60964732928,7.697,0.018
google/gemma-3-1b-it,NVIDIA GeForce RTX 5060 Ti,42,HotpotQA,5,16,22,structural,72.0819,0.0,0.0,0,1,1,88,344,344,62042144768,62042144768,7.697,0.018
google/gemma-3-1b-it,NVIDIA GeForce RTX 5060 Ti,42,HotpotQA,5,16,23,semantic,35.5799,0.0,0.0,0,1,1,72,328,328,56405000192,56405000192,7.697,0.018
google/gemma-3-1b-it,NVIDIA GeForce RTX 5060 Ti,42,HotpotQA,5,16,24,semantic,52.7321,0.0,45.323,0,1,0,127,383,383,76907282432,76907282432,7.697,0.018
google/gemma-3-1b-it,NVIDIA GeForce RTX 5060 Ti,42,HotpotQA,5,16,25,multi-hop,37.3808,0.0,0.0,0,1,1,26,282,282,41693478912,41693478912,7.697,0.018
google/gemma-3-1b-it,NVIDIA GeForce RTX 5060 Ti,42,HotpotQA,5,16,26,multi-hop,41.4809,0.0,0.0,0,1,1,82,338,338,59896758272,59896758272,7.697,0.018
google/gemma-3-1b-it,NVIDIA GeForce RTX 5060 Ti,42,HotpotQA,5,16,27,multi-hop,30.5706,27.4999,0.0,0,0,1,122,378,378,74912366592,74912366592,7.697,0.018
google/gemma-3-1b-it,NVIDIA GeForce RTX 5060 Ti,42,HotpotQA,5,16,28,semantic,59.0102,0.0,66.9339,0,1,0,75,331,331,57441517568,57441517568,7.697,0.018
google/gemma-3-1b-it,NVIDIA GeForce RTX 5060 Ti,42,HotpotQA,5,16,29,structural,37.543,40.9563,38.8782,0,0,0,75,331,331,57441517568,57441517568,7.697,0.018
google/gemma-3-1b-it,NVIDIA GeForce RTX 5060 Ti,42,HotpotQA,5,16,30,multi-hop,37.6915,0.0,0.0,0,1,1,14,270,270,38220595200,38220595200,7.697,0.018
google/gemma-3-1b-it,NVIDIA GeForce RTX 5060 Ti,42,HotpotQA,5,16,31,multi-hop,32.6637,0.0,49.7437,0,1,0,91,347,347,63128993792,63128993792,7.697,0.018
google/gemma-3-1b-it,NVIDIA GeForce RTX 5060 Ti,42,HotpotQA,5,16,32,semantic,37.1886,0.0,0.0,0,1,1,119,375,375,73728000000,73728000000,7.697,0.018
google/gemma-3-1b-it,NVIDIA GeForce RTX 5060 Ti,42,HotpotQA,5,16,33,structural,36.3009,61.4873,0.0,0,0,1,87,343,343,61681958912,61681958912,7.697,0.018
google/gemma-3-1b-it,NVIDIA GeForce RTX 5060 Ti,42,HotpotQA,5,16,34,structural,54.9001,66.7862,65.642,0,0,0,96,352,352,64961380352,64961380352,7.697,0.018
google/gemma-3-1b-it,NVIDIA GeForce RTX 5060 Ti,42,HotpotQA,5,16,35,semantic,0.0,0.0,0.0,1,1,1,14,270,270,38220595200,38220595200,7.697,0.018
google/gemma-3-1b-it,NVIDIA GeForce RTX 5060 Ti,42,HotpotQA,5,16,36,structural,61.2079,34.7121,45.3587,0,0,0,100,356,356,66446163968,66446163968,7.697,0.018
google/gemma-3-1b-it,NVIDIA GeForce RTX 5060 Ti,42,HotpotQA,5,16,37,multi-hop,37.7333,0.0,0.0,0,1,1,81,337,337,59542863872,59542863872,7.697,0.018
google/gemma-3-1b-it,NVIDIA GeForce RTX 5060 Ti,42,HotpotQA,5,16,38,multi-hop,37.2374,0.0,50.2649,0,1,0,109,365,365,69848268800,69848268800,7.697,0.018
google/gemma-3-1b-it,NVIDIA GeForce RTX 5060 Ti,42,HotpotQA,5,16,39,multi-hop,61.0472,66.427,64.956,0,0,0,81,337,337,59542863872,59542863872,7.697,0.018
google/gemma-3-1b-it,NVIDIA GeForce RTX 5060 Ti,42,HotpotQA,5,16,40,semantic,48.4874,0.0,61.3441,0,1,0,96,352,352,64961380352,64961380352,7.697,0.018
google/gemma-3-1b-it,NVIDIA GeForce RTX 5060 Ti,42,HotpotQA,5,16,41,multi-hop,55.5792,60.891,0.0,0,0,1,95,351,351,64592805888,64592805888,7.697,0.018
google/gemma-3-1b-it,NVIDIA GeForce RTX 5060 Ti,42,HotpotQA,5,16,42,semantic,40.2434,0.0,58.9005,0,1,0,102,358,358,67194847232,67194847232,7.697,0.018
google/gemma-3-1b-it,NVIDIA GeForce RTX 5060 Ti,42,HotpotQA,5,16,43,semantic,58.3884,0.0,0.0,0,1,1,84,340,340,60607692800,60607692800,7.697,0.018
google/gemma-3-1b-it,NVIDIA GeForce RTX 5060 Ti,42,HotpotQA,5,16,44,multi-hop,37.7817,61.4721,65.4762,0,0,0,95,351,351,64592805888,64592805888,7.697,0.018
google/gemma-3-1b-it,NVIDIA GeForce RTX 5060 Ti,42,HotpotQA,5,16,45,structural,36.8541,31.36,34.5011,0,0,0,93,349,349,63858802688,63858802688,7.697,0.018
google/gemma-3-1b-it,NVIDIA GeForce RTX 5060 Ti,42,HotpotQA,5,16,46,structural,46.7501,0.0,0.0,0,1,1,127,383,383,76907282432,76907282432,7.697,0.018
google/gemma-3-1b-it,NVIDIA GeForce RTX 5060 Ti,42,HotpotQA,5,16,47,semantic,0.0,0.0,0.0,1,1,1,9,265,265,36818124800,36818124800,7.697,0.018
google/gemma-3-1b-it,NVIDIA GeForce RTX 5060 Ti,42,HotpotQA,5,16,48,multi-hop,0.0,0.0,74.694,1,1,0,108,364,364,69466062848,69466062848,7.697,0.018
google/gemma-3-1b-it,NVIDIA GeForce RTX 5060 Ti,42,HotpotQA,5,16,49,structural,32.6057,0.0,0.0,0,1,1,7,263,263,36264476672,36264476672,7.697,0.018
google/gemma-3-1b-it,NVIDIA GeForce RTX 5060 Ti,42,HotpotQA,5,16,50,multi-hop,51.5338,0.0,41.9315,0,1,0,69,325,299,55377920000,46871871488,7.697,0.018
google/gemma-3-1b-it,NVIDIA GeForce RTX 5060 Ti,42,HotpotQA,5,16,51,structural,39.1344,54.1537,32.7984,0,0,0,69,325,325,55377920000,55377920000,7.697,0.018
google/gemma-3-1b-it,NVIDIA GeForce RTX 5060 Ti,42,HotpotQA,5,16,52,semantic,36.5108,0.0,0.0,0,1,1,68,324,324,55037657088,55037657088,7.697,0.018
google/gemma-3-1b-it,NVIDIA GeForce RTX 5060 Ti,42,HotpotQA,5,16,53,structural,70.3349,34.5422,53.507,0,0,0,10,219,266,25145376768,37096521728,7.697,0.018
google/gemma-3-1b-it,NVIDIA GeForce RTX 5060 Ti,42,HotpotQA,5,16,54,structural,55.5402,45.7376,48.8167,0,0,0,108,364,364,69466062848,69466062848,7.697,0.018
google/gemma-3-1b-it,NVIDIA GeForce RTX 5060 Ti,42,HotpotQA,5,16,55,semantic,43.0258,0.0,31.3398,0,1,0,125,381,381,76106170368,76106170368,7.697,0.018
google/gemma-3-1b-it,NVIDIA GeForce RTX 5060 Ti,42,HotpotQA,5,16,56,multi-hop,50.1567,0.0,30.2545,0,1,0,109,365,365,69848268800,69848268800,7.697,0.018
google/gemma-3-1b-it,NVIDIA GeForce RTX 5060 Ti,42,HotpotQA,5,16,57,structural,59.2875,51.2292,42.5079,0,0,0,37,293,293,45009600512,45009600512,7.697,0.018
google/gemma-3-1b-it,NVIDIA GeForce RTX 5060 Ti,42,HotpotQA,5,16,58,multi-hop,43.1405,0.0,46.159,0,1,0,87,343,343,61681958912,61681958912,7.697,0.018
google/gemma-3-1b-it,NVIDIA GeForce RTX 5060 Ti,42,HotpotQA,5,16,59,semantic,96.5908,0.0,0.0,0,1,1,14,207,270,22465216512,38220595200,7.697,0.018
google/gemma-3-1b-it,NVIDIA GeForce RTX 5060 Ti,42,HotpotQA,5,16,60,semantic,69.6635,0.0,0.0,0,1,1,3,104,259,5670699008,35169763328,7.697,0.018
google/gemma-3-1b-it,NVIDIA GeForce RTX 5060 Ti,42,HotpotQA,5,16,61,structural,49.0966,0.0,0.0,0,1,1,112,368,368,71001178112,71001178112,7.697,0.018
google/gemma-3-1b-it,NVIDIA GeForce RTX 5060 Ti,42,HotpotQA,5,16,62,semantic,48.5035,0.0,34.5704,0,1,0,99,355,355,66073395200,66073395200,7.697,0.018
google/gemma-3-1b-it,NVIDIA GeForce RTX 5060 Ti,42,HotpotQA,5,16,63,multi-hop,71.2467,42.533,0.0,0,0,1,115,371,371,72163524608,72163524608,7.697,0.018
google/gemma-3-1b-it,NVIDIA GeForce RTX 5060 Ti,42,HotpotQA,5,16,64,multi-hop,38.7625,0.0,0.0,0,1,1,86,342,342,61322821632,61322821632,7.697,0.018
google/gemma-3-1b-it,NVIDIA GeForce RTX 5060 Ti,42,HotpotQA,5,16,65,multi-hop,48.0167,38.9641,0.0,0,0,1,10,219,266,25145376768,37096521728,7.697,0.018
google/gemma-3-1b-it,NVIDIA GeForce RTX 5060 Ti,42,HotpotQA,5,16,66,multi-hop,63.8322,53.7552,34.4513,0,0,0,8,264,264,36540776448,36540776448,7.697,0.018
google/gemma-3-1b-it,NVIDIA GeForce RTX 5060 Ti,42,HotpotQA,5,16,67,semantic,38.954,0.0,0.0,0,1,1,40,296,296,45936017408,45936017408,7.697,0.018
google/gemma-3-1b-it,NVIDIA GeForce RTX 5060 Ti,42,HotpotQA,5,16,68,structural,40.2522,36.3815,78.0246,0,0,0,41,297,297,46246920192,46246920192,7.697,0.018
google/gemma-3-1b-it,NVIDIA GeForce RTX 5060 Ti,42,HotpotQA,5,16,69,multi-hop,56.9044,0.0,43.9047,0,1,0,37,293,293,45009600512,45009600512,7.697,0.018
google/gemma-3-1b-it,NVIDIA GeForce RTX 5060 Ti,42,HotpotQA,5,16,70,structural,46.6296,46.0405,0.0,0,0,1,142,398,398,83049316352,83049316352,7.697,0.018
google/gemma-3-1b-it,NVIDIA GeForce RTX 5060 Ti,42,HotpotQA,5,16,71,multi-hop,67.2387,48.0848,68.9286,0,0,0,204,460,460,110939340800,110939340800,7.697,0.018
google/gemma-3-1b-it,NVIDIA GeForce RTX 5060 Ti,42,HotpotQA,5,16,72,semantic,34.9947,0.0,42.6048,0,1,0,99,355,355,66073395200,66073395200,7.697,0.018
google/gemma-3-1b-it,NVIDIA GeForce RTX 5060 Ti,42,HotpotQA,5,16,73,multi-hop,76.6528,47.788,55.9782,0,0,0,49,305,305,48771891200,48771891200,7.697,0.018
google/gemma-3-1b-it,NVIDIA GeForce RTX 5060 Ti,42,HotpotQA,5,16,74,multi-hop,54.7703,68.2696,48.5565,0,0,0,77,333,333,58137772032,58137772032,7.697,0.018
google/gemma-3-1b-it,NVIDIA GeForce RTX 5060 Ti,42,HotpotQA,5,16,75,structural,39.9231,58.2236,54.5194,0,0,0,14,83,203,3611820032,21605384192,7.697,0.018
google/gemma-3-1b-it,NVIDIA GeForce RTX 5060 Ti,42,HotpotQA,5,16,76,multi-hop,29.932,0.0,0.0,0,1,1,4,15,14,117964800,102760448,7.697,0.018
google/gemma-3-1b-it,NVIDIA GeForce RTX 5060 Ti,42,HotpotQA,5,16,77,semantic,43.6444,0.0,0.0,0,1,1,115,371,371,72163524608,72163524608,7.697,0.018
google/gemma-3-1b-it,NVIDIA GeForce RTX 5060 Ti,42,HotpotQA,5,16,78,semantic,66.1474,0.0,29.1145,0,1,0,125,381,381,76106170368,76106170368,7.697,0.018
google/gemma-3-1b-it,NVIDIA GeForce RTX 5060 Ti,42,HotpotQA,5,16,79,semantic,70.8051,0.0,37.2821,0,1,0,102,358,358,67194847232,67194847232,7.697,0.018
google/gemma-3-1b-it,NVIDIA GeForce RTX 5060 Ti,42,HotpotQA,5,16,80,structural,50.7021,56.9451,79.8333,0,0,0,101,357,357,66819981312,66819981312,7.697,0.018
google/gemma-3-1b-it,NVIDIA GeForce RTX 5060 Ti,42,HotpotQA,5,16,81,multi-hop,28.4764,0.0,0.0,0,1,1,87,343,343,61681958912,61681958912,7.697,0.018
google/gemma-3-1b-it,NVIDIA GeForce RTX 5060 Ti,42,HotpotQA,5,16,82,multi-hop,36.4889,0.0,0.0,0,1,1,99,355,355,66073395200,66073395200,7.697,0.018
google/gemma-3-1b-it,NVIDIA GeForce RTX 5060 Ti,42,HotpotQA,5,16,83,structural,74.1126,34.5324,41.1028,0,0,0,122,378,378,74912366592,74912366592,7.697,0.018
google/gemma-3-1b-it,NVIDIA GeForce RTX 5060 Ti,42,HotpotQA,5,16,84,semantic,32.1966,0.0,0.0,0,1,1,121,377,377,74516529152,74516529152,7.697,0.018
google/gemma-3-1b-it,NVIDIA GeForce RTX 5060 Ti,42,HotpotQA,5,16,85,semantic,35.4183,0.0,50.729,0,1,0,80,336,336,59190018048,59190018048,7.697,0.018
google/gemma-3-1b-it,NVIDIA GeForce RTX 5060 Ti,42,HotpotQA,5,16,86,multi-hop,0.0,0.0,0.0,1,1,1,104,360,360,67947724800,67947724800,7.697,0.018
google/gemma-3-1b-it,NVIDIA GeForce RTX 5060 Ti,42,HotpotQA,5,16,87,multi-hop,36.5207,0.0,0.0,0,1,1,101,357,357,66819981312,66819981312,7.697,0.018
google/gemma-3-1b-it,NVIDIA GeForce RTX 5060 Ti,42,HotpotQA,5,16,88,multi-hop,56.4556,46.6377,64.5199,0,0,0,90,346,346,62765662208,62765662208,7.697,0.018
google/gemma-3-1b-it,NVIDIA GeForce RTX 5060 Ti,42,HotpotQA,5,16,89,multi-hop,31.9786,0.0,0.0,0,1,1,70,326,326,55719231488,55719231488,7.697,0.018
google/gemma-3-1b-it,NVIDIA GeForce RTX 5060 Ti,42,HotpotQA,5,16,90,semantic,43.0831,0.0,0.0,0,1,1,63,319,319,53352071168,53352071168,7.697,0.018
google/gemma-3-1b-it,NVIDIA GeForce RTX 5060 Ti,42,HotpotQA,5,16,91,multi-hop,46.4294,43.6108,53.1374,0,0,0,7,263,263,36264476672,36264476672,7.697,0.018
google/gemma-3-1b-it,NVIDIA GeForce RTX 5060 Ti,42,HotpotQA,5,16,92,semantic,65.5623,0.0,51.5762,0,1,0,99,355,355,66073395200,66073395200,7.697,0.018
google/gemma-3-1b-it,NVIDIA GeForce RTX 5060 Ti,42,HotpotQA,5,16,93,semantic,0.0,0.0,43.9979,1,1,0,80,336,336,59190018048,59190018048,7.697,0.018
google/gemma-3-1b-it,NVIDIA GeForce RTX 5060 Ti,42,HotpotQA,5,16,94,semantic,38.6826,0.0,53.8458,0,1,0,12,230,268,27734835200,37656461312,7.697,0.018
google/gemma-3-1b-it,NVIDIA GeForce RTX 5060 Ti,42,HotpotQA,5,16,95,semantic,54.0611,0.0,58.7783,0,1,0,85,341,341,60964732928,60964732928,7.697,0.018
google/gemma-3-1b-it,NVIDIA GeForce RTX 5060 Ti,42,HotpotQA,5,16,96,multi-hop,65.5079,43.3741,0.0,0,0,1,3,259,259,35169763328,35169763328,7.697,0.018
google/gemma-3-1b-it,NVIDIA GeForce RTX 5060 Ti,42,HotpotQA,5,16,97,structural,76.7774,68.6819,33.7181,0,0,0,106,362,362,68704796672,68704796672,7.697,0.018
google/gemma-3-1b-it,NVIDIA GeForce RTX 5060 Ti,42,HotpotQA,5,16,98,multi-hop,36.9454,0.0,0.0,0,1,1,4,25,114,327680000,6813646848,7.697,0.018
google/gemma-3-1b-it,NVIDIA GeForce RTX 5060 Ti,42,HotpotQA,5,16,99,semantic,40.8793,0.0,34.2003,0,1,0,35,291,291,44397232128,44397232128,7.697,0.018
google/gemma-3-1b-it,NVIDIA GeForce RTX 5060 Ti,42,HotpotQA,5,16,100,semantic,48.0802,0.0,0.0,0,1,1,47,303,303,48134356992,48134356992,7.697,0.018
google/gemma-3-1b-it,NVIDIA GeForce RTX 5060 Ti,42,HotpotQA,5,16,101,multi-hop,48.8423,35.9008,33.0753,0,0,0,104,360,360,67947724800,67947724800,7.697,0.018
google/gemma-3-1b-it,NVIDIA GeForce RTX 5060 Ti,42,HotpotQA,5,16,102,multi-hop,50.1207,0.0,66.6885,0,1,0,106,362,362,68704796672,68704796672,7.697,0.018
google/gemma-3-1b-it,NVIDIA GeForce RTX 5060 Ti,42,HotpotQA,5,16,103,semantic,38.6561,0.0,36.2169,0,1,0,69,325,299,55377920000,46871871488,7.697,0.018
google/gemma-3-1b-it,NVIDIA GeForce RTX 5060 Ti,42,HotpotQA,5,16,104,multi-hop,49.1889,0.0,54.6828,0,1,0,109,365,365,69848268800,69848268800,7.697,0.018
google/gemma-3-1b-it,NVIDIA GeForce RTX 5060 Ti,42,HotpotQA,5,16,105,semantic,34.8656,0.0,28.6137,0,1,0,110,366,366,70231523328,70231523328,7.697,0.018
google/gemma-3-1b-it,NVIDIA GeForce RTX 5060 Ti,42,HotpotQA,5,16,106,semantic,27.273,0.0,0.0,0,1,1,2,15,15,117964800,117964800,7.697,0.018
google/gemma-3-1b-it,NVIDIA GeForce RTX 5060 Ti,42,HotpotQA,5,16,107,structural,29.1206,97.0775,0.0,0,0,1,105,361,361,68325736448,68325736448,7.697,0.018
google/gemma-3-1b-it,NVIDIA GeForce RTX 5060 Ti,42,HotpotQA,5,16,108,structural,46.2248,0.0,0.0,0,1,1,81,337,337,59542863872,59542863872,7.697,0.018
google/gemma-3-1b-it,NVIDIA GeForce RTX 5060 Ti,42,HotpotQA,5,16,109,multi-hop,43.328,41.834,61.7343,0,0,0,139,395,395,81802035200,81802035200,7.697,0.018
google/gemma-3-1b-it,NVIDIA GeForce RTX 5060 Ti,42,HotpotQA,5,16,110,multi-hop,77.9953,69.9564,56.47,0,0,0,34,290,290,44092620800,44092620800,7.697,0.018
google/gemma-3-1b-it,NVIDIA GeForce RTX 5060 Ti,42,HotpotQA,5,16,111,multi-hop,31.3113,59.298,44.9508,0,0,0,16,203,242,21605384192,30704402432,7.697,0.018
google/gemma-3-1b-it,NVIDIA GeForce RTX 5060 Ti,42,HotpotQA,5,16,112,semantic,47.3076,0.0,0.0,0,1,1,122,378,378,74912366592,74912366592,7.697,0.018
google/gemma-3-1b-it,NVIDIA GeForce RTX 5060 Ti,42,HotpotQA,5,16,113,multi-hop,0.0,0.0,59.6859,1,1,0,91,347,347,63128993792,63128993792,7.697,0.018
google/gemma-3-1b-it,NVIDIA GeForce RTX 5060 Ti,42,HotpotQA,5,16,114,multi-hop,79.0424,0.0,97.6886,0,1,0,68,324,324,55037657088,55037657088,7.697,0.018
google/gemma-3-1b-it,NVIDIA GeForce RTX 5060 Ti,42,HotpotQA,5,16,115,multi-hop,0.0,0.0,0.0,1,1,1,35,291,291,44397232128,44397232128,7.697,0.018
google/gemma-3-1b-it,NVIDIA GeForce RTX 5060 Ti,42,HotpotQA,5,16,116,semantic,59.264,0.0,0.0,0,1,1,40,296,296,45936017408,45936017408,7.697,0.018
google/gemma-3-1b-it,NVIDIA GeForce RTX 5060 Ti,42,HotpotQA,5,16,117,multi-hop,47.0879,0.0,0.0,0,1,1,88,344,344,62042144768,62042144768,7.697,0.018
google/gemma-3-1b-it,NVIDIA GeForce RTX 5060 Ti,42,HotpotQA,5,16,118,multi-hop,65.6803,0.0,0.0,0,1,1,99,355,355,66073395200,66073395200,7.697,0.018
google/gemma-3-1b-it,NVIDIA GeForce RTX 5060 Ti,42,HotpotQA,5,16,119,multi-hop,59.2232,0.0,0.0,0,1,1,106,362,362,68704796672,68704796672,7.697,0.018
google/gemma-3-1b-it,NVIDIA GeForce RTX 5060 Ti,42,HotpotQA,5,16,120,structural,38.7528,67.3476,37.3485,0,0,0,84,340,340,60607692800,60607692800,7.697,0.018
google/gemma-3-1b-it,NVIDIA GeForce RTX 5060 Ti,42,HotpotQA,5,16,121,multi-hop,71.3766,0.0,0.0,0,1,1,114,370,370,71775027200,71775027200,7.697,0.018
google/gemma-3-1b-it,NVIDIA GeForce RTX 5060 Ti,42,HotpotQA,5,16,122,semantic,0.0,0.0,0.0,1,1,1,121,377,377,74516529152,74516529152,7.697,0.018
google/gemma-3-1b-it,NVIDIA GeForce RTX 5060 Ti,42,HotpotQA,5,16,123,semantic,34.5814,0.0,86.4968,0,1,0,2,162,144,13759414272,10871635968,7.697,0.018
google/gemma-3-1b-it,NVIDIA GeForce RTX 5060 Ti,42,HotpotQA,5,16,124,multi-hop,84.3036,61.0571,38.6254,0,0,0,2,12,14,75497472,102760448,7.697,0.018
google/gemma-3-1b-it,NVIDIA GeForce RTX 5060 Ti,42,HotpotQA,5,16,125,semantic,54.6826,0.0,0.0,0,1,1,117,373,373,72943665152,72943665152,7.697,0.018
google/gemma-3-1b-it,NVIDIA GeForce RTX 5060 Ti,42,HotpotQA,5,16,126,semantic,89.3648,0.0,0.0,0,1,1,60,316,316,52353302528,52353302528,7.697,0.018
google/gemma-3-1b-it,NVIDIA GeForce RTX 5060 Ti,42,HotpotQA,5,16,127,multi-hop,60.0277,33.0406,40.8726,0,0,0,35,291,209,44397232128,22901424128,7.697,0.018
google/gemma-3-1b-it,NVIDIA GeForce RTX 5060 Ti,42,HotpotQA,5,16,128,multi-hop,52.4791,0.0,0.0,0,1,1,117,373,373,72943665152,72943665152,7.697,0.018
google/gemma-3-1b-it,NVIDIA GeForce RTX 5060 Ti,42,HotpotQA,5,16,129,structural,62.9523,75.676,40.8896,0,0,0,47,303,303,48134356992,48134356992,7.697,0.018
google/gemma-3-1b-it,NVIDIA GeForce RTX 5060 Ti,42,HotpotQA,5,16,130,semantic,31.129,0.0,54.9934,0,1,0,94,350,350,64225280000,64225280000,7.697,0.018
google/gemma-3-1b-it,NVIDIA GeForce RTX 5060 Ti,42,HotpotQA,5,16,131,semantic,44.8976,0.0,0.0,0,1,1,126,382,382,76506202112,76506202112,7.697,0.018
google/gemma-3-1b-it,NVIDIA GeForce RTX 5060 Ti,42,HotpotQA,5,16,132,semantic,41.5221,0.0,0.0,0,1,1,99,355,355,66073395200,66073395200,7.697,0.018
google/gemma-3-1b-it,NVIDIA GeForce RTX 5060 Ti,42,HotpotQA,5,16,133,multi-hop,72.21,0.0,0.0,0,1,1,99,355,355,66073395200,66073395200,7.697,0.018
google/gemma-3-1b-it,NVIDIA GeForce RTX 5060 Ti,42,HotpotQA,5,16,134,structural,95.1678,66.4026,54.0653,0,0,0,18,274,274,39361445888,39361445888,7.697,0.018
google/gemma-3-1b-it,NVIDIA GeForce RTX 5060 Ti,42,HotpotQA,5,16,135,multi-hop,28.4974,0.0,0.0,0,1,1,58,314,314,51692699648,51692699648,7.697,0.018
google/gemma-3-1b-it,NVIDIA GeForce RTX 5060 Ti,42,HotpotQA,5,16,136,semantic,42.8493,0.0,64.8615,0,1,0,19,275,275,39649280000,39649280000,7.697,0.018
google/gemma-3-1b-it,NVIDIA GeForce RTX 5060 Ti,42,HotpotQA,5,16,137,semantic,61.8627,0.0,35.5355,0,1,0,57,313,313,51363971072,51363971072,7.697,0.018
google/gemma-3-1b-it,NVIDIA GeForce RTX 5060 Ti,42,HotpotQA,5,16,138,semantic,91.3901,0.0,0.0,0,1,1,76,332,332,57789120512,57789120512,7.697,0.018
google/gemma-3-1b-it,NVIDIA GeForce RTX 5060 Ti,42,HotpotQA,5,16,139,multi-hop,60.089,62.844,57.604,0,0,0,119,375,375,73728000000,73728000000,7.697,0.018
google/gemma-3-1b-it,NVIDIA GeForce RTX 5060 Ti,42,HotpotQA,5,16,140,structural,53.039,45.4124,38.4226,0,0,0,2,18,14,169869312,102760448,7.697,0.018
google/gemma-3-1b-it,NVIDIA GeForce RTX 5060 Ti,42,HotpotQA,5,16,141,semantic,72.2078,0.0,0.0,0,1,1,66,322,322,54360276992,54360276992,7.697,0.018
google/gemma-3-1b-it,NVIDIA GeForce RTX 5060 Ti,42,HotpotQA,5,16,142,multi-hop,0.0,39.0934,36.6643,1,0,0,20,267,276,37375967232,39938162688,7.697,0.018
google/gemma-3-1b-it,NVIDIA GeForce RTX 5060 Ti,42,HotpotQA,5,16,143,semantic,52.8675,0.0,0.0,0,1,1,82,338,338,59896758272,59896758272,7.697,0.018
google/gemma-3-1b-it,NVIDIA GeForce RTX 5060 Ti,42,HotpotQA,5,16,144,multi-hop,49.8451,0.0,0.0,0,1,1,117,373,373,72943665152,72943665152,7.697,0.018
google/gemma-3-1b-it,NVIDIA GeForce RTX 5060 Ti,42,HotpotQA,5,16,145,multi-hop,77.54,0.0,0.0,0,1,1,72,328,328,56405000192,56405000192,7.697,0.018
google/gemma-3-1b-it,NVIDIA GeForce RTX 5060 Ti,42,HotpotQA,5,16,146,multi-hop,45.3464,0.0,0.0,0,1,1,105,361,361,68325736448,68325736448,7.697,0.018
google/gemma-3-1b-it,NVIDIA GeForce RTX 5060 Ti,42,HotpotQA,5,16,147,multi-hop,72.127,0.0,0.0,0,1,1,2,15,15,117964800,117964800,7.697,0.018
google/gemma-3-1b-it,NVIDIA GeForce RTX 5060 Ti,42,HotpotQA,5,16,148,multi-hop,52.8522,87.0859,0.0,0,0,1,99,355,355,66073395200,66073395200,7.697,0.018
google/gemma-3-1b-it,NVIDIA GeForce RTX 5060 Ti,42,HotpotQA,5,16,149,multi-hop,81.1169,52.8652,50.1468,0,0,0,134,390,390,79744204800,79744204800,7.697,0.018
google/gemma-3-1b-it,NVIDIA GeForce RTX 5060 Ti,42,HotpotQA,5,16,150,semantic,57.6592,0.0,54.5848,0,1,0,77,333,333,58137772032,58137772032,7.697,0.018
google/gemma-3-1b-it,NVIDIA GeForce RTX 5060 Ti,42,HotpotQA,5,16,151,structural,38.0501,0.0,0.0,0,1,1,35,291,291,44397232128,44397232128,7.697,0.018
google/gemma-3-1b-it,NVIDIA GeForce RTX 5060 Ti,42,HotpotQA,5,16,152,structural,54.6997,63.9229,0.0,0,0,1,129,385,385,77712588800,77712588800,7.697,0.018
google/gemma-3-1b-it,NVIDIA GeForce RTX 5060 Ti,42,HotpotQA,5,16,153,structural,46.6991,75.7064,0.0,0,0,1,85,341,341,60964732928,60964732928,7.697,0.018
google/gemma-3-1b-it,NVIDIA GeForce RTX 5060 Ti,42,HotpotQA,5,16,154,multi-hop,0.0,61.9612,50.6975,1,0,0,35,291,291,44397232128,44397232128,7.697,0.018
google/gemma-3-1b-it,NVIDIA GeForce RTX 5060 Ti,42,HotpotQA,5,16,155,multi-hop,40.798,0.0,0.0,0,1,1,67,323,323,54698442752,54698442752,7.697,0.018
google/gemma-3-1b-it,NVIDIA GeForce RTX 5060 Ti,42,HotpotQA,5,16,156,structural,31.5064,42.7815,38.0006,0,0,0,14,270,270,38220595200,38220595200,7.697,0.018
google/gemma-3-1b-it,NVIDIA GeForce RTX 5060 Ti,42,HotpotQA,5,16,157,multi-hop,51.3837,0.0,0.0,0,1,1,75,331,331,57441517568,57441517568,7.697,0.018
google/gemma-3-1b-it,NVIDIA GeForce RTX 5060 Ti,42,HotpotQA,5,16,158,multi-hop,80.4872,0.0,0.0,0,1,1,159,415,415,90295500800,90295500800,7.697,0.018
google/gemma-3-1b-it,NVIDIA GeForce RTX 5060 Ti,42,HotpotQA,5,16,159,structural,55.9689,34.4832,37.5881,0,0,0,69,325,299,55377920000,46871871488,7.697,0.018
google/gemma-3-1b-it,NVIDIA GeForce RTX 5060 Ti,42,HotpotQA,5,16,160,semantic,52.8042,0.0,0.0,0,1,1,17,273,273,39074660352,39074660352,7.697,0.018
google/gemma-3-1b-it,NVIDIA GeForce RTX 5060 Ti,42,HotpotQA,5,16,161,multi-hop,31.0938,0.0,39.1123,0,1,0,64,320,320,53687091200,53687091200,7.697,0.018
google/gemma-3-1b-it,NVIDIA GeForce RTX 5060 Ti,42,HotpotQA,5,16,162,multi-hop,36.1763,40.4459,59.5193,0,0,0,81,337,337,59542863872,59542863872,7.697,0.018
google/gemma-3-1b-it,NVIDIA GeForce RTX 5060 Ti,42,HotpotQA,5,16,163,multi-hop,29.7547,87.9995,0.0,0,0,1,106,362,362,68704796672,68704796672,7.697,0.018
google/gemma-3-1b-it,NVIDIA GeForce RTX 5060 Ti,42,HotpotQA,5,16,164,semantic,40.909,0.0,73.3478,0,1,0,20,267,276,37375967232,39938162688,7.697,0.018
google/gemma-3-1b-it,NVIDIA GeForce RTX 5060 Ti,42,HotpotQA,5,16,165,multi-hop,39.3076,0.0,54.5469,0,1,0,80,336,336,59190018048,59190018048,7.697,0.018
google/gemma-3-1b-it,NVIDIA GeForce RTX 5060 Ti,42,HotpotQA,5,16,166,multi-hop,37.4477,0.0,51.8951,0,1,0,96,352,352,64961380352,64961380352,7.697,0.018
google/gemma-3-1b-it,NVIDIA GeForce RTX 5060 Ti,42,HotpotQA,5,16,167,multi-hop,59.8097,37.1371,54.0624,0,0,0,35,291,209,44397232128,22901424128,7.697,0.018
google/gemma-3-1b-it,NVIDIA GeForce RTX 5060 Ti,42,HotpotQA,5,16,168,semantic,35.9111,0.0,46.3502,0,1,0,20,276,276,39938162688,39938162688,7.697,0.018
google/gemma-3-1b-it,NVIDIA GeForce RTX 5060 Ti,42,HotpotQA,5,16,169,multi-hop,78.7042,0.0,0.0,0,1,1,118,374,374,73335308288,73335308288,7.697,0.018
google/gemma-3-1b-it,NVIDIA GeForce RTX 5060 Ti,42,HotpotQA,5,16,170,multi-hop,79.5308,66.9114,78.4669,0,0,0,5,103,233,5562171392,28463071232,7.697,0.018
google/gemma-3-1b-it,NVIDIA GeForce RTX 5060 Ti,42,HotpotQA,5,16,171,multi-hop,70.5669,0.0,66.4674,0,1,0,91,347,347,63128993792,63128993792,7.697,0.018
google/gemma-3-1b-it,NVIDIA GeForce RTX 5060 Ti,42,HotpotQA,5,16,172,structural,51.8588,70.919,41.1232,0,0,0,6,262,262,35989225472,35989225472,7.697,0.018
google/gemma-3-1b-it,NVIDIA GeForce RTX 5060 Ti,42,HotpotQA,5,16,173,multi-hop,65.2693,73.4151,79.4112,0,0,0,53,309,309,50059542528,50059542528,7.697,0.018
google/gemma-3-1b-it,NVIDIA GeForce RTX 5060 Ti,42,HotpotQA,5,16,174,semantic,43.8141,0.0,0.0,0,1,1,106,362,362,68704796672,68704796672,7.697,0.018
google/gemma-3-1b-it,NVIDIA GeForce RTX 5060 Ti,42,HotpotQA,5,16,175,multi-hop,44.2519,54.8001,39.947,0,0,0,20,276,276,39938162688,39938162688,7.697,0.018
google/gemma-3-1b-it,NVIDIA GeForce RTX 5060 Ti,42,HotpotQA,5,16,176,multi-hop,40.5307,0.0,38.5478,0,1,0,108,364,364,69466062848,69466062848,7.697,0.018
google/gemma-3-1b-it,NVIDIA GeForce RTX 5060 Ti,42,HotpotQA,5,16,177,multi-hop,71.2564,0.0,37.701,0,1,0,114,370,370,71775027200,71775027200,7.697,0.018
google/gemma-3-1b-it,NVIDIA GeForce RTX 5060 Ti,42,HotpotQA,5,16,178,structural,43.5449,33.8132,46.3324,0,0,0,98,354,354,65701675008,65701675008,7.697,0.018
google/gemma-3-1b-it,NVIDIA GeForce RTX 5060 Ti,42,HotpotQA,5,16,179,structural,48.9862,43.5051,46.1472,0,0,0,49,305,305,48771891200,48771891200,7.697,0.018
google/gemma-3-1b-it,NVIDIA GeForce RTX 5060 Ti,42,HotpotQA,5,16,180,semantic,64.4027,0.0,0.0,0,1,1,93,349,349,63858802688,63858802688,7.697,0.018
google/gemma-3-1b-it,NVIDIA GeForce RTX 5060 Ti,42,HotpotQA,5,16,181,structural,34.3674,60.9839,30.7843,0,0,0,108,364,364,69466062848,69466062848,7.697,0.018
google/gemma-3-1b-it,NVIDIA GeForce RTX 5060 Ti,42,HotpotQA,5,16,182,multi-hop,27.1753,0.0,0.0,0,1,1,2,15,15,117964800,117964800,7.697,0.018
google/gemma-3-1b-it,NVIDIA GeForce RTX 5060 Ti,42,HotpotQA,5,16,183,multi-hop,43.8484,0.0,79.4436,0,1,0,114,370,370,71775027200,71775027200,7.697,0.018
google/gemma-3-1b-it,NVIDIA GeForce RTX 5060 Ti,42,HotpotQA,5,16,184,structural,50.1604,40.2887,36.0919,0,0,0,13,113,269,6694633472,37938003968,7.697,0.018
google/gemma-3-1b-it,NVIDIA GeForce RTX 5060 Ti,42,HotpotQA,5,16,185,multi-hop,50.4366,0.0,39.7227,0,1,0,94,350,350,64225280000,64225280000,7.697,0.018
google/gemma-3-1b-it,NVIDIA GeForce RTX 5060 Ti,42,HotpotQA,5,16,186,semantic,82.8744,0.0,0.0,0,1,1,105,361,361,68325736448,68325736448,7.697,0.018
google/gemma-3-1b-it,NVIDIA GeForce RTX 5060 Ti,42,HotpotQA,5,16,187,multi-hop,34.332,34.9985,43.4025,0,0,0,68,324,324,55037657088,55037657088,7.697,0.018
google/gemma-3-1b-it,NVIDIA GeForce RTX 5060 Ti,42,HotpotQA,5,16,188,multi-hop,43.8807,0.0,39.1175,0,1,0,57,313,313,51363971072,51363971072,7.697,0.018
google/gemma-3-1b-it,NVIDIA GeForce RTX 5060 Ti,42,HotpotQA,5,16,189,structural,62.4812,41.319,41.8708,0,0,0,24,280,280,41104179200,41104179200,7.697,0.018
google/gemma-3-1b-it,NVIDIA GeForce RTX 5060 Ti,42,HotpotQA,5,16,190,structural,41.3376,28.781,38.4742,0,0,0,20,276,276,39938162688,39938162688,7.697,0.018
google/gemma-3-1b-it,NVIDIA GeForce RTX 5060 Ti,42,HotpotQA,5,16,191,structural,40.7623,59.271,32.0769,0,0,0,69,325,325,55377920000,55377920000,7.697,0.018
google/gemma-3-1b-it,NVIDIA GeForce RTX 5060 Ti,42,HotpotQA,5,16,192,multi-hop,39.8926,0.0,0.0,0,1,1,5,261,261,35715022848,35715022848,7.697,0.018
google/gemma-3-1b-it,NVIDIA GeForce RTX 5060 Ti,42,HotpotQA,5,16,193,semantic,44.8337,0.0,0.0,0,1,1,26,282,282,41693478912,41693478912,7.697,0.018
google/gemma-3-1b-it,NVIDIA GeForce RTX 5060 Ti,42,HotpotQA,5,16,194,multi-hop,41.6304,29.1116,0.0,0,0,1,4,210,260,23121100800,35441868800,7.697,0.018
google/gemma-3-1b-it,NVIDIA GeForce RTX 5060 Ti,42,HotpotQA,5,16,195,multi-hop,36.1665,42.7572,0.0,0,0,1,114,370,370,71775027200,71775027200,7.697,0.018
google/gemma-3-1b-it,NVIDIA GeForce RTX 5060 Ti,42,HotpotQA,5,16,196,multi-hop,38.9085,0.0,0.0,0,1,1,14,83,203,3611820032,21605384192,7.697,0.018
google/gemma-3-1b-it,NVIDIA GeForce RTX 5060 Ti,42,HotpotQA,5,16,197,semantic,42.3678,0.0,74.2315,0,1,0,96,352,352,64961380352,64961380352,7.697,0.018
google/gemma-3-1b-it,NVIDIA GeForce RTX 5060 Ti,42,HotpotQA,5,16,198,semantic,0.0,0.0,0.0,1,1,1,14,124,83,8061452288,3611820032,7.697,0.018
google/gemma-3-1b-it,NVIDIA GeForce RTX 5060 Ti,42,HotpotQA,5,16,199,semantic,34.4299,0.0,0.0,0,1,1,106,362,362,68704796672,68704796672,7.697,0.018
google/gemma-3-1b-it,NVIDIA GeForce RTX 5060 Ti,42,HotpotQA,5,16,200,multi-hop,36.6008,35.8578,53.264,0,0,0,2,162,144,13759414272,10871635968,7.697,0.018
google/gemma-3-1b-it,NVIDIA GeForce RTX 5060 Ti,42,HotpotQA,5,16,201,multi-hop,92.0205,0.0,0.0,0,1,1,47,303,303,48134356992,48134356992,7.697,0.018
google/gemma-3-1b-it,NVIDIA GeForce RTX 5060 Ti,42,HotpotQA,5,16,202,semantic,57.3065,0.0,78.9127,0,1,0,25,281,281,41398304768,41398304768,7.697,0.018
google/gemma-3-1b-it,NVIDIA GeForce RTX 5060 Ti,42,HotpotQA,5,16,203,semantic,48.4672,0.0,0.0,0,1,1,102,358,358,67194847232,67194847232,7.697,0.018
google/gemma-3-1b-it,NVIDIA GeForce RTX 5060 Ti,42,HotpotQA,5,16,204,multi-hop,37.1916,98.2698,72.5792,0,0,0,131,387,387,78522089472,78522089472,7.697,0.018
google/gemma-3-1b-it,NVIDIA GeForce RTX 5060 Ti,42,HotpotQA,5,16,205,multi-hop,36.3027,84.1616,0.0,0,0,1,128,384,384,77309411328,77309411328,7.697,0.018
google/gemma-3-1b-it,NVIDIA GeForce RTX 5060 Ti,42,HotpotQA,5,16,206,multi-hop,90.5793,0.0,0.0,0,1,1,105,361,361,68325736448,68325736448,7.697,0.018
google/gemma-3-1b-it,NVIDIA GeForce RTX 5060 Ti,42,HotpotQA,5,16,207,multi-hop,79.0148,0.0,0.0,0,1,1,148,404,404,85572190208,85572190208,7.697,0.018
google/gemma-3-1b-it,NVIDIA GeForce RTX 5060 Ti,42,HotpotQA,5,16,208,semantic,55.1765,0.0,45.2154,0,1,0,10,219,266,25145376768,37096521728,7.697,0.018
google/gemma-3-1b-it,NVIDIA GeForce RTX 5060 Ti,42,HotpotQA,5,16,209,semantic,51.8539,0.0,0.0,0,1,1,70,326,326,55719231488,55719231488,7.697,0.018
google/gemma-3-1b-it,NVIDIA GeForce RTX 5060 Ti,42,HotpotQA,5,16,210,multi-hop,85.543,0.0,69.201,0,1,0,125,381,381,76106170368,76106170368,7.697,0.018
google/gemma-3-1b-it,NVIDIA GeForce RTX 5060 Ti,42,HotpotQA,5,16,211,multi-hop,44.1284,60.7803,0.0,0,0,1,85,341,341,60964732928,60964732928,7.697,0.018
google/gemma-3-1b-it,NVIDIA GeForce RTX 5060 Ti,42,HotpotQA,5,16,212,semantic,88.6635,0.0,0.0,0,1,1,94,350,350,64225280000,64225280000,7.697,0.018
google/gemma-3-1b-it,NVIDIA GeForce RTX 5060 Ti,42,HotpotQA,5,16,213,structural,75.1774,60.7315,64.3075,0,0,0,64,320,320,53687091200,53687091200,7.697,0.018
google/gemma-3-1b-it,NVIDIA GeForce RTX 5060 Ti,42,HotpotQA,5,16,214,multi-hop,54.0328,0.0,88.7581,0,1,0,117,373,373,72943665152,72943665152,7.697,0.018
google/gemma-3-1b-it,NVIDIA GeForce RTX 5060 Ti,42,HotpotQA,5,16,215,multi-hop,71.6289,73.4761,61.1323,0,0,0,139,395,395,81802035200,81802035200,7.697,0.018
google/gemma-3-1b-it,NVIDIA GeForce RTX 5060 Ti,42,HotpotQA,5,16,216,multi-hop,39.4609,0.0,0.0,0,1,1,118,374,374,73335308288,73335308288,7.697,0.018
google/gemma-3-1b-it,NVIDIA GeForce RTX 5060 Ti,42,HotpotQA,5,16,217,semantic,52.3814,0.0,0.0,0,1,1,63,319,319,53352071168,53352071168,7.697,0.018
google/gemma-3-1b-it,NVIDIA GeForce RTX 5060 Ti,42,HotpotQA,5,16,218,semantic,70.2802,0.0,0.0,0,1,1,101,357,357,66819981312,66819981312,7.697,0.018
google/gemma-3-1b-it,NVIDIA GeForce RTX 5060 Ti,42,HotpotQA,5,16,219,structural,70.5873,30.6682,52.5141,0,0,0,109,365,365,69848268800,69848268800,7.697,0.018
google/gemma-3-1b-it,NVIDIA GeForce RTX 5060 Ti,42,HotpotQA,5,16,220,multi-hop,32.0683,0.0,61.6971,0,1,0,142,398,398,83049316352,83049316352,7.697,0.018
google/gemma-3-1b-it,NVIDIA GeForce RTX 5060 Ti,42,HotpotQA,5,16,221,semantic,60.7542,0.0,0.0,0,1,1,134,390,390,79744204800,79744204800,7.697,0.018
google/gemma-3-1b-it,NVIDIA GeForce RTX 5060 Ti,42,HotpotQA,5,16,222,structural,73.4574,96.8997,55.3963,0,0,0,93,349,349,63858802688,63858802688,7.697,0.018
google/gemma-3-1b-it,NVIDIA GeForce RTX 5060 Ti,42,HotpotQA,5,16,223,multi-hop,39.3009,0.0,57.7286,0,1,0,68,324,324,55037657088,55037657088,7.697,0.018
google/gemma-3-1b-it,NVIDIA GeForce RTX 5060 Ti,42,HotpotQA,5,16,224,multi-hop,32.7835,67.2573,77.4633,0,0,0,3,212,259,23563599872,35169763328,7.697,0.018
google/gemma-3-1b-it,NVIDIA GeForce RTX 5060 Ti,42,HotpotQA,5,16,225,structural,99.0177,0.0,76.1433,0,1,0,112,368,368,71001178112,71001178112,7.697,0.018
google/gemma-3-1b-it,NVIDIA GeForce RTX 5060 Ti,42,HotpotQA,5,16,226,semantic,67.8076,0.0,99.8415,0,1,0,17,273,273,39074660352,39074660352,7.697,0.018
google/gemma-3-1b-it,NVIDIA GeForce RTX 5060 Ti,42,HotpotQA,5,16,227,semantic,80.4691,0.0,0.0,0,1,1,123,379,379,75309252608,75309252608,7.697,0.018
google/gemma-3-1b-it,NVIDIA GeForce RTX 5060 Ti,42,HotpotQA,5,16,228,structural,98.891,0.0,0.0,0,1,1,167,423,423,93810327552,93810327552,7.697,0.018
google/gemma-3-1b-it,NVIDIA GeForce RTX 5060 Ti,42,HotpotQA,5,16,229,multi-hop,80.1292,0.0,88.3157,0,1,0,125,381,381,76106170368,76106170368,7.697,0.018
google/gemma-3-1b-it,NVIDIA GeForce RTX 5060 Ti,42,HotpotQA,5,16,230,structural,73.8071,0.0,0.0,0,1,1,73,329,329,56749457408,56749457408,7.697,0.018
google/gemma-3-1b-it,NVIDIA GeForce RTX 5060 Ti,42,HotpotQA,5,16,231,semantic,74.7554,0.0,0.0,0,1,1,81,337,337,59542863872,59542863872,7.697,0.018
google/gemma-3-1b-it,NVIDIA GeForce RTX 5060 Ti,42,HotpotQA,5,16,232,structural,66.1319,0.0,0.0,0,1,1,226,482,482,121804685312,121804685312,7.697,0.018
google/gemma-3-1b-it,NVIDIA GeForce RTX 5060 Ti,42,HotpotQA,5,16,233,structural,81.2329,84.9599,98.2708,0,0,0,6,262,262,35989225472,35989225472,7.697,0.018
google/gemma-3-1b-it,NVIDIA GeForce RTX 5060 Ti,42,HotpotQA,5,16,234,semantic,70.2049,0.0,0.0,0,1,1,114,370,370,71775027200,71775027200,7.697,0.018
google/gemma-3-1b-it,NVIDIA GeForce RTX 5060 Ti,42,HotpotQA,5,16,235,multi-hop,0.0,0.0,0.0,1,1,1,123,379,379,75309252608,75309252608,7.697,0.018
google/gemma-3-1b-it,NVIDIA GeForce RTX 5060 Ti,42,HotpotQA,5,16,236,multi-hop,42.7112,0.0,35.0816,0,1,0,102,358,358,67194847232,67194847232,7.697,0.018
google/gemma-3-1b-it,NVIDIA GeForce RTX 5060 Ti,42,HotpotQA,5,16,237,structural,46.7771,59.8716,71.1185,0,0,0,116,372,372,72553070592,72553070592,7.697,0.018
google/gemma-3-1b-it,NVIDIA GeForce RTX 5060 Ti,42,HotpotQA,5,16,238,multi-hop,95.106,76.7857,55.3414,0,0,0,124,380,380,75707187200,75707187200,7.697,0.018
google/gemma-3-1b-it,NVIDIA GeForce RTX 5060 Ti,42,HotpotQA,5,16,239,structural,46.3456,62.5155,63.3401,0,0,0,31,287,287,43185078272,43185078272,7.697,0.018
google/gemma-3-1b-it,NVIDIA GeForce RTX 5060 Ti,42,HotpotQA,5,16,240,multi-hop,73.8373,0.0,0.0,0,1,1,186,442,442,102427000832,102427000832,7.697,0.018
google/gemma-3-1b-it,NVIDIA GeForce RTX 5060 Ti,42,HotpotQA,5,16,241,multi-hop,62.7832,0.0,0.0,0,1,1,78,334,334,58487472128,58487472128,7.697,0.018
google/gemma-3-1b-it,NVIDIA GeForce RTX 5060 Ti,42,HotpotQA,5,16,242,multi-hop,63.042,52.2124,33.9851,0,0,0,124,380,380,75707187200,75707187200,7.697,0.018
google/gemma-3-1b-it,NVIDIA GeForce RTX 5060 Ti,42,HotpotQA,5,16,243,multi-hop,40.142,50.4462,83.5193,0,0,0,131,387,387,78522089472,78522089472,7.697,0.018
google/gemma-3-1b-it,NVIDIA GeForce RTX 5060 Ti,42,HotpotQA,5,16,244,semantic,60.5352,0.0,64.9078,0,1,0,108,364,364,69466062848,69466062848,7.697,0.018
google/gemma-3-1b-it,NVIDIA GeForce RTX 5060 Ti,42,HotpotQA,5,16,245,multi-hop,56.2254,78.3916,0.0,0,0,1,94,350,350,64225280000,64225280000,7.697,0.018
google/gemma-3-1b-it,NVIDIA GeForce RTX 5060 Ti,42,HotpotQA,5,16,246,structural,97.627,0.0,0.0,0,1,1,8,264,264,36540776448,36540776448,7.697,0.018
google/gemma-3-1b-it,NVIDIA GeForce RTX 5060 Ti,42,HotpotQA,5,16,247,structural,73.8988,0.0,0.0,0,1,1,111,367,367,70615826432,70615826432,7.697,0.018
google/gemma-3-1b-it,NVIDIA GeForce RTX 5060 Ti,42,HotpotQA,5,16,248,semantic,75.1579,0.0,0.0,0,1,1,98,354,354,65701675008,65701675008,7.697,0.018
google/gemma-3-1b-it,NVIDIA GeForce RTX 5060 Ti,42,HotpotQA,5,16,249,multi-hop,61.7582,0.0,83.3404,0,1,0,24,280,280,41104179200,41104179200,7.697,0.018
google/gemma-3-1b-it,NVIDIA GeForce RTX 5060 Ti,42,HotpotQA,5,16,250,semantic,71.5709,0.0,60.8698,0,1,0,109,365,365,69848268800,69848268800,7.697,0.018
google/gemma-3-1b-it,NVIDIA GeForce RTX 5060 Ti,42,HotpotQA,5,16,251,multi-hop,43.205,0.0,0.0,0,1,1,96,352,352,64961380352,64961380352,7.697,0.018
google/gemma-3-1b-it,NVIDIA GeForce RTX 5060 Ti,42,HotpotQA,5,16,252,multi-hop,78.8284,0.0,88.9901,0,1,0,139,395,395,81802035200,81802035200,7.697,0.018
google/gemma-3-1b-it,NVIDIA GeForce RTX 5060 Ti,42,HotpotQA,5,16,253,multi-hop,0.0,70.7198,0.0,1,0,1,3,259,259,35169763328,35169763328,7.697,0.018
google/gemma-3-1b-it,NVIDIA GeForce RTX 5060 Ti,42,HotpotQA,5,16,254,multi-hop,30.4715,43.7427,50.6211,0,0,0,44,300,300,47185920000,47185920000,7.697,0.018
google/gemma-3-1b-it,NVIDIA GeForce RTX 5060 Ti,42,HotpotQA,5,16,255,multi-hop,69.5589,0.0,0.0,0,1,1,126,382,382,76506202112,76506202112,7.697,0.018
google/gemma-3-1b-it,NVIDIA GeForce RTX 5060 Ti,42,HotpotQA,5,16,256,multi-hop,34.3523,69.6966,64.9684,0,0,0,63,319,319,53352071168,53352071168,7.697,0.018
google/gemma-3-1b-it,NVIDIA GeForce RTX 5060 Ti,42,HotpotQA,5,16,257,semantic,81.4651,0.0,0.0,0,1,1,100,356,356,66446163968,66446163968,7.697,0.018
google/gemma-3-1b-it,NVIDIA GeForce RTX 5060 Ti,42,HotpotQA,5,16,258,multi-hop,64.8693,0.0,44.4282,0,1,0,112,368,368,71001178112,71001178112,7.697,0.018
google/gemma-3-1b-it,NVIDIA GeForce RTX 5060 Ti,42,HotpotQA,5,16,259,multi-hop,94.128,0.0,0.0,0,1,1,78,334,334,58487472128,58487472128,7.697,0.018
google/gemma-3-1b-it,NVIDIA GeForce RTX 5060 Ti,42,HotpotQA,5,16,260,structural,50.6755,0.0,0.0,0,1,1,25,281,281,41398304768,41398304768,7.697,0.018
google/gemma-3-1b-it,NVIDIA GeForce RTX 5060 Ti,42,HotpotQA,5,16,261,semantic,0.0,0.0,0.0,1,1,1,82,338,338,59896758272,59896758272,7.697,0.018
google/gemma-3-1b-it,NVIDIA GeForce RTX 5060 Ti,42,HotpotQA,5,16,262,multi-hop,34.4149,44.6598,56.5635,0,0,0,99,355,355,66073395200,66073395200,7.697,0.018
google/gemma-3-1b-it,NVIDIA GeForce RTX 5060 Ti,42,HotpotQA,5,16,263,semantic,71.6108,0.0,0.0,0,1,1,114,370,370,71775027200,71775027200,7.697,0.018
google/gemma-3-1b-it,NVIDIA GeForce RTX 5060 Ti,42,HotpotQA,5,16,264,semantic,51.9335,0.0,0.0,0,1,1,87,343,343,61681958912,61681958912,7.697,0.018
google/gemma-3-1b-it,NVIDIA GeForce RTX 5060 Ti,42,HotpotQA,5,16,265,semantic,85.3227,0.0,63.7941,0,1,0,119,375,375,73728000000,73728000000,7.697,0.018
google/gemma-3-1b-it,NVIDIA GeForce RTX 5060 Ti,42,HotpotQA,5,16,266,semantic,54.3357,0.0,62.8397,0,1,0,105,361,361,68325736448,68325736448,7.697,0.018
google/gemma-3-1b-it,NVIDIA GeForce RTX 5060 Ti,42,HotpotQA,5,16,267,structural,75.9079,51.8551,0.0,0,0,1,101,357,357,66819981312,66819981312,7.697,0.018
google/gemma-3-1b-it,NVIDIA GeForce RTX 5060 Ti,42,HotpotQA,5,16,268,structural,84.5265,63.5995,0.0,0,0,1,114,370,370,71775027200,71775027200,7.697,0.018
google/gemma-3-1b-it,NVIDIA GeForce RTX 5060 Ti,42,HotpotQA,5,16,269,semantic,60.2748,0.0,54.3764,0,1,0,115,371,371,72163524608,72163524608,7.697,0.018
google/gemma-3-1b-it,NVIDIA GeForce RTX 5060 Ti,42,HotpotQA,5,16,270,multi-hop,68.9926,0.0,36.4301,0,1,0,110,366,366,70231523328,70231523328,7.697,0.018
google/gemma-3-1b-it,NVIDIA GeForce RTX 5060 Ti,42,HotpotQA,5,16,271,multi-hop,78.3022,0.0,0.0,0,1,1,122,378,378,74912366592,74912366592,7.697,0.018
google/gemma-3-1b-it,NVIDIA GeForce RTX 5060 Ti,42,HotpotQA,5,16,272,semantic,56.2799,0.0,63.215,0,1,0,25,281,281,41398304768,41398304768,7.697,0.018
google/gemma-3-1b-it,NVIDIA GeForce RTX 5060 Ti,42,HotpotQA,5,16,273,multi-hop,51.4499,74.7513,86.833,0,0,0,136,392,392,80564191232,80564191232,7.697,0.018
google/gemma-3-1b-it,NVIDIA GeForce RTX 5060 Ti,42,HotpotQA,5,16,274,multi-hop,39.2007,69.3564,0.0,0,0,1,3,259,259,35169763328,35169763328,7.697,0.018
google/gemma-3-1b-it,NVIDIA GeForce RTX 5060 Ti,42,HotpotQA,5,16,275,multi-hop,44.2457,0.0,0.0,0,1,1,5,188,109,18530435072,6229065728,7.697,0.018
google/gemma-3-1b-it,NVIDIA GeForce RTX 5060 Ti,42,HotpotQA,5,16,276,multi-hop,86.4975,0.0,0.0,0,1,1,123,379,379,75309252608,75309252608,7.697,0.018
google/gemma-3-1b-it,NVIDIA GeForce RTX 5060 Ti,42,HotpotQA,5,16,277,structural,73.2471,78.9383,88.709,0,0,0,97,353,353,65331003392,65331003392,7.697,0.018
google/gemma-3-1b-it,NVIDIA GeForce RTX 5060 Ti,42,HotpotQA,5,16,278,multi-hop,82.0723,59.8067,0.0,0,0,1,124,380,380,75707187200,75707187200,7.697,0.018
google/gemma-3-1b-it,NVIDIA GeForce RTX 5060 Ti,42,HotpotQA,5,16,279,structural,60.2992,63.6233,83.6417,0,0,0,95,351,351,64592805888,64592805888,7.697,0.018
google/gemma-3-1b-it,NVIDIA GeForce RTX 5060 Ti,42,HotpotQA,5,16,280,multi-hop,88.8651,41.0711,70.0221,0,0,0,81,337,337,59542863872,59542863872,7.697,0.018
google/gemma-3-1b-it,NVIDIA GeForce RTX 5060 Ti,42,HotpotQA,5,16,281,semantic,63.4097,0.0,0.0,0,1,1,20,276,276,39938162688,39938162688,7.697,0.018
google/gemma-3-1b-it,NVIDIA GeForce RTX 5060 Ti,42,HotpotQA,5,16,282,semantic,52.841,0.0,0.0,0,1,1,51,307,307,49413619712,49413619712,7.697,0.018
google/gemma-3-1b-it,NVIDIA GeForce RTX 5060 Ti,42,HotpotQA,5,16,283,structural,64.948,65.8126,35.5692,0,0,0,128,384,384,77309411328,77309411328,7.697,0.018
google/gemma-3-1b-it,NVIDIA GeForce RTX 5060 Ti,42,HotpotQA,5,16,284,multi-hop,60.0681,65.108,59.4878,0,0,0,68,324,324,55037657088,55037657088,7.697,0.018
google/gemma-3-1b-it,NVIDIA GeForce RTX 5060 Ti,42,HotpotQA,5,16,285,structural,40.0027,0.0,0.0,0,1,1,52,308,308,49736056832,49736056832,7.697,0.018
google/gemma-3-1b-it,NVIDIA GeForce RTX 5060 Ti,42,HotpotQA,5,16,286,multi-hop,50.5704,0.0,0.0,0,1,1,108,364,364,69466062848,69466062848,7.697,0.018
google/gemma-3-1b-it,NVIDIA GeForce RTX 5060 Ti,42,HotpotQA,5,16,287,structural,50.95,56.8735,78.8537,0,0,0,101,357,357,66819981312,66819981312,7.697,0.018
google/gemma-3-1b-it,NVIDIA GeForce RTX 5060 Ti,42,HotpotQA,5,16,288,multi-hop,40.9402,0.0,0.0,0,1,1,97,353,353,65331003392,65331003392,7.697,0.018
google/gemma-3-1b-it,NVIDIA GeForce RTX 5060 Ti,42,HotpotQA,5,16,289,multi-hop,78.9107,0.0,55.4253,0,1,0,86,342,342,61322821632,61322821632,7.697,0.018
google/gemma-3-1b-it,NVIDIA GeForce RTX 5060 Ti,42,HotpotQA,5,16,290,semantic,84.0515,0.0,50.8625,0,1,0,75,331,331,57441517568,57441517568,7.697,0.018
google/gemma-3-1b-it,NVIDIA GeForce RTX 5060 Ti,42,HotpotQA,5,16,291,multi-hop,37.3261,0.0,0.0,0,1,1,84,340,340,60607692800,60607692800,7.697,0.018
google/gemma-3-1b-it,NVIDIA GeForce RTX 5060 Ti,42,HotpotQA,5,16,292,multi-hop,91.3358,0.0,57.0441,0,1,0,25,281,281,41398304768,41398304768,7.697,0.018
google/gemma-3-1b-it,NVIDIA GeForce RTX 5060 Ti,42,HotpotQA,5,16,293,multi-hop,42.6143,66.4829,67.5093,0,0,0,40,296,296,45936017408,45936017408,7.697,0.018
google/gemma-3-1b-it,NVIDIA GeForce RTX 5060 Ti,42,HotpotQA,5,16,294,multi-hop,88.5438,80.4735,85.1371,0,0,0,100,356,356,66446163968,66446163968,7.697,0.018
google/gemma-3-1b-it,NVIDIA GeForce RTX 5060 Ti,42,HotpotQA,5,16,295,semantic,48.1719,0.0,0.0,0,1,1,124,380,380,75707187200,75707187200,7.697,0.018
google/gemma-3-1b-it,NVIDIA GeForce RTX 5060 Ti,42,HotpotQA,5,16,296,multi-hop,74.0822,32.0429,68.7382,0,0,0,104,360,360,67947724800,67947724800,7.697,0.018
google/gemma-3-1b-it,NVIDIA GeForce RTX 5060 Ti,42,HotpotQA,5,16,297,multi-hop,61.2964,0.0,0.0,0,1,1,108,364,364,69466062848,69466062848,7.697,0.018
google/gemma-3-1b-it,NVIDIA GeForce RTX 5060 Ti,42,HotpotQA,5,16,298,structural,55.3981,44.3423,72.7189,0,0,0,70,326,326,55719231488,55719231488,7.697,0.018
google/gemma-3-1b-it,NVIDIA GeForce RTX 5060 Ti,42,HotpotQA,5,16,299,semantic,68.9596,0.0,77.2262,0,1,0,42,298,298,46558871552,46558871552,7.697,0.018
google/gemma-3-1b-it,NVIDIA GeForce RTX 5060 Ti,42,HotpotQA,5,16,300,multi-hop,51.3484,0.0,0.0,0,1,1,119,375,375,73728000000,73728000000,7.697,0.018
google/gemma-3-1b-it,NVIDIA GeForce RTX 5060 Ti,42,HotpotQA,5,16,301,multi-hop,95.3022,59.6887,68.0677,0,0,0,69,325,325,55377920000,55377920000,7.697,0.018
google/gemma-3-1b-it,NVIDIA GeForce RTX 5060 Ti,42,HotpotQA,5,16,302,structural,80.8825,0.0,0.0,0,1,1,117,373,373,72943665152,72943665152,7.697,0.018
google/gemma-3-1b-it,NVIDIA GeForce RTX 5060 Ti,42,HotpotQA,5,16,303,semantic,64.6988,0.0,65.7135,0,1,0,65,321,321,54023159808,54023159808,7.697,0.018
google/gemma-3-1b-it,NVIDIA GeForce RTX 5060 Ti,42,HotpotQA,5,16,304,multi-hop,80.779,0.0,0.0,0,1,1,115,371,371,72163524608,72163524608,7.697,0.018
google/gemma-3-1b-it,NVIDIA GeForce RTX 5060 Ti,42,HotpotQA,5,16,305,multi-hop,79.661,0.0,0.0,0,1,1,63,319,319,53352071168,53352071168,7.697,0.018
google/gemma-3-1b-it,NVIDIA GeForce RTX 5060 Ti,42,HotpotQA,5,16,306,semantic,76.7315,0.0,103.229,0,1,0,99,355,355,66073395200,66073395200,7.697,0.018
google/gemma-3-1b-it,NVIDIA GeForce RTX 5060 Ti,42,HotpotQA,5,16,307,semantic,86.3,0.0,0.0,0,1,1,148,404,404,85572190208,85572190208,7.697,0.018
google/gemma-3-1b-it,NVIDIA GeForce RTX 5060 Ti,42,HotpotQA,5,16,308,multi-hop,81.9132,44.4733,68.729,0,0,0,86,342,342,61322821632,61322821632,7.697,0.018
google/gemma-3-1b-it,NVIDIA GeForce RTX 5060 Ti,42,HotpotQA,5,16,309,multi-hop,101.7732,0.0,55.8111,0,1,0,122,378,378,74912366592,74912366592,7.697,0.018
google/gemma-3-1b-it,NVIDIA GeForce RTX 5060 Ti,42,HotpotQA,5,16,310,structural,72.1359,66.7496,62.8015,0,0,0,31,287,287,43185078272,43185078272,7.697,0.018
google/gemma-3-1b-it,NVIDIA GeForce RTX 5060 Ti,42,HotpotQA,5,16,311,multi-hop,61.623,0.0,0.0,0,1,1,116,372,372,72553070592,72553070592,7.697,0.018
google/gemma-3-1b-it,NVIDIA GeForce RTX 5060 Ti,42,HotpotQA,5,16,312,multi-hop,69.311,97.0908,59.8122,0,0,0,106,362,362,68704796672,68704796672,7.697,0.018
google/gemma-3-1b-it,NVIDIA GeForce RTX 5060 Ti,42,HotpotQA,5,16,313,structural,33.9038,38.9649,65.2662,0,0,0,111,367,367,70615826432,70615826432,7.697,0.018
google/gemma-3-1b-it,NVIDIA GeForce RTX 5060 Ti,42,HotpotQA,5,16,314,structural,49.0836,52.6196,0.0,0,0,1,117,373,373,72943665152,72943665152,7.697,0.018
google/gemma-3-1b-it,NVIDIA GeForce RTX 5060 Ti,42,HotpotQA,5,16,315,multi-hop,82.3724,0.0,0.0,0,1,1,110,366,366,70231523328,70231523328,7.697,0.018
google/gemma-3-1b-it,NVIDIA GeForce RTX 5060 Ti,42,HotpotQA,5,16,316,semantic,65.171,0.0,0.0,0,1,1,121,377,377,74516529152,74516529152,7.697,0.018
google/gemma-3-1b-it,NVIDIA GeForce RTX 5060 Ti,42,HotpotQA,5,16,317,multi-hop,43.1872,0.0,0.0,0,1,1,63,319,319,53352071168,53352071168,7.697,0.018
google/gemma-3-1b-it,NVIDIA GeForce RTX 5060 Ti,42,HotpotQA,5,16,318,multi-hop,37.5646,29.7796,37.7459,0,0,0,112,368,368,71001178112,71001178112,7.697,0.018
google/gemma-3-1b-it,NVIDIA GeForce RTX 5060 Ti,42,HotpotQA,5,16,319,semantic,42.5813,0.0,0.0,0,1,1,4,25,114,327680000,6813646848,7.697,0.018
google/gemma-3-1b-it,NVIDIA GeForce RTX 5060 Ti,42,HotpotQA,5,16,320,multi-hop,0.0,0.0,0.0,1,1,1,81,337,337,59542863872,59542863872,7.697,0.018
google/gemma-3-1b-it,NVIDIA GeForce RTX 5060 Ti,42,HotpotQA,5,16,321,multi-hop,33.1487,47.0564,52.5482,0,0,0,2,12,14,75497472,102760448,7.697,0.018
google/gemma-3-1b-it,NVIDIA GeForce RTX 5060 Ti,42,HotpotQA,5,16,322,multi-hop,38.351,38.7663,36.2932,0,0,0,116,372,372,72553070592,72553070592,7.697,0.018
google/gemma-3-1b-it,NVIDIA GeForce RTX 5060 Ti,42,HotpotQA,5,16,323,structural,0.0,88.2096,65.755,1,0,0,96,352,352,64961380352,64961380352,7.697,0.018
google/gemma-3-1b-it,NVIDIA GeForce RTX 5060 Ti,42,HotpotQA,5,16,324,semantic,42.0651,0.0,45.9164,0,1,0,113,369,369,71387578368,71387578368,7.697,0.018
google/gemma-3-1b-it,NVIDIA GeForce RTX 5060 Ti,42,HotpotQA,5,16,325,semantic,54.9317,0.0,38.7449,0,1,0,12,230,268,27734835200,37656461312,7.697,0.018
google/gemma-3-1b-it,NVIDIA GeForce RTX 5060 Ti,42,HotpotQA,5,16,326,multi-hop,40.263,39.8202,44.3756,0,0,0,26,282,282,41693478912,41693478912,7.697,0.018
google/gemma-3-1b-it,NVIDIA GeForce RTX 5060 Ti,42,HotpotQA,5,16,327,structural,44.8717,34.6489,52.6927,0,0,0,2,162,144,13759414272,10871635968,7.697,0.018
google/gemma-3-1b-it,NVIDIA GeForce RTX 5060 Ti,42,HotpotQA,5,16,328,multi-hop,55.5291,0.0,0.0,0,1,1,9,265,265,36818124800,36818124800,7.697,0.018
google/gemma-3-1b-it,NVIDIA GeForce RTX 5060 Ti,42,HotpotQA,5,16,329,multi-hop,36.6032,0.0,0.0,0,1,1,105,361,361,68325736448,68325736448,7.697,0.018
google/gemma-3-1b-it,NVIDIA GeForce RTX 5060 Ti,42,HotpotQA,5,16,330,structural,44.7128,39.3974,0.0,0,0,1,90,346,346,62765662208,62765662208,7.697,0.018
google/gemma-3-1b-it,NVIDIA GeForce RTX 5060 Ti,42,HotpotQA,5,16,331,multi-hop,43.8606,0.0,40.1503,0,1,0,25,281,281,41398304768,41398304768,7.697,0.018
google/gemma-3-1b-it,NVIDIA GeForce RTX 5060 Ti,42,HotpotQA,5,16,332,multi-hop,37.9123,44.1617,32.6866,0,0,0,96,352,352,64961380352,64961380352,7.697,0.018
google/gemma-3-1b-it,NVIDIA GeForce RTX 5060 Ti,42,HotpotQA,5,16,333,semantic,52.0473,0.0,40.2104,0,1,0,118,374,374,73335308288,73335308288,7.697,0.018
google/gemma-3-1b-it,NVIDIA GeForce RTX 5060 Ti,42,HotpotQA,5,16,334,semantic,43.4957,0.0,0.0,0,1,1,104,360,360,67947724800,67947724800,7.697,0.018
google/gemma-3-1b-it,NVIDIA GeForce RTX 5060 Ti,42,HotpotQA,5,16,335,multi-hop,58.5635,45.0234,0.0,0,0,1,126,382,382,76506202112,76506202112,7.697,0.018
google/gemma-3-1b-it,NVIDIA GeForce RTX 5060 Ti,42,HotpotQA,5,16,336,multi-hop,31.6004,0.0,0.0,0,1,1,95,351,351,64592805888,64592805888,7.697,0.018
google/gemma-3-1b-it,NVIDIA GeForce RTX 5060 Ti,42,HotpotQA,5,16,337,structural,40.5097,0.0,0.0,0,1,1,24,280,280,41104179200,41104179200,7.697,0.018
google/gemma-3-1b-it,NVIDIA GeForce RTX 5060 Ti,42,HotpotQA,5,16,338,multi-hop,39.4819,0.0,0.0,0,1,1,60,316,316,52353302528,52353302528,7.697,0.018
google/gemma-3-1b-it,NVIDIA GeForce RTX 5060 Ti,42,HotpotQA,5,16,339,multi-hop,33.2832,0.0,36.2468,0,1,0,50,306,306,49092231168,49092231168,7.697,0.018
google/gemma-3-1b-it,NVIDIA GeForce RTX 5060 Ti,42,HotpotQA,5,16,340,semantic,47.4854,0.0,0.0,0,1,1,94,350,350,64225280000,64225280000,7.697,0.018
google/gemma-3-1b-it,NVIDIA GeForce RTX 5060 Ti,42,HotpotQA,5,16,341,semantic,39.0898,0.0,48.8534,0,1,0,4,260,260,35441868800,35441868800,7.697,0.018
google/gemma-3-1b-it,NVIDIA GeForce RTX 5060 Ti,42,HotpotQA,5,16,342,multi-hop,0.0,0.0,0.0,1,1,1,24,280,280,41104179200,41104179200,7.697,0.018
google/gemma-3-1b-it,NVIDIA GeForce RTX 5060 Ti,42,HotpotQA,5,16,343,structural,51.4229,0.0,0.0,0,1,1,111,367,367,70615826432,70615826432,7.697,0.018
google/gemma-3-1b-it,NVIDIA GeForce RTX 5060 Ti,42,HotpotQA,5,16,344,multi-hop,31.2595,37.3955,31.2703,0,0,0,101,357,357,66819981312,66819981312,7.697,0.018
google/gemma-3-1b-it,NVIDIA GeForce RTX 5060 Ti,42,HotpotQA,5,16,345,semantic,32.0503,0.0,0.0,0,1,1,102,358,358,67194847232,67194847232,7.697,0.018
google/gemma-3-1b-it,NVIDIA GeForce RTX 5060 Ti,42,HotpotQA,5,16,346,semantic,38.9405,0.0,52.4702,0,1,0,18,274,274,39361445888,39361445888,7.697,0.018
google/gemma-3-1b-it,NVIDIA GeForce RTX 5060 Ti,42,HotpotQA,5,16,347,structural,33.912,0.0,0.0,0,1,1,119,375,375,73728000000,73728000000,7.697,0.018
google/gemma-3-1b-it,NVIDIA GeForce RTX 5060 Ti,42,HotpotQA,5,16,348,structural,48.4233,36.293,63.8646,0,0,0,106,362,362,68704796672,68704796672,7.697,0.018
google/gemma-3-1b-it,NVIDIA GeForce RTX 5060 Ti,42,HotpotQA,5,16,349,semantic,0.0,46.094,72.9493,1,0,0,18,274,274,39361445888,39361445888,7.697,0.018
google/gemma-3-1b-it,NVIDIA GeForce RTX 5060 Ti,42,HotpotQA,5,16,350,semantic,0.0,0.0,71.4542,1,1,0,48,304,304,48452599808,48452599808,7.697,0.018
google/gemma-3-1b-it,NVIDIA GeForce RTX 5060 Ti,42,HotpotQA,5,16,351,multi-hop,54.6092,34.8996,62.1835,0,0,0,77,333,333,58137772032,58137772032,7.697,0.018
google/gemma-3-1b-it,NVIDIA GeForce RTX 5060 Ti,42,HotpotQA,5,16,352,structural,33.7326,36.5363,67.9765,0,0,0,14,270,270,38220595200,38220595200,7.697,0.018
google/gemma-3-1b-it,NVIDIA GeForce RTX 5060 Ti,42,HotpotQA,5,16,353,semantic,0.0,0.0,0.0,1,1,1,11,267,267,37375967232,37375967232,7.697,0.018
google/gemma-3-1b-it,NVIDIA GeForce RTX 5060 Ti,42,HotpotQA,5,16,354,semantic,82.1107,0.0,37.471,0,1,0,112,368,368,71001178112,71001178112,7.697,0.018
google/gemma-3-1b-it,NVIDIA GeForce RTX 5060 Ti,42,HotpotQA,5,16,355,semantic,41.8106,0.0,0.0,0,1,1,109,365,365,69848268800,69848268800,7.697,0.018
google/gemma-3-1b-it,NVIDIA GeForce RTX 5060 Ti,42,HotpotQA,5,16,356,multi-hop,33.6206,55.2372,0.0,0,0,1,114,370,370,71775027200,71775027200,7.697,0.018
google/gemma-3-1b-it,NVIDIA GeForce RTX 5060 Ti,42,HotpotQA,5,16,357,structural,35.7199,33.1481,41.186,0,0,0,4,218,260,24916262912,35441868800,7.697,0.018
google/gemma-3-1b-it,NVIDIA GeForce RTX 5060 Ti,42,HotpotQA,5,16,358,multi-hop,46.5481,49.4123,51.0433,0,0,0,102,337,358,59542863872,67194847232,7.697,0.018
google/gemma-3-1b-it,NVIDIA GeForce RTX 5060 Ti,42,HotpotQA,5,16,359,structural,37.4578,59.0787,37.6576,0,0,0,41,297,297,46246920192,46246920192,7.697,0.018
google/gemma-3-1b-it,NVIDIA GeForce RTX 5060 Ti,42,HotpotQA,5,16,360,structural,31.5392,46.646,38.6595,0,0,0,4,15,14,117964800,102760448,7.697,0.018
google/gemma-3-1b-it,NVIDIA GeForce RTX 5060 Ti,42,HotpotQA,5,16,361,semantic,46.3538,0.0,54.5871,0,1,0,127,383,383,76907282432,76907282432,7.697,0.018
google/gemma-3-1b-it,NVIDIA GeForce RTX 5060 Ti,42,HotpotQA,5,16,362,multi-hop,32.9516,0.0,42.4811,0,1,0,24,280,280,41104179200,41104179200,7.697,0.018
google/gemma-3-1b-it,NVIDIA GeForce RTX 5060 Ti,42,HotpotQA,5,16,363,structural,47.4561,45.5457,83.85,0,0,0,99,355,355,66073395200,66073395200,7.697,0.018
google/gemma-3-1b-it,NVIDIA GeForce RTX 5060 Ti,42,HotpotQA,5,16,364,semantic,56.7888,0.0,0.0,0,1,1,47,303,303,48134356992,48134356992,7.697,0.018
google/gemma-3-1b-it,NVIDIA GeForce RTX 5060 Ti,42,HotpotQA,5,16,365,semantic,53.4767,44.108,0.0,0,0,1,129,385,385,77712588800,77712588800,7.697,0.018
google/gemma-3-1b-it,NVIDIA GeForce RTX 5060 Ti,42,HotpotQA,5,16,366,multi-hop,30.194,40.8352,0.0,0,0,1,95,347,351,63128993792,64592805888,7.697,0.018
google/gemma-3-1b-it,NVIDIA GeForce RTX 5060 Ti,42,HotpotQA,5,16,367,semantic,47.0081,0.0,48.3659,0,1,0,115,371,371,72163524608,72163524608,7.697,0.018
google/gemma-3-1b-it,NVIDIA GeForce RTX 5060 Ti,42,HotpotQA,5,16,368,semantic,57.8756,0.0,0.0,0,1,1,2,16,27,134217728,382205952,7.697,0.018
google/gemma-3-1b-it,NVIDIA GeForce RTX 5060 Ti,42,HotpotQA,5,16,369,semantic,56.1781,0.0,0.0,0,1,1,139,395,395,81802035200,81802035200,7.697,0.018
google/gemma-3-1b-it,NVIDIA GeForce RTX 5060 Ti,42,HotpotQA,5,16,370,multi-hop,52.4648,0.0,54.4375,0,1,0,122,378,378,74912366592,74912366592,7.697,0.018
google/gemma-3-1b-it,NVIDIA GeForce RTX 5060 Ti,42,HotpotQA,5,16,371,semantic,40.6267,0.0,39.9539,0,1,0,126,382,382,76506202112,76506202112,7.697,0.018
google/gemma-3-1b-it,NVIDIA GeForce RTX 5060 Ti,42,HotpotQA,5,16,372,multi-hop,47.8666,0.0,0.0,0,1,1,63,319,319,53352071168,53352071168,7.697,0.018
google/gemma-3-1b-it,NVIDIA GeForce RTX 5060 Ti,42,HotpotQA,5,16,373,multi-hop,40.1693,0.0,31.5998,0,1,0,111,367,367,70615826432,70615826432,7.697,0.018
google/gemma-3-1b-it,NVIDIA GeForce RTX 5060 Ti,42,HotpotQA,5,16,374,structural,32.322,43.8167,0.0,0,0,1,93,349,349,63858802688,63858802688,7.697,0.018
google/gemma-3-1b-it,NVIDIA GeForce RTX 5060 Ti,42,HotpotQA,5,16,375,structural,30.2785,0.0,0.0,0,1,1,81,337,337,59542863872,59542863872,7.697,0.018
google/gemma-3-1b-it,NVIDIA GeForce RTX 5060 Ti,42,HotpotQA,5,16,376,multi-hop,49.3166,30.6989,0.0,0,0,1,129,385,385,77712588800,77712588800,7.697,0.018
google/gemma-3-1b-it,NVIDIA GeForce RTX 5060 Ti,42,HotpotQA,5,16,377,structural,33.1151,64.7737,49.8753,0,0,0,124,380,380,75707187200,75707187200,7.697,0.018
google/gemma-3-1b-it,NVIDIA GeForce RTX 5060 Ti,42,HotpotQA,5,16,378,multi-hop,56.1569,34.9368,41.302,0,0,0,95,351,351,64592805888,64592805888,7.697,0.018
google/gemma-3-1b-it,NVIDIA GeForce RTX 5060 Ti,42,HotpotQA,5,16,379,structural,36.261,39.1267,73.3798,0,0,0,148,404,404,85572190208,85572190208,7.697,0.018
google/gemma-3-1b-it,NVIDIA GeForce RTX 5060 Ti,42,HotpotQA,5,16,380,semantic,44.7368,0.0,0.0,0,1,1,58,314,314,51692699648,51692699648,7.697,0.018
google/gemma-3-1b-it,NVIDIA GeForce RTX 5060 Ti,42,HotpotQA,5,16,381,structural,39.6298,0.0,0.0,0,1,1,114,370,370,71775027200,71775027200,7.697,0.018
google/gemma-3-1b-it,NVIDIA GeForce RTX 5060 Ti,42,HotpotQA,5,16,382,semantic,37.6001,0.0,67.9776,0,1,0,114,370,370,71775027200,71775027200,7.697,0.018
google/gemma-3-1b-it,NVIDIA GeForce RTX 5060 Ti,42,HotpotQA,5,16,383,multi-hop,67.3764,0.0,0.0,0,1,1,99,355,355,66073395200,66073395200,7.697,0.018
google/gemma-3-1b-it,NVIDIA GeForce RTX 5060 Ti,42,HotpotQA,5,16,384,structural,62.2595,0.0,0.0,0,1,1,26,282,282,41693478912,41693478912,7.697,0.018
google/gemma-3-1b-it,NVIDIA GeForce RTX 5060 Ti,42,HotpotQA,5,16,385,multi-hop,45.1431,50.4245,32.3243,0,0,0,108,364,364,69466062848,69466062848,7.697,0.018
google/gemma-3-1b-it,NVIDIA GeForce RTX 5060 Ti,42,HotpotQA,5,16,386,semantic,48.3431,0.0,0.0,0,1,1,76,332,332,57789120512,57789120512,7.697,0.018
google/gemma-3-1b-it,NVIDIA GeForce RTX 5060 Ti,42,HotpotQA,5,16,387,semantic,72.5327,0.0,55.5732,0,1,0,105,361,361,68325736448,68325736448,7.697,0.018
google/gemma-3-1b-it,NVIDIA GeForce RTX 5060 Ti,42,HotpotQA,5,16,388,multi-hop,50.3019,0.0,0.0,0,1,1,135,391,391,80153673728,80153673728,7.697,0.018
google/gemma-3-1b-it,NVIDIA GeForce RTX 5060 Ti,42,HotpotQA,5,16,389,semantic,46.8359,0.0,0.0,0,1,1,83,339,339,60251701248,60251701248,7.697,0.018
google/gemma-3-1b-it,NVIDIA GeForce RTX 5060 Ti,42,HotpotQA,5,16,390,multi-hop,44.3972,0.0,61.5508,0,1,0,99,355,355,66073395200,66073395200,7.697,0.018
google/gemma-3-1b-it,NVIDIA GeForce RTX 5060 Ti,42,HotpotQA,5,16,391,multi-hop,36.5128,0.0,0.0,0,1,1,87,343,343,61681958912,61681958912,7.697,0.018
google/gemma-3-1b-it,NVIDIA GeForce RTX 5060 Ti,42,HotpotQA,5,16,392,multi-hop,36.3042,0.0,64.6702,0,1,0,89,345,345,62403379200,62403379200,7.697,0.018
google/gemma-3-1b-it,NVIDIA GeForce RTX 5060 Ti,42,HotpotQA,5,16,393,semantic,66.4069,0.0,34.6885,0,1,0,97,353,353,65331003392,65331003392,7.697,0.018
google/gemma-3-1b-it,NVIDIA GeForce RTX 5060 Ti,42,HotpotQA,5,16,394,multi-hop,35.2837,31.4274,48.9154,0,0,0,68,324,324,55037657088,55037657088,7.697,0.018
google/gemma-3-1b-it,NVIDIA GeForce RTX 5060 Ti,42,HotpotQA,5,16,395,multi-hop,31.7853,58.4451,29.3099,0,0,0,96,352,352,64961380352,64961380352,7.697,0.018
google/gemma-3-1b-it,NVIDIA GeForce RTX 5060 Ti,42,HotpotQA,5,16,396,multi-hop,35.6089,54.4397,37.2461,0,0,0,34,290,290,44092620800,44092620800,7.697,0.018
google/gemma-3-1b-it,NVIDIA GeForce RTX 5060 Ti,42,HotpotQA,5,16,397,structural,34.6779,31.1777,29.9387,0,0,0,63,319,319,53352071168,53352071168,7.697,0.018
google/gemma-3-1b-it,NVIDIA GeForce RTX 5060 Ti,42,HotpotQA,5,16,398,multi-hop,56.7742,31.3368,34.2406,0,0,0,122,378,378,74912366592,74912366592,7.697,0.018
google/gemma-3-1b-it,NVIDIA GeForce RTX 5060 Ti,42,HotpotQA,5,16,399,multi-hop,37.453,0.0,0.0,0,1,1,37,293,293,45009600512,45009600512,7.697,0.018
google/gemma-3-1b-it,NVIDIA GeForce RTX 5060 Ti,42,HotpotQA,5,16,400,multi-hop,40.3193,0.0,36.8203,0,1,0,86,342,342,61322821632,61322821632,7.697,0.018
google/gemma-3-1b-it,NVIDIA GeForce RTX 5060 Ti,42,HotpotQA,5,16,401,structural,33.0784,32.7281,0.0,0,0,1,105,361,361,68325736448,68325736448,7.697,0.018
google/gemma-3-1b-it,NVIDIA GeForce RTX 5060 Ti,42,HotpotQA,5,16,402,semantic,0.0,0.0,0.0,1,1,1,78,334,334,58487472128,58487472128,7.697,0.018
google/gemma-3-1b-it,NVIDIA GeForce RTX 5060 Ti,42,HotpotQA,5,16,403,multi-hop,34.5413,49.0232,39.9633,0,0,0,102,358,358,67194847232,67194847232,7.697,0.018
google/gemma-3-1b-it,NVIDIA GeForce RTX 5060 Ti,42,HotpotQA,5,16,404,semantic,0.0,46.338,0.0,1,0,1,119,375,375,73728000000,73728000000,7.697,0.018
google/gemma-3-1b-it,NVIDIA GeForce RTX 5060 Ti,42,HotpotQA,5,16,405,structural,26.9162,59.8023,97.1095,0,0,0,47,303,303,48134356992,48134356992,7.697,0.018
google/gemma-3-1b-it,NVIDIA GeForce RTX 5060 Ti,42,HotpotQA,5,16,406,semantic,43.0744,0.0,44.5531,0,1,0,120,376,376,74121740288,74121740288,7.697,0.018
google/gemma-3-1b-it,NVIDIA GeForce RTX 5060 Ti,42,HotpotQA,5,16,407,multi-hop,44.4816,0.0,0.0,0,1,1,127,383,383,76907282432,76907282432,7.697,0.018
google/gemma-3-1b-it,NVIDIA GeForce RTX 5060 Ti,42,HotpotQA,5,16,408,multi-hop,39.747,0.0,34.2433,0,1,0,127,383,383,76907282432,76907282432,7.697,0.018
google/gemma-3-1b-it,NVIDIA GeForce RTX 5060 Ti,42,HotpotQA,5,16,409,semantic,34.832,0.0,0.0,0,1,1,117,373,373,72943665152,72943665152,7.697,0.018
google/gemma-3-1b-it,NVIDIA GeForce RTX 5060 Ti,42,HotpotQA,5,16,410,multi-hop,48.8235,0.0,0.0,0,1,1,112,368,368,71001178112,71001178112,7.697,0.018
google/gemma-3-1b-it,NVIDIA GeForce RTX 5060 Ti,42,HotpotQA,5,16,411,structural,35.102,0.0,0.0,0,1,1,87,343,343,61681958912,61681958912,7.697,0.018
google/gemma-3-1b-it,NVIDIA GeForce RTX 5060 Ti,42,HotpotQA,5,16,412,multi-hop,76.1767,0.0,0.0,0,1,1,106,362,362,68704796672,68704796672,7.697,0.018
google/gemma-3-1b-it,NVIDIA GeForce RTX 5060 Ti,42,HotpotQA,5,16,413,multi-hop,47.2466,0.0,0.0,0,1,1,159,415,415,90295500800,90295500800,7.697,0.018
google/gemma-3-1b-it,NVIDIA GeForce RTX 5060 Ti,42,HotpotQA,5,16,414,multi-hop,0.0,0.0,0.0,1,1,1,134,390,390,79744204800,79744204800,7.697,0.018
google/gemma-3-1b-it,NVIDIA GeForce RTX 5060 Ti,42,HotpotQA,5,16,415,semantic,75.3993,0.0,0.0,0,1,1,114,370,370,71775027200,71775027200,7.697,0.018
google/gemma-3-1b-it,NVIDIA GeForce RTX 5060 Ti,42,HotpotQA,5,16,416,semantic,45.1621,0.0,53.8992,0,1,0,49,305,305,48771891200,48771891200,7.697,0.018
google/gemma-3-1b-it,NVIDIA GeForce RTX 5060 Ti,42,HotpotQA,5,16,417,semantic,40.962,0.0,0.0,0,1,1,122,378,378,74912366592,74912366592,7.697,0.018
google/gemma-3-1b-it,NVIDIA GeForce RTX 5060 Ti,42,HotpotQA,5,16,418,multi-hop,43.9534,0.0,51.8206,0,1,0,24,280,280,41104179200,41104179200,7.697,0.018
google/gemma-3-1b-it,NVIDIA GeForce RTX 5060 Ti,42,HotpotQA,5,16,419,multi-hop,60.5325,0.0,0.0,0,1,1,26,282,282,41693478912,41693478912,7.697,0.018
google/gemma-3-1b-it,NVIDIA GeForce RTX 5060 Ti,42,HotpotQA,5,16,420,structural,54.4944,60.9622,0.0,0,0,1,118,374,374,73335308288,73335308288,7.697,0.018
google/gemma-3-1b-it,NVIDIA GeForce RTX 5060 Ti,42,HotpotQA,5,16,421,multi-hop,69.0751,71.4176,57.755,0,0,0,37,293,293,45009600512,45009600512,7.697,0.018
google/gemma-3-1b-it,NVIDIA GeForce RTX 5060 Ti,42,HotpotQA,5,16,422,multi-hop,56.1222,35.0973,71.2838,0,0,0,20,276,276,39938162688,39938162688,7.697,0.018
google/gemma-3-1b-it,NVIDIA GeForce RTX 5060 Ti,42,HotpotQA,5,16,423,semantic,54.3207,0.0,39.548,0,1,0,96,352,352,64961380352,64961380352,7.697,0.018
google/gemma-3-1b-it,NVIDIA GeForce RTX 5060 Ti,42,HotpotQA,5,16,424,structural,49.9957,37.1106,0.0,0,0,1,51,307,307,49413619712,49413619712,7.697,0.018
google/gemma-3-1b-it,NVIDIA GeForce RTX 5060 Ti,42,HotpotQA,5,16,425,semantic,65.2145,0.0,0.0,0,1,1,123,379,379,75309252608,75309252608,7.697,0.018
google/gemma-3-1b-it,NVIDIA GeForce RTX 5060 Ti,42,HotpotQA,5,16,426,multi-hop,54.3847,32.992,42.9531,0,0,0,5,103,233,5562171392,28463071232,7.697,0.018
google/gemma-3-1b-it,NVIDIA GeForce RTX 5060 Ti,42,HotpotQA,5,16,427,semantic,52.4452,0.0,53.7341,0,1,0,93,349,349,63858802688,63858802688,7.697,0.018
google/gemma-3-1b-it,NVIDIA GeForce RTX 5060 Ti,42,HotpotQA,5,16,428,semantic,46.9779,0.0,0.0,0,1,1,225,481,481,121299795968,121299795968,7.697,0.018
google/gemma-3-1b-it,NVIDIA GeForce RTX 5060 Ti,42,HotpotQA,5,16,429,multi-hop,74.6753,29.8833,52.26,0,0,0,123,379,379,75309252608,75309252608,7.697,0.018
google/gemma-3-1b-it,NVIDIA GeForce RTX 5060 Ti,42,HotpotQA,5,16,430,semantic,44.1911,0.0,0.0,0,1,1,63,319,319,53352071168,53352071168,7.697,0.018
google/gemma-3-1b-it,NVIDIA GeForce RTX 5060 Ti,42,HotpotQA,5,16,431,multi-hop,37.4814,39.8914,43.2713,0,0,0,105,361,361,68325736448,68325736448,7.697,0.018
google/gemma-3-1b-it,NVIDIA GeForce RTX 5060 Ti,42,HotpotQA,5,16,432,structural,62.8649,26.5112,56.6879,0,0,0,60,316,316,52353302528,52353302528,7.697,0.018
google/gemma-3-1b-it,NVIDIA GeForce RTX 5060 Ti,42,HotpotQA,5,16,433,structural,61.5174,69.9763,54.7332,0,0,0,2,18,14,169869312,102760448,7.697,0.018
google/gemma-3-1b-it,NVIDIA GeForce RTX 5060 Ti,42,HotpotQA,5,16,434,multi-hop,44.197,64.2923,65.8655,0,0,0,9,265,265,36818124800,36818124800,7.697,0.018
google/gemma-3-1b-it,NVIDIA GeForce RTX 5060 Ti,42,HotpotQA,5,16,435,structural,61.1179,0.0,0.0,0,1,1,26,282,282,41693478912,41693478912,7.697,0.018
google/gemma-3-1b-it,NVIDIA GeForce RTX 5060 Ti,42,HotpotQA,5,16,436,multi-hop,33.1272,0.0,49.7494,0,1,0,99,355,355,66073395200,66073395200,7.697,0.018
google/gemma-3-1b-it,NVIDIA GeForce RTX 5060 Ti,42,HotpotQA,5,16,437,multi-hop,47.043,0.0,32.0325,0,1,0,109,365,365,69848268800,69848268800,7.697,0.018
google/gemma-3-1b-it,NVIDIA GeForce RTX 5060 Ti,42,HotpotQA,5,16,438,multi-hop,41.4492,73.7445,0.0,0,0,1,125,381,381,76106170368,76106170368,7.697,0.018
google/gemma-3-1b-it,NVIDIA GeForce RTX 5060 Ti,42,HotpotQA,5,16,439,semantic,59.9564,0.0,0.0,0,1,1,39,295,295,45626163200,45626163200,7.697,0.018
google/gemma-3-1b-it,NVIDIA GeForce RTX 5060 Ti,42,HotpotQA,5,16,440,multi-hop,46.6424,38.2388,37.0346,0,0,0,97,353,353,65331003392,65331003392,7.697,0.018
google/gemma-3-1b-it,NVIDIA GeForce RTX 5060 Ti,42,HotpotQA,5,16,441,multi-hop,48.4558,0.0,0.0,0,1,1,87,343,343,61681958912,61681958912,7.697,0.018
google/gemma-3-1b-it,NVIDIA GeForce RTX 5060 Ti,42,HotpotQA,5,16,442,semantic,50.0782,0.0,0.0,0,1,1,82,338,338,59896758272,59896758272,7.697,0.018
google/gemma-3-1b-it,NVIDIA GeForce RTX 5060 Ti,42,HotpotQA,5,16,443,structural,103.3625,36.427,0.0,0,0,1,142,398,398,83049316352,83049316352,7.697,0.018
google/gemma-3-1b-it,NVIDIA GeForce RTX 5060 Ti,42,HotpotQA,5,16,444,multi-hop,59.4742,0.0,33.2127,0,1,0,120,376,376,74121740288,74121740288,7.697,0.018
google/gemma-3-1b-it,NVIDIA GeForce RTX 5060 Ti,42,HotpotQA,5,16,445,structural,57.0968,52.6731,47.2965,0,0,0,20,267,276,37375967232,39938162688,7.697,0.018
google/gemma-3-1b-it,NVIDIA GeForce RTX 5060 Ti,42,HotpotQA,5,16,446,structural,79.6119,58.5211,63.6277,0,0,0,63,319,319,53352071168,53352071168,7.697,0.018
google/gemma-3-1b-it,NVIDIA GeForce RTX 5060 Ti,42,HotpotQA,5,16,447,multi-hop,42.7359,63.5823,0.0,0,0,1,8,264,264,36540776448,36540776448,7.697,0.018
google/gemma-3-1b-it,NVIDIA GeForce RTX 5060 Ti,42,HotpotQA,5,16,448,multi-hop,38.9098,78.3889,52.7206,0,0,0,153,409,409,87703420928,87703420928,7.697,0.018
google/gemma-3-1b-it,NVIDIA GeForce RTX 5060 Ti,42,HotpotQA,5,16,449,semantic,49.8652,0.0,83.3811,0,1,0,115,371,371,72163524608,72163524608,7.697,0.018
google/gemma-3-1b-it,NVIDIA GeForce RTX 5060 Ti,42,HotpotQA,5,16,450,structural,34.0617,0.0,0.0,0,1,1,106,362,362,68704796672,68704796672,7.697,0.018
google/gemma-3-1b-it,NVIDIA GeForce RTX 5060 Ti,42,HotpotQA,5,16,451,semantic,75.4053,0.0,0.0,0,1,1,72,328,328,56405000192,56405000192,7.697,0.018
google/gemma-3-1b-it,NVIDIA GeForce RTX 5060 Ti,42,HotpotQA,5,16,452,structural,95.13,0.0,0.0,0,1,1,25,281,281,41398304768,41398304768,7.697,0.018
google/gemma-3-1b-it,NVIDIA GeForce RTX 5060 Ti,42,HotpotQA,5,16,453,multi-hop,46.3033,0.0,45.2778,0,1,0,60,316,316,52353302528,52353302528,7.697,0.018
google/gemma-3-1b-it,NVIDIA GeForce RTX 5060 Ti,42,HotpotQA,5,16,454,multi-hop,40.1843,48.9217,38.1788,0,0,0,119,375,375,73728000000,73728000000,7.697,0.018
google/gemma-3-1b-it,NVIDIA GeForce RTX 5060 Ti,42,HotpotQA,5,16,455,semantic,43.631,0.0,0.0,0,1,1,159,415,415,90295500800,90295500800,7.697,0.018
google/gemma-3-1b-it,NVIDIA GeForce RTX 5060 Ti,42,HotpotQA,5,16,456,semantic,59.5899,0.0,0.0,0,1,1,5,188,109,18530435072,6229065728,7.697,0.018
google/gemma-3-1b-it,NVIDIA GeForce RTX 5060 Ti,42,HotpotQA,5,16,457,multi-hop,44.0003,0.0,44.6476,0,1,0,47,303,303,48134356992,48134356992,7.697,0.018
google/gemma-3-1b-it,NVIDIA GeForce RTX 5060 Ti,42,HotpotQA,5,16,458,multi-hop,51.6476,0.0,0.0,0,1,1,93,349,349,63858802688,63858802688,7.697,0.018
google/gemma-3-1b-it,NVIDIA GeForce RTX 5060 Ti,42,HotpotQA,5,16,459,multi-hop,66.4933,0.0,0.0,0,1,1,2,18,14,169869312,102760448,7.697,0.018
google/gemma-3-1b-it,NVIDIA GeForce RTX 5060 Ti,42,HotpotQA,5,16,460,structural,66.1366,36.0177,46.8448,0,0,0,101,357,357,66819981312,66819981312,7.697,0.018
google/gemma-3-1b-it,NVIDIA GeForce RTX 5060 Ti,42,HotpotQA,5,16,461,semantic,65.4929,0.0,38.3565,0,1,0,106,362,362,68704796672,68704796672,7.697,0.018
google/gemma-3-1b-it,NVIDIA GeForce RTX 5060 Ti,42,HotpotQA,5,16,462,structural,64.9533,33.8151,0.0,0,0,1,97,353,353,65331003392,65331003392,7.697,0.018
google/gemma-3-1b-it,NVIDIA GeForce RTX 5060 Ti,42,HotpotQA,5,16,463,semantic,54.2648,0.0,0.0,0,1,1,78,334,334,58487472128,58487472128,7.697,0.018
google/gemma-3-1b-it,NVIDIA GeForce RTX 5060 Ti,42,HotpotQA,5,16,464,multi-hop,35.1627,62.5898,52.396,0,0,0,204,460,460,110939340800,110939340800,7.697,0.018
google/gemma-3-1b-it,NVIDIA GeForce RTX 5060 Ti,42,HotpotQA,5,16,465,semantic,53.0594,0.0,51.1466,0,1,0,93,349,349,63858802688,63858802688,7.697,0.018
google/gemma-3-1b-it,NVIDIA GeForce RTX 5060 Ti,42,HotpotQA,5,16,466,semantic,37.7731,0.0,0.0,0,1,1,102,358,358,67194847232,67194847232,7.697,0.018
google/gemma-3-1b-it,NVIDIA GeForce RTX 5060 Ti,42,HotpotQA,5,16,467,structural,0.0,0.0,63.9247,1,1,0,93,349,349,63858802688,63858802688,7.697,0.018
google/gemma-3-1b-it,NVIDIA GeForce RTX 5060 Ti,42,HotpotQA,5,16,468,structural,37.2572,53.1238,62.471,0,0,0,102,358,358,67194847232,67194847232,7.697,0.018
google/gemma-3-1b-it,NVIDIA GeForce RTX 5060 Ti,42,HotpotQA,5,16,469,multi-hop,36.6391,66.0168,33.8985,0,0,0,81,337,337,59542863872,59542863872,7.697,0.018
google/gemma-3-1b-it,NVIDIA GeForce RTX 5060 Ti,42,HotpotQA,5,16,470,multi-hop,36.5247,0.0,0.0,0,1,1,106,362,362,68704796672,68704796672,7.697,0.018
google/gemma-3-1b-it,NVIDIA GeForce RTX 5060 Ti,42,HotpotQA,5,16,471,structural,0.0,54.6497,51.6333,1,0,0,87,343,343,61681958912,61681958912,7.697,0.018
google/gemma-3-1b-it,NVIDIA GeForce RTX 5060 Ti,42,HotpotQA,5,16,472,multi-hop,39.5633,0.0,0.0,0,1,1,88,344,344,62042144768,62042144768,7.697,0.018
google/gemma-3-1b-it,NVIDIA GeForce RTX 5060 Ti,42,HotpotQA,5,16,473,semantic,0.0,0.0,35.7972,1,1,0,94,350,350,64225280000,64225280000,7.697,0.018
google/gemma-3-1b-it,NVIDIA GeForce RTX 5060 Ti,42,HotpotQA,5,16,474,multi-hop,53.5346,0.0,68.9936,0,1,0,115,371,371,72163524608,72163524608,7.697,0.018
google/gemma-3-1b-it,NVIDIA GeForce RTX 5060 Ti,42,HotpotQA,5,16,475,multi-hop,37.5948,0.0,0.0,0,1,1,112,368,368,71001178112,71001178112,7.697,0.018
google/gemma-3-1b-it,NVIDIA GeForce RTX 5060 Ti,42,HotpotQA,5,16,476,multi-hop,36.7279,96.4814,32.5055,0,0,0,77,333,333,58137772032,58137772032,7.697,0.018
google/gemma-3-1b-it,NVIDIA GeForce RTX 5060 Ti,42,HotpotQA,5,16,477,multi-hop,71.7348,58.21,62.2296,0,0,0,99,355,355,66073395200,66073395200,7.697,0.018
google/gemma-3-1b-it,NVIDIA GeForce RTX 5060 Ti,42,HotpotQA,5,16,478,structural,39.0224,44.8073,47.8949,0,0,0,40,296,296,45936017408,45936017408,7.697,0.018
google/gemma-3-1b-it,NVIDIA GeForce RTX 5060 Ti,42,HotpotQA,5,16,479,structural,79.3181,0.0,0.0,0,1,1,131,387,387,78522089472,78522089472,7.697,0.018
google/gemma-3-1b-it,NVIDIA GeForce RTX 5060 Ti,42,HotpotQA,5,16,480,semantic,0.0,0.0,42.3917,1,1,0,49,305,305,48771891200,48771891200,7.697,0.018
google/gemma-3-1b-it,NVIDIA GeForce RTX 5060 Ti,42,HotpotQA,5,16,481,multi-hop,37.9401,35.1028,51.9804,0,0,0,5,103,233,5562171392,28463071232,7.697,0.018
google/gemma-3-1b-it,NVIDIA GeForce RTX 5060 Ti,42,HotpotQA,5,16,482,structural,49.2468,35.4622,69.5631,0,0,0,94,350,350,64225280000,64225280000,7.697,0.018
google/gemma-3-1b-it,NVIDIA GeForce RTX 5060 Ti,42,HotpotQA,5,16,483,structural,69.9527,63.6845,54.3878,0,0,0,109,365,365,69848268800,69848268800,7.697,0.018
google/gemma-3-1b-it,NVIDIA GeForce RTX 5060 Ti,42,HotpotQA,5,16,484,multi-hop,63.0822,57.0383,70.0682,0,0,0,26,282,282,41693478912,41693478912,7.697,0.018
google/gemma-3-1b-it,NVIDIA GeForce RTX 5060 Ti,42,HotpotQA,5,16,485,multi-hop,66.0491,38.1855,47.8549,0,0,0,125,381,381,76106170368,76106170368,7.697,0.018
google/gemma-3-1b-it,NVIDIA GeForce RTX 5060 Ti,42,HotpotQA,5,16,486,multi-hop,60.4602,0.0,0.0,0,1,1,122,378,378,74912366592,74912366592,7.697,0.018
google/gemma-3-1b-it,NVIDIA GeForce RTX 5060 Ti,42,HotpotQA,5,16,487,semantic,56.6735,0.0,0.0,0,1,1,5,175,261,16056320000,35715022848,7.697,0.018
google/gemma-3-1b-it,NVIDIA GeForce RTX 5060 Ti,42,HotpotQA,5,16,488,multi-hop,70.6013,0.0,0.0,0,1,1,105,361,361,68325736448,68325736448,7.697,0.018
google/gemma-3-1b-it,NVIDIA GeForce RTX 5060 Ti,42,HotpotQA,5,16,489,multi-hop,48.0659,0.0,0.0,0,1,1,105,361,361,68325736448,68325736448,7.697,0.018
google/gemma-3-1b-it,NVIDIA GeForce RTX 5060 Ti,42,HotpotQA,5,16,490,structural,37.6129,45.7237,59.1396,0,0,0,36,292,292,44702892032,44702892032,7.697,0.018
google/gemma-3-1b-it,NVIDIA GeForce RTX 5060 Ti,42,HotpotQA,5,16,491,structural,35.1595,90.852,28.066,0,0,0,102,358,358,67194847232,67194847232,7.697,0.018
google/gemma-3-1b-it,NVIDIA GeForce RTX 5060 Ti,42,HotpotQA,5,16,492,structural,40.452,99.2389,73.8838,0,0,0,64,320,320,53687091200,53687091200,7.697,0.018
google/gemma-3-1b-it,NVIDIA GeForce RTX 5060 Ti,42,HotpotQA,5,16,493,multi-hop,41.4797,0.0,0.0,0,1,1,70,326,326,55719231488,55719231488,7.697,0.018
google/gemma-3-1b-it,NVIDIA GeForce RTX 5060 Ti,42,HotpotQA,5,16,494,multi-hop,41.1932,0.0,0.0,0,1,1,24,280,280,41104179200,41104179200,7.697,0.018
google/gemma-3-1b-it,NVIDIA GeForce RTX 5060 Ti,42,HotpotQA,5,16,495,structural,31.7188,34.0899,77.6514,0,0,0,2,16,27,134217728,382205952,7.697,0.018
google/gemma-3-1b-it,NVIDIA GeForce RTX 5060 Ti,42,HotpotQA,5,16,496,structural,68.6533,55.0007,37.9403,0,0,0,90,346,346,62765662208,62765662208,7.697,0.018
google/gemma-3-1b-it,NVIDIA GeForce RTX 5060 Ti,42,HotpotQA,5,16,497,semantic,37.5068,0.0,0.0,0,1,1,49,305,305,48771891200,48771891200,7.697,0.018
google/gemma-3-1b-it,NVIDIA GeForce RTX 5060 Ti,42,HotpotQA,5,16,498,multi-hop,57.335,0.0,81.1608,0,1,0,108,364,364,69466062848,69466062848,7.697,0.018
google/gemma-3-1b-it,NVIDIA GeForce RTX 5060 Ti,42,HotpotQA,5,16,499,semantic,53.2847,0.0,0.0,0,1,1,124,380,380,75707187200,75707187200,7.697,0.018
google/gemma-3-1b-it,NVIDIA GeForce RTX 5060 Ti,42,HotpotQA,5,16,500,structural,36.9386,49.6272,38.4533,0,0,0,34,290,290,44092620800,44092620800,7.697,0.018
google/gemma-3-1b-it,NVIDIA GeForce RTX 5060 Ti,42,HotpotQA,5,16,501,multi-hop,66.5111,0.0,0.0,0,1,1,3,17,17,151519232,151519232,7.697,0.018
google/gemma-3-1b-it,NVIDIA GeForce RTX 5060 Ti,42,HotpotQA,5,16,502,multi-hop,38.1892,33.4241,49.4409,0,0,0,36,292,292,44702892032,44702892032,7.697,0.018
google/gemma-3-1b-it,NVIDIA GeForce RTX 5060 Ti,42,HotpotQA,5,16,503,structural,62.9298,63.9188,50.5386,0,0,0,93,349,349,63858802688,63858802688,7.697,0.018
google/gemma-3-1b-it,NVIDIA GeForce RTX 5060 Ti,42,HotpotQA,5,16,504,structural,37.2813,0.0,0.0,0,1,1,96,352,352,64961380352,64961380352,7.697,0.018
google/gemma-3-1b-it,NVIDIA GeForce RTX 5060 Ti,42,HotpotQA,5,16,505,multi-hop,72.6357,62.0228,36.4562,0,0,0,63,319,319,53352071168,53352071168,7.697,0.018
google/gemma-3-1b-it,NVIDIA GeForce RTX 5060 Ti,42,HotpotQA,5,16,506,multi-hop,46.2645,0.0,0.0,0,1,1,186,442,442,102427000832,102427000832,7.697,0.018
google/gemma-3-1b-it,NVIDIA GeForce RTX 5060 Ti,42,HotpotQA,5,16,507,multi-hop,62.8453,44.0973,0.0,0,0,1,142,398,398,83049316352,83049316352,7.697,0.018
google/gemma-3-1b-it,NVIDIA GeForce RTX 5060 Ti,42,HotpotQA,5,16,508,structural,88.4489,59.678,49.1254,0,0,0,52,308,308,49736056832,49736056832,7.697,0.018
google/gemma-3-1b-it,NVIDIA GeForce RTX 5060 Ti,42,HotpotQA,5,16,509,structural,66.2378,0.0,0.0,0,1,1,129,385,385,77712588800,77712588800,7.697,0.018
google/gemma-3-1b-it,NVIDIA GeForce RTX 5060 Ti,42,HotpotQA,5,16,510,semantic,96.082,0.0,0.0,0,1,1,78,334,334,58487472128,58487472128,7.697,0.018
google/gemma-3-1b-it,NVIDIA GeForce RTX 5060 Ti,42,HotpotQA,5,16,511,structural,71.0689,0.0,0.0,0,1,1,127,383,383,76907282432,76907282432,7.697,0.018
google/gemma-3-1b-it,NVIDIA GeForce RTX 5060 Ti,42,HotpotQA,5,16,512,multi-hop,73.6999,48.4823,42.5542,0,0,0,5,19,261,189267968,35715022848,7.697,0.018
google/gemma-3-1b-it,NVIDIA GeForce RTX 5060 Ti,42,HotpotQA,5,16,513,multi-hop,63.1242,69.0514,0.0,0,0,1,17,273,273,39074660352,39074660352,7.697,0.018
google/gemma-3-1b-it,NVIDIA GeForce RTX 5060 Ti,42,HotpotQA,5,16,514,multi-hop,44.5621,32.0986,46.2426,0,0,0,80,336,336,59190018048,59190018048,7.697,0.018
google/gemma-3-1b-it,NVIDIA GeForce RTX 5060 Ti,42,HotpotQA,5,16,515,structural,30.9797,63.3012,59.4437,0,0,0,21,277,277,40228093952,40228093952,7.697,0.018
google/gemma-3-1b-it,NVIDIA GeForce RTX 5060 Ti,42,HotpotQA,5,16,516,multi-hop,67.1617,0.0,59.9878,0,1,0,125,381,381,76106170368,76106170368,7.697,0.018
google/gemma-3-1b-it,NVIDIA GeForce RTX 5060 Ti,42,HotpotQA,5,16,517,multi-hop,44.8527,0.0,28.8894,0,1,0,119,375,375,73728000000,73728000000,7.697,0.018
google/gemma-3-1b-it,NVIDIA GeForce RTX 5060 Ti,42,HotpotQA,5,16,518,multi-hop,30.5865,0.0,0.0,0,1,1,99,355,355,66073395200,66073395200,7.697,0.018
google/gemma-3-1b-it,NVIDIA GeForce RTX 5060 Ti,42,HotpotQA,5,16,519,structural,72.0897,0.0,66.911,0,1,0,24,280,280,41104179200,41104179200,7.697,0.018
google/gemma-3-1b-it,NVIDIA GeForce RTX 5060 Ti,42,HotpotQA,5,16,520,semantic,40.7878,0.0,61.5219,0,1,0,111,367,367,70615826432,70615826432,7.697,0.018
google/gemma-3-1b-it,NVIDIA GeForce RTX 5060 Ti,42,HotpotQA,5,16,521,structural,70.536,33.3892,0.0,0,0,1,128,384,384,77309411328,77309411328,7.697,0.018
google/gemma-3-1b-it,NVIDIA GeForce RTX 5060 Ti,42,HotpotQA,5,16,522,multi-hop,71.5964,47.6919,0.0,0,0,1,87,343,343,61681958912,61681958912,7.697,0.018
google/gemma-3-1b-it,NVIDIA GeForce RTX 5060 Ti,42,HotpotQA,5,16,523,semantic,0.0,0.0,0.0,1,1,1,49,305,305,48771891200,48771891200,7.697,0.018
google/gemma-3-1b-it,NVIDIA GeForce RTX 5060 Ti,42,HotpotQA,5,16,524,multi-hop,72.4823,56.2042,54.7041,0,0,0,115,371,371,72163524608,72163524608,7.697,0.018
google/gemma-3-1b-it,NVIDIA GeForce RTX 5060 Ti,42,HotpotQA,5,16,525,semantic,56.4276,0.0,0.0,0,1,1,87,343,343,61681958912,61681958912,7.697,0.018
google/gemma-3-1b-it,NVIDIA GeForce RTX 5060 Ti,42,HotpotQA,5,16,526,multi-hop,0.0,0.0,0.0,1,1,1,70,326,326,55719231488,55719231488,7.697,0.018
google/gemma-3-1b-it,NVIDIA GeForce RTX 5060 Ti,42,HotpotQA,5,16,527,semantic,85.8754,0.0,92.6865,0,1,0,29,285,285,42585292800,42585292800,7.697,0.018
google/gemma-3-1b-it,NVIDIA GeForce RTX 5060 Ti,42,HotpotQA,5,16,528,semantic,53.9037,0.0,0.0,0,1,1,116,372,372,72553070592,72553070592,7.697,0.018
google/gemma-3-1b-it,NVIDIA GeForce RTX 5060 Ti,42,HotpotQA,5,16,529,structural,57.8381,60.108,0.0,0,0,1,47,303,303,48134356992,48134356992,7.697,0.018
google/gemma-3-1b-it,NVIDIA GeForce RTX 5060 Ti,42,HotpotQA,5,16,530,semantic,65.3902,0.0,70.3986,0,1,0,96,352,352,64961380352,64961380352,7.697,0.018
google/gemma-3-1b-it,NVIDIA GeForce RTX 5060 Ti,42,HotpotQA,5,16,531,structural,39.8438,0.0,0.0,0,1,1,99,355,355,66073395200,66073395200,7.697,0.018
google/gemma-3-1b-it,NVIDIA GeForce RTX 5060 Ti,42,HotpotQA,5,16,532,multi-hop,49.4297,0.0,0.0,0,1,1,106,362,362,68704796672,68704796672,7.697,0.018
google/gemma-3-1b-it,NVIDIA GeForce RTX 5060 Ti,42,HotpotQA,5,16,533,semantic,56.4148,0.0,50.578,0,1,0,122,378,378,74912366592,74912366592,7.697,0.018
google/gemma-3-1b-it,NVIDIA GeForce RTX 5060 Ti,42,HotpotQA,5,16,534,multi-hop,0.0,0.0,0.0,1,1,1,148,404,404,85572190208,85572190208,7.697,0.018
google/gemma-3-1b-it,NVIDIA GeForce RTX 5060 Ti,42,HotpotQA,5,16,535,multi-hop,45.2524,0.0,85.5041,0,1,0,96,352,352,64961380352,64961380352,7.697,0.018
google/gemma-3-1b-it,NVIDIA GeForce RTX 5060 Ti,42,HotpotQA,5,16,536,multi-hop,36.2085,90.1742,30.7633,0,0,0,71,327,327,56061591552,56061591552,7.697,0.018
google/gemma-3-1b-it,NVIDIA GeForce RTX 5060 Ti,42,HotpotQA,5,16,537,structural,33.3984,61.2556,0.0,0,0,1,8,264,264,36540776448,36540776448,7.697,0.018
google/gemma-3-1b-it,NVIDIA GeForce RTX 5060 Ti,42,HotpotQA,5,16,538,multi-hop,53.1966,0.0,49.6838,0,1,0,102,337,358,59542863872,67194847232,7.697,0.018
google/gemma-3-1b-it,NVIDIA GeForce RTX 5060 Ti,42,HotpotQA,5,16,539,multi-hop,0.0,0.0,55.9218,1,1,0,49,305,305,48771891200,48771891200,7.697,0.018
google/gemma-3-1b-it,NVIDIA GeForce RTX 5060 Ti,42,HotpotQA,5,16,540,multi-hop,62.0957,70.9597,0.0,0,0,1,94,350,350,64225280000,64225280000,7.697,0.018
google/gemma-3-1b-it,NVIDIA GeForce RTX 5060 Ti,42,HotpotQA,5,16,541,multi-hop,68.2997,0.0,0.0,0,1,1,127,383,383,76907282432,76907282432,7.697,0.018
google/gemma-3-1b-it,NVIDIA GeForce RTX 5060 Ti,42,HotpotQA,5,16,542,structural,36.7556,41.8455,74.8378,0,0,0,148,404,404,85572190208,85572190208,7.697,0.018
google/gemma-3-1b-it,NVIDIA GeForce RTX 5060 Ti,42,HotpotQA,5,16,543,semantic,62.6814,0.0,0.0,0,1,1,114,370,370,71775027200,71775027200,7.697,0.018
google/gemma-3-1b-it,NVIDIA GeForce RTX 5060 Ti,42,HotpotQA,5,16,544,structural,61.0676,0.0,0.0,0,1,1,107,363,363,69084905472,69084905472,7.697,0.018
google/gemma-3-1b-it,NVIDIA GeForce RTX 5060 Ti,42,HotpotQA,5,16,545,multi-hop,82.9189,0.0,35.9601,0,1,0,126,382,382,76506202112,76506202112,7.697,0.018
google/gemma-3-1b-it,NVIDIA GeForce RTX 5060 Ti,42,HotpotQA,5,16,546,structural,53.8896,56.0335,78.2044,0,0,0,124,380,380,75707187200,75707187200,7.697,0.018
google/gemma-3-1b-it,NVIDIA GeForce RTX 5060 Ti,42,HotpotQA,5,16,547,multi-hop,86.4071,0.0,48.8051,0,1,0,3,16,17,134217728,151519232,7.697,0.018
google/gemma-3-1b-it,NVIDIA GeForce RTX 5060 Ti,42,HotpotQA,5,16,548,multi-hop,84.7476,0.0,0.0,0,1,1,73,329,329,56749457408,56749457408,7.697,0.018
google/gemma-3-1b-it,NVIDIA GeForce RTX 5060 Ti,42,HotpotQA,5,16,549,multi-hop,45.4109,59.1991,51.4964,0,0,0,37,293,293,45009600512,45009600512,7.697,0.018
google/gemma-3-1b-it,NVIDIA GeForce RTX 5060 Ti,42,HotpotQA,5,16,550,multi-hop,70.4032,52.0821,0.0,0,0,1,70,326,326,55719231488,55719231488,7.697,0.018
google/gemma-3-1b-it,NVIDIA GeForce RTX 5060 Ti,42,HotpotQA,5,16,551,semantic,45.0408,0.0,68.3189,0,1,0,94,350,350,64225280000,64225280000,7.697,0.018
google/gemma-3-1b-it,NVIDIA GeForce RTX 5060 Ti,42,HotpotQA,5,16,552,structural,83.5538,51.1174,76.6877,0,0,0,76,332,332,57789120512,57789120512,7.697,0.018
google/gemma-3-1b-it,NVIDIA GeForce RTX 5060 Ti,42,HotpotQA,5,16,553,semantic,65.6276,0.0,78.4303,0,1,0,57,313,313,51363971072,51363971072,7.697,0.018
google/gemma-3-1b-it,NVIDIA GeForce RTX 5060 Ti,42,HotpotQA,5,16,554,multi-hop,54.4191,0.0,0.0,0,1,1,47,303,303,48134356992,48134356992,7.697,0.018
google/gemma-3-1b-it,NVIDIA GeForce RTX 5060 Ti,42,HotpotQA,5,16,555,semantic,44.2066,0.0,0.0,0,1,1,112,368,368,71001178112,71001178112,7.697,0.018
google/gemma-3-1b-it,NVIDIA GeForce RTX 5060 Ti,42,HotpotQA,5,16,556,multi-hop,36.1629,0.0,0.0,0,1,1,73,329,329,56749457408,56749457408,7.697,0.018
google/gemma-3-1b-it,NVIDIA GeForce RTX 5060 Ti,42,HotpotQA,5,16,557,multi-hop,33.1697,42.7631,65.7452,0,0,0,40,296,296,45936017408,45936017408,7.697,0.018
google/gemma-3-1b-it,NVIDIA GeForce RTX 5060 Ti,42,HotpotQA,5,16,558,structural,46.2479,87.0951,0.0,0,0,1,126,382,382,76506202112,76506202112,7.697,0.018
google/gemma-3-1b-it,NVIDIA GeForce RTX 5060 Ti,42,HotpotQA,5,16,559,structural,72.0569,70.5718,69.1921,0,0,0,2,15,15,117964800,117964800,7.697,0.018
google/gemma-3-1b-it,NVIDIA GeForce RTX 5060 Ti,42,HotpotQA,5,16,560,multi-hop,50.3009,0.0,0.0,0,1,1,36,292,292,44702892032,44702892032,7.697,0.018
google/gemma-3-1b-it,NVIDIA GeForce RTX 5060 Ti,42,HotpotQA,5,16,561,structural,44.8668,60.5589,56.0933,0,0,0,13,269,248,37938003968,32245809152,7.697,0.018
google/gemma-3-1b-it,NVIDIA GeForce RTX 5060 Ti,42,HotpotQA,5,16,562,semantic,79.9859,0.0,0.0,0,1,1,63,319,319,53352071168,53352071168,7.697,0.018
google/gemma-3-1b-it,NVIDIA GeForce RTX 5060 Ti,42,HotpotQA,5,16,563,multi-hop,34.4134,79.9714,70.5968,0,0,0,59,315,315,52022476800,52022476800,7.697,0.018
google/gemma-3-1b-it,NVIDIA GeForce RTX 5060 Ti,42,HotpotQA,5,16,564,semantic,76.1062,0.0,53.1904,0,1,0,153,409,409,87703420928,87703420928,7.697,0.018
google/gemma-3-1b-it,NVIDIA GeForce RTX 5060 Ti,42,HotpotQA,5,16,565,semantic,76.1636,0.0,63.4338,0,1,0,108,364,364,69466062848,69466062848,7.697,0.018
google/gemma-3-1b-it,NVIDIA GeForce RTX 5060 Ti,42,HotpotQA,5,16,566,structural,50.9584,66.5717,54.3791,0,0,0,2,18,14,169869312,102760448,7.697,0.018
google/gemma-3-1b-it,NVIDIA GeForce RTX 5060 Ti,42,HotpotQA,5,16,567,semantic,42.7084,0.0,56.313,0,1,0,125,381,381,76106170368,76106170368,7.697,0.018
google/gemma-3-1b-it,NVIDIA GeForce RTX 5060 Ti,42,HotpotQA,5,16,568,multi-hop,77.1256,0.0,0.0,0,1,1,121,377,377,74516529152,74516529152,7.697,0.018
google/gemma-3-1b-it,NVIDIA GeForce RTX 5060 Ti,42,HotpotQA,5,16,569,multi-hop,68.8642,0.0,0.0,0,1,1,81,337,337,59542863872,59542863872,7.697,0.018
google/gemma-3-1b-it,NVIDIA GeForce RTX 5060 Ti,42,HotpotQA,5,16,570,multi-hop,53.8842,63.8174,60.5884,0,0,0,99,355,355,66073395200,66073395200,7.697,0.018
google/gemma-3-1b-it,NVIDIA GeForce RTX 5060 Ti,42,HotpotQA,5,16,571,multi-hop,78.8224,97.5763,0.0,0,0,1,66,322,322,54360276992,54360276992,7.697,0.018
google/gemma-3-1b-it,NVIDIA GeForce RTX 5060 Ti,42,HotpotQA,5,16,572,multi-hop,74.6399,0.0,65.4921,0,1,0,6,262,262,35989225472,35989225472,7.697,0.018
google/gemma-3-1b-it,NVIDIA GeForce RTX 5060 Ti,42,HotpotQA,5,16,573,multi-hop,61.2388,0.0,0.0,0,1,1,117,373,373,72943665152,72943665152,7.697,0.018
google/gemma-3-1b-it,NVIDIA GeForce RTX 5060 Ti,42,HotpotQA,5,16,574,semantic,28.2003,0.0,0.0,0,1,1,102,337,358,59542863872,67194847232,7.697,0.018
google/gemma-3-1b-it,NVIDIA GeForce RTX 5060 Ti,42,HotpotQA,5,16,575,multi-hop,77.9122,59.0176,86.2481,0,0,0,31,287,287,43185078272,43185078272,7.697,0.018
google/gemma-3-1b-it,NVIDIA GeForce RTX 5060 Ti,42,HotpotQA,5,16,576,structural,69.1123,0.0,0.0,0,1,1,65,321,321,54023159808,54023159808,7.697,0.018
google/gemma-3-1b-it,NVIDIA GeForce RTX 5060 Ti,42,HotpotQA,5,16,577,multi-hop,62.4084,0.0,41.7595,0,1,0,68,324,324,55037657088,55037657088,7.697,0.018
google/gemma-3-1b-it,NVIDIA GeForce RTX 5060 Ti,42,HotpotQA,5,16,578,structural,31.2539,70.822,0.0,0,0,1,5,261,261,35715022848,35715022848,7.697,0.018
google/gemma-3-1b-it,NVIDIA GeForce RTX 5060 Ti,42,HotpotQA,5,16,579,multi-hop,42.8734,48.6756,58.3686,0,0,0,63,319,319,53352071168,53352071168,7.697,0.018
google/gemma-3-1b-it,NVIDIA GeForce RTX 5060 Ti,42,HotpotQA,5,16,580,multi-hop,70.7174,0.0,68.9255,0,1,0,183,439,439,101041307648,101041307648,7.697,0.018
google/gemma-3-1b-it,NVIDIA GeForce RTX 5060 Ti,42,HotpotQA,5,16,581,semantic,70.8797,0.0,0.0,0,1,1,82,338,338,59896758272,59896758272,7.697,0.018
google/gemma-3-1b-it,NVIDIA GeForce RTX 5060 Ti,42,HotpotQA,5,16,582,semantic,61.1367,0.0,0.0,0,1,1,98,354,354,65701675008,65701675008,7.697,0.018
google/gemma-3-1b-it,NVIDIA GeForce RTX 5060 Ti,42,HotpotQA,5,16,583,multi-hop,60.8658,37.4836,52.1221,0,0,0,106,362,362,68704796672,68704796672,7.697,0.018
google/gemma-3-1b-it,NVIDIA GeForce RTX 5060 Ti,42,HotpotQA,5,16,584,multi-hop,33.0099,34.3326,0.0,0,0,1,70,326,326,55719231488,55719231488,7.697,0.018
google/gemma-3-1b-it,NVIDIA GeForce RTX 5060 Ti,42,HotpotQA,5,16,585,multi-hop,41.6688,0.0,0.0,0,1,1,99,355,355,66073395200,66073395200,7.697,0.018
google/gemma-3-1b-it,NVIDIA GeForce RTX 5060 Ti,42,HotpotQA,5,16,586,semantic,60.2005,0.0,0.0,0,1,1,60,316,316,52353302528,52353302528,7.697,0.018
google/gemma-3-1b-it,NVIDIA GeForce RTX 5060 Ti,42,HotpotQA,5,16,587,semantic,73.0703,0.0,0.0,0,1,1,123,379,379,75309252608,75309252608,7.697,0.018
google/gemma-3-1b-it,NVIDIA GeForce RTX 5060 Ti,42,HotpotQA,5,16,588,multi-hop,43.9991,67.9525,38.7998,0,0,0,116,372,372,72553070592,72553070592,7.697,0.018
google/gemma-3-1b-it,NVIDIA GeForce RTX 5060 Ti,42,HotpotQA,5,16,589,semantic,0.0,0.0,0.0,1,1,1,99,355,355,66073395200,66073395200,7.697,0.018
google/gemma-3-1b-it,NVIDIA GeForce RTX 5060 Ti,42,HotpotQA,5,16,590,structural,44.2873,36.2536,0.0,0,0,1,91,347,347,63128993792,63128993792,7.697,0.018
google/gemma-3-1b-it,NVIDIA GeForce RTX 5060 Ti,42,HotpotQA,5,16,591,semantic,71.3556,0.0,0.0,0,1,1,17,273,273,39074660352,39074660352,7.697,0.018
google/gemma-3-1b-it,NVIDIA GeForce RTX 5060 Ti,42,HotpotQA,5,16,592,structural,51.529,0.0,73.5557,0,1,0,94,350,350,64225280000,64225280000,7.697,0.018
google/gemma-3-1b-it,NVIDIA GeForce RTX 5060 Ti,42,HotpotQA,5,16,593,semantic,53.4509,0.0,0.0,0,1,1,96,352,352,64961380352,64961380352,7.697,0.018
google/gemma-3-1b-it,NVIDIA GeForce RTX 5060 Ti,42,HotpotQA,5,16,594,structural,32.2437,56.5012,52.7716,0,0,0,102,358,358,67194847232,67194847232,7.697,0.018
google/gemma-3-1b-it,NVIDIA GeForce RTX 5060 Ti,42,HotpotQA,5,16,595,multi-hop,77.781,63.4423,49.5031,0,0,0,83,339,339,60251701248,60251701248,7.697,0.018
google/gemma-3-1b-it,NVIDIA GeForce RTX 5060 Ti,42,HotpotQA,5,16,596,multi-hop,68.7288,54.2365,71.8764,0,0,0,148,404,404,85572190208,85572190208,7.697,0.018
google/gemma-3-1b-it,NVIDIA GeForce RTX 5060 Ti,42,HotpotQA,5,16,597,semantic,48.9243,0.0,0.0,0,1,1,76,332,332,57789120512,57789120512,7.697,0.018
google/gemma-3-1b-it,NVIDIA GeForce RTX 5060 Ti,42,HotpotQA,5,16,598,multi-hop,49.0044,54.8341,45.5617,0,0,0,65,321,321,54023159808,54023159808,7.697,0.018
google/gemma-3-1b-it,NVIDIA GeForce RTX 5060 Ti,42,HotpotQA,5,16,599,multi-hop,0.0,0.0,0.0,1,1,1,94,350,350,64225280000,64225280000,7.697,0.018
google/gemma-3-1b-it,NVIDIA GeForce RTX 5060 Ti,42,HotpotQA,6,16,0,structural,72.619,51.4045,0.0,0,0,1,102,358,358,67194847232,67194847232,7.697,0.018
google/gemma-3-1b-it,NVIDIA GeForce RTX 5060 Ti,42,HotpotQA,6,16,1,multi-hop,62.5352,0.0,0.0,0,1,1,35,291,291,44397232128,44397232128,7.697,0.018
google/gemma-3-1b-it,NVIDIA GeForce RTX 5060 Ti,42,HotpotQA,6,16,2,multi-hop,51.9921,0.0,0.0,0,1,1,104,360,360,67947724800,67947724800,7.697,0.018
google/gemma-3-1b-it,NVIDIA GeForce RTX 5060 Ti,42,HotpotQA,6,16,3,semantic,51.558,0.0,0.0,0,1,1,129,385,385,77712588800,77712588800,7.697,0.018
google/gemma-3-1b-it,NVIDIA GeForce RTX 5060 Ti,42,HotpotQA,6,16,4,structural,49.3567,73.8127,81.3261,0,0,0,124,380,380,75707187200,75707187200,7.697,0.018
google/gemma-3-1b-it,NVIDIA GeForce RTX 5060 Ti,42,HotpotQA,6,16,5,multi-hop,37.5274,0.0,0.0,0,1,1,96,352,352,64961380352,64961380352,7.697,0.018
google/gemma-3-1b-it,NVIDIA GeForce RTX 5060 Ti,42,HotpotQA,6,16,6,structural,43.9358,42.5918,45.618,0,0,0,82,338,338,59896758272,59896758272,7.697,0.018
google/gemma-3-1b-it,NVIDIA GeForce RTX 5060 Ti,42,HotpotQA,6,16,7,multi-hop,62.8721,48.0605,44.8651,0,0,0,71,327,327,56061591552,56061591552,7.697,0.018
google/gemma-3-1b-it,NVIDIA GeForce RTX 5060 Ti,42,HotpotQA,6,16,8,multi-hop,35.936,0.0,0.0,0,1,1,76,332,332,57789120512,57789120512,7.697,0.018
google/gemma-3-1b-it,NVIDIA GeForce RTX 5060 Ti,42,HotpotQA,6,16,9,structural,84.9803,95.3664,0.0,0,0,1,93,349,349,63858802688,63858802688,7.697,0.018
google/gemma-3-1b-it,NVIDIA GeForce RTX 5060 Ti,42,HotpotQA,6,16,10,multi-hop,49.7441,0.0,79.3168,0,1,0,12,234,268,28707913728,37656461312,7.697,0.018
google/gemma-3-1b-it,NVIDIA GeForce RTX 5060 Ti,42,HotpotQA,6,16,11,semantic,59.5459,0.0,0.0,0,1,1,81,337,337,59542863872,59542863872,7.697,0.018
google/gemma-3-1b-it,NVIDIA GeForce RTX 5060 Ti,42,HotpotQA,6,16,12,semantic,57.6014,0.0,0.0,0,1,1,49,305,305,48771891200,48771891200,7.697,0.018
google/gemma-3-1b-it,NVIDIA GeForce RTX 5060 Ti,42,HotpotQA,6,16,13,semantic,68.0673,0.0,0.0,0,1,1,40,296,296,45936017408,45936017408,7.697,0.018
google/gemma-3-1b-it,NVIDIA GeForce RTX 5060 Ti,42,HotpotQA,6,16,14,multi-hop,61.2379,0.0,40.4833,0,1,0,24,280,280,41104179200,41104179200,7.697,0.018
google/gemma-3-1b-it,NVIDIA GeForce RTX 5060 Ti,42,HotpotQA,6,16,15,structural,64.0283,0.0,0.0,0,1,1,127,383,383,76907282432,76907282432,7.697,0.018
google/gemma-3-1b-it,NVIDIA GeForce RTX 5060 Ti,42,HotpotQA,6,16,16,structural,68.1641,0.0,0.0,0,1,1,96,352,352,64961380352,64961380352,7.697,0.018
google/gemma-3-1b-it,NVIDIA GeForce RTX 5060 Ti,42,HotpotQA,6,16,17,semantic,62.0195,0.0,0.0,0,1,1,2,18,140,169869312,10276044800,7.697,0.018
google/gemma-3-1b-it,NVIDIA GeForce RTX 5060 Ti,42,HotpotQA,6,16,18,semantic,88.4311,0.0,75.1875,0,1,0,126,382,382,76506202112,76506202112,7.697,0.018
google/gemma-3-1b-it,NVIDIA GeForce RTX 5060 Ti,42,HotpotQA,6,16,19,multi-hop,98.2815,55.4872,54.7477,0,0,0,60,316,316,52353302528,52353302528,7.697,0.018
google/gemma-3-1b-it,NVIDIA GeForce RTX 5060 Ti,42,HotpotQA,6,16,20,multi-hop,62.5604,76.3798,89.942,0,0,0,120,376,376,74121740288,74121740288,7.697,0.018
google/gemma-3-1b-it,NVIDIA GeForce RTX 5060 Ti,42,HotpotQA,6,16,21,multi-hop,52.576,0.0,71.4759,0,1,0,85,341,341,60964732928,60964732928,7.697,0.018
google/gemma-3-1b-it,NVIDIA GeForce RTX 5060 Ti,42,HotpotQA,6,16,22,structural,53.5692,0.0,0.0,0,1,1,88,344,344,62042144768,62042144768,7.697,0.018
google/gemma-3-1b-it,NVIDIA GeForce RTX 5060 Ti,42,HotpotQA,6,16,23,semantic,54.2016,0.0,0.0,0,1,1,72,328,328,56405000192,56405000192,7.697,0.018
google/gemma-3-1b-it,NVIDIA GeForce RTX 5060 Ti,42,HotpotQA,6,16,24,semantic,42.5587,0.0,72.4418,0,1,0,127,383,383,76907282432,76907282432,7.697,0.018
google/gemma-3-1b-it,NVIDIA GeForce RTX 5060 Ti,42,HotpotQA,6,16,25,multi-hop,73.9602,0.0,0.0,0,1,1,26,282,282,41693478912,41693478912,7.697,0.018
google/gemma-3-1b-it,NVIDIA GeForce RTX 5060 Ti,42,HotpotQA,6,16,26,multi-hop,87.0354,0.0,0.0,0,1,1,82,338,338,59896758272,59896758272,7.697,0.018
google/gemma-3-1b-it,NVIDIA GeForce RTX 5060 Ti,42,HotpotQA,6,16,27,multi-hop,65.2926,78.0621,0.0,0,0,1,122,378,378,74912366592,74912366592,7.697,0.018
google/gemma-3-1b-it,NVIDIA GeForce RTX 5060 Ti,42,HotpotQA,6,16,28,semantic,67.2308,0.0,93.0909,0,1,0,75,331,331,57441517568,57441517568,7.697,0.018
google/gemma-3-1b-it,NVIDIA GeForce RTX 5060 Ti,42,HotpotQA,6,16,29,structural,83.3714,71.2759,43.747,0,0,0,75,331,331,57441517568,57441517568,7.697,0.018
google/gemma-3-1b-it,NVIDIA GeForce RTX 5060 Ti,42,HotpotQA,6,16,30,multi-hop,39.4216,61.4676,0.0,0,0,1,14,270,270,38220595200,38220595200,7.697,0.018
google/gemma-3-1b-it,NVIDIA GeForce RTX 5060 Ti,42,HotpotQA,6,16,31,multi-hop,63.9283,0.0,58.0691,0,1,0,91,347,347,63128993792,63128993792,7.697,0.018
google/gemma-3-1b-it,NVIDIA GeForce RTX 5060 Ti,42,HotpotQA,6,16,32,semantic,50.7662,0.0,0.0,0,1,1,119,375,375,73728000000,73728000000,7.697,0.018
google/gemma-3-1b-it,NVIDIA GeForce RTX 5060 Ti,42,HotpotQA,6,16,33,structural,86.7229,35.1927,0.0,0,0,1,87,343,343,61681958912,61681958912,7.697,0.018
google/gemma-3-1b-it,NVIDIA GeForce RTX 5060 Ti,42,HotpotQA,6,16,34,structural,49.5412,31.6948,38.7411,0,0,0,96,352,352,64961380352,64961380352,7.697,0.018
google/gemma-3-1b-it,NVIDIA GeForce RTX 5060 Ti,42,HotpotQA,6,16,35,semantic,0.0,0.0,0.0,1,1,1,14,270,270,38220595200,38220595200,7.697,0.018
google/gemma-3-1b-it,NVIDIA GeForce RTX 5060 Ti,42,HotpotQA,6,16,36,structural,74.9227,86.7629,73.8824,0,0,0,100,356,356,66446163968,66446163968,7.697,0.018
google/gemma-3-1b-it,NVIDIA GeForce RTX 5060 Ti,42,HotpotQA,6,16,37,multi-hop,60.6931,0.0,0.0,0,1,1,81,337,337,59542863872,59542863872,7.697,0.018
google/gemma-3-1b-it,NVIDIA GeForce RTX 5060 Ti,42,HotpotQA,6,16,38,multi-hop,46.7849,0.0,76.1325,0,1,0,109,365,365,69848268800,69848268800,7.697,0.018
google/gemma-3-1b-it,NVIDIA GeForce RTX 5060 Ti,42,HotpotQA,6,16,39,multi-hop,62.2937,78.2788,60.8637,0,0,0,81,337,337,59542863872,59542863872,7.697,0.018
google/gemma-3-1b-it,NVIDIA GeForce RTX 5060 Ti,42,HotpotQA,6,16,40,semantic,61.358,0.0,81.0144,0,1,0,96,352,352,64961380352,64961380352,7.697,0.018
google/gemma-3-1b-it,NVIDIA GeForce RTX 5060 Ti,42,HotpotQA,6,16,41,multi-hop,67.8608,34.9178,0.0,0,0,1,95,351,351,64592805888,64592805888,7.697,0.018
google/gemma-3-1b-it,NVIDIA GeForce RTX 5060 Ti,42,HotpotQA,6,16,42,semantic,49.23,0.0,0.0,0,1,1,102,358,358,67194847232,67194847232,7.697,0.018
google/gemma-3-1b-it,NVIDIA GeForce RTX 5060 Ti,42,HotpotQA,6,16,43,semantic,93.5766,0.0,0.0,0,1,1,84,340,340,60607692800,60607692800,7.697,0.018
google/gemma-3-1b-it,NVIDIA GeForce RTX 5060 Ti,42,HotpotQA,6,16,44,multi-hop,58.5753,63.6467,92.0875,0,0,0,95,351,351,64592805888,64592805888,7.697,0.018
google/gemma-3-1b-it,NVIDIA GeForce RTX 5060 Ti,42,HotpotQA,6,16,45,structural,57.9625,95.4654,83.8199,0,0,0,93,349,349,63858802688,63858802688,7.697,0.018
google/gemma-3-1b-it,NVIDIA GeForce RTX 5060 Ti,42,HotpotQA,6,16,46,structural,76.8458,0.0,0.0,0,1,1,127,383,383,76907282432,76907282432,7.697,0.018
google/gemma-3-1b-it,NVIDIA GeForce RTX 5060 Ti,42,HotpotQA,6,16,47,semantic,0.0,0.0,0.0,1,1,1,9,265,265,36818124800,36818124800,7.697,0.018
google/gemma-3-1b-it,NVIDIA GeForce RTX 5060 Ti,42,HotpotQA,6,16,48,multi-hop,0.0,0.0,39.3069,1,1,0,108,364,364,69466062848,69466062848,7.697,0.018
google/gemma-3-1b-it,NVIDIA GeForce RTX 5060 Ti,42,HotpotQA,6,16,49,structural,79.7922,0.0,0.0,0,1,1,7,263,263,36264476672,36264476672,7.697,0.018
google/gemma-3-1b-it,NVIDIA GeForce RTX 5060 Ti,42,HotpotQA,6,16,50,multi-hop,41.8363,0.0,54.0828,0,1,0,69,325,325,55377920000,55377920000,7.697,0.018
google/gemma-3-1b-it,NVIDIA GeForce RTX 5060 Ti,42,HotpotQA,6,16,51,structural,68.4991,76.3132,71.7542,0,0,0,69,325,325,55377920000,55377920000,7.697,0.018
google/gemma-3-1b-it,NVIDIA GeForce RTX 5060 Ti,42,HotpotQA,6,16,52,semantic,40.2608,0.0,0.0,0,1,1,68,324,324,55037657088,55037657088,7.697,0.018
google/gemma-3-1b-it,NVIDIA GeForce RTX 5060 Ti,42,HotpotQA,6,16,53,structural,55.3621,60.4315,50.3304,0,0,0,10,223,266,26072317952,37096521728,7.697,0.018
google/gemma-3-1b-it,NVIDIA GeForce RTX 5060 Ti,42,HotpotQA,6,16,54,structural,40.9615,62.2764,69.6203,0,0,0,108,364,364,69466062848,69466062848,7.697,0.018
google/gemma-3-1b-it,NVIDIA GeForce RTX 5060 Ti,42,HotpotQA,6,16,55,semantic,93.3564,0.0,0.0,0,1,1,125,381,381,76106170368,76106170368,7.697,0.018
google/gemma-3-1b-it,NVIDIA GeForce RTX 5060 Ti,42,HotpotQA,6,16,56,multi-hop,83.4307,0.0,0.0,0,1,1,109,365,365,69848268800,69848268800,7.697,0.018
google/gemma-3-1b-it,NVIDIA GeForce RTX 5060 Ti,42,HotpotQA,6,16,57,structural,32.2783,66.6338,87.9048,0,0,0,37,293,293,45009600512,45009600512,7.697,0.018
google/gemma-3-1b-it,NVIDIA GeForce RTX 5060 Ti,42,HotpotQA,6,16,58,multi-hop,76.5763,0.0,0.0,0,1,1,87,343,343,61681958912,61681958912,7.697,0.018
google/gemma-3-1b-it,NVIDIA GeForce RTX 5060 Ti,42,HotpotQA,6,16,59,semantic,52.1587,0.0,0.0,0,1,1,14,270,270,38220595200,38220595200,7.697,0.018
google/gemma-3-1b-it,NVIDIA GeForce RTX 5060 Ti,42,HotpotQA,6,16,60,semantic,69.697,0.0,0.0,0,1,1,3,106,259,5890899968,35169763328,7.697,0.018
google/gemma-3-1b-it,NVIDIA GeForce RTX 5060 Ti,42,HotpotQA,6,16,61,structural,52.4697,0.0,0.0,0,1,1,112,368,368,71001178112,71001178112,7.697,0.018
google/gemma-3-1b-it,NVIDIA GeForce RTX 5060 Ti,42,HotpotQA,6,16,62,semantic,61.6701,0.0,74.939,0,1,0,99,355,355,66073395200,66073395200,7.697,0.018
google/gemma-3-1b-it,NVIDIA GeForce RTX 5060 Ti,42,HotpotQA,6,16,63,multi-hop,63.4453,37.8196,0.0,0,0,1,115,371,371,72163524608,72163524608,7.697,0.018
google/gemma-3-1b-it,NVIDIA GeForce RTX 5060 Ti,42,HotpotQA,6,16,64,multi-hop,73.5653,0.0,0.0,0,1,1,86,342,342,61322821632,61322821632,7.697,0.018
google/gemma-3-1b-it,NVIDIA GeForce RTX 5060 Ti,42,HotpotQA,6,16,65,multi-hop,72.8346,64.8941,0.0,0,0,1,10,223,266,26072317952,37096521728,7.697,0.018
google/gemma-3-1b-it,NVIDIA GeForce RTX 5060 Ti,42,HotpotQA,6,16,66,multi-hop,52.6516,44.1591,76.9066,0,0,0,8,264,264,36540776448,36540776448,7.697,0.018
google/gemma-3-1b-it,NVIDIA GeForce RTX 5060 Ti,42,HotpotQA,6,16,67,semantic,81.1898,0.0,0.0,0,1,1,40,296,296,45936017408,45936017408,7.697,0.018
google/gemma-3-1b-it,NVIDIA GeForce RTX 5060 Ti,42,HotpotQA,6,16,68,structural,63.8122,55.0607,46.4633,0,0,0,41,297,297,46246920192,46246920192,7.697,0.018
google/gemma-3-1b-it,NVIDIA GeForce RTX 5060 Ti,42,HotpotQA,6,16,69,multi-hop,96.6776,0.0,62.7795,0,1,0,37,293,293,45009600512,45009600512,7.697,0.018
google/gemma-3-1b-it,NVIDIA GeForce RTX 5060 Ti,42,HotpotQA,6,16,70,structural,74.6213,89.9947,0.0,0,0,1,142,398,398,83049316352,83049316352,7.697,0.018
google/gemma-3-1b-it,NVIDIA GeForce RTX 5060 Ti,42,HotpotQA,6,16,71,multi-hop,95.4239,67.2727,91.7804,0,0,0,204,460,460,110939340800,110939340800,7.697,0.018
google/gemma-3-1b-it,NVIDIA GeForce RTX 5060 Ti,42,HotpotQA,6,16,72,semantic,58.4092,0.0,44.5384,0,1,0,99,355,355,66073395200,66073395200,7.697,0.018
google/gemma-3-1b-it,NVIDIA GeForce RTX 5060 Ti,42,HotpotQA,6,16,73,multi-hop,94.1417,80.7192,72.5841,0,0,0,49,305,305,48771891200,48771891200,7.697,0.018
google/gemma-3-1b-it,NVIDIA GeForce RTX 5060 Ti,42,HotpotQA,6,16,74,multi-hop,80.9283,79.4197,35.5841,0,0,0,77,333,333,58137772032,58137772032,7.697,0.018
google/gemma-3-1b-it,NVIDIA GeForce RTX 5060 Ti,42,HotpotQA,6,16,75,structural,51.5491,86.08,70.0002,0,0,0,14,103,219,5562171392,25145376768,7.697,0.018
google/gemma-3-1b-it,NVIDIA GeForce RTX 5060 Ti,42,HotpotQA,6,16,76,multi-hop,88.6932,0.0,0.0,0,1,1,4,17,19,151519232,189267968,7.697,0.018
google/gemma-3-1b-it,NVIDIA GeForce RTX 5060 Ti,42,HotpotQA,6,16,77,semantic,63.0817,0.0,47.0936,0,1,0,115,371,371,72163524608,72163524608,7.697,0.018
google/gemma-3-1b-it,NVIDIA GeForce RTX 5060 Ti,42,HotpotQA,6,16,78,semantic,66.5267,0.0,54.7008,0,1,0,125,381,381,76106170368,76106170368,7.697,0.018
google/gemma-3-1b-it,NVIDIA GeForce RTX 5060 Ti,42,HotpotQA,6,16,79,semantic,58.9614,0.0,71.8452,0,1,0,102,358,358,67194847232,67194847232,7.697,0.018
google/gemma-3-1b-it,NVIDIA GeForce RTX 5060 Ti,42,HotpotQA,6,16,80,structural,90.462,41.4073,46.4441,0,0,0,101,357,357,66819981312,66819981312,7.697,0.018
google/gemma-3-1b-it,NVIDIA GeForce RTX 5060 Ti,42,HotpotQA,6,16,81,multi-hop,72.6097,0.0,0.0,0,1,1,87,343,343,61681958912,61681958912,7.697,0.018
google/gemma-3-1b-it,NVIDIA GeForce RTX 5060 Ti,42,HotpotQA,6,16,82,multi-hop,80.8645,0.0,0.0,0,1,1,99,355,355,66073395200,66073395200,7.697,0.018
google/gemma-3-1b-it,NVIDIA GeForce RTX 5060 Ti,42,HotpotQA,6,16,83,structural,54.6752,67.5869,41.3729,0,0,0,122,378,378,74912366592,74912366592,7.697,0.018
google/gemma-3-1b-it,NVIDIA GeForce RTX 5060 Ti,42,HotpotQA,6,16,84,semantic,53.9848,0.0,0.0,0,1,1,121,377,377,74516529152,74516529152,7.697,0.018
google/gemma-3-1b-it,NVIDIA GeForce RTX 5060 Ti,42,HotpotQA,6,16,85,semantic,72.4984,0.0,49.815,0,1,0,80,336,336,59190018048,59190018048,7.697,0.018
google/gemma-3-1b-it,NVIDIA GeForce RTX 5060 Ti,42,HotpotQA,6,16,86,multi-hop,0.0,0.0,0.0,1,1,1,104,360,360,67947724800,67947724800,7.697,0.018
google/gemma-3-1b-it,NVIDIA GeForce RTX 5060 Ti,42,HotpotQA,6,16,87,multi-hop,54.1405,0.0,0.0,0,1,1,101,357,357,66819981312,66819981312,7.697,0.018
google/gemma-3-1b-it,NVIDIA GeForce RTX 5060 Ti,42,HotpotQA,6,16,88,multi-hop,43.5128,73.7507,34.3217,0,0,0,90,346,346,62765662208,62765662208,7.697,0.018
google/gemma-3-1b-it,NVIDIA GeForce RTX 5060 Ti,42,HotpotQA,6,16,89,multi-hop,53.6341,0.0,0.0,0,1,1,70,326,326,55719231488,55719231488,7.697,0.018
google/gemma-3-1b-it,NVIDIA GeForce RTX 5060 Ti,42,HotpotQA,6,16,90,semantic,53.2985,0.0,0.0,0,1,1,63,319,319,53352071168,53352071168,7.697,0.018
google/gemma-3-1b-it,NVIDIA GeForce RTX 5060 Ti,42,HotpotQA,6,16,91,multi-hop,54.4578,93.7827,40.9517,0,0,0,7,263,263,36264476672,36264476672,7.697,0.018
google/gemma-3-1b-it,NVIDIA GeForce RTX 5060 Ti,42,HotpotQA,6,16,92,semantic,98.5617,0.0,0.0,0,1,1,99,355,355,66073395200,66073395200,7.697,0.018
google/gemma-3-1b-it,NVIDIA GeForce RTX 5060 Ti,42,HotpotQA,6,16,93,semantic,0.0,0.0,58.1353,1,1,0,80,336,336,59190018048,59190018048,7.697,0.018
google/gemma-3-1b-it,NVIDIA GeForce RTX 5060 Ti,42,HotpotQA,6,16,94,semantic,50.6686,0.0,59.1444,0,1,0,12,234,268,28707913728,37656461312,7.697,0.018
google/gemma-3-1b-it,NVIDIA GeForce RTX 5060 Ti,42,HotpotQA,6,16,95,semantic,54.153,0.0,55.1157,0,1,0,85,341,341,60964732928,60964732928,7.697,0.018
google/gemma-3-1b-it,NVIDIA GeForce RTX 5060 Ti,42,HotpotQA,6,16,96,multi-hop,75.3103,67.5111,0.0,0,0,1,3,259,259,35169763328,35169763328,7.697,0.018
google/gemma-3-1b-it,NVIDIA GeForce RTX 5060 Ti,42,HotpotQA,6,16,97,structural,73.8118,78.6023,57.5959,0,0,0,106,362,362,68704796672,68704796672,7.697,0.018
google/gemma-3-1b-it,NVIDIA GeForce RTX 5060 Ti,42,HotpotQA,6,16,98,multi-hop,72.7239,0.0,0.0,0,1,1,4,35,116,642252800,7054819328,7.697,0.018
google/gemma-3-1b-it,NVIDIA GeForce RTX 5060 Ti,42,HotpotQA,6,16,99,semantic,50.1266,0.0,82.947,0,1,0,35,291,291,44397232128,44397232128,7.697,0.018
google/gemma-3-1b-it,NVIDIA GeForce RTX 5060 Ti,42,HotpotQA,6,16,100,semantic,79.2658,0.0,0.0,0,1,1,47,303,303,48134356992,48134356992,7.697,0.018
google/gemma-3-1b-it,NVIDIA GeForce RTX 5060 Ti,42,HotpotQA,6,16,101,multi-hop,45.0799,79.8584,96.3669,0,0,0,104,360,360,67947724800,67947724800,7.697,0.018
google/gemma-3-1b-it,NVIDIA GeForce RTX 5060 Ti,42,HotpotQA,6,16,102,multi-hop,89.0018,0.0,0.0,0,1,1,106,362,362,68704796672,68704796672,7.697,0.018
google/gemma-3-1b-it,NVIDIA GeForce RTX 5060 Ti,42,HotpotQA,6,16,103,semantic,44.1455,0.0,87.4079,0,1,0,69,325,325,55377920000,55377920000,7.697,0.018
google/gemma-3-1b-it,NVIDIA GeForce RTX 5060 Ti,42,HotpotQA,6,16,104,multi-hop,52.7122,0.0,0.0,0,1,1,109,365,365,69848268800,69848268800,7.697,0.018
google/gemma-3-1b-it,NVIDIA GeForce RTX 5060 Ti,42,HotpotQA,6,16,105,semantic,68.6265,0.0,62.7499,0,1,0,110,366,366,70231523328,70231523328,7.697,0.018
google/gemma-3-1b-it,NVIDIA GeForce RTX 5060 Ti,42,HotpotQA,6,16,106,semantic,29.6303,0.0,0.0,0,1,1,2,17,17,151519232,151519232,7.697,0.018
google/gemma-3-1b-it,NVIDIA GeForce RTX 5060 Ti,42,HotpotQA,6,16,107,structural,33.6676,33.6354,0.0,0,0,1,105,361,361,68325736448,68325736448,7.697,0.018
google/gemma-3-1b-it,NVIDIA GeForce RTX 5060 Ti,42,HotpotQA,6,16,108,structural,51.0758,0.0,0.0,0,1,1,81,337,337,59542863872,59542863872,7.697,0.018
google/gemma-3-1b-it,NVIDIA GeForce RTX 5060 Ti,42,HotpotQA,6,16,109,multi-hop,51.397,63.056,68.9037,0,0,0,139,395,395,81802035200,81802035200,7.697,0.018
google/gemma-3-1b-it,NVIDIA GeForce RTX 5060 Ti,42,HotpotQA,6,16,110,multi-hop,51.6037,78.7853,66.9454,0,0,0,34,290,290,44092620800,44092620800,7.697,0.018
google/gemma-3-1b-it,NVIDIA GeForce RTX 5060 Ti,42,HotpotQA,6,16,111,multi-hop,87.1511,83.087,76.7138,0,0,0,16,272,255,38788923392,34091827200,7.697,0.018
google/gemma-3-1b-it,NVIDIA GeForce RTX 5060 Ti,42,HotpotQA,6,16,112,semantic,86.6156,0.0,0.0,0,1,1,122,378,378,74912366592,74912366592,7.697,0.018
google/gemma-3-1b-it,NVIDIA GeForce RTX 5060 Ti,42,HotpotQA,6,16,113,multi-hop,0.0,0.0,84.4737,1,1,0,91,347,347,63128993792,63128993792,7.697,0.018
google/gemma-3-1b-it,NVIDIA GeForce RTX 5060 Ti,42,HotpotQA,6,16,114,multi-hop,74.6089,0.0,64.9772,0,1,0,68,324,324,55037657088,55037657088,7.697,0.018
google/gemma-3-1b-it,NVIDIA GeForce RTX 5060 Ti,42,HotpotQA,6,16,115,multi-hop,0.0,0.0,0.0,1,1,1,35,291,291,44397232128,44397232128,7.697,0.018
google/gemma-3-1b-it,NVIDIA GeForce RTX 5060 Ti,42,HotpotQA,6,16,116,semantic,79.6194,0.0,0.0,0,1,1,40,296,296,45936017408,45936017408,7.697,0.018
google/gemma-3-1b-it,NVIDIA GeForce RTX 5060 Ti,42,HotpotQA,6,16,117,multi-hop,60.8934,0.0,0.0,0,1,1,88,344,344,62042144768,62042144768,7.697,0.018
google/gemma-3-1b-it,NVIDIA GeForce RTX 5060 Ti,42,HotpotQA,6,16,118,multi-hop,71.151,0.0,0.0,0,1,1,99,355,355,66073395200,66073395200,7.697,0.018
google/gemma-3-1b-it,NVIDIA GeForce RTX 5060 Ti,42,HotpotQA,6,16,119,multi-hop,34.5089,0.0,0.0,0,1,1,106,362,362,68704796672,68704796672,7.697,0.018
google/gemma-3-1b-it,NVIDIA GeForce RTX 5060 Ti,42,HotpotQA,6,16,120,structural,61.3558,69.2958,51.993,0,0,0,84,340,340,60607692800,60607692800,7.697,0.018
google/gemma-3-1b-it,NVIDIA GeForce RTX 5060 Ti,42,HotpotQA,6,16,121,multi-hop,37.0727,0.0,0.0,0,1,1,114,370,370,71775027200,71775027200,7.697,0.018
google/gemma-3-1b-it,NVIDIA GeForce RTX 5060 Ti,42,HotpotQA,6,16,122,semantic,0.0,0.0,0.0,1,1,1,121,377,377,74516529152,74516529152,7.697,0.018
google/gemma-3-1b-it,NVIDIA GeForce RTX 5060 Ti,42,HotpotQA,6,16,123,semantic,61.6705,0.0,61.4447,0,1,0,2,164,221,14101250048,25606750208,7.697,0.018
google/gemma-3-1b-it,NVIDIA GeForce RTX 5060 Ti,42,HotpotQA,6,16,124,multi-hop,35.9448,75.9565,56.076,0,0,0,2,132,17,9135194112,151519232,7.697,0.018
google/gemma-3-1b-it,NVIDIA GeForce RTX 5060 Ti,42,HotpotQA,6,16,125,semantic,73.9668,0.0,0.0,0,1,1,117,373,373,72943665152,72943665152,7.697,0.018
google/gemma-3-1b-it,NVIDIA GeForce RTX 5060 Ti,42,HotpotQA,6,16,126,semantic,77.9891,0.0,0.0,0,1,1,60,316,316,52353302528,52353302528,7.697,0.018
google/gemma-3-1b-it,NVIDIA GeForce RTX 5060 Ti,42,HotpotQA,6,16,127,multi-hop,60.9465,53.7904,39.223,0,0,0,35,291,223,44397232128,26072317952,7.697,0.018
google/gemma-3-1b-it,NVIDIA GeForce RTX 5060 Ti,42,HotpotQA,6,16,128,multi-hop,54.5452,0.0,0.0,0,1,1,117,373,373,72943665152,72943665152,7.697,0.018
google/gemma-3-1b-it,NVIDIA GeForce RTX 5060 Ti,42,HotpotQA,6,16,129,structural,70.7245,78.0955,92.4297,0,0,0,47,303,303,48134356992,48134356992,7.697,0.018
google/gemma-3-1b-it,NVIDIA GeForce RTX 5060 Ti,42,HotpotQA,6,16,130,semantic,41.7362,0.0,58.9835,0,1,0,94,350,350,64225280000,64225280000,7.697,0.018
google/gemma-3-1b-it,NVIDIA GeForce RTX 5060 Ti,42,HotpotQA,6,16,131,semantic,85.9622,0.0,0.0,0,1,1,126,382,382,76506202112,76506202112,7.697,0.018
google/gemma-3-1b-it,NVIDIA GeForce RTX 5060 Ti,42,HotpotQA,6,16,132,semantic,71.2616,0.0,0.0,0,1,1,99,355,355,66073395200,66073395200,7.697,0.018
google/gemma-3-1b-it,NVIDIA GeForce RTX 5060 Ti,42,HotpotQA,6,16,133,multi-hop,90.4027,0.0,0.0,0,1,1,99,355,355,66073395200,66073395200,7.697,0.018
google/gemma-3-1b-it,NVIDIA GeForce RTX 5060 Ti,42,HotpotQA,6,16,134,structural,72.1929,81.8253,89.3561,0,0,0,18,274,274,39361445888,39361445888,7.697,0.018
google/gemma-3-1b-it,NVIDIA GeForce RTX 5060 Ti,42,HotpotQA,6,16,135,multi-hop,41.962,0.0,0.0,0,1,1,58,314,314,51692699648,51692699648,7.697,0.018
google/gemma-3-1b-it,NVIDIA GeForce RTX 5060 Ti,42,HotpotQA,6,16,136,semantic,70.065,0.0,64.9203,0,1,0,19,275,275,39649280000,39649280000,7.697,0.018
google/gemma-3-1b-it,NVIDIA GeForce RTX 5060 Ti,42,HotpotQA,6,16,137,semantic,77.1628,0.0,0.0,0,1,1,57,313,313,51363971072,51363971072,7.697,0.018
google/gemma-3-1b-it,NVIDIA GeForce RTX 5060 Ti,42,HotpotQA,6,16,138,semantic,65.3474,0.0,0.0,0,1,1,76,332,332,57789120512,57789120512,7.697,0.018
google/gemma-3-1b-it,NVIDIA GeForce RTX 5060 Ti,42,HotpotQA,6,16,139,multi-hop,60.2813,52.5695,64.0897,0,0,0,119,375,375,73728000000,73728000000,7.697,0.018
google/gemma-3-1b-it,NVIDIA GeForce RTX 5060 Ti,42,HotpotQA,6,16,140,structural,51.452,60.0903,39.906,0,0,0,2,21,127,231211008,8456241152,7.697,0.018
google/gemma-3-1b-it,NVIDIA GeForce RTX 5060 Ti,42,HotpotQA,6,16,141,semantic,37.2637,0.0,0.0,0,1,1,66,322,322,54360276992,54360276992,7.697,0.018
google/gemma-3-1b-it,NVIDIA GeForce RTX 5060 Ti,42,HotpotQA,6,16,142,multi-hop,0.0,35.1946,31.231,1,0,0,20,276,276,39938162688,39938162688,7.697,0.018
google/gemma-3-1b-it,NVIDIA GeForce RTX 5060 Ti,42,HotpotQA,6,16,143,semantic,46.8147,0.0,0.0,0,1,1,82,338,338,59896758272,59896758272,7.697,0.018
google/gemma-3-1b-it,NVIDIA GeForce RTX 5060 Ti,42,HotpotQA,6,16,144,multi-hop,38.323,0.0,0.0,0,1,1,117,373,373,72943665152,72943665152,7.697,0.018
google/gemma-3-1b-it,NVIDIA GeForce RTX 5060 Ti,42,HotpotQA,6,16,145,multi-hop,64.0153,0.0,0.0,0,1,1,72,328,328,56405000192,56405000192,7.697,0.018
google/gemma-3-1b-it,NVIDIA GeForce RTX 5060 Ti,42,HotpotQA,6,16,146,multi-hop,46.2308,0.0,0.0,0,1,1,105,361,361,68325736448,68325736448,7.697,0.018
google/gemma-3-1b-it,NVIDIA GeForce RTX 5060 Ti,42,HotpotQA,6,16,147,multi-hop,48.4371,0.0,0.0,0,1,1,2,17,17,151519232,151519232,7.697,0.018
google/gemma-3-1b-it,NVIDIA GeForce RTX 5060 Ti,42,HotpotQA,6,16,148,multi-hop,83.823,57.7883,0.0,0,0,1,99,355,355,66073395200,66073395200,7.697,0.018
google/gemma-3-1b-it,NVIDIA GeForce RTX 5060 Ti,42,HotpotQA,6,16,149,multi-hop,61.8678,42.591,34.4873,0,0,0,134,390,390,79744204800,79744204800,7.697,0.018
google/gemma-3-1b-it,NVIDIA GeForce RTX 5060 Ti,42,HotpotQA,6,16,150,semantic,43.3155,0.0,48.0628,0,1,0,77,333,333,58137772032,58137772032,7.697,0.018
google/gemma-3-1b-it,NVIDIA GeForce RTX 5060 Ti,42,HotpotQA,6,16,151,structural,41.4311,0.0,0.0,0,1,1,35,291,291,44397232128,44397232128,7.697,0.018
google/gemma-3-1b-it,NVIDIA GeForce RTX 5060 Ti,42,HotpotQA,6,16,152,structural,54.9333,46.9036,0.0,0,0,1,129,385,385,77712588800,77712588800,7.697,0.018
google/gemma-3-1b-it,NVIDIA GeForce RTX 5060 Ti,42,HotpotQA,6,16,153,structural,55.8501,53.7574,0.0,0,0,1,85,341,341,60964732928,60964732928,7.697,0.018
google/gemma-3-1b-it,NVIDIA GeForce RTX 5060 Ti,42,HotpotQA,6,16,154,multi-hop,0.0,0.0,34.5177,1,1,0,35,291,291,44397232128,44397232128,7.697,0.018
google/gemma-3-1b-it,NVIDIA GeForce RTX 5060 Ti,42,HotpotQA,6,16,155,multi-hop,50.8677,0.0,0.0,0,1,1,67,323,323,54698442752,54698442752,7.697,0.018
google/gemma-3-1b-it,NVIDIA GeForce RTX 5060 Ti,42,HotpotQA,6,16,156,structural,57.7552,33.8561,63.0201,0,0,0,14,270,270,38220595200,38220595200,7.697,0.018
google/gemma-3-1b-it,NVIDIA GeForce RTX 5060 Ti,42,HotpotQA,6,16,157,multi-hop,48.9654,0.0,0.0,0,1,1,75,331,331,57441517568,57441517568,7.697,0.018
google/gemma-3-1b-it,NVIDIA GeForce RTX 5060 Ti,42,HotpotQA,6,16,158,multi-hop,58.089,0.0,0.0,0,1,1,159,415,415,90295500800,90295500800,7.697,0.018
google/gemma-3-1b-it,NVIDIA GeForce RTX 5060 Ti,42,HotpotQA,6,16,159,structural,66.1571,35.5591,35.5859,0,0,0,69,325,325,55377920000,55377920000,7.697,0.018
google/gemma-3-1b-it,NVIDIA GeForce RTX 5060 Ti,42,HotpotQA,6,16,160,semantic,38.2202,0.0,0.0,0,1,1,17,273,273,39074660352,39074660352,7.697,0.018
google/gemma-3-1b-it,NVIDIA GeForce RTX 5060 Ti,42,HotpotQA,6,16,161,multi-hop,36.5358,0.0,47.5715,0,1,0,64,320,320,53687091200,53687091200,7.697,0.018
google/gemma-3-1b-it,NVIDIA GeForce RTX 5060 Ti,42,HotpotQA,6,16,162,multi-hop,54.4692,39.7117,45.863,0,0,0,81,337,337,59542863872,59542863872,7.697,0.018
google/gemma-3-1b-it,NVIDIA GeForce RTX 5060 Ti,42,HotpotQA,6,16,163,multi-hop,35.9669,62.4286,0.0,0,0,1,106,362,362,68704796672,68704796672,7.697,0.018
google/gemma-3-1b-it,NVIDIA GeForce RTX 5060 Ti,42,HotpotQA,6,16,164,semantic,40.8301,0.0,35.9585,0,1,0,20,276,276,39938162688,39938162688,7.697,0.018
google/gemma-3-1b-it,NVIDIA GeForce RTX 5060 Ti,42,HotpotQA,6,16,165,multi-hop,57.8951,0.0,55.5273,0,1,0,80,336,336,59190018048,59190018048,7.697,0.018
google/gemma-3-1b-it,NVIDIA GeForce RTX 5060 Ti,42,HotpotQA,6,16,166,multi-hop,37.8735,0.0,50.8357,0,1,0,96,352,352,64961380352,64961380352,7.697,0.018
google/gemma-3-1b-it,NVIDIA GeForce RTX 5060 Ti,42,HotpotQA,6,16,167,multi-hop,32.8691,43.1161,39.2991,0,0,0,35,291,223,44397232128,26072317952,7.697,0.018
google/gemma-3-1b-it,NVIDIA GeForce RTX 5060 Ti,42,HotpotQA,6,16,168,semantic,33.06,0.0,31.8612,0,1,0,20,276,276,39938162688,39938162688,7.697,0.018
google/gemma-3-1b-it,NVIDIA GeForce RTX 5060 Ti,42,HotpotQA,6,16,169,multi-hop,39.1851,42.6679,0.0,0,0,1,118,374,374,73335308288,73335308288,7.697,0.018
google/gemma-3-1b-it,NVIDIA GeForce RTX 5060 Ti,42,HotpotQA,6,16,170,multi-hop,47.7003,47.36,42.5726,0,0,0,5,161,261,13590069248,35715022848,7.697,0.018
google/gemma-3-1b-it,NVIDIA GeForce RTX 5060 Ti,42,HotpotQA,6,16,171,multi-hop,41.8838,0.0,69.697,0,1,0,91,347,347,63128993792,63128993792,7.697,0.018
google/gemma-3-1b-it,NVIDIA GeForce RTX 5060 Ti,42,HotpotQA,6,16,172,structural,30.5163,0.0,51.3671,0,1,0,6,262,262,35989225472,35989225472,7.697,0.018
google/gemma-3-1b-it,NVIDIA GeForce RTX 5060 Ti,42,HotpotQA,6,16,173,multi-hop,37.4888,45.4856,48.222,0,0,0,53,309,309,50059542528,50059542528,7.697,0.018
google/gemma-3-1b-it,NVIDIA GeForce RTX 5060 Ti,42,HotpotQA,6,16,174,semantic,29.6184,0.0,0.0,0,1,1,106,362,362,68704796672,68704796672,7.697,0.018
google/gemma-3-1b-it,NVIDIA GeForce RTX 5060 Ti,42,HotpotQA,6,16,175,multi-hop,49.2045,49.8967,47.5423,0,0,0,20,276,276,39938162688,39938162688,7.697,0.018
google/gemma-3-1b-it,NVIDIA GeForce RTX 5060 Ti,42,HotpotQA,6,16,176,multi-hop,31.8341,0.0,65.4989,0,1,0,108,364,364,69466062848,69466062848,7.697,0.018
google/gemma-3-1b-it,NVIDIA GeForce RTX 5060 Ti,42,HotpotQA,6,16,177,multi-hop,40.6645,0.0,33.4561,0,1,0,114,370,370,71775027200,71775027200,7.697,0.018
google/gemma-3-1b-it,NVIDIA GeForce RTX 5060 Ti,42,HotpotQA,6,16,178,structural,53.3718,27.0397,31.7309,0,0,0,98,354,354,65701675008,65701675008,7.697,0.018
google/gemma-3-1b-it,NVIDIA GeForce RTX 5060 Ti,42,HotpotQA,6,16,179,structural,27.7257,55.6829,42.1171,0,0,0,49,305,305,48771891200,48771891200,7.697,0.018
google/gemma-3-1b-it,NVIDIA GeForce RTX 5060 Ti,42,HotpotQA,6,16,180,semantic,34.4452,0.0,0.0,0,1,1,93,349,349,63858802688,63858802688,7.697,0.018
google/gemma-3-1b-it,NVIDIA GeForce RTX 5060 Ti,42,HotpotQA,6,16,181,structural,44.6168,46.1612,29.3443,0,0,0,108,364,364,69466062848,69466062848,7.697,0.018
google/gemma-3-1b-it,NVIDIA GeForce RTX 5060 Ti,42,HotpotQA,6,16,182,multi-hop,30.4242,0.0,0.0,0,1,1,2,17,17,151519232,151519232,7.697,0.018
google/gemma-3-1b-it,NVIDIA GeForce RTX 5060 Ti,42,HotpotQA,6,16,183,multi-hop,26.518,0.0,47.3454,0,1,0,114,370,370,71775027200,71775027200,7.697,0.018
google/gemma-3-1b-it,NVIDIA GeForce RTX 5060 Ti,42,HotpotQA,6,16,184,structural,38.1974,44.0187,39.9095,0,0,0,13,244,269,31214010368,37938003968,7.697,0.018
google/gemma-3-1b-it,NVIDIA GeForce RTX 5060 Ti,42,HotpotQA,6,16,185,multi-hop,56.7096,0.0,40.969,0,1,0,94,350,350,64225280000,64225280000,7.697,0.018
google/gemma-3-1b-it,NVIDIA GeForce RTX 5060 Ti,42,HotpotQA,6,16,186,semantic,52.4287,0.0,0.0,0,1,1,105,361,361,68325736448,68325736448,7.697,0.018
google/gemma-3-1b-it,NVIDIA GeForce RTX 5060 Ti,42,HotpotQA,6,16,187,multi-hop,42.7976,37.4563,41.5973,0,0,0,68,324,324,55037657088,55037657088,7.697,0.018
google/gemma-3-1b-it,NVIDIA GeForce RTX 5060 Ti,42,HotpotQA,6,16,188,multi-hop,38.8891,0.0,0.0,0,1,1,57,313,313,51363971072,51363971072,7.697,0.018
google/gemma-3-1b-it,NVIDIA GeForce RTX 5060 Ti,42,HotpotQA,6,16,189,structural,46.2938,43.8152,36.3915,0,0,0,24,280,280,41104179200,41104179200,7.697,0.018
google/gemma-3-1b-it,NVIDIA GeForce RTX 5060 Ti,42,HotpotQA,6,16,190,structural,58.8818,30.0199,45.3615,0,0,0,20,276,276,39938162688,39938162688,7.697,0.018
google/gemma-3-1b-it,NVIDIA GeForce RTX 5060 Ti,42,HotpotQA,6,16,191,structural,35.5289,0.0,30.4522,0,1,0,69,325,325,55377920000,55377920000,7.697,0.018
google/gemma-3-1b-it,NVIDIA GeForce RTX 5060 Ti,42,HotpotQA,6,16,192,multi-hop,39.7356,0.0,0.0,0,1,1,5,261,261,35715022848,35715022848,7.697,0.018
google/gemma-3-1b-it,NVIDIA GeForce RTX 5060 Ti,42,HotpotQA,6,16,193,semantic,54.4642,0.0,0.0,0,1,1,26,282,282,41693478912,41693478912,7.697,0.018
google/gemma-3-1b-it,NVIDIA GeForce RTX 5060 Ti,42,HotpotQA,6,16,194,multi-hop,51.3282,49.8281,0.0,0,0,1,4,260,260,35441868800,35441868800,7.697,0.018
google/gemma-3-1b-it,NVIDIA GeForce RTX 5060 Ti,42,HotpotQA,6,16,195,multi-hop,43.1407,32.5794,0.0,0,0,1,114,370,370,71775027200,71775027200,7.697,0.018
google/gemma-3-1b-it,NVIDIA GeForce RTX 5060 Ti,42,HotpotQA,6,16,196,multi-hop,47.699,0.0,0.0,0,1,1,14,103,219,5562171392,25145376768,7.697,0.018
google/gemma-3-1b-it,NVIDIA GeForce RTX 5060 Ti,42,HotpotQA,6,16,197,semantic,31.5805,0.0,46.0843,0,1,0,96,352,352,64961380352,64961380352,7.697,0.018
google/gemma-3-1b-it,NVIDIA GeForce RTX 5060 Ti,42,HotpotQA,6,16,198,semantic,0.0,0.0,0.0,1,1,1,14,250,222,32768000000,25839009792,7.697,0.018
google/gemma-3-1b-it,NVIDIA GeForce RTX 5060 Ti,42,HotpotQA,6,16,199,semantic,38.8314,0.0,0.0,0,1,1,106,362,362,68704796672,68704796672,7.697,0.018
google/gemma-3-1b-it,NVIDIA GeForce RTX 5060 Ti,42,HotpotQA,6,16,200,multi-hop,34.0328,39.4684,33.5753,0,0,0,2,164,221,14101250048,25606750208,7.697,0.018
google/gemma-3-1b-it,NVIDIA GeForce RTX 5060 Ti,42,HotpotQA,6,16,201,multi-hop,36.7347,0.0,0.0,0,1,1,47,303,303,48134356992,48134356992,7.697,0.018
google/gemma-3-1b-it,NVIDIA GeForce RTX 5060 Ti,42,HotpotQA,6,16,202,semantic,50.8665,0.0,52.3855,0,1,0,25,281,281,41398304768,41398304768,7.697,0.018
google/gemma-3-1b-it,NVIDIA GeForce RTX 5060 Ti,42,HotpotQA,6,16,203,semantic,45.1537,0.0,0.0,0,1,1,102,358,358,67194847232,67194847232,7.697,0.018
google/gemma-3-1b-it,NVIDIA GeForce RTX 5060 Ti,42,HotpotQA,6,16,204,multi-hop,39.2596,39.8352,29.3447,0,0,0,131,387,387,78522089472,78522089472,7.697,0.018
google/gemma-3-1b-it,NVIDIA GeForce RTX 5060 Ti,42,HotpotQA,6,16,205,multi-hop,30.0012,49.8533,0.0,0,0,1,128,384,384,77309411328,77309411328,7.697,0.018
google/gemma-3-1b-it,NVIDIA GeForce RTX 5060 Ti,42,HotpotQA,6,16,206,multi-hop,54.5487,0.0,0.0,0,1,1,105,361,361,68325736448,68325736448,7.697,0.018
google/gemma-3-1b-it,NVIDIA GeForce RTX 5060 Ti,42,HotpotQA,6,16,207,multi-hop,39.4656,0.0,0.0,0,1,1,148,404,404,85572190208,85572190208,7.697,0.018
google/gemma-3-1b-it,NVIDIA GeForce RTX 5060 Ti,42,HotpotQA,6,16,208,semantic,31.8337,0.0,0.0,0,1,1,10,223,266,26072317952,37096521728,7.697,0.018
google/gemma-3-1b-it,NVIDIA GeForce RTX 5060 Ti,42,HotpotQA,6,16,209,semantic,34.26,0.0,0.0,0,1,1,70,326,326,55719231488,55719231488,7.697,0.018
google/gemma-3-1b-it,NVIDIA GeForce RTX 5060 Ti,42,HotpotQA,6,16,210,multi-hop,36.6152,0.0,26.9559,0,1,0,125,381,381,76106170368,76106170368,7.697,0.018
google/gemma-3-1b-it,NVIDIA GeForce RTX 5060 Ti,42,HotpotQA,6,16,211,multi-hop,32.0593,55.6109,0.0,0,0,1,85,341,341,60964732928,60964732928,7.697,0.018
google/gemma-3-1b-it,NVIDIA GeForce RTX 5060 Ti,42,HotpotQA,6,16,212,semantic,44.0715,0.0,0.0,0,1,1,94,350,350,64225280000,64225280000,7.697,0.018
google/gemma-3-1b-it,NVIDIA GeForce RTX 5060 Ti,42,HotpotQA,6,16,213,structural,38.7565,30.9854,44.6492,0,0,0,64,320,320,53687091200,53687091200,7.697,0.018
google/gemma-3-1b-it,NVIDIA GeForce RTX 5060 Ti,42,HotpotQA,6,16,214,multi-hop,43.8296,0.0,38.3601,0,1,0,117,373,373,72943665152,72943665152,7.697,0.018
google/gemma-3-1b-it,NVIDIA GeForce RTX 5060 Ti,42,HotpotQA,6,16,215,multi-hop,46.71,48.8936,53.6106,0,0,0,139,395,395,81802035200,81802035200,7.697,0.018
google/gemma-3-1b-it,NVIDIA GeForce RTX 5060 Ti,42,HotpotQA,6,16,216,multi-hop,54.7742,0.0,0.0,0,1,1,118,374,374,73335308288,73335308288,7.697,0.018
google/gemma-3-1b-it,NVIDIA GeForce RTX 5060 Ti,42,HotpotQA,6,16,217,semantic,49.6029,0.0,0.0,0,1,1,63,319,319,53352071168,53352071168,7.697,0.018
google/gemma-3-1b-it,NVIDIA GeForce RTX 5060 Ti,42,HotpotQA,6,16,218,semantic,44.602,0.0,0.0,0,1,1,101,357,357,66819981312,66819981312,7.697,0.018
google/gemma-3-1b-it,NVIDIA GeForce RTX 5060 Ti,42,HotpotQA,6,16,219,structural,36.6266,39.1515,51.7117,0,0,0,109,365,365,69848268800,69848268800,7.697,0.018
google/gemma-3-1b-it,NVIDIA GeForce RTX 5060 Ti,42,HotpotQA,6,16,220,multi-hop,32.8862,0.0,50.2262,0,1,0,142,398,398,83049316352,83049316352,7.697,0.018
google/gemma-3-1b-it,NVIDIA GeForce RTX 5060 Ti,42,HotpotQA,6,16,221,semantic,38.3854,0.0,0.0,0,1,1,134,390,390,79744204800,79744204800,7.697,0.018
google/gemma-3-1b-it,NVIDIA GeForce RTX 5060 Ti,42,HotpotQA,6,16,222,structural,58.5675,32.7488,59.8721,0,0,0,93,349,349,63858802688,63858802688,7.697,0.018
google/gemma-3-1b-it,NVIDIA GeForce RTX 5060 Ti,42,HotpotQA,6,16,223,multi-hop,47.9078,0.0,26.8329,0,1,0,68,324,324,55037657088,55037657088,7.697,0.018
google/gemma-3-1b-it,NVIDIA GeForce RTX 5060 Ti,42,HotpotQA,6,16,224,multi-hop,51.0952,37.9491,37.2525,0,0,0,3,259,259,35169763328,35169763328,7.697,0.018
google/gemma-3-1b-it,NVIDIA GeForce RTX 5060 Ti,42,HotpotQA,6,16,225,structural,35.1541,0.0,0.0,0,1,1,112,368,368,71001178112,71001178112,7.697,0.018
google/gemma-3-1b-it,NVIDIA GeForce RTX 5060 Ti,42,HotpotQA,6,16,226,semantic,44.662,0.0,28.6792,0,1,0,17,273,273,39074660352,39074660352,7.697,0.018
google/gemma-3-1b-it,NVIDIA GeForce RTX 5060 Ti,42,HotpotQA,6,16,227,semantic,34.6115,0.0,0.0,0,1,1,123,379,379,75309252608,75309252608,7.697,0.018
google/gemma-3-1b-it,NVIDIA GeForce RTX 5060 Ti,42,HotpotQA,6,16,228,structural,50.008,0.0,0.0,0,1,1,167,423,423,93810327552,93810327552,7.697,0.018
google/gemma-3-1b-it,NVIDIA GeForce RTX 5060 Ti,42,HotpotQA,6,16,229,multi-hop,42.0094,0.0,28.9603,0,1,0,125,381,381,76106170368,76106170368,7.697,0.018
google/gemma-3-1b-it,NVIDIA GeForce RTX 5060 Ti,42,HotpotQA,6,16,230,structural,29.5975,0.0,0.0,0,1,1,73,329,329,56749457408,56749457408,7.697,0.018
google/gemma-3-1b-it,NVIDIA GeForce RTX 5060 Ti,42,HotpotQA,6,16,231,semantic,52.2122,0.0,0.0,0,1,1,81,337,337,59542863872,59542863872,7.697,0.018
google/gemma-3-1b-it,NVIDIA GeForce RTX 5060 Ti,42,HotpotQA,6,16,232,structural,43.0591,0.0,0.0,0,1,1,226,482,482,121804685312,121804685312,7.697,0.018
google/gemma-3-1b-it,NVIDIA GeForce RTX 5060 Ti,42,HotpotQA,6,16,233,structural,54.459,44.7196,39.4533,0,0,0,6,262,262,35989225472,35989225472,7.697,0.018
google/gemma-3-1b-it,NVIDIA GeForce RTX 5060 Ti,42,HotpotQA,6,16,234,semantic,43.2578,0.0,0.0,0,1,1,114,370,370,71775027200,71775027200,7.697,0.018
google/gemma-3-1b-it,NVIDIA GeForce RTX 5060 Ti,42,HotpotQA,6,16,235,multi-hop,0.0,0.0,0.0,1,1,1,123,379,379,75309252608,75309252608,7.697,0.018
google/gemma-3-1b-it,NVIDIA GeForce RTX 5060 Ti,42,HotpotQA,6,16,236,multi-hop,67.1325,0.0,71.8811,0,1,0,102,358,358,67194847232,67194847232,7.697,0.018
google/gemma-3-1b-it,NVIDIA GeForce RTX 5060 Ti,42,HotpotQA,6,16,237,structural,47.4148,56.6189,38.6892,0,0,0,116,372,372,72553070592,72553070592,7.697,0.018
google/gemma-3-1b-it,NVIDIA GeForce RTX 5060 Ti,42,HotpotQA,6,16,238,multi-hop,37.0011,43.6095,56.3014,0,0,0,124,380,380,75707187200,75707187200,7.697,0.018
google/gemma-3-1b-it,NVIDIA GeForce RTX 5060 Ti,42,HotpotQA,6,16,239,structural,68.2505,46.3343,31.2778,0,0,0,31,287,287,43185078272,43185078272,7.697,0.018
google/gemma-3-1b-it,NVIDIA GeForce RTX 5060 Ti,42,HotpotQA,6,16,240,multi-hop,34.7588,0.0,0.0,0,1,1,186,442,442,102427000832,102427000832,7.697,0.018
google/gemma-3-1b-it,NVIDIA GeForce RTX 5060 Ti,42,HotpotQA,6,16,241,multi-hop,38.232,0.0,0.0,0,1,1,78,334,334,58487472128,58487472128,7.697,0.018
google/gemma-3-1b-it,NVIDIA GeForce RTX 5060 Ti,42,HotpotQA,6,16,242,multi-hop,30.2457,48.9925,36.393,0,0,0,124,380,380,75707187200,75707187200,7.697,0.018
google/gemma-3-1b-it,NVIDIA GeForce RTX 5060 Ti,42,HotpotQA,6,16,243,multi-hop,37.5275,34.7822,45.5432,0,0,0,131,387,387,78522089472,78522089472,7.697,0.018
google/gemma-3-1b-it,NVIDIA GeForce RTX 5060 Ti,42,HotpotQA,6,16,244,semantic,50.5207,0.0,65.2819,0,1,0,108,364,364,69466062848,69466062848,7.697,0.018
google/gemma-3-1b-it,NVIDIA GeForce RTX 5060 Ti,42,HotpotQA,6,16,245,multi-hop,65.3223,45.3862,0.0,0,0,1,94,350,350,64225280000,64225280000,7.697,0.018
google/gemma-3-1b-it,NVIDIA GeForce RTX 5060 Ti,42,HotpotQA,6,16,246,structural,92.6579,0.0,0.0,0,1,1,8,264,264,36540776448,36540776448,7.697,0.018
google/gemma-3-1b-it,NVIDIA GeForce RTX 5060 Ti,42,HotpotQA,6,16,247,structural,68.6042,0.0,0.0,0,1,1,111,367,367,70615826432,70615826432,7.697,0.018
google/gemma-3-1b-it,NVIDIA GeForce RTX 5060 Ti,42,HotpotQA,6,16,248,semantic,46.4684,50.6323,0.0,0,0,1,98,354,354,65701675008,65701675008,7.697,0.018
google/gemma-3-1b-it,NVIDIA GeForce RTX 5060 Ti,42,HotpotQA,6,16,249,multi-hop,38.0918,0.0,59.6381,0,1,0,24,280,280,41104179200,41104179200,7.697,0.018
google/gemma-3-1b-it,NVIDIA GeForce RTX 5060 Ti,42,HotpotQA,6,16,250,semantic,63.7929,0.0,72.6447,0,1,0,109,365,365,69848268800,69848268800,7.697,0.018
google/gemma-3-1b-it,NVIDIA GeForce RTX 5060 Ti,42,HotpotQA,6,16,251,multi-hop,34.0511,0.0,0.0,0,1,1,96,352,352,64961380352,64961380352,7.697,0.018
google/gemma-3-1b-it,NVIDIA GeForce RTX 5060 Ti,42,HotpotQA,6,16,252,multi-hop,44.0927,0.0,86.9469,0,1,0,139,395,395,81802035200,81802035200,7.697,0.018
google/gemma-3-1b-it,NVIDIA GeForce RTX 5060 Ti,42,HotpotQA,6,16,253,multi-hop,0.0,34.6613,33.0349,1,0,0,3,259,259,35169763328,35169763328,7.697,0.018
google/gemma-3-1b-it,NVIDIA GeForce RTX 5060 Ti,42,HotpotQA,6,16,254,multi-hop,55.8506,51.5691,34.1081,0,0,0,44,300,300,47185920000,47185920000,7.697,0.018
google/gemma-3-1b-it,NVIDIA GeForce RTX 5060 Ti,42,HotpotQA,6,16,255,multi-hop,39.6684,0.0,0.0,0,1,1,126,382,382,76506202112,76506202112,7.697,0.018
google/gemma-3-1b-it,NVIDIA GeForce RTX 5060 Ti,42,HotpotQA,6,16,256,multi-hop,37.3155,37.0841,63.5412,0,0,0,63,319,319,53352071168,53352071168,7.697,0.018
google/gemma-3-1b-it,NVIDIA GeForce RTX 5060 Ti,42,HotpotQA,6,16,257,semantic,37.8349,0.0,0.0,0,1,1,100,356,356,66446163968,66446163968,7.697,0.018
google/gemma-3-1b-it,NVIDIA GeForce RTX 5060 Ti,42,HotpotQA,6,16,258,multi-hop,58.2411,0.0,35.2805,0,1,0,112,368,368,71001178112,71001178112,7.697,0.018
google/gemma-3-1b-it,NVIDIA GeForce RTX 5060 Ti,42,HotpotQA,6,16,259,multi-hop,55.0113,0.0,0.0,0,1,1,78,334,334,58487472128,58487472128,7.697,0.018
google/gemma-3-1b-it,NVIDIA GeForce RTX 5060 Ti,42,HotpotQA,6,16,260,structural,79.9898,0.0,0.0,0,1,1,25,281,281,41398304768,41398304768,7.697,0.018
google/gemma-3-1b-it,NVIDIA GeForce RTX 5060 Ti,42,HotpotQA,6,16,261,semantic,0.0,0.0,0.0,1,1,1,82,338,338,59896758272,59896758272,7.697,0.018
google/gemma-3-1b-it,NVIDIA GeForce RTX 5060 Ti,42,HotpotQA,6,16,262,multi-hop,69.2598,42.6058,80.1874,0,0,0,99,355,355,66073395200,66073395200,7.697,0.018
google/gemma-3-1b-it,NVIDIA GeForce RTX 5060 Ti,42,HotpotQA,6,16,263,semantic,72.9908,0.0,0.0,0,1,1,114,370,370,71775027200,71775027200,7.697,0.018
google/gemma-3-1b-it,NVIDIA GeForce RTX 5060 Ti,42,HotpotQA,6,16,264,semantic,37.0637,0.0,0.0,0,1,1,87,343,343,61681958912,61681958912,7.697,0.018
google/gemma-3-1b-it,NVIDIA GeForce RTX 5060 Ti,42,HotpotQA,6,16,265,semantic,39.8471,0.0,28.3868,0,1,0,119,375,375,73728000000,73728000000,7.697,0.018
google/gemma-3-1b-it,NVIDIA GeForce RTX 5060 Ti,42,HotpotQA,6,16,266,semantic,28.0899,0.0,45.7558,0,1,0,105,361,361,68325736448,68325736448,7.697,0.018
google/gemma-3-1b-it,NVIDIA GeForce RTX 5060 Ti,42,HotpotQA,6,16,267,structural,48.2649,64.6098,0.0,0,0,1,101,357,357,66819981312,66819981312,7.697,0.018
google/gemma-3-1b-it,NVIDIA GeForce RTX 5060 Ti,42,HotpotQA,6,16,268,structural,53.3459,45.7857,0.0,0,0,1,114,370,370,71775027200,71775027200,7.697,0.018
google/gemma-3-1b-it,NVIDIA GeForce RTX 5060 Ti,42,HotpotQA,6,16,269,semantic,77.7356,0.0,46.9927,0,1,0,115,371,371,72163524608,72163524608,7.697,0.018
google/gemma-3-1b-it,NVIDIA GeForce RTX 5060 Ti,42,HotpotQA,6,16,270,multi-hop,51.9778,0.0,57.1683,0,1,0,110,366,366,70231523328,70231523328,7.697,0.018
google/gemma-3-1b-it,NVIDIA GeForce RTX 5060 Ti,42,HotpotQA,6,16,271,multi-hop,38.2925,0.0,0.0,0,1,1,122,378,378,74912366592,74912366592,7.697,0.018
google/gemma-3-1b-it,NVIDIA GeForce RTX 5060 Ti,42,HotpotQA,6,16,272,semantic,30.6608,0.0,34.4031,0,1,0,25,281,281,41398304768,41398304768,7.697,0.018
google/gemma-3-1b-it,NVIDIA GeForce RTX 5060 Ti,42,HotpotQA,6,16,273,multi-hop,82.7961,63.2996,47.3466,0,0,0,136,392,392,80564191232,80564191232,7.697,0.018
google/gemma-3-1b-it,NVIDIA GeForce RTX 5060 Ti,42,HotpotQA,6,16,274,multi-hop,77.4659,32.8703,0.0,0,0,1,3,259,259,35169763328,35169763328,7.697,0.018
google/gemma-3-1b-it,NVIDIA GeForce RTX 5060 Ti,42,HotpotQA,6,16,275,multi-hop,65.5627,0.0,0.0,0,1,1,5,192,111,19327352832,6459752448,7.697,0.018
google/gemma-3-1b-it,NVIDIA GeForce RTX 5060 Ti,42,HotpotQA,6,16,276,multi-hop,32.6602,0.0,0.0,0,1,1,123,379,379,75309252608,75309252608,7.697,0.018
google/gemma-3-1b-it,NVIDIA GeForce RTX 5060 Ti,42,HotpotQA,6,16,277,structural,48.515,64.603,52.0318,0,0,0,97,353,353,65331003392,65331003392,7.697,0.018
google/gemma-3-1b-it,NVIDIA GeForce RTX 5060 Ti,42,HotpotQA,6,16,278,multi-hop,55.3377,54.19,0.0,0,0,1,124,380,380,75707187200,75707187200,7.697,0.018
google/gemma-3-1b-it,NVIDIA GeForce RTX 5060 Ti,42,HotpotQA,6,16,279,structural,47.173,65.9513,64.1655,0,0,0,95,351,351,64592805888,64592805888,7.697,0.018
google/gemma-3-1b-it,NVIDIA GeForce RTX 5060 Ti,42,HotpotQA,6,16,280,multi-hop,47.2784,67.5384,39.8425,0,0,0,81,337,337,59542863872,59542863872,7.697,0.018
google/gemma-3-1b-it,NVIDIA GeForce RTX 5060 Ti,42,HotpotQA,6,16,281,semantic,39.8584,0.0,0.0,0,1,1,20,276,276,39938162688,39938162688,7.697,0.018
google/gemma-3-1b-it,NVIDIA GeForce RTX 5060 Ti,42,HotpotQA,6,16,282,semantic,53.4235,0.0,0.0,0,1,1,51,307,307,49413619712,49413619712,7.697,0.018
google/gemma-3-1b-it,NVIDIA GeForce RTX 5060 Ti,42,HotpotQA,6,16,283,structural,49.9534,36.4211,88.2547,0,0,0,128,384,384,77309411328,77309411328,7.697,0.018
google/gemma-3-1b-it,NVIDIA GeForce RTX 5060 Ti,42,HotpotQA,6,16,284,multi-hop,43.1286,77.371,40.3223,0,0,0,68,324,324,55037657088,55037657088,7.697,0.018
google/gemma-3-1b-it,NVIDIA GeForce RTX 5060 Ti,42,HotpotQA,6,16,285,structural,31.1932,0.0,0.0,0,1,1,52,308,308,49736056832,49736056832,7.697,0.018
google/gemma-3-1b-it,NVIDIA GeForce RTX 5060 Ti,42,HotpotQA,6,16,286,multi-hop,38.837,0.0,0.0,0,1,1,108,364,364,69466062848,69466062848,7.697,0.018
google/gemma-3-1b-it,NVIDIA GeForce RTX 5060 Ti,42,HotpotQA,6,16,287,structural,35.6506,30.5789,33.7359,0,0,0,101,357,357,66819981312,66819981312,7.697,0.018
google/gemma-3-1b-it,NVIDIA GeForce RTX 5060 Ti,42,HotpotQA,6,16,288,multi-hop,38.4367,0.0,0.0,0,1,1,97,353,353,65331003392,65331003392,7.697,0.018
google/gemma-3-1b-it,NVIDIA GeForce RTX 5060 Ti,42,HotpotQA,6,16,289,multi-hop,36.7887,0.0,0.0,0,1,1,86,342,342,61322821632,61322821632,7.697,0.018
google/gemma-3-1b-it,NVIDIA GeForce RTX 5060 Ti,42,HotpotQA,6,16,290,semantic,37.5203,0.0,48.2142,0,1,0,75,331,331,57441517568,57441517568,7.697,0.018
google/gemma-3-1b-it,NVIDIA GeForce RTX 5060 Ti,42,HotpotQA,6,16,291,multi-hop,55.824,0.0,0.0,0,1,1,84,340,340,60607692800,60607692800,7.697,0.018
google/gemma-3-1b-it,NVIDIA GeForce RTX 5060 Ti,42,HotpotQA,6,16,292,multi-hop,65.9948,0.0,50.483,0,1,0,25,281,281,41398304768,41398304768,7.697,0.018
google/gemma-3-1b-it,NVIDIA GeForce RTX 5060 Ti,42,HotpotQA,6,16,293,multi-hop,38.4333,42.3411,0.0,0,0,1,40,296,296,45936017408,45936017408,7.697,0.018
google/gemma-3-1b-it,NVIDIA GeForce RTX 5060 Ti,42,HotpotQA,6,16,294,multi-hop,42.2277,59.4074,34.1363,0,0,0,100,356,356,66446163968,66446163968,7.697,0.018
google/gemma-3-1b-it,NVIDIA GeForce RTX 5060 Ti,42,HotpotQA,6,16,295,semantic,44.7792,0.0,0.0,0,1,1,124,380,380,75707187200,75707187200,7.697,0.018
google/gemma-3-1b-it,NVIDIA GeForce RTX 5060 Ti,42,HotpotQA,6,16,296,multi-hop,79.2733,40.111,61.026,0,0,0,104,360,360,67947724800,67947724800,7.697,0.018
google/gemma-3-1b-it,NVIDIA GeForce RTX 5060 Ti,42,HotpotQA,6,16,297,multi-hop,88.6863,0.0,0.0,0,1,1,108,364,364,69466062848,69466062848,7.697,0.018
google/gemma-3-1b-it,NVIDIA GeForce RTX 5060 Ti,42,HotpotQA,6,16,298,structural,42.1087,59.6514,41.2918,0,0,0,70,326,326,55719231488,55719231488,7.697,0.018
google/gemma-3-1b-it,NVIDIA GeForce RTX 5060 Ti,42,HotpotQA,6,16,299,semantic,48.1234,0.0,0.0,0,1,1,42,298,298,46558871552,46558871552,7.697,0.018
google/gemma-3-1b-it,NVIDIA GeForce RTX 5060 Ti,42,HotpotQA,6,16,300,multi-hop,60.0733,0.0,0.0,0,1,1,119,375,375,73728000000,73728000000,7.697,0.018
google/gemma-3-1b-it,NVIDIA GeForce RTX 5060 Ti,42,HotpotQA,6,16,301,multi-hop,45.0324,60.7045,69.9293,0,0,0,69,325,325,55377920000,55377920000,7.697,0.018
google/gemma-3-1b-it,NVIDIA GeForce RTX 5060 Ti,42,HotpotQA,6,16,302,structural,42.2635,0.0,0.0,0,1,1,117,373,373,72943665152,72943665152,7.697,0.018
google/gemma-3-1b-it,NVIDIA GeForce RTX 5060 Ti,42,HotpotQA,6,16,303,semantic,42.1468,0.0,83.5808,0,1,0,65,321,321,54023159808,54023159808,7.697,0.018
google/gemma-3-1b-it,NVIDIA GeForce RTX 5060 Ti,42,HotpotQA,6,16,304,multi-hop,46.8867,0.0,0.0,0,1,1,115,371,371,72163524608,72163524608,7.697,0.018
google/gemma-3-1b-it,NVIDIA GeForce RTX 5060 Ti,42,HotpotQA,6,16,305,multi-hop,90.0141,0.0,0.0,0,1,1,63,319,319,53352071168,53352071168,7.697,0.018
google/gemma-3-1b-it,NVIDIA GeForce RTX 5060 Ti,42,HotpotQA,6,16,306,semantic,49.9447,0.0,76.5211,0,1,0,99,355,355,66073395200,66073395200,7.697,0.018
google/gemma-3-1b-it,NVIDIA GeForce RTX 5060 Ti,42,HotpotQA,6,16,307,semantic,87.0702,0.0,0.0,0,1,1,148,404,404,85572190208,85572190208,7.697,0.018
google/gemma-3-1b-it,NVIDIA GeForce RTX 5060 Ti,42,HotpotQA,6,16,308,multi-hop,53.8462,79.7525,53.316,0,0,0,86,342,342,61322821632,61322821632,7.697,0.018
google/gemma-3-1b-it,NVIDIA GeForce RTX 5060 Ti,42,HotpotQA,6,16,309,multi-hop,52.05,0.0,61.5759,0,1,0,122,378,378,74912366592,74912366592,7.697,0.018
google/gemma-3-1b-it,NVIDIA GeForce RTX 5060 Ti,42,HotpotQA,6,16,310,structural,29.8056,56.8476,29.6165,0,0,0,31,287,287,43185078272,43185078272,7.697,0.018
google/gemma-3-1b-it,NVIDIA GeForce RTX 5060 Ti,42,HotpotQA,6,16,311,multi-hop,42.8493,0.0,0.0,0,1,1,116,372,372,72553070592,72553070592,7.697,0.018
google/gemma-3-1b-it,NVIDIA GeForce RTX 5060 Ti,42,HotpotQA,6,16,312,multi-hop,41.4793,66.2769,51.3705,0,0,0,106,362,362,68704796672,68704796672,7.697,0.018
google/gemma-3-1b-it,NVIDIA GeForce RTX 5060 Ti,42,HotpotQA,6,16,313,structural,41.8009,36.441,32.3056,0,0,0,111,367,367,70615826432,70615826432,7.697,0.018
google/gemma-3-1b-it,NVIDIA GeForce RTX 5060 Ti,42,HotpotQA,6,16,314,structural,56.8249,48.0943,0.0,0,0,1,117,373,373,72943665152,72943665152,7.697,0.018
google/gemma-3-1b-it,NVIDIA GeForce RTX 5060 Ti,42,HotpotQA,6,16,315,multi-hop,30.0316,0.0,0.0,0,1,1,110,366,366,70231523328,70231523328,7.697,0.018
google/gemma-3-1b-it,NVIDIA GeForce RTX 5060 Ti,42,HotpotQA,6,16,316,semantic,49.8599,0.0,0.0,0,1,1,121,377,377,74516529152,74516529152,7.697,0.018
google/gemma-3-1b-it,NVIDIA GeForce RTX 5060 Ti,42,HotpotQA,6,16,317,multi-hop,50.8246,0.0,0.0,0,1,1,63,319,319,53352071168,53352071168,7.697,0.018
google/gemma-3-1b-it,NVIDIA GeForce RTX 5060 Ti,42,HotpotQA,6,16,318,multi-hop,35.8864,84.7339,68.912,0,0,0,112,368,368,71001178112,71001178112,7.697,0.018
google/gemma-3-1b-it,NVIDIA GeForce RTX 5060 Ti,42,HotpotQA,6,16,319,semantic,58.1817,0.0,0.0,0,1,1,4,35,116,642252800,7054819328,7.697,0.018
google/gemma-3-1b-it,NVIDIA GeForce RTX 5060 Ti,42,HotpotQA,6,16,320,multi-hop,0.0,0.0,63.7407,1,1,0,81,337,337,59542863872,59542863872,7.697,0.018
google/gemma-3-1b-it,NVIDIA GeForce RTX 5060 Ti,42,HotpotQA,6,16,321,multi-hop,71.1351,44.7678,47.3599,0,0,0,2,132,17,9135194112,151519232,7.697,0.018
google/gemma-3-1b-it,NVIDIA GeForce RTX 5060 Ti,42,HotpotQA,6,16,322,multi-hop,62.3704,42.4917,57.2107,0,0,0,116,372,372,72553070592,72553070592,7.697,0.018
google/gemma-3-1b-it,NVIDIA GeForce RTX 5060 Ti,42,HotpotQA,6,16,323,structural,0.0,50.7508,40.3972,1,0,0,96,352,352,64961380352,64961380352,7.697,0.018
google/gemma-3-1b-it,NVIDIA GeForce RTX 5060 Ti,42,HotpotQA,6,16,324,semantic,48.6552,0.0,42.3758,0,1,0,113,369,369,71387578368,71387578368,7.697,0.018
google/gemma-3-1b-it,NVIDIA GeForce RTX 5060 Ti,42,HotpotQA,6,16,325,semantic,39.0849,0.0,55.1423,0,1,0,12,234,268,28707913728,37656461312,7.697,0.018
google/gemma-3-1b-it,NVIDIA GeForce RTX 5060 Ti,42,HotpotQA,6,16,326,multi-hop,39.6905,0.0,38.0235,0,1,0,26,282,282,41693478912,41693478912,7.697,0.018
google/gemma-3-1b-it,NVIDIA GeForce RTX 5060 Ti,42,HotpotQA,6,16,327,structural,65.0973,72.297,43.9426,0,0,0,2,164,221,14101250048,25606750208,7.697,0.018
google/gemma-3-1b-it,NVIDIA GeForce RTX 5060 Ti,42,HotpotQA,6,16,328,multi-hop,65.9167,0.0,0.0,0,1,1,9,265,265,36818124800,36818124800,7.697,0.018
google/gemma-3-1b-it,NVIDIA GeForce RTX 5060 Ti,42,HotpotQA,6,16,329,multi-hop,59.9484,0.0,0.0,0,1,1,105,361,361,68325736448,68325736448,7.697,0.018
google/gemma-3-1b-it,NVIDIA GeForce RTX 5060 Ti,42,HotpotQA,6,16,330,structural,74.3279,32.0288,0.0,0,0,1,90,346,346,62765662208,62765662208,7.697,0.018
google/gemma-3-1b-it,NVIDIA GeForce RTX 5060 Ti,42,HotpotQA,6,16,331,multi-hop,30.3648,0.0,62.5362,0,1,0,25,281,281,41398304768,41398304768,7.697,0.018
google/gemma-3-1b-it,NVIDIA GeForce RTX 5060 Ti,42,HotpotQA,6,16,332,multi-hop,47.2287,48.1663,38.4814,0,0,0,96,352,352,64961380352,64961380352,7.697,0.018
google/gemma-3-1b-it,NVIDIA GeForce RTX 5060 Ti,42,HotpotQA,6,16,333,semantic,47.2303,0.0,50.2175,0,1,0,118,374,374,73335308288,73335308288,7.697,0.018
google/gemma-3-1b-it,NVIDIA GeForce RTX 5060 Ti,42,HotpotQA,6,16,334,semantic,42.1752,0.0,0.0,0,1,1,104,360,360,67947724800,67947724800,7.697,0.018
google/gemma-3-1b-it,NVIDIA GeForce RTX 5060 Ti,42,HotpotQA,6,16,335,multi-hop,66.6318,36.6366,0.0,0,0,1,126,382,382,76506202112,76506202112,7.697,0.018
google/gemma-3-1b-it,NVIDIA GeForce RTX 5060 Ti,42,HotpotQA,6,16,336,multi-hop,56.7645,0.0,0.0,0,1,1,95,351,351,64592805888,64592805888,7.697,0.018
google/gemma-3-1b-it,NVIDIA GeForce RTX 5060 Ti,42,HotpotQA,6,16,337,structural,27.1771,0.0,0.0,0,1,1,24,280,280,41104179200,41104179200,7.697,0.018
google/gemma-3-1b-it,NVIDIA GeForce RTX 5060 Ti,42,HotpotQA,6,16,338,multi-hop,36.9998,0.0,0.0,0,1,1,60,316,316,52353302528,52353302528,7.697,0.018
google/gemma-3-1b-it,NVIDIA GeForce RTX 5060 Ti,42,HotpotQA,6,16,339,multi-hop,50.3324,0.0,0.0,0,1,1,50,306,306,49092231168,49092231168,7.697,0.018
google/gemma-3-1b-it,NVIDIA GeForce RTX 5060 Ti,42,HotpotQA,6,16,340,semantic,29.793,0.0,0.0,0,1,1,94,350,350,64225280000,64225280000,7.697,0.018
google/gemma-3-1b-it,NVIDIA GeForce RTX 5060 Ti,42,HotpotQA,6,16,341,semantic,72.3546,0.0,56.1631,0,1,0,4,260,260,35441868800,35441868800,7.697,0.018
google/gemma-3-1b-it,NVIDIA GeForce RTX 5060 Ti,42,HotpotQA,6,16,342,multi-hop,0.0,0.0,0.0,1,1,1,24,280,280,41104179200,41104179200,7.697,0.018
google/gemma-3-1b-it,NVIDIA GeForce RTX 5060 Ti,42,HotpotQA,6,16,343,structural,33.4424,0.0,0.0,0,1,1,111,367,367,70615826432,70615826432,7.697,0.018
google/gemma-3-1b-it,NVIDIA GeForce RTX 5060 Ti,42,HotpotQA,6,16,344,multi-hop,28.1712,64.8957,37.09,0,0,0,101,357,357,66819981312,66819981312,7.697,0.018
google/gemma-3-1b-it,NVIDIA GeForce RTX 5060 Ti,42,HotpotQA,6,16,345,semantic,30.4094,0.0,0.0,0,1,1,102,358,358,67194847232,67194847232,7.697,0.018
google/gemma-3-1b-it,NVIDIA GeForce RTX 5060 Ti,42,HotpotQA,6,16,346,semantic,39.2375,0.0,52.4804,0,1,0,18,274,274,39361445888,39361445888,7.697,0.018
google/gemma-3-1b-it,NVIDIA GeForce RTX 5060 Ti,42,HotpotQA,6,16,347,structural,44.1157,0.0,0.0,0,1,1,119,375,375,73728000000,73728000000,7.697,0.018
google/gemma-3-1b-it,NVIDIA GeForce RTX 5060 Ti,42,HotpotQA,6,16,348,structural,40.1518,39.7094,52.6885,0,0,0,106,362,362,68704796672,68704796672,7.697,0.018
google/gemma-3-1b-it,NVIDIA GeForce RTX 5060 Ti,42,HotpotQA,6,16,349,semantic,0.0,0.0,77.2364,1,1,0,18,274,274,39361445888,39361445888,7.697,0.018
google/gemma-3-1b-it,NVIDIA GeForce RTX 5060 Ti,42,HotpotQA,6,16,350,semantic,0.0,0.0,44.5067,1,1,0,48,304,304,48452599808,48452599808,7.697,0.018
google/gemma-3-1b-it,NVIDIA GeForce RTX 5060 Ti,42,HotpotQA,6,16,351,multi-hop,41.2423,44.9308,57.2907,0,0,0,77,333,333,58137772032,58137772032,7.697,0.018
google/gemma-3-1b-it,NVIDIA GeForce RTX 5060 Ti,42,HotpotQA,6,16,352,structural,31.78,42.8659,39.1752,0,0,0,14,270,270,38220595200,38220595200,7.697,0.018
google/gemma-3-1b-it,NVIDIA GeForce RTX 5060 Ti,42,HotpotQA,6,16,353,semantic,0.0,0.0,0.0,1,1,1,11,267,267,37375967232,37375967232,7.697,0.018
google/gemma-3-1b-it,NVIDIA GeForce RTX 5060 Ti,42,HotpotQA,6,16,354,semantic,34.8172,0.0,80.4908,0,1,0,112,368,368,71001178112,71001178112,7.697,0.018
google/gemma-3-1b-it,NVIDIA GeForce RTX 5060 Ti,42,HotpotQA,6,16,355,semantic,33.9548,0.0,0.0,0,1,1,109,365,365,69848268800,69848268800,7.697,0.018
google/gemma-3-1b-it,NVIDIA GeForce RTX 5060 Ti,42,HotpotQA,6,16,356,multi-hop,49.7409,49.3818,0.0,0,0,1,114,370,370,71775027200,71775027200,7.697,0.018
google/gemma-3-1b-it,NVIDIA GeForce RTX 5060 Ti,42,HotpotQA,6,16,357,structural,62.8597,59.1406,56.3938,0,0,0,4,226,260,26778533888,35441868800,7.697,0.018
google/gemma-3-1b-it,NVIDIA GeForce RTX 5060 Ti,42,HotpotQA,6,16,358,multi-hop,65.1248,69.6486,0.0,0,0,1,102,358,358,67194847232,67194847232,7.697,0.018
google/gemma-3-1b-it,NVIDIA GeForce RTX 5060 Ti,42,HotpotQA,6,16,359,structural,54.0972,42.4445,59.7196,0,0,0,41,297,297,46246920192,46246920192,7.697,0.018
google/gemma-3-1b-it,NVIDIA GeForce RTX 5060 Ti,42,HotpotQA,6,16,360,structural,37.336,43.5843,43.4821,0,0,0,4,17,19,151519232,189267968,7.697,0.018
google/gemma-3-1b-it,NVIDIA GeForce RTX 5060 Ti,42,HotpotQA,6,16,361,semantic,46.0628,0.0,83.126,0,1,0,127,383,383,76907282432,76907282432,7.697,0.018
google/gemma-3-1b-it,NVIDIA GeForce RTX 5060 Ti,42,HotpotQA,6,16,362,multi-hop,76.5699,0.0,0.0,0,1,1,24,280,280,41104179200,41104179200,7.697,0.018
google/gemma-3-1b-it,NVIDIA GeForce RTX 5060 Ti,42,HotpotQA,6,16,363,structural,76.6735,39.5561,40.1184,0,0,0,99,355,355,66073395200,66073395200,7.697,0.018
google/gemma-3-1b-it,NVIDIA GeForce RTX 5060 Ti,42,HotpotQA,6,16,364,semantic,61.593,0.0,0.0,0,1,1,47,303,303,48134356992,48134356992,7.697,0.018
google/gemma-3-1b-it,NVIDIA GeForce RTX 5060 Ti,42,HotpotQA,6,16,365,semantic,37.1169,0.0,0.0,0,1,1,129,385,385,77712588800,77712588800,7.697,0.018
google/gemma-3-1b-it,NVIDIA GeForce RTX 5060 Ti,42,HotpotQA,6,16,366,multi-hop,64.1694,0.0,0.0,0,1,1,95,351,351,64592805888,64592805888,7.697,0.018
google/gemma-3-1b-it,NVIDIA GeForce RTX 5060 Ti,42,HotpotQA,6,16,367,semantic,48.3303,0.0,46.4729,0,1,0,115,371,371,72163524608,72163524608,7.697,0.018
google/gemma-3-1b-it,NVIDIA GeForce RTX 5060 Ti,42,HotpotQA,6,16,368,semantic,53.8795,0.0,0.0,0,1,1,2,18,140,169869312,10276044800,7.697,0.018
google/gemma-3-1b-it,NVIDIA GeForce RTX 5060 Ti,42,HotpotQA,6,16,369,semantic,66.4234,0.0,0.0,0,1,1,139,395,395,81802035200,81802035200,7.697,0.018
google/gemma-3-1b-it,NVIDIA GeForce RTX 5060 Ti,42,HotpotQA,6,16,370,multi-hop,42.3264,0.0,69.2241,0,1,0,122,378,378,74912366592,74912366592,7.697,0.018
google/gemma-3-1b-it,NVIDIA GeForce RTX 5060 Ti,42,HotpotQA,6,16,371,semantic,81.4737,0.0,35.7835,0,1,0,126,382,382,76506202112,76506202112,7.697,0.018
google/gemma-3-1b-it,NVIDIA GeForce RTX 5060 Ti,42,HotpotQA,6,16,372,multi-hop,68.8327,0.0,0.0,0,1,1,63,319,319,53352071168,53352071168,7.697,0.018
google/gemma-3-1b-it,NVIDIA GeForce RTX 5060 Ti,42,HotpotQA,6,16,373,multi-hop,40.7171,0.0,0.0,0,1,1,111,367,367,70615826432,70615826432,7.697,0.018
google/gemma-3-1b-it,NVIDIA GeForce RTX 5060 Ti,42,HotpotQA,6,16,374,structural,44.7302,53.6537,0.0,0,0,1,93,349,349,63858802688,63858802688,7.697,0.018
google/gemma-3-1b-it,NVIDIA GeForce RTX 5060 Ti,42,HotpotQA,6,16,375,structural,70.3309,0.0,0.0,0,1,1,81,337,337,59542863872,59542863872,7.697,0.018
google/gemma-3-1b-it,NVIDIA GeForce RTX 5060 Ti,42,HotpotQA,6,16,376,multi-hop,34.2029,45.26,0.0,0,0,1,129,385,385,77712588800,77712588800,7.697,0.018
google/gemma-3-1b-it,NVIDIA GeForce RTX 5060 Ti,42,HotpotQA,6,16,377,structural,39.1399,39.4441,69.0788,0,0,0,124,380,380,75707187200,75707187200,7.697,0.018
google/gemma-3-1b-it,NVIDIA GeForce RTX 5060 Ti,42,HotpotQA,6,16,378,multi-hop,38.7338,84.37,55.3708,0,0,0,95,351,351,64592805888,64592805888,7.697,0.018
google/gemma-3-1b-it,NVIDIA GeForce RTX 5060 Ti,42,HotpotQA,6,16,379,structural,74.1374,50.3544,81.0032,0,0,0,148,404,404,85572190208,85572190208,7.697,0.018
google/gemma-3-1b-it,NVIDIA GeForce RTX 5060 Ti,42,HotpotQA,6,16,380,semantic,87.0394,0.0,0.0,0,1,1,58,314,314,51692699648,51692699648,7.697,0.018
google/gemma-3-1b-it,NVIDIA GeForce RTX 5060 Ti,42,HotpotQA,6,16,381,structural,82.3981,0.0,0.0,0,1,1,114,370,370,71775027200,71775027200,7.697,0.018
google/gemma-3-1b-it,NVIDIA GeForce RTX 5060 Ti,42,HotpotQA,6,16,382,semantic,56.3735,0.0,80.7065,0,1,0,114,370,370,71775027200,71775027200,7.697,0.018
google/gemma-3-1b-it,NVIDIA GeForce RTX 5060 Ti,42,HotpotQA,6,16,383,multi-hop,63.6199,0.0,0.0,0,1,1,99,355,355,66073395200,66073395200,7.697,0.018
google/gemma-3-1b-it,NVIDIA GeForce RTX 5060 Ti,42,HotpotQA,6,16,384,structural,41.2425,0.0,0.0,0,1,1,26,282,282,41693478912,41693478912,7.697,0.018
google/gemma-3-1b-it,NVIDIA GeForce RTX 5060 Ti,42,HotpotQA,6,16,385,multi-hop,72.7975,58.5465,38.4849,0,0,0,108,364,364,69466062848,69466062848,7.697,0.018
google/gemma-3-1b-it,NVIDIA GeForce RTX 5060 Ti,42,HotpotQA,6,16,386,semantic,47.5317,0.0,0.0,0,1,1,76,332,332,57789120512,57789120512,7.697,0.018
google/gemma-3-1b-it,NVIDIA GeForce RTX 5060 Ti,42,HotpotQA,6,16,387,semantic,56.6259,0.0,61.2739,0,1,0,105,361,361,68325736448,68325736448,7.697,0.018
google/gemma-3-1b-it,NVIDIA GeForce RTX 5060 Ti,42,HotpotQA,6,16,388,multi-hop,49.3866,0.0,0.0,0,1,1,135,391,391,80153673728,80153673728,7.697,0.018
google/gemma-3-1b-it,NVIDIA GeForce RTX 5060 Ti,42,HotpotQA,6,16,389,semantic,67.6708,0.0,0.0,0,1,1,83,339,339,60251701248,60251701248,7.697,0.018
google/gemma-3-1b-it,NVIDIA GeForce RTX 5060 Ti,42,HotpotQA,6,16,390,multi-hop,31.8638,0.0,0.0,0,1,1,99,355,355,66073395200,66073395200,7.697,0.018
google/gemma-3-1b-it,NVIDIA GeForce RTX 5060 Ti,42,HotpotQA,6,16,391,multi-hop,55.9764,0.0,0.0,0,1,1,87,343,343,61681958912,61681958912,7.697,0.018
google/gemma-3-1b-it,NVIDIA GeForce RTX 5060 Ti,42,HotpotQA,6,16,392,multi-hop,48.688,0.0,43.8771,0,1,0,89,345,345,62403379200,62403379200,7.697,0.018
google/gemma-3-1b-it,NVIDIA GeForce RTX 5060 Ti,42,HotpotQA,6,16,393,semantic,44.9805,0.0,30.8361,0,1,0,97,353,353,65331003392,65331003392,7.697,0.018
google/gemma-3-1b-it,NVIDIA GeForce RTX 5060 Ti,42,HotpotQA,6,16,394,multi-hop,81.4567,69.4017,93.4891,0,0,0,68,324,324,55037657088,55037657088,7.697,0.018
google/gemma-3-1b-it,NVIDIA GeForce RTX 5060 Ti,42,HotpotQA,6,16,395,multi-hop,33.8088,47.4903,35.3449,0,0,0,96,352,352,64961380352,64961380352,7.697,0.018
google/gemma-3-1b-it,NVIDIA GeForce RTX 5060 Ti,42,HotpotQA,6,16,396,multi-hop,48.5609,49.5141,57.218,0,0,0,34,290,290,44092620800,44092620800,7.697,0.018
google/gemma-3-1b-it,NVIDIA GeForce RTX 5060 Ti,42,HotpotQA,6,16,397,structural,31.2613,43.8983,40.5567,0,0,0,63,319,319,53352071168,53352071168,7.697,0.018
google/gemma-3-1b-it,NVIDIA GeForce RTX 5060 Ti,42,HotpotQA,6,16,398,multi-hop,54.9864,77.3651,79.62,0,0,0,122,378,378,74912366592,74912366592,7.697,0.018
google/gemma-3-1b-it,NVIDIA GeForce RTX 5060 Ti,42,HotpotQA,6,16,399,multi-hop,42.1323,0.0,0.0,0,1,1,37,293,293,45009600512,45009600512,7.697,0.018
google/gemma-3-1b-it,NVIDIA GeForce RTX 5060 Ti,42,HotpotQA,6,16,400,multi-hop,66.8034,0.0,58.9462,0,1,0,86,342,342,61322821632,61322821632,7.697,0.018
google/gemma-3-1b-it,NVIDIA GeForce RTX 5060 Ti,42,HotpotQA,6,16,401,structural,59.4325,62.2717,0.0,0,0,1,105,361,361,68325736448,68325736448,7.697,0.018
google/gemma-3-1b-it,NVIDIA GeForce RTX 5060 Ti,42,HotpotQA,6,16,402,semantic,0.0,0.0,0.0,1,1,1,78,334,334,58487472128,58487472128,7.697,0.018
google/gemma-3-1b-it,NVIDIA GeForce RTX 5060 Ti,42,HotpotQA,6,16,403,multi-hop,75.4552,72.555,85.1335,0,0,0,102,358,358,67194847232,67194847232,7.697,0.018
google/gemma-3-1b-it,NVIDIA GeForce RTX 5060 Ti,42,HotpotQA,6,16,404,semantic,0.0,36.5039,0.0,1,0,1,119,375,375,73728000000,73728000000,7.697,0.018
google/gemma-3-1b-it,NVIDIA GeForce RTX 5060 Ti,42,HotpotQA,6,16,405,structural,41.9162,51.4246,45.8249,0,0,0,47,303,303,48134356992,48134356992,7.697,0.018
google/gemma-3-1b-it,NVIDIA GeForce RTX 5060 Ti,42,HotpotQA,6,16,406,semantic,55.2486,0.0,61.5365,0,1,0,120,376,376,74121740288,74121740288,7.697,0.018
google/gemma-3-1b-it,NVIDIA GeForce RTX 5060 Ti,42,HotpotQA,6,16,407,multi-hop,63.7892,0.0,0.0,0,1,1,127,383,383,76907282432,76907282432,7.697,0.018
google/gemma-3-1b-it,NVIDIA GeForce RTX 5060 Ti,42,HotpotQA,6,16,408,multi-hop,63.4649,0.0,46.9042,0,1,0,127,383,383,76907282432,76907282432,7.697,0.018
google/gemma-3-1b-it,NVIDIA GeForce RTX 5060 Ti,42,HotpotQA,6,16,409,semantic,81.6598,0.0,0.0,0,1,1,117,373,373,72943665152,72943665152,7.697,0.018
google/gemma-3-1b-it,NVIDIA GeForce RTX 5060 Ti,42,HotpotQA,6,16,410,multi-hop,47.0834,0.0,0.0,0,1,1,112,368,368,71001178112,71001178112,7.697,0.018
google/gemma-3-1b-it,NVIDIA GeForce RTX 5060 Ti,42,HotpotQA,6,16,411,structural,43.7747,0.0,0.0,0,1,1,87,343,343,61681958912,61681958912,7.697,0.018
google/gemma-3-1b-it,NVIDIA GeForce RTX 5060 Ti,42,HotpotQA,6,16,412,multi-hop,84.0408,0.0,0.0,0,1,1,106,362,362,68704796672,68704796672,7.697,0.018
google/gemma-3-1b-it,NVIDIA GeForce RTX 5060 Ti,42,HotpotQA,6,16,413,multi-hop,62.1425,0.0,0.0,0,1,1,159,415,415,90295500800,90295500800,7.697,0.018
google/gemma-3-1b-it,NVIDIA GeForce RTX 5060 Ti,42,HotpotQA,6,16,414,multi-hop,0.0,0.0,0.0,1,1,1,134,390,390,79744204800,79744204800,7.697,0.018
google/gemma-3-1b-it,NVIDIA GeForce RTX 5060 Ti,42,HotpotQA,6,16,415,semantic,61.8435,0.0,0.0,0,1,1,114,370,370,71775027200,71775027200,7.697,0.018
google/gemma-3-1b-it,NVIDIA GeForce RTX 5060 Ti,42,HotpotQA,6,16,416,semantic,67.4122,0.0,51.5795,0,1,0,49,305,305,48771891200,48771891200,7.697,0.018
google/gemma-3-1b-it,NVIDIA GeForce RTX 5060 Ti,42,HotpotQA,6,16,417,semantic,38.9425,0.0,0.0,0,1,1,122,378,378,74912366592,74912366592,7.697,0.018
google/gemma-3-1b-it,NVIDIA GeForce RTX 5060 Ti,42,HotpotQA,6,16,418,multi-hop,57.6131,0.0,0.0,0,1,1,24,280,280,41104179200,41104179200,7.697,0.018
google/gemma-3-1b-it,NVIDIA GeForce RTX 5060 Ti,42,HotpotQA,6,16,419,multi-hop,79.6352,0.0,0.0,0,1,1,26,282,282,41693478912,41693478912,7.697,0.018
google/gemma-3-1b-it,NVIDIA GeForce RTX 5060 Ti,42,HotpotQA,6,16,420,structural,58.2873,58.8409,0.0,0,0,1,118,374,374,73335308288,73335308288,7.697,0.018
google/gemma-3-1b-it,NVIDIA GeForce RTX 5060 Ti,42,HotpotQA,6,16,421,multi-hop,45.5775,40.5834,79.7193,0,0,0,37,293,293,45009600512,45009600512,7.697,0.018
google/gemma-3-1b-it,NVIDIA GeForce RTX 5060 Ti,42,HotpotQA,6,16,422,multi-hop,46.9007,66.4725,70.759,0,0,0,20,276,276,39938162688,39938162688,7.697,0.018
google/gemma-3-1b-it,NVIDIA GeForce RTX 5060 Ti,42,HotpotQA,6,16,423,semantic,38.4095,0.0,42.755,0,1,0,96,352,352,64961380352,64961380352,7.697,0.018
google/gemma-3-1b-it,NVIDIA GeForce RTX 5060 Ti,42,HotpotQA,6,16,424,structural,92.1807,65.1519,0.0,0,0,1,51,307,307,49413619712,49413619712,7.697,0.018
google/gemma-3-1b-it,NVIDIA GeForce RTX 5060 Ti,42,HotpotQA,6,16,425,semantic,70.9498,0.0,0.0,0,1,1,123,379,379,75309252608,75309252608,7.697,0.018
google/gemma-3-1b-it,NVIDIA GeForce RTX 5060 Ti,42,HotpotQA,6,16,426,multi-hop,28.5286,75.0987,53.2331,0,0,0,5,161,261,13590069248,35715022848,7.697,0.018
google/gemma-3-1b-it,NVIDIA GeForce RTX 5060 Ti,42,HotpotQA,6,16,427,semantic,35.2471,0.0,48.8102,0,1,0,93,349,349,63858802688,63858802688,7.697,0.018
google/gemma-3-1b-it,NVIDIA GeForce RTX 5060 Ti,42,HotpotQA,6,16,428,semantic,55.17,0.0,0.0,0,1,1,225,481,481,121299795968,121299795968,7.697,0.018
google/gemma-3-1b-it,NVIDIA GeForce RTX 5060 Ti,42,HotpotQA,6,16,429,multi-hop,57.8428,71.5345,58.5525,0,0,0,123,379,379,75309252608,75309252608,7.697,0.018
google/gemma-3-1b-it,NVIDIA GeForce RTX 5060 Ti,42,HotpotQA,6,16,430,semantic,43.3741,0.0,0.0,0,1,1,63,319,319,53352071168,53352071168,7.697,0.018
google/gemma-3-1b-it,NVIDIA GeForce RTX 5060 Ti,42,HotpotQA,6,16,431,multi-hop,65.5307,78.7836,90.9709,0,0,0,105,361,361,68325736448,68325736448,7.697,0.018
google/gemma-3-1b-it,NVIDIA GeForce RTX 5060 Ti,42,HotpotQA,6,16,432,structural,71.0476,62.3444,46.6702,0,0,0,60,316,316,52353302528,52353302528,7.697,0.018
google/gemma-3-1b-it,NVIDIA GeForce RTX 5060 Ti,42,HotpotQA,6,16,433,structural,40.288,42.8149,72.1942,0,0,0,2,21,127,231211008,8456241152,7.697,0.018
google/gemma-3-1b-it,NVIDIA GeForce RTX 5060 Ti,42,HotpotQA,6,16,434,multi-hop,56.1765,40.414,48.0713,0,0,0,9,265,265,36818124800,36818124800,7.697,0.018
google/gemma-3-1b-it,NVIDIA GeForce RTX 5060 Ti,42,HotpotQA,6,16,435,structural,75.7059,0.0,0.0,0,1,1,26,282,282,41693478912,41693478912,7.697,0.018
google/gemma-3-1b-it,NVIDIA GeForce RTX 5060 Ti,42,HotpotQA,6,16,436,multi-hop,32.1543,0.0,49.7086,0,1,0,99,355,355,66073395200,66073395200,7.697,0.018
google/gemma-3-1b-it,NVIDIA GeForce RTX 5060 Ti,42,HotpotQA,6,16,437,multi-hop,65.0801,0.0,67.0339,0,1,0,109,365,365,69848268800,69848268800,7.697,0.018
google/gemma-3-1b-it,NVIDIA GeForce RTX 5060 Ti,42,HotpotQA,6,16,438,multi-hop,50.3088,51.7489,0.0,0,0,1,125,381,381,76106170368,76106170368,7.697,0.018
google/gemma-3-1b-it,NVIDIA GeForce RTX 5060 Ti,42,HotpotQA,6,16,439,semantic,38.9939,0.0,0.0,0,1,1,39,295,295,45626163200,45626163200,7.697,0.018
google/gemma-3-1b-it,NVIDIA GeForce RTX 5060 Ti,42,HotpotQA,6,16,440,multi-hop,63.0867,57.5506,64.396,0,0,0,97,353,353,65331003392,65331003392,7.697,0.018
google/gemma-3-1b-it,NVIDIA GeForce RTX 5060 Ti,42,HotpotQA,6,16,441,multi-hop,34.6317,0.0,0.0,0,1,1,87,343,343,61681958912,61681958912,7.697,0.018
google/gemma-3-1b-it,NVIDIA GeForce RTX 5060 Ti,42,HotpotQA,6,16,442,semantic,33.764,0.0,0.0,0,1,1,82,338,338,59896758272,59896758272,7.697,0.018
google/gemma-3-1b-it,NVIDIA GeForce RTX 5060 Ti,42,HotpotQA,6,16,443,structural,70.3523,60.6871,0.0,0,0,1,142,398,398,83049316352,83049316352,7.697,0.018
google/gemma-3-1b-it,NVIDIA GeForce RTX 5060 Ti,42,HotpotQA,6,16,444,multi-hop,47.6464,0.0,41.6281,0,1,0,120,376,376,74121740288,74121740288,7.697,0.018
google/gemma-3-1b-it,NVIDIA GeForce RTX 5060 Ti,42,HotpotQA,6,16,445,structural,31.6805,43.4838,55.8689,0,0,0,20,276,276,39938162688,39938162688,7.697,0.018
google/gemma-3-1b-it,NVIDIA GeForce RTX 5060 Ti,42,HotpotQA,6,16,446,structural,44.4696,62.0946,46.5795,0,0,0,63,319,319,53352071168,53352071168,7.697,0.018
google/gemma-3-1b-it,NVIDIA GeForce RTX 5060 Ti,42,HotpotQA,6,16,447,multi-hop,82.4475,87.8321,0.0,0,0,1,8,264,264,36540776448,36540776448,7.697,0.018
google/gemma-3-1b-it,NVIDIA GeForce RTX 5060 Ti,42,HotpotQA,6,16,448,multi-hop,87.8656,65.8194,92.3656,0,0,0,153,409,409,87703420928,87703420928,7.697,0.018
google/gemma-3-1b-it,NVIDIA GeForce RTX 5060 Ti,42,HotpotQA,6,16,449,semantic,51.545,0.0,86.5882,0,1,0,115,371,371,72163524608,72163524608,7.697,0.018
google/gemma-3-1b-it,NVIDIA GeForce RTX 5060 Ti,42,HotpotQA,6,16,450,structural,74.5706,0.0,0.0,0,1,1,106,362,362,68704796672,68704796672,7.697,0.018
google/gemma-3-1b-it,NVIDIA GeForce RTX 5060 Ti,42,HotpotQA,6,16,451,semantic,33.6012,0.0,0.0,0,1,1,72,328,328,56405000192,56405000192,7.697,0.018
google/gemma-3-1b-it,NVIDIA GeForce RTX 5060 Ti,42,HotpotQA,6,16,452,structural,43.1498,0.0,0.0,0,1,1,25,281,281,41398304768,41398304768,7.697,0.018
google/gemma-3-1b-it,NVIDIA GeForce RTX 5060 Ti,42,HotpotQA,6,16,453,multi-hop,36.875,0.0,48.3789,0,1,0,60,316,316,52353302528,52353302528,7.697,0.018
google/gemma-3-1b-it,NVIDIA GeForce RTX 5060 Ti,42,HotpotQA,6,16,454,multi-hop,74.4576,48.7205,37.903,0,0,0,119,375,375,73728000000,73728000000,7.697,0.018
google/gemma-3-1b-it,NVIDIA GeForce RTX 5060 Ti,42,HotpotQA,6,16,455,semantic,31.4768,0.0,0.0,0,1,1,159,415,415,90295500800,90295500800,7.697,0.018
google/gemma-3-1b-it,NVIDIA GeForce RTX 5060 Ti,42,HotpotQA,6,16,456,semantic,68.3666,0.0,0.0,0,1,1,5,192,111,19327352832,6459752448,7.697,0.018
google/gemma-3-1b-it,NVIDIA GeForce RTX 5060 Ti,42,HotpotQA,6,16,457,multi-hop,90.0435,0.0,85.3029,0,1,0,47,303,303,48134356992,48134356992,7.697,0.018
google/gemma-3-1b-it,NVIDIA GeForce RTX 5060 Ti,42,HotpotQA,6,16,458,multi-hop,77.7547,0.0,0.0,0,1,1,93,349,349,63858802688,63858802688,7.697,0.018
google/gemma-3-1b-it,NVIDIA GeForce RTX 5060 Ti,42,HotpotQA,6,16,459,multi-hop,30.9179,0.0,0.0,0,1,1,2,21,127,231211008,8456241152,7.697,0.018
google/gemma-3-1b-it,NVIDIA GeForce RTX 5060 Ti,42,HotpotQA,6,16,460,structural,48.8428,55.8055,52.654,0,0,0,101,357,357,66819981312,66819981312,7.697,0.018
google/gemma-3-1b-it,NVIDIA GeForce RTX 5060 Ti,42,HotpotQA,6,16,461,semantic,57.2139,0.0,70.9153,0,1,0,106,362,362,68704796672,68704796672,7.697,0.018
google/gemma-3-1b-it,NVIDIA GeForce RTX 5060 Ti,42,HotpotQA,6,16,462,structural,65.6169,59.2194,0.0,0,0,1,97,353,353,65331003392,65331003392,7.697,0.018
google/gemma-3-1b-it,NVIDIA GeForce RTX 5060 Ti,42,HotpotQA,6,16,463,semantic,30.2574,0.0,0.0,0,1,1,78,334,334,58487472128,58487472128,7.697,0.018
google/gemma-3-1b-it,NVIDIA GeForce RTX 5060 Ti,42,HotpotQA,6,16,464,multi-hop,65.0821,98.6647,93.0032,0,0,0,204,460,460,110939340800,110939340800,7.697,0.018
google/gemma-3-1b-it,NVIDIA GeForce RTX 5060 Ti,42,HotpotQA,6,16,465,semantic,53.5495,0.0,49.1027,0,1,0,93,349,349,63858802688,63858802688,7.697,0.018
google/gemma-3-1b-it,NVIDIA GeForce RTX 5060 Ti,42,HotpotQA,6,16,466,semantic,36.3462,0.0,0.0,0,1,1,102,358,358,67194847232,67194847232,7.697,0.018
google/gemma-3-1b-it,NVIDIA GeForce RTX 5060 Ti,42,HotpotQA,6,16,467,structural,0.0,31.3439,58.7203,1,0,0,93,349,349,63858802688,63858802688,7.697,0.018
google/gemma-3-1b-it,NVIDIA GeForce RTX 5060 Ti,42,HotpotQA,6,16,468,structural,37.2345,46.3101,0.0,0,0,1,102,358,358,67194847232,67194847232,7.697,0.018
google/gemma-3-1b-it,NVIDIA GeForce RTX 5060 Ti,42,HotpotQA,6,16,469,multi-hop,56.1637,34.5421,61.3588,0,0,0,81,337,337,59542863872,59542863872,7.697,0.018
google/gemma-3-1b-it,NVIDIA GeForce RTX 5060 Ti,42,HotpotQA,6,16,470,multi-hop,55.2263,0.0,0.0,0,1,1,106,362,362,68704796672,68704796672,7.697,0.018
google/gemma-3-1b-it,NVIDIA GeForce RTX 5060 Ti,42,HotpotQA,6,16,471,structural,0.0,28.5917,58.5618,1,0,0,87,343,343,61681958912,61681958912,7.697,0.018
google/gemma-3-1b-it,NVIDIA GeForce RTX 5060 Ti,42,HotpotQA,6,16,472,multi-hop,38.1305,0.0,0.0,0,1,1,88,344,344,62042144768,62042144768,7.697,0.018
google/gemma-3-1b-it,NVIDIA GeForce RTX 5060 Ti,42,HotpotQA,6,16,473,semantic,0.0,0.0,47.1342,1,1,0,94,350,350,64225280000,64225280000,7.697,0.018
google/gemma-3-1b-it,NVIDIA GeForce RTX 5060 Ti,42,HotpotQA,6,16,474,multi-hop,41.0329,0.0,59.5698,0,1,0,115,371,371,72163524608,72163524608,7.697,0.018
google/gemma-3-1b-it,NVIDIA GeForce RTX 5060 Ti,42,HotpotQA,6,16,475,multi-hop,67.0928,0.0,0.0,0,1,1,112,368,368,71001178112,71001178112,7.697,0.018
google/gemma-3-1b-it,NVIDIA GeForce RTX 5060 Ti,42,HotpotQA,6,16,476,multi-hop,42.9904,32.0317,44.6841,0,0,0,77,333,333,58137772032,58137772032,7.697,0.018
google/gemma-3-1b-it,NVIDIA GeForce RTX 5060 Ti,42,HotpotQA,6,16,477,multi-hop,43.2507,28.7542,52.312,0,0,0,99,355,355,66073395200,66073395200,7.697,0.018
google/gemma-3-1b-it,NVIDIA GeForce RTX 5060 Ti,42,HotpotQA,6,16,478,structural,43.7327,65.5485,55.403,0,0,0,40,296,296,45936017408,45936017408,7.697,0.018
google/gemma-3-1b-it,NVIDIA GeForce RTX 5060 Ti,42,HotpotQA,6,16,479,structural,37.0299,0.0,0.0,0,1,1,131,387,387,78522089472,78522089472,7.697,0.018
google/gemma-3-1b-it,NVIDIA GeForce RTX 5060 Ti,42,HotpotQA,6,16,480,semantic,0.0,0.0,57.9843,1,1,0,49,305,305,48771891200,48771891200,7.697,0.018
google/gemma-3-1b-it,NVIDIA GeForce RTX 5060 Ti,42,HotpotQA,6,16,481,multi-hop,72.9867,84.7636,77.3452,0,0,0,5,161,261,13590069248,35715022848,7.697,0.018
google/gemma-3-1b-it,NVIDIA GeForce RTX 5060 Ti,42,HotpotQA,6,16,482,structural,50.0151,87.7296,0.0,0,0,1,94,350,350,64225280000,64225280000,7.697,0.018
google/gemma-3-1b-it,NVIDIA GeForce RTX 5060 Ti,42,HotpotQA,6,16,483,structural,40.649,53.1084,73.2315,0,0,0,109,365,365,69848268800,69848268800,7.697,0.018
google/gemma-3-1b-it,NVIDIA GeForce RTX 5060 Ti,42,HotpotQA,6,16,484,multi-hop,36.6488,0.0,46.8754,0,1,0,26,282,282,41693478912,41693478912,7.697,0.018
google/gemma-3-1b-it,NVIDIA GeForce RTX 5060 Ti,42,HotpotQA,6,16,485,multi-hop,62.7007,33.7708,39.959,0,0,0,125,381,381,76106170368,76106170368,7.697,0.018
google/gemma-3-1b-it,NVIDIA GeForce RTX 5060 Ti,42,HotpotQA,6,16,486,multi-hop,82.0099,0.0,0.0,0,1,1,122,378,378,74912366592,74912366592,7.697,0.018
google/gemma-3-1b-it,NVIDIA GeForce RTX 5060 Ti,42,HotpotQA,6,16,487,semantic,55.0374,0.0,0.0,0,1,1,5,179,261,16798711808,35715022848,7.697,0.018
google/gemma-3-1b-it,NVIDIA GeForce RTX 5060 Ti,42,HotpotQA,6,16,488,multi-hop,38.9486,0.0,0.0,0,1,1,105,361,361,68325736448,68325736448,7.697,0.018
google/gemma-3-1b-it,NVIDIA GeForce RTX 5060 Ti,42,HotpotQA,6,16,489,multi-hop,45.0011,0.0,0.0,0,1,1,105,361,361,68325736448,68325736448,7.697,0.018
google/gemma-3-1b-it,NVIDIA GeForce RTX 5060 Ti,42,HotpotQA,6,16,490,structural,25.8094,43.4557,58.9804,0,0,0,36,292,292,44702892032,44702892032,7.697,0.018
google/gemma-3-1b-it,NVIDIA GeForce RTX 5060 Ti,42,HotpotQA,6,16,491,structural,49.6238,43.4789,62.1841,0,0,0,102,358,358,67194847232,67194847232,7.697,0.018
google/gemma-3-1b-it,NVIDIA GeForce RTX 5060 Ti,42,HotpotQA,6,16,492,structural,47.5553,50.7795,86.6185,0,0,0,64,320,320,53687091200,53687091200,7.697,0.018
google/gemma-3-1b-it,NVIDIA GeForce RTX 5060 Ti,42,HotpotQA,6,16,493,multi-hop,55.5804,0.0,0.0,0,1,1,70,326,326,55719231488,55719231488,7.697,0.018
google/gemma-3-1b-it,NVIDIA GeForce RTX 5060 Ti,42,HotpotQA,6,16,494,multi-hop,35.4214,0.0,0.0,0,1,1,24,280,280,41104179200,41104179200,7.697,0.018
google/gemma-3-1b-it,NVIDIA GeForce RTX 5060 Ti,42,HotpotQA,6,16,495,structural,57.2122,49.0067,75.2631,0,0,0,2,18,140,169869312,10276044800,7.697,0.018
google/gemma-3-1b-it,NVIDIA GeForce RTX 5060 Ti,42,HotpotQA,6,16,496,structural,29.5905,66.7295,48.1086,0,0,0,90,346,346,62765662208,62765662208,7.697,0.018
google/gemma-3-1b-it,NVIDIA GeForce RTX 5060 Ti,42,HotpotQA,6,16,497,semantic,85.8903,0.0,0.0,0,1,1,49,305,305,48771891200,48771891200,7.697,0.018
google/gemma-3-1b-it,NVIDIA GeForce RTX 5060 Ti,42,HotpotQA,6,16,498,multi-hop,63.8496,0.0,51.1771,0,1,0,108,364,364,69466062848,69466062848,7.697,0.018
google/gemma-3-1b-it,NVIDIA GeForce RTX 5060 Ti,42,HotpotQA,6,16,499,semantic,37.7045,0.0,0.0,0,1,1,124,380,380,75707187200,75707187200,7.697,0.018
google/gemma-3-1b-it,NVIDIA GeForce RTX 5060 Ti,42,HotpotQA,6,16,500,structural,53.9753,66.0095,58.3909,0,0,0,34,290,290,44092620800,44092620800,7.697,0.018
google/gemma-3-1b-it,NVIDIA GeForce RTX 5060 Ti,42,HotpotQA,6,16,501,multi-hop,83.2351,0.0,0.0,0,1,1,3,20,58,209715200,1763704832,7.697,0.018
google/gemma-3-1b-it,NVIDIA GeForce RTX 5060 Ti,42,HotpotQA,6,16,502,multi-hop,43.3138,89.8545,68.4059,0,0,0,36,292,292,44702892032,44702892032,7.697,0.018
google/gemma-3-1b-it,NVIDIA GeForce RTX 5060 Ti,42,HotpotQA,6,16,503,structural,72.5908,49.0054,72.2169,0,0,0,93,349,349,63858802688,63858802688,7.697,0.018
google/gemma-3-1b-it,NVIDIA GeForce RTX 5060 Ti,42,HotpotQA,6,16,504,structural,38.6948,0.0,0.0,0,1,1,96,352,352,64961380352,64961380352,7.697,0.018
google/gemma-3-1b-it,NVIDIA GeForce RTX 5060 Ti,42,HotpotQA,6,16,505,multi-hop,75.1991,70.8478,40.4619,0,0,0,63,319,319,53352071168,53352071168,7.697,0.018
google/gemma-3-1b-it,NVIDIA GeForce RTX 5060 Ti,42,HotpotQA,6,16,506,multi-hop,86.0657,0.0,0.0,0,1,1,186,442,442,102427000832,102427000832,7.697,0.018
google/gemma-3-1b-it,NVIDIA GeForce RTX 5060 Ti,42,HotpotQA,6,16,507,multi-hop,53.6648,46.6766,0.0,0,0,1,142,398,398,83049316352,83049316352,7.697,0.018
google/gemma-3-1b-it,NVIDIA GeForce RTX 5060 Ti,42,HotpotQA,6,16,508,structural,72.0843,71.5974,0.0,0,0,1,52,308,308,49736056832,49736056832,7.697,0.018
google/gemma-3-1b-it,NVIDIA GeForce RTX 5060 Ti,42,HotpotQA,6,16,509,structural,62.5928,0.0,0.0,0,1,1,129,385,385,77712588800,77712588800,7.697,0.018
google/gemma-3-1b-it,NVIDIA GeForce RTX 5060 Ti,42,HotpotQA,6,16,510,semantic,73.3598,0.0,0.0,0,1,1,78,334,334,58487472128,58487472128,7.697,0.018
google/gemma-3-1b-it,NVIDIA GeForce RTX 5060 Ti,42,HotpotQA,6,16,511,structural,45.8019,0.0,0.0,0,1,1,127,383,383,76907282432,76907282432,7.697,0.018
google/gemma-3-1b-it,NVIDIA GeForce RTX 5060 Ti,42,HotpotQA,6,16,512,multi-hop,41.847,65.7014,37.6417,0,0,0,5,126,261,8323596288,35715022848,7.697,0.018
google/gemma-3-1b-it,NVIDIA GeForce RTX 5060 Ti,42,HotpotQA,6,16,513,multi-hop,45.2452,67.9209,0.0,0,0,1,17,273,273,39074660352,39074660352,7.697,0.018
google/gemma-3-1b-it,NVIDIA GeForce RTX 5060 Ti,42,HotpotQA,6,16,514,multi-hop,64.0741,64.9287,42.3577,0,0,0,80,336,336,59190018048,59190018048,7.697,0.018
google/gemma-3-1b-it,NVIDIA GeForce RTX 5060 Ti,42,HotpotQA,6,16,515,structural,37.6294,78.5037,57.0668,0,0,0,21,277,277,40228093952,40228093952,7.697,0.018
google/gemma-3-1b-it,NVIDIA GeForce RTX 5060 Ti,42,HotpotQA,6,16,516,multi-hop,30.7776,0.0,0.0,0,1,1,125,381,381,76106170368,76106170368,7.697,0.018
google/gemma-3-1b-it,NVIDIA GeForce RTX 5060 Ti,42,HotpotQA,6,16,517,multi-hop,90.6903,0.0,62.9161,0,1,0,119,375,375,73728000000,73728000000,7.697,0.018
google/gemma-3-1b-it,NVIDIA GeForce RTX 5060 Ti,42,HotpotQA,6,16,518,multi-hop,54.6369,0.0,0.0,0,1,1,99,355,355,66073395200,66073395200,7.697,0.018
google/gemma-3-1b-it,NVIDIA GeForce RTX 5060 Ti,42,HotpotQA,6,16,519,structural,52.2186,0.0,0.0,0,1,1,24,280,280,41104179200,41104179200,7.697,0.018
google/gemma-3-1b-it,NVIDIA GeForce RTX 5060 Ti,42,HotpotQA,6,16,520,semantic,37.0479,0.0,0.0,0,1,1,111,367,367,70615826432,70615826432,7.697,0.018
google/gemma-3-1b-it,NVIDIA GeForce RTX 5060 Ti,42,HotpotQA,6,16,521,structural,56.6602,41.2351,0.0,0,0,1,128,384,384,77309411328,77309411328,7.697,0.018
google/gemma-3-1b-it,NVIDIA GeForce RTX 5060 Ti,42,HotpotQA,6,16,522,multi-hop,45.1219,47.9651,0.0,0,0,1,87,343,343,61681958912,61681958912,7.697,0.018
google/gemma-3-1b-it,NVIDIA GeForce RTX 5060 Ti,42,HotpotQA,6,16,523,semantic,0.0,0.0,0.0,1,1,1,49,305,305,48771891200,48771891200,7.697,0.018
google/gemma-3-1b-it,NVIDIA GeForce RTX 5060 Ti,42,HotpotQA,6,16,524,multi-hop,52.2879,57.9905,59.5929,0,0,0,115,371,371,72163524608,72163524608,7.697,0.018
google/gemma-3-1b-it,NVIDIA GeForce RTX 5060 Ti,42,HotpotQA,6,16,525,semantic,34.6827,0.0,0.0,0,1,1,87,343,343,61681958912,61681958912,7.697,0.018
google/gemma-3-1b-it,NVIDIA GeForce RTX 5060 Ti,42,HotpotQA,6,16,526,multi-hop,0.0,0.0,0.0,1,1,1,70,326,326,55719231488,55719231488,7.697,0.018
google/gemma-3-1b-it,NVIDIA GeForce RTX 5060 Ti,42,HotpotQA,6,16,527,semantic,59.3401,0.0,89.724,0,1,0,29,285,285,42585292800,42585292800,7.697,0.018
google/gemma-3-1b-it,NVIDIA GeForce RTX 5060 Ti,42,HotpotQA,6,16,528,semantic,34.6293,0.0,0.0,0,1,1,116,372,372,72553070592,72553070592,7.697,0.018
google/gemma-3-1b-it,NVIDIA GeForce RTX 5060 Ti,42,HotpotQA,6,16,529,structural,29.582,33.9334,0.0,0,0,1,47,303,303,48134356992,48134356992,7.697,0.018
google/gemma-3-1b-it,NVIDIA GeForce RTX 5060 Ti,42,HotpotQA,6,16,530,semantic,33.5591,0.0,42.0194,0,1,0,96,352,352,64961380352,64961380352,7.697,0.018
google/gemma-3-1b-it,NVIDIA GeForce RTX 5060 Ti,42,HotpotQA,6,16,531,structural,63.5501,0.0,0.0,0,1,1,99,355,355,66073395200,66073395200,7.697,0.018
google/gemma-3-1b-it,NVIDIA GeForce RTX 5060 Ti,42,HotpotQA,6,16,532,multi-hop,48.2169,0.0,0.0,0,1,1,106,362,362,68704796672,68704796672,7.697,0.018
google/gemma-3-1b-it,NVIDIA GeForce RTX 5060 Ti,42,HotpotQA,6,16,533,semantic,42.9922,0.0,48.8707,0,1,0,122,378,378,74912366592,74912366592,7.697,0.018
google/gemma-3-1b-it,NVIDIA GeForce RTX 5060 Ti,42,HotpotQA,6,16,534,multi-hop,0.0,0.0,0.0,1,1,1,148,404,404,85572190208,85572190208,7.697,0.018
google/gemma-3-1b-it,NVIDIA GeForce RTX 5060 Ti,42,HotpotQA,6,16,535,multi-hop,48.7502,0.0,0.0,0,1,1,96,352,352,64961380352,64961380352,7.697,0.018
google/gemma-3-1b-it,NVIDIA GeForce RTX 5060 Ti,42,HotpotQA,6,16,536,multi-hop,45.3723,52.7254,34.9799,0,0,0,71,327,327,56061591552,56061591552,7.697,0.018
google/gemma-3-1b-it,NVIDIA GeForce RTX 5060 Ti,42,HotpotQA,6,16,537,structural,74.7393,59.9382,0.0,0,0,1,8,264,264,36540776448,36540776448,7.697,0.018
google/gemma-3-1b-it,NVIDIA GeForce RTX 5060 Ti,42,HotpotQA,6,16,538,multi-hop,40.7346,0.0,38.4152,0,1,0,102,358,358,67194847232,67194847232,7.697,0.018
google/gemma-3-1b-it,NVIDIA GeForce RTX 5060 Ti,42,HotpotQA,6,16,539,multi-hop,0.0,0.0,57.5475,1,1,0,49,305,305,48771891200,48771891200,7.697,0.018
google/gemma-3-1b-it,NVIDIA GeForce RTX 5060 Ti,42,HotpotQA,6,16,540,multi-hop,63.6195,0.0,0.0,0,1,1,94,350,350,64225280000,64225280000,7.697,0.018
google/gemma-3-1b-it,NVIDIA GeForce RTX 5060 Ti,42,HotpotQA,6,16,541,multi-hop,58.0561,0.0,0.0,0,1,1,127,383,383,76907282432,76907282432,7.697,0.018
google/gemma-3-1b-it,NVIDIA GeForce RTX 5060 Ti,42,HotpotQA,6,16,542,structural,49.0965,43.9467,82.0998,0,0,0,148,404,404,85572190208,85572190208,7.697,0.018
google/gemma-3-1b-it,NVIDIA GeForce RTX 5060 Ti,42,HotpotQA,6,16,543,semantic,67.4119,0.0,0.0,0,1,1,114,370,370,71775027200,71775027200,7.697,0.018
google/gemma-3-1b-it,NVIDIA GeForce RTX 5060 Ti,42,HotpotQA,6,16,544,structural,54.9367,0.0,0.0,0,1,1,107,363,363,69084905472,69084905472,7.697,0.018
google/gemma-3-1b-it,NVIDIA GeForce RTX 5060 Ti,42,HotpotQA,6,16,545,multi-hop,64.6674,0.0,0.0,0,1,1,126,382,382,76506202112,76506202112,7.697,0.018
google/gemma-3-1b-it,NVIDIA GeForce RTX 5060 Ti,42,HotpotQA,6,16,546,structural,45.8172,76.2103,48.0594,0,0,0,124,380,380,75707187200,75707187200,7.697,0.018
google/gemma-3-1b-it,NVIDIA GeForce RTX 5060 Ti,42,HotpotQA,6,16,547,multi-hop,35.2933,0.0,0.0,0,1,1,3,19,21,189267968,231211008,7.697,0.018
google/gemma-3-1b-it,NVIDIA GeForce RTX 5060 Ti,42,HotpotQA,6,16,548,multi-hop,36.9965,0.0,0.0,0,1,1,73,329,329,56749457408,56749457408,7.697,0.018
google/gemma-3-1b-it,NVIDIA GeForce RTX 5060 Ti,42,HotpotQA,6,16,549,multi-hop,57.9636,52.067,43.5761,0,0,0,37,293,293,45009600512,45009600512,7.697,0.018
google/gemma-3-1b-it,NVIDIA GeForce RTX 5060 Ti,42,HotpotQA,6,16,550,multi-hop,43.8099,51.8921,0.0,0,0,1,70,326,326,55719231488,55719231488,7.697,0.018
google/gemma-3-1b-it,NVIDIA GeForce RTX 5060 Ti,42,HotpotQA,6,16,551,semantic,42.2569,0.0,72.8198,0,1,0,94,350,350,64225280000,64225280000,7.697,0.018
google/gemma-3-1b-it,NVIDIA GeForce RTX 5060 Ti,42,HotpotQA,6,16,552,structural,67.7458,34.0363,33.9037,0,0,0,76,332,332,57789120512,57789120512,7.697,0.018
google/gemma-3-1b-it,NVIDIA GeForce RTX 5060 Ti,42,HotpotQA,6,16,553,semantic,36.2807,0.0,0.0,0,1,1,57,313,313,51363971072,51363971072,7.697,0.018
google/gemma-3-1b-it,NVIDIA GeForce RTX 5060 Ti,42,HotpotQA,6,16,554,multi-hop,29.7843,0.0,0.0,0,1,1,47,303,303,48134356992,48134356992,7.697,0.018
google/gemma-3-1b-it,NVIDIA GeForce RTX 5060 Ti,42,HotpotQA,6,16,555,semantic,26.6863,0.0,0.0,0,1,1,112,368,368,71001178112,71001178112,7.697,0.018
google/gemma-3-1b-it,NVIDIA GeForce RTX 5060 Ti,42,HotpotQA,6,16,556,multi-hop,51.4248,0.0,0.0,0,1,1,73,329,329,56749457408,56749457408,7.697,0.018
google/gemma-3-1b-it,NVIDIA GeForce RTX 5060 Ti,42,HotpotQA,6,16,557,multi-hop,31.8876,51.2138,44.6381,0,0,0,40,296,296,45936017408,45936017408,7.697,0.018
google/gemma-3-1b-it,NVIDIA GeForce RTX 5060 Ti,42,HotpotQA,6,16,558,structural,32.8699,57.9258,0.0,0,0,1,126,382,382,76506202112,76506202112,7.697,0.018
google/gemma-3-1b-it,NVIDIA GeForce RTX 5060 Ti,42,HotpotQA,6,16,559,structural,48.8193,32.3598,56.7114,0,0,0,2,17,17,151519232,151519232,7.697,0.018
google/gemma-3-1b-it,NVIDIA GeForce RTX 5060 Ti,42,HotpotQA,6,16,560,multi-hop,34.4771,0.0,0.0,0,1,1,36,292,292,44702892032,44702892032,7.697,0.018
google/gemma-3-1b-it,NVIDIA GeForce RTX 5060 Ti,42,HotpotQA,6,16,561,structural,45.7767,54.2759,64.7884,0,0,0,13,269,269,37938003968,37938003968,7.697,0.018
google/gemma-3-1b-it,NVIDIA GeForce RTX 5060 Ti,42,HotpotQA,6,16,562,semantic,40.5894,0.0,0.0,0,1,1,63,319,319,53352071168,53352071168,7.697,0.018
google/gemma-3-1b-it,NVIDIA GeForce RTX 5060 Ti,42,HotpotQA,6,16,563,multi-hop,53.4085,57.3481,36.483,0,0,0,59,315,315,52022476800,52022476800,7.697,0.018
google/gemma-3-1b-it,NVIDIA GeForce RTX 5060 Ti,42,HotpotQA,6,16,564,semantic,50.4008,0.0,51.1242,0,1,0,153,409,409,87703420928,87703420928,7.697,0.018
google/gemma-3-1b-it,NVIDIA GeForce RTX 5060 Ti,42,HotpotQA,6,16,565,semantic,58.0447,0.0,35.2332,0,1,0,108,364,364,69466062848,69466062848,7.697,0.018
google/gemma-3-1b-it,NVIDIA GeForce RTX 5060 Ti,42,HotpotQA,6,16,566,structural,48.3473,40.3992,47.5414,0,0,0,2,21,127,231211008,8456241152,7.697,0.018
google/gemma-3-1b-it,NVIDIA GeForce RTX 5060 Ti,42,HotpotQA,6,16,567,semantic,55.5238,0.0,73.3729,0,1,0,125,381,381,76106170368,76106170368,7.697,0.018
google/gemma-3-1b-it,NVIDIA GeForce RTX 5060 Ti,42,HotpotQA,6,16,568,multi-hop,44.985,0.0,0.0,0,1,1,121,377,377,74516529152,74516529152,7.697,0.018
google/gemma-3-1b-it,NVIDIA GeForce RTX 5060 Ti,42,HotpotQA,6,16,569,multi-hop,40.2683,0.0,0.0,0,1,1,81,337,337,59542863872,59542863872,7.697,0.018
google/gemma-3-1b-it,NVIDIA GeForce RTX 5060 Ti,42,HotpotQA,6,16,570,multi-hop,47.7752,60.3466,78.6452,0,0,0,99,355,355,66073395200,66073395200,7.697,0.018
google/gemma-3-1b-it,NVIDIA GeForce RTX 5060 Ti,42,HotpotQA,6,16,571,multi-hop,94.1453,43.78,0.0,0,0,1,66,322,322,54360276992,54360276992,7.697,0.018
google/gemma-3-1b-it,NVIDIA GeForce RTX 5060 Ti,42,HotpotQA,6,16,572,multi-hop,84.7824,0.0,57.3011,0,1,0,6,262,262,35989225472,35989225472,7.697,0.018
google/gemma-3-1b-it,NVIDIA GeForce RTX 5060 Ti,42,HotpotQA,6,16,573,multi-hop,57.9808,0.0,0.0,0,1,1,117,373,373,72943665152,72943665152,7.697,0.018
google/gemma-3-1b-it,NVIDIA GeForce RTX 5060 Ti,42,HotpotQA,6,16,574,semantic,63.9827,0.0,0.0,0,1,1,102,358,358,67194847232,67194847232,7.697,0.018
google/gemma-3-1b-it,NVIDIA GeForce RTX 5060 Ti,42,HotpotQA,6,16,575,multi-hop,82.1327,44.8324,39.5801,0,0,0,31,287,287,43185078272,43185078272,7.697,0.018
google/gemma-3-1b-it,NVIDIA GeForce RTX 5060 Ti,42,HotpotQA,6,16,576,structural,32.9795,0.0,0.0,0,1,1,65,321,321,54023159808,54023159808,7.697,0.018
google/gemma-3-1b-it,NVIDIA GeForce RTX 5060 Ti,42,HotpotQA,6,16,577,multi-hop,57.7654,0.0,66.6515,0,1,0,68,324,324,55037657088,55037657088,7.697,0.018
google/gemma-3-1b-it,NVIDIA GeForce RTX 5060 Ti,42,HotpotQA,6,16,578,structural,76.9563,60.312,0.0,0,0,1,5,261,261,35715022848,35715022848,7.697,0.018
google/gemma-3-1b-it,NVIDIA GeForce RTX 5060 Ti,42,HotpotQA,6,16,579,multi-hop,36.8557,35.7602,42.5091,0,0,0,63,319,319,53352071168,53352071168,7.697,0.018
google/gemma-3-1b-it,NVIDIA GeForce RTX 5060 Ti,42,HotpotQA,6,16,580,multi-hop,63.3623,0.0,50.6068,0,1,0,183,439,439,101041307648,101041307648,7.697,0.018
google/gemma-3-1b-it,NVIDIA GeForce RTX 5060 Ti,42,HotpotQA,6,16,581,semantic,63.4463,0.0,0.0,0,1,1,82,338,338,59896758272,59896758272,7.697,0.018
google/gemma-3-1b-it,NVIDIA GeForce RTX 5060 Ti,42,HotpotQA,6,16,582,semantic,86.9662,0.0,0.0,0,1,1,98,354,354,65701675008,65701675008,7.697,0.018
google/gemma-3-1b-it,NVIDIA GeForce RTX 5060 Ti,42,HotpotQA,6,16,583,multi-hop,36.091,48.6101,74.3664,0,0,0,106,362,362,68704796672,68704796672,7.697,0.018
google/gemma-3-1b-it,NVIDIA GeForce RTX 5060 Ti,42,HotpotQA,6,16,584,multi-hop,35.0084,35.5096,0.0,0,0,1,70,326,326,55719231488,55719231488,7.697,0.018
google/gemma-3-1b-it,NVIDIA GeForce RTX 5060 Ti,42,HotpotQA,6,16,585,multi-hop,32.9944,0.0,0.0,0,1,1,99,355,355,66073395200,66073395200,7.697,0.018
google/gemma-3-1b-it,NVIDIA GeForce RTX 5060 Ti,42,HotpotQA,6,16,586,semantic,48.2676,0.0,0.0,0,1,1,60,316,316,52353302528,52353302528,7.697,0.018
google/gemma-3-1b-it,NVIDIA GeForce RTX 5060 Ti,42,HotpotQA,6,16,587,semantic,32.7458,0.0,0.0,0,1,1,123,379,379,75309252608,75309252608,7.697,0.018
google/gemma-3-1b-it,NVIDIA GeForce RTX 5060 Ti,42,HotpotQA,6,16,588,multi-hop,61.2654,48.4927,34.9037,0,0,0,116,372,372,72553070592,72553070592,7.697,0.018
google/gemma-3-1b-it,NVIDIA GeForce RTX 5060 Ti,42,HotpotQA,6,16,589,semantic,0.0,0.0,0.0,1,1,1,99,355,355,66073395200,66073395200,7.697,0.018
google/gemma-3-1b-it,NVIDIA GeForce RTX 5060 Ti,42,HotpotQA,6,16,590,structural,36.9501,52.4159,0.0,0,0,1,91,347,347,63128993792,63128993792,7.697,0.018
google/gemma-3-1b-it,NVIDIA GeForce RTX 5060 Ti,42,HotpotQA,6,16,591,semantic,39.3581,0.0,0.0,0,1,1,17,273,273,39074660352,39074660352,7.697,0.018
google/gemma-3-1b-it,NVIDIA GeForce RTX 5060 Ti,42,HotpotQA,6,16,592,structural,68.6423,0.0,37.2601,0,1,0,94,350,350,64225280000,64225280000,7.697,0.018
google/gemma-3-1b-it,NVIDIA GeForce RTX 5060 Ti,42,HotpotQA,6,16,593,semantic,29.0298,0.0,0.0,0,1,1,96,352,352,64961380352,64961380352,7.697,0.018
google/gemma-3-1b-it,NVIDIA GeForce RTX 5060 Ti,42,HotpotQA,6,16,594,structural,40.8858,39.7738,51.6835,0,0,0,102,358,358,67194847232,67194847232,7.697,0.018
google/gemma-3-1b-it,NVIDIA GeForce RTX 5060 Ti,42,HotpotQA,6,16,595,multi-hop,41.8465,72.0374,63.4789,0,0,0,83,339,339,60251701248,60251701248,7.697,0.018
google/gemma-3-1b-it,NVIDIA GeForce RTX 5060 Ti,42,HotpotQA,6,16,596,multi-hop,34.6613,28.2651,38.5131,0,0,0,148,404,404,85572190208,85572190208,7.697,0.018
google/gemma-3-1b-it,NVIDIA GeForce RTX 5060 Ti,42,HotpotQA,6,16,597,semantic,33.5831,0.0,0.0,0,1,1,76,332,332,57789120512,57789120512,7.697,0.018
google/gemma-3-1b-it,NVIDIA GeForce RTX 5060 Ti,42,HotpotQA,6,16,598,multi-hop,62.2627,45.4501,46.4205,0,0,0,65,321,321,54023159808,54023159808,7.697,0.018
google/gemma-3-1b-it,NVIDIA GeForce RTX 5060 Ti,42,HotpotQA,6,16,599,multi-hop,0.0,0.0,0.0,1,1,1,94,350,350,64225280000,64225280000,7.697,0.018
google/gemma-3-1b-it,NVIDIA GeForce RTX 5060 Ti,42,HotpotQA,8,16,0,structural,40.4937,0.0,0.0,0,1,1,102,358,358,67194847232,67194847232,7.697,0.018
google/gemma-3-1b-it,NVIDIA GeForce RTX 5060 Ti,42,HotpotQA,8,16,1,multi-hop,33.0982,0.0,0.0,0,1,1,35,291,291,44397232128,44397232128,7.697,0.018
google/gemma-3-1b-it,NVIDIA GeForce RTX 5060 Ti,42,HotpotQA,8,16,2,multi-hop,42.1725,0.0,0.0,0,1,1,104,360,360,67947724800,67947724800,7.697,0.018
google/gemma-3-1b-it,NVIDIA GeForce RTX 5060 Ti,42,HotpotQA,8,16,3,semantic,37.5248,0.0,0.0,0,1,1,129,385,385,77712588800,77712588800,7.697,0.018
google/gemma-3-1b-it,NVIDIA GeForce RTX 5060 Ti,42,HotpotQA,8,16,4,structural,37.858,35.1604,38.3178,0,0,0,124,380,380,75707187200,75707187200,7.697,0.018
google/gemma-3-1b-it,NVIDIA GeForce RTX 5060 Ti,42,HotpotQA,8,16,5,multi-hop,48.2003,0.0,0.0,0,1,1,96,352,352,64961380352,64961380352,7.697,0.018
google/gemma-3-1b-it,NVIDIA GeForce RTX 5060 Ti,42,HotpotQA,8,16,6,structural,30.9645,60.1337,47.5716,0,0,0,82,338,338,59896758272,59896758272,7.697,0.018
google/gemma-3-1b-it,NVIDIA GeForce RTX 5060 Ti,42,HotpotQA,8,16,7,multi-hop,59.3591,32.2288,52.8905,0,0,0,71,327,327,56061591552,56061591552,7.697,0.018
google/gemma-3-1b-it,NVIDIA GeForce RTX 5060 Ti,42,HotpotQA,8,16,8,multi-hop,36.616,0.0,0.0,0,1,1,76,332,332,57789120512,57789120512,7.697,0.018
google/gemma-3-1b-it,NVIDIA GeForce RTX 5060 Ti,42,HotpotQA,8,16,9,structural,50.9538,0.0,0.0,0,1,1,93,349,349,63858802688,63858802688,7.697,0.018
google/gemma-3-1b-it,NVIDIA GeForce RTX 5060 Ti,42,HotpotQA,8,16,10,multi-hop,41.2805,0.0,58.2949,0,1,0,12,268,268,37656461312,37656461312,7.697,0.018
google/gemma-3-1b-it,NVIDIA GeForce RTX 5060 Ti,42,HotpotQA,8,16,11,semantic,36.8763,0.0,0.0,0,1,1,81,337,337,59542863872,59542863872,7.697,0.018
google/gemma-3-1b-it,NVIDIA GeForce RTX 5060 Ti,42,HotpotQA,8,16,12,semantic,46.9868,0.0,0.0,0,1,1,49,305,305,48771891200,48771891200,7.697,0.018
google/gemma-3-1b-it,NVIDIA GeForce RTX 5060 Ti,42,HotpotQA,8,16,13,semantic,43.8988,0.0,0.0,0,1,1,40,296,296,45936017408,45936017408,7.697,0.018
google/gemma-3-1b-it,NVIDIA GeForce RTX 5060 Ti,42,HotpotQA,8,16,14,multi-hop,37.5653,0.0,53.4879,0,1,0,24,280,280,41104179200,41104179200,7.697,0.018
google/gemma-3-1b-it,NVIDIA GeForce RTX 5060 Ti,42,HotpotQA,8,16,15,structural,29.9098,0.0,0.0,0,1,1,127,383,383,76907282432,76907282432,7.697,0.018
google/gemma-3-1b-it,NVIDIA GeForce RTX 5060 Ti,42,HotpotQA,8,16,16,structural,37.214,0.0,0.0,0,1,1,96,352,352,64961380352,64961380352,7.697,0.018
google/gemma-3-1b-it,NVIDIA GeForce RTX 5060 Ti,42,HotpotQA,8,16,17,semantic,56.2166,0.0,0.0,0,1,1,2,22,205,253755392,22033203200,7.697,0.018
google/gemma-3-1b-it,NVIDIA GeForce RTX 5060 Ti,42,HotpotQA,8,16,18,semantic,51.8412,0.0,29.6038,0,1,0,126,382,382,76506202112,76506202112,7.697,0.018
google/gemma-3-1b-it,NVIDIA GeForce RTX 5060 Ti,42,HotpotQA,8,16,19,multi-hop,40.1743,38.653,27.8614,0,0,0,60,316,316,52353302528,52353302528,7.697,0.018
google/gemma-3-1b-it,NVIDIA GeForce RTX 5060 Ti,42,HotpotQA,8,16,20,multi-hop,29.9101,73.7486,47.8016,0,0,0,120,376,376,74121740288,74121740288,7.697,0.018
google/gemma-3-1b-it,NVIDIA GeForce RTX 5060 Ti,42,HotpotQA,8,16,21,multi-hop,31.2126,0.0,0.0,0,1,1,85,341,341,60964732928,60964732928,7.697,0.018
google/gemma-3-1b-it,NVIDIA GeForce RTX 5060 Ti,42,HotpotQA,8,16,22,structural,39.3378,0.0,0.0,0,1,1,88,344,344,62042144768,62042144768,7.697,0.018
google/gemma-3-1b-it,NVIDIA GeForce RTX 5060 Ti,42,HotpotQA,8,16,23,semantic,32.9487,0.0,0.0,0,1,1,72,328,328,56405000192,56405000192,7.697,0.018
google/gemma-3-1b-it,NVIDIA GeForce RTX 5060 Ti,42,HotpotQA,8,16,24,semantic,62.5055,0.0,28.4686,0,1,0,127,383,383,76907282432,76907282432,7.697,0.018
google/gemma-3-1b-it,NVIDIA GeForce RTX 5060 Ti,42,HotpotQA,8,16,25,multi-hop,51.3301,0.0,0.0,0,1,1,26,282,282,41693478912,41693478912,7.697,0.018
google/gemma-3-1b-it,NVIDIA GeForce RTX 5060 Ti,42,HotpotQA,8,16,26,multi-hop,45.1042,0.0,0.0,0,1,1,82,338,338,59896758272,59896758272,7.697,0.018
google/gemma-3-1b-it,NVIDIA GeForce RTX 5060 Ti,42,HotpotQA,8,16,27,multi-hop,40.4672,42.6733,0.0,0,0,1,122,378,378,74912366592,74912366592,7.697,0.018
google/gemma-3-1b-it,NVIDIA GeForce RTX 5060 Ti,42,HotpotQA,8,16,28,semantic,60.6618,0.0,0.0,0,1,1,75,331,331,57441517568,57441517568,7.697,0.018
google/gemma-3-1b-it,NVIDIA GeForce RTX 5060 Ti,42,HotpotQA,8,16,29,structural,43.5113,56.1238,39.8547,0,0,0,75,331,331,57441517568,57441517568,7.697,0.018
google/gemma-3-1b-it,NVIDIA GeForce RTX 5060 Ti,42,HotpotQA,8,16,30,multi-hop,40.6152,0.0,56.9535,0,1,0,14,270,270,38220595200,38220595200,7.697,0.018
google/gemma-3-1b-it,NVIDIA GeForce RTX 5060 Ti,42,HotpotQA,8,16,31,multi-hop,66.2059,0.0,31.4891,0,1,0,91,347,347,63128993792,63128993792,7.697,0.018
google/gemma-3-1b-it,NVIDIA GeForce RTX 5060 Ti,42,HotpotQA,8,16,32,semantic,47.6715,0.0,0.0,0,1,1,119,375,375,73728000000,73728000000,7.697,0.018
google/gemma-3-1b-it,NVIDIA GeForce RTX 5060 Ti,42,HotpotQA,8,16,33,structural,30.8654,36.7687,0.0,0,0,1,87,343,343,61681958912,61681958912,7.697,0.018
google/gemma-3-1b-it,NVIDIA GeForce RTX 5060 Ti,42,HotpotQA,8,16,34,structural,33.6034,29.8529,34.0796,0,0,0,96,352,352,64961380352,64961380352,7.697,0.018
google/gemma-3-1b-it,NVIDIA GeForce RTX 5060 Ti,42,HotpotQA,8,16,35,semantic,0.0,0.0,0.0,1,1,1,14,270,270,38220595200,38220595200,7.697,0.018
google/gemma-3-1b-it,NVIDIA GeForce RTX 5060 Ti,42,HotpotQA,8,16,36,structural,29.7984,53.1737,62.3346,0,0,0,100,356,356,66446163968,66446163968,7.697,0.018
google/gemma-3-1b-it,NVIDIA GeForce RTX 5060 Ti,42,HotpotQA,8,16,37,multi-hop,50.523,0.0,0.0,0,1,1,81,337,337,59542863872,59542863872,7.697,0.018
google/gemma-3-1b-it,NVIDIA GeForce RTX 5060 Ti,42,HotpotQA,8,16,38,multi-hop,55.755,0.0,39.0769,0,1,0,109,365,365,69848268800,69848268800,7.697,0.018
google/gemma-3-1b-it,NVIDIA GeForce RTX 5060 Ti,42,HotpotQA,8,16,39,multi-hop,35.4168,30.6348,30.5113,0,0,0,81,337,337,59542863872,59542863872,7.697,0.018
google/gemma-3-1b-it,NVIDIA GeForce RTX 5060 Ti,42,HotpotQA,8,16,40,semantic,40.2243,0.0,48.5144,0,1,0,96,352,352,64961380352,64961380352,7.697,0.018
google/gemma-3-1b-it,NVIDIA GeForce RTX 5060 Ti,42,HotpotQA,8,16,41,multi-hop,51.0963,0.0,0.0,0,1,1,95,351,351,64592805888,64592805888,7.697,0.018
google/gemma-3-1b-it,NVIDIA GeForce RTX 5060 Ti,42,HotpotQA,8,16,42,semantic,33.7274,0.0,0.0,0,1,1,102,358,358,67194847232,67194847232,7.697,0.018
google/gemma-3-1b-it,NVIDIA GeForce RTX 5060 Ti,42,HotpotQA,8,16,43,semantic,57.8685,0.0,0.0,0,1,1,84,340,340,60607692800,60607692800,7.697,0.018
google/gemma-3-1b-it,NVIDIA GeForce RTX 5060 Ti,42,HotpotQA,8,16,44,multi-hop,44.1417,51.7985,35.5146,0,0,0,95,351,351,64592805888,64592805888,7.697,0.018
google/gemma-3-1b-it,NVIDIA GeForce RTX 5060 Ti,42,HotpotQA,8,16,45,structural,36.8951,27.5158,38.3386,0,0,0,93,349,349,63858802688,63858802688,7.697,0.018
google/gemma-3-1b-it,NVIDIA GeForce RTX 5060 Ti,42,HotpotQA,8,16,46,structural,46.9389,0.0,0.0,0,1,1,127,383,383,76907282432,76907282432,7.697,0.018
google/gemma-3-1b-it,NVIDIA GeForce RTX 5060 Ti,42,HotpotQA,8,16,47,semantic,0.0,0.0,0.0,1,1,1,9,265,265,36818124800,36818124800,7.697,0.018
google/gemma-3-1b-it,NVIDIA GeForce RTX 5060 Ti,42,HotpotQA,8,16,48,multi-hop,0.0,0.0,0.0,1,1,1,108,364,364,69466062848,69466062848,7.697,0.018
google/gemma-3-1b-it,NVIDIA GeForce RTX 5060 Ti,42,HotpotQA,8,16,49,structural,80.5001,0.0,0.0,0,1,1,7,263,263,36264476672,36264476672,7.697,0.018
google/gemma-3-1b-it,NVIDIA GeForce RTX 5060 Ti,42,HotpotQA,8,16,50,multi-hop,45.8528,0.0,0.0,0,1,1,69,325,325,55377920000,55377920000,7.697,0.018
google/gemma-3-1b-it,NVIDIA GeForce RTX 5060 Ti,42,HotpotQA,8,16,51,structural,53.013,47.0657,49.8049,0,0,0,69,325,325,55377920000,55377920000,7.697,0.018
google/gemma-3-1b-it,NVIDIA GeForce RTX 5060 Ti,42,HotpotQA,8,16,52,semantic,67.8737,0.0,0.0,0,1,1,68,324,324,55037657088,55037657088,7.697,0.018
google/gemma-3-1b-it,NVIDIA GeForce RTX 5060 Ti,42,HotpotQA,8,16,53,structural,38.9157,35.6938,30.4891,0,0,0,10,266,266,37096521728,37096521728,7.697,0.018
google/gemma-3-1b-it,NVIDIA GeForce RTX 5060 Ti,42,HotpotQA,8,16,54,structural,85.4462,44.9611,63.3506,0,0,0,108,364,364,69466062848,69466062848,7.697,0.018
google/gemma-3-1b-it,NVIDIA GeForce RTX 5060 Ti,42,HotpotQA,8,16,55,semantic,41.6587,0.0,0.0,0,1,1,125,381,381,76106170368,76106170368,7.697,0.018
google/gemma-3-1b-it,NVIDIA GeForce RTX 5060 Ti,42,HotpotQA,8,16,56,multi-hop,35.5961,0.0,0.0,0,1,1,109,365,365,69848268800,69848268800,7.697,0.018
google/gemma-3-1b-it,NVIDIA GeForce RTX 5060 Ti,42,HotpotQA,8,16,57,structural,62.1675,48.8741,32.3554,0,0,0,37,293,293,45009600512,45009600512,7.697,0.018
google/gemma-3-1b-it,NVIDIA GeForce RTX 5060 Ti,42,HotpotQA,8,16,58,multi-hop,37.472,0.0,0.0,0,1,1,87,343,343,61681958912,61681958912,7.697,0.018
google/gemma-3-1b-it,NVIDIA GeForce RTX 5060 Ti,42,HotpotQA,8,16,59,semantic,37.3376,0.0,0.0,0,1,1,14,270,270,38220595200,38220595200,7.697,0.018
google/gemma-3-1b-it,NVIDIA GeForce RTX 5060 Ti,42,HotpotQA,8,16,60,semantic,33.3844,0.0,0.0,0,1,1,3,112,259,6576668672,35169763328,7.697,0.018
google/gemma-3-1b-it,NVIDIA GeForce RTX 5060 Ti,42,HotpotQA,8,16,61,structural,30.3886,0.0,0.0,0,1,1,112,368,368,71001178112,71001178112,7.697,0.018
google/gemma-3-1b-it,NVIDIA GeForce RTX 5060 Ti,42,HotpotQA,8,16,62,semantic,75.3879,0.0,0.0,0,1,1,99,355,355,66073395200,66073395200,7.697,0.018
google/gemma-3-1b-it,NVIDIA GeForce RTX 5060 Ti,42,HotpotQA,8,16,63,multi-hop,46.5144,53.5129,0.0,0,0,1,115,371,371,72163524608,72163524608,7.697,0.018
google/gemma-3-1b-it,NVIDIA GeForce RTX 5060 Ti,42,HotpotQA,8,16,64,multi-hop,37.3186,0.0,0.0,0,1,1,86,342,342,61322821632,61322821632,7.697,0.018
google/gemma-3-1b-it,NVIDIA GeForce RTX 5060 Ti,42,HotpotQA,8,16,65,multi-hop,36.7311,33.2346,0.0,0,0,1,10,266,266,37096521728,37096521728,7.697,0.018
google/gemma-3-1b-it,NVIDIA GeForce RTX 5060 Ti,42,HotpotQA,8,16,66,multi-hop,32.3675,32.5081,42.1663,0,0,0,8,264,264,36540776448,36540776448,7.697,0.018
google/gemma-3-1b-it,NVIDIA GeForce RTX 5060 Ti,42,HotpotQA,8,16,67,semantic,37.3627,0.0,0.0,0,1,1,40,296,296,45936017408,45936017408,7.697,0.018
google/gemma-3-1b-it,NVIDIA GeForce RTX 5060 Ti,42,HotpotQA,8,16,68,structural,54.0211,62.8249,38.0664,0,0,0,41,297,297,46246920192,46246920192,7.697,0.018
google/gemma-3-1b-it,NVIDIA GeForce RTX 5060 Ti,42,HotpotQA,8,16,69,multi-hop,70.8166,0.0,93.2671,0,1,0,37,293,293,45009600512,45009600512,7.697,0.018
google/gemma-3-1b-it,NVIDIA GeForce RTX 5060 Ti,42,HotpotQA,8,16,70,structural,59.4775,43.6866,0.0,0,0,1,142,398,398,83049316352,83049316352,7.697,0.018
google/gemma-3-1b-it,NVIDIA GeForce RTX 5060 Ti,42,HotpotQA,8,16,71,multi-hop,51.404,54.6103,66.2301,0,0,0,204,460,460,110939340800,110939340800,7.697,0.018
google/gemma-3-1b-it,NVIDIA GeForce RTX 5060 Ti,42,HotpotQA,8,16,72,semantic,46.745,0.0,0.0,0,1,1,99,355,355,66073395200,66073395200,7.697,0.018
google/gemma-3-1b-it,NVIDIA GeForce RTX 5060 Ti,42,HotpotQA,8,16,73,multi-hop,33.5546,44.1326,62.5032,0,0,0,49,305,305,48771891200,48771891200,7.697,0.018
google/gemma-3-1b-it,NVIDIA GeForce RTX 5060 Ti,42,HotpotQA,8,16,74,multi-hop,34.0784,65.7717,0.0,0,0,1,77,333,333,58137772032,58137772032,7.697,0.018
google/gemma-3-1b-it,NVIDIA GeForce RTX 5060 Ti,42,HotpotQA,8,16,75,structural,41.2213,51.4079,58.8393,0,0,0,14,216,270,24461180928,38220595200,7.697,0.018
google/gemma-3-1b-it,NVIDIA GeForce RTX 5060 Ti,42,HotpotQA,8,16,76,multi-hop,67.1081,0.0,0.0,0,1,1,4,24,137,301989888,9840361472,7.697,0.018
google/gemma-3-1b-it,NVIDIA GeForce RTX 5060 Ti,42,HotpotQA,8,16,77,semantic,81.1854,0.0,0.0,0,1,1,115,371,371,72163524608,72163524608,7.697,0.018
google/gemma-3-1b-it,NVIDIA GeForce RTX 5060 Ti,42,HotpotQA,8,16,78,semantic,40.3837,0.0,47.8032,0,1,0,125,381,381,76106170368,76106170368,7.697,0.018
google/gemma-3-1b-it,NVIDIA GeForce RTX 5060 Ti,42,HotpotQA,8,16,79,semantic,37.3563,0.0,55.4839,0,1,0,102,358,358,67194847232,67194847232,7.697,0.018
google/gemma-3-1b-it,NVIDIA GeForce RTX 5060 Ti,42,HotpotQA,8,16,80,structural,67.2264,62.0808,37.2312,0,0,0,101,357,357,66819981312,66819981312,7.697,0.018
google/gemma-3-1b-it,NVIDIA GeForce RTX 5060 Ti,42,HotpotQA,8,16,81,multi-hop,66.9249,0.0,0.0,0,1,1,87,343,343,61681958912,61681958912,7.697,0.018
google/gemma-3-1b-it,NVIDIA GeForce RTX 5060 Ti,42,HotpotQA,8,16,82,multi-hop,72.9083,0.0,0.0,0,1,1,99,355,355,66073395200,66073395200,7.697,0.018
google/gemma-3-1b-it,NVIDIA GeForce RTX 5060 Ti,42,HotpotQA,8,16,83,structural,63.3396,30.7799,42.8272,0,0,0,122,378,378,74912366592,74912366592,7.697,0.018
google/gemma-3-1b-it,NVIDIA GeForce RTX 5060 Ti,42,HotpotQA,8,16,84,semantic,47.1491,0.0,0.0,0,1,1,121,377,377,74516529152,74516529152,7.697,0.018
google/gemma-3-1b-it,NVIDIA GeForce RTX 5060 Ti,42,HotpotQA,8,16,85,semantic,43.8386,0.0,46.2459,0,1,0,80,336,336,59190018048,59190018048,7.697,0.018
google/gemma-3-1b-it,NVIDIA GeForce RTX 5060 Ti,42,HotpotQA,8,16,86,multi-hop,0.0,0.0,0.0,1,1,1,104,360,360,67947724800,67947724800,7.697,0.018
google/gemma-3-1b-it,NVIDIA GeForce RTX 5060 Ti,42,HotpotQA,8,16,87,multi-hop,59.0393,0.0,0.0,0,1,1,101,357,357,66819981312,66819981312,7.697,0.018
google/gemma-3-1b-it,NVIDIA GeForce RTX 5060 Ti,42,HotpotQA,8,16,88,multi-hop,58.2428,49.0206,56.7018,0,0,0,90,346,346,62765662208,62765662208,7.697,0.018
google/gemma-3-1b-it,NVIDIA GeForce RTX 5060 Ti,42,HotpotQA,8,16,89,multi-hop,58.9536,0.0,0.0,0,1,1,70,326,326,55719231488,55719231488,7.697,0.018
google/gemma-3-1b-it,NVIDIA GeForce RTX 5060 Ti,42,HotpotQA,8,16,90,semantic,58.6447,0.0,0.0,0,1,1,63,319,319,53352071168,53352071168,7.697,0.018
google/gemma-3-1b-it,NVIDIA GeForce RTX 5060 Ti,42,HotpotQA,8,16,91,multi-hop,41.7653,41.7328,81.1055,0,0,0,7,263,263,36264476672,36264476672,7.697,0.018
google/gemma-3-1b-it,NVIDIA GeForce RTX 5060 Ti,42,HotpotQA,8,16,92,semantic,30.9133,0.0,0.0,0,1,1,99,355,355,66073395200,66073395200,7.697,0.018
google/gemma-3-1b-it,NVIDIA GeForce RTX 5060 Ti,42,HotpotQA,8,16,93,semantic,0.0,0.0,55.9196,1,1,0,80,336,336,59190018048,59190018048,7.697,0.018
google/gemma-3-1b-it,NVIDIA GeForce RTX 5060 Ti,42,HotpotQA,8,16,94,semantic,85.155,0.0,38.9221,0,1,0,12,268,268,37656461312,37656461312,7.697,0.018
google/gemma-3-1b-it,NVIDIA GeForce RTX 5060 Ti,42,HotpotQA,8,16,95,semantic,39.3589,0.0,0.0,0,1,1,85,341,341,60964732928,60964732928,7.697,0.018
google/gemma-3-1b-it,NVIDIA GeForce RTX 5060 Ti,42,HotpotQA,8,16,96,multi-hop,37.4716,69.7974,0.0,0,0,1,3,259,259,35169763328,35169763328,7.697,0.018
google/gemma-3-1b-it,NVIDIA GeForce RTX 5060 Ti,42,HotpotQA,8,16,97,structural,40.538,48.6302,58.3721,0,0,0,106,362,362,68704796672,68704796672,7.697,0.018
google/gemma-3-1b-it,NVIDIA GeForce RTX 5060 Ti,42,HotpotQA,8,16,98,multi-hop,32.5832,0.0,0.0,0,1,1,4,186,120,18138267648,7549747200,7.697,0.018
google/gemma-3-1b-it,NVIDIA GeForce RTX 5060 Ti,42,HotpotQA,8,16,99,semantic,42.3431,0.0,66.8509,0,1,0,35,291,291,44397232128,44397232128,7.697,0.018
google/gemma-3-1b-it,NVIDIA GeForce RTX 5060 Ti,42,HotpotQA,8,16,100,semantic,54.0968,0.0,0.0,0,1,1,47,303,303,48134356992,48134356992,7.697,0.018
google/gemma-3-1b-it,NVIDIA GeForce RTX 5060 Ti,42,HotpotQA,8,16,101,multi-hop,34.6326,55.8277,40.528,0,0,0,104,360,360,67947724800,67947724800,7.697,0.018
google/gemma-3-1b-it,NVIDIA GeForce RTX 5060 Ti,42,HotpotQA,8,16,102,multi-hop,35.5611,71.5074,0.0,0,0,1,106,362,362,68704796672,68704796672,7.697,0.018
google/gemma-3-1b-it,NVIDIA GeForce RTX 5060 Ti,42,HotpotQA,8,16,103,semantic,58.3549,0.0,0.0,0,1,1,69,325,325,55377920000,55377920000,7.697,0.018
google/gemma-3-1b-it,NVIDIA GeForce RTX 5060 Ti,42,HotpotQA,8,16,104,multi-hop,34.3926,0.0,0.0,0,1,1,109,365,365,69848268800,69848268800,7.697,0.018
google/gemma-3-1b-it,NVIDIA GeForce RTX 5060 Ti,42,HotpotQA,8,16,105,semantic,49.7841,0.0,58.1214,0,1,0,110,366,366,70231523328,70231523328,7.697,0.018
google/gemma-3-1b-it,NVIDIA GeForce RTX 5060 Ti,42,HotpotQA,8,16,106,semantic,41.6589,0.0,0.0,0,1,1,2,23,111,277348352,6459752448,7.697,0.018
google/gemma-3-1b-it,NVIDIA GeForce RTX 5060 Ti,42,HotpotQA,8,16,107,structural,46.7048,42.0501,0.0,0,0,1,105,361,361,68325736448,68325736448,7.697,0.018
google/gemma-3-1b-it,NVIDIA GeForce RTX 5060 Ti,42,HotpotQA,8,16,108,structural,35.3964,0.0,0.0,0,1,1,81,337,337,59542863872,59542863872,7.697,0.018
google/gemma-3-1b-it,NVIDIA GeForce RTX 5060 Ti,42,HotpotQA,8,16,109,multi-hop,76.8095,67.8636,84.1893,0,0,0,139,395,395,81802035200,81802035200,7.697,0.018
google/gemma-3-1b-it,NVIDIA GeForce RTX 5060 Ti,42,HotpotQA,8,16,110,multi-hop,63.8694,48.3033,41.6182,0,0,0,34,290,290,44092620800,44092620800,7.697,0.018
google/gemma-3-1b-it,NVIDIA GeForce RTX 5060 Ti,42,HotpotQA,8,16,111,multi-hop,54.7129,40.6426,0.0,0,0,1,16,272,272,38788923392,38788923392,7.697,0.018
google/gemma-3-1b-it,NVIDIA GeForce RTX 5060 Ti,42,HotpotQA,8,16,112,semantic,57.5793,0.0,0.0,0,1,1,122,378,378,74912366592,74912366592,7.697,0.018
google/gemma-3-1b-it,NVIDIA GeForce RTX 5060 Ti,42,HotpotQA,8,16,113,multi-hop,0.0,0.0,0.0,1,1,1,91,347,347,63128993792,63128993792,7.697,0.018
google/gemma-3-1b-it,NVIDIA GeForce RTX 5060 Ti,42,HotpotQA,8,16,114,multi-hop,66.4987,0.0,83.2593,0,1,0,68,324,324,55037657088,55037657088,7.697,0.018
google/gemma-3-1b-it,NVIDIA GeForce RTX 5060 Ti,42,HotpotQA,8,16,115,multi-hop,0.0,0.0,0.0,1,1,1,35,291,291,44397232128,44397232128,7.697,0.018
google/gemma-3-1b-it,NVIDIA GeForce RTX 5060 Ti,42,HotpotQA,8,16,116,semantic,63.7931,0.0,0.0,0,1,1,40,296,296,45936017408,45936017408,7.697,0.018
google/gemma-3-1b-it,NVIDIA GeForce RTX 5060 Ti,42,HotpotQA,8,16,117,multi-hop,53.7227,0.0,0.0,0,1,1,88,344,344,62042144768,62042144768,7.697,0.018
google/gemma-3-1b-it,NVIDIA GeForce RTX 5060 Ti,42,HotpotQA,8,16,118,multi-hop,44.0331,0.0,0.0,0,1,1,99,355,355,66073395200,66073395200,7.697,0.018
google/gemma-3-1b-it,NVIDIA GeForce RTX 5060 Ti,42,HotpotQA,8,16,119,multi-hop,65.8608,0.0,0.0,0,1,1,106,362,362,68704796672,68704796672,7.697,0.018
google/gemma-3-1b-it,NVIDIA GeForce RTX 5060 Ti,42,HotpotQA,8,16,120,structural,50.6482,61.7003,48.39,0,0,0,84,340,340,60607692800,60607692800,7.697,0.018
google/gemma-3-1b-it,NVIDIA GeForce RTX 5060 Ti,42,HotpotQA,8,16,121,multi-hop,47.7325,0.0,0.0,0,1,1,114,370,370,71775027200,71775027200,7.697,0.018
google/gemma-3-1b-it,NVIDIA GeForce RTX 5060 Ti,42,HotpotQA,8,16,122,semantic,0.0,0.0,0.0,1,1,1,121,377,377,74516529152,74516529152,7.697,0.018
google/gemma-3-1b-it,NVIDIA GeForce RTX 5060 Ti,42,HotpotQA,8,16,123,semantic,26.3416,0.0,29.4716,0,1,0,2,238,258,29697769472,34898706432,7.697,0.018
google/gemma-3-1b-it,NVIDIA GeForce RTX 5060 Ti,42,HotpotQA,8,16,124,multi-hop,43.4539,38.6266,52.3099,0,0,0,2,138,21,9984540672,231211008,7.697,0.018
google/gemma-3-1b-it,NVIDIA GeForce RTX 5060 Ti,42,HotpotQA,8,16,125,semantic,41.5084,0.0,0.0,0,1,1,117,373,373,72943665152,72943665152,7.697,0.018
google/gemma-3-1b-it,NVIDIA GeForce RTX 5060 Ti,42,HotpotQA,8,16,126,semantic,60.3651,0.0,0.0,0,1,1,60,316,316,52353302528,52353302528,7.697,0.018
google/gemma-3-1b-it,NVIDIA GeForce RTX 5060 Ti,42,HotpotQA,8,16,127,multi-hop,52.7326,36.7962,61.2721,0,0,0,35,291,291,44397232128,44397232128,7.697,0.018
google/gemma-3-1b-it,NVIDIA GeForce RTX 5060 Ti,42,HotpotQA,8,16,128,multi-hop,33.7801,0.0,0.0,0,1,1,117,373,373,72943665152,72943665152,7.697,0.018
google/gemma-3-1b-it,NVIDIA GeForce RTX 5060 Ti,42,HotpotQA,8,16,129,structural,46.4616,37.5002,46.3885,0,0,0,47,303,303,48134356992,48134356992,7.697,0.018
google/gemma-3-1b-it,NVIDIA GeForce RTX 5060 Ti,42,HotpotQA,8,16,130,semantic,35.5416,0.0,0.0,0,1,1,94,350,350,64225280000,64225280000,7.697,0.018
google/gemma-3-1b-it,NVIDIA GeForce RTX 5060 Ti,42,HotpotQA,8,16,131,semantic,49.5435,0.0,0.0,0,1,1,126,382,382,76506202112,76506202112,7.697,0.018
google/gemma-3-1b-it,NVIDIA GeForce RTX 5060 Ti,42,HotpotQA,8,16,132,semantic,30.8115,0.0,0.0,0,1,1,99,355,355,66073395200,66073395200,7.697,0.018
google/gemma-3-1b-it,NVIDIA GeForce RTX 5060 Ti,42,HotpotQA,8,16,133,multi-hop,35.5113,0.0,0.0,0,1,1,99,355,355,66073395200,66073395200,7.697,0.018
google/gemma-3-1b-it,NVIDIA GeForce RTX 5060 Ti,42,HotpotQA,8,16,134,structural,36.9882,63.8192,39.1507,0,0,0,18,274,274,39361445888,39361445888,7.697,0.018
google/gemma-3-1b-it,NVIDIA GeForce RTX 5060 Ti,42,HotpotQA,8,16,135,multi-hop,52.1487,0.0,0.0,0,1,1,58,314,314,51692699648,51692699648,7.697,0.018
google/gemma-3-1b-it,NVIDIA GeForce RTX 5060 Ti,42,HotpotQA,8,16,136,semantic,43.5167,0.0,57.5527,0,1,0,19,275,275,39649280000,39649280000,7.697,0.018
google/gemma-3-1b-it,NVIDIA GeForce RTX 5060 Ti,42,HotpotQA,8,16,137,semantic,41.6024,0.0,0.0,0,1,1,57,313,313,51363971072,51363971072,7.697,0.018
google/gemma-3-1b-it,NVIDIA GeForce RTX 5060 Ti,42,HotpotQA,8,16,138,semantic,86.0927,0.0,0.0,0,1,1,76,332,332,57789120512,57789120512,7.697,0.018
google/gemma-3-1b-it,NVIDIA GeForce RTX 5060 Ti,42,HotpotQA,8,16,139,multi-hop,53.2246,102.094,81.1333,0,0,0,119,375,375,73728000000,73728000000,7.697,0.018
google/gemma-3-1b-it,NVIDIA GeForce RTX 5060 Ti,42,HotpotQA,8,16,140,structural,45.794,35.6495,64.0455,0,0,0,2,26,137,354418688,9840361472,7.697,0.018
google/gemma-3-1b-it,NVIDIA GeForce RTX 5060 Ti,42,HotpotQA,8,16,141,semantic,65.24,0.0,0.0,0,1,1,66,322,322,54360276992,54360276992,7.697,0.018
google/gemma-3-1b-it,NVIDIA GeForce RTX 5060 Ti,42,HotpotQA,8,16,142,multi-hop,0.0,82.3071,58.2801,1,0,0,20,276,276,39938162688,39938162688,7.697,0.018
google/gemma-3-1b-it,NVIDIA GeForce RTX 5060 Ti,42,HotpotQA,8,16,143,semantic,68.3128,0.0,0.0,0,1,1,82,338,338,59896758272,59896758272,7.697,0.018
google/gemma-3-1b-it,NVIDIA GeForce RTX 5060 Ti,42,HotpotQA,8,16,144,multi-hop,87.5363,0.0,0.0,0,1,1,117,373,373,72943665152,72943665152,7.697,0.018
google/gemma-3-1b-it,NVIDIA GeForce RTX 5060 Ti,42,HotpotQA,8,16,145,multi-hop,63.2766,0.0,0.0,0,1,1,72,328,328,56405000192,56405000192,7.697,0.018
google/gemma-3-1b-it,NVIDIA GeForce RTX 5060 Ti,42,HotpotQA,8,16,146,multi-hop,41.0114,0.0,0.0,0,1,1,105,361,361,68325736448,68325736448,7.697,0.018
google/gemma-3-1b-it,NVIDIA GeForce RTX 5060 Ti,42,HotpotQA,8,16,147,multi-hop,36.3323,0.0,0.0,0,1,1,2,23,111,277348352,6459752448,7.697,0.018
google/gemma-3-1b-it,NVIDIA GeForce RTX 5060 Ti,42,HotpotQA,8,16,148,multi-hop,46.3469,77.5744,0.0,0,0,1,99,355,355,66073395200,66073395200,7.697,0.018
google/gemma-3-1b-it,NVIDIA GeForce RTX 5060 Ti,42,HotpotQA,8,16,149,multi-hop,36.6033,51.0013,47.4215,0,0,0,134,390,390,79744204800,79744204800,7.697,0.018
google/gemma-3-1b-it,NVIDIA GeForce RTX 5060 Ti,42,HotpotQA,8,16,150,semantic,60.7765,0.0,35.4085,0,1,0,77,333,333,58137772032,58137772032,7.697,0.018
google/gemma-3-1b-it,NVIDIA GeForce RTX 5060 Ti,42,HotpotQA,8,16,151,structural,31.2607,0.0,0.0,0,1,1,35,291,291,44397232128,44397232128,7.697,0.018
google/gemma-3-1b-it,NVIDIA GeForce RTX 5060 Ti,42,HotpotQA,8,16,152,structural,59.5516,53.6678,0.0,0,0,1,129,385,385,77712588800,77712588800,7.697,0.018
google/gemma-3-1b-it,NVIDIA GeForce RTX 5060 Ti,42,HotpotQA,8,16,153,structural,41.7183,75.7047,0.0,0,0,1,85,341,341,60964732928,60964732928,7.697,0.018
google/gemma-3-1b-it,NVIDIA GeForce RTX 5060 Ti,42,HotpotQA,8,16,154,multi-hop,0.0,0.0,0.0,1,1,1,35,291,291,44397232128,44397232128,7.697,0.018
google/gemma-3-1b-it,NVIDIA GeForce RTX 5060 Ti,42,HotpotQA,8,16,155,multi-hop,33.603,0.0,0.0,0,1,1,67,323,323,54698442752,54698442752,7.697,0.018
google/gemma-3-1b-it,NVIDIA GeForce RTX 5060 Ti,42,HotpotQA,8,16,156,structural,75.4445,58.2727,69.3431,0,0,0,14,270,270,38220595200,38220595200,7.697,0.018
google/gemma-3-1b-it,NVIDIA GeForce RTX 5060 Ti,42,HotpotQA,8,16,157,multi-hop,36.595,0.0,0.0,0,1,1,75,331,331,57441517568,57441517568,7.697,0.018
google/gemma-3-1b-it,NVIDIA GeForce RTX 5060 Ti,42,HotpotQA,8,16,158,multi-hop,36.9021,0.0,0.0,0,1,1,159,415,415,90295500800,90295500800,7.697,0.018
google/gemma-3-1b-it,NVIDIA GeForce RTX 5060 Ti,42,HotpotQA,8,16,159,structural,66.0209,38.3869,34.3815,0,0,0,69,325,325,55377920000,55377920000,7.697,0.018
google/gemma-3-1b-it,NVIDIA GeForce RTX 5060 Ti,42,HotpotQA,8,16,160,semantic,39.9471,0.0,0.0,0,1,1,17,273,273,39074660352,39074660352,7.697,0.018
google/gemma-3-1b-it,NVIDIA GeForce RTX 5060 Ti,42,HotpotQA,8,16,161,multi-hop,39.9053,0.0,0.0,0,1,1,64,320,320,53687091200,53687091200,7.697,0.018
google/gemma-3-1b-it,NVIDIA GeForce RTX 5060 Ti,42,HotpotQA,8,16,162,multi-hop,39.3285,70.2551,49.2584,0,0,0,81,337,337,59542863872,59542863872,7.697,0.018
google/gemma-3-1b-it,NVIDIA GeForce RTX 5060 Ti,42,HotpotQA,8,16,163,multi-hop,40.6388,33.322,0.0,0,0,1,106,362,362,68704796672,68704796672,7.697,0.018
google/gemma-3-1b-it,NVIDIA GeForce RTX 5060 Ti,42,HotpotQA,8,16,164,semantic,37.1686,0.0,37.72,0,1,0,20,276,276,39938162688,39938162688,7.697,0.018
google/gemma-3-1b-it,NVIDIA GeForce RTX 5060 Ti,42,HotpotQA,8,16,165,multi-hop,51.3401,0.0,45.923,0,1,0,80,336,336,59190018048,59190018048,7.697,0.018
google/gemma-3-1b-it,NVIDIA GeForce RTX 5060 Ti,42,HotpotQA,8,16,166,multi-hop,30.1354,0.0,36.4397,0,1,0,96,352,352,64961380352,64961380352,7.697,0.018
google/gemma-3-1b-it,NVIDIA GeForce RTX 5060 Ti,42,HotpotQA,8,16,167,multi-hop,47.1242,32.7688,43.6814,0,0,0,35,291,291,44397232128,44397232128,7.697,0.018
google/gemma-3-1b-it,NVIDIA GeForce RTX 5060 Ti,42,HotpotQA,8,16,168,semantic,44.7084,0.0,36.0776,0,1,0,20,276,276,39938162688,39938162688,7.697,0.018
google/gemma-3-1b-it,NVIDIA GeForce RTX 5060 Ti,42,HotpotQA,8,16,169,multi-hop,33.4666,57.7031,0.0,0,0,1,118,374,374,73335308288,73335308288,7.697,0.018
google/gemma-3-1b-it,NVIDIA GeForce RTX 5060 Ti,42,HotpotQA,8,16,170,multi-hop,29.3379,33.0404,49.6185,0,0,0,5,261,261,35715022848,35715022848,7.697,0.018
google/gemma-3-1b-it,NVIDIA GeForce RTX 5060 Ti,42,HotpotQA,8,16,171,multi-hop,44.8147,0.0,35.7741,0,1,0,91,347,347,63128993792,63128993792,7.697,0.018
google/gemma-3-1b-it,NVIDIA GeForce RTX 5060 Ti,42,HotpotQA,8,16,172,structural,56.0834,0.0,0.0,0,1,1,6,262,262,35989225472,35989225472,7.697,0.018
google/gemma-3-1b-it,NVIDIA GeForce RTX 5060 Ti,42,HotpotQA,8,16,173,multi-hop,31.2196,30.2661,79.602,0,0,0,53,309,309,50059542528,50059542528,7.697,0.018
google/gemma-3-1b-it,NVIDIA GeForce RTX 5060 Ti,42,HotpotQA,8,16,174,semantic,52.4977,0.0,0.0,0,1,1,106,362,362,68704796672,68704796672,7.697,0.018
google/gemma-3-1b-it,NVIDIA GeForce RTX 5060 Ti,42,HotpotQA,8,16,175,multi-hop,67.7702,72.0677,65.3223,0,0,0,20,276,276,39938162688,39938162688,7.697,0.018
google/gemma-3-1b-it,NVIDIA GeForce RTX 5060 Ti,42,HotpotQA,8,16,176,multi-hop,63.484,0.0,0.0,0,1,1,108,364,364,69466062848,69466062848,7.697,0.018
google/gemma-3-1b-it,NVIDIA GeForce RTX 5060 Ti,42,HotpotQA,8,16,177,multi-hop,38.0796,0.0,0.0,0,1,1,114,370,370,71775027200,71775027200,7.697,0.018
google/gemma-3-1b-it,NVIDIA GeForce RTX 5060 Ti,42,HotpotQA,8,16,178,structural,39.4598,38.8201,63.4676,0,0,0,98,354,354,65701675008,65701675008,7.697,0.018
google/gemma-3-1b-it,NVIDIA GeForce RTX 5060 Ti,42,HotpotQA,8,16,179,structural,53.0083,39.2946,72.8242,0,0,0,49,305,305,48771891200,48771891200,7.697,0.018
google/gemma-3-1b-it,NVIDIA GeForce RTX 5060 Ti,42,HotpotQA,8,16,180,semantic,65.4734,0.0,0.0,0,1,1,93,349,349,63858802688,63858802688,7.697,0.018
google/gemma-3-1b-it,NVIDIA GeForce RTX 5060 Ti,42,HotpotQA,8,16,181,structural,31.1087,36.6891,69.9715,0,0,0,108,364,364,69466062848,69466062848,7.697,0.018
google/gemma-3-1b-it,NVIDIA GeForce RTX 5060 Ti,42,HotpotQA,8,16,182,multi-hop,36.3441,0.0,0.0,0,1,1,2,23,111,277348352,6459752448,7.697,0.018
google/gemma-3-1b-it,NVIDIA GeForce RTX 5060 Ti,42,HotpotQA,8,16,183,multi-hop,59.0316,0.0,81.4485,0,1,0,114,370,370,71775027200,71775027200,7.697,0.018
google/gemma-3-1b-it,NVIDIA GeForce RTX 5060 Ti,42,HotpotQA,8,16,184,structural,90.642,58.5639,38.8662,0,0,0,13,269,269,37938003968,37938003968,7.697,0.018
google/gemma-3-1b-it,NVIDIA GeForce RTX 5060 Ti,42,HotpotQA,8,16,185,multi-hop,71.6944,0.0,54.7864,0,1,0,94,350,350,64225280000,64225280000,7.697,0.018
google/gemma-3-1b-it,NVIDIA GeForce RTX 5060 Ti,42,HotpotQA,8,16,186,semantic,37.6842,0.0,0.0,0,1,1,105,361,361,68325736448,68325736448,7.697,0.018
google/gemma-3-1b-it,NVIDIA GeForce RTX 5060 Ti,42,HotpotQA,8,16,187,multi-hop,34.7394,35.928,0.0,0,0,1,68,324,324,55037657088,55037657088,7.697,0.018
google/gemma-3-1b-it,NVIDIA GeForce RTX 5060 Ti,42,HotpotQA,8,16,188,multi-hop,33.4561,0.0,0.0,0,1,1,57,313,313,51363971072,51363971072,7.697,0.018
google/gemma-3-1b-it,NVIDIA GeForce RTX 5060 Ti,42,HotpotQA,8,16,189,structural,87.8075,38.6526,42.9189,0,0,0,24,280,280,41104179200,41104179200,7.697,0.018
google/gemma-3-1b-it,NVIDIA GeForce RTX 5060 Ti,42,HotpotQA,8,16,190,structural,32.2635,67.515,44.5848,0,0,0,20,276,276,39938162688,39938162688,7.697,0.018
google/gemma-3-1b-it,NVIDIA GeForce RTX 5060 Ti,42,HotpotQA,8,16,191,structural,33.9938,0.0,0.0,0,1,1,69,325,325,55377920000,55377920000,7.697,0.018
google/gemma-3-1b-it,NVIDIA GeForce RTX 5060 Ti,42,HotpotQA,8,16,192,multi-hop,52.4558,0.0,0.0,0,1,1,5,261,261,35715022848,35715022848,7.697,0.018
google/gemma-3-1b-it,NVIDIA GeForce RTX 5060 Ti,42,HotpotQA,8,16,193,semantic,41.3815,0.0,0.0,0,1,1,26,282,282,41693478912,41693478912,7.697,0.018
google/gemma-3-1b-it,NVIDIA GeForce RTX 5060 Ti,42,HotpotQA,8,16,194,multi-hop,38.8228,29.2973,0.0,0,0,1,4,260,260,35441868800,35441868800,7.697,0.018
google/gemma-3-1b-it,NVIDIA GeForce RTX 5060 Ti,42,HotpotQA,8,16,195,multi-hop,36.6882,73.6659,0.0,0,0,1,114,370,370,71775027200,71775027200,7.697,0.018
google/gemma-3-1b-it,NVIDIA GeForce RTX 5060 Ti,42,HotpotQA,8,16,196,multi-hop,34.638,0.0,0.0,0,1,1,14,216,270,24461180928,38220595200,7.697,0.018
google/gemma-3-1b-it,NVIDIA GeForce RTX 5060 Ti,42,HotpotQA,8,16,197,semantic,64.3231,0.0,34.8035,0,1,0,96,352,352,64961380352,64961380352,7.697,0.018
google/gemma-3-1b-it,NVIDIA GeForce RTX 5060 Ti,42,HotpotQA,8,16,198,semantic,0.0,48.9178,54.4924,1,0,0,14,270,270,38220595200,38220595200,7.697,0.018
google/gemma-3-1b-it,NVIDIA GeForce RTX 5060 Ti,42,HotpotQA,8,16,199,semantic,75.9481,0.0,0.0,0,1,1,106,362,362,68704796672,68704796672,7.697,0.018
google/gemma-3-1b-it,NVIDIA GeForce RTX 5060 Ti,42,HotpotQA,8,16,200,multi-hop,81.9897,61.4245,48.5818,0,0,0,2,238,258,29697769472,34898706432,7.697,0.018
google/gemma-3-1b-it,NVIDIA GeForce RTX 5060 Ti,42,HotpotQA,8,16,201,multi-hop,62.6415,0.0,0.0,0,1,1,47,303,303,48134356992,48134356992,7.697,0.018
google/gemma-3-1b-it,NVIDIA GeForce RTX 5060 Ti,42,HotpotQA,8,16,202,semantic,43.1695,0.0,0.0,0,1,1,25,281,281,41398304768,41398304768,7.697,0.018
google/gemma-3-1b-it,NVIDIA GeForce RTX 5060 Ti,42,HotpotQA,8,16,203,semantic,58.5632,0.0,0.0,0,1,1,102,358,358,67194847232,67194847232,7.697,0.018
google/gemma-3-1b-it,NVIDIA GeForce RTX 5060 Ti,42,HotpotQA,8,16,204,multi-hop,41.0023,48.706,74.893,0,0,0,131,387,387,78522089472,78522089472,7.697,0.018
google/gemma-3-1b-it,NVIDIA GeForce RTX 5060 Ti,42,HotpotQA,8,16,205,multi-hop,52.3647,52.1101,0.0,0,0,1,128,384,384,77309411328,77309411328,7.697,0.018
google/gemma-3-1b-it,NVIDIA GeForce RTX 5060 Ti,42,HotpotQA,8,16,206,multi-hop,36.8349,0.0,0.0,0,1,1,105,361,361,68325736448,68325736448,7.697,0.018
google/gemma-3-1b-it,NVIDIA GeForce RTX 5060 Ti,42,HotpotQA,8,16,207,multi-hop,42.0857,0.0,0.0,0,1,1,148,404,404,85572190208,85572190208,7.697,0.018
google/gemma-3-1b-it,NVIDIA GeForce RTX 5060 Ti,42,HotpotQA,8,16,208,semantic,50.2228,0.0,0.0,0,1,1,10,266,266,37096521728,37096521728,7.697,0.018
google/gemma-3-1b-it,NVIDIA GeForce RTX 5060 Ti,42,HotpotQA,8,16,209,semantic,31.6211,0.0,0.0,0,1,1,70,326,326,55719231488,55719231488,7.697,0.018
google/gemma-3-1b-it,NVIDIA GeForce RTX 5060 Ti,42,HotpotQA,8,16,210,multi-hop,45.1677,0.0,0.0,0,1,1,125,381,381,76106170368,76106170368,7.697,0.018
google/gemma-3-1b-it,NVIDIA GeForce RTX 5060 Ti,42,HotpotQA,8,16,211,multi-hop,40.0743,51.6715,0.0,0,0,1,85,341,341,60964732928,60964732928,7.697,0.018
google/gemma-3-1b-it,NVIDIA GeForce RTX 5060 Ti,42,HotpotQA,8,16,212,semantic,76.5243,0.0,0.0,0,1,1,94,350,350,64225280000,64225280000,7.697,0.018
google/gemma-3-1b-it,NVIDIA GeForce RTX 5060 Ti,42,HotpotQA,8,16,213,structural,55.9795,30.5169,27.8429,0,0,0,64,320,320,53687091200,53687091200,7.697,0.018
google/gemma-3-1b-it,NVIDIA GeForce RTX 5060 Ti,42,HotpotQA,8,16,214,multi-hop,38.0504,0.0,77.7232,0,1,0,117,373,373,72943665152,72943665152,7.697,0.018
google/gemma-3-1b-it,NVIDIA GeForce RTX 5060 Ti,42,HotpotQA,8,16,215,multi-hop,48.3273,29.4978,57.6771,0,0,0,139,395,395,81802035200,81802035200,7.697,0.018
google/gemma-3-1b-it,NVIDIA GeForce RTX 5060 Ti,42,HotpotQA,8,16,216,multi-hop,41.3634,0.0,0.0,0,1,1,118,374,374,73335308288,73335308288,7.697,0.018
google/gemma-3-1b-it,NVIDIA GeForce RTX 5060 Ti,42,HotpotQA,8,16,217,semantic,43.6949,0.0,0.0,0,1,1,63,319,319,53352071168,53352071168,7.697,0.018
google/gemma-3-1b-it,NVIDIA GeForce RTX 5060 Ti,42,HotpotQA,8,16,218,semantic,40.4254,0.0,0.0,0,1,1,101,357,357,66819981312,66819981312,7.697,0.018
google/gemma-3-1b-it,NVIDIA GeForce RTX 5060 Ti,42,HotpotQA,8,16,219,structural,36.795,52.5127,37.8409,0,0,0,109,365,365,69848268800,69848268800,7.697,0.018
google/gemma-3-1b-it,NVIDIA GeForce RTX 5060 Ti,42,HotpotQA,8,16,220,multi-hop,61.9784,0.0,0.0,0,1,1,142,398,398,83049316352,83049316352,7.697,0.018
google/gemma-3-1b-it,NVIDIA GeForce RTX 5060 Ti,42,HotpotQA,8,16,221,semantic,44.3956,0.0,0.0,0,1,1,134,390,390,79744204800,79744204800,7.697,0.018
google/gemma-3-1b-it,NVIDIA GeForce RTX 5060 Ti,42,HotpotQA,8,16,222,structural,34.5671,29.228,0.0,0,0,1,93,349,349,63858802688,63858802688,7.697,0.018
google/gemma-3-1b-it,NVIDIA GeForce RTX 5060 Ti,42,HotpotQA,8,16,223,multi-hop,56.6508,0.0,42.5765,0,1,0,68,324,324,55037657088,55037657088,7.697,0.018
google/gemma-3-1b-it,NVIDIA GeForce RTX 5060 Ti,42,HotpotQA,8,16,224,multi-hop,37.8628,49.6093,0.0,0,0,1,3,259,259,35169763328,35169763328,7.697,0.018
google/gemma-3-1b-it,NVIDIA GeForce RTX 5060 Ti,42,HotpotQA,8,16,225,structural,58.8697,0.0,0.0,0,1,1,112,368,368,71001178112,71001178112,7.697,0.018
google/gemma-3-1b-it,NVIDIA GeForce RTX 5060 Ti,42,HotpotQA,8,16,226,semantic,67.4241,0.0,0.0,0,1,1,17,273,273,39074660352,39074660352,7.697,0.018
google/gemma-3-1b-it,NVIDIA GeForce RTX 5060 Ti,42,HotpotQA,8,16,227,semantic,80.1858,37.6443,0.0,0,0,1,123,379,379,75309252608,75309252608,7.697,0.018
google/gemma-3-1b-it,NVIDIA GeForce RTX 5060 Ti,42,HotpotQA,8,16,228,structural,58.9396,0.0,0.0,0,1,1,167,423,423,93810327552,93810327552,7.697,0.018
google/gemma-3-1b-it,NVIDIA GeForce RTX 5060 Ti,42,HotpotQA,8,16,229,multi-hop,91.0253,0.0,57.0419,0,1,0,125,381,381,76106170368,76106170368,7.697,0.018
google/gemma-3-1b-it,NVIDIA GeForce RTX 5060 Ti,42,HotpotQA,8,16,230,structural,36.7572,0.0,0.0,0,1,1,73,329,329,56749457408,56749457408,7.697,0.018
google/gemma-3-1b-it,NVIDIA GeForce RTX 5060 Ti,42,HotpotQA,8,16,231,semantic,61.6861,0.0,0.0,0,1,1,81,337,337,59542863872,59542863872,7.697,0.018
google/gemma-3-1b-it,NVIDIA GeForce RTX 5060 Ti,42,HotpotQA,8,16,232,structural,63.3052,0.0,0.0,0,1,1,226,482,482,121804685312,121804685312,7.697,0.018
google/gemma-3-1b-it,NVIDIA GeForce RTX 5060 Ti,42,HotpotQA,8,16,233,structural,60.8654,39.0933,29.7749,0,0,0,6,262,262,35989225472,35989225472,7.697,0.018
google/gemma-3-1b-it,NVIDIA GeForce RTX 5060 Ti,42,HotpotQA,8,16,234,semantic,52.5877,0.0,0.0,0,1,1,114,370,370,71775027200,71775027200,7.697,0.018
google/gemma-3-1b-it,NVIDIA GeForce RTX 5060 Ti,42,HotpotQA,8,16,235,multi-hop,0.0,0.0,0.0,1,1,1,123,379,379,75309252608,75309252608,7.697,0.018
google/gemma-3-1b-it,NVIDIA GeForce RTX 5060 Ti,42,HotpotQA,8,16,236,multi-hop,59.4662,0.0,56.8855,0,1,0,102,358,358,67194847232,67194847232,7.697,0.018
google/gemma-3-1b-it,NVIDIA GeForce RTX 5060 Ti,42,HotpotQA,8,16,237,structural,67.955,46.7539,34.5033,0,0,0,116,372,372,72553070592,72553070592,7.697,0.018
google/gemma-3-1b-it,NVIDIA GeForce RTX 5060 Ti,42,HotpotQA,8,16,238,multi-hop,66.0456,66.8651,49.2535,0,0,0,124,380,380,75707187200,75707187200,7.697,0.018
google/gemma-3-1b-it,NVIDIA GeForce RTX 5060 Ti,42,HotpotQA,8,16,239,structural,63.9816,50.0769,69.1216,0,0,0,31,287,287,43185078272,43185078272,7.697,0.018
google/gemma-3-1b-it,NVIDIA GeForce RTX 5060 Ti,42,HotpotQA,8,16,240,multi-hop,44.8213,0.0,0.0,0,1,1,186,442,442,102427000832,102427000832,7.697,0.018
google/gemma-3-1b-it,NVIDIA GeForce RTX 5060 Ti,42,HotpotQA,8,16,241,multi-hop,37.8039,0.0,0.0,0,1,1,78,334,334,58487472128,58487472128,7.697,0.018
google/gemma-3-1b-it,NVIDIA GeForce RTX 5060 Ti,42,HotpotQA,8,16,242,multi-hop,33.7017,42.5781,41.046,0,0,0,124,380,380,75707187200,75707187200,7.697,0.018
google/gemma-3-1b-it,NVIDIA GeForce RTX 5060 Ti,42,HotpotQA,8,16,243,multi-hop,44.1743,52.9,55.7896,0,0,0,131,387,387,78522089472,78522089472,7.697,0.018
google/gemma-3-1b-it,NVIDIA GeForce RTX 5060 Ti,42,HotpotQA,8,16,244,semantic,40.9561,0.0,43.1303,0,1,0,108,364,364,69466062848,69466062848,7.697,0.018
google/gemma-3-1b-it,NVIDIA GeForce RTX 5060 Ti,42,HotpotQA,8,16,245,multi-hop,59.4401,38.609,0.0,0,0,1,94,350,350,64225280000,64225280000,7.697,0.018
google/gemma-3-1b-it,NVIDIA GeForce RTX 5060 Ti,42,HotpotQA,8,16,246,structural,68.5027,0.0,0.0,0,1,1,8,264,264,36540776448,36540776448,7.697,0.018
google/gemma-3-1b-it,NVIDIA GeForce RTX 5060 Ti,42,HotpotQA,8,16,247,structural,91.101,0.0,0.0,0,1,1,111,367,367,70615826432,70615826432,7.697,0.018
google/gemma-3-1b-it,NVIDIA GeForce RTX 5060 Ti,42,HotpotQA,8,16,248,semantic,40.7619,0.0,0.0,0,1,1,98,354,354,65701675008,65701675008,7.697,0.018
google/gemma-3-1b-it,NVIDIA GeForce RTX 5060 Ti,42,HotpotQA,8,16,249,multi-hop,67.8944,0.0,0.0,0,1,1,24,280,280,41104179200,41104179200,7.697,0.018
google/gemma-3-1b-it,NVIDIA GeForce RTX 5060 Ti,42,HotpotQA,8,16,250,semantic,53.2349,0.0,0.0,0,1,1,109,365,365,69848268800,69848268800,7.697,0.018
google/gemma-3-1b-it,NVIDIA GeForce RTX 5060 Ti,42,HotpotQA,8,16,251,multi-hop,45.8568,0.0,0.0,0,1,1,96,352,352,64961380352,64961380352,7.697,0.018
google/gemma-3-1b-it,NVIDIA GeForce RTX 5060 Ti,42,HotpotQA,8,16,252,multi-hop,66.5753,0.0,55.6329,0,1,0,139,395,395,81802035200,81802035200,7.697,0.018
google/gemma-3-1b-it,NVIDIA GeForce RTX 5060 Ti,42,HotpotQA,8,16,253,multi-hop,0.0,64.1599,0.0,1,0,1,3,259,259,35169763328,35169763328,7.697,0.018
google/gemma-3-1b-it,NVIDIA GeForce RTX 5060 Ti,42,HotpotQA,8,16,254,multi-hop,36.4555,55.8872,59.6921,0,0,0,44,300,300,47185920000,47185920000,7.697,0.018
google/gemma-3-1b-it,NVIDIA GeForce RTX 5060 Ti,42,HotpotQA,8,16,255,multi-hop,46.2803,0.0,0.0,0,1,1,126,382,382,76506202112,76506202112,7.697,0.018
google/gemma-3-1b-it,NVIDIA GeForce RTX 5060 Ti,42,HotpotQA,8,16,256,multi-hop,37.3314,35.9978,40.6682,0,0,0,63,319,319,53352071168,53352071168,7.697,0.018
google/gemma-3-1b-it,NVIDIA GeForce RTX 5060 Ti,42,HotpotQA,8,16,257,semantic,70.8819,0.0,0.0,0,1,1,100,356,356,66446163968,66446163968,7.697,0.018
google/gemma-3-1b-it,NVIDIA GeForce RTX 5060 Ti,42,HotpotQA,8,16,258,multi-hop,83.7728,0.0,90.6556,0,1,0,112,368,368,71001178112,71001178112,7.697,0.018
google/gemma-3-1b-it,NVIDIA GeForce RTX 5060 Ti,42,HotpotQA,8,16,259,multi-hop,45.9887,0.0,0.0,0,1,1,78,334,334,58487472128,58487472128,7.697,0.018
google/gemma-3-1b-it,NVIDIA GeForce RTX 5060 Ti,42,HotpotQA,8,16,260,structural,43.091,0.0,0.0,0,1,1,25,281,281,41398304768,41398304768,7.697,0.018
google/gemma-3-1b-it,NVIDIA GeForce RTX 5060 Ti,42,HotpotQA,8,16,261,semantic,0.0,33.2572,0.0,1,0,1,82,338,338,59896758272,59896758272,7.697,0.018
google/gemma-3-1b-it,NVIDIA GeForce RTX 5060 Ti,42,HotpotQA,8,16,262,multi-hop,58.4532,36.94,55.7982,0,0,0,99,355,355,66073395200,66073395200,7.697,0.018
google/gemma-3-1b-it,NVIDIA GeForce RTX 5060 Ti,42,HotpotQA,8,16,263,semantic,66.2442,0.0,0.0,0,1,1,114,370,370,71775027200,71775027200,7.697,0.018
google/gemma-3-1b-it,NVIDIA GeForce RTX 5060 Ti,42,HotpotQA,8,16,264,semantic,65.0507,0.0,0.0,0,1,1,87,343,343,61681958912,61681958912,7.697,0.018
google/gemma-3-1b-it,NVIDIA GeForce RTX 5060 Ti,42,HotpotQA,8,16,265,semantic,43.4314,0.0,46.6937,0,1,0,119,375,375,73728000000,73728000000,7.697,0.018
google/gemma-3-1b-it,NVIDIA GeForce RTX 5060 Ti,42,HotpotQA,8,16,266,semantic,60.3615,0.0,68.2878,0,1,0,105,361,361,68325736448,68325736448,7.697,0.018
google/gemma-3-1b-it,NVIDIA GeForce RTX 5060 Ti,42,HotpotQA,8,16,267,structural,54.6666,0.0,0.0,0,1,1,101,357,357,66819981312,66819981312,7.697,0.018
google/gemma-3-1b-it,NVIDIA GeForce RTX 5060 Ti,42,HotpotQA,8,16,268,structural,41.2171,42.5928,0.0,0,0,1,114,370,370,71775027200,71775027200,7.697,0.018
google/gemma-3-1b-it,NVIDIA GeForce RTX 5060 Ti,42,HotpotQA,8,16,269,semantic,33.1657,0.0,0.0,0,1,1,115,371,371,72163524608,72163524608,7.697,0.018
google/gemma-3-1b-it,NVIDIA GeForce RTX 5060 Ti,42,HotpotQA,8,16,270,multi-hop,50.1043,0.0,40.7516,0,1,0,110,366,366,70231523328,70231523328,7.697,0.018
google/gemma-3-1b-it,NVIDIA GeForce RTX 5060 Ti,42,HotpotQA,8,16,271,multi-hop,61.9446,0.0,0.0,0,1,1,122,378,378,74912366592,74912366592,7.697,0.018
google/gemma-3-1b-it,NVIDIA GeForce RTX 5060 Ti,42,HotpotQA,8,16,272,semantic,37.241,0.0,44.1354,0,1,0,25,281,281,41398304768,41398304768,7.697,0.018
google/gemma-3-1b-it,NVIDIA GeForce RTX 5060 Ti,42,HotpotQA,8,16,273,multi-hop,61.8465,49.0881,65.4468,0,0,0,136,392,392,80564191232,80564191232,7.697,0.018
google/gemma-3-1b-it,NVIDIA GeForce RTX 5060 Ti,42,HotpotQA,8,16,274,multi-hop,58.7241,52.9112,0.0,0,0,1,3,259,259,35169763328,35169763328,7.697,0.018
google/gemma-3-1b-it,NVIDIA GeForce RTX 5060 Ti,42,HotpotQA,8,16,275,multi-hop,64.3681,0.0,0.0,0,1,1,5,196,199,20141047808,20762329088,7.697,0.018
google/gemma-3-1b-it,NVIDIA GeForce RTX 5060 Ti,42,HotpotQA,8,16,276,multi-hop,37.2373,0.0,0.0,0,1,1,123,379,379,75309252608,75309252608,7.697,0.018
google/gemma-3-1b-it,NVIDIA GeForce RTX 5060 Ti,42,HotpotQA,8,16,277,structural,26.6102,65.0773,69.2217,0,0,0,97,353,353,65331003392,65331003392,7.697,0.018
google/gemma-3-1b-it,NVIDIA GeForce RTX 5060 Ti,42,HotpotQA,8,16,278,multi-hop,26.9214,71.7468,0.0,0,0,1,124,380,380,75707187200,75707187200,7.697,0.018
google/gemma-3-1b-it,NVIDIA GeForce RTX 5060 Ti,42,HotpotQA,8,16,279,structural,82.9134,67.5546,72.8845,0,0,0,95,351,351,64592805888,64592805888,7.697,0.018
google/gemma-3-1b-it,NVIDIA GeForce RTX 5060 Ti,42,HotpotQA,8,16,280,multi-hop,65.1837,94.4636,82.9284,0,0,0,81,337,337,59542863872,59542863872,7.697,0.018
google/gemma-3-1b-it,NVIDIA GeForce RTX 5060 Ti,42,HotpotQA,8,16,281,semantic,95.6783,0.0,0.0,0,1,1,20,276,276,39938162688,39938162688,7.697,0.018
google/gemma-3-1b-it,NVIDIA GeForce RTX 5060 Ti,42,HotpotQA,8,16,282,semantic,77.2112,0.0,0.0,0,1,1,51,307,307,49413619712,49413619712,7.697,0.018
google/gemma-3-1b-it,NVIDIA GeForce RTX 5060 Ti,42,HotpotQA,8,16,283,structural,61.8167,46.7292,58.1994,0,0,0,128,384,384,77309411328,77309411328,7.697,0.018
google/gemma-3-1b-it,NVIDIA GeForce RTX 5060 Ti,42,HotpotQA,8,16,284,multi-hop,77.0497,65.8793,0.0,0,0,1,68,324,324,55037657088,55037657088,7.697,0.018
google/gemma-3-1b-it,NVIDIA GeForce RTX 5060 Ti,42,HotpotQA,8,16,285,structural,72.9016,0.0,0.0,0,1,1,52,308,308,49736056832,49736056832,7.697,0.018
google/gemma-3-1b-it,NVIDIA GeForce RTX 5060 Ti,42,HotpotQA,8,16,286,multi-hop,34.9654,0.0,0.0,0,1,1,108,364,364,69466062848,69466062848,7.697,0.018
google/gemma-3-1b-it,NVIDIA GeForce RTX 5060 Ti,42,HotpotQA,8,16,287,structural,58.9937,87.1688,46.3697,0,0,0,101,357,357,66819981312,66819981312,7.697,0.018
google/gemma-3-1b-it,NVIDIA GeForce RTX 5060 Ti,42,HotpotQA,8,16,288,multi-hop,50.1596,0.0,0.0,0,1,1,97,353,353,65331003392,65331003392,7.697,0.018
google/gemma-3-1b-it,NVIDIA GeForce RTX 5060 Ti,42,HotpotQA,8,16,289,multi-hop,46.1213,0.0,56.571,0,1,0,86,342,342,61322821632,61322821632,7.697,0.018
google/gemma-3-1b-it,NVIDIA GeForce RTX 5060 Ti,42,HotpotQA,8,16,290,semantic,50.9924,0.0,0.0,0,1,1,75,331,331,57441517568,57441517568,7.697,0.018
google/gemma-3-1b-it,NVIDIA GeForce RTX 5060 Ti,42,HotpotQA,8,16,291,multi-hop,35.6549,0.0,0.0,0,1,1,84,340,340,60607692800,60607692800,7.697,0.018
google/gemma-3-1b-it,NVIDIA GeForce RTX 5060 Ti,42,HotpotQA,8,16,292,multi-hop,33.132,0.0,64.7285,0,1,0,25,281,281,41398304768,41398304768,7.697,0.018
google/gemma-3-1b-it,NVIDIA GeForce RTX 5060 Ti,42,HotpotQA,8,16,293,multi-hop,69.978,53.9954,0.0,0,0,1,40,296,296,45936017408,45936017408,7.697,0.018
google/gemma-3-1b-it,NVIDIA GeForce RTX 5060 Ti,42,HotpotQA,8,16,294,multi-hop,39.5344,64.6252,60.9071,0,0,0,100,356,356,66446163968,66446163968,7.697,0.018
google/gemma-3-1b-it,NVIDIA GeForce RTX 5060 Ti,42,HotpotQA,8,16,295,semantic,43.7991,0.0,0.0,0,1,1,124,380,380,75707187200,75707187200,7.697,0.018
google/gemma-3-1b-it,NVIDIA GeForce RTX 5060 Ti,42,HotpotQA,8,16,296,multi-hop,38.8727,75.0093,0.0,0,0,1,104,360,360,67947724800,67947724800,7.697,0.018
google/gemma-3-1b-it,NVIDIA GeForce RTX 5060 Ti,42,HotpotQA,8,16,297,multi-hop,64.3162,0.0,0.0,0,1,1,108,364,364,69466062848,69466062848,7.697,0.018
google/gemma-3-1b-it,NVIDIA GeForce RTX 5060 Ti,42,HotpotQA,8,16,298,structural,56.1096,67.4648,66.8846,0,0,0,70,326,326,55719231488,55719231488,7.697,0.018
google/gemma-3-1b-it,NVIDIA GeForce RTX 5060 Ti,42,HotpotQA,8,16,299,semantic,47.4368,0.0,0.0,0,1,1,42,298,298,46558871552,46558871552,7.697,0.018
google/gemma-3-1b-it,NVIDIA GeForce RTX 5060 Ti,42,HotpotQA,8,16,300,multi-hop,67.1518,0.0,0.0,0,1,1,119,375,375,73728000000,73728000000,7.697,0.018
google/gemma-3-1b-it,NVIDIA GeForce RTX 5060 Ti,42,HotpotQA,8,16,301,multi-hop,48.9369,56.722,0.0,0,0,1,69,325,325,55377920000,55377920000,7.697,0.018
google/gemma-3-1b-it,NVIDIA GeForce RTX 5060 Ti,42,HotpotQA,8,16,302,structural,86.7852,0.0,0.0,0,1,1,117,373,373,72943665152,72943665152,7.697,0.018
google/gemma-3-1b-it,NVIDIA GeForce RTX 5060 Ti,42,HotpotQA,8,16,303,semantic,86.5436,0.0,59.3187,0,1,0,65,321,321,54023159808,54023159808,7.697,0.018
google/gemma-3-1b-it,NVIDIA GeForce RTX 5060 Ti,42,HotpotQA,8,16,304,multi-hop,105.5588,78.7201,0.0,0,0,1,115,371,371,72163524608,72163524608,7.697,0.018
google/gemma-3-1b-it,NVIDIA GeForce RTX 5060 Ti,42,HotpotQA,8,16,305,multi-hop,87.1354,0.0,0.0,0,1,1,63,319,319,53352071168,53352071168,7.697,0.018
google/gemma-3-1b-it,NVIDIA GeForce RTX 5060 Ti,42,HotpotQA,8,16,306,semantic,89.6529,0.0,0.0,0,1,1,99,355,355,66073395200,66073395200,7.697,0.018
google/gemma-3-1b-it,NVIDIA GeForce RTX 5060 Ti,42,HotpotQA,8,16,307,semantic,34.4609,0.0,0.0,0,1,1,148,404,404,85572190208,85572190208,7.697,0.018
google/gemma-3-1b-it,NVIDIA GeForce RTX 5060 Ti,42,HotpotQA,8,16,308,multi-hop,65.4231,77.8061,67.4136,0,0,0,86,342,342,61322821632,61322821632,7.697,0.018
google/gemma-3-1b-it,NVIDIA GeForce RTX 5060 Ti,42,HotpotQA,8,16,309,multi-hop,43.682,0.0,66.5117,0,1,0,122,378,378,74912366592,74912366592,7.697,0.018
google/gemma-3-1b-it,NVIDIA GeForce RTX 5060 Ti,42,HotpotQA,8,16,310,structural,43.6259,33.4777,28.7707,0,0,0,31,287,287,43185078272,43185078272,7.697,0.018
google/gemma-3-1b-it,NVIDIA GeForce RTX 5060 Ti,42,HotpotQA,8,16,311,multi-hop,54.4742,0.0,0.0,0,1,1,116,372,372,72553070592,72553070592,7.697,0.018
google/gemma-3-1b-it,NVIDIA GeForce RTX 5060 Ti,42,HotpotQA,8,16,312,multi-hop,66.702,68.6066,76.5075,0,0,0,106,362,362,68704796672,68704796672,7.697,0.018
google/gemma-3-1b-it,NVIDIA GeForce RTX 5060 Ti,42,HotpotQA,8,16,313,structural,38.5605,52.6906,81.8143,0,0,0,111,367,367,70615826432,70615826432,7.697,0.018
google/gemma-3-1b-it,NVIDIA GeForce RTX 5060 Ti,42,HotpotQA,8,16,314,structural,54.4408,56.8097,0.0,0,0,1,117,373,373,72943665152,72943665152,7.697,0.018
google/gemma-3-1b-it,NVIDIA GeForce RTX 5060 Ti,42,HotpotQA,8,16,315,multi-hop,30.6138,0.0,0.0,0,1,1,110,366,366,70231523328,70231523328,7.697,0.018
google/gemma-3-1b-it,NVIDIA GeForce RTX 5060 Ti,42,HotpotQA,8,16,316,semantic,71.7938,0.0,0.0,0,1,1,121,377,377,74516529152,74516529152,7.697,0.018
google/gemma-3-1b-it,NVIDIA GeForce RTX 5060 Ti,42,HotpotQA,8,16,317,multi-hop,30.4596,0.0,0.0,0,1,1,63,319,319,53352071168,53352071168,7.697,0.018
google/gemma-3-1b-it,NVIDIA GeForce RTX 5060 Ti,42,HotpotQA,8,16,318,multi-hop,84.4863,92.6978,68.8007,0,0,0,112,368,368,71001178112,71001178112,7.697,0.018
google/gemma-3-1b-it,NVIDIA GeForce RTX 5060 Ti,42,HotpotQA,8,16,319,semantic,52.9946,0.0,0.0,0,1,1,4,186,120,18138267648,7549747200,7.697,0.018
google/gemma-3-1b-it,NVIDIA GeForce RTX 5060 Ti,42,HotpotQA,8,16,320,multi-hop,0.0,0.0,0.0,1,1,1,81,337,337,59542863872,59542863872,7.697,0.018
google/gemma-3-1b-it,NVIDIA GeForce RTX 5060 Ti,42,HotpotQA,8,16,321,multi-hop,83.6005,70.8898,98.1298,0,0,0,2,138,21,9984540672,231211008,7.697,0.018
google/gemma-3-1b-it,NVIDIA GeForce RTX 5060 Ti,42,HotpotQA,8,16,322,multi-hop,64.1485,71.6622,68.4267,0,0,0,116,372,372,72553070592,72553070592,7.697,0.018
google/gemma-3-1b-it,NVIDIA GeForce RTX 5060 Ti,42,HotpotQA,8,16,323,structural,0.0,81.367,86.6675,1,0,0,96,352,352,64961380352,64961380352,7.697,0.018
google/gemma-3-1b-it,NVIDIA GeForce RTX 5060 Ti,42,HotpotQA,8,16,324,semantic,85.5503,0.0,0.0,0,1,1,113,369,369,71387578368,71387578368,7.697,0.018
google/gemma-3-1b-it,NVIDIA GeForce RTX 5060 Ti,42,HotpotQA,8,16,325,semantic,85.4395,0.0,60.1034,0,1,0,12,268,268,37656461312,37656461312,7.697,0.018
google/gemma-3-1b-it,NVIDIA GeForce RTX 5060 Ti,42,HotpotQA,8,16,326,multi-hop,50.2066,0.0,94.2662,0,1,0,26,282,282,41693478912,41693478912,7.697,0.018
google/gemma-3-1b-it,NVIDIA GeForce RTX 5060 Ti,42,HotpotQA,8,16,327,structural,61.5347,66.5288,70.9377,0,0,0,2,238,258,29697769472,34898706432,7.697,0.018
google/gemma-3-1b-it,NVIDIA GeForce RTX 5060 Ti,42,HotpotQA,8,16,328,multi-hop,74.5793,0.0,0.0,0,1,1,9,265,265,36818124800,36818124800,7.697,0.018
google/gemma-3-1b-it,NVIDIA GeForce RTX 5060 Ti,42,HotpotQA,8,16,329,multi-hop,78.1309,0.0,0.0,0,1,1,105,361,361,68325736448,68325736448,7.697,0.018
google/gemma-3-1b-it,NVIDIA GeForce RTX 5060 Ti,42,HotpotQA,8,16,330,structural,78.8072,0.0,0.0,0,1,1,90,346,346,62765662208,62765662208,7.697,0.018
google/gemma-3-1b-it,NVIDIA GeForce RTX 5060 Ti,42,HotpotQA,8,16,331,multi-hop,66.0854,62.8056,0.0,0,0,1,25,281,281,41398304768,41398304768,7.697,0.018
google/gemma-3-1b-it,NVIDIA GeForce RTX 5060 Ti,42,HotpotQA,8,16,332,multi-hop,35.2141,0.0,85.2868,0,1,0,96,352,352,64961380352,64961380352,7.697,0.018
google/gemma-3-1b-it,NVIDIA GeForce RTX 5060 Ti,42,HotpotQA,8,16,333,semantic,53.556,0.0,77.3063,0,1,0,118,374,374,73335308288,73335308288,7.697,0.018
google/gemma-3-1b-it,NVIDIA GeForce RTX 5060 Ti,42,HotpotQA,8,16,334,semantic,51.1742,0.0,0.0,0,1,1,104,360,360,67947724800,67947724800,7.697,0.018
google/gemma-3-1b-it,NVIDIA GeForce RTX 5060 Ti,42,HotpotQA,8,16,335,multi-hop,74.0665,0.0,0.0,0,1,1,126,382,382,76506202112,76506202112,7.697,0.018
google/gemma-3-1b-it,NVIDIA GeForce RTX 5060 Ti,42,HotpotQA,8,16,336,multi-hop,90.8925,0.0,0.0,0,1,1,95,351,351,64592805888,64592805888,7.697,0.018
google/gemma-3-1b-it,NVIDIA GeForce RTX 5060 Ti,42,HotpotQA,8,16,337,structural,97.112,0.0,0.0,0,1,1,24,280,280,41104179200,41104179200,7.697,0.018
google/gemma-3-1b-it,NVIDIA GeForce RTX 5060 Ti,42,HotpotQA,8,16,338,multi-hop,93.9786,0.0,0.0,0,1,1,60,316,316,52353302528,52353302528,7.697,0.018
google/gemma-3-1b-it,NVIDIA GeForce RTX 5060 Ti,42,HotpotQA,8,16,339,multi-hop,64.424,0.0,0.0,0,1,1,50,306,306,49092231168,49092231168,7.697,0.018
google/gemma-3-1b-it,NVIDIA GeForce RTX 5060 Ti,42,HotpotQA,8,16,340,semantic,76.699,0.0,0.0,0,1,1,94,350,350,64225280000,64225280000,7.697,0.018
google/gemma-3-1b-it,NVIDIA GeForce RTX 5060 Ti,42,HotpotQA,8,16,341,semantic,31.7827,0.0,69.6048,0,1,0,4,260,260,35441868800,35441868800,7.697,0.018
google/gemma-3-1b-it,NVIDIA GeForce RTX 5060 Ti,42,HotpotQA,8,16,342,multi-hop,0.0,0.0,0.0,1,1,1,24,280,280,41104179200,41104179200,7.697,0.018
google/gemma-3-1b-it,NVIDIA GeForce RTX 5060 Ti,42,HotpotQA,8,16,343,structural,74.0509,0.0,0.0,0,1,1,111,367,367,70615826432,70615826432,7.697,0.018
google/gemma-3-1b-it,NVIDIA GeForce RTX 5060 Ti,42,HotpotQA,8,16,344,multi-hop,76.8495,36.9473,55.7564,0,0,0,101,357,357,66819981312,66819981312,7.697,0.018
google/gemma-3-1b-it,NVIDIA GeForce RTX 5060 Ti,42,HotpotQA,8,16,345,semantic,30.2597,0.0,0.0,0,1,1,102,358,358,67194847232,67194847232,7.697,0.018
google/gemma-3-1b-it,NVIDIA GeForce RTX 5060 Ti,42,HotpotQA,8,16,346,semantic,59.9633,0.0,0.0,0,1,1,18,274,274,39361445888,39361445888,7.697,0.018
google/gemma-3-1b-it,NVIDIA GeForce RTX 5060 Ti,42,HotpotQA,8,16,347,structural,45.9848,0.0,0.0,0,1,1,119,375,375,73728000000,73728000000,7.697,0.018
google/gemma-3-1b-it,NVIDIA GeForce RTX 5060 Ti,42,HotpotQA,8,16,348,structural,63.8916,46.705,83.6734,0,0,0,106,362,362,68704796672,68704796672,7.697,0.018
google/gemma-3-1b-it,NVIDIA GeForce RTX 5060 Ti,42,HotpotQA,8,16,349,semantic,0.0,0.0,0.0,1,1,1,18,274,274,39361445888,39361445888,7.697,0.018
google/gemma-3-1b-it,NVIDIA GeForce RTX 5060 Ti,42,HotpotQA,8,16,350,semantic,0.0,0.0,0.0,1,1,1,48,304,304,48452599808,48452599808,7.697,0.018
google/gemma-3-1b-it,NVIDIA GeForce RTX 5060 Ti,42,HotpotQA,8,16,351,multi-hop,70.9637,38.2961,63.0712,0,0,0,77,333,333,58137772032,58137772032,7.697,0.018
google/gemma-3-1b-it,NVIDIA GeForce RTX 5060 Ti,42,HotpotQA,8,16,352,structural,45.1892,40.2599,57.2449,0,0,0,14,270,270,38220595200,38220595200,7.697,0.018
google/gemma-3-1b-it,NVIDIA GeForce RTX 5060 Ti,42,HotpotQA,8,16,353,semantic,0.0,0.0,0.0,1,1,1,11,267,267,37375967232,37375967232,7.697,0.018
google/gemma-3-1b-it,NVIDIA GeForce RTX 5060 Ti,42,HotpotQA,8,16,354,semantic,89.5318,0.0,59.7307,0,1,0,112,368,368,71001178112,71001178112,7.697,0.018
google/gemma-3-1b-it,NVIDIA GeForce RTX 5060 Ti,42,HotpotQA,8,16,355,semantic,56.058,0.0,0.0,0,1,1,109,365,365,69848268800,69848268800,7.697,0.018
google/gemma-3-1b-it,NVIDIA GeForce RTX 5060 Ti,42,HotpotQA,8,16,356,multi-hop,46.9101,58.8457,0.0,0,0,1,114,370,370,71775027200,71775027200,7.697,0.018
google/gemma-3-1b-it,NVIDIA GeForce RTX 5060 Ti,42,HotpotQA,8,16,357,structural,68.9805,33.7095,81.1329,0,0,0,4,260,260,35441868800,35441868800,7.697,0.018
google/gemma-3-1b-it,NVIDIA GeForce RTX 5060 Ti,42,HotpotQA,8,16,358,multi-hop,67.2104,64.1477,0.0,0,0,1,102,358,358,67194847232,67194847232,7.697,0.018
google/gemma-3-1b-it,NVIDIA GeForce RTX 5060 Ti,42,HotpotQA,8,16,359,structural,46.1511,36.7931,72.8392,0,0,0,41,297,297,46246920192,46246920192,7.697,0.018
google/gemma-3-1b-it,NVIDIA GeForce RTX 5060 Ti,42,HotpotQA,8,16,360,structural,84.3702,58.7311,71.9427,0,0,0,4,24,137,301989888,9840361472,7.697,0.018
google/gemma-3-1b-it,NVIDIA GeForce RTX 5060 Ti,42,HotpotQA,8,16,361,semantic,47.1616,0.0,45.3594,0,1,0,127,383,383,76907282432,76907282432,7.697,0.018
google/gemma-3-1b-it,NVIDIA GeForce RTX 5060 Ti,42,HotpotQA,8,16,362,multi-hop,76.682,0.0,0.0,0,1,1,24,280,280,41104179200,41104179200,7.697,0.018
google/gemma-3-1b-it,NVIDIA GeForce RTX 5060 Ti,42,HotpotQA,8,16,363,structural,53.1171,89.0558,56.2064,0,0,0,99,355,355,66073395200,66073395200,7.697,0.018
google/gemma-3-1b-it,NVIDIA GeForce RTX 5060 Ti,42,HotpotQA,8,16,364,semantic,47.392,0.0,0.0,0,1,1,47,303,303,48134356992,48134356992,7.697,0.018
google/gemma-3-1b-it,NVIDIA GeForce RTX 5060 Ti,42,HotpotQA,8,16,365,semantic,64.8562,0.0,0.0,0,1,1,129,385,385,77712588800,77712588800,7.697,0.018
google/gemma-3-1b-it,NVIDIA GeForce RTX 5060 Ti,42,HotpotQA,8,16,366,multi-hop,82.4648,0.0,0.0,0,1,1,95,351,351,64592805888,64592805888,7.697,0.018
google/gemma-3-1b-it,NVIDIA GeForce RTX 5060 Ti,42,HotpotQA,8,16,367,semantic,88.1209,0.0,0.0,0,1,1,115,371,371,72163524608,72163524608,7.697,0.018
google/gemma-3-1b-it,NVIDIA GeForce RTX 5060 Ti,42,HotpotQA,8,16,368,semantic,38.787,0.0,0.0,0,1,1,2,22,205,253755392,22033203200,7.697,0.018
google/gemma-3-1b-it,NVIDIA GeForce RTX 5060 Ti,42,HotpotQA,8,16,369,semantic,88.8756,0.0,0.0,0,1,1,139,395,395,81802035200,81802035200,7.697,0.018
google/gemma-3-1b-it,NVIDIA GeForce RTX 5060 Ti,42,HotpotQA,8,16,370,multi-hop,46.7671,0.0,87.6958,0,1,0,122,378,378,74912366592,74912366592,7.697,0.018
google/gemma-3-1b-it,NVIDIA GeForce RTX 5060 Ti,42,HotpotQA,8,16,371,semantic,71.6187,69.6736,51.8406,0,0,0,126,382,382,76506202112,76506202112,7.697,0.018
google/gemma-3-1b-it,NVIDIA GeForce RTX 5060 Ti,42,HotpotQA,8,16,372,multi-hop,62.3719,0.0,0.0,0,1,1,63,319,319,53352071168,53352071168,7.697,0.018
google/gemma-3-1b-it,NVIDIA GeForce RTX 5060 Ti,42,HotpotQA,8,16,373,multi-hop,48.9576,0.0,0.0,0,1,1,111,367,367,70615826432,70615826432,7.697,0.018
google/gemma-3-1b-it,NVIDIA GeForce RTX 5060 Ti,42,HotpotQA,8,16,374,structural,39.7385,0.0,0.0,0,1,1,93,349,349,63858802688,63858802688,7.697,0.018
google/gemma-3-1b-it,NVIDIA GeForce RTX 5060 Ti,42,HotpotQA,8,16,375,structural,74.3339,0.0,0.0,0,1,1,81,337,337,59542863872,59542863872,7.697,0.018
google/gemma-3-1b-it,NVIDIA GeForce RTX 5060 Ti,42,HotpotQA,8,16,376,multi-hop,50.3125,63.1415,0.0,0,0,1,129,385,385,77712588800,77712588800,7.697,0.018
google/gemma-3-1b-it,NVIDIA GeForce RTX 5060 Ti,42,HotpotQA,8,16,377,structural,42.9361,49.1358,77.9924,0,0,0,124,380,380,75707187200,75707187200,7.697,0.018
google/gemma-3-1b-it,NVIDIA GeForce RTX 5060 Ti,42,HotpotQA,8,16,378,multi-hop,70.9492,88.8215,88.2006,0,0,0,95,351,351,64592805888,64592805888,7.697,0.018
google/gemma-3-1b-it,NVIDIA GeForce RTX 5060 Ti,42,HotpotQA,8,16,379,structural,79.7148,62.9869,31.9698,0,0,0,148,404,404,85572190208,85572190208,7.697,0.018
google/gemma-3-1b-it,NVIDIA GeForce RTX 5060 Ti,42,HotpotQA,8,16,380,semantic,47.2097,0.0,0.0,0,1,1,58,314,314,51692699648,51692699648,7.697,0.018
google/gemma-3-1b-it,NVIDIA GeForce RTX 5060 Ti,42,HotpotQA,8,16,381,structural,42.4553,0.0,0.0,0,1,1,114,370,370,71775027200,71775027200,7.697,0.018
google/gemma-3-1b-it,NVIDIA GeForce RTX 5060 Ti,42,HotpotQA,8,16,382,semantic,35.5384,0.0,42.2988,0,1,0,114,370,370,71775027200,71775027200,7.697,0.018
google/gemma-3-1b-it,NVIDIA GeForce RTX 5060 Ti,42,HotpotQA,8,16,383,multi-hop,30.3615,0.0,0.0,0,1,1,99,355,355,66073395200,66073395200,7.697,0.018
google/gemma-3-1b-it,NVIDIA GeForce RTX 5060 Ti,42,HotpotQA,8,16,384,structural,44.0627,0.0,0.0,0,1,1,26,282,282,41693478912,41693478912,7.697,0.018
google/gemma-3-1b-it,NVIDIA GeForce RTX 5060 Ti,42,HotpotQA,8,16,385,multi-hop,64.9737,66.9126,62.6894,0,0,0,108,364,364,69466062848,69466062848,7.697,0.018
google/gemma-3-1b-it,NVIDIA GeForce RTX 5060 Ti,42,HotpotQA,8,16,386,semantic,35.627,0.0,0.0,0,1,1,76,332,332,57789120512,57789120512,7.697,0.018
google/gemma-3-1b-it,NVIDIA GeForce RTX 5060 Ti,42,HotpotQA,8,16,387,semantic,57.3245,0.0,39.9333,0,1,0,105,361,361,68325736448,68325736448,7.697,0.018
google/gemma-3-1b-it,NVIDIA GeForce RTX 5060 Ti,42,HotpotQA,8,16,388,multi-hop,71.0016,0.0,0.0,0,1,1,135,391,391,80153673728,80153673728,7.697,0.018
google/gemma-3-1b-it,NVIDIA GeForce RTX 5060 Ti,42,HotpotQA,8,16,389,semantic,70.5555,0.0,0.0,0,1,1,83,339,339,60251701248,60251701248,7.697,0.018
google/gemma-3-1b-it,NVIDIA GeForce RTX 5060 Ti,42,HotpotQA,8,16,390,multi-hop,43.0693,0.0,0.0,0,1,1,99,355,355,66073395200,66073395200,7.697,0.018
google/gemma-3-1b-it,NVIDIA GeForce RTX 5060 Ti,42,HotpotQA,8,16,391,multi-hop,72.7796,0.0,0.0,0,1,1,87,343,343,61681958912,61681958912,7.697,0.018
google/gemma-3-1b-it,NVIDIA GeForce RTX 5060 Ti,42,HotpotQA,8,16,392,multi-hop,70.1006,0.0,0.0,0,1,1,89,345,345,62403379200,62403379200,7.697,0.018
google/gemma-3-1b-it,NVIDIA GeForce RTX 5060 Ti,42,HotpotQA,8,16,393,semantic,42.4684,0.0,44.2901,0,1,0,97,353,353,65331003392,65331003392,7.697,0.018
google/gemma-3-1b-it,NVIDIA GeForce RTX 5060 Ti,42,HotpotQA,8,16,394,multi-hop,37.9811,34.0959,0.0,0,0,1,68,324,324,55037657088,55037657088,7.697,0.018
google/gemma-3-1b-it,NVIDIA GeForce RTX 5060 Ti,42,HotpotQA,8,16,395,multi-hop,37.9182,60.858,39.5671,0,0,0,96,352,352,64961380352,64961380352,7.697,0.018
google/gemma-3-1b-it,NVIDIA GeForce RTX 5060 Ti,42,HotpotQA,8,16,396,multi-hop,81.9345,65.0257,39.8938,0,0,0,34,290,290,44092620800,44092620800,7.697,0.018
google/gemma-3-1b-it,NVIDIA GeForce RTX 5060 Ti,42,HotpotQA,8,16,397,structural,39.4416,56.6803,49.0112,0,0,0,63,319,319,53352071168,53352071168,7.697,0.018
google/gemma-3-1b-it,NVIDIA GeForce RTX 5060 Ti,42,HotpotQA,8,16,398,multi-hop,39.2804,37.7946,64.7011,0,0,0,122,378,378,74912366592,74912366592,7.697,0.018
google/gemma-3-1b-it,NVIDIA GeForce RTX 5060 Ti,42,HotpotQA,8,16,399,multi-hop,53.6435,0.0,0.0,0,1,1,37,293,293,45009600512,45009600512,7.697,0.018
google/gemma-3-1b-it,NVIDIA GeForce RTX 5060 Ti,42,HotpotQA,8,16,400,multi-hop,37.6417,0.0,50.9096,0,1,0,86,342,342,61322821632,61322821632,7.697,0.018
google/gemma-3-1b-it,NVIDIA GeForce RTX 5060 Ti,42,HotpotQA,8,16,401,structural,77.1436,56.9583,0.0,0,0,1,105,361,361,68325736448,68325736448,7.697,0.018
google/gemma-3-1b-it,NVIDIA GeForce RTX 5060 Ti,42,HotpotQA,8,16,402,semantic,0.0,46.8307,0.0,1,0,1,78,334,334,58487472128,58487472128,7.697,0.018
google/gemma-3-1b-it,NVIDIA GeForce RTX 5060 Ti,42,HotpotQA,8,16,403,multi-hop,35.9294,69.3803,79.088,0,0,0,102,358,358,67194847232,67194847232,7.697,0.018
google/gemma-3-1b-it,NVIDIA GeForce RTX 5060 Ti,42,HotpotQA,8,16,404,semantic,0.0,0.0,0.0,1,1,1,119,375,375,73728000000,73728000000,7.697,0.018
google/gemma-3-1b-it,NVIDIA GeForce RTX 5060 Ti,42,HotpotQA,8,16,405,structural,56.1966,84.5507,61.679,0,0,0,47,303,303,48134356992,48134356992,7.697,0.018
google/gemma-3-1b-it,NVIDIA GeForce RTX 5060 Ti,42,HotpotQA,8,16,406,semantic,55.4106,0.0,0.0,0,1,1,120,376,376,74121740288,74121740288,7.697,0.018
google/gemma-3-1b-it,NVIDIA GeForce RTX 5060 Ti,42,HotpotQA,8,16,407,multi-hop,52.324,0.0,0.0,0,1,1,127,383,383,76907282432,76907282432,7.697,0.018
google/gemma-3-1b-it,NVIDIA GeForce RTX 5060 Ti,42,HotpotQA,8,16,408,multi-hop,52.5531,0.0,52.304,0,1,0,127,383,383,76907282432,76907282432,7.697,0.018
google/gemma-3-1b-it,NVIDIA GeForce RTX 5060 Ti,42,HotpotQA,8,16,409,semantic,65.7731,0.0,0.0,0,1,1,117,373,373,72943665152,72943665152,7.697,0.018
google/gemma-3-1b-it,NVIDIA GeForce RTX 5060 Ti,42,HotpotQA,8,16,410,multi-hop,79.1724,0.0,0.0,0,1,1,112,368,368,71001178112,71001178112,7.697,0.018
google/gemma-3-1b-it,NVIDIA GeForce RTX 5060 Ti,42,HotpotQA,8,16,411,structural,88.9443,0.0,0.0,0,1,1,87,343,343,61681958912,61681958912,7.697,0.018
google/gemma-3-1b-it,NVIDIA GeForce RTX 5060 Ti,42,HotpotQA,8,16,412,multi-hop,76.3427,0.0,0.0,0,1,1,106,362,362,68704796672,68704796672,7.697,0.018
google/gemma-3-1b-it,NVIDIA GeForce RTX 5060 Ti,42,HotpotQA,8,16,413,multi-hop,42.1763,0.0,0.0,0,1,1,159,415,415,90295500800,90295500800,7.697,0.018
google/gemma-3-1b-it,NVIDIA GeForce RTX 5060 Ti,42,HotpotQA,8,16,414,multi-hop,0.0,0.0,0.0,1,1,1,134,390,390,79744204800,79744204800,7.697,0.018
google/gemma-3-1b-it,NVIDIA GeForce RTX 5060 Ti,42,HotpotQA,8,16,415,semantic,85.1885,0.0,0.0,0,1,1,114,370,370,71775027200,71775027200,7.697,0.018
google/gemma-3-1b-it,NVIDIA GeForce RTX 5060 Ti,42,HotpotQA,8,16,416,semantic,77.0752,0.0,69.5946,0,1,0,49,305,305,48771891200,48771891200,7.697,0.018
google/gemma-3-1b-it,NVIDIA GeForce RTX 5060 Ti,42,HotpotQA,8,16,417,semantic,70.2415,0.0,0.0,0,1,1,122,378,378,74912366592,74912366592,7.697,0.018
google/gemma-3-1b-it,NVIDIA GeForce RTX 5060 Ti,42,HotpotQA,8,16,418,multi-hop,35.7896,0.0,0.0,0,1,1,24,280,280,41104179200,41104179200,7.697,0.018
google/gemma-3-1b-it,NVIDIA GeForce RTX 5060 Ti,42,HotpotQA,8,16,419,multi-hop,93.2303,0.0,0.0,0,1,1,26,282,282,41693478912,41693478912,7.697,0.018
google/gemma-3-1b-it,NVIDIA GeForce RTX 5060 Ti,42,HotpotQA,8,16,420,structural,64.4866,62.0467,70.1095,0,0,0,118,374,374,73335308288,73335308288,7.697,0.018
google/gemma-3-1b-it,NVIDIA GeForce RTX 5060 Ti,42,HotpotQA,8,16,421,multi-hop,79.0923,38.0022,45.4681,0,0,0,37,293,293,45009600512,45009600512,7.697,0.018
google/gemma-3-1b-it,NVIDIA GeForce RTX 5060 Ti,42,HotpotQA,8,16,422,multi-hop,37.6379,45.9238,0.0,0,0,1,20,276,276,39938162688,39938162688,7.697,0.018
google/gemma-3-1b-it,NVIDIA GeForce RTX 5060 Ti,42,HotpotQA,8,16,423,semantic,52.3716,0.0,61.6398,0,1,0,96,352,352,64961380352,64961380352,7.697,0.018
google/gemma-3-1b-it,NVIDIA GeForce RTX 5060 Ti,42,HotpotQA,8,16,424,structural,67.3538,0.0,0.0,0,1,1,51,307,307,49413619712,49413619712,7.697,0.018
google/gemma-3-1b-it,NVIDIA GeForce RTX 5060 Ti,42,HotpotQA,8,16,425,semantic,39.395,0.0,0.0,0,1,1,123,379,379,75309252608,75309252608,7.697,0.018
google/gemma-3-1b-it,NVIDIA GeForce RTX 5060 Ti,42,HotpotQA,8,16,426,multi-hop,37.3607,37.3653,43.3698,0,0,0,5,261,261,35715022848,35715022848,7.697,0.018
google/gemma-3-1b-it,NVIDIA GeForce RTX 5060 Ti,42,HotpotQA,8,16,427,semantic,47.4259,0.0,56.9149,0,1,0,93,349,349,63858802688,63858802688,7.697,0.018
google/gemma-3-1b-it,NVIDIA GeForce RTX 5060 Ti,42,HotpotQA,8,16,428,semantic,39.5807,0.0,0.0,0,1,1,225,481,481,121299795968,121299795968,7.697,0.018
google/gemma-3-1b-it,NVIDIA GeForce RTX 5060 Ti,42,HotpotQA,8,16,429,multi-hop,38.0974,55.1365,33.8113,0,0,0,123,379,379,75309252608,75309252608,7.697,0.018
google/gemma-3-1b-it,NVIDIA GeForce RTX 5060 Ti,42,HotpotQA,8,16,430,semantic,55.2164,0.0,0.0,0,1,1,63,319,319,53352071168,53352071168,7.697,0.018
google/gemma-3-1b-it,NVIDIA GeForce RTX 5060 Ti,42,HotpotQA,8,16,431,multi-hop,34.4109,35.021,55.8861,0,0,0,105,361,361,68325736448,68325736448,7.697,0.018
google/gemma-3-1b-it,NVIDIA GeForce RTX 5060 Ti,42,HotpotQA,8,16,432,structural,26.116,28.2356,28.3906,0,0,0,60,316,316,52353302528,52353302528,7.697,0.018
google/gemma-3-1b-it,NVIDIA GeForce RTX 5060 Ti,42,HotpotQA,8,16,433,structural,30.4579,39.9674,41.1136,0,0,0,2,26,137,354418688,9840361472,7.697,0.018
google/gemma-3-1b-it,NVIDIA GeForce RTX 5060 Ti,42,HotpotQA,8,16,434,multi-hop,43.8747,35.166,0.0,0,0,1,9,265,265,36818124800,36818124800,7.697,0.018
google/gemma-3-1b-it,NVIDIA GeForce RTX 5060 Ti,42,HotpotQA,8,16,435,structural,50.3165,0.0,0.0,0,1,1,26,282,282,41693478912,41693478912,7.697,0.018
google/gemma-3-1b-it,NVIDIA GeForce RTX 5060 Ti,42,HotpotQA,8,16,436,multi-hop,44.0045,0.0,47.6348,0,1,0,99,355,355,66073395200,66073395200,7.697,0.018
google/gemma-3-1b-it,NVIDIA GeForce RTX 5060 Ti,42,HotpotQA,8,16,437,multi-hop,38.5512,0.0,50.0322,0,1,0,109,365,365,69848268800,69848268800,7.697,0.018
google/gemma-3-1b-it,NVIDIA GeForce RTX 5060 Ti,42,HotpotQA,8,16,438,multi-hop,30.7393,94.4858,0.0,0,0,1,125,381,381,76106170368,76106170368,7.697,0.018
google/gemma-3-1b-it,NVIDIA GeForce RTX 5060 Ti,42,HotpotQA,8,16,439,semantic,46.2424,0.0,0.0,0,1,1,39,295,295,45626163200,45626163200,7.697,0.018
google/gemma-3-1b-it,NVIDIA GeForce RTX 5060 Ti,42,HotpotQA,8,16,440,multi-hop,50.0033,0.0,47.9675,0,1,0,97,353,353,65331003392,65331003392,7.697,0.018
google/gemma-3-1b-it,NVIDIA GeForce RTX 5060 Ti,42,HotpotQA,8,16,441,multi-hop,54.8229,0.0,0.0,0,1,1,87,343,343,61681958912,61681958912,7.697,0.018
google/gemma-3-1b-it,NVIDIA GeForce RTX 5060 Ti,42,HotpotQA,8,16,442,semantic,36.6709,0.0,0.0,0,1,1,82,338,338,59896758272,59896758272,7.697,0.018
google/gemma-3-1b-it,NVIDIA GeForce RTX 5060 Ti,42,HotpotQA,8,16,443,structural,54.935,61.0274,0.0,0,0,1,142,398,398,83049316352,83049316352,7.697,0.018
google/gemma-3-1b-it,NVIDIA GeForce RTX 5060 Ti,42,HotpotQA,8,16,444,multi-hop,41.6163,0.0,0.0,0,1,1,120,376,376,74121740288,74121740288,7.697,0.018
google/gemma-3-1b-it,NVIDIA GeForce RTX 5060 Ti,42,HotpotQA,8,16,445,structural,46.0418,39.7174,45.3107,0,0,0,20,276,276,39938162688,39938162688,7.697,0.018
google/gemma-3-1b-it,NVIDIA GeForce RTX 5060 Ti,42,HotpotQA,8,16,446,structural,57.4646,91.3754,55.8044,0,0,0,63,319,319,53352071168,53352071168,7.697,0.018
google/gemma-3-1b-it,NVIDIA GeForce RTX 5060 Ti,42,HotpotQA,8,16,447,multi-hop,37.6342,0.0,0.0,0,1,1,8,264,264,36540776448,36540776448,7.697,0.018
google/gemma-3-1b-it,NVIDIA GeForce RTX 5060 Ti,42,HotpotQA,8,16,448,multi-hop,52.594,61.3874,37.0925,0,0,0,153,409,409,87703420928,87703420928,7.697,0.018
google/gemma-3-1b-it,NVIDIA GeForce RTX 5060 Ti,42,HotpotQA,8,16,449,semantic,41.9856,0.0,0.0,0,1,1,115,371,371,72163524608,72163524608,7.697,0.018
google/gemma-3-1b-it,NVIDIA GeForce RTX 5060 Ti,42,HotpotQA,8,16,450,structural,61.4535,0.0,0.0,0,1,1,106,362,362,68704796672,68704796672,7.697,0.018
google/gemma-3-1b-it,NVIDIA GeForce RTX 5060 Ti,42,HotpotQA,8,16,451,semantic,54.4122,0.0,0.0,0,1,1,72,328,328,56405000192,56405000192,7.697,0.018
google/gemma-3-1b-it,NVIDIA GeForce RTX 5060 Ti,42,HotpotQA,8,16,452,structural,39.9883,0.0,0.0,0,1,1,25,281,281,41398304768,41398304768,7.697,0.018
google/gemma-3-1b-it,NVIDIA GeForce RTX 5060 Ti,42,HotpotQA,8,16,453,multi-hop,49.1118,0.0,0.0,0,1,1,60,316,316,52353302528,52353302528,7.697,0.018
google/gemma-3-1b-it,NVIDIA GeForce RTX 5060 Ti,42,HotpotQA,8,16,454,multi-hop,45.4144,39.8226,43.5132,0,0,0,119,375,375,73728000000,73728000000,7.697,0.018
google/gemma-3-1b-it,NVIDIA GeForce RTX 5060 Ti,42,HotpotQA,8,16,455,semantic,62.5424,0.0,0.0,0,1,1,159,415,415,90295500800,90295500800,7.697,0.018
google/gemma-3-1b-it,NVIDIA GeForce RTX 5060 Ti,42,HotpotQA,8,16,456,semantic,41.2065,0.0,0.0,0,1,1,5,196,199,20141047808,20762329088,7.697,0.018
google/gemma-3-1b-it,NVIDIA GeForce RTX 5060 Ti,42,HotpotQA,8,16,457,multi-hop,68.5681,0.0,54.4162,0,1,0,47,303,303,48134356992,48134356992,7.697,0.018
google/gemma-3-1b-it,NVIDIA GeForce RTX 5060 Ti,42,HotpotQA,8,16,458,multi-hop,96.7495,0.0,0.0,0,1,1,93,349,349,63858802688,63858802688,7.697,0.018
google/gemma-3-1b-it,NVIDIA GeForce RTX 5060 Ti,42,HotpotQA,8,16,459,multi-hop,34.9309,0.0,0.0,0,1,1,2,26,137,354418688,9840361472,7.697,0.018
google/gemma-3-1b-it,NVIDIA GeForce RTX 5060 Ti,42,HotpotQA,8,16,460,structural,52.3231,53.6764,36.8244,0,0,0,101,357,357,66819981312,66819981312,7.697,0.018
google/gemma-3-1b-it,NVIDIA GeForce RTX 5060 Ti,42,HotpotQA,8,16,461,semantic,41.5211,0.0,0.0,0,1,1,106,362,362,68704796672,68704796672,7.697,0.018
google/gemma-3-1b-it,NVIDIA GeForce RTX 5060 Ti,42,HotpotQA,8,16,462,structural,64.3626,43.1423,0.0,0,0,1,97,353,353,65331003392,65331003392,7.697,0.018
google/gemma-3-1b-it,NVIDIA GeForce RTX 5060 Ti,42,HotpotQA,8,16,463,semantic,40.2482,0.0,0.0,0,1,1,78,334,334,58487472128,58487472128,7.697,0.018
google/gemma-3-1b-it,NVIDIA GeForce RTX 5060 Ti,42,HotpotQA,8,16,464,multi-hop,43.487,37.4858,47.4925,0,0,0,204,460,460,110939340800,110939340800,7.697,0.018
google/gemma-3-1b-it,NVIDIA GeForce RTX 5060 Ti,42,HotpotQA,8,16,465,semantic,43.8557,0.0,64.3294,0,1,0,93,349,349,63858802688,63858802688,7.697,0.018
google/gemma-3-1b-it,NVIDIA GeForce RTX 5060 Ti,42,HotpotQA,8,16,466,semantic,35.2371,0.0,0.0,0,1,1,102,358,358,67194847232,67194847232,7.697,0.018
google/gemma-3-1b-it,NVIDIA GeForce RTX 5060 Ti,42,HotpotQA,8,16,467,structural,0.0,41.9788,45.2471,1,0,0,93,349,349,63858802688,63858802688,7.697,0.018
google/gemma-3-1b-it,NVIDIA GeForce RTX 5060 Ti,42,HotpotQA,8,16,468,structural,54.6095,45.2503,0.0,0,0,1,102,358,358,67194847232,67194847232,7.697,0.018
google/gemma-3-1b-it,NVIDIA GeForce RTX 5060 Ti,42,HotpotQA,8,16,469,multi-hop,44.136,78.2109,56.0281,0,0,0,81,337,337,59542863872,59542863872,7.697,0.018
google/gemma-3-1b-it,NVIDIA GeForce RTX 5060 Ti,42,HotpotQA,8,16,470,multi-hop,49.2055,0.0,0.0,0,1,1,106,362,362,68704796672,68704796672,7.697,0.018
google/gemma-3-1b-it,NVIDIA GeForce RTX 5060 Ti,42,HotpotQA,8,16,471,structural,0.0,38.4608,0.0,1,0,1,87,343,343,61681958912,61681958912,7.697,0.018
google/gemma-3-1b-it,NVIDIA GeForce RTX 5060 Ti,42,HotpotQA,8,16,472,multi-hop,48.5757,0.0,0.0,0,1,1,88,344,344,62042144768,62042144768,7.697,0.018
google/gemma-3-1b-it,NVIDIA GeForce RTX 5060 Ti,42,HotpotQA,8,16,473,semantic,0.0,0.0,0.0,1,1,1,94,350,350,64225280000,64225280000,7.697,0.018
google/gemma-3-1b-it,NVIDIA GeForce RTX 5060 Ti,42,HotpotQA,8,16,474,multi-hop,42.7037,0.0,0.0,0,1,1,115,371,371,72163524608,72163524608,7.697,0.018
google/gemma-3-1b-it,NVIDIA GeForce RTX 5060 Ti,42,HotpotQA,8,16,475,multi-hop,36.7962,0.0,0.0,0,1,1,112,368,368,71001178112,71001178112,7.697,0.018
google/gemma-3-1b-it,NVIDIA GeForce RTX 5060 Ti,42,HotpotQA,8,16,476,multi-hop,38.8735,64.874,0.0,0,0,1,77,333,333,58137772032,58137772032,7.697,0.018
google/gemma-3-1b-it,NVIDIA GeForce RTX 5060 Ti,42,HotpotQA,8,16,477,multi-hop,41.039,46.6464,62.0747,0,0,0,99,355,355,66073395200,66073395200,7.697,0.018
google/gemma-3-1b-it,NVIDIA GeForce RTX 5060 Ti,42,HotpotQA,8,16,478,structural,50.7703,42.2541,40.8782,0,0,0,40,296,296,45936017408,45936017408,7.697,0.018
google/gemma-3-1b-it,NVIDIA GeForce RTX 5060 Ti,42,HotpotQA,8,16,479,structural,55.7145,0.0,0.0,0,1,1,131,387,387,78522089472,78522089472,7.697,0.018
google/gemma-3-1b-it,NVIDIA GeForce RTX 5060 Ti,42,HotpotQA,8,16,480,semantic,0.0,0.0,38.3552,1,1,0,49,305,305,48771891200,48771891200,7.697,0.018
google/gemma-3-1b-it,NVIDIA GeForce RTX 5060 Ti,42,HotpotQA,8,16,481,multi-hop,60.1154,43.9498,44.53,0,0,0,5,261,261,35715022848,35715022848,7.697,0.018
google/gemma-3-1b-it,NVIDIA GeForce RTX 5060 Ti,42,HotpotQA,8,16,482,structural,47.2186,40.626,0.0,0,0,1,94,350,350,64225280000,64225280000,7.697,0.018
google/gemma-3-1b-it,NVIDIA GeForce RTX 5060 Ti,42,HotpotQA,8,16,483,structural,41.1905,49.1521,48.616,0,0,0,109,365,365,69848268800,69848268800,7.697,0.018
google/gemma-3-1b-it,NVIDIA GeForce RTX 5060 Ti,42,HotpotQA,8,16,484,multi-hop,60.9386,0.0,45.1044,0,1,0,26,282,282,41693478912,41693478912,7.697,0.018
google/gemma-3-1b-it,NVIDIA GeForce RTX 5060 Ti,42,HotpotQA,8,16,485,multi-hop,32.7503,50.4847,54.4737,0,0,0,125,381,381,76106170368,76106170368,7.697,0.018
google/gemma-3-1b-it,NVIDIA GeForce RTX 5060 Ti,42,HotpotQA,8,16,486,multi-hop,72.6994,0.0,0.0,0,1,1,122,378,378,74912366592,74912366592,7.697,0.018
google/gemma-3-1b-it,NVIDIA GeForce RTX 5060 Ti,42,HotpotQA,8,16,487,semantic,59.8147,0.0,0.0,0,1,1,5,184,261,17750294528,35715022848,7.697,0.018
google/gemma-3-1b-it,NVIDIA GeForce RTX 5060 Ti,42,HotpotQA,8,16,488,multi-hop,78.5623,0.0,0.0,0,1,1,105,361,361,68325736448,68325736448,7.697,0.018
google/gemma-3-1b-it,NVIDIA GeForce RTX 5060 Ti,42,HotpotQA,8,16,489,multi-hop,38.5411,0.0,0.0,0,1,1,105,361,361,68325736448,68325736448,7.697,0.018
google/gemma-3-1b-it,NVIDIA GeForce RTX 5060 Ti,42,HotpotQA,8,16,490,structural,38.9597,58.1232,41.883,0,0,0,36,292,292,44702892032,44702892032,7.697,0.018
google/gemma-3-1b-it,NVIDIA GeForce RTX 5060 Ti,42,HotpotQA,8,16,491,structural,56.4863,33.3154,45.8994,0,0,0,102,358,358,67194847232,67194847232,7.697,0.018
google/gemma-3-1b-it,NVIDIA GeForce RTX 5060 Ti,42,HotpotQA,8,16,492,structural,40.9104,33.0821,38.0104,0,0,0,64,320,320,53687091200,53687091200,7.697,0.018
google/gemma-3-1b-it,NVIDIA GeForce RTX 5060 Ti,42,HotpotQA,8,16,493,multi-hop,51.7714,0.0,0.0,0,1,1,70,326,326,55719231488,55719231488,7.697,0.018
google/gemma-3-1b-it,NVIDIA GeForce RTX 5060 Ti,42,HotpotQA,8,16,494,multi-hop,37.3894,0.0,0.0,0,1,1,24,280,280,41104179200,41104179200,7.697,0.018
google/gemma-3-1b-it,NVIDIA GeForce RTX 5060 Ti,42,HotpotQA,8,16,495,structural,48.0157,35.8157,38.8492,0,0,0,2,22,205,253755392,22033203200,7.697,0.018
google/gemma-3-1b-it,NVIDIA GeForce RTX 5060 Ti,42,HotpotQA,8,16,496,structural,34.4338,35.2087,45.8278,0,0,0,90,346,346,62765662208,62765662208,7.697,0.018
google/gemma-3-1b-it,NVIDIA GeForce RTX 5060 Ti,42,HotpotQA,8,16,497,semantic,33.8689,0.0,0.0,0,1,1,49,305,305,48771891200,48771891200,7.697,0.018
google/gemma-3-1b-it,NVIDIA GeForce RTX 5060 Ti,42,HotpotQA,8,16,498,multi-hop,72.8669,0.0,32.3921,0,1,0,108,364,364,69466062848,69466062848,7.697,0.018
google/gemma-3-1b-it,NVIDIA GeForce RTX 5060 Ti,42,HotpotQA,8,16,499,semantic,66.8705,0.0,0.0,0,1,1,124,380,380,75707187200,75707187200,7.697,0.018
google/gemma-3-1b-it,NVIDIA GeForce RTX 5060 Ti,42,HotpotQA,8,16,500,structural,35.4519,41.1984,29.8521,0,0,0,34,290,290,44092620800,44092620800,7.697,0.018
google/gemma-3-1b-it,NVIDIA GeForce RTX 5060 Ti,42,HotpotQA,8,16,501,multi-hop,34.271,0.0,0.0,0,1,1,3,29,237,440926208,29448732672,7.697,0.018
google/gemma-3-1b-it,NVIDIA GeForce RTX 5060 Ti,42,HotpotQA,8,16,502,multi-hop,32.1671,46.1434,36.837,0,0,0,36,292,292,44702892032,44702892032,7.697,0.018
google/gemma-3-1b-it,NVIDIA GeForce RTX 5060 Ti,42,HotpotQA,8,16,503,structural,29.5341,35.1998,0.0,0,0,1,93,349,349,63858802688,63858802688,7.697,0.018
google/gemma-3-1b-it,NVIDIA GeForce RTX 5060 Ti,42,HotpotQA,8,16,504,structural,71.3021,0.0,0.0,0,1,1,96,352,352,64961380352,64961380352,7.697,0.018
google/gemma-3-1b-it,NVIDIA GeForce RTX 5060 Ti,42,HotpotQA,8,16,505,multi-hop,47.7957,65.0743,59.8468,0,0,0,63,319,319,53352071168,53352071168,7.697,0.018
google/gemma-3-1b-it,NVIDIA GeForce RTX 5060 Ti,42,HotpotQA,8,16,506,multi-hop,60.7756,0.0,0.0,0,1,1,186,442,442,102427000832,102427000832,7.697,0.018
google/gemma-3-1b-it,NVIDIA GeForce RTX 5060 Ti,42,HotpotQA,8,16,507,multi-hop,47.207,51.5514,0.0,0,0,1,142,398,398,83049316352,83049316352,7.697,0.018
google/gemma-3-1b-it,NVIDIA GeForce RTX 5060 Ti,42,HotpotQA,8,16,508,structural,38.8931,0.0,0.0,0,1,1,52,308,308,49736056832,49736056832,7.697,0.018
google/gemma-3-1b-it,NVIDIA GeForce RTX 5060 Ti,42,HotpotQA,8,16,509,structural,45.1624,0.0,0.0,0,1,1,129,385,385,77712588800,77712588800,7.697,0.018
google/gemma-3-1b-it,NVIDIA GeForce RTX 5060 Ti,42,HotpotQA,8,16,510,semantic,41.687,0.0,0.0,0,1,1,78,334,334,58487472128,58487472128,7.697,0.018
google/gemma-3-1b-it,NVIDIA GeForce RTX 5060 Ti,42,HotpotQA,8,16,511,structural,41.6604,0.0,45.6563,0,1,0,127,383,383,76907282432,76907282432,7.697,0.018
google/gemma-3-1b-it,NVIDIA GeForce RTX 5060 Ti,42,HotpotQA,8,16,512,multi-hop,51.9862,66.9986,0.0,0,0,1,5,261,261,35715022848,35715022848,7.697,0.018
google/gemma-3-1b-it,NVIDIA GeForce RTX 5060 Ti,42,HotpotQA,8,16,513,multi-hop,56.833,0.0,0.0,0,1,1,17,273,273,39074660352,39074660352,7.697,0.018
google/gemma-3-1b-it,NVIDIA GeForce RTX 5060 Ti,42,HotpotQA,8,16,514,multi-hop,44.7649,34.1566,32.7219,0,0,0,80,336,336,59190018048,59190018048,7.697,0.018
google/gemma-3-1b-it,NVIDIA GeForce RTX 5060 Ti,42,HotpotQA,8,16,515,structural,29.4943,62.2429,75.5132,0,0,0,21,277,277,40228093952,40228093952,7.697,0.018
google/gemma-3-1b-it,NVIDIA GeForce RTX 5060 Ti,42,HotpotQA,8,16,516,multi-hop,38.7208,0.0,0.0,0,1,1,125,381,381,76106170368,76106170368,7.697,0.018
google/gemma-3-1b-it,NVIDIA GeForce RTX 5060 Ti,42,HotpotQA,8,16,517,multi-hop,35.7518,0.0,66.2157,0,1,0,119,375,375,73728000000,73728000000,7.697,0.018
google/gemma-3-1b-it,NVIDIA GeForce RTX 5060 Ti,42,HotpotQA,8,16,518,multi-hop,47.7258,0.0,0.0,0,1,1,99,355,355,66073395200,66073395200,7.697,0.018
google/gemma-3-1b-it,NVIDIA GeForce RTX 5060 Ti,42,HotpotQA,8,16,519,structural,42.1221,0.0,0.0,0,1,1,24,280,280,41104179200,41104179200,7.697,0.018
google/gemma-3-1b-it,NVIDIA GeForce RTX 5060 Ti,42,HotpotQA,8,16,520,semantic,60.7381,0.0,0.0,0,1,1,111,367,367,70615826432,70615826432,7.697,0.018
google/gemma-3-1b-it,NVIDIA GeForce RTX 5060 Ti,42,HotpotQA,8,16,521,structural,40.363,33.1744,0.0,0,0,1,128,384,384,77309411328,77309411328,7.697,0.018
google/gemma-3-1b-it,NVIDIA GeForce RTX 5060 Ti,42,HotpotQA,8,16,522,multi-hop,42.3864,44.3037,0.0,0,0,1,87,343,343,61681958912,61681958912,7.697,0.018
google/gemma-3-1b-it,NVIDIA GeForce RTX 5060 Ti,42,HotpotQA,8,16,523,semantic,0.0,0.0,0.0,1,1,1,49,305,305,48771891200,48771891200,7.697,0.018
google/gemma-3-1b-it,NVIDIA GeForce RTX 5060 Ti,42,HotpotQA,8,16,524,multi-hop,80.8989,49.0571,38.7651,0,0,0,115,371,371,72163524608,72163524608,7.697,0.018
google/gemma-3-1b-it,NVIDIA GeForce RTX 5060 Ti,42,HotpotQA,8,16,525,semantic,37.8142,0.0,0.0,0,1,1,87,343,343,61681958912,61681958912,7.697,0.018
google/gemma-3-1b-it,NVIDIA GeForce RTX 5060 Ti,42,HotpotQA,8,16,526,multi-hop,0.0,0.0,0.0,1,1,1,70,326,326,55719231488,55719231488,7.697,0.018
google/gemma-3-1b-it,NVIDIA GeForce RTX 5060 Ti,42,HotpotQA,8,16,527,semantic,32.2307,0.0,29.4817,0,1,0,29,285,285,42585292800,42585292800,7.697,0.018
google/gemma-3-1b-it,NVIDIA GeForce RTX 5060 Ti,42,HotpotQA,8,16,528,semantic,49.1219,0.0,0.0,0,1,1,116,372,372,72553070592,72553070592,7.697,0.018
google/gemma-3-1b-it,NVIDIA GeForce RTX 5060 Ti,42,HotpotQA,8,16,529,structural,51.7328,54.7907,0.0,0,0,1,47,303,303,48134356992,48134356992,7.697,0.018
google/gemma-3-1b-it,NVIDIA GeForce RTX 5060 Ti,42,HotpotQA,8,16,530,semantic,55.167,0.0,50.427,0,1,0,96,352,352,64961380352,64961380352,7.697,0.018
google/gemma-3-1b-it,NVIDIA GeForce RTX 5060 Ti,42,HotpotQA,8,16,531,structural,71.5176,0.0,0.0,0,1,1,99,355,355,66073395200,66073395200,7.697,0.018
google/gemma-3-1b-it,NVIDIA GeForce RTX 5060 Ti,42,HotpotQA,8,16,532,multi-hop,53.3221,0.0,0.0,0,1,1,106,362,362,68704796672,68704796672,7.697,0.018
google/gemma-3-1b-it,NVIDIA GeForce RTX 5060 Ti,42,HotpotQA,8,16,533,semantic,61.2268,0.0,62.9765,0,1,0,122,378,378,74912366592,74912366592,7.697,0.018
google/gemma-3-1b-it,NVIDIA GeForce RTX 5060 Ti,42,HotpotQA,8,16,534,multi-hop,0.0,0.0,0.0,1,1,1,148,404,404,85572190208,85572190208,7.697,0.018
google/gemma-3-1b-it,NVIDIA GeForce RTX 5060 Ti,42,HotpotQA,8,16,535,multi-hop,37.5704,0.0,0.0,0,1,1,96,352,352,64961380352,64961380352,7.697,0.018
google/gemma-3-1b-it,NVIDIA GeForce RTX 5060 Ti,42,HotpotQA,8,16,536,multi-hop,30.6723,45.3947,38.6885,0,0,0,71,327,327,56061591552,56061591552,7.697,0.018
google/gemma-3-1b-it,NVIDIA GeForce RTX 5060 Ti,42,HotpotQA,8,16,537,structural,48.0503,0.0,0.0,0,1,1,8,264,264,36540776448,36540776448,7.697,0.018
google/gemma-3-1b-it,NVIDIA GeForce RTX 5060 Ti,42,HotpotQA,8,16,538,multi-hop,46.54,0.0,30.6339,0,1,0,102,358,358,67194847232,67194847232,7.697,0.018
google/gemma-3-1b-it,NVIDIA GeForce RTX 5060 Ti,42,HotpotQA,8,16,539,multi-hop,0.0,0.0,38.5382,1,1,0,49,305,305,48771891200,48771891200,7.697,0.018
google/gemma-3-1b-it,NVIDIA GeForce RTX 5060 Ti,42,HotpotQA,8,16,540,multi-hop,44.8872,0.0,0.0,0,1,1,94,350,350,64225280000,64225280000,7.697,0.018
google/gemma-3-1b-it,NVIDIA GeForce RTX 5060 Ti,42,HotpotQA,8,16,541,multi-hop,35.6681,0.0,0.0,0,1,1,127,383,383,76907282432,76907282432,7.697,0.018
google/gemma-3-1b-it,NVIDIA GeForce RTX 5060 Ti,42,HotpotQA,8,16,542,structural,35.3287,30.8033,0.0,0,0,1,148,404,404,85572190208,85572190208,7.697,0.018
google/gemma-3-1b-it,NVIDIA GeForce RTX 5060 Ti,42,HotpotQA,8,16,543,semantic,30.2356,0.0,0.0,0,1,1,114,370,370,71775027200,71775027200,7.697,0.018
google/gemma-3-1b-it,NVIDIA GeForce RTX 5060 Ti,42,HotpotQA,8,16,544,structural,43.3479,0.0,0.0,0,1,1,107,363,363,69084905472,69084905472,7.697,0.018
google/gemma-3-1b-it,NVIDIA GeForce RTX 5060 Ti,42,HotpotQA,8,16,545,multi-hop,49.5629,0.0,0.0,0,1,1,126,382,382,76506202112,76506202112,7.697,0.018
google/gemma-3-1b-it,NVIDIA GeForce RTX 5060 Ti,42,HotpotQA,8,16,546,structural,46.148,40.858,44.3028,0,0,0,124,380,380,75707187200,75707187200,7.697,0.018
google/gemma-3-1b-it,NVIDIA GeForce RTX 5060 Ti,42,HotpotQA,8,16,547,multi-hop,36.7531,0.0,0.0,0,1,1,3,23,25,277348352,327680000,7.697,0.018
google/gemma-3-1b-it,NVIDIA GeForce RTX 5060 Ti,42,HotpotQA,8,16,548,multi-hop,39.1017,0.0,0.0,0,1,1,73,329,329,56749457408,56749457408,7.697,0.018
google/gemma-3-1b-it,NVIDIA GeForce RTX 5060 Ti,42,HotpotQA,8,16,549,multi-hop,50.8332,46.6986,39.8964,0,0,0,37,293,293,45009600512,45009600512,7.697,0.018
google/gemma-3-1b-it,NVIDIA GeForce RTX 5060 Ti,42,HotpotQA,8,16,550,multi-hop,56.8984,29.5986,0.0,0,0,1,70,326,326,55719231488,55719231488,7.697,0.018
google/gemma-3-1b-it,NVIDIA GeForce RTX 5060 Ti,42,HotpotQA,8,16,551,semantic,50.0084,0.0,0.0,0,1,1,94,350,350,64225280000,64225280000,7.697,0.018
google/gemma-3-1b-it,NVIDIA GeForce RTX 5060 Ti,42,HotpotQA,8,16,552,structural,46.3893,29.6035,35.1812,0,0,0,76,332,332,57789120512,57789120512,7.697,0.018
google/gemma-3-1b-it,NVIDIA GeForce RTX 5060 Ti,42,HotpotQA,8,16,553,semantic,41.209,0.0,0.0,0,1,1,57,313,313,51363971072,51363971072,7.697,0.018
google/gemma-3-1b-it,NVIDIA GeForce RTX 5060 Ti,42,HotpotQA,8,16,554,multi-hop,36.1308,0.0,0.0,0,1,1,47,303,303,48134356992,48134356992,7.697,0.018
google/gemma-3-1b-it,NVIDIA GeForce RTX 5060 Ti,42,HotpotQA,8,16,555,semantic,45.5089,0.0,0.0,0,1,1,112,368,368,71001178112,71001178112,7.697,0.018
google/gemma-3-1b-it,NVIDIA GeForce RTX 5060 Ti,42,HotpotQA,8,16,556,multi-hop,31.8543,0.0,0.0,0,1,1,73,329,329,56749457408,56749457408,7.697,0.018
google/gemma-3-1b-it,NVIDIA GeForce RTX 5060 Ti,42,HotpotQA,8,16,557,multi-hop,46.2311,53.7589,33.3944,0,0,0,40,296,296,45936017408,45936017408,7.697,0.018
google/gemma-3-1b-it,NVIDIA GeForce RTX 5060 Ti,42,HotpotQA,8,16,558,structural,77.4696,33.8156,0.0,0,0,1,126,382,382,76506202112,76506202112,7.697,0.018
google/gemma-3-1b-it,NVIDIA GeForce RTX 5060 Ti,42,HotpotQA,8,16,559,structural,30.3033,34.2256,39.048,0,0,0,2,23,111,277348352,6459752448,7.697,0.018
google/gemma-3-1b-it,NVIDIA GeForce RTX 5060 Ti,42,HotpotQA,8,16,560,multi-hop,29.1546,0.0,0.0,0,1,1,36,292,292,44702892032,44702892032,7.697,0.018
google/gemma-3-1b-it,NVIDIA GeForce RTX 5060 Ti,42,HotpotQA,8,16,561,structural,38.716,29.1956,29.9465,0,0,0,13,269,269,37938003968,37938003968,7.697,0.018
google/gemma-3-1b-it,NVIDIA GeForce RTX 5060 Ti,42,HotpotQA,8,16,562,semantic,35.5757,0.0,0.0,0,1,1,63,319,319,53352071168,53352071168,7.697,0.018
google/gemma-3-1b-it,NVIDIA GeForce RTX 5060 Ti,42,HotpotQA,8,16,563,multi-hop,36.6917,44.7067,45.2333,0,0,0,59,315,315,52022476800,52022476800,7.697,0.018
google/gemma-3-1b-it,NVIDIA GeForce RTX 5060 Ti,42,HotpotQA,8,16,564,semantic,34.8947,0.0,70.4523,0,1,0,153,409,409,87703420928,87703420928,7.697,0.018
google/gemma-3-1b-it,NVIDIA GeForce RTX 5060 Ti,42,HotpotQA,8,16,565,semantic,28.4559,0.0,0.0,0,1,1,108,364,364,69466062848,69466062848,7.697,0.018
google/gemma-3-1b-it,NVIDIA GeForce RTX 5060 Ti,42,HotpotQA,8,16,566,structural,33.5977,38.2203,39.2999,0,0,0,2,26,137,354418688,9840361472,7.697,0.018
google/gemma-3-1b-it,NVIDIA GeForce RTX 5060 Ti,42,HotpotQA,8,16,567,semantic,42.7028,0.0,0.0,0,1,1,125,381,381,76106170368,76106170368,7.697,0.018
google/gemma-3-1b-it,NVIDIA GeForce RTX 5060 Ti,42,HotpotQA,8,16,568,multi-hop,33.5214,0.0,0.0,0,1,1,121,377,377,74516529152,74516529152,7.697,0.018
google/gemma-3-1b-it,NVIDIA GeForce RTX 5060 Ti,42,HotpotQA,8,16,569,multi-hop,31.5352,0.0,0.0,0,1,1,81,337,337,59542863872,59542863872,7.697,0.018
google/gemma-3-1b-it,NVIDIA GeForce RTX 5060 Ti,42,HotpotQA,8,16,570,multi-hop,72.75,62.7976,60.8959,0,0,0,99,355,355,66073395200,66073395200,7.697,0.018
google/gemma-3-1b-it,NVIDIA GeForce RTX 5060 Ti,42,HotpotQA,8,16,571,multi-hop,50.8094,43.3211,0.0,0,0,1,66,322,322,54360276992,54360276992,7.697,0.018
google/gemma-3-1b-it,NVIDIA GeForce RTX 5060 Ti,42,HotpotQA,8,16,572,multi-hop,50.0554,0.0,0.0,0,1,1,6,262,262,35989225472,35989225472,7.697,0.018
google/gemma-3-1b-it,NVIDIA GeForce RTX 5060 Ti,42,HotpotQA,8,16,573,multi-hop,57.8275,0.0,0.0,0,1,1,117,373,373,72943665152,72943665152,7.697,0.018
google/gemma-3-1b-it,NVIDIA GeForce RTX 5060 Ti,42,HotpotQA,8,16,574,semantic,49.2497,0.0,0.0,0,1,1,102,358,358,67194847232,67194847232,7.697,0.018
google/gemma-3-1b-it,NVIDIA GeForce RTX 5060 Ti,42,HotpotQA,8,16,575,multi-hop,31.8382,42.0433,50.8278,0,0,0,31,287,287,43185078272,43185078272,7.697,0.018
google/gemma-3-1b-it,NVIDIA GeForce RTX 5060 Ti,42,HotpotQA,8,16,576,structural,48.3646,0.0,0.0,0,1,1,65,321,321,54023159808,54023159808,7.697,0.018
google/gemma-3-1b-it,NVIDIA GeForce RTX 5060 Ti,42,HotpotQA,8,16,577,multi-hop,32.2315,0.0,84.4616,0,1,0,68,324,324,55037657088,55037657088,7.697,0.018
google/gemma-3-1b-it,NVIDIA GeForce RTX 5060 Ti,42,HotpotQA,8,16,578,structural,42.5359,69.4787,0.0,0,0,1,5,261,261,35715022848,35715022848,7.697,0.018
google/gemma-3-1b-it,NVIDIA GeForce RTX 5060 Ti,42,HotpotQA,8,16,579,multi-hop,63.1816,72.1249,68.1991,0,0,0,63,319,319,53352071168,53352071168,7.697,0.018
google/gemma-3-1b-it,NVIDIA GeForce RTX 5060 Ti,42,HotpotQA,8,16,580,multi-hop,83.2871,0.0,57.7014,0,1,0,183,439,439,101041307648,101041307648,7.697,0.018
google/gemma-3-1b-it,NVIDIA GeForce RTX 5060 Ti,42,HotpotQA,8,16,581,semantic,34.9714,0.0,0.0,0,1,1,82,338,338,59896758272,59896758272,7.697,0.018
google/gemma-3-1b-it,NVIDIA GeForce RTX 5060 Ti,42,HotpotQA,8,16,582,semantic,49.6314,0.0,0.0,0,1,1,98,354,354,65701675008,65701675008,7.697,0.018
google/gemma-3-1b-it,NVIDIA GeForce RTX 5060 Ti,42,HotpotQA,8,16,583,multi-hop,37.3036,35.8059,38.4349,0,0,0,106,362,362,68704796672,68704796672,7.697,0.018
google/gemma-3-1b-it,NVIDIA GeForce RTX 5060 Ti,42,HotpotQA,8,16,584,multi-hop,55.7774,49.7675,0.0,0,0,1,70,326,326,55719231488,55719231488,7.697,0.018
google/gemma-3-1b-it,NVIDIA GeForce RTX 5060 Ti,42,HotpotQA,8,16,585,multi-hop,43.8503,0.0,0.0,0,1,1,99,355,355,66073395200,66073395200,7.697,0.018
google/gemma-3-1b-it,NVIDIA GeForce RTX 5060 Ti,42,HotpotQA,8,16,586,semantic,40.4982,0.0,0.0,0,1,1,60,316,316,52353302528,52353302528,7.697,0.018
google/gemma-3-1b-it,NVIDIA GeForce RTX 5060 Ti,42,HotpotQA,8,16,587,semantic,41.4822,0.0,0.0,0,1,1,123,379,379,75309252608,75309252608,7.697,0.018
google/gemma-3-1b-it,NVIDIA GeForce RTX 5060 Ti,42,HotpotQA,8,16,588,multi-hop,42.9447,64.1839,28.1739,0,0,0,116,372,372,72553070592,72553070592,7.697,0.018
google/gemma-3-1b-it,NVIDIA GeForce RTX 5060 Ti,42,HotpotQA,8,16,589,semantic,0.0,0.0,0.0,1,1,1,99,355,355,66073395200,66073395200,7.697,0.018
google/gemma-3-1b-it,NVIDIA GeForce RTX 5060 Ti,42,HotpotQA,8,16,590,structural,69.692,58.0161,0.0,0,0,1,91,347,347,63128993792,63128993792,7.697,0.018
google/gemma-3-1b-it,NVIDIA GeForce RTX 5060 Ti,42,HotpotQA,8,16,591,semantic,75.3381,0.0,0.0,0,1,1,17,273,273,39074660352,39074660352,7.697,0.018
google/gemma-3-1b-it,NVIDIA GeForce RTX 5060 Ti,42,HotpotQA,8,16,592,structural,56.4276,0.0,39.7341,0,1,0,94,350,350,64225280000,64225280000,7.697,0.018
google/gemma-3-1b-it,NVIDIA GeForce RTX 5060 Ti,42,HotpotQA,8,16,593,semantic,77.526,0.0,0.0,0,1,1,96,352,352,64961380352,64961380352,7.697,0.018
google/gemma-3-1b-it,NVIDIA GeForce RTX 5060 Ti,42,HotpotQA,8,16,594,structural,60.3031,36.3629,31.0353,0,0,0,102,358,358,67194847232,67194847232,7.697,0.018
google/gemma-3-1b-it,NVIDIA GeForce RTX 5060 Ti,42,HotpotQA,8,16,595,multi-hop,86.0387,54.9762,0.0,0,0,1,83,339,339,60251701248,60251701248,7.697,0.018
google/gemma-3-1b-it,NVIDIA GeForce RTX 5060 Ti,42,HotpotQA,8,16,596,multi-hop,73.4646,33.542,71.7303,0,0,0,148,404,404,85572190208,85572190208,7.697,0.018
google/gemma-3-1b-it,NVIDIA GeForce RTX 5060 Ti,42,HotpotQA,8,16,597,semantic,31.5436,0.0,0.0,0,1,1,76,332,332,57789120512,57789120512,7.697,0.018
google/gemma-3-1b-it,NVIDIA GeForce RTX 5060 Ti,42,HotpotQA,8,16,598,multi-hop,72.9964,67.8907,65.8891,0,0,0,65,321,321,54023159808,54023159808,7.697,0.018
google/gemma-3-1b-it,NVIDIA GeForce RTX 5060 Ti,42,HotpotQA,8,16,599,multi-hop,0.0,0.0,0.0,1,1,1,94,350,350,64225280000,64225280000,7.697,0.018
google/gemma-3-1b-it,NVIDIA GeForce RTX 5060 Ti,42,HotpotQA,10,16,0,structural,57.786,0.0,0.0,0,1,1,102,358,358,67194847232,67194847232,7.697,0.018
google/gemma-3-1b-it,NVIDIA GeForce RTX 5060 Ti,42,HotpotQA,10,16,1,multi-hop,73.5384,0.0,0.0,0,1,1,35,291,291,44397232128,44397232128,7.697,0.018
google/gemma-3-1b-it,NVIDIA GeForce RTX 5060 Ti,42,HotpotQA,10,16,2,multi-hop,51.7906,0.0,0.0,0,1,1,104,360,360,67947724800,67947724800,7.697,0.018
google/gemma-3-1b-it,NVIDIA GeForce RTX 5060 Ti,42,HotpotQA,10,16,3,semantic,64.2288,0.0,0.0,0,1,1,129,385,385,77712588800,77712588800,7.697,0.018
google/gemma-3-1b-it,NVIDIA GeForce RTX 5060 Ti,42,HotpotQA,10,16,4,structural,30.757,65.177,86.8445,0,0,0,124,380,380,75707187200,75707187200,7.697,0.018
google/gemma-3-1b-it,NVIDIA GeForce RTX 5060 Ti,42,HotpotQA,10,16,5,multi-hop,60.2299,0.0,0.0,0,1,1,96,352,352,64961380352,64961380352,7.697,0.018
google/gemma-3-1b-it,NVIDIA GeForce RTX 5060 Ti,42,HotpotQA,10,16,6,structural,49.0088,68.2644,0.0,0,0,1,82,338,338,59896758272,59896758272,7.697,0.018
google/gemma-3-1b-it,NVIDIA GeForce RTX 5060 Ti,42,HotpotQA,10,16,7,multi-hop,72.6416,0.0,0.0,0,1,1,71,327,327,56061591552,56061591552,7.697,0.018
google/gemma-3-1b-it,NVIDIA GeForce RTX 5060 Ti,42,HotpotQA,10,16,8,multi-hop,33.4711,0.0,0.0,0,1,1,76,332,332,57789120512,57789120512,7.697,0.018
google/gemma-3-1b-it,NVIDIA GeForce RTX 5060 Ti,42,HotpotQA,10,16,9,structural,38.3424,0.0,0.0,0,1,1,93,349,349,63858802688,63858802688,7.697,0.018
google/gemma-3-1b-it,NVIDIA GeForce RTX 5060 Ti,42,HotpotQA,10,16,10,multi-hop,60.1902,0.0,35.9518,0,1,0,12,268,268,37656461312,37656461312,7.697,0.018
google/gemma-3-1b-it,NVIDIA GeForce RTX 5060 Ti,42,HotpotQA,10,16,11,semantic,48.8415,0.0,0.0,0,1,1,81,337,337,59542863872,59542863872,7.697,0.018
google/gemma-3-1b-it,NVIDIA GeForce RTX 5060 Ti,42,HotpotQA,10,16,12,semantic,44.4998,0.0,0.0,0,1,1,49,305,305,48771891200,48771891200,7.697,0.018
google/gemma-3-1b-it,NVIDIA GeForce RTX 5060 Ti,42,HotpotQA,10,16,13,semantic,32.7587,0.0,0.0,0,1,1,40,296,296,45936017408,45936017408,7.697,0.018
google/gemma-3-1b-it,NVIDIA GeForce RTX 5060 Ti,42,HotpotQA,10,16,14,multi-hop,71.1446,0.0,31.3506,0,1,0,24,280,280,41104179200,41104179200,7.697,0.018
google/gemma-3-1b-it,NVIDIA GeForce RTX 5060 Ti,42,HotpotQA,10,16,15,structural,44.9277,0.0,0.0,0,1,1,127,383,383,76907282432,76907282432,7.697,0.018
google/gemma-3-1b-it,NVIDIA GeForce RTX 5060 Ti,42,HotpotQA,10,16,16,structural,67.6652,0.0,0.0,0,1,1,96,352,352,64961380352,64961380352,7.697,0.018
google/gemma-3-1b-it,NVIDIA GeForce RTX 5060 Ti,42,HotpotQA,10,16,17,semantic,46.3499,0.0,0.0,0,1,1,2,39,258,797442048,34898706432,7.697,0.018
google/gemma-3-1b-it,NVIDIA GeForce RTX 5060 Ti,42,HotpotQA,10,16,18,semantic,63.8928,0.0,0.0,0,1,1,126,382,382,76506202112,76506202112,7.697,0.018
google/gemma-3-1b-it,NVIDIA GeForce RTX 5060 Ti,42,HotpotQA,10,16,19,multi-hop,67.2924,0.0,0.0,0,1,1,60,316,316,52353302528,52353302528,7.697,0.018
google/gemma-3-1b-it,NVIDIA GeForce RTX 5060 Ti,42,HotpotQA,10,16,20,multi-hop,49.7668,33.4171,47.2797,0,0,0,120,376,376,74121740288,74121740288,7.697,0.018
google/gemma-3-1b-it,NVIDIA GeForce RTX 5060 Ti,42,HotpotQA,10,16,21,multi-hop,62.3511,0.0,0.0,0,1,1,85,341,341,60964732928,60964732928,7.697,0.018
google/gemma-3-1b-it,NVIDIA GeForce RTX 5060 Ti,42,HotpotQA,10,16,22,structural,31.6501,0.0,0.0,0,1,1,88,344,344,62042144768,62042144768,7.697,0.018
google/gemma-3-1b-it,NVIDIA GeForce RTX 5060 Ti,42,HotpotQA,10,16,23,semantic,30.5046,0.0,0.0,0,1,1,72,328,328,56405000192,56405000192,7.697,0.018
google/gemma-3-1b-it,NVIDIA GeForce RTX 5060 Ti,42,HotpotQA,10,16,24,semantic,83.2238,0.0,30.501,0,1,0,127,383,383,76907282432,76907282432,7.697,0.018
google/gemma-3-1b-it,NVIDIA GeForce RTX 5060 Ti,42,HotpotQA,10,16,25,multi-hop,57.0593,0.0,0.0,0,1,1,26,282,282,41693478912,41693478912,7.697,0.018
google/gemma-3-1b-it,NVIDIA GeForce RTX 5060 Ti,42,HotpotQA,10,16,26,multi-hop,42.7987,0.0,0.0,0,1,1,82,338,338,59896758272,59896758272,7.697,0.018
google/gemma-3-1b-it,NVIDIA GeForce RTX 5060 Ti,42,HotpotQA,10,16,27,multi-hop,39.0168,42.6711,0.0,0,0,1,122,378,378,74912366592,74912366592,7.697,0.018
google/gemma-3-1b-it,NVIDIA GeForce RTX 5060 Ti,42,HotpotQA,10,16,28,semantic,63.2206,0.0,0.0,0,1,1,75,331,331,57441517568,57441517568,7.697,0.018
google/gemma-3-1b-it,NVIDIA GeForce RTX 5060 Ti,42,HotpotQA,10,16,29,structural,35.4691,37.9353,60.4907,0,0,0,75,331,331,57441517568,57441517568,7.697,0.018
google/gemma-3-1b-it,NVIDIA GeForce RTX 5060 Ti,42,HotpotQA,10,16,30,multi-hop,36.5913,0.0,0.0,0,1,1,14,270,270,38220595200,38220595200,7.697,0.018
google/gemma-3-1b-it,NVIDIA GeForce RTX 5060 Ti,42,HotpotQA,10,16,31,multi-hop,71.4058,0.0,77.8604,0,1,0,91,347,347,63128993792,63128993792,7.697,0.018
google/gemma-3-1b-it,NVIDIA GeForce RTX 5060 Ti,42,HotpotQA,10,16,32,semantic,41.9738,0.0,0.0,0,1,1,119,375,375,73728000000,73728000000,7.697,0.018
google/gemma-3-1b-it,NVIDIA GeForce RTX 5060 Ti,42,HotpotQA,10,16,33,structural,73.5217,43.8698,0.0,0,0,1,87,343,343,61681958912,61681958912,7.697,0.018
google/gemma-3-1b-it,NVIDIA GeForce RTX 5060 Ti,42,HotpotQA,10,16,34,structural,50.8399,0.0,66.4704,0,1,0,96,352,352,64961380352,64961380352,7.697,0.018
google/gemma-3-1b-it,NVIDIA GeForce RTX 5060 Ti,42,HotpotQA,10,16,35,semantic,0.0,0.0,0.0,1,1,1,14,270,270,38220595200,38220595200,7.697,0.018
google/gemma-3-1b-it,NVIDIA GeForce RTX 5060 Ti,42,HotpotQA,10,16,36,structural,39.8108,0.0,40.1045,0,1,0,100,356,356,66446163968,66446163968,7.697,0.018
google/gemma-3-1b-it,NVIDIA GeForce RTX 5060 Ti,42,HotpotQA,10,16,37,multi-hop,35.6236,0.0,0.0,0,1,1,81,337,337,59542863872,59542863872,7.697,0.018
google/gemma-3-1b-it,NVIDIA GeForce RTX 5060 Ti,42,HotpotQA,10,16,38,multi-hop,65.4717,0.0,0.0,0,1,1,109,365,365,69848268800,69848268800,7.697,0.018
google/gemma-3-1b-it,NVIDIA GeForce RTX 5060 Ti,42,HotpotQA,10,16,39,multi-hop,38.1394,38.8339,37.6883,0,0,0,81,337,337,59542863872,59542863872,7.697,0.018
google/gemma-3-1b-it,NVIDIA GeForce RTX 5060 Ti,42,HotpotQA,10,16,40,semantic,45.0871,0.0,39.065,0,1,0,96,352,352,64961380352,64961380352,7.697,0.018
google/gemma-3-1b-it,NVIDIA GeForce RTX 5060 Ti,42,HotpotQA,10,16,41,multi-hop,57.2823,0.0,0.0,0,1,1,95,351,351,64592805888,64592805888,7.697,0.018
google/gemma-3-1b-it,NVIDIA GeForce RTX 5060 Ti,42,HotpotQA,10,16,42,semantic,46.2045,0.0,0.0,0,1,1,102,358,358,67194847232,67194847232,7.697,0.018
google/gemma-3-1b-it,NVIDIA GeForce RTX 5060 Ti,42,HotpotQA,10,16,43,semantic,31.4557,0.0,0.0,0,1,1,84,340,340,60607692800,60607692800,7.697,0.018
google/gemma-3-1b-it,NVIDIA GeForce RTX 5060 Ti,42,HotpotQA,10,16,44,multi-hop,43.8121,41.0997,33.1124,0,0,0,95,351,351,64592805888,64592805888,7.697,0.018
google/gemma-3-1b-it,NVIDIA GeForce RTX 5060 Ti,42,HotpotQA,10,16,45,structural,38.4071,57.4439,30.1587,0,0,0,93,349,349,63858802688,63858802688,7.697,0.018
google/gemma-3-1b-it,NVIDIA GeForce RTX 5060 Ti,42,HotpotQA,10,16,46,structural,33.3663,0.0,0.0,0,1,1,127,383,383,76907282432,76907282432,7.697,0.018
google/gemma-3-1b-it,NVIDIA GeForce RTX 5060 Ti,42,HotpotQA,10,16,47,semantic,0.0,0.0,0.0,1,1,1,9,265,265,36818124800,36818124800,7.697,0.018
google/gemma-3-1b-it,NVIDIA GeForce RTX 5060 Ti,42,HotpotQA,10,16,48,multi-hop,0.0,0.0,0.0,1,1,1,108,364,364,69466062848,69466062848,7.697,0.018
google/gemma-3-1b-it,NVIDIA GeForce RTX 5060 Ti,42,HotpotQA,10,16,49,structural,39.768,0.0,0.0,0,1,1,7,263,263,36264476672,36264476672,7.697,0.018
google/gemma-3-1b-it,NVIDIA GeForce RTX 5060 Ti,42,HotpotQA,10,16,50,multi-hop,94.5087,0.0,0.0,0,1,1,69,325,325,55377920000,55377920000,7.697,0.018
google/gemma-3-1b-it,NVIDIA GeForce RTX 5060 Ti,42,HotpotQA,10,16,51,structural,51.1213,58.4768,44.6116,0,0,0,69,325,325,55377920000,55377920000,7.697,0.018
google/gemma-3-1b-it,NVIDIA GeForce RTX 5060 Ti,42,HotpotQA,10,16,52,semantic,59.8591,0.0,0.0,0,1,1,68,324,324,55037657088,55037657088,7.697,0.018
google/gemma-3-1b-it,NVIDIA GeForce RTX 5060 Ti,42,HotpotQA,10,16,53,structural,99.163,83.1431,36.5426,0,0,0,10,266,266,37096521728,37096521728,7.697,0.018
google/gemma-3-1b-it,NVIDIA GeForce RTX 5060 Ti,42,HotpotQA,10,16,54,structural,41.2829,43.0161,41.6643,0,0,0,108,364,364,69466062848,69466062848,7.697,0.018
google/gemma-3-1b-it,NVIDIA GeForce RTX 5060 Ti,42,HotpotQA,10,16,55,semantic,44.0858,0.0,0.0,0,1,1,125,381,381,76106170368,76106170368,7.697,0.018
google/gemma-3-1b-it,NVIDIA GeForce RTX 5060 Ti,42,HotpotQA,10,16,56,multi-hop,63.7178,0.0,0.0,0,1,1,109,365,365,69848268800,69848268800,7.697,0.018
google/gemma-3-1b-it,NVIDIA GeForce RTX 5060 Ti,42,HotpotQA,10,16,57,structural,68.7795,71.6929,66.0456,0,0,0,37,293,293,45009600512,45009600512,7.697,0.018
google/gemma-3-1b-it,NVIDIA GeForce RTX 5060 Ti,42,HotpotQA,10,16,58,multi-hop,46.8648,0.0,0.0,0,1,1,87,343,343,61681958912,61681958912,7.697,0.018
google/gemma-3-1b-it,NVIDIA GeForce RTX 5060 Ti,42,HotpotQA,10,16,59,semantic,43.0586,0.0,0.0,0,1,1,14,270,270,38220595200,38220595200,7.697,0.018
google/gemma-3-1b-it,NVIDIA GeForce RTX 5060 Ti,42,HotpotQA,10,16,60,semantic,45.4985,0.0,0.0,0,1,1,3,119,259,7424442368,35169763328,7.697,0.018
google/gemma-3-1b-it,NVIDIA GeForce RTX 5060 Ti,42,HotpotQA,10,16,61,structural,51.8388,0.0,0.0,0,1,1,112,368,368,71001178112,71001178112,7.697,0.018
google/gemma-3-1b-it,NVIDIA GeForce RTX 5060 Ti,42,HotpotQA,10,16,62,semantic,60.817,0.0,0.0,0,1,1,99,355,355,66073395200,66073395200,7.697,0.018
google/gemma-3-1b-it,NVIDIA GeForce RTX 5060 Ti,42,HotpotQA,10,16,63,multi-hop,63.6823,68.4403,0.0,0,0,1,115,371,371,72163524608,72163524608,7.697,0.018
google/gemma-3-1b-it,NVIDIA GeForce RTX 5060 Ti,42,HotpotQA,10,16,64,multi-hop,44.5448,0.0,0.0,0,1,1,86,342,342,61322821632,61322821632,7.697,0.018
google/gemma-3-1b-it,NVIDIA GeForce RTX 5060 Ti,42,HotpotQA,10,16,65,multi-hop,60.2459,78.1682,0.0,0,0,1,10,266,266,37096521728,37096521728,7.697,0.018
google/gemma-3-1b-it,NVIDIA GeForce RTX 5060 Ti,42,HotpotQA,10,16,66,multi-hop,61.5935,42.9241,65.4925,0,0,0,8,264,264,36540776448,36540776448,7.697,0.018
google/gemma-3-1b-it,NVIDIA GeForce RTX 5060 Ti,42,HotpotQA,10,16,67,semantic,77.079,0.0,0.0,0,1,1,40,296,296,45936017408,45936017408,7.697,0.018
google/gemma-3-1b-it,NVIDIA GeForce RTX 5060 Ti,42,HotpotQA,10,16,68,structural,54.2814,50.8549,48.3403,0,0,0,41,297,297,46246920192,46246920192,7.697,0.018
google/gemma-3-1b-it,NVIDIA GeForce RTX 5060 Ti,42,HotpotQA,10,16,69,multi-hop,84.2751,0.0,62.8067,0,1,0,37,293,293,45009600512,45009600512,7.697,0.018
google/gemma-3-1b-it,NVIDIA GeForce RTX 5060 Ti,42,HotpotQA,10,16,70,structural,39.7521,54.6728,0.0,0,0,1,142,398,398,83049316352,83049316352,7.697,0.018
google/gemma-3-1b-it,NVIDIA GeForce RTX 5060 Ti,42,HotpotQA,10,16,71,multi-hop,46.9383,98.7316,93.5585,0,0,0,204,460,460,110939340800,110939340800,7.697,0.018
google/gemma-3-1b-it,NVIDIA GeForce RTX 5060 Ti,42,HotpotQA,10,16,72,semantic,92.5385,0.0,0.0,0,1,1,99,355,355,66073395200,66073395200,7.697,0.018
google/gemma-3-1b-it,NVIDIA GeForce RTX 5060 Ti,42,HotpotQA,10,16,73,multi-hop,38.8917,34.8902,97.7971,0,0,0,49,305,305,48771891200,48771891200,7.697,0.018
google/gemma-3-1b-it,NVIDIA GeForce RTX 5060 Ti,42,HotpotQA,10,16,74,multi-hop,35.2916,54.0331,0.0,0,0,1,77,333,333,58137772032,58137772032,7.697,0.018
google/gemma-3-1b-it,NVIDIA GeForce RTX 5060 Ti,42,HotpotQA,10,16,75,structural,53.3337,60.4719,30.1841,0,0,0,14,270,270,38220595200,38220595200,7.697,0.018
google/gemma-3-1b-it,NVIDIA GeForce RTX 5060 Ti,42,HotpotQA,10,16,76,multi-hop,29.6834,0.0,0.0,0,1,1,4,114,200,6813646848,20971520000,7.697,0.018
google/gemma-3-1b-it,NVIDIA GeForce RTX 5060 Ti,42,HotpotQA,10,16,77,semantic,73.3588,0.0,0.0,0,1,1,115,371,371,72163524608,72163524608,7.697,0.018
google/gemma-3-1b-it,NVIDIA GeForce RTX 5060 Ti,42,HotpotQA,10,16,78,semantic,68.6087,0.0,53.7859,0,1,0,125,381,381,76106170368,76106170368,7.697,0.018
google/gemma-3-1b-it,NVIDIA GeForce RTX 5060 Ti,42,HotpotQA,10,16,79,semantic,68.7834,0.0,61.8068,0,1,0,102,358,358,67194847232,67194847232,7.697,0.018
google/gemma-3-1b-it,NVIDIA GeForce RTX 5060 Ti,42,HotpotQA,10,16,80,structural,45.9525,34.0043,65.7572,0,0,0,101,357,357,66819981312,66819981312,7.697,0.018
google/gemma-3-1b-it,NVIDIA GeForce RTX 5060 Ti,42,HotpotQA,10,16,81,multi-hop,43.4075,0.0,0.0,0,1,1,87,343,343,61681958912,61681958912,7.697,0.018
google/gemma-3-1b-it,NVIDIA GeForce RTX 5060 Ti,42,HotpotQA,10,16,82,multi-hop,65.0643,0.0,0.0,0,1,1,99,355,355,66073395200,66073395200,7.697,0.018
google/gemma-3-1b-it,NVIDIA GeForce RTX 5060 Ti,42,HotpotQA,10,16,83,structural,49.3479,88.868,68.2168,0,0,0,122,378,378,74912366592,74912366592,7.697,0.018
google/gemma-3-1b-it,NVIDIA GeForce RTX 5060 Ti,42,HotpotQA,10,16,84,semantic,70.6894,0.0,0.0,0,1,1,121,377,377,74516529152,74516529152,7.697,0.018
google/gemma-3-1b-it,NVIDIA GeForce RTX 5060 Ti,42,HotpotQA,10,16,85,semantic,42.2114,0.0,0.0,0,1,1,80,336,336,59190018048,59190018048,7.697,0.018
google/gemma-3-1b-it,NVIDIA GeForce RTX 5060 Ti,42,HotpotQA,10,16,86,multi-hop,0.0,0.0,0.0,1,1,1,104,360,360,67947724800,67947724800,7.697,0.018
google/gemma-3-1b-it,NVIDIA GeForce RTX 5060 Ti,42,HotpotQA,10,16,87,multi-hop,79.2345,0.0,0.0,0,1,1,101,357,357,66819981312,66819981312,7.697,0.018
google/gemma-3-1b-it,NVIDIA GeForce RTX 5060 Ti,42,HotpotQA,10,16,88,multi-hop,72.9276,104.6471,69.5361,0,0,0,90,346,346,62765662208,62765662208,7.697,0.018
google/gemma-3-1b-it,NVIDIA GeForce RTX 5060 Ti,42,HotpotQA,10,16,89,multi-hop,78.2355,0.0,0.0,0,1,1,70,326,326,55719231488,55719231488,7.697,0.018
google/gemma-3-1b-it,NVIDIA GeForce RTX 5060 Ti,42,HotpotQA,10,16,90,semantic,98.2386,0.0,0.0,0,1,1,63,319,319,53352071168,53352071168,7.697,0.018
google/gemma-3-1b-it,NVIDIA GeForce RTX 5060 Ti,42,HotpotQA,10,16,91,multi-hop,99.4576,41.9484,73.6911,0,0,0,7,263,263,36264476672,36264476672,7.697,0.018
google/gemma-3-1b-it,NVIDIA GeForce RTX 5060 Ti,42,HotpotQA,10,16,92,semantic,33.407,0.0,0.0,0,1,1,99,355,355,66073395200,66073395200,7.697,0.018
google/gemma-3-1b-it,NVIDIA GeForce RTX 5060 Ti,42,HotpotQA,10,16,93,semantic,0.0,0.0,0.0,1,1,1,80,336,336,59190018048,59190018048,7.697,0.018
google/gemma-3-1b-it,NVIDIA GeForce RTX 5060 Ti,42,HotpotQA,10,16,94,semantic,71.0352,0.0,36.9112,0,1,0,12,268,268,37656461312,37656461312,7.697,0.018
google/gemma-3-1b-it,NVIDIA GeForce RTX 5060 Ti,42,HotpotQA,10,16,95,semantic,37.416,0.0,0.0,0,1,1,85,341,341,60964732928,60964732928,7.697,0.018
google/gemma-3-1b-it,NVIDIA GeForce RTX 5060 Ti,42,HotpotQA,10,16,96,multi-hop,59.1136,0.0,0.0,0,1,1,3,259,259,35169763328,35169763328,7.697,0.018
google/gemma-3-1b-it,NVIDIA GeForce RTX 5060 Ti,42,HotpotQA,10,16,97,structural,70.1474,68.1256,72.389,0,0,0,106,362,362,68704796672,68704796672,7.697,0.018
google/gemma-3-1b-it,NVIDIA GeForce RTX 5060 Ti,42,HotpotQA,10,16,98,multi-hop,35.9653,0.0,0.0,0,1,1,4,190,170,18926796800,15151923200,7.697,0.018
google/gemma-3-1b-it,NVIDIA GeForce RTX 5060 Ti,42,HotpotQA,10,16,99,semantic,55.6499,0.0,42.5703,0,1,0,35,291,291,44397232128,44397232128,7.697,0.018
google/gemma-3-1b-it,NVIDIA GeForce RTX 5060 Ti,42,HotpotQA,10,16,100,semantic,37.8772,0.0,0.0,0,1,1,47,303,303,48134356992,48134356992,7.697,0.018
google/gemma-3-1b-it,NVIDIA GeForce RTX 5060 Ti,42,HotpotQA,10,16,101,multi-hop,32.6424,53.7868,88.3956,0,0,0,104,360,360,67947724800,67947724800,7.697,0.018
google/gemma-3-1b-it,NVIDIA GeForce RTX 5060 Ti,42,HotpotQA,10,16,102,multi-hop,60.1678,0.0,0.0,0,1,1,106,362,362,68704796672,68704796672,7.697,0.018
google/gemma-3-1b-it,NVIDIA GeForce RTX 5060 Ti,42,HotpotQA,10,16,103,semantic,40.3845,0.0,0.0,0,1,1,69,325,325,55377920000,55377920000,7.697,0.018
google/gemma-3-1b-it,NVIDIA GeForce RTX 5060 Ti,42,HotpotQA,10,16,104,multi-hop,50.2413,0.0,0.0,0,1,1,109,365,365,69848268800,69848268800,7.697,0.018
google/gemma-3-1b-it,NVIDIA GeForce RTX 5060 Ti,42,HotpotQA,10,16,105,semantic,66.2488,0.0,51.1871,0,1,0,110,366,366,70231523328,70231523328,7.697,0.018
google/gemma-3-1b-it,NVIDIA GeForce RTX 5060 Ti,42,HotpotQA,10,16,106,semantic,28.277,0.0,0.0,0,1,1,2,29,258,440926208,34898706432,7.697,0.018
google/gemma-3-1b-it,NVIDIA GeForce RTX 5060 Ti,42,HotpotQA,10,16,107,structural,28.9608,61.5905,0.0,0,0,1,105,361,361,68325736448,68325736448,7.697,0.018
google/gemma-3-1b-it,NVIDIA GeForce RTX 5060 Ti,42,HotpotQA,10,16,108,structural,66.5882,0.0,0.0,0,1,1,81,337,337,59542863872,59542863872,7.697,0.018
google/gemma-3-1b-it,NVIDIA GeForce RTX 5060 Ti,42,HotpotQA,10,16,109,multi-hop,33.8569,55.4364,33.8333,0,0,0,139,395,395,81802035200,81802035200,7.697,0.018
google/gemma-3-1b-it,NVIDIA GeForce RTX 5060 Ti,42,HotpotQA,10,16,110,multi-hop,53.4702,37.7185,44.9677,0,0,0,34,290,290,44092620800,44092620800,7.697,0.018
google/gemma-3-1b-it,NVIDIA GeForce RTX 5060 Ti,42,HotpotQA,10,16,111,multi-hop,94.5258,47.8853,0.0,0,0,1,16,272,272,38788923392,38788923392,7.697,0.018
google/gemma-3-1b-it,NVIDIA GeForce RTX 5060 Ti,42,HotpotQA,10,16,112,semantic,51.9086,0.0,0.0,0,1,1,122,378,378,74912366592,74912366592,7.697,0.018
google/gemma-3-1b-it,NVIDIA GeForce RTX 5060 Ti,42,HotpotQA,10,16,113,multi-hop,0.0,0.0,0.0,1,1,1,91,347,347,63128993792,63128993792,7.697,0.018
google/gemma-3-1b-it,NVIDIA GeForce RTX 5060 Ti,42,HotpotQA,10,16,114,multi-hop,77.7009,0.0,80.8971,0,1,0,68,324,324,55037657088,55037657088,7.697,0.018
google/gemma-3-1b-it,NVIDIA GeForce RTX 5060 Ti,42,HotpotQA,10,16,115,multi-hop,0.0,0.0,0.0,1,1,1,35,291,291,44397232128,44397232128,7.697,0.018
google/gemma-3-1b-it,NVIDIA GeForce RTX 5060 Ti,42,HotpotQA,10,16,116,semantic,68.8945,0.0,0.0,0,1,1,40,296,296,45936017408,45936017408,7.697,0.018
google/gemma-3-1b-it,NVIDIA GeForce RTX 5060 Ti,42,HotpotQA,10,16,117,multi-hop,61.8324,0.0,0.0,0,1,1,88,344,344,62042144768,62042144768,7.697,0.018
google/gemma-3-1b-it,NVIDIA GeForce RTX 5060 Ti,42,HotpotQA,10,16,118,multi-hop,34.3735,0.0,0.0,0,1,1,99,355,355,66073395200,66073395200,7.697,0.018
google/gemma-3-1b-it,NVIDIA GeForce RTX 5060 Ti,42,HotpotQA,10,16,119,multi-hop,71.5957,0.0,0.0,0,1,1,106,362,362,68704796672,68704796672,7.697,0.018
google/gemma-3-1b-it,NVIDIA GeForce RTX 5060 Ti,42,HotpotQA,10,16,120,structural,34.2801,37.1441,56.2987,0,0,0,84,340,340,60607692800,60607692800,7.697,0.018
google/gemma-3-1b-it,NVIDIA GeForce RTX 5060 Ti,42,HotpotQA,10,16,121,multi-hop,82.1115,0.0,0.0,0,1,1,114,370,370,71775027200,71775027200,7.697,0.018
google/gemma-3-1b-it,NVIDIA GeForce RTX 5060 Ti,42,HotpotQA,10,16,122,semantic,0.0,84.6906,0.0,1,0,1,121,377,377,74516529152,74516529152,7.697,0.018
google/gemma-3-1b-it,NVIDIA GeForce RTX 5060 Ti,42,HotpotQA,10,16,123,semantic,37.6499,0.0,62.0894,0,1,0,2,258,258,34898706432,34898706432,7.697,0.018
google/gemma-3-1b-it,NVIDIA GeForce RTX 5060 Ti,42,HotpotQA,10,16,124,multi-hop,35.4182,37.5267,30.76,0,0,0,2,225,31,26542080000,503840768,7.697,0.018
google/gemma-3-1b-it,NVIDIA GeForce RTX 5060 Ti,42,HotpotQA,10,16,125,semantic,37.0081,0.0,0.0,0,1,1,117,373,373,72943665152,72943665152,7.697,0.018
google/gemma-3-1b-it,NVIDIA GeForce RTX 5060 Ti,42,HotpotQA,10,16,126,semantic,61.3275,0.0,0.0,0,1,1,60,316,316,52353302528,52353302528,7.697,0.018
google/gemma-3-1b-it,NVIDIA GeForce RTX 5060 Ti,42,HotpotQA,10,16,127,multi-hop,37.0359,59.7855,56.322,0,0,0,35,291,291,44397232128,44397232128,7.697,0.018
google/gemma-3-1b-it,NVIDIA GeForce RTX 5060 Ti,42,HotpotQA,10,16,128,multi-hop,37.6659,0.0,0.0,0,1,1,117,373,373,72943665152,72943665152,7.697,0.018
google/gemma-3-1b-it,NVIDIA GeForce RTX 5060 Ti,42,HotpotQA,10,16,129,structural,57.338,67.4104,69.9233,0,0,0,47,303,303,48134356992,48134356992,7.697,0.018
google/gemma-3-1b-it,NVIDIA GeForce RTX 5060 Ti,42,HotpotQA,10,16,130,semantic,55.9766,0.0,0.0,0,1,1,94,350,350,64225280000,64225280000,7.697,0.018
google/gemma-3-1b-it,NVIDIA GeForce RTX 5060 Ti,42,HotpotQA,10,16,131,semantic,76.1695,0.0,0.0,0,1,1,126,382,382,76506202112,76506202112,7.697,0.018
google/gemma-3-1b-it,NVIDIA GeForce RTX 5060 Ti,42,HotpotQA,10,16,132,semantic,62.3179,0.0,0.0,0,1,1,99,355,355,66073395200,66073395200,7.697,0.018
google/gemma-3-1b-it,NVIDIA GeForce RTX 5060 Ti,42,HotpotQA,10,16,133,multi-hop,33.3651,0.0,0.0,0,1,1,99,355,355,66073395200,66073395200,7.697,0.018
google/gemma-3-1b-it,NVIDIA GeForce RTX 5060 Ti,42,HotpotQA,10,16,134,structural,101.6941,72.4412,77.673,0,0,0,18,274,274,39361445888,39361445888,7.697,0.018
google/gemma-3-1b-it,NVIDIA GeForce RTX 5060 Ti,42,HotpotQA,10,16,135,multi-hop,62.0396,0.0,0.0,0,1,1,58,314,314,51692699648,51692699648,7.697,0.018
google/gemma-3-1b-it,NVIDIA GeForce RTX 5060 Ti,42,HotpotQA,10,16,136,semantic,78.4089,0.0,77.7742,0,1,0,19,275,275,39649280000,39649280000,7.697,0.018
google/gemma-3-1b-it,NVIDIA GeForce RTX 5060 Ti,42,HotpotQA,10,16,137,semantic,40.8723,0.0,0.0,0,1,1,57,313,313,51363971072,51363971072,7.697,0.018
google/gemma-3-1b-it,NVIDIA GeForce RTX 5060 Ti,42,HotpotQA,10,16,138,semantic,58.3113,0.0,0.0,0,1,1,76,332,332,57789120512,57789120512,7.697,0.018
google/gemma-3-1b-it,NVIDIA GeForce RTX 5060 Ti,42,HotpotQA,10,16,139,multi-hop,28.5809,48.9228,57.9598,0,0,0,119,375,375,73728000000,73728000000,7.697,0.018
google/gemma-3-1b-it,NVIDIA GeForce RTX 5060 Ti,42,HotpotQA,10,16,140,structural,34.7622,65.6304,68.2687,0,0,0,2,30,142,471859200,10571743232,7.697,0.018
google/gemma-3-1b-it,NVIDIA GeForce RTX 5060 Ti,42,HotpotQA,10,16,141,semantic,36.913,0.0,0.0,0,1,1,66,322,322,54360276992,54360276992,7.697,0.018
google/gemma-3-1b-it,NVIDIA GeForce RTX 5060 Ti,42,HotpotQA,10,16,142,multi-hop,0.0,87.9632,95.3863,1,0,0,20,276,276,39938162688,39938162688,7.697,0.018
google/gemma-3-1b-it,NVIDIA GeForce RTX 5060 Ti,42,HotpotQA,10,16,143,semantic,76.5721,0.0,0.0,0,1,1,82,338,338,59896758272,59896758272,7.697,0.018
google/gemma-3-1b-it,NVIDIA GeForce RTX 5060 Ti,42,HotpotQA,10,16,144,multi-hop,57.3499,0.0,0.0,0,1,1,117,373,373,72943665152,72943665152,7.697,0.018
google/gemma-3-1b-it,NVIDIA GeForce RTX 5060 Ti,42,HotpotQA,10,16,145,multi-hop,89.907,0.0,0.0,0,1,1,72,328,328,56405000192,56405000192,7.697,0.018
google/gemma-3-1b-it,NVIDIA GeForce RTX 5060 Ti,42,HotpotQA,10,16,146,multi-hop,99.368,0.0,0.0,0,1,1,105,361,361,68325736448,68325736448,7.697,0.018
google/gemma-3-1b-it,NVIDIA GeForce RTX 5060 Ti,42,HotpotQA,10,16,147,multi-hop,49.0205,0.0,0.0,0,1,1,2,29,258,440926208,34898706432,7.697,0.018
google/gemma-3-1b-it,NVIDIA GeForce RTX 5060 Ti,42,HotpotQA,10,16,148,multi-hop,63.1789,43.2661,0.0,0,0,1,99,355,355,66073395200,66073395200,7.697,0.018
google/gemma-3-1b-it,NVIDIA GeForce RTX 5060 Ti,42,HotpotQA,10,16,149,multi-hop,88.6711,69.4192,80.3654,0,0,0,134,390,390,79744204800,79744204800,7.697,0.018
google/gemma-3-1b-it,NVIDIA GeForce RTX 5060 Ti,42,HotpotQA,10,16,150,semantic,60.1929,0.0,55.2645,0,1,0,77,333,333,58137772032,58137772032,7.697,0.018
google/gemma-3-1b-it,NVIDIA GeForce RTX 5060 Ti,42,HotpotQA,10,16,151,structural,105.1145,0.0,0.0,0,1,1,35,291,291,44397232128,44397232128,7.697,0.018
google/gemma-3-1b-it,NVIDIA GeForce RTX 5060 Ti,42,HotpotQA,10,16,152,structural,75.3857,0.0,0.0,0,1,1,129,385,385,77712588800,77712588800,7.697,0.018
google/gemma-3-1b-it,NVIDIA GeForce RTX 5060 Ti,42,HotpotQA,10,16,153,structural,74.8405,88.705,0.0,0,0,1,85,341,341,60964732928,60964732928,7.697,0.018
google/gemma-3-1b-it,NVIDIA GeForce RTX 5060 Ti,42,HotpotQA,10,16,154,multi-hop,0.0,0.0,0.0,1,1,1,35,291,291,44397232128,44397232128,7.697,0.018
google/gemma-3-1b-it,NVIDIA GeForce RTX 5060 Ti,42,HotpotQA,10,16,155,multi-hop,28.7395,0.0,0.0,0,1,1,67,323,323,54698442752,54698442752,7.697,0.018
google/gemma-3-1b-it,NVIDIA GeForce RTX 5060 Ti,42,HotpotQA,10,16,156,structural,38.4421,101.1964,74.5654,0,0,0,14,270,270,38220595200,38220595200,7.697,0.018
google/gemma-3-1b-it,NVIDIA GeForce RTX 5060 Ti,42,HotpotQA,10,16,157,multi-hop,58.8839,84.6597,0.0,0,0,1,75,331,331,57441517568,57441517568,7.697,0.018
google/gemma-3-1b-it,NVIDIA GeForce RTX 5060 Ti,42,HotpotQA,10,16,158,multi-hop,48.5987,0.0,0.0,0,1,1,159,415,415,90295500800,90295500800,7.697,0.018
google/gemma-3-1b-it,NVIDIA GeForce RTX 5060 Ti,42,HotpotQA,10,16,159,structural,41.3388,47.0962,45.3037,0,0,0,69,325,325,55377920000,55377920000,7.697,0.018
google/gemma-3-1b-it,NVIDIA GeForce RTX 5060 Ti,42,HotpotQA,10,16,160,semantic,98.4354,0.0,0.0,0,1,1,17,273,273,39074660352,39074660352,7.697,0.018
google/gemma-3-1b-it,NVIDIA GeForce RTX 5060 Ti,42,HotpotQA,10,16,161,multi-hop,59.4632,0.0,0.0,0,1,1,64,320,320,53687091200,53687091200,7.697,0.018
google/gemma-3-1b-it,NVIDIA GeForce RTX 5060 Ti,42,HotpotQA,10,16,162,multi-hop,65.6451,93.0578,88.7152,0,0,0,81,337,337,59542863872,59542863872,7.697,0.018
google/gemma-3-1b-it,NVIDIA GeForce RTX 5060 Ti,42,HotpotQA,10,16,163,multi-hop,47.0815,29.0569,0.0,0,0,1,106,362,362,68704796672,68704796672,7.697,0.018
google/gemma-3-1b-it,NVIDIA GeForce RTX 5060 Ti,42,HotpotQA,10,16,164,semantic,87.6515,0.0,69.3087,0,1,0,20,276,276,39938162688,39938162688,7.697,0.018
google/gemma-3-1b-it,NVIDIA GeForce RTX 5060 Ti,42,HotpotQA,10,16,165,multi-hop,53.2762,0.0,0.0,0,1,1,80,336,336,59190018048,59190018048,7.697,0.018
google/gemma-3-1b-it,NVIDIA GeForce RTX 5060 Ti,42,HotpotQA,10,16,166,multi-hop,104.3812,0.0,62.8686,0,1,0,96,352,352,64961380352,64961380352,7.697,0.018
google/gemma-3-1b-it,NVIDIA GeForce RTX 5060 Ti,42,HotpotQA,10,16,167,multi-hop,104.5406,68.7634,103.5882,0,0,0,35,291,291,44397232128,44397232128,7.697,0.018
google/gemma-3-1b-it,NVIDIA GeForce RTX 5060 Ti,42,HotpotQA,10,16,168,semantic,99.4363,0.0,77.0121,0,1,0,20,276,276,39938162688,39938162688,7.697,0.018
google/gemma-3-1b-it,NVIDIA GeForce RTX 5060 Ti,42,HotpotQA,10,16,169,multi-hop,84.116,28.5949,0.0,0,0,1,118,374,374,73335308288,73335308288,7.697,0.018
google/gemma-3-1b-it,NVIDIA GeForce RTX 5060 Ti,42,HotpotQA,10,16,170,multi-hop,105.125,64.4472,99.1525,0,0,0,5,261,261,35715022848,35715022848,7.697,0.018
google/gemma-3-1b-it,NVIDIA GeForce RTX 5060 Ti,42,HotpotQA,10,16,171,multi-hop,94.0753,0.0,96.1245,0,1,0,91,347,347,63128993792,63128993792,7.697,0.018
google/gemma-3-1b-it,NVIDIA GeForce RTX 5060 Ti,42,HotpotQA,10,16,172,structural,98.9817,0.0,0.0,0,1,1,6,262,262,35989225472,35989225472,7.697,0.018
google/gemma-3-1b-it,NVIDIA GeForce RTX 5060 Ti,42,HotpotQA,10,16,173,multi-hop,93.7855,55.9279,0.0,0,0,1,53,309,309,50059542528,50059542528,7.697,0.018
google/gemma-3-1b-it,NVIDIA GeForce RTX 5060 Ti,42,HotpotQA,10,16,174,semantic,57.7094,0.0,0.0,0,1,1,106,362,362,68704796672,68704796672,7.697,0.018
google/gemma-3-1b-it,NVIDIA GeForce RTX 5060 Ti,42,HotpotQA,10,16,175,multi-hop,96.4712,62.7209,54.2683,0,0,0,20,276,276,39938162688,39938162688,7.697,0.018
google/gemma-3-1b-it,NVIDIA GeForce RTX 5060 Ti,42,HotpotQA,10,16,176,multi-hop,38.7101,0.0,0.0,0,1,1,108,364,364,69466062848,69466062848,7.697,0.018
google/gemma-3-1b-it,NVIDIA GeForce RTX 5060 Ti,42,HotpotQA,10,16,177,multi-hop,82.3644,0.0,0.0,0,1,1,114,370,370,71775027200,71775027200,7.697,0.018
google/gemma-3-1b-it,NVIDIA GeForce RTX 5060 Ti,42,HotpotQA,10,16,178,structural,48.0657,50.2577,50.2831,0,0,0,98,354,354,65701675008,65701675008,7.697,0.018
google/gemma-3-1b-it,NVIDIA GeForce RTX 5060 Ti,42,HotpotQA,10,16,179,structural,48.1722,74.4192,66.3777,0,0,0,49,305,305,48771891200,48771891200,7.697,0.018
google/gemma-3-1b-it,NVIDIA GeForce RTX 5060 Ti,42,HotpotQA,10,16,180,semantic,91.2765,0.0,0.0,0,1,1,93,349,349,63858802688,63858802688,7.697,0.018
google/gemma-3-1b-it,NVIDIA GeForce RTX 5060 Ti,42,HotpotQA,10,16,181,structural,38.1474,79.8957,70.8333,0,0,0,108,364,364,69466062848,69466062848,7.697,0.018
google/gemma-3-1b-it,NVIDIA GeForce RTX 5060 Ti,42,HotpotQA,10,16,182,multi-hop,33.0042,0.0,0.0,0,1,1,2,29,258,440926208,34898706432,7.697,0.018
google/gemma-3-1b-it,NVIDIA GeForce RTX 5060 Ti,42,HotpotQA,10,16,183,multi-hop,31.3925,0.0,78.0663,0,1,0,114,370,370,71775027200,71775027200,7.697,0.018
google/gemma-3-1b-it,NVIDIA GeForce RTX 5060 Ti,42,HotpotQA,10,16,184,structural,43.6664,80.0517,82.668,0,0,0,13,269,269,37938003968,37938003968,7.697,0.018
google/gemma-3-1b-it,NVIDIA GeForce RTX 5060 Ti,42,HotpotQA,10,16,185,multi-hop,95.7314,0.0,85.8129,0,1,0,94,350,350,64225280000,64225280000,7.697,0.018
google/gemma-3-1b-it,NVIDIA GeForce RTX 5060 Ti,42,HotpotQA,10,16,186,semantic,46.5552,0.0,0.0,0,1,1,105,361,361,68325736448,68325736448,7.697,0.018
google/gemma-3-1b-it,NVIDIA GeForce RTX 5060 Ti,42,HotpotQA,10,16,187,multi-hop,58.62,46.5875,0.0,0,0,1,68,324,324,55037657088,55037657088,7.697,0.018
google/gemma-3-1b-it,NVIDIA GeForce RTX 5060 Ti,42,HotpotQA,10,16,188,multi-hop,72.9004,0.0,0.0,0,1,1,57,313,313,51363971072,51363971072,7.697,0.018
google/gemma-3-1b-it,NVIDIA GeForce RTX 5060 Ti,42,HotpotQA,10,16,189,structural,101.1858,88.1597,64.6438,0,0,0,24,280,280,41104179200,41104179200,7.697,0.018
google/gemma-3-1b-it,NVIDIA GeForce RTX 5060 Ti,42,HotpotQA,10,16,190,structural,53.8054,83.276,101.3733,0,0,0,20,276,276,39938162688,39938162688,7.697,0.018
google/gemma-3-1b-it,NVIDIA GeForce RTX 5060 Ti,42,HotpotQA,10,16,191,structural,107.8155,0.0,0.0,0,1,1,69,325,325,55377920000,55377920000,7.697,0.018
google/gemma-3-1b-it,NVIDIA GeForce RTX 5060 Ti,42,HotpotQA,10,16,192,multi-hop,61.6449,0.0,0.0,0,1,1,5,261,261,35715022848,35715022848,7.697,0.018
google/gemma-3-1b-it,NVIDIA GeForce RTX 5060 Ti,42,HotpotQA,10,16,193,semantic,36.8893,0.0,0.0,0,1,1,26,282,282,41693478912,41693478912,7.697,0.018
google/gemma-3-1b-it,NVIDIA GeForce RTX 5060 Ti,42,HotpotQA,10,16,194,multi-hop,85.1606,104.222,0.0,0,0,1,4,260,260,35441868800,35441868800,7.697,0.018
google/gemma-3-1b-it,NVIDIA GeForce RTX 5060 Ti,42,HotpotQA,10,16,195,multi-hop,40.1717,61.0123,0.0,0,0,1,114,370,370,71775027200,71775027200,7.697,0.018
google/gemma-3-1b-it,NVIDIA GeForce RTX 5060 Ti,42,HotpotQA,10,16,196,multi-hop,103.7444,0.0,0.0,0,1,1,14,270,270,38220595200,38220595200,7.697,0.018
google/gemma-3-1b-it,NVIDIA GeForce RTX 5060 Ti,42,HotpotQA,10,16,197,semantic,44.5509,0.0,42.2191,0,1,0,96,352,352,64961380352,64961380352,7.697,0.018
google/gemma-3-1b-it,NVIDIA GeForce RTX 5060 Ti,42,HotpotQA,10,16,198,semantic,0.0,0.0,0.0,1,1,1,14,270,270,38220595200,38220595200,7.697,0.018
google/gemma-3-1b-it,NVIDIA GeForce RTX 5060 Ti,42,HotpotQA,10,16,199,semantic,79.9712,0.0,0.0,0,1,1,106,362,362,68704796672,68704796672,7.697,0.018
google/gemma-3-1b-it,NVIDIA GeForce RTX 5060 Ti,42,HotpotQA,10,16,200,multi-hop,47.8956,40.7184,44.4936,0,0,0,2,258,258,34898706432,34898706432,7.697,0.018
google/gemma-3-1b-it,NVIDIA GeForce RTX 5060 Ti,42,HotpotQA,10,16,201,multi-hop,38.8783,0.0,0.0,0,1,1,47,303,303,48134356992,48134356992,7.697,0.018
google/gemma-3-1b-it,NVIDIA GeForce RTX 5060 Ti,42,HotpotQA,10,16,202,semantic,54.7301,0.0,0.0,0,1,1,25,281,281,41398304768,41398304768,7.697,0.018
google/gemma-3-1b-it,NVIDIA GeForce RTX 5060 Ti,42,HotpotQA,10,16,203,semantic,57.0148,0.0,0.0,0,1,1,102,358,358,67194847232,67194847232,7.697,0.018
google/gemma-3-1b-it,NVIDIA GeForce RTX 5060 Ti,42,HotpotQA,10,16,204,multi-hop,40.9119,73.045,77.0212,0,0,0,131,387,387,78522089472,78522089472,7.697,0.018
google/gemma-3-1b-it,NVIDIA GeForce RTX 5060 Ti,42,HotpotQA,10,16,205,multi-hop,90.4657,92.3993,0.0,0,0,1,128,384,384,77309411328,77309411328,7.697,0.018
google/gemma-3-1b-it,NVIDIA GeForce RTX 5060 Ti,42,HotpotQA,10,16,206,multi-hop,47.7638,0.0,97.8718,0,1,0,105,361,361,68325736448,68325736448,7.697,0.018
google/gemma-3-1b-it,NVIDIA GeForce RTX 5060 Ti,42,HotpotQA,10,16,207,multi-hop,72.9386,0.0,0.0,0,1,1,148,404,404,85572190208,85572190208,7.697,0.018
google/gemma-3-1b-it,NVIDIA GeForce RTX 5060 Ti,42,HotpotQA,10,16,208,semantic,53.4134,0.0,0.0,0,1,1,10,266,266,37096521728,37096521728,7.697,0.018
google/gemma-3-1b-it,NVIDIA GeForce RTX 5060 Ti,42,HotpotQA,10,16,209,semantic,91.7652,0.0,0.0,0,1,1,70,326,326,55719231488,55719231488,7.697,0.018
google/gemma-3-1b-it,NVIDIA GeForce RTX 5060 Ti,42,HotpotQA,10,16,210,multi-hop,58.1669,0.0,0.0,0,1,1,125,381,381,76106170368,76106170368,7.697,0.018
google/gemma-3-1b-it,NVIDIA GeForce RTX 5060 Ti,42,HotpotQA,10,16,211,multi-hop,64.668,102.099,0.0,0,0,1,85,341,341,60964732928,60964732928,7.697,0.018
google/gemma-3-1b-it,NVIDIA GeForce RTX 5060 Ti,42,HotpotQA,10,16,212,semantic,87.3755,0.0,0.0,0,1,1,94,350,350,64225280000,64225280000,7.697,0.018
google/gemma-3-1b-it,NVIDIA GeForce RTX 5060 Ti,42,HotpotQA,10,16,213,structural,54.0737,44.2235,94.8608,0,0,0,64,320,320,53687091200,53687091200,7.697,0.018
google/gemma-3-1b-it,NVIDIA GeForce RTX 5060 Ti,42,HotpotQA,10,16,214,multi-hop,74.2914,0.0,30.7194,0,1,0,117,373,373,72943665152,72943665152,7.697,0.018
google/gemma-3-1b-it,NVIDIA GeForce RTX 5060 Ti,42,HotpotQA,10,16,215,multi-hop,69.8923,64.2877,69.6796,0,0,0,139,395,395,81802035200,81802035200,7.697,0.018
google/gemma-3-1b-it,NVIDIA GeForce RTX 5060 Ti,42,HotpotQA,10,16,216,multi-hop,68.7809,0.0,0.0,0,1,1,118,374,374,73335308288,73335308288,7.697,0.018
google/gemma-3-1b-it,NVIDIA GeForce RTX 5060 Ti,42,HotpotQA,10,16,217,semantic,38.5914,0.0,0.0,0,1,1,63,319,319,53352071168,53352071168,7.697,0.018
google/gemma-3-1b-it,NVIDIA GeForce RTX 5060 Ti,42,HotpotQA,10,16,218,semantic,42.8122,0.0,0.0,0,1,1,101,357,357,66819981312,66819981312,7.697,0.018
google/gemma-3-1b-it,NVIDIA GeForce RTX 5060 Ti,42,HotpotQA,10,16,219,structural,55.0803,58.3076,63.2823,0,0,0,109,365,365,69848268800,69848268800,7.697,0.018
google/gemma-3-1b-it,NVIDIA GeForce RTX 5060 Ti,42,HotpotQA,10,16,220,multi-hop,64.8423,0.0,0.0,0,1,1,142,398,398,83049316352,83049316352,7.697,0.018
google/gemma-3-1b-it,NVIDIA GeForce RTX 5060 Ti,42,HotpotQA,10,16,221,semantic,48.4755,61.7255,0.0,0,0,1,134,390,390,79744204800,79744204800,7.697,0.018
google/gemma-3-1b-it,NVIDIA GeForce RTX 5060 Ti,42,HotpotQA,10,16,222,structural,36.8909,64.0417,0.0,0,0,1,93,349,349,63858802688,63858802688,7.697,0.018
google/gemma-3-1b-it,NVIDIA GeForce RTX 5060 Ti,42,HotpotQA,10,16,223,multi-hop,64.8506,0.0,91.2516,0,1,0,68,324,324,55037657088,55037657088,7.697,0.018
google/gemma-3-1b-it,NVIDIA GeForce RTX 5060 Ti,42,HotpotQA,10,16,224,multi-hop,48.6699,59.7989,0.0,0,0,1,3,259,259,35169763328,35169763328,7.697,0.018
google/gemma-3-1b-it,NVIDIA GeForce RTX 5060 Ti,42,HotpotQA,10,16,225,structural,60.3105,0.0,0.0,0,1,1,112,368,368,71001178112,71001178112,7.697,0.018
google/gemma-3-1b-it,NVIDIA GeForce RTX 5060 Ti,42,HotpotQA,10,16,226,semantic,59.558,0.0,0.0,0,1,1,17,273,273,39074660352,39074660352,7.697,0.018
google/gemma-3-1b-it,NVIDIA GeForce RTX 5060 Ti,42,HotpotQA,10,16,227,semantic,64.9994,0.0,0.0,0,1,1,123,379,379,75309252608,75309252608,7.697,0.018
google/gemma-3-1b-it,NVIDIA GeForce RTX 5060 Ti,42,HotpotQA,10,16,228,structural,69.1728,0.0,0.0,0,1,1,167,423,423,93810327552,93810327552,7.697,0.018
google/gemma-3-1b-it,NVIDIA GeForce RTX 5060 Ti,42,HotpotQA,10,16,229,multi-hop,70.0362,0.0,98.2585,0,1,0,125,381,381,76106170368,76106170368,7.697,0.018
google/gemma-3-1b-it,NVIDIA GeForce RTX 5060 Ti,42,HotpotQA,10,16,230,structural,78.1977,0.0,0.0,0,1,1,73,329,329,56749457408,56749457408,7.697,0.018
google/gemma-3-1b-it,NVIDIA GeForce RTX 5060 Ti,42,HotpotQA,10,16,231,semantic,74.9129,0.0,0.0,0,1,1,81,337,337,59542863872,59542863872,7.697,0.018
google/gemma-3-1b-it,NVIDIA GeForce RTX 5060 Ti,42,HotpotQA,10,16,232,structural,64.6612,0.0,0.0,0,1,1,226,482,482,121804685312,121804685312,7.697,0.018
google/gemma-3-1b-it,NVIDIA GeForce RTX 5060 Ti,42,HotpotQA,10,16,233,structural,67.1903,95.0145,39.875,0,0,0,6,262,262,35989225472,35989225472,7.697,0.018
google/gemma-3-1b-it,NVIDIA GeForce RTX 5060 Ti,42,HotpotQA,10,16,234,semantic,74.3161,0.0,0.0,0,1,1,114,370,370,71775027200,71775027200,7.697,0.018
google/gemma-3-1b-it,NVIDIA GeForce RTX 5060 Ti,42,HotpotQA,10,16,235,multi-hop,0.0,0.0,0.0,1,1,1,123,379,379,75309252608,75309252608,7.697,0.018
google/gemma-3-1b-it,NVIDIA GeForce RTX 5060 Ti,42,HotpotQA,10,16,236,multi-hop,99.4825,0.0,48.9689,0,1,0,102,358,358,67194847232,67194847232,7.697,0.018
google/gemma-3-1b-it,NVIDIA GeForce RTX 5060 Ti,42,HotpotQA,10,16,237,structural,56.7731,97.4735,75.0735,0,0,0,116,372,372,72553070592,72553070592,7.697,0.018
google/gemma-3-1b-it,NVIDIA GeForce RTX 5060 Ti,42,HotpotQA,10,16,238,multi-hop,90.9737,40.6087,79.2854,0,0,0,124,380,380,75707187200,75707187200,7.697,0.018
google/gemma-3-1b-it,NVIDIA GeForce RTX 5060 Ti,42,HotpotQA,10,16,239,structural,46.4976,61.7518,47.6168,0,0,0,31,287,287,43185078272,43185078272,7.697,0.018
google/gemma-3-1b-it,NVIDIA GeForce RTX 5060 Ti,42,HotpotQA,10,16,240,multi-hop,84.6895,0.0,0.0,0,1,1,186,442,442,102427000832,102427000832,7.697,0.018
google/gemma-3-1b-it,NVIDIA GeForce RTX 5060 Ti,42,HotpotQA,10,16,241,multi-hop,90.8059,0.0,0.0,0,1,1,78,334,334,58487472128,58487472128,7.697,0.018
google/gemma-3-1b-it,NVIDIA GeForce RTX 5060 Ti,42,HotpotQA,10,16,242,multi-hop,41.8335,24.4469,43.7044,0,0,0,124,380,380,75707187200,75707187200,7.697,0.018
google/gemma-3-1b-it,NVIDIA GeForce RTX 5060 Ti,42,HotpotQA,10,16,243,multi-hop,68.4067,105.4392,44.1986,0,0,0,131,387,387,78522089472,78522089472,7.697,0.018
google/gemma-3-1b-it,NVIDIA GeForce RTX 5060 Ti,42,HotpotQA,10,16,244,semantic,99.3191,0.0,59.4287,0,1,0,108,364,364,69466062848,69466062848,7.697,0.018
google/gemma-3-1b-it,NVIDIA GeForce RTX 5060 Ti,42,HotpotQA,10,16,245,multi-hop,109.5008,61.5382,0.0,0,0,1,94,350,350,64225280000,64225280000,7.697,0.018
google/gemma-3-1b-it,NVIDIA GeForce RTX 5060 Ti,42,HotpotQA,10,16,246,structural,77.0688,0.0,0.0,0,1,1,8,264,264,36540776448,36540776448,7.697,0.018
google/gemma-3-1b-it,NVIDIA GeForce RTX 5060 Ti,42,HotpotQA,10,16,247,structural,89.5263,0.0,0.0,0,1,1,111,367,367,70615826432,70615826432,7.697,0.018
google/gemma-3-1b-it,NVIDIA GeForce RTX 5060 Ti,42,HotpotQA,10,16,248,semantic,59.5292,0.0,0.0,0,1,1,98,354,354,65701675008,65701675008,7.697,0.018
google/gemma-3-1b-it,NVIDIA GeForce RTX 5060 Ti,42,HotpotQA,10,16,249,multi-hop,77.2327,0.0,68.4102,0,1,0,24,280,280,41104179200,41104179200,7.697,0.018
google/gemma-3-1b-it,NVIDIA GeForce RTX 5060 Ti,42,HotpotQA,10,16,250,semantic,73.7931,0.0,0.0,0,1,1,109,365,365,69848268800,69848268800,7.697,0.018
google/gemma-3-1b-it,NVIDIA GeForce RTX 5060 Ti,42,HotpotQA,10,16,251,multi-hop,40.4267,0.0,0.0,0,1,1,96,352,352,64961380352,64961380352,7.697,0.018
google/gemma-3-1b-it,NVIDIA GeForce RTX 5060 Ti,42,HotpotQA,10,16,252,multi-hop,33.6999,0.0,46.9239,0,1,0,139,395,395,81802035200,81802035200,7.697,0.018
google/gemma-3-1b-it,NVIDIA GeForce RTX 5060 Ti,42,HotpotQA,10,16,253,multi-hop,0.0,0.0,0.0,1,1,1,3,259,259,35169763328,35169763328,7.697,0.018
google/gemma-3-1b-it,NVIDIA GeForce RTX 5060 Ti,42,HotpotQA,10,16,254,multi-hop,64.2441,91.5977,60.6183,0,0,0,44,300,300,47185920000,47185920000,7.697,0.018
google/gemma-3-1b-it,NVIDIA GeForce RTX 5060 Ti,42,HotpotQA,10,16,255,multi-hop,72.8431,0.0,0.0,0,1,1,126,382,382,76506202112,76506202112,7.697,0.018
google/gemma-3-1b-it,NVIDIA GeForce RTX 5060 Ti,42,HotpotQA,10,16,256,multi-hop,76.7429,69.7413,75.9481,0,0,0,63,319,319,53352071168,53352071168,7.697,0.018
google/gemma-3-1b-it,NVIDIA GeForce RTX 5060 Ti,42,HotpotQA,10,16,257,semantic,36.5757,0.0,0.0,0,1,1,100,356,356,66446163968,66446163968,7.697,0.018
google/gemma-3-1b-it,NVIDIA GeForce RTX 5060 Ti,42,HotpotQA,10,16,258,multi-hop,34.5286,0.0,44.3074,0,1,0,112,368,368,71001178112,71001178112,7.697,0.018
google/gemma-3-1b-it,NVIDIA GeForce RTX 5060 Ti,42,HotpotQA,10,16,259,multi-hop,35.9383,0.0,0.0,0,1,1,78,334,334,58487472128,58487472128,7.697,0.018
google/gemma-3-1b-it,NVIDIA GeForce RTX 5060 Ti,42,HotpotQA,10,16,260,structural,83.512,0.0,0.0,0,1,1,25,281,281,41398304768,41398304768,7.697,0.018
google/gemma-3-1b-it,NVIDIA GeForce RTX 5060 Ti,42,HotpotQA,10,16,261,semantic,0.0,36.3328,37.9857,1,0,0,82,338,338,59896758272,59896758272,7.697,0.018
google/gemma-3-1b-it,NVIDIA GeForce RTX 5060 Ti,42,HotpotQA,10,16,262,multi-hop,68.7527,0.0,41.9935,0,1,0,99,355,355,66073395200,66073395200,7.697,0.018
google/gemma-3-1b-it,NVIDIA GeForce RTX 5060 Ti,42,HotpotQA,10,16,263,semantic,50.3132,0.0,0.0,0,1,1,114,370,370,71775027200,71775027200,7.697,0.018
google/gemma-3-1b-it,NVIDIA GeForce RTX 5060 Ti,42,HotpotQA,10,16,264,semantic,58.2084,0.0,0.0,0,1,1,87,343,343,61681958912,61681958912,7.697,0.018
google/gemma-3-1b-it,NVIDIA GeForce RTX 5060 Ti,42,HotpotQA,10,16,265,semantic,53.1661,0.0,0.0,0,1,1,119,375,375,73728000000,73728000000,7.697,0.018
google/gemma-3-1b-it,NVIDIA GeForce RTX 5060 Ti,42,HotpotQA,10,16,266,semantic,38.1372,0.0,0.0,0,1,1,105,361,361,68325736448,68325736448,7.697,0.018
google/gemma-3-1b-it,NVIDIA GeForce RTX 5060 Ti,42,HotpotQA,10,16,267,structural,56.957,0.0,0.0,0,1,1,101,357,357,66819981312,66819981312,7.697,0.018
google/gemma-3-1b-it,NVIDIA GeForce RTX 5060 Ti,42,HotpotQA,10,16,268,structural,39.6558,68.656,0.0,0,0,1,114,370,370,71775027200,71775027200,7.697,0.018
google/gemma-3-1b-it,NVIDIA GeForce RTX 5060 Ti,42,HotpotQA,10,16,269,semantic,53.8346,0.0,0.0,0,1,1,115,371,371,72163524608,72163524608,7.697,0.018
google/gemma-3-1b-it,NVIDIA GeForce RTX 5060 Ti,42,HotpotQA,10,16,270,multi-hop,37.632,0.0,58.8671,0,1,0,110,366,366,70231523328,70231523328,7.697,0.018
google/gemma-3-1b-it,NVIDIA GeForce RTX 5060 Ti,42,HotpotQA,10,16,271,multi-hop,40.1509,0.0,0.0,0,1,1,122,378,378,74912366592,74912366592,7.697,0.018
google/gemma-3-1b-it,NVIDIA GeForce RTX 5060 Ti,42,HotpotQA,10,16,272,semantic,47.3243,0.0,43.5769,0,1,0,25,281,281,41398304768,41398304768,7.697,0.018
google/gemma-3-1b-it,NVIDIA GeForce RTX 5060 Ti,42,HotpotQA,10,16,273,multi-hop,44.191,41.7921,0.0,0,0,1,136,392,392,80564191232,80564191232,7.697,0.018
google/gemma-3-1b-it,NVIDIA GeForce RTX 5060 Ti,42,HotpotQA,10,16,274,multi-hop,39.8931,0.0,0.0,0,1,1,3,259,259,35169763328,35169763328,7.697,0.018
google/gemma-3-1b-it,NVIDIA GeForce RTX 5060 Ti,42,HotpotQA,10,16,275,multi-hop,66.3649,0.0,0.0,0,1,1,5,201,261,21181759488,35715022848,7.697,0.018
google/gemma-3-1b-it,NVIDIA GeForce RTX 5060 Ti,42,HotpotQA,10,16,276,multi-hop,81.6513,0.0,0.0,0,1,1,123,379,379,75309252608,75309252608,7.697,0.018
google/gemma-3-1b-it,NVIDIA GeForce RTX 5060 Ti,42,HotpotQA,10,16,277,structural,61.1448,30.5513,32.8362,0,0,0,97,353,353,65331003392,65331003392,7.697,0.018
google/gemma-3-1b-it,NVIDIA GeForce RTX 5060 Ti,42,HotpotQA,10,16,278,multi-hop,35.0636,28.1705,0.0,0,0,1,124,380,380,75707187200,75707187200,7.697,0.018
google/gemma-3-1b-it,NVIDIA GeForce RTX 5060 Ti,42,HotpotQA,10,16,279,structural,33.8311,36.3732,42.1733,0,0,0,95,351,351,64592805888,64592805888,7.697,0.018
google/gemma-3-1b-it,NVIDIA GeForce RTX 5060 Ti,42,HotpotQA,10,16,280,multi-hop,39.1526,33.1244,33.966,0,0,0,81,337,337,59542863872,59542863872,7.697,0.018
google/gemma-3-1b-it,NVIDIA GeForce RTX 5060 Ti,42,HotpotQA,10,16,281,semantic,36.5158,0.0,0.0,0,1,1,20,276,276,39938162688,39938162688,7.697,0.018
google/gemma-3-1b-it,NVIDIA GeForce RTX 5060 Ti,42,HotpotQA,10,16,282,semantic,36.9086,0.0,0.0,0,1,1,51,307,307,49413619712,49413619712,7.697,0.018
google/gemma-3-1b-it,NVIDIA GeForce RTX 5060 Ti,42,HotpotQA,10,16,283,structural,46.4855,40.7029,31.6783,0,0,0,128,384,384,77309411328,77309411328,7.697,0.018
google/gemma-3-1b-it,NVIDIA GeForce RTX 5060 Ti,42,HotpotQA,10,16,284,multi-hop,34.0314,46.1623,0.0,0,0,1,68,324,324,55037657088,55037657088,7.697,0.018
google/gemma-3-1b-it,NVIDIA GeForce RTX 5060 Ti,42,HotpotQA,10,16,285,structural,44.8434,0.0,0.0,0,1,1,52,308,308,49736056832,49736056832,7.697,0.018
google/gemma-3-1b-it,NVIDIA GeForce RTX 5060 Ti,42,HotpotQA,10,16,286,multi-hop,33.9358,0.0,0.0,0,1,1,108,364,364,69466062848,69466062848,7.697,0.018
google/gemma-3-1b-it,NVIDIA GeForce RTX 5060 Ti,42,HotpotQA,10,16,287,structural,64.1889,39.2149,45.1898,0,0,0,101,357,357,66819981312,66819981312,7.697,0.018
google/gemma-3-1b-it,NVIDIA GeForce RTX 5060 Ti,42,HotpotQA,10,16,288,multi-hop,29.6517,0.0,0.0,0,1,1,97,353,353,65331003392,65331003392,7.697,0.018
google/gemma-3-1b-it,NVIDIA GeForce RTX 5060 Ti,42,HotpotQA,10,16,289,multi-hop,39.285,0.0,0.0,0,1,1,86,342,342,61322821632,61322821632,7.697,0.018
google/gemma-3-1b-it,NVIDIA GeForce RTX 5060 Ti,42,HotpotQA,10,16,290,semantic,34.1519,0.0,0.0,0,1,1,75,331,331,57441517568,57441517568,7.697,0.018
google/gemma-3-1b-it,NVIDIA GeForce RTX 5060 Ti,42,HotpotQA,10,16,291,multi-hop,52.2137,0.0,0.0,0,1,1,84,340,340,60607692800,60607692800,7.697,0.018
google/gemma-3-1b-it,NVIDIA GeForce RTX 5060 Ti,42,HotpotQA,10,16,292,multi-hop,30.0018,0.0,45.3856,0,1,0,25,281,281,41398304768,41398304768,7.697,0.018
google/gemma-3-1b-it,NVIDIA GeForce RTX 5060 Ti,42,HotpotQA,10,16,293,multi-hop,43.8575,60.7173,0.0,0,0,1,40,296,296,45936017408,45936017408,7.697,0.018
google/gemma-3-1b-it,NVIDIA GeForce RTX 5060 Ti,42,HotpotQA,10,16,294,multi-hop,53.9556,30.9445,33.4972,0,0,0,100,356,356,66446163968,66446163968,7.697,0.018
google/gemma-3-1b-it,NVIDIA GeForce RTX 5060 Ti,42,HotpotQA,10,16,295,semantic,45.3503,0.0,0.0,0,1,1,124,380,380,75707187200,75707187200,7.697,0.018
google/gemma-3-1b-it,NVIDIA GeForce RTX 5060 Ti,42,HotpotQA,10,16,296,multi-hop,34.1855,31.7174,0.0,0,0,1,104,360,360,67947724800,67947724800,7.697,0.018
google/gemma-3-1b-it,NVIDIA GeForce RTX 5060 Ti,42,HotpotQA,10,16,297,multi-hop,36.7437,0.0,0.0,0,1,1,108,364,364,69466062848,69466062848,7.697,0.018
google/gemma-3-1b-it,NVIDIA GeForce RTX 5060 Ti,42,HotpotQA,10,16,298,structural,51.7511,32.5977,45.8177,0,0,0,70,326,326,55719231488,55719231488,7.697,0.018
google/gemma-3-1b-it,NVIDIA GeForce RTX 5060 Ti,42,HotpotQA,10,16,299,semantic,56.4924,0.0,0.0,0,1,1,42,298,298,46558871552,46558871552,7.697,0.018
google/gemma-3-1b-it,NVIDIA GeForce RTX 5060 Ti,42,HotpotQA,10,16,300,multi-hop,37.1442,0.0,0.0,0,1,1,119,375,375,73728000000,73728000000,7.697,0.018
google/gemma-3-1b-it,NVIDIA GeForce RTX 5060 Ti,42,HotpotQA,10,16,301,multi-hop,67.3093,32.8203,0.0,0,0,1,69,325,325,55377920000,55377920000,7.697,0.018
google/gemma-3-1b-it,NVIDIA GeForce RTX 5060 Ti,42,HotpotQA,10,16,302,structural,45.7942,0.0,0.0,0,1,1,117,373,373,72943665152,72943665152,7.697,0.018
google/gemma-3-1b-it,NVIDIA GeForce RTX 5060 Ti,42,HotpotQA,10,16,303,semantic,41.22,0.0,33.032,0,1,0,65,321,321,54023159808,54023159808,7.697,0.018
google/gemma-3-1b-it,NVIDIA GeForce RTX 5060 Ti,42,HotpotQA,10,16,304,multi-hop,59.9914,0.0,0.0,0,1,1,115,371,371,72163524608,72163524608,7.697,0.018
google/gemma-3-1b-it,NVIDIA GeForce RTX 5060 Ti,42,HotpotQA,10,16,305,multi-hop,43.9397,0.0,0.0,0,1,1,63,319,319,53352071168,53352071168,7.697,0.018
google/gemma-3-1b-it,NVIDIA GeForce RTX 5060 Ti,42,HotpotQA,10,16,306,semantic,33.5095,0.0,0.0,0,1,1,99,355,355,66073395200,66073395200,7.697,0.018
google/gemma-3-1b-it,NVIDIA GeForce RTX 5060 Ti,42,HotpotQA,10,16,307,semantic,47.6093,0.0,0.0,0,1,1,148,404,404,85572190208,85572190208,7.697,0.018
google/gemma-3-1b-it,NVIDIA GeForce RTX 5060 Ti,42,HotpotQA,10,16,308,multi-hop,47.8343,41.5393,34.646,0,0,0,86,342,342,61322821632,61322821632,7.697,0.018
google/gemma-3-1b-it,NVIDIA GeForce RTX 5060 Ti,42,HotpotQA,10,16,309,multi-hop,35.6145,0.0,55.4508,0,1,0,122,378,378,74912366592,74912366592,7.697,0.018
google/gemma-3-1b-it,NVIDIA GeForce RTX 5060 Ti,42,HotpotQA,10,16,310,structural,62.093,51.0029,34.6392,0,0,0,31,287,287,43185078272,43185078272,7.697,0.018
google/gemma-3-1b-it,NVIDIA GeForce RTX 5060 Ti,42,HotpotQA,10,16,311,multi-hop,48.8183,36.0454,32.4901,0,0,0,116,372,372,72553070592,72553070592,7.697,0.018
google/gemma-3-1b-it,NVIDIA GeForce RTX 5060 Ti,42,HotpotQA,10,16,312,multi-hop,28.8828,47.2131,33.022,0,0,0,106,362,362,68704796672,68704796672,7.697,0.018
google/gemma-3-1b-it,NVIDIA GeForce RTX 5060 Ti,42,HotpotQA,10,16,313,structural,41.6354,47.7435,43.2391,0,0,0,111,367,367,70615826432,70615826432,7.697,0.018
google/gemma-3-1b-it,NVIDIA GeForce RTX 5060 Ti,42,HotpotQA,10,16,314,structural,57.7207,48.2031,0.0,0,0,1,117,373,373,72943665152,72943665152,7.697,0.018
google/gemma-3-1b-it,NVIDIA GeForce RTX 5060 Ti,42,HotpotQA,10,16,315,multi-hop,38.1797,0.0,0.0,0,1,1,110,366,366,70231523328,70231523328,7.697,0.018
google/gemma-3-1b-it,NVIDIA GeForce RTX 5060 Ti,42,HotpotQA,10,16,316,semantic,59.9233,0.0,0.0,0,1,1,121,377,377,74516529152,74516529152,7.697,0.018
google/gemma-3-1b-it,NVIDIA GeForce RTX 5060 Ti,42,HotpotQA,10,16,317,multi-hop,29.3601,0.0,0.0,0,1,1,63,319,319,53352071168,53352071168,7.697,0.018
google/gemma-3-1b-it,NVIDIA GeForce RTX 5060 Ti,42,HotpotQA,10,16,318,multi-hop,38.0808,56.9025,31.9829,0,0,0,112,368,368,71001178112,71001178112,7.697,0.018
google/gemma-3-1b-it,NVIDIA GeForce RTX 5060 Ti,42,HotpotQA,10,16,319,semantic,60.5962,0.0,0.0,0,1,1,4,190,170,18926796800,15151923200,7.697,0.018
google/gemma-3-1b-it,NVIDIA GeForce RTX 5060 Ti,42,HotpotQA,10,16,320,multi-hop,0.0,0.0,0.0,1,1,1,81,337,337,59542863872,59542863872,7.697,0.018
google/gemma-3-1b-it,NVIDIA GeForce RTX 5060 Ti,42,HotpotQA,10,16,321,multi-hop,45.7815,39.1078,51.6625,0,0,0,2,225,31,26542080000,503840768,7.697,0.018
google/gemma-3-1b-it,NVIDIA GeForce RTX 5060 Ti,42,HotpotQA,10,16,322,multi-hop,59.5819,38.065,27.6035,0,0,0,116,372,372,72553070592,72553070592,7.697,0.018
google/gemma-3-1b-it,NVIDIA GeForce RTX 5060 Ti,42,HotpotQA,10,16,323,structural,0.0,33.2681,35.2777,1,0,0,96,352,352,64961380352,64961380352,7.697,0.018
google/gemma-3-1b-it,NVIDIA GeForce RTX 5060 Ti,42,HotpotQA,10,16,324,semantic,44.3312,0.0,0.0,0,1,1,113,369,369,71387578368,71387578368,7.697,0.018
google/gemma-3-1b-it,NVIDIA GeForce RTX 5060 Ti,42,HotpotQA,10,16,325,semantic,31.4814,0.0,27.3255,0,1,0,12,268,268,37656461312,37656461312,7.697,0.018
google/gemma-3-1b-it,NVIDIA GeForce RTX 5060 Ti,42,HotpotQA,10,16,326,multi-hop,38.3732,0.0,0.0,0,1,1,26,282,282,41693478912,41693478912,7.697,0.018
google/gemma-3-1b-it,NVIDIA GeForce RTX 5060 Ti,42,HotpotQA,10,16,327,structural,28.8477,59.8971,49.7831,0,0,0,2,258,258,34898706432,34898706432,7.697,0.018
google/gemma-3-1b-it,NVIDIA GeForce RTX 5060 Ti,42,HotpotQA,10,16,328,multi-hop,31.9774,0.0,0.0,0,1,1,9,265,265,36818124800,36818124800,7.697,0.018
google/gemma-3-1b-it,NVIDIA GeForce RTX 5060 Ti,42,HotpotQA,10,16,329,multi-hop,37.2153,0.0,0.0,0,1,1,105,361,361,68325736448,68325736448,7.697,0.018
google/gemma-3-1b-it,NVIDIA GeForce RTX 5060 Ti,42,HotpotQA,10,16,330,structural,57.5511,0.0,0.0,0,1,1,90,346,346,62765662208,62765662208,7.697,0.018
google/gemma-3-1b-it,NVIDIA GeForce RTX 5060 Ti,42,HotpotQA,10,16,331,multi-hop,38.5059,0.0,0.0,0,1,1,25,281,281,41398304768,41398304768,7.697,0.018
google/gemma-3-1b-it,NVIDIA GeForce RTX 5060 Ti,42,HotpotQA,10,16,332,multi-hop,28.6302,0.0,29.7298,0,1,0,96,352,352,64961380352,64961380352,7.697,0.018
google/gemma-3-1b-it,NVIDIA GeForce RTX 5060 Ti,42,HotpotQA,10,16,333,semantic,45.2115,0.0,56.7932,0,1,0,118,374,374,73335308288,73335308288,7.697,0.018
google/gemma-3-1b-it,NVIDIA GeForce RTX 5060 Ti,42,HotpotQA,10,16,334,semantic,37.2972,0.0,0.0,0,1,1,104,360,360,67947724800,67947724800,7.697,0.018
google/gemma-3-1b-it,NVIDIA GeForce RTX 5060 Ti,42,HotpotQA,10,16,335,multi-hop,28.2407,0.0,0.0,0,1,1,126,382,382,76506202112,76506202112,7.697,0.018
google/gemma-3-1b-it,NVIDIA GeForce RTX 5060 Ti,42,HotpotQA,10,16,336,multi-hop,61.4323,0.0,0.0,0,1,1,95,351,351,64592805888,64592805888,7.697,0.018
google/gemma-3-1b-it,NVIDIA GeForce RTX 5060 Ti,42,HotpotQA,10,16,337,structural,29.6594,0.0,0.0,0,1,1,24,280,280,41104179200,41104179200,7.697,0.018
google/gemma-3-1b-it,NVIDIA GeForce RTX 5060 Ti,42,HotpotQA,10,16,338,multi-hop,32.5201,0.0,0.0,0,1,1,60,316,316,52353302528,52353302528,7.697,0.018
google/gemma-3-1b-it,NVIDIA GeForce RTX 5060 Ti,42,HotpotQA,10,16,339,multi-hop,54.2616,0.0,0.0,0,1,1,50,306,306,49092231168,49092231168,7.697,0.018
google/gemma-3-1b-it,NVIDIA GeForce RTX 5060 Ti,42,HotpotQA,10,16,340,semantic,39.1996,0.0,0.0,0,1,1,94,350,350,64225280000,64225280000,7.697,0.018
google/gemma-3-1b-it,NVIDIA GeForce RTX 5060 Ti,42,HotpotQA,10,16,341,semantic,40.0523,0.0,35.7756,0,1,0,4,260,260,35441868800,35441868800,7.697,0.018
google/gemma-3-1b-it,NVIDIA GeForce RTX 5060 Ti,42,HotpotQA,10,16,342,multi-hop,0.0,0.0,0.0,1,1,1,24,280,280,41104179200,41104179200,7.697,0.018
google/gemma-3-1b-it,NVIDIA GeForce RTX 5060 Ti,42,HotpotQA,10,16,343,structural,59.8366,0.0,0.0,0,1,1,111,367,367,70615826432,70615826432,7.697,0.018
google/gemma-3-1b-it,NVIDIA GeForce RTX 5060 Ti,42,HotpotQA,10,16,344,multi-hop,65.8374,38.3905,32.0151,0,0,0,101,357,357,66819981312,66819981312,7.697,0.018
google/gemma-3-1b-it,NVIDIA GeForce RTX 5060 Ti,42,HotpotQA,10,16,345,semantic,28.1046,0.0,0.0,0,1,1,102,358,358,67194847232,67194847232,7.697,0.018
google/gemma-3-1b-it,NVIDIA GeForce RTX 5060 Ti,42,HotpotQA,10,16,346,semantic,27.946,0.0,0.0,0,1,1,18,274,274,39361445888,39361445888,7.697,0.018
google/gemma-3-1b-it,NVIDIA GeForce RTX 5060 Ti,42,HotpotQA,10,16,347,structural,70.1721,0.0,0.0,0,1,1,119,375,375,73728000000,73728000000,7.697,0.018
google/gemma-3-1b-it,NVIDIA GeForce RTX 5060 Ti,42,HotpotQA,10,16,348,structural,74.6024,43.9936,69.5348,0,0,0,106,362,362,68704796672,68704796672,7.697,0.018
google/gemma-3-1b-it,NVIDIA GeForce RTX 5060 Ti,42,HotpotQA,10,16,349,semantic,0.0,0.0,0.0,1,1,1,18,274,274,39361445888,39361445888,7.697,0.018
google/gemma-3-1b-it,NVIDIA GeForce RTX 5060 Ti,42,HotpotQA,10,16,350,semantic,0.0,0.0,0.0,1,1,1,48,304,304,48452599808,48452599808,7.697,0.018
google/gemma-3-1b-it,NVIDIA GeForce RTX 5060 Ti,42,HotpotQA,10,16,351,multi-hop,49.0276,48.3942,44.4887,0,0,0,77,333,333,58137772032,58137772032,7.697,0.018
google/gemma-3-1b-it,NVIDIA GeForce RTX 5060 Ti,42,HotpotQA,10,16,352,structural,30.5359,81.7861,66.4987,0,0,0,14,270,270,38220595200,38220595200,7.697,0.018
google/gemma-3-1b-it,NVIDIA GeForce RTX 5060 Ti,42,HotpotQA,10,16,353,semantic,0.0,0.0,0.0,1,1,1,11,267,267,37375967232,37375967232,7.697,0.018
google/gemma-3-1b-it,NVIDIA GeForce RTX 5060 Ti,42,HotpotQA,10,16,354,semantic,39.1268,0.0,36.8318,0,1,0,112,368,368,71001178112,71001178112,7.697,0.018
google/gemma-3-1b-it,NVIDIA GeForce RTX 5060 Ti,42,HotpotQA,10,16,355,semantic,30.7352,0.0,0.0,0,1,1,109,365,365,69848268800,69848268800,7.697,0.018
google/gemma-3-1b-it,NVIDIA GeForce RTX 5060 Ti,42,HotpotQA,10,16,356,multi-hop,39.6186,43.3571,0.0,0,0,1,114,370,370,71775027200,71775027200,7.697,0.018
google/gemma-3-1b-it,NVIDIA GeForce RTX 5060 Ti,42,HotpotQA,10,16,357,structural,44.5597,51.3967,0.0,0,0,1,4,260,260,35441868800,35441868800,7.697,0.018
google/gemma-3-1b-it,NVIDIA GeForce RTX 5060 Ti,42,HotpotQA,10,16,358,multi-hop,38.6097,32.867,0.0,0,0,1,102,358,358,67194847232,67194847232,7.697,0.018
google/gemma-3-1b-it,NVIDIA GeForce RTX 5060 Ti,42,HotpotQA,10,16,359,structural,57.2648,40.0613,50.6853,0,0,0,41,297,297,46246920192,46246920192,7.697,0.018
google/gemma-3-1b-it,NVIDIA GeForce RTX 5060 Ti,42,HotpotQA,10,16,360,structural,37.3057,84.1021,41.4287,0,0,0,4,114,200,6813646848,20971520000,7.697,0.018
google/gemma-3-1b-it,NVIDIA GeForce RTX 5060 Ti,42,HotpotQA,10,16,361,semantic,27.9938,0.0,30.7185,0,1,0,127,383,383,76907282432,76907282432,7.697,0.018
google/gemma-3-1b-it,NVIDIA GeForce RTX 5060 Ti,42,HotpotQA,10,16,362,multi-hop,45.0868,0.0,0.0,0,1,1,24,280,280,41104179200,41104179200,7.697,0.018
google/gemma-3-1b-it,NVIDIA GeForce RTX 5060 Ti,42,HotpotQA,10,16,363,structural,29.3654,82.1495,38.2856,0,0,0,99,355,355,66073395200,66073395200,7.697,0.018
google/gemma-3-1b-it,NVIDIA GeForce RTX 5060 Ti,42,HotpotQA,10,16,364,semantic,50.9243,0.0,0.0,0,1,1,47,303,303,48134356992,48134356992,7.697,0.018
google/gemma-3-1b-it,NVIDIA GeForce RTX 5060 Ti,42,HotpotQA,10,16,365,semantic,35.8188,0.0,0.0,0,1,1,129,385,385,77712588800,77712588800,7.697,0.018
google/gemma-3-1b-it,NVIDIA GeForce RTX 5060 Ti,42,HotpotQA,10,16,366,multi-hop,31.4273,0.0,0.0,0,1,1,95,351,351,64592805888,64592805888,7.697,0.018
google/gemma-3-1b-it,NVIDIA GeForce RTX 5060 Ti,42,HotpotQA,10,16,367,semantic,45.7951,0.0,0.0,0,1,1,115,371,371,72163524608,72163524608,7.697,0.018
google/gemma-3-1b-it,NVIDIA GeForce RTX 5060 Ti,42,HotpotQA,10,16,368,semantic,33.0614,0.0,0.0,0,1,1,2,39,258,797442048,34898706432,7.697,0.018
google/gemma-3-1b-it,NVIDIA GeForce RTX 5060 Ti,42,HotpotQA,10,16,369,semantic,33.1054,0.0,0.0,0,1,1,139,395,395,81802035200,81802035200,7.697,0.018
google/gemma-3-1b-it,NVIDIA GeForce RTX 5060 Ti,42,HotpotQA,10,16,370,multi-hop,31.2947,0.0,38.0267,0,1,0,122,378,378,74912366592,74912366592,7.697,0.018
google/gemma-3-1b-it,NVIDIA GeForce RTX 5060 Ti,42,HotpotQA,10,16,371,semantic,66.4355,0.0,0.0,0,1,1,126,382,382,76506202112,76506202112,7.697,0.018
google/gemma-3-1b-it,NVIDIA GeForce RTX 5060 Ti,42,HotpotQA,10,16,372,multi-hop,39.2591,0.0,0.0,0,1,1,63,319,319,53352071168,53352071168,7.697,0.018
google/gemma-3-1b-it,NVIDIA GeForce RTX 5060 Ti,42,HotpotQA,10,16,373,multi-hop,39.7009,0.0,0.0,0,1,1,111,367,367,70615826432,70615826432,7.697,0.018
google/gemma-3-1b-it,NVIDIA GeForce RTX 5060 Ti,42,HotpotQA,10,16,374,structural,47.9025,0.0,0.0,0,1,1,93,349,349,63858802688,63858802688,7.697,0.018
google/gemma-3-1b-it,NVIDIA GeForce RTX 5060 Ti,42,HotpotQA,10,16,375,structural,37.9084,0.0,0.0,0,1,1,81,337,337,59542863872,59542863872,7.697,0.018
google/gemma-3-1b-it,NVIDIA GeForce RTX 5060 Ti,42,HotpotQA,10,16,376,multi-hop,54.2663,31.7757,0.0,0,0,1,129,385,385,77712588800,77712588800,7.697,0.018
google/gemma-3-1b-it,NVIDIA GeForce RTX 5060 Ti,42,HotpotQA,10,16,377,structural,62.148,56.8268,42.3613,0,0,0,124,380,380,75707187200,75707187200,7.697,0.018
google/gemma-3-1b-it,NVIDIA GeForce RTX 5060 Ti,42,HotpotQA,10,16,378,multi-hop,52.1672,55.5884,71.5556,0,0,0,95,351,351,64592805888,64592805888,7.697,0.018
google/gemma-3-1b-it,NVIDIA GeForce RTX 5060 Ti,42,HotpotQA,10,16,379,structural,65.0615,53.9103,29.9177,0,0,0,148,404,404,85572190208,85572190208,7.697,0.018
google/gemma-3-1b-it,NVIDIA GeForce RTX 5060 Ti,42,HotpotQA,10,16,380,semantic,62.508,0.0,0.0,0,1,1,58,314,314,51692699648,51692699648,7.697,0.018
google/gemma-3-1b-it,NVIDIA GeForce RTX 5060 Ti,42,HotpotQA,10,16,381,structural,35.8629,0.0,0.0,0,1,1,114,370,370,71775027200,71775027200,7.697,0.018
google/gemma-3-1b-it,NVIDIA GeForce RTX 5060 Ti,42,HotpotQA,10,16,382,semantic,31.9612,0.0,65.2219,0,1,0,114,370,370,71775027200,71775027200,7.697,0.018
google/gemma-3-1b-it,NVIDIA GeForce RTX 5060 Ti,42,HotpotQA,10,16,383,multi-hop,42.497,0.0,0.0,0,1,1,99,355,355,66073395200,66073395200,7.697,0.018
google/gemma-3-1b-it,NVIDIA GeForce RTX 5060 Ti,42,HotpotQA,10,16,384,structural,64.5664,0.0,0.0,0,1,1,26,282,282,41693478912,41693478912,7.697,0.018
google/gemma-3-1b-it,NVIDIA GeForce RTX 5060 Ti,42,HotpotQA,10,16,385,multi-hop,50.549,56.0589,79.0515,0,0,0,108,364,364,69466062848,69466062848,7.697,0.018
google/gemma-3-1b-it,NVIDIA GeForce RTX 5060 Ti,42,HotpotQA,10,16,386,semantic,50.014,0.0,0.0,0,1,1,76,332,332,57789120512,57789120512,7.697,0.018
google/gemma-3-1b-it,NVIDIA GeForce RTX 5060 Ti,42,HotpotQA,10,16,387,semantic,88.8249,0.0,44.9859,0,1,0,105,361,361,68325736448,68325736448,7.697,0.018
google/gemma-3-1b-it,NVIDIA GeForce RTX 5060 Ti,42,HotpotQA,10,16,388,multi-hop,50.9112,0.0,0.0,0,1,1,135,391,391,80153673728,80153673728,7.697,0.018
google/gemma-3-1b-it,NVIDIA GeForce RTX 5060 Ti,42,HotpotQA,10,16,389,semantic,101.0479,0.0,0.0,0,1,1,83,339,339,60251701248,60251701248,7.697,0.018
google/gemma-3-1b-it,NVIDIA GeForce RTX 5060 Ti,42,HotpotQA,10,16,390,multi-hop,34.7723,0.0,0.0,0,1,1,99,355,355,66073395200,66073395200,7.697,0.018
google/gemma-3-1b-it,NVIDIA GeForce RTX 5060 Ti,42,HotpotQA,10,16,391,multi-hop,33.5933,0.0,0.0,0,1,1,87,343,343,61681958912,61681958912,7.697,0.018
google/gemma-3-1b-it,NVIDIA GeForce RTX 5060 Ti,42,HotpotQA,10,16,392,multi-hop,32.5475,0.0,0.0,0,1,1,89,345,345,62403379200,62403379200,7.697,0.018
google/gemma-3-1b-it,NVIDIA GeForce RTX 5060 Ti,42,HotpotQA,10,16,393,semantic,29.2889,0.0,31.1793,0,1,0,97,353,353,65331003392,65331003392,7.697,0.018
google/gemma-3-1b-it,NVIDIA GeForce RTX 5060 Ti,42,HotpotQA,10,16,394,multi-hop,38.0326,72.1315,0.0,0,0,1,68,324,324,55037657088,55037657088,7.697,0.018
google/gemma-3-1b-it,NVIDIA GeForce RTX 5060 Ti,42,HotpotQA,10,16,395,multi-hop,42.0959,44.9967,61.0509,0,0,0,96,352,352,64961380352,64961380352,7.697,0.018
google/gemma-3-1b-it,NVIDIA GeForce RTX 5060 Ti,42,HotpotQA,10,16,396,multi-hop,36.8029,58.9639,38.8264,0,0,0,34,290,290,44092620800,44092620800,7.697,0.018
google/gemma-3-1b-it,NVIDIA GeForce RTX 5060 Ti,42,HotpotQA,10,16,397,structural,31.0525,60.9802,30.6558,0,0,0,63,319,319,53352071168,53352071168,7.697,0.018
google/gemma-3-1b-it,NVIDIA GeForce RTX 5060 Ti,42,HotpotQA,10,16,398,multi-hop,37.7903,49.2096,33.4093,0,0,0,122,378,378,74912366592,74912366592,7.697,0.018
google/gemma-3-1b-it,NVIDIA GeForce RTX 5060 Ti,42,HotpotQA,10,16,399,multi-hop,47.0464,0.0,0.0,0,1,1,37,293,293,45009600512,45009600512,7.697,0.018
google/gemma-3-1b-it,NVIDIA GeForce RTX 5060 Ti,42,HotpotQA,10,16,400,multi-hop,48.0027,0.0,0.0,0,1,1,86,342,342,61322821632,61322821632,7.697,0.018
google/gemma-3-1b-it,NVIDIA GeForce RTX 5060 Ti,42,HotpotQA,10,16,401,structural,49.7189,0.0,0.0,0,1,1,105,361,361,68325736448,68325736448,7.697,0.018
google/gemma-3-1b-it,NVIDIA GeForce RTX 5060 Ti,42,HotpotQA,10,16,402,semantic,0.0,35.3576,44.1785,1,0,0,78,334,334,58487472128,58487472128,7.697,0.018
google/gemma-3-1b-it,NVIDIA GeForce RTX 5060 Ti,42,HotpotQA,10,16,403,multi-hop,54.4515,36.6621,29.1888,0,0,0,102,358,358,67194847232,67194847232,7.697,0.018
google/gemma-3-1b-it,NVIDIA GeForce RTX 5060 Ti,42,HotpotQA,10,16,404,semantic,0.0,0.0,0.0,1,1,1,119,375,375,73728000000,73728000000,7.697,0.018
google/gemma-3-1b-it,NVIDIA GeForce RTX 5060 Ti,42,HotpotQA,10,16,405,structural,47.9027,45.1359,38.9596,0,0,0,47,303,303,48134356992,48134356992,7.697,0.018
google/gemma-3-1b-it,NVIDIA GeForce RTX 5060 Ti,42,HotpotQA,10,16,406,semantic,39.6308,0.0,0.0,0,1,1,120,376,376,74121740288,74121740288,7.697,0.018
google/gemma-3-1b-it,NVIDIA GeForce RTX 5060 Ti,42,HotpotQA,10,16,407,multi-hop,53.8451,0.0,0.0,0,1,1,127,383,383,76907282432,76907282432,7.697,0.018
google/gemma-3-1b-it,NVIDIA GeForce RTX 5060 Ti,42,HotpotQA,10,16,408,multi-hop,38.899,0.0,79.811,0,1,0,127,383,383,76907282432,76907282432,7.697,0.018
google/gemma-3-1b-it,NVIDIA GeForce RTX 5060 Ti,42,HotpotQA,10,16,409,semantic,51.7563,75.0162,0.0,0,0,1,117,373,373,72943665152,72943665152,7.697,0.018
google/gemma-3-1b-it,NVIDIA GeForce RTX 5060 Ti,42,HotpotQA,10,16,410,multi-hop,54.3213,0.0,0.0,0,1,1,112,368,368,71001178112,71001178112,7.697,0.018
google/gemma-3-1b-it,NVIDIA GeForce RTX 5060 Ti,42,HotpotQA,10,16,411,structural,52.1521,0.0,0.0,0,1,1,87,343,343,61681958912,61681958912,7.697,0.018
google/gemma-3-1b-it,NVIDIA GeForce RTX 5060 Ti,42,HotpotQA,10,16,412,multi-hop,62.6967,0.0,0.0,0,1,1,106,362,362,68704796672,68704796672,7.697,0.018
google/gemma-3-1b-it,NVIDIA GeForce RTX 5060 Ti,42,HotpotQA,10,16,413,multi-hop,41.6376,0.0,0.0,0,1,1,159,415,415,90295500800,90295500800,7.697,0.018
google/gemma-3-1b-it,NVIDIA GeForce RTX 5060 Ti,42,HotpotQA,10,16,414,multi-hop,0.0,0.0,0.0,1,1,1,134,390,390,79744204800,79744204800,7.697,0.018
google/gemma-3-1b-it,NVIDIA GeForce RTX 5060 Ti,42,HotpotQA,10,16,415,semantic,40.6292,0.0,0.0,0,1,1,114,370,370,71775027200,71775027200,7.697,0.018
google/gemma-3-1b-it,NVIDIA GeForce RTX 5060 Ti,42,HotpotQA,10,16,416,semantic,30.4325,0.0,42.6767,0,1,0,49,305,305,48771891200,48771891200,7.697,0.018
google/gemma-3-1b-it,NVIDIA GeForce RTX 5060 Ti,42,HotpotQA,10,16,417,semantic,54.4818,0.0,0.0,0,1,1,122,378,378,74912366592,74912366592,7.697,0.018
google/gemma-3-1b-it,NVIDIA GeForce RTX 5060 Ti,42,HotpotQA,10,16,418,multi-hop,59.1065,0.0,0.0,0,1,1,24,280,280,41104179200,41104179200,7.697,0.018
google/gemma-3-1b-it,NVIDIA GeForce RTX 5060 Ti,42,HotpotQA,10,16,419,multi-hop,49.9265,0.0,0.0,0,1,1,26,282,282,41693478912,41693478912,7.697,0.018
google/gemma-3-1b-it,NVIDIA GeForce RTX 5060 Ti,42,HotpotQA,10,16,420,structural,32.8399,40.4077,40.3338,0,0,0,118,374,374,73335308288,73335308288,7.697,0.018
google/gemma-3-1b-it,NVIDIA GeForce RTX 5060 Ti,42,HotpotQA,10,16,421,multi-hop,45.2562,79.4567,40.6729,0,0,0,37,293,293,45009600512,45009600512,7.697,0.018
google/gemma-3-1b-it,NVIDIA GeForce RTX 5060 Ti,42,HotpotQA,10,16,422,multi-hop,39.9456,37.7048,0.0,0,0,1,20,276,276,39938162688,39938162688,7.697,0.018
google/gemma-3-1b-it,NVIDIA GeForce RTX 5060 Ti,42,HotpotQA,10,16,423,semantic,58.433,0.0,60.8655,0,1,0,96,352,352,64961380352,64961380352,7.697,0.018
google/gemma-3-1b-it,NVIDIA GeForce RTX 5060 Ti,42,HotpotQA,10,16,424,structural,47.6221,0.0,0.0,0,1,1,51,307,307,49413619712,49413619712,7.697,0.018
google/gemma-3-1b-it,NVIDIA GeForce RTX 5060 Ti,42,HotpotQA,10,16,425,semantic,33.3607,0.0,0.0,0,1,1,123,379,379,75309252608,75309252608,7.697,0.018
google/gemma-3-1b-it,NVIDIA GeForce RTX 5060 Ti,42,HotpotQA,10,16,426,multi-hop,60.7546,72.8872,33.439,0,0,0,5,261,261,35715022848,35715022848,7.697,0.018
google/gemma-3-1b-it,NVIDIA GeForce RTX 5060 Ti,42,HotpotQA,10,16,427,semantic,55.8138,0.0,0.0,0,1,1,93,349,349,63858802688,63858802688,7.697,0.018
google/gemma-3-1b-it,NVIDIA GeForce RTX 5060 Ti,42,HotpotQA,10,16,428,semantic,51.0073,0.0,0.0,0,1,1,225,481,481,121299795968,121299795968,7.697,0.018
google/gemma-3-1b-it,NVIDIA GeForce RTX 5060 Ti,42,HotpotQA,10,16,429,multi-hop,64.224,84.0474,0.0,0,0,1,123,379,379,75309252608,75309252608,7.697,0.018
google/gemma-3-1b-it,NVIDIA GeForce RTX 5060 Ti,42,HotpotQA,10,16,430,semantic,57.7348,0.0,0.0,0,1,1,63,319,319,53352071168,53352071168,7.697,0.018
google/gemma-3-1b-it,NVIDIA GeForce RTX 5060 Ti,42,HotpotQA,10,16,431,multi-hop,79.7204,81.6424,80.219,0,0,0,105,361,361,68325736448,68325736448,7.697,0.018
google/gemma-3-1b-it,NVIDIA GeForce RTX 5060 Ti,42,HotpotQA,10,16,432,structural,45.0001,43.277,88.8014,0,0,0,60,316,316,52353302528,52353302528,7.697,0.018
google/gemma-3-1b-it,NVIDIA GeForce RTX 5060 Ti,42,HotpotQA,10,16,433,structural,66.9249,67.4422,43.6801,0,0,0,2,30,142,471859200,10571743232,7.697,0.018
google/gemma-3-1b-it,NVIDIA GeForce RTX 5060 Ti,42,HotpotQA,10,16,434,multi-hop,38.4829,55.3319,0.0,0,0,1,9,265,265,36818124800,36818124800,7.697,0.018
google/gemma-3-1b-it,NVIDIA GeForce RTX 5060 Ti,42,HotpotQA,10,16,435,structural,59.3453,0.0,0.0,0,1,1,26,282,282,41693478912,41693478912,7.697,0.018
google/gemma-3-1b-it,NVIDIA GeForce RTX 5060 Ti,42,HotpotQA,10,16,436,multi-hop,81.568,0.0,35.7045,0,1,0,99,355,355,66073395200,66073395200,7.697,0.018
google/gemma-3-1b-it,NVIDIA GeForce RTX 5060 Ti,42,HotpotQA,10,16,437,multi-hop,54.0593,0.0,0.0,0,1,1,109,365,365,69848268800,69848268800,7.697,0.018
google/gemma-3-1b-it,NVIDIA GeForce RTX 5060 Ti,42,HotpotQA,10,16,438,multi-hop,35.3851,45.2036,0.0,0,0,1,125,381,381,76106170368,76106170368,7.697,0.018
google/gemma-3-1b-it,NVIDIA GeForce RTX 5060 Ti,42,HotpotQA,10,16,439,semantic,38.3284,0.0,0.0,0,1,1,39,295,295,45626163200,45626163200,7.697,0.018
google/gemma-3-1b-it,NVIDIA GeForce RTX 5060 Ti,42,HotpotQA,10,16,440,multi-hop,45.3648,0.0,44.3004,0,1,0,97,353,353,65331003392,65331003392,7.697,0.018
google/gemma-3-1b-it,NVIDIA GeForce RTX 5060 Ti,42,HotpotQA,10,16,441,multi-hop,58.284,0.0,0.0,0,1,1,87,343,343,61681958912,61681958912,7.697,0.018
google/gemma-3-1b-it,NVIDIA GeForce RTX 5060 Ti,42,HotpotQA,10,16,442,semantic,51.1625,0.0,0.0,0,1,1,82,338,338,59896758272,59896758272,7.697,0.018
google/gemma-3-1b-it,NVIDIA GeForce RTX 5060 Ti,42,HotpotQA,10,16,443,structural,62.7604,54.9988,0.0,0,0,1,142,398,398,83049316352,83049316352,7.697,0.018
google/gemma-3-1b-it,NVIDIA GeForce RTX 5060 Ti,42,HotpotQA,10,16,444,multi-hop,57.7687,0.0,0.0,0,1,1,120,376,376,74121740288,74121740288,7.697,0.018
google/gemma-3-1b-it,NVIDIA GeForce RTX 5060 Ti,42,HotpotQA,10,16,445,structural,45.4905,46.4331,39.6286,0,0,0,20,276,276,39938162688,39938162688,7.697,0.018
google/gemma-3-1b-it,NVIDIA GeForce RTX 5060 Ti,42,HotpotQA,10,16,446,structural,61.1293,57.8799,88.5465,0,0,0,63,319,319,53352071168,53352071168,7.697,0.018
google/gemma-3-1b-it,NVIDIA GeForce RTX 5060 Ti,42,HotpotQA,10,16,447,multi-hop,42.0284,0.0,0.0,0,1,1,8,264,264,36540776448,36540776448,7.697,0.018
google/gemma-3-1b-it,NVIDIA GeForce RTX 5060 Ti,42,HotpotQA,10,16,448,multi-hop,37.2712,30.9966,36.3597,0,0,0,153,409,409,87703420928,87703420928,7.697,0.018
google/gemma-3-1b-it,NVIDIA GeForce RTX 5060 Ti,42,HotpotQA,10,16,449,semantic,36.2479,0.0,0.0,0,1,1,115,371,371,72163524608,72163524608,7.697,0.018
google/gemma-3-1b-it,NVIDIA GeForce RTX 5060 Ti,42,HotpotQA,10,16,450,structural,40.7888,0.0,0.0,0,1,1,106,362,362,68704796672,68704796672,7.697,0.018
google/gemma-3-1b-it,NVIDIA GeForce RTX 5060 Ti,42,HotpotQA,10,16,451,semantic,78.7103,0.0,0.0,0,1,1,72,328,328,56405000192,56405000192,7.697,0.018
google/gemma-3-1b-it,NVIDIA GeForce RTX 5060 Ti,42,HotpotQA,10,16,452,structural,63.972,0.0,0.0,0,1,1,25,281,281,41398304768,41398304768,7.697,0.018
google/gemma-3-1b-it,NVIDIA GeForce RTX 5060 Ti,42,HotpotQA,10,16,453,multi-hop,77.2129,0.0,0.0,0,1,1,60,316,316,52353302528,52353302528,7.697,0.018
google/gemma-3-1b-it,NVIDIA GeForce RTX 5060 Ti,42,HotpotQA,10,16,454,multi-hop,48.2958,40.0982,42.5467,0,0,0,119,375,375,73728000000,73728000000,7.697,0.018
google/gemma-3-1b-it,NVIDIA GeForce RTX 5060 Ti,42,HotpotQA,10,16,455,semantic,60.8793,0.0,0.0,0,1,1,159,415,415,90295500800,90295500800,7.697,0.018
google/gemma-3-1b-it,NVIDIA GeForce RTX 5060 Ti,42,HotpotQA,10,16,456,semantic,37.8936,0.0,0.0,0,1,1,5,201,261,21181759488,35715022848,7.697,0.018
google/gemma-3-1b-it,NVIDIA GeForce RTX 5060 Ti,42,HotpotQA,10,16,457,multi-hop,63.9585,0.0,0.0,0,1,1,47,303,303,48134356992,48134356992,7.697,0.018
google/gemma-3-1b-it,NVIDIA GeForce RTX 5060 Ti,42,HotpotQA,10,16,458,multi-hop,91.7676,0.0,0.0,0,1,1,93,349,349,63858802688,63858802688,7.697,0.018
google/gemma-3-1b-it,NVIDIA GeForce RTX 5060 Ti,42,HotpotQA,10,16,459,multi-hop,72.4481,0.0,0.0,0,1,1,2,30,142,471859200,10571743232,7.697,0.018
google/gemma-3-1b-it,NVIDIA GeForce RTX 5060 Ti,42,HotpotQA,10,16,460,structural,64.8289,36.0933,88.9956,0,0,0,101,357,357,66819981312,66819981312,7.697,0.018
google/gemma-3-1b-it,NVIDIA GeForce RTX 5060 Ti,42,HotpotQA,10,16,461,semantic,44.3148,0.0,0.0,0,1,1,106,362,362,68704796672,68704796672,7.697,0.018
google/gemma-3-1b-it,NVIDIA GeForce RTX 5060 Ti,42,HotpotQA,10,16,462,structural,37.6234,63.3794,0.0,0,0,1,97,353,353,65331003392,65331003392,7.697,0.018
google/gemma-3-1b-it,NVIDIA GeForce RTX 5060 Ti,42,HotpotQA,10,16,463,semantic,53.3336,0.0,0.0,0,1,1,78,334,334,58487472128,58487472128,7.697,0.018
google/gemma-3-1b-it,NVIDIA GeForce RTX 5060 Ti,42,HotpotQA,10,16,464,multi-hop,46.879,42.2333,70.6669,0,0,0,204,460,460,110939340800,110939340800,7.697,0.018
google/gemma-3-1b-it,NVIDIA GeForce RTX 5060 Ti,42,HotpotQA,10,16,465,semantic,38.1682,0.0,55.4721,0,1,0,93,349,349,63858802688,63858802688,7.697,0.018
google/gemma-3-1b-it,NVIDIA GeForce RTX 5060 Ti,42,HotpotQA,10,16,466,semantic,69.034,0.0,0.0,0,1,1,102,358,358,67194847232,67194847232,7.697,0.018
google/gemma-3-1b-it,NVIDIA GeForce RTX 5060 Ti,42,HotpotQA,10,16,467,structural,0.0,63.1599,0.0,1,0,1,93,349,349,63858802688,63858802688,7.697,0.018
google/gemma-3-1b-it,NVIDIA GeForce RTX 5060 Ti,42,HotpotQA,10,16,468,structural,45.0617,72.7807,0.0,0,0,1,102,358,358,67194847232,67194847232,7.697,0.018
google/gemma-3-1b-it,NVIDIA GeForce RTX 5060 Ti,42,HotpotQA,10,16,469,multi-hop,38.4089,66.8886,45.4526,0,0,0,81,337,337,59542863872,59542863872,7.697,0.018
google/gemma-3-1b-it,NVIDIA GeForce RTX 5060 Ti,42,HotpotQA,10,16,470,multi-hop,77.1704,0.0,0.0,0,1,1,106,362,362,68704796672,68704796672,7.697,0.018
google/gemma-3-1b-it,NVIDIA GeForce RTX 5060 Ti,42,HotpotQA,10,16,471,structural,0.0,31.5406,0.0,1,0,1,87,343,343,61681958912,61681958912,7.697,0.018
google/gemma-3-1b-it,NVIDIA GeForce RTX 5060 Ti,42,HotpotQA,10,16,472,multi-hop,49.7239,0.0,0.0,0,1,1,88,344,344,62042144768,62042144768,7.697,0.018
google/gemma-3-1b-it,NVIDIA GeForce RTX 5060 Ti,42,HotpotQA,10,16,473,semantic,0.0,0.0,0.0,1,1,1,94,350,350,64225280000,64225280000,7.697,0.018
google/gemma-3-1b-it,NVIDIA GeForce RTX 5060 Ti,42,HotpotQA,10,16,474,multi-hop,37.9959,0.0,0.0,0,1,1,115,371,371,72163524608,72163524608,7.697,0.018
google/gemma-3-1b-it,NVIDIA GeForce RTX 5060 Ti,42,HotpotQA,10,16,475,multi-hop,33.501,0.0,0.0,0,1,1,112,368,368,71001178112,71001178112,7.697,0.018
google/gemma-3-1b-it,NVIDIA GeForce RTX 5060 Ti,42,HotpotQA,10,16,476,multi-hop,46.483,32.0771,0.0,0,0,1,77,333,333,58137772032,58137772032,7.697,0.018
google/gemma-3-1b-it,NVIDIA GeForce RTX 5060 Ti,42,HotpotQA,10,16,477,multi-hop,54.3148,66.2182,41.2467,0,0,0,99,355,355,66073395200,66073395200,7.697,0.018
google/gemma-3-1b-it,NVIDIA GeForce RTX 5060 Ti,42,HotpotQA,10,16,478,structural,43.5382,45.8095,0.0,0,0,1,40,296,296,45936017408,45936017408,7.697,0.018
google/gemma-3-1b-it,NVIDIA GeForce RTX 5060 Ti,42,HotpotQA,10,16,479,structural,35.378,0.0,0.0,0,1,1,131,387,387,78522089472,78522089472,7.697,0.018
google/gemma-3-1b-it,NVIDIA GeForce RTX 5060 Ti,42,HotpotQA,10,16,480,semantic,0.0,0.0,46.7479,1,1,0,49,305,305,48771891200,48771891200,7.697,0.018
google/gemma-3-1b-it,NVIDIA GeForce RTX 5060 Ti,42,HotpotQA,10,16,481,multi-hop,68.8757,42.2003,73.7435,0,0,0,5,261,261,35715022848,35715022848,7.697,0.018
google/gemma-3-1b-it,NVIDIA GeForce RTX 5060 Ti,42,HotpotQA,10,16,482,structural,83.4982,32.4872,0.0,0,0,1,94,350,350,64225280000,64225280000,7.697,0.018
google/gemma-3-1b-it,NVIDIA GeForce RTX 5060 Ti,42,HotpotQA,10,16,483,structural,29.1115,37.9926,67.3164,0,0,0,109,365,365,69848268800,69848268800,7.697,0.018
google/gemma-3-1b-it,NVIDIA GeForce RTX 5060 Ti,42,HotpotQA,10,16,484,multi-hop,43.7631,0.0,0.0,0,1,1,26,282,282,41693478912,41693478912,7.697,0.018
google/gemma-3-1b-it,NVIDIA GeForce RTX 5060 Ti,42,HotpotQA,10,16,485,multi-hop,36.7743,40.7958,58.4471,0,0,0,125,381,381,76106170368,76106170368,7.697,0.018
google/gemma-3-1b-it,NVIDIA GeForce RTX 5060 Ti,42,HotpotQA,10,16,486,multi-hop,70.87,0.0,0.0,0,1,1,122,378,378,74912366592,74912366592,7.697,0.018
google/gemma-3-1b-it,NVIDIA GeForce RTX 5060 Ti,42,HotpotQA,10,16,487,semantic,60.0446,0.0,0.0,0,1,1,5,261,261,35715022848,35715022848,7.697,0.018
google/gemma-3-1b-it,NVIDIA GeForce RTX 5060 Ti,42,HotpotQA,10,16,488,multi-hop,68.4833,0.0,0.0,0,1,1,105,361,361,68325736448,68325736448,7.697,0.018
google/gemma-3-1b-it,NVIDIA GeForce RTX 5060 Ti,42,HotpotQA,10,16,489,multi-hop,56.8552,0.0,0.0,0,1,1,105,361,361,68325736448,68325736448,7.697,0.018
google/gemma-3-1b-it,NVIDIA GeForce RTX 5060 Ti,42,HotpotQA,10,16,490,structural,43.3179,57.1127,52.4932,0,0,0,36,292,292,44702892032,44702892032,7.697,0.018
google/gemma-3-1b-it,NVIDIA GeForce RTX 5060 Ti,42,HotpotQA,10,16,491,structural,61.0402,38.8226,53.5966,0,0,0,102,358,358,67194847232,67194847232,7.697,0.018
google/gemma-3-1b-it,NVIDIA GeForce RTX 5060 Ti,42,HotpotQA,10,16,492,structural,39.6081,75.9569,81.1396,0,0,0,64,320,320,53687091200,53687091200,7.697,0.018
google/gemma-3-1b-it,NVIDIA GeForce RTX 5060 Ti,42,HotpotQA,10,16,493,multi-hop,70.6124,0.0,0.0,0,1,1,70,326,326,55719231488,55719231488,7.697,0.018
google/gemma-3-1b-it,NVIDIA GeForce RTX 5060 Ti,42,HotpotQA,10,16,494,multi-hop,52.5364,0.0,0.0,0,1,1,24,280,280,41104179200,41104179200,7.697,0.018
google/gemma-3-1b-it,NVIDIA GeForce RTX 5060 Ti,42,HotpotQA,10,16,495,structural,34.7861,35.0836,31.2324,0,0,0,2,39,258,797442048,34898706432,7.697,0.018
google/gemma-3-1b-it,NVIDIA GeForce RTX 5060 Ti,42,HotpotQA,10,16,496,structural,77.2617,34.0142,29.3151,0,0,0,90,346,346,62765662208,62765662208,7.697,0.018
google/gemma-3-1b-it,NVIDIA GeForce RTX 5060 Ti,42,HotpotQA,10,16,497,semantic,37.8816,0.0,0.0,0,1,1,49,305,305,48771891200,48771891200,7.697,0.018
google/gemma-3-1b-it,NVIDIA GeForce RTX 5060 Ti,42,HotpotQA,10,16,498,multi-hop,48.7934,0.0,55.1329,0,1,0,108,364,364,69466062848,69466062848,7.697,0.018
google/gemma-3-1b-it,NVIDIA GeForce RTX 5060 Ti,42,HotpotQA,10,16,499,semantic,48.5388,0.0,0.0,0,1,1,124,380,380,75707187200,75707187200,7.697,0.018
google/gemma-3-1b-it,NVIDIA GeForce RTX 5060 Ti,42,HotpotQA,10,16,500,structural,35.8176,87.4879,56.5427,0,0,0,34,290,290,44092620800,44092620800,7.697,0.018
google/gemma-3-1b-it,NVIDIA GeForce RTX 5060 Ti,42,HotpotQA,10,16,501,multi-hop,35.4283,0.0,0.0,0,1,1,3,149,259,11639717888,35169763328,7.697,0.018
google/gemma-3-1b-it,NVIDIA GeForce RTX 5060 Ti,42,HotpotQA,10,16,502,multi-hop,38.1772,26.4403,86.697,0,0,0,36,292,292,44702892032,44702892032,7.697,0.018
google/gemma-3-1b-it,NVIDIA GeForce RTX 5060 Ti,42,HotpotQA,10,16,503,structural,32.6511,69.2098,0.0,0,0,1,93,349,349,63858802688,63858802688,7.697,0.018
google/gemma-3-1b-it,NVIDIA GeForce RTX 5060 Ti,42,HotpotQA,10,16,504,structural,75.4136,0.0,0.0,0,1,1,96,352,352,64961380352,64961380352,7.697,0.018
google/gemma-3-1b-it,NVIDIA GeForce RTX 5060 Ti,42,HotpotQA,10,16,505,multi-hop,29.2716,48.8356,48.632,0,0,0,63,319,319,53352071168,53352071168,7.697,0.018
google/gemma-3-1b-it,NVIDIA GeForce RTX 5060 Ti,42,HotpotQA,10,16,506,multi-hop,64.6739,0.0,0.0,0,1,1,186,442,442,102427000832,102427000832,7.697,0.018
google/gemma-3-1b-it,NVIDIA GeForce RTX 5060 Ti,42,HotpotQA,10,16,507,multi-hop,33.2343,42.7909,0.0,0,0,1,142,398,398,83049316352,83049316352,7.697,0.018
google/gemma-3-1b-it,NVIDIA GeForce RTX 5060 Ti,42,HotpotQA,10,16,508,structural,41.6851,0.0,0.0,0,1,1,52,308,308,49736056832,49736056832,7.697,0.018
google/gemma-3-1b-it,NVIDIA GeForce RTX 5060 Ti,42,HotpotQA,10,16,509,structural,83.5374,0.0,0.0,0,1,1,129,385,385,77712588800,77712588800,7.697,0.018
google/gemma-3-1b-it,NVIDIA GeForce RTX 5060 Ti,42,HotpotQA,10,16,510,semantic,43.6104,0.0,0.0,0,1,1,78,334,334,58487472128,58487472128,7.697,0.018
google/gemma-3-1b-it,NVIDIA GeForce RTX 5060 Ti,42,HotpotQA,10,16,511,structural,90.6884,0.0,0.0,0,1,1,127,383,383,76907282432,76907282432,7.697,0.018
google/gemma-3-1b-it,NVIDIA GeForce RTX 5060 Ti,42,HotpotQA,10,16,512,multi-hop,39.3742,68.1787,0.0,0,0,1,5,261,261,35715022848,35715022848,7.697,0.018
google/gemma-3-1b-it,NVIDIA GeForce RTX 5060 Ti,42,HotpotQA,10,16,513,multi-hop,103.9849,0.0,0.0,0,1,1,17,273,273,39074660352,39074660352,7.697,0.018
google/gemma-3-1b-it,NVIDIA GeForce RTX 5060 Ti,42,HotpotQA,10,16,514,multi-hop,46.8637,79.8344,56.9805,0,0,0,80,336,336,59190018048,59190018048,7.697,0.018
google/gemma-3-1b-it,NVIDIA GeForce RTX 5060 Ti,42,HotpotQA,10,16,515,structural,85.9008,75.0819,58.5008,0,0,0,21,277,277,40228093952,40228093952,7.697,0.018
google/gemma-3-1b-it,NVIDIA GeForce RTX 5060 Ti,42,HotpotQA,10,16,516,multi-hop,59.8487,0.0,0.0,0,1,1,125,381,381,76106170368,76106170368,7.697,0.018
google/gemma-3-1b-it,NVIDIA GeForce RTX 5060 Ti,42,HotpotQA,10,16,517,multi-hop,40.4109,0.0,0.0,0,1,1,119,375,375,73728000000,73728000000,7.697,0.018
google/gemma-3-1b-it,NVIDIA GeForce RTX 5060 Ti,42,HotpotQA,10,16,518,multi-hop,45.8806,0.0,0.0,0,1,1,99,355,355,66073395200,66073395200,7.697,0.018
google/gemma-3-1b-it,NVIDIA GeForce RTX 5060 Ti,42,HotpotQA,10,16,519,structural,65.9091,0.0,0.0,0,1,1,24,280,280,41104179200,41104179200,7.697,0.018
google/gemma-3-1b-it,NVIDIA GeForce RTX 5060 Ti,42,HotpotQA,10,16,520,semantic,61.3293,0.0,0.0,0,1,1,111,367,367,70615826432,70615826432,7.697,0.018
google/gemma-3-1b-it,NVIDIA GeForce RTX 5060 Ti,42,HotpotQA,10,16,521,structural,62.3183,87.4337,0.0,0,0,1,128,384,384,77309411328,77309411328,7.697,0.018
google/gemma-3-1b-it,NVIDIA GeForce RTX 5060 Ti,42,HotpotQA,10,16,522,multi-hop,109.7334,56.0189,0.0,0,0,1,87,343,343,61681958912,61681958912,7.697,0.018
google/gemma-3-1b-it,NVIDIA GeForce RTX 5060 Ti,42,HotpotQA,10,16,523,semantic,0.0,0.0,0.0,1,1,1,49,305,305,48771891200,48771891200,7.697,0.018
google/gemma-3-1b-it,NVIDIA GeForce RTX 5060 Ti,42,HotpotQA,10,16,524,multi-hop,69.3737,47.5111,76.5483,0,0,0,115,371,371,72163524608,72163524608,7.697,0.018
google/gemma-3-1b-it,NVIDIA GeForce RTX 5060 Ti,42,HotpotQA,10,16,525,semantic,54.3647,0.0,0.0,0,1,1,87,343,343,61681958912,61681958912,7.697,0.018
google/gemma-3-1b-it,NVIDIA GeForce RTX 5060 Ti,42,HotpotQA,10,16,526,multi-hop,0.0,0.0,0.0,1,1,1,70,326,326,55719231488,55719231488,7.697,0.018
google/gemma-3-1b-it,NVIDIA GeForce RTX 5060 Ti,42,HotpotQA,10,16,527,semantic,76.6216,0.0,96.4054,0,1,0,29,285,285,42585292800,42585292800,7.697,0.018
google/gemma-3-1b-it,NVIDIA GeForce RTX 5060 Ti,42,HotpotQA,10,16,528,semantic,102.7444,0.0,0.0,0,1,1,116,372,372,72553070592,72553070592,7.697,0.018
google/gemma-3-1b-it,NVIDIA GeForce RTX 5060 Ti,42,HotpotQA,10,16,529,structural,102.6288,83.8609,0.0,0,0,1,47,303,303,48134356992,48134356992,7.697,0.018
google/gemma-3-1b-it,NVIDIA GeForce RTX 5060 Ti,42,HotpotQA,10,16,530,semantic,39.6008,0.0,65.3286,0,1,0,96,352,352,64961380352,64961380352,7.697,0.018
google/gemma-3-1b-it,NVIDIA GeForce RTX 5060 Ti,42,HotpotQA,10,16,531,structural,47.5069,0.0,0.0,0,1,1,99,355,355,66073395200,66073395200,7.697,0.018
google/gemma-3-1b-it,NVIDIA GeForce RTX 5060 Ti,42,HotpotQA,10,16,532,multi-hop,101.8291,0.0,0.0,0,1,1,106,362,362,68704796672,68704796672,7.697,0.018
google/gemma-3-1b-it,NVIDIA GeForce RTX 5060 Ti,42,HotpotQA,10,16,533,semantic,47.1798,0.0,54.2218,0,1,0,122,378,378,74912366592,74912366592,7.697,0.018
google/gemma-3-1b-it,NVIDIA GeForce RTX 5060 Ti,42,HotpotQA,10,16,534,multi-hop,0.0,0.0,0.0,1,1,1,148,404,404,85572190208,85572190208,7.697,0.018
google/gemma-3-1b-it,NVIDIA GeForce RTX 5060 Ti,42,HotpotQA,10,16,535,multi-hop,69.0158,0.0,0.0,0,1,1,96,352,352,64961380352,64961380352,7.697,0.018
google/gemma-3-1b-it,NVIDIA GeForce RTX 5060 Ti,42,HotpotQA,10,16,536,multi-hop,68.6485,0.0,0.0,0,1,1,71,327,327,56061591552,56061591552,7.697,0.018
google/gemma-3-1b-it,NVIDIA GeForce RTX 5060 Ti,42,HotpotQA,10,16,537,structural,96.0924,0.0,0.0,0,1,1,8,264,264,36540776448,36540776448,7.697,0.018
google/gemma-3-1b-it,NVIDIA GeForce RTX 5060 Ti,42,HotpotQA,10,16,538,multi-hop,93.7735,0.0,90.2165,0,1,0,102,358,358,67194847232,67194847232,7.697,0.018
google/gemma-3-1b-it,NVIDIA GeForce RTX 5060 Ti,42,HotpotQA,10,16,539,multi-hop,0.0,0.0,53.0709,1,1,0,49,305,305,48771891200,48771891200,7.697,0.018
google/gemma-3-1b-it,NVIDIA GeForce RTX 5060 Ti,42,HotpotQA,10,16,540,multi-hop,68.23,48.3194,0.0,0,0,1,94,350,350,64225280000,64225280000,7.697,0.018
google/gemma-3-1b-it,NVIDIA GeForce RTX 5060 Ti,42,HotpotQA,10,16,541,multi-hop,59.5409,0.0,50.2388,0,1,0,127,383,383,76907282432,76907282432,7.697,0.018
google/gemma-3-1b-it,NVIDIA GeForce RTX 5060 Ti,42,HotpotQA,10,16,542,structural,75.6472,64.2205,0.0,0,0,1,148,404,404,85572190208,85572190208,7.697,0.018
google/gemma-3-1b-it,NVIDIA GeForce RTX 5060 Ti,42,HotpotQA,10,16,543,semantic,92.6178,0.0,0.0,0,1,1,114,370,370,71775027200,71775027200,7.697,0.018
google/gemma-3-1b-it,NVIDIA GeForce RTX 5060 Ti,42,HotpotQA,10,16,544,structural,71.8625,0.0,0.0,0,1,1,107,363,363,69084905472,69084905472,7.697,0.018
google/gemma-3-1b-it,NVIDIA GeForce RTX 5060 Ti,42,HotpotQA,10,16,545,multi-hop,66.2521,0.0,0.0,0,1,1,126,382,382,76506202112,76506202112,7.697,0.018
google/gemma-3-1b-it,NVIDIA GeForce RTX 5060 Ti,42,HotpotQA,10,16,546,structural,45.905,42.9107,74.9003,0,0,0,124,380,380,75707187200,75707187200,7.697,0.018
google/gemma-3-1b-it,NVIDIA GeForce RTX 5060 Ti,42,HotpotQA,10,16,547,multi-hop,42.5045,0.0,0.0,0,1,1,3,29,111,440926208,6459752448,7.697,0.018
google/gemma-3-1b-it,NVIDIA GeForce RTX 5060 Ti,42,HotpotQA,10,16,548,multi-hop,37.0653,0.0,0.0,0,1,1,73,329,329,56749457408,56749457408,7.697,0.018
google/gemma-3-1b-it,NVIDIA GeForce RTX 5060 Ti,42,HotpotQA,10,16,549,multi-hop,58.832,46.6481,38.5887,0,0,0,37,293,293,45009600512,45009600512,7.697,0.018
google/gemma-3-1b-it,NVIDIA GeForce RTX 5060 Ti,42,HotpotQA,10,16,550,multi-hop,33.4641,54.9084,0.0,0,0,1,70,326,326,55719231488,55719231488,7.697,0.018
google/gemma-3-1b-it,NVIDIA GeForce RTX 5060 Ti,42,HotpotQA,10,16,551,semantic,57.2544,0.0,0.0,0,1,1,94,350,350,64225280000,64225280000,7.697,0.018
google/gemma-3-1b-it,NVIDIA GeForce RTX 5060 Ti,42,HotpotQA,10,16,552,structural,65.1141,43.7681,38.0151,0,0,0,76,332,332,57789120512,57789120512,7.697,0.018
google/gemma-3-1b-it,NVIDIA GeForce RTX 5060 Ti,42,HotpotQA,10,16,553,semantic,43.8283,0.0,0.0,0,1,1,57,313,313,51363971072,51363971072,7.697,0.018
google/gemma-3-1b-it,NVIDIA GeForce RTX 5060 Ti,42,HotpotQA,10,16,554,multi-hop,49.2995,0.0,0.0,0,1,1,47,303,303,48134356992,48134356992,7.697,0.018
google/gemma-3-1b-it,NVIDIA GeForce RTX 5060 Ti,42,HotpotQA,10,16,555,semantic,58.7517,0.0,0.0,0,1,1,112,368,368,71001178112,71001178112,7.697,0.018
google/gemma-3-1b-it,NVIDIA GeForce RTX 5060 Ti,42,HotpotQA,10,16,556,multi-hop,36.0437,0.0,0.0,0,1,1,73,329,329,56749457408,56749457408,7.697,0.018
google/gemma-3-1b-it,NVIDIA GeForce RTX 5060 Ti,42,HotpotQA,10,16,557,multi-hop,61.3625,76.1312,78.4619,0,0,0,40,296,296,45936017408,45936017408,7.697,0.018
google/gemma-3-1b-it,NVIDIA GeForce RTX 5060 Ti,42,HotpotQA,10,16,558,structural,57.1166,64.5152,0.0,0,0,1,126,382,382,76506202112,76506202112,7.697,0.018
google/gemma-3-1b-it,NVIDIA GeForce RTX 5060 Ti,42,HotpotQA,10,16,559,structural,59.7855,68.5875,67.8174,0,0,0,2,29,258,440926208,34898706432,7.697,0.018
google/gemma-3-1b-it,NVIDIA GeForce RTX 5060 Ti,42,HotpotQA,10,16,560,multi-hop,36.1039,0.0,0.0,0,1,1,36,292,292,44702892032,44702892032,7.697,0.018
google/gemma-3-1b-it,NVIDIA GeForce RTX 5060 Ti,42,HotpotQA,10,16,561,structural,56.9357,36.3268,84.168,0,0,0,13,269,269,37938003968,37938003968,7.697,0.018
google/gemma-3-1b-it,NVIDIA GeForce RTX 5060 Ti,42,HotpotQA,10,16,562,semantic,55.1353,0.0,0.0,0,1,1,63,319,319,53352071168,53352071168,7.697,0.018
google/gemma-3-1b-it,NVIDIA GeForce RTX 5060 Ti,42,HotpotQA,10,16,563,multi-hop,85.6656,47.8529,0.0,0,0,1,59,315,315,52022476800,52022476800,7.697,0.018
google/gemma-3-1b-it,NVIDIA GeForce RTX 5060 Ti,42,HotpotQA,10,16,564,semantic,67.1988,0.0,45.612,0,1,0,153,409,409,87703420928,87703420928,7.697,0.018
google/gemma-3-1b-it,NVIDIA GeForce RTX 5060 Ti,42,HotpotQA,10,16,565,semantic,74.2761,0.0,0.0,0,1,1,108,364,364,69466062848,69466062848,7.697,0.018
google/gemma-3-1b-it,NVIDIA GeForce RTX 5060 Ti,42,HotpotQA,10,16,566,structural,47.184,58.1231,35.7367,0,0,0,2,30,142,471859200,10571743232,7.697,0.018
google/gemma-3-1b-it,NVIDIA GeForce RTX 5060 Ti,42,HotpotQA,10,16,567,semantic,56.4409,0.0,0.0,0,1,1,125,381,381,76106170368,76106170368,7.697,0.018
google/gemma-3-1b-it,NVIDIA GeForce RTX 5060 Ti,42,HotpotQA,10,16,568,multi-hop,56.57,0.0,0.0,0,1,1,121,377,377,74516529152,74516529152,7.697,0.018
google/gemma-3-1b-it,NVIDIA GeForce RTX 5060 Ti,42,HotpotQA,10,16,569,multi-hop,54.6557,0.0,0.0,0,1,1,81,337,337,59542863872,59542863872,7.697,0.018
google/gemma-3-1b-it,NVIDIA GeForce RTX 5060 Ti,42,HotpotQA,10,16,570,multi-hop,78.6313,0.0,74.4817,0,1,0,99,355,355,66073395200,66073395200,7.697,0.018
google/gemma-3-1b-it,NVIDIA GeForce RTX 5060 Ti,42,HotpotQA,10,16,571,multi-hop,95.6204,58.222,0.0,0,0,1,66,322,322,54360276992,54360276992,7.697,0.018
google/gemma-3-1b-it,NVIDIA GeForce RTX 5060 Ti,42,HotpotQA,10,16,572,multi-hop,61.0851,0.0,0.0,0,1,1,6,262,262,35989225472,35989225472,7.697,0.018
google/gemma-3-1b-it,NVIDIA GeForce RTX 5060 Ti,42,HotpotQA,10,16,573,multi-hop,49.8116,0.0,0.0,0,1,1,117,373,373,72943665152,72943665152,7.697,0.018
google/gemma-3-1b-it,NVIDIA GeForce RTX 5060 Ti,42,HotpotQA,10,16,574,semantic,78.0288,0.0,98.1055,0,1,0,102,358,358,67194847232,67194847232,7.697,0.018
google/gemma-3-1b-it,NVIDIA GeForce RTX 5060 Ti,42,HotpotQA,10,16,575,multi-hop,69.4669,77.3105,0.0,0,0,1,31,287,287,43185078272,43185078272,7.697,0.018
google/gemma-3-1b-it,NVIDIA GeForce RTX 5060 Ti,42,HotpotQA,10,16,576,structural,67.0332,0.0,0.0,0,1,1,65,321,321,54023159808,54023159808,7.697,0.018
google/gemma-3-1b-it,NVIDIA GeForce RTX 5060 Ti,42,HotpotQA,10,16,577,multi-hop,108.5891,0.0,104.9187,0,1,0,68,324,324,55037657088,55037657088,7.697,0.018
google/gemma-3-1b-it,NVIDIA GeForce RTX 5060 Ti,42,HotpotQA,10,16,578,structural,56.5817,39.5735,0.0,0,0,1,5,261,261,35715022848,35715022848,7.697,0.018
google/gemma-3-1b-it,NVIDIA GeForce RTX 5060 Ti,42,HotpotQA,10,16,579,multi-hop,64.5177,52.9125,44.3019,0,0,0,63,319,319,53352071168,53352071168,7.697,0.018
google/gemma-3-1b-it,NVIDIA GeForce RTX 5060 Ti,42,HotpotQA,10,16,580,multi-hop,45.91,0.0,79.0975,0,1,0,183,439,439,101041307648,101041307648,7.697,0.018
google/gemma-3-1b-it,NVIDIA GeForce RTX 5060 Ti,42,HotpotQA,10,16,581,semantic,43.4206,0.0,0.0,0,1,1,82,338,338,59896758272,59896758272,7.697,0.018
google/gemma-3-1b-it,NVIDIA GeForce RTX 5060 Ti,42,HotpotQA,10,16,582,semantic,89.8631,0.0,0.0,0,1,1,98,354,354,65701675008,65701675008,7.697,0.018
google/gemma-3-1b-it,NVIDIA GeForce RTX 5060 Ti,42,HotpotQA,10,16,583,multi-hop,54.6586,68.953,69.7924,0,0,0,106,362,362,68704796672,68704796672,7.697,0.018
google/gemma-3-1b-it,NVIDIA GeForce RTX 5060 Ti,42,HotpotQA,10,16,584,multi-hop,63.8052,64.3998,0.0,0,0,1,70,326,326,55719231488,55719231488,7.697,0.018
google/gemma-3-1b-it,NVIDIA GeForce RTX 5060 Ti,42,HotpotQA,10,16,585,multi-hop,54.125,0.0,0.0,0,1,1,99,355,355,66073395200,66073395200,7.697,0.018
google/gemma-3-1b-it,NVIDIA GeForce RTX 5060 Ti,42,HotpotQA,10,16,586,semantic,58.1212,0.0,0.0,0,1,1,60,316,316,52353302528,52353302528,7.697,0.018
google/gemma-3-1b-it,NVIDIA GeForce RTX 5060 Ti,42,HotpotQA,10,16,587,semantic,43.7664,0.0,0.0,0,1,1,123,379,379,75309252608,75309252608,7.697,0.018
google/gemma-3-1b-it,NVIDIA GeForce RTX 5060 Ti,42,HotpotQA,10,16,588,multi-hop,30.2875,59.6727,0.0,0,0,1,116,372,372,72553070592,72553070592,7.697,0.018
google/gemma-3-1b-it,NVIDIA GeForce RTX 5060 Ti,42,HotpotQA,10,16,589,semantic,0.0,0.0,0.0,1,1,1,99,355,355,66073395200,66073395200,7.697,0.018
google/gemma-3-1b-it,NVIDIA GeForce RTX 5060 Ti,42,HotpotQA,10,16,590,structural,38.0155,52.8299,0.0,0,0,1,91,347,347,63128993792,63128993792,7.697,0.018
google/gemma-3-1b-it,NVIDIA GeForce RTX 5060 Ti,42,HotpotQA,10,16,591,semantic,51.5021,0.0,0.0,0,1,1,17,273,273,39074660352,39074660352,7.697,0.018
google/gemma-3-1b-it,NVIDIA GeForce RTX 5060 Ti,42,HotpotQA,10,16,592,structural,43.341,0.0,60.566,0,1,0,94,350,350,64225280000,64225280000,7.697,0.018
google/gemma-3-1b-it,NVIDIA GeForce RTX 5060 Ti,42,HotpotQA,10,16,593,semantic,36.9955,0.0,0.0,0,1,1,96,352,352,64961380352,64961380352,7.697,0.018
google/gemma-3-1b-it,NVIDIA GeForce RTX 5060 Ti,42,HotpotQA,10,16,594,structural,55.7199,37.3501,27.4694,0,0,0,102,358,358,67194847232,67194847232,7.697,0.018
google/gemma-3-1b-it,NVIDIA GeForce RTX 5060 Ti,42,HotpotQA,10,16,595,multi-hop,47.7693,41.0726,0.0,0,0,1,83,339,339,60251701248,60251701248,7.697,0.018
google/gemma-3-1b-it,NVIDIA GeForce RTX 5060 Ti,42,HotpotQA,10,16,596,multi-hop,87.3223,58.4697,68.9037,0,0,0,148,404,404,85572190208,85572190208,7.697,0.018
google/gemma-3-1b-it,NVIDIA GeForce RTX 5060 Ti,42,HotpotQA,10,16,597,semantic,77.4624,0.0,0.0,0,1,1,76,332,332,57789120512,57789120512,7.697,0.018
google/gemma-3-1b-it,NVIDIA GeForce RTX 5060 Ti,42,HotpotQA,10,16,598,multi-hop,49.2399,40.9468,42.5666,0,0,0,65,321,321,54023159808,54023159808,7.697,0.018
google/gemma-3-1b-it,NVIDIA GeForce RTX 5060 Ti,42,HotpotQA,10,16,599,multi-hop,0.0,0.0,0.0,1,1,1,94,350,350,64225280000,64225280000,7.697,0.018
google/gemma-3-1b-it,NVIDIA GeForce RTX 5060 Ti,42,HotpotQA,12,16,0,structural,77.6939,0.0,0.0,0,1,1,102,358,358,67194847232,67194847232,7.697,0.018
google/gemma-3-1b-it,NVIDIA GeForce RTX 5060 Ti,42,HotpotQA,12,16,1,multi-hop,64.2768,0.0,0.0,0,1,1,35,291,291,44397232128,44397232128,7.697,0.018
google/gemma-3-1b-it,NVIDIA GeForce RTX 5060 Ti,42,HotpotQA,12,16,2,multi-hop,88.5097,0.0,0.0,0,1,1,104,360,360,67947724800,67947724800,7.697,0.018
google/gemma-3-1b-it,NVIDIA GeForce RTX 5060 Ti,42,HotpotQA,12,16,3,semantic,61.8508,0.0,0.0,0,1,1,129,385,385,77712588800,77712588800,7.697,0.018
google/gemma-3-1b-it,NVIDIA GeForce RTX 5060 Ti,42,HotpotQA,12,16,4,structural,43.9033,49.3128,64.5826,0,0,0,124,380,380,75707187200,75707187200,7.697,0.018
google/gemma-3-1b-it,NVIDIA GeForce RTX 5060 Ti,42,HotpotQA,12,16,5,multi-hop,63.2537,0.0,0.0,0,1,1,96,352,352,64961380352,64961380352,7.697,0.018
google/gemma-3-1b-it,NVIDIA GeForce RTX 5060 Ti,42,HotpotQA,12,16,6,structural,107.5735,0.0,0.0,0,1,1,82,338,338,59896758272,59896758272,7.697,0.018
google/gemma-3-1b-it,NVIDIA GeForce RTX 5060 Ti,42,HotpotQA,12,16,7,multi-hop,60.426,0.0,0.0,0,1,1,71,327,327,56061591552,56061591552,7.697,0.018
google/gemma-3-1b-it,NVIDIA GeForce RTX 5060 Ti,42,HotpotQA,12,16,8,multi-hop,46.7517,0.0,0.0,0,1,1,76,332,332,57789120512,57789120512,7.697,0.018
google/gemma-3-1b-it,NVIDIA GeForce RTX 5060 Ti,42,HotpotQA,12,16,9,structural,48.8648,0.0,0.0,0,1,1,93,349,349,63858802688,63858802688,7.697,0.018
google/gemma-3-1b-it,NVIDIA GeForce RTX 5060 Ti,42,HotpotQA,12,16,10,multi-hop,32.1675,0.0,0.0,0,1,1,12,268,268,37656461312,37656461312,7.697,0.018
google/gemma-3-1b-it,NVIDIA GeForce RTX 5060 Ti,42,HotpotQA,12,16,11,semantic,61.6944,0.0,0.0,0,1,1,81,337,337,59542863872,59542863872,7.697,0.018
google/gemma-3-1b-it,NVIDIA GeForce RTX 5060 Ti,42,HotpotQA,12,16,12,semantic,30.1333,0.0,0.0,0,1,1,49,305,305,48771891200,48771891200,7.697,0.018
google/gemma-3-1b-it,NVIDIA GeForce RTX 5060 Ti,42,HotpotQA,12,16,13,semantic,58.9234,0.0,0.0,0,1,1,40,296,296,45936017408,45936017408,7.697,0.018
google/gemma-3-1b-it,NVIDIA GeForce RTX 5060 Ti,42,HotpotQA,12,16,14,multi-hop,71.7153,0.0,34.1816,0,1,0,24,280,280,41104179200,41104179200,7.697,0.018
google/gemma-3-1b-it,NVIDIA GeForce RTX 5060 Ti,42,HotpotQA,12,16,15,structural,51.0948,0.0,0.0,0,1,1,127,383,383,76907282432,76907282432,7.697,0.018
google/gemma-3-1b-it,NVIDIA GeForce RTX 5060 Ti,42,HotpotQA,12,16,16,structural,29.8442,0.0,0.0,0,1,1,96,352,352,64961380352,64961380352,7.697,0.018
google/gemma-3-1b-it,NVIDIA GeForce RTX 5060 Ti,42,HotpotQA,12,16,17,semantic,47.2825,0.0,0.0,0,1,1,2,46,258,1109393408,34898706432,7.697,0.018
google/gemma-3-1b-it,NVIDIA GeForce RTX 5060 Ti,42,HotpotQA,12,16,18,semantic,69.4087,0.0,0.0,0,1,1,126,382,382,76506202112,76506202112,7.697,0.018
google/gemma-3-1b-it,NVIDIA GeForce RTX 5060 Ti,42,HotpotQA,12,16,19,multi-hop,76.8294,0.0,0.0,0,1,1,60,316,316,52353302528,52353302528,7.697,0.018
google/gemma-3-1b-it,NVIDIA GeForce RTX 5060 Ti,42,HotpotQA,12,16,20,multi-hop,78.1007,75.066,0.0,0,0,1,120,376,376,74121740288,74121740288,7.697,0.018
google/gemma-3-1b-it,NVIDIA GeForce RTX 5060 Ti,42,HotpotQA,12,16,21,multi-hop,40.237,0.0,0.0,0,1,1,85,341,341,60964732928,60964732928,7.697,0.018
google/gemma-3-1b-it,NVIDIA GeForce RTX 5060 Ti,42,HotpotQA,12,16,22,structural,73.42,79.486,0.0,0,0,1,88,344,344,62042144768,62042144768,7.697,0.018
google/gemma-3-1b-it,NVIDIA GeForce RTX 5060 Ti,42,HotpotQA,12,16,23,semantic,83.9841,0.0,0.0,0,1,1,72,328,328,56405000192,56405000192,7.697,0.018
google/gemma-3-1b-it,NVIDIA GeForce RTX 5060 Ti,42,HotpotQA,12,16,24,semantic,64.7166,0.0,31.5754,0,1,0,127,383,383,76907282432,76907282432,7.697,0.018
google/gemma-3-1b-it,NVIDIA GeForce RTX 5060 Ti,42,HotpotQA,12,16,25,multi-hop,38.756,0.0,0.0,0,1,1,26,282,282,41693478912,41693478912,7.697,0.018
google/gemma-3-1b-it,NVIDIA GeForce RTX 5060 Ti,42,HotpotQA,12,16,26,multi-hop,44.613,0.0,0.0,0,1,1,82,338,338,59896758272,59896758272,7.697,0.018
google/gemma-3-1b-it,NVIDIA GeForce RTX 5060 Ti,42,HotpotQA,12,16,27,multi-hop,89.2559,80.0021,0.0,0,0,1,122,378,378,74912366592,74912366592,7.697,0.018
google/gemma-3-1b-it,NVIDIA GeForce RTX 5060 Ti,42,HotpotQA,12,16,28,semantic,47.5752,0.0,0.0,0,1,1,75,331,331,57441517568,57441517568,7.697,0.018
google/gemma-3-1b-it,NVIDIA GeForce RTX 5060 Ti,42,HotpotQA,12,16,29,structural,78.9315,51.7867,37.6298,0,0,0,75,331,331,57441517568,57441517568,7.697,0.018
google/gemma-3-1b-it,NVIDIA GeForce RTX 5060 Ti,42,HotpotQA,12,16,30,multi-hop,32.0745,0.0,0.0,0,1,1,14,270,270,38220595200,38220595200,7.697,0.018
google/gemma-3-1b-it,NVIDIA GeForce RTX 5060 Ti,42,HotpotQA,12,16,31,multi-hop,42.5621,0.0,44.2957,0,1,0,91,347,347,63128993792,63128993792,7.697,0.018
google/gemma-3-1b-it,NVIDIA GeForce RTX 5060 Ti,42,HotpotQA,12,16,32,semantic,52.9694,0.0,0.0,0,1,1,119,375,375,73728000000,73728000000,7.697,0.018
google/gemma-3-1b-it,NVIDIA GeForce RTX 5060 Ti,42,HotpotQA,12,16,33,structural,39.449,0.0,0.0,0,1,1,87,343,343,61681958912,61681958912,7.697,0.018
google/gemma-3-1b-it,NVIDIA GeForce RTX 5060 Ti,42,HotpotQA,12,16,34,structural,39.8433,0.0,0.0,0,1,1,96,352,352,64961380352,64961380352,7.697,0.018
google/gemma-3-1b-it,NVIDIA GeForce RTX 5060 Ti,42,HotpotQA,12,16,35,semantic,0.0,0.0,0.0,1,1,1,14,270,270,38220595200,38220595200,7.697,0.018
google/gemma-3-1b-it,NVIDIA GeForce RTX 5060 Ti,42,HotpotQA,12,16,36,structural,40.7296,0.0,74.0417,0,1,0,100,356,356,66446163968,66446163968,7.697,0.018
google/gemma-3-1b-it,NVIDIA GeForce RTX 5060 Ti,42,HotpotQA,12,16,37,multi-hop,55.44,0.0,0.0,0,1,1,81,337,337,59542863872,59542863872,7.697,0.018
google/gemma-3-1b-it,NVIDIA GeForce RTX 5060 Ti,42,HotpotQA,12,16,38,multi-hop,79.7042,0.0,0.0,0,1,1,109,365,365,69848268800,69848268800,7.697,0.018
google/gemma-3-1b-it,NVIDIA GeForce RTX 5060 Ti,42,HotpotQA,12,16,39,multi-hop,61.6395,43.7883,71.986,0,0,0,81,337,337,59542863872,59542863872,7.697,0.018
google/gemma-3-1b-it,NVIDIA GeForce RTX 5060 Ti,42,HotpotQA,12,16,40,semantic,42.8995,0.0,0.0,0,1,1,96,352,352,64961380352,64961380352,7.697,0.018
google/gemma-3-1b-it,NVIDIA GeForce RTX 5060 Ti,42,HotpotQA,12,16,41,multi-hop,41.0022,0.0,0.0,0,1,1,95,351,351,64592805888,64592805888,7.697,0.018
google/gemma-3-1b-it,NVIDIA GeForce RTX 5060 Ti,42,HotpotQA,12,16,42,semantic,54.4152,0.0,76.1599,0,1,0,102,358,358,67194847232,67194847232,7.697,0.018
google/gemma-3-1b-it,NVIDIA GeForce RTX 5060 Ti,42,HotpotQA,12,16,43,semantic,92.5602,0.0,0.0,0,1,1,84,340,340,60607692800,60607692800,7.697,0.018
google/gemma-3-1b-it,NVIDIA GeForce RTX 5060 Ti,42,HotpotQA,12,16,44,multi-hop,58.8566,69.9694,73.6367,0,0,0,95,351,351,64592805888,64592805888,7.697,0.018
google/gemma-3-1b-it,NVIDIA GeForce RTX 5060 Ti,42,HotpotQA,12,16,45,structural,56.1555,59.0596,54.287,0,0,0,93,349,349,63858802688,63858802688,7.697,0.018
google/gemma-3-1b-it,NVIDIA GeForce RTX 5060 Ti,42,HotpotQA,12,16,46,structural,78.3894,0.0,0.0,0,1,1,127,383,383,76907282432,76907282432,7.697,0.018
google/gemma-3-1b-it,NVIDIA GeForce RTX 5060 Ti,42,HotpotQA,12,16,47,semantic,0.0,0.0,0.0,1,1,1,9,265,265,36818124800,36818124800,7.697,0.018
google/gemma-3-1b-it,NVIDIA GeForce RTX 5060 Ti,42,HotpotQA,12,16,48,multi-hop,0.0,0.0,0.0,1,1,1,108,364,364,69466062848,69466062848,7.697,0.018
google/gemma-3-1b-it,NVIDIA GeForce RTX 5060 Ti,42,HotpotQA,12,16,49,structural,94.3653,0.0,0.0,0,1,1,7,263,263,36264476672,36264476672,7.697,0.018
google/gemma-3-1b-it,NVIDIA GeForce RTX 5060 Ti,42,HotpotQA,12,16,50,multi-hop,73.5279,0.0,0.0,0,1,1,69,325,325,55377920000,55377920000,7.697,0.018
google/gemma-3-1b-it,NVIDIA GeForce RTX 5060 Ti,42,HotpotQA,12,16,51,structural,80.5249,34.7784,53.2128,0,0,0,69,325,325,55377920000,55377920000,7.697,0.018
google/gemma-3-1b-it,NVIDIA GeForce RTX 5060 Ti,42,HotpotQA,12,16,52,semantic,91.1459,0.0,0.0,0,1,1,68,324,324,55037657088,55037657088,7.697,0.018
google/gemma-3-1b-it,NVIDIA GeForce RTX 5060 Ti,42,HotpotQA,12,16,53,structural,61.8895,59.9606,67.8865,0,0,0,10,266,266,37096521728,37096521728,7.697,0.018
google/gemma-3-1b-it,NVIDIA GeForce RTX 5060 Ti,42,HotpotQA,12,16,54,structural,54.6062,76.0863,48.2949,0,0,0,108,364,364,69466062848,69466062848,7.697,0.018
google/gemma-3-1b-it,NVIDIA GeForce RTX 5060 Ti,42,HotpotQA,12,16,55,semantic,55.5829,0.0,0.0,0,1,1,125,381,381,76106170368,76106170368,7.697,0.018
google/gemma-3-1b-it,NVIDIA GeForce RTX 5060 Ti,42,HotpotQA,12,16,56,multi-hop,61.1756,0.0,0.0,0,1,1,109,365,365,69848268800,69848268800,7.697,0.018
google/gemma-3-1b-it,NVIDIA GeForce RTX 5060 Ti,42,HotpotQA,12,16,57,structural,47.569,46.1205,82.0199,0,0,0,37,293,293,45009600512,45009600512,7.697,0.018
google/gemma-3-1b-it,NVIDIA GeForce RTX 5060 Ti,42,HotpotQA,12,16,58,multi-hop,48.6619,0.0,0.0,0,1,1,87,343,343,61681958912,61681958912,7.697,0.018
google/gemma-3-1b-it,NVIDIA GeForce RTX 5060 Ti,42,HotpotQA,12,16,59,semantic,57.9422,0.0,0.0,0,1,1,14,270,270,38220595200,38220595200,7.697,0.018
google/gemma-3-1b-it,NVIDIA GeForce RTX 5060 Ti,42,HotpotQA,12,16,60,semantic,72.3926,0.0,0.0,0,1,1,3,124,259,8061452288,35169763328,7.697,0.018
google/gemma-3-1b-it,NVIDIA GeForce RTX 5060 Ti,42,HotpotQA,12,16,61,structural,82.937,0.0,0.0,0,1,1,112,368,368,71001178112,71001178112,7.697,0.018
google/gemma-3-1b-it,NVIDIA GeForce RTX 5060 Ti,42,HotpotQA,12,16,62,semantic,37.2072,0.0,0.0,0,1,1,99,355,355,66073395200,66073395200,7.697,0.018
google/gemma-3-1b-it,NVIDIA GeForce RTX 5060 Ti,42,HotpotQA,12,16,63,multi-hop,58.2222,62.6548,0.0,0,0,1,115,371,371,72163524608,72163524608,7.697,0.018
google/gemma-3-1b-it,NVIDIA GeForce RTX 5060 Ti,42,HotpotQA,12,16,64,multi-hop,94.4885,0.0,0.0,0,1,1,86,342,342,61322821632,61322821632,7.697,0.018
google/gemma-3-1b-it,NVIDIA GeForce RTX 5060 Ti,42,HotpotQA,12,16,65,multi-hop,42.0328,63.8154,0.0,0,0,1,10,266,266,37096521728,37096521728,7.697,0.018
google/gemma-3-1b-it,NVIDIA GeForce RTX 5060 Ti,42,HotpotQA,12,16,66,multi-hop,64.6525,78.4358,94.508,0,0,0,8,264,264,36540776448,36540776448,7.697,0.018
google/gemma-3-1b-it,NVIDIA GeForce RTX 5060 Ti,42,HotpotQA,12,16,67,semantic,45.0714,0.0,0.0,0,1,1,40,296,296,45936017408,45936017408,7.697,0.018
google/gemma-3-1b-it,NVIDIA GeForce RTX 5060 Ti,42,HotpotQA,12,16,68,structural,60.9669,40.6353,85.59,0,0,0,41,297,297,46246920192,46246920192,7.697,0.018
google/gemma-3-1b-it,NVIDIA GeForce RTX 5060 Ti,42,HotpotQA,12,16,69,multi-hop,67.6013,0.0,62.0222,0,1,0,37,293,293,45009600512,45009600512,7.697,0.018
google/gemma-3-1b-it,NVIDIA GeForce RTX 5060 Ti,42,HotpotQA,12,16,70,structural,91.7465,61.5202,0.0,0,0,1,142,398,398,83049316352,83049316352,7.697,0.018
google/gemma-3-1b-it,NVIDIA GeForce RTX 5060 Ti,42,HotpotQA,12,16,71,multi-hop,40.8359,43.0403,56.9425,0,0,0,204,460,460,110939340800,110939340800,7.697,0.018
google/gemma-3-1b-it,NVIDIA GeForce RTX 5060 Ti,42,HotpotQA,12,16,72,semantic,42.0424,0.0,0.0,0,1,1,99,355,355,66073395200,66073395200,7.697,0.018
google/gemma-3-1b-it,NVIDIA GeForce RTX 5060 Ti,42,HotpotQA,12,16,73,multi-hop,34.9939,79.2134,56.8748,0,0,0,49,305,305,48771891200,48771891200,7.697,0.018
google/gemma-3-1b-it,NVIDIA GeForce RTX 5060 Ti,42,HotpotQA,12,16,74,multi-hop,33.7201,36.8674,0.0,0,0,1,77,333,333,58137772032,58137772032,7.697,0.018
google/gemma-3-1b-it,NVIDIA GeForce RTX 5060 Ti,42,HotpotQA,12,16,75,structural,40.192,60.9442,31.9769,0,0,0,14,270,270,38220595200,38220595200,7.697,0.018
google/gemma-3-1b-it,NVIDIA GeForce RTX 5060 Ti,42,HotpotQA,12,16,76,multi-hop,33.5249,0.0,0.0,0,1,1,4,133,210,9274130432,23121100800,7.697,0.018
google/gemma-3-1b-it,NVIDIA GeForce RTX 5060 Ti,42,HotpotQA,12,16,77,semantic,30.9316,0.0,0.0,0,1,1,115,371,371,72163524608,72163524608,7.697,0.018
google/gemma-3-1b-it,NVIDIA GeForce RTX 5060 Ti,42,HotpotQA,12,16,78,semantic,61.9022,0.0,30.6988,0,1,0,125,381,381,76106170368,76106170368,7.697,0.018
google/gemma-3-1b-it,NVIDIA GeForce RTX 5060 Ti,42,HotpotQA,12,16,79,semantic,42.286,0.0,69.7317,0,1,0,102,358,358,67194847232,67194847232,7.697,0.018
google/gemma-3-1b-it,NVIDIA GeForce RTX 5060 Ti,42,HotpotQA,12,16,80,structural,37.8094,44.2565,45.2294,0,0,0,101,357,357,66819981312,66819981312,7.697,0.018
google/gemma-3-1b-it,NVIDIA GeForce RTX 5060 Ti,42,HotpotQA,12,16,81,multi-hop,38.8561,0.0,0.0,0,1,1,87,343,343,61681958912,61681958912,7.697,0.018
google/gemma-3-1b-it,NVIDIA GeForce RTX 5060 Ti,42,HotpotQA,12,16,82,multi-hop,58.2684,0.0,0.0,0,1,1,99,355,355,66073395200,66073395200,7.697,0.018
google/gemma-3-1b-it,NVIDIA GeForce RTX 5060 Ti,42,HotpotQA,12,16,83,structural,66.7489,59.8917,37.5597,0,0,0,122,378,378,74912366592,74912366592,7.697,0.018
google/gemma-3-1b-it,NVIDIA GeForce RTX 5060 Ti,42,HotpotQA,12,16,84,semantic,33.5412,0.0,0.0,0,1,1,121,377,377,74516529152,74516529152,7.697,0.018
google/gemma-3-1b-it,NVIDIA GeForce RTX 5060 Ti,42,HotpotQA,12,16,85,semantic,90.7538,0.0,0.0,0,1,1,80,336,336,59190018048,59190018048,7.697,0.018
google/gemma-3-1b-it,NVIDIA GeForce RTX 5060 Ti,42,HotpotQA,12,16,86,multi-hop,0.0,0.0,0.0,1,1,1,104,360,360,67947724800,67947724800,7.697,0.018
google/gemma-3-1b-it,NVIDIA GeForce RTX 5060 Ti,42,HotpotQA,12,16,87,multi-hop,90.9122,0.0,0.0,0,1,1,101,357,357,66819981312,66819981312,7.697,0.018
google/gemma-3-1b-it,NVIDIA GeForce RTX 5060 Ti,42,HotpotQA,12,16,88,multi-hop,32.4872,44.6382,35.0855,0,0,0,90,346,346,62765662208,62765662208,7.697,0.018
google/gemma-3-1b-it,NVIDIA GeForce RTX 5060 Ti,42,HotpotQA,12,16,89,multi-hop,35.8104,0.0,0.0,0,1,1,70,326,326,55719231488,55719231488,7.697,0.018
google/gemma-3-1b-it,NVIDIA GeForce RTX 5060 Ti,42,HotpotQA,12,16,90,semantic,38.2099,0.0,0.0,0,1,1,63,319,319,53352071168,53352071168,7.697,0.018
google/gemma-3-1b-it,NVIDIA GeForce RTX 5060 Ti,42,HotpotQA,12,16,91,multi-hop,51.9759,50.5461,46.9792,0,0,0,7,263,263,36264476672,36264476672,7.697,0.018
google/gemma-3-1b-it,NVIDIA GeForce RTX 5060 Ti,42,HotpotQA,12,16,92,semantic,72.8994,0.0,0.0,0,1,1,99,355,355,66073395200,66073395200,7.697,0.018
google/gemma-3-1b-it,NVIDIA GeForce RTX 5060 Ti,42,HotpotQA,12,16,93,semantic,0.0,0.0,0.0,1,1,1,80,336,336,59190018048,59190018048,7.697,0.018
google/gemma-3-1b-it,NVIDIA GeForce RTX 5060 Ti,42,HotpotQA,12,16,94,semantic,44.469,0.0,0.0,0,1,1,12,268,268,37656461312,37656461312,7.697,0.018
google/gemma-3-1b-it,NVIDIA GeForce RTX 5060 Ti,42,HotpotQA,12,16,95,semantic,31.0265,0.0,0.0,0,1,1,85,341,341,60964732928,60964732928,7.697,0.018
google/gemma-3-1b-it,NVIDIA GeForce RTX 5060 Ti,42,HotpotQA,12,16,96,multi-hop,70.0705,0.0,0.0,0,1,1,3,259,259,35169763328,35169763328,7.697,0.018
google/gemma-3-1b-it,NVIDIA GeForce RTX 5060 Ti,42,HotpotQA,12,16,97,structural,93.4497,82.1869,83.1001,0,0,0,106,362,362,68704796672,68704796672,7.697,0.018
google/gemma-3-1b-it,NVIDIA GeForce RTX 5060 Ti,42,HotpotQA,12,16,98,multi-hop,98.9722,0.0,0.0,0,1,1,4,194,260,19732103168,35441868800,7.697,0.018
google/gemma-3-1b-it,NVIDIA GeForce RTX 5060 Ti,42,HotpotQA,12,16,99,semantic,55.5338,0.0,60.3138,0,1,0,35,291,291,44397232128,44397232128,7.697,0.018
google/gemma-3-1b-it,NVIDIA GeForce RTX 5060 Ti,42,HotpotQA,12,16,100,semantic,39.0901,0.0,0.0,0,1,1,47,303,303,48134356992,48134356992,7.697,0.018
google/gemma-3-1b-it,NVIDIA GeForce RTX 5060 Ti,42,HotpotQA,12,16,101,multi-hop,60.3471,34.0898,0.0,0,0,1,104,360,360,67947724800,67947724800,7.697,0.018
google/gemma-3-1b-it,NVIDIA GeForce RTX 5060 Ti,42,HotpotQA,12,16,102,multi-hop,37.2105,0.0,0.0,0,1,1,106,362,362,68704796672,68704796672,7.697,0.018
google/gemma-3-1b-it,NVIDIA GeForce RTX 5060 Ti,42,HotpotQA,12,16,103,semantic,39.7225,0.0,0.0,0,1,1,69,325,325,55377920000,55377920000,7.697,0.018
google/gemma-3-1b-it,NVIDIA GeForce RTX 5060 Ti,42,HotpotQA,12,16,104,multi-hop,49.024,0.0,0.0,0,1,1,109,365,365,69848268800,69848268800,7.697,0.018
google/gemma-3-1b-it,NVIDIA GeForce RTX 5060 Ti,42,HotpotQA,12,16,105,semantic,59.8902,0.0,38.2314,0,1,0,110,366,366,70231523328,70231523328,7.697,0.018
google/gemma-3-1b-it,NVIDIA GeForce RTX 5060 Ti,42,HotpotQA,12,16,106,semantic,57.5198,0.0,0.0,0,1,1,2,37,258,717750272,34898706432,7.697,0.018
google/gemma-3-1b-it,NVIDIA GeForce RTX 5060 Ti,42,HotpotQA,12,16,107,structural,38.399,0.0,0.0,0,1,1,105,361,361,68325736448,68325736448,7.697,0.018
google/gemma-3-1b-it,NVIDIA GeForce RTX 5060 Ti,42,HotpotQA,12,16,108,structural,59.6461,0.0,0.0,0,1,1,81,337,337,59542863872,59542863872,7.697,0.018
google/gemma-3-1b-it,NVIDIA GeForce RTX 5060 Ti,42,HotpotQA,12,16,109,multi-hop,33.9639,64.1391,36.0096,0,0,0,139,395,395,81802035200,81802035200,7.697,0.018
google/gemma-3-1b-it,NVIDIA GeForce RTX 5060 Ti,42,HotpotQA,12,16,110,multi-hop,40.218,38.709,48.5623,0,0,0,34,290,290,44092620800,44092620800,7.697,0.018
google/gemma-3-1b-it,NVIDIA GeForce RTX 5060 Ti,42,HotpotQA,12,16,111,multi-hop,39.0459,0.0,0.0,0,1,1,16,272,272,38788923392,38788923392,7.697,0.018
google/gemma-3-1b-it,NVIDIA GeForce RTX 5060 Ti,42,HotpotQA,12,16,112,semantic,56.7169,0.0,0.0,0,1,1,122,378,378,74912366592,74912366592,7.697,0.018
google/gemma-3-1b-it,NVIDIA GeForce RTX 5060 Ti,42,HotpotQA,12,16,113,multi-hop,0.0,54.5538,0.0,1,0,1,91,347,347,63128993792,63128993792,7.697,0.018
google/gemma-3-1b-it,NVIDIA GeForce RTX 5060 Ti,42,HotpotQA,12,16,114,multi-hop,71.4216,0.0,0.0,0,1,1,68,324,324,55037657088,55037657088,7.697,0.018
google/gemma-3-1b-it,NVIDIA GeForce RTX 5060 Ti,42,HotpotQA,12,16,115,multi-hop,0.0,0.0,0.0,1,1,1,35,291,291,44397232128,44397232128,7.697,0.018
google/gemma-3-1b-it,NVIDIA GeForce RTX 5060 Ti,42,HotpotQA,12,16,116,semantic,69.9403,0.0,0.0,0,1,1,40,296,296,45936017408,45936017408,7.697,0.018
google/gemma-3-1b-it,NVIDIA GeForce RTX 5060 Ti,42,HotpotQA,12,16,117,multi-hop,80.2656,0.0,0.0,0,1,1,88,344,344,62042144768,62042144768,7.697,0.018
google/gemma-3-1b-it,NVIDIA GeForce RTX 5060 Ti,42,HotpotQA,12,16,118,multi-hop,37.3524,0.0,0.0,0,1,1,99,355,355,66073395200,66073395200,7.697,0.018
google/gemma-3-1b-it,NVIDIA GeForce RTX 5060 Ti,42,HotpotQA,12,16,119,multi-hop,50.4411,0.0,0.0,0,1,1,106,362,362,68704796672,68704796672,7.697,0.018
google/gemma-3-1b-it,NVIDIA GeForce RTX 5060 Ti,42,HotpotQA,12,16,120,structural,40.5116,34.8984,34.9585,0,0,0,84,340,340,60607692800,60607692800,7.697,0.018
google/gemma-3-1b-it,NVIDIA GeForce RTX 5060 Ti,42,HotpotQA,12,16,121,multi-hop,65.8179,0.0,0.0,0,1,1,114,370,370,71775027200,71775027200,7.697,0.018
google/gemma-3-1b-it,NVIDIA GeForce RTX 5060 Ti,42,HotpotQA,12,16,122,semantic,0.0,57.0729,47.6288,1,0,0,121,377,377,74516529152,74516529152,7.697,0.018
google/gemma-3-1b-it,NVIDIA GeForce RTX 5060 Ti,42,HotpotQA,12,16,123,semantic,47.4825,0.0,0.0,0,1,1,2,258,258,34898706432,34898706432,7.697,0.018
google/gemma-3-1b-it,NVIDIA GeForce RTX 5060 Ti,42,HotpotQA,12,16,124,multi-hop,64.5088,50.9197,37.8495,0,0,0,2,258,36,34898706432,679477248,7.697,0.018
google/gemma-3-1b-it,NVIDIA GeForce RTX 5060 Ti,42,HotpotQA,12,16,125,semantic,76.9447,0.0,0.0,0,1,1,117,373,373,72943665152,72943665152,7.697,0.018
google/gemma-3-1b-it,NVIDIA GeForce RTX 5060 Ti,42,HotpotQA,12,16,126,semantic,59.0053,0.0,0.0,0,1,1,60,316,316,52353302528,52353302528,7.697,0.018
google/gemma-3-1b-it,NVIDIA GeForce RTX 5060 Ti,42,HotpotQA,12,16,127,multi-hop,38.2506,35.3374,32.9086,0,0,0,35,291,291,44397232128,44397232128,7.697,0.018
google/gemma-3-1b-it,NVIDIA GeForce RTX 5060 Ti,42,HotpotQA,12,16,128,multi-hop,41.0066,0.0,0.0,0,1,1,117,373,373,72943665152,72943665152,7.697,0.018
google/gemma-3-1b-it,NVIDIA GeForce RTX 5060 Ti,42,HotpotQA,12,16,129,structural,34.0188,38.5486,0.0,0,0,1,47,303,303,48134356992,48134356992,7.697,0.018
google/gemma-3-1b-it,NVIDIA GeForce RTX 5060 Ti,42,HotpotQA,12,16,130,semantic,29.6848,0.0,0.0,0,1,1,94,350,350,64225280000,64225280000,7.697,0.018
google/gemma-3-1b-it,NVIDIA GeForce RTX 5060 Ti,42,HotpotQA,12,16,131,semantic,33.7828,0.0,0.0,0,1,1,126,382,382,76506202112,76506202112,7.697,0.018
google/gemma-3-1b-it,NVIDIA GeForce RTX 5060 Ti,42,HotpotQA,12,16,132,semantic,36.2303,0.0,0.0,0,1,1,99,355,355,66073395200,66073395200,7.697,0.018
google/gemma-3-1b-it,NVIDIA GeForce RTX 5060 Ti,42,HotpotQA,12,16,133,multi-hop,45.1362,0.0,0.0,0,1,1,99,355,355,66073395200,66073395200,7.697,0.018
google/gemma-3-1b-it,NVIDIA GeForce RTX 5060 Ti,42,HotpotQA,12,16,134,structural,34.4754,34.811,33.0809,0,0,0,18,274,274,39361445888,39361445888,7.697,0.018
google/gemma-3-1b-it,NVIDIA GeForce RTX 5060 Ti,42,HotpotQA,12,16,135,multi-hop,37.3851,0.0,0.0,0,1,1,58,314,314,51692699648,51692699648,7.697,0.018
google/gemma-3-1b-it,NVIDIA GeForce RTX 5060 Ti,42,HotpotQA,12,16,136,semantic,36.4329,0.0,37.843,0,1,0,19,275,275,39649280000,39649280000,7.697,0.018
google/gemma-3-1b-it,NVIDIA GeForce RTX 5060 Ti,42,HotpotQA,12,16,137,semantic,40.7516,0.0,0.0,0,1,1,57,313,313,51363971072,51363971072,7.697,0.018
google/gemma-3-1b-it,NVIDIA GeForce RTX 5060 Ti,42,HotpotQA,12,16,138,semantic,60.2602,0.0,0.0,0,1,1,76,332,332,57789120512,57789120512,7.697,0.018
google/gemma-3-1b-it,NVIDIA GeForce RTX 5060 Ti,42,HotpotQA,12,16,139,multi-hop,58.1404,41.0501,58.4391,0,0,0,119,375,375,73728000000,73728000000,7.697,0.018
google/gemma-3-1b-it,NVIDIA GeForce RTX 5060 Ti,42,HotpotQA,12,16,140,structural,84.168,52.6291,57.9715,0,0,0,2,53,146,1472724992,11175723008,7.697,0.018
google/gemma-3-1b-it,NVIDIA GeForce RTX 5060 Ti,42,HotpotQA,12,16,141,semantic,50.65,0.0,0.0,0,1,1,66,322,322,54360276992,54360276992,7.697,0.018
google/gemma-3-1b-it,NVIDIA GeForce RTX 5060 Ti,42,HotpotQA,12,16,142,multi-hop,0.0,0.0,38.6943,1,1,0,20,276,276,39938162688,39938162688,7.697,0.018
google/gemma-3-1b-it,NVIDIA GeForce RTX 5060 Ti,42,HotpotQA,12,16,143,semantic,57.1785,0.0,0.0,0,1,1,82,338,338,59896758272,59896758272,7.697,0.018
google/gemma-3-1b-it,NVIDIA GeForce RTX 5060 Ti,42,HotpotQA,12,16,144,multi-hop,61.4601,0.0,0.0,0,1,1,117,373,373,72943665152,72943665152,7.697,0.018
google/gemma-3-1b-it,NVIDIA GeForce RTX 5060 Ti,42,HotpotQA,12,16,145,multi-hop,74.9905,0.0,0.0,0,1,1,72,328,328,56405000192,56405000192,7.697,0.018
google/gemma-3-1b-it,NVIDIA GeForce RTX 5060 Ti,42,HotpotQA,12,16,146,multi-hop,38.9606,0.0,0.0,0,1,1,105,361,361,68325736448,68325736448,7.697,0.018
google/gemma-3-1b-it,NVIDIA GeForce RTX 5060 Ti,42,HotpotQA,12,16,147,multi-hop,38.1295,0.0,0.0,0,1,1,2,37,258,717750272,34898706432,7.697,0.018
google/gemma-3-1b-it,NVIDIA GeForce RTX 5060 Ti,42,HotpotQA,12,16,148,multi-hop,39.693,48.0142,0.0,0,0,1,99,355,355,66073395200,66073395200,7.697,0.018
google/gemma-3-1b-it,NVIDIA GeForce RTX 5060 Ti,42,HotpotQA,12,16,149,multi-hop,42.6132,53.8748,77.4714,0,0,0,134,390,390,79744204800,79744204800,7.697,0.018
google/gemma-3-1b-it,NVIDIA GeForce RTX 5060 Ti,42,HotpotQA,12,16,150,semantic,43.2605,0.0,60.7338,0,1,0,77,333,333,58137772032,58137772032,7.697,0.018
google/gemma-3-1b-it,NVIDIA GeForce RTX 5060 Ti,42,HotpotQA,12,16,151,structural,47.2536,0.0,0.0,0,1,1,35,291,291,44397232128,44397232128,7.697,0.018
google/gemma-3-1b-it,NVIDIA GeForce RTX 5060 Ti,42,HotpotQA,12,16,152,structural,39.548,0.0,0.0,0,1,1,129,385,385,77712588800,77712588800,7.697,0.018
google/gemma-3-1b-it,NVIDIA GeForce RTX 5060 Ti,42,HotpotQA,12,16,153,structural,63.2165,28.5497,0.0,0,0,1,85,341,341,60964732928,60964732928,7.697,0.018
google/gemma-3-1b-it,NVIDIA GeForce RTX 5060 Ti,42,HotpotQA,12,16,154,multi-hop,0.0,0.0,0.0,1,1,1,35,291,291,44397232128,44397232128,7.697,0.018
google/gemma-3-1b-it,NVIDIA GeForce RTX 5060 Ti,42,HotpotQA,12,16,155,multi-hop,37.2359,0.0,0.0,0,1,1,67,323,323,54698442752,54698442752,7.697,0.018
google/gemma-3-1b-it,NVIDIA GeForce RTX 5060 Ti,42,HotpotQA,12,16,156,structural,42.5859,58.4558,52.0524,0,0,0,14,270,270,38220595200,38220595200,7.697,0.018
google/gemma-3-1b-it,NVIDIA GeForce RTX 5060 Ti,42,HotpotQA,12,16,157,multi-hop,34.6922,46.9212,46.4591,0,0,0,75,331,331,57441517568,57441517568,7.697,0.018
google/gemma-3-1b-it,NVIDIA GeForce RTX 5060 Ti,42,HotpotQA,12,16,158,multi-hop,32.9672,0.0,0.0,0,1,1,159,415,415,90295500800,90295500800,7.697,0.018
google/gemma-3-1b-it,NVIDIA GeForce RTX 5060 Ti,42,HotpotQA,12,16,159,structural,29.7218,36.3186,35.6153,0,0,0,69,325,325,55377920000,55377920000,7.697,0.018
google/gemma-3-1b-it,NVIDIA GeForce RTX 5060 Ti,42,HotpotQA,12,16,160,semantic,29.0696,0.0,0.0,0,1,1,17,273,273,39074660352,39074660352,7.697,0.018
google/gemma-3-1b-it,NVIDIA GeForce RTX 5060 Ti,42,HotpotQA,12,16,161,multi-hop,36.7669,0.0,0.0,0,1,1,64,320,320,53687091200,53687091200,7.697,0.018
google/gemma-3-1b-it,NVIDIA GeForce RTX 5060 Ti,42,HotpotQA,12,16,162,multi-hop,30.0954,69.6617,35.8016,0,0,0,81,337,337,59542863872,59542863872,7.697,0.018
google/gemma-3-1b-it,NVIDIA GeForce RTX 5060 Ti,42,HotpotQA,12,16,163,multi-hop,43.1622,0.0,0.0,0,1,1,106,362,362,68704796672,68704796672,7.697,0.018
google/gemma-3-1b-it,NVIDIA GeForce RTX 5060 Ti,42,HotpotQA,12,16,164,semantic,75.0522,0.0,38.0723,0,1,0,20,276,276,39938162688,39938162688,7.697,0.018
google/gemma-3-1b-it,NVIDIA GeForce RTX 5060 Ti,42,HotpotQA,12,16,165,multi-hop,38.2559,0.0,0.0,0,1,1,80,336,336,59190018048,59190018048,7.697,0.018
google/gemma-3-1b-it,NVIDIA GeForce RTX 5060 Ti,42,HotpotQA,12,16,166,multi-hop,61.7272,0.0,0.0,0,1,1,96,352,352,64961380352,64961380352,7.697,0.018
google/gemma-3-1b-it,NVIDIA GeForce RTX 5060 Ti,42,HotpotQA,12,16,167,multi-hop,41.9759,50.4959,39.1131,0,0,0,35,291,291,44397232128,44397232128,7.697,0.018
google/gemma-3-1b-it,NVIDIA GeForce RTX 5060 Ti,42,HotpotQA,12,16,168,semantic,30.5806,0.0,0.0,0,1,1,20,276,276,39938162688,39938162688,7.697,0.018
google/gemma-3-1b-it,NVIDIA GeForce RTX 5060 Ti,42,HotpotQA,12,16,169,multi-hop,28.0462,45.3614,0.0,0,0,1,118,374,374,73335308288,73335308288,7.697,0.018
google/gemma-3-1b-it,NVIDIA GeForce RTX 5060 Ti,42,HotpotQA,12,16,170,multi-hop,32.6413,28.3744,48.9221,0,0,0,5,261,261,35715022848,35715022848,7.697,0.018
google/gemma-3-1b-it,NVIDIA GeForce RTX 5060 Ti,42,HotpotQA,12,16,171,multi-hop,37.2525,0.0,47.9051,0,1,0,91,347,347,63128993792,63128993792,7.697,0.018
google/gemma-3-1b-it,NVIDIA GeForce RTX 5060 Ti,42,HotpotQA,12,16,172,structural,40.9423,0.0,0.0,0,1,1,6,262,262,35989225472,35989225472,7.697,0.018
google/gemma-3-1b-it,NVIDIA GeForce RTX 5060 Ti,42,HotpotQA,12,16,173,multi-hop,39.6962,60.7469,0.0,0,0,1,53,309,309,50059542528,50059542528,7.697,0.018
google/gemma-3-1b-it,NVIDIA GeForce RTX 5060 Ti,42,HotpotQA,12,16,174,semantic,39.3315,0.0,0.0,0,1,1,106,362,362,68704796672,68704796672,7.697,0.018
google/gemma-3-1b-it,NVIDIA GeForce RTX 5060 Ti,42,HotpotQA,12,16,175,multi-hop,45.247,46.701,32.1766,0,0,0,20,276,276,39938162688,39938162688,7.697,0.018
google/gemma-3-1b-it,NVIDIA GeForce RTX 5060 Ti,42,HotpotQA,12,16,176,multi-hop,47.6834,0.0,0.0,0,1,1,108,364,364,69466062848,69466062848,7.697,0.018
google/gemma-3-1b-it,NVIDIA GeForce RTX 5060 Ti,42,HotpotQA,12,16,177,multi-hop,36.5621,0.0,0.0,0,1,1,114,370,370,71775027200,71775027200,7.697,0.018
google/gemma-3-1b-it,NVIDIA GeForce RTX 5060 Ti,42,HotpotQA,12,16,178,structural,37.3581,38.1408,0.0,0,0,1,98,354,354,65701675008,65701675008,7.697,0.018
google/gemma-3-1b-it,NVIDIA GeForce RTX 5060 Ti,42,HotpotQA,12,16,179,structural,39.6368,66.9311,49.1947,0,0,0,49,305,305,48771891200,48771891200,7.697,0.018
google/gemma-3-1b-it,NVIDIA GeForce RTX 5060 Ti,42,HotpotQA,12,16,180,semantic,39.3141,0.0,0.0,0,1,1,93,349,349,63858802688,63858802688,7.697,0.018
google/gemma-3-1b-it,NVIDIA GeForce RTX 5060 Ti,42,HotpotQA,12,16,181,structural,41.849,27.2619,58.5781,0,0,0,108,364,364,69466062848,69466062848,7.697,0.018
google/gemma-3-1b-it,NVIDIA GeForce RTX 5060 Ti,42,HotpotQA,12,16,182,multi-hop,33.3445,0.0,0.0,0,1,1,2,37,258,717750272,34898706432,7.697,0.018
google/gemma-3-1b-it,NVIDIA GeForce RTX 5060 Ti,42,HotpotQA,12,16,183,multi-hop,61.3069,0.0,46.0078,0,1,0,114,370,370,71775027200,71775027200,7.697,0.018
google/gemma-3-1b-it,NVIDIA GeForce RTX 5060 Ti,42,HotpotQA,12,16,184,structural,62.2021,56.7838,60.9814,0,0,0,13,269,269,37938003968,37938003968,7.697,0.018
google/gemma-3-1b-it,NVIDIA GeForce RTX 5060 Ti,42,HotpotQA,12,16,185,multi-hop,35.8768,0.0,67.2442,0,1,0,94,350,350,64225280000,64225280000,7.697,0.018
google/gemma-3-1b-it,NVIDIA GeForce RTX 5060 Ti,42,HotpotQA,12,16,186,semantic,35.0874,0.0,0.0,0,1,1,105,361,361,68325736448,68325736448,7.697,0.018
google/gemma-3-1b-it,NVIDIA GeForce RTX 5060 Ti,42,HotpotQA,12,16,187,multi-hop,67.301,49.3537,0.0,0,0,1,68,324,324,55037657088,55037657088,7.697,0.018
google/gemma-3-1b-it,NVIDIA GeForce RTX 5060 Ti,42,HotpotQA,12,16,188,multi-hop,40.5389,0.0,0.0,0,1,1,57,313,313,51363971072,51363971072,7.697,0.018
google/gemma-3-1b-it,NVIDIA GeForce RTX 5060 Ti,42,HotpotQA,12,16,189,structural,52.6127,65.389,48.4853,0,0,0,24,280,280,41104179200,41104179200,7.697,0.018
google/gemma-3-1b-it,NVIDIA GeForce RTX 5060 Ti,42,HotpotQA,12,16,190,structural,74.3767,59.3088,61.8213,0,0,0,20,276,276,39938162688,39938162688,7.697,0.018
google/gemma-3-1b-it,NVIDIA GeForce RTX 5060 Ti,42,HotpotQA,12,16,191,structural,55.461,0.0,0.0,0,1,1,69,325,325,55377920000,55377920000,7.697,0.018
google/gemma-3-1b-it,NVIDIA GeForce RTX 5060 Ti,42,HotpotQA,12,16,192,multi-hop,44.8524,0.0,0.0,0,1,1,5,261,261,35715022848,35715022848,7.697,0.018
google/gemma-3-1b-it,NVIDIA GeForce RTX 5060 Ti,42,HotpotQA,12,16,193,semantic,79.9983,0.0,0.0,0,1,1,26,282,282,41693478912,41693478912,7.697,0.018
google/gemma-3-1b-it,NVIDIA GeForce RTX 5060 Ti,42,HotpotQA,12,16,194,multi-hop,40.1863,43.1575,0.0,0,0,1,4,260,260,35441868800,35441868800,7.697,0.018
google/gemma-3-1b-it,NVIDIA GeForce RTX 5060 Ti,42,HotpotQA,12,16,195,multi-hop,45.9546,64.1658,0.0,0,0,1,114,370,370,71775027200,71775027200,7.697,0.018
google/gemma-3-1b-it,NVIDIA GeForce RTX 5060 Ti,42,HotpotQA,12,16,196,multi-hop,54.1646,0.0,0.0,0,1,1,14,270,270,38220595200,38220595200,7.697,0.018
google/gemma-3-1b-it,NVIDIA GeForce RTX 5060 Ti,42,HotpotQA,12,16,197,semantic,53.8102,0.0,40.9331,0,1,0,96,352,352,64961380352,64961380352,7.697,0.018
google/gemma-3-1b-it,NVIDIA GeForce RTX 5060 Ti,42,HotpotQA,12,16,198,semantic,0.0,0.0,0.0,1,1,1,14,270,270,38220595200,38220595200,7.697,0.018
google/gemma-3-1b-it,NVIDIA GeForce RTX 5060 Ti,42,HotpotQA,12,16,199,semantic,39.0888,0.0,0.0,0,1,1,106,362,362,68704796672,68704796672,7.697,0.018
google/gemma-3-1b-it,NVIDIA GeForce RTX 5060 Ti,42,HotpotQA,12,16,200,multi-hop,46.7497,53.2359,70.5398,0,0,0,2,258,258,34898706432,34898706432,7.697,0.018
google/gemma-3-1b-it,NVIDIA GeForce RTX 5060 Ti,42,HotpotQA,12,16,201,multi-hop,35.2486,0.0,0.0,0,1,1,47,303,303,48134356992,48134356992,7.697,0.018
google/gemma-3-1b-it,NVIDIA GeForce RTX 5060 Ti,42,HotpotQA,12,16,202,semantic,55.3543,0.0,0.0,0,1,1,25,281,281,41398304768,41398304768,7.697,0.018
google/gemma-3-1b-it,NVIDIA GeForce RTX 5060 Ti,42,HotpotQA,12,16,203,semantic,48.9827,0.0,0.0,0,1,1,102,358,358,67194847232,67194847232,7.697,0.018
google/gemma-3-1b-it,NVIDIA GeForce RTX 5060 Ti,42,HotpotQA,12,16,204,multi-hop,33.2847,0.0,46.6003,0,1,0,131,387,387,78522089472,78522089472,7.697,0.018
google/gemma-3-1b-it,NVIDIA GeForce RTX 5060 Ti,42,HotpotQA,12,16,205,multi-hop,30.1426,53.6971,0.0,0,0,1,128,384,384,77309411328,77309411328,7.697,0.018
google/gemma-3-1b-it,NVIDIA GeForce RTX 5060 Ti,42,HotpotQA,12,16,206,multi-hop,63.8484,0.0,34.5565,0,1,0,105,361,361,68325736448,68325736448,7.697,0.018
google/gemma-3-1b-it,NVIDIA GeForce RTX 5060 Ti,42,HotpotQA,12,16,207,multi-hop,51.7083,0.0,0.0,0,1,1,148,404,404,85572190208,85572190208,7.697,0.018
google/gemma-3-1b-it,NVIDIA GeForce RTX 5060 Ti,42,HotpotQA,12,16,208,semantic,38.1507,0.0,0.0,0,1,1,10,266,266,37096521728,37096521728,7.697,0.018
google/gemma-3-1b-it,NVIDIA GeForce RTX 5060 Ti,42,HotpotQA,12,16,209,semantic,35.9525,0.0,0.0,0,1,1,70,326,326,55719231488,55719231488,7.697,0.018
google/gemma-3-1b-it,NVIDIA GeForce RTX 5060 Ti,42,HotpotQA,12,16,210,multi-hop,47.5717,0.0,0.0,0,1,1,125,381,381,76106170368,76106170368,7.697,0.018
google/gemma-3-1b-it,NVIDIA GeForce RTX 5060 Ti,42,HotpotQA,12,16,211,multi-hop,78.5348,37.0768,0.0,0,0,1,85,341,341,60964732928,60964732928,7.697,0.018
google/gemma-3-1b-it,NVIDIA GeForce RTX 5060 Ti,42,HotpotQA,12,16,212,semantic,66.5421,0.0,0.0,0,1,1,94,350,350,64225280000,64225280000,7.697,0.018
google/gemma-3-1b-it,NVIDIA GeForce RTX 5060 Ti,42,HotpotQA,12,16,213,structural,59.0977,50.2644,50.0939,0,0,0,64,320,320,53687091200,53687091200,7.697,0.018
google/gemma-3-1b-it,NVIDIA GeForce RTX 5060 Ti,42,HotpotQA,12,16,214,multi-hop,39.544,0.0,37.7106,0,1,0,117,373,373,72943665152,72943665152,7.697,0.018
google/gemma-3-1b-it,NVIDIA GeForce RTX 5060 Ti,42,HotpotQA,12,16,215,multi-hop,67.563,61.9728,58.2371,0,0,0,139,395,395,81802035200,81802035200,7.697,0.018
google/gemma-3-1b-it,NVIDIA GeForce RTX 5060 Ti,42,HotpotQA,12,16,216,multi-hop,31.1668,0.0,0.0,0,1,1,118,374,374,73335308288,73335308288,7.697,0.018
google/gemma-3-1b-it,NVIDIA GeForce RTX 5060 Ti,42,HotpotQA,12,16,217,semantic,62.4977,0.0,0.0,0,1,1,63,319,319,53352071168,53352071168,7.697,0.018
google/gemma-3-1b-it,NVIDIA GeForce RTX 5060 Ti,42,HotpotQA,12,16,218,semantic,64.4228,0.0,0.0,0,1,1,101,357,357,66819981312,66819981312,7.697,0.018
google/gemma-3-1b-it,NVIDIA GeForce RTX 5060 Ti,42,HotpotQA,12,16,219,structural,37.216,48.7404,50.6536,0,0,0,109,365,365,69848268800,69848268800,7.697,0.018
google/gemma-3-1b-it,NVIDIA GeForce RTX 5060 Ti,42,HotpotQA,12,16,220,multi-hop,90.5648,0.0,0.0,0,1,1,142,398,398,83049316352,83049316352,7.697,0.018
google/gemma-3-1b-it,NVIDIA GeForce RTX 5060 Ti,42,HotpotQA,12,16,221,semantic,51.1779,61.3759,37.96,0,0,0,134,390,390,79744204800,79744204800,7.697,0.018
google/gemma-3-1b-it,NVIDIA GeForce RTX 5060 Ti,42,HotpotQA,12,16,222,structural,55.5581,49.4865,0.0,0,0,1,93,349,349,63858802688,63858802688,7.697,0.018
google/gemma-3-1b-it,NVIDIA GeForce RTX 5060 Ti,42,HotpotQA,12,16,223,multi-hop,36.5378,0.0,0.0,0,1,1,68,324,324,55037657088,55037657088,7.697,0.018
google/gemma-3-1b-it,NVIDIA GeForce RTX 5060 Ti,42,HotpotQA,12,16,224,multi-hop,59.7263,64.4446,0.0,0,0,1,3,259,259,35169763328,35169763328,7.697,0.018
google/gemma-3-1b-it,NVIDIA GeForce RTX 5060 Ti,42,HotpotQA,12,16,225,structural,49.6698,0.0,0.0,0,1,1,112,368,368,71001178112,71001178112,7.697,0.018
google/gemma-3-1b-it,NVIDIA GeForce RTX 5060 Ti,42,HotpotQA,12,16,226,semantic,51.1766,0.0,0.0,0,1,1,17,273,273,39074660352,39074660352,7.697,0.018
google/gemma-3-1b-it,NVIDIA GeForce RTX 5060 Ti,42,HotpotQA,12,16,227,semantic,37.6007,0.0,0.0,0,1,1,123,379,379,75309252608,75309252608,7.697,0.018
google/gemma-3-1b-it,NVIDIA GeForce RTX 5060 Ti,42,HotpotQA,12,16,228,structural,39.7525,0.0,0.0,0,1,1,167,423,423,93810327552,93810327552,7.697,0.018
google/gemma-3-1b-it,NVIDIA GeForce RTX 5060 Ti,42,HotpotQA,12,16,229,multi-hop,36.2442,0.0,57.6597,0,1,0,125,381,381,76106170368,76106170368,7.697,0.018
google/gemma-3-1b-it,NVIDIA GeForce RTX 5060 Ti,42,HotpotQA,12,16,230,structural,35.4488,0.0,0.0,0,1,1,73,329,329,56749457408,56749457408,7.697,0.018
google/gemma-3-1b-it,NVIDIA GeForce RTX 5060 Ti,42,HotpotQA,12,16,231,semantic,37.0734,0.0,0.0,0,1,1,81,337,337,59542863872,59542863872,7.697,0.018
google/gemma-3-1b-it,NVIDIA GeForce RTX 5060 Ti,42,HotpotQA,12,16,232,structural,54.6673,0.0,0.0,0,1,1,226,482,482,121804685312,121804685312,7.697,0.018
google/gemma-3-1b-it,NVIDIA GeForce RTX 5060 Ti,42,HotpotQA,12,16,233,structural,40.9541,51.097,65.0449,0,0,0,6,262,262,35989225472,35989225472,7.697,0.018
google/gemma-3-1b-it,NVIDIA GeForce RTX 5060 Ti,42,HotpotQA,12,16,234,semantic,61.4762,0.0,0.0,0,1,1,114,370,370,71775027200,71775027200,7.697,0.018
google/gemma-3-1b-it,NVIDIA GeForce RTX 5060 Ti,42,HotpotQA,12,16,235,multi-hop,0.0,0.0,0.0,1,1,1,123,379,379,75309252608,75309252608,7.697,0.018
google/gemma-3-1b-it,NVIDIA GeForce RTX 5060 Ti,42,HotpotQA,12,16,236,multi-hop,32.292,0.0,51.7028,0,1,0,102,358,358,67194847232,67194847232,7.697,0.018
google/gemma-3-1b-it,NVIDIA GeForce RTX 5060 Ti,42,HotpotQA,12,16,237,structural,47.9387,51.5198,62.5302,0,0,0,116,372,372,72553070592,72553070592,7.697,0.018
google/gemma-3-1b-it,NVIDIA GeForce RTX 5060 Ti,42,HotpotQA,12,16,238,multi-hop,41.9568,71.758,42.8632,0,0,0,124,380,380,75707187200,75707187200,7.697,0.018
google/gemma-3-1b-it,NVIDIA GeForce RTX 5060 Ti,42,HotpotQA,12,16,239,structural,52.2715,63.8692,66.5103,0,0,0,31,287,287,43185078272,43185078272,7.697,0.018
google/gemma-3-1b-it,NVIDIA GeForce RTX 5060 Ti,42,HotpotQA,12,16,240,multi-hop,57.0793,0.0,0.0,0,1,1,186,442,442,102427000832,102427000832,7.697,0.018
google/gemma-3-1b-it,NVIDIA GeForce RTX 5060 Ti,42,HotpotQA,12,16,241,multi-hop,66.5741,0.0,0.0,0,1,1,78,334,334,58487472128,58487472128,7.697,0.018
google/gemma-3-1b-it,NVIDIA GeForce RTX 5060 Ti,42,HotpotQA,12,16,242,multi-hop,36.2162,43.2907,74.562,0,0,0,124,380,380,75707187200,75707187200,7.697,0.018
google/gemma-3-1b-it,NVIDIA GeForce RTX 5060 Ti,42,HotpotQA,12,16,243,multi-hop,95.3028,40.2427,78.6132,0,0,0,131,387,387,78522089472,78522089472,7.697,0.018
google/gemma-3-1b-it,NVIDIA GeForce RTX 5060 Ti,42,HotpotQA,12,16,244,semantic,64.7803,0.0,41.2365,0,1,0,108,364,364,69466062848,69466062848,7.697,0.018
google/gemma-3-1b-it,NVIDIA GeForce RTX 5060 Ti,42,HotpotQA,12,16,245,multi-hop,68.4012,0.0,0.0,0,1,1,94,350,350,64225280000,64225280000,7.697,0.018
google/gemma-3-1b-it,NVIDIA GeForce RTX 5060 Ti,42,HotpotQA,12,16,246,structural,52.6262,0.0,0.0,0,1,1,8,264,264,36540776448,36540776448,7.697,0.018
google/gemma-3-1b-it,NVIDIA GeForce RTX 5060 Ti,42,HotpotQA,12,16,247,structural,45.5375,0.0,0.0,0,1,1,111,367,367,70615826432,70615826432,7.697,0.018
google/gemma-3-1b-it,NVIDIA GeForce RTX 5060 Ti,42,HotpotQA,12,16,248,semantic,40.4156,0.0,0.0,0,1,1,98,354,354,65701675008,65701675008,7.697,0.018
google/gemma-3-1b-it,NVIDIA GeForce RTX 5060 Ti,42,HotpotQA,12,16,249,multi-hop,53.6987,0.0,61.0412,0,1,0,24,280,280,41104179200,41104179200,7.697,0.018
google/gemma-3-1b-it,NVIDIA GeForce RTX 5060 Ti,42,HotpotQA,12,16,250,semantic,42.2715,0.0,0.0,0,1,1,109,365,365,69848268800,69848268800,7.697,0.018
google/gemma-3-1b-it,NVIDIA GeForce RTX 5060 Ti,42,HotpotQA,12,16,251,multi-hop,50.6896,0.0,0.0,0,1,1,96,352,352,64961380352,64961380352,7.697,0.018
google/gemma-3-1b-it,NVIDIA GeForce RTX 5060 Ti,42,HotpotQA,12,16,252,multi-hop,41.4423,0.0,49.3879,0,1,0,139,395,395,81802035200,81802035200,7.697,0.018
google/gemma-3-1b-it,NVIDIA GeForce RTX 5060 Ti,42,HotpotQA,12,16,253,multi-hop,0.0,0.0,0.0,1,1,1,3,259,259,35169763328,35169763328,7.697,0.018
google/gemma-3-1b-it,NVIDIA GeForce RTX 5060 Ti,42,HotpotQA,12,16,254,multi-hop,59.3676,92.642,53.1404,0,0,0,44,300,300,47185920000,47185920000,7.697,0.018
google/gemma-3-1b-it,NVIDIA GeForce RTX 5060 Ti,42,HotpotQA,12,16,255,multi-hop,54.7631,0.0,0.0,0,1,1,126,382,382,76506202112,76506202112,7.697,0.018
google/gemma-3-1b-it,NVIDIA GeForce RTX 5060 Ti,42,HotpotQA,12,16,256,multi-hop,32.646,51.0179,65.0271,0,0,0,63,319,319,53352071168,53352071168,7.697,0.018
google/gemma-3-1b-it,NVIDIA GeForce RTX 5060 Ti,42,HotpotQA,12,16,257,semantic,58.515,0.0,0.0,0,1,1,100,356,356,66446163968,66446163968,7.697,0.018
google/gemma-3-1b-it,NVIDIA GeForce RTX 5060 Ti,42,HotpotQA,12,16,258,multi-hop,82.7878,0.0,0.0,0,1,1,112,368,368,71001178112,71001178112,7.697,0.018
google/gemma-3-1b-it,NVIDIA GeForce RTX 5060 Ti,42,HotpotQA,12,16,259,multi-hop,41.5777,0.0,0.0,0,1,1,78,334,334,58487472128,58487472128,7.697,0.018
google/gemma-3-1b-it,NVIDIA GeForce RTX 5060 Ti,42,HotpotQA,12,16,260,structural,80.9183,0.0,0.0,0,1,1,25,281,281,41398304768,41398304768,7.697,0.018
google/gemma-3-1b-it,NVIDIA GeForce RTX 5060 Ti,42,HotpotQA,12,16,261,semantic,0.0,0.0,0.0,1,1,1,82,338,338,59896758272,59896758272,7.697,0.018
google/gemma-3-1b-it,NVIDIA GeForce RTX 5060 Ti,42,HotpotQA,12,16,262,multi-hop,77.6733,0.0,74.5754,0,1,0,99,355,355,66073395200,66073395200,7.697,0.018
google/gemma-3-1b-it,NVIDIA GeForce RTX 5060 Ti,42,HotpotQA,12,16,263,semantic,76.2224,0.0,0.0,0,1,1,114,370,370,71775027200,71775027200,7.697,0.018
google/gemma-3-1b-it,NVIDIA GeForce RTX 5060 Ti,42,HotpotQA,12,16,264,semantic,40.0967,0.0,0.0,0,1,1,87,343,343,61681958912,61681958912,7.697,0.018
google/gemma-3-1b-it,NVIDIA GeForce RTX 5060 Ti,42,HotpotQA,12,16,265,semantic,51.5448,0.0,0.0,0,1,1,119,375,375,73728000000,73728000000,7.697,0.018
google/gemma-3-1b-it,NVIDIA GeForce RTX 5060 Ti,42,HotpotQA,12,16,266,semantic,71.7098,0.0,0.0,0,1,1,105,361,361,68325736448,68325736448,7.697,0.018
google/gemma-3-1b-it,NVIDIA GeForce RTX 5060 Ti,42,HotpotQA,12,16,267,structural,46.1358,0.0,0.0,0,1,1,101,357,357,66819981312,66819981312,7.697,0.018
google/gemma-3-1b-it,NVIDIA GeForce RTX 5060 Ti,42,HotpotQA,12,16,268,structural,68.6162,85.7189,0.0,0,0,1,114,370,370,71775027200,71775027200,7.697,0.018
google/gemma-3-1b-it,NVIDIA GeForce RTX 5060 Ti,42,HotpotQA,12,16,269,semantic,42.1092,0.0,0.0,0,1,1,115,371,371,72163524608,72163524608,7.697,0.018
google/gemma-3-1b-it,NVIDIA GeForce RTX 5060 Ti,42,HotpotQA,12,16,270,multi-hop,64.1494,0.0,65.8521,0,1,0,110,366,366,70231523328,70231523328,7.697,0.018
google/gemma-3-1b-it,NVIDIA GeForce RTX 5060 Ti,42,HotpotQA,12,16,271,multi-hop,76.5194,0.0,0.0,0,1,1,122,378,378,74912366592,74912366592,7.697,0.018
google/gemma-3-1b-it,NVIDIA GeForce RTX 5060 Ti,42,HotpotQA,12,16,272,semantic,55.1891,0.0,39.4865,0,1,0,25,281,281,41398304768,41398304768,7.697,0.018
google/gemma-3-1b-it,NVIDIA GeForce RTX 5060 Ti,42,HotpotQA,12,16,273,multi-hop,33.8307,51.5382,0.0,0,0,1,136,392,392,80564191232,80564191232,7.697,0.018
google/gemma-3-1b-it,NVIDIA GeForce RTX 5060 Ti,42,HotpotQA,12,16,274,multi-hop,47.6647,0.0,0.0,0,1,1,3,259,259,35169763328,35169763328,7.697,0.018
google/gemma-3-1b-it,NVIDIA GeForce RTX 5060 Ti,42,HotpotQA,12,16,275,multi-hop,40.83,0.0,0.0,0,1,1,5,205,261,22033203200,35715022848,7.697,0.018
google/gemma-3-1b-it,NVIDIA GeForce RTX 5060 Ti,42,HotpotQA,12,16,276,multi-hop,53.9823,0.0,0.0,0,1,1,123,379,379,75309252608,75309252608,7.697,0.018
google/gemma-3-1b-it,NVIDIA GeForce RTX 5060 Ti,42,HotpotQA,12,16,277,structural,66.1939,68.6367,70.4312,0,0,0,97,353,353,65331003392,65331003392,7.697,0.018
google/gemma-3-1b-it,NVIDIA GeForce RTX 5060 Ti,42,HotpotQA,12,16,278,multi-hop,38.9784,43.0213,0.0,0,0,1,124,380,380,75707187200,75707187200,7.697,0.018
google/gemma-3-1b-it,NVIDIA GeForce RTX 5060 Ti,42,HotpotQA,12,16,279,structural,38.9213,69.8956,33.968,0,0,0,95,351,351,64592805888,64592805888,7.697,0.018
google/gemma-3-1b-it,NVIDIA GeForce RTX 5060 Ti,42,HotpotQA,12,16,280,multi-hop,54.2641,38.6886,40.7997,0,0,0,81,337,337,59542863872,59542863872,7.697,0.018
google/gemma-3-1b-it,NVIDIA GeForce RTX 5060 Ti,42,HotpotQA,12,16,281,semantic,50.1789,0.0,0.0,0,1,1,20,276,276,39938162688,39938162688,7.697,0.018
google/gemma-3-1b-it,NVIDIA GeForce RTX 5060 Ti,42,HotpotQA,12,16,282,semantic,38.0034,0.0,0.0,0,1,1,51,307,307,49413619712,49413619712,7.697,0.018
google/gemma-3-1b-it,NVIDIA GeForce RTX 5060 Ti,42,HotpotQA,12,16,283,structural,54.5647,0.0,38.8366,0,1,0,128,384,384,77309411328,77309411328,7.697,0.018
google/gemma-3-1b-it,NVIDIA GeForce RTX 5060 Ti,42,HotpotQA,12,16,284,multi-hop,37.379,35.1546,0.0,0,0,1,68,324,324,55037657088,55037657088,7.697,0.018
google/gemma-3-1b-it,NVIDIA GeForce RTX 5060 Ti,42,HotpotQA,12,16,285,structural,27.5558,0.0,0.0,0,1,1,52,308,308,49736056832,49736056832,7.697,0.018
google/gemma-3-1b-it,NVIDIA GeForce RTX 5060 Ti,42,HotpotQA,12,16,286,multi-hop,37.5796,0.0,0.0,0,1,1,108,364,364,69466062848,69466062848,7.697,0.018
google/gemma-3-1b-it,NVIDIA GeForce RTX 5060 Ti,42,HotpotQA,12,16,287,structural,69.8941,35.1494,49.5639,0,0,0,101,357,357,66819981312,66819981312,7.697,0.018
google/gemma-3-1b-it,NVIDIA GeForce RTX 5060 Ti,42,HotpotQA,12,16,288,multi-hop,33.7708,0.0,0.0,0,1,1,97,353,353,65331003392,65331003392,7.697,0.018
google/gemma-3-1b-it,NVIDIA GeForce RTX 5060 Ti,42,HotpotQA,12,16,289,multi-hop,55.426,0.0,0.0,0,1,1,86,342,342,61322821632,61322821632,7.697,0.018
google/gemma-3-1b-it,NVIDIA GeForce RTX 5060 Ti,42,HotpotQA,12,16,290,semantic,34.8573,0.0,0.0,0,1,1,75,331,331,57441517568,57441517568,7.697,0.018
google/gemma-3-1b-it,NVIDIA GeForce RTX 5060 Ti,42,HotpotQA,12,16,291,multi-hop,60.1341,0.0,0.0,0,1,1,84,340,340,60607692800,60607692800,7.697,0.018
google/gemma-3-1b-it,NVIDIA GeForce RTX 5060 Ti,42,HotpotQA,12,16,292,multi-hop,53.2008,0.0,70.9354,0,1,0,25,281,281,41398304768,41398304768,7.697,0.018
google/gemma-3-1b-it,NVIDIA GeForce RTX 5060 Ti,42,HotpotQA,12,16,293,multi-hop,58.8429,60.7648,33.6891,0,0,0,40,296,296,45936017408,45936017408,7.697,0.018
google/gemma-3-1b-it,NVIDIA GeForce RTX 5060 Ti,42,HotpotQA,12,16,294,multi-hop,43.0318,40.753,49.8619,0,0,0,100,356,356,66446163968,66446163968,7.697,0.018
google/gemma-3-1b-it,NVIDIA GeForce RTX 5060 Ti,42,HotpotQA,12,16,295,semantic,49.2229,0.0,0.0,0,1,1,124,380,380,75707187200,75707187200,7.697,0.018
google/gemma-3-1b-it,NVIDIA GeForce RTX 5060 Ti,42,HotpotQA,12,16,296,multi-hop,35.9951,0.0,0.0,0,1,1,104,360,360,67947724800,67947724800,7.697,0.018
google/gemma-3-1b-it,NVIDIA GeForce RTX 5060 Ti,42,HotpotQA,12,16,297,multi-hop,52.0765,0.0,0.0,0,1,1,108,364,364,69466062848,69466062848,7.697,0.018
google/gemma-3-1b-it,NVIDIA GeForce RTX 5060 Ti,42,HotpotQA,12,16,298,structural,41.4617,42.9255,39.7174,0,0,0,70,326,326,55719231488,55719231488,7.697,0.018
google/gemma-3-1b-it,NVIDIA GeForce RTX 5060 Ti,42,HotpotQA,12,16,299,semantic,43.9283,0.0,0.0,0,1,1,42,298,298,46558871552,46558871552,7.697,0.018
google/gemma-3-1b-it,NVIDIA GeForce RTX 5060 Ti,42,HotpotQA,12,16,300,multi-hop,66.2928,0.0,0.0,0,1,1,119,375,375,73728000000,73728000000,7.697,0.018
google/gemma-3-1b-it,NVIDIA GeForce RTX 5060 Ti,42,HotpotQA,12,16,301,multi-hop,34.9946,61.6423,0.0,0,0,1,69,325,325,55377920000,55377920000,7.697,0.018
google/gemma-3-1b-it,NVIDIA GeForce RTX 5060 Ti,42,HotpotQA,12,16,302,structural,52.0153,0.0,0.0,0,1,1,117,373,373,72943665152,72943665152,7.697,0.018
google/gemma-3-1b-it,NVIDIA GeForce RTX 5060 Ti,42,HotpotQA,12,16,303,semantic,54.595,0.0,42.3844,0,1,0,65,321,321,54023159808,54023159808,7.697,0.018
google/gemma-3-1b-it,NVIDIA GeForce RTX 5060 Ti,42,HotpotQA,12,16,304,multi-hop,46.272,0.0,0.0,0,1,1,115,371,371,72163524608,72163524608,7.697,0.018
google/gemma-3-1b-it,NVIDIA GeForce RTX 5060 Ti,42,HotpotQA,12,16,305,multi-hop,41.1073,0.0,0.0,0,1,1,63,319,319,53352071168,53352071168,7.697,0.018
google/gemma-3-1b-it,NVIDIA GeForce RTX 5060 Ti,42,HotpotQA,12,16,306,semantic,45.0804,0.0,0.0,0,1,1,99,355,355,66073395200,66073395200,7.697,0.018
google/gemma-3-1b-it,NVIDIA GeForce RTX 5060 Ti,42,HotpotQA,12,16,307,semantic,35.3829,0.0,0.0,0,1,1,148,404,404,85572190208,85572190208,7.697,0.018
google/gemma-3-1b-it,NVIDIA GeForce RTX 5060 Ti,42,HotpotQA,12,16,308,multi-hop,41.8044,43.7991,34.0321,0,0,0,86,342,342,61322821632,61322821632,7.697,0.018
google/gemma-3-1b-it,NVIDIA GeForce RTX 5060 Ti,42,HotpotQA,12,16,309,multi-hop,38.9578,0.0,0.0,0,1,1,122,378,378,74912366592,74912366592,7.697,0.018
google/gemma-3-1b-it,NVIDIA GeForce RTX 5060 Ti,42,HotpotQA,12,16,310,structural,37.4514,42.7931,39.4185,0,0,0,31,287,287,43185078272,43185078272,7.697,0.018
google/gemma-3-1b-it,NVIDIA GeForce RTX 5060 Ti,42,HotpotQA,12,16,311,multi-hop,76.1422,30.154,35.5889,0,0,0,116,372,372,72553070592,72553070592,7.697,0.018
google/gemma-3-1b-it,NVIDIA GeForce RTX 5060 Ti,42,HotpotQA,12,16,312,multi-hop,44.0737,32.6103,42.2797,0,0,0,106,362,362,68704796672,68704796672,7.697,0.018
google/gemma-3-1b-it,NVIDIA GeForce RTX 5060 Ti,42,HotpotQA,12,16,313,structural,47.9831,36.451,53.8262,0,0,0,111,367,367,70615826432,70615826432,7.697,0.018
google/gemma-3-1b-it,NVIDIA GeForce RTX 5060 Ti,42,HotpotQA,12,16,314,structural,69.8211,32.7245,0.0,0,0,1,117,373,373,72943665152,72943665152,7.697,0.018
google/gemma-3-1b-it,NVIDIA GeForce RTX 5060 Ti,42,HotpotQA,12,16,315,multi-hop,49.634,0.0,0.0,0,1,1,110,366,366,70231523328,70231523328,7.697,0.018
google/gemma-3-1b-it,NVIDIA GeForce RTX 5060 Ti,42,HotpotQA,12,16,316,semantic,70.9116,0.0,0.0,0,1,1,121,377,377,74516529152,74516529152,7.697,0.018
google/gemma-3-1b-it,NVIDIA GeForce RTX 5060 Ti,42,HotpotQA,12,16,317,multi-hop,34.0773,0.0,0.0,0,1,1,63,319,319,53352071168,53352071168,7.697,0.018
google/gemma-3-1b-it,NVIDIA GeForce RTX 5060 Ti,42,HotpotQA,12,16,318,multi-hop,65.4935,33.4801,49.0252,0,0,0,112,368,368,71001178112,71001178112,7.697,0.018
google/gemma-3-1b-it,NVIDIA GeForce RTX 5060 Ti,42,HotpotQA,12,16,319,semantic,74.172,0.0,0.0,0,1,1,4,194,260,19732103168,35441868800,7.697,0.018
google/gemma-3-1b-it,NVIDIA GeForce RTX 5060 Ti,42,HotpotQA,12,16,320,multi-hop,0.0,0.0,0.0,1,1,1,81,337,337,59542863872,59542863872,7.697,0.018
google/gemma-3-1b-it,NVIDIA GeForce RTX 5060 Ti,42,HotpotQA,12,16,321,multi-hop,96.4776,33.3849,53.1192,0,0,0,2,258,36,34898706432,679477248,7.697,0.018
google/gemma-3-1b-it,NVIDIA GeForce RTX 5060 Ti,42,HotpotQA,12,16,322,multi-hop,62.7676,45.5643,48.8765,0,0,0,116,372,372,72553070592,72553070592,7.697,0.018
google/gemma-3-1b-it,NVIDIA GeForce RTX 5060 Ti,42,HotpotQA,12,16,323,structural,0.0,39.2587,33.7232,1,0,0,96,352,352,64961380352,64961380352,7.697,0.018
google/gemma-3-1b-it,NVIDIA GeForce RTX 5060 Ti,42,HotpotQA,12,16,324,semantic,53.1343,0.0,0.0,0,1,1,113,369,369,71387578368,71387578368,7.697,0.018
google/gemma-3-1b-it,NVIDIA GeForce RTX 5060 Ti,42,HotpotQA,12,16,325,semantic,56.0452,0.0,0.0,0,1,1,12,268,268,37656461312,37656461312,7.697,0.018
google/gemma-3-1b-it,NVIDIA GeForce RTX 5060 Ti,42,HotpotQA,12,16,326,multi-hop,60.6368,0.0,0.0,0,1,1,26,282,282,41693478912,41693478912,7.697,0.018
google/gemma-3-1b-it,NVIDIA GeForce RTX 5060 Ti,42,HotpotQA,12,16,327,structural,48.8355,46.1734,43.6432,0,0,0,2,258,258,34898706432,34898706432,7.697,0.018
google/gemma-3-1b-it,NVIDIA GeForce RTX 5060 Ti,42,HotpotQA,12,16,328,multi-hop,28.4599,0.0,0.0,0,1,1,9,265,265,36818124800,36818124800,7.697,0.018
google/gemma-3-1b-it,NVIDIA GeForce RTX 5060 Ti,42,HotpotQA,12,16,329,multi-hop,38.2562,0.0,0.0,0,1,1,105,361,361,68325736448,68325736448,7.697,0.018
google/gemma-3-1b-it,NVIDIA GeForce RTX 5060 Ti,42,HotpotQA,12,16,330,structural,57.6062,0.0,0.0,0,1,1,90,346,346,62765662208,62765662208,7.697,0.018
google/gemma-3-1b-it,NVIDIA GeForce RTX 5060 Ti,42,HotpotQA,12,16,331,multi-hop,41.6244,0.0,0.0,0,1,1,25,281,281,41398304768,41398304768,7.697,0.018
google/gemma-3-1b-it,NVIDIA GeForce RTX 5060 Ti,42,HotpotQA,12,16,332,multi-hop,57.4729,0.0,0.0,0,1,1,96,352,352,64961380352,64961380352,7.697,0.018
google/gemma-3-1b-it,NVIDIA GeForce RTX 5060 Ti,42,HotpotQA,12,16,333,semantic,32.5584,0.0,0.0,0,1,1,118,374,374,73335308288,73335308288,7.697,0.018
google/gemma-3-1b-it,NVIDIA GeForce RTX 5060 Ti,42,HotpotQA,12,16,334,semantic,65.3792,0.0,0.0,0,1,1,104,360,360,67947724800,67947724800,7.697,0.018
google/gemma-3-1b-it,NVIDIA GeForce RTX 5060 Ti,42,HotpotQA,12,16,335,multi-hop,37.5105,0.0,0.0,0,1,1,126,382,382,76506202112,76506202112,7.697,0.018
google/gemma-3-1b-it,NVIDIA GeForce RTX 5060 Ti,42,HotpotQA,12,16,336,multi-hop,40.4683,0.0,0.0,0,1,1,95,351,351,64592805888,64592805888,7.697,0.018
google/gemma-3-1b-it,NVIDIA GeForce RTX 5060 Ti,42,HotpotQA,12,16,337,structural,41.1082,0.0,0.0,0,1,1,24,280,280,41104179200,41104179200,7.697,0.018
google/gemma-3-1b-it,NVIDIA GeForce RTX 5060 Ti,42,HotpotQA,12,16,338,multi-hop,65.9334,0.0,0.0,0,1,1,60,316,316,52353302528,52353302528,7.697,0.018
google/gemma-3-1b-it,NVIDIA GeForce RTX 5060 Ti,42,HotpotQA,12,16,339,multi-hop,32.1699,0.0,0.0,0,1,1,50,306,306,49092231168,49092231168,7.697,0.018
google/gemma-3-1b-it,NVIDIA GeForce RTX 5060 Ti,42,HotpotQA,12,16,340,semantic,77.8396,0.0,0.0,0,1,1,94,350,350,64225280000,64225280000,7.697,0.018
google/gemma-3-1b-it,NVIDIA GeForce RTX 5060 Ti,42,HotpotQA,12,16,341,semantic,55.3951,0.0,59.3815,0,1,0,4,260,260,35441868800,35441868800,7.697,0.018
google/gemma-3-1b-it,NVIDIA GeForce RTX 5060 Ti,42,HotpotQA,12,16,342,multi-hop,0.0,0.0,0.0,1,1,1,24,280,280,41104179200,41104179200,7.697,0.018
google/gemma-3-1b-it,NVIDIA GeForce RTX 5060 Ti,42,HotpotQA,12,16,343,structural,36.8493,0.0,0.0,0,1,1,111,367,367,70615826432,70615826432,7.697,0.018
google/gemma-3-1b-it,NVIDIA GeForce RTX 5060 Ti,42,HotpotQA,12,16,344,multi-hop,73.8784,99.7669,59.1812,0,0,0,101,357,357,66819981312,66819981312,7.697,0.018
google/gemma-3-1b-it,NVIDIA GeForce RTX 5060 Ti,42,HotpotQA,12,16,345,semantic,76.5775,0.0,0.0,0,1,1,102,358,358,67194847232,67194847232,7.697,0.018
google/gemma-3-1b-it,NVIDIA GeForce RTX 5060 Ti,42,HotpotQA,12,16,346,semantic,35.8332,0.0,0.0,0,1,1,18,274,274,39361445888,39361445888,7.697,0.018
google/gemma-3-1b-it,NVIDIA GeForce RTX 5060 Ti,42,HotpotQA,12,16,347,structural,44.3394,0.0,0.0,0,1,1,119,375,375,73728000000,73728000000,7.697,0.018
google/gemma-3-1b-it,NVIDIA GeForce RTX 5060 Ti,42,HotpotQA,12,16,348,structural,67.0204,69.0047,56.6149,0,0,0,106,362,362,68704796672,68704796672,7.697,0.018
google/gemma-3-1b-it,NVIDIA GeForce RTX 5060 Ti,42,HotpotQA,12,16,349,semantic,0.0,0.0,0.0,1,1,1,18,274,274,39361445888,39361445888,7.697,0.018
google/gemma-3-1b-it,NVIDIA GeForce RTX 5060 Ti,42,HotpotQA,12,16,350,semantic,0.0,0.0,0.0,1,1,1,48,304,304,48452599808,48452599808,7.697,0.018
google/gemma-3-1b-it,NVIDIA GeForce RTX 5060 Ti,42,HotpotQA,12,16,351,multi-hop,33.4578,50.0878,75.3037,0,0,0,77,333,333,58137772032,58137772032,7.697,0.018
google/gemma-3-1b-it,NVIDIA GeForce RTX 5060 Ti,42,HotpotQA,12,16,352,structural,34.7174,70.3927,64.7043,0,0,0,14,270,270,38220595200,38220595200,7.697,0.018
google/gemma-3-1b-it,NVIDIA GeForce RTX 5060 Ti,42,HotpotQA,12,16,353,semantic,0.0,0.0,0.0,1,1,1,11,267,267,37375967232,37375967232,7.697,0.018
google/gemma-3-1b-it,NVIDIA GeForce RTX 5060 Ti,42,HotpotQA,12,16,354,semantic,84.2848,0.0,0.0,0,1,1,112,368,368,71001178112,71001178112,7.697,0.018
google/gemma-3-1b-it,NVIDIA GeForce RTX 5060 Ti,42,HotpotQA,12,16,355,semantic,39.9036,0.0,59.2939,0,1,0,109,365,365,69848268800,69848268800,7.697,0.018
google/gemma-3-1b-it,NVIDIA GeForce RTX 5060 Ti,42,HotpotQA,12,16,356,multi-hop,44.4757,73.2086,0.0,0,0,1,114,370,370,71775027200,71775027200,7.697,0.018
google/gemma-3-1b-it,NVIDIA GeForce RTX 5060 Ti,42,HotpotQA,12,16,357,structural,54.489,50.7471,0.0,0,0,1,4,260,260,35441868800,35441868800,7.697,0.018
google/gemma-3-1b-it,NVIDIA GeForce RTX 5060 Ti,42,HotpotQA,12,16,358,multi-hop,74.8434,79.3552,0.0,0,0,1,102,358,358,67194847232,67194847232,7.697,0.018
google/gemma-3-1b-it,NVIDIA GeForce RTX 5060 Ti,42,HotpotQA,12,16,359,structural,41.4919,68.6739,61.6135,0,0,0,41,297,297,46246920192,46246920192,7.697,0.018
google/gemma-3-1b-it,NVIDIA GeForce RTX 5060 Ti,42,HotpotQA,12,16,360,structural,68.5615,51.1413,67.2865,0,0,0,4,133,210,9274130432,23121100800,7.697,0.018
google/gemma-3-1b-it,NVIDIA GeForce RTX 5060 Ti,42,HotpotQA,12,16,361,semantic,42.8524,0.0,45.5841,0,1,0,127,383,383,76907282432,76907282432,7.697,0.018
google/gemma-3-1b-it,NVIDIA GeForce RTX 5060 Ti,42,HotpotQA,12,16,362,multi-hop,47.4977,0.0,0.0,0,1,1,24,280,280,41104179200,41104179200,7.697,0.018
google/gemma-3-1b-it,NVIDIA GeForce RTX 5060 Ti,42,HotpotQA,12,16,363,structural,40.2659,30.1721,36.5653,0,0,0,99,355,355,66073395200,66073395200,7.697,0.018
google/gemma-3-1b-it,NVIDIA GeForce RTX 5060 Ti,42,HotpotQA,12,16,364,semantic,70.7636,0.0,0.0,0,1,1,47,303,303,48134356992,48134356992,7.697,0.018
google/gemma-3-1b-it,NVIDIA GeForce RTX 5060 Ti,42,HotpotQA,12,16,365,semantic,45.7155,35.1759,0.0,0,0,1,129,385,385,77712588800,77712588800,7.697,0.018
google/gemma-3-1b-it,NVIDIA GeForce RTX 5060 Ti,42,HotpotQA,12,16,366,multi-hop,48.7636,0.0,0.0,0,1,1,95,351,351,64592805888,64592805888,7.697,0.018
google/gemma-3-1b-it,NVIDIA GeForce RTX 5060 Ti,42,HotpotQA,12,16,367,semantic,84.6647,0.0,0.0,0,1,1,115,371,371,72163524608,72163524608,7.697,0.018
google/gemma-3-1b-it,NVIDIA GeForce RTX 5060 Ti,42,HotpotQA,12,16,368,semantic,38.2828,0.0,0.0,0,1,1,2,46,258,1109393408,34898706432,7.697,0.018
google/gemma-3-1b-it,NVIDIA GeForce RTX 5060 Ti,42,HotpotQA,12,16,369,semantic,34.9483,0.0,0.0,0,1,1,139,395,395,81802035200,81802035200,7.697,0.018
google/gemma-3-1b-it,NVIDIA GeForce RTX 5060 Ti,42,HotpotQA,12,16,370,multi-hop,50.5192,0.0,0.0,0,1,1,122,378,378,74912366592,74912366592,7.697,0.018
google/gemma-3-1b-it,NVIDIA GeForce RTX 5060 Ti,42,HotpotQA,12,16,371,semantic,65.8213,0.0,0.0,0,1,1,126,382,382,76506202112,76506202112,7.697,0.018
google/gemma-3-1b-it,NVIDIA GeForce RTX 5060 Ti,42,HotpotQA,12,16,372,multi-hop,36.0736,0.0,0.0,0,1,1,63,319,319,53352071168,53352071168,7.697,0.018
google/gemma-3-1b-it,NVIDIA GeForce RTX 5060 Ti,42,HotpotQA,12,16,373,multi-hop,38.1421,0.0,0.0,0,1,1,111,367,367,70615826432,70615826432,7.697,0.018
google/gemma-3-1b-it,NVIDIA GeForce RTX 5060 Ti,42,HotpotQA,12,16,374,structural,33.7666,0.0,0.0,0,1,1,93,349,349,63858802688,63858802688,7.697,0.018
google/gemma-3-1b-it,NVIDIA GeForce RTX 5060 Ti,42,HotpotQA,12,16,375,structural,46.8814,0.0,0.0,0,1,1,81,337,337,59542863872,59542863872,7.697,0.018
google/gemma-3-1b-it,NVIDIA GeForce RTX 5060 Ti,42,HotpotQA,12,16,376,multi-hop,36.7451,37.225,0.0,0,0,1,129,385,385,77712588800,77712588800,7.697,0.018
google/gemma-3-1b-it,NVIDIA GeForce RTX 5060 Ti,42,HotpotQA,12,16,377,structural,33.0552,48.8821,74.8197,0,0,0,124,380,380,75707187200,75707187200,7.697,0.018
google/gemma-3-1b-it,NVIDIA GeForce RTX 5060 Ti,42,HotpotQA,12,16,378,multi-hop,37.1233,65.0193,58.8095,0,0,0,95,351,351,64592805888,64592805888,7.697,0.018
google/gemma-3-1b-it,NVIDIA GeForce RTX 5060 Ti,42,HotpotQA,12,16,379,structural,69.9495,52.2031,89.8609,0,0,0,148,404,404,85572190208,85572190208,7.697,0.018
google/gemma-3-1b-it,NVIDIA GeForce RTX 5060 Ti,42,HotpotQA,12,16,380,semantic,66.3304,0.0,0.0,0,1,1,58,314,314,51692699648,51692699648,7.697,0.018
google/gemma-3-1b-it,NVIDIA GeForce RTX 5060 Ti,42,HotpotQA,12,16,381,structural,55.7775,0.0,0.0,0,1,1,114,370,370,71775027200,71775027200,7.697,0.018
google/gemma-3-1b-it,NVIDIA GeForce RTX 5060 Ti,42,HotpotQA,12,16,382,semantic,63.7774,0.0,76.1844,0,1,0,114,370,370,71775027200,71775027200,7.697,0.018
google/gemma-3-1b-it,NVIDIA GeForce RTX 5060 Ti,42,HotpotQA,12,16,383,multi-hop,45.5441,0.0,0.0,0,1,1,99,355,355,66073395200,66073395200,7.697,0.018
google/gemma-3-1b-it,NVIDIA GeForce RTX 5060 Ti,42,HotpotQA,12,16,384,structural,40.372,0.0,0.0,0,1,1,26,282,282,41693478912,41693478912,7.697,0.018
google/gemma-3-1b-it,NVIDIA GeForce RTX 5060 Ti,42,HotpotQA,12,16,385,multi-hop,84.9215,73.0305,47.5623,0,0,0,108,364,364,69466062848,69466062848,7.697,0.018
google/gemma-3-1b-it,NVIDIA GeForce RTX 5060 Ti,42,HotpotQA,12,16,386,semantic,72.6804,0.0,0.0,0,1,1,76,332,332,57789120512,57789120512,7.697,0.018
google/gemma-3-1b-it,NVIDIA GeForce RTX 5060 Ti,42,HotpotQA,12,16,387,semantic,66.2799,0.0,70.9691,0,1,0,105,361,361,68325736448,68325736448,7.697,0.018
google/gemma-3-1b-it,NVIDIA GeForce RTX 5060 Ti,42,HotpotQA,12,16,388,multi-hop,59.2708,0.0,0.0,0,1,1,135,391,391,80153673728,80153673728,7.697,0.018
google/gemma-3-1b-it,NVIDIA GeForce RTX 5060 Ti,42,HotpotQA,12,16,389,semantic,58.7701,0.0,0.0,0,1,1,83,339,339,60251701248,60251701248,7.697,0.018
google/gemma-3-1b-it,NVIDIA GeForce RTX 5060 Ti,42,HotpotQA,12,16,390,multi-hop,56.0633,0.0,0.0,0,1,1,99,355,355,66073395200,66073395200,7.697,0.018
google/gemma-3-1b-it,NVIDIA GeForce RTX 5060 Ti,42,HotpotQA,12,16,391,multi-hop,51.157,0.0,0.0,0,1,1,87,343,343,61681958912,61681958912,7.697,0.018
google/gemma-3-1b-it,NVIDIA GeForce RTX 5060 Ti,42,HotpotQA,12,16,392,multi-hop,59.376,0.0,0.0,0,1,1,89,345,345,62403379200,62403379200,7.697,0.018
google/gemma-3-1b-it,NVIDIA GeForce RTX 5060 Ti,42,HotpotQA,12,16,393,semantic,57.5863,0.0,0.0,0,1,1,97,353,353,65331003392,65331003392,7.697,0.018
google/gemma-3-1b-it,NVIDIA GeForce RTX 5060 Ti,42,HotpotQA,12,16,394,multi-hop,58.0866,42.2589,0.0,0,0,1,68,324,324,55037657088,55037657088,7.697,0.018
google/gemma-3-1b-it,NVIDIA GeForce RTX 5060 Ti,42,HotpotQA,12,16,395,multi-hop,76.1705,46.1427,45.9424,0,0,0,96,352,352,64961380352,64961380352,7.697,0.018
google/gemma-3-1b-it,NVIDIA GeForce RTX 5060 Ti,42,HotpotQA,12,16,396,multi-hop,34.9886,79.0799,59.2307,0,0,0,34,290,290,44092620800,44092620800,7.697,0.018
google/gemma-3-1b-it,NVIDIA GeForce RTX 5060 Ti,42,HotpotQA,12,16,397,structural,74.998,49.1916,44.4681,0,0,0,63,319,319,53352071168,53352071168,7.697,0.018
google/gemma-3-1b-it,NVIDIA GeForce RTX 5060 Ti,42,HotpotQA,12,16,398,multi-hop,56.8569,39.1105,39.8077,0,0,0,122,378,378,74912366592,74912366592,7.697,0.018
google/gemma-3-1b-it,NVIDIA GeForce RTX 5060 Ti,42,HotpotQA,12,16,399,multi-hop,56.1987,0.0,0.0,0,1,1,37,293,293,45009600512,45009600512,7.697,0.018
google/gemma-3-1b-it,NVIDIA GeForce RTX 5060 Ti,42,HotpotQA,12,16,400,multi-hop,59.3341,0.0,0.0,0,1,1,86,342,342,61322821632,61322821632,7.697,0.018
google/gemma-3-1b-it,NVIDIA GeForce RTX 5060 Ti,42,HotpotQA,12,16,401,structural,51.2057,0.0,0.0,0,1,1,105,361,361,68325736448,68325736448,7.697,0.018
google/gemma-3-1b-it,NVIDIA GeForce RTX 5060 Ti,42,HotpotQA,12,16,402,semantic,0.0,53.754,74.6243,1,0,0,78,334,334,58487472128,58487472128,7.697,0.018
google/gemma-3-1b-it,NVIDIA GeForce RTX 5060 Ti,42,HotpotQA,12,16,403,multi-hop,74.0713,75.4111,0.0,0,0,1,102,358,358,67194847232,67194847232,7.697,0.018
google/gemma-3-1b-it,NVIDIA GeForce RTX 5060 Ti,42,HotpotQA,12,16,404,semantic,0.0,0.0,0.0,1,1,1,119,375,375,73728000000,73728000000,7.697,0.018
google/gemma-3-1b-it,NVIDIA GeForce RTX 5060 Ti,42,HotpotQA,12,16,405,structural,43.4566,66.0966,0.0,0,0,1,47,303,303,48134356992,48134356992,7.697,0.018
google/gemma-3-1b-it,NVIDIA GeForce RTX 5060 Ti,42,HotpotQA,12,16,406,semantic,75.44,0.0,0.0,0,1,1,120,376,376,74121740288,74121740288,7.697,0.018
google/gemma-3-1b-it,NVIDIA GeForce RTX 5060 Ti,42,HotpotQA,12,16,407,multi-hop,72.7626,0.0,0.0,0,1,1,127,383,383,76907282432,76907282432,7.697,0.018
google/gemma-3-1b-it,NVIDIA GeForce RTX 5060 Ti,42,HotpotQA,12,16,408,multi-hop,44.9864,0.0,62.1678,0,1,0,127,383,383,76907282432,76907282432,7.697,0.018
google/gemma-3-1b-it,NVIDIA GeForce RTX 5060 Ti,42,HotpotQA,12,16,409,semantic,36.444,0.0,0.0,0,1,1,117,373,373,72943665152,72943665152,7.697,0.018
google/gemma-3-1b-it,NVIDIA GeForce RTX 5060 Ti,42,HotpotQA,12,16,410,multi-hop,62.8912,0.0,0.0,0,1,1,112,368,368,71001178112,71001178112,7.697,0.018
google/gemma-3-1b-it,NVIDIA GeForce RTX 5060 Ti,42,HotpotQA,12,16,411,structural,80.1367,0.0,0.0,0,1,1,87,343,343,61681958912,61681958912,7.697,0.018
google/gemma-3-1b-it,NVIDIA GeForce RTX 5060 Ti,42,HotpotQA,12,16,412,multi-hop,100.6005,0.0,0.0,0,1,1,106,362,362,68704796672,68704796672,7.697,0.018
google/gemma-3-1b-it,NVIDIA GeForce RTX 5060 Ti,42,HotpotQA,12,16,413,multi-hop,58.0158,62.4513,0.0,0,0,1,159,415,415,90295500800,90295500800,7.697,0.018
google/gemma-3-1b-it,NVIDIA GeForce RTX 5060 Ti,42,HotpotQA,12,16,414,multi-hop,0.0,0.0,0.0,1,1,1,134,390,390,79744204800,79744204800,7.697,0.018
google/gemma-3-1b-it,NVIDIA GeForce RTX 5060 Ti,42,HotpotQA,12,16,415,semantic,40.7647,0.0,0.0,0,1,1,114,370,370,71775027200,71775027200,7.697,0.018
google/gemma-3-1b-it,NVIDIA GeForce RTX 5060 Ti,42,HotpotQA,12,16,416,semantic,53.7621,0.0,94.9298,0,1,0,49,305,305,48771891200,48771891200,7.697,0.018
google/gemma-3-1b-it,NVIDIA GeForce RTX 5060 Ti,42,HotpotQA,12,16,417,semantic,90.0647,0.0,0.0,0,1,1,122,378,378,74912366592,74912366592,7.697,0.018
google/gemma-3-1b-it,NVIDIA GeForce RTX 5060 Ti,42,HotpotQA,12,16,418,multi-hop,65.5527,0.0,0.0,0,1,1,24,280,280,41104179200,41104179200,7.697,0.018
google/gemma-3-1b-it,NVIDIA GeForce RTX 5060 Ti,42,HotpotQA,12,16,419,multi-hop,62.809,0.0,0.0,0,1,1,26,282,282,41693478912,41693478912,7.697,0.018
google/gemma-3-1b-it,NVIDIA GeForce RTX 5060 Ti,42,HotpotQA,12,16,420,structural,63.0885,70.5516,0.0,0,0,1,118,374,374,73335308288,73335308288,7.697,0.018
google/gemma-3-1b-it,NVIDIA GeForce RTX 5060 Ti,42,HotpotQA,12,16,421,multi-hop,63.2597,63.3793,64.2349,0,0,0,37,293,293,45009600512,45009600512,7.697,0.018
google/gemma-3-1b-it,NVIDIA GeForce RTX 5060 Ti,42,HotpotQA,12,16,422,multi-hop,44.7665,0.0,0.0,0,1,1,20,276,276,39938162688,39938162688,7.697,0.018
google/gemma-3-1b-it,NVIDIA GeForce RTX 5060 Ti,42,HotpotQA,12,16,423,semantic,58.736,0.0,72.3055,0,1,0,96,352,352,64961380352,64961380352,7.697,0.018
google/gemma-3-1b-it,NVIDIA GeForce RTX 5060 Ti,42,HotpotQA,12,16,424,structural,52.097,0.0,0.0,0,1,1,51,307,307,49413619712,49413619712,7.697,0.018
google/gemma-3-1b-it,NVIDIA GeForce RTX 5060 Ti,42,HotpotQA,12,16,425,semantic,64.9076,0.0,0.0,0,1,1,123,379,379,75309252608,75309252608,7.697,0.018
google/gemma-3-1b-it,NVIDIA GeForce RTX 5060 Ti,42,HotpotQA,12,16,426,multi-hop,85.9978,70.2157,68.6751,0,0,0,5,261,261,35715022848,35715022848,7.697,0.018
google/gemma-3-1b-it,NVIDIA GeForce RTX 5060 Ti,42,HotpotQA,12,16,427,semantic,46.8494,0.0,0.0,0,1,1,93,349,349,63858802688,63858802688,7.697,0.018
google/gemma-3-1b-it,NVIDIA GeForce RTX 5060 Ti,42,HotpotQA,12,16,428,semantic,52.6163,0.0,0.0,0,1,1,225,481,481,121299795968,121299795968,7.697,0.018
google/gemma-3-1b-it,NVIDIA GeForce RTX 5060 Ti,42,HotpotQA,12,16,429,multi-hop,68.1075,64.7175,0.0,0,0,1,123,379,379,75309252608,75309252608,7.697,0.018
google/gemma-3-1b-it,NVIDIA GeForce RTX 5060 Ti,42,HotpotQA,12,16,430,semantic,41.1766,0.0,0.0,0,1,1,63,319,319,53352071168,53352071168,7.697,0.018
google/gemma-3-1b-it,NVIDIA GeForce RTX 5060 Ti,42,HotpotQA,12,16,431,multi-hop,53.6491,110.4285,91.2974,0,0,0,105,361,361,68325736448,68325736448,7.697,0.018
google/gemma-3-1b-it,NVIDIA GeForce RTX 5060 Ti,42,HotpotQA,12,16,432,structural,62.9189,51.9947,59.3872,0,0,0,60,316,316,52353302528,52353302528,7.697,0.018
google/gemma-3-1b-it,NVIDIA GeForce RTX 5060 Ti,42,HotpotQA,12,16,433,structural,60.5214,87.8591,84.9261,0,0,0,2,53,146,1472724992,11175723008,7.697,0.018
google/gemma-3-1b-it,NVIDIA GeForce RTX 5060 Ti,42,HotpotQA,12,16,434,multi-hop,77.87,109.5537,0.0,0,0,1,9,265,265,36818124800,36818124800,7.697,0.018
google/gemma-3-1b-it,NVIDIA GeForce RTX 5060 Ti,42,HotpotQA,12,16,435,structural,61.6789,0.0,0.0,0,1,1,26,282,282,41693478912,41693478912,7.697,0.018
google/gemma-3-1b-it,NVIDIA GeForce RTX 5060 Ti,42,HotpotQA,12,16,436,multi-hop,40.9728,0.0,70.5235,0,1,0,99,355,355,66073395200,66073395200,7.697,0.018
google/gemma-3-1b-it,NVIDIA GeForce RTX 5060 Ti,42,HotpotQA,12,16,437,multi-hop,73.9632,0.0,0.0,0,1,1,109,365,365,69848268800,69848268800,7.697,0.018
google/gemma-3-1b-it,NVIDIA GeForce RTX 5060 Ti,42,HotpotQA,12,16,438,multi-hop,79.7342,76.1876,0.0,0,0,1,125,381,381,76106170368,76106170368,7.697,0.018
google/gemma-3-1b-it,NVIDIA GeForce RTX 5060 Ti,42,HotpotQA,12,16,439,semantic,50.2213,0.0,0.0,0,1,1,39,295,295,45626163200,45626163200,7.697,0.018
google/gemma-3-1b-it,NVIDIA GeForce RTX 5060 Ti,42,HotpotQA,12,16,440,multi-hop,67.3037,0.0,0.0,0,1,1,97,353,353,65331003392,65331003392,7.697,0.018
google/gemma-3-1b-it,NVIDIA GeForce RTX 5060 Ti,42,HotpotQA,12,16,441,multi-hop,84.5299,0.0,0.0,0,1,1,87,343,343,61681958912,61681958912,7.697,0.018
google/gemma-3-1b-it,NVIDIA GeForce RTX 5060 Ti,42,HotpotQA,12,16,442,semantic,63.3055,0.0,0.0,0,1,1,82,338,338,59896758272,59896758272,7.697,0.018
google/gemma-3-1b-it,NVIDIA GeForce RTX 5060 Ti,42,HotpotQA,12,16,443,structural,53.8502,40.8993,0.0,0,0,1,142,398,398,83049316352,83049316352,7.697,0.018
google/gemma-3-1b-it,NVIDIA GeForce RTX 5060 Ti,42,HotpotQA,12,16,444,multi-hop,51.9538,0.0,0.0,0,1,1,120,376,376,74121740288,74121740288,7.697,0.018
google/gemma-3-1b-it,NVIDIA GeForce RTX 5060 Ti,42,HotpotQA,12,16,445,structural,33.9184,42.5577,93.8988,0,0,0,20,276,276,39938162688,39938162688,7.697,0.018
google/gemma-3-1b-it,NVIDIA GeForce RTX 5060 Ti,42,HotpotQA,12,16,446,structural,56.7387,45.5912,62.1604,0,0,0,63,319,319,53352071168,53352071168,7.697,0.018
google/gemma-3-1b-it,NVIDIA GeForce RTX 5060 Ti,42,HotpotQA,12,16,447,multi-hop,55.56,0.0,0.0,0,1,1,8,264,264,36540776448,36540776448,7.697,0.018
google/gemma-3-1b-it,NVIDIA GeForce RTX 5060 Ti,42,HotpotQA,12,16,448,multi-hop,64.735,85.0021,69.3423,0,0,0,153,409,409,87703420928,87703420928,7.697,0.018
google/gemma-3-1b-it,NVIDIA GeForce RTX 5060 Ti,42,HotpotQA,12,16,449,semantic,68.1095,0.0,0.0,0,1,1,115,371,371,72163524608,72163524608,7.697,0.018
google/gemma-3-1b-it,NVIDIA GeForce RTX 5060 Ti,42,HotpotQA,12,16,450,structural,76.4606,0.0,0.0,0,1,1,106,362,362,68704796672,68704796672,7.697,0.018
google/gemma-3-1b-it,NVIDIA GeForce RTX 5060 Ti,42,HotpotQA,12,16,451,semantic,62.4491,0.0,0.0,0,1,1,72,328,328,56405000192,56405000192,7.697,0.018
google/gemma-3-1b-it,NVIDIA GeForce RTX 5060 Ti,42,HotpotQA,12,16,452,structural,32.6117,0.0,0.0,0,1,1,25,281,281,41398304768,41398304768,7.697,0.018
google/gemma-3-1b-it,NVIDIA GeForce RTX 5060 Ti,42,HotpotQA,12,16,453,multi-hop,59.04,0.0,0.0,0,1,1,60,316,316,52353302528,52353302528,7.697,0.018
google/gemma-3-1b-it,NVIDIA GeForce RTX 5060 Ti,42,HotpotQA,12,16,454,multi-hop,27.5424,29.5839,75.6634,0,0,0,119,375,375,73728000000,73728000000,7.697,0.018
google/gemma-3-1b-it,NVIDIA GeForce RTX 5060 Ti,42,HotpotQA,12,16,455,semantic,76.3692,0.0,0.0,0,1,1,159,415,415,90295500800,90295500800,7.697,0.018
google/gemma-3-1b-it,NVIDIA GeForce RTX 5060 Ti,42,HotpotQA,12,16,456,semantic,51.5305,0.0,0.0,0,1,1,5,205,261,22033203200,35715022848,7.697,0.018
google/gemma-3-1b-it,NVIDIA GeForce RTX 5060 Ti,42,HotpotQA,12,16,457,multi-hop,66.613,0.0,0.0,0,1,1,47,303,303,48134356992,48134356992,7.697,0.018
google/gemma-3-1b-it,NVIDIA GeForce RTX 5060 Ti,42,HotpotQA,12,16,458,multi-hop,63.1711,0.0,0.0,0,1,1,93,349,349,63858802688,63858802688,7.697,0.018
google/gemma-3-1b-it,NVIDIA GeForce RTX 5060 Ti,42,HotpotQA,12,16,459,multi-hop,40.3825,0.0,0.0,0,1,1,2,53,146,1472724992,11175723008,7.697,0.018
google/gemma-3-1b-it,NVIDIA GeForce RTX 5060 Ti,42,HotpotQA,12,16,460,structural,85.2425,82.3771,91.2121,0,0,0,101,357,357,66819981312,66819981312,7.697,0.018
google/gemma-3-1b-it,NVIDIA GeForce RTX 5060 Ti,42,HotpotQA,12,16,461,semantic,74.7704,0.0,0.0,0,1,1,106,362,362,68704796672,68704796672,7.697,0.018
google/gemma-3-1b-it,NVIDIA GeForce RTX 5060 Ti,42,HotpotQA,12,16,462,structural,53.2743,45.8636,0.0,0,0,1,97,353,353,65331003392,65331003392,7.697,0.018
google/gemma-3-1b-it,NVIDIA GeForce RTX 5060 Ti,42,HotpotQA,12,16,463,semantic,86.0671,0.0,0.0,0,1,1,78,334,334,58487472128,58487472128,7.697,0.018
google/gemma-3-1b-it,NVIDIA GeForce RTX 5060 Ti,42,HotpotQA,12,16,464,multi-hop,79.4793,89.1633,69.3655,0,0,0,204,460,460,110939340800,110939340800,7.697,0.018
google/gemma-3-1b-it,NVIDIA GeForce RTX 5060 Ti,42,HotpotQA,12,16,465,semantic,62.4517,0.0,62.875,0,1,0,93,349,349,63858802688,63858802688,7.697,0.018
google/gemma-3-1b-it,NVIDIA GeForce RTX 5060 Ti,42,HotpotQA,12,16,466,semantic,60.8341,0.0,0.0,0,1,1,102,358,358,67194847232,67194847232,7.697,0.018
google/gemma-3-1b-it,NVIDIA GeForce RTX 5060 Ti,42,HotpotQA,12,16,467,structural,0.0,79.0485,0.0,1,0,1,93,349,349,63858802688,63858802688,7.697,0.018
google/gemma-3-1b-it,NVIDIA GeForce RTX 5060 Ti,42,HotpotQA,12,16,468,structural,82.196,62.2977,0.0,0,0,1,102,358,358,67194847232,67194847232,7.697,0.018
google/gemma-3-1b-it,NVIDIA GeForce RTX 5060 Ti,42,HotpotQA,12,16,469,multi-hop,88.2518,40.4214,55.7196,0,0,0,81,337,337,59542863872,59542863872,7.697,0.018
google/gemma-3-1b-it,NVIDIA GeForce RTX 5060 Ti,42,HotpotQA,12,16,470,multi-hop,60.9883,0.0,0.0,0,1,1,106,362,362,68704796672,68704796672,7.697,0.018
google/gemma-3-1b-it,NVIDIA GeForce RTX 5060 Ti,42,HotpotQA,12,16,471,structural,0.0,33.379,0.0,1,0,1,87,343,343,61681958912,61681958912,7.697,0.018
google/gemma-3-1b-it,NVIDIA GeForce RTX 5060 Ti,42,HotpotQA,12,16,472,multi-hop,94.2032,0.0,0.0,0,1,1,88,344,344,62042144768,62042144768,7.697,0.018
google/gemma-3-1b-it,NVIDIA GeForce RTX 5060 Ti,42,HotpotQA,12,16,473,semantic,0.0,0.0,0.0,1,1,1,94,350,350,64225280000,64225280000,7.697,0.018
google/gemma-3-1b-it,NVIDIA GeForce RTX 5060 Ti,42,HotpotQA,12,16,474,multi-hop,51.2314,0.0,0.0,0,1,1,115,371,371,72163524608,72163524608,7.697,0.018
google/gemma-3-1b-it,NVIDIA GeForce RTX 5060 Ti,42,HotpotQA,12,16,475,multi-hop,72.0172,0.0,0.0,0,1,1,112,368,368,71001178112,71001178112,7.697,0.018
google/gemma-3-1b-it,NVIDIA GeForce RTX 5060 Ti,42,HotpotQA,12,16,476,multi-hop,49.5932,36.2283,0.0,0,0,1,77,333,333,58137772032,58137772032,7.697,0.018
google/gemma-3-1b-it,NVIDIA GeForce RTX 5060 Ti,42,HotpotQA,12,16,477,multi-hop,96.4521,47.5915,72.038,0,0,0,99,355,355,66073395200,66073395200,7.697,0.018
google/gemma-3-1b-it,NVIDIA GeForce RTX 5060 Ti,42,HotpotQA,12,16,478,structural,46.866,0.0,0.0,0,1,1,40,296,296,45936017408,45936017408,7.697,0.018
google/gemma-3-1b-it,NVIDIA GeForce RTX 5060 Ti,42,HotpotQA,12,16,479,structural,99.0366,0.0,0.0,0,1,1,131,387,387,78522089472,78522089472,7.697,0.018
google/gemma-3-1b-it,NVIDIA GeForce RTX 5060 Ti,42,HotpotQA,12,16,480,semantic,0.0,0.0,59.8729,1,1,0,49,305,305,48771891200,48771891200,7.697,0.018
google/gemma-3-1b-it,NVIDIA GeForce RTX 5060 Ti,42,HotpotQA,12,16,481,multi-hop,37.1247,70.9238,44.8871,0,0,0,5,261,261,35715022848,35715022848,7.697,0.018
google/gemma-3-1b-it,NVIDIA GeForce RTX 5060 Ti,42,HotpotQA,12,16,482,structural,58.0825,41.5336,0.0,0,0,1,94,350,350,64225280000,64225280000,7.697,0.018
google/gemma-3-1b-it,NVIDIA GeForce RTX 5060 Ti,42,HotpotQA,12,16,483,structural,54.4576,45.7639,55.3919,0,0,0,109,365,365,69848268800,69848268800,7.697,0.018
google/gemma-3-1b-it,NVIDIA GeForce RTX 5060 Ti,42,HotpotQA,12,16,484,multi-hop,34.95,0.0,0.0,0,1,1,26,282,282,41693478912,41693478912,7.697,0.018
google/gemma-3-1b-it,NVIDIA GeForce RTX 5060 Ti,42,HotpotQA,12,16,485,multi-hop,43.8425,58.5335,57.5303,0,0,0,125,381,381,76106170368,76106170368,7.697,0.018
google/gemma-3-1b-it,NVIDIA GeForce RTX 5060 Ti,42,HotpotQA,12,16,486,multi-hop,42.4725,0.0,0.0,0,1,1,122,378,378,74912366592,74912366592,7.697,0.018
google/gemma-3-1b-it,NVIDIA GeForce RTX 5060 Ti,42,HotpotQA,12,16,487,semantic,75.5491,0.0,0.0,0,1,1,5,261,261,35715022848,35715022848,7.697,0.018
google/gemma-3-1b-it,NVIDIA GeForce RTX 5060 Ti,42,HotpotQA,12,16,488,multi-hop,34.8113,0.0,0.0,0,1,1,105,361,361,68325736448,68325736448,7.697,0.018
google/gemma-3-1b-it,NVIDIA GeForce RTX 5060 Ti,42,HotpotQA,12,16,489,multi-hop,79.8148,0.0,0.0,0,1,1,105,361,361,68325736448,68325736448,7.697,0.018
google/gemma-3-1b-it,NVIDIA GeForce RTX 5060 Ti,42,HotpotQA,12,16,490,structural,62.1674,43.3999,47.6667,0,0,0,36,292,292,44702892032,44702892032,7.697,0.018
google/gemma-3-1b-it,NVIDIA GeForce RTX 5060 Ti,42,HotpotQA,12,16,491,structural,59.2236,75.3719,39.9012,0,0,0,102,358,358,67194847232,67194847232,7.697,0.018
google/gemma-3-1b-it,NVIDIA GeForce RTX 5060 Ti,42,HotpotQA,12,16,492,structural,63.2918,82.3408,78.4313,0,0,0,64,320,320,53687091200,53687091200,7.697,0.018
google/gemma-3-1b-it,NVIDIA GeForce RTX 5060 Ti,42,HotpotQA,12,16,493,multi-hop,72.541,0.0,0.0,0,1,1,70,326,326,55719231488,55719231488,7.697,0.018
google/gemma-3-1b-it,NVIDIA GeForce RTX 5060 Ti,42,HotpotQA,12,16,494,multi-hop,85.9892,0.0,0.0,0,1,1,24,280,280,41104179200,41104179200,7.697,0.018
google/gemma-3-1b-it,NVIDIA GeForce RTX 5060 Ti,42,HotpotQA,12,16,495,structural,92.5873,60.1173,35.7287,0,0,0,2,46,258,1109393408,34898706432,7.697,0.018
google/gemma-3-1b-it,NVIDIA GeForce RTX 5060 Ti,42,HotpotQA,12,16,496,structural,69.7665,96.396,98.0749,0,0,0,90,346,346,62765662208,62765662208,7.697,0.018
google/gemma-3-1b-it,NVIDIA GeForce RTX 5060 Ti,42,HotpotQA,12,16,497,semantic,95.6737,0.0,0.0,0,1,1,49,305,305,48771891200,48771891200,7.697,0.018
google/gemma-3-1b-it,NVIDIA GeForce RTX 5060 Ti,42,HotpotQA,12,16,498,multi-hop,77.7131,0.0,40.225,0,1,0,108,364,364,69466062848,69466062848,7.697,0.018
google/gemma-3-1b-it,NVIDIA GeForce RTX 5060 Ti,42,HotpotQA,12,16,499,semantic,66.0659,0.0,0.0,0,1,1,124,380,380,75707187200,75707187200,7.697,0.018
google/gemma-3-1b-it,NVIDIA GeForce RTX 5060 Ti,42,HotpotQA,12,16,500,structural,88.0633,76.8977,79.1757,0,0,0,34,290,290,44092620800,44092620800,7.697,0.018
google/gemma-3-1b-it,NVIDIA GeForce RTX 5060 Ti,42,HotpotQA,12,16,501,multi-hop,33.2391,0.0,0.0,0,1,1,3,153,259,12273057792,35169763328,7.697,0.018
google/gemma-3-1b-it,NVIDIA GeForce RTX 5060 Ti,42,HotpotQA,12,16,502,multi-hop,85.9994,51.8344,54.0454,0,0,0,36,292,292,44702892032,44702892032,7.697,0.018
google/gemma-3-1b-it,NVIDIA GeForce RTX 5060 Ti,42,HotpotQA,12,16,503,structural,28.8318,57.074,0.0,0,0,1,93,349,349,63858802688,63858802688,7.697,0.018
google/gemma-3-1b-it,NVIDIA GeForce RTX 5060 Ti,42,HotpotQA,12,16,504,structural,48.6969,0.0,0.0,0,1,1,96,352,352,64961380352,64961380352,7.697,0.018
google/gemma-3-1b-it,NVIDIA GeForce RTX 5060 Ti,42,HotpotQA,12,16,505,multi-hop,32.0993,78.8586,74.4479,0,0,0,63,319,319,53352071168,53352071168,7.697,0.018
google/gemma-3-1b-it,NVIDIA GeForce RTX 5060 Ti,42,HotpotQA,12,16,506,multi-hop,87.8962,0.0,0.0,0,1,1,186,442,442,102427000832,102427000832,7.697,0.018
google/gemma-3-1b-it,NVIDIA GeForce RTX 5060 Ti,42,HotpotQA,12,16,507,multi-hop,66.412,70.5342,0.0,0,0,1,142,398,398,83049316352,83049316352,7.697,0.018
google/gemma-3-1b-it,NVIDIA GeForce RTX 5060 Ti,42,HotpotQA,12,16,508,structural,46.6693,0.0,0.0,0,1,1,52,308,308,49736056832,49736056832,7.697,0.018
google/gemma-3-1b-it,NVIDIA GeForce RTX 5060 Ti,42,HotpotQA,12,16,509,structural,58.5691,0.0,0.0,0,1,1,129,385,385,77712588800,77712588800,7.697,0.018
google/gemma-3-1b-it,NVIDIA GeForce RTX 5060 Ti,42,HotpotQA,12,16,510,semantic,38.906,0.0,0.0,0,1,1,78,334,334,58487472128,58487472128,7.697,0.018
google/gemma-3-1b-it,NVIDIA GeForce RTX 5060 Ti,42,HotpotQA,12,16,511,structural,92.8046,0.0,0.0,0,1,1,127,383,383,76907282432,76907282432,7.697,0.018
google/gemma-3-1b-it,NVIDIA GeForce RTX 5060 Ti,42,HotpotQA,12,16,512,multi-hop,58.94,79.3769,0.0,0,0,1,5,261,261,35715022848,35715022848,7.697,0.018
google/gemma-3-1b-it,NVIDIA GeForce RTX 5060 Ti,42,HotpotQA,12,16,513,multi-hop,81.1635,0.0,0.0,0,1,1,17,273,273,39074660352,39074660352,7.697,0.018
google/gemma-3-1b-it,NVIDIA GeForce RTX 5060 Ti,42,HotpotQA,12,16,514,multi-hop,63.061,62.4676,56.77,0,0,0,80,336,336,59190018048,59190018048,7.697,0.018
google/gemma-3-1b-it,NVIDIA GeForce RTX 5060 Ti,42,HotpotQA,12,16,515,structural,69.9599,87.3989,40.6173,0,0,0,21,277,277,40228093952,40228093952,7.697,0.018
google/gemma-3-1b-it,NVIDIA GeForce RTX 5060 Ti,42,HotpotQA,12,16,516,multi-hop,29.7912,0.0,0.0,0,1,1,125,381,381,76106170368,76106170368,7.697,0.018
google/gemma-3-1b-it,NVIDIA GeForce RTX 5060 Ti,42,HotpotQA,12,16,517,multi-hop,50.3609,0.0,0.0,0,1,1,119,375,375,73728000000,73728000000,7.697,0.018
google/gemma-3-1b-it,NVIDIA GeForce RTX 5060 Ti,42,HotpotQA,12,16,518,multi-hop,68.1412,0.0,0.0,0,1,1,99,355,355,66073395200,66073395200,7.697,0.018
google/gemma-3-1b-it,NVIDIA GeForce RTX 5060 Ti,42,HotpotQA,12,16,519,structural,67.4966,0.0,0.0,0,1,1,24,280,280,41104179200,41104179200,7.697,0.018
google/gemma-3-1b-it,NVIDIA GeForce RTX 5060 Ti,42,HotpotQA,12,16,520,semantic,69.3138,0.0,0.0,0,1,1,111,367,367,70615826432,70615826432,7.697,0.018
google/gemma-3-1b-it,NVIDIA GeForce RTX 5060 Ti,42,HotpotQA,12,16,521,structural,68.3285,62.6368,0.0,0,0,1,128,384,384,77309411328,77309411328,7.697,0.018
google/gemma-3-1b-it,NVIDIA GeForce RTX 5060 Ti,42,HotpotQA,12,16,522,multi-hop,90.0345,39.8089,0.0,0,0,1,87,343,343,61681958912,61681958912,7.697,0.018
google/gemma-3-1b-it,NVIDIA GeForce RTX 5060 Ti,42,HotpotQA,12,16,523,semantic,0.0,0.0,0.0,1,1,1,49,305,305,48771891200,48771891200,7.697,0.018
google/gemma-3-1b-it,NVIDIA GeForce RTX 5060 Ti,42,HotpotQA,12,16,524,multi-hop,66.5697,40.9577,0.0,0,0,1,115,371,371,72163524608,72163524608,7.697,0.018
google/gemma-3-1b-it,NVIDIA GeForce RTX 5060 Ti,42,HotpotQA,12,16,525,semantic,59.3182,0.0,0.0,0,1,1,87,343,343,61681958912,61681958912,7.697,0.018
google/gemma-3-1b-it,NVIDIA GeForce RTX 5060 Ti,42,HotpotQA,12,16,526,multi-hop,0.0,0.0,0.0,1,1,1,70,326,326,55719231488,55719231488,7.697,0.018
google/gemma-3-1b-it,NVIDIA GeForce RTX 5060 Ti,42,HotpotQA,12,16,527,semantic,71.4315,0.0,83.6914,0,1,0,29,285,285,42585292800,42585292800,7.697,0.018
google/gemma-3-1b-it,NVIDIA GeForce RTX 5060 Ti,42,HotpotQA,12,16,528,semantic,69.2992,0.0,0.0,0,1,1,116,372,372,72553070592,72553070592,7.697,0.018
google/gemma-3-1b-it,NVIDIA GeForce RTX 5060 Ti,42,HotpotQA,12,16,529,structural,78.0774,59.2436,0.0,0,0,1,47,303,303,48134356992,48134356992,7.697,0.018
google/gemma-3-1b-it,NVIDIA GeForce RTX 5060 Ti,42,HotpotQA,12,16,530,semantic,73.3468,0.0,73.9852,0,1,0,96,352,352,64961380352,64961380352,7.697,0.018
google/gemma-3-1b-it,NVIDIA GeForce RTX 5060 Ti,42,HotpotQA,12,16,531,structural,44.212,0.0,0.0,0,1,1,99,355,355,66073395200,66073395200,7.697,0.018
google/gemma-3-1b-it,NVIDIA GeForce RTX 5060 Ti,42,HotpotQA,12,16,532,multi-hop,34.0796,0.0,0.0,0,1,1,106,362,362,68704796672,68704796672,7.697,0.018
google/gemma-3-1b-it,NVIDIA GeForce RTX 5060 Ti,42,HotpotQA,12,16,533,semantic,66.2041,0.0,0.0,0,1,1,122,378,378,74912366592,74912366592,7.697,0.018
google/gemma-3-1b-it,NVIDIA GeForce RTX 5060 Ti,42,HotpotQA,12,16,534,multi-hop,0.0,0.0,0.0,1,1,1,148,404,404,85572190208,85572190208,7.697,0.018
google/gemma-3-1b-it,NVIDIA GeForce RTX 5060 Ti,42,HotpotQA,12,16,535,multi-hop,59.0754,0.0,0.0,0,1,1,96,352,352,64961380352,64961380352,7.697,0.018
google/gemma-3-1b-it,NVIDIA GeForce RTX 5060 Ti,42,HotpotQA,12,16,536,multi-hop,50.8075,0.0,0.0,0,1,1,71,327,327,56061591552,56061591552,7.697,0.018
google/gemma-3-1b-it,NVIDIA GeForce RTX 5060 Ti,42,HotpotQA,12,16,537,structural,37.6183,0.0,0.0,0,1,1,8,264,264,36540776448,36540776448,7.697,0.018
google/gemma-3-1b-it,NVIDIA GeForce RTX 5060 Ti,42,HotpotQA,12,16,538,multi-hop,31.0521,0.0,28.237,0,1,0,102,358,358,67194847232,67194847232,7.697,0.018
google/gemma-3-1b-it,NVIDIA GeForce RTX 5060 Ti,42,HotpotQA,12,16,539,multi-hop,0.0,0.0,59.7546,1,1,0,49,305,305,48771891200,48771891200,7.697,0.018
google/gemma-3-1b-it,NVIDIA GeForce RTX 5060 Ti,42,HotpotQA,12,16,540,multi-hop,33.8862,0.0,0.0,0,1,1,94,350,350,64225280000,64225280000,7.697,0.018
google/gemma-3-1b-it,NVIDIA GeForce RTX 5060 Ti,42,HotpotQA,12,16,541,multi-hop,33.4597,0.0,0.0,0,1,1,127,383,383,76907282432,76907282432,7.697,0.018
google/gemma-3-1b-it,NVIDIA GeForce RTX 5060 Ti,42,HotpotQA,12,16,542,structural,34.2924,63.079,0.0,0,0,1,148,404,404,85572190208,85572190208,7.697,0.018
google/gemma-3-1b-it,NVIDIA GeForce RTX 5060 Ti,42,HotpotQA,12,16,543,semantic,41.56,0.0,0.0,0,1,1,114,370,370,71775027200,71775027200,7.697,0.018
google/gemma-3-1b-it,NVIDIA GeForce RTX 5060 Ti,42,HotpotQA,12,16,544,structural,36.5237,0.0,0.0,0,1,1,107,363,363,69084905472,69084905472,7.697,0.018
google/gemma-3-1b-it,NVIDIA GeForce RTX 5060 Ti,42,HotpotQA,12,16,545,multi-hop,46.6753,0.0,0.0,0,1,1,126,382,382,76506202112,76506202112,7.697,0.018
google/gemma-3-1b-it,NVIDIA GeForce RTX 5060 Ti,42,HotpotQA,12,16,546,structural,52.998,72.3673,36.4458,0,0,0,124,380,380,75707187200,75707187200,7.697,0.018
google/gemma-3-1b-it,NVIDIA GeForce RTX 5060 Ti,42,HotpotQA,12,16,547,multi-hop,35.0304,0.0,0.0,0,1,1,3,108,118,6115295232,7300186112,7.697,0.018
google/gemma-3-1b-it,NVIDIA GeForce RTX 5060 Ti,42,HotpotQA,12,16,548,multi-hop,36.2782,0.0,0.0,0,1,1,73,329,329,56749457408,56749457408,7.697,0.018
google/gemma-3-1b-it,NVIDIA GeForce RTX 5060 Ti,42,HotpotQA,12,16,549,multi-hop,28.9907,41.9978,40.7675,0,0,0,37,293,293,45009600512,45009600512,7.697,0.018
google/gemma-3-1b-it,NVIDIA GeForce RTX 5060 Ti,42,HotpotQA,12,16,550,multi-hop,30.5214,56.1819,0.0,0,0,1,70,326,326,55719231488,55719231488,7.697,0.018
google/gemma-3-1b-it,NVIDIA GeForce RTX 5060 Ti,42,HotpotQA,12,16,551,semantic,40.4227,0.0,0.0,0,1,1,94,350,350,64225280000,64225280000,7.697,0.018
google/gemma-3-1b-it,NVIDIA GeForce RTX 5060 Ti,42,HotpotQA,12,16,552,structural,40.3951,46.339,51.3728,0,0,0,76,332,332,57789120512,57789120512,7.697,0.018
google/gemma-3-1b-it,NVIDIA GeForce RTX 5060 Ti,42,HotpotQA,12,16,553,semantic,42.6406,0.0,0.0,0,1,1,57,313,313,51363971072,51363971072,7.697,0.018
google/gemma-3-1b-it,NVIDIA GeForce RTX 5060 Ti,42,HotpotQA,12,16,554,multi-hop,56.5694,0.0,0.0,0,1,1,47,303,303,48134356992,48134356992,7.697,0.018
google/gemma-3-1b-it,NVIDIA GeForce RTX 5060 Ti,42,HotpotQA,12,16,555,semantic,32.8099,0.0,0.0,0,1,1,112,368,368,71001178112,71001178112,7.697,0.018
google/gemma-3-1b-it,NVIDIA GeForce RTX 5060 Ti,42,HotpotQA,12,16,556,multi-hop,41.569,0.0,0.0,0,1,1,73,329,329,56749457408,56749457408,7.697,0.018
google/gemma-3-1b-it,NVIDIA GeForce RTX 5060 Ti,42,HotpotQA,12,16,557,multi-hop,62.8808,36.8165,64.3799,0,0,0,40,296,296,45936017408,45936017408,7.697,0.018
google/gemma-3-1b-it,NVIDIA GeForce RTX 5060 Ti,42,HotpotQA,12,16,558,structural,44.6452,46.9411,0.0,0,0,1,126,382,382,76506202112,76506202112,7.697,0.018
google/gemma-3-1b-it,NVIDIA GeForce RTX 5060 Ti,42,HotpotQA,12,16,559,structural,54.8447,46.0453,53.0861,0,0,0,2,37,258,717750272,34898706432,7.697,0.018
google/gemma-3-1b-it,NVIDIA GeForce RTX 5060 Ti,42,HotpotQA,12,16,560,multi-hop,75.1215,0.0,0.0,0,1,1,36,292,292,44702892032,44702892032,7.697,0.018
google/gemma-3-1b-it,NVIDIA GeForce RTX 5060 Ti,42,HotpotQA,12,16,561,structural,32.5262,41.8887,33.0135,0,0,0,13,269,269,37938003968,37938003968,7.697,0.018
google/gemma-3-1b-it,NVIDIA GeForce RTX 5060 Ti,42,HotpotQA,12,16,562,semantic,38.7364,0.0,0.0,0,1,1,63,319,319,53352071168,53352071168,7.697,0.018
google/gemma-3-1b-it,NVIDIA GeForce RTX 5060 Ti,42,HotpotQA,12,16,563,multi-hop,60.1101,52.0928,0.0,0,0,1,59,315,315,52022476800,52022476800,7.697,0.018
google/gemma-3-1b-it,NVIDIA GeForce RTX 5060 Ti,42,HotpotQA,12,16,564,semantic,36.047,0.0,54.1008,0,1,0,153,409,409,87703420928,87703420928,7.697,0.018
google/gemma-3-1b-it,NVIDIA GeForce RTX 5060 Ti,42,HotpotQA,12,16,565,semantic,49.6491,0.0,0.0,0,1,1,108,364,364,69466062848,69466062848,7.697,0.018
google/gemma-3-1b-it,NVIDIA GeForce RTX 5060 Ti,42,HotpotQA,12,16,566,structural,31.9953,36.3753,67.2278,0,0,0,2,53,146,1472724992,11175723008,7.697,0.018
google/gemma-3-1b-it,NVIDIA GeForce RTX 5060 Ti,42,HotpotQA,12,16,567,semantic,53.6178,0.0,0.0,0,1,1,125,381,381,76106170368,76106170368,7.697,0.018
google/gemma-3-1b-it,NVIDIA GeForce RTX 5060 Ti,42,HotpotQA,12,16,568,multi-hop,60.68,0.0,0.0,0,1,1,121,377,377,74516529152,74516529152,7.697,0.018
google/gemma-3-1b-it,NVIDIA GeForce RTX 5060 Ti,42,HotpotQA,12,16,569,multi-hop,44.6252,0.0,0.0,0,1,1,81,337,337,59542863872,59542863872,7.697,0.018
google/gemma-3-1b-it,NVIDIA GeForce RTX 5060 Ti,42,HotpotQA,12,16,570,multi-hop,32.6797,0.0,75.1747,0,1,0,99,355,355,66073395200,66073395200,7.697,0.018
google/gemma-3-1b-it,NVIDIA GeForce RTX 5060 Ti,42,HotpotQA,12,16,571,multi-hop,74.7196,43.8678,0.0,0,0,1,66,322,322,54360276992,54360276992,7.697,0.018
google/gemma-3-1b-it,NVIDIA GeForce RTX 5060 Ti,42,HotpotQA,12,16,572,multi-hop,58.3781,0.0,0.0,0,1,1,6,262,262,35989225472,35989225472,7.697,0.018
google/gemma-3-1b-it,NVIDIA GeForce RTX 5060 Ti,42,HotpotQA,12,16,573,multi-hop,42.7424,0.0,0.0,0,1,1,117,373,373,72943665152,72943665152,7.697,0.018
google/gemma-3-1b-it,NVIDIA GeForce RTX 5060 Ti,42,HotpotQA,12,16,574,semantic,37.9585,0.0,42.5946,0,1,0,102,358,358,67194847232,67194847232,7.697,0.018
google/gemma-3-1b-it,NVIDIA GeForce RTX 5060 Ti,42,HotpotQA,12,16,575,multi-hop,43.1934,39.2316,42.4189,0,0,0,31,287,287,43185078272,43185078272,7.697,0.018
google/gemma-3-1b-it,NVIDIA GeForce RTX 5060 Ti,42,HotpotQA,12,16,576,structural,39.9275,0.0,0.0,0,1,1,65,321,321,54023159808,54023159808,7.697,0.018
google/gemma-3-1b-it,NVIDIA GeForce RTX 5060 Ti,42,HotpotQA,12,16,577,multi-hop,69.3058,0.0,0.0,0,1,1,68,324,324,55037657088,55037657088,7.697,0.018
google/gemma-3-1b-it,NVIDIA GeForce RTX 5060 Ti,42,HotpotQA,12,16,578,structural,41.3897,79.3467,0.0,0,0,1,5,261,261,35715022848,35715022848,7.697,0.018
google/gemma-3-1b-it,NVIDIA GeForce RTX 5060 Ti,42,HotpotQA,12,16,579,multi-hop,59.1573,58.9631,56.0,0,0,0,63,319,319,53352071168,53352071168,7.697,0.018
google/gemma-3-1b-it,NVIDIA GeForce RTX 5060 Ti,42,HotpotQA,12,16,580,multi-hop,53.6534,0.0,52.6144,0,1,0,183,439,439,101041307648,101041307648,7.697,0.018
google/gemma-3-1b-it,NVIDIA GeForce RTX 5060 Ti,42,HotpotQA,12,16,581,semantic,39.3484,0.0,0.0,0,1,1,82,338,338,59896758272,59896758272,7.697,0.018
google/gemma-3-1b-it,NVIDIA GeForce RTX 5060 Ti,42,HotpotQA,12,16,582,semantic,34.0377,0.0,0.0,0,1,1,98,354,354,65701675008,65701675008,7.697,0.018
google/gemma-3-1b-it,NVIDIA GeForce RTX 5060 Ti,42,HotpotQA,12,16,583,multi-hop,66.8269,39.3259,36.1388,0,0,0,106,362,362,68704796672,68704796672,7.697,0.018
google/gemma-3-1b-it,NVIDIA GeForce RTX 5060 Ti,42,HotpotQA,12,16,584,multi-hop,45.541,37.2368,0.0,0,0,1,70,326,326,55719231488,55719231488,7.697,0.018
google/gemma-3-1b-it,NVIDIA GeForce RTX 5060 Ti,42,HotpotQA,12,16,585,multi-hop,31.3184,0.0,0.0,0,1,1,99,355,355,66073395200,66073395200,7.697,0.018
google/gemma-3-1b-it,NVIDIA GeForce RTX 5060 Ti,42,HotpotQA,12,16,586,semantic,69.8244,0.0,0.0,0,1,1,60,316,316,52353302528,52353302528,7.697,0.018
google/gemma-3-1b-it,NVIDIA GeForce RTX 5060 Ti,42,HotpotQA,12,16,587,semantic,45.5115,0.0,0.0,0,1,1,123,379,379,75309252608,75309252608,7.697,0.018
google/gemma-3-1b-it,NVIDIA GeForce RTX 5060 Ti,42,HotpotQA,12,16,588,multi-hop,60.7837,39.2072,0.0,0,0,1,116,372,372,72553070592,72553070592,7.697,0.018
google/gemma-3-1b-it,NVIDIA GeForce RTX 5060 Ti,42,HotpotQA,12,16,589,semantic,0.0,0.0,0.0,1,1,1,99,355,355,66073395200,66073395200,7.697,0.018
google/gemma-3-1b-it,NVIDIA GeForce RTX 5060 Ti,42,HotpotQA,12,16,590,structural,41.2879,48.0264,0.0,0,0,1,91,347,347,63128993792,63128993792,7.697,0.018
google/gemma-3-1b-it,NVIDIA GeForce RTX 5060 Ti,42,HotpotQA,12,16,591,semantic,65.1658,0.0,0.0,0,1,1,17,273,273,39074660352,39074660352,7.697,0.018
google/gemma-3-1b-it,NVIDIA GeForce RTX 5060 Ti,42,HotpotQA,12,16,592,structural,68.763,0.0,53.281,0,1,0,94,350,350,64225280000,64225280000,7.697,0.018
google/gemma-3-1b-it,NVIDIA GeForce RTX 5060 Ti,42,HotpotQA,12,16,593,semantic,50.1776,0.0,0.0,0,1,1,96,352,352,64961380352,64961380352,7.697,0.018
google/gemma-3-1b-it,NVIDIA GeForce RTX 5060 Ti,42,HotpotQA,12,16,594,structural,33.1949,55.5416,44.8256,0,0,0,102,358,358,67194847232,67194847232,7.697,0.018
google/gemma-3-1b-it,NVIDIA GeForce RTX 5060 Ti,42,HotpotQA,12,16,595,multi-hop,40.9132,58.2922,0.0,0,0,1,83,339,339,60251701248,60251701248,7.697,0.018
google/gemma-3-1b-it,NVIDIA GeForce RTX 5060 Ti,42,HotpotQA,12,16,596,multi-hop,37.284,71.727,77.0848,0,0,0,148,404,404,85572190208,85572190208,7.697,0.018
google/gemma-3-1b-it,NVIDIA GeForce RTX 5060 Ti,42,HotpotQA,12,16,597,semantic,34.6226,0.0,0.0,0,1,1,76,332,332,57789120512,57789120512,7.697,0.018
google/gemma-3-1b-it,NVIDIA GeForce RTX 5060 Ti,42,HotpotQA,12,16,598,multi-hop,83.5707,31.0084,41.9228,0,0,0,65,321,321,54023159808,54023159808,7.697,0.018
google/gemma-3-1b-it,NVIDIA GeForce RTX 5060 Ti,42,HotpotQA,12,16,599,multi-hop,0.0,0.0,0.0,1,1,1,94,350,350,64225280000,64225280000,7.697,0.018
google/gemma-3-1b-it,NVIDIA GeForce RTX 5060 Ti,42,HotpotQA,14,16,0,structural,54.4955,0.0,0.0,0,1,1,102,358,358,67194847232,67194847232,7.697,0.018
google/gemma-3-1b-it,NVIDIA GeForce RTX 5060 Ti,42,HotpotQA,14,16,1,multi-hop,72.991,0.0,0.0,0,1,1,35,291,291,44397232128,44397232128,7.697,0.018
google/gemma-3-1b-it,NVIDIA GeForce RTX 5060 Ti,42,HotpotQA,14,16,2,multi-hop,34.338,0.0,0.0,0,1,1,104,360,360,67947724800,67947724800,7.697,0.018
google/gemma-3-1b-it,NVIDIA GeForce RTX 5060 Ti,42,HotpotQA,14,16,3,semantic,47.0722,0.0,0.0,0,1,1,129,385,385,77712588800,77712588800,7.697,0.018
google/gemma-3-1b-it,NVIDIA GeForce RTX 5060 Ti,42,HotpotQA,14,16,4,structural,55.6077,63.5238,33.2442,0,0,0,124,380,380,75707187200,75707187200,7.697,0.018
google/gemma-3-1b-it,NVIDIA GeForce RTX 5060 Ti,42,HotpotQA,14,16,5,multi-hop,43.2641,0.0,0.0,0,1,1,96,352,352,64961380352,64961380352,7.697,0.018
google/gemma-3-1b-it,NVIDIA GeForce RTX 5060 Ti,42,HotpotQA,14,16,6,structural,40.9971,0.0,0.0,0,1,1,82,338,338,59896758272,59896758272,7.697,0.018
google/gemma-3-1b-it,NVIDIA GeForce RTX 5060 Ti,42,HotpotQA,14,16,7,multi-hop,29.9771,0.0,0.0,0,1,1,71,327,327,56061591552,56061591552,7.697,0.018
google/gemma-3-1b-it,NVIDIA GeForce RTX 5060 Ti,42,HotpotQA,14,16,8,multi-hop,39.4638,0.0,0.0,0,1,1,76,332,332,57789120512,57789120512,7.697,0.018
google/gemma-3-1b-it,NVIDIA GeForce RTX 5060 Ti,42,HotpotQA,14,16,9,structural,53.0574,0.0,0.0,0,1,1,93,349,349,63858802688,63858802688,7.697,0.018
google/gemma-3-1b-it,NVIDIA GeForce RTX 5060 Ti,42,HotpotQA,14,16,10,multi-hop,42.5471,0.0,0.0,0,1,1,12,268,268,37656461312,37656461312,7.697,0.018
google/gemma-3-1b-it,NVIDIA GeForce RTX 5060 Ti,42,HotpotQA,14,16,11,semantic,46.3686,0.0,0.0,0,1,1,81,337,337,59542863872,59542863872,7.697,0.018
google/gemma-3-1b-it,NVIDIA GeForce RTX 5060 Ti,42,HotpotQA,14,16,12,semantic,33.2229,0.0,0.0,0,1,1,49,305,305,48771891200,48771891200,7.697,0.018
google/gemma-3-1b-it,NVIDIA GeForce RTX 5060 Ti,42,HotpotQA,14,16,13,semantic,39.861,0.0,0.0,0,1,1,40,296,296,45936017408,45936017408,7.697,0.018
google/gemma-3-1b-it,NVIDIA GeForce RTX 5060 Ti,42,HotpotQA,14,16,14,multi-hop,54.2083,0.0,67.5292,0,1,0,24,280,280,41104179200,41104179200,7.697,0.018
google/gemma-3-1b-it,NVIDIA GeForce RTX 5060 Ti,42,HotpotQA,14,16,15,structural,62.6133,0.0,0.0,0,1,1,127,383,383,76907282432,76907282432,7.697,0.018
google/gemma-3-1b-it,NVIDIA GeForce RTX 5060 Ti,42,HotpotQA,14,16,16,structural,59.5483,0.0,0.0,0,1,1,96,352,352,64961380352,64961380352,7.697,0.018
google/gemma-3-1b-it,NVIDIA GeForce RTX 5060 Ti,42,HotpotQA,14,16,17,semantic,62.067,0.0,0.0,0,1,1,2,52,258,1417674752,34898706432,7.697,0.018
google/gemma-3-1b-it,NVIDIA GeForce RTX 5060 Ti,42,HotpotQA,14,16,18,semantic,40.2795,0.0,0.0,0,1,1,126,382,382,76506202112,76506202112,7.697,0.018
google/gemma-3-1b-it,NVIDIA GeForce RTX 5060 Ti,42,HotpotQA,14,16,19,multi-hop,84.2446,0.0,0.0,0,1,1,60,316,316,52353302528,52353302528,7.697,0.018
google/gemma-3-1b-it,NVIDIA GeForce RTX 5060 Ti,42,HotpotQA,14,16,20,multi-hop,48.5646,0.0,0.0,0,1,1,120,376,376,74121740288,74121740288,7.697,0.018
google/gemma-3-1b-it,NVIDIA GeForce RTX 5060 Ti,42,HotpotQA,14,16,21,multi-hop,60.5473,0.0,0.0,0,1,1,85,341,341,60964732928,60964732928,7.697,0.018
google/gemma-3-1b-it,NVIDIA GeForce RTX 5060 Ti,42,HotpotQA,14,16,22,structural,38.6816,60.4553,0.0,0,0,1,88,344,344,62042144768,62042144768,7.697,0.018
google/gemma-3-1b-it,NVIDIA GeForce RTX 5060 Ti,42,HotpotQA,14,16,23,semantic,68.2111,0.0,0.0,0,1,1,72,328,328,56405000192,56405000192,7.697,0.018
google/gemma-3-1b-it,NVIDIA GeForce RTX 5060 Ti,42,HotpotQA,14,16,24,semantic,55.3594,0.0,0.0,0,1,1,127,383,383,76907282432,76907282432,7.697,0.018
google/gemma-3-1b-it,NVIDIA GeForce RTX 5060 Ti,42,HotpotQA,14,16,25,multi-hop,71.3379,0.0,0.0,0,1,1,26,282,282,41693478912,41693478912,7.697,0.018
google/gemma-3-1b-it,NVIDIA GeForce RTX 5060 Ti,42,HotpotQA,14,16,26,multi-hop,51.5397,0.0,0.0,0,1,1,82,338,338,59896758272,59896758272,7.697,0.018
google/gemma-3-1b-it,NVIDIA GeForce RTX 5060 Ti,42,HotpotQA,14,16,27,multi-hop,42.5426,35.6087,0.0,0,0,1,122,378,378,74912366592,74912366592,7.697,0.018
google/gemma-3-1b-it,NVIDIA GeForce RTX 5060 Ti,42,HotpotQA,14,16,28,semantic,32.4531,0.0,0.0,0,1,1,75,331,331,57441517568,57441517568,7.697,0.018
google/gemma-3-1b-it,NVIDIA GeForce RTX 5060 Ti,42,HotpotQA,14,16,29,structural,60.2651,70.2939,52.9465,0,0,0,75,331,331,57441517568,57441517568,7.697,0.018
google/gemma-3-1b-it,NVIDIA GeForce RTX 5060 Ti,42,HotpotQA,14,16,30,multi-hop,35.555,0.0,0.0,0,1,1,14,270,270,38220595200,38220595200,7.697,0.018
google/gemma-3-1b-it,NVIDIA GeForce RTX 5060 Ti,42,HotpotQA,14,16,31,multi-hop,39.187,0.0,66.8085,0,1,0,91,347,347,63128993792,63128993792,7.697,0.018
google/gemma-3-1b-it,NVIDIA GeForce RTX 5060 Ti,42,HotpotQA,14,16,32,semantic,65.5339,0.0,0.0,0,1,1,119,375,375,73728000000,73728000000,7.697,0.018
google/gemma-3-1b-it,NVIDIA GeForce RTX 5060 Ti,42,HotpotQA,14,16,33,structural,62.8633,0.0,0.0,0,1,1,87,343,343,61681958912,61681958912,7.697,0.018
google/gemma-3-1b-it,NVIDIA GeForce RTX 5060 Ti,42,HotpotQA,14,16,34,structural,36.5223,0.0,0.0,0,1,1,96,352,352,64961380352,64961380352,7.697,0.018
google/gemma-3-1b-it,NVIDIA GeForce RTX 5060 Ti,42,HotpotQA,14,16,35,semantic,0.0,0.0,0.0,1,1,1,14,270,270,38220595200,38220595200,7.697,0.018
google/gemma-3-1b-it,NVIDIA GeForce RTX 5060 Ti,42,HotpotQA,14,16,36,structural,55.6419,0.0,50.8808,0,1,0,100,356,356,66446163968,66446163968,7.697,0.018
google/gemma-3-1b-it,NVIDIA GeForce RTX 5060 Ti,42,HotpotQA,14,16,37,multi-hop,33.2813,0.0,0.0,0,1,1,81,337,337,59542863872,59542863872,7.697,0.018
google/gemma-3-1b-it,NVIDIA GeForce RTX 5060 Ti,42,HotpotQA,14,16,38,multi-hop,29.0803,0.0,0.0,0,1,1,109,365,365,69848268800,69848268800,7.697,0.018
google/gemma-3-1b-it,NVIDIA GeForce RTX 5060 Ti,42,HotpotQA,14,16,39,multi-hop,50.1625,58.3414,56.2348,0,0,0,81,337,337,59542863872,59542863872,7.697,0.018
google/gemma-3-1b-it,NVIDIA GeForce RTX 5060 Ti,42,HotpotQA,14,16,40,semantic,32.8541,0.0,0.0,0,1,1,96,352,352,64961380352,64961380352,7.697,0.018
google/gemma-3-1b-it,NVIDIA GeForce RTX 5060 Ti,42,HotpotQA,14,16,41,multi-hop,34.3423,0.0,0.0,0,1,1,95,351,351,64592805888,64592805888,7.697,0.018
google/gemma-3-1b-it,NVIDIA GeForce RTX 5060 Ti,42,HotpotQA,14,16,42,semantic,38.3723,0.0,0.0,0,1,1,102,358,358,67194847232,67194847232,7.697,0.018
google/gemma-3-1b-it,NVIDIA GeForce RTX 5060 Ti,42,HotpotQA,14,16,43,semantic,30.5004,0.0,0.0,0,1,1,84,340,340,60607692800,60607692800,7.697,0.018
google/gemma-3-1b-it,NVIDIA GeForce RTX 5060 Ti,42,HotpotQA,14,16,44,multi-hop,34.8693,29.9981,56.6975,0,0,0,95,351,351,64592805888,64592805888,7.697,0.018
google/gemma-3-1b-it,NVIDIA GeForce RTX 5060 Ti,42,HotpotQA,14,16,45,structural,29.1385,36.6179,57.0938,0,0,0,93,349,349,63858802688,63858802688,7.697,0.018
google/gemma-3-1b-it,NVIDIA GeForce RTX 5060 Ti,42,HotpotQA,14,16,46,structural,40.2045,0.0,0.0,0,1,1,127,383,383,76907282432,76907282432,7.697,0.018
google/gemma-3-1b-it,NVIDIA GeForce RTX 5060 Ti,42,HotpotQA,14,16,47,semantic,0.0,0.0,0.0,1,1,1,9,265,265,36818124800,36818124800,7.697,0.018
google/gemma-3-1b-it,NVIDIA GeForce RTX 5060 Ti,42,HotpotQA,14,16,48,multi-hop,0.0,0.0,0.0,1,1,1,108,364,364,69466062848,69466062848,7.697,0.018
google/gemma-3-1b-it,NVIDIA GeForce RTX 5060 Ti,42,HotpotQA,14,16,49,structural,36.0399,0.0,0.0,0,1,1,7,263,263,36264476672,36264476672,7.697,0.018
google/gemma-3-1b-it,NVIDIA GeForce RTX 5060 Ti,42,HotpotQA,14,16,50,multi-hop,74.0033,0.0,0.0,0,1,1,69,325,325,55377920000,55377920000,7.697,0.018
google/gemma-3-1b-it,NVIDIA GeForce RTX 5060 Ti,42,HotpotQA,14,16,51,structural,48.8193,36.5623,55.2211,0,0,0,69,325,325,55377920000,55377920000,7.697,0.018
google/gemma-3-1b-it,NVIDIA GeForce RTX 5060 Ti,42,HotpotQA,14,16,52,semantic,50.4586,0.0,0.0,0,1,1,68,324,324,55037657088,55037657088,7.697,0.018
google/gemma-3-1b-it,NVIDIA GeForce RTX 5060 Ti,42,HotpotQA,14,16,53,structural,47.2254,31.4974,71.0989,0,0,0,10,266,266,37096521728,37096521728,7.697,0.018
google/gemma-3-1b-it,NVIDIA GeForce RTX 5060 Ti,42,HotpotQA,14,16,54,structural,56.6878,59.3019,77.5196,0,0,0,108,364,364,69466062848,69466062848,7.697,0.018
google/gemma-3-1b-it,NVIDIA GeForce RTX 5060 Ti,42,HotpotQA,14,16,55,semantic,45.9906,0.0,0.0,0,1,1,125,381,381,76106170368,76106170368,7.697,0.018
google/gemma-3-1b-it,NVIDIA GeForce RTX 5060 Ti,42,HotpotQA,14,16,56,multi-hop,58.5069,0.0,0.0,0,1,1,109,365,365,69848268800,69848268800,7.697,0.018
google/gemma-3-1b-it,NVIDIA GeForce RTX 5060 Ti,42,HotpotQA,14,16,57,structural,66.7462,57.5415,61.1188,0,0,0,37,293,293,45009600512,45009600512,7.697,0.018
google/gemma-3-1b-it,NVIDIA GeForce RTX 5060 Ti,42,HotpotQA,14,16,58,multi-hop,59.9256,0.0,0.0,0,1,1,87,343,343,61681958912,61681958912,7.697,0.018
google/gemma-3-1b-it,NVIDIA GeForce RTX 5060 Ti,42,HotpotQA,14,16,59,semantic,78.3251,0.0,0.0,0,1,1,14,270,270,38220595200,38220595200,7.697,0.018
google/gemma-3-1b-it,NVIDIA GeForce RTX 5060 Ti,42,HotpotQA,14,16,60,semantic,46.9844,0.0,0.0,0,1,1,3,129,259,8724676608,35169763328,7.697,0.018
google/gemma-3-1b-it,NVIDIA GeForce RTX 5060 Ti,42,HotpotQA,14,16,61,structural,54.542,0.0,0.0,0,1,1,112,368,368,71001178112,71001178112,7.697,0.018
google/gemma-3-1b-it,NVIDIA GeForce RTX 5060 Ti,42,HotpotQA,14,16,62,semantic,34.3982,0.0,0.0,0,1,1,99,355,355,66073395200,66073395200,7.697,0.018
google/gemma-3-1b-it,NVIDIA GeForce RTX 5060 Ti,42,HotpotQA,14,16,63,multi-hop,45.0411,49.2505,0.0,0,0,1,115,371,371,72163524608,72163524608,7.697,0.018
google/gemma-3-1b-it,NVIDIA GeForce RTX 5060 Ti,42,HotpotQA,14,16,64,multi-hop,31.2793,0.0,0.0,0,1,1,86,342,342,61322821632,61322821632,7.697,0.018
google/gemma-3-1b-it,NVIDIA GeForce RTX 5060 Ti,42,HotpotQA,14,16,65,multi-hop,49.1536,47.4645,0.0,0,0,1,10,266,266,37096521728,37096521728,7.697,0.018
google/gemma-3-1b-it,NVIDIA GeForce RTX 5060 Ti,42,HotpotQA,14,16,66,multi-hop,37.2752,65.014,49.5826,0,0,0,8,264,264,36540776448,36540776448,7.697,0.018
google/gemma-3-1b-it,NVIDIA GeForce RTX 5060 Ti,42,HotpotQA,14,16,67,semantic,78.3083,0.0,76.9268,0,1,0,40,296,296,45936017408,45936017408,7.697,0.018
google/gemma-3-1b-it,NVIDIA GeForce RTX 5060 Ti,42,HotpotQA,14,16,68,structural,52.3114,49.2632,32.9555,0,0,0,41,297,297,46246920192,46246920192,7.697,0.018
google/gemma-3-1b-it,NVIDIA GeForce RTX 5060 Ti,42,HotpotQA,14,16,69,multi-hop,35.9219,0.0,0.0,0,1,1,37,293,293,45009600512,45009600512,7.697,0.018
google/gemma-3-1b-it,NVIDIA GeForce RTX 5060 Ti,42,HotpotQA,14,16,70,structural,61.3321,69.9429,0.0,0,0,1,142,398,398,83049316352,83049316352,7.697,0.018
google/gemma-3-1b-it,NVIDIA GeForce RTX 5060 Ti,42,HotpotQA,14,16,71,multi-hop,27.6717,43.7285,36.9903,0,0,0,204,460,460,110939340800,110939340800,7.697,0.018
google/gemma-3-1b-it,NVIDIA GeForce RTX 5060 Ti,42,HotpotQA,14,16,72,semantic,33.494,0.0,0.0,0,1,1,99,355,355,66073395200,66073395200,7.697,0.018
google/gemma-3-1b-it,NVIDIA GeForce RTX 5060 Ti,42,HotpotQA,14,16,73,multi-hop,28.9867,50.6389,39.339,0,0,0,49,305,305,48771891200,48771891200,7.697,0.018
google/gemma-3-1b-it,NVIDIA GeForce RTX 5060 Ti,42,HotpotQA,14,16,74,multi-hop,45.5802,57.3089,0.0,0,0,1,77,333,333,58137772032,58137772032,7.697,0.018
google/gemma-3-1b-it,NVIDIA GeForce RTX 5060 Ti,42,HotpotQA,14,16,75,structural,77.9908,58.448,39.2707,0,0,0,14,270,270,38220595200,38220595200,7.697,0.018
google/gemma-3-1b-it,NVIDIA GeForce RTX 5060 Ti,42,HotpotQA,14,16,76,multi-hop,32.3972,0.0,0.0,0,1,1,4,248,216,32245809152,24461180928,7.697,0.018
google/gemma-3-1b-it,NVIDIA GeForce RTX 5060 Ti,42,HotpotQA,14,16,77,semantic,42.3143,0.0,0.0,0,1,1,115,371,371,72163524608,72163524608,7.697,0.018
google/gemma-3-1b-it,NVIDIA GeForce RTX 5060 Ti,42,HotpotQA,14,16,78,semantic,61.2119,0.0,48.1639,0,1,0,125,381,381,76106170368,76106170368,7.697,0.018
google/gemma-3-1b-it,NVIDIA GeForce RTX 5060 Ti,42,HotpotQA,14,16,79,semantic,34.3635,0.0,0.0,0,1,1,102,358,358,67194847232,67194847232,7.697,0.018
google/gemma-3-1b-it,NVIDIA GeForce RTX 5060 Ti,42,HotpotQA,14,16,80,structural,45.0702,44.8402,53.6958,0,0,0,101,357,357,66819981312,66819981312,7.697,0.018
google/gemma-3-1b-it,NVIDIA GeForce RTX 5060 Ti,42,HotpotQA,14,16,81,multi-hop,64.5601,0.0,0.0,0,1,1,87,343,343,61681958912,61681958912,7.697,0.018
google/gemma-3-1b-it,NVIDIA GeForce RTX 5060 Ti,42,HotpotQA,14,16,82,multi-hop,47.7842,0.0,0.0,0,1,1,99,355,355,66073395200,66073395200,7.697,0.018
google/gemma-3-1b-it,NVIDIA GeForce RTX 5060 Ti,42,HotpotQA,14,16,83,structural,93.9093,67.2766,71.1628,0,0,0,122,378,378,74912366592,74912366592,7.697,0.018
google/gemma-3-1b-it,NVIDIA GeForce RTX 5060 Ti,42,HotpotQA,14,16,84,semantic,56.8715,0.0,0.0,0,1,1,121,377,377,74516529152,74516529152,7.697,0.018
google/gemma-3-1b-it,NVIDIA GeForce RTX 5060 Ti,42,HotpotQA,14,16,85,semantic,65.8184,0.0,0.0,0,1,1,80,336,336,59190018048,59190018048,7.697,0.018
google/gemma-3-1b-it,NVIDIA GeForce RTX 5060 Ti,42,HotpotQA,14,16,86,multi-hop,0.0,0.0,0.0,1,1,1,104,360,360,67947724800,67947724800,7.697,0.018
google/gemma-3-1b-it,NVIDIA GeForce RTX 5060 Ti,42,HotpotQA,14,16,87,multi-hop,56.3152,0.0,0.0,0,1,1,101,357,357,66819981312,66819981312,7.697,0.018
google/gemma-3-1b-it,NVIDIA GeForce RTX 5060 Ti,42,HotpotQA,14,16,88,multi-hop,31.7665,58.5434,39.4173,0,0,0,90,346,346,62765662208,62765662208,7.697,0.018
google/gemma-3-1b-it,NVIDIA GeForce RTX 5060 Ti,42,HotpotQA,14,16,89,multi-hop,53.7567,0.0,0.0,0,1,1,70,326,326,55719231488,55719231488,7.697,0.018
google/gemma-3-1b-it,NVIDIA GeForce RTX 5060 Ti,42,HotpotQA,14,16,90,semantic,81.2257,0.0,0.0,0,1,1,63,319,319,53352071168,53352071168,7.697,0.018
google/gemma-3-1b-it,NVIDIA GeForce RTX 5060 Ti,42,HotpotQA,14,16,91,multi-hop,79.7234,35.2388,39.0037,0,0,0,7,263,263,36264476672,36264476672,7.697,0.018
google/gemma-3-1b-it,NVIDIA GeForce RTX 5060 Ti,42,HotpotQA,14,16,92,semantic,29.4158,0.0,0.0,0,1,1,99,355,355,66073395200,66073395200,7.697,0.018
google/gemma-3-1b-it,NVIDIA GeForce RTX 5060 Ti,42,HotpotQA,14,16,93,semantic,0.0,0.0,0.0,1,1,1,80,336,336,59190018048,59190018048,7.697,0.018
google/gemma-3-1b-it,NVIDIA GeForce RTX 5060 Ti,42,HotpotQA,14,16,94,semantic,36.8911,0.0,0.0,0,1,1,12,268,268,37656461312,37656461312,7.697,0.018
google/gemma-3-1b-it,NVIDIA GeForce RTX 5060 Ti,42,HotpotQA,14,16,95,semantic,36.6394,0.0,0.0,0,1,1,85,341,341,60964732928,60964732928,7.697,0.018
google/gemma-3-1b-it,NVIDIA GeForce RTX 5060 Ti,42,HotpotQA,14,16,96,multi-hop,29.6862,0.0,0.0,0,1,1,3,259,259,35169763328,35169763328,7.697,0.018
google/gemma-3-1b-it,NVIDIA GeForce RTX 5060 Ti,42,HotpotQA,14,16,97,structural,35.0268,47.475,80.7435,0,0,0,106,362,362,68704796672,68704796672,7.697,0.018
google/gemma-3-1b-it,NVIDIA GeForce RTX 5060 Ti,42,HotpotQA,14,16,98,multi-hop,42.5203,0.0,0.0,0,1,1,4,260,260,35441868800,35441868800,7.697,0.018
google/gemma-3-1b-it,NVIDIA GeForce RTX 5060 Ti,42,HotpotQA,14,16,99,semantic,74.1531,0.0,43.9157,0,1,0,35,291,291,44397232128,44397232128,7.697,0.018
google/gemma-3-1b-it,NVIDIA GeForce RTX 5060 Ti,42,HotpotQA,14,16,100,semantic,48.2649,0.0,0.0,0,1,1,47,303,303,48134356992,48134356992,7.697,0.018
google/gemma-3-1b-it,NVIDIA GeForce RTX 5060 Ti,42,HotpotQA,14,16,101,multi-hop,59.8028,56.5163,0.0,0,0,1,104,360,360,67947724800,67947724800,7.697,0.018
google/gemma-3-1b-it,NVIDIA GeForce RTX 5060 Ti,42,HotpotQA,14,16,102,multi-hop,82.0199,0.0,0.0,0,1,1,106,362,362,68704796672,68704796672,7.697,0.018
google/gemma-3-1b-it,NVIDIA GeForce RTX 5060 Ti,42,HotpotQA,14,16,103,semantic,47.0774,0.0,0.0,0,1,1,69,325,325,55377920000,55377920000,7.697,0.018
google/gemma-3-1b-it,NVIDIA GeForce RTX 5060 Ti,42,HotpotQA,14,16,104,multi-hop,75.9321,0.0,0.0,0,1,1,109,365,365,69848268800,69848268800,7.697,0.018
google/gemma-3-1b-it,NVIDIA GeForce RTX 5060 Ti,42,HotpotQA,14,16,105,semantic,76.0783,0.0,0.0,0,1,1,110,366,366,70231523328,70231523328,7.697,0.018
google/gemma-3-1b-it,NVIDIA GeForce RTX 5060 Ti,42,HotpotQA,14,16,106,semantic,82.2616,0.0,0.0,0,1,1,2,41,258,881328128,34898706432,7.697,0.018
google/gemma-3-1b-it,NVIDIA GeForce RTX 5060 Ti,42,HotpotQA,14,16,107,structural,58.9223,0.0,0.0,0,1,1,105,361,361,68325736448,68325736448,7.697,0.018
google/gemma-3-1b-it,NVIDIA GeForce RTX 5060 Ti,42,HotpotQA,14,16,108,structural,35.9003,0.0,0.0,0,1,1,81,337,337,59542863872,59542863872,7.697,0.018
google/gemma-3-1b-it,NVIDIA GeForce RTX 5060 Ti,42,HotpotQA,14,16,109,multi-hop,62.8324,44.4841,49.1175,0,0,0,139,395,395,81802035200,81802035200,7.697,0.018
google/gemma-3-1b-it,NVIDIA GeForce RTX 5060 Ti,42,HotpotQA,14,16,110,multi-hop,49.2428,40.976,48.8259,0,0,0,34,290,290,44092620800,44092620800,7.697,0.018
google/gemma-3-1b-it,NVIDIA GeForce RTX 5060 Ti,42,HotpotQA,14,16,111,multi-hop,63.6999,0.0,0.0,0,1,1,16,272,272,38788923392,38788923392,7.697,0.018
google/gemma-3-1b-it,NVIDIA GeForce RTX 5060 Ti,42,HotpotQA,14,16,112,semantic,37.1626,0.0,0.0,0,1,1,122,378,378,74912366592,74912366592,7.697,0.018
google/gemma-3-1b-it,NVIDIA GeForce RTX 5060 Ti,42,HotpotQA,14,16,113,multi-hop,0.0,64.9389,0.0,1,0,1,91,347,347,63128993792,63128993792,7.697,0.018
google/gemma-3-1b-it,NVIDIA GeForce RTX 5060 Ti,42,HotpotQA,14,16,114,multi-hop,57.07,0.0,0.0,0,1,1,68,324,324,55037657088,55037657088,7.697,0.018
google/gemma-3-1b-it,NVIDIA GeForce RTX 5060 Ti,42,HotpotQA,14,16,115,multi-hop,0.0,0.0,0.0,1,1,1,35,291,291,44397232128,44397232128,7.697,0.018
google/gemma-3-1b-it,NVIDIA GeForce RTX 5060 Ti,42,HotpotQA,14,16,116,semantic,45.2507,0.0,0.0,0,1,1,40,296,296,45936017408,45936017408,7.697,0.018
google/gemma-3-1b-it,NVIDIA GeForce RTX 5060 Ti,42,HotpotQA,14,16,117,multi-hop,41.5963,0.0,0.0,0,1,1,88,344,344,62042144768,62042144768,7.697,0.018
google/gemma-3-1b-it,NVIDIA GeForce RTX 5060 Ti,42,HotpotQA,14,16,118,multi-hop,36.9396,0.0,0.0,0,1,1,99,355,355,66073395200,66073395200,7.697,0.018
google/gemma-3-1b-it,NVIDIA GeForce RTX 5060 Ti,42,HotpotQA,14,16,119,multi-hop,34.0323,0.0,0.0,0,1,1,106,362,362,68704796672,68704796672,7.697,0.018
google/gemma-3-1b-it,NVIDIA GeForce RTX 5060 Ti,42,HotpotQA,14,16,120,structural,39.066,58.36,65.3338,0,0,0,84,340,340,60607692800,60607692800,7.697,0.018
google/gemma-3-1b-it,NVIDIA GeForce RTX 5060 Ti,42,HotpotQA,14,16,121,multi-hop,43.7639,0.0,0.0,0,1,1,114,370,370,71775027200,71775027200,7.697,0.018
google/gemma-3-1b-it,NVIDIA GeForce RTX 5060 Ti,42,HotpotQA,14,16,122,semantic,0.0,34.2368,38.881,1,0,0,121,377,377,74516529152,74516529152,7.697,0.018
google/gemma-3-1b-it,NVIDIA GeForce RTX 5060 Ti,42,HotpotQA,14,16,123,semantic,37.1512,0.0,0.0,0,1,1,2,258,258,34898706432,34898706432,7.697,0.018
google/gemma-3-1b-it,NVIDIA GeForce RTX 5060 Ti,42,HotpotQA,14,16,124,multi-hop,62.1589,84.9652,62.5277,0,0,0,2,258,192,34898706432,19327352832,7.697,0.018
google/gemma-3-1b-it,NVIDIA GeForce RTX 5060 Ti,42,HotpotQA,14,16,125,semantic,56.6872,0.0,0.0,0,1,1,117,373,373,72943665152,72943665152,7.697,0.018
google/gemma-3-1b-it,NVIDIA GeForce RTX 5060 Ti,42,HotpotQA,14,16,126,semantic,48.1953,0.0,0.0,0,1,1,60,316,316,52353302528,52353302528,7.697,0.018
google/gemma-3-1b-it,NVIDIA GeForce RTX 5060 Ti,42,HotpotQA,14,16,127,multi-hop,32.5727,53.5876,67.8966,0,0,0,35,291,291,44397232128,44397232128,7.697,0.018
google/gemma-3-1b-it,NVIDIA GeForce RTX 5060 Ti,42,HotpotQA,14,16,128,multi-hop,39.7898,0.0,0.0,0,1,1,117,373,373,72943665152,72943665152,7.697,0.018
google/gemma-3-1b-it,NVIDIA GeForce RTX 5060 Ti,42,HotpotQA,14,16,129,structural,36.5059,50.6379,0.0,0,0,1,47,303,303,48134356992,48134356992,7.697,0.018
google/gemma-3-1b-it,NVIDIA GeForce RTX 5060 Ti,42,HotpotQA,14,16,130,semantic,44.5895,0.0,0.0,0,1,1,94,350,350,64225280000,64225280000,7.697,0.018
google/gemma-3-1b-it,NVIDIA GeForce RTX 5060 Ti,42,HotpotQA,14,16,131,semantic,75.6613,0.0,0.0,0,1,1,126,382,382,76506202112,76506202112,7.697,0.018
google/gemma-3-1b-it,NVIDIA GeForce RTX 5060 Ti,42,HotpotQA,14,16,132,semantic,68.1772,0.0,0.0,0,1,1,99,355,355,66073395200,66073395200,7.697,0.018
google/gemma-3-1b-it,NVIDIA GeForce RTX 5060 Ti,42,HotpotQA,14,16,133,multi-hop,41.2788,0.0,0.0,0,1,1,99,355,355,66073395200,66073395200,7.697,0.018
google/gemma-3-1b-it,NVIDIA GeForce RTX 5060 Ti,42,HotpotQA,14,16,134,structural,77.7362,38.8023,44.1441,0,0,0,18,274,274,39361445888,39361445888,7.697,0.018
google/gemma-3-1b-it,NVIDIA GeForce RTX 5060 Ti,42,HotpotQA,14,16,135,multi-hop,43.9124,0.0,0.0,0,1,1,58,314,314,51692699648,51692699648,7.697,0.018
google/gemma-3-1b-it,NVIDIA GeForce RTX 5060 Ti,42,HotpotQA,14,16,136,semantic,45.1763,0.0,48.1421,0,1,0,19,275,275,39649280000,39649280000,7.697,0.018
google/gemma-3-1b-it,NVIDIA GeForce RTX 5060 Ti,42,HotpotQA,14,16,137,semantic,58.5972,0.0,0.0,0,1,1,57,313,313,51363971072,51363971072,7.697,0.018
google/gemma-3-1b-it,NVIDIA GeForce RTX 5060 Ti,42,HotpotQA,14,16,138,semantic,55.0795,0.0,0.0,0,1,1,76,332,332,57789120512,57789120512,7.697,0.018
google/gemma-3-1b-it,NVIDIA GeForce RTX 5060 Ti,42,HotpotQA,14,16,139,multi-hop,27.1262,52.5069,51.2895,0,0,0,119,375,375,73728000000,73728000000,7.697,0.018
google/gemma-3-1b-it,NVIDIA GeForce RTX 5060 Ti,42,HotpotQA,14,16,140,structural,59.3334,52.2295,63.689,0,0,0,2,62,153,2015363072,12273057792,7.697,0.018
google/gemma-3-1b-it,NVIDIA GeForce RTX 5060 Ti,42,HotpotQA,14,16,141,semantic,74.8371,0.0,0.0,0,1,1,66,322,322,54360276992,54360276992,7.697,0.018
google/gemma-3-1b-it,NVIDIA GeForce RTX 5060 Ti,42,HotpotQA,14,16,142,multi-hop,0.0,0.0,59.125,1,1,0,20,276,276,39938162688,39938162688,7.697,0.018
google/gemma-3-1b-it,NVIDIA GeForce RTX 5060 Ti,42,HotpotQA,14,16,143,semantic,67.4269,0.0,0.0,0,1,1,82,338,338,59896758272,59896758272,7.697,0.018
google/gemma-3-1b-it,NVIDIA GeForce RTX 5060 Ti,42,HotpotQA,14,16,144,multi-hop,67.9376,0.0,0.0,0,1,1,117,373,373,72943665152,72943665152,7.697,0.018
google/gemma-3-1b-it,NVIDIA GeForce RTX 5060 Ti,42,HotpotQA,14,16,145,multi-hop,95.049,0.0,0.0,0,1,1,72,328,328,56405000192,56405000192,7.697,0.018
google/gemma-3-1b-it,NVIDIA GeForce RTX 5060 Ti,42,HotpotQA,14,16,146,multi-hop,63.1278,0.0,0.0,0,1,1,105,361,361,68325736448,68325736448,7.697,0.018
google/gemma-3-1b-it,NVIDIA GeForce RTX 5060 Ti,42,HotpotQA,14,16,147,multi-hop,65.1734,0.0,0.0,0,1,1,2,41,258,881328128,34898706432,7.697,0.018
google/gemma-3-1b-it,NVIDIA GeForce RTX 5060 Ti,42,HotpotQA,14,16,148,multi-hop,45.263,71.9392,0.0,0,0,1,99,355,355,66073395200,66073395200,7.697,0.018
google/gemma-3-1b-it,NVIDIA GeForce RTX 5060 Ti,42,HotpotQA,14,16,149,multi-hop,62.1901,69.2895,76.6733,0,0,0,134,390,390,79744204800,79744204800,7.697,0.018
google/gemma-3-1b-it,NVIDIA GeForce RTX 5060 Ti,42,HotpotQA,14,16,150,semantic,36.4034,0.0,56.0316,0,1,0,77,333,333,58137772032,58137772032,7.697,0.018
google/gemma-3-1b-it,NVIDIA GeForce RTX 5060 Ti,42,HotpotQA,14,16,151,structural,30.0598,0.0,0.0,0,1,1,35,291,291,44397232128,44397232128,7.697,0.018
google/gemma-3-1b-it,NVIDIA GeForce RTX 5060 Ti,42,HotpotQA,14,16,152,structural,68.796,0.0,0.0,0,1,1,129,385,385,77712588800,77712588800,7.697,0.018
google/gemma-3-1b-it,NVIDIA GeForce RTX 5060 Ti,42,HotpotQA,14,16,153,structural,69.0496,34.1066,0.0,0,0,1,85,341,341,60964732928,60964732928,7.697,0.018
google/gemma-3-1b-it,NVIDIA GeForce RTX 5060 Ti,42,HotpotQA,14,16,154,multi-hop,0.0,0.0,0.0,1,1,1,35,291,291,44397232128,44397232128,7.697,0.018
google/gemma-3-1b-it,NVIDIA GeForce RTX 5060 Ti,42,HotpotQA,14,16,155,multi-hop,28.6555,0.0,0.0,0,1,1,67,323,323,54698442752,54698442752,7.697,0.018
google/gemma-3-1b-it,NVIDIA GeForce RTX 5060 Ti,42,HotpotQA,14,16,156,structural,32.7509,31.3837,51.9067,0,0,0,14,270,270,38220595200,38220595200,7.697,0.018
google/gemma-3-1b-it,NVIDIA GeForce RTX 5060 Ti,42,HotpotQA,14,16,157,multi-hop,47.7356,49.942,67.2678,0,0,0,75,331,331,57441517568,57441517568,7.697,0.018
google/gemma-3-1b-it,NVIDIA GeForce RTX 5060 Ti,42,HotpotQA,14,16,158,multi-hop,32.5803,0.0,0.0,0,1,1,159,415,415,90295500800,90295500800,7.697,0.018
google/gemma-3-1b-it,NVIDIA GeForce RTX 5060 Ti,42,HotpotQA,14,16,159,structural,27.1215,75.9773,31.8255,0,0,0,69,325,325,55377920000,55377920000,7.697,0.018
google/gemma-3-1b-it,NVIDIA GeForce RTX 5060 Ti,42,HotpotQA,14,16,160,semantic,58.4374,0.0,0.0,0,1,1,17,273,273,39074660352,39074660352,7.697,0.018
google/gemma-3-1b-it,NVIDIA GeForce RTX 5060 Ti,42,HotpotQA,14,16,161,multi-hop,34.9615,0.0,0.0,0,1,1,64,320,320,53687091200,53687091200,7.697,0.018
google/gemma-3-1b-it,NVIDIA GeForce RTX 5060 Ti,42,HotpotQA,14,16,162,multi-hop,33.2562,45.9048,62.781,0,0,0,81,337,337,59542863872,59542863872,7.697,0.018
google/gemma-3-1b-it,NVIDIA GeForce RTX 5060 Ti,42,HotpotQA,14,16,163,multi-hop,53.2928,0.0,0.0,0,1,1,106,362,362,68704796672,68704796672,7.697,0.018
google/gemma-3-1b-it,NVIDIA GeForce RTX 5060 Ti,42,HotpotQA,14,16,164,semantic,40.3304,0.0,0.0,0,1,1,20,276,276,39938162688,39938162688,7.697,0.018
google/gemma-3-1b-it,NVIDIA GeForce RTX 5060 Ti,42,HotpotQA,14,16,165,multi-hop,34.8772,0.0,0.0,0,1,1,80,336,336,59190018048,59190018048,7.697,0.018
google/gemma-3-1b-it,NVIDIA GeForce RTX 5060 Ti,42,HotpotQA,14,16,166,multi-hop,32.0826,0.0,0.0,0,1,1,96,352,352,64961380352,64961380352,7.697,0.018
google/gemma-3-1b-it,NVIDIA GeForce RTX 5060 Ti,42,HotpotQA,14,16,167,multi-hop,36.0973,62.363,58.6573,0,0,0,35,291,291,44397232128,44397232128,7.697,0.018
google/gemma-3-1b-it,NVIDIA GeForce RTX 5060 Ti,42,HotpotQA,14,16,168,semantic,74.1901,0.0,0.0,0,1,1,20,276,276,39938162688,39938162688,7.697,0.018
google/gemma-3-1b-it,NVIDIA GeForce RTX 5060 Ti,42,HotpotQA,14,16,169,multi-hop,40.4889,53.2691,0.0,0,0,1,118,374,374,73335308288,73335308288,7.697,0.018
google/gemma-3-1b-it,NVIDIA GeForce RTX 5060 Ti,42,HotpotQA,14,16,170,multi-hop,90.6583,31.6212,64.3097,0,0,0,5,261,261,35715022848,35715022848,7.697,0.018
google/gemma-3-1b-it,NVIDIA GeForce RTX 5060 Ti,42,HotpotQA,14,16,171,multi-hop,37.4377,0.0,41.2439,0,1,0,91,347,347,63128993792,63128993792,7.697,0.018
google/gemma-3-1b-it,NVIDIA GeForce RTX 5060 Ti,42,HotpotQA,14,16,172,structural,54.5864,0.0,0.0,0,1,1,6,262,262,35989225472,35989225472,7.697,0.018
google/gemma-3-1b-it,NVIDIA GeForce RTX 5060 Ti,42,HotpotQA,14,16,173,multi-hop,37.12,35.8257,0.0,0,0,1,53,309,309,50059542528,50059542528,7.697,0.018
google/gemma-3-1b-it,NVIDIA GeForce RTX 5060 Ti,42,HotpotQA,14,16,174,semantic,45.6565,0.0,0.0,0,1,1,106,362,362,68704796672,68704796672,7.697,0.018
google/gemma-3-1b-it,NVIDIA GeForce RTX 5060 Ti,42,HotpotQA,14,16,175,multi-hop,58.445,55.9649,40.6895,0,0,0,20,276,276,39938162688,39938162688,7.697,0.018
google/gemma-3-1b-it,NVIDIA GeForce RTX 5060 Ti,42,HotpotQA,14,16,176,multi-hop,36.0385,0.0,0.0,0,1,1,108,364,364,69466062848,69466062848,7.697,0.018
google/gemma-3-1b-it,NVIDIA GeForce RTX 5060 Ti,42,HotpotQA,14,16,177,multi-hop,50.3137,0.0,0.0,0,1,1,114,370,370,71775027200,71775027200,7.697,0.018
google/gemma-3-1b-it,NVIDIA GeForce RTX 5060 Ti,42,HotpotQA,14,16,178,structural,32.0316,62.4553,0.0,0,0,1,98,354,354,65701675008,65701675008,7.697,0.018
google/gemma-3-1b-it,NVIDIA GeForce RTX 5060 Ti,42,HotpotQA,14,16,179,structural,44.5349,67.9519,53.919,0,0,0,49,305,305,48771891200,48771891200,7.697,0.018
google/gemma-3-1b-it,NVIDIA GeForce RTX 5060 Ti,42,HotpotQA,14,16,180,semantic,32.6151,0.0,0.0,0,1,1,93,349,349,63858802688,63858802688,7.697,0.018
google/gemma-3-1b-it,NVIDIA GeForce RTX 5060 Ti,42,HotpotQA,14,16,181,structural,35.4176,49.8273,45.9371,0,0,0,108,364,364,69466062848,69466062848,7.697,0.018
google/gemma-3-1b-it,NVIDIA GeForce RTX 5060 Ti,42,HotpotQA,14,16,182,multi-hop,58.7267,0.0,0.0,0,1,1,2,41,258,881328128,34898706432,7.697,0.018
google/gemma-3-1b-it,NVIDIA GeForce RTX 5060 Ti,42,HotpotQA,14,16,183,multi-hop,46.6826,0.0,96.2603,0,1,0,114,370,370,71775027200,71775027200,7.697,0.018
google/gemma-3-1b-it,NVIDIA GeForce RTX 5060 Ti,42,HotpotQA,14,16,184,structural,68.4643,41.6805,63.5873,0,0,0,13,269,269,37938003968,37938003968,7.697,0.018
google/gemma-3-1b-it,NVIDIA GeForce RTX 5060 Ti,42,HotpotQA,14,16,185,multi-hop,85.792,0.0,85.9481,0,1,0,94,350,350,64225280000,64225280000,7.697,0.018
google/gemma-3-1b-it,NVIDIA GeForce RTX 5060 Ti,42,HotpotQA,14,16,186,semantic,48.0544,0.0,0.0,0,1,1,105,361,361,68325736448,68325736448,7.697,0.018
google/gemma-3-1b-it,NVIDIA GeForce RTX 5060 Ti,42,HotpotQA,14,16,187,multi-hop,36.7449,51.0362,0.0,0,0,1,68,324,324,55037657088,55037657088,7.697,0.018
google/gemma-3-1b-it,NVIDIA GeForce RTX 5060 Ti,42,HotpotQA,14,16,188,multi-hop,35.448,0.0,0.0,0,1,1,57,313,313,51363971072,51363971072,7.697,0.018
google/gemma-3-1b-it,NVIDIA GeForce RTX 5060 Ti,42,HotpotQA,14,16,189,structural,42.4949,71.5413,44.5429,0,0,0,24,280,280,41104179200,41104179200,7.697,0.018
google/gemma-3-1b-it,NVIDIA GeForce RTX 5060 Ti,42,HotpotQA,14,16,190,structural,67.7312,46.0387,65.2599,0,0,0,20,276,276,39938162688,39938162688,7.697,0.018
google/gemma-3-1b-it,NVIDIA GeForce RTX 5060 Ti,42,HotpotQA,14,16,191,structural,41.5685,0.0,0.0,0,1,1,69,325,325,55377920000,55377920000,7.697,0.018
google/gemma-3-1b-it,NVIDIA GeForce RTX 5060 Ti,42,HotpotQA,14,16,192,multi-hop,75.6325,0.0,0.0,0,1,1,5,261,261,35715022848,35715022848,7.697,0.018
google/gemma-3-1b-it,NVIDIA GeForce RTX 5060 Ti,42,HotpotQA,14,16,193,semantic,58.6474,0.0,0.0,0,1,1,26,282,282,41693478912,41693478912,7.697,0.018
google/gemma-3-1b-it,NVIDIA GeForce RTX 5060 Ti,42,HotpotQA,14,16,194,multi-hop,72.0234,0.0,0.0,0,1,1,4,260,260,35441868800,35441868800,7.697,0.018
google/gemma-3-1b-it,NVIDIA GeForce RTX 5060 Ti,42,HotpotQA,14,16,195,multi-hop,91.5018,87.3039,0.0,0,0,1,114,370,370,71775027200,71775027200,7.697,0.018
google/gemma-3-1b-it,NVIDIA GeForce RTX 5060 Ti,42,HotpotQA,14,16,196,multi-hop,36.0911,0.0,0.0,0,1,1,14,270,270,38220595200,38220595200,7.697,0.018
google/gemma-3-1b-it,NVIDIA GeForce RTX 5060 Ti,42,HotpotQA,14,16,197,semantic,53.274,0.0,71.9448,0,1,0,96,352,352,64961380352,64961380352,7.697,0.018
google/gemma-3-1b-it,NVIDIA GeForce RTX 5060 Ti,42,HotpotQA,14,16,198,semantic,0.0,0.0,0.0,1,1,1,14,270,270,38220595200,38220595200,7.697,0.018
google/gemma-3-1b-it,NVIDIA GeForce RTX 5060 Ti,42,HotpotQA,14,16,199,semantic,48.446,0.0,0.0,0,1,1,106,362,362,68704796672,68704796672,7.697,0.018
google/gemma-3-1b-it,NVIDIA GeForce RTX 5060 Ti,42,HotpotQA,14,16,200,multi-hop,73.6052,58.7048,76.0863,0,0,0,2,258,258,34898706432,34898706432,7.697,0.018
google/gemma-3-1b-it,NVIDIA GeForce RTX 5060 Ti,42,HotpotQA,14,16,201,multi-hop,74.5403,0.0,0.0,0,1,1,47,303,303,48134356992,48134356992,7.697,0.018
google/gemma-3-1b-it,NVIDIA GeForce RTX 5060 Ti,42,HotpotQA,14,16,202,semantic,98.9996,0.0,0.0,0,1,1,25,281,281,41398304768,41398304768,7.697,0.018
google/gemma-3-1b-it,NVIDIA GeForce RTX 5060 Ti,42,HotpotQA,14,16,203,semantic,60.5995,0.0,0.0,0,1,1,102,358,358,67194847232,67194847232,7.697,0.018
google/gemma-3-1b-it,NVIDIA GeForce RTX 5060 Ti,42,HotpotQA,14,16,204,multi-hop,90.4177,0.0,42.8621,0,1,0,131,387,387,78522089472,78522089472,7.697,0.018
google/gemma-3-1b-it,NVIDIA GeForce RTX 5060 Ti,42,HotpotQA,14,16,205,multi-hop,42.0588,52.4884,0.0,0,0,1,128,384,384,77309411328,77309411328,7.697,0.018
google/gemma-3-1b-it,NVIDIA GeForce RTX 5060 Ti,42,HotpotQA,14,16,206,multi-hop,45.4236,77.4488,60.7169,0,0,0,105,361,361,68325736448,68325736448,7.697,0.018
google/gemma-3-1b-it,NVIDIA GeForce RTX 5060 Ti,42,HotpotQA,14,16,207,multi-hop,56.1111,0.0,0.0,0,1,1,148,404,404,85572190208,85572190208,7.697,0.018
google/gemma-3-1b-it,NVIDIA GeForce RTX 5060 Ti,42,HotpotQA,14,16,208,semantic,41.7655,0.0,0.0,0,1,1,10,266,266,37096521728,37096521728,7.697,0.018
google/gemma-3-1b-it,NVIDIA GeForce RTX 5060 Ti,42,HotpotQA,14,16,209,semantic,41.4387,0.0,53.8023,0,1,0,70,326,326,55719231488,55719231488,7.697,0.018
google/gemma-3-1b-it,NVIDIA GeForce RTX 5060 Ti,42,HotpotQA,14,16,210,multi-hop,41.5591,0.0,0.0,0,1,1,125,381,381,76106170368,76106170368,7.697,0.018
google/gemma-3-1b-it,NVIDIA GeForce RTX 5060 Ti,42,HotpotQA,14,16,211,multi-hop,65.2278,35.6119,0.0,0,0,1,85,341,341,60964732928,60964732928,7.697,0.018
google/gemma-3-1b-it,NVIDIA GeForce RTX 5060 Ti,42,HotpotQA,14,16,212,semantic,60.9479,0.0,0.0,0,1,1,94,350,350,64225280000,64225280000,7.697,0.018
google/gemma-3-1b-it,NVIDIA GeForce RTX 5060 Ti,42,HotpotQA,14,16,213,structural,32.5944,61.2701,30.6715,0,0,0,64,320,320,53687091200,53687091200,7.697,0.018
google/gemma-3-1b-it,NVIDIA GeForce RTX 5060 Ti,42,HotpotQA,14,16,214,multi-hop,56.1012,0.0,79.8557,0,1,0,117,373,373,72943665152,72943665152,7.697,0.018
google/gemma-3-1b-it,NVIDIA GeForce RTX 5060 Ti,42,HotpotQA,14,16,215,multi-hop,60.2084,54.503,62.291,0,0,0,139,395,395,81802035200,81802035200,7.697,0.018
google/gemma-3-1b-it,NVIDIA GeForce RTX 5060 Ti,42,HotpotQA,14,16,216,multi-hop,59.125,0.0,0.0,0,1,1,118,374,374,73335308288,73335308288,7.697,0.018
google/gemma-3-1b-it,NVIDIA GeForce RTX 5060 Ti,42,HotpotQA,14,16,217,semantic,64.0651,0.0,0.0,0,1,1,63,319,319,53352071168,53352071168,7.697,0.018
google/gemma-3-1b-it,NVIDIA GeForce RTX 5060 Ti,42,HotpotQA,14,16,218,semantic,69.1449,0.0,0.0,0,1,1,101,357,357,66819981312,66819981312,7.697,0.018
google/gemma-3-1b-it,NVIDIA GeForce RTX 5060 Ti,42,HotpotQA,14,16,219,structural,33.0425,63.9964,56.1836,0,0,0,109,365,365,69848268800,69848268800,7.697,0.018
google/gemma-3-1b-it,NVIDIA GeForce RTX 5060 Ti,42,HotpotQA,14,16,220,multi-hop,38.052,0.0,0.0,0,1,1,142,398,398,83049316352,83049316352,7.697,0.018
google/gemma-3-1b-it,NVIDIA GeForce RTX 5060 Ti,42,HotpotQA,14,16,221,semantic,39.764,46.59,75.2114,0,0,0,134,390,390,79744204800,79744204800,7.697,0.018
google/gemma-3-1b-it,NVIDIA GeForce RTX 5060 Ti,42,HotpotQA,14,16,222,structural,55.5462,52.5156,0.0,0,0,1,93,349,349,63858802688,63858802688,7.697,0.018
google/gemma-3-1b-it,NVIDIA GeForce RTX 5060 Ti,42,HotpotQA,14,16,223,multi-hop,43.7301,0.0,0.0,0,1,1,68,324,324,55037657088,55037657088,7.697,0.018
google/gemma-3-1b-it,NVIDIA GeForce RTX 5060 Ti,42,HotpotQA,14,16,224,multi-hop,96.4992,67.6819,0.0,0,0,1,3,259,259,35169763328,35169763328,7.697,0.018
google/gemma-3-1b-it,NVIDIA GeForce RTX 5060 Ti,42,HotpotQA,14,16,225,structural,64.4523,0.0,0.0,0,1,1,112,368,368,71001178112,71001178112,7.697,0.018
google/gemma-3-1b-it,NVIDIA GeForce RTX 5060 Ti,42,HotpotQA,14,16,226,semantic,56.1854,0.0,0.0,0,1,1,17,273,273,39074660352,39074660352,7.697,0.018
google/gemma-3-1b-it,NVIDIA GeForce RTX 5060 Ti,42,HotpotQA,14,16,227,semantic,64.2666,0.0,0.0,0,1,1,123,379,379,75309252608,75309252608,7.697,0.018
google/gemma-3-1b-it,NVIDIA GeForce RTX 5060 Ti,42,HotpotQA,14,16,228,structural,61.1873,0.0,0.0,0,1,1,167,423,423,93810327552,93810327552,7.697,0.018
google/gemma-3-1b-it,NVIDIA GeForce RTX 5060 Ti,42,HotpotQA,14,16,229,multi-hop,49.8718,0.0,35.9543,0,1,0,125,381,381,76106170368,76106170368,7.697,0.018
google/gemma-3-1b-it,NVIDIA GeForce RTX 5060 Ti,42,HotpotQA,14,16,230,structural,48.9991,0.0,0.0,0,1,1,73,329,329,56749457408,56749457408,7.697,0.018
google/gemma-3-1b-it,NVIDIA GeForce RTX 5060 Ti,42,HotpotQA,14,16,231,semantic,33.54,0.0,0.0,0,1,1,81,337,337,59542863872,59542863872,7.697,0.018
google/gemma-3-1b-it,NVIDIA GeForce RTX 5060 Ti,42,HotpotQA,14,16,232,structural,54.6632,0.0,0.0,0,1,1,226,482,482,121804685312,121804685312,7.697,0.018
google/gemma-3-1b-it,NVIDIA GeForce RTX 5060 Ti,42,HotpotQA,14,16,233,structural,66.0475,61.4903,74.2451,0,0,0,6,262,262,35989225472,35989225472,7.697,0.018
google/gemma-3-1b-it,NVIDIA GeForce RTX 5060 Ti,42,HotpotQA,14,16,234,semantic,59.8451,0.0,0.0,0,1,1,114,370,370,71775027200,71775027200,7.697,0.018
google/gemma-3-1b-it,NVIDIA GeForce RTX 5060 Ti,42,HotpotQA,14,16,235,multi-hop,0.0,66.235,0.0,1,0,1,123,379,379,75309252608,75309252608,7.697,0.018
google/gemma-3-1b-it,NVIDIA GeForce RTX 5060 Ti,42,HotpotQA,14,16,236,multi-hop,81.3287,0.0,49.7657,0,1,0,102,358,358,67194847232,67194847232,7.697,0.018
google/gemma-3-1b-it,NVIDIA GeForce RTX 5060 Ti,42,HotpotQA,14,16,237,structural,57.7428,60.105,0.0,0,0,1,116,372,372,72553070592,72553070592,7.697,0.018
google/gemma-3-1b-it,NVIDIA GeForce RTX 5060 Ti,42,HotpotQA,14,16,238,multi-hop,78.8927,67.9234,42.4118,0,0,0,124,380,380,75707187200,75707187200,7.697,0.018
google/gemma-3-1b-it,NVIDIA GeForce RTX 5060 Ti,42,HotpotQA,14,16,239,structural,50.5163,59.2701,45.0461,0,0,0,31,287,287,43185078272,43185078272,7.697,0.018
google/gemma-3-1b-it,NVIDIA GeForce RTX 5060 Ti,42,HotpotQA,14,16,240,multi-hop,60.851,0.0,0.0,0,1,1,186,442,442,102427000832,102427000832,7.697,0.018
google/gemma-3-1b-it,NVIDIA GeForce RTX 5060 Ti,42,HotpotQA,14,16,241,multi-hop,48.3797,0.0,0.0,0,1,1,78,334,334,58487472128,58487472128,7.697,0.018
google/gemma-3-1b-it,NVIDIA GeForce RTX 5060 Ti,42,HotpotQA,14,16,242,multi-hop,75.9962,92.6637,72.25,0,0,0,124,380,380,75707187200,75707187200,7.697,0.018
google/gemma-3-1b-it,NVIDIA GeForce RTX 5060 Ti,42,HotpotQA,14,16,243,multi-hop,55.913,64.5739,66.3565,0,0,0,131,387,387,78522089472,78522089472,7.697,0.018
google/gemma-3-1b-it,NVIDIA GeForce RTX 5060 Ti,42,HotpotQA,14,16,244,semantic,72.3984,0.0,70.5987,0,1,0,108,364,364,69466062848,69466062848,7.697,0.018
google/gemma-3-1b-it,NVIDIA GeForce RTX 5060 Ti,42,HotpotQA,14,16,245,multi-hop,86.1472,0.0,0.0,0,1,1,94,350,350,64225280000,64225280000,7.697,0.018
google/gemma-3-1b-it,NVIDIA GeForce RTX 5060 Ti,42,HotpotQA,14,16,246,structural,33.841,69.2125,0.0,0,0,1,8,264,264,36540776448,36540776448,7.697,0.018
google/gemma-3-1b-it,NVIDIA GeForce RTX 5060 Ti,42,HotpotQA,14,16,247,structural,65.548,0.0,0.0,0,1,1,111,367,367,70615826432,70615826432,7.697,0.018
google/gemma-3-1b-it,NVIDIA GeForce RTX 5060 Ti,42,HotpotQA,14,16,248,semantic,38.7035,0.0,0.0,0,1,1,98,354,354,65701675008,65701675008,7.697,0.018
google/gemma-3-1b-it,NVIDIA GeForce RTX 5060 Ti,42,HotpotQA,14,16,249,multi-hop,86.2187,0.0,40.1814,0,1,0,24,280,280,41104179200,41104179200,7.697,0.018
google/gemma-3-1b-it,NVIDIA GeForce RTX 5060 Ti,42,HotpotQA,14,16,250,semantic,71.2502,0.0,0.0,0,1,1,109,365,365,69848268800,69848268800,7.697,0.018
google/gemma-3-1b-it,NVIDIA GeForce RTX 5060 Ti,42,HotpotQA,14,16,251,multi-hop,65.0904,0.0,0.0,0,1,1,96,352,352,64961380352,64961380352,7.697,0.018
google/gemma-3-1b-it,NVIDIA GeForce RTX 5060 Ti,42,HotpotQA,14,16,252,multi-hop,50.0189,0.0,0.0,0,1,1,139,395,395,81802035200,81802035200,7.697,0.018
google/gemma-3-1b-it,NVIDIA GeForce RTX 5060 Ti,42,HotpotQA,14,16,253,multi-hop,0.0,0.0,0.0,1,1,1,3,259,259,35169763328,35169763328,7.697,0.018
google/gemma-3-1b-it,NVIDIA GeForce RTX 5060 Ti,42,HotpotQA,14,16,254,multi-hop,88.8414,58.4816,94.4481,0,0,0,44,300,300,47185920000,47185920000,7.697,0.018
google/gemma-3-1b-it,NVIDIA GeForce RTX 5060 Ti,42,HotpotQA,14,16,255,multi-hop,82.6079,0.0,0.0,0,1,1,126,382,382,76506202112,76506202112,7.697,0.018
google/gemma-3-1b-it,NVIDIA GeForce RTX 5060 Ti,42,HotpotQA,14,16,256,multi-hop,87.403,90.9003,49.1582,0,0,0,63,319,319,53352071168,53352071168,7.697,0.018
google/gemma-3-1b-it,NVIDIA GeForce RTX 5060 Ti,42,HotpotQA,14,16,257,semantic,98.3774,0.0,0.0,0,1,1,100,356,356,66446163968,66446163968,7.697,0.018
google/gemma-3-1b-it,NVIDIA GeForce RTX 5060 Ti,42,HotpotQA,14,16,258,multi-hop,99.6059,0.0,0.0,0,1,1,112,368,368,71001178112,71001178112,7.697,0.018
google/gemma-3-1b-it,NVIDIA GeForce RTX 5060 Ti,42,HotpotQA,14,16,259,multi-hop,86.552,0.0,0.0,0,1,1,78,334,334,58487472128,58487472128,7.697,0.018
google/gemma-3-1b-it,NVIDIA GeForce RTX 5060 Ti,42,HotpotQA,14,16,260,structural,87.1717,0.0,0.0,0,1,1,25,281,281,41398304768,41398304768,7.697,0.018
google/gemma-3-1b-it,NVIDIA GeForce RTX 5060 Ti,42,HotpotQA,14,16,261,semantic,0.0,0.0,0.0,1,1,1,82,338,338,59896758272,59896758272,7.697,0.018
google/gemma-3-1b-it,NVIDIA GeForce RTX 5060 Ti,42,HotpotQA,14,16,262,multi-hop,57.3652,0.0,80.6325,0,1,0,99,355,355,66073395200,66073395200,7.697,0.018
google/gemma-3-1b-it,NVIDIA GeForce RTX 5060 Ti,42,HotpotQA,14,16,263,semantic,56.8292,0.0,0.0,0,1,1,114,370,370,71775027200,71775027200,7.697,0.018
google/gemma-3-1b-it,NVIDIA GeForce RTX 5060 Ti,42,HotpotQA,14,16,264,semantic,64.451,0.0,84.74,0,1,0,87,343,343,61681958912,61681958912,7.697,0.018
google/gemma-3-1b-it,NVIDIA GeForce RTX 5060 Ti,42,HotpotQA,14,16,265,semantic,63.5956,0.0,0.0,0,1,1,119,375,375,73728000000,73728000000,7.697,0.018
google/gemma-3-1b-it,NVIDIA GeForce RTX 5060 Ti,42,HotpotQA,14,16,266,semantic,45.7084,0.0,0.0,0,1,1,105,361,361,68325736448,68325736448,7.697,0.018
google/gemma-3-1b-it,NVIDIA GeForce RTX 5060 Ti,42,HotpotQA,14,16,267,structural,41.5814,0.0,0.0,0,1,1,101,357,357,66819981312,66819981312,7.697,0.018
google/gemma-3-1b-it,NVIDIA GeForce RTX 5060 Ti,42,HotpotQA,14,16,268,structural,37.8047,99.3365,0.0,0,0,1,114,370,370,71775027200,71775027200,7.697,0.018
google/gemma-3-1b-it,NVIDIA GeForce RTX 5060 Ti,42,HotpotQA,14,16,269,semantic,72.8338,0.0,0.0,0,1,1,115,371,371,72163524608,72163524608,7.697,0.018
google/gemma-3-1b-it,NVIDIA GeForce RTX 5060 Ti,42,HotpotQA,14,16,270,multi-hop,84.3368,0.0,0.0,0,1,1,110,366,366,70231523328,70231523328,7.697,0.018
google/gemma-3-1b-it,NVIDIA GeForce RTX 5060 Ti,42,HotpotQA,14,16,271,multi-hop,67.2894,0.0,0.0,0,1,1,122,378,378,74912366592,74912366592,7.697,0.018
google/gemma-3-1b-it,NVIDIA GeForce RTX 5060 Ti,42,HotpotQA,14,16,272,semantic,42.2315,0.0,55.9326,0,1,0,25,281,281,41398304768,41398304768,7.697,0.018
google/gemma-3-1b-it,NVIDIA GeForce RTX 5060 Ti,42,HotpotQA,14,16,273,multi-hop,76.6556,78.6783,0.0,0,0,1,136,392,392,80564191232,80564191232,7.697,0.018
google/gemma-3-1b-it,NVIDIA GeForce RTX 5060 Ti,42,HotpotQA,14,16,274,multi-hop,96.1115,0.0,0.0,0,1,1,3,259,259,35169763328,35169763328,7.697,0.018
google/gemma-3-1b-it,NVIDIA GeForce RTX 5060 Ti,42,HotpotQA,14,16,275,multi-hop,58.1626,0.0,0.0,0,1,1,5,209,261,22901424128,35715022848,7.697,0.018
google/gemma-3-1b-it,NVIDIA GeForce RTX 5060 Ti,42,HotpotQA,14,16,276,multi-hop,81.4764,0.0,0.0,0,1,1,123,379,379,75309252608,75309252608,7.697,0.018
google/gemma-3-1b-it,NVIDIA GeForce RTX 5060 Ti,42,HotpotQA,14,16,277,structural,100.7603,95.1817,57.7191,0,0,0,97,353,353,65331003392,65331003392,7.697,0.018
google/gemma-3-1b-it,NVIDIA GeForce RTX 5060 Ti,42,HotpotQA,14,16,278,multi-hop,93.6535,34.066,0.0,0,0,1,124,380,380,75707187200,75707187200,7.697,0.018
google/gemma-3-1b-it,NVIDIA GeForce RTX 5060 Ti,42,HotpotQA,14,16,279,structural,62.5001,33.9471,58.5086,0,0,0,95,351,351,64592805888,64592805888,7.697,0.018
google/gemma-3-1b-it,NVIDIA GeForce RTX 5060 Ti,42,HotpotQA,14,16,280,multi-hop,37.8777,55.998,59.691,0,0,0,81,337,337,59542863872,59542863872,7.697,0.018
google/gemma-3-1b-it,NVIDIA GeForce RTX 5060 Ti,42,HotpotQA,14,16,281,semantic,40.4841,0.0,0.0,0,1,1,20,276,276,39938162688,39938162688,7.697,0.018
google/gemma-3-1b-it,NVIDIA GeForce RTX 5060 Ti,42,HotpotQA,14,16,282,semantic,82.8274,0.0,54.6654,0,1,0,51,307,307,49413619712,49413619712,7.697,0.018
google/gemma-3-1b-it,NVIDIA GeForce RTX 5060 Ti,42,HotpotQA,14,16,283,structural,54.196,0.0,0.0,0,1,1,128,384,384,77309411328,77309411328,7.697,0.018
google/gemma-3-1b-it,NVIDIA GeForce RTX 5060 Ti,42,HotpotQA,14,16,284,multi-hop,52.5156,54.603,0.0,0,0,1,68,324,324,55037657088,55037657088,7.697,0.018
google/gemma-3-1b-it,NVIDIA GeForce RTX 5060 Ti,42,HotpotQA,14,16,285,structural,84.0668,0.0,0.0,0,1,1,52,308,308,49736056832,49736056832,7.697,0.018
google/gemma-3-1b-it,NVIDIA GeForce RTX 5060 Ti,42,HotpotQA,14,16,286,multi-hop,59.6016,0.0,0.0,0,1,1,108,364,364,69466062848,69466062848,7.697,0.018
google/gemma-3-1b-it,NVIDIA GeForce RTX 5060 Ti,42,HotpotQA,14,16,287,structural,84.7298,74.5383,59.2351,0,0,0,101,357,357,66819981312,66819981312,7.697,0.018
google/gemma-3-1b-it,NVIDIA GeForce RTX 5060 Ti,42,HotpotQA,14,16,288,multi-hop,46.7784,0.0,0.0,0,1,1,97,353,353,65331003392,65331003392,7.697,0.018
google/gemma-3-1b-it,NVIDIA GeForce RTX 5060 Ti,42,HotpotQA,14,16,289,multi-hop,35.0672,0.0,0.0,0,1,1,86,342,342,61322821632,61322821632,7.697,0.018
google/gemma-3-1b-it,NVIDIA GeForce RTX 5060 Ti,42,HotpotQA,14,16,290,semantic,49.0246,0.0,0.0,0,1,1,75,331,331,57441517568,57441517568,7.697,0.018
google/gemma-3-1b-it,NVIDIA GeForce RTX 5060 Ti,42,HotpotQA,14,16,291,multi-hop,80.5745,0.0,0.0,0,1,1,84,340,340,60607692800,60607692800,7.697,0.018
google/gemma-3-1b-it,NVIDIA GeForce RTX 5060 Ti,42,HotpotQA,14,16,292,multi-hop,55.1887,0.0,47.6635,0,1,0,25,281,281,41398304768,41398304768,7.697,0.018
google/gemma-3-1b-it,NVIDIA GeForce RTX 5060 Ti,42,HotpotQA,14,16,293,multi-hop,43.1024,50.5743,0.0,0,0,1,40,296,296,45936017408,45936017408,7.697,0.018
google/gemma-3-1b-it,NVIDIA GeForce RTX 5060 Ti,42,HotpotQA,14,16,294,multi-hop,35.2119,44.0728,69.7378,0,0,0,100,356,356,66446163968,66446163968,7.697,0.018
google/gemma-3-1b-it,NVIDIA GeForce RTX 5060 Ti,42,HotpotQA,14,16,295,semantic,36.2601,0.0,0.0,0,1,1,124,380,380,75707187200,75707187200,7.697,0.018
google/gemma-3-1b-it,NVIDIA GeForce RTX 5060 Ti,42,HotpotQA,14,16,296,multi-hop,48.1094,0.0,0.0,0,1,1,104,360,360,67947724800,67947724800,7.697,0.018
google/gemma-3-1b-it,NVIDIA GeForce RTX 5060 Ti,42,HotpotQA,14,16,297,multi-hop,58.3039,0.0,0.0,0,1,1,108,364,364,69466062848,69466062848,7.697,0.018
google/gemma-3-1b-it,NVIDIA GeForce RTX 5060 Ti,42,HotpotQA,14,16,298,structural,73.7419,88.2531,44.4184,0,0,0,70,326,326,55719231488,55719231488,7.697,0.018
google/gemma-3-1b-it,NVIDIA GeForce RTX 5060 Ti,42,HotpotQA,14,16,299,semantic,68.0288,0.0,0.0,0,1,1,42,298,298,46558871552,46558871552,7.697,0.018
google/gemma-3-1b-it,NVIDIA GeForce RTX 5060 Ti,42,HotpotQA,14,16,300,multi-hop,64.06,0.0,0.0,0,1,1,119,375,375,73728000000,73728000000,7.697,0.018
google/gemma-3-1b-it,NVIDIA GeForce RTX 5060 Ti,42,HotpotQA,14,16,301,multi-hop,44.128,46.2942,0.0,0,0,1,69,325,325,55377920000,55377920000,7.697,0.018
google/gemma-3-1b-it,NVIDIA GeForce RTX 5060 Ti,42,HotpotQA,14,16,302,structural,34.2874,0.0,0.0,0,1,1,117,373,373,72943665152,72943665152,7.697,0.018
google/gemma-3-1b-it,NVIDIA GeForce RTX 5060 Ti,42,HotpotQA,14,16,303,semantic,59.1892,0.0,0.0,0,1,1,65,321,321,54023159808,54023159808,7.697,0.018
google/gemma-3-1b-it,NVIDIA GeForce RTX 5060 Ti,42,HotpotQA,14,16,304,multi-hop,63.5592,0.0,0.0,0,1,1,115,371,371,72163524608,72163524608,7.697,0.018
google/gemma-3-1b-it,NVIDIA GeForce RTX 5060 Ti,42,HotpotQA,14,16,305,multi-hop,99.6799,0.0,0.0,0,1,1,63,319,319,53352071168,53352071168,7.697,0.018
google/gemma-3-1b-it,NVIDIA GeForce RTX 5060 Ti,42,HotpotQA,14,16,306,semantic,60.8471,0.0,0.0,0,1,1,99,355,355,66073395200,66073395200,7.697,0.018
google/gemma-3-1b-it,NVIDIA GeForce RTX 5060 Ti,42,HotpotQA,14,16,307,semantic,84.6338,0.0,0.0,0,1,1,148,404,404,85572190208,85572190208,7.697,0.018
google/gemma-3-1b-it,NVIDIA GeForce RTX 5060 Ti,42,HotpotQA,14,16,308,multi-hop,58.1413,82.8059,62.1964,0,0,0,86,342,342,61322821632,61322821632,7.697,0.018
google/gemma-3-1b-it,NVIDIA GeForce RTX 5060 Ti,42,HotpotQA,14,16,309,multi-hop,39.1039,0.0,0.0,0,1,1,122,378,378,74912366592,74912366592,7.697,0.018
google/gemma-3-1b-it,NVIDIA GeForce RTX 5060 Ti,42,HotpotQA,14,16,310,structural,28.0307,31.4423,35.1767,0,0,0,31,287,287,43185078272,43185078272,7.697,0.018
google/gemma-3-1b-it,NVIDIA GeForce RTX 5060 Ti,42,HotpotQA,14,16,311,multi-hop,59.2422,86.969,83.8519,0,0,0,116,372,372,72553070592,72553070592,7.697,0.018
google/gemma-3-1b-it,NVIDIA GeForce RTX 5060 Ti,42,HotpotQA,14,16,312,multi-hop,44.9358,67.1,103.9984,0,0,0,106,362,362,68704796672,68704796672,7.697,0.018
google/gemma-3-1b-it,NVIDIA GeForce RTX 5060 Ti,42,HotpotQA,14,16,313,structural,76.7075,54.3743,91.745,0,0,0,111,367,367,70615826432,70615826432,7.697,0.018
google/gemma-3-1b-it,NVIDIA GeForce RTX 5060 Ti,42,HotpotQA,14,16,314,structural,63.7084,84.3813,0.0,0,0,1,117,373,373,72943665152,72943665152,7.697,0.018
google/gemma-3-1b-it,NVIDIA GeForce RTX 5060 Ti,42,HotpotQA,14,16,315,multi-hop,40.5001,0.0,0.0,0,1,1,110,366,366,70231523328,70231523328,7.697,0.018
google/gemma-3-1b-it,NVIDIA GeForce RTX 5060 Ti,42,HotpotQA,14,16,316,semantic,42.8423,0.0,0.0,0,1,1,121,377,377,74516529152,74516529152,7.697,0.018
google/gemma-3-1b-it,NVIDIA GeForce RTX 5060 Ti,42,HotpotQA,14,16,317,multi-hop,46.0815,0.0,0.0,0,1,1,63,319,319,53352071168,53352071168,7.697,0.018
google/gemma-3-1b-it,NVIDIA GeForce RTX 5060 Ti,42,HotpotQA,14,16,318,multi-hop,33.4306,66.316,89.994,0,0,0,112,368,368,71001178112,71001178112,7.697,0.018
google/gemma-3-1b-it,NVIDIA GeForce RTX 5060 Ti,42,HotpotQA,14,16,319,semantic,90.9453,0.0,0.0,0,1,1,4,260,260,35441868800,35441868800,7.697,0.018
google/gemma-3-1b-it,NVIDIA GeForce RTX 5060 Ti,42,HotpotQA,14,16,320,multi-hop,0.0,0.0,0.0,1,1,1,81,337,337,59542863872,59542863872,7.697,0.018
google/gemma-3-1b-it,NVIDIA GeForce RTX 5060 Ti,42,HotpotQA,14,16,321,multi-hop,54.6693,52.0144,78.7773,0,0,0,2,258,258,34898706432,34898706432,7.697,0.018
google/gemma-3-1b-it,NVIDIA GeForce RTX 5060 Ti,42,HotpotQA,14,16,322,multi-hop,79.3967,81.1964,82.9676,0,0,0,116,372,372,72553070592,72553070592,7.697,0.018
google/gemma-3-1b-it,NVIDIA GeForce RTX 5060 Ti,42,HotpotQA,14,16,323,structural,0.0,46.8996,66.9561,1,0,0,96,352,352,64961380352,64961380352,7.697,0.018
google/gemma-3-1b-it,NVIDIA GeForce RTX 5060 Ti,42,HotpotQA,14,16,324,semantic,68.1097,0.0,0.0,0,1,1,113,369,369,71387578368,71387578368,7.697,0.018
google/gemma-3-1b-it,NVIDIA GeForce RTX 5060 Ti,42,HotpotQA,14,16,325,semantic,39.204,0.0,0.0,0,1,1,12,268,268,37656461312,37656461312,7.697,0.018
google/gemma-3-1b-it,NVIDIA GeForce RTX 5060 Ti,42,HotpotQA,14,16,326,multi-hop,58.4698,0.0,0.0,0,1,1,26,282,282,41693478912,41693478912,7.697,0.018
google/gemma-3-1b-it,NVIDIA GeForce RTX 5060 Ti,42,HotpotQA,14,16,327,structural,35.1768,63.8881,37.6393,0,0,0,2,258,258,34898706432,34898706432,7.697,0.018
google/gemma-3-1b-it,NVIDIA GeForce RTX 5060 Ti,42,HotpotQA,14,16,328,multi-hop,66.7959,0.0,0.0,0,1,1,9,265,265,36818124800,36818124800,7.697,0.018
google/gemma-3-1b-it,NVIDIA GeForce RTX 5060 Ti,42,HotpotQA,14,16,329,multi-hop,50.172,0.0,0.0,0,1,1,105,361,361,68325736448,68325736448,7.697,0.018
google/gemma-3-1b-it,NVIDIA GeForce RTX 5060 Ti,42,HotpotQA,14,16,330,structural,82.7096,0.0,0.0,0,1,1,90,346,346,62765662208,62765662208,7.697,0.018
google/gemma-3-1b-it,NVIDIA GeForce RTX 5060 Ti,42,HotpotQA,14,16,331,multi-hop,79.2654,0.0,0.0,0,1,1,25,281,281,41398304768,41398304768,7.697,0.018
google/gemma-3-1b-it,NVIDIA GeForce RTX 5060 Ti,42,HotpotQA,14,16,332,multi-hop,75.0888,0.0,0.0,0,1,1,96,352,352,64961380352,64961380352,7.697,0.018
google/gemma-3-1b-it,NVIDIA GeForce RTX 5060 Ti,42,HotpotQA,14,16,333,semantic,41.9492,0.0,0.0,0,1,1,118,374,374,73335308288,73335308288,7.697,0.018
google/gemma-3-1b-it,NVIDIA GeForce RTX 5060 Ti,42,HotpotQA,14,16,334,semantic,68.8788,0.0,0.0,0,1,1,104,360,360,67947724800,67947724800,7.697,0.018
google/gemma-3-1b-it,NVIDIA GeForce RTX 5060 Ti,42,HotpotQA,14,16,335,multi-hop,96.827,0.0,0.0,0,1,1,126,382,382,76506202112,76506202112,7.697,0.018
google/gemma-3-1b-it,NVIDIA GeForce RTX 5060 Ti,42,HotpotQA,14,16,336,multi-hop,40.2645,0.0,0.0,0,1,1,95,351,351,64592805888,64592805888,7.697,0.018
google/gemma-3-1b-it,NVIDIA GeForce RTX 5060 Ti,42,HotpotQA,14,16,337,structural,98.3181,0.0,0.0,0,1,1,24,280,280,41104179200,41104179200,7.697,0.018
google/gemma-3-1b-it,NVIDIA GeForce RTX 5060 Ti,42,HotpotQA,14,16,338,multi-hop,53.8913,0.0,0.0,0,1,1,60,316,316,52353302528,52353302528,7.697,0.018
google/gemma-3-1b-it,NVIDIA GeForce RTX 5060 Ti,42,HotpotQA,14,16,339,multi-hop,76.0377,0.0,0.0,0,1,1,50,306,306,49092231168,49092231168,7.697,0.018
google/gemma-3-1b-it,NVIDIA GeForce RTX 5060 Ti,42,HotpotQA,14,16,340,semantic,63.8448,0.0,0.0,0,1,1,94,350,350,64225280000,64225280000,7.697,0.018
google/gemma-3-1b-it,NVIDIA GeForce RTX 5060 Ti,42,HotpotQA,14,16,341,semantic,68.6242,0.0,63.5792,0,1,0,4,260,260,35441868800,35441868800,7.697,0.018
google/gemma-3-1b-it,NVIDIA GeForce RTX 5060 Ti,42,HotpotQA,14,16,342,multi-hop,0.0,0.0,0.0,1,1,1,24,280,280,41104179200,41104179200,7.697,0.018
google/gemma-3-1b-it,NVIDIA GeForce RTX 5060 Ti,42,HotpotQA,14,16,343,structural,64.3818,0.0,0.0,0,1,1,111,367,367,70615826432,70615826432,7.697,0.018
google/gemma-3-1b-it,NVIDIA GeForce RTX 5060 Ti,42,HotpotQA,14,16,344,multi-hop,77.7044,94.4666,37.476,0,0,0,101,357,357,66819981312,66819981312,7.697,0.018
google/gemma-3-1b-it,NVIDIA GeForce RTX 5060 Ti,42,HotpotQA,14,16,345,semantic,39.4896,0.0,0.0,0,1,1,102,358,358,67194847232,67194847232,7.697,0.018
google/gemma-3-1b-it,NVIDIA GeForce RTX 5060 Ti,42,HotpotQA,14,16,346,semantic,60.4975,0.0,0.0,0,1,1,18,274,274,39361445888,39361445888,7.697,0.018
google/gemma-3-1b-it,NVIDIA GeForce RTX 5060 Ti,42,HotpotQA,14,16,347,structural,43.3467,0.0,0.0,0,1,1,119,375,375,73728000000,73728000000,7.697,0.018
google/gemma-3-1b-it,NVIDIA GeForce RTX 5060 Ti,42,HotpotQA,14,16,348,structural,37.4662,44.6992,91.8989,0,0,0,106,362,362,68704796672,68704796672,7.697,0.018
google/gemma-3-1b-it,NVIDIA GeForce RTX 5060 Ti,42,HotpotQA,14,16,349,semantic,0.0,0.0,0.0,1,1,1,18,274,274,39361445888,39361445888,7.697,0.018
google/gemma-3-1b-it,NVIDIA GeForce RTX 5060 Ti,42,HotpotQA,14,16,350,semantic,0.0,0.0,0.0,1,1,1,48,304,304,48452599808,48452599808,7.697,0.018
google/gemma-3-1b-it,NVIDIA GeForce RTX 5060 Ti,42,HotpotQA,14,16,351,multi-hop,82.3026,73.5815,56.9907,0,0,0,77,333,333,58137772032,58137772032,7.697,0.018
google/gemma-3-1b-it,NVIDIA GeForce RTX 5060 Ti,42,HotpotQA,14,16,352,structural,38.2012,38.1972,69.0835,0,0,0,14,270,270,38220595200,38220595200,7.697,0.018
google/gemma-3-1b-it,NVIDIA GeForce RTX 5060 Ti,42,HotpotQA,14,16,353,semantic,0.0,0.0,0.0,1,1,1,11,267,267,37375967232,37375967232,7.697,0.018
google/gemma-3-1b-it,NVIDIA GeForce RTX 5060 Ti,42,HotpotQA,14,16,354,semantic,80.4338,0.0,0.0,0,1,1,112,368,368,71001178112,71001178112,7.697,0.018
google/gemma-3-1b-it,NVIDIA GeForce RTX 5060 Ti,42,HotpotQA,14,16,355,semantic,73.7981,0.0,58.7426,0,1,0,109,365,365,69848268800,69848268800,7.697,0.018
google/gemma-3-1b-it,NVIDIA GeForce RTX 5060 Ti,42,HotpotQA,14,16,356,multi-hop,59.0907,69.4355,0.0,0,0,1,114,370,370,71775027200,71775027200,7.697,0.018
google/gemma-3-1b-it,NVIDIA GeForce RTX 5060 Ti,42,HotpotQA,14,16,357,structural,84.5119,71.6884,0.0,0,0,1,4,260,260,35441868800,35441868800,7.697,0.018
google/gemma-3-1b-it,NVIDIA GeForce RTX 5060 Ti,42,HotpotQA,14,16,358,multi-hop,57.3181,90.5633,0.0,0,0,1,102,358,358,67194847232,67194847232,7.697,0.018
google/gemma-3-1b-it,NVIDIA GeForce RTX 5060 Ti,42,HotpotQA,14,16,359,structural,76.9449,85.0253,76.5699,0,0,0,41,297,297,46246920192,46246920192,7.697,0.018
google/gemma-3-1b-it,NVIDIA GeForce RTX 5060 Ti,42,HotpotQA,14,16,360,structural,98.7433,56.6749,59.0561,0,0,0,4,248,216,32245809152,24461180928,7.697,0.018
google/gemma-3-1b-it,NVIDIA GeForce RTX 5060 Ti,42,HotpotQA,14,16,361,semantic,53.4297,0.0,0.0,0,1,1,127,383,383,76907282432,76907282432,7.697,0.018
google/gemma-3-1b-it,NVIDIA GeForce RTX 5060 Ti,42,HotpotQA,14,16,362,multi-hop,73.7867,0.0,0.0,0,1,1,24,280,280,41104179200,41104179200,7.697,0.018
google/gemma-3-1b-it,NVIDIA GeForce RTX 5060 Ti,42,HotpotQA,14,16,363,structural,36.0316,68.2455,83.747,0,0,0,99,355,355,66073395200,66073395200,7.697,0.018
google/gemma-3-1b-it,NVIDIA GeForce RTX 5060 Ti,42,HotpotQA,14,16,364,semantic,40.4116,0.0,0.0,0,1,1,47,303,303,48134356992,48134356992,7.697,0.018
google/gemma-3-1b-it,NVIDIA GeForce RTX 5060 Ti,42,HotpotQA,14,16,365,semantic,89.6659,82.086,0.0,0,0,1,129,385,385,77712588800,77712588800,7.697,0.018
google/gemma-3-1b-it,NVIDIA GeForce RTX 5060 Ti,42,HotpotQA,14,16,366,multi-hop,73.9105,0.0,0.0,0,1,1,95,351,351,64592805888,64592805888,7.697,0.018
google/gemma-3-1b-it,NVIDIA GeForce RTX 5060 Ti,42,HotpotQA,14,16,367,semantic,53.3133,0.0,0.0,0,1,1,115,371,371,72163524608,72163524608,7.697,0.018
google/gemma-3-1b-it,NVIDIA GeForce RTX 5060 Ti,42,HotpotQA,14,16,368,semantic,44.3467,0.0,0.0,0,1,1,2,52,258,1417674752,34898706432,7.697,0.018
google/gemma-3-1b-it,NVIDIA GeForce RTX 5060 Ti,42,HotpotQA,14,16,369,semantic,34.0449,0.0,0.0,0,1,1,139,395,395,81802035200,81802035200,7.697,0.018
google/gemma-3-1b-it,NVIDIA GeForce RTX 5060 Ti,42,HotpotQA,14,16,370,multi-hop,82.4991,0.0,0.0,0,1,1,122,378,378,74912366592,74912366592,7.697,0.018
google/gemma-3-1b-it,NVIDIA GeForce RTX 5060 Ti,42,HotpotQA,14,16,371,semantic,34.1583,0.0,0.0,0,1,1,126,382,382,76506202112,76506202112,7.697,0.018
google/gemma-3-1b-it,NVIDIA GeForce RTX 5060 Ti,42,HotpotQA,14,16,372,multi-hop,97.3285,0.0,0.0,0,1,1,63,319,319,53352071168,53352071168,7.697,0.018
google/gemma-3-1b-it,NVIDIA GeForce RTX 5060 Ti,42,HotpotQA,14,16,373,multi-hop,38.6927,0.0,0.0,0,1,1,111,367,367,70615826432,70615826432,7.697,0.018
google/gemma-3-1b-it,NVIDIA GeForce RTX 5060 Ti,42,HotpotQA,14,16,374,structural,89.3494,0.0,0.0,0,1,1,93,349,349,63858802688,63858802688,7.697,0.018
google/gemma-3-1b-it,NVIDIA GeForce RTX 5060 Ti,42,HotpotQA,14,16,375,structural,60.2946,0.0,0.0,0,1,1,81,337,337,59542863872,59542863872,7.697,0.018
google/gemma-3-1b-it,NVIDIA GeForce RTX 5060 Ti,42,HotpotQA,14,16,376,multi-hop,73.4279,33.6649,0.0,0,0,1,129,385,385,77712588800,77712588800,7.697,0.018
google/gemma-3-1b-it,NVIDIA GeForce RTX 5060 Ti,42,HotpotQA,14,16,377,structural,37.8161,46.0421,35.2561,0,0,0,124,380,380,75707187200,75707187200,7.697,0.018
google/gemma-3-1b-it,NVIDIA GeForce RTX 5060 Ti,42,HotpotQA,14,16,378,multi-hop,36.544,38.5892,31.219,0,0,0,95,351,351,64592805888,64592805888,7.697,0.018
google/gemma-3-1b-it,NVIDIA GeForce RTX 5060 Ti,42,HotpotQA,14,16,379,structural,35.6166,34.641,35.0743,0,0,0,148,404,404,85572190208,85572190208,7.697,0.018
google/gemma-3-1b-it,NVIDIA GeForce RTX 5060 Ti,42,HotpotQA,14,16,380,semantic,68.5399,0.0,0.0,0,1,1,58,314,314,51692699648,51692699648,7.697,0.018
google/gemma-3-1b-it,NVIDIA GeForce RTX 5060 Ti,42,HotpotQA,14,16,381,structural,34.3475,0.0,0.0,0,1,1,114,370,370,71775027200,71775027200,7.697,0.018
google/gemma-3-1b-it,NVIDIA GeForce RTX 5060 Ti,42,HotpotQA,14,16,382,semantic,52.3664,0.0,29.3458,0,1,0,114,370,370,71775027200,71775027200,7.697,0.018
google/gemma-3-1b-it,NVIDIA GeForce RTX 5060 Ti,42,HotpotQA,14,16,383,multi-hop,39.5994,0.0,0.0,0,1,1,99,355,355,66073395200,66073395200,7.697,0.018
google/gemma-3-1b-it,NVIDIA GeForce RTX 5060 Ti,42,HotpotQA,14,16,384,structural,70.1416,0.0,0.0,0,1,1,26,282,282,41693478912,41693478912,7.697,0.018
google/gemma-3-1b-it,NVIDIA GeForce RTX 5060 Ti,42,HotpotQA,14,16,385,multi-hop,29.1028,36.3442,30.3914,0,0,0,108,364,364,69466062848,69466062848,7.697,0.018
google/gemma-3-1b-it,NVIDIA GeForce RTX 5060 Ti,42,HotpotQA,14,16,386,semantic,37.9515,0.0,0.0,0,1,1,76,332,332,57789120512,57789120512,7.697,0.018
google/gemma-3-1b-it,NVIDIA GeForce RTX 5060 Ti,42,HotpotQA,14,16,387,semantic,43.9806,0.0,50.3704,0,1,0,105,361,361,68325736448,68325736448,7.697,0.018
google/gemma-3-1b-it,NVIDIA GeForce RTX 5060 Ti,42,HotpotQA,14,16,388,multi-hop,51.1754,0.0,0.0,0,1,1,135,391,391,80153673728,80153673728,7.697,0.018
google/gemma-3-1b-it,NVIDIA GeForce RTX 5060 Ti,42,HotpotQA,14,16,389,semantic,47.9897,0.0,0.0,0,1,1,83,339,339,60251701248,60251701248,7.697,0.018
google/gemma-3-1b-it,NVIDIA GeForce RTX 5060 Ti,42,HotpotQA,14,16,390,multi-hop,51.8784,0.0,0.0,0,1,1,99,355,355,66073395200,66073395200,7.697,0.018
google/gemma-3-1b-it,NVIDIA GeForce RTX 5060 Ti,42,HotpotQA,14,16,391,multi-hop,33.6596,0.0,65.6872,0,1,0,87,343,343,61681958912,61681958912,7.697,0.018
google/gemma-3-1b-it,NVIDIA GeForce RTX 5060 Ti,42,HotpotQA,14,16,392,multi-hop,47.3125,0.0,0.0,0,1,1,89,345,345,62403379200,62403379200,7.697,0.018
google/gemma-3-1b-it,NVIDIA GeForce RTX 5060 Ti,42,HotpotQA,14,16,393,semantic,32.2977,0.0,0.0,0,1,1,97,353,353,65331003392,65331003392,7.697,0.018
google/gemma-3-1b-it,NVIDIA GeForce RTX 5060 Ti,42,HotpotQA,14,16,394,multi-hop,30.7847,33.0372,0.0,0,0,1,68,324,324,55037657088,55037657088,7.697,0.018
google/gemma-3-1b-it,NVIDIA GeForce RTX 5060 Ti,42,HotpotQA,14,16,395,multi-hop,40.6383,31.1864,35.6929,0,0,0,96,352,352,64961380352,64961380352,7.697,0.018
google/gemma-3-1b-it,NVIDIA GeForce RTX 5060 Ti,42,HotpotQA,14,16,396,multi-hop,30.3558,62.6086,47.4804,0,0,0,34,290,290,44092620800,44092620800,7.697,0.018
google/gemma-3-1b-it,NVIDIA GeForce RTX 5060 Ti,42,HotpotQA,14,16,397,structural,32.8667,33.8174,31.9528,0,0,0,63,319,319,53352071168,53352071168,7.697,0.018
google/gemma-3-1b-it,NVIDIA GeForce RTX 5060 Ti,42,HotpotQA,14,16,398,multi-hop,43.6165,46.1173,27.8828,0,0,0,122,378,378,74912366592,74912366592,7.697,0.018
google/gemma-3-1b-it,NVIDIA GeForce RTX 5060 Ti,42,HotpotQA,14,16,399,multi-hop,30.5395,0.0,36.5574,0,1,0,37,293,293,45009600512,45009600512,7.697,0.018
google/gemma-3-1b-it,NVIDIA GeForce RTX 5060 Ti,42,HotpotQA,14,16,400,multi-hop,29.9739,0.0,0.0,0,1,1,86,342,342,61322821632,61322821632,7.697,0.018
google/gemma-3-1b-it,NVIDIA GeForce RTX 5060 Ti,42,HotpotQA,14,16,401,structural,37.1485,36.9038,0.0,0,0,1,105,361,361,68325736448,68325736448,7.697,0.018
google/gemma-3-1b-it,NVIDIA GeForce RTX 5060 Ti,42,HotpotQA,14,16,402,semantic,0.0,42.9324,0.0,1,0,1,78,334,334,58487472128,58487472128,7.697,0.018
google/gemma-3-1b-it,NVIDIA GeForce RTX 5060 Ti,42,HotpotQA,14,16,403,multi-hop,37.1512,43.8222,0.0,0,0,1,102,358,358,67194847232,67194847232,7.697,0.018
google/gemma-3-1b-it,NVIDIA GeForce RTX 5060 Ti,42,HotpotQA,14,16,404,semantic,0.0,0.0,0.0,1,1,1,119,375,375,73728000000,73728000000,7.697,0.018
google/gemma-3-1b-it,NVIDIA GeForce RTX 5060 Ti,42,HotpotQA,14,16,405,structural,49.9595,57.4398,0.0,0,0,1,47,303,303,48134356992,48134356992,7.697,0.018
google/gemma-3-1b-it,NVIDIA GeForce RTX 5060 Ti,42,HotpotQA,14,16,406,semantic,72.5976,0.0,0.0,0,1,1,120,376,376,74121740288,74121740288,7.697,0.018
google/gemma-3-1b-it,NVIDIA GeForce RTX 5060 Ti,42,HotpotQA,14,16,407,multi-hop,76.7218,0.0,0.0,0,1,1,127,383,383,76907282432,76907282432,7.697,0.018
google/gemma-3-1b-it,NVIDIA GeForce RTX 5060 Ti,42,HotpotQA,14,16,408,multi-hop,41.0127,0.0,0.0,0,1,1,127,383,383,76907282432,76907282432,7.697,0.018
google/gemma-3-1b-it,NVIDIA GeForce RTX 5060 Ti,42,HotpotQA,14,16,409,semantic,72.9097,0.0,0.0,0,1,1,117,373,373,72943665152,72943665152,7.697,0.018
google/gemma-3-1b-it,NVIDIA GeForce RTX 5060 Ti,42,HotpotQA,14,16,410,multi-hop,28.4167,0.0,0.0,0,1,1,112,368,368,71001178112,71001178112,7.697,0.018
google/gemma-3-1b-it,NVIDIA GeForce RTX 5060 Ti,42,HotpotQA,14,16,411,structural,28.3872,0.0,0.0,0,1,1,87,343,343,61681958912,61681958912,7.697,0.018
google/gemma-3-1b-it,NVIDIA GeForce RTX 5060 Ti,42,HotpotQA,14,16,412,multi-hop,46.7283,0.0,0.0,0,1,1,106,362,362,68704796672,68704796672,7.697,0.018
google/gemma-3-1b-it,NVIDIA GeForce RTX 5060 Ti,42,HotpotQA,14,16,413,multi-hop,49.6095,38.2075,0.0,0,0,1,159,415,415,90295500800,90295500800,7.697,0.018
google/gemma-3-1b-it,NVIDIA GeForce RTX 5060 Ti,42,HotpotQA,14,16,414,multi-hop,0.0,0.0,0.0,1,1,1,134,390,390,79744204800,79744204800,7.697,0.018
google/gemma-3-1b-it,NVIDIA GeForce RTX 5060 Ti,42,HotpotQA,14,16,415,semantic,55.9896,0.0,0.0,0,1,1,114,370,370,71775027200,71775027200,7.697,0.018
google/gemma-3-1b-it,NVIDIA GeForce RTX 5060 Ti,42,HotpotQA,14,16,416,semantic,42.9526,0.0,37.1827,0,1,0,49,305,305,48771891200,48771891200,7.697,0.018
google/gemma-3-1b-it,NVIDIA GeForce RTX 5060 Ti,42,HotpotQA,14,16,417,semantic,42.5567,0.0,0.0,0,1,1,122,378,378,74912366592,74912366592,7.697,0.018
google/gemma-3-1b-it,NVIDIA GeForce RTX 5060 Ti,42,HotpotQA,14,16,418,multi-hop,30.71,0.0,0.0,0,1,1,24,280,280,41104179200,41104179200,7.697,0.018
google/gemma-3-1b-it,NVIDIA GeForce RTX 5060 Ti,42,HotpotQA,14,16,419,multi-hop,49.429,0.0,0.0,0,1,1,26,282,282,41693478912,41693478912,7.697,0.018
google/gemma-3-1b-it,NVIDIA GeForce RTX 5060 Ti,42,HotpotQA,14,16,420,structural,71.0168,32.8378,0.0,0,0,1,118,374,374,73335308288,73335308288,7.697,0.018
google/gemma-3-1b-it,NVIDIA GeForce RTX 5060 Ti,42,HotpotQA,14,16,421,multi-hop,38.5225,66.3314,0.0,0,0,1,37,293,293,45009600512,45009600512,7.697,0.018
google/gemma-3-1b-it,NVIDIA GeForce RTX 5060 Ti,42,HotpotQA,14,16,422,multi-hop,34.3378,0.0,0.0,0,1,1,20,276,276,39938162688,39938162688,7.697,0.018
google/gemma-3-1b-it,NVIDIA GeForce RTX 5060 Ti,42,HotpotQA,14,16,423,semantic,49.1003,0.0,39.0892,0,1,0,96,352,352,64961380352,64961380352,7.697,0.018
google/gemma-3-1b-it,NVIDIA GeForce RTX 5060 Ti,42,HotpotQA,14,16,424,structural,57.2603,0.0,0.0,0,1,1,51,307,307,49413619712,49413619712,7.697,0.018
google/gemma-3-1b-it,NVIDIA GeForce RTX 5060 Ti,42,HotpotQA,14,16,425,semantic,34.0904,0.0,0.0,0,1,1,123,379,379,75309252608,75309252608,7.697,0.018
google/gemma-3-1b-it,NVIDIA GeForce RTX 5060 Ti,42,HotpotQA,14,16,426,multi-hop,50.6444,33.5762,48.0718,0,0,0,5,261,261,35715022848,35715022848,7.697,0.018
google/gemma-3-1b-it,NVIDIA GeForce RTX 5060 Ti,42,HotpotQA,14,16,427,semantic,37.9232,0.0,0.0,0,1,1,93,349,349,63858802688,63858802688,7.697,0.018
google/gemma-3-1b-it,NVIDIA GeForce RTX 5060 Ti,42,HotpotQA,14,16,428,semantic,53.7541,0.0,0.0,0,1,1,225,481,481,121299795968,121299795968,7.697,0.018
google/gemma-3-1b-it,NVIDIA GeForce RTX 5060 Ti,42,HotpotQA,14,16,429,multi-hop,58.1636,32.6255,0.0,0,0,1,123,379,379,75309252608,75309252608,7.697,0.018
google/gemma-3-1b-it,NVIDIA GeForce RTX 5060 Ti,42,HotpotQA,14,16,430,semantic,43.9531,0.0,0.0,0,1,1,63,319,319,53352071168,53352071168,7.697,0.018
google/gemma-3-1b-it,NVIDIA GeForce RTX 5060 Ti,42,HotpotQA,14,16,431,multi-hop,30.0112,69.3758,30.3933,0,0,0,105,361,361,68325736448,68325736448,7.697,0.018
google/gemma-3-1b-it,NVIDIA GeForce RTX 5060 Ti,42,HotpotQA,14,16,432,structural,43.2957,37.8086,43.4009,0,0,0,60,316,316,52353302528,52353302528,7.697,0.018
google/gemma-3-1b-it,NVIDIA GeForce RTX 5060 Ti,42,HotpotQA,14,16,433,structural,32.6934,49.6903,45.0649,0,0,0,2,62,209,2015363072,22901424128,7.697,0.018
google/gemma-3-1b-it,NVIDIA GeForce RTX 5060 Ti,42,HotpotQA,14,16,434,multi-hop,54.5071,72.5628,0.0,0,0,1,9,265,265,36818124800,36818124800,7.697,0.018
google/gemma-3-1b-it,NVIDIA GeForce RTX 5060 Ti,42,HotpotQA,14,16,435,structural,45.8134,0.0,0.0,0,1,1,26,282,282,41693478912,41693478912,7.697,0.018
google/gemma-3-1b-it,NVIDIA GeForce RTX 5060 Ti,42,HotpotQA,14,16,436,multi-hop,37.5554,0.0,41.4849,0,1,0,99,355,355,66073395200,66073395200,7.697,0.018
google/gemma-3-1b-it,NVIDIA GeForce RTX 5060 Ti,42,HotpotQA,14,16,437,multi-hop,41.0296,0.0,0.0,0,1,1,109,365,365,69848268800,69848268800,7.697,0.018
google/gemma-3-1b-it,NVIDIA GeForce RTX 5060 Ti,42,HotpotQA,14,16,438,multi-hop,66.3886,0.0,0.0,0,1,1,125,381,381,76106170368,76106170368,7.697,0.018
google/gemma-3-1b-it,NVIDIA GeForce RTX 5060 Ti,42,HotpotQA,14,16,439,semantic,55.4123,0.0,0.0,0,1,1,39,295,295,45626163200,45626163200,7.697,0.018
google/gemma-3-1b-it,NVIDIA GeForce RTX 5060 Ti,42,HotpotQA,14,16,440,multi-hop,34.3461,0.0,0.0,0,1,1,97,353,353,65331003392,65331003392,7.697,0.018
google/gemma-3-1b-it,NVIDIA GeForce RTX 5060 Ti,42,HotpotQA,14,16,441,multi-hop,29.059,0.0,0.0,0,1,1,87,343,343,61681958912,61681958912,7.697,0.018
google/gemma-3-1b-it,NVIDIA GeForce RTX 5060 Ti,42,HotpotQA,14,16,442,semantic,47.8417,0.0,0.0,0,1,1,82,338,338,59896758272,59896758272,7.697,0.018
google/gemma-3-1b-it,NVIDIA GeForce RTX 5060 Ti,42,HotpotQA,14,16,443,structural,73.0706,53.1566,0.0,0,0,1,142,398,398,83049316352,83049316352,7.697,0.018
google/gemma-3-1b-it,NVIDIA GeForce RTX 5060 Ti,42,HotpotQA,14,16,444,multi-hop,39.0601,0.0,0.0,0,1,1,120,376,376,74121740288,74121740288,7.697,0.018
google/gemma-3-1b-it,NVIDIA GeForce RTX 5060 Ti,42,HotpotQA,14,16,445,structural,57.937,45.0259,79.1717,0,0,0,20,276,276,39938162688,39938162688,7.697,0.018
google/gemma-3-1b-it,NVIDIA GeForce RTX 5060 Ti,42,HotpotQA,14,16,446,structural,36.076,29.0657,38.7967,0,0,0,63,319,319,53352071168,53352071168,7.697,0.018
google/gemma-3-1b-it,NVIDIA GeForce RTX 5060 Ti,42,HotpotQA,14,16,447,multi-hop,43.6468,0.0,0.0,0,1,1,8,264,264,36540776448,36540776448,7.697,0.018
google/gemma-3-1b-it,NVIDIA GeForce RTX 5060 Ti,42,HotpotQA,14,16,448,multi-hop,47.2552,26.2898,41.1772,0,0,0,153,409,409,87703420928,87703420928,7.697,0.018
google/gemma-3-1b-it,NVIDIA GeForce RTX 5060 Ti,42,HotpotQA,14,16,449,semantic,34.4693,0.0,0.0,0,1,1,115,371,371,72163524608,72163524608,7.697,0.018
google/gemma-3-1b-it,NVIDIA GeForce RTX 5060 Ti,42,HotpotQA,14,16,450,structural,33.9555,0.0,0.0,0,1,1,106,362,362,68704796672,68704796672,7.697,0.018
google/gemma-3-1b-it,NVIDIA GeForce RTX 5060 Ti,42,HotpotQA,14,16,451,semantic,44.1648,0.0,0.0,0,1,1,72,328,328,56405000192,56405000192,7.697,0.018
google/gemma-3-1b-it,NVIDIA GeForce RTX 5060 Ti,42,HotpotQA,14,16,452,structural,41.4184,0.0,0.0,0,1,1,25,281,281,41398304768,41398304768,7.697,0.018
google/gemma-3-1b-it,NVIDIA GeForce RTX 5060 Ti,42,HotpotQA,14,16,453,multi-hop,36.2256,0.0,0.0,0,1,1,60,316,316,52353302528,52353302528,7.697,0.018
google/gemma-3-1b-it,NVIDIA GeForce RTX 5060 Ti,42,HotpotQA,14,16,454,multi-hop,42.4208,48.7648,28.3444,0,0,0,119,375,375,73728000000,73728000000,7.697,0.018
google/gemma-3-1b-it,NVIDIA GeForce RTX 5060 Ti,42,HotpotQA,14,16,455,semantic,30.2114,0.0,0.0,0,1,1,159,415,415,90295500800,90295500800,7.697,0.018
google/gemma-3-1b-it,NVIDIA GeForce RTX 5060 Ti,42,HotpotQA,14,16,456,semantic,50.4172,0.0,0.0,0,1,1,5,209,261,22901424128,35715022848,7.697,0.018
google/gemma-3-1b-it,NVIDIA GeForce RTX 5060 Ti,42,HotpotQA,14,16,457,multi-hop,36.5124,0.0,0.0,0,1,1,47,303,303,48134356992,48134356992,7.697,0.018
google/gemma-3-1b-it,NVIDIA GeForce RTX 5060 Ti,42,HotpotQA,14,16,458,multi-hop,47.3204,0.0,0.0,0,1,1,93,349,349,63858802688,63858802688,7.697,0.018
google/gemma-3-1b-it,NVIDIA GeForce RTX 5060 Ti,42,HotpotQA,14,16,459,multi-hop,46.5128,0.0,0.0,0,1,1,2,62,153,2015363072,12273057792,7.697,0.018
google/gemma-3-1b-it,NVIDIA GeForce RTX 5060 Ti,42,HotpotQA,14,16,460,structural,44.7747,54.3656,33.791,0,0,0,101,357,357,66819981312,66819981312,7.697,0.018
google/gemma-3-1b-it,NVIDIA GeForce RTX 5060 Ti,42,HotpotQA,14,16,461,semantic,38.0739,0.0,0.0,0,1,1,106,362,362,68704796672,68704796672,7.697,0.018
google/gemma-3-1b-it,NVIDIA GeForce RTX 5060 Ti,42,HotpotQA,14,16,462,structural,27.0529,0.0,0.0,0,1,1,97,353,353,65331003392,65331003392,7.697,0.018
google/gemma-3-1b-it,NVIDIA GeForce RTX 5060 Ti,42,HotpotQA,14,16,463,semantic,66.0891,0.0,0.0,0,1,1,78,334,334,58487472128,58487472128,7.697,0.018
google/gemma-3-1b-it,NVIDIA GeForce RTX 5060 Ti,42,HotpotQA,14,16,464,multi-hop,44.2768,60.1912,65.6981,0,0,0,204,460,460,110939340800,110939340800,7.697,0.018
google/gemma-3-1b-it,NVIDIA GeForce RTX 5060 Ti,42,HotpotQA,14,16,465,semantic,50.7021,0.0,84.2653,0,1,0,93,349,349,63858802688,63858802688,7.697,0.018
google/gemma-3-1b-it,NVIDIA GeForce RTX 5060 Ti,42,HotpotQA,14,16,466,semantic,34.852,0.0,0.0,0,1,1,102,358,358,67194847232,67194847232,7.697,0.018
google/gemma-3-1b-it,NVIDIA GeForce RTX 5060 Ti,42,HotpotQA,14,16,467,structural,0.0,0.0,0.0,1,1,1,93,349,349,63858802688,63858802688,7.697,0.018
google/gemma-3-1b-it,NVIDIA GeForce RTX 5060 Ti,42,HotpotQA,14,16,468,structural,37.5643,50.3482,0.0,0,0,1,102,358,358,67194847232,67194847232,7.697,0.018
google/gemma-3-1b-it,NVIDIA GeForce RTX 5060 Ti,42,HotpotQA,14,16,469,multi-hop,54.3661,64.1187,35.0799,0,0,0,81,337,337,59542863872,59542863872,7.697,0.018
google/gemma-3-1b-it,NVIDIA GeForce RTX 5060 Ti,42,HotpotQA,14,16,470,multi-hop,37.5591,0.0,0.0,0,1,1,106,362,362,68704796672,68704796672,7.697,0.018
google/gemma-3-1b-it,NVIDIA GeForce RTX 5060 Ti,42,HotpotQA,14,16,471,structural,0.0,39.4279,0.0,1,0,1,87,343,343,61681958912,61681958912,7.697,0.018
google/gemma-3-1b-it,NVIDIA GeForce RTX 5060 Ti,42,HotpotQA,14,16,472,multi-hop,30.5429,0.0,0.0,0,1,1,88,344,344,62042144768,62042144768,7.697,0.018
google/gemma-3-1b-it,NVIDIA GeForce RTX 5060 Ti,42,HotpotQA,14,16,473,semantic,0.0,0.0,0.0,1,1,1,94,350,350,64225280000,64225280000,7.697,0.018
google/gemma-3-1b-it,NVIDIA GeForce RTX 5060 Ti,42,HotpotQA,14,16,474,multi-hop,48.7256,0.0,0.0,0,1,1,115,371,371,72163524608,72163524608,7.697,0.018
google/gemma-3-1b-it,NVIDIA GeForce RTX 5060 Ti,42,HotpotQA,14,16,475,multi-hop,48.8402,0.0,0.0,0,1,1,112,368,368,71001178112,71001178112,7.697,0.018
google/gemma-3-1b-it,NVIDIA GeForce RTX 5060 Ti,42,HotpotQA,14,16,476,multi-hop,38.3626,64.0823,0.0,0,0,1,77,333,333,58137772032,58137772032,7.697,0.018
google/gemma-3-1b-it,NVIDIA GeForce RTX 5060 Ti,42,HotpotQA,14,16,477,multi-hop,58.6679,40.8064,29.7659,0,0,0,99,355,355,66073395200,66073395200,7.697,0.018
google/gemma-3-1b-it,NVIDIA GeForce RTX 5060 Ti,42,HotpotQA,14,16,478,structural,59.0619,0.0,0.0,0,1,1,40,296,296,45936017408,45936017408,7.697,0.018
google/gemma-3-1b-it,NVIDIA GeForce RTX 5060 Ti,42,HotpotQA,14,16,479,structural,61.5445,0.0,0.0,0,1,1,131,387,387,78522089472,78522089472,7.697,0.018
google/gemma-3-1b-it,NVIDIA GeForce RTX 5060 Ti,42,HotpotQA,14,16,480,semantic,0.0,0.0,28.2574,1,1,0,49,305,305,48771891200,48771891200,7.697,0.018
google/gemma-3-1b-it,NVIDIA GeForce RTX 5060 Ti,42,HotpotQA,14,16,481,multi-hop,36.3551,39.6509,57.5744,0,0,0,5,261,261,35715022848,35715022848,7.697,0.018
google/gemma-3-1b-it,NVIDIA GeForce RTX 5060 Ti,42,HotpotQA,14,16,482,structural,46.6324,50.7522,0.0,0,0,1,94,350,350,64225280000,64225280000,7.697,0.018
google/gemma-3-1b-it,NVIDIA GeForce RTX 5060 Ti,42,HotpotQA,14,16,483,structural,35.7903,64.2547,36.1067,0,0,0,109,365,365,69848268800,69848268800,7.697,0.018
google/gemma-3-1b-it,NVIDIA GeForce RTX 5060 Ti,42,HotpotQA,14,16,484,multi-hop,31.7975,0.0,0.0,0,1,1,26,282,282,41693478912,41693478912,7.697,0.018
google/gemma-3-1b-it,NVIDIA GeForce RTX 5060 Ti,42,HotpotQA,14,16,485,multi-hop,64.9056,67.8102,35.5885,0,0,0,125,381,381,76106170368,76106170368,7.697,0.018
google/gemma-3-1b-it,NVIDIA GeForce RTX 5060 Ti,42,HotpotQA,14,16,486,multi-hop,32.9808,0.0,0.0,0,1,1,122,378,378,74912366592,74912366592,7.697,0.018
google/gemma-3-1b-it,NVIDIA GeForce RTX 5060 Ti,42,HotpotQA,14,16,487,semantic,60.357,0.0,0.0,0,1,1,5,261,261,35715022848,35715022848,7.697,0.018
google/gemma-3-1b-it,NVIDIA GeForce RTX 5060 Ti,42,HotpotQA,14,16,488,multi-hop,60.5696,0.0,0.0,0,1,1,105,361,361,68325736448,68325736448,7.697,0.018
google/gemma-3-1b-it,NVIDIA GeForce RTX 5060 Ti,42,HotpotQA,14,16,489,multi-hop,61.4894,0.0,0.0,0,1,1,105,361,361,68325736448,68325736448,7.697,0.018
google/gemma-3-1b-it,NVIDIA GeForce RTX 5060 Ti,42,HotpotQA,14,16,490,structural,51.6511,47.7452,35.0723,0,0,0,36,292,292,44702892032,44702892032,7.697,0.018
google/gemma-3-1b-it,NVIDIA GeForce RTX 5060 Ti,42,HotpotQA,14,16,491,structural,29.6971,71.0272,38.2998,0,0,0,102,358,358,67194847232,67194847232,7.697,0.018
google/gemma-3-1b-it,NVIDIA GeForce RTX 5060 Ti,42,HotpotQA,14,16,492,structural,51.3262,28.5599,70.8275,0,0,0,64,320,320,53687091200,53687091200,7.697,0.018
google/gemma-3-1b-it,NVIDIA GeForce RTX 5060 Ti,42,HotpotQA,14,16,493,multi-hop,60.5435,0.0,0.0,0,1,1,70,326,326,55719231488,55719231488,7.697,0.018
google/gemma-3-1b-it,NVIDIA GeForce RTX 5060 Ti,42,HotpotQA,14,16,494,multi-hop,47.8563,0.0,0.0,0,1,1,24,280,280,41104179200,41104179200,7.697,0.018
google/gemma-3-1b-it,NVIDIA GeForce RTX 5060 Ti,42,HotpotQA,14,16,495,structural,53.5343,53.5112,35.0489,0,0,0,2,52,258,1417674752,34898706432,7.697,0.018
google/gemma-3-1b-it,NVIDIA GeForce RTX 5060 Ti,42,HotpotQA,14,16,496,structural,42.3311,29.9784,32.6571,0,0,0,90,346,346,62765662208,62765662208,7.697,0.018
google/gemma-3-1b-it,NVIDIA GeForce RTX 5060 Ti,42,HotpotQA,14,16,497,semantic,38.2881,0.0,0.0,0,1,1,49,305,305,48771891200,48771891200,7.697,0.018
google/gemma-3-1b-it,NVIDIA GeForce RTX 5060 Ti,42,HotpotQA,14,16,498,multi-hop,29.8251,0.0,55.4989,0,1,0,108,364,364,69466062848,69466062848,7.697,0.018
google/gemma-3-1b-it,NVIDIA GeForce RTX 5060 Ti,42,HotpotQA,14,16,499,semantic,46.2118,0.0,0.0,0,1,1,124,380,380,75707187200,75707187200,7.697,0.018
google/gemma-3-1b-it,NVIDIA GeForce RTX 5060 Ti,42,HotpotQA,14,16,500,structural,92.8101,38.5182,42.7274,0,0,0,34,290,290,44092620800,44092620800,7.697,0.018
google/gemma-3-1b-it,NVIDIA GeForce RTX 5060 Ti,42,HotpotQA,14,16,501,multi-hop,31.7892,0.0,0.0,0,1,1,3,205,259,22033203200,35169763328,7.697,0.018
google/gemma-3-1b-it,NVIDIA GeForce RTX 5060 Ti,42,HotpotQA,14,16,502,multi-hop,32.1721,31.5053,31.8421,0,0,0,36,292,292,44702892032,44702892032,7.697,0.018
google/gemma-3-1b-it,NVIDIA GeForce RTX 5060 Ti,42,HotpotQA,14,16,503,structural,44.9272,36.9753,0.0,0,0,1,93,349,349,63858802688,63858802688,7.697,0.018
google/gemma-3-1b-it,NVIDIA GeForce RTX 5060 Ti,42,HotpotQA,14,16,504,structural,56.3113,0.0,0.0,0,1,1,96,352,352,64961380352,64961380352,7.697,0.018
google/gemma-3-1b-it,NVIDIA GeForce RTX 5060 Ti,42,HotpotQA,14,16,505,multi-hop,33.8691,64.2064,31.1674,0,0,0,63,319,319,53352071168,53352071168,7.697,0.018
google/gemma-3-1b-it,NVIDIA GeForce RTX 5060 Ti,42,HotpotQA,14,16,506,multi-hop,46.841,0.0,0.0,0,1,1,186,442,442,102427000832,102427000832,7.697,0.018
google/gemma-3-1b-it,NVIDIA GeForce RTX 5060 Ti,42,HotpotQA,14,16,507,multi-hop,58.1627,36.5125,0.0,0,0,1,142,398,398,83049316352,83049316352,7.697,0.018
google/gemma-3-1b-it,NVIDIA GeForce RTX 5060 Ti,42,HotpotQA,14,16,508,structural,52.8221,0.0,0.0,0,1,1,52,308,308,49736056832,49736056832,7.697,0.018
google/gemma-3-1b-it,NVIDIA GeForce RTX 5060 Ti,42,HotpotQA,14,16,509,structural,35.6962,0.0,0.0,0,1,1,129,385,385,77712588800,77712588800,7.697,0.018
google/gemma-3-1b-it,NVIDIA GeForce RTX 5060 Ti,42,HotpotQA,14,16,510,semantic,30.7599,0.0,0.0,0,1,1,78,334,334,58487472128,58487472128,7.697,0.018
google/gemma-3-1b-it,NVIDIA GeForce RTX 5060 Ti,42,HotpotQA,14,16,511,structural,30.1387,0.0,0.0,0,1,1,127,383,383,76907282432,76907282432,7.697,0.018
google/gemma-3-1b-it,NVIDIA GeForce RTX 5060 Ti,42,HotpotQA,14,16,512,multi-hop,45.4983,32.3194,0.0,0,0,1,5,261,261,35715022848,35715022848,7.697,0.018
google/gemma-3-1b-it,NVIDIA GeForce RTX 5060 Ti,42,HotpotQA,14,16,513,multi-hop,76.8994,0.0,0.0,0,1,1,17,273,273,39074660352,39074660352,7.697,0.018
google/gemma-3-1b-it,NVIDIA GeForce RTX 5060 Ti,42,HotpotQA,14,16,514,multi-hop,29.4327,0.0,28.2925,0,1,0,80,336,336,59190018048,59190018048,7.697,0.018
google/gemma-3-1b-it,NVIDIA GeForce RTX 5060 Ti,42,HotpotQA,14,16,515,structural,39.2191,34.8999,33.7443,0,0,0,21,277,277,40228093952,40228093952,7.697,0.018
google/gemma-3-1b-it,NVIDIA GeForce RTX 5060 Ti,42,HotpotQA,14,16,516,multi-hop,61.596,0.0,0.0,0,1,1,125,381,381,76106170368,76106170368,7.697,0.018
google/gemma-3-1b-it,NVIDIA GeForce RTX 5060 Ti,42,HotpotQA,14,16,517,multi-hop,32.2795,0.0,0.0,0,1,1,119,375,375,73728000000,73728000000,7.697,0.018
google/gemma-3-1b-it,NVIDIA GeForce RTX 5060 Ti,42,HotpotQA,14,16,518,multi-hop,35.828,0.0,0.0,0,1,1,99,355,355,66073395200,66073395200,7.697,0.018
google/gemma-3-1b-it,NVIDIA GeForce RTX 5060 Ti,42,HotpotQA,14,16,519,structural,53.2121,0.0,0.0,0,1,1,24,280,280,41104179200,41104179200,7.697,0.018
google/gemma-3-1b-it,NVIDIA GeForce RTX 5060 Ti,42,HotpotQA,14,16,520,semantic,35.8181,0.0,0.0,0,1,1,111,367,367,70615826432,70615826432,7.697,0.018
google/gemma-3-1b-it,NVIDIA GeForce RTX 5060 Ti,42,HotpotQA,14,16,521,structural,29.7964,30.5629,0.0,0,0,1,128,384,384,77309411328,77309411328,7.697,0.018
google/gemma-3-1b-it,NVIDIA GeForce RTX 5060 Ti,42,HotpotQA,14,16,522,multi-hop,55.0066,51.9043,0.0,0,0,1,87,343,343,61681958912,61681958912,7.697,0.018
google/gemma-3-1b-it,NVIDIA GeForce RTX 5060 Ti,42,HotpotQA,14,16,523,semantic,0.0,0.0,0.0,1,1,1,49,305,305,48771891200,48771891200,7.697,0.018
google/gemma-3-1b-it,NVIDIA GeForce RTX 5060 Ti,42,HotpotQA,14,16,524,multi-hop,29.1701,38.1812,0.0,0,0,1,115,371,371,72163524608,72163524608,7.697,0.018
google/gemma-3-1b-it,NVIDIA GeForce RTX 5060 Ti,42,HotpotQA,14,16,525,semantic,36.5611,0.0,0.0,0,1,1,87,343,343,61681958912,61681958912,7.697,0.018
google/gemma-3-1b-it,NVIDIA GeForce RTX 5060 Ti,42,HotpotQA,14,16,526,multi-hop,0.0,0.0,0.0,1,1,1,70,326,326,55719231488,55719231488,7.697,0.018
google/gemma-3-1b-it,NVIDIA GeForce RTX 5060 Ti,42,HotpotQA,14,16,527,semantic,36.8482,0.0,35.2732,0,1,0,29,285,285,42585292800,42585292800,7.697,0.018
google/gemma-3-1b-it,NVIDIA GeForce RTX 5060 Ti,42,HotpotQA,14,16,528,semantic,41.8377,0.0,0.0,0,1,1,116,372,372,72553070592,72553070592,7.697,0.018
google/gemma-3-1b-it,NVIDIA GeForce RTX 5060 Ti,42,HotpotQA,14,16,529,structural,31.5053,46.1254,0.0,0,0,1,47,303,303,48134356992,48134356992,7.697,0.018
google/gemma-3-1b-it,NVIDIA GeForce RTX 5060 Ti,42,HotpotQA,14,16,530,semantic,53.0466,0.0,55.1798,0,1,0,96,352,352,64961380352,64961380352,7.697,0.018
google/gemma-3-1b-it,NVIDIA GeForce RTX 5060 Ti,42,HotpotQA,14,16,531,structural,39.6089,0.0,0.0,0,1,1,99,355,355,66073395200,66073395200,7.697,0.018
google/gemma-3-1b-it,NVIDIA GeForce RTX 5060 Ti,42,HotpotQA,14,16,532,multi-hop,28.8104,0.0,0.0,0,1,1,106,362,362,68704796672,68704796672,7.697,0.018
google/gemma-3-1b-it,NVIDIA GeForce RTX 5060 Ti,42,HotpotQA,14,16,533,semantic,63.3109,0.0,0.0,0,1,1,122,378,378,74912366592,74912366592,7.697,0.018
google/gemma-3-1b-it,NVIDIA GeForce RTX 5060 Ti,42,HotpotQA,14,16,534,multi-hop,0.0,0.0,0.0,1,1,1,148,404,404,85572190208,85572190208,7.697,0.018
google/gemma-3-1b-it,NVIDIA GeForce RTX 5060 Ti,42,HotpotQA,14,16,535,multi-hop,61.0605,0.0,0.0,0,1,1,96,352,352,64961380352,64961380352,7.697,0.018
google/gemma-3-1b-it,NVIDIA GeForce RTX 5060 Ti,42,HotpotQA,14,16,536,multi-hop,53.998,0.0,0.0,0,1,1,71,327,327,56061591552,56061591552,7.697,0.018
google/gemma-3-1b-it,NVIDIA GeForce RTX 5060 Ti,42,HotpotQA,14,16,537,structural,84.6148,0.0,0.0,0,1,1,8,264,264,36540776448,36540776448,7.697,0.018
google/gemma-3-1b-it,NVIDIA GeForce RTX 5060 Ti,42,HotpotQA,14,16,538,multi-hop,50.9837,0.0,51.5572,0,1,0,102,358,358,67194847232,67194847232,7.697,0.018
google/gemma-3-1b-it,NVIDIA GeForce RTX 5060 Ti,42,HotpotQA,14,16,539,multi-hop,0.0,0.0,68.9904,1,1,0,49,305,305,48771891200,48771891200,7.697,0.018
google/gemma-3-1b-it,NVIDIA GeForce RTX 5060 Ti,42,HotpotQA,14,16,540,multi-hop,50.5859,0.0,0.0,0,1,1,94,350,350,64225280000,64225280000,7.697,0.018
google/gemma-3-1b-it,NVIDIA GeForce RTX 5060 Ti,42,HotpotQA,14,16,541,multi-hop,41.2746,0.0,0.0,0,1,1,127,383,383,76907282432,76907282432,7.697,0.018
google/gemma-3-1b-it,NVIDIA GeForce RTX 5060 Ti,42,HotpotQA,14,16,542,structural,31.5379,57.8831,0.0,0,0,1,148,404,404,85572190208,85572190208,7.697,0.018
google/gemma-3-1b-it,NVIDIA GeForce RTX 5060 Ti,42,HotpotQA,14,16,543,semantic,60.5064,0.0,0.0,0,1,1,114,370,370,71775027200,71775027200,7.697,0.018
google/gemma-3-1b-it,NVIDIA GeForce RTX 5060 Ti,42,HotpotQA,14,16,544,structural,36.5842,0.0,0.0,0,1,1,107,363,363,69084905472,69084905472,7.697,0.018
google/gemma-3-1b-it,NVIDIA GeForce RTX 5060 Ti,42,HotpotQA,14,16,545,multi-hop,43.2704,0.0,0.0,0,1,1,126,382,382,76506202112,76506202112,7.697,0.018
google/gemma-3-1b-it,NVIDIA GeForce RTX 5060 Ti,42,HotpotQA,14,16,546,structural,60.4941,39.3636,37.8256,0,0,0,124,380,380,75707187200,75707187200,7.697,0.018
google/gemma-3-1b-it,NVIDIA GeForce RTX 5060 Ti,42,HotpotQA,14,16,547,multi-hop,41.0362,0.0,0.0,0,1,1,3,172,192,15510536192,19327352832,7.697,0.018
google/gemma-3-1b-it,NVIDIA GeForce RTX 5060 Ti,42,HotpotQA,14,16,548,multi-hop,53.0731,0.0,0.0,0,1,1,73,329,329,56749457408,56749457408,7.697,0.018
google/gemma-3-1b-it,NVIDIA GeForce RTX 5060 Ti,42,HotpotQA,14,16,549,multi-hop,41.7609,47.9366,43.6,0,0,0,37,293,293,45009600512,45009600512,7.697,0.018
google/gemma-3-1b-it,NVIDIA GeForce RTX 5060 Ti,42,HotpotQA,14,16,550,multi-hop,69.063,45.2462,0.0,0,0,1,70,326,326,55719231488,55719231488,7.697,0.018
google/gemma-3-1b-it,NVIDIA GeForce RTX 5060 Ti,42,HotpotQA,14,16,551,semantic,59.5141,0.0,0.0,0,1,1,94,350,350,64225280000,64225280000,7.697,0.018
google/gemma-3-1b-it,NVIDIA GeForce RTX 5060 Ti,42,HotpotQA,14,16,552,structural,69.1356,35.9023,50.5321,0,0,0,76,332,332,57789120512,57789120512,7.697,0.018
google/gemma-3-1b-it,NVIDIA GeForce RTX 5060 Ti,42,HotpotQA,14,16,553,semantic,55.1888,0.0,0.0,0,1,1,57,313,313,51363971072,51363971072,7.697,0.018
google/gemma-3-1b-it,NVIDIA GeForce RTX 5060 Ti,42,HotpotQA,14,16,554,multi-hop,67.373,0.0,0.0,0,1,1,47,303,303,48134356992,48134356992,7.697,0.018
google/gemma-3-1b-it,NVIDIA GeForce RTX 5060 Ti,42,HotpotQA,14,16,555,semantic,65.3158,0.0,0.0,0,1,1,112,368,368,71001178112,71001178112,7.697,0.018
google/gemma-3-1b-it,NVIDIA GeForce RTX 5060 Ti,42,HotpotQA,14,16,556,multi-hop,40.9953,0.0,0.0,0,1,1,73,329,329,56749457408,56749457408,7.697,0.018
google/gemma-3-1b-it,NVIDIA GeForce RTX 5060 Ti,42,HotpotQA,14,16,557,multi-hop,61.5947,54.0325,0.0,0,0,1,40,296,296,45936017408,45936017408,7.697,0.018
google/gemma-3-1b-it,NVIDIA GeForce RTX 5060 Ti,42,HotpotQA,14,16,558,structural,59.4767,80.1939,0.0,0,0,1,126,382,382,76506202112,76506202112,7.697,0.018
google/gemma-3-1b-it,NVIDIA GeForce RTX 5060 Ti,42,HotpotQA,14,16,559,structural,53.6559,57.9666,35.1275,0,0,0,2,41,258,881328128,34898706432,7.697,0.018
google/gemma-3-1b-it,NVIDIA GeForce RTX 5060 Ti,42,HotpotQA,14,16,560,multi-hop,31.4057,0.0,0.0,0,1,1,36,292,292,44702892032,44702892032,7.697,0.018
google/gemma-3-1b-it,NVIDIA GeForce RTX 5060 Ti,42,HotpotQA,14,16,561,structural,55.5577,62.7927,48.8604,0,0,0,13,269,269,37938003968,37938003968,7.697,0.018
google/gemma-3-1b-it,NVIDIA GeForce RTX 5060 Ti,42,HotpotQA,14,16,562,semantic,79.6301,0.0,0.0,0,1,1,63,319,319,53352071168,53352071168,7.697,0.018
google/gemma-3-1b-it,NVIDIA GeForce RTX 5060 Ti,42,HotpotQA,14,16,563,multi-hop,51.4303,84.1121,0.0,0,0,1,59,315,315,52022476800,52022476800,7.697,0.018
google/gemma-3-1b-it,NVIDIA GeForce RTX 5060 Ti,42,HotpotQA,14,16,564,semantic,34.5121,0.0,48.1827,0,1,0,153,409,409,87703420928,87703420928,7.697,0.018
google/gemma-3-1b-it,NVIDIA GeForce RTX 5060 Ti,42,HotpotQA,14,16,565,semantic,34.5686,0.0,0.0,0,1,1,108,364,364,69466062848,69466062848,7.697,0.018
google/gemma-3-1b-it,NVIDIA GeForce RTX 5060 Ti,42,HotpotQA,14,16,566,structural,36.6685,38.7812,56.3426,0,0,0,2,62,209,2015363072,22901424128,7.697,0.018
google/gemma-3-1b-it,NVIDIA GeForce RTX 5060 Ti,42,HotpotQA,14,16,567,semantic,36.5832,0.0,0.0,0,1,1,125,381,381,76106170368,76106170368,7.697,0.018
google/gemma-3-1b-it,NVIDIA GeForce RTX 5060 Ti,42,HotpotQA,14,16,568,multi-hop,48.2013,0.0,0.0,0,1,1,121,377,377,74516529152,74516529152,7.697,0.018
google/gemma-3-1b-it,NVIDIA GeForce RTX 5060 Ti,42,HotpotQA,14,16,569,multi-hop,44.9107,0.0,0.0,0,1,1,81,337,337,59542863872,59542863872,7.697,0.018
google/gemma-3-1b-it,NVIDIA GeForce RTX 5060 Ti,42,HotpotQA,14,16,570,multi-hop,42.8234,0.0,81.0868,0,1,0,99,355,355,66073395200,66073395200,7.697,0.018
google/gemma-3-1b-it,NVIDIA GeForce RTX 5060 Ti,42,HotpotQA,14,16,571,multi-hop,68.2222,58.7785,0.0,0,0,1,66,322,322,54360276992,54360276992,7.697,0.018
google/gemma-3-1b-it,NVIDIA GeForce RTX 5060 Ti,42,HotpotQA,14,16,572,multi-hop,87.8415,0.0,0.0,0,1,1,6,262,262,35989225472,35989225472,7.697,0.018
google/gemma-3-1b-it,NVIDIA GeForce RTX 5060 Ti,42,HotpotQA,14,16,573,multi-hop,64.1058,0.0,0.0,0,1,1,117,373,373,72943665152,72943665152,7.697,0.018
google/gemma-3-1b-it,NVIDIA GeForce RTX 5060 Ti,42,HotpotQA,14,16,574,semantic,59.7429,0.0,79.4143,0,1,0,102,358,358,67194847232,67194847232,7.697,0.018
google/gemma-3-1b-it,NVIDIA GeForce RTX 5060 Ti,42,HotpotQA,14,16,575,multi-hop,78.416,85.9287,48.2797,0,0,0,31,287,287,43185078272,43185078272,7.697,0.018
google/gemma-3-1b-it,NVIDIA GeForce RTX 5060 Ti,42,HotpotQA,14,16,576,structural,37.7342,0.0,0.0,0,1,1,65,321,321,54023159808,54023159808,7.697,0.018
google/gemma-3-1b-it,NVIDIA GeForce RTX 5060 Ti,42,HotpotQA,14,16,577,multi-hop,64.7827,64.5683,0.0,0,0,1,68,324,324,55037657088,55037657088,7.697,0.018
google/gemma-3-1b-it,NVIDIA GeForce RTX 5060 Ti,42,HotpotQA,14,16,578,structural,58.5168,72.6502,0.0,0,0,1,5,261,261,35715022848,35715022848,7.697,0.018
google/gemma-3-1b-it,NVIDIA GeForce RTX 5060 Ti,42,HotpotQA,14,16,579,multi-hop,47.8131,56.0943,47.5213,0,0,0,63,319,319,53352071168,53352071168,7.697,0.018
google/gemma-3-1b-it,NVIDIA GeForce RTX 5060 Ti,42,HotpotQA,14,16,580,multi-hop,30.6876,0.0,77.4752,0,1,0,183,439,439,101041307648,101041307648,7.697,0.018
google/gemma-3-1b-it,NVIDIA GeForce RTX 5060 Ti,42,HotpotQA,14,16,581,semantic,32.4112,0.0,0.0,0,1,1,82,338,338,59896758272,59896758272,7.697,0.018
google/gemma-3-1b-it,NVIDIA GeForce RTX 5060 Ti,42,HotpotQA,14,16,582,semantic,79.2713,0.0,0.0,0,1,1,98,354,354,65701675008,65701675008,7.697,0.018
google/gemma-3-1b-it,NVIDIA GeForce RTX 5060 Ti,42,HotpotQA,14,16,583,multi-hop,41.4678,61.7015,69.9319,0,0,0,106,362,362,68704796672,68704796672,7.697,0.018
google/gemma-3-1b-it,NVIDIA GeForce RTX 5060 Ti,42,HotpotQA,14,16,584,multi-hop,51.621,33.4743,0.0,0,0,1,70,326,326,55719231488,55719231488,7.697,0.018
google/gemma-3-1b-it,NVIDIA GeForce RTX 5060 Ti,42,HotpotQA,14,16,585,multi-hop,54.7251,0.0,0.0,0,1,1,99,355,355,66073395200,66073395200,7.697,0.018
google/gemma-3-1b-it,NVIDIA GeForce RTX 5060 Ti,42,HotpotQA,14,16,586,semantic,88.678,0.0,0.0,0,1,1,60,316,316,52353302528,52353302528,7.697,0.018
google/gemma-3-1b-it,NVIDIA GeForce RTX 5060 Ti,42,HotpotQA,14,16,587,semantic,58.9271,0.0,0.0,0,1,1,123,379,379,75309252608,75309252608,7.697,0.018
google/gemma-3-1b-it,NVIDIA GeForce RTX 5060 Ti,42,HotpotQA,14,16,588,multi-hop,44.48,44.6733,0.0,0,0,1,116,372,372,72553070592,72553070592,7.697,0.018
google/gemma-3-1b-it,NVIDIA GeForce RTX 5060 Ti,42,HotpotQA,14,16,589,semantic,0.0,0.0,0.0,1,1,1,99,355,355,66073395200,66073395200,7.697,0.018
google/gemma-3-1b-it,NVIDIA GeForce RTX 5060 Ti,42,HotpotQA,14,16,590,structural,33.0417,53.8713,0.0,0,0,1,91,347,347,63128993792,63128993792,7.697,0.018
google/gemma-3-1b-it,NVIDIA GeForce RTX 5060 Ti,42,HotpotQA,14,16,591,semantic,75.7856,0.0,0.0,0,1,1,17,273,273,39074660352,39074660352,7.697,0.018
google/gemma-3-1b-it,NVIDIA GeForce RTX 5060 Ti,42,HotpotQA,14,16,592,structural,37.6336,0.0,68.6478,0,1,0,94,350,350,64225280000,64225280000,7.697,0.018
google/gemma-3-1b-it,NVIDIA GeForce RTX 5060 Ti,42,HotpotQA,14,16,593,semantic,66.0094,0.0,0.0,0,1,1,96,352,352,64961380352,64961380352,7.697,0.018
google/gemma-3-1b-it,NVIDIA GeForce RTX 5060 Ti,42,HotpotQA,14,16,594,structural,38.8191,49.2775,72.8013,0,0,0,102,358,358,67194847232,67194847232,7.697,0.018
google/gemma-3-1b-it,NVIDIA GeForce RTX 5060 Ti,42,HotpotQA,14,16,595,multi-hop,65.2603,43.6526,0.0,0,0,1,83,339,339,60251701248,60251701248,7.697,0.018
google/gemma-3-1b-it,NVIDIA GeForce RTX 5060 Ti,42,HotpotQA,14,16,596,multi-hop,37.4494,62.0495,59.9436,0,0,0,148,404,404,85572190208,85572190208,7.697,0.018
google/gemma-3-1b-it,NVIDIA GeForce RTX 5060 Ti,42,HotpotQA,14,16,597,semantic,45.535,0.0,0.0,0,1,1,76,332,332,57789120512,57789120512,7.697,0.018
google/gemma-3-1b-it,NVIDIA GeForce RTX 5060 Ti,42,HotpotQA,14,16,598,multi-hop,60.2855,51.8342,60.75,0,0,0,65,321,321,54023159808,54023159808,7.697,0.018
google/gemma-3-1b-it,NVIDIA GeForce RTX 5060 Ti,42,HotpotQA,14,16,599,multi-hop,0.0,0.0,0.0,1,1,1,94,350,350,64225280000,64225280000,7.697,0.018
google/gemma-3-1b-it,NVIDIA GeForce RTX 5060 Ti,42,HotpotQA,16,16,0,structural,79.6101,0.0,0.0,0,1,1,102,358,358,67194847232,67194847232,7.697,0.018
google/gemma-3-1b-it,NVIDIA GeForce RTX 5060 Ti,42,HotpotQA,16,16,1,multi-hop,39.1915,0.0,0.0,0,1,1,35,291,291,44397232128,44397232128,7.697,0.018
google/gemma-3-1b-it,NVIDIA GeForce RTX 5060 Ti,42,HotpotQA,16,16,2,multi-hop,45.5942,0.0,0.0,0,1,1,104,360,360,67947724800,67947724800,7.697,0.018
google/gemma-3-1b-it,NVIDIA GeForce RTX 5060 Ti,42,HotpotQA,16,16,3,semantic,51.0528,0.0,0.0,0,1,1,129,385,385,77712588800,77712588800,7.697,0.018
google/gemma-3-1b-it,NVIDIA GeForce RTX 5060 Ti,42,HotpotQA,16,16,4,structural,42.843,32.0037,66.2328,0,0,0,124,380,380,75707187200,75707187200,7.697,0.018
google/gemma-3-1b-it,NVIDIA GeForce RTX 5060 Ti,42,HotpotQA,16,16,5,multi-hop,40.7405,0.0,0.0,0,1,1,96,352,352,64961380352,64961380352,7.697,0.018
google/gemma-3-1b-it,NVIDIA GeForce RTX 5060 Ti,42,HotpotQA,16,16,6,structural,48.8777,88.3909,0.0,0,0,1,82,338,338,59896758272,59896758272,7.697,0.018
google/gemma-3-1b-it,NVIDIA GeForce RTX 5060 Ti,42,HotpotQA,16,16,7,multi-hop,54.2615,0.0,0.0,0,1,1,71,327,327,56061591552,56061591552,7.697,0.018
google/gemma-3-1b-it,NVIDIA GeForce RTX 5060 Ti,42,HotpotQA,16,16,8,multi-hop,38.2657,0.0,0.0,0,1,1,76,332,332,57789120512,57789120512,7.697,0.018
google/gemma-3-1b-it,NVIDIA GeForce RTX 5060 Ti,42,HotpotQA,16,16,9,structural,55.6585,84.469,0.0,0,0,1,93,349,349,63858802688,63858802688,7.697,0.018
google/gemma-3-1b-it,NVIDIA GeForce RTX 5060 Ti,42,HotpotQA,16,16,10,multi-hop,62.2738,0.0,0.0,0,1,1,12,268,268,37656461312,37656461312,7.697,0.018
google/gemma-3-1b-it,NVIDIA GeForce RTX 5060 Ti,42,HotpotQA,16,16,11,semantic,36.7345,0.0,0.0,0,1,1,81,337,337,59542863872,59542863872,7.697,0.018
google/gemma-3-1b-it,NVIDIA GeForce RTX 5060 Ti,42,HotpotQA,16,16,12,semantic,42.3832,0.0,0.0,0,1,1,49,305,305,48771891200,48771891200,7.697,0.018
google/gemma-3-1b-it,NVIDIA GeForce RTX 5060 Ti,42,HotpotQA,16,16,13,semantic,96.4623,0.0,0.0,0,1,1,40,296,296,45936017408,45936017408,7.697,0.018
google/gemma-3-1b-it,NVIDIA GeForce RTX 5060 Ti,42,HotpotQA,16,16,14,multi-hop,80.0227,0.0,39.2923,0,1,0,24,280,280,41104179200,41104179200,7.697,0.018
google/gemma-3-1b-it,NVIDIA GeForce RTX 5060 Ti,42,HotpotQA,16,16,15,structural,42.8728,0.0,0.0,0,1,1,127,383,383,76907282432,76907282432,7.697,0.018
google/gemma-3-1b-it,NVIDIA GeForce RTX 5060 Ti,42,HotpotQA,16,16,16,structural,60.605,0.0,0.0,0,1,1,96,352,352,64961380352,64961380352,7.697,0.018
google/gemma-3-1b-it,NVIDIA GeForce RTX 5060 Ti,42,HotpotQA,16,16,17,semantic,65.1858,0.0,0.0,0,1,1,2,58,258,1763704832,34898706432,7.697,0.018
google/gemma-3-1b-it,NVIDIA GeForce RTX 5060 Ti,42,HotpotQA,16,16,18,semantic,43.4482,0.0,0.0,0,1,1,126,382,382,76506202112,76506202112,7.697,0.018
google/gemma-3-1b-it,NVIDIA GeForce RTX 5060 Ti,42,HotpotQA,16,16,19,multi-hop,63.8919,0.0,0.0,0,1,1,60,316,316,52353302528,52353302528,7.697,0.018
google/gemma-3-1b-it,NVIDIA GeForce RTX 5060 Ti,42,HotpotQA,16,16,20,multi-hop,61.0217,0.0,0.0,0,1,1,120,376,376,74121740288,74121740288,7.697,0.018
google/gemma-3-1b-it,NVIDIA GeForce RTX 5060 Ti,42,HotpotQA,16,16,21,multi-hop,95.508,0.0,0.0,0,1,1,85,341,341,60964732928,60964732928,7.697,0.018
google/gemma-3-1b-it,NVIDIA GeForce RTX 5060 Ti,42,HotpotQA,16,16,22,structural,47.1655,46.6016,0.0,0,0,1,88,344,344,62042144768,62042144768,7.697,0.018
google/gemma-3-1b-it,NVIDIA GeForce RTX 5060 Ti,42,HotpotQA,16,16,23,semantic,66.9976,0.0,0.0,0,1,1,72,328,328,56405000192,56405000192,7.697,0.018
google/gemma-3-1b-it,NVIDIA GeForce RTX 5060 Ti,42,HotpotQA,16,16,24,semantic,39.3257,0.0,0.0,0,1,1,127,383,383,76907282432,76907282432,7.697,0.018
google/gemma-3-1b-it,NVIDIA GeForce RTX 5060 Ti,42,HotpotQA,16,16,25,multi-hop,54.3119,0.0,0.0,0,1,1,26,282,282,41693478912,41693478912,7.697,0.018
google/gemma-3-1b-it,NVIDIA GeForce RTX 5060 Ti,42,HotpotQA,16,16,26,multi-hop,53.464,0.0,0.0,0,1,1,82,338,338,59896758272,59896758272,7.697,0.018
google/gemma-3-1b-it,NVIDIA GeForce RTX 5060 Ti,42,HotpotQA,16,16,27,multi-hop,48.953,77.7203,0.0,0,0,1,122,378,378,74912366592,74912366592,7.697,0.018
google/gemma-3-1b-it,NVIDIA GeForce RTX 5060 Ti,42,HotpotQA,16,16,28,semantic,44.9286,0.0,0.0,0,1,1,75,331,331,57441517568,57441517568,7.697,0.018
google/gemma-3-1b-it,NVIDIA GeForce RTX 5060 Ti,42,HotpotQA,16,16,29,structural,47.5356,56.2413,50.3065,0,0,0,75,331,331,57441517568,57441517568,7.697,0.018
google/gemma-3-1b-it,NVIDIA GeForce RTX 5060 Ti,42,HotpotQA,16,16,30,multi-hop,39.7815,0.0,0.0,0,1,1,14,270,270,38220595200,38220595200,7.697,0.018
google/gemma-3-1b-it,NVIDIA GeForce RTX 5060 Ti,42,HotpotQA,16,16,31,multi-hop,37.668,0.0,41.0009,0,1,0,91,347,347,63128993792,63128993792,7.697,0.018
google/gemma-3-1b-it,NVIDIA GeForce RTX 5060 Ti,42,HotpotQA,16,16,32,semantic,62.8094,0.0,0.0,0,1,1,119,375,375,73728000000,73728000000,7.697,0.018
google/gemma-3-1b-it,NVIDIA GeForce RTX 5060 Ti,42,HotpotQA,16,16,33,structural,79.8173,0.0,0.0,0,1,1,87,343,343,61681958912,61681958912,7.697,0.018
google/gemma-3-1b-it,NVIDIA GeForce RTX 5060 Ti,42,HotpotQA,16,16,34,structural,33.9501,0.0,0.0,0,1,1,96,352,352,64961380352,64961380352,7.697,0.018
google/gemma-3-1b-it,NVIDIA GeForce RTX 5060 Ti,42,HotpotQA,16,16,35,semantic,0.0,0.0,0.0,1,1,1,14,270,270,38220595200,38220595200,7.697,0.018
google/gemma-3-1b-it,NVIDIA GeForce RTX 5060 Ti,42,HotpotQA,16,16,36,structural,36.8838,0.0,0.0,0,1,1,100,356,356,66446163968,66446163968,7.697,0.018
google/gemma-3-1b-it,NVIDIA GeForce RTX 5060 Ti,42,HotpotQA,16,16,37,multi-hop,72.5855,0.0,0.0,0,1,1,81,337,337,59542863872,59542863872,7.697,0.018
google/gemma-3-1b-it,NVIDIA GeForce RTX 5060 Ti,42,HotpotQA,16,16,38,multi-hop,50.8035,0.0,0.0,0,1,1,109,365,365,69848268800,69848268800,7.697,0.018
google/gemma-3-1b-it,NVIDIA GeForce RTX 5060 Ti,42,HotpotQA,16,16,39,multi-hop,47.9226,74.8848,53.984,0,0,0,81,337,337,59542863872,59542863872,7.697,0.018
google/gemma-3-1b-it,NVIDIA GeForce RTX 5060 Ti,42,HotpotQA,16,16,40,semantic,43.5656,0.0,0.0,0,1,1,96,352,352,64961380352,64961380352,7.697,0.018
google/gemma-3-1b-it,NVIDIA GeForce RTX 5060 Ti,42,HotpotQA,16,16,41,multi-hop,36.5771,0.0,0.0,0,1,1,95,351,351,64592805888,64592805888,7.697,0.018
google/gemma-3-1b-it,NVIDIA GeForce RTX 5060 Ti,42,HotpotQA,16,16,42,semantic,29.265,44.4993,0.0,0,0,1,102,358,358,67194847232,67194847232,7.697,0.018
google/gemma-3-1b-it,NVIDIA GeForce RTX 5060 Ti,42,HotpotQA,16,16,43,semantic,46.9508,0.0,0.0,0,1,1,84,340,340,60607692800,60607692800,7.697,0.018
google/gemma-3-1b-it,NVIDIA GeForce RTX 5060 Ti,42,HotpotQA,16,16,44,multi-hop,90.9973,56.9222,75.1384,0,0,0,95,351,351,64592805888,64592805888,7.697,0.018
google/gemma-3-1b-it,NVIDIA GeForce RTX 5060 Ti,42,HotpotQA,16,16,45,structural,61.8965,60.3139,71.5899,0,0,0,93,349,349,63858802688,63858802688,7.697,0.018
google/gemma-3-1b-it,NVIDIA GeForce RTX 5060 Ti,42,HotpotQA,16,16,46,structural,58.9093,0.0,0.0,0,1,1,127,383,383,76907282432,76907282432,7.697,0.018
google/gemma-3-1b-it,NVIDIA GeForce RTX 5060 Ti,42,HotpotQA,16,16,47,semantic,0.0,0.0,0.0,1,1,1,9,265,265,36818124800,36818124800,7.697,0.018
google/gemma-3-1b-it,NVIDIA GeForce RTX 5060 Ti,42,HotpotQA,16,16,48,multi-hop,0.0,0.0,0.0,1,1,1,108,364,364,69466062848,69466062848,7.697,0.018
google/gemma-3-1b-it,NVIDIA GeForce RTX 5060 Ti,42,HotpotQA,16,16,49,structural,37.6142,0.0,0.0,0,1,1,7,263,263,36264476672,36264476672,7.697,0.018
google/gemma-3-1b-it,NVIDIA GeForce RTX 5060 Ti,42,HotpotQA,16,16,50,multi-hop,35.6413,0.0,0.0,0,1,1,69,325,325,55377920000,55377920000,7.697,0.018
google/gemma-3-1b-it,NVIDIA GeForce RTX 5060 Ti,42,HotpotQA,16,16,51,structural,95.3114,37.6141,32.6635,0,0,0,69,325,325,55377920000,55377920000,7.697,0.018
google/gemma-3-1b-it,NVIDIA GeForce RTX 5060 Ti,42,HotpotQA,16,16,52,semantic,87.47,0.0,0.0,0,1,1,68,324,324,55037657088,55037657088,7.697,0.018
google/gemma-3-1b-it,NVIDIA GeForce RTX 5060 Ti,42,HotpotQA,16,16,53,structural,37.7645,61.3022,39.0645,0,0,0,10,266,266,37096521728,37096521728,7.697,0.018
google/gemma-3-1b-it,NVIDIA GeForce RTX 5060 Ti,42,HotpotQA,16,16,54,structural,71.0314,61.2173,40.7663,0,0,0,108,364,364,69466062848,69466062848,7.697,0.018
google/gemma-3-1b-it,NVIDIA GeForce RTX 5060 Ti,42,HotpotQA,16,16,55,semantic,40.9754,0.0,0.0,0,1,1,125,381,381,76106170368,76106170368,7.697,0.018
google/gemma-3-1b-it,NVIDIA GeForce RTX 5060 Ti,42,HotpotQA,16,16,56,multi-hop,63.7587,0.0,0.0,0,1,1,109,365,365,69848268800,69848268800,7.697,0.018
google/gemma-3-1b-it,NVIDIA GeForce RTX 5060 Ti,42,HotpotQA,16,16,57,structural,63.1931,60.7516,67.0367,0,0,0,37,293,293,45009600512,45009600512,7.697,0.018
google/gemma-3-1b-it,NVIDIA GeForce RTX 5060 Ti,42,HotpotQA,16,16,58,multi-hop,30.1773,0.0,0.0,0,1,1,87,343,343,61681958912,61681958912,7.697,0.018
google/gemma-3-1b-it,NVIDIA GeForce RTX 5060 Ti,42,HotpotQA,16,16,59,semantic,80.3942,0.0,0.0,0,1,1,14,270,270,38220595200,38220595200,7.697,0.018
google/gemma-3-1b-it,NVIDIA GeForce RTX 5060 Ti,42,HotpotQA,16,16,60,semantic,78.2073,0.0,0.0,0,1,1,3,229,259,27494187008,35169763328,7.697,0.018
google/gemma-3-1b-it,NVIDIA GeForce RTX 5060 Ti,42,HotpotQA,16,16,61,structural,75.5799,0.0,0.0,0,1,1,112,368,368,71001178112,71001178112,7.697,0.018
google/gemma-3-1b-it,NVIDIA GeForce RTX 5060 Ti,42,HotpotQA,16,16,62,semantic,47.343,0.0,0.0,0,1,1,99,355,355,66073395200,66073395200,7.697,0.018
google/gemma-3-1b-it,NVIDIA GeForce RTX 5060 Ti,42,HotpotQA,16,16,63,multi-hop,75.2565,41.9332,0.0,0,0,1,115,371,371,72163524608,72163524608,7.697,0.018
google/gemma-3-1b-it,NVIDIA GeForce RTX 5060 Ti,42,HotpotQA,16,16,64,multi-hop,55.6443,0.0,0.0,0,1,1,86,342,342,61322821632,61322821632,7.697,0.018
google/gemma-3-1b-it,NVIDIA GeForce RTX 5060 Ti,42,HotpotQA,16,16,65,multi-hop,72.5219,57.1381,0.0,0,0,1,10,266,266,37096521728,37096521728,7.697,0.018
google/gemma-3-1b-it,NVIDIA GeForce RTX 5060 Ti,42,HotpotQA,16,16,66,multi-hop,78.2182,63.7225,48.9662,0,0,0,8,264,264,36540776448,36540776448,7.697,0.018
google/gemma-3-1b-it,NVIDIA GeForce RTX 5060 Ti,42,HotpotQA,16,16,67,semantic,34.8377,0.0,67.9721,0,1,0,40,296,296,45936017408,45936017408,7.697,0.018
google/gemma-3-1b-it,NVIDIA GeForce RTX 5060 Ti,42,HotpotQA,16,16,68,structural,69.8408,50.9124,54.1673,0,0,0,41,297,297,46246920192,46246920192,7.697,0.018
google/gemma-3-1b-it,NVIDIA GeForce RTX 5060 Ti,42,HotpotQA,16,16,69,multi-hop,66.4347,0.0,0.0,0,1,1,37,293,293,45009600512,45009600512,7.697,0.018
google/gemma-3-1b-it,NVIDIA GeForce RTX 5060 Ti,42,HotpotQA,16,16,70,structural,48.5157,86.3412,0.0,0,0,1,142,398,398,83049316352,83049316352,7.697,0.018
google/gemma-3-1b-it,NVIDIA GeForce RTX 5060 Ti,42,HotpotQA,16,16,71,multi-hop,66.3461,34.6345,43.3293,0,0,0,204,460,460,110939340800,110939340800,7.697,0.018
google/gemma-3-1b-it,NVIDIA GeForce RTX 5060 Ti,42,HotpotQA,16,16,72,semantic,30.1981,0.0,0.0,0,1,1,99,355,355,66073395200,66073395200,7.697,0.018
google/gemma-3-1b-it,NVIDIA GeForce RTX 5060 Ti,42,HotpotQA,16,16,73,multi-hop,39.2284,43.2142,38.5117,0,0,0,49,305,305,48771891200,48771891200,7.697,0.018
google/gemma-3-1b-it,NVIDIA GeForce RTX 5060 Ti,42,HotpotQA,16,16,74,multi-hop,58.6859,56.4478,0.0,0,0,1,77,333,333,58137772032,58137772032,7.697,0.018
google/gemma-3-1b-it,NVIDIA GeForce RTX 5060 Ti,42,HotpotQA,16,16,75,structural,37.0578,65.8131,58.0709,0,0,0,14,270,270,38220595200,38220595200,7.697,0.018
google/gemma-3-1b-it,NVIDIA GeForce RTX 5060 Ti,42,HotpotQA,16,16,76,multi-hop,38.6586,0.0,0.0,0,1,1,4,260,220,35441868800,25375539200,7.697,0.018
google/gemma-3-1b-it,NVIDIA GeForce RTX 5060 Ti,42,HotpotQA,16,16,77,semantic,52.742,0.0,0.0,0,1,1,115,371,371,72163524608,72163524608,7.697,0.018
google/gemma-3-1b-it,NVIDIA GeForce RTX 5060 Ti,42,HotpotQA,16,16,78,semantic,51.4714,0.0,40.296,0,1,0,125,381,381,76106170368,76106170368,7.697,0.018
google/gemma-3-1b-it,NVIDIA GeForce RTX 5060 Ti,42,HotpotQA,16,16,79,semantic,73.885,0.0,0.0,0,1,1,102,358,358,67194847232,67194847232,7.697,0.018
google/gemma-3-1b-it,NVIDIA GeForce RTX 5060 Ti,42,HotpotQA,16,16,80,structural,30.5201,43.5024,0.0,0,0,1,101,357,357,66819981312,66819981312,7.697,0.018
google/gemma-3-1b-it,NVIDIA GeForce RTX 5060 Ti,42,HotpotQA,16,16,81,multi-hop,32.6641,0.0,0.0,0,1,1,87,343,343,61681958912,61681958912,7.697,0.018
google/gemma-3-1b-it,NVIDIA GeForce RTX 5060 Ti,42,HotpotQA,16,16,82,multi-hop,36.3896,0.0,0.0,0,1,1,99,355,355,66073395200,66073395200,7.697,0.018
google/gemma-3-1b-it,NVIDIA GeForce RTX 5060 Ti,42,HotpotQA,16,16,83,structural,44.1684,44.2006,56.3766,0,0,0,122,378,378,74912366592,74912366592,7.697,0.018
google/gemma-3-1b-it,NVIDIA GeForce RTX 5060 Ti,42,HotpotQA,16,16,84,semantic,67.0348,0.0,0.0,0,1,1,121,377,377,74516529152,74516529152,7.697,0.018
google/gemma-3-1b-it,NVIDIA GeForce RTX 5060 Ti,42,HotpotQA,16,16,85,semantic,77.0499,0.0,0.0,0,1,1,80,336,336,59190018048,59190018048,7.697,0.018
google/gemma-3-1b-it,NVIDIA GeForce RTX 5060 Ti,42,HotpotQA,16,16,86,multi-hop,0.0,0.0,0.0,1,1,1,104,360,360,67947724800,67947724800,7.697,0.018
google/gemma-3-1b-it,NVIDIA GeForce RTX 5060 Ti,42,HotpotQA,16,16,87,multi-hop,69.0475,0.0,0.0,0,1,1,101,357,357,66819981312,66819981312,7.697,0.018
google/gemma-3-1b-it,NVIDIA GeForce RTX 5060 Ti,42,HotpotQA,16,16,88,multi-hop,32.006,72.9512,52.1238,0,0,0,90,346,346,62765662208,62765662208,7.697,0.018
google/gemma-3-1b-it,NVIDIA GeForce RTX 5060 Ti,42,HotpotQA,16,16,89,multi-hop,73.3388,0.0,0.0,0,1,1,70,326,326,55719231488,55719231488,7.697,0.018
google/gemma-3-1b-it,NVIDIA GeForce RTX 5060 Ti,42,HotpotQA,16,16,90,semantic,86.6829,0.0,0.0,0,1,1,63,319,319,53352071168,53352071168,7.697,0.018
google/gemma-3-1b-it,NVIDIA GeForce RTX 5060 Ti,42,HotpotQA,16,16,91,multi-hop,61.8594,59.7187,46.3525,0,0,0,7,263,263,36264476672,36264476672,7.697,0.018
google/gemma-3-1b-it,NVIDIA GeForce RTX 5060 Ti,42,HotpotQA,16,16,92,semantic,102.1162,0.0,0.0,0,1,1,99,355,355,66073395200,66073395200,7.697,0.018
google/gemma-3-1b-it,NVIDIA GeForce RTX 5060 Ti,42,HotpotQA,16,16,93,semantic,0.0,0.0,0.0,1,1,1,80,336,336,59190018048,59190018048,7.697,0.018
google/gemma-3-1b-it,NVIDIA GeForce RTX 5060 Ti,42,HotpotQA,16,16,94,semantic,93.1373,0.0,0.0,0,1,1,12,268,268,37656461312,37656461312,7.697,0.018
google/gemma-3-1b-it,NVIDIA GeForce RTX 5060 Ti,42,HotpotQA,16,16,95,semantic,45.6409,0.0,0.0,0,1,1,85,341,341,60964732928,60964732928,7.697,0.018
google/gemma-3-1b-it,NVIDIA GeForce RTX 5060 Ti,42,HotpotQA,16,16,96,multi-hop,40.7105,0.0,0.0,0,1,1,3,259,259,35169763328,35169763328,7.697,0.018
google/gemma-3-1b-it,NVIDIA GeForce RTX 5060 Ti,42,HotpotQA,16,16,97,structural,85.5792,44.4639,36.5346,0,0,0,106,362,362,68704796672,68704796672,7.697,0.018
google/gemma-3-1b-it,NVIDIA GeForce RTX 5060 Ti,42,HotpotQA,16,16,98,multi-hop,35.8597,0.0,0.0,0,1,1,4,260,260,35441868800,35441868800,7.697,0.018
google/gemma-3-1b-it,NVIDIA GeForce RTX 5060 Ti,42,HotpotQA,16,16,99,semantic,38.9545,0.0,94.4126,0,1,0,35,291,291,44397232128,44397232128,7.697,0.018
google/gemma-3-1b-it,NVIDIA GeForce RTX 5060 Ti,42,HotpotQA,16,16,100,semantic,69.9991,0.0,0.0,0,1,1,47,303,303,48134356992,48134356992,7.697,0.018
google/gemma-3-1b-it,NVIDIA GeForce RTX 5060 Ti,42,HotpotQA,16,16,101,multi-hop,61.8614,84.181,0.0,0,0,1,104,360,360,67947724800,67947724800,7.697,0.018
google/gemma-3-1b-it,NVIDIA GeForce RTX 5060 Ti,42,HotpotQA,16,16,102,multi-hop,36.3214,0.0,0.0,0,1,1,106,362,362,68704796672,68704796672,7.697,0.018
google/gemma-3-1b-it,NVIDIA GeForce RTX 5060 Ti,42,HotpotQA,16,16,103,semantic,43.955,0.0,0.0,0,1,1,69,325,325,55377920000,55377920000,7.697,0.018
google/gemma-3-1b-it,NVIDIA GeForce RTX 5060 Ti,42,HotpotQA,16,16,104,multi-hop,94.5862,0.0,0.0,0,1,1,109,365,365,69848268800,69848268800,7.697,0.018
google/gemma-3-1b-it,NVIDIA GeForce RTX 5060 Ti,42,HotpotQA,16,16,105,semantic,51.8288,0.0,0.0,0,1,1,110,366,366,70231523328,70231523328,7.697,0.018
google/gemma-3-1b-it,NVIDIA GeForce RTX 5060 Ti,42,HotpotQA,16,16,106,semantic,87.4515,0.0,0.0,0,1,1,2,139,258,10129768448,34898706432,7.697,0.018
google/gemma-3-1b-it,NVIDIA GeForce RTX 5060 Ti,42,HotpotQA,16,16,107,structural,73.2056,0.0,0.0,0,1,1,105,361,361,68325736448,68325736448,7.697,0.018
google/gemma-3-1b-it,NVIDIA GeForce RTX 5060 Ti,42,HotpotQA,16,16,108,structural,82.6329,0.0,0.0,0,1,1,81,337,337,59542863872,59542863872,7.697,0.018
google/gemma-3-1b-it,NVIDIA GeForce RTX 5060 Ti,42,HotpotQA,16,16,109,multi-hop,53.1278,90.2727,63.2489,0,0,0,139,395,395,81802035200,81802035200,7.697,0.018
google/gemma-3-1b-it,NVIDIA GeForce RTX 5060 Ti,42,HotpotQA,16,16,110,multi-hop,100.4948,41.1924,92.9474,0,0,0,34,290,290,44092620800,44092620800,7.697,0.018
google/gemma-3-1b-it,NVIDIA GeForce RTX 5060 Ti,42,HotpotQA,16,16,111,multi-hop,71.8219,0.0,0.0,0,1,1,16,272,272,38788923392,38788923392,7.697,0.018
google/gemma-3-1b-it,NVIDIA GeForce RTX 5060 Ti,42,HotpotQA,16,16,112,semantic,91.4276,0.0,0.0,0,1,1,122,378,378,74912366592,74912366592,7.697,0.018
google/gemma-3-1b-it,NVIDIA GeForce RTX 5060 Ti,42,HotpotQA,16,16,113,multi-hop,0.0,62.5582,95.6877,1,0,0,91,347,347,63128993792,63128993792,7.697,0.018
google/gemma-3-1b-it,NVIDIA GeForce RTX 5060 Ti,42,HotpotQA,16,16,114,multi-hop,91.7051,0.0,0.0,0,1,1,68,324,324,55037657088,55037657088,7.697,0.018
google/gemma-3-1b-it,NVIDIA GeForce RTX 5060 Ti,42,HotpotQA,16,16,115,multi-hop,0.0,0.0,0.0,1,1,1,35,291,291,44397232128,44397232128,7.697,0.018
google/gemma-3-1b-it,NVIDIA GeForce RTX 5060 Ti,42,HotpotQA,16,16,116,semantic,68.1125,0.0,0.0,0,1,1,40,296,296,45936017408,45936017408,7.697,0.018
google/gemma-3-1b-it,NVIDIA GeForce RTX 5060 Ti,42,HotpotQA,16,16,117,multi-hop,48.6369,0.0,0.0,0,1,1,88,344,344,62042144768,62042144768,7.697,0.018
google/gemma-3-1b-it,NVIDIA GeForce RTX 5060 Ti,42,HotpotQA,16,16,118,multi-hop,92.9825,0.0,0.0,0,1,1,99,355,355,66073395200,66073395200,7.697,0.018
google/gemma-3-1b-it,NVIDIA GeForce RTX 5060 Ti,42,HotpotQA,16,16,119,multi-hop,71.7842,0.0,0.0,0,1,1,106,362,362,68704796672,68704796672,7.697,0.018
google/gemma-3-1b-it,NVIDIA GeForce RTX 5060 Ti,42,HotpotQA,16,16,120,structural,55.762,27.9789,89.7612,0,0,0,84,340,340,60607692800,60607692800,7.697,0.018
google/gemma-3-1b-it,NVIDIA GeForce RTX 5060 Ti,42,HotpotQA,16,16,121,multi-hop,57.73,0.0,0.0,0,1,1,114,370,370,71775027200,71775027200,7.697,0.018
google/gemma-3-1b-it,NVIDIA GeForce RTX 5060 Ti,42,HotpotQA,16,16,122,semantic,0.0,0.0,0.0,1,1,1,121,377,377,74516529152,74516529152,7.697,0.018
google/gemma-3-1b-it,NVIDIA GeForce RTX 5060 Ti,42,HotpotQA,16,16,123,semantic,39.5814,0.0,0.0,0,1,1,2,258,258,34898706432,34898706432,7.697,0.018
google/gemma-3-1b-it,NVIDIA GeForce RTX 5060 Ti,42,HotpotQA,16,16,124,multi-hop,65.5964,52.4907,89.3472,0,0,0,2,258,210,34898706432,23121100800,7.697,0.018
google/gemma-3-1b-it,NVIDIA GeForce RTX 5060 Ti,42,HotpotQA,16,16,125,semantic,40.7478,0.0,0.0,0,1,1,117,373,373,72943665152,72943665152,7.697,0.018
google/gemma-3-1b-it,NVIDIA GeForce RTX 5060 Ti,42,HotpotQA,16,16,126,semantic,60.5772,0.0,0.0,0,1,1,60,316,316,52353302528,52353302528,7.697,0.018
google/gemma-3-1b-it,NVIDIA GeForce RTX 5060 Ti,42,HotpotQA,16,16,127,multi-hop,53.6869,100.0958,0.0,0,0,1,35,291,291,44397232128,44397232128,7.697,0.018
google/gemma-3-1b-it,NVIDIA GeForce RTX 5060 Ti,42,HotpotQA,16,16,128,multi-hop,55.9984,0.0,0.0,0,1,1,117,373,373,72943665152,72943665152,7.697,0.018
google/gemma-3-1b-it,NVIDIA GeForce RTX 5060 Ti,42,HotpotQA,16,16,129,structural,80.4779,92.9701,0.0,0,0,1,47,303,303,48134356992,48134356992,7.697,0.018
google/gemma-3-1b-it,NVIDIA GeForce RTX 5060 Ti,42,HotpotQA,16,16,130,semantic,82.0772,0.0,0.0,0,1,1,94,350,350,64225280000,64225280000,7.697,0.018
google/gemma-3-1b-it,NVIDIA GeForce RTX 5060 Ti,42,HotpotQA,16,16,131,semantic,45.5887,0.0,0.0,0,1,1,126,382,382,76506202112,76506202112,7.697,0.018
google/gemma-3-1b-it,NVIDIA GeForce RTX 5060 Ti,42,HotpotQA,16,16,132,semantic,68.9911,0.0,0.0,0,1,1,99,355,355,66073395200,66073395200,7.697,0.018
google/gemma-3-1b-it,NVIDIA GeForce RTX 5060 Ti,42,HotpotQA,16,16,133,multi-hop,45.2133,0.0,0.0,0,1,1,99,355,355,66073395200,66073395200,7.697,0.018
google/gemma-3-1b-it,NVIDIA GeForce RTX 5060 Ti,42,HotpotQA,16,16,134,structural,36.0979,68.002,39.8848,0,0,0,18,274,274,39361445888,39361445888,7.697,0.018
google/gemma-3-1b-it,NVIDIA GeForce RTX 5060 Ti,42,HotpotQA,16,16,135,multi-hop,75.8168,50.485,0.0,0,0,1,58,314,314,51692699648,51692699648,7.697,0.018
google/gemma-3-1b-it,NVIDIA GeForce RTX 5060 Ti,42,HotpotQA,16,16,136,semantic,51.5489,0.0,73.773,0,1,0,19,275,275,39649280000,39649280000,7.697,0.018
google/gemma-3-1b-it,NVIDIA GeForce RTX 5060 Ti,42,HotpotQA,16,16,137,semantic,94.7104,0.0,0.0,0,1,1,57,313,313,51363971072,51363971072,7.697,0.018
google/gemma-3-1b-it,NVIDIA GeForce RTX 5060 Ti,42,HotpotQA,16,16,138,semantic,36.1703,0.0,0.0,0,1,1,76,332,332,57789120512,57789120512,7.697,0.018
google/gemma-3-1b-it,NVIDIA GeForce RTX 5060 Ti,42,HotpotQA,16,16,139,multi-hop,31.2936,70.7164,51.7806,0,0,0,119,375,375,73728000000,73728000000,7.697,0.018
google/gemma-3-1b-it,NVIDIA GeForce RTX 5060 Ti,42,HotpotQA,16,16,140,structural,55.1401,83.659,56.9246,0,0,0,2,103,219,5562171392,25145376768,7.697,0.018
google/gemma-3-1b-it,NVIDIA GeForce RTX 5060 Ti,42,HotpotQA,16,16,141,semantic,56.4542,0.0,0.0,0,1,1,66,322,322,54360276992,54360276992,7.697,0.018
google/gemma-3-1b-it,NVIDIA GeForce RTX 5060 Ti,42,HotpotQA,16,16,142,multi-hop,0.0,0.0,60.322,1,1,0,20,276,276,39938162688,39938162688,7.697,0.018
google/gemma-3-1b-it,NVIDIA GeForce RTX 5060 Ti,42,HotpotQA,16,16,143,semantic,39.539,0.0,0.0,0,1,1,82,338,338,59896758272,59896758272,7.697,0.018
google/gemma-3-1b-it,NVIDIA GeForce RTX 5060 Ti,42,HotpotQA,16,16,144,multi-hop,81.9131,0.0,0.0,0,1,1,117,373,373,72943665152,72943665152,7.697,0.018
google/gemma-3-1b-it,NVIDIA GeForce RTX 5060 Ti,42,HotpotQA,16,16,145,multi-hop,68.5932,0.0,0.0,0,1,1,72,328,328,56405000192,56405000192,7.697,0.018
google/gemma-3-1b-it,NVIDIA GeForce RTX 5060 Ti,42,HotpotQA,16,16,146,multi-hop,61.989,0.0,0.0,0,1,1,105,361,361,68325736448,68325736448,7.697,0.018
google/gemma-3-1b-it,NVIDIA GeForce RTX 5060 Ti,42,HotpotQA,16,16,147,multi-hop,51.858,0.0,0.0,0,1,1,2,139,258,10129768448,34898706432,7.697,0.018
google/gemma-3-1b-it,NVIDIA GeForce RTX 5060 Ti,42,HotpotQA,16,16,148,multi-hop,58.3252,0.0,0.0,0,1,1,99,355,355,66073395200,66073395200,7.697,0.018
google/gemma-3-1b-it,NVIDIA GeForce RTX 5060 Ti,42,HotpotQA,16,16,149,multi-hop,81.5135,65.6369,82.6071,0,0,0,134,390,390,79744204800,79744204800,7.697,0.018
google/gemma-3-1b-it,NVIDIA GeForce RTX 5060 Ti,42,HotpotQA,16,16,150,semantic,74.6558,0.0,75.4928,0,1,0,77,333,333,58137772032,58137772032,7.697,0.018
google/gemma-3-1b-it,NVIDIA GeForce RTX 5060 Ti,42,HotpotQA,16,16,151,structural,79.3776,0.0,0.0,0,1,1,35,291,291,44397232128,44397232128,7.697,0.018
google/gemma-3-1b-it,NVIDIA GeForce RTX 5060 Ti,42,HotpotQA,16,16,152,structural,37.9341,0.0,0.0,0,1,1,129,385,385,77712588800,77712588800,7.697,0.018
google/gemma-3-1b-it,NVIDIA GeForce RTX 5060 Ti,42,HotpotQA,16,16,153,structural,47.2664,38.8231,0.0,0,0,1,85,341,341,60964732928,60964732928,7.697,0.018
google/gemma-3-1b-it,NVIDIA GeForce RTX 5060 Ti,42,HotpotQA,16,16,154,multi-hop,0.0,0.0,0.0,1,1,1,35,291,291,44397232128,44397232128,7.697,0.018
google/gemma-3-1b-it,NVIDIA GeForce RTX 5060 Ti,42,HotpotQA,16,16,155,multi-hop,74.8738,0.0,0.0,0,1,1,67,323,323,54698442752,54698442752,7.697,0.018
google/gemma-3-1b-it,NVIDIA GeForce RTX 5060 Ti,42,HotpotQA,16,16,156,structural,38.8663,56.6659,101.1583,0,0,0,14,270,270,38220595200,38220595200,7.697,0.018
google/gemma-3-1b-it,NVIDIA GeForce RTX 5060 Ti,42,HotpotQA,16,16,157,multi-hop,67.1935,0.0,0.0,0,1,1,75,331,331,57441517568,57441517568,7.697,0.018
google/gemma-3-1b-it,NVIDIA GeForce RTX 5060 Ti,42,HotpotQA,16,16,158,multi-hop,65.0385,0.0,0.0,0,1,1,159,415,415,90295500800,90295500800,7.697,0.018
google/gemma-3-1b-it,NVIDIA GeForce RTX 5060 Ti,42,HotpotQA,16,16,159,structural,56.9287,90.2617,90.2555,0,0,0,69,325,325,55377920000,55377920000,7.697,0.018
google/gemma-3-1b-it,NVIDIA GeForce RTX 5060 Ti,42,HotpotQA,16,16,160,semantic,75.3156,0.0,0.0,0,1,1,17,273,273,39074660352,39074660352,7.697,0.018
google/gemma-3-1b-it,NVIDIA GeForce RTX 5060 Ti,42,HotpotQA,16,16,161,multi-hop,33.5299,0.0,0.0,0,1,1,64,320,320,53687091200,53687091200,7.697,0.018
google/gemma-3-1b-it,NVIDIA GeForce RTX 5060 Ti,42,HotpotQA,16,16,162,multi-hop,50.4429,45.0102,77.7686,0,0,0,81,337,337,59542863872,59542863872,7.697,0.018
google/gemma-3-1b-it,NVIDIA GeForce RTX 5060 Ti,42,HotpotQA,16,16,163,multi-hop,45.1033,0.0,0.0,0,1,1,106,362,362,68704796672,68704796672,7.697,0.018
google/gemma-3-1b-it,NVIDIA GeForce RTX 5060 Ti,42,HotpotQA,16,16,164,semantic,66.6775,0.0,0.0,0,1,1,20,276,276,39938162688,39938162688,7.697,0.018
google/gemma-3-1b-it,NVIDIA GeForce RTX 5060 Ti,42,HotpotQA,16,16,165,multi-hop,95.6978,0.0,0.0,0,1,1,80,336,336,59190018048,59190018048,7.697,0.018
google/gemma-3-1b-it,NVIDIA GeForce RTX 5060 Ti,42,HotpotQA,16,16,166,multi-hop,72.62,0.0,0.0,0,1,1,96,352,352,64961380352,64961380352,7.697,0.018
google/gemma-3-1b-it,NVIDIA GeForce RTX 5060 Ti,42,HotpotQA,16,16,167,multi-hop,30.9716,33.0317,0.0,0,0,1,35,291,291,44397232128,44397232128,7.697,0.018
google/gemma-3-1b-it,NVIDIA GeForce RTX 5060 Ti,42,HotpotQA,16,16,168,semantic,46.6718,38.7092,0.0,0,0,1,20,276,276,39938162688,39938162688,7.697,0.018
google/gemma-3-1b-it,NVIDIA GeForce RTX 5060 Ti,42,HotpotQA,16,16,169,multi-hop,47.3916,39.4591,0.0,0,0,1,118,374,374,73335308288,73335308288,7.697,0.018
google/gemma-3-1b-it,NVIDIA GeForce RTX 5060 Ti,42,HotpotQA,16,16,170,multi-hop,98.9749,81.4547,63.5688,0,0,0,5,261,261,35715022848,35715022848,7.697,0.018
google/gemma-3-1b-it,NVIDIA GeForce RTX 5060 Ti,42,HotpotQA,16,16,171,multi-hop,63.9464,0.0,42.0322,0,1,0,91,347,347,63128993792,63128993792,7.697,0.018
google/gemma-3-1b-it,NVIDIA GeForce RTX 5060 Ti,42,HotpotQA,16,16,172,structural,92.5632,0.0,0.0,0,1,1,6,262,262,35989225472,35989225472,7.697,0.018
google/gemma-3-1b-it,NVIDIA GeForce RTX 5060 Ti,42,HotpotQA,16,16,173,multi-hop,43.8439,97.5872,0.0,0,0,1,53,309,309,50059542528,50059542528,7.697,0.018
google/gemma-3-1b-it,NVIDIA GeForce RTX 5060 Ti,42,HotpotQA,16,16,174,semantic,47.3098,0.0,0.0,0,1,1,106,362,362,68704796672,68704796672,7.697,0.018
google/gemma-3-1b-it,NVIDIA GeForce RTX 5060 Ti,42,HotpotQA,16,16,175,multi-hop,69.9479,64.586,82.6891,0,0,0,20,276,276,39938162688,39938162688,7.697,0.018
google/gemma-3-1b-it,NVIDIA GeForce RTX 5060 Ti,42,HotpotQA,16,16,176,multi-hop,98.2347,0.0,0.0,0,1,1,108,364,364,69466062848,69466062848,7.697,0.018
google/gemma-3-1b-it,NVIDIA GeForce RTX 5060 Ti,42,HotpotQA,16,16,177,multi-hop,93.1311,0.0,0.0,0,1,1,114,370,370,71775027200,71775027200,7.697,0.018
google/gemma-3-1b-it,NVIDIA GeForce RTX 5060 Ti,42,HotpotQA,16,16,178,structural,63.6254,89.876,0.0,0,0,1,98,354,354,65701675008,65701675008,7.697,0.018
google/gemma-3-1b-it,NVIDIA GeForce RTX 5060 Ti,42,HotpotQA,16,16,179,structural,67.303,69.8048,39.8536,0,0,0,49,305,305,48771891200,48771891200,7.697,0.018
google/gemma-3-1b-it,NVIDIA GeForce RTX 5060 Ti,42,HotpotQA,16,16,180,semantic,96.9988,0.0,0.0,0,1,1,93,349,349,63858802688,63858802688,7.697,0.018
google/gemma-3-1b-it,NVIDIA GeForce RTX 5060 Ti,42,HotpotQA,16,16,181,structural,82.5851,71.55,96.0691,0,0,0,108,364,364,69466062848,69466062848,7.697,0.018
google/gemma-3-1b-it,NVIDIA GeForce RTX 5060 Ti,42,HotpotQA,16,16,182,multi-hop,82.711,0.0,0.0,0,1,1,2,139,258,10129768448,34898706432,7.697,0.018
google/gemma-3-1b-it,NVIDIA GeForce RTX 5060 Ti,42,HotpotQA,16,16,183,multi-hop,90.7775,0.0,80.7418,0,1,0,114,370,370,71775027200,71775027200,7.697,0.018
google/gemma-3-1b-it,NVIDIA GeForce RTX 5060 Ti,42,HotpotQA,16,16,184,structural,85.3868,51.3603,64.9664,0,0,0,13,269,269,37938003968,37938003968,7.697,0.018
google/gemma-3-1b-it,NVIDIA GeForce RTX 5060 Ti,42,HotpotQA,16,16,185,multi-hop,71.0978,0.0,47.8304,0,1,0,94,350,350,64225280000,64225280000,7.697,0.018
google/gemma-3-1b-it,NVIDIA GeForce RTX 5060 Ti,42,HotpotQA,16,16,186,semantic,35.4191,0.0,0.0,0,1,1,105,361,361,68325736448,68325736448,7.697,0.018
google/gemma-3-1b-it,NVIDIA GeForce RTX 5060 Ti,42,HotpotQA,16,16,187,multi-hop,65.8149,75.139,0.0,0,0,1,68,324,324,55037657088,55037657088,7.697,0.018
google/gemma-3-1b-it,NVIDIA GeForce RTX 5060 Ti,42,HotpotQA,16,16,188,multi-hop,59.0034,0.0,0.0,0,1,1,57,313,313,51363971072,51363971072,7.697,0.018
google/gemma-3-1b-it,NVIDIA GeForce RTX 5060 Ti,42,HotpotQA,16,16,189,structural,84.0749,74.8095,55.0302,0,0,0,24,280,280,41104179200,41104179200,7.697,0.018
google/gemma-3-1b-it,NVIDIA GeForce RTX 5060 Ti,42,HotpotQA,16,16,190,structural,73.7628,50.6884,0.0,0,0,1,20,276,276,39938162688,39938162688,7.697,0.018
google/gemma-3-1b-it,NVIDIA GeForce RTX 5060 Ti,42,HotpotQA,16,16,191,structural,33.1919,0.0,0.0,0,1,1,69,325,325,55377920000,55377920000,7.697,0.018
google/gemma-3-1b-it,NVIDIA GeForce RTX 5060 Ti,42,HotpotQA,16,16,192,multi-hop,39.4096,0.0,0.0,0,1,1,5,261,261,35715022848,35715022848,7.697,0.018
google/gemma-3-1b-it,NVIDIA GeForce RTX 5060 Ti,42,HotpotQA,16,16,193,semantic,45.9283,0.0,0.0,0,1,1,26,282,282,41693478912,41693478912,7.697,0.018
google/gemma-3-1b-it,NVIDIA GeForce RTX 5060 Ti,42,HotpotQA,16,16,194,multi-hop,40.8258,0.0,0.0,0,1,1,4,260,260,35441868800,35441868800,7.697,0.018
google/gemma-3-1b-it,NVIDIA GeForce RTX 5060 Ti,42,HotpotQA,16,16,195,multi-hop,36.5201,49.1702,0.0,0,0,1,114,370,370,71775027200,71775027200,7.697,0.018
google/gemma-3-1b-it,NVIDIA GeForce RTX 5060 Ti,42,HotpotQA,16,16,196,multi-hop,40.3262,0.0,0.0,0,1,1,14,270,270,38220595200,38220595200,7.697,0.018
google/gemma-3-1b-it,NVIDIA GeForce RTX 5060 Ti,42,HotpotQA,16,16,197,semantic,68.1103,0.0,75.6625,0,1,0,96,352,352,64961380352,64961380352,7.697,0.018
google/gemma-3-1b-it,NVIDIA GeForce RTX 5060 Ti,42,HotpotQA,16,16,198,semantic,0.0,0.0,0.0,1,1,1,14,270,270,38220595200,38220595200,7.697,0.018
google/gemma-3-1b-it,NVIDIA GeForce RTX 5060 Ti,42,HotpotQA,16,16,199,semantic,86.0658,0.0,0.0,0,1,1,106,362,362,68704796672,68704796672,7.697,0.018
google/gemma-3-1b-it,NVIDIA GeForce RTX 5060 Ti,42,HotpotQA,16,16,200,multi-hop,57.4348,79.1432,91.8911,0,0,0,2,258,258,34898706432,34898706432,7.697,0.018
google/gemma-3-1b-it,NVIDIA GeForce RTX 5060 Ti,42,HotpotQA,16,16,201,multi-hop,89.3759,0.0,0.0,0,1,1,47,303,303,48134356992,48134356992,7.697,0.018
google/gemma-3-1b-it,NVIDIA GeForce RTX 5060 Ti,42,HotpotQA,16,16,202,semantic,67.6583,0.0,0.0,0,1,1,25,281,281,41398304768,41398304768,7.697,0.018
google/gemma-3-1b-it,NVIDIA GeForce RTX 5060 Ti,42,HotpotQA,16,16,203,semantic,64.7623,0.0,0.0,0,1,1,102,358,358,67194847232,67194847232,7.697,0.018
google/gemma-3-1b-it,NVIDIA GeForce RTX 5060 Ti,42,HotpotQA,16,16,204,multi-hop,53.6607,0.0,62.0305,0,1,0,131,387,387,78522089472,78522089472,7.697,0.018
google/gemma-3-1b-it,NVIDIA GeForce RTX 5060 Ti,42,HotpotQA,16,16,205,multi-hop,38.9743,68.4592,0.0,0,0,1,128,384,384,77309411328,77309411328,7.697,0.018
google/gemma-3-1b-it,NVIDIA GeForce RTX 5060 Ti,42,HotpotQA,16,16,206,multi-hop,98.7332,70.3183,93.6104,0,0,0,105,361,361,68325736448,68325736448,7.697,0.018
google/gemma-3-1b-it,NVIDIA GeForce RTX 5060 Ti,42,HotpotQA,16,16,207,multi-hop,95.0168,0.0,0.0,0,1,1,148,404,404,85572190208,85572190208,7.697,0.018
google/gemma-3-1b-it,NVIDIA GeForce RTX 5060 Ti,42,HotpotQA,16,16,208,semantic,66.6544,0.0,0.0,0,1,1,10,266,266,37096521728,37096521728,7.697,0.018
google/gemma-3-1b-it,NVIDIA GeForce RTX 5060 Ti,42,HotpotQA,16,16,209,semantic,83.6506,0.0,61.9214,0,1,0,70,326,326,55719231488,55719231488,7.697,0.018
google/gemma-3-1b-it,NVIDIA GeForce RTX 5060 Ti,42,HotpotQA,16,16,210,multi-hop,64.5359,0.0,0.0,0,1,1,125,381,381,76106170368,76106170368,7.697,0.018
google/gemma-3-1b-it,NVIDIA GeForce RTX 5060 Ti,42,HotpotQA,16,16,211,multi-hop,57.6449,55.5827,0.0,0,0,1,85,341,341,60964732928,60964732928,7.697,0.018
google/gemma-3-1b-it,NVIDIA GeForce RTX 5060 Ti,42,HotpotQA,16,16,212,semantic,40.6065,0.0,0.0,0,1,1,94,350,350,64225280000,64225280000,7.697,0.018
google/gemma-3-1b-it,NVIDIA GeForce RTX 5060 Ti,42,HotpotQA,16,16,213,structural,39.9878,43.9747,33.6834,0,0,0,64,320,320,53687091200,53687091200,7.697,0.018
google/gemma-3-1b-it,NVIDIA GeForce RTX 5060 Ti,42,HotpotQA,16,16,214,multi-hop,55.9063,0.0,57.7608,0,1,0,117,373,373,72943665152,72943665152,7.697,0.018
google/gemma-3-1b-it,NVIDIA GeForce RTX 5060 Ti,42,HotpotQA,16,16,215,multi-hop,62.0324,50.0211,39.8027,0,0,0,139,395,395,81802035200,81802035200,7.697,0.018
google/gemma-3-1b-it,NVIDIA GeForce RTX 5060 Ti,42,HotpotQA,16,16,216,multi-hop,58.903,0.0,0.0,0,1,1,118,374,374,73335308288,73335308288,7.697,0.018
google/gemma-3-1b-it,NVIDIA GeForce RTX 5060 Ti,42,HotpotQA,16,16,217,semantic,48.8387,0.0,0.0,0,1,1,63,319,319,53352071168,53352071168,7.697,0.018
google/gemma-3-1b-it,NVIDIA GeForce RTX 5060 Ti,42,HotpotQA,16,16,218,semantic,57.5096,0.0,0.0,0,1,1,101,357,357,66819981312,66819981312,7.697,0.018
google/gemma-3-1b-it,NVIDIA GeForce RTX 5060 Ti,42,HotpotQA,16,16,219,structural,43.363,32.0047,41.4106,0,0,0,109,365,365,69848268800,69848268800,7.697,0.018
google/gemma-3-1b-it,NVIDIA GeForce RTX 5060 Ti,42,HotpotQA,16,16,220,multi-hop,39.5789,0.0,0.0,0,1,1,142,398,398,83049316352,83049316352,7.697,0.018
google/gemma-3-1b-it,NVIDIA GeForce RTX 5060 Ti,42,HotpotQA,16,16,221,semantic,42.5306,49.31,0.0,0,0,1,134,390,390,79744204800,79744204800,7.697,0.018
google/gemma-3-1b-it,NVIDIA GeForce RTX 5060 Ti,42,HotpotQA,16,16,222,structural,36.0872,50.1036,0.0,0,0,1,93,349,349,63858802688,63858802688,7.697,0.018
google/gemma-3-1b-it,NVIDIA GeForce RTX 5060 Ti,42,HotpotQA,16,16,223,multi-hop,86.5658,0.0,66.4547,0,1,0,68,324,324,55037657088,55037657088,7.697,0.018
google/gemma-3-1b-it,NVIDIA GeForce RTX 5060 Ti,42,HotpotQA,16,16,224,multi-hop,63.2811,43.1887,0.0,0,0,1,3,259,259,35169763328,35169763328,7.697,0.018
google/gemma-3-1b-it,NVIDIA GeForce RTX 5060 Ti,42,HotpotQA,16,16,225,structural,45.7259,0.0,0.0,0,1,1,112,368,368,71001178112,71001178112,7.697,0.018
google/gemma-3-1b-it,NVIDIA GeForce RTX 5060 Ti,42,HotpotQA,16,16,226,semantic,45.923,0.0,0.0,0,1,1,17,273,273,39074660352,39074660352,7.697,0.018
google/gemma-3-1b-it,NVIDIA GeForce RTX 5060 Ti,42,HotpotQA,16,16,227,semantic,56.2412,0.0,0.0,0,1,1,123,379,379,75309252608,75309252608,7.697,0.018
google/gemma-3-1b-it,NVIDIA GeForce RTX 5060 Ti,42,HotpotQA,16,16,228,structural,55.7957,0.0,0.0,0,1,1,167,423,423,93810327552,93810327552,7.697,0.018
google/gemma-3-1b-it,NVIDIA GeForce RTX 5060 Ti,42,HotpotQA,16,16,229,multi-hop,34.0676,0.0,52.1786,0,1,0,125,381,381,76106170368,76106170368,7.697,0.018
google/gemma-3-1b-it,NVIDIA GeForce RTX 5060 Ti,42,HotpotQA,16,16,230,structural,32.0267,0.0,0.0,0,1,1,73,329,329,56749457408,56749457408,7.697,0.018
google/gemma-3-1b-it,NVIDIA GeForce RTX 5060 Ti,42,HotpotQA,16,16,231,semantic,45.8216,0.0,0.0,0,1,1,81,337,337,59542863872,59542863872,7.697,0.018
google/gemma-3-1b-it,NVIDIA GeForce RTX 5060 Ti,42,HotpotQA,16,16,232,structural,63.9736,0.0,0.0,0,1,1,226,482,482,121804685312,121804685312,7.697,0.018
google/gemma-3-1b-it,NVIDIA GeForce RTX 5060 Ti,42,HotpotQA,16,16,233,structural,38.7424,38.924,56.228,0,0,0,6,262,262,35989225472,35989225472,7.697,0.018
google/gemma-3-1b-it,NVIDIA GeForce RTX 5060 Ti,42,HotpotQA,16,16,234,semantic,38.216,0.0,0.0,0,1,1,114,370,370,71775027200,71775027200,7.697,0.018
google/gemma-3-1b-it,NVIDIA GeForce RTX 5060 Ti,42,HotpotQA,16,16,235,multi-hop,0.0,45.6314,29.4014,1,0,0,123,379,379,75309252608,75309252608,7.697,0.018
google/gemma-3-1b-it,NVIDIA GeForce RTX 5060 Ti,42,HotpotQA,16,16,236,multi-hop,30.7866,0.0,47.2113,0,1,0,102,358,358,67194847232,67194847232,7.697,0.018
google/gemma-3-1b-it,NVIDIA GeForce RTX 5060 Ti,42,HotpotQA,16,16,237,structural,55.9068,72.4492,0.0,0,0,1,116,372,372,72553070592,72553070592,7.697,0.018
google/gemma-3-1b-it,NVIDIA GeForce RTX 5060 Ti,42,HotpotQA,16,16,238,multi-hop,52.0071,55.9715,34.8275,0,0,0,124,380,380,75707187200,75707187200,7.697,0.018
google/gemma-3-1b-it,NVIDIA GeForce RTX 5060 Ti,42,HotpotQA,16,16,239,structural,36.0989,36.7046,44.765,0,0,0,31,287,287,43185078272,43185078272,7.697,0.018
google/gemma-3-1b-it,NVIDIA GeForce RTX 5060 Ti,42,HotpotQA,16,16,240,multi-hop,42.0767,0.0,0.0,0,1,1,186,442,442,102427000832,102427000832,7.697,0.018
google/gemma-3-1b-it,NVIDIA GeForce RTX 5060 Ti,42,HotpotQA,16,16,241,multi-hop,36.694,0.0,0.0,0,1,1,78,334,334,58487472128,58487472128,7.697,0.018
google/gemma-3-1b-it,NVIDIA GeForce RTX 5060 Ti,42,HotpotQA,16,16,242,multi-hop,53.1067,29.0521,31.2563,0,0,0,124,380,380,75707187200,75707187200,7.697,0.018
google/gemma-3-1b-it,NVIDIA GeForce RTX 5060 Ti,42,HotpotQA,16,16,243,multi-hop,31.7669,31.4196,48.3535,0,0,0,131,387,387,78522089472,78522089472,7.697,0.018
google/gemma-3-1b-it,NVIDIA GeForce RTX 5060 Ti,42,HotpotQA,16,16,244,semantic,51.9662,0.0,60.9204,0,1,0,108,364,364,69466062848,69466062848,7.697,0.018
google/gemma-3-1b-it,NVIDIA GeForce RTX 5060 Ti,42,HotpotQA,16,16,245,multi-hop,40.5014,0.0,0.0,0,1,1,94,350,350,64225280000,64225280000,7.697,0.018
google/gemma-3-1b-it,NVIDIA GeForce RTX 5060 Ti,42,HotpotQA,16,16,246,structural,51.0895,33.7173,52.0465,0,0,0,8,264,264,36540776448,36540776448,7.697,0.018
google/gemma-3-1b-it,NVIDIA GeForce RTX 5060 Ti,42,HotpotQA,16,16,247,structural,35.8098,0.0,0.0,0,1,1,111,367,367,70615826432,70615826432,7.697,0.018
google/gemma-3-1b-it,NVIDIA GeForce RTX 5060 Ti,42,HotpotQA,16,16,248,semantic,42.3645,0.0,0.0,0,1,1,98,354,354,65701675008,65701675008,7.697,0.018
google/gemma-3-1b-it,NVIDIA GeForce RTX 5060 Ti,42,HotpotQA,16,16,249,multi-hop,37.8244,0.0,57.1523,0,1,0,24,280,280,41104179200,41104179200,7.697,0.018
google/gemma-3-1b-it,NVIDIA GeForce RTX 5060 Ti,42,HotpotQA,16,16,250,semantic,50.8906,0.0,0.0,0,1,1,109,365,365,69848268800,69848268800,7.697,0.018
google/gemma-3-1b-it,NVIDIA GeForce RTX 5060 Ti,42,HotpotQA,16,16,251,multi-hop,65.4336,0.0,0.0,0,1,1,96,352,352,64961380352,64961380352,7.697,0.018
google/gemma-3-1b-it,NVIDIA GeForce RTX 5060 Ti,42,HotpotQA,16,16,252,multi-hop,37.4477,0.0,0.0,0,1,1,139,395,395,81802035200,81802035200,7.697,0.018
google/gemma-3-1b-it,NVIDIA GeForce RTX 5060 Ti,42,HotpotQA,16,16,253,multi-hop,0.0,0.0,0.0,1,1,1,3,259,259,35169763328,35169763328,7.697,0.018
google/gemma-3-1b-it,NVIDIA GeForce RTX 5060 Ti,42,HotpotQA,16,16,254,multi-hop,35.5176,55.0959,42.4434,0,0,0,44,300,300,47185920000,47185920000,7.697,0.018
google/gemma-3-1b-it,NVIDIA GeForce RTX 5060 Ti,42,HotpotQA,16,16,255,multi-hop,50.7748,0.0,0.0,0,1,1,126,382,382,76506202112,76506202112,7.697,0.018
google/gemma-3-1b-it,NVIDIA GeForce RTX 5060 Ti,42,HotpotQA,16,16,256,multi-hop,47.0766,35.0876,36.4972,0,0,0,63,319,319,53352071168,53352071168,7.697,0.018
google/gemma-3-1b-it,NVIDIA GeForce RTX 5060 Ti,42,HotpotQA,16,16,257,semantic,52.7815,0.0,0.0,0,1,1,100,356,356,66446163968,66446163968,7.697,0.018
google/gemma-3-1b-it,NVIDIA GeForce RTX 5060 Ti,42,HotpotQA,16,16,258,multi-hop,44.519,0.0,0.0,0,1,1,112,368,368,71001178112,71001178112,7.697,0.018
google/gemma-3-1b-it,NVIDIA GeForce RTX 5060 Ti,42,HotpotQA,16,16,259,multi-hop,36.2069,0.0,0.0,0,1,1,78,334,334,58487472128,58487472128,7.697,0.018
google/gemma-3-1b-it,NVIDIA GeForce RTX 5060 Ti,42,HotpotQA,16,16,260,structural,67.0819,0.0,0.0,0,1,1,25,281,281,41398304768,41398304768,7.697,0.018
google/gemma-3-1b-it,NVIDIA GeForce RTX 5060 Ti,42,HotpotQA,16,16,261,semantic,0.0,0.0,0.0,1,1,1,82,338,338,59896758272,59896758272,7.697,0.018
google/gemma-3-1b-it,NVIDIA GeForce RTX 5060 Ti,42,HotpotQA,16,16,262,multi-hop,34.9266,0.0,0.0,0,1,1,99,355,355,66073395200,66073395200,7.697,0.018
google/gemma-3-1b-it,NVIDIA GeForce RTX 5060 Ti,42,HotpotQA,16,16,263,semantic,54.9271,0.0,0.0,0,1,1,114,370,370,71775027200,71775027200,7.697,0.018
google/gemma-3-1b-it,NVIDIA GeForce RTX 5060 Ti,42,HotpotQA,16,16,264,semantic,65.807,0.0,39.6374,0,1,0,87,343,343,61681958912,61681958912,7.697,0.018
google/gemma-3-1b-it,NVIDIA GeForce RTX 5060 Ti,42,HotpotQA,16,16,265,semantic,46.3613,0.0,0.0,0,1,1,119,375,375,73728000000,73728000000,7.697,0.018
google/gemma-3-1b-it,NVIDIA GeForce RTX 5060 Ti,42,HotpotQA,16,16,266,semantic,33.1998,0.0,0.0,0,1,1,105,361,361,68325736448,68325736448,7.697,0.018
google/gemma-3-1b-it,NVIDIA GeForce RTX 5060 Ti,42,HotpotQA,16,16,267,structural,32.8046,0.0,0.0,0,1,1,101,357,357,66819981312,66819981312,7.697,0.018
google/gemma-3-1b-it,NVIDIA GeForce RTX 5060 Ti,42,HotpotQA,16,16,268,structural,55.5614,30.0813,0.0,0,0,1,114,370,370,71775027200,71775027200,7.697,0.018
google/gemma-3-1b-it,NVIDIA GeForce RTX 5060 Ti,42,HotpotQA,16,16,269,semantic,36.4206,0.0,0.0,0,1,1,115,371,371,72163524608,72163524608,7.697,0.018
google/gemma-3-1b-it,NVIDIA GeForce RTX 5060 Ti,42,HotpotQA,16,16,270,multi-hop,35.8996,0.0,0.0,0,1,1,110,366,366,70231523328,70231523328,7.697,0.018
google/gemma-3-1b-it,NVIDIA GeForce RTX 5060 Ti,42,HotpotQA,16,16,271,multi-hop,39.2295,0.0,0.0,0,1,1,122,378,378,74912366592,74912366592,7.697,0.018
google/gemma-3-1b-it,NVIDIA GeForce RTX 5060 Ti,42,HotpotQA,16,16,272,semantic,29.3572,63.0958,55.4857,0,0,0,25,281,281,41398304768,41398304768,7.697,0.018
google/gemma-3-1b-it,NVIDIA GeForce RTX 5060 Ti,42,HotpotQA,16,16,273,multi-hop,35.8784,53.1529,0.0,0,0,1,136,392,392,80564191232,80564191232,7.697,0.018
google/gemma-3-1b-it,NVIDIA GeForce RTX 5060 Ti,42,HotpotQA,16,16,274,multi-hop,28.5581,0.0,0.0,0,1,1,3,259,259,35169763328,35169763328,7.697,0.018
google/gemma-3-1b-it,NVIDIA GeForce RTX 5060 Ti,42,HotpotQA,16,16,275,multi-hop,61.0501,0.0,0.0,0,1,1,5,261,261,35715022848,35715022848,7.697,0.018
google/gemma-3-1b-it,NVIDIA GeForce RTX 5060 Ti,42,HotpotQA,16,16,276,multi-hop,41.8081,0.0,0.0,0,1,1,123,379,379,75309252608,75309252608,7.697,0.018
google/gemma-3-1b-it,NVIDIA GeForce RTX 5060 Ti,42,HotpotQA,16,16,277,structural,64.0506,30.3194,55.2705,0,0,0,97,353,353,65331003392,65331003392,7.697,0.018
google/gemma-3-1b-it,NVIDIA GeForce RTX 5060 Ti,42,HotpotQA,16,16,278,multi-hop,40.1406,0.0,0.0,0,1,1,124,380,380,75707187200,75707187200,7.697,0.018
google/gemma-3-1b-it,NVIDIA GeForce RTX 5060 Ti,42,HotpotQA,16,16,279,structural,47.276,56.3809,49.494,0,0,0,95,351,351,64592805888,64592805888,7.697,0.018
google/gemma-3-1b-it,NVIDIA GeForce RTX 5060 Ti,42,HotpotQA,16,16,280,multi-hop,52.9792,45.1069,29.5994,0,0,0,81,337,337,59542863872,59542863872,7.697,0.018
google/gemma-3-1b-it,NVIDIA GeForce RTX 5060 Ti,42,HotpotQA,16,16,281,semantic,48.7269,0.0,0.0,0,1,1,20,276,276,39938162688,39938162688,7.697,0.018
google/gemma-3-1b-it,NVIDIA GeForce RTX 5060 Ti,42,HotpotQA,16,16,282,semantic,34.3089,52.3731,48.5696,0,0,0,51,307,307,49413619712,49413619712,7.697,0.018
google/gemma-3-1b-it,NVIDIA GeForce RTX 5060 Ti,42,HotpotQA,16,16,283,structural,46.4803,0.0,0.0,0,1,1,128,384,384,77309411328,77309411328,7.697,0.018
google/gemma-3-1b-it,NVIDIA GeForce RTX 5060 Ti,42,HotpotQA,16,16,284,multi-hop,66.279,37.8847,0.0,0,0,1,68,324,324,55037657088,55037657088,7.697,0.018
google/gemma-3-1b-it,NVIDIA GeForce RTX 5060 Ti,42,HotpotQA,16,16,285,structural,38.9475,0.0,0.0,0,1,1,52,308,308,49736056832,49736056832,7.697,0.018
google/gemma-3-1b-it,NVIDIA GeForce RTX 5060 Ti,42,HotpotQA,16,16,286,multi-hop,47.6786,0.0,0.0,0,1,1,108,364,364,69466062848,69466062848,7.697,0.018
google/gemma-3-1b-it,NVIDIA GeForce RTX 5060 Ti,42,HotpotQA,16,16,287,structural,59.8532,31.9552,50.8402,0,0,0,101,357,357,66819981312,66819981312,7.697,0.018
google/gemma-3-1b-it,NVIDIA GeForce RTX 5060 Ti,42,HotpotQA,16,16,288,multi-hop,38.3391,0.0,0.0,0,1,1,97,353,353,65331003392,65331003392,7.697,0.018
google/gemma-3-1b-it,NVIDIA GeForce RTX 5060 Ti,42,HotpotQA,16,16,289,multi-hop,61.4462,0.0,0.0,0,1,1,86,342,342,61322821632,61322821632,7.697,0.018
google/gemma-3-1b-it,NVIDIA GeForce RTX 5060 Ti,42,HotpotQA,16,16,290,semantic,59.9612,0.0,0.0,0,1,1,75,331,331,57441517568,57441517568,7.697,0.018
google/gemma-3-1b-it,NVIDIA GeForce RTX 5060 Ti,42,HotpotQA,16,16,291,multi-hop,45.3051,0.0,0.0,0,1,1,84,340,340,60607692800,60607692800,7.697,0.018
google/gemma-3-1b-it,NVIDIA GeForce RTX 5060 Ti,42,HotpotQA,16,16,292,multi-hop,45.9345,0.0,65.1322,0,1,0,25,281,281,41398304768,41398304768,7.697,0.018
google/gemma-3-1b-it,NVIDIA GeForce RTX 5060 Ti,42,HotpotQA,16,16,293,multi-hop,33.057,52.1003,0.0,0,0,1,40,296,296,45936017408,45936017408,7.697,0.018
google/gemma-3-1b-it,NVIDIA GeForce RTX 5060 Ti,42,HotpotQA,16,16,294,multi-hop,49.4578,52.2768,0.0,0,0,1,100,356,356,66446163968,66446163968,7.697,0.018
google/gemma-3-1b-it,NVIDIA GeForce RTX 5060 Ti,42,HotpotQA,16,16,295,semantic,35.0333,0.0,0.0,0,1,1,124,380,380,75707187200,75707187200,7.697,0.018
google/gemma-3-1b-it,NVIDIA GeForce RTX 5060 Ti,42,HotpotQA,16,16,296,multi-hop,63.8982,0.0,0.0,0,1,1,104,360,360,67947724800,67947724800,7.697,0.018
google/gemma-3-1b-it,NVIDIA GeForce RTX 5060 Ti,42,HotpotQA,16,16,297,multi-hop,57.4399,0.0,0.0,0,1,1,108,364,364,69466062848,69466062848,7.697,0.018
google/gemma-3-1b-it,NVIDIA GeForce RTX 5060 Ti,42,HotpotQA,16,16,298,structural,52.1755,53.4455,48.2953,0,0,0,70,326,326,55719231488,55719231488,7.697,0.018
google/gemma-3-1b-it,NVIDIA GeForce RTX 5060 Ti,42,HotpotQA,16,16,299,semantic,40.1101,0.0,0.0,0,1,1,42,298,298,46558871552,46558871552,7.697,0.018
google/gemma-3-1b-it,NVIDIA GeForce RTX 5060 Ti,42,HotpotQA,16,16,300,multi-hop,74.6613,0.0,0.0,0,1,1,119,375,375,73728000000,73728000000,7.697,0.018
google/gemma-3-1b-it,NVIDIA GeForce RTX 5060 Ti,42,HotpotQA,16,16,301,multi-hop,66.2234,42.673,0.0,0,0,1,69,325,325,55377920000,55377920000,7.697,0.018
google/gemma-3-1b-it,NVIDIA GeForce RTX 5060 Ti,42,HotpotQA,16,16,302,structural,42.7944,0.0,0.0,0,1,1,117,373,373,72943665152,72943665152,7.697,0.018
google/gemma-3-1b-it,NVIDIA GeForce RTX 5060 Ti,42,HotpotQA,16,16,303,semantic,55.6171,0.0,0.0,0,1,1,65,321,321,54023159808,54023159808,7.697,0.018
google/gemma-3-1b-it,NVIDIA GeForce RTX 5060 Ti,42,HotpotQA,16,16,304,multi-hop,37.5561,0.0,0.0,0,1,1,115,371,371,72163524608,72163524608,7.697,0.018
google/gemma-3-1b-it,NVIDIA GeForce RTX 5060 Ti,42,HotpotQA,16,16,305,multi-hop,32.3427,0.0,0.0,0,1,1,63,319,319,53352071168,53352071168,7.697,0.018
google/gemma-3-1b-it,NVIDIA GeForce RTX 5060 Ti,42,HotpotQA,16,16,306,semantic,35.4532,0.0,0.0,0,1,1,99,355,355,66073395200,66073395200,7.697,0.018
google/gemma-3-1b-it,NVIDIA GeForce RTX 5060 Ti,42,HotpotQA,16,16,307,semantic,61.8341,0.0,0.0,0,1,1,148,404,404,85572190208,85572190208,7.697,0.018
google/gemma-3-1b-it,NVIDIA GeForce RTX 5060 Ti,42,HotpotQA,16,16,308,multi-hop,57.7717,54.5402,38.8943,0,0,0,86,342,342,61322821632,61322821632,7.697,0.018
google/gemma-3-1b-it,NVIDIA GeForce RTX 5060 Ti,42,HotpotQA,16,16,309,multi-hop,53.5889,0.0,0.0,0,1,1,122,378,378,74912366592,74912366592,7.697,0.018
google/gemma-3-1b-it,NVIDIA GeForce RTX 5060 Ti,42,HotpotQA,16,16,310,structural,53.4937,38.8593,33.2015,0,0,0,31,287,287,43185078272,43185078272,7.697,0.018
google/gemma-3-1b-it,NVIDIA GeForce RTX 5060 Ti,42,HotpotQA,16,16,311,multi-hop,64.1453,49.7275,73.7533,0,0,0,116,372,372,72553070592,72553070592,7.697,0.018
google/gemma-3-1b-it,NVIDIA GeForce RTX 5060 Ti,42,HotpotQA,16,16,312,multi-hop,77.5192,50.6366,52.237,0,0,0,106,362,362,68704796672,68704796672,7.697,0.018
google/gemma-3-1b-it,NVIDIA GeForce RTX 5060 Ti,42,HotpotQA,16,16,313,structural,55.2706,30.4786,74.0504,0,0,0,111,367,367,70615826432,70615826432,7.697,0.018
google/gemma-3-1b-it,NVIDIA GeForce RTX 5060 Ti,42,HotpotQA,16,16,314,structural,34.4714,64.5621,0.0,0,0,1,117,373,373,72943665152,72943665152,7.697,0.018
google/gemma-3-1b-it,NVIDIA GeForce RTX 5060 Ti,42,HotpotQA,16,16,315,multi-hop,56.8927,0.0,0.0,0,1,1,110,366,366,70231523328,70231523328,7.697,0.018
google/gemma-3-1b-it,NVIDIA GeForce RTX 5060 Ti,42,HotpotQA,16,16,316,semantic,38.54,0.0,0.0,0,1,1,121,377,377,74516529152,74516529152,7.697,0.018
google/gemma-3-1b-it,NVIDIA GeForce RTX 5060 Ti,42,HotpotQA,16,16,317,multi-hop,39.9029,0.0,0.0,0,1,1,63,319,319,53352071168,53352071168,7.697,0.018
google/gemma-3-1b-it,NVIDIA GeForce RTX 5060 Ti,42,HotpotQA,16,16,318,multi-hop,66.6126,35.8985,36.1826,0,0,0,112,368,368,71001178112,71001178112,7.697,0.018
google/gemma-3-1b-it,NVIDIA GeForce RTX 5060 Ti,42,HotpotQA,16,16,319,semantic,50.0731,0.0,0.0,0,1,1,4,260,260,35441868800,35441868800,7.697,0.018
google/gemma-3-1b-it,NVIDIA GeForce RTX 5060 Ti,42,HotpotQA,16,16,320,multi-hop,0.0,0.0,0.0,1,1,1,81,337,337,59542863872,59542863872,7.697,0.018
google/gemma-3-1b-it,NVIDIA GeForce RTX 5060 Ti,42,HotpotQA,16,16,321,multi-hop,67.4534,33.6527,46.7662,0,0,0,2,258,258,34898706432,34898706432,7.697,0.018
google/gemma-3-1b-it,NVIDIA GeForce RTX 5060 Ti,42,HotpotQA,16,16,322,multi-hop,43.2797,37.6654,32.2523,0,0,0,116,372,372,72553070592,72553070592,7.697,0.018
google/gemma-3-1b-it,NVIDIA GeForce RTX 5060 Ti,42,HotpotQA,16,16,323,structural,0.0,46.0558,28.2626,1,0,0,96,352,352,64961380352,64961380352,7.697,0.018
google/gemma-3-1b-it,NVIDIA GeForce RTX 5060 Ti,42,HotpotQA,16,16,324,semantic,55.5387,0.0,0.0,0,1,1,113,369,369,71387578368,71387578368,7.697,0.018
google/gemma-3-1b-it,NVIDIA GeForce RTX 5060 Ti,42,HotpotQA,16,16,325,semantic,52.5847,0.0,0.0,0,1,1,12,268,268,37656461312,37656461312,7.697,0.018
google/gemma-3-1b-it,NVIDIA GeForce RTX 5060 Ti,42,HotpotQA,16,16,326,multi-hop,33.4045,0.0,0.0,0,1,1,26,282,282,41693478912,41693478912,7.697,0.018
google/gemma-3-1b-it,NVIDIA GeForce RTX 5060 Ti,42,HotpotQA,16,16,327,structural,37.1292,109.8547,83.2183,0,0,0,2,258,258,34898706432,34898706432,7.697,0.018
google/gemma-3-1b-it,NVIDIA GeForce RTX 5060 Ti,42,HotpotQA,16,16,328,multi-hop,87.329,0.0,0.0,0,1,1,9,265,265,36818124800,36818124800,7.697,0.018
google/gemma-3-1b-it,NVIDIA GeForce RTX 5060 Ti,42,HotpotQA,16,16,329,multi-hop,42.9291,0.0,0.0,0,1,1,105,361,361,68325736448,68325736448,7.697,0.018
google/gemma-3-1b-it,NVIDIA GeForce RTX 5060 Ti,42,HotpotQA,16,16,330,structural,37.1742,0.0,0.0,0,1,1,90,346,346,62765662208,62765662208,7.697,0.018
google/gemma-3-1b-it,NVIDIA GeForce RTX 5060 Ti,42,HotpotQA,16,16,331,multi-hop,54.8127,0.0,0.0,0,1,1,25,281,281,41398304768,41398304768,7.697,0.018
google/gemma-3-1b-it,NVIDIA GeForce RTX 5060 Ti,42,HotpotQA,16,16,332,multi-hop,58.9281,0.0,0.0,0,1,1,96,352,352,64961380352,64961380352,7.697,0.018
google/gemma-3-1b-it,NVIDIA GeForce RTX 5060 Ti,42,HotpotQA,16,16,333,semantic,38.7528,0.0,0.0,0,1,1,118,374,374,73335308288,73335308288,7.697,0.018
google/gemma-3-1b-it,NVIDIA GeForce RTX 5060 Ti,42,HotpotQA,16,16,334,semantic,31.2522,0.0,0.0,0,1,1,104,360,360,67947724800,67947724800,7.697,0.018
google/gemma-3-1b-it,NVIDIA GeForce RTX 5060 Ti,42,HotpotQA,16,16,335,multi-hop,55.1939,0.0,0.0,0,1,1,126,382,382,76506202112,76506202112,7.697,0.018
google/gemma-3-1b-it,NVIDIA GeForce RTX 5060 Ti,42,HotpotQA,16,16,336,multi-hop,70.2874,0.0,0.0,0,1,1,95,351,351,64592805888,64592805888,7.697,0.018
google/gemma-3-1b-it,NVIDIA GeForce RTX 5060 Ti,42,HotpotQA,16,16,337,structural,50.3821,0.0,0.0,0,1,1,24,280,280,41104179200,41104179200,7.697,0.018
google/gemma-3-1b-it,NVIDIA GeForce RTX 5060 Ti,42,HotpotQA,16,16,338,multi-hop,40.1465,0.0,0.0,0,1,1,60,316,316,52353302528,52353302528,7.697,0.018
google/gemma-3-1b-it,NVIDIA GeForce RTX 5060 Ti,42,HotpotQA,16,16,339,multi-hop,72.3432,0.0,0.0,0,1,1,50,306,306,49092231168,49092231168,7.697,0.018
google/gemma-3-1b-it,NVIDIA GeForce RTX 5060 Ti,42,HotpotQA,16,16,340,semantic,38.7461,0.0,0.0,0,1,1,94,350,350,64225280000,64225280000,7.697,0.018
google/gemma-3-1b-it,NVIDIA GeForce RTX 5060 Ti,42,HotpotQA,16,16,341,semantic,96.9668,0.0,51.0722,0,1,0,4,260,260,35441868800,35441868800,7.697,0.018
google/gemma-3-1b-it,NVIDIA GeForce RTX 5060 Ti,42,HotpotQA,16,16,342,multi-hop,0.0,0.0,0.0,1,1,1,24,280,280,41104179200,41104179200,7.697,0.018
google/gemma-3-1b-it,NVIDIA GeForce RTX 5060 Ti,42,HotpotQA,16,16,343,structural,46.0863,0.0,40.1558,0,1,0,111,367,367,70615826432,70615826432,7.697,0.018
google/gemma-3-1b-it,NVIDIA GeForce RTX 5060 Ti,42,HotpotQA,16,16,344,multi-hop,56.3834,66.1277,0.0,0,0,1,101,357,357,66819981312,66819981312,7.697,0.018
google/gemma-3-1b-it,NVIDIA GeForce RTX 5060 Ti,42,HotpotQA,16,16,345,semantic,69.5822,0.0,0.0,0,1,1,102,358,358,67194847232,67194847232,7.697,0.018
google/gemma-3-1b-it,NVIDIA GeForce RTX 5060 Ti,42,HotpotQA,16,16,346,semantic,39.3827,0.0,0.0,0,1,1,18,274,274,39361445888,39361445888,7.697,0.018
google/gemma-3-1b-it,NVIDIA GeForce RTX 5060 Ti,42,HotpotQA,16,16,347,structural,41.1748,0.0,0.0,0,1,1,119,375,375,73728000000,73728000000,7.697,0.018
google/gemma-3-1b-it,NVIDIA GeForce RTX 5060 Ti,42,HotpotQA,16,16,348,structural,56.1528,61.9328,36.5674,0,0,0,106,362,362,68704796672,68704796672,7.697,0.018
google/gemma-3-1b-it,NVIDIA GeForce RTX 5060 Ti,42,HotpotQA,16,16,349,semantic,0.0,0.0,0.0,1,1,1,18,274,274,39361445888,39361445888,7.697,0.018
google/gemma-3-1b-it,NVIDIA GeForce RTX 5060 Ti,42,HotpotQA,16,16,350,semantic,0.0,0.0,0.0,1,1,1,48,304,304,48452599808,48452599808,7.697,0.018
google/gemma-3-1b-it,NVIDIA GeForce RTX 5060 Ti,42,HotpotQA,16,16,351,multi-hop,61.2039,33.6429,49.9503,0,0,0,77,333,333,58137772032,58137772032,7.697,0.018
google/gemma-3-1b-it,NVIDIA GeForce RTX 5060 Ti,42,HotpotQA,16,16,352,structural,32.9071,53.1051,32.3316,0,0,0,14,270,270,38220595200,38220595200,7.697,0.018
google/gemma-3-1b-it,NVIDIA GeForce RTX 5060 Ti,42,HotpotQA,16,16,353,semantic,0.0,0.0,0.0,1,1,1,11,267,267,37375967232,37375967232,7.697,0.018
google/gemma-3-1b-it,NVIDIA GeForce RTX 5060 Ti,42,HotpotQA,16,16,354,semantic,50.4016,0.0,0.0,0,1,1,112,368,368,71001178112,71001178112,7.697,0.018
google/gemma-3-1b-it,NVIDIA GeForce RTX 5060 Ti,42,HotpotQA,16,16,355,semantic,46.6435,39.5893,0.0,0,0,1,109,365,365,69848268800,69848268800,7.697,0.018
google/gemma-3-1b-it,NVIDIA GeForce RTX 5060 Ti,42,HotpotQA,16,16,356,multi-hop,49.811,55.8839,0.0,0,0,1,114,370,370,71775027200,71775027200,7.697,0.018
google/gemma-3-1b-it,NVIDIA GeForce RTX 5060 Ti,42,HotpotQA,16,16,357,structural,37.8305,37.7466,0.0,0,0,1,4,260,260,35441868800,35441868800,7.697,0.018
google/gemma-3-1b-it,NVIDIA GeForce RTX 5060 Ti,42,HotpotQA,16,16,358,multi-hop,72.8876,43.3773,0.0,0,0,1,102,358,358,67194847232,67194847232,7.697,0.018
google/gemma-3-1b-it,NVIDIA GeForce RTX 5060 Ti,42,HotpotQA,16,16,359,structural,41.6509,49.8419,66.2209,0,0,0,41,297,297,46246920192,46246920192,7.697,0.018
google/gemma-3-1b-it,NVIDIA GeForce RTX 5060 Ti,42,HotpotQA,16,16,360,structural,39.0315,35.8619,54.2047,0,0,0,4,260,220,35441868800,25375539200,7.697,0.018
google/gemma-3-1b-it,NVIDIA GeForce RTX 5060 Ti,42,HotpotQA,16,16,361,semantic,41.764,0.0,0.0,0,1,1,127,383,383,76907282432,76907282432,7.697,0.018
google/gemma-3-1b-it,NVIDIA GeForce RTX 5060 Ti,42,HotpotQA,16,16,362,multi-hop,56.1619,0.0,0.0,0,1,1,24,280,280,41104179200,41104179200,7.697,0.018
google/gemma-3-1b-it,NVIDIA GeForce RTX 5060 Ti,42,HotpotQA,16,16,363,structural,34.896,39.5421,82.9242,0,0,0,99,355,355,66073395200,66073395200,7.697,0.018
google/gemma-3-1b-it,NVIDIA GeForce RTX 5060 Ti,42,HotpotQA,16,16,364,semantic,38.311,0.0,0.0,0,1,1,47,303,303,48134356992,48134356992,7.697,0.018
google/gemma-3-1b-it,NVIDIA GeForce RTX 5060 Ti,42,HotpotQA,16,16,365,semantic,42.3287,47.0733,0.0,0,0,1,129,385,385,77712588800,77712588800,7.697,0.018
google/gemma-3-1b-it,NVIDIA GeForce RTX 5060 Ti,42,HotpotQA,16,16,366,multi-hop,68.5787,0.0,0.0,0,1,1,95,351,351,64592805888,64592805888,7.697,0.018
google/gemma-3-1b-it,NVIDIA GeForce RTX 5060 Ti,42,HotpotQA,16,16,367,semantic,58.0297,0.0,0.0,0,1,1,115,371,371,72163524608,72163524608,7.697,0.018
google/gemma-3-1b-it,NVIDIA GeForce RTX 5060 Ti,42,HotpotQA,16,16,368,semantic,35.8859,0.0,0.0,0,1,1,2,58,258,1763704832,34898706432,7.697,0.018
google/gemma-3-1b-it,NVIDIA GeForce RTX 5060 Ti,42,HotpotQA,16,16,369,semantic,35.2226,0.0,0.0,0,1,1,139,395,395,81802035200,81802035200,7.697,0.018
google/gemma-3-1b-it,NVIDIA GeForce RTX 5060 Ti,42,HotpotQA,16,16,370,multi-hop,47.7602,0.0,0.0,0,1,1,122,378,378,74912366592,74912366592,7.697,0.018
google/gemma-3-1b-it,NVIDIA GeForce RTX 5060 Ti,42,HotpotQA,16,16,371,semantic,48.3786,0.0,0.0,0,1,1,126,382,382,76506202112,76506202112,7.697,0.018
google/gemma-3-1b-it,NVIDIA GeForce RTX 5060 Ti,42,HotpotQA,16,16,372,multi-hop,45.4534,0.0,0.0,0,1,1,63,319,319,53352071168,53352071168,7.697,0.018
google/gemma-3-1b-it,NVIDIA GeForce RTX 5060 Ti,42,HotpotQA,16,16,373,multi-hop,52.0718,0.0,0.0,0,1,1,111,367,367,70615826432,70615826432,7.697,0.018
google/gemma-3-1b-it,NVIDIA GeForce RTX 5060 Ti,42,HotpotQA,16,16,374,structural,52.868,0.0,0.0,0,1,1,93,349,349,63858802688,63858802688,7.697,0.018
google/gemma-3-1b-it,NVIDIA GeForce RTX 5060 Ti,42,HotpotQA,16,16,375,structural,54.108,0.0,0.0,0,1,1,81,337,337,59542863872,59542863872,7.697,0.018
google/gemma-3-1b-it,NVIDIA GeForce RTX 5060 Ti,42,HotpotQA,16,16,376,multi-hop,35.227,50.1632,0.0,0,0,1,129,385,385,77712588800,77712588800,7.697,0.018
google/gemma-3-1b-it,NVIDIA GeForce RTX 5060 Ti,42,HotpotQA,16,16,377,structural,64.8067,40.7856,44.4822,0,0,0,124,380,380,75707187200,75707187200,7.697,0.018
google/gemma-3-1b-it,NVIDIA GeForce RTX 5060 Ti,42,HotpotQA,16,16,378,multi-hop,32.4446,53.7328,57.7951,0,0,0,95,351,351,64592805888,64592805888,7.697,0.018
google/gemma-3-1b-it,NVIDIA GeForce RTX 5060 Ti,42,HotpotQA,16,16,379,structural,64.2683,41.5764,59.173,0,0,0,148,404,404,85572190208,85572190208,7.697,0.018
google/gemma-3-1b-it,NVIDIA GeForce RTX 5060 Ti,42,HotpotQA,16,16,380,semantic,75.0779,0.0,0.0,0,1,1,58,314,314,51692699648,51692699648,7.697,0.018
google/gemma-3-1b-it,NVIDIA GeForce RTX 5060 Ti,42,HotpotQA,16,16,381,structural,79.896,0.0,0.0,0,1,1,114,370,370,71775027200,71775027200,7.697,0.018
google/gemma-3-1b-it,NVIDIA GeForce RTX 5060 Ti,42,HotpotQA,16,16,382,semantic,89.0071,0.0,51.1533,0,1,0,114,370,370,71775027200,71775027200,7.697,0.018
google/gemma-3-1b-it,NVIDIA GeForce RTX 5060 Ti,42,HotpotQA,16,16,383,multi-hop,42.1308,0.0,0.0,0,1,1,99,355,355,66073395200,66073395200,7.697,0.018
google/gemma-3-1b-it,NVIDIA GeForce RTX 5060 Ti,42,HotpotQA,16,16,384,structural,74.1363,0.0,0.0,0,1,1,26,282,282,41693478912,41693478912,7.697,0.018
google/gemma-3-1b-it,NVIDIA GeForce RTX 5060 Ti,42,HotpotQA,16,16,385,multi-hop,32.442,31.3677,47.5989,0,0,0,108,364,364,69466062848,69466062848,7.697,0.018
google/gemma-3-1b-it,NVIDIA GeForce RTX 5060 Ti,42,HotpotQA,16,16,386,semantic,38.7884,0.0,0.0,0,1,1,76,332,332,57789120512,57789120512,7.697,0.018
google/gemma-3-1b-it,NVIDIA GeForce RTX 5060 Ti,42,HotpotQA,16,16,387,semantic,38.688,0.0,47.1326,0,1,0,105,361,361,68325736448,68325736448,7.697,0.018
google/gemma-3-1b-it,NVIDIA GeForce RTX 5060 Ti,42,HotpotQA,16,16,388,multi-hop,82.2241,0.0,66.2621,0,1,0,135,391,391,80153673728,80153673728,7.697,0.018
google/gemma-3-1b-it,NVIDIA GeForce RTX 5060 Ti,42,HotpotQA,16,16,389,semantic,30.7143,0.0,0.0,0,1,1,83,339,339,60251701248,60251701248,7.697,0.018
google/gemma-3-1b-it,NVIDIA GeForce RTX 5060 Ti,42,HotpotQA,16,16,390,multi-hop,38.179,0.0,0.0,0,1,1,99,355,355,66073395200,66073395200,7.697,0.018
google/gemma-3-1b-it,NVIDIA GeForce RTX 5060 Ti,42,HotpotQA,16,16,391,multi-hop,33.4803,0.0,35.7448,0,1,0,87,343,343,61681958912,61681958912,7.697,0.018
google/gemma-3-1b-it,NVIDIA GeForce RTX 5060 Ti,42,HotpotQA,16,16,392,multi-hop,77.2394,0.0,0.0,0,1,1,89,345,345,62403379200,62403379200,7.697,0.018
google/gemma-3-1b-it,NVIDIA GeForce RTX 5060 Ti,42,HotpotQA,16,16,393,semantic,54.7339,0.0,0.0,0,1,1,97,353,353,65331003392,65331003392,7.697,0.018
google/gemma-3-1b-it,NVIDIA GeForce RTX 5060 Ti,42,HotpotQA,16,16,394,multi-hop,33.2385,31.217,0.0,0,0,1,68,324,324,55037657088,55037657088,7.697,0.018
google/gemma-3-1b-it,NVIDIA GeForce RTX 5060 Ti,42,HotpotQA,16,16,395,multi-hop,65.61,62.4229,38.8294,0,0,0,96,352,352,64961380352,64961380352,7.697,0.018
google/gemma-3-1b-it,NVIDIA GeForce RTX 5060 Ti,42,HotpotQA,16,16,396,multi-hop,54.7913,77.119,45.492,0,0,0,34,290,290,44092620800,44092620800,7.697,0.018
google/gemma-3-1b-it,NVIDIA GeForce RTX 5060 Ti,42,HotpotQA,16,16,397,structural,36.7731,30.6697,33.4524,0,0,0,63,319,319,53352071168,53352071168,7.697,0.018
google/gemma-3-1b-it,NVIDIA GeForce RTX 5060 Ti,42,HotpotQA,16,16,398,multi-hop,46.2081,80.6732,40.5611,0,0,0,122,378,378,74912366592,74912366592,7.697,0.018
google/gemma-3-1b-it,NVIDIA GeForce RTX 5060 Ti,42,HotpotQA,16,16,399,multi-hop,52.0229,49.2427,68.3015,0,0,0,37,293,293,45009600512,45009600512,7.697,0.018
google/gemma-3-1b-it,NVIDIA GeForce RTX 5060 Ti,42,HotpotQA,16,16,400,multi-hop,78.7737,0.0,0.0,0,1,1,86,342,342,61322821632,61322821632,7.697,0.018
google/gemma-3-1b-it,NVIDIA GeForce RTX 5060 Ti,42,HotpotQA,16,16,401,structural,74.916,0.0,0.0,0,1,1,105,361,361,68325736448,68325736448,7.697,0.018
google/gemma-3-1b-it,NVIDIA GeForce RTX 5060 Ti,42,HotpotQA,16,16,402,semantic,0.0,60.006,0.0,1,0,1,78,334,334,58487472128,58487472128,7.697,0.018
google/gemma-3-1b-it,NVIDIA GeForce RTX 5060 Ti,42,HotpotQA,16,16,403,multi-hop,57.4348,35.7294,0.0,0,0,1,102,358,358,67194847232,67194847232,7.697,0.018
google/gemma-3-1b-it,NVIDIA GeForce RTX 5060 Ti,42,HotpotQA,16,16,404,semantic,0.0,0.0,0.0,1,1,1,119,375,375,73728000000,73728000000,7.697,0.018
google/gemma-3-1b-it,NVIDIA GeForce RTX 5060 Ti,42,HotpotQA,16,16,405,structural,56.3739,37.4857,63.8076,0,0,0,47,303,303,48134356992,48134356992,7.697,0.018
google/gemma-3-1b-it,NVIDIA GeForce RTX 5060 Ti,42,HotpotQA,16,16,406,semantic,55.622,0.0,0.0,0,1,1,120,376,376,74121740288,74121740288,7.697,0.018
google/gemma-3-1b-it,NVIDIA GeForce RTX 5060 Ti,42,HotpotQA,16,16,407,multi-hop,65.7769,0.0,0.0,0,1,1,127,383,383,76907282432,76907282432,7.697,0.018
google/gemma-3-1b-it,NVIDIA GeForce RTX 5060 Ti,42,HotpotQA,16,16,408,multi-hop,38.0201,0.0,0.0,0,1,1,127,383,383,76907282432,76907282432,7.697,0.018
google/gemma-3-1b-it,NVIDIA GeForce RTX 5060 Ti,42,HotpotQA,16,16,409,semantic,47.9977,0.0,0.0,0,1,1,117,373,373,72943665152,72943665152,7.697,0.018
google/gemma-3-1b-it,NVIDIA GeForce RTX 5060 Ti,42,HotpotQA,16,16,410,multi-hop,64.5214,0.0,0.0,0,1,1,112,368,368,71001178112,71001178112,7.697,0.018
google/gemma-3-1b-it,NVIDIA GeForce RTX 5060 Ti,42,HotpotQA,16,16,411,structural,78.4488,0.0,0.0,0,1,1,87,343,343,61681958912,61681958912,7.697,0.018
google/gemma-3-1b-it,NVIDIA GeForce RTX 5060 Ti,42,HotpotQA,16,16,412,multi-hop,47.0064,0.0,0.0,0,1,1,106,362,362,68704796672,68704796672,7.697,0.018
google/gemma-3-1b-it,NVIDIA GeForce RTX 5060 Ti,42,HotpotQA,16,16,413,multi-hop,44.3413,72.1711,0.0,0,0,1,159,415,415,90295500800,90295500800,7.697,0.018
google/gemma-3-1b-it,NVIDIA GeForce RTX 5060 Ti,42,HotpotQA,16,16,414,multi-hop,0.0,0.0,0.0,1,1,1,134,390,390,79744204800,79744204800,7.697,0.018
google/gemma-3-1b-it,NVIDIA GeForce RTX 5060 Ti,42,HotpotQA,16,16,415,semantic,55.179,0.0,0.0,0,1,1,114,370,370,71775027200,71775027200,7.697,0.018
google/gemma-3-1b-it,NVIDIA GeForce RTX 5060 Ti,42,HotpotQA,16,16,416,semantic,38.8341,0.0,64.6967,0,1,0,49,305,305,48771891200,48771891200,7.697,0.018
google/gemma-3-1b-it,NVIDIA GeForce RTX 5060 Ti,42,HotpotQA,16,16,417,semantic,53.8362,0.0,0.0,0,1,1,122,378,378,74912366592,74912366592,7.697,0.018
google/gemma-3-1b-it,NVIDIA GeForce RTX 5060 Ti,42,HotpotQA,16,16,418,multi-hop,51.3733,0.0,0.0,0,1,1,24,280,280,41104179200,41104179200,7.697,0.018
google/gemma-3-1b-it,NVIDIA GeForce RTX 5060 Ti,42,HotpotQA,16,16,419,multi-hop,55.8342,0.0,0.0,0,1,1,26,282,282,41693478912,41693478912,7.697,0.018
google/gemma-3-1b-it,NVIDIA GeForce RTX 5060 Ti,42,HotpotQA,16,16,420,structural,54.3533,33.2327,0.0,0,0,1,118,374,374,73335308288,73335308288,7.697,0.018
google/gemma-3-1b-it,NVIDIA GeForce RTX 5060 Ti,42,HotpotQA,16,16,421,multi-hop,36.0415,60.5167,36.6177,0,0,0,37,293,293,45009600512,45009600512,7.697,0.018
google/gemma-3-1b-it,NVIDIA GeForce RTX 5060 Ti,42,HotpotQA,16,16,422,multi-hop,34.68,0.0,0.0,0,1,1,20,276,276,39938162688,39938162688,7.697,0.018
google/gemma-3-1b-it,NVIDIA GeForce RTX 5060 Ti,42,HotpotQA,16,16,423,semantic,33.2421,0.0,0.0,0,1,1,96,352,352,64961380352,64961380352,7.697,0.018
google/gemma-3-1b-it,NVIDIA GeForce RTX 5060 Ti,42,HotpotQA,16,16,424,structural,40.9769,0.0,0.0,0,1,1,51,307,307,49413619712,49413619712,7.697,0.018
google/gemma-3-1b-it,NVIDIA GeForce RTX 5060 Ti,42,HotpotQA,16,16,425,semantic,54.4485,0.0,0.0,0,1,1,123,379,379,75309252608,75309252608,7.697,0.018
google/gemma-3-1b-it,NVIDIA GeForce RTX 5060 Ti,42,HotpotQA,16,16,426,multi-hop,96.9005,41.742,32.7116,0,0,0,5,261,261,35715022848,35715022848,7.697,0.018
google/gemma-3-1b-it,NVIDIA GeForce RTX 5060 Ti,42,HotpotQA,16,16,427,semantic,37.9301,0.0,0.0,0,1,1,93,349,349,63858802688,63858802688,7.697,0.018
google/gemma-3-1b-it,NVIDIA GeForce RTX 5060 Ti,42,HotpotQA,16,16,428,semantic,59.7431,0.0,0.0,0,1,1,225,481,481,121299795968,121299795968,7.697,0.018
google/gemma-3-1b-it,NVIDIA GeForce RTX 5060 Ti,42,HotpotQA,16,16,429,multi-hop,66.6605,67.2071,0.0,0,0,1,123,379,379,75309252608,75309252608,7.697,0.018
google/gemma-3-1b-it,NVIDIA GeForce RTX 5060 Ti,42,HotpotQA,16,16,430,semantic,39.1297,0.0,0.0,0,1,1,63,319,319,53352071168,53352071168,7.697,0.018
google/gemma-3-1b-it,NVIDIA GeForce RTX 5060 Ti,42,HotpotQA,16,16,431,multi-hop,55.8319,59.3781,50.7459,0,0,0,105,361,361,68325736448,68325736448,7.697,0.018
google/gemma-3-1b-it,NVIDIA GeForce RTX 5060 Ti,42,HotpotQA,16,16,432,structural,72.3637,41.797,43.2417,0,0,0,60,316,316,52353302528,52353302528,7.697,0.018
google/gemma-3-1b-it,NVIDIA GeForce RTX 5060 Ti,42,HotpotQA,16,16,433,structural,49.1742,61.1352,86.9923,0,0,0,2,103,229,5562171392,27494187008,7.697,0.018
google/gemma-3-1b-it,NVIDIA GeForce RTX 5060 Ti,42,HotpotQA,16,16,434,multi-hop,58.0219,93.7001,0.0,0,0,1,9,265,265,36818124800,36818124800,7.697,0.018
google/gemma-3-1b-it,NVIDIA GeForce RTX 5060 Ti,42,HotpotQA,16,16,435,structural,52.0934,0.0,0.0,0,1,1,26,282,282,41693478912,41693478912,7.697,0.018
google/gemma-3-1b-it,NVIDIA GeForce RTX 5060 Ti,42,HotpotQA,16,16,436,multi-hop,76.7273,0.0,70.3458,0,1,0,99,355,355,66073395200,66073395200,7.697,0.018
google/gemma-3-1b-it,NVIDIA GeForce RTX 5060 Ti,42,HotpotQA,16,16,437,multi-hop,53.1957,0.0,0.0,0,1,1,109,365,365,69848268800,69848268800,7.697,0.018
google/gemma-3-1b-it,NVIDIA GeForce RTX 5060 Ti,42,HotpotQA,16,16,438,multi-hop,59.8631,0.0,0.0,0,1,1,125,381,381,76106170368,76106170368,7.697,0.018
google/gemma-3-1b-it,NVIDIA GeForce RTX 5060 Ti,42,HotpotQA,16,16,439,semantic,42.8997,0.0,0.0,0,1,1,39,295,295,45626163200,45626163200,7.697,0.018
google/gemma-3-1b-it,NVIDIA GeForce RTX 5060 Ti,42,HotpotQA,16,16,440,multi-hop,35.5547,0.0,0.0,0,1,1,97,353,353,65331003392,65331003392,7.697,0.018
google/gemma-3-1b-it,NVIDIA GeForce RTX 5060 Ti,42,HotpotQA,16,16,441,multi-hop,36.4498,0.0,0.0,0,1,1,87,343,343,61681958912,61681958912,7.697,0.018
google/gemma-3-1b-it,NVIDIA GeForce RTX 5060 Ti,42,HotpotQA,16,16,442,semantic,39.0497,0.0,0.0,0,1,1,82,338,338,59896758272,59896758272,7.697,0.018
google/gemma-3-1b-it,NVIDIA GeForce RTX 5060 Ti,42,HotpotQA,16,16,443,structural,55.8564,69.0341,0.0,0,0,1,142,398,398,83049316352,83049316352,7.697,0.018
google/gemma-3-1b-it,NVIDIA GeForce RTX 5060 Ti,42,HotpotQA,16,16,444,multi-hop,35.8404,0.0,0.0,0,1,1,120,376,376,74121740288,74121740288,7.697,0.018
google/gemma-3-1b-it,NVIDIA GeForce RTX 5060 Ti,42,HotpotQA,16,16,445,structural,49.9218,58.6635,58.1527,0,0,0,20,276,276,39938162688,39938162688,7.697,0.018
google/gemma-3-1b-it,NVIDIA GeForce RTX 5060 Ti,42,HotpotQA,16,16,446,structural,46.8344,44.5,43.9437,0,0,0,63,319,319,53352071168,53352071168,7.697,0.018
google/gemma-3-1b-it,NVIDIA GeForce RTX 5060 Ti,42,HotpotQA,16,16,447,multi-hop,71.5945,0.0,0.0,0,1,1,8,264,264,36540776448,36540776448,7.697,0.018
google/gemma-3-1b-it,NVIDIA GeForce RTX 5060 Ti,42,HotpotQA,16,16,448,multi-hop,54.2814,58.4421,40.9651,0,0,0,153,409,409,87703420928,87703420928,7.697,0.018
google/gemma-3-1b-it,NVIDIA GeForce RTX 5060 Ti,42,HotpotQA,16,16,449,semantic,67.7279,0.0,0.0,0,1,1,115,371,371,72163524608,72163524608,7.697,0.018
google/gemma-3-1b-it,NVIDIA GeForce RTX 5060 Ti,42,HotpotQA,16,16,450,structural,48.8928,0.0,0.0,0,1,1,106,362,362,68704796672,68704796672,7.697,0.018
google/gemma-3-1b-it,NVIDIA GeForce RTX 5060 Ti,42,HotpotQA,16,16,451,semantic,60.1092,0.0,0.0,0,1,1,72,328,328,56405000192,56405000192,7.697,0.018
google/gemma-3-1b-it,NVIDIA GeForce RTX 5060 Ti,42,HotpotQA,16,16,452,structural,88.2088,0.0,0.0,0,1,1,25,281,281,41398304768,41398304768,7.697,0.018
google/gemma-3-1b-it,NVIDIA GeForce RTX 5060 Ti,42,HotpotQA,16,16,453,multi-hop,52.8679,0.0,0.0,0,1,1,60,316,316,52353302528,52353302528,7.697,0.018
google/gemma-3-1b-it,NVIDIA GeForce RTX 5060 Ti,42,HotpotQA,16,16,454,multi-hop,38.6959,36.5437,41.3226,0,0,0,119,375,375,73728000000,73728000000,7.697,0.018
google/gemma-3-1b-it,NVIDIA GeForce RTX 5060 Ti,42,HotpotQA,16,16,455,semantic,53.9475,0.0,0.0,0,1,1,159,415,415,90295500800,90295500800,7.697,0.018
google/gemma-3-1b-it,NVIDIA GeForce RTX 5060 Ti,42,HotpotQA,16,16,456,semantic,50.5403,0.0,0.0,0,1,1,5,261,261,35715022848,35715022848,7.697,0.018
google/gemma-3-1b-it,NVIDIA GeForce RTX 5060 Ti,42,HotpotQA,16,16,457,multi-hop,46.566,0.0,0.0,0,1,1,47,303,303,48134356992,48134356992,7.697,0.018
google/gemma-3-1b-it,NVIDIA GeForce RTX 5060 Ti,42,HotpotQA,16,16,458,multi-hop,56.1742,0.0,0.0,0,1,1,93,349,349,63858802688,63858802688,7.697,0.018
google/gemma-3-1b-it,NVIDIA GeForce RTX 5060 Ti,42,HotpotQA,16,16,459,multi-hop,33.8149,0.0,0.0,0,1,1,2,103,219,5562171392,25145376768,7.697,0.018
google/gemma-3-1b-it,NVIDIA GeForce RTX 5060 Ti,42,HotpotQA,16,16,460,structural,37.8715,75.8859,38.134,0,0,0,101,357,357,66819981312,66819981312,7.697,0.018
google/gemma-3-1b-it,NVIDIA GeForce RTX 5060 Ti,42,HotpotQA,16,16,461,semantic,45.8017,0.0,0.0,0,1,1,106,362,362,68704796672,68704796672,7.697,0.018
google/gemma-3-1b-it,NVIDIA GeForce RTX 5060 Ti,42,HotpotQA,16,16,462,structural,85.5555,0.0,0.0,0,1,1,97,353,353,65331003392,65331003392,7.697,0.018
google/gemma-3-1b-it,NVIDIA GeForce RTX 5060 Ti,42,HotpotQA,16,16,463,semantic,43.697,0.0,0.0,0,1,1,78,334,334,58487472128,58487472128,7.697,0.018
google/gemma-3-1b-it,NVIDIA GeForce RTX 5060 Ti,42,HotpotQA,16,16,464,multi-hop,104.8543,31.1885,54.8035,0,0,0,204,460,460,110939340800,110939340800,7.697,0.018
google/gemma-3-1b-it,NVIDIA GeForce RTX 5060 Ti,42,HotpotQA,16,16,465,semantic,42.0398,0.0,0.0,0,1,1,93,349,349,63858802688,63858802688,7.697,0.018
google/gemma-3-1b-it,NVIDIA GeForce RTX 5060 Ti,42,HotpotQA,16,16,466,semantic,38.4851,0.0,0.0,0,1,1,102,358,358,67194847232,67194847232,7.697,0.018
google/gemma-3-1b-it,NVIDIA GeForce RTX 5060 Ti,42,HotpotQA,16,16,467,structural,0.0,0.0,0.0,1,1,1,93,349,349,63858802688,63858802688,7.697,0.018
google/gemma-3-1b-it,NVIDIA GeForce RTX 5060 Ti,42,HotpotQA,16,16,468,structural,74.2598,52.4433,0.0,0,0,1,102,358,358,67194847232,67194847232,7.697,0.018
google/gemma-3-1b-it,NVIDIA GeForce RTX 5060 Ti,42,HotpotQA,16,16,469,multi-hop,41.7407,50.9595,68.4669,0,0,0,81,337,337,59542863872,59542863872,7.697,0.018
google/gemma-3-1b-it,NVIDIA GeForce RTX 5060 Ti,42,HotpotQA,16,16,470,multi-hop,36.713,0.0,0.0,0,1,1,106,362,362,68704796672,68704796672,7.697,0.018
google/gemma-3-1b-it,NVIDIA GeForce RTX 5060 Ti,42,HotpotQA,16,16,471,structural,0.0,72.4387,0.0,1,0,1,87,343,343,61681958912,61681958912,7.697,0.018
google/gemma-3-1b-it,NVIDIA GeForce RTX 5060 Ti,42,HotpotQA,16,16,472,multi-hop,61.7484,0.0,0.0,0,1,1,88,344,344,62042144768,62042144768,7.697,0.018
google/gemma-3-1b-it,NVIDIA GeForce RTX 5060 Ti,42,HotpotQA,16,16,473,semantic,0.0,0.0,0.0,1,1,1,94,350,350,64225280000,64225280000,7.697,0.018
google/gemma-3-1b-it,NVIDIA GeForce RTX 5060 Ti,42,HotpotQA,16,16,474,multi-hop,53.7837,0.0,0.0,0,1,1,115,371,371,72163524608,72163524608,7.697,0.018
google/gemma-3-1b-it,NVIDIA GeForce RTX 5060 Ti,42,HotpotQA,16,16,475,multi-hop,50.7255,0.0,0.0,0,1,1,112,368,368,71001178112,71001178112,7.697,0.018
google/gemma-3-1b-it,NVIDIA GeForce RTX 5060 Ti,42,HotpotQA,16,16,476,multi-hop,36.2032,72.0948,0.0,0,0,1,77,333,333,58137772032,58137772032,7.697,0.018
google/gemma-3-1b-it,NVIDIA GeForce RTX 5060 Ti,42,HotpotQA,16,16,477,multi-hop,75.7969,43.1186,49.173,0,0,0,99,355,355,66073395200,66073395200,7.697,0.018
google/gemma-3-1b-it,NVIDIA GeForce RTX 5060 Ti,42,HotpotQA,16,16,478,structural,74.9518,0.0,0.0,0,1,1,40,296,296,45936017408,45936017408,7.697,0.018
google/gemma-3-1b-it,NVIDIA GeForce RTX 5060 Ti,42,HotpotQA,16,16,479,structural,76.8735,0.0,0.0,0,1,1,131,387,387,78522089472,78522089472,7.697,0.018
google/gemma-3-1b-it,NVIDIA GeForce RTX 5060 Ti,42,HotpotQA,16,16,480,semantic,0.0,0.0,49.3541,1,1,0,49,305,305,48771891200,48771891200,7.697,0.018
google/gemma-3-1b-it,NVIDIA GeForce RTX 5060 Ti,42,HotpotQA,16,16,481,multi-hop,33.1653,69.5421,47.9184,0,0,0,5,261,261,35715022848,35715022848,7.697,0.018
google/gemma-3-1b-it,NVIDIA GeForce RTX 5060 Ti,42,HotpotQA,16,16,482,structural,30.6604,66.8528,0.0,0,0,1,94,350,350,64225280000,64225280000,7.697,0.018
google/gemma-3-1b-it,NVIDIA GeForce RTX 5060 Ti,42,HotpotQA,16,16,483,structural,35.6695,91.1205,71.3576,0,0,0,109,365,365,69848268800,69848268800,7.697,0.018
google/gemma-3-1b-it,NVIDIA GeForce RTX 5060 Ti,42,HotpotQA,16,16,484,multi-hop,43.9504,0.0,55.5915,0,1,0,26,282,282,41693478912,41693478912,7.697,0.018
google/gemma-3-1b-it,NVIDIA GeForce RTX 5060 Ti,42,HotpotQA,16,16,485,multi-hop,43.4487,69.2405,83.9313,0,0,0,125,381,381,76106170368,76106170368,7.697,0.018
google/gemma-3-1b-it,NVIDIA GeForce RTX 5060 Ti,42,HotpotQA,16,16,486,multi-hop,76.425,0.0,0.0,0,1,1,122,378,378,74912366592,74912366592,7.697,0.018
google/gemma-3-1b-it,NVIDIA GeForce RTX 5060 Ti,42,HotpotQA,16,16,487,semantic,37.6726,0.0,0.0,0,1,1,5,261,261,35715022848,35715022848,7.697,0.018
google/gemma-3-1b-it,NVIDIA GeForce RTX 5060 Ti,42,HotpotQA,16,16,488,multi-hop,99.5628,0.0,0.0,0,1,1,105,361,361,68325736448,68325736448,7.697,0.018
google/gemma-3-1b-it,NVIDIA GeForce RTX 5060 Ti,42,HotpotQA,16,16,489,multi-hop,35.9279,0.0,0.0,0,1,1,105,361,361,68325736448,68325736448,7.697,0.018
google/gemma-3-1b-it,NVIDIA GeForce RTX 5060 Ti,42,HotpotQA,16,16,490,structural,71.0032,66.41,28.3774,0,0,0,36,292,292,44702892032,44702892032,7.697,0.018
google/gemma-3-1b-it,NVIDIA GeForce RTX 5060 Ti,42,HotpotQA,16,16,491,structural,40.7281,51.6846,47.998,0,0,0,102,358,358,67194847232,67194847232,7.697,0.018
google/gemma-3-1b-it,NVIDIA GeForce RTX 5060 Ti,42,HotpotQA,16,16,492,structural,97.5995,38.0588,78.6854,0,0,0,64,320,320,53687091200,53687091200,7.697,0.018
google/gemma-3-1b-it,NVIDIA GeForce RTX 5060 Ti,42,HotpotQA,16,16,493,multi-hop,49.4066,0.0,0.0,0,1,1,70,326,326,55719231488,55719231488,7.697,0.018
google/gemma-3-1b-it,NVIDIA GeForce RTX 5060 Ti,42,HotpotQA,16,16,494,multi-hop,54.6538,0.0,0.0,0,1,1,24,280,280,41104179200,41104179200,7.697,0.018
google/gemma-3-1b-it,NVIDIA GeForce RTX 5060 Ti,42,HotpotQA,16,16,495,structural,60.5226,89.6779,38.3429,0,0,0,2,58,258,1763704832,34898706432,7.697,0.018
google/gemma-3-1b-it,NVIDIA GeForce RTX 5060 Ti,42,HotpotQA,16,16,496,structural,67.8203,77.0812,37.322,0,0,0,90,346,346,62765662208,62765662208,7.697,0.018
google/gemma-3-1b-it,NVIDIA GeForce RTX 5060 Ti,42,HotpotQA,16,16,497,semantic,66.7646,0.0,0.0,0,1,1,49,305,305,48771891200,48771891200,7.697,0.018
google/gemma-3-1b-it,NVIDIA GeForce RTX 5060 Ti,42,HotpotQA,16,16,498,multi-hop,61.2024,0.0,72.4877,0,1,0,108,364,364,69466062848,69466062848,7.697,0.018
google/gemma-3-1b-it,NVIDIA GeForce RTX 5060 Ti,42,HotpotQA,16,16,499,semantic,64.152,0.0,0.0,0,1,1,124,380,380,75707187200,75707187200,7.697,0.018
google/gemma-3-1b-it,NVIDIA GeForce RTX 5060 Ti,42,HotpotQA,16,16,500,structural,104.043,68.8921,34.2937,0,0,0,34,290,290,44092620800,44092620800,7.697,0.018
google/gemma-3-1b-it,NVIDIA GeForce RTX 5060 Ti,42,HotpotQA,16,16,501,multi-hop,37.9317,0.0,0.0,0,1,1,3,259,259,35169763328,35169763328,7.697,0.018
google/gemma-3-1b-it,NVIDIA GeForce RTX 5060 Ti,42,HotpotQA,16,16,502,multi-hop,59.6189,42.2448,47.6279,0,0,0,36,292,292,44702892032,44702892032,7.697,0.018
google/gemma-3-1b-it,NVIDIA GeForce RTX 5060 Ti,42,HotpotQA,16,16,503,structural,41.8845,46.9147,0.0,0,0,1,93,349,349,63858802688,63858802688,7.697,0.018
google/gemma-3-1b-it,NVIDIA GeForce RTX 5060 Ti,42,HotpotQA,16,16,504,structural,72.0283,0.0,0.0,0,1,1,96,352,352,64961380352,64961380352,7.697,0.018
google/gemma-3-1b-it,NVIDIA GeForce RTX 5060 Ti,42,HotpotQA,16,16,505,multi-hop,71.0957,67.7584,49.304,0,0,0,63,319,319,53352071168,53352071168,7.697,0.018
google/gemma-3-1b-it,NVIDIA GeForce RTX 5060 Ti,42,HotpotQA,16,16,506,multi-hop,32.4089,0.0,0.0,0,1,1,186,442,442,102427000832,102427000832,7.697,0.018
google/gemma-3-1b-it,NVIDIA GeForce RTX 5060 Ti,42,HotpotQA,16,16,507,multi-hop,60.7103,42.0338,0.0,0,0,1,142,398,398,83049316352,83049316352,7.697,0.018
google/gemma-3-1b-it,NVIDIA GeForce RTX 5060 Ti,42,HotpotQA,16,16,508,structural,31.2817,0.0,0.0,0,1,1,52,308,308,49736056832,49736056832,7.697,0.018
google/gemma-3-1b-it,NVIDIA GeForce RTX 5060 Ti,42,HotpotQA,16,16,509,structural,83.9853,0.0,0.0,0,1,1,129,385,385,77712588800,77712588800,7.697,0.018
google/gemma-3-1b-it,NVIDIA GeForce RTX 5060 Ti,42,HotpotQA,16,16,510,semantic,48.9812,0.0,0.0,0,1,1,78,334,334,58487472128,58487472128,7.697,0.018
google/gemma-3-1b-it,NVIDIA GeForce RTX 5060 Ti,42,HotpotQA,16,16,511,structural,48.0361,0.0,0.0,0,1,1,127,383,383,76907282432,76907282432,7.697,0.018
google/gemma-3-1b-it,NVIDIA GeForce RTX 5060 Ti,42,HotpotQA,16,16,512,multi-hop,58.9525,38.504,0.0,0,0,1,5,261,261,35715022848,35715022848,7.697,0.018
google/gemma-3-1b-it,NVIDIA GeForce RTX 5060 Ti,42,HotpotQA,16,16,513,multi-hop,40.1967,0.0,0.0,0,1,1,17,273,273,39074660352,39074660352,7.697,0.018
google/gemma-3-1b-it,NVIDIA GeForce RTX 5060 Ti,42,HotpotQA,16,16,514,multi-hop,57.1497,0.0,41.0757,0,1,0,80,336,336,59190018048,59190018048,7.697,0.018
google/gemma-3-1b-it,NVIDIA GeForce RTX 5060 Ti,42,HotpotQA,16,16,515,structural,75.5439,54.8526,89.9686,0,0,0,21,277,277,40228093952,40228093952,7.697,0.018
google/gemma-3-1b-it,NVIDIA GeForce RTX 5060 Ti,42,HotpotQA,16,16,516,multi-hop,43.2819,0.0,0.0,0,1,1,125,381,381,76106170368,76106170368,7.697,0.018
google/gemma-3-1b-it,NVIDIA GeForce RTX 5060 Ti,42,HotpotQA,16,16,517,multi-hop,39.9905,0.0,0.0,0,1,1,119,375,375,73728000000,73728000000,7.697,0.018
google/gemma-3-1b-it,NVIDIA GeForce RTX 5060 Ti,42,HotpotQA,16,16,518,multi-hop,37.5934,0.0,0.0,0,1,1,99,355,355,66073395200,66073395200,7.697,0.018
google/gemma-3-1b-it,NVIDIA GeForce RTX 5060 Ti,42,HotpotQA,16,16,519,structural,87.5114,0.0,0.0,0,1,1,24,280,280,41104179200,41104179200,7.697,0.018
google/gemma-3-1b-it,NVIDIA GeForce RTX 5060 Ti,42,HotpotQA,16,16,520,semantic,54.9271,0.0,0.0,0,1,1,111,367,367,70615826432,70615826432,7.697,0.018
google/gemma-3-1b-it,NVIDIA GeForce RTX 5060 Ti,42,HotpotQA,16,16,521,structural,72.2752,111.2486,0.0,0,0,1,128,384,384,77309411328,77309411328,7.697,0.018
google/gemma-3-1b-it,NVIDIA GeForce RTX 5060 Ti,42,HotpotQA,16,16,522,multi-hop,38.459,0.0,0.0,0,1,1,87,343,343,61681958912,61681958912,7.697,0.018
google/gemma-3-1b-it,NVIDIA GeForce RTX 5060 Ti,42,HotpotQA,16,16,523,semantic,0.0,0.0,0.0,1,1,1,49,305,305,48771891200,48771891200,7.697,0.018
google/gemma-3-1b-it,NVIDIA GeForce RTX 5060 Ti,42,HotpotQA,16,16,524,multi-hop,125.0163,67.142,0.0,0,0,1,115,371,371,72163524608,72163524608,7.697,0.018
google/gemma-3-1b-it,NVIDIA GeForce RTX 5060 Ti,42,HotpotQA,16,16,525,semantic,85.629,0.0,0.0,0,1,1,87,343,343,61681958912,61681958912,7.697,0.018
google/gemma-3-1b-it,NVIDIA GeForce RTX 5060 Ti,42,HotpotQA,16,16,526,multi-hop,0.0,0.0,0.0,1,1,1,70,326,326,55719231488,55719231488,7.697,0.018
google/gemma-3-1b-it,NVIDIA GeForce RTX 5060 Ti,42,HotpotQA,16,16,527,semantic,69.3189,0.0,86.3758,0,1,0,29,285,285,42585292800,42585292800,7.697,0.018
google/gemma-3-1b-it,NVIDIA GeForce RTX 5060 Ti,42,HotpotQA,16,16,528,semantic,83.9128,0.0,0.0,0,1,1,116,372,372,72553070592,72553070592,7.697,0.018
google/gemma-3-1b-it,NVIDIA GeForce RTX 5060 Ti,42,HotpotQA,16,16,529,structural,80.8014,45.521,0.0,0,0,1,47,303,303,48134356992,48134356992,7.697,0.018
google/gemma-3-1b-it,NVIDIA GeForce RTX 5060 Ti,42,HotpotQA,16,16,530,semantic,69.6484,0.0,71.645,0,1,0,96,352,352,64961380352,64961380352,7.697,0.018
google/gemma-3-1b-it,NVIDIA GeForce RTX 5060 Ti,42,HotpotQA,16,16,531,structural,77.3411,0.0,0.0,0,1,1,99,355,355,66073395200,66073395200,7.697,0.018
google/gemma-3-1b-it,NVIDIA GeForce RTX 5060 Ti,42,HotpotQA,16,16,532,multi-hop,35.6652,0.0,0.0,0,1,1,106,362,362,68704796672,68704796672,7.697,0.018
google/gemma-3-1b-it,NVIDIA GeForce RTX 5060 Ti,42,HotpotQA,16,16,533,semantic,58.023,0.0,0.0,0,1,1,122,378,378,74912366592,74912366592,7.697,0.018
google/gemma-3-1b-it,NVIDIA GeForce RTX 5060 Ti,42,HotpotQA,16,16,534,multi-hop,0.0,0.0,0.0,1,1,1,148,404,404,85572190208,85572190208,7.697,0.018
google/gemma-3-1b-it,NVIDIA GeForce RTX 5060 Ti,42,HotpotQA,16,16,535,multi-hop,43.8449,0.0,0.0,0,1,1,96,352,352,64961380352,64961380352,7.697,0.018
google/gemma-3-1b-it,NVIDIA GeForce RTX 5060 Ti,42,HotpotQA,16,16,536,multi-hop,80.3573,0.0,0.0,0,1,1,71,327,327,56061591552,56061591552,7.697,0.018
google/gemma-3-1b-it,NVIDIA GeForce RTX 5060 Ti,42,HotpotQA,16,16,537,structural,87.7417,0.0,0.0,0,1,1,8,264,264,36540776448,36540776448,7.697,0.018
google/gemma-3-1b-it,NVIDIA GeForce RTX 5060 Ti,42,HotpotQA,16,16,538,multi-hop,79.7312,0.0,71.5341,0,1,0,102,358,358,67194847232,67194847232,7.697,0.018
google/gemma-3-1b-it,NVIDIA GeForce RTX 5060 Ti,42,HotpotQA,16,16,539,multi-hop,0.0,0.0,64.2137,1,1,0,49,305,305,48771891200,48771891200,7.697,0.018
google/gemma-3-1b-it,NVIDIA GeForce RTX 5060 Ti,42,HotpotQA,16,16,540,multi-hop,87.351,0.0,0.0,0,1,1,94,350,350,64225280000,64225280000,7.697,0.018
google/gemma-3-1b-it,NVIDIA GeForce RTX 5060 Ti,42,HotpotQA,16,16,541,multi-hop,56.3508,0.0,0.0,0,1,1,127,383,383,76907282432,76907282432,7.697,0.018
google/gemma-3-1b-it,NVIDIA GeForce RTX 5060 Ti,42,HotpotQA,16,16,542,structural,102.1253,40.5309,0.0,0,0,1,148,404,404,85572190208,85572190208,7.697,0.018
google/gemma-3-1b-it,NVIDIA GeForce RTX 5060 Ti,42,HotpotQA,16,16,543,semantic,51.3532,0.0,0.0,0,1,1,114,370,370,71775027200,71775027200,7.697,0.018
google/gemma-3-1b-it,NVIDIA GeForce RTX 5060 Ti,42,HotpotQA,16,16,544,structural,42.9593,0.0,0.0,0,1,1,107,363,363,69084905472,69084905472,7.697,0.018
google/gemma-3-1b-it,NVIDIA GeForce RTX 5060 Ti,42,HotpotQA,16,16,545,multi-hop,57.6845,0.0,0.0,0,1,1,126,382,382,76506202112,76506202112,7.697,0.018
google/gemma-3-1b-it,NVIDIA GeForce RTX 5060 Ti,42,HotpotQA,16,16,546,structural,44.6788,65.6934,28.5745,0,0,0,124,380,380,75707187200,75707187200,7.697,0.018
google/gemma-3-1b-it,NVIDIA GeForce RTX 5060 Ti,42,HotpotQA,16,16,547,multi-hop,43.1173,0.0,0.0,0,1,1,3,259,202,35169763328,21393047552,7.697,0.018
google/gemma-3-1b-it,NVIDIA GeForce RTX 5060 Ti,42,HotpotQA,16,16,548,multi-hop,102.1921,0.0,0.0,0,1,1,73,329,329,56749457408,56749457408,7.697,0.018
google/gemma-3-1b-it,NVIDIA GeForce RTX 5060 Ti,42,HotpotQA,16,16,549,multi-hop,74.6753,0.0,68.9376,0,1,0,37,293,293,45009600512,45009600512,7.697,0.018
google/gemma-3-1b-it,NVIDIA GeForce RTX 5060 Ti,42,HotpotQA,16,16,550,multi-hop,83.2988,96.601,0.0,0,0,1,70,326,326,55719231488,55719231488,7.697,0.018
google/gemma-3-1b-it,NVIDIA GeForce RTX 5060 Ti,42,HotpotQA,16,16,551,semantic,77.7161,0.0,0.0,0,1,1,94,350,350,64225280000,64225280000,7.697,0.018
google/gemma-3-1b-it,NVIDIA GeForce RTX 5060 Ti,42,HotpotQA,16,16,552,structural,63.8974,60.7329,52.0531,0,0,0,76,332,332,57789120512,57789120512,7.697,0.018
google/gemma-3-1b-it,NVIDIA GeForce RTX 5060 Ti,42,HotpotQA,16,16,553,semantic,38.3634,0.0,0.0,0,1,1,57,313,313,51363971072,51363971072,7.697,0.018
google/gemma-3-1b-it,NVIDIA GeForce RTX 5060 Ti,42,HotpotQA,16,16,554,multi-hop,57.1797,0.0,0.0,0,1,1,47,303,303,48134356992,48134356992,7.697,0.018
google/gemma-3-1b-it,NVIDIA GeForce RTX 5060 Ti,42,HotpotQA,16,16,555,semantic,83.3778,0.0,0.0,0,1,1,112,368,368,71001178112,71001178112,7.697,0.018
google/gemma-3-1b-it,NVIDIA GeForce RTX 5060 Ti,42,HotpotQA,16,16,556,multi-hop,93.8517,0.0,0.0,0,1,1,73,329,329,56749457408,56749457408,7.697,0.018
google/gemma-3-1b-it,NVIDIA GeForce RTX 5060 Ti,42,HotpotQA,16,16,557,multi-hop,59.7208,54.7948,0.0,0,0,1,40,296,296,45936017408,45936017408,7.697,0.018
google/gemma-3-1b-it,NVIDIA GeForce RTX 5060 Ti,42,HotpotQA,16,16,558,structural,58.5663,97.8891,0.0,0,0,1,126,382,382,76506202112,76506202112,7.697,0.018
google/gemma-3-1b-it,NVIDIA GeForce RTX 5060 Ti,42,HotpotQA,16,16,559,structural,102.6766,65.9119,61.6576,0,0,0,2,139,258,10129768448,34898706432,7.697,0.018
google/gemma-3-1b-it,NVIDIA GeForce RTX 5060 Ti,42,HotpotQA,16,16,560,multi-hop,54.3171,0.0,0.0,0,1,1,36,292,292,44702892032,44702892032,7.697,0.018
google/gemma-3-1b-it,NVIDIA GeForce RTX 5060 Ti,42,HotpotQA,16,16,561,structural,84.9314,76.9465,62.1172,0,0,0,13,269,269,37938003968,37938003968,7.697,0.018
google/gemma-3-1b-it,NVIDIA GeForce RTX 5060 Ti,42,HotpotQA,16,16,562,semantic,105.8574,0.0,0.0,0,1,1,63,319,319,53352071168,53352071168,7.697,0.018
google/gemma-3-1b-it,NVIDIA GeForce RTX 5060 Ti,42,HotpotQA,16,16,563,multi-hop,63.1301,97.1549,0.0,0,0,1,59,315,315,52022476800,52022476800,7.697,0.018
google/gemma-3-1b-it,NVIDIA GeForce RTX 5060 Ti,42,HotpotQA,16,16,564,semantic,78.9354,0.0,108.0942,0,1,0,153,409,409,87703420928,87703420928,7.697,0.018
google/gemma-3-1b-it,NVIDIA GeForce RTX 5060 Ti,42,HotpotQA,16,16,565,semantic,58.1468,0.0,0.0,0,1,1,108,364,364,69466062848,69466062848,7.697,0.018
google/gemma-3-1b-it,NVIDIA GeForce RTX 5060 Ti,42,HotpotQA,16,16,566,structural,42.0063,102.633,38.0531,0,0,0,2,103,229,5562171392,27494187008,7.697,0.018
google/gemma-3-1b-it,NVIDIA GeForce RTX 5060 Ti,42,HotpotQA,16,16,567,semantic,39.4711,0.0,0.0,0,1,1,125,381,381,76106170368,76106170368,7.697,0.018
google/gemma-3-1b-it,NVIDIA GeForce RTX 5060 Ti,42,HotpotQA,16,16,568,multi-hop,67.3491,0.0,0.0,0,1,1,121,377,377,74516529152,74516529152,7.697,0.018
google/gemma-3-1b-it,NVIDIA GeForce RTX 5060 Ti,42,HotpotQA,16,16,569,multi-hop,42.3416,0.0,0.0,0,1,1,81,337,337,59542863872,59542863872,7.697,0.018
google/gemma-3-1b-it,NVIDIA GeForce RTX 5060 Ti,42,HotpotQA,16,16,570,multi-hop,54.2194,0.0,0.0,0,1,1,99,355,355,66073395200,66073395200,7.697,0.018
google/gemma-3-1b-it,NVIDIA GeForce RTX 5060 Ti,42,HotpotQA,16,16,571,multi-hop,98.1758,84.6826,0.0,0,0,1,66,322,322,54360276992,54360276992,7.697,0.018
google/gemma-3-1b-it,NVIDIA GeForce RTX 5060 Ti,42,HotpotQA,16,16,572,multi-hop,58.5797,0.0,0.0,0,1,1,6,262,262,35989225472,35989225472,7.697,0.018
google/gemma-3-1b-it,NVIDIA GeForce RTX 5060 Ti,42,HotpotQA,16,16,573,multi-hop,37.5859,0.0,0.0,0,1,1,117,373,373,72943665152,72943665152,7.697,0.018
google/gemma-3-1b-it,NVIDIA GeForce RTX 5060 Ti,42,HotpotQA,16,16,574,semantic,63.9435,0.0,33.7695,0,1,0,102,358,358,67194847232,67194847232,7.697,0.018
google/gemma-3-1b-it,NVIDIA GeForce RTX 5060 Ti,42,HotpotQA,16,16,575,multi-hop,51.5577,52.1453,49.5523,0,0,0,31,287,287,43185078272,43185078272,7.697,0.018
google/gemma-3-1b-it,NVIDIA GeForce RTX 5060 Ti,42,HotpotQA,16,16,576,structural,77.5545,0.0,0.0,0,1,1,65,321,321,54023159808,54023159808,7.697,0.018
google/gemma-3-1b-it,NVIDIA GeForce RTX 5060 Ti,42,HotpotQA,16,16,577,multi-hop,30.0461,93.5455,0.0,0,0,1,68,324,324,55037657088,55037657088,7.697,0.018
google/gemma-3-1b-it,NVIDIA GeForce RTX 5060 Ti,42,HotpotQA,16,16,578,structural,88.659,100.9306,0.0,0,0,1,5,261,261,35715022848,35715022848,7.697,0.018
google/gemma-3-1b-it,NVIDIA GeForce RTX 5060 Ti,42,HotpotQA,16,16,579,multi-hop,72.1597,45.9731,41.2709,0,0,0,63,319,319,53352071168,53352071168,7.697,0.018
google/gemma-3-1b-it,NVIDIA GeForce RTX 5060 Ti,42,HotpotQA,16,16,580,multi-hop,68.1043,0.0,66.934,0,1,0,183,439,439,101041307648,101041307648,7.697,0.018
google/gemma-3-1b-it,NVIDIA GeForce RTX 5060 Ti,42,HotpotQA,16,16,581,semantic,87.0989,0.0,0.0,0,1,1,82,338,338,59896758272,59896758272,7.697,0.018
google/gemma-3-1b-it,NVIDIA GeForce RTX 5060 Ti,42,HotpotQA,16,16,582,semantic,64.5088,0.0,0.0,0,1,1,98,354,354,65701675008,65701675008,7.697,0.018
google/gemma-3-1b-it,NVIDIA GeForce RTX 5060 Ti,42,HotpotQA,16,16,583,multi-hop,90.631,76.2017,54.7675,0,0,0,106,362,362,68704796672,68704796672,7.697,0.018
google/gemma-3-1b-it,NVIDIA GeForce RTX 5060 Ti,42,HotpotQA,16,16,584,multi-hop,90.2251,74.1403,0.0,0,0,1,70,326,326,55719231488,55719231488,7.697,0.018
google/gemma-3-1b-it,NVIDIA GeForce RTX 5060 Ti,42,HotpotQA,16,16,585,multi-hop,71.0012,0.0,0.0,0,1,1,99,355,355,66073395200,66073395200,7.697,0.018
google/gemma-3-1b-it,NVIDIA GeForce RTX 5060 Ti,42,HotpotQA,16,16,586,semantic,65.5944,0.0,0.0,0,1,1,60,316,316,52353302528,52353302528,7.697,0.018
google/gemma-3-1b-it,NVIDIA GeForce RTX 5060 Ti,42,HotpotQA,16,16,587,semantic,62.0797,102.8765,0.0,0,0,1,123,379,379,75309252608,75309252608,7.697,0.018
google/gemma-3-1b-it,NVIDIA GeForce RTX 5060 Ti,42,HotpotQA,16,16,588,multi-hop,66.8115,98.4457,0.0,0,0,1,116,372,372,72553070592,72553070592,7.697,0.018
google/gemma-3-1b-it,NVIDIA GeForce RTX 5060 Ti,42,HotpotQA,16,16,589,semantic,0.0,0.0,0.0,1,1,1,99,355,355,66073395200,66073395200,7.697,0.018
google/gemma-3-1b-it,NVIDIA GeForce RTX 5060 Ti,42,HotpotQA,16,16,590,structural,84.1053,91.0382,0.0,0,0,1,91,347,347,63128993792,63128993792,7.697,0.018
google/gemma-3-1b-it,NVIDIA GeForce RTX 5060 Ti,42,HotpotQA,16,16,591,semantic,84.0955,0.0,0.0,0,1,1,17,273,273,39074660352,39074660352,7.697,0.018
google/gemma-3-1b-it,NVIDIA GeForce RTX 5060 Ti,42,HotpotQA,16,16,592,structural,85.1135,0.0,56.5401,0,1,0,94,350,350,64225280000,64225280000,7.697,0.018
google/gemma-3-1b-it,NVIDIA GeForce RTX 5060 Ti,42,HotpotQA,16,16,593,semantic,71.5774,0.0,0.0,0,1,1,96,352,352,64961380352,64961380352,7.697,0.018
google/gemma-3-1b-it,NVIDIA GeForce RTX 5060 Ti,42,HotpotQA,16,16,594,structural,36.4085,72.3367,83.6296,0,0,0,102,358,358,67194847232,67194847232,7.697,0.018
google/gemma-3-1b-it,NVIDIA GeForce RTX 5060 Ti,42,HotpotQA,16,16,595,multi-hop,69.9798,70.2592,0.0,0,0,1,83,339,339,60251701248,60251701248,7.697,0.018
google/gemma-3-1b-it,NVIDIA GeForce RTX 5060 Ti,42,HotpotQA,16,16,596,multi-hop,69.4672,48.2046,53.552,0,0,0,148,404,404,85572190208,85572190208,7.697,0.018
google/gemma-3-1b-it,NVIDIA GeForce RTX 5060 Ti,42,HotpotQA,16,16,597,semantic,84.1703,0.0,0.0,0,1,1,76,332,332,57789120512,57789120512,7.697,0.018
google/gemma-3-1b-it,NVIDIA GeForce RTX 5060 Ti,42,HotpotQA,16,16,598,multi-hop,76.0576,43.818,90.8216,0,0,0,65,321,321,54023159808,54023159808,7.697,0.018
google/gemma-3-1b-it,NVIDIA GeForce RTX 5060 Ti,42,HotpotQA,16,16,599,multi-hop,0.0,0.0,0.0,1,1,1,94,350,350,64225280000,64225280000,7.697,0.018
