[32;20m[2026-09-20 14:10:14,055] LMCache INFO:[0m torch_dev=<module 'torch.cuda' from '/usr/local/lib/python3.12/dist-packages/torch/cuda/__init__.py'>, torch_device_type=cuda [3m(_device_detect.py:312:lmcache.v1.platform._device_detect)[0m
[32;20m[2026-09-20 14:10:14,055] LMCache INFO:[0m Auto-selected backend [cuda] for accelerator 'cuda' from candidate backends [cuda, rocm]. [3m(__init__.py:148:lmcache.v1.platform)[0m

 _     __  __    ____           _          
| |   |  \/  |  / ___|__ _  ___| |__   ___      LMCache v0.5.4 (g3e11b8ed)
| |   | |\/| | | |   / _` |/ __| '_ \ / _ \     Website:  https://lmcache.ai/
| |___| |  | | | |__| (_| | (__| | | |  __/     Recipes:  https://docs.lmcache.ai/recipes
|_____|_|  |_|  \____\__,_|\___|_| |_|\___|     LinkedIn: https://www.linkedin.com/company/lmcache-lab
Set LMCACHE_DISABLE_BANNER=1 to hide this banner.

[32;20m[2026-09-20 14:10:15,355] LMCache INFO:[0m multi_layer_block_kv_transfer mode: ptr [3m(base.py:95:lmcache.v1.multiprocess.transfer_context.base)[0m
[32;20m[2026-09-20 14:10:20,638] LMCache INFO:[0m Discovered API module: cache_api [3m(router_discovery.py:53:lmcache.v1.utils.router_discovery)[0m
[32;20m[2026-09-20 14:10:20,640] LMCache INFO:[0m Discovered API module: env_api [3m(router_discovery.py:53:lmcache.v1.utils.router_discovery)[0m
[32;20m[2026-09-20 14:10:20,642] LMCache INFO:[0m Discovered API module: loglevel_api [3m(router_discovery.py:53:lmcache.v1.utils.router_discovery)[0m
[32;20m[2026-09-20 14:10:20,643] LMCache INFO:[0m Discovered API module: metrics_api [3m(router_discovery.py:53:lmcache.v1.utils.router_discovery)[0m
[32;20m[2026-09-20 14:10:20,646] LMCache INFO:[0m Discovered API module: periodic_thread_api [3m(router_discovery.py:53:lmcache.v1.utils.router_discovery)[0m
[32;20m[2026-09-20 14:10:20,647] LMCache INFO:[0m Discovered API module: run_script_api [3m(router_discovery.py:53:lmcache.v1.utils.router_discovery)[0m
[32;20m[2026-09-20 14:10:20,648] LMCache INFO:[0m Discovered API module: thread_api [3m(router_discovery.py:53:lmcache.v1.utils.router_discovery)[0m
[32;20m[2026-09-20 14:10:20,653] LMCache INFO:[0m Discovered API module: common_api [3m(router_discovery.py:53:lmcache.v1.utils.router_discovery)[0m
[32;20m[2026-09-20 14:10:20,654] LMCache INFO:[0m Discovered API module: config_api [3m(router_discovery.py:53:lmcache.v1.utils.router_discovery)[0m
[32;20m[2026-09-20 14:10:20,659] LMCache INFO:[0m Discovered API module: info_api [3m(router_discovery.py:53:lmcache.v1.utils.router_discovery)[0m
[32;20m[2026-09-20 14:10:20,662] LMCache INFO:[0m Discovered API module: quota_api [3m(router_discovery.py:53:lmcache.v1.utils.router_discovery)[0m
[32;20m[2026-09-20 14:10:20,667] LMCache INFO:[0m Discovered API module: reconfigure_api [3m(router_discovery.py:53:lmcache.v1.utils.router_discovery)[0m
[32;20m[2026-09-20 14:10:20,705] LMCache INFO:[0m CudaPinMemoryBackend: using torch cudart [3m(pin_memory.py:89:lmcache.v1.platform.cuda.pin_memory)[0m
[32;20m[2026-09-20 14:10:20,708] LMCache INFO:[0m Starting LMCache HTTP server on http://0.0.0.0:18002 [3m(http_server.py:258:lmcache.v1.multiprocess.http_server)[0m
INFO:     Started server process [5943]
INFO:     Waiting for application startup.
[32;20m[2026-09-20 14:10:20,734] LMCache INFO:[0m Starting LMCache HTTP server... (accelerator available: True) [3m(http_server.py:77:lmcache.v1.multiprocess.http_server)[0m
[32;20m[2026-09-20 14:10:20,760] LMCache INFO:[0m OTel MeterProvider initialised with Prometheus fallback (standalone metrics HTTP server disabled; /metrics must be exposed by the caller), resource={'telemetry.sdk.language': 'python', 'telemetry.sdk.name': 'opentelemetry', 'telemetry.sdk.version': '1.40.0', 'service.instance.id': 'r0_M20_K10_semantic_only_async_L750_b0', 'service.name': 'unknown_service'} [3m(otel_init.py:114:lmcache.v1.mp_observability.otel_init)[0m
[32;20m[2026-09-20 14:10:21,179] LMCache INFO:[0m Starting L1EvictionController... [3m(eviction_controller.py:53:lmcache.v1.distributed.storage_controllers.eviction_controller)[0m
[32;20m[2026-09-20 14:10:21,179] LMCache INFO:[0m Starting L2EvictionController... [3m(eviction_controller.py:250:lmcache.v1.distributed.storage_controllers.eviction_controller)[0m
[32;20m[2026-09-20 14:10:21,180] LMCache INFO:[0m Starting StoreController... [3m(store_controller.py:305:lmcache.v1.distributed.storage_controllers.store_controller)[0m
[32;20m[2026-09-20 14:10:21,180] LMCache INFO:[0m Starting PrefetchController... [3m(prefetch_controller.py:596:lmcache.v1.distributed.storage_controllers.prefetch_controller)[0m
[32;20m[2026-09-20 14:10:21,181] LMCache INFO:[0m Using blake3 hash function [3m(token_hasher.py:79:lmcache.v1.multiprocess.token_hasher)[0m
[32;20m[2026-09-20 14:10:21,182] LMCache INFO:[0m Computed NONE_HASH=b"~>\xff\x9e\xf7a:P4\x0e\xb1&w\xee\x03\xb8:\xc7Y\xfc\xba\x9b\xb3'\x05\xf0rH\xd5mG;" using hash function [3m(token_hasher.py:180:lmcache.v1.multiprocess.token_hasher)[0m
[32;20m[2026-09-20 14:10:21,182] LMCache INFO:[0m TokenHasher initialized: chunk_size=16, hash_algorithm=blake3 [3m(token_hasher.py:67:lmcache.v1.multiprocess.token_hasher)[0m
[32;20m[2026-09-20 14:10:21,183] LMCache INFO:[0m PeriodicThread SessionManager-cleanup-thread-7eefabe0d790 entering main loop (interval=60.0s) [3m(periodic_thread.py:304:lmcache.v1.periodic_thread)[0m
[32;20m[2026-09-20 14:10:21,183] LMCache INFO:[0m Started PeriodicThread: SessionManager-cleanup-thread-7eefabe0d790 (level=medium, interval=60.0s, init_wait=0.0s) [3m(periodic_thread.py:248:lmcache.v1.periodic_thread)[0m
[32;20m[2026-09-20 14:10:21,184] LMCache INFO:[0m PeriodicThread DeviceHostFuncDispatcher entering main loop (interval=0.0s) [3m(periodic_thread.py:304:lmcache.v1.periodic_thread)[0m
[32;20m[2026-09-20 14:10:21,184] LMCache INFO:[0m Started PeriodicThread: DeviceHostFuncDispatcher (level=high, interval=0.0s, init_wait=0.0s) [3m(periodic_thread.py:248:lmcache.v1.periodic_thread)[0m
[32;20m[2026-09-20 14:10:21,184] LMCache INFO:[0m Supported transfer mode: auto [3m(server.py:219:lmcache.v1.multiprocess.server)[0m
[32;20m[2026-09-20 14:10:21,184] LMCache INFO:[0m PeriodicThread lmcache-mp-worker-reaper entering main loop (interval=30.0s) [3m(periodic_thread.py:304:lmcache.v1.periodic_thread)[0m
[32;20m[2026-09-20 14:10:21,184] LMCache INFO:[0m Started PeriodicThread: lmcache-mp-worker-reaper (level=medium, interval=30.0s, init_wait=0.0s) [3m(periodic_thread.py:248:lmcache.v1.periodic_thread)[0m
[32;20m[2026-09-20 14:10:21,187] LMCache INFO:[0m Created AffinityThreadPool 'affinity-pool-0' with 1 worker slots: up to 1 distinct affinity keys each bind to their own thread before slots are shared. Compare this against the number of clients expected to connect to confirm routing. [3m(affinity_pool.py:60:lmcache.v1.multiprocess.affinity_pool)[0m
[32;20m[2026-09-20 14:10:21,187] LMCache INFO:[0m LMCache ZMQ cache server is running on tcp://127.0.0.1:18001 [3m(server.py:452:lmcache.v1.multiprocess.server)[0m
[32;20m[2026-09-20 14:10:21,187] LMCache INFO:[0m LMCache cache server is running... [3m(server.py:467:lmcache.v1.multiprocess.server)[0m
[32;20m[2026-09-20 14:10:21,188] LMCache INFO:[0m LMCache HTTP server initialized [3m(http_server.py:163:lmcache.v1.multiprocess.http_server)[0m
INFO:     Application startup complete.
INFO:     Uvicorn running on http://0.0.0.0:18002 (Press CTRL+C to quit)
INFO:     127.0.0.1:45330 - "GET /healthcheck HTTP/1.1" 200 OK
[32;20m[2026-09-20 14:10:31,181] LMCache INFO:[0m L1 memory usage: 0.00/0.50 GiB (0.0%) [3m(eviction_controller.py:153:lmcache.v1.distributed.storage_controllers.eviction_controller)[0m
[32;20m[2026-09-20 14:10:41,183] LMCache INFO:[0m L1 memory usage: 0.00/0.50 GiB (0.0%) [3m(eviction_controller.py:153:lmcache.v1.distributed.storage_controllers.eviction_controller)[0m
[32;20m[2026-09-20 14:10:51,185] LMCache INFO:[0m L1 memory usage: 0.00/0.50 GiB (0.0%) [3m(eviction_controller.py:153:lmcache.v1.distributed.storage_controllers.eviction_controller)[0m
[32;20m[2026-09-20 14:11:01,188] LMCache INFO:[0m L1 memory usage: 0.00/0.50 GiB (0.0%) [3m(eviction_controller.py:153:lmcache.v1.distributed.storage_controllers.eviction_controller)[0m
[32;20m[2026-09-20 14:11:11,190] LMCache INFO:[0m L1 memory usage: 0.00/0.50 GiB (0.0%) [3m(eviction_controller.py:153:lmcache.v1.distributed.storage_controllers.eviction_controller)[0m
[32;20m[2026-09-20 14:11:21,192] LMCache INFO:[0m L1 memory usage: 0.00/0.50 GiB (0.0%) [3m(eviction_controller.py:153:lmcache.v1.distributed.storage_controllers.eviction_controller)[0m
[32;20m[2026-09-20 14:11:24,227] LMCache INFO:[0m Engine KV Format: EngineKVFormat.NL_X_NB_BS_NH_CS NL x [NB, BS, NH, CS] [3m(detection.py:69:lmcache.v1.gpu_connector.kv_format.detection)[0m
[32;20m[2026-09-20 14:11:24,228] LMCache INFO:[0m Engine KV Format: EngineKVFormat.NL_X_NB_BS_NH_CS NL x [NB, BS, NH, CS] [3m(detection.py:69:lmcache.v1.gpu_connector.kv_format.detection)[0m
[32;20m[2026-09-20 14:11:24,229] LMCache INFO:[0m Group 0 first-layer tensor: layer_idx=0 shape=(20117, 16, 2, 256) stride=(8192, 512, 256, 1) is_contiguous=True dtype=torch.float16 device=cuda:0 storage_offset=0 numel=164798464 storage_nbytes=329596928 padding_per_block=0 [3m(utils.py:596:lmcache.v1.gpu_connector.utils)[0m
[32;20m[2026-09-20 14:11:24,229] LMCache INFO:[0m KV layer groups: ---
KernelGroupInfo(layers=28, indices=0-27, shape_desc=(kv=1, nl=28, nb=20117, bs=16, nh=2, hs=256, element_size=2, block_stride_elems=0), dtype=torch.float16, tokens_per_block=16, slots_per_block=16, engine_group_idx=0, sw_size_tokens=-1)
--- [3m(kv_layer_groups.py:437:lmcache.v1.kv_layer_groups)[0m
/usr/local/lib/python3.12/dist-packages/cupy/_environment.py:677: UserWarning: 
--------------------------------------------------------------------------------

  CuPy may not function correctly because multiple CuPy packages are installed
  in your environment:

    cupy-cuda12x, cupy-cuda13x

  Follow these steps to resolve this issue:

    1. For all packages listed above, run the following command to remove all
       existing CuPy installations:

         $ pip uninstall <package_name>

      If you previously installed CuPy via conda, also run the following:

         $ conda uninstall cupy

    2. Install the appropriate CuPy package.
       Refer to the Installation Guide for detailed instructions.

         https://docs.cupy.dev/en/stable/install.html

--------------------------------------------------------------------------------

  warnings.warn(f'''
[32;20m[2026-09-20 14:11:24,359] LMCache INFO:[0m Registered KV cache for GPU ID 169663327662965097 with 28 layers [3m(lmcache_driven_transfer.py:964:lmcache.v1.multiprocess.modules.lmcache_driven_transfer)[0m
[32;20m[2026-09-20 14:11:24,360] LMCache INFO:[0m Initialized cuda stream on device cuda:0 [3m(cache_context.py:430:lmcache.v1.platform.cuda.cache_context)[0m
[32;20m[2026-09-20 14:11:31,209] LMCache INFO:[0m L1 memory usage: 0.00/0.50 GiB (0.0%) [3m(eviction_controller.py:153:lmcache.v1.distributed.storage_controllers.eviction_controller)[0m
[32;20m[2026-09-20 14:11:31,560] LMCache INFO:[0m AffinityThreadPool: affinity_key=-7489921690173773951 assigned to worker slot 0 of 1 (thread affinity-pool-0-0); 1 distinct key(s) now bound [3m(affinity_pool.py:108:lmcache.v1.multiprocess.affinity_pool)[0m
[32;20m[2026-09-20 14:11:31,660] LMCache INFO:[0m Stored 384 tokens in 0.100 seconds [3m(lmcache_driven_transfer.py:1218:lmcache.v1.multiprocess.modules.lmcache_driven_transfer)[0m
[32;20m[2026-09-20 14:11:31,710] LMCache INFO:[0m Stored 384 tokens in 0.003 seconds [3m(lmcache_driven_transfer.py:1218:lmcache.v1.multiprocess.modules.lmcache_driven_transfer)[0m
[32;20m[2026-09-20 14:11:31,846] LMCache INFO:[0m Stored 384 tokens in 0.003 seconds [3m(lmcache_driven_transfer.py:1218:lmcache.v1.multiprocess.modules.lmcache_driven_transfer)[0m
[32;20m[2026-09-20 14:11:31,938] LMCache INFO:[0m Stored 384 tokens in 0.003 seconds [3m(lmcache_driven_transfer.py:1218:lmcache.v1.multiprocess.modules.lmcache_driven_transfer)[0m
[32;20m[2026-09-20 14:11:32,023] LMCache INFO:[0m Stored 368 tokens in 0.003 seconds [3m(lmcache_driven_transfer.py:1218:lmcache.v1.multiprocess.modules.lmcache_driven_transfer)[0m
[32;20m[2026-09-20 14:11:32,112] LMCache INFO:[0m Stored 384 tokens in 0.003 seconds [3m(lmcache_driven_transfer.py:1218:lmcache.v1.multiprocess.modules.lmcache_driven_transfer)[0m
[32;20m[2026-09-20 14:11:32,198] LMCache INFO:[0m Stored 384 tokens in 0.004 seconds [3m(lmcache_driven_transfer.py:1218:lmcache.v1.multiprocess.modules.lmcache_driven_transfer)[0m
[32;20m[2026-09-20 14:11:32,286] LMCache INFO:[0m Stored 384 tokens in 0.003 seconds [3m(lmcache_driven_transfer.py:1218:lmcache.v1.multiprocess.modules.lmcache_driven_transfer)[0m
[32;20m[2026-09-20 14:11:32,374] LMCache INFO:[0m Stored 320 tokens in 0.003 seconds [3m(lmcache_driven_transfer.py:1218:lmcache.v1.multiprocess.modules.lmcache_driven_transfer)[0m
[32;20m[2026-09-20 14:11:32,454] LMCache INFO:[0m Stored 384 tokens in 0.003 seconds [3m(lmcache_driven_transfer.py:1218:lmcache.v1.multiprocess.modules.lmcache_driven_transfer)[0m
[32;20m[2026-09-20 14:11:32,541] LMCache INFO:[0m Stored 384 tokens in 0.003 seconds [3m(lmcache_driven_transfer.py:1218:lmcache.v1.multiprocess.modules.lmcache_driven_transfer)[0m
[32;20m[2026-09-20 14:11:32,584] LMCache INFO:[0m Prefetch request completed (L1+L2): 24/24 retained keys (24 L1, 0 L2) in 1.3 ms (external_request_id=cmpl-92b1e0753aedf0c0-0-8e2d0491, prefetch_request_id=-1) [3m(storage_manager.py:716:lmcache.v1.distributed.storage_manager)[0m
[32;20m[2026-09-20 14:11:32,591] LMCache INFO:[0m Retrieved 384 tokens in 0.003 seconds [3m(lmcache_driven_transfer.py:1427:lmcache.v1.multiprocess.modules.lmcache_driven_transfer)[0m
[32;20m[2026-09-20 14:11:32,692] LMCache INFO:[0m Stored 384 tokens in 0.003 seconds [3m(lmcache_driven_transfer.py:1218:lmcache.v1.multiprocess.modules.lmcache_driven_transfer)[0m
[32;20m[2026-09-20 14:11:32,769] LMCache INFO:[0m Stored 368 tokens in 0.003 seconds [3m(lmcache_driven_transfer.py:1218:lmcache.v1.multiprocess.modules.lmcache_driven_transfer)[0m
[32;20m[2026-09-20 14:11:32,859] LMCache INFO:[0m Stored 384 tokens in 0.003 seconds [3m(lmcache_driven_transfer.py:1218:lmcache.v1.multiprocess.modules.lmcache_driven_transfer)[0m
[32;20m[2026-09-20 14:11:32,944] LMCache INFO:[0m Stored 384 tokens in 0.003 seconds [3m(lmcache_driven_transfer.py:1218:lmcache.v1.multiprocess.modules.lmcache_driven_transfer)[0m
[32;20m[2026-09-20 14:11:33,036] LMCache INFO:[0m Stored 384 tokens in 0.003 seconds [3m(lmcache_driven_transfer.py:1218:lmcache.v1.multiprocess.modules.lmcache_driven_transfer)[0m
[32;20m[2026-09-20 14:11:33,124] LMCache INFO:[0m Stored 384 tokens in 0.003 seconds [3m(lmcache_driven_transfer.py:1218:lmcache.v1.multiprocess.modules.lmcache_driven_transfer)[0m
[32;20m[2026-09-20 14:11:33,213] LMCache INFO:[0m Stored 384 tokens in 0.003 seconds [3m(lmcache_driven_transfer.py:1218:lmcache.v1.multiprocess.modules.lmcache_driven_transfer)[0m
[32;20m[2026-09-20 14:11:33,299] LMCache INFO:[0m Stored 384 tokens in 0.003 seconds [3m(lmcache_driven_transfer.py:1218:lmcache.v1.multiprocess.modules.lmcache_driven_transfer)[0m
[32;20m[2026-09-20 14:11:33,388] LMCache INFO:[0m Stored 384 tokens in 0.003 seconds [3m(lmcache_driven_transfer.py:1218:lmcache.v1.multiprocess.modules.lmcache_driven_transfer)[0m
[32;20m[2026-09-20 14:11:33,474] LMCache INFO:[0m Stored 384 tokens in 0.003 seconds [3m(lmcache_driven_transfer.py:1218:lmcache.v1.multiprocess.modules.lmcache_driven_transfer)[0m
[32;20m[2026-09-20 14:11:33,511] LMCache INFO:[0m Prefetch request completed (L1+L2): 24/24 retained keys (24 L1, 0 L2) in 1.1 ms (external_request_id=cmpl-a9e489a7c09fc729-0-a2fbaa60, prefetch_request_id=-1) [3m(storage_manager.py:716:lmcache.v1.distributed.storage_manager)[0m
[32;20m[2026-09-20 14:11:33,516] LMCache INFO:[0m Retrieved 384 tokens in 0.002 seconds [3m(lmcache_driven_transfer.py:1427:lmcache.v1.multiprocess.modules.lmcache_driven_transfer)[0m
[32;20m[2026-09-20 14:11:33,579] LMCache INFO:[0m Prefetch request completed (L1+L2): 23/23 retained keys (23 L1, 0 L2) in 1.1 ms (external_request_id=cmpl-bb030d2c75ed989a-0-80d6b0c5, prefetch_request_id=-1) [3m(storage_manager.py:716:lmcache.v1.distributed.storage_manager)[0m
[32;20m[2026-09-20 14:11:33,585] LMCache INFO:[0m Prefetch request completed (L1+L2): 24/24 retained keys (24 L1, 0 L2) in 1.3 ms (external_request_id=cmpl-a1d7fc1265ed552f-0-90a3b2f8, prefetch_request_id=-1) [3m(storage_manager.py:716:lmcache.v1.distributed.storage_manager)[0m
[32;20m[2026-09-20 14:11:33,586] LMCache INFO:[0m Retrieved 368 tokens in 0.004 seconds [3m(lmcache_driven_transfer.py:1427:lmcache.v1.multiprocess.modules.lmcache_driven_transfer)[0m
[32;20m[2026-09-20 14:11:33,592] LMCache INFO:[0m Retrieved 384 tokens in 0.003 seconds [3m(lmcache_driven_transfer.py:1427:lmcache.v1.multiprocess.modules.lmcache_driven_transfer)[0m
[32;20m[2026-09-20 14:11:33,674] LMCache INFO:[0m Prefetch request completed (L1+L2): 24/24 retained keys (24 L1, 0 L2) in 1.2 ms (external_request_id=cmpl-8153bda05481e33e-0-8dbf82c5, prefetch_request_id=-1) [3m(storage_manager.py:716:lmcache.v1.distributed.storage_manager)[0m
[32;20m[2026-09-20 14:11:33,679] LMCache INFO:[0m Retrieved 384 tokens in 0.002 seconds [3m(lmcache_driven_transfer.py:1427:lmcache.v1.multiprocess.modules.lmcache_driven_transfer)[0m
[32;20m[2026-09-20 14:11:33,733] LMCache INFO:[0m Prefetch request completed (L1+L2): 24/24 retained keys (24 L1, 0 L2) in 1.1 ms (external_request_id=cmpl-81877857e86f6bac-0-b46d6043, prefetch_request_id=-1) [3m(storage_manager.py:716:lmcache.v1.distributed.storage_manager)[0m
[32;20m[2026-09-20 14:11:33,737] LMCache INFO:[0m Retrieved 384 tokens in 0.002 seconds [3m(lmcache_driven_transfer.py:1427:lmcache.v1.multiprocess.modules.lmcache_driven_transfer)[0m
[32;20m[2026-09-20 14:11:33,792] LMCache INFO:[0m Prefetch request completed (L1+L2): 24/24 retained keys (24 L1, 0 L2) in 1.4 ms (external_request_id=cmpl-9b808fbab84bf713-0-a42c2625, prefetch_request_id=-1) [3m(storage_manager.py:716:lmcache.v1.distributed.storage_manager)[0m
[32;20m[2026-09-20 14:11:33,797] LMCache INFO:[0m Retrieved 384 tokens in 0.002 seconds [3m(lmcache_driven_transfer.py:1427:lmcache.v1.multiprocess.modules.lmcache_driven_transfer)[0m
[32;20m[2026-09-20 14:11:33,851] LMCache INFO:[0m Prefetch request completed (L1+L2): 24/24 retained keys (24 L1, 0 L2) in 1.1 ms (external_request_id=cmpl-9826be9ecb9c7e46-0-960dc040, prefetch_request_id=-1) [3m(storage_manager.py:716:lmcache.v1.distributed.storage_manager)[0m
[32;20m[2026-09-20 14:11:33,856] LMCache INFO:[0m Retrieved 384 tokens in 0.002 seconds [3m(lmcache_driven_transfer.py:1427:lmcache.v1.multiprocess.modules.lmcache_driven_transfer)[0m
[32;20m[2026-09-20 14:11:33,911] LMCache INFO:[0m Prefetch request completed (L1+L2): 24/24 retained keys (24 L1, 0 L2) in 1.4 ms (external_request_id=cmpl-ad313f2eaaf1a5ea-0-adb83807, prefetch_request_id=-1) [3m(storage_manager.py:716:lmcache.v1.distributed.storage_manager)[0m
[32;20m[2026-09-20 14:11:33,916] LMCache INFO:[0m Retrieved 384 tokens in 0.002 seconds [3m(lmcache_driven_transfer.py:1427:lmcache.v1.multiprocess.modules.lmcache_driven_transfer)[0m
[32;20m[2026-09-20 14:11:33,973] LMCache INFO:[0m Prefetch request completed (L1+L2): 24/24 retained keys (24 L1, 0 L2) in 1.6 ms (external_request_id=cmpl-9a0d0dd6b65077db-0-965349d3, prefetch_request_id=-1) [3m(storage_manager.py:716:lmcache.v1.distributed.storage_manager)[0m
[32;20m[2026-09-20 14:11:33,980] LMCache INFO:[0m Retrieved 384 tokens in 0.003 seconds [3m(lmcache_driven_transfer.py:1427:lmcache.v1.multiprocess.modules.lmcache_driven_transfer)[0m
[32;20m[2026-09-20 14:11:34,045] LMCache INFO:[0m Prefetch request completed (L1+L2): 24/24 retained keys (24 L1, 0 L2) in 1.0 ms (external_request_id=cmpl-96e469acdbb104a2-0-abcbfc2b, prefetch_request_id=-1) [3m(storage_manager.py:716:lmcache.v1.distributed.storage_manager)[0m
[32;20m[2026-09-20 14:11:34,049] LMCache INFO:[0m Retrieved 384 tokens in 0.002 seconds [3m(lmcache_driven_transfer.py:1427:lmcache.v1.multiprocess.modules.lmcache_driven_transfer)[0m
[32;20m[2026-09-20 14:11:34,104] LMCache INFO:[0m Prefetch request completed (L1+L2): 24/24 retained keys (24 L1, 0 L2) in 1.3 ms (external_request_id=cmpl-bc392fa034ce783d-0-b056d22e, prefetch_request_id=-1) [3m(storage_manager.py:716:lmcache.v1.distributed.storage_manager)[0m
[32;20m[2026-09-20 14:11:34,109] LMCache INFO:[0m Retrieved 384 tokens in 0.002 seconds [3m(lmcache_driven_transfer.py:1427:lmcache.v1.multiprocess.modules.lmcache_driven_transfer)[0m
[32;20m[2026-09-20 14:11:34,208] LMCache INFO:[0m Stored 384 tokens in 0.004 seconds [3m(lmcache_driven_transfer.py:1218:lmcache.v1.multiprocess.modules.lmcache_driven_transfer)[0m
[32;20m[2026-09-20 14:11:34,432] LMCache INFO:[0m Prefetch request completed (L1+L2): 23/23 retained keys (23 L1, 0 L2) in 1.3 ms (external_request_id=cmpl-8166d4b544d531e3-0-81e5cc19, prefetch_request_id=-1) [3m(storage_manager.py:716:lmcache.v1.distributed.storage_manager)[0m
[32;20m[2026-09-20 14:11:34,437] LMCache INFO:[0m Retrieved 368 tokens in 0.002 seconds [3m(lmcache_driven_transfer.py:1427:lmcache.v1.multiprocess.modules.lmcache_driven_transfer)[0m
[32;20m[2026-09-20 14:11:34,544] LMCache INFO:[0m Stored 384 tokens in 0.003 seconds [3m(lmcache_driven_transfer.py:1218:lmcache.v1.multiprocess.modules.lmcache_driven_transfer)[0m
[32;20m[2026-09-20 14:11:34,620] LMCache INFO:[0m Stored 384 tokens in 0.003 seconds [3m(lmcache_driven_transfer.py:1218:lmcache.v1.multiprocess.modules.lmcache_driven_transfer)[0m
[32;20m[2026-09-20 14:11:34,704] LMCache INFO:[0m Stored 384 tokens in 0.003 seconds [3m(lmcache_driven_transfer.py:1218:lmcache.v1.multiprocess.modules.lmcache_driven_transfer)[0m
[32;20m[2026-09-20 14:11:34,790] LMCache INFO:[0m Stored 384 tokens in 0.003 seconds [3m(lmcache_driven_transfer.py:1218:lmcache.v1.multiprocess.modules.lmcache_driven_transfer)[0m
[32;20m[2026-09-20 14:11:34,878] LMCache INFO:[0m Stored 336 tokens in 0.003 seconds [3m(lmcache_driven_transfer.py:1218:lmcache.v1.multiprocess.modules.lmcache_driven_transfer)[0m
[32;20m[2026-09-20 14:11:34,962] LMCache INFO:[0m Stored 384 tokens in 0.003 seconds [3m(lmcache_driven_transfer.py:1218:lmcache.v1.multiprocess.modules.lmcache_driven_transfer)[0m
[32;20m[2026-09-20 14:11:35,052] LMCache INFO:[0m Stored 384 tokens in 0.003 seconds [3m(lmcache_driven_transfer.py:1218:lmcache.v1.multiprocess.modules.lmcache_driven_transfer)[0m
[32;20m[2026-09-20 14:11:35,136] LMCache INFO:[0m Stored 224 tokens in 0.002 seconds [3m(lmcache_driven_transfer.py:1218:lmcache.v1.multiprocess.modules.lmcache_driven_transfer)[0m
[32;20m[2026-09-20 14:11:35,194] LMCache INFO:[0m Stored 288 tokens in 0.003 seconds [3m(lmcache_driven_transfer.py:1218:lmcache.v1.multiprocess.modules.lmcache_driven_transfer)[0m
[32;20m[2026-09-20 14:11:35,277] LMCache INFO:[0m Stored 384 tokens in 0.003 seconds [3m(lmcache_driven_transfer.py:1218:lmcache.v1.multiprocess.modules.lmcache_driven_transfer)[0m
[32;20m[2026-09-20 14:11:35,364] LMCache INFO:[0m Stored 384 tokens in 0.003 seconds [3m(lmcache_driven_transfer.py:1218:lmcache.v1.multiprocess.modules.lmcache_driven_transfer)[0m
[32;20m[2026-09-20 14:11:35,414] LMCache INFO:[0m Prefetch request completed (L1+L2): 24/24 retained keys (24 L1, 0 L2) in 1.1 ms (external_request_id=cmpl-801ad2a557ecf03b-0-958875d9, prefetch_request_id=-1) [3m(storage_manager.py:716:lmcache.v1.distributed.storage_manager)[0m
[32;20m[2026-09-20 14:11:35,419] LMCache INFO:[0m Retrieved 384 tokens in 0.002 seconds [3m(lmcache_driven_transfer.py:1427:lmcache.v1.multiprocess.modules.lmcache_driven_transfer)[0m
[32;20m[2026-09-20 14:11:35,525] LMCache INFO:[0m Stored 384 tokens in 0.003 seconds [3m(lmcache_driven_transfer.py:1218:lmcache.v1.multiprocess.modules.lmcache_driven_transfer)[0m
[32;20m[2026-09-20 14:11:35,605] LMCache INFO:[0m Stored 368 tokens in 0.003 seconds [3m(lmcache_driven_transfer.py:1218:lmcache.v1.multiprocess.modules.lmcache_driven_transfer)[0m
[32;20m[2026-09-20 14:11:35,693] LMCache INFO:[0m Stored 384 tokens in 0.004 seconds [3m(lmcache_driven_transfer.py:1218:lmcache.v1.multiprocess.modules.lmcache_driven_transfer)[0m
[32;20m[2026-09-20 14:11:35,779] LMCache INFO:[0m Stored 384 tokens in 0.003 seconds [3m(lmcache_driven_transfer.py:1218:lmcache.v1.multiprocess.modules.lmcache_driven_transfer)[0m
[32;20m[2026-09-20 14:11:35,864] LMCache INFO:[0m Stored 256 tokens in 0.002 seconds [3m(lmcache_driven_transfer.py:1218:lmcache.v1.multiprocess.modules.lmcache_driven_transfer)[0m
[32;20m[2026-09-20 14:11:35,940] LMCache INFO:[0m Stored 384 tokens in 0.003 seconds [3m(lmcache_driven_transfer.py:1218:lmcache.v1.multiprocess.modules.lmcache_driven_transfer)[0m
[32;20m[2026-09-20 14:11:36,028] LMCache INFO:[0m Stored 384 tokens in 0.003 seconds [3m(lmcache_driven_transfer.py:1218:lmcache.v1.multiprocess.modules.lmcache_driven_transfer)[0m
[32;20m[2026-09-20 14:11:36,115] LMCache INFO:[0m Stored 384 tokens in 0.003 seconds [3m(lmcache_driven_transfer.py:1218:lmcache.v1.multiprocess.modules.lmcache_driven_transfer)[0m
[32;20m[2026-09-20 14:11:36,203] LMCache INFO:[0m Stored 384 tokens in 0.003 seconds [3m(lmcache_driven_transfer.py:1218:lmcache.v1.multiprocess.modules.lmcache_driven_transfer)[0m
[32;20m[2026-09-20 14:11:36,211] LMCache INFO:[0m L1 memory usage 0.83 above watermark 0.80; triggering eviction. [3m(eviction_controller.py:179:lmcache.v1.distributed.storage_controllers.eviction_controller)[0m
[32;20m[2026-09-20 14:11:36,291] LMCache INFO:[0m Stored 384 tokens in 0.003 seconds [3m(lmcache_driven_transfer.py:1218:lmcache.v1.multiprocess.modules.lmcache_driven_transfer)[0m
[32;20m[2026-09-20 14:11:36,384] LMCache INFO:[0m Stored 384 tokens in 0.003 seconds [3m(lmcache_driven_transfer.py:1218:lmcache.v1.multiprocess.modules.lmcache_driven_transfer)[0m
[32;20m[2026-09-20 14:11:36,424] LMCache INFO:[0m Prefetch request completed (L1+L2): 24/24 retained keys (24 L1, 0 L2) in 1.6 ms (external_request_id=cmpl-9f27a7529b5fb689-0-a9a7eda7, prefetch_request_id=-1) [3m(storage_manager.py:716:lmcache.v1.distributed.storage_manager)[0m
[32;20m[2026-09-20 14:11:36,429] LMCache INFO:[0m Retrieved 384 tokens in 0.002 seconds [3m(lmcache_driven_transfer.py:1427:lmcache.v1.multiprocess.modules.lmcache_driven_transfer)[0m
[32;20m[2026-09-20 14:11:36,539] LMCache INFO:[0m Stored 384 tokens in 0.003 seconds [3m(lmcache_driven_transfer.py:1218:lmcache.v1.multiprocess.modules.lmcache_driven_transfer)[0m
[32;20m[2026-09-20 14:11:36,613] LMCache INFO:[0m Stored 384 tokens in 0.003 seconds [3m(lmcache_driven_transfer.py:1218:lmcache.v1.multiprocess.modules.lmcache_driven_transfer)[0m
[32;20m[2026-09-20 14:11:36,703] LMCache INFO:[0m Stored 384 tokens in 0.003 seconds [3m(lmcache_driven_transfer.py:1218:lmcache.v1.multiprocess.modules.lmcache_driven_transfer)[0m
[32;20m[2026-09-20 14:11:36,790] LMCache INFO:[0m Stored 384 tokens in 0.003 seconds [3m(lmcache_driven_transfer.py:1218:lmcache.v1.multiprocess.modules.lmcache_driven_transfer)[0m
[32;20m[2026-09-20 14:11:36,877] LMCache INFO:[0m Stored 384 tokens in 0.003 seconds [3m(lmcache_driven_transfer.py:1218:lmcache.v1.multiprocess.modules.lmcache_driven_transfer)[0m
[32;20m[2026-09-20 14:11:36,968] LMCache INFO:[0m Stored 384 tokens in 0.003 seconds [3m(lmcache_driven_transfer.py:1218:lmcache.v1.multiprocess.modules.lmcache_driven_transfer)[0m
[32;20m[2026-09-20 14:11:37,057] LMCache INFO:[0m Stored 384 tokens in 0.003 seconds [3m(lmcache_driven_transfer.py:1218:lmcache.v1.multiprocess.modules.lmcache_driven_transfer)[0m
[32;20m[2026-09-20 14:11:37,144] LMCache INFO:[0m Stored 384 tokens in 0.003 seconds [3m(lmcache_driven_transfer.py:1218:lmcache.v1.multiprocess.modules.lmcache_driven_transfer)[0m
[32;20m[2026-09-20 14:11:37,218] LMCache INFO:[0m L1 memory usage 0.88 above watermark 0.80; triggering eviction. [3m(eviction_controller.py:179:lmcache.v1.distributed.storage_controllers.eviction_controller)[0m
[32;20m[2026-09-20 14:11:37,236] LMCache INFO:[0m Stored 384 tokens in 0.003 seconds [3m(lmcache_driven_transfer.py:1218:lmcache.v1.multiprocess.modules.lmcache_driven_transfer)[0m
[32;20m[2026-09-20 14:11:37,318] LMCache INFO:[0m Stored 288 tokens in 0.002 seconds [3m(lmcache_driven_transfer.py:1218:lmcache.v1.multiprocess.modules.lmcache_driven_transfer)[0m
[32;20m[2026-09-20 14:11:37,404] LMCache INFO:[0m Stored 384 tokens in 0.003 seconds [3m(lmcache_driven_transfer.py:1218:lmcache.v1.multiprocess.modules.lmcache_driven_transfer)[0m
[32;20m[2026-09-20 14:11:37,442] LMCache INFO:[0m Prefetch request completed (L1+L2): 24/24 retained keys (24 L1, 0 L2) in 1.3 ms (external_request_id=cmpl-8e4c7f94abafc7eb-0-9ca45112, prefetch_request_id=-1) [3m(storage_manager.py:716:lmcache.v1.distributed.storage_manager)[0m
[32;20m[2026-09-20 14:11:37,448] LMCache INFO:[0m Retrieved 384 tokens in 0.002 seconds [3m(lmcache_driven_transfer.py:1427:lmcache.v1.multiprocess.modules.lmcache_driven_transfer)[0m
[32;20m[2026-09-20 14:11:37,556] LMCache INFO:[0m Stored 384 tokens in 0.004 seconds [3m(lmcache_driven_transfer.py:1218:lmcache.v1.multiprocess.modules.lmcache_driven_transfer)[0m
[32;20m[2026-09-20 14:11:37,630] LMCache INFO:[0m Stored 384 tokens in 0.003 seconds [3m(lmcache_driven_transfer.py:1218:lmcache.v1.multiprocess.modules.lmcache_driven_transfer)[0m
[32;20m[2026-09-20 14:11:37,710] LMCache INFO:[0m Stored 384 tokens in 0.003 seconds [3m(lmcache_driven_transfer.py:1218:lmcache.v1.multiprocess.modules.lmcache_driven_transfer)[0m
[32;20m[2026-09-20 14:11:37,800] LMCache INFO:[0m Stored 384 tokens in 0.003 seconds [3m(lmcache_driven_transfer.py:1218:lmcache.v1.multiprocess.modules.lmcache_driven_transfer)[0m
[32;20m[2026-09-20 14:11:37,885] LMCache INFO:[0m Stored 336 tokens in 0.003 seconds [3m(lmcache_driven_transfer.py:1218:lmcache.v1.multiprocess.modules.lmcache_driven_transfer)[0m
[32;20m[2026-09-20 14:11:37,972] LMCache INFO:[0m Stored 384 tokens in 0.003 seconds [3m(lmcache_driven_transfer.py:1218:lmcache.v1.multiprocess.modules.lmcache_driven_transfer)[0m
[32;20m[2026-09-20 14:11:38,061] LMCache INFO:[0m Stored 384 tokens in 0.003 seconds [3m(lmcache_driven_transfer.py:1218:lmcache.v1.multiprocess.modules.lmcache_driven_transfer)[0m
[32;20m[2026-09-20 14:11:38,151] LMCache INFO:[0m Stored 384 tokens in 0.003 seconds [3m(lmcache_driven_transfer.py:1218:lmcache.v1.multiprocess.modules.lmcache_driven_transfer)[0m
[32;20m[2026-09-20 14:11:38,223] LMCache INFO:[0m L1 memory usage 0.92 above watermark 0.80; triggering eviction. [3m(eviction_controller.py:179:lmcache.v1.distributed.storage_controllers.eviction_controller)[0m
[32;20m[2026-09-20 14:11:38,239] LMCache INFO:[0m Stored 384 tokens in 0.003 seconds [3m(lmcache_driven_transfer.py:1218:lmcache.v1.multiprocess.modules.lmcache_driven_transfer)[0m
[32;20m[2026-09-20 14:11:38,321] LMCache INFO:[0m Stored 384 tokens in 0.003 seconds [3m(lmcache_driven_transfer.py:1218:lmcache.v1.multiprocess.modules.lmcache_driven_transfer)[0m
[32;20m[2026-09-20 14:11:38,411] LMCache INFO:[0m Stored 384 tokens in 0.003 seconds [3m(lmcache_driven_transfer.py:1218:lmcache.v1.multiprocess.modules.lmcache_driven_transfer)[0m
[32;20m[2026-09-20 14:11:38,450] LMCache INFO:[0m Prefetch request completed (L1+L2): 21/21 retained keys (21 L1, 0 L2) in 1.1 ms (external_request_id=cmpl-a6c9ba19dc74c86e-0-80395bd5, prefetch_request_id=-1) [3m(storage_manager.py:716:lmcache.v1.distributed.storage_manager)[0m
[32;20m[2026-09-20 14:11:38,455] LMCache INFO:[0m Retrieved 336 tokens in 0.002 seconds [3m(lmcache_driven_transfer.py:1427:lmcache.v1.multiprocess.modules.lmcache_driven_transfer)[0m
[32;20m[2026-09-20 14:11:38,557] LMCache INFO:[0m Stored 384 tokens in 0.003 seconds [3m(lmcache_driven_transfer.py:1218:lmcache.v1.multiprocess.modules.lmcache_driven_transfer)[0m
[32;20m[2026-09-20 14:11:38,637] LMCache INFO:[0m Stored 384 tokens in 0.003 seconds [3m(lmcache_driven_transfer.py:1218:lmcache.v1.multiprocess.modules.lmcache_driven_transfer)[0m
[32;20m[2026-09-20 14:11:38,725] LMCache INFO:[0m Stored 384 tokens in 0.003 seconds [3m(lmcache_driven_transfer.py:1218:lmcache.v1.multiprocess.modules.lmcache_driven_transfer)[0m
[32;20m[2026-09-20 14:11:38,817] LMCache INFO:[0m Stored 384 tokens in 0.003 seconds [3m(lmcache_driven_transfer.py:1218:lmcache.v1.multiprocess.modules.lmcache_driven_transfer)[0m
[32;20m[2026-09-20 14:11:38,902] LMCache INFO:[0m Stored 384 tokens in 0.003 seconds [3m(lmcache_driven_transfer.py:1218:lmcache.v1.multiprocess.modules.lmcache_driven_transfer)[0m
[32;20m[2026-09-20 14:11:38,991] LMCache INFO:[0m Stored 384 tokens in 0.003 seconds [3m(lmcache_driven_transfer.py:1218:lmcache.v1.multiprocess.modules.lmcache_driven_transfer)[0m
[32;20m[2026-09-20 14:11:39,085] LMCache INFO:[0m Stored 368 tokens in 0.003 seconds [3m(lmcache_driven_transfer.py:1218:lmcache.v1.multiprocess.modules.lmcache_driven_transfer)[0m
[32;20m[2026-09-20 14:11:39,131] LMCache INFO:[0m Prefetch request completed (L1+L2): 24/24 retained keys (24 L1, 0 L2) in 1.1 ms (external_request_id=cmpl-bb41ca3232ba82dd-0-9b07883d, prefetch_request_id=-1) [3m(storage_manager.py:716:lmcache.v1.distributed.storage_manager)[0m
[32;20m[2026-09-20 14:11:39,136] LMCache INFO:[0m Retrieved 384 tokens in 0.002 seconds [3m(lmcache_driven_transfer.py:1427:lmcache.v1.multiprocess.modules.lmcache_driven_transfer)[0m
[32;20m[2026-09-20 14:11:39,229] LMCache INFO:[0m L1 memory usage 0.94 above watermark 0.80; triggering eviction. [3m(eviction_controller.py:179:lmcache.v1.distributed.storage_controllers.eviction_controller)[0m
[32;20m[2026-09-20 14:11:39,238] LMCache INFO:[0m Stored 384 tokens in 0.004 seconds [3m(lmcache_driven_transfer.py:1218:lmcache.v1.multiprocess.modules.lmcache_driven_transfer)[0m
[32;20m[2026-09-20 14:11:39,316] LMCache INFO:[0m Stored 384 tokens in 0.003 seconds [3m(lmcache_driven_transfer.py:1218:lmcache.v1.multiprocess.modules.lmcache_driven_transfer)[0m
[32;20m[2026-09-20 14:11:39,405] LMCache INFO:[0m Stored 384 tokens in 0.003 seconds [3m(lmcache_driven_transfer.py:1218:lmcache.v1.multiprocess.modules.lmcache_driven_transfer)[0m
[32;20m[2026-09-20 14:11:39,448] LMCache INFO:[0m Prefetch request completed (L1+L2): 24/24 retained keys (24 L1, 0 L2) in 2.2 ms (external_request_id=cmpl-9a259d8d82ca66e8-0-bcebe6d2, prefetch_request_id=-1) [3m(storage_manager.py:716:lmcache.v1.distributed.storage_manager)[0m
[32;20m[2026-09-20 14:11:39,453] LMCache INFO:[0m Retrieved 384 tokens in 0.002 seconds [3m(lmcache_driven_transfer.py:1427:lmcache.v1.multiprocess.modules.lmcache_driven_transfer)[0m
[32;20m[2026-09-20 14:11:39,560] LMCache INFO:[0m Stored 384 tokens in 0.003 seconds [3m(lmcache_driven_transfer.py:1218:lmcache.v1.multiprocess.modules.lmcache_driven_transfer)[0m
[32;20m[2026-09-20 14:11:39,640] LMCache INFO:[0m Stored 384 tokens in 0.003 seconds [3m(lmcache_driven_transfer.py:1218:lmcache.v1.multiprocess.modules.lmcache_driven_transfer)[0m
[32;20m[2026-09-20 14:11:39,727] LMCache INFO:[0m Stored 384 tokens in 0.003 seconds [3m(lmcache_driven_transfer.py:1218:lmcache.v1.multiprocess.modules.lmcache_driven_transfer)[0m
[32;20m[2026-09-20 14:11:39,819] LMCache INFO:[0m Stored 384 tokens in 0.003 seconds [3m(lmcache_driven_transfer.py:1218:lmcache.v1.multiprocess.modules.lmcache_driven_transfer)[0m
[32;20m[2026-09-20 14:11:39,910] LMCache INFO:[0m Stored 384 tokens in 0.003 seconds [3m(lmcache_driven_transfer.py:1218:lmcache.v1.multiprocess.modules.lmcache_driven_transfer)[0m
[32;20m[2026-09-20 14:11:39,997] LMCache INFO:[0m Stored 384 tokens in 0.003 seconds [3m(lmcache_driven_transfer.py:1218:lmcache.v1.multiprocess.modules.lmcache_driven_transfer)[0m
[32;20m[2026-09-20 14:11:40,086] LMCache INFO:[0m Stored 384 tokens in 0.003 seconds [3m(lmcache_driven_transfer.py:1218:lmcache.v1.multiprocess.modules.lmcache_driven_transfer)[0m
[32;20m[2026-09-20 14:11:40,174] LMCache INFO:[0m Stored 384 tokens in 0.003 seconds [3m(lmcache_driven_transfer.py:1218:lmcache.v1.multiprocess.modules.lmcache_driven_transfer)[0m
[32;20m[2026-09-20 14:11:40,236] LMCache INFO:[0m L1 memory usage 0.98 above watermark 0.80; triggering eviction. [3m(eviction_controller.py:179:lmcache.v1.distributed.storage_controllers.eviction_controller)[0m
[32;20m[2026-09-20 14:11:40,263] LMCache INFO:[0m Stored 384 tokens in 0.003 seconds [3m(lmcache_driven_transfer.py:1218:lmcache.v1.multiprocess.modules.lmcache_driven_transfer)[0m
[32;20m[2026-09-20 14:11:40,349] LMCache INFO:[0m Stored 384 tokens in 0.003 seconds [3m(lmcache_driven_transfer.py:1218:lmcache.v1.multiprocess.modules.lmcache_driven_transfer)[0m
[32;20m[2026-09-20 14:11:40,440] LMCache INFO:[0m Stored 384 tokens in 0.003 seconds [3m(lmcache_driven_transfer.py:1218:lmcache.v1.multiprocess.modules.lmcache_driven_transfer)[0m
[32;20m[2026-09-20 14:11:40,475] LMCache INFO:[0m Prefetch request completed (L1+L2): 24/24 retained keys (24 L1, 0 L2) in 1.3 ms (external_request_id=cmpl-b5984a515c40b43a-0-b9978b47, prefetch_request_id=-1) [3m(storage_manager.py:716:lmcache.v1.distributed.storage_manager)[0m
[32;20m[2026-09-20 14:11:40,481] LMCache INFO:[0m Retrieved 384 tokens in 0.002 seconds [3m(lmcache_driven_transfer.py:1427:lmcache.v1.multiprocess.modules.lmcache_driven_transfer)[0m
[32;20m[2026-09-20 14:11:40,588] LMCache INFO:[0m Stored 384 tokens in 0.003 seconds [3m(lmcache_driven_transfer.py:1218:lmcache.v1.multiprocess.modules.lmcache_driven_transfer)[0m
[32;20m[2026-09-20 14:11:40,666] LMCache INFO:[0m Stored 384 tokens in 0.003 seconds [3m(lmcache_driven_transfer.py:1218:lmcache.v1.multiprocess.modules.lmcache_driven_transfer)[0m
[32;20m[2026-09-20 14:11:40,761] LMCache INFO:[0m Stored 384 tokens in 0.003 seconds [3m(lmcache_driven_transfer.py:1218:lmcache.v1.multiprocess.modules.lmcache_driven_transfer)[0m
[32;20m[2026-09-20 14:11:40,849] LMCache INFO:[0m Stored 384 tokens in 0.003 seconds [3m(lmcache_driven_transfer.py:1218:lmcache.v1.multiprocess.modules.lmcache_driven_transfer)[0m
[32;20m[2026-09-20 14:11:40,937] LMCache INFO:[0m Stored 384 tokens in 0.003 seconds [3m(lmcache_driven_transfer.py:1218:lmcache.v1.multiprocess.modules.lmcache_driven_transfer)[0m
[32;20m[2026-09-20 14:11:41,030] LMCache INFO:[0m Stored 384 tokens in 0.003 seconds [3m(lmcache_driven_transfer.py:1218:lmcache.v1.multiprocess.modules.lmcache_driven_transfer)[0m
[32;20m[2026-09-20 14:11:41,120] LMCache INFO:[0m Stored 368 tokens in 0.003 seconds [3m(lmcache_driven_transfer.py:1218:lmcache.v1.multiprocess.modules.lmcache_driven_transfer)[0m
[33;20m[2026-09-20 14:11:41,206] LMCache WARNING:[0m Failed to batched allocate 24 memory blocks of size 458752 because no enough memory is available (short by 9 blocks) [3m(memory_management.py:1490:lmcache.v1.memory_management)[0m
[32;20m[2026-09-20 14:11:41,245] LMCache INFO:[0m L1 memory usage: 0.49/0.50 GiB (98.7%) [3m(eviction_controller.py:153:lmcache.v1.distributed.storage_controllers.eviction_controller)[0m
[32;20m[2026-09-20 14:11:41,245] LMCache INFO:[0m L1 memory usage 0.99 above watermark 0.80; triggering eviction. [3m(eviction_controller.py:179:lmcache.v1.distributed.storage_controllers.eviction_controller)[0m
[32;20m[2026-09-20 14:11:41,252] LMCache INFO:[0m L0<->L1 stats [cuda:0] last 10.0s: store ops=94 tokens=35376 size=1.01GB avg_copy=7.41GB/s | retrieve ops=20 tokens=7600 size=0.22GB avg_copy=4.14GB/s [3m(extra_stats.py:159:lmcache.v1.mp_observability.subscribers.logging.extra_stats)[0m
[32;20m[2026-09-20 14:11:41,252] LMCache INFO:[0m L0<->L1 stats [cuda:0] cumulative: store ops=94 tokens=35376 size=1.01GB avg_copy=7.41GB/s | retrieve ops=20 tokens=7600 size=0.22GB avg_copy=4.14GB/s [3m(extra_stats.py:168:lmcache.v1.mp_observability.subscribers.logging.extra_stats)[0m
[32;20m[2026-09-20 14:11:41,300] LMCache INFO:[0m Stored 384 tokens in 0.003 seconds [3m(lmcache_driven_transfer.py:1218:lmcache.v1.multiprocess.modules.lmcache_driven_transfer)[0m
[32;20m[2026-09-20 14:11:41,393] LMCache INFO:[0m Stored 320 tokens in 0.003 seconds [3m(lmcache_driven_transfer.py:1218:lmcache.v1.multiprocess.modules.lmcache_driven_transfer)[0m
[32;20m[2026-09-20 14:11:41,421] LMCache INFO:[0m Prefetch request completed (L1+L2): 24/24 retained keys (24 L1, 0 L2) in 1.8 ms (external_request_id=cmpl-b3c32918e05dfc82-0-b47e788e, prefetch_request_id=-1) [3m(storage_manager.py:716:lmcache.v1.distributed.storage_manager)[0m
[32;20m[2026-09-20 14:11:41,426] LMCache INFO:[0m Retrieved 384 tokens in 0.002 seconds [3m(lmcache_driven_transfer.py:1427:lmcache.v1.multiprocess.modules.lmcache_driven_transfer)[0m
[32;20m[2026-09-20 14:11:41,537] LMCache INFO:[0m Stored 384 tokens in 0.003 seconds [3m(lmcache_driven_transfer.py:1218:lmcache.v1.multiprocess.modules.lmcache_driven_transfer)[0m
[32;20m[2026-09-20 14:11:41,613] LMCache INFO:[0m Stored 384 tokens in 0.005 seconds [3m(lmcache_driven_transfer.py:1218:lmcache.v1.multiprocess.modules.lmcache_driven_transfer)[0m
[32;20m[2026-09-20 14:11:41,703] LMCache INFO:[0m Stored 384 tokens in 0.003 seconds [3m(lmcache_driven_transfer.py:1218:lmcache.v1.multiprocess.modules.lmcache_driven_transfer)[0m
[32;20m[2026-09-20 14:11:41,799] LMCache INFO:[0m Stored 384 tokens in 0.003 seconds [3m(lmcache_driven_transfer.py:1218:lmcache.v1.multiprocess.modules.lmcache_driven_transfer)[0m
[32;20m[2026-09-20 14:11:41,884] LMCache INFO:[0m Stored 384 tokens in 0.003 seconds [3m(lmcache_driven_transfer.py:1218:lmcache.v1.multiprocess.modules.lmcache_driven_transfer)[0m
[32;20m[2026-09-20 14:11:41,972] LMCache INFO:[0m Stored 384 tokens in 0.003 seconds [3m(lmcache_driven_transfer.py:1218:lmcache.v1.multiprocess.modules.lmcache_driven_transfer)[0m
[32;20m[2026-09-20 14:11:42,067] LMCache INFO:[0m Stored 384 tokens in 0.003 seconds [3m(lmcache_driven_transfer.py:1218:lmcache.v1.multiprocess.modules.lmcache_driven_transfer)[0m
[32;20m[2026-09-20 14:11:42,159] LMCache INFO:[0m Stored 384 tokens in 0.003 seconds [3m(lmcache_driven_transfer.py:1218:lmcache.v1.multiprocess.modules.lmcache_driven_transfer)[0m
[33;20m[2026-09-20 14:11:42,245] LMCache WARNING:[0m Failed to batched allocate 24 memory blocks of size 458752 because no enough memory is available (short by 14 blocks) [3m(memory_management.py:1490:lmcache.v1.memory_management)[0m
[32;20m[2026-09-20 14:11:42,255] LMCache INFO:[0m L1 memory usage 0.99 above watermark 0.80; triggering eviction. [3m(eviction_controller.py:179:lmcache.v1.distributed.storage_controllers.eviction_controller)[0m
[32;20m[2026-09-20 14:11:42,335] LMCache INFO:[0m Stored 384 tokens in 0.003 seconds [3m(lmcache_driven_transfer.py:1218:lmcache.v1.multiprocess.modules.lmcache_driven_transfer)[0m
[32;20m[2026-09-20 14:11:42,425] LMCache INFO:[0m Stored 336 tokens in 0.003 seconds [3m(lmcache_driven_transfer.py:1218:lmcache.v1.multiprocess.modules.lmcache_driven_transfer)[0m
[32;20m[2026-09-20 14:11:42,459] LMCache INFO:[0m Prefetch request completed (L1+L2): 24/24 retained keys (24 L1, 0 L2) in 1.3 ms (external_request_id=cmpl-be79588f59659200-0-bbf0da97, prefetch_request_id=-1) [3m(storage_manager.py:716:lmcache.v1.distributed.storage_manager)[0m
[32;20m[2026-09-20 14:11:42,465] LMCache INFO:[0m Retrieved 384 tokens in 0.002 seconds [3m(lmcache_driven_transfer.py:1427:lmcache.v1.multiprocess.modules.lmcache_driven_transfer)[0m
[32;20m[2026-09-20 14:11:42,530] LMCache INFO:[0m Prefetch request completed (L1+L2): 24/24 retained keys (24 L1, 0 L2) in 1.2 ms (external_request_id=cmpl-8cf9f87de57b2b6a-0-8b138fa3, prefetch_request_id=-1) [3m(storage_manager.py:716:lmcache.v1.distributed.storage_manager)[0m
[32;20m[2026-09-20 14:11:42,536] LMCache INFO:[0m Prefetch request completed (L1+L2): 24/24 retained keys (24 L1, 0 L2) in 1.4 ms (external_request_id=cmpl-b7353f28abd4f7bd-0-86fe898b, prefetch_request_id=-1) [3m(storage_manager.py:716:lmcache.v1.distributed.storage_manager)[0m
[32;20m[2026-09-20 14:11:42,537] LMCache INFO:[0m Retrieved 384 tokens in 0.004 seconds [3m(lmcache_driven_transfer.py:1427:lmcache.v1.multiprocess.modules.lmcache_driven_transfer)[0m
[32;20m[2026-09-20 14:11:42,542] LMCache INFO:[0m Retrieved 384 tokens in 0.002 seconds [3m(lmcache_driven_transfer.py:1427:lmcache.v1.multiprocess.modules.lmcache_driven_transfer)[0m
[32;20m[2026-09-20 14:11:42,630] LMCache INFO:[0m Prefetch request completed (L1+L2): 24/24 retained keys (24 L1, 0 L2) in 1.4 ms (external_request_id=cmpl-83f5565010d028d7-0-849e61d3, prefetch_request_id=-1) [3m(storage_manager.py:716:lmcache.v1.distributed.storage_manager)[0m
[32;20m[2026-09-20 14:11:42,635] LMCache INFO:[0m Retrieved 384 tokens in 0.002 seconds [3m(lmcache_driven_transfer.py:1427:lmcache.v1.multiprocess.modules.lmcache_driven_transfer)[0m
[32;20m[2026-09-20 14:11:42,689] LMCache INFO:[0m Prefetch request completed (L1+L2): 24/24 retained keys (24 L1, 0 L2) in 1.2 ms (external_request_id=cmpl-b09b39062e7805ef-0-8aa26018, prefetch_request_id=-1) [3m(storage_manager.py:716:lmcache.v1.distributed.storage_manager)[0m
[32;20m[2026-09-20 14:11:42,694] LMCache INFO:[0m Retrieved 384 tokens in 0.002 seconds [3m(lmcache_driven_transfer.py:1427:lmcache.v1.multiprocess.modules.lmcache_driven_transfer)[0m
[32;20m[2026-09-20 14:11:42,747] LMCache INFO:[0m Prefetch request completed (L1+L2): 24/24 retained keys (24 L1, 0 L2) in 1.1 ms (external_request_id=cmpl-a1883ec08bc0dd8c-0-b3bf3b2a, prefetch_request_id=-1) [3m(storage_manager.py:716:lmcache.v1.distributed.storage_manager)[0m
[32;20m[2026-09-20 14:11:42,752] LMCache INFO:[0m Retrieved 384 tokens in 0.002 seconds [3m(lmcache_driven_transfer.py:1427:lmcache.v1.multiprocess.modules.lmcache_driven_transfer)[0m
[32;20m[2026-09-20 14:11:42,807] LMCache INFO:[0m Prefetch request completed (L1+L2): 24/24 retained keys (24 L1, 0 L2) in 1.1 ms (external_request_id=cmpl-ab122d397cc7304a-0-a5e9ce66, prefetch_request_id=-1) [3m(storage_manager.py:716:lmcache.v1.distributed.storage_manager)[0m
[32;20m[2026-09-20 14:11:42,812] LMCache INFO:[0m Retrieved 384 tokens in 0.002 seconds [3m(lmcache_driven_transfer.py:1427:lmcache.v1.multiprocess.modules.lmcache_driven_transfer)[0m
[32;20m[2026-09-20 14:11:42,865] LMCache INFO:[0m Prefetch request completed (L1+L2): 24/24 retained keys (24 L1, 0 L2) in 1.2 ms (external_request_id=cmpl-89a395c6b413f801-0-987a5efa, prefetch_request_id=-1) [3m(storage_manager.py:716:lmcache.v1.distributed.storage_manager)[0m
[32;20m[2026-09-20 14:11:42,870] LMCache INFO:[0m Retrieved 384 tokens in 0.002 seconds [3m(lmcache_driven_transfer.py:1427:lmcache.v1.multiprocess.modules.lmcache_driven_transfer)[0m
[32;20m[2026-09-20 14:11:42,924] LMCache INFO:[0m Prefetch request completed (L1+L2): 24/24 retained keys (24 L1, 0 L2) in 1.1 ms (external_request_id=cmpl-82ede2aa72eceb4d-0-82ae8e9e, prefetch_request_id=-1) [3m(storage_manager.py:716:lmcache.v1.distributed.storage_manager)[0m
[32;20m[2026-09-20 14:11:42,928] LMCache INFO:[0m Retrieved 384 tokens in 0.002 seconds [3m(lmcache_driven_transfer.py:1427:lmcache.v1.multiprocess.modules.lmcache_driven_transfer)[0m
[32;20m[2026-09-20 14:11:43,024] LMCache INFO:[0m Stored 384 tokens in 0.003 seconds [3m(lmcache_driven_transfer.py:1218:lmcache.v1.multiprocess.modules.lmcache_driven_transfer)[0m
[32;20m[2026-09-20 14:11:43,063] LMCache INFO:[0m Prefetch request completed (L1+L2): 24/24 retained keys (24 L1, 0 L2) in 1.0 ms (external_request_id=cmpl-97d4fdbd37748c5f-0-a12017ec, prefetch_request_id=-1) [3m(storage_manager.py:716:lmcache.v1.distributed.storage_manager)[0m
[32;20m[2026-09-20 14:11:43,068] LMCache INFO:[0m Retrieved 384 tokens in 0.002 seconds [3m(lmcache_driven_transfer.py:1427:lmcache.v1.multiprocess.modules.lmcache_driven_transfer)[0m
[32;20m[2026-09-20 14:11:43,166] LMCache INFO:[0m Stored 384 tokens in 0.003 seconds [3m(lmcache_driven_transfer.py:1218:lmcache.v1.multiprocess.modules.lmcache_driven_transfer)[0m
[32;20m[2026-09-20 14:11:43,262] LMCache INFO:[0m L1 memory usage 0.87 above watermark 0.80; triggering eviction. [3m(eviction_controller.py:179:lmcache.v1.distributed.storage_controllers.eviction_controller)[0m
[32;20m[2026-09-20 14:11:43,387] LMCache INFO:[0m Prefetch request completed (L1+L2): 24/24 retained keys (24 L1, 0 L2) in 1.4 ms (external_request_id=cmpl-a25c2b5e15e20a4a-0-b4aecffa, prefetch_request_id=-1) [3m(storage_manager.py:716:lmcache.v1.distributed.storage_manager)[0m
[32;20m[2026-09-20 14:11:43,392] LMCache INFO:[0m Retrieved 384 tokens in 0.002 seconds [3m(lmcache_driven_transfer.py:1427:lmcache.v1.multiprocess.modules.lmcache_driven_transfer)[0m
[32;20m[2026-09-20 14:11:43,502] LMCache INFO:[0m Stored 384 tokens in 0.003 seconds [3m(lmcache_driven_transfer.py:1218:lmcache.v1.multiprocess.modules.lmcache_driven_transfer)[0m
[32;20m[2026-09-20 14:11:43,577] LMCache INFO:[0m Stored 384 tokens in 0.003 seconds [3m(lmcache_driven_transfer.py:1218:lmcache.v1.multiprocess.modules.lmcache_driven_transfer)[0m
[32;20m[2026-09-20 14:11:43,671] LMCache INFO:[0m Stored 384 tokens in 0.003 seconds [3m(lmcache_driven_transfer.py:1218:lmcache.v1.multiprocess.modules.lmcache_driven_transfer)[0m
[32;20m[2026-09-20 14:11:43,761] LMCache INFO:[0m Stored 384 tokens in 0.003 seconds [3m(lmcache_driven_transfer.py:1218:lmcache.v1.multiprocess.modules.lmcache_driven_transfer)[0m
[32;20m[2026-09-20 14:11:43,850] LMCache INFO:[0m Stored 384 tokens in 0.003 seconds [3m(lmcache_driven_transfer.py:1218:lmcache.v1.multiprocess.modules.lmcache_driven_transfer)[0m
[32;20m[2026-09-20 14:11:43,941] LMCache INFO:[0m Stored 384 tokens in 0.003 seconds [3m(lmcache_driven_transfer.py:1218:lmcache.v1.multiprocess.modules.lmcache_driven_transfer)[0m
[32;20m[2026-09-20 14:11:44,032] LMCache INFO:[0m Stored 384 tokens in 0.004 seconds [3m(lmcache_driven_transfer.py:1218:lmcache.v1.multiprocess.modules.lmcache_driven_transfer)[0m
[32;20m[2026-09-20 14:11:44,121] LMCache INFO:[0m Stored 384 tokens in 0.003 seconds [3m(lmcache_driven_transfer.py:1218:lmcache.v1.multiprocess.modules.lmcache_driven_transfer)[0m
[32;20m[2026-09-20 14:11:44,205] LMCache INFO:[0m Stored 384 tokens in 0.003 seconds [3m(lmcache_driven_transfer.py:1218:lmcache.v1.multiprocess.modules.lmcache_driven_transfer)[0m
[32;20m[2026-09-20 14:11:44,267] LMCache INFO:[0m L1 memory usage 0.88 above watermark 0.80; triggering eviction. [3m(eviction_controller.py:179:lmcache.v1.distributed.storage_controllers.eviction_controller)[0m
[32;20m[2026-09-20 14:11:44,307] LMCache INFO:[0m Stored 208 tokens in 0.004 seconds [3m(lmcache_driven_transfer.py:1218:lmcache.v1.multiprocess.modules.lmcache_driven_transfer)[0m
[32;20m[2026-09-20 14:11:44,309] LMCache INFO:[0m Prefetch request completed (L1+L2): 24/24 retained keys (24 L1, 0 L2) in 1.4 ms (external_request_id=cmpl-9d4065f06176875b-0-a0a8b370, prefetch_request_id=-1) [3m(storage_manager.py:716:lmcache.v1.distributed.storage_manager)[0m
[32;20m[2026-09-20 14:11:44,316] LMCache INFO:[0m Retrieved 384 tokens in 0.003 seconds [3m(lmcache_driven_transfer.py:1427:lmcache.v1.multiprocess.modules.lmcache_driven_transfer)[0m
[32;20m[2026-09-20 14:11:44,396] LMCache INFO:[0m Prefetch request completed (L1+L2): 20/20 retained keys (20 L1, 0 L2) in 1.2 ms (external_request_id=cmpl-a28cbe2d6e2b32be-0-9d4bcf40, prefetch_request_id=-1) [3m(storage_manager.py:716:lmcache.v1.distributed.storage_manager)[0m
[32;20m[2026-09-20 14:11:44,402] LMCache INFO:[0m Prefetch request completed (L1+L2): 23/23 retained keys (23 L1, 0 L2) in 1.3 ms (external_request_id=cmpl-9dd422d4349c784f-0-a274d713, prefetch_request_id=-1) [3m(storage_manager.py:716:lmcache.v1.distributed.storage_manager)[0m
[32;20m[2026-09-20 14:11:44,403] LMCache INFO:[0m Retrieved 320 tokens in 0.004 seconds [3m(lmcache_driven_transfer.py:1427:lmcache.v1.multiprocess.modules.lmcache_driven_transfer)[0m
[32;20m[2026-09-20 14:11:44,409] LMCache INFO:[0m Retrieved 368 tokens in 0.003 seconds [3m(lmcache_driven_transfer.py:1427:lmcache.v1.multiprocess.modules.lmcache_driven_transfer)[0m
[32;20m[2026-09-20 14:11:44,492] LMCache INFO:[0m Prefetch request completed (L1+L2): 24/24 retained keys (24 L1, 0 L2) in 1.2 ms (external_request_id=cmpl-a05617c9c2b032d0-0-99774035, prefetch_request_id=-1) [3m(storage_manager.py:716:lmcache.v1.distributed.storage_manager)[0m
[32;20m[2026-09-20 14:11:44,497] LMCache INFO:[0m Retrieved 384 tokens in 0.002 seconds [3m(lmcache_driven_transfer.py:1427:lmcache.v1.multiprocess.modules.lmcache_driven_transfer)[0m
[32;20m[2026-09-20 14:11:44,551] LMCache INFO:[0m Prefetch request completed (L1+L2): 24/24 retained keys (24 L1, 0 L2) in 1.2 ms (external_request_id=cmpl-9512dc5356b684fb-0-a1a16fdb, prefetch_request_id=-1) [3m(storage_manager.py:716:lmcache.v1.distributed.storage_manager)[0m
[32;20m[2026-09-20 14:11:44,556] LMCache INFO:[0m Retrieved 384 tokens in 0.002 seconds [3m(lmcache_driven_transfer.py:1427:lmcache.v1.multiprocess.modules.lmcache_driven_transfer)[0m
[32;20m[2026-09-20 14:11:44,610] LMCache INFO:[0m Prefetch request completed (L1+L2): 24/24 retained keys (24 L1, 0 L2) in 1.1 ms (external_request_id=cmpl-a685afe760ba2423-0-abd80409, prefetch_request_id=-1) [3m(storage_manager.py:716:lmcache.v1.distributed.storage_manager)[0m
[32;20m[2026-09-20 14:11:44,615] LMCache INFO:[0m Retrieved 384 tokens in 0.002 seconds [3m(lmcache_driven_transfer.py:1427:lmcache.v1.multiprocess.modules.lmcache_driven_transfer)[0m
[32;20m[2026-09-20 14:11:44,710] LMCache INFO:[0m Stored 384 tokens in 0.003 seconds [3m(lmcache_driven_transfer.py:1218:lmcache.v1.multiprocess.modules.lmcache_driven_transfer)[0m
[32;20m[2026-09-20 14:11:44,751] LMCache INFO:[0m Prefetch request completed (L1+L2): 24/24 retained keys (24 L1, 0 L2) in 1.0 ms (external_request_id=cmpl-b891ed902baaa5ac-0-8625bc6a, prefetch_request_id=-1) [3m(storage_manager.py:716:lmcache.v1.distributed.storage_manager)[0m
[32;20m[2026-09-20 14:11:44,756] LMCache INFO:[0m Retrieved 384 tokens in 0.002 seconds [3m(lmcache_driven_transfer.py:1427:lmcache.v1.multiprocess.modules.lmcache_driven_transfer)[0m
[32;20m[2026-09-20 14:11:44,810] LMCache INFO:[0m Prefetch request completed (L1+L2): 24/24 retained keys (24 L1, 0 L2) in 1.1 ms (external_request_id=cmpl-99d73c5a23da2cd3-0-87003014, prefetch_request_id=-1) [3m(storage_manager.py:716:lmcache.v1.distributed.storage_manager)[0m
[32;20m[2026-09-20 14:11:44,815] LMCache INFO:[0m Retrieved 384 tokens in 0.002 seconds [3m(lmcache_driven_transfer.py:1427:lmcache.v1.multiprocess.modules.lmcache_driven_transfer)[0m
[32;20m[2026-09-20 14:11:44,870] LMCache INFO:[0m Prefetch request completed (L1+L2): 24/24 retained keys (24 L1, 0 L2) in 1.1 ms (external_request_id=cmpl-b8440a4b02090a33-0-ade96832, prefetch_request_id=-1) [3m(storage_manager.py:716:lmcache.v1.distributed.storage_manager)[0m
[32;20m[2026-09-20 14:11:44,875] LMCache INFO:[0m Retrieved 384 tokens in 0.002 seconds [3m(lmcache_driven_transfer.py:1427:lmcache.v1.multiprocess.modules.lmcache_driven_transfer)[0m
[32;20m[2026-09-20 14:11:44,972] LMCache INFO:[0m Stored 384 tokens in 0.003 seconds [3m(lmcache_driven_transfer.py:1218:lmcache.v1.multiprocess.modules.lmcache_driven_transfer)[0m
[32;20m[2026-09-20 14:11:45,055] LMCache INFO:[0m Stored 384 tokens in 0.003 seconds [3m(lmcache_driven_transfer.py:1218:lmcache.v1.multiprocess.modules.lmcache_driven_transfer)[0m
[32;20m[2026-09-20 14:11:45,250] LMCache INFO:[0m Prefetch request completed (L1+L2): 24/24 retained keys (24 L1, 0 L2) in 1.3 ms (external_request_id=cmpl-98adf26b369f6413-0-a2518d69, prefetch_request_id=-1) [3m(storage_manager.py:716:lmcache.v1.distributed.storage_manager)[0m
[32;20m[2026-09-20 14:11:45,255] LMCache INFO:[0m Retrieved 384 tokens in 0.002 seconds [3m(lmcache_driven_transfer.py:1427:lmcache.v1.multiprocess.modules.lmcache_driven_transfer)[0m
[32;20m[2026-09-20 14:11:45,365] LMCache INFO:[0m Stored 384 tokens in 0.003 seconds [3m(lmcache_driven_transfer.py:1218:lmcache.v1.multiprocess.modules.lmcache_driven_transfer)[0m
[32;20m[2026-09-20 14:11:45,440] LMCache INFO:[0m Stored 368 tokens in 0.003 seconds [3m(lmcache_driven_transfer.py:1218:lmcache.v1.multiprocess.modules.lmcache_driven_transfer)[0m
[32;20m[2026-09-20 14:11:45,536] LMCache INFO:[0m Stored 384 tokens in 0.003 seconds [3m(lmcache_driven_transfer.py:1218:lmcache.v1.multiprocess.modules.lmcache_driven_transfer)[0m
[32;20m[2026-09-20 14:11:45,625] LMCache INFO:[0m Stored 384 tokens in 0.003 seconds [3m(lmcache_driven_transfer.py:1218:lmcache.v1.multiprocess.modules.lmcache_driven_transfer)[0m
[32;20m[2026-09-20 14:11:45,715] LMCache INFO:[0m Stored 384 tokens in 0.003 seconds [3m(lmcache_driven_transfer.py:1218:lmcache.v1.multiprocess.modules.lmcache_driven_transfer)[0m
[32;20m[2026-09-20 14:11:45,806] LMCache INFO:[0m Stored 384 tokens in 0.003 seconds [3m(lmcache_driven_transfer.py:1218:lmcache.v1.multiprocess.modules.lmcache_driven_transfer)[0m
[32;20m[2026-09-20 14:11:45,848] LMCache INFO:[0m Prefetch request completed (L1+L2): 24/24 retained keys (24 L1, 0 L2) in 1.4 ms (external_request_id=cmpl-af4ea9c9f39f2994-0-b86df50b, prefetch_request_id=-1) [3m(storage_manager.py:716:lmcache.v1.distributed.storage_manager)[0m
[32;20m[2026-09-20 14:11:45,853] LMCache INFO:[0m Retrieved 384 tokens in 0.002 seconds [3m(lmcache_driven_transfer.py:1427:lmcache.v1.multiprocess.modules.lmcache_driven_transfer)[0m
[32;20m[2026-09-20 14:11:45,953] LMCache INFO:[0m Stored 368 tokens in 0.003 seconds [3m(lmcache_driven_transfer.py:1218:lmcache.v1.multiprocess.modules.lmcache_driven_transfer)[0m
[32;20m[2026-09-20 14:11:46,033] LMCache INFO:[0m Stored 384 tokens in 0.003 seconds [3m(lmcache_driven_transfer.py:1218:lmcache.v1.multiprocess.modules.lmcache_driven_transfer)[0m
[32;20m[2026-09-20 14:11:46,128] LMCache INFO:[0m Stored 384 tokens in 0.003 seconds [3m(lmcache_driven_transfer.py:1218:lmcache.v1.multiprocess.modules.lmcache_driven_transfer)[0m
[32;20m[2026-09-20 14:11:46,167] LMCache INFO:[0m Prefetch request completed (L1+L2): 24/24 retained keys (24 L1, 0 L2) in 1.4 ms (external_request_id=cmpl-8ae9fb83c982d97d-0-a53ed9ea, prefetch_request_id=-1) [3m(storage_manager.py:716:lmcache.v1.distributed.storage_manager)[0m
[32;20m[2026-09-20 14:11:46,172] LMCache INFO:[0m Retrieved 384 tokens in 0.002 seconds [3m(lmcache_driven_transfer.py:1427:lmcache.v1.multiprocess.modules.lmcache_driven_transfer)[0m
[32;20m[2026-09-20 14:11:46,275] LMCache INFO:[0m L1 memory usage 0.96 above watermark 0.80; triggering eviction. [3m(eviction_controller.py:179:lmcache.v1.distributed.storage_controllers.eviction_controller)[0m
[32;20m[2026-09-20 14:11:46,287] LMCache INFO:[0m Stored 384 tokens in 0.004 seconds [3m(lmcache_driven_transfer.py:1218:lmcache.v1.multiprocess.modules.lmcache_driven_transfer)[0m
[32;20m[2026-09-20 14:11:46,360] LMCache INFO:[0m Stored 384 tokens in 0.003 seconds [3m(lmcache_driven_transfer.py:1218:lmcache.v1.multiprocess.modules.lmcache_driven_transfer)[0m
[32;20m[2026-09-20 14:11:46,456] LMCache INFO:[0m Stored 384 tokens in 0.003 seconds [3m(lmcache_driven_transfer.py:1218:lmcache.v1.multiprocess.modules.lmcache_driven_transfer)[0m
[32;20m[2026-09-20 14:11:46,549] LMCache INFO:[0m Stored 384 tokens in 0.004 seconds [3m(lmcache_driven_transfer.py:1218:lmcache.v1.multiprocess.modules.lmcache_driven_transfer)[0m
[32;20m[2026-09-20 14:11:46,634] LMCache INFO:[0m Stored 384 tokens in 0.003 seconds [3m(lmcache_driven_transfer.py:1218:lmcache.v1.multiprocess.modules.lmcache_driven_transfer)[0m
[32;20m[2026-09-20 14:11:46,726] LMCache INFO:[0m Stored 384 tokens in 0.003 seconds [3m(lmcache_driven_transfer.py:1218:lmcache.v1.multiprocess.modules.lmcache_driven_transfer)[0m
[32;20m[2026-09-20 14:11:46,813] LMCache INFO:[0m Stored 384 tokens in 0.003 seconds [3m(lmcache_driven_transfer.py:1218:lmcache.v1.multiprocess.modules.lmcache_driven_transfer)[0m
[32;20m[2026-09-20 14:11:46,900] LMCache INFO:[0m Stored 384 tokens in 0.003 seconds [3m(lmcache_driven_transfer.py:1218:lmcache.v1.multiprocess.modules.lmcache_driven_transfer)[0m
[32;20m[2026-09-20 14:11:46,994] LMCache INFO:[0m Stored 384 tokens in 0.003 seconds [3m(lmcache_driven_transfer.py:1218:lmcache.v1.multiprocess.modules.lmcache_driven_transfer)[0m
[32;20m[2026-09-20 14:11:47,087] LMCache INFO:[0m Stored 384 tokens in 0.003 seconds [3m(lmcache_driven_transfer.py:1218:lmcache.v1.multiprocess.modules.lmcache_driven_transfer)[0m
[32;20m[2026-09-20 14:11:47,124] LMCache INFO:[0m Prefetch request completed (L1+L2): 24/24 retained keys (24 L1, 0 L2) in 1.3 ms (external_request_id=cmpl-a943002c1a1df163-0-90b3c289, prefetch_request_id=-1) [3m(storage_manager.py:716:lmcache.v1.distributed.storage_manager)[0m
[32;20m[2026-09-20 14:11:47,129] LMCache INFO:[0m Retrieved 384 tokens in 0.002 seconds [3m(lmcache_driven_transfer.py:1427:lmcache.v1.multiprocess.modules.lmcache_driven_transfer)[0m
[32;20m[2026-09-20 14:11:47,237] LMCache INFO:[0m Stored 384 tokens in 0.003 seconds [3m(lmcache_driven_transfer.py:1218:lmcache.v1.multiprocess.modules.lmcache_driven_transfer)[0m
[32;20m[2026-09-20 14:11:47,285] LMCache INFO:[0m L1 memory usage 1.00 above watermark 0.80; triggering eviction. [3m(eviction_controller.py:179:lmcache.v1.distributed.storage_controllers.eviction_controller)[0m
[32;20m[2026-09-20 14:11:47,313] LMCache INFO:[0m Stored 384 tokens in 0.003 seconds [3m(lmcache_driven_transfer.py:1218:lmcache.v1.multiprocess.modules.lmcache_driven_transfer)[0m
[32;20m[2026-09-20 14:11:47,407] LMCache INFO:[0m Stored 384 tokens in 0.003 seconds [3m(lmcache_driven_transfer.py:1218:lmcache.v1.multiprocess.modules.lmcache_driven_transfer)[0m
[32;20m[2026-09-20 14:11:47,498] LMCache INFO:[0m Stored 384 tokens in 0.003 seconds [3m(lmcache_driven_transfer.py:1218:lmcache.v1.multiprocess.modules.lmcache_driven_transfer)[0m
[32;20m[2026-09-20 14:11:47,587] LMCache INFO:[0m Stored 384 tokens in 0.003 seconds [3m(lmcache_driven_transfer.py:1218:lmcache.v1.multiprocess.modules.lmcache_driven_transfer)[0m
[32;20m[2026-09-20 14:11:47,674] LMCache INFO:[0m Stored 384 tokens in 0.003 seconds [3m(lmcache_driven_transfer.py:1218:lmcache.v1.multiprocess.modules.lmcache_driven_transfer)[0m
[32;20m[2026-09-20 14:11:47,768] LMCache INFO:[0m Stored 384 tokens in 0.003 seconds [3m(lmcache_driven_transfer.py:1218:lmcache.v1.multiprocess.modules.lmcache_driven_transfer)[0m
[32;20m[2026-09-20 14:11:47,860] LMCache INFO:[0m Stored 384 tokens in 0.003 seconds [3m(lmcache_driven_transfer.py:1218:lmcache.v1.multiprocess.modules.lmcache_driven_transfer)[0m
[32;20m[2026-09-20 14:11:47,950] LMCache INFO:[0m Stored 384 tokens in 0.003 seconds [3m(lmcache_driven_transfer.py:1218:lmcache.v1.multiprocess.modules.lmcache_driven_transfer)[0m
[32;20m[2026-09-20 14:11:48,041] LMCache INFO:[0m Stored 384 tokens in 0.003 seconds [3m(lmcache_driven_transfer.py:1218:lmcache.v1.multiprocess.modules.lmcache_driven_transfer)[0m
[32;20m[2026-09-20 14:11:48,077] LMCache INFO:[0m Prefetch request completed (L1+L2): 24/24 retained keys (24 L1, 0 L2) in 1.4 ms (external_request_id=cmpl-87746c135f7555b2-0-96414463, prefetch_request_id=-1) [3m(storage_manager.py:716:lmcache.v1.distributed.storage_manager)[0m
[32;20m[2026-09-20 14:11:48,083] LMCache INFO:[0m Retrieved 384 tokens in 0.002 seconds [3m(lmcache_driven_transfer.py:1427:lmcache.v1.multiprocess.modules.lmcache_driven_transfer)[0m
[33;20m[2026-09-20 14:11:48,190] LMCache WARNING:[0m Failed to batched allocate 24 memory blocks of size 458752 because no enough memory is available (short by 2 blocks) [3m(memory_management.py:1490:lmcache.v1.memory_management)[0m
[33;20m[2026-09-20 14:11:48,267] LMCache WARNING:[0m Failed to batched allocate 23 memory blocks of size 458752 because no enough memory is available (short by 1 blocks) [3m(memory_management.py:1490:lmcache.v1.memory_management)[0m
[32;20m[2026-09-20 14:11:48,292] LMCache INFO:[0m L1 memory usage 0.98 above watermark 0.80; triggering eviction. [3m(eviction_controller.py:179:lmcache.v1.distributed.storage_controllers.eviction_controller)[0m
[32;20m[2026-09-20 14:11:48,348] LMCache INFO:[0m Stored 384 tokens in 0.003 seconds [3m(lmcache_driven_transfer.py:1218:lmcache.v1.multiprocess.modules.lmcache_driven_transfer)[0m
[32;20m[2026-09-20 14:11:48,444] LMCache INFO:[0m Stored 384 tokens in 0.003 seconds [3m(lmcache_driven_transfer.py:1218:lmcache.v1.multiprocess.modules.lmcache_driven_transfer)[0m
[32;20m[2026-09-20 14:11:48,535] LMCache INFO:[0m Stored 384 tokens in 0.003 seconds [3m(lmcache_driven_transfer.py:1218:lmcache.v1.multiprocess.modules.lmcache_driven_transfer)[0m
[32;20m[2026-09-20 14:11:48,622] LMCache INFO:[0m Stored 384 tokens in 0.003 seconds [3m(lmcache_driven_transfer.py:1218:lmcache.v1.multiprocess.modules.lmcache_driven_transfer)[0m
[32;20m[2026-09-20 14:11:48,715] LMCache INFO:[0m Stored 368 tokens in 0.003 seconds [3m(lmcache_driven_transfer.py:1218:lmcache.v1.multiprocess.modules.lmcache_driven_transfer)[0m
[32;20m[2026-09-20 14:11:48,806] LMCache INFO:[0m Stored 384 tokens in 0.003 seconds [3m(lmcache_driven_transfer.py:1218:lmcache.v1.multiprocess.modules.lmcache_driven_transfer)[0m
[32;20m[2026-09-20 14:11:48,895] LMCache INFO:[0m Stored 384 tokens in 0.003 seconds [3m(lmcache_driven_transfer.py:1218:lmcache.v1.multiprocess.modules.lmcache_driven_transfer)[0m
[32;20m[2026-09-20 14:11:48,987] LMCache INFO:[0m Stored 384 tokens in 0.003 seconds [3m(lmcache_driven_transfer.py:1218:lmcache.v1.multiprocess.modules.lmcache_driven_transfer)[0m
[32;20m[2026-09-20 14:11:49,074] LMCache INFO:[0m Stored 384 tokens in 0.003 seconds [3m(lmcache_driven_transfer.py:1218:lmcache.v1.multiprocess.modules.lmcache_driven_transfer)[0m
[32;20m[2026-09-20 14:11:49,157] LMCache INFO:[0m Stored 384 tokens in 0.003 seconds [3m(lmcache_driven_transfer.py:1218:lmcache.v1.multiprocess.modules.lmcache_driven_transfer)[0m
[32;20m[2026-09-20 14:11:49,222] LMCache INFO:[0m Prefetch request completed (L1+L2): 24/24 retained keys (24 L1, 0 L2) in 1.2 ms (external_request_id=cmpl-a9623978556ed7a0-0-b8323e55, prefetch_request_id=-1) [3m(storage_manager.py:716:lmcache.v1.distributed.storage_manager)[0m
[32;20m[2026-09-20 14:11:49,229] LMCache INFO:[0m Retrieved 384 tokens in 0.003 seconds [3m(lmcache_driven_transfer.py:1427:lmcache.v1.multiprocess.modules.lmcache_driven_transfer)[0m
[32;20m[2026-09-20 14:11:49,229] LMCache INFO:[0m Prefetch request completed (L1+L2): 24/24 retained keys (24 L1, 0 L2) in 2.0 ms (external_request_id=cmpl-ac011f8bcd198068-0-b78248f2, prefetch_request_id=-1) [3m(storage_manager.py:716:lmcache.v1.distributed.storage_manager)[0m
[32;20m[2026-09-20 14:11:49,237] LMCache INFO:[0m Retrieved 384 tokens in 0.005 seconds [3m(lmcache_driven_transfer.py:1427:lmcache.v1.multiprocess.modules.lmcache_driven_transfer)[0m
[32;20m[2026-09-20 14:11:49,299] LMCache INFO:[0m L1 memory usage 0.99 above watermark 0.80; triggering eviction. [3m(eviction_controller.py:179:lmcache.v1.distributed.storage_controllers.eviction_controller)[0m
[32;20m[2026-09-20 14:11:49,332] LMCache INFO:[0m Prefetch request completed (L1+L2): 17/23 retained keys (17 L1, 0 L2) in 1.3 ms (external_request_id=cmpl-940550168e483210-0-807b3fc6, prefetch_request_id=-1) [3m(storage_manager.py:716:lmcache.v1.distributed.storage_manager)[0m
[32;20m[2026-09-20 14:11:49,337] LMCache INFO:[0m Retrieved 272 tokens in 0.002 seconds [3m(lmcache_driven_transfer.py:1427:lmcache.v1.multiprocess.modules.lmcache_driven_transfer)[0m
[32;20m[2026-09-20 14:11:49,382] LMCache INFO:[0m Stored 96 tokens in 0.003 seconds [3m(lmcache_driven_transfer.py:1218:lmcache.v1.multiprocess.modules.lmcache_driven_transfer)[0m
[32;20m[2026-09-20 14:11:49,434] LMCache INFO:[0m Stored 384 tokens in 0.003 seconds [3m(lmcache_driven_transfer.py:1218:lmcache.v1.multiprocess.modules.lmcache_driven_transfer)[0m
[32;20m[2026-09-20 14:11:49,480] LMCache INFO:[0m Prefetch request completed (L1+L2): 23/23 retained keys (23 L1, 0 L2) in 1.1 ms (external_request_id=cmpl-82ed2bc0decaa8eb-0-8113dae1, prefetch_request_id=-1) [3m(storage_manager.py:716:lmcache.v1.distributed.storage_manager)[0m
[32;20m[2026-09-20 14:11:49,485] LMCache INFO:[0m Retrieved 368 tokens in 0.002 seconds [3m(lmcache_driven_transfer.py:1427:lmcache.v1.multiprocess.modules.lmcache_driven_transfer)[0m
[32;20m[2026-09-20 14:11:49,541] LMCache INFO:[0m Prefetch request completed (L1+L2): 24/24 retained keys (24 L1, 0 L2) in 1.3 ms (external_request_id=cmpl-a7e7f4cb9b5fd150-0-8ebfe36b, prefetch_request_id=-1) [3m(storage_manager.py:716:lmcache.v1.distributed.storage_manager)[0m
[32;20m[2026-09-20 14:11:49,546] LMCache INFO:[0m Retrieved 384 tokens in 0.002 seconds [3m(lmcache_driven_transfer.py:1427:lmcache.v1.multiprocess.modules.lmcache_driven_transfer)[0m
[32;20m[2026-09-20 14:11:49,600] LMCache INFO:[0m Prefetch request completed (L1+L2): 24/24 retained keys (24 L1, 0 L2) in 1.2 ms (external_request_id=cmpl-91ecac519e983590-0-adfaa44d, prefetch_request_id=-1) [3m(storage_manager.py:716:lmcache.v1.distributed.storage_manager)[0m
[32;20m[2026-09-20 14:11:49,605] LMCache INFO:[0m Retrieved 384 tokens in 0.002 seconds [3m(lmcache_driven_transfer.py:1427:lmcache.v1.multiprocess.modules.lmcache_driven_transfer)[0m
[32;20m[2026-09-20 14:11:49,660] LMCache INFO:[0m Prefetch request completed (L1+L2): 24/24 retained keys (24 L1, 0 L2) in 1.1 ms (external_request_id=cmpl-8b2746087208dd41-0-87024f8c, prefetch_request_id=-1) [3m(storage_manager.py:716:lmcache.v1.distributed.storage_manager)[0m
[32;20m[2026-09-20 14:11:49,665] LMCache INFO:[0m Retrieved 384 tokens in 0.002 seconds [3m(lmcache_driven_transfer.py:1427:lmcache.v1.multiprocess.modules.lmcache_driven_transfer)[0m
[32;20m[2026-09-20 14:11:49,762] LMCache INFO:[0m Stored 384 tokens in 0.003 seconds [3m(lmcache_driven_transfer.py:1218:lmcache.v1.multiprocess.modules.lmcache_driven_transfer)[0m
[32;20m[2026-09-20 14:11:49,847] LMCache INFO:[0m Stored 384 tokens in 0.003 seconds [3m(lmcache_driven_transfer.py:1218:lmcache.v1.multiprocess.modules.lmcache_driven_transfer)[0m
[32;20m[2026-09-20 14:11:49,943] LMCache INFO:[0m Stored 384 tokens in 0.003 seconds [3m(lmcache_driven_transfer.py:1218:lmcache.v1.multiprocess.modules.lmcache_driven_transfer)[0m
[32;20m[2026-09-20 14:11:50,037] LMCache INFO:[0m Prefetch request completed (L1+L2): 24/24 retained keys (24 L1, 0 L2) in 1.1 ms (external_request_id=cmpl-8ae068576855f120-0-a8aadabe, prefetch_request_id=-1) [3m(storage_manager.py:716:lmcache.v1.distributed.storage_manager)[0m
[32;20m[2026-09-20 14:11:50,042] LMCache INFO:[0m Retrieved 384 tokens in 0.002 seconds [3m(lmcache_driven_transfer.py:1427:lmcache.v1.multiprocess.modules.lmcache_driven_transfer)[0m
[32;20m[2026-09-20 14:11:50,157] LMCache INFO:[0m Stored 320 tokens in 0.003 seconds [3m(lmcache_driven_transfer.py:1218:lmcache.v1.multiprocess.modules.lmcache_driven_transfer)[0m
[32;20m[2026-09-20 14:11:50,224] LMCache INFO:[0m Stored 368 tokens in 0.003 seconds [3m(lmcache_driven_transfer.py:1218:lmcache.v1.multiprocess.modules.lmcache_driven_transfer)[0m
[32;20m[2026-09-20 14:11:50,308] LMCache INFO:[0m L1 memory usage 0.92 above watermark 0.80; triggering eviction. [3m(eviction_controller.py:179:lmcache.v1.distributed.storage_controllers.eviction_controller)[0m
[32;20m[2026-09-20 14:11:50,320] LMCache INFO:[0m Stored 384 tokens in 0.004 seconds [3m(lmcache_driven_transfer.py:1218:lmcache.v1.multiprocess.modules.lmcache_driven_transfer)[0m
[32;20m[2026-09-20 14:11:50,411] LMCache INFO:[0m Stored 384 tokens in 0.003 seconds [3m(lmcache_driven_transfer.py:1218:lmcache.v1.multiprocess.modules.lmcache_driven_transfer)[0m
[32;20m[2026-09-20 14:11:50,498] LMCache INFO:[0m Stored 384 tokens in 0.004 seconds [3m(lmcache_driven_transfer.py:1218:lmcache.v1.multiprocess.modules.lmcache_driven_transfer)[0m
[32;20m[2026-09-20 14:11:50,591] LMCache INFO:[0m Stored 384 tokens in 0.003 seconds [3m(lmcache_driven_transfer.py:1218:lmcache.v1.multiprocess.modules.lmcache_driven_transfer)[0m
[32;20m[2026-09-20 14:11:50,683] LMCache INFO:[0m Stored 384 tokens in 0.003 seconds [3m(lmcache_driven_transfer.py:1218:lmcache.v1.multiprocess.modules.lmcache_driven_transfer)[0m
[32;20m[2026-09-20 14:11:50,775] LMCache INFO:[0m Stored 384 tokens in 0.003 seconds [3m(lmcache_driven_transfer.py:1218:lmcache.v1.multiprocess.modules.lmcache_driven_transfer)[0m
[32;20m[2026-09-20 14:11:50,863] LMCache INFO:[0m Stored 384 tokens in 0.003 seconds [3m(lmcache_driven_transfer.py:1218:lmcache.v1.multiprocess.modules.lmcache_driven_transfer)[0m
[32;20m[2026-09-20 14:11:50,914] LMCache INFO:[0m Prefetch request completed (L1+L2): 24/24 retained keys (24 L1, 0 L2) in 1.1 ms (external_request_id=cmpl-914842565d14a020-0-8d4db291, prefetch_request_id=-1) [3m(storage_manager.py:716:lmcache.v1.distributed.storage_manager)[0m
[32;20m[2026-09-20 14:11:50,919] LMCache INFO:[0m Retrieved 384 tokens in 0.002 seconds [3m(lmcache_driven_transfer.py:1427:lmcache.v1.multiprocess.modules.lmcache_driven_transfer)[0m
[32;20m[2026-09-20 14:11:51,018] LMCache INFO:[0m Stored 384 tokens in 0.003 seconds [3m(lmcache_driven_transfer.py:1218:lmcache.v1.multiprocess.modules.lmcache_driven_transfer)[0m
[32;20m[2026-09-20 14:11:51,053] LMCache INFO:[0m Prefetch request completed (L1+L2): 24/24 retained keys (24 L1, 0 L2) in 1.3 ms (external_request_id=cmpl-9c88b45d22284188-0-a4524001, prefetch_request_id=-1) [3m(storage_manager.py:716:lmcache.v1.distributed.storage_manager)[0m
[32;20m[2026-09-20 14:11:51,058] LMCache INFO:[0m Retrieved 384 tokens in 0.002 seconds [3m(lmcache_driven_transfer.py:1427:lmcache.v1.multiprocess.modules.lmcache_driven_transfer)[0m
[32;20m[2026-09-20 14:11:51,126] LMCache INFO:[0m Prefetch request completed (L1+L2): 24/24 retained keys (24 L1, 0 L2) in 1.1 ms (external_request_id=cmpl-af0db0c3057f2b29-0-b281fd73, prefetch_request_id=-1) [3m(storage_manager.py:716:lmcache.v1.distributed.storage_manager)[0m
[32;20m[2026-09-20 14:11:51,133] LMCache INFO:[0m Prefetch request completed (L1+L2): 24/24 retained keys (24 L1, 0 L2) in 1.8 ms (external_request_id=cmpl-87388dbd28a45b92-0-9e80609d, prefetch_request_id=-1) [3m(storage_manager.py:716:lmcache.v1.distributed.storage_manager)[0m
[32;20m[2026-09-20 14:11:51,133] LMCache INFO:[0m Retrieved 384 tokens in 0.004 seconds [3m(lmcache_driven_transfer.py:1427:lmcache.v1.multiprocess.modules.lmcache_driven_transfer)[0m
[32;20m[2026-09-20 14:11:51,140] LMCache INFO:[0m Retrieved 384 tokens in 0.004 seconds [3m(lmcache_driven_transfer.py:1427:lmcache.v1.multiprocess.modules.lmcache_driven_transfer)[0m
[32;20m[2026-09-20 14:11:51,232] LMCache INFO:[0m Prefetch request completed (L1+L2): 24/24 retained keys (24 L1, 0 L2) in 1.1 ms (external_request_id=cmpl-8f4db5e9456a0b57-0-bee74825, prefetch_request_id=-1) [3m(storage_manager.py:716:lmcache.v1.distributed.storage_manager)[0m
[32;20m[2026-09-20 14:11:51,237] LMCache INFO:[0m Retrieved 384 tokens in 0.002 seconds [3m(lmcache_driven_transfer.py:1427:lmcache.v1.multiprocess.modules.lmcache_driven_transfer)[0m
[32;20m[2026-09-20 14:11:51,292] LMCache INFO:[0m Prefetch request completed (L1+L2): 24/24 retained keys (24 L1, 0 L2) in 1.1 ms (external_request_id=cmpl-af530212165acdb4-0-aef6d76e, prefetch_request_id=-1) [3m(storage_manager.py:716:lmcache.v1.distributed.storage_manager)[0m
[32;20m[2026-09-20 14:11:51,296] LMCache INFO:[0m L0<->L1 stats [cuda:0] last 10.0s: store ops=85 tokens=30400 size=0.87GB avg_copy=7.33GB/s | retrieve ops=39 tokens=14768 size=0.42GB avg_copy=3.97GB/s [3m(extra_stats.py:159:lmcache.v1.mp_observability.subscribers.logging.extra_stats)[0m
[32;20m[2026-09-20 14:11:51,296] LMCache INFO:[0m L0<->L1 stats [cuda:0] cumulative: store ops=179 tokens=65776 size=1.89GB avg_copy=7.37GB/s | retrieve ops=59 tokens=22368 size=0.64GB avg_copy=4.03GB/s [3m(extra_stats.py:168:lmcache.v1.mp_observability.subscribers.logging.extra_stats)[0m
[32;20m[2026-09-20 14:11:51,298] LMCache INFO:[0m Retrieved 384 tokens in 0.003 seconds [3m(lmcache_driven_transfer.py:1427:lmcache.v1.multiprocess.modules.lmcache_driven_transfer)[0m
[32;20m[2026-09-20 14:11:51,318] LMCache INFO:[0m L1 memory usage: 0.45/0.50 GiB (89.7%) [3m(eviction_controller.py:153:lmcache.v1.distributed.storage_controllers.eviction_controller)[0m
[32;20m[2026-09-20 14:11:51,319] LMCache INFO:[0m L1 memory usage 0.90 above watermark 0.80; triggering eviction. [3m(eviction_controller.py:179:lmcache.v1.distributed.storage_controllers.eviction_controller)[0m
[32;20m[2026-09-20 14:11:51,401] LMCache INFO:[0m Stored 384 tokens in 0.003 seconds [3m(lmcache_driven_transfer.py:1218:lmcache.v1.multiprocess.modules.lmcache_driven_transfer)[0m
[32;20m[2026-09-20 14:11:51,440] LMCache INFO:[0m Prefetch request completed (L1+L2): 24/24 retained keys (24 L1, 0 L2) in 1.1 ms (external_request_id=cmpl-a15bfaf02be12771-0-8ebe1827, prefetch_request_id=-1) [3m(storage_manager.py:716:lmcache.v1.distributed.storage_manager)[0m
[32;20m[2026-09-20 14:11:51,445] LMCache INFO:[0m Retrieved 384 tokens in 0.002 seconds [3m(lmcache_driven_transfer.py:1427:lmcache.v1.multiprocess.modules.lmcache_driven_transfer)[0m
[32;20m[2026-09-20 14:11:51,499] LMCache INFO:[0m Prefetch request completed (L1+L2): 23/23 retained keys (23 L1, 0 L2) in 1.2 ms (external_request_id=cmpl-a2298ef705944e12-0-97dc5377, prefetch_request_id=-1) [3m(storage_manager.py:716:lmcache.v1.distributed.storage_manager)[0m
[32;20m[2026-09-20 14:11:51,503] LMCache INFO:[0m Retrieved 368 tokens in 0.002 seconds [3m(lmcache_driven_transfer.py:1427:lmcache.v1.multiprocess.modules.lmcache_driven_transfer)[0m
[32;20m[2026-09-20 14:11:51,556] LMCache INFO:[0m Prefetch request completed (L1+L2): 24/24 retained keys (24 L1, 0 L2) in 1.3 ms (external_request_id=cmpl-a5d45dc2c23a523e-0-845e88dc, prefetch_request_id=-1) [3m(storage_manager.py:716:lmcache.v1.distributed.storage_manager)[0m
[32;20m[2026-09-20 14:11:51,562] LMCache INFO:[0m Retrieved 384 tokens in 0.003 seconds [3m(lmcache_driven_transfer.py:1427:lmcache.v1.multiprocess.modules.lmcache_driven_transfer)[0m
[32;20m[2026-09-20 14:11:51,618] LMCache INFO:[0m Prefetch request completed (L1+L2): 24/24 retained keys (24 L1, 0 L2) in 1.1 ms (external_request_id=cmpl-ad994cba63afc7bf-0-b21a8fe1, prefetch_request_id=-1) [3m(storage_manager.py:716:lmcache.v1.distributed.storage_manager)[0m
[32;20m[2026-09-20 14:11:51,623] LMCache INFO:[0m Retrieved 384 tokens in 0.002 seconds [3m(lmcache_driven_transfer.py:1427:lmcache.v1.multiprocess.modules.lmcache_driven_transfer)[0m
[32;20m[2026-09-20 14:11:51,677] LMCache INFO:[0m Prefetch request completed (L1+L2): 20/20 retained keys (20 L1, 0 L2) in 1.1 ms (external_request_id=cmpl-b85257d65912e695-0-a563e9da, prefetch_request_id=-1) [3m(storage_manager.py:716:lmcache.v1.distributed.storage_manager)[0m
[32;20m[2026-09-20 14:11:51,682] LMCache INFO:[0m Retrieved 320 tokens in 0.002 seconds [3m(lmcache_driven_transfer.py:1427:lmcache.v1.multiprocess.modules.lmcache_driven_transfer)[0m
[32;20m[2026-09-20 14:11:51,780] LMCache INFO:[0m Stored 384 tokens in 0.003 seconds [3m(lmcache_driven_transfer.py:1218:lmcache.v1.multiprocess.modules.lmcache_driven_transfer)[0m
[32;20m[2026-09-20 14:11:51,939] LMCache INFO:[0m Prefetch request completed (L1+L2): 24/24 retained keys (24 L1, 0 L2) in 1.5 ms (external_request_id=cmpl-8eefb027e2270bb2-0-a4ed62aa, prefetch_request_id=-1) [3m(storage_manager.py:716:lmcache.v1.distributed.storage_manager)[0m
[32;20m[2026-09-20 14:11:51,944] LMCache INFO:[0m Retrieved 384 tokens in 0.002 seconds [3m(lmcache_driven_transfer.py:1427:lmcache.v1.multiprocess.modules.lmcache_driven_transfer)[0m
[32;20m[2026-09-20 14:11:52,058] LMCache INFO:[0m Stored 384 tokens in 0.003 seconds [3m(lmcache_driven_transfer.py:1218:lmcache.v1.multiprocess.modules.lmcache_driven_transfer)[0m
[32;20m[2026-09-20 14:11:52,129] LMCache INFO:[0m Stored 384 tokens in 0.003 seconds [3m(lmcache_driven_transfer.py:1218:lmcache.v1.multiprocess.modules.lmcache_driven_transfer)[0m
[32;20m[2026-09-20 14:11:52,223] LMCache INFO:[0m Stored 384 tokens in 0.003 seconds [3m(lmcache_driven_transfer.py:1218:lmcache.v1.multiprocess.modules.lmcache_driven_transfer)[0m
[32;20m[2026-09-20 14:11:52,317] LMCache INFO:[0m Stored 384 tokens in 0.003 seconds [3m(lmcache_driven_transfer.py:1218:lmcache.v1.multiprocess.modules.lmcache_driven_transfer)[0m
[32;20m[2026-09-20 14:11:52,327] LMCache INFO:[0m L1 memory usage 0.84 above watermark 0.80; triggering eviction. [3m(eviction_controller.py:179:lmcache.v1.distributed.storage_controllers.eviction_controller)[0m
[32;20m[2026-09-20 14:11:52,409] LMCache INFO:[0m Stored 368 tokens in 0.003 seconds [3m(lmcache_driven_transfer.py:1218:lmcache.v1.multiprocess.modules.lmcache_driven_transfer)[0m
[32;20m[2026-09-20 14:11:52,498] LMCache INFO:[0m Stored 384 tokens in 0.003 seconds [3m(lmcache_driven_transfer.py:1218:lmcache.v1.multiprocess.modules.lmcache_driven_transfer)[0m
[32;20m[2026-09-20 14:11:52,588] LMCache INFO:[0m Stored 384 tokens in 0.003 seconds [3m(lmcache_driven_transfer.py:1218:lmcache.v1.multiprocess.modules.lmcache_driven_transfer)[0m
[32;20m[2026-09-20 14:11:52,678] LMCache INFO:[0m Stored 384 tokens in 0.003 seconds [3m(lmcache_driven_transfer.py:1218:lmcache.v1.multiprocess.modules.lmcache_driven_transfer)[0m
[32;20m[2026-09-20 14:11:52,768] LMCache INFO:[0m Stored 384 tokens in 0.003 seconds [3m(lmcache_driven_transfer.py:1218:lmcache.v1.multiprocess.modules.lmcache_driven_transfer)[0m
[32;20m[2026-09-20 14:11:52,862] LMCache INFO:[0m Stored 384 tokens in 0.003 seconds [3m(lmcache_driven_transfer.py:1218:lmcache.v1.multiprocess.modules.lmcache_driven_transfer)[0m
[32;20m[2026-09-20 14:11:52,955] LMCache INFO:[0m Stored 384 tokens in 0.003 seconds [3m(lmcache_driven_transfer.py:1218:lmcache.v1.multiprocess.modules.lmcache_driven_transfer)[0m
[32;20m[2026-09-20 14:11:52,994] LMCache INFO:[0m Prefetch request completed (L1+L2): 24/24 retained keys (24 L1, 0 L2) in 1.0 ms (external_request_id=cmpl-a6cf99ac93e3204a-0-b7ec3112, prefetch_request_id=-1) [3m(storage_manager.py:716:lmcache.v1.distributed.storage_manager)[0m
[32;20m[2026-09-20 14:11:52,999] LMCache INFO:[0m Retrieved 384 tokens in 0.002 seconds [3m(lmcache_driven_transfer.py:1427:lmcache.v1.multiprocess.modules.lmcache_driven_transfer)[0m
[32;20m[2026-09-20 14:11:53,113] LMCache INFO:[0m Stored 384 tokens in 0.003 seconds [3m(lmcache_driven_transfer.py:1218:lmcache.v1.multiprocess.modules.lmcache_driven_transfer)[0m
[32;20m[2026-09-20 14:11:53,194] LMCache INFO:[0m Stored 384 tokens in 0.003 seconds [3m(lmcache_driven_transfer.py:1218:lmcache.v1.multiprocess.modules.lmcache_driven_transfer)[0m
[32;20m[2026-09-20 14:11:53,289] LMCache INFO:[0m Stored 384 tokens in 0.004 seconds [3m(lmcache_driven_transfer.py:1218:lmcache.v1.multiprocess.modules.lmcache_driven_transfer)[0m
[32;20m[2026-09-20 14:11:53,333] LMCache INFO:[0m L1 memory usage 0.88 above watermark 0.80; triggering eviction. [3m(eviction_controller.py:179:lmcache.v1.distributed.storage_controllers.eviction_controller)[0m
[32;20m[2026-09-20 14:11:53,386] LMCache INFO:[0m Stored 384 tokens in 0.003 seconds [3m(lmcache_driven_transfer.py:1218:lmcache.v1.multiprocess.modules.lmcache_driven_transfer)[0m
[32;20m[2026-09-20 14:11:53,476] LMCache INFO:[0m Stored 384 tokens in 0.003 seconds [3m(lmcache_driven_transfer.py:1218:lmcache.v1.multiprocess.modules.lmcache_driven_transfer)[0m
[32;20m[2026-09-20 14:11:53,566] LMCache INFO:[0m Stored 384 tokens in 0.003 seconds [3m(lmcache_driven_transfer.py:1218:lmcache.v1.multiprocess.modules.lmcache_driven_transfer)[0m
[32;20m[2026-09-20 14:11:53,655] LMCache INFO:[0m Stored 64 tokens in 0.003 seconds [3m(lmcache_driven_transfer.py:1218:lmcache.v1.multiprocess.modules.lmcache_driven_transfer)[0m
[32;20m[2026-09-20 14:11:53,706] LMCache INFO:[0m Stored 384 tokens in 0.003 seconds [3m(lmcache_driven_transfer.py:1218:lmcache.v1.multiprocess.modules.lmcache_driven_transfer)[0m
[32;20m[2026-09-20 14:11:53,792] LMCache INFO:[0m Stored 368 tokens in 0.003 seconds [3m(lmcache_driven_transfer.py:1218:lmcache.v1.multiprocess.modules.lmcache_driven_transfer)[0m
[32;20m[2026-09-20 14:11:53,884] LMCache INFO:[0m Stored 384 tokens in 0.003 seconds [3m(lmcache_driven_transfer.py:1218:lmcache.v1.multiprocess.modules.lmcache_driven_transfer)[0m
[32;20m[2026-09-20 14:11:53,982] LMCache INFO:[0m Stored 384 tokens in 0.006 seconds [3m(lmcache_driven_transfer.py:1218:lmcache.v1.multiprocess.modules.lmcache_driven_transfer)[0m
[32;20m[2026-09-20 14:11:54,015] LMCache INFO:[0m Prefetch request completed (L1+L2): 24/24 retained keys (24 L1, 0 L2) in 1.1 ms (external_request_id=cmpl-bb71900d5986c70f-0-8399a9fe, prefetch_request_id=-1) [3m(storage_manager.py:716:lmcache.v1.distributed.storage_manager)[0m
[32;20m[2026-09-20 14:11:54,020] LMCache INFO:[0m Retrieved 384 tokens in 0.002 seconds [3m(lmcache_driven_transfer.py:1427:lmcache.v1.multiprocess.modules.lmcache_driven_transfer)[0m
[32;20m[2026-09-20 14:11:54,135] LMCache INFO:[0m Stored 384 tokens in 0.003 seconds [3m(lmcache_driven_transfer.py:1218:lmcache.v1.multiprocess.modules.lmcache_driven_transfer)[0m
[32;20m[2026-09-20 14:11:54,213] LMCache INFO:[0m Stored 384 tokens in 0.003 seconds [3m(lmcache_driven_transfer.py:1218:lmcache.v1.multiprocess.modules.lmcache_driven_transfer)[0m
[32;20m[2026-09-20 14:11:54,312] LMCache INFO:[0m Stored 384 tokens in 0.003 seconds [3m(lmcache_driven_transfer.py:1218:lmcache.v1.multiprocess.modules.lmcache_driven_transfer)[0m
[32;20m[2026-09-20 14:11:54,341] LMCache INFO:[0m L1 memory usage 0.91 above watermark 0.80; triggering eviction. [3m(eviction_controller.py:179:lmcache.v1.distributed.storage_controllers.eviction_controller)[0m
[32;20m[2026-09-20 14:11:54,408] LMCache INFO:[0m Stored 384 tokens in 0.004 seconds [3m(lmcache_driven_transfer.py:1218:lmcache.v1.multiprocess.modules.lmcache_driven_transfer)[0m
[32;20m[2026-09-20 14:11:54,495] LMCache INFO:[0m Stored 384 tokens in 0.003 seconds [3m(lmcache_driven_transfer.py:1218:lmcache.v1.multiprocess.modules.lmcache_driven_transfer)[0m
[32;20m[2026-09-20 14:11:54,585] LMCache INFO:[0m Stored 384 tokens in 0.003 seconds [3m(lmcache_driven_transfer.py:1218:lmcache.v1.multiprocess.modules.lmcache_driven_transfer)[0m
[32;20m[2026-09-20 14:11:54,669] LMCache INFO:[0m Stored 368 tokens in 0.003 seconds [3m(lmcache_driven_transfer.py:1218:lmcache.v1.multiprocess.modules.lmcache_driven_transfer)[0m
[32;20m[2026-09-20 14:11:54,768] LMCache INFO:[0m Stored 384 tokens in 0.003 seconds [3m(lmcache_driven_transfer.py:1218:lmcache.v1.multiprocess.modules.lmcache_driven_transfer)[0m
[32;20m[2026-09-20 14:11:54,857] LMCache INFO:[0m Stored 384 tokens in 0.003 seconds [3m(lmcache_driven_transfer.py:1218:lmcache.v1.multiprocess.modules.lmcache_driven_transfer)[0m
[32;20m[2026-09-20 14:11:54,948] LMCache INFO:[0m Stored 384 tokens in 0.003 seconds [3m(lmcache_driven_transfer.py:1218:lmcache.v1.multiprocess.modules.lmcache_driven_transfer)[0m
[32;20m[2026-09-20 14:11:55,044] LMCache INFO:[0m Stored 384 tokens in 0.003 seconds [3m(lmcache_driven_transfer.py:1218:lmcache.v1.multiprocess.modules.lmcache_driven_transfer)[0m
[32;20m[2026-09-20 14:11:55,084] LMCache INFO:[0m Prefetch request completed (L1+L2): 24/24 retained keys (24 L1, 0 L2) in 1.4 ms (external_request_id=cmpl-a695cb7fccd3d231-0-a95bebb0, prefetch_request_id=-1) [3m(storage_manager.py:716:lmcache.v1.distributed.storage_manager)[0m
[32;20m[2026-09-20 14:11:55,089] LMCache INFO:[0m Retrieved 384 tokens in 0.002 seconds [3m(lmcache_driven_transfer.py:1427:lmcache.v1.multiprocess.modules.lmcache_driven_transfer)[0m
[32;20m[2026-09-20 14:11:55,200] LMCache INFO:[0m Stored 384 tokens in 0.003 seconds [3m(lmcache_driven_transfer.py:1218:lmcache.v1.multiprocess.modules.lmcache_driven_transfer)[0m
[32;20m[2026-09-20 14:11:55,279] LMCache INFO:[0m Stored 368 tokens in 0.003 seconds [3m(lmcache_driven_transfer.py:1218:lmcache.v1.multiprocess.modules.lmcache_driven_transfer)[0m
[32;20m[2026-09-20 14:11:55,353] LMCache INFO:[0m L1 memory usage 0.94 above watermark 0.80; triggering eviction. [3m(eviction_controller.py:179:lmcache.v1.distributed.storage_controllers.eviction_controller)[0m
[32;20m[2026-09-20 14:11:55,383] LMCache INFO:[0m Stored 384 tokens in 0.003 seconds [3m(lmcache_driven_transfer.py:1218:lmcache.v1.multiprocess.modules.lmcache_driven_transfer)[0m
[32;20m[2026-09-20 14:11:55,469] LMCache INFO:[0m Stored 384 tokens in 0.003 seconds [3m(lmcache_driven_transfer.py:1218:lmcache.v1.multiprocess.modules.lmcache_driven_transfer)[0m
[32;20m[2026-09-20 14:11:55,560] LMCache INFO:[0m Stored 208 tokens in 0.002 seconds [3m(lmcache_driven_transfer.py:1218:lmcache.v1.multiprocess.modules.lmcache_driven_transfer)[0m
[32;20m[2026-09-20 14:11:55,618] LMCache INFO:[0m Stored 384 tokens in 0.003 seconds [3m(lmcache_driven_transfer.py:1218:lmcache.v1.multiprocess.modules.lmcache_driven_transfer)[0m
[32;20m[2026-09-20 14:11:55,712] LMCache INFO:[0m Stored 384 tokens in 0.003 seconds [3m(lmcache_driven_transfer.py:1218:lmcache.v1.multiprocess.modules.lmcache_driven_transfer)[0m
[32;20m[2026-09-20 14:11:55,805] LMCache INFO:[0m Stored 384 tokens in 0.003 seconds [3m(lmcache_driven_transfer.py:1218:lmcache.v1.multiprocess.modules.lmcache_driven_transfer)[0m
[32;20m[2026-09-20 14:11:55,892] LMCache INFO:[0m Stored 384 tokens in 0.003 seconds [3m(lmcache_driven_transfer.py:1218:lmcache.v1.multiprocess.modules.lmcache_driven_transfer)[0m
[32;20m[2026-09-20 14:11:55,986] LMCache INFO:[0m Stored 384 tokens in 0.005 seconds [3m(lmcache_driven_transfer.py:1218:lmcache.v1.multiprocess.modules.lmcache_driven_transfer)[0m
[32;20m[2026-09-20 14:11:56,066] LMCache INFO:[0m Stored 384 tokens in 0.003 seconds [3m(lmcache_driven_transfer.py:1218:lmcache.v1.multiprocess.modules.lmcache_driven_transfer)[0m
[32;20m[2026-09-20 14:11:56,377] LMCache INFO:[0m L1 memory usage 0.93 above watermark 0.80; triggering eviction. [3m(eviction_controller.py:179:lmcache.v1.distributed.storage_controllers.eviction_controller)[0m
[32;20m[2026-09-20 14:11:56,390] LMCache INFO:[0m Stored 384 tokens in 0.005 seconds [3m(lmcache_driven_transfer.py:1218:lmcache.v1.multiprocess.modules.lmcache_driven_transfer)[0m
[32;20m[2026-09-20 14:11:56,438] LMCache INFO:[0m Stored 384 tokens in 0.003 seconds [3m(lmcache_driven_transfer.py:1218:lmcache.v1.multiprocess.modules.lmcache_driven_transfer)[0m
[32;20m[2026-09-20 14:11:56,525] LMCache INFO:[0m Stored 384 tokens in 0.003 seconds [3m(lmcache_driven_transfer.py:1218:lmcache.v1.multiprocess.modules.lmcache_driven_transfer)[0m
[32;20m[2026-09-20 14:11:56,572] LMCache INFO:[0m Prefetch request completed (L1+L2): 24/24 retained keys (24 L1, 0 L2) in 1.3 ms (external_request_id=cmpl-b0a07f09f80343e2-0-8ca97abb, prefetch_request_id=-1) [3m(storage_manager.py:716:lmcache.v1.distributed.storage_manager)[0m
[32;20m[2026-09-20 14:11:56,577] LMCache INFO:[0m Retrieved 384 tokens in 0.002 seconds [3m(lmcache_driven_transfer.py:1427:lmcache.v1.multiprocess.modules.lmcache_driven_transfer)[0m
[32;20m[2026-09-20 14:11:56,675] LMCache INFO:[0m Stored 384 tokens in 0.003 seconds [3m(lmcache_driven_transfer.py:1218:lmcache.v1.multiprocess.modules.lmcache_driven_transfer)[0m
[32;20m[2026-09-20 14:11:56,762] LMCache INFO:[0m Stored 384 tokens in 0.003 seconds [3m(lmcache_driven_transfer.py:1218:lmcache.v1.multiprocess.modules.lmcache_driven_transfer)[0m
[32;20m[2026-09-20 14:11:56,859] LMCache INFO:[0m Stored 384 tokens in 0.003 seconds [3m(lmcache_driven_transfer.py:1218:lmcache.v1.multiprocess.modules.lmcache_driven_transfer)[0m
[32;20m[2026-09-20 14:11:56,954] LMCache INFO:[0m Stored 384 tokens in 0.003 seconds [3m(lmcache_driven_transfer.py:1218:lmcache.v1.multiprocess.modules.lmcache_driven_transfer)[0m
[32;20m[2026-09-20 14:11:57,037] LMCache INFO:[0m Stored 368 tokens in 0.003 seconds [3m(lmcache_driven_transfer.py:1218:lmcache.v1.multiprocess.modules.lmcache_driven_transfer)[0m
[32;20m[2026-09-20 14:11:57,142] LMCache INFO:[0m Stored 384 tokens in 0.003 seconds [3m(lmcache_driven_transfer.py:1218:lmcache.v1.multiprocess.modules.lmcache_driven_transfer)[0m
[32;20m[2026-09-20 14:11:57,231] LMCache INFO:[0m Stored 384 tokens in 0.003 seconds [3m(lmcache_driven_transfer.py:1218:lmcache.v1.multiprocess.modules.lmcache_driven_transfer)[0m
[32;20m[2026-09-20 14:11:57,316] LMCache INFO:[0m Stored 384 tokens in 0.003 seconds [3m(lmcache_driven_transfer.py:1218:lmcache.v1.multiprocess.modules.lmcache_driven_transfer)[0m
[32;20m[2026-09-20 14:11:57,387] LMCache INFO:[0m L1 memory usage 0.97 above watermark 0.80; triggering eviction. [3m(eviction_controller.py:179:lmcache.v1.distributed.storage_controllers.eviction_controller)[0m
[32;20m[2026-09-20 14:11:57,408] LMCache INFO:[0m Stored 384 tokens in 0.003 seconds [3m(lmcache_driven_transfer.py:1218:lmcache.v1.multiprocess.modules.lmcache_driven_transfer)[0m
[32;20m[2026-09-20 14:11:57,499] LMCache INFO:[0m Stored 384 tokens in 0.003 seconds [3m(lmcache_driven_transfer.py:1218:lmcache.v1.multiprocess.modules.lmcache_driven_transfer)[0m
[32;20m[2026-09-20 14:11:57,589] LMCache INFO:[0m Stored 384 tokens in 0.003 seconds [3m(lmcache_driven_transfer.py:1218:lmcache.v1.multiprocess.modules.lmcache_driven_transfer)[0m
[32;20m[2026-09-20 14:11:57,681] LMCache INFO:[0m Stored 384 tokens in 0.003 seconds [3m(lmcache_driven_transfer.py:1218:lmcache.v1.multiprocess.modules.lmcache_driven_transfer)[0m
[32;20m[2026-09-20 14:11:57,772] LMCache INFO:[0m Stored 384 tokens in 0.003 seconds [3m(lmcache_driven_transfer.py:1218:lmcache.v1.multiprocess.modules.lmcache_driven_transfer)[0m
[32;20m[2026-09-20 14:11:57,861] LMCache INFO:[0m Stored 368 tokens in 0.003 seconds [3m(lmcache_driven_transfer.py:1218:lmcache.v1.multiprocess.modules.lmcache_driven_transfer)[0m
[32;20m[2026-09-20 14:11:57,952] LMCache INFO:[0m Stored 384 tokens in 0.003 seconds [3m(lmcache_driven_transfer.py:1218:lmcache.v1.multiprocess.modules.lmcache_driven_transfer)[0m
[32;20m[2026-09-20 14:11:58,048] LMCache INFO:[0m Stored 384 tokens in 0.003 seconds [3m(lmcache_driven_transfer.py:1218:lmcache.v1.multiprocess.modules.lmcache_driven_transfer)[0m
[32;20m[2026-09-20 14:11:58,133] LMCache INFO:[0m Stored 384 tokens in 0.003 seconds [3m(lmcache_driven_transfer.py:1218:lmcache.v1.multiprocess.modules.lmcache_driven_transfer)[0m
[32;20m[2026-09-20 14:11:58,242] LMCache INFO:[0m Stored 384 tokens in 0.003 seconds [3m(lmcache_driven_transfer.py:1218:lmcache.v1.multiprocess.modules.lmcache_driven_transfer)[0m
[32;20m[2026-09-20 14:11:58,326] LMCache INFO:[0m Stored 384 tokens in 0.005 seconds [3m(lmcache_driven_transfer.py:1218:lmcache.v1.multiprocess.modules.lmcache_driven_transfer)[0m
[32;20m[2026-09-20 14:11:58,394] LMCache INFO:[0m L1 memory usage 1.00 above watermark 0.80; triggering eviction. [3m(eviction_controller.py:179:lmcache.v1.distributed.storage_controllers.eviction_controller)[0m
[32;20m[2026-09-20 14:11:58,416] LMCache INFO:[0m Stored 384 tokens in 0.004 seconds [3m(lmcache_driven_transfer.py:1218:lmcache.v1.multiprocess.modules.lmcache_driven_transfer)[0m
[32;20m[2026-09-20 14:11:58,506] LMCache INFO:[0m Stored 384 tokens in 0.003 seconds [3m(lmcache_driven_transfer.py:1218:lmcache.v1.multiprocess.modules.lmcache_driven_transfer)[0m
[32;20m[2026-09-20 14:11:58,596] LMCache INFO:[0m Stored 384 tokens in 0.003 seconds [3m(lmcache_driven_transfer.py:1218:lmcache.v1.multiprocess.modules.lmcache_driven_transfer)[0m
[32;20m[2026-09-20 14:11:58,683] LMCache INFO:[0m Stored 384 tokens in 0.003 seconds [3m(lmcache_driven_transfer.py:1218:lmcache.v1.multiprocess.modules.lmcache_driven_transfer)[0m
[32;20m[2026-09-20 14:11:58,771] LMCache INFO:[0m Stored 384 tokens in 0.003 seconds [3m(lmcache_driven_transfer.py:1218:lmcache.v1.multiprocess.modules.lmcache_driven_transfer)[0m
[32;20m[2026-09-20 14:11:58,862] LMCache INFO:[0m Stored 384 tokens in 0.003 seconds [3m(lmcache_driven_transfer.py:1218:lmcache.v1.multiprocess.modules.lmcache_driven_transfer)[0m
[32;20m[2026-09-20 14:11:58,954] LMCache INFO:[0m Stored 384 tokens in 0.003 seconds [3m(lmcache_driven_transfer.py:1218:lmcache.v1.multiprocess.modules.lmcache_driven_transfer)[0m
[32;20m[2026-09-20 14:11:59,044] LMCache INFO:[0m Stored 384 tokens in 0.003 seconds [3m(lmcache_driven_transfer.py:1218:lmcache.v1.multiprocess.modules.lmcache_driven_transfer)[0m
[32;20m[2026-09-20 14:11:59,133] LMCache INFO:[0m Stored 384 tokens in 0.003 seconds [3m(lmcache_driven_transfer.py:1218:lmcache.v1.multiprocess.modules.lmcache_driven_transfer)[0m
[32;20m[2026-09-20 14:11:59,180] LMCache INFO:[0m Prefetch request completed (L1+L2): 24/24 retained keys (24 L1, 0 L2) in 2.0 ms (external_request_id=cmpl-b9095402a1af9ab0-0-9a01ee89, prefetch_request_id=-1) [3m(storage_manager.py:716:lmcache.v1.distributed.storage_manager)[0m
[32;20m[2026-09-20 14:11:59,186] LMCache INFO:[0m Retrieved 384 tokens in 0.002 seconds [3m(lmcache_driven_transfer.py:1427:lmcache.v1.multiprocess.modules.lmcache_driven_transfer)[0m
[32;20m[2026-09-20 14:11:59,256] LMCache INFO:[0m Prefetch request completed (L1+L2): 24/24 retained keys (24 L1, 0 L2) in 1.1 ms (external_request_id=cmpl-84d0a1c6c042de4f-0-ba552967, prefetch_request_id=-1) [3m(storage_manager.py:716:lmcache.v1.distributed.storage_manager)[0m
[32;20m[2026-09-20 14:11:59,262] LMCache INFO:[0m Prefetch request completed (L1+L2): 23/23 retained keys (23 L1, 0 L2) in 1.2 ms (external_request_id=cmpl-adf09c3d2bd3b448-0-9cc11ac0, prefetch_request_id=-1) [3m(storage_manager.py:716:lmcache.v1.distributed.storage_manager)[0m
[32;20m[2026-09-20 14:11:59,263] LMCache INFO:[0m Retrieved 384 tokens in 0.004 seconds [3m(lmcache_driven_transfer.py:1427:lmcache.v1.multiprocess.modules.lmcache_driven_transfer)[0m
[32;20m[2026-09-20 14:11:59,267] LMCache INFO:[0m Retrieved 368 tokens in 0.002 seconds [3m(lmcache_driven_transfer.py:1427:lmcache.v1.multiprocess.modules.lmcache_driven_transfer)[0m
[32;20m[2026-09-20 14:11:59,358] LMCache INFO:[0m Prefetch request completed (L1+L2): 24/24 retained keys (24 L1, 0 L2) in 1.2 ms (external_request_id=cmpl-999e5b6d08ab0b6a-0-8317008e, prefetch_request_id=-1) [3m(storage_manager.py:716:lmcache.v1.distributed.storage_manager)[0m
[32;20m[2026-09-20 14:11:59,363] LMCache INFO:[0m Retrieved 384 tokens in 0.002 seconds [3m(lmcache_driven_transfer.py:1427:lmcache.v1.multiprocess.modules.lmcache_driven_transfer)[0m
[32;20m[2026-09-20 14:11:59,403] LMCache INFO:[0m L1 memory usage 0.98 above watermark 0.80; triggering eviction. [3m(eviction_controller.py:179:lmcache.v1.distributed.storage_controllers.eviction_controller)[0m
[32;20m[2026-09-20 14:11:59,463] LMCache INFO:[0m Stored 384 tokens in 0.003 seconds [3m(lmcache_driven_transfer.py:1218:lmcache.v1.multiprocess.modules.lmcache_driven_transfer)[0m
[32;20m[2026-09-20 14:11:59,552] LMCache INFO:[0m Stored 384 tokens in 0.003 seconds [3m(lmcache_driven_transfer.py:1218:lmcache.v1.multiprocess.modules.lmcache_driven_transfer)[0m
[32;20m[2026-09-20 14:11:59,639] LMCache INFO:[0m Stored 240 tokens in 0.003 seconds [3m(lmcache_driven_transfer.py:1218:lmcache.v1.multiprocess.modules.lmcache_driven_transfer)[0m
[32;20m[2026-09-20 14:11:59,703] LMCache INFO:[0m Stored 384 tokens in 0.003 seconds [3m(lmcache_driven_transfer.py:1218:lmcache.v1.multiprocess.modules.lmcache_driven_transfer)[0m
[32;20m[2026-09-20 14:11:59,794] LMCache INFO:[0m Stored 384 tokens in 0.003 seconds [3m(lmcache_driven_transfer.py:1218:lmcache.v1.multiprocess.modules.lmcache_driven_transfer)[0m
[32;20m[2026-09-20 14:11:59,889] LMCache INFO:[0m Stored 112 tokens in 0.004 seconds [3m(lmcache_driven_transfer.py:1218:lmcache.v1.multiprocess.modules.lmcache_driven_transfer)[0m
[32;20m[2026-09-20 14:11:59,938] LMCache INFO:[0m Stored 384 tokens in 0.003 seconds [3m(lmcache_driven_transfer.py:1218:lmcache.v1.multiprocess.modules.lmcache_driven_transfer)[0m
[32;20m[2026-09-20 14:12:00,024] LMCache INFO:[0m Stored 384 tokens in 0.003 seconds [3m(lmcache_driven_transfer.py:1218:lmcache.v1.multiprocess.modules.lmcache_driven_transfer)[0m
[32;20m[2026-09-20 14:12:00,113] LMCache INFO:[0m Stored 384 tokens in 0.003 seconds [3m(lmcache_driven_transfer.py:1218:lmcache.v1.multiprocess.modules.lmcache_driven_transfer)[0m
[32;20m[2026-09-20 14:12:00,182] LMCache INFO:[0m Prefetch request completed (L1+L2): 24/24 retained keys (24 L1, 0 L2) in 1.3 ms (external_request_id=cmpl-91b74f58b6f6095e-0-8f2f9e86, prefetch_request_id=-1) [3m(storage_manager.py:716:lmcache.v1.distributed.storage_manager)[0m
[32;20m[2026-09-20 14:12:00,188] LMCache INFO:[0m Prefetch request completed (L1+L2): 24/24 retained keys (24 L1, 0 L2) in 1.4 ms (external_request_id=cmpl-ac2ae8d1ec3d1c39-0-888923bd, prefetch_request_id=-1) [3m(storage_manager.py:716:lmcache.v1.distributed.storage_manager)[0m
[32;20m[2026-09-20 14:12:00,189] LMCache INFO:[0m Retrieved 384 tokens in 0.004 seconds [3m(lmcache_driven_transfer.py:1427:lmcache.v1.multiprocess.modules.lmcache_driven_transfer)[0m
[32;20m[2026-09-20 14:12:00,196] LMCache INFO:[0m Retrieved 384 tokens in 0.004 seconds [3m(lmcache_driven_transfer.py:1427:lmcache.v1.multiprocess.modules.lmcache_driven_transfer)[0m
[32;20m[2026-09-20 14:12:00,285] LMCache INFO:[0m Prefetch request completed (L1+L2): 24/24 retained keys (24 L1, 0 L2) in 1.0 ms (external_request_id=cmpl-a1fefba482768d14-0-9d8796e7, prefetch_request_id=-1) [3m(storage_manager.py:716:lmcache.v1.distributed.storage_manager)[0m
[32;20m[2026-09-20 14:12:00,289] LMCache INFO:[0m Retrieved 384 tokens in 0.002 seconds [3m(lmcache_driven_transfer.py:1427:lmcache.v1.multiprocess.modules.lmcache_driven_transfer)[0m
[32;20m[2026-09-20 14:12:00,345] LMCache INFO:[0m Prefetch request completed (L1+L2): 24/24 retained keys (24 L1, 0 L2) in 1.0 ms (external_request_id=cmpl-ad662b888138446a-0-ade196ac, prefetch_request_id=-1) [3m(storage_manager.py:716:lmcache.v1.distributed.storage_manager)[0m
[32;20m[2026-09-20 14:12:00,350] LMCache INFO:[0m Retrieved 384 tokens in 0.002 seconds [3m(lmcache_driven_transfer.py:1427:lmcache.v1.multiprocess.modules.lmcache_driven_transfer)[0m
[32;20m[2026-09-20 14:12:00,404] LMCache INFO:[0m Prefetch request completed (L1+L2): 24/24 retained keys (24 L1, 0 L2) in 1.2 ms (external_request_id=cmpl-9936befd21837dbd-0-a937fe4c, prefetch_request_id=-1) [3m(storage_manager.py:716:lmcache.v1.distributed.storage_manager)[0m
[32;20m[2026-09-20 14:12:00,409] LMCache INFO:[0m Retrieved 384 tokens in 0.002 seconds [3m(lmcache_driven_transfer.py:1427:lmcache.v1.multiprocess.modules.lmcache_driven_transfer)[0m
[32;20m[2026-09-20 14:12:00,414] LMCache INFO:[0m L1 memory usage 0.95 above watermark 0.80; triggering eviction. [3m(eviction_controller.py:179:lmcache.v1.distributed.storage_controllers.eviction_controller)[0m
[32;20m[2026-09-20 14:12:00,466] LMCache INFO:[0m Prefetch request completed (L1+L2): 24/24 retained keys (24 L1, 0 L2) in 1.2 ms (external_request_id=cmpl-8b1f4ca435f06615-0-9014c9fa, prefetch_request_id=-1) [3m(storage_manager.py:716:lmcache.v1.distributed.storage_manager)[0m
[32;20m[2026-09-20 14:12:00,471] LMCache INFO:[0m Retrieved 384 tokens in 0.002 seconds [3m(lmcache_driven_transfer.py:1427:lmcache.v1.multiprocess.modules.lmcache_driven_transfer)[0m
[32;20m[2026-09-20 14:12:00,525] LMCache INFO:[0m Prefetch request completed (L1+L2): 24/24 retained keys (24 L1, 0 L2) in 1.2 ms (external_request_id=cmpl-81e64056b08ffd3c-0-be5c03c3, prefetch_request_id=-1) [3m(storage_manager.py:716:lmcache.v1.distributed.storage_manager)[0m
[32;20m[2026-09-20 14:12:00,530] LMCache INFO:[0m Retrieved 384 tokens in 0.002 seconds [3m(lmcache_driven_transfer.py:1427:lmcache.v1.multiprocess.modules.lmcache_driven_transfer)[0m
[32;20m[2026-09-20 14:12:00,585] LMCache INFO:[0m Prefetch request completed (L1+L2): 24/24 retained keys (24 L1, 0 L2) in 1.1 ms (external_request_id=cmpl-a77f9b25e7ca4a4e-0-b4867676, prefetch_request_id=-1) [3m(storage_manager.py:716:lmcache.v1.distributed.storage_manager)[0m
[32;20m[2026-09-20 14:12:00,591] LMCache INFO:[0m Retrieved 384 tokens in 0.003 seconds [3m(lmcache_driven_transfer.py:1427:lmcache.v1.multiprocess.modules.lmcache_driven_transfer)[0m
[32;20m[2026-09-20 14:12:00,645] LMCache INFO:[0m Prefetch request completed (L1+L2): 23/23 retained keys (23 L1, 0 L2) in 1.0 ms (external_request_id=cmpl-8d0d8a9c7f463f81-0-a99f6da2, prefetch_request_id=-1) [3m(storage_manager.py:716:lmcache.v1.distributed.storage_manager)[0m
[32;20m[2026-09-20 14:12:00,649] LMCache INFO:[0m Retrieved 368 tokens in 0.002 seconds [3m(lmcache_driven_transfer.py:1427:lmcache.v1.multiprocess.modules.lmcache_driven_transfer)[0m
[32;20m[2026-09-20 14:12:00,700] LMCache INFO:[0m Prefetch request completed (L1+L2): 24/24 retained keys (24 L1, 0 L2) in 1.0 ms (external_request_id=cmpl-8a32eeace4b62fa1-0-9958fe74, prefetch_request_id=-1) [3m(storage_manager.py:716:lmcache.v1.distributed.storage_manager)[0m
[32;20m[2026-09-20 14:12:00,705] LMCache INFO:[0m Retrieved 384 tokens in 0.002 seconds [3m(lmcache_driven_transfer.py:1427:lmcache.v1.multiprocess.modules.lmcache_driven_transfer)[0m
[32;20m[2026-09-20 14:12:00,758] LMCache INFO:[0m Prefetch request completed (L1+L2): 24/24 retained keys (24 L1, 0 L2) in 1.1 ms (external_request_id=cmpl-9a27795680951141-0-bd2773ab, prefetch_request_id=-1) [3m(storage_manager.py:716:lmcache.v1.distributed.storage_manager)[0m
[32;20m[2026-09-20 14:12:00,763] LMCache INFO:[0m Retrieved 384 tokens in 0.002 seconds [3m(lmcache_driven_transfer.py:1427:lmcache.v1.multiprocess.modules.lmcache_driven_transfer)[0m
[32;20m[2026-09-20 14:12:00,995] LMCache INFO:[0m Prefetch request completed (L1+L2): 24/24 retained keys (24 L1, 0 L2) in 1.3 ms (external_request_id=cmpl-b318731de244230b-0-80e69216, prefetch_request_id=-1) [3m(storage_manager.py:716:lmcache.v1.distributed.storage_manager)[0m
[32;20m[2026-09-20 14:12:01,000] LMCache INFO:[0m Retrieved 384 tokens in 0.002 seconds [3m(lmcache_driven_transfer.py:1427:lmcache.v1.multiprocess.modules.lmcache_driven_transfer)[0m
[32;20m[2026-09-20 14:12:01,113] LMCache INFO:[0m Stored 384 tokens in 0.003 seconds [3m(lmcache_driven_transfer.py:1218:lmcache.v1.multiprocess.modules.lmcache_driven_transfer)[0m
[32;20m[2026-09-20 14:12:01,195] LMCache INFO:[0m Stored 384 tokens in 0.005 seconds [3m(lmcache_driven_transfer.py:1218:lmcache.v1.multiprocess.modules.lmcache_driven_transfer)[0m
[32;20m[2026-09-20 14:12:01,289] LMCache INFO:[0m Stored 384 tokens in 0.003 seconds [3m(lmcache_driven_transfer.py:1218:lmcache.v1.multiprocess.modules.lmcache_driven_transfer)[0m
[32;20m[2026-09-20 14:12:01,329] LMCache INFO:[0m L0<->L1 stats [cuda:0] last 10.0s: store ops=88 tokens=32784 size=0.94GB avg_copy=7.14GB/s | retrieve ops=27 tokens=10256 size=0.29GB avg_copy=3.93GB/s [3m(extra_stats.py:159:lmcache.v1.mp_observability.subscribers.logging.extra_stats)[0m
[32;20m[2026-09-20 14:12:01,329] LMCache INFO:[0m L0<->L1 stats [cuda:0] cumulative: store ops=267 tokens=98560 size=2.83GB avg_copy=7.29GB/s | retrieve ops=86 tokens=32624 size=0.94GB avg_copy=4.00GB/s [3m(extra_stats.py:168:lmcache.v1.mp_observability.subscribers.logging.extra_stats)[0m
[32;20m[2026-09-20 14:12:01,381] LMCache INFO:[0m Stored 384 tokens in 0.003 seconds [3m(lmcache_driven_transfer.py:1218:lmcache.v1.multiprocess.modules.lmcache_driven_transfer)[0m
[32;20m[2026-09-20 14:12:01,423] LMCache INFO:[0m L1 memory usage: 0.42/0.50 GiB (84.2%) [3m(eviction_controller.py:153:lmcache.v1.distributed.storage_controllers.eviction_controller)[0m
[32;20m[2026-09-20 14:12:01,423] LMCache INFO:[0m L1 memory usage 0.84 above watermark 0.80; triggering eviction. [3m(eviction_controller.py:179:lmcache.v1.distributed.storage_controllers.eviction_controller)[0m
[32;20m[2026-09-20 14:12:01,480] LMCache INFO:[0m Stored 384 tokens in 0.003 seconds [3m(lmcache_driven_transfer.py:1218:lmcache.v1.multiprocess.modules.lmcache_driven_transfer)[0m
[32;20m[2026-09-20 14:12:01,571] LMCache INFO:[0m Stored 384 tokens in 0.003 seconds [3m(lmcache_driven_transfer.py:1218:lmcache.v1.multiprocess.modules.lmcache_driven_transfer)[0m
[32;20m[2026-09-20 14:12:01,661] LMCache INFO:[0m Stored 384 tokens in 0.003 seconds [3m(lmcache_driven_transfer.py:1218:lmcache.v1.multiprocess.modules.lmcache_driven_transfer)[0m
[32;20m[2026-09-20 14:12:01,754] LMCache INFO:[0m Stored 384 tokens in 0.003 seconds [3m(lmcache_driven_transfer.py:1218:lmcache.v1.multiprocess.modules.lmcache_driven_transfer)[0m
[32;20m[2026-09-20 14:12:01,848] LMCache INFO:[0m Stored 384 tokens in 0.003 seconds [3m(lmcache_driven_transfer.py:1218:lmcache.v1.multiprocess.modules.lmcache_driven_transfer)[0m
[32;20m[2026-09-20 14:12:01,940] LMCache INFO:[0m Stored 384 tokens in 0.003 seconds [3m(lmcache_driven_transfer.py:1218:lmcache.v1.multiprocess.modules.lmcache_driven_transfer)[0m
[32;20m[2026-09-20 14:12:02,027] LMCache INFO:[0m Stored 384 tokens in 0.003 seconds [3m(lmcache_driven_transfer.py:1218:lmcache.v1.multiprocess.modules.lmcache_driven_transfer)[0m
[32;20m[2026-09-20 14:12:02,094] LMCache INFO:[0m Prefetch request completed (L1+L2): 23/23 retained keys (23 L1, 0 L2) in 1.0 ms (external_request_id=cmpl-a1753f9e4b7b5e67-0-bfaee680, prefetch_request_id=-1) [3m(storage_manager.py:716:lmcache.v1.distributed.storage_manager)[0m
[32;20m[2026-09-20 14:12:02,101] LMCache INFO:[0m Retrieved 368 tokens in 0.004 seconds [3m(lmcache_driven_transfer.py:1427:lmcache.v1.multiprocess.modules.lmcache_driven_transfer)[0m
[32;20m[2026-09-20 14:12:02,143] LMCache INFO:[0m Stored 384 tokens in 0.003 seconds [3m(lmcache_driven_transfer.py:1218:lmcache.v1.multiprocess.modules.lmcache_driven_transfer)[0m
[32;20m[2026-09-20 14:12:02,222] LMCache INFO:[0m Prefetch request completed (L1+L2): 24/24 retained keys (24 L1, 0 L2) in 1.6 ms (external_request_id=cmpl-bf3c574e097a94d2-0-816c8b74, prefetch_request_id=-1) [3m(storage_manager.py:716:lmcache.v1.distributed.storage_manager)[0m
[32;20m[2026-09-20 14:12:02,227] LMCache INFO:[0m Retrieved 384 tokens in 0.003 seconds [3m(lmcache_driven_transfer.py:1427:lmcache.v1.multiprocess.modules.lmcache_driven_transfer)[0m
[32;20m[2026-09-20 14:12:02,325] LMCache INFO:[0m Stored 384 tokens in 0.003 seconds [3m(lmcache_driven_transfer.py:1218:lmcache.v1.multiprocess.modules.lmcache_driven_transfer)[0m
[32;20m[2026-09-20 14:12:02,412] LMCache INFO:[0m Stored 384 tokens in 0.003 seconds [3m(lmcache_driven_transfer.py:1218:lmcache.v1.multiprocess.modules.lmcache_driven_transfer)[0m
[32;20m[2026-09-20 14:12:02,432] LMCache INFO:[0m L1 memory usage 0.88 above watermark 0.80; triggering eviction. [3m(eviction_controller.py:179:lmcache.v1.distributed.storage_controllers.eviction_controller)[0m
[32;20m[2026-09-20 14:12:02,508] LMCache INFO:[0m Stored 384 tokens in 0.003 seconds [3m(lmcache_driven_transfer.py:1218:lmcache.v1.multiprocess.modules.lmcache_driven_transfer)[0m
[32;20m[2026-09-20 14:12:02,555] LMCache INFO:[0m Prefetch request completed (L1+L2): 24/24 retained keys (24 L1, 0 L2) in 1.0 ms (external_request_id=cmpl-8f85f5b8054be2c8-0-b022d9f8, prefetch_request_id=-1) [3m(storage_manager.py:716:lmcache.v1.distributed.storage_manager)[0m
[32;20m[2026-09-20 14:12:02,560] LMCache INFO:[0m Retrieved 384 tokens in 0.002 seconds [3m(lmcache_driven_transfer.py:1427:lmcache.v1.multiprocess.modules.lmcache_driven_transfer)[0m
[32;20m[2026-09-20 14:12:02,654] LMCache INFO:[0m Stored 384 tokens in 0.003 seconds [3m(lmcache_driven_transfer.py:1218:lmcache.v1.multiprocess.modules.lmcache_driven_transfer)[0m
[32;20m[2026-09-20 14:12:02,696] LMCache INFO:[0m Prefetch request completed (L1+L2): 24/24 retained keys (24 L1, 0 L2) in 1.1 ms (external_request_id=cmpl-bb8a62e70518bfb1-0-abc70079, prefetch_request_id=-1) [3m(storage_manager.py:716:lmcache.v1.distributed.storage_manager)[0m
[32;20m[2026-09-20 14:12:02,701] LMCache INFO:[0m Retrieved 384 tokens in 0.002 seconds [3m(lmcache_driven_transfer.py:1427:lmcache.v1.multiprocess.modules.lmcache_driven_transfer)[0m
[32;20m[2026-09-20 14:12:02,795] LMCache INFO:[0m Stored 384 tokens in 0.003 seconds [3m(lmcache_driven_transfer.py:1218:lmcache.v1.multiprocess.modules.lmcache_driven_transfer)[0m
[32;20m[2026-09-20 14:12:02,881] LMCache INFO:[0m Stored 384 tokens in 0.003 seconds [3m(lmcache_driven_transfer.py:1218:lmcache.v1.multiprocess.modules.lmcache_driven_transfer)[0m
[32;20m[2026-09-20 14:12:02,978] LMCache INFO:[0m Prefetch request completed (L1+L2): 24/24 retained keys (24 L1, 0 L2) in 1.4 ms (external_request_id=cmpl-b4bd7df840c39309-0-9dc7a15d, prefetch_request_id=-1) [3m(storage_manager.py:716:lmcache.v1.distributed.storage_manager)[0m
[32;20m[2026-09-20 14:12:02,983] LMCache INFO:[0m Retrieved 384 tokens in 0.002 seconds [3m(lmcache_driven_transfer.py:1427:lmcache.v1.multiprocess.modules.lmcache_driven_transfer)[0m
[32;20m[2026-09-20 14:12:03,098] LMCache INFO:[0m Stored 384 tokens in 0.003 seconds [3m(lmcache_driven_transfer.py:1218:lmcache.v1.multiprocess.modules.lmcache_driven_transfer)[0m
[32;20m[2026-09-20 14:12:03,178] LMCache INFO:[0m Stored 384 tokens in 0.003 seconds [3m(lmcache_driven_transfer.py:1218:lmcache.v1.multiprocess.modules.lmcache_driven_transfer)[0m
[32;20m[2026-09-20 14:12:03,271] LMCache INFO:[0m Stored 384 tokens in 0.003 seconds [3m(lmcache_driven_transfer.py:1218:lmcache.v1.multiprocess.modules.lmcache_driven_transfer)[0m
[32;20m[2026-09-20 14:12:03,368] LMCache INFO:[0m Stored 384 tokens in 0.003 seconds [3m(lmcache_driven_transfer.py:1218:lmcache.v1.multiprocess.modules.lmcache_driven_transfer)[0m
[32;20m[2026-09-20 14:12:03,439] LMCache INFO:[0m L1 memory usage 0.88 above watermark 0.80; triggering eviction. [3m(eviction_controller.py:179:lmcache.v1.distributed.storage_controllers.eviction_controller)[0m
[32;20m[2026-09-20 14:12:03,459] LMCache INFO:[0m Stored 384 tokens in 0.003 seconds [3m(lmcache_driven_transfer.py:1218:lmcache.v1.multiprocess.modules.lmcache_driven_transfer)[0m
[32;20m[2026-09-20 14:12:03,550] LMCache INFO:[0m Stored 384 tokens in 0.003 seconds [3m(lmcache_driven_transfer.py:1218:lmcache.v1.multiprocess.modules.lmcache_driven_transfer)[0m
[32;20m[2026-09-20 14:12:03,646] LMCache INFO:[0m Stored 384 tokens in 0.006 seconds [3m(lmcache_driven_transfer.py:1218:lmcache.v1.multiprocess.modules.lmcache_driven_transfer)[0m
[32;20m[2026-09-20 14:12:03,736] LMCache INFO:[0m Stored 384 tokens in 0.003 seconds [3m(lmcache_driven_transfer.py:1218:lmcache.v1.multiprocess.modules.lmcache_driven_transfer)[0m
[32;20m[2026-09-20 14:12:03,828] LMCache INFO:[0m Stored 384 tokens in 0.003 seconds [3m(lmcache_driven_transfer.py:1218:lmcache.v1.multiprocess.modules.lmcache_driven_transfer)[0m
[32;20m[2026-09-20 14:12:03,919] LMCache INFO:[0m Stored 384 tokens in 0.003 seconds [3m(lmcache_driven_transfer.py:1218:lmcache.v1.multiprocess.modules.lmcache_driven_transfer)[0m
[32;20m[2026-09-20 14:12:04,016] LMCache INFO:[0m Stored 384 tokens in 0.003 seconds [3m(lmcache_driven_transfer.py:1218:lmcache.v1.multiprocess.modules.lmcache_driven_transfer)[0m
[32;20m[2026-09-20 14:12:04,057] LMCache INFO:[0m Prefetch request completed (L1+L2): 24/24 retained keys (24 L1, 0 L2) in 2.7 ms (external_request_id=cmpl-98e27ea896f776c0-0-b377a9d6, prefetch_request_id=-1) [3m(storage_manager.py:716:lmcache.v1.distributed.storage_manager)[0m
[32;20m[2026-09-20 14:12:04,062] LMCache INFO:[0m Retrieved 384 tokens in 0.002 seconds [3m(lmcache_driven_transfer.py:1427:lmcache.v1.multiprocess.modules.lmcache_driven_transfer)[0m
[32;20m[2026-09-20 14:12:04,135] LMCache INFO:[0m Prefetch request completed (L1+L2): 24/24 retained keys (24 L1, 0 L2) in 1.2 ms (external_request_id=cmpl-87831ad7aeae6d69-0-b67e3820, prefetch_request_id=-1) [3m(storage_manager.py:716:lmcache.v1.distributed.storage_manager)[0m
[32;20m[2026-09-20 14:12:04,142] LMCache INFO:[0m Prefetch request completed (L1+L2): 24/24 retained keys (24 L1, 0 L2) in 2.0 ms (external_request_id=cmpl-85d09e6fc5d52d8b-0-b342d848, prefetch_request_id=-1) [3m(storage_manager.py:716:lmcache.v1.distributed.storage_manager)[0m
[32;20m[2026-09-20 14:12:04,143] LMCache INFO:[0m Retrieved 384 tokens in 0.005 seconds [3m(lmcache_driven_transfer.py:1427:lmcache.v1.multiprocess.modules.lmcache_driven_transfer)[0m
[32;20m[2026-09-20 14:12:04,150] LMCache INFO:[0m Retrieved 384 tokens in 0.003 seconds [3m(lmcache_driven_transfer.py:1427:lmcache.v1.multiprocess.modules.lmcache_driven_transfer)[0m
[32;20m[2026-09-20 14:12:04,235] LMCache INFO:[0m Prefetch request completed (L1+L2): 24/24 retained keys (24 L1, 0 L2) in 1.2 ms (external_request_id=cmpl-b06c42a6a6ebacce-0-938d9b11, prefetch_request_id=-1) [3m(storage_manager.py:716:lmcache.v1.distributed.storage_manager)[0m
[32;20m[2026-09-20 14:12:04,240] LMCache INFO:[0m Retrieved 384 tokens in 0.002 seconds [3m(lmcache_driven_transfer.py:1427:lmcache.v1.multiprocess.modules.lmcache_driven_transfer)[0m
[32;20m[2026-09-20 14:12:04,301] LMCache INFO:[0m Prefetch request completed (L1+L2): 24/24 retained keys (24 L1, 0 L2) in 1.7 ms (external_request_id=cmpl-9ec6f8a0e582ebd2-0-9aa2c99a, prefetch_request_id=-1) [3m(storage_manager.py:716:lmcache.v1.distributed.storage_manager)[0m
[32;20m[2026-09-20 14:12:04,308] LMCache INFO:[0m Retrieved 384 tokens in 0.003 seconds [3m(lmcache_driven_transfer.py:1427:lmcache.v1.multiprocess.modules.lmcache_driven_transfer)[0m
[32;20m[2026-09-20 14:12:04,384] LMCache INFO:[0m Prefetch request completed (L1+L2): 24/24 retained keys (24 L1, 0 L2) in 1.2 ms (external_request_id=cmpl-86f726122a0fd5e2-0-a0a3a156, prefetch_request_id=-1) [3m(storage_manager.py:716:lmcache.v1.distributed.storage_manager)[0m
[32;20m[2026-09-20 14:12:04,389] LMCache INFO:[0m Retrieved 384 tokens in 0.002 seconds [3m(lmcache_driven_transfer.py:1427:lmcache.v1.multiprocess.modules.lmcache_driven_transfer)[0m
[32;20m[2026-09-20 14:12:04,445] LMCache INFO:[0m Prefetch request completed (L1+L2): 24/24 retained keys (24 L1, 0 L2) in 1.1 ms (external_request_id=cmpl-a230c36cc1ffffff-0-af2db4d4, prefetch_request_id=-1) [3m(storage_manager.py:716:lmcache.v1.distributed.storage_manager)[0m
[32;20m[2026-09-20 14:12:04,446] LMCache INFO:[0m L1 memory usage 0.84 above watermark 0.80; triggering eviction. [3m(eviction_controller.py:179:lmcache.v1.distributed.storage_controllers.eviction_controller)[0m
[32;20m[2026-09-20 14:12:04,457] LMCache INFO:[0m Retrieved 384 tokens in 0.003 seconds [3m(lmcache_driven_transfer.py:1427:lmcache.v1.multiprocess.modules.lmcache_driven_transfer)[0m
[32;20m[2026-09-20 14:12:04,511] LMCache INFO:[0m Prefetch request completed (L1+L2): 24/24 retained keys (24 L1, 0 L2) in 1.0 ms (external_request_id=cmpl-a6c531db492aedb9-0-98623a79, prefetch_request_id=-1) [3m(storage_manager.py:716:lmcache.v1.distributed.storage_manager)[0m
[32;20m[2026-09-20 14:12:04,516] LMCache INFO:[0m Retrieved 384 tokens in 0.002 seconds [3m(lmcache_driven_transfer.py:1427:lmcache.v1.multiprocess.modules.lmcache_driven_transfer)[0m
[32;20m[2026-09-20 14:12:04,571] LMCache INFO:[0m Prefetch request completed (L1+L2): 24/24 retained keys (24 L1, 0 L2) in 1.3 ms (external_request_id=cmpl-9da9a7a70c6e0417-0-adf11f91, prefetch_request_id=-1) [3m(storage_manager.py:716:lmcache.v1.distributed.storage_manager)[0m
[32;20m[2026-09-20 14:12:04,576] LMCache INFO:[0m Retrieved 384 tokens in 0.002 seconds [3m(lmcache_driven_transfer.py:1427:lmcache.v1.multiprocess.modules.lmcache_driven_transfer)[0m
[32;20m[2026-09-20 14:12:04,627] LMCache INFO:[0m Prefetch request completed (L1+L2): 24/24 retained keys (24 L1, 0 L2) in 1.0 ms (external_request_id=cmpl-b957db0525076968-0-b261e385, prefetch_request_id=-1) [3m(storage_manager.py:716:lmcache.v1.distributed.storage_manager)[0m
[32;20m[2026-09-20 14:12:04,632] LMCache INFO:[0m Retrieved 384 tokens in 0.002 seconds [3m(lmcache_driven_transfer.py:1427:lmcache.v1.multiprocess.modules.lmcache_driven_transfer)[0m
[32;20m[2026-09-20 14:12:04,686] LMCache INFO:[0m Prefetch request completed (L1+L2): 24/24 retained keys (24 L1, 0 L2) in 1.1 ms (external_request_id=cmpl-a3a1c7b771be92d0-0-92061c70, prefetch_request_id=-1) [3m(storage_manager.py:716:lmcache.v1.distributed.storage_manager)[0m
[32;20m[2026-09-20 14:12:04,691] LMCache INFO:[0m Retrieved 384 tokens in 0.002 seconds [3m(lmcache_driven_transfer.py:1427:lmcache.v1.multiprocess.modules.lmcache_driven_transfer)[0m
[32;20m[2026-09-20 14:12:04,748] LMCache INFO:[0m Prefetch request completed (L1+L2): 24/24 retained keys (24 L1, 0 L2) in 1.2 ms (external_request_id=cmpl-99777fdf230151e1-0-aca43d9c, prefetch_request_id=-1) [3m(storage_manager.py:716:lmcache.v1.distributed.storage_manager)[0m
[32;20m[2026-09-20 14:12:04,753] LMCache INFO:[0m Retrieved 384 tokens in 0.002 seconds [3m(lmcache_driven_transfer.py:1427:lmcache.v1.multiprocess.modules.lmcache_driven_transfer)[0m
[32;20m[2026-09-20 14:12:04,991] LMCache INFO:[0m Prefetch request completed (L1+L2): 24/24 retained keys (24 L1, 0 L2) in 1.1 ms (external_request_id=cmpl-8eb271cc912dfd40-0-9fd9a0cc, prefetch_request_id=-1) [3m(storage_manager.py:716:lmcache.v1.distributed.storage_manager)[0m
[32;20m[2026-09-20 14:12:04,996] LMCache INFO:[0m Retrieved 384 tokens in 0.002 seconds [3m(lmcache_driven_transfer.py:1427:lmcache.v1.multiprocess.modules.lmcache_driven_transfer)[0m
[32;20m[2026-09-20 14:12:05,110] LMCache INFO:[0m Stored 384 tokens in 0.003 seconds [3m(lmcache_driven_transfer.py:1218:lmcache.v1.multiprocess.modules.lmcache_driven_transfer)[0m
[32;20m[2026-09-20 14:12:05,191] LMCache INFO:[0m Stored 384 tokens in 0.003 seconds [3m(lmcache_driven_transfer.py:1218:lmcache.v1.multiprocess.modules.lmcache_driven_transfer)[0m
[32;20m[2026-09-20 14:12:05,284] LMCache INFO:[0m Stored 384 tokens in 0.003 seconds [3m(lmcache_driven_transfer.py:1218:lmcache.v1.multiprocess.modules.lmcache_driven_transfer)[0m
[32;20m[2026-09-20 14:12:05,377] LMCache INFO:[0m Stored 384 tokens in 0.003 seconds [3m(lmcache_driven_transfer.py:1218:lmcache.v1.multiprocess.modules.lmcache_driven_transfer)[0m
[32;20m[2026-09-20 14:12:05,468] LMCache INFO:[0m Stored 272 tokens in 0.003 seconds [3m(lmcache_driven_transfer.py:1218:lmcache.v1.multiprocess.modules.lmcache_driven_transfer)[0m
[32;20m[2026-09-20 14:12:05,546] LMCache INFO:[0m Stored 384 tokens in 0.003 seconds [3m(lmcache_driven_transfer.py:1218:lmcache.v1.multiprocess.modules.lmcache_driven_transfer)[0m
[32;20m[2026-09-20 14:12:05,601] LMCache INFO:[0m Prefetch request completed (L1+L2): 24/24 retained keys (24 L1, 0 L2) in 1.2 ms (external_request_id=cmpl-b2bce7c9b6e021ae-0-82ef3fe7, prefetch_request_id=-1) [3m(storage_manager.py:716:lmcache.v1.distributed.storage_manager)[0m
[32;20m[2026-09-20 14:12:05,605] LMCache INFO:[0m Retrieved 384 tokens in 0.002 seconds [3m(lmcache_driven_transfer.py:1427:lmcache.v1.multiprocess.modules.lmcache_driven_transfer)[0m
[32;20m[2026-09-20 14:12:05,704] LMCache INFO:[0m Stored 384 tokens in 0.003 seconds [3m(lmcache_driven_transfer.py:1218:lmcache.v1.multiprocess.modules.lmcache_driven_transfer)[0m
[32;20m[2026-09-20 14:12:05,789] LMCache INFO:[0m Stored 384 tokens in 0.003 seconds [3m(lmcache_driven_transfer.py:1218:lmcache.v1.multiprocess.modules.lmcache_driven_transfer)[0m
[32;20m[2026-09-20 14:12:05,885] LMCache INFO:[0m Stored 384 tokens in 0.003 seconds [3m(lmcache_driven_transfer.py:1218:lmcache.v1.multiprocess.modules.lmcache_driven_transfer)[0m
[32;20m[2026-09-20 14:12:05,978] LMCache INFO:[0m Stored 384 tokens in 0.003 seconds [3m(lmcache_driven_transfer.py:1218:lmcache.v1.multiprocess.modules.lmcache_driven_transfer)[0m
[32;20m[2026-09-20 14:12:06,020] LMCache INFO:[0m Prefetch request completed (L1+L2): 24/24 retained keys (24 L1, 0 L2) in 2.8 ms (external_request_id=cmpl-a59a3bb566b0e465-0-83e202e6, prefetch_request_id=-1) [3m(storage_manager.py:716:lmcache.v1.distributed.storage_manager)[0m
[32;20m[2026-09-20 14:12:06,025] LMCache INFO:[0m Retrieved 384 tokens in 0.002 seconds [3m(lmcache_driven_transfer.py:1427:lmcache.v1.multiprocess.modules.lmcache_driven_transfer)[0m
[32;20m[2026-09-20 14:12:06,142] LMCache INFO:[0m Stored 384 tokens in 0.003 seconds [3m(lmcache_driven_transfer.py:1218:lmcache.v1.multiprocess.modules.lmcache_driven_transfer)[0m
[32;20m[2026-09-20 14:12:06,219] LMCache INFO:[0m Stored 384 tokens in 0.003 seconds [3m(lmcache_driven_transfer.py:1218:lmcache.v1.multiprocess.modules.lmcache_driven_transfer)[0m
[32;20m[2026-09-20 14:12:06,319] LMCache INFO:[0m Stored 384 tokens in 0.005 seconds [3m(lmcache_driven_transfer.py:1218:lmcache.v1.multiprocess.modules.lmcache_driven_transfer)[0m
[32;20m[2026-09-20 14:12:06,410] LMCache INFO:[0m Stored 384 tokens in 0.003 seconds [3m(lmcache_driven_transfer.py:1218:lmcache.v1.multiprocess.modules.lmcache_driven_transfer)[0m
[32;20m[2026-09-20 14:12:06,456] LMCache INFO:[0m L1 memory usage 0.96 above watermark 0.80; triggering eviction. [3m(eviction_controller.py:179:lmcache.v1.distributed.storage_controllers.eviction_controller)[0m
[32;20m[2026-09-20 14:12:06,509] LMCache INFO:[0m Stored 384 tokens in 0.003 seconds [3m(lmcache_driven_transfer.py:1218:lmcache.v1.multiprocess.modules.lmcache_driven_transfer)[0m
[32;20m[2026-09-20 14:12:06,600] LMCache INFO:[0m Stored 384 tokens in 0.003 seconds [3m(lmcache_driven_transfer.py:1218:lmcache.v1.multiprocess.modules.lmcache_driven_transfer)[0m
[32;20m[2026-09-20 14:12:06,694] LMCache INFO:[0m Stored 384 tokens in 0.003 seconds [3m(lmcache_driven_transfer.py:1218:lmcache.v1.multiprocess.modules.lmcache_driven_transfer)[0m
[32;20m[2026-09-20 14:12:06,792] LMCache INFO:[0m Stored 384 tokens in 0.003 seconds [3m(lmcache_driven_transfer.py:1218:lmcache.v1.multiprocess.modules.lmcache_driven_transfer)[0m
[32;20m[2026-09-20 14:12:06,891] LMCache INFO:[0m Stored 384 tokens in 0.003 seconds [3m(lmcache_driven_transfer.py:1218:lmcache.v1.multiprocess.modules.lmcache_driven_transfer)[0m
[32;20m[2026-09-20 14:12:06,935] LMCache INFO:[0m Prefetch request completed (L1+L2): 24/24 retained keys (24 L1, 0 L2) in 1.1 ms (external_request_id=cmpl-ab072fa45f6a1d7f-0-a841c4f1, prefetch_request_id=-1) [3m(storage_manager.py:716:lmcache.v1.distributed.storage_manager)[0m
[32;20m[2026-09-20 14:12:06,941] LMCache INFO:[0m Retrieved 384 tokens in 0.002 seconds [3m(lmcache_driven_transfer.py:1427:lmcache.v1.multiprocess.modules.lmcache_driven_transfer)[0m
[32;20m[2026-09-20 14:12:07,052] LMCache INFO:[0m Stored 384 tokens in 0.003 seconds [3m(lmcache_driven_transfer.py:1218:lmcache.v1.multiprocess.modules.lmcache_driven_transfer)[0m
[32;20m[2026-09-20 14:12:07,131] LMCache INFO:[0m Stored 384 tokens in 0.003 seconds [3m(lmcache_driven_transfer.py:1218:lmcache.v1.multiprocess.modules.lmcache_driven_transfer)[0m
[32;20m[2026-09-20 14:12:07,229] LMCache INFO:[0m Stored 384 tokens in 0.003 seconds [3m(lmcache_driven_transfer.py:1218:lmcache.v1.multiprocess.modules.lmcache_driven_transfer)[0m
[32;20m[2026-09-20 14:12:07,321] LMCache INFO:[0m Stored 384 tokens in 0.003 seconds [3m(lmcache_driven_transfer.py:1218:lmcache.v1.multiprocess.modules.lmcache_driven_transfer)[0m
[32;20m[2026-09-20 14:12:07,422] LMCache INFO:[0m Stored 384 tokens in 0.003 seconds [3m(lmcache_driven_transfer.py:1218:lmcache.v1.multiprocess.modules.lmcache_driven_transfer)[0m
[32;20m[2026-09-20 14:12:07,465] LMCache INFO:[0m L1 memory usage 0.97 above watermark 0.80; triggering eviction. [3m(eviction_controller.py:179:lmcache.v1.distributed.storage_controllers.eviction_controller)[0m
[32;20m[2026-09-20 14:12:07,520] LMCache INFO:[0m Stored 384 tokens in 0.003 seconds [3m(lmcache_driven_transfer.py:1218:lmcache.v1.multiprocess.modules.lmcache_driven_transfer)[0m
[32;20m[2026-09-20 14:12:07,610] LMCache INFO:[0m Stored 384 tokens in 0.003 seconds [3m(lmcache_driven_transfer.py:1218:lmcache.v1.multiprocess.modules.lmcache_driven_transfer)[0m
[32;20m[2026-09-20 14:12:07,705] LMCache INFO:[0m Stored 384 tokens in 0.003 seconds [3m(lmcache_driven_transfer.py:1218:lmcache.v1.multiprocess.modules.lmcache_driven_transfer)[0m
[32;20m[2026-09-20 14:12:07,800] LMCache INFO:[0m Stored 384 tokens in 0.003 seconds [3m(lmcache_driven_transfer.py:1218:lmcache.v1.multiprocess.modules.lmcache_driven_transfer)[0m
[32;20m[2026-09-20 14:12:07,961] LMCache INFO:[0m Prefetch request completed (L1+L2): 24/24 retained keys (24 L1, 0 L2) in 1.4 ms (external_request_id=cmpl-a323f33caa7623d1-0-99f23dec, prefetch_request_id=-1) [3m(storage_manager.py:716:lmcache.v1.distributed.storage_manager)[0m
[32;20m[2026-09-20 14:12:07,968] LMCache INFO:[0m Prefetch request completed (L1+L2): 24/24 retained keys (24 L1, 0 L2) in 1.7 ms (external_request_id=cmpl-89c6a3646c252dc9-0-90ed9c89, prefetch_request_id=-1) [3m(storage_manager.py:716:lmcache.v1.distributed.storage_manager)[0m
[32;20m[2026-09-20 14:12:07,969] LMCache INFO:[0m Retrieved 384 tokens in 0.005 seconds [3m(lmcache_driven_transfer.py:1427:lmcache.v1.multiprocess.modules.lmcache_driven_transfer)[0m
[32;20m[2026-09-20 14:12:07,975] LMCache INFO:[0m Retrieved 384 tokens in 0.003 seconds [3m(lmcache_driven_transfer.py:1427:lmcache.v1.multiprocess.modules.lmcache_driven_transfer)[0m
[32;20m[2026-09-20 14:12:08,060] LMCache INFO:[0m Prefetch request completed (L1+L2): 24/24 retained keys (24 L1, 0 L2) in 1.1 ms (external_request_id=cmpl-b528791560e05a43-0-bd308124, prefetch_request_id=-1) [3m(storage_manager.py:716:lmcache.v1.distributed.storage_manager)[0m
[32;20m[2026-09-20 14:12:08,065] LMCache INFO:[0m Retrieved 384 tokens in 0.002 seconds [3m(lmcache_driven_transfer.py:1427:lmcache.v1.multiprocess.modules.lmcache_driven_transfer)[0m
[32;20m[2026-09-20 14:12:08,120] LMCache INFO:[0m Prefetch request completed (L1+L2): 24/24 retained keys (24 L1, 0 L2) in 1.2 ms (external_request_id=cmpl-8b5943905949fbcd-0-aa9a9718, prefetch_request_id=-1) [3m(storage_manager.py:716:lmcache.v1.distributed.storage_manager)[0m
[32;20m[2026-09-20 14:12:08,125] LMCache INFO:[0m Retrieved 384 tokens in 0.002 seconds [3m(lmcache_driven_transfer.py:1427:lmcache.v1.multiprocess.modules.lmcache_driven_transfer)[0m
[32;20m[2026-09-20 14:12:08,181] LMCache INFO:[0m Prefetch request completed (L1+L2): 24/24 retained keys (24 L1, 0 L2) in 1.1 ms (external_request_id=cmpl-ab8d71f4489b81c2-0-a3d64ad4, prefetch_request_id=-1) [3m(storage_manager.py:716:lmcache.v1.distributed.storage_manager)[0m
[32;20m[2026-09-20 14:12:08,185] LMCache INFO:[0m Retrieved 384 tokens in 0.002 seconds [3m(lmcache_driven_transfer.py:1427:lmcache.v1.multiprocess.modules.lmcache_driven_transfer)[0m
[32;20m[2026-09-20 14:12:08,240] LMCache INFO:[0m Prefetch request completed (L1+L2): 24/24 retained keys (24 L1, 0 L2) in 1.3 ms (external_request_id=cmpl-b0650b4e78f86480-0-a77e487b, prefetch_request_id=-1) [3m(storage_manager.py:716:lmcache.v1.distributed.storage_manager)[0m
[32;20m[2026-09-20 14:12:08,245] LMCache INFO:[0m Retrieved 384 tokens in 0.002 seconds [3m(lmcache_driven_transfer.py:1427:lmcache.v1.multiprocess.modules.lmcache_driven_transfer)[0m
[32;20m[2026-09-20 14:12:08,298] LMCache INFO:[0m Prefetch request completed (L1+L2): 24/24 retained keys (24 L1, 0 L2) in 1.2 ms (external_request_id=cmpl-a3548acf2b8556e4-0-84459699, prefetch_request_id=-1) [3m(storage_manager.py:716:lmcache.v1.distributed.storage_manager)[0m
[32;20m[2026-09-20 14:12:08,304] LMCache INFO:[0m Retrieved 384 tokens in 0.002 seconds [3m(lmcache_driven_transfer.py:1427:lmcache.v1.multiprocess.modules.lmcache_driven_transfer)[0m
[32;20m[2026-09-20 14:12:08,359] LMCache INFO:[0m Prefetch request completed (L1+L2): 24/24 retained keys (24 L1, 0 L2) in 1.0 ms (external_request_id=cmpl-befabcd50edfda55-0-90211122, prefetch_request_id=-1) [3m(storage_manager.py:716:lmcache.v1.distributed.storage_manager)[0m
[32;20m[2026-09-20 14:12:08,365] LMCache INFO:[0m Retrieved 384 tokens in 0.002 seconds [3m(lmcache_driven_transfer.py:1427:lmcache.v1.multiprocess.modules.lmcache_driven_transfer)[0m
[32;20m[2026-09-20 14:12:08,418] LMCache INFO:[0m Prefetch request completed (L1+L2): 24/24 retained keys (24 L1, 0 L2) in 1.1 ms (external_request_id=cmpl-a3a182e1a98e8b02-0-bff8c900, prefetch_request_id=-1) [3m(storage_manager.py:716:lmcache.v1.distributed.storage_manager)[0m
[32;20m[2026-09-20 14:12:08,423] LMCache INFO:[0m Retrieved 384 tokens in 0.002 seconds [3m(lmcache_driven_transfer.py:1427:lmcache.v1.multiprocess.modules.lmcache_driven_transfer)[0m
[32;20m[2026-09-20 14:12:08,474] LMCache INFO:[0m L1 memory usage 0.86 above watermark 0.80; triggering eviction. [3m(eviction_controller.py:179:lmcache.v1.distributed.storage_controllers.eviction_controller)[0m
[32;20m[2026-09-20 14:12:08,527] LMCache INFO:[0m Stored 384 tokens in 0.003 seconds [3m(lmcache_driven_transfer.py:1218:lmcache.v1.multiprocess.modules.lmcache_driven_transfer)[0m
[32;20m[2026-09-20 14:12:08,612] LMCache INFO:[0m Stored 384 tokens in 0.003 seconds [3m(lmcache_driven_transfer.py:1218:lmcache.v1.multiprocess.modules.lmcache_driven_transfer)[0m
[32;20m[2026-09-20 14:12:08,817] LMCache INFO:[0m Prefetch request completed (L1+L2): 24/24 retained keys (24 L1, 0 L2) in 1.4 ms (external_request_id=cmpl-8c90045ad4efdfe9-0-838fc674, prefetch_request_id=-1) [3m(storage_manager.py:716:lmcache.v1.distributed.storage_manager)[0m
[32;20m[2026-09-20 14:12:08,823] LMCache INFO:[0m Retrieved 384 tokens in 0.002 seconds [3m(lmcache_driven_transfer.py:1427:lmcache.v1.multiprocess.modules.lmcache_driven_transfer)[0m
[32;20m[2026-09-20 14:12:08,941] LMCache INFO:[0m Stored 384 tokens in 0.004 seconds [3m(lmcache_driven_transfer.py:1218:lmcache.v1.multiprocess.modules.lmcache_driven_transfer)[0m
[32;20m[2026-09-20 14:12:09,018] LMCache INFO:[0m Stored 384 tokens in 0.003 seconds [3m(lmcache_driven_transfer.py:1218:lmcache.v1.multiprocess.modules.lmcache_driven_transfer)[0m
[32;20m[2026-09-20 14:12:09,112] LMCache INFO:[0m Stored 384 tokens in 0.003 seconds [3m(lmcache_driven_transfer.py:1218:lmcache.v1.multiprocess.modules.lmcache_driven_transfer)[0m
[32;20m[2026-09-20 14:12:09,210] LMCache INFO:[0m Stored 384 tokens in 0.003 seconds [3m(lmcache_driven_transfer.py:1218:lmcache.v1.multiprocess.modules.lmcache_driven_transfer)[0m
[32;20m[2026-09-20 14:12:09,302] LMCache INFO:[0m Stored 336 tokens in 0.003 seconds [3m(lmcache_driven_transfer.py:1218:lmcache.v1.multiprocess.modules.lmcache_driven_transfer)[0m
[32;20m[2026-09-20 14:12:09,394] LMCache INFO:[0m Stored 384 tokens in 0.005 seconds [3m(lmcache_driven_transfer.py:1218:lmcache.v1.multiprocess.modules.lmcache_driven_transfer)[0m
[32;20m[2026-09-20 14:12:09,484] LMCache INFO:[0m L1 memory usage 0.85 above watermark 0.80; triggering eviction. [3m(eviction_controller.py:179:lmcache.v1.distributed.storage_controllers.eviction_controller)[0m
[32;20m[2026-09-20 14:12:09,493] LMCache INFO:[0m Stored 384 tokens in 0.010 seconds [3m(lmcache_driven_transfer.py:1218:lmcache.v1.multiprocess.modules.lmcache_driven_transfer)[0m
[32;20m[2026-09-20 14:12:09,576] LMCache INFO:[0m Stored 224 tokens in 0.003 seconds [3m(lmcache_driven_transfer.py:1218:lmcache.v1.multiprocess.modules.lmcache_driven_transfer)[0m
[32;20m[2026-09-20 14:12:09,636] LMCache INFO:[0m Stored 288 tokens in 0.003 seconds [3m(lmcache_driven_transfer.py:1218:lmcache.v1.multiprocess.modules.lmcache_driven_transfer)[0m
[32;20m[2026-09-20 14:12:09,721] LMCache INFO:[0m Stored 384 tokens in 0.004 seconds [3m(lmcache_driven_transfer.py:1218:lmcache.v1.multiprocess.modules.lmcache_driven_transfer)[0m
[32;20m[2026-09-20 14:12:09,818] LMCache INFO:[0m Stored 384 tokens in 0.003 seconds [3m(lmcache_driven_transfer.py:1218:lmcache.v1.multiprocess.modules.lmcache_driven_transfer)[0m
[32;20m[2026-09-20 14:12:09,860] LMCache INFO:[0m Prefetch request completed (L1+L2): 24/24 retained keys (24 L1, 0 L2) in 1.3 ms (external_request_id=cmpl-94e80409b669e1a3-0-8922b20b, prefetch_request_id=-1) [3m(storage_manager.py:716:lmcache.v1.distributed.storage_manager)[0m
[32;20m[2026-09-20 14:12:09,865] LMCache INFO:[0m Retrieved 384 tokens in 0.002 seconds [3m(lmcache_driven_transfer.py:1427:lmcache.v1.multiprocess.modules.lmcache_driven_transfer)[0m
[32;20m[2026-09-20 14:12:09,980] LMCache INFO:[0m Stored 368 tokens in 0.003 seconds [3m(lmcache_driven_transfer.py:1218:lmcache.v1.multiprocess.modules.lmcache_driven_transfer)[0m
[32;20m[2026-09-20 14:12:10,063] LMCache INFO:[0m Stored 384 tokens in 0.003 seconds [3m(lmcache_driven_transfer.py:1218:lmcache.v1.multiprocess.modules.lmcache_driven_transfer)[0m
[32;20m[2026-09-20 14:12:10,154] LMCache INFO:[0m Stored 384 tokens in 0.003 seconds [3m(lmcache_driven_transfer.py:1218:lmcache.v1.multiprocess.modules.lmcache_driven_transfer)[0m
[32;20m[2026-09-20 14:12:10,251] LMCache INFO:[0m Stored 384 tokens in 0.003 seconds [3m(lmcache_driven_transfer.py:1218:lmcache.v1.multiprocess.modules.lmcache_driven_transfer)[0m
[32;20m[2026-09-20 14:12:10,346] LMCache INFO:[0m Stored 384 tokens in 0.003 seconds [3m(lmcache_driven_transfer.py:1218:lmcache.v1.multiprocess.modules.lmcache_driven_transfer)[0m
[32;20m[2026-09-20 14:12:10,438] LMCache INFO:[0m Stored 384 tokens in 0.003 seconds [3m(lmcache_driven_transfer.py:1218:lmcache.v1.multiprocess.modules.lmcache_driven_transfer)[0m
[32;20m[2026-09-20 14:12:10,491] LMCache INFO:[0m L1 memory usage 0.89 above watermark 0.80; triggering eviction. [3m(eviction_controller.py:179:lmcache.v1.distributed.storage_controllers.eviction_controller)[0m
[32;20m[2026-09-20 14:12:10,538] LMCache INFO:[0m Stored 384 tokens in 0.003 seconds [3m(lmcache_driven_transfer.py:1218:lmcache.v1.multiprocess.modules.lmcache_driven_transfer)[0m
[32;20m[2026-09-20 14:12:10,633] LMCache INFO:[0m Stored 384 tokens in 0.003 seconds [3m(lmcache_driven_transfer.py:1218:lmcache.v1.multiprocess.modules.lmcache_driven_transfer)[0m
[32;20m[2026-09-20 14:12:10,726] LMCache INFO:[0m Stored 384 tokens in 0.003 seconds [3m(lmcache_driven_transfer.py:1218:lmcache.v1.multiprocess.modules.lmcache_driven_transfer)[0m
[32;20m[2026-09-20 14:12:10,817] LMCache INFO:[0m Stored 192 tokens in 0.002 seconds [3m(lmcache_driven_transfer.py:1218:lmcache.v1.multiprocess.modules.lmcache_driven_transfer)[0m
[32;20m[2026-09-20 14:12:10,879] LMCache INFO:[0m Stored 384 tokens in 0.003 seconds [3m(lmcache_driven_transfer.py:1218:lmcache.v1.multiprocess.modules.lmcache_driven_transfer)[0m
[32;20m[2026-09-20 14:12:10,923] LMCache INFO:[0m Prefetch request completed (L1+L2): 23/23 retained keys (23 L1, 0 L2) in 1.1 ms (external_request_id=cmpl-b8a96e53a425e95e-0-ae2d2646, prefetch_request_id=-1) [3m(storage_manager.py:716:lmcache.v1.distributed.storage_manager)[0m
[32;20m[2026-09-20 14:12:10,928] LMCache INFO:[0m Retrieved 368 tokens in 0.002 seconds [3m(lmcache_driven_transfer.py:1427:lmcache.v1.multiprocess.modules.lmcache_driven_transfer)[0m
[32;20m[2026-09-20 14:12:11,042] LMCache INFO:[0m Stored 384 tokens in 0.003 seconds [3m(lmcache_driven_transfer.py:1218:lmcache.v1.multiprocess.modules.lmcache_driven_transfer)[0m
[32;20m[2026-09-20 14:12:11,124] LMCache INFO:[0m Stored 384 tokens in 0.003 seconds [3m(lmcache_driven_transfer.py:1218:lmcache.v1.multiprocess.modules.lmcache_driven_transfer)[0m
[32;20m[2026-09-20 14:12:11,221] LMCache INFO:[0m Stored 384 tokens in 0.003 seconds [3m(lmcache_driven_transfer.py:1218:lmcache.v1.multiprocess.modules.lmcache_driven_transfer)[0m
[32;20m[2026-09-20 14:12:11,317] LMCache INFO:[0m Stored 384 tokens in 0.003 seconds [3m(lmcache_driven_transfer.py:1218:lmcache.v1.multiprocess.modules.lmcache_driven_transfer)[0m
[32;20m[2026-09-20 14:12:11,359] LMCache INFO:[0m L0<->L1 stats [cuda:0] last 10.0s: store ops=83 tokens=30864 size=0.88GB avg_copy=7.54GB/s | retrieve ops=33 tokens=12640 size=0.36GB avg_copy=3.96GB/s [3m(extra_stats.py:159:lmcache.v1.mp_observability.subscribers.logging.extra_stats)[0m
[32;20m[2026-09-20 14:12:11,360] LMCache INFO:[0m L0<->L1 stats [cuda:0] cumulative: store ops=350 tokens=129424 size=3.71GB avg_copy=7.35GB/s | retrieve ops=119 tokens=45264 size=1.30GB avg_copy=3.99GB/s [3m(extra_stats.py:168:lmcache.v1.mp_observability.subscribers.logging.extra_stats)[0m
[32;20m[2026-09-20 14:12:11,410] LMCache INFO:[0m Stored 384 tokens in 0.003 seconds [3m(lmcache_driven_transfer.py:1218:lmcache.v1.multiprocess.modules.lmcache_driven_transfer)[0m
[32;20m[2026-09-20 14:12:11,498] LMCache INFO:[0m L1 memory usage: 0.45/0.50 GiB (90.9%) [3m(eviction_controller.py:153:lmcache.v1.distributed.storage_controllers.eviction_controller)[0m
[32;20m[2026-09-20 14:12:11,499] LMCache INFO:[0m L1 memory usage 0.91 above watermark 0.80; triggering eviction. [3m(eviction_controller.py:179:lmcache.v1.distributed.storage_controllers.eviction_controller)[0m
[32;20m[2026-09-20 14:12:11,508] LMCache INFO:[0m Stored 384 tokens in 0.004 seconds [3m(lmcache_driven_transfer.py:1218:lmcache.v1.multiprocess.modules.lmcache_driven_transfer)[0m
[32;20m[2026-09-20 14:12:11,604] LMCache INFO:[0m Stored 384 tokens in 0.003 seconds [3m(lmcache_driven_transfer.py:1218:lmcache.v1.multiprocess.modules.lmcache_driven_transfer)[0m
[32;20m[2026-09-20 14:12:11,696] LMCache INFO:[0m Stored 384 tokens in 0.003 seconds [3m(lmcache_driven_transfer.py:1218:lmcache.v1.multiprocess.modules.lmcache_driven_transfer)[0m
[32;20m[2026-09-20 14:12:11,791] LMCache INFO:[0m Stored 384 tokens in 0.003 seconds [3m(lmcache_driven_transfer.py:1218:lmcache.v1.multiprocess.modules.lmcache_driven_transfer)[0m
[32;20m[2026-09-20 14:12:11,888] LMCache INFO:[0m Stored 384 tokens in 0.003 seconds [3m(lmcache_driven_transfer.py:1218:lmcache.v1.multiprocess.modules.lmcache_driven_transfer)[0m
[32;20m[2026-09-20 14:12:11,936] LMCache INFO:[0m Prefetch request completed (L1+L2): 24/24 retained keys (24 L1, 0 L2) in 1.2 ms (external_request_id=cmpl-b1e188e6309c9b25-0-b26378ed, prefetch_request_id=-1) [3m(storage_manager.py:716:lmcache.v1.distributed.storage_manager)[0m
[32;20m[2026-09-20 14:12:11,941] LMCache INFO:[0m Retrieved 384 tokens in 0.002 seconds [3m(lmcache_driven_transfer.py:1427:lmcache.v1.multiprocess.modules.lmcache_driven_transfer)[0m
[32;20m[2026-09-20 14:12:12,015] LMCache INFO:[0m Prefetch request completed (L1+L2): 24/24 retained keys (24 L1, 0 L2) in 1.2 ms (external_request_id=cmpl-acfedd8af822d8b7-0-97961537, prefetch_request_id=-1) [3m(storage_manager.py:716:lmcache.v1.distributed.storage_manager)[0m
[32;20m[2026-09-20 14:12:12,021] LMCache INFO:[0m Prefetch request completed (L1+L2): 24/24 retained keys (24 L1, 0 L2) in 1.4 ms (external_request_id=cmpl-8bd37e94a8842755-0-87c301e9, prefetch_request_id=-1) [3m(storage_manager.py:716:lmcache.v1.distributed.storage_manager)[0m
[32;20m[2026-09-20 14:12:12,022] LMCache INFO:[0m Retrieved 384 tokens in 0.005 seconds [3m(lmcache_driven_transfer.py:1427:lmcache.v1.multiprocess.modules.lmcache_driven_transfer)[0m
[32;20m[2026-09-20 14:12:12,030] LMCache INFO:[0m Retrieved 384 tokens in 0.005 seconds [3m(lmcache_driven_transfer.py:1427:lmcache.v1.multiprocess.modules.lmcache_driven_transfer)[0m
[32;20m[2026-09-20 14:12:12,125] LMCache INFO:[0m Prefetch request completed (L1+L2): 24/24 retained keys (24 L1, 0 L2) in 1.3 ms (external_request_id=cmpl-9df8a2e62138ee77-0-8170ba8e, prefetch_request_id=-1) [3m(storage_manager.py:716:lmcache.v1.distributed.storage_manager)[0m
[32;20m[2026-09-20 14:12:12,130] LMCache INFO:[0m Retrieved 384 tokens in 0.002 seconds [3m(lmcache_driven_transfer.py:1427:lmcache.v1.multiprocess.modules.lmcache_driven_transfer)[0m
[32;20m[2026-09-20 14:12:12,183] LMCache INFO:[0m Prefetch request completed (L1+L2): 23/23 retained keys (23 L1, 0 L2) in 1.3 ms (external_request_id=cmpl-b6a98aa9f90631db-0-8970d4ad, prefetch_request_id=-1) [3m(storage_manager.py:716:lmcache.v1.distributed.storage_manager)[0m
[32;20m[2026-09-20 14:12:12,189] LMCache INFO:[0m Retrieved 368 tokens in 0.002 seconds [3m(lmcache_driven_transfer.py:1427:lmcache.v1.multiprocess.modules.lmcache_driven_transfer)[0m
[32;20m[2026-09-20 14:12:12,242] LMCache INFO:[0m Prefetch request completed (L1+L2): 24/24 retained keys (24 L1, 0 L2) in 1.2 ms (external_request_id=cmpl-86d642080fb95c72-0-bc089cb7, prefetch_request_id=-1) [3m(storage_manager.py:716:lmcache.v1.distributed.storage_manager)[0m
[32;20m[2026-09-20 14:12:12,246] LMCache INFO:[0m Retrieved 384 tokens in 0.002 seconds [3m(lmcache_driven_transfer.py:1427:lmcache.v1.multiprocess.modules.lmcache_driven_transfer)[0m
[32;20m[2026-09-20 14:12:12,300] LMCache INFO:[0m Prefetch request completed (L1+L2): 24/24 retained keys (24 L1, 0 L2) in 1.2 ms (external_request_id=cmpl-97ef25d9d9f79eb7-0-8d019514, prefetch_request_id=-1) [3m(storage_manager.py:716:lmcache.v1.distributed.storage_manager)[0m
[32;20m[2026-09-20 14:12:12,305] LMCache INFO:[0m Retrieved 384 tokens in 0.002 seconds [3m(lmcache_driven_transfer.py:1427:lmcache.v1.multiprocess.modules.lmcache_driven_transfer)[0m
[32;20m[2026-09-20 14:12:12,362] LMCache INFO:[0m Prefetch request completed (L1+L2): 24/24 retained keys (24 L1, 0 L2) in 1.2 ms (external_request_id=cmpl-81ce928ccf0f6027-0-851aa30a, prefetch_request_id=-1) [3m(storage_manager.py:716:lmcache.v1.distributed.storage_manager)[0m
[32;20m[2026-09-20 14:12:12,366] LMCache INFO:[0m Retrieved 384 tokens in 0.002 seconds [3m(lmcache_driven_transfer.py:1427:lmcache.v1.multiprocess.modules.lmcache_driven_transfer)[0m
[32;20m[2026-09-20 14:12:12,422] LMCache INFO:[0m Prefetch request completed (L1+L2): 24/24 retained keys (24 L1, 0 L2) in 1.3 ms (external_request_id=cmpl-b1e10691f437ea0b-0-be31a0df, prefetch_request_id=-1) [3m(storage_manager.py:716:lmcache.v1.distributed.storage_manager)[0m
[32;20m[2026-09-20 14:12:12,427] LMCache INFO:[0m Retrieved 384 tokens in 0.002 seconds [3m(lmcache_driven_transfer.py:1427:lmcache.v1.multiprocess.modules.lmcache_driven_transfer)[0m
[32;20m[2026-09-20 14:12:12,507] LMCache INFO:[0m L1 memory usage 0.83 above watermark 0.80; triggering eviction. [3m(eviction_controller.py:179:lmcache.v1.distributed.storage_controllers.eviction_controller)[0m
[32;20m[2026-09-20 14:12:12,521] LMCache INFO:[0m Stored 384 tokens in 0.003 seconds [3m(lmcache_driven_transfer.py:1218:lmcache.v1.multiprocess.modules.lmcache_driven_transfer)[0m
[32;20m[2026-09-20 14:12:12,611] LMCache INFO:[0m Stored 384 tokens in 0.003 seconds [3m(lmcache_driven_transfer.py:1218:lmcache.v1.multiprocess.modules.lmcache_driven_transfer)[0m
[32;20m[2026-09-20 14:12:12,706] LMCache INFO:[0m Stored 384 tokens in 0.003 seconds [3m(lmcache_driven_transfer.py:1218:lmcache.v1.multiprocess.modules.lmcache_driven_transfer)[0m
[32;20m[2026-09-20 14:12:12,831] LMCache INFO:[0m Prefetch request completed (L1+L2): 24/24 retained keys (24 L1, 0 L2) in 1.0 ms (external_request_id=cmpl-9256be3369b328e9-0-bc76733a, prefetch_request_id=-1) [3m(storage_manager.py:716:lmcache.v1.distributed.storage_manager)[0m
[32;20m[2026-09-20 14:12:12,836] LMCache INFO:[0m Retrieved 384 tokens in 0.002 seconds [3m(lmcache_driven_transfer.py:1427:lmcache.v1.multiprocess.modules.lmcache_driven_transfer)[0m
[32;20m[2026-09-20 14:12:12,954] LMCache INFO:[0m Stored 384 tokens in 0.003 seconds [3m(lmcache_driven_transfer.py:1218:lmcache.v1.multiprocess.modules.lmcache_driven_transfer)[0m
[32;20m[2026-09-20 14:12:13,036] LMCache INFO:[0m Stored 384 tokens in 0.003 seconds [3m(lmcache_driven_transfer.py:1218:lmcache.v1.multiprocess.modules.lmcache_driven_transfer)[0m
[32;20m[2026-09-20 14:12:13,130] LMCache INFO:[0m Stored 384 tokens in 0.003 seconds [3m(lmcache_driven_transfer.py:1218:lmcache.v1.multiprocess.modules.lmcache_driven_transfer)[0m
[32;20m[2026-09-20 14:12:13,224] LMCache INFO:[0m Stored 384 tokens in 0.003 seconds [3m(lmcache_driven_transfer.py:1218:lmcache.v1.multiprocess.modules.lmcache_driven_transfer)[0m
[32;20m[2026-09-20 14:12:13,321] LMCache INFO:[0m Stored 384 tokens in 0.003 seconds [3m(lmcache_driven_transfer.py:1218:lmcache.v1.multiprocess.modules.lmcache_driven_transfer)[0m
[32;20m[2026-09-20 14:12:13,411] LMCache INFO:[0m Stored 384 tokens in 0.003 seconds [3m(lmcache_driven_transfer.py:1218:lmcache.v1.multiprocess.modules.lmcache_driven_transfer)[0m
[32;20m[2026-09-20 14:12:13,511] LMCache INFO:[0m Stored 384 tokens in 0.003 seconds [3m(lmcache_driven_transfer.py:1218:lmcache.v1.multiprocess.modules.lmcache_driven_transfer)[0m
[32;20m[2026-09-20 14:12:13,513] LMCache INFO:[0m L1 memory usage 0.87 above watermark 0.80; triggering eviction. [3m(eviction_controller.py:179:lmcache.v1.distributed.storage_controllers.eviction_controller)[0m
[32;20m[2026-09-20 14:12:13,603] LMCache INFO:[0m Stored 384 tokens in 0.003 seconds [3m(lmcache_driven_transfer.py:1218:lmcache.v1.multiprocess.modules.lmcache_driven_transfer)[0m
[32;20m[2026-09-20 14:12:13,697] LMCache INFO:[0m Stored 384 tokens in 0.003 seconds [3m(lmcache_driven_transfer.py:1218:lmcache.v1.multiprocess.modules.lmcache_driven_transfer)[0m
[32;20m[2026-09-20 14:12:13,749] LMCache INFO:[0m Prefetch request completed (L1+L2): 24/24 retained keys (24 L1, 0 L2) in 0.9 ms (external_request_id=cmpl-a33dbc432c26487c-0-9f3c273c, prefetch_request_id=-1) [3m(storage_manager.py:716:lmcache.v1.distributed.storage_manager)[0m
[32;20m[2026-09-20 14:12:13,756] LMCache INFO:[0m Retrieved 384 tokens in 0.004 seconds [3m(lmcache_driven_transfer.py:1427:lmcache.v1.multiprocess.modules.lmcache_driven_transfer)[0m
[32;20m[2026-09-20 14:12:13,799] LMCache INFO:[0m Stored 384 tokens in 0.003 seconds [3m(lmcache_driven_transfer.py:1218:lmcache.v1.multiprocess.modules.lmcache_driven_transfer)[0m
[32;20m[2026-09-20 14:12:13,952] LMCache INFO:[0m Stored 384 tokens in 0.003 seconds [3m(lmcache_driven_transfer.py:1218:lmcache.v1.multiprocess.modules.lmcache_driven_transfer)[0m
[32;20m[2026-09-20 14:12:14,035] LMCache INFO:[0m Stored 384 tokens in 0.003 seconds [3m(lmcache_driven_transfer.py:1218:lmcache.v1.multiprocess.modules.lmcache_driven_transfer)[0m
[32;20m[2026-09-20 14:12:14,131] LMCache INFO:[0m Stored 384 tokens in 0.003 seconds [3m(lmcache_driven_transfer.py:1218:lmcache.v1.multiprocess.modules.lmcache_driven_transfer)[0m
[32;20m[2026-09-20 14:12:14,228] LMCache INFO:[0m Stored 384 tokens in 0.003 seconds [3m(lmcache_driven_transfer.py:1218:lmcache.v1.multiprocess.modules.lmcache_driven_transfer)[0m
[32;20m[2026-09-20 14:12:14,342] LMCache INFO:[0m Stored 368 tokens in 0.003 seconds [3m(lmcache_driven_transfer.py:1218:lmcache.v1.multiprocess.modules.lmcache_driven_transfer)[0m
[32;20m[2026-09-20 14:12:14,425] LMCache INFO:[0m Stored 384 tokens in 0.003 seconds [3m(lmcache_driven_transfer.py:1218:lmcache.v1.multiprocess.modules.lmcache_driven_transfer)[0m
[32;20m[2026-09-20 14:12:14,519] LMCache INFO:[0m L1 memory usage 0.90 above watermark 0.80; triggering eviction. [3m(eviction_controller.py:179:lmcache.v1.distributed.storage_controllers.eviction_controller)[0m
[32;20m[2026-09-20 14:12:14,527] LMCache INFO:[0m Stored 384 tokens in 0.011 seconds [3m(lmcache_driven_transfer.py:1218:lmcache.v1.multiprocess.modules.lmcache_driven_transfer)[0m
[32;20m[2026-09-20 14:12:14,613] LMCache INFO:[0m Stored 384 tokens in 0.003 seconds [3m(lmcache_driven_transfer.py:1218:lmcache.v1.multiprocess.modules.lmcache_driven_transfer)[0m
[32;20m[2026-09-20 14:12:14,710] LMCache INFO:[0m Stored 384 tokens in 0.003 seconds [3m(lmcache_driven_transfer.py:1218:lmcache.v1.multiprocess.modules.lmcache_driven_transfer)[0m
[32;20m[2026-09-20 14:12:14,805] LMCache INFO:[0m Stored 384 tokens in 0.003 seconds [3m(lmcache_driven_transfer.py:1218:lmcache.v1.multiprocess.modules.lmcache_driven_transfer)[0m
[32;20m[2026-09-20 14:12:14,850] LMCache INFO:[0m Prefetch request completed (L1+L2): 24/24 retained keys (24 L1, 0 L2) in 1.1 ms (external_request_id=cmpl-aa1f1507b80c3ba5-0-bdb4709d, prefetch_request_id=-1) [3m(storage_manager.py:716:lmcache.v1.distributed.storage_manager)[0m
[32;20m[2026-09-20 14:12:14,856] LMCache INFO:[0m Retrieved 384 tokens in 0.002 seconds [3m(lmcache_driven_transfer.py:1427:lmcache.v1.multiprocess.modules.lmcache_driven_transfer)[0m
[32;20m[2026-09-20 14:12:14,971] LMCache INFO:[0m Stored 384 tokens in 0.003 seconds [3m(lmcache_driven_transfer.py:1218:lmcache.v1.multiprocess.modules.lmcache_driven_transfer)[0m
[32;20m[2026-09-20 14:12:15,051] LMCache INFO:[0m Stored 384 tokens in 0.003 seconds [3m(lmcache_driven_transfer.py:1218:lmcache.v1.multiprocess.modules.lmcache_driven_transfer)[0m
[32;20m[2026-09-20 14:12:15,147] LMCache INFO:[0m Stored 384 tokens in 0.003 seconds [3m(lmcache_driven_transfer.py:1218:lmcache.v1.multiprocess.modules.lmcache_driven_transfer)[0m
[32;20m[2026-09-20 14:12:15,242] LMCache INFO:[0m Stored 384 tokens in 0.003 seconds [3m(lmcache_driven_transfer.py:1218:lmcache.v1.multiprocess.modules.lmcache_driven_transfer)[0m
[32;20m[2026-09-20 14:12:15,337] LMCache INFO:[0m Stored 384 tokens in 0.003 seconds [3m(lmcache_driven_transfer.py:1218:lmcache.v1.multiprocess.modules.lmcache_driven_transfer)[0m
[32;20m[2026-09-20 14:12:15,433] LMCache INFO:[0m Stored 368 tokens in 0.004 seconds [3m(lmcache_driven_transfer.py:1218:lmcache.v1.multiprocess.modules.lmcache_driven_transfer)[0m
[32;20m[2026-09-20 14:12:15,527] LMCache INFO:[0m L1 memory usage 0.93 above watermark 0.80; triggering eviction. [3m(eviction_controller.py:179:lmcache.v1.distributed.storage_controllers.eviction_controller)[0m
[32;20m[2026-09-20 14:12:15,534] LMCache INFO:[0m Stored 384 tokens in 0.009 seconds [3m(lmcache_driven_transfer.py:1218:lmcache.v1.multiprocess.modules.lmcache_driven_transfer)[0m
[32;20m[2026-09-20 14:12:15,624] LMCache INFO:[0m Stored 384 tokens in 0.003 seconds [3m(lmcache_driven_transfer.py:1218:lmcache.v1.multiprocess.modules.lmcache_driven_transfer)[0m
[32;20m[2026-09-20 14:12:15,718] LMCache INFO:[0m Stored 384 tokens in 0.003 seconds [3m(lmcache_driven_transfer.py:1218:lmcache.v1.multiprocess.modules.lmcache_driven_transfer)[0m
[32;20m[2026-09-20 14:12:15,811] LMCache INFO:[0m Stored 336 tokens in 0.002 seconds [3m(lmcache_driven_transfer.py:1218:lmcache.v1.multiprocess.modules.lmcache_driven_transfer)[0m
[32;20m[2026-09-20 14:12:15,900] LMCache INFO:[0m Stored 384 tokens in 0.003 seconds [3m(lmcache_driven_transfer.py:1218:lmcache.v1.multiprocess.modules.lmcache_driven_transfer)[0m
[32;20m[2026-09-20 14:12:15,950] LMCache INFO:[0m Prefetch request completed (L1+L2): 24/24 retained keys (24 L1, 0 L2) in 2.5 ms (external_request_id=cmpl-8028d66644e02454-0-890bb095, prefetch_request_id=-1) [3m(storage_manager.py:716:lmcache.v1.distributed.storage_manager)[0m
[32;20m[2026-09-20 14:12:15,955] LMCache INFO:[0m Retrieved 384 tokens in 0.002 seconds [3m(lmcache_driven_transfer.py:1427:lmcache.v1.multiprocess.modules.lmcache_driven_transfer)[0m
[32;20m[2026-09-20 14:12:16,073] LMCache INFO:[0m Stored 384 tokens in 0.003 seconds [3m(lmcache_driven_transfer.py:1218:lmcache.v1.multiprocess.modules.lmcache_driven_transfer)[0m
[32;20m[2026-09-20 14:12:16,152] LMCache INFO:[0m Stored 384 tokens in 0.003 seconds [3m(lmcache_driven_transfer.py:1218:lmcache.v1.multiprocess.modules.lmcache_driven_transfer)[0m
[32;20m[2026-09-20 14:12:16,246] LMCache INFO:[0m Stored 384 tokens in 0.003 seconds [3m(lmcache_driven_transfer.py:1218:lmcache.v1.multiprocess.modules.lmcache_driven_transfer)[0m
[32;20m[2026-09-20 14:12:16,346] LMCache INFO:[0m Stored 384 tokens in 0.003 seconds [3m(lmcache_driven_transfer.py:1218:lmcache.v1.multiprocess.modules.lmcache_driven_transfer)[0m
[32;20m[2026-09-20 14:12:16,439] LMCache INFO:[0m Stored 384 tokens in 0.003 seconds [3m(lmcache_driven_transfer.py:1218:lmcache.v1.multiprocess.modules.lmcache_driven_transfer)[0m
[32;20m[2026-09-20 14:12:16,532] LMCache INFO:[0m Stored 384 tokens in 0.003 seconds [3m(lmcache_driven_transfer.py:1218:lmcache.v1.multiprocess.modules.lmcache_driven_transfer)[0m
[32;20m[2026-09-20 14:12:16,535] LMCache INFO:[0m L1 memory usage 0.95 above watermark 0.80; triggering eviction. [3m(eviction_controller.py:179:lmcache.v1.distributed.storage_controllers.eviction_controller)[0m
[32;20m[2026-09-20 14:12:16,624] LMCache INFO:[0m Stored 384 tokens in 0.003 seconds [3m(lmcache_driven_transfer.py:1218:lmcache.v1.multiprocess.modules.lmcache_driven_transfer)[0m
[32;20m[2026-09-20 14:12:16,724] LMCache INFO:[0m Stored 384 tokens in 0.003 seconds [3m(lmcache_driven_transfer.py:1218:lmcache.v1.multiprocess.modules.lmcache_driven_transfer)[0m
[32;20m[2026-09-20 14:12:16,813] LMCache INFO:[0m Stored 384 tokens in 0.003 seconds [3m(lmcache_driven_transfer.py:1218:lmcache.v1.multiprocess.modules.lmcache_driven_transfer)[0m
[32;20m[2026-09-20 14:12:16,905] LMCache INFO:[0m Stored 384 tokens in 0.003 seconds [3m(lmcache_driven_transfer.py:1218:lmcache.v1.multiprocess.modules.lmcache_driven_transfer)[0m
[32;20m[2026-09-20 14:12:16,959] LMCache INFO:[0m Prefetch request completed (L1+L2): 24/24 retained keys (24 L1, 0 L2) in 1.1 ms (external_request_id=cmpl-99dee5730a1b8172-0-96a88498, prefetch_request_id=-1) [3m(storage_manager.py:716:lmcache.v1.distributed.storage_manager)[0m
[32;20m[2026-09-20 14:12:16,964] LMCache INFO:[0m Retrieved 384 tokens in 0.002 seconds [3m(lmcache_driven_transfer.py:1427:lmcache.v1.multiprocess.modules.lmcache_driven_transfer)[0m
[32;20m[2026-09-20 14:12:17,080] LMCache INFO:[0m Stored 384 tokens in 0.003 seconds [3m(lmcache_driven_transfer.py:1218:lmcache.v1.multiprocess.modules.lmcache_driven_transfer)[0m
[32;20m[2026-09-20 14:12:17,165] LMCache INFO:[0m Stored 384 tokens in 0.003 seconds [3m(lmcache_driven_transfer.py:1218:lmcache.v1.multiprocess.modules.lmcache_driven_transfer)[0m
[32;20m[2026-09-20 14:12:17,260] LMCache INFO:[0m Stored 384 tokens in 0.003 seconds [3m(lmcache_driven_transfer.py:1218:lmcache.v1.multiprocess.modules.lmcache_driven_transfer)[0m
[32;20m[2026-09-20 14:12:17,354] LMCache INFO:[0m Stored 368 tokens in 0.003 seconds [3m(lmcache_driven_transfer.py:1218:lmcache.v1.multiprocess.modules.lmcache_driven_transfer)[0m
[32;20m[2026-09-20 14:12:17,449] LMCache INFO:[0m Stored 384 tokens in 0.003 seconds [3m(lmcache_driven_transfer.py:1218:lmcache.v1.multiprocess.modules.lmcache_driven_transfer)[0m
[32;20m[2026-09-20 14:12:17,543] LMCache INFO:[0m L1 memory usage 0.95 above watermark 0.80; triggering eviction. [3m(eviction_controller.py:179:lmcache.v1.distributed.storage_controllers.eviction_controller)[0m
[32;20m[2026-09-20 14:12:17,553] LMCache INFO:[0m Stored 384 tokens in 0.011 seconds [3m(lmcache_driven_transfer.py:1218:lmcache.v1.multiprocess.modules.lmcache_driven_transfer)[0m
[32;20m[2026-09-20 14:12:17,642] LMCache INFO:[0m Stored 384 tokens in 0.003 seconds [3m(lmcache_driven_transfer.py:1218:lmcache.v1.multiprocess.modules.lmcache_driven_transfer)[0m
[32;20m[2026-09-20 14:12:17,739] LMCache INFO:[0m Stored 368 tokens in 0.003 seconds [3m(lmcache_driven_transfer.py:1218:lmcache.v1.multiprocess.modules.lmcache_driven_transfer)[0m
[32;20m[2026-09-20 14:12:17,832] LMCache INFO:[0m Stored 384 tokens in 0.003 seconds [3m(lmcache_driven_transfer.py:1218:lmcache.v1.multiprocess.modules.lmcache_driven_transfer)[0m
[32;20m[2026-09-20 14:12:17,925] LMCache INFO:[0m Stored 208 tokens in 0.002 seconds [3m(lmcache_driven_transfer.py:1218:lmcache.v1.multiprocess.modules.lmcache_driven_transfer)[0m
[32;20m[2026-09-20 14:12:17,993] LMCache INFO:[0m Stored 384 tokens in 0.003 seconds [3m(lmcache_driven_transfer.py:1218:lmcache.v1.multiprocess.modules.lmcache_driven_transfer)[0m
[32;20m[2026-09-20 14:12:18,039] LMCache INFO:[0m Prefetch request completed (L1+L2): 24/24 retained keys (24 L1, 0 L2) in 1.3 ms (external_request_id=cmpl-bf4d148f13010779-0-88153237, prefetch_request_id=-1) [3m(storage_manager.py:716:lmcache.v1.distributed.storage_manager)[0m
[32;20m[2026-09-20 14:12:18,044] LMCache INFO:[0m Retrieved 384 tokens in 0.002 seconds [3m(lmcache_driven_transfer.py:1427:lmcache.v1.multiprocess.modules.lmcache_driven_transfer)[0m
[32;20m[2026-09-20 14:12:18,159] LMCache INFO:[0m Stored 384 tokens in 0.002 seconds [3m(lmcache_driven_transfer.py:1218:lmcache.v1.multiprocess.modules.lmcache_driven_transfer)[0m
[32;20m[2026-09-20 14:12:18,243] LMCache INFO:[0m Stored 384 tokens in 0.003 seconds [3m(lmcache_driven_transfer.py:1218:lmcache.v1.multiprocess.modules.lmcache_driven_transfer)[0m
[32;20m[2026-09-20 14:12:18,337] LMCache INFO:[0m Stored 384 tokens in 0.003 seconds [3m(lmcache_driven_transfer.py:1218:lmcache.v1.multiprocess.modules.lmcache_driven_transfer)[0m
[32;20m[2026-09-20 14:12:18,434] LMCache INFO:[0m Stored 336 tokens in 0.003 seconds [3m(lmcache_driven_transfer.py:1218:lmcache.v1.multiprocess.modules.lmcache_driven_transfer)[0m
[32;20m[2026-09-20 14:12:18,521] LMCache INFO:[0m Stored 384 tokens in 0.003 seconds [3m(lmcache_driven_transfer.py:1218:lmcache.v1.multiprocess.modules.lmcache_driven_transfer)[0m
[32;20m[2026-09-20 14:12:18,551] LMCache INFO:[0m L1 memory usage 0.97 above watermark 0.80; triggering eviction. [3m(eviction_controller.py:179:lmcache.v1.distributed.storage_controllers.eviction_controller)[0m
[32;20m[2026-09-20 14:12:18,620] LMCache INFO:[0m Stored 384 tokens in 0.003 seconds [3m(lmcache_driven_transfer.py:1218:lmcache.v1.multiprocess.modules.lmcache_driven_transfer)[0m
[32;20m[2026-09-20 14:12:18,717] LMCache INFO:[0m Stored 384 tokens in 0.003 seconds [3m(lmcache_driven_transfer.py:1218:lmcache.v1.multiprocess.modules.lmcache_driven_transfer)[0m
[32;20m[2026-09-20 14:12:18,811] LMCache INFO:[0m Stored 384 tokens in 0.003 seconds [3m(lmcache_driven_transfer.py:1218:lmcache.v1.multiprocess.modules.lmcache_driven_transfer)[0m
[32;20m[2026-09-20 14:12:18,906] LMCache INFO:[0m Stored 384 tokens in 0.003 seconds [3m(lmcache_driven_transfer.py:1218:lmcache.v1.multiprocess.modules.lmcache_driven_transfer)[0m
[32;20m[2026-09-20 14:12:19,001] LMCache INFO:[0m Stored 384 tokens in 0.003 seconds [3m(lmcache_driven_transfer.py:1218:lmcache.v1.multiprocess.modules.lmcache_driven_transfer)[0m
[32;20m[2026-09-20 14:12:19,056] LMCache INFO:[0m Prefetch request completed (L1+L2): 24/24 retained keys (24 L1, 0 L2) in 2.8 ms (external_request_id=cmpl-b32612ef468c3f16-0-a195e6fc, prefetch_request_id=-1) [3m(storage_manager.py:716:lmcache.v1.distributed.storage_manager)[0m
[32;20m[2026-09-20 14:12:19,061] LMCache INFO:[0m Retrieved 384 tokens in 0.003 seconds [3m(lmcache_driven_transfer.py:1427:lmcache.v1.multiprocess.modules.lmcache_driven_transfer)[0m
[32;20m[2026-09-20 14:12:19,182] LMCache INFO:[0m Stored 384 tokens in 0.003 seconds [3m(lmcache_driven_transfer.py:1218:lmcache.v1.multiprocess.modules.lmcache_driven_transfer)[0m
[32;20m[2026-09-20 14:12:19,262] LMCache INFO:[0m Stored 384 tokens in 0.003 seconds [3m(lmcache_driven_transfer.py:1218:lmcache.v1.multiprocess.modules.lmcache_driven_transfer)[0m
[32;20m[2026-09-20 14:12:19,367] LMCache INFO:[0m Stored 384 tokens in 0.005 seconds [3m(lmcache_driven_transfer.py:1218:lmcache.v1.multiprocess.modules.lmcache_driven_transfer)[0m
[32;20m[2026-09-20 14:12:19,465] LMCache INFO:[0m Stored 384 tokens in 0.003 seconds [3m(lmcache_driven_transfer.py:1218:lmcache.v1.multiprocess.modules.lmcache_driven_transfer)[0m
[32;20m[2026-09-20 14:12:19,558] LMCache INFO:[0m L1 memory usage 0.97 above watermark 0.80; triggering eviction. [3m(eviction_controller.py:179:lmcache.v1.distributed.storage_controllers.eviction_controller)[0m
[32;20m[2026-09-20 14:12:19,568] LMCache INFO:[0m Stored 384 tokens in 0.010 seconds [3m(lmcache_driven_transfer.py:1218:lmcache.v1.multiprocess.modules.lmcache_driven_transfer)[0m
[32;20m[2026-09-20 14:12:19,654] LMCache INFO:[0m Stored 384 tokens in 0.003 seconds [3m(lmcache_driven_transfer.py:1218:lmcache.v1.multiprocess.modules.lmcache_driven_transfer)[0m
[32;20m[2026-09-20 14:12:19,748] LMCache INFO:[0m Stored 384 tokens in 0.003 seconds [3m(lmcache_driven_transfer.py:1218:lmcache.v1.multiprocess.modules.lmcache_driven_transfer)[0m
[32;20m[2026-09-20 14:12:19,843] LMCache INFO:[0m Stored 384 tokens in 0.003 seconds [3m(lmcache_driven_transfer.py:1218:lmcache.v1.multiprocess.modules.lmcache_driven_transfer)[0m
[32;20m[2026-09-20 14:12:19,939] LMCache INFO:[0m Stored 384 tokens in 0.003 seconds [3m(lmcache_driven_transfer.py:1218:lmcache.v1.multiprocess.modules.lmcache_driven_transfer)[0m
[32;20m[2026-09-20 14:12:20,030] LMCache INFO:[0m Stored 384 tokens in 0.003 seconds [3m(lmcache_driven_transfer.py:1218:lmcache.v1.multiprocess.modules.lmcache_driven_transfer)[0m
[32;20m[2026-09-20 14:12:20,150] LMCache INFO:[0m Stored 384 tokens in 0.003 seconds [3m(lmcache_driven_transfer.py:1218:lmcache.v1.multiprocess.modules.lmcache_driven_transfer)[0m
[32;20m[2026-09-20 14:12:20,236] LMCache INFO:[0m Stored 368 tokens in 0.003 seconds [3m(lmcache_driven_transfer.py:1218:lmcache.v1.multiprocess.modules.lmcache_driven_transfer)[0m
[32;20m[2026-09-20 14:12:20,338] LMCache INFO:[0m Stored 384 tokens in 0.003 seconds [3m(lmcache_driven_transfer.py:1218:lmcache.v1.multiprocess.modules.lmcache_driven_transfer)[0m
[32;20m[2026-09-20 14:12:20,436] LMCache INFO:[0m Stored 384 tokens in 0.003 seconds [3m(lmcache_driven_transfer.py:1218:lmcache.v1.multiprocess.modules.lmcache_driven_transfer)[0m
[32;20m[2026-09-20 14:12:20,536] LMCache INFO:[0m Stored 384 tokens in 0.003 seconds [3m(lmcache_driven_transfer.py:1218:lmcache.v1.multiprocess.modules.lmcache_driven_transfer)[0m
[32;20m[2026-09-20 14:12:20,566] LMCache INFO:[0m L1 memory usage 1.00 above watermark 0.80; triggering eviction. [3m(eviction_controller.py:179:lmcache.v1.distributed.storage_controllers.eviction_controller)[0m
[32;20m[2026-09-20 14:12:20,627] LMCache INFO:[0m Stored 384 tokens in 0.003 seconds [3m(lmcache_driven_transfer.py:1218:lmcache.v1.multiprocess.modules.lmcache_driven_transfer)[0m
[32;20m[2026-09-20 14:12:20,725] LMCache INFO:[0m Stored 384 tokens in 0.003 seconds [3m(lmcache_driven_transfer.py:1218:lmcache.v1.multiprocess.modules.lmcache_driven_transfer)[0m
[32;20m[2026-09-20 14:12:20,820] LMCache INFO:[0m Stored 384 tokens in 0.003 seconds [3m(lmcache_driven_transfer.py:1218:lmcache.v1.multiprocess.modules.lmcache_driven_transfer)[0m
[32;20m[2026-09-20 14:12:20,917] LMCache INFO:[0m Stored 384 tokens in 0.003 seconds [3m(lmcache_driven_transfer.py:1218:lmcache.v1.multiprocess.modules.lmcache_driven_transfer)[0m
[32;20m[2026-09-20 14:12:20,967] LMCache INFO:[0m Prefetch request completed (L1+L2): 24/24 retained keys (24 L1, 0 L2) in 2.6 ms (external_request_id=cmpl-97220ebe0df7820f-0-847f0ed8, prefetch_request_id=-1) [3m(storage_manager.py:716:lmcache.v1.distributed.storage_manager)[0m
[32;20m[2026-09-20 14:12:20,972] LMCache INFO:[0m Retrieved 384 tokens in 0.002 seconds [3m(lmcache_driven_transfer.py:1427:lmcache.v1.multiprocess.modules.lmcache_driven_transfer)[0m
[32;20m[2026-09-20 14:12:21,092] LMCache INFO:[0m Stored 384 tokens in 0.003 seconds [3m(lmcache_driven_transfer.py:1218:lmcache.v1.multiprocess.modules.lmcache_driven_transfer)[0m
[32;20m[2026-09-20 14:12:21,174] LMCache INFO:[0m Stored 384 tokens in 0.003 seconds [3m(lmcache_driven_transfer.py:1218:lmcache.v1.multiprocess.modules.lmcache_driven_transfer)[0m
[32;20m[2026-09-20 14:12:21,277] LMCache INFO:[0m Stored 384 tokens in 0.003 seconds [3m(lmcache_driven_transfer.py:1218:lmcache.v1.multiprocess.modules.lmcache_driven_transfer)[0m
[32;20m[2026-09-20 14:12:21,368] LMCache INFO:[0m Stored 384 tokens in 0.003 seconds [3m(lmcache_driven_transfer.py:1218:lmcache.v1.multiprocess.modules.lmcache_driven_transfer)[0m
[32;20m[2026-09-20 14:12:21,416] LMCache INFO:[0m L0<->L1 stats [cuda:0] last 10.1s: store ops=94 tokens=35744 size=1.02GB avg_copy=7.35GB/s | retrieve ops=17 tokens=6512 size=0.19GB avg_copy=3.88GB/s [3m(extra_stats.py:159:lmcache.v1.mp_observability.subscribers.logging.extra_stats)[0m
[32;20m[2026-09-20 14:12:21,416] LMCache INFO:[0m L0<->L1 stats [cuda:0] cumulative: store ops=444 tokens=165168 size=4.74GB avg_copy=7.35GB/s | retrieve ops=136 tokens=51776 size=1.48GB avg_copy=3.97GB/s [3m(extra_stats.py:168:lmcache.v1.mp_observability.subscribers.logging.extra_stats)[0m
[32;20m[2026-09-20 14:12:21,466] LMCache INFO:[0m Stored 384 tokens in 0.003 seconds [3m(lmcache_driven_transfer.py:1218:lmcache.v1.multiprocess.modules.lmcache_driven_transfer)[0m
[33;20m[2026-09-20 14:12:21,561] LMCache WARNING:[0m Failed to batched allocate 24 memory blocks of size 458752 because no enough memory is available (short by 10 blocks) [3m(memory_management.py:1490:lmcache.v1.memory_management)[0m
[32;20m[2026-09-20 14:12:21,576] LMCache INFO:[0m L1 memory usage: 0.49/0.50 GiB (98.8%) [3m(eviction_controller.py:153:lmcache.v1.distributed.storage_controllers.eviction_controller)[0m
[32;20m[2026-09-20 14:12:21,576] LMCache INFO:[0m L1 memory usage 0.99 above watermark 0.80; triggering eviction. [3m(eviction_controller.py:179:lmcache.v1.distributed.storage_controllers.eviction_controller)[0m
[32;20m[2026-09-20 14:12:21,659] LMCache INFO:[0m Stored 384 tokens in 0.003 seconds [3m(lmcache_driven_transfer.py:1218:lmcache.v1.multiprocess.modules.lmcache_driven_transfer)[0m
[32;20m[2026-09-20 14:12:21,757] LMCache INFO:[0m Stored 384 tokens in 0.003 seconds [3m(lmcache_driven_transfer.py:1218:lmcache.v1.multiprocess.modules.lmcache_driven_transfer)[0m
[32;20m[2026-09-20 14:12:21,857] LMCache INFO:[0m Stored 384 tokens in 0.003 seconds [3m(lmcache_driven_transfer.py:1218:lmcache.v1.multiprocess.modules.lmcache_driven_transfer)[0m
[32;20m[2026-09-20 14:12:21,909] LMCache INFO:[0m Prefetch request completed (L1+L2): 24/24 retained keys (24 L1, 0 L2) in 2.8 ms (external_request_id=cmpl-a3c85b734a580ea6-0-a23d745d, prefetch_request_id=-1) [3m(storage_manager.py:716:lmcache.v1.distributed.storage_manager)[0m
[32;20m[2026-09-20 14:12:21,914] LMCache INFO:[0m Retrieved 384 tokens in 0.002 seconds [3m(lmcache_driven_transfer.py:1427:lmcache.v1.multiprocess.modules.lmcache_driven_transfer)[0m
[32;20m[2026-09-20 14:12:22,035] LMCache INFO:[0m Stored 384 tokens in 0.003 seconds [3m(lmcache_driven_transfer.py:1218:lmcache.v1.multiprocess.modules.lmcache_driven_transfer)[0m
[32;20m[2026-09-20 14:12:22,119] LMCache INFO:[0m Stored 384 tokens in 0.003 seconds [3m(lmcache_driven_transfer.py:1218:lmcache.v1.multiprocess.modules.lmcache_driven_transfer)[0m
[32;20m[2026-09-20 14:12:22,218] LMCache INFO:[0m Stored 384 tokens in 0.003 seconds [3m(lmcache_driven_transfer.py:1218:lmcache.v1.multiprocess.modules.lmcache_driven_transfer)[0m
[32;20m[2026-09-20 14:12:22,316] LMCache INFO:[0m Stored 384 tokens in 0.003 seconds [3m(lmcache_driven_transfer.py:1218:lmcache.v1.multiprocess.modules.lmcache_driven_transfer)[0m
[32;20m[2026-09-20 14:12:22,412] LMCache INFO:[0m Stored 384 tokens in 0.003 seconds [3m(lmcache_driven_transfer.py:1218:lmcache.v1.multiprocess.modules.lmcache_driven_transfer)[0m
[32;20m[2026-09-20 14:12:22,511] LMCache INFO:[0m Stored 384 tokens in 0.003 seconds [3m(lmcache_driven_transfer.py:1218:lmcache.v1.multiprocess.modules.lmcache_driven_transfer)[0m
[32;20m[2026-09-20 14:12:22,583] LMCache INFO:[0m L1 memory usage 0.97 above watermark 0.80; triggering eviction. [3m(eviction_controller.py:179:lmcache.v1.distributed.storage_controllers.eviction_controller)[0m
[32;20m[2026-09-20 14:12:22,610] LMCache INFO:[0m Stored 384 tokens in 0.003 seconds [3m(lmcache_driven_transfer.py:1218:lmcache.v1.multiprocess.modules.lmcache_driven_transfer)[0m
[32;20m[2026-09-20 14:12:22,706] LMCache INFO:[0m Stored 384 tokens in 0.003 seconds [3m(lmcache_driven_transfer.py:1218:lmcache.v1.multiprocess.modules.lmcache_driven_transfer)[0m
[32;20m[2026-09-20 14:12:22,803] LMCache INFO:[0m Stored 384 tokens in 0.003 seconds [3m(lmcache_driven_transfer.py:1218:lmcache.v1.multiprocess.modules.lmcache_driven_transfer)[0m
[32;20m[2026-09-20 14:12:22,898] LMCache INFO:[0m Stored 240 tokens in 0.002 seconds [3m(lmcache_driven_transfer.py:1218:lmcache.v1.multiprocess.modules.lmcache_driven_transfer)[0m
[32;20m[2026-09-20 14:12:22,967] LMCache INFO:[0m Stored 384 tokens in 0.003 seconds [3m(lmcache_driven_transfer.py:1218:lmcache.v1.multiprocess.modules.lmcache_driven_transfer)[0m
[32;20m[2026-09-20 14:12:23,008] LMCache INFO:[0m Prefetch request completed (L1+L2): 24/24 retained keys (24 L1, 0 L2) in 1.3 ms (external_request_id=cmpl-9946ea06261b58ff-0-99551dbd, prefetch_request_id=-1) [3m(storage_manager.py:716:lmcache.v1.distributed.storage_manager)[0m
[32;20m[2026-09-20 14:12:23,014] LMCache INFO:[0m Retrieved 384 tokens in 0.002 seconds [3m(lmcache_driven_transfer.py:1427:lmcache.v1.multiprocess.modules.lmcache_driven_transfer)[0m
[32;20m[2026-09-20 14:12:23,089] LMCache INFO:[0m Prefetch request completed (L1+L2): 24/24 retained keys (24 L1, 0 L2) in 1.1 ms (external_request_id=cmpl-a4fef0354890361c-0-a160adc4, prefetch_request_id=-1) [3m(storage_manager.py:716:lmcache.v1.distributed.storage_manager)[0m
[32;20m[2026-09-20 14:12:23,096] LMCache INFO:[0m Prefetch request completed (L1+L2): 24/24 retained keys (24 L1, 0 L2) in 1.4 ms (external_request_id=cmpl-8149281cf824e946-0-9ca7d2c1, prefetch_request_id=-1) [3m(storage_manager.py:716:lmcache.v1.distributed.storage_manager)[0m
[32;20m[2026-09-20 14:12:23,097] LMCache INFO:[0m Retrieved 384 tokens in 0.004 seconds [3m(lmcache_driven_transfer.py:1427:lmcache.v1.multiprocess.modules.lmcache_driven_transfer)[0m
[32;20m[2026-09-20 14:12:23,103] LMCache INFO:[0m Retrieved 384 tokens in 0.003 seconds [3m(lmcache_driven_transfer.py:1427:lmcache.v1.multiprocess.modules.lmcache_driven_transfer)[0m
[32;20m[2026-09-20 14:12:23,237] LMCache INFO:[0m Stored 384 tokens in 0.003 seconds [3m(lmcache_driven_transfer.py:1218:lmcache.v1.multiprocess.modules.lmcache_driven_transfer)[0m
[32;20m[2026-09-20 14:12:23,325] LMCache INFO:[0m Stored 384 tokens in 0.003 seconds [3m(lmcache_driven_transfer.py:1218:lmcache.v1.multiprocess.modules.lmcache_driven_transfer)[0m
[32;20m[2026-09-20 14:12:23,426] LMCache INFO:[0m Stored 384 tokens in 0.003 seconds [3m(lmcache_driven_transfer.py:1218:lmcache.v1.multiprocess.modules.lmcache_driven_transfer)[0m
[32;20m[2026-09-20 14:12:23,476] LMCache INFO:[0m Prefetch request completed (L1+L2): 24/24 retained keys (24 L1, 0 L2) in 1.1 ms (external_request_id=cmpl-9dc731935e1a4297-0-a2cab450, prefetch_request_id=-1) [3m(storage_manager.py:716:lmcache.v1.distributed.storage_manager)[0m
[32;20m[2026-09-20 14:12:23,481] LMCache INFO:[0m Retrieved 384 tokens in 0.002 seconds [3m(lmcache_driven_transfer.py:1427:lmcache.v1.multiprocess.modules.lmcache_driven_transfer)[0m
[32;20m[2026-09-20 14:12:23,582] LMCache INFO:[0m Stored 384 tokens in 0.003 seconds [3m(lmcache_driven_transfer.py:1218:lmcache.v1.multiprocess.modules.lmcache_driven_transfer)[0m
[32;20m[2026-09-20 14:12:23,592] LMCache INFO:[0m L1 memory usage 0.96 above watermark 0.80; triggering eviction. [3m(eviction_controller.py:179:lmcache.v1.distributed.storage_controllers.eviction_controller)[0m
[32;20m[2026-09-20 14:12:23,670] LMCache INFO:[0m Stored 384 tokens in 0.003 seconds [3m(lmcache_driven_transfer.py:1218:lmcache.v1.multiprocess.modules.lmcache_driven_transfer)[0m
[32;20m[2026-09-20 14:12:23,771] LMCache INFO:[0m Stored 384 tokens in 0.003 seconds [3m(lmcache_driven_transfer.py:1218:lmcache.v1.multiprocess.modules.lmcache_driven_transfer)[0m
[32;20m[2026-09-20 14:12:23,866] LMCache INFO:[0m Stored 272 tokens in 0.002 seconds [3m(lmcache_driven_transfer.py:1218:lmcache.v1.multiprocess.modules.lmcache_driven_transfer)[0m
[32;20m[2026-09-20 14:12:23,947] LMCache INFO:[0m Stored 368 tokens in 0.003 seconds [3m(lmcache_driven_transfer.py:1218:lmcache.v1.multiprocess.modules.lmcache_driven_transfer)[0m
[32;20m[2026-09-20 14:12:24,071] LMCache INFO:[0m Stored 384 tokens in 0.003 seconds [3m(lmcache_driven_transfer.py:1218:lmcache.v1.multiprocess.modules.lmcache_driven_transfer)[0m
[32;20m[2026-09-20 14:12:24,155] LMCache INFO:[0m Stored 368 tokens in 0.003 seconds [3m(lmcache_driven_transfer.py:1218:lmcache.v1.multiprocess.modules.lmcache_driven_transfer)[0m
[32;20m[2026-09-20 14:12:24,251] LMCache INFO:[0m Stored 384 tokens in 0.003 seconds [3m(lmcache_driven_transfer.py:1218:lmcache.v1.multiprocess.modules.lmcache_driven_transfer)[0m
[32;20m[2026-09-20 14:12:24,364] LMCache INFO:[0m Stored 384 tokens in 0.005 seconds [3m(lmcache_driven_transfer.py:1218:lmcache.v1.multiprocess.modules.lmcache_driven_transfer)[0m
[32;20m[2026-09-20 14:12:24,448] LMCache INFO:[0m Stored 384 tokens in 0.003 seconds [3m(lmcache_driven_transfer.py:1218:lmcache.v1.multiprocess.modules.lmcache_driven_transfer)[0m
[32;20m[2026-09-20 14:12:24,545] LMCache INFO:[0m Stored 384 tokens in 0.003 seconds [3m(lmcache_driven_transfer.py:1218:lmcache.v1.multiprocess.modules.lmcache_driven_transfer)[0m
[32;20m[2026-09-20 14:12:24,599] LMCache INFO:[0m L1 memory usage 0.97 above watermark 0.80; triggering eviction. [3m(eviction_controller.py:179:lmcache.v1.distributed.storage_controllers.eviction_controller)[0m
[32;20m[2026-09-20 14:12:24,643] LMCache INFO:[0m Stored 384 tokens in 0.003 seconds [3m(lmcache_driven_transfer.py:1218:lmcache.v1.multiprocess.modules.lmcache_driven_transfer)[0m
[32;20m[2026-09-20 14:12:24,738] LMCache INFO:[0m Stored 384 tokens in 0.003 seconds [3m(lmcache_driven_transfer.py:1218:lmcache.v1.multiprocess.modules.lmcache_driven_transfer)[0m
[32;20m[2026-09-20 14:12:24,836] LMCache INFO:[0m Stored 384 tokens in 0.006 seconds [3m(lmcache_driven_transfer.py:1218:lmcache.v1.multiprocess.modules.lmcache_driven_transfer)[0m
[32;20m[2026-09-20 14:12:24,884] LMCache INFO:[0m Prefetch request completed (L1+L2): 24/24 retained keys (24 L1, 0 L2) in 3.1 ms (external_request_id=cmpl-848ee809f4f34bcd-0-b39b235f, prefetch_request_id=-1) [3m(storage_manager.py:716:lmcache.v1.distributed.storage_manager)[0m
[32;20m[2026-09-20 14:12:24,889] LMCache INFO:[0m Retrieved 384 tokens in 0.002 seconds [3m(lmcache_driven_transfer.py:1427:lmcache.v1.multiprocess.modules.lmcache_driven_transfer)[0m
[32;20m[2026-09-20 14:12:25,009] LMCache INFO:[0m Stored 384 tokens in 0.003 seconds [3m(lmcache_driven_transfer.py:1218:lmcache.v1.multiprocess.modules.lmcache_driven_transfer)[0m
[32;20m[2026-09-20 14:12:25,091] LMCache INFO:[0m Stored 384 tokens in 0.003 seconds [3m(lmcache_driven_transfer.py:1218:lmcache.v1.multiprocess.modules.lmcache_driven_transfer)[0m
[32;20m[2026-09-20 14:12:25,191] LMCache INFO:[0m Stored 384 tokens in 0.003 seconds [3m(lmcache_driven_transfer.py:1218:lmcache.v1.multiprocess.modules.lmcache_driven_transfer)[0m
[32;20m[2026-09-20 14:12:25,286] LMCache INFO:[0m Stored 384 tokens in 0.003 seconds [3m(lmcache_driven_transfer.py:1218:lmcache.v1.multiprocess.modules.lmcache_driven_transfer)[0m
[32;20m[2026-09-20 14:12:25,384] LMCache INFO:[0m Stored 336 tokens in 0.003 seconds [3m(lmcache_driven_transfer.py:1218:lmcache.v1.multiprocess.modules.lmcache_driven_transfer)[0m
[32;20m[2026-09-20 14:12:25,474] LMCache INFO:[0m Stored 384 tokens in 0.003 seconds [3m(lmcache_driven_transfer.py:1218:lmcache.v1.multiprocess.modules.lmcache_driven_transfer)[0m
[32;20m[2026-09-20 14:12:25,570] LMCache INFO:[0m Stored 384 tokens in 0.003 seconds [3m(lmcache_driven_transfer.py:1218:lmcache.v1.multiprocess.modules.lmcache_driven_transfer)[0m
[32;20m[2026-09-20 14:12:25,610] LMCache INFO:[0m L1 memory usage 0.98 above watermark 0.80; triggering eviction. [3m(eviction_controller.py:179:lmcache.v1.distributed.storage_controllers.eviction_controller)[0m
[32;20m[2026-09-20 14:12:25,667] LMCache INFO:[0m Stored 384 tokens in 0.003 seconds [3m(lmcache_driven_transfer.py:1218:lmcache.v1.multiprocess.modules.lmcache_driven_transfer)[0m
[32;20m[2026-09-20 14:12:25,763] LMCache INFO:[0m Stored 384 tokens in 0.003 seconds [3m(lmcache_driven_transfer.py:1218:lmcache.v1.multiprocess.modules.lmcache_driven_transfer)[0m
[32;20m[2026-09-20 14:12:25,857] LMCache INFO:[0m Stored 384 tokens in 0.003 seconds [3m(lmcache_driven_transfer.py:1218:lmcache.v1.multiprocess.modules.lmcache_driven_transfer)[0m
[32;20m[2026-09-20 14:12:25,978] LMCache INFO:[0m Stored 384 tokens in 0.003 seconds [3m(lmcache_driven_transfer.py:1218:lmcache.v1.multiprocess.modules.lmcache_driven_transfer)[0m
[32;20m[2026-09-20 14:12:26,067] LMCache INFO:[0m Stored 384 tokens in 0.003 seconds [3m(lmcache_driven_transfer.py:1218:lmcache.v1.multiprocess.modules.lmcache_driven_transfer)[0m
[32;20m[2026-09-20 14:12:26,158] LMCache INFO:[0m Stored 384 tokens in 0.003 seconds [3m(lmcache_driven_transfer.py:1218:lmcache.v1.multiprocess.modules.lmcache_driven_transfer)[0m
[32;20m[2026-09-20 14:12:26,259] LMCache INFO:[0m Stored 384 tokens in 0.003 seconds [3m(lmcache_driven_transfer.py:1218:lmcache.v1.multiprocess.modules.lmcache_driven_transfer)[0m
[32;20m[2026-09-20 14:12:26,355] LMCache INFO:[0m Stored 384 tokens in 0.003 seconds [3m(lmcache_driven_transfer.py:1218:lmcache.v1.multiprocess.modules.lmcache_driven_transfer)[0m
[32;20m[2026-09-20 14:12:26,454] LMCache INFO:[0m Stored 112 tokens in 0.003 seconds [3m(lmcache_driven_transfer.py:1218:lmcache.v1.multiprocess.modules.lmcache_driven_transfer)[0m
[32;20m[2026-09-20 14:12:26,504] LMCache INFO:[0m Stored 384 tokens in 0.003 seconds [3m(lmcache_driven_transfer.py:1218:lmcache.v1.multiprocess.modules.lmcache_driven_transfer)[0m
[32;20m[2026-09-20 14:12:26,597] LMCache INFO:[0m Stored 384 tokens in 0.003 seconds [3m(lmcache_driven_transfer.py:1218:lmcache.v1.multiprocess.modules.lmcache_driven_transfer)[0m
[32;20m[2026-09-20 14:12:26,620] LMCache INFO:[0m L1 memory usage 1.00 above watermark 0.80; triggering eviction. [3m(eviction_controller.py:179:lmcache.v1.distributed.storage_controllers.eviction_controller)[0m
[32;20m[2026-09-20 14:12:26,702] LMCache INFO:[0m Stored 384 tokens in 0.003 seconds [3m(lmcache_driven_transfer.py:1218:lmcache.v1.multiprocess.modules.lmcache_driven_transfer)[0m
[32;20m[2026-09-20 14:12:26,796] LMCache INFO:[0m Stored 288 tokens in 0.003 seconds [3m(lmcache_driven_transfer.py:1218:lmcache.v1.multiprocess.modules.lmcache_driven_transfer)[0m
[32;20m[2026-09-20 14:12:26,885] LMCache INFO:[0m Stored 208 tokens in 0.003 seconds [3m(lmcache_driven_transfer.py:1218:lmcache.v1.multiprocess.modules.lmcache_driven_transfer)[0m
[32;20m[2026-09-20 14:12:26,899] LMCache INFO:[0m Prefetch request completed (L1+L2): 24/24 retained keys (24 L1, 0 L2) in 1.3 ms (external_request_id=cmpl-bd843a78abcf5870-0-ade454b6, prefetch_request_id=-1) [3m(storage_manager.py:716:lmcache.v1.distributed.storage_manager)[0m
[32;20m[2026-09-20 14:12:26,905] LMCache INFO:[0m Retrieved 384 tokens in 0.002 seconds [3m(lmcache_driven_transfer.py:1427:lmcache.v1.multiprocess.modules.lmcache_driven_transfer)[0m
[32;20m[2026-09-20 14:12:27,025] LMCache INFO:[0m Stored 384 tokens in 0.003 seconds [3m(lmcache_driven_transfer.py:1218:lmcache.v1.multiprocess.modules.lmcache_driven_transfer)[0m
[32;20m[2026-09-20 14:12:27,105] LMCache INFO:[0m Stored 384 tokens in 0.003 seconds [3m(lmcache_driven_transfer.py:1218:lmcache.v1.multiprocess.modules.lmcache_driven_transfer)[0m
[32;20m[2026-09-20 14:12:27,206] LMCache INFO:[0m Stored 384 tokens in 0.003 seconds [3m(lmcache_driven_transfer.py:1218:lmcache.v1.multiprocess.modules.lmcache_driven_transfer)[0m
[32;20m[2026-09-20 14:12:27,308] LMCache INFO:[0m Stored 384 tokens in 0.005 seconds [3m(lmcache_driven_transfer.py:1218:lmcache.v1.multiprocess.modules.lmcache_driven_transfer)[0m
[32;20m[2026-09-20 14:12:27,405] LMCache INFO:[0m Stored 384 tokens in 0.003 seconds [3m(lmcache_driven_transfer.py:1218:lmcache.v1.multiprocess.modules.lmcache_driven_transfer)[0m
[32;20m[2026-09-20 14:12:27,502] LMCache INFO:[0m Stored 384 tokens in 0.003 seconds [3m(lmcache_driven_transfer.py:1218:lmcache.v1.multiprocess.modules.lmcache_driven_transfer)[0m
[32;20m[2026-09-20 14:12:27,598] LMCache INFO:[0m Stored 384 tokens in 0.003 seconds [3m(lmcache_driven_transfer.py:1218:lmcache.v1.multiprocess.modules.lmcache_driven_transfer)[0m
[32;20m[2026-09-20 14:12:27,627] LMCache INFO:[0m L1 memory usage 0.99 above watermark 0.80; triggering eviction. [3m(eviction_controller.py:179:lmcache.v1.distributed.storage_controllers.eviction_controller)[0m
[32;20m[2026-09-20 14:12:27,698] LMCache INFO:[0m Stored 384 tokens in 0.003 seconds [3m(lmcache_driven_transfer.py:1218:lmcache.v1.multiprocess.modules.lmcache_driven_transfer)[0m
[32;20m[2026-09-20 14:12:27,792] LMCache INFO:[0m Stored 384 tokens in 0.003 seconds [3m(lmcache_driven_transfer.py:1218:lmcache.v1.multiprocess.modules.lmcache_driven_transfer)[0m
[32;20m[2026-09-20 14:12:27,893] LMCache INFO:[0m Stored 384 tokens in 0.003 seconds [3m(lmcache_driven_transfer.py:1218:lmcache.v1.multiprocess.modules.lmcache_driven_transfer)[0m
[32;20m[2026-09-20 14:12:27,989] LMCache INFO:[0m Stored 384 tokens in 0.003 seconds [3m(lmcache_driven_transfer.py:1218:lmcache.v1.multiprocess.modules.lmcache_driven_transfer)[0m
[32;20m[2026-09-20 14:12:28,066] LMCache INFO:[0m Prefetch request completed (L1+L2): 24/24 retained keys (24 L1, 0 L2) in 1.3 ms (external_request_id=cmpl-9accddc8bfba403b-0-b0978646, prefetch_request_id=-1) [3m(storage_manager.py:716:lmcache.v1.distributed.storage_manager)[0m
[32;20m[2026-09-20 14:12:28,073] LMCache INFO:[0m Retrieved 384 tokens in 0.004 seconds [3m(lmcache_driven_transfer.py:1427:lmcache.v1.multiprocess.modules.lmcache_driven_transfer)[0m
[32;20m[2026-09-20 14:12:28,117] LMCache INFO:[0m Stored 384 tokens in 0.003 seconds [3m(lmcache_driven_transfer.py:1218:lmcache.v1.multiprocess.modules.lmcache_driven_transfer)[0m
[32;20m[2026-09-20 14:12:28,208] LMCache INFO:[0m Prefetch request completed (L1+L2): 24/24 retained keys (24 L1, 0 L2) in 1.1 ms (external_request_id=cmpl-98c7dca55e71ad1a-0-b92b9cfe, prefetch_request_id=-1) [3m(storage_manager.py:716:lmcache.v1.distributed.storage_manager)[0m
[32;20m[2026-09-20 14:12:28,213] LMCache INFO:[0m Retrieved 384 tokens in 0.003 seconds [3m(lmcache_driven_transfer.py:1427:lmcache.v1.multiprocess.modules.lmcache_driven_transfer)[0m
[32;20m[2026-09-20 14:12:28,313] LMCache INFO:[0m Stored 384 tokens in 0.003 seconds [3m(lmcache_driven_transfer.py:1218:lmcache.v1.multiprocess.modules.lmcache_driven_transfer)[0m
[32;20m[2026-09-20 14:12:28,400] LMCache INFO:[0m Stored 336 tokens in 0.003 seconds [3m(lmcache_driven_transfer.py:1218:lmcache.v1.multiprocess.modules.lmcache_driven_transfer)[0m
[32;20m[2026-09-20 14:12:28,498] LMCache INFO:[0m Stored 384 tokens in 0.004 seconds [3m(lmcache_driven_transfer.py:1218:lmcache.v1.multiprocess.modules.lmcache_driven_transfer)[0m
[32;20m[2026-09-20 14:12:28,598] LMCache INFO:[0m Stored 384 tokens in 0.003 seconds [3m(lmcache_driven_transfer.py:1218:lmcache.v1.multiprocess.modules.lmcache_driven_transfer)[0m
[32;20m[2026-09-20 14:12:28,634] LMCache INFO:[0m L1 memory usage 0.98 above watermark 0.80; triggering eviction. [3m(eviction_controller.py:179:lmcache.v1.distributed.storage_controllers.eviction_controller)[0m
[32;20m[2026-09-20 14:12:28,695] LMCache INFO:[0m Stored 384 tokens in 0.003 seconds [3m(lmcache_driven_transfer.py:1218:lmcache.v1.multiprocess.modules.lmcache_driven_transfer)[0m
[32;20m[2026-09-20 14:12:28,791] LMCache INFO:[0m Stored 384 tokens in 0.003 seconds [3m(lmcache_driven_transfer.py:1218:lmcache.v1.multiprocess.modules.lmcache_driven_transfer)[0m
[32;20m[2026-09-20 14:12:28,893] LMCache INFO:[0m Stored 384 tokens in 0.003 seconds [3m(lmcache_driven_transfer.py:1218:lmcache.v1.multiprocess.modules.lmcache_driven_transfer)[0m
[32;20m[2026-09-20 14:12:28,942] LMCache INFO:[0m Prefetch request completed (L1+L2): 21/21 retained keys (21 L1, 0 L2) in 1.3 ms (external_request_id=cmpl-b0fed58928b9d56b-0-8487f3b6, prefetch_request_id=-1) [3m(storage_manager.py:716:lmcache.v1.distributed.storage_manager)[0m
[32;20m[2026-09-20 14:12:28,947] LMCache INFO:[0m Retrieved 336 tokens in 0.002 seconds [3m(lmcache_driven_transfer.py:1427:lmcache.v1.multiprocess.modules.lmcache_driven_transfer)[0m
[32;20m[2026-09-20 14:12:29,061] LMCache INFO:[0m Stored 320 tokens in 0.003 seconds [3m(lmcache_driven_transfer.py:1218:lmcache.v1.multiprocess.modules.lmcache_driven_transfer)[0m
[32;20m[2026-09-20 14:12:29,136] LMCache INFO:[0m Stored 368 tokens in 0.003 seconds [3m(lmcache_driven_transfer.py:1218:lmcache.v1.multiprocess.modules.lmcache_driven_transfer)[0m
[32;20m[2026-09-20 14:12:29,234] LMCache INFO:[0m Stored 384 tokens in 0.003 seconds [3m(lmcache_driven_transfer.py:1218:lmcache.v1.multiprocess.modules.lmcache_driven_transfer)[0m
[32;20m[2026-09-20 14:12:29,338] LMCache INFO:[0m Stored 384 tokens in 0.003 seconds [3m(lmcache_driven_transfer.py:1218:lmcache.v1.multiprocess.modules.lmcache_driven_transfer)[0m
[32;20m[2026-09-20 14:12:29,439] LMCache INFO:[0m Stored 384 tokens in 0.004 seconds [3m(lmcache_driven_transfer.py:1218:lmcache.v1.multiprocess.modules.lmcache_driven_transfer)[0m
[32;20m[2026-09-20 14:12:29,541] LMCache INFO:[0m Stored 384 tokens in 0.003 seconds [3m(lmcache_driven_transfer.py:1218:lmcache.v1.multiprocess.modules.lmcache_driven_transfer)[0m
[32;20m[2026-09-20 14:12:29,640] LMCache INFO:[0m Stored 384 tokens in 0.003 seconds [3m(lmcache_driven_transfer.py:1218:lmcache.v1.multiprocess.modules.lmcache_driven_transfer)[0m
[32;20m[2026-09-20 14:12:29,641] LMCache INFO:[0m L1 memory usage 0.99 above watermark 0.80; triggering eviction. [3m(eviction_controller.py:179:lmcache.v1.distributed.storage_controllers.eviction_controller)[0m
[32;20m[2026-09-20 14:12:29,740] LMCache INFO:[0m Stored 384 tokens in 0.003 seconds [3m(lmcache_driven_transfer.py:1218:lmcache.v1.multiprocess.modules.lmcache_driven_transfer)[0m
[32;20m[2026-09-20 14:12:29,838] LMCache INFO:[0m Stored 384 tokens in 0.002 seconds [3m(lmcache_driven_transfer.py:1218:lmcache.v1.multiprocess.modules.lmcache_driven_transfer)[0m
[32;20m[2026-09-20 14:12:29,935] LMCache INFO:[0m Stored 384 tokens in 0.004 seconds [3m(lmcache_driven_transfer.py:1218:lmcache.v1.multiprocess.modules.lmcache_driven_transfer)[0m
[32;20m[2026-09-20 14:12:29,995] LMCache INFO:[0m Prefetch request completed (L1+L2): 24/24 retained keys (24 L1, 0 L2) in 1.2 ms (external_request_id=cmpl-ba5411c7a3a20b44-0-857cb86f, prefetch_request_id=-1) [3m(storage_manager.py:716:lmcache.v1.distributed.storage_manager)[0m
[32;20m[2026-09-20 14:12:30,000] LMCache INFO:[0m Retrieved 384 tokens in 0.002 seconds [3m(lmcache_driven_transfer.py:1427:lmcache.v1.multiprocess.modules.lmcache_driven_transfer)[0m
[32;20m[2026-09-20 14:12:30,123] LMCache INFO:[0m Stored 384 tokens in 0.006 seconds [3m(lmcache_driven_transfer.py:1218:lmcache.v1.multiprocess.modules.lmcache_driven_transfer)[0m
[32;20m[2026-09-20 14:12:30,205] LMCache INFO:[0m Stored 384 tokens in 0.003 seconds [3m(lmcache_driven_transfer.py:1218:lmcache.v1.multiprocess.modules.lmcache_driven_transfer)[0m
[32;20m[2026-09-20 14:12:30,311] LMCache INFO:[0m Stored 384 tokens in 0.003 seconds [3m(lmcache_driven_transfer.py:1218:lmcache.v1.multiprocess.modules.lmcache_driven_transfer)[0m
[32;20m[2026-09-20 14:12:30,411] LMCache INFO:[0m Stored 384 tokens in 0.003 seconds [3m(lmcache_driven_transfer.py:1218:lmcache.v1.multiprocess.modules.lmcache_driven_transfer)[0m
[32;20m[2026-09-20 14:12:30,513] LMCache INFO:[0m Stored 384 tokens in 0.003 seconds [3m(lmcache_driven_transfer.py:1218:lmcache.v1.multiprocess.modules.lmcache_driven_transfer)[0m
[32;20m[2026-09-20 14:12:30,612] LMCache INFO:[0m Stored 384 tokens in 0.003 seconds [3m(lmcache_driven_transfer.py:1218:lmcache.v1.multiprocess.modules.lmcache_driven_transfer)[0m
[32;20m[2026-09-20 14:12:30,648] LMCache INFO:[0m L1 memory usage 0.98 above watermark 0.80; triggering eviction. [3m(eviction_controller.py:179:lmcache.v1.distributed.storage_controllers.eviction_controller)[0m
[32;20m[2026-09-20 14:12:30,714] LMCache INFO:[0m Stored 384 tokens in 0.003 seconds [3m(lmcache_driven_transfer.py:1218:lmcache.v1.multiprocess.modules.lmcache_driven_transfer)[0m
[32;20m[2026-09-20 14:12:30,812] LMCache INFO:[0m Stored 384 tokens in 0.003 seconds [3m(lmcache_driven_transfer.py:1218:lmcache.v1.multiprocess.modules.lmcache_driven_transfer)[0m
[32;20m[2026-09-20 14:12:30,913] LMCache INFO:[0m Stored 384 tokens in 0.003 seconds [3m(lmcache_driven_transfer.py:1218:lmcache.v1.multiprocess.modules.lmcache_driven_transfer)[0m
[32;20m[2026-09-20 14:12:30,960] LMCache INFO:[0m Prefetch request completed (L1+L2): 24/24 retained keys (24 L1, 0 L2) in 1.0 ms (external_request_id=cmpl-9f210c40f6dc7ba9-0-aef0ec63, prefetch_request_id=-1) [3m(storage_manager.py:716:lmcache.v1.distributed.storage_manager)[0m
[32;20m[2026-09-20 14:12:30,966] LMCache INFO:[0m Retrieved 384 tokens in 0.002 seconds [3m(lmcache_driven_transfer.py:1427:lmcache.v1.multiprocess.modules.lmcache_driven_transfer)[0m
[32;20m[2026-09-20 14:12:31,087] LMCache INFO:[0m Stored 384 tokens in 0.003 seconds [3m(lmcache_driven_transfer.py:1218:lmcache.v1.multiprocess.modules.lmcache_driven_transfer)[0m
[32;20m[2026-09-20 14:12:31,176] LMCache INFO:[0m Stored 384 tokens in 0.003 seconds [3m(lmcache_driven_transfer.py:1218:lmcache.v1.multiprocess.modules.lmcache_driven_transfer)[0m
[32;20m[2026-09-20 14:12:31,274] LMCache INFO:[0m Stored 384 tokens in 0.003 seconds [3m(lmcache_driven_transfer.py:1218:lmcache.v1.multiprocess.modules.lmcache_driven_transfer)[0m
[32;20m[2026-09-20 14:12:31,378] LMCache INFO:[0m Stored 384 tokens in 0.003 seconds [3m(lmcache_driven_transfer.py:1218:lmcache.v1.multiprocess.modules.lmcache_driven_transfer)[0m
[32;20m[2026-09-20 14:12:31,429] LMCache INFO:[0m L0<->L1 stats [cuda:0] last 10.0s: store ops=96 tokens=35472 size=1.02GB avg_copy=6.71GB/s | retrieve ops=12 tokens=4560 size=0.13GB avg_copy=3.99GB/s [3m(extra_stats.py:159:lmcache.v1.mp_observability.subscribers.logging.extra_stats)[0m
[32;20m[2026-09-20 14:12:31,429] LMCache INFO:[0m L0<->L1 stats [cuda:0] cumulative: store ops=540 tokens=200640 size=5.75GB avg_copy=7.23GB/s | retrieve ops=148 tokens=56336 size=1.62GB avg_copy=3.97GB/s [3m(extra_stats.py:168:lmcache.v1.mp_observability.subscribers.logging.extra_stats)[0m
[32;20m[2026-09-20 14:12:31,478] LMCache INFO:[0m Stored 384 tokens in 0.003 seconds [3m(lmcache_driven_transfer.py:1218:lmcache.v1.multiprocess.modules.lmcache_driven_transfer)[0m
[32;20m[2026-09-20 14:12:31,577] LMCache INFO:[0m Stored 384 tokens in 0.003 seconds [3m(lmcache_driven_transfer.py:1218:lmcache.v1.multiprocess.modules.lmcache_driven_transfer)[0m
[32;20m[2026-09-20 14:12:31,655] LMCache INFO:[0m L1 memory usage: 0.49/0.50 GiB (97.4%) [3m(eviction_controller.py:153:lmcache.v1.distributed.storage_controllers.eviction_controller)[0m
[32;20m[2026-09-20 14:12:31,655] LMCache INFO:[0m L1 memory usage 0.97 above watermark 0.80; triggering eviction. [3m(eviction_controller.py:179:lmcache.v1.distributed.storage_controllers.eviction_controller)[0m
[32;20m[2026-09-20 14:12:31,672] LMCache INFO:[0m Stored 384 tokens in 0.003 seconds [3m(lmcache_driven_transfer.py:1218:lmcache.v1.multiprocess.modules.lmcache_driven_transfer)[0m
[32;20m[2026-09-20 14:12:31,768] LMCache INFO:[0m Stored 384 tokens in 0.003 seconds [3m(lmcache_driven_transfer.py:1218:lmcache.v1.multiprocess.modules.lmcache_driven_transfer)[0m
[32;20m[2026-09-20 14:12:31,870] LMCache INFO:[0m Stored 384 tokens in 0.003 seconds [3m(lmcache_driven_transfer.py:1218:lmcache.v1.multiprocess.modules.lmcache_driven_transfer)[0m
[32;20m[2026-09-20 14:12:31,973] LMCache INFO:[0m Stored 384 tokens in 0.003 seconds [3m(lmcache_driven_transfer.py:1218:lmcache.v1.multiprocess.modules.lmcache_driven_transfer)[0m
[32;20m[2026-09-20 14:12:32,026] LMCache INFO:[0m Prefetch request completed (L1+L2): 24/24 retained keys (24 L1, 0 L2) in 2.9 ms (external_request_id=cmpl-b055837ac8f4580a-0-b0d695c9, prefetch_request_id=-1) [3m(storage_manager.py:716:lmcache.v1.distributed.storage_manager)[0m
[32;20m[2026-09-20 14:12:32,032] LMCache INFO:[0m Retrieved 384 tokens in 0.003 seconds [3m(lmcache_driven_transfer.py:1427:lmcache.v1.multiprocess.modules.lmcache_driven_transfer)[0m
[32;20m[2026-09-20 14:12:32,110] LMCache INFO:[0m Prefetch request completed (L1+L2): 23/23 retained keys (23 L1, 0 L2) in 1.1 ms (external_request_id=cmpl-9e73863d36ebcbbb-0-9012a78d, prefetch_request_id=-1) [3m(storage_manager.py:716:lmcache.v1.distributed.storage_manager)[0m
[32;20m[2026-09-20 14:12:32,117] LMCache INFO:[0m Prefetch request completed (L1+L2): 20/20 retained keys (20 L1, 0 L2) in 1.4 ms (external_request_id=cmpl-b4b865c05592a3ac-0-a4983f8e, prefetch_request_id=-1) [3m(storage_manager.py:716:lmcache.v1.distributed.storage_manager)[0m
[32;20m[2026-09-20 14:12:32,118] LMCache INFO:[0m Retrieved 368 tokens in 0.004 seconds [3m(lmcache_driven_transfer.py:1427:lmcache.v1.multiprocess.modules.lmcache_driven_transfer)[0m
[32;20m[2026-09-20 14:12:32,124] LMCache INFO:[0m Retrieved 320 tokens in 0.003 seconds [3m(lmcache_driven_transfer.py:1427:lmcache.v1.multiprocess.modules.lmcache_driven_transfer)[0m
[32;20m[2026-09-20 14:12:32,210] LMCache INFO:[0m Prefetch request completed (L1+L2): 24/24 retained keys (24 L1, 0 L2) in 1.3 ms (external_request_id=cmpl-8c96c236cbe21d58-0-8cb5856a, prefetch_request_id=-1) [3m(storage_manager.py:716:lmcache.v1.distributed.storage_manager)[0m
[32;20m[2026-09-20 14:12:32,215] LMCache INFO:[0m Retrieved 384 tokens in 0.002 seconds [3m(lmcache_driven_transfer.py:1427:lmcache.v1.multiprocess.modules.lmcache_driven_transfer)[0m
[32;20m[2026-09-20 14:12:32,270] LMCache INFO:[0m Prefetch request completed (L1+L2): 24/24 retained keys (24 L1, 0 L2) in 1.1 ms (external_request_id=cmpl-81d730c4847d5938-0-9207a5ea, prefetch_request_id=-1) [3m(storage_manager.py:716:lmcache.v1.distributed.storage_manager)[0m
[32;20m[2026-09-20 14:12:32,275] LMCache INFO:[0m Retrieved 384 tokens in 0.002 seconds [3m(lmcache_driven_transfer.py:1427:lmcache.v1.multiprocess.modules.lmcache_driven_transfer)[0m
[32;20m[2026-09-20 14:12:32,330] LMCache INFO:[0m Prefetch request completed (L1+L2): 24/24 retained keys (24 L1, 0 L2) in 1.2 ms (external_request_id=cmpl-8b252f7825b747c0-0-b6534f5d, prefetch_request_id=-1) [3m(storage_manager.py:716:lmcache.v1.distributed.storage_manager)[0m
[32;20m[2026-09-20 14:12:32,335] LMCache INFO:[0m Retrieved 384 tokens in 0.002 seconds [3m(lmcache_driven_transfer.py:1427:lmcache.v1.multiprocess.modules.lmcache_driven_transfer)[0m
[32;20m[2026-09-20 14:12:32,387] LMCache INFO:[0m Prefetch request completed (L1+L2): 24/24 retained keys (24 L1, 0 L2) in 1.2 ms (external_request_id=cmpl-b9e4c3e3b766984e-0-92f46a2a, prefetch_request_id=-1) [3m(storage_manager.py:716:lmcache.v1.distributed.storage_manager)[0m
[32;20m[2026-09-20 14:12:32,392] LMCache INFO:[0m Retrieved 384 tokens in 0.002 seconds [3m(lmcache_driven_transfer.py:1427:lmcache.v1.multiprocess.modules.lmcache_driven_transfer)[0m
[32;20m[2026-09-20 14:12:32,447] LMCache INFO:[0m Prefetch request completed (L1+L2): 24/24 retained keys (24 L1, 0 L2) in 1.3 ms (external_request_id=cmpl-9037170dae99c448-0-a6b4510e, prefetch_request_id=-1) [3m(storage_manager.py:716:lmcache.v1.distributed.storage_manager)[0m
[32;20m[2026-09-20 14:12:32,452] LMCache INFO:[0m Retrieved 384 tokens in 0.002 seconds [3m(lmcache_driven_transfer.py:1427:lmcache.v1.multiprocess.modules.lmcache_driven_transfer)[0m
[32;20m[2026-09-20 14:12:32,505] LMCache INFO:[0m Prefetch request completed (L1+L2): 24/24 retained keys (24 L1, 0 L2) in 1.0 ms (external_request_id=cmpl-abaf4ef82796424c-0-84693b50, prefetch_request_id=-1) [3m(storage_manager.py:716:lmcache.v1.distributed.storage_manager)[0m
[32;20m[2026-09-20 14:12:32,510] LMCache INFO:[0m Retrieved 384 tokens in 0.002 seconds [3m(lmcache_driven_transfer.py:1427:lmcache.v1.multiprocess.modules.lmcache_driven_transfer)[0m
[32;20m[2026-09-20 14:12:32,563] LMCache INFO:[0m Prefetch request completed (L1+L2): 24/24 retained keys (24 L1, 0 L2) in 1.2 ms (external_request_id=cmpl-a2b684f34bbaf916-0-ae828a6c, prefetch_request_id=-1) [3m(storage_manager.py:716:lmcache.v1.distributed.storage_manager)[0m
[32;20m[2026-09-20 14:12:32,568] LMCache INFO:[0m Retrieved 384 tokens in 0.002 seconds [3m(lmcache_driven_transfer.py:1427:lmcache.v1.multiprocess.modules.lmcache_driven_transfer)[0m
[32;20m[2026-09-20 14:12:32,622] LMCache INFO:[0m Prefetch request completed (L1+L2): 24/24 retained keys (24 L1, 0 L2) in 1.1 ms (external_request_id=cmpl-9680f1585f108897-0-93082827, prefetch_request_id=-1) [3m(storage_manager.py:716:lmcache.v1.distributed.storage_manager)[0m
[32;20m[2026-09-20 14:12:32,627] LMCache INFO:[0m Retrieved 384 tokens in 0.002 seconds [3m(lmcache_driven_transfer.py:1427:lmcache.v1.multiprocess.modules.lmcache_driven_transfer)[0m
[32;20m[2026-09-20 14:12:32,665] LMCache INFO:[0m L1 memory usage 0.86 above watermark 0.80; triggering eviction. [3m(eviction_controller.py:179:lmcache.v1.distributed.storage_controllers.eviction_controller)[0m
[32;20m[2026-09-20 14:12:32,721] LMCache INFO:[0m Stored 384 tokens in 0.003 seconds [3m(lmcache_driven_transfer.py:1218:lmcache.v1.multiprocess.modules.lmcache_driven_transfer)[0m
[32;20m[2026-09-20 14:12:32,919] LMCache INFO:[0m Prefetch request completed (L1+L2): 20/20 retained keys (20 L1, 0 L2) in 1.3 ms (external_request_id=cmpl-9e654138c2793c0c-0-afd758b4, prefetch_request_id=-1) [3m(storage_manager.py:716:lmcache.v1.distributed.storage_manager)[0m
[32;20m[2026-09-20 14:12:32,924] LMCache INFO:[0m Retrieved 320 tokens in 0.002 seconds [3m(lmcache_driven_transfer.py:1427:lmcache.v1.multiprocess.modules.lmcache_driven_transfer)[0m
[32;20m[2026-09-20 14:12:33,049] LMCache INFO:[0m Stored 384 tokens in 0.005 seconds [3m(lmcache_driven_transfer.py:1218:lmcache.v1.multiprocess.modules.lmcache_driven_transfer)[0m
[32;20m[2026-09-20 14:12:33,139] LMCache INFO:[0m Stored 384 tokens in 0.003 seconds [3m(lmcache_driven_transfer.py:1218:lmcache.v1.multiprocess.modules.lmcache_driven_transfer)[0m
[32;20m[2026-09-20 14:12:33,239] LMCache INFO:[0m Stored 384 tokens in 0.003 seconds [3m(lmcache_driven_transfer.py:1218:lmcache.v1.multiprocess.modules.lmcache_driven_transfer)[0m
[32;20m[2026-09-20 14:12:33,340] LMCache INFO:[0m Stored 368 tokens in 0.003 seconds [3m(lmcache_driven_transfer.py:1218:lmcache.v1.multiprocess.modules.lmcache_driven_transfer)[0m
[32;20m[2026-09-20 14:12:33,443] LMCache INFO:[0m Stored 384 tokens in 0.005 seconds [3m(lmcache_driven_transfer.py:1218:lmcache.v1.multiprocess.modules.lmcache_driven_transfer)[0m
[32;20m[2026-09-20 14:12:33,539] LMCache INFO:[0m Stored 384 tokens in 0.003 seconds [3m(lmcache_driven_transfer.py:1218:lmcache.v1.multiprocess.modules.lmcache_driven_transfer)[0m
[32;20m[2026-09-20 14:12:33,640] LMCache INFO:[0m Stored 384 tokens in 0.003 seconds [3m(lmcache_driven_transfer.py:1218:lmcache.v1.multiprocess.modules.lmcache_driven_transfer)[0m
[32;20m[2026-09-20 14:12:33,673] LMCache INFO:[0m L1 memory usage 0.85 above watermark 0.80; triggering eviction. [3m(eviction_controller.py:179:lmcache.v1.distributed.storage_controllers.eviction_controller)[0m
[32;20m[2026-09-20 14:12:33,741] LMCache INFO:[0m Stored 384 tokens in 0.003 seconds [3m(lmcache_driven_transfer.py:1218:lmcache.v1.multiprocess.modules.lmcache_driven_transfer)[0m
[32;20m[2026-09-20 14:12:33,842] LMCache INFO:[0m Stored 384 tokens in 0.003 seconds [3m(lmcache_driven_transfer.py:1218:lmcache.v1.multiprocess.modules.lmcache_driven_transfer)[0m
[32;20m[2026-09-20 14:12:33,942] LMCache INFO:[0m Stored 384 tokens in 0.003 seconds [3m(lmcache_driven_transfer.py:1218:lmcache.v1.multiprocess.modules.lmcache_driven_transfer)[0m
[32;20m[2026-09-20 14:12:33,993] LMCache INFO:[0m Prefetch request completed (L1+L2): 24/24 retained keys (24 L1, 0 L2) in 2.0 ms (external_request_id=cmpl-8b88fcd0f27915bb-0-91da113e, prefetch_request_id=-1) [3m(storage_manager.py:716:lmcache.v1.distributed.storage_manager)[0m
[32;20m[2026-09-20 14:12:34,000] LMCache INFO:[0m Retrieved 384 tokens in 0.003 seconds [3m(lmcache_driven_transfer.py:1427:lmcache.v1.multiprocess.modules.lmcache_driven_transfer)[0m
[32;20m[2026-09-20 14:12:34,124] LMCache INFO:[0m Stored 384 tokens in 0.003 seconds [3m(lmcache_driven_transfer.py:1218:lmcache.v1.multiprocess.modules.lmcache_driven_transfer)[0m
[32;20m[2026-09-20 14:12:34,205] LMCache INFO:[0m Stored 384 tokens in 0.003 seconds [3m(lmcache_driven_transfer.py:1218:lmcache.v1.multiprocess.modules.lmcache_driven_transfer)[0m
[32;20m[2026-09-20 14:12:34,326] LMCache INFO:[0m Stored 384 tokens in 0.005 seconds [3m(lmcache_driven_transfer.py:1218:lmcache.v1.multiprocess.modules.lmcache_driven_transfer)[0m
[32;20m[2026-09-20 14:12:34,416] LMCache INFO:[0m Stored 384 tokens in 0.003 seconds [3m(lmcache_driven_transfer.py:1218:lmcache.v1.multiprocess.modules.lmcache_driven_transfer)[0m
[32;20m[2026-09-20 14:12:34,509] LMCache INFO:[0m Stored 384 tokens in 0.003 seconds [3m(lmcache_driven_transfer.py:1218:lmcache.v1.multiprocess.modules.lmcache_driven_transfer)[0m
[32;20m[2026-09-20 14:12:34,605] LMCache INFO:[0m Stored 384 tokens in 0.003 seconds [3m(lmcache_driven_transfer.py:1218:lmcache.v1.multiprocess.modules.lmcache_driven_transfer)[0m
[32;20m[2026-09-20 14:12:34,680] LMCache INFO:[0m L1 memory usage 0.87 above watermark 0.80; triggering eviction. [3m(eviction_controller.py:179:lmcache.v1.distributed.storage_controllers.eviction_controller)[0m
[32;20m[2026-09-20 14:12:34,710] LMCache INFO:[0m Stored 384 tokens in 0.003 seconds [3m(lmcache_driven_transfer.py:1218:lmcache.v1.multiprocess.modules.lmcache_driven_transfer)[0m
[32;20m[2026-09-20 14:12:34,808] LMCache INFO:[0m Stored 384 tokens in 0.003 seconds [3m(lmcache_driven_transfer.py:1218:lmcache.v1.multiprocess.modules.lmcache_driven_transfer)[0m
[32;20m[2026-09-20 14:12:34,905] LMCache INFO:[0m Stored 368 tokens in 0.003 seconds [3m(lmcache_driven_transfer.py:1218:lmcache.v1.multiprocess.modules.lmcache_driven_transfer)[0m
[32;20m[2026-09-20 14:12:34,954] LMCache INFO:[0m Prefetch request completed (L1+L2): 24/24 retained keys (24 L1, 0 L2) in 1.2 ms (external_request_id=cmpl-94f3e011ca9c395a-0-88b19be2, prefetch_request_id=-1) [3m(storage_manager.py:716:lmcache.v1.distributed.storage_manager)[0m
[32;20m[2026-09-20 14:12:34,960] LMCache INFO:[0m Retrieved 384 tokens in 0.002 seconds [3m(lmcache_driven_transfer.py:1427:lmcache.v1.multiprocess.modules.lmcache_driven_transfer)[0m
[32;20m[2026-09-20 14:12:35,084] LMCache INFO:[0m Stored 384 tokens in 0.003 seconds [3m(lmcache_driven_transfer.py:1218:lmcache.v1.multiprocess.modules.lmcache_driven_transfer)[0m
[32;20m[2026-09-20 14:12:35,165] LMCache INFO:[0m Stored 368 tokens in 0.003 seconds [3m(lmcache_driven_transfer.py:1218:lmcache.v1.multiprocess.modules.lmcache_driven_transfer)[0m
[32;20m[2026-09-20 14:12:35,270] LMCache INFO:[0m Stored 384 tokens in 0.003 seconds [3m(lmcache_driven_transfer.py:1218:lmcache.v1.multiprocess.modules.lmcache_driven_transfer)[0m
[32;20m[2026-09-20 14:12:35,326] LMCache INFO:[0m Prefetch request completed (L1+L2): 24/24 retained keys (24 L1, 0 L2) in 1.1 ms (external_request_id=cmpl-9eb4f98f9bdec544-0-833857cd, prefetch_request_id=-1) [3m(storage_manager.py:716:lmcache.v1.distributed.storage_manager)[0m
[32;20m[2026-09-20 14:12:35,331] LMCache INFO:[0m Retrieved 384 tokens in 0.002 seconds [3m(lmcache_driven_transfer.py:1427:lmcache.v1.multiprocess.modules.lmcache_driven_transfer)[0m
[32;20m[2026-09-20 14:12:35,429] LMCache INFO:[0m Stored 384 tokens in 0.003 seconds [3m(lmcache_driven_transfer.py:1218:lmcache.v1.multiprocess.modules.lmcache_driven_transfer)[0m
[32;20m[2026-09-20 14:12:35,520] LMCache INFO:[0m Stored 384 tokens in 0.003 seconds [3m(lmcache_driven_transfer.py:1218:lmcache.v1.multiprocess.modules.lmcache_driven_transfer)[0m
[32;20m[2026-09-20 14:12:35,624] LMCache INFO:[0m Stored 368 tokens in 0.003 seconds [3m(lmcache_driven_transfer.py:1218:lmcache.v1.multiprocess.modules.lmcache_driven_transfer)[0m
[32;20m[2026-09-20 14:12:35,689] LMCache INFO:[0m L1 memory usage 0.88 above watermark 0.80; triggering eviction. [3m(eviction_controller.py:179:lmcache.v1.distributed.storage_controllers.eviction_controller)[0m
[32;20m[2026-09-20 14:12:35,726] LMCache INFO:[0m Stored 368 tokens in 0.003 seconds [3m(lmcache_driven_transfer.py:1218:lmcache.v1.multiprocess.modules.lmcache_driven_transfer)[0m
[32;20m[2026-09-20 14:12:35,825] LMCache INFO:[0m Stored 384 tokens in 0.003 seconds [3m(lmcache_driven_transfer.py:1218:lmcache.v1.multiprocess.modules.lmcache_driven_transfer)[0m
[32;20m[2026-09-20 14:12:35,925] LMCache INFO:[0m Stored 384 tokens in 0.003 seconds [3m(lmcache_driven_transfer.py:1218:lmcache.v1.multiprocess.modules.lmcache_driven_transfer)[0m
[32;20m[2026-09-20 14:12:36,051] LMCache INFO:[0m Stored 384 tokens in 0.003 seconds [3m(lmcache_driven_transfer.py:1218:lmcache.v1.multiprocess.modules.lmcache_driven_transfer)[0m
[32;20m[2026-09-20 14:12:36,143] LMCache INFO:[0m Stored 384 tokens in 0.003 seconds [3m(lmcache_driven_transfer.py:1218:lmcache.v1.multiprocess.modules.lmcache_driven_transfer)[0m
[32;20m[2026-09-20 14:12:36,248] LMCache INFO:[0m Stored 384 tokens in 0.003 seconds [3m(lmcache_driven_transfer.py:1218:lmcache.v1.multiprocess.modules.lmcache_driven_transfer)[0m
[32;20m[2026-09-20 14:12:36,342] LMCache INFO:[0m Stored 320 tokens in 0.003 seconds [3m(lmcache_driven_transfer.py:1218:lmcache.v1.multiprocess.modules.lmcache_driven_transfer)[0m
[32;20m[2026-09-20 14:12:36,436] LMCache INFO:[0m Stored 384 tokens in 0.003 seconds [3m(lmcache_driven_transfer.py:1218:lmcache.v1.multiprocess.modules.lmcache_driven_transfer)[0m
[32;20m[2026-09-20 14:12:36,531] LMCache INFO:[0m Stored 384 tokens in 0.003 seconds [3m(lmcache_driven_transfer.py:1218:lmcache.v1.multiprocess.modules.lmcache_driven_transfer)[0m
[32;20m[2026-09-20 14:12:36,630] LMCache INFO:[0m Stored 368 tokens in 0.003 seconds [3m(lmcache_driven_transfer.py:1218:lmcache.v1.multiprocess.modules.lmcache_driven_transfer)[0m
[32;20m[2026-09-20 14:12:36,698] LMCache INFO:[0m L1 memory usage 0.90 above watermark 0.80; triggering eviction. [3m(eviction_controller.py:179:lmcache.v1.distributed.storage_controllers.eviction_controller)[0m
[32;20m[2026-09-20 14:12:36,731] LMCache INFO:[0m Stored 384 tokens in 0.003 seconds [3m(lmcache_driven_transfer.py:1218:lmcache.v1.multiprocess.modules.lmcache_driven_transfer)[0m
[32;20m[2026-09-20 14:12:36,829] LMCache INFO:[0m Stored 384 tokens in 0.003 seconds [3m(lmcache_driven_transfer.py:1218:lmcache.v1.multiprocess.modules.lmcache_driven_transfer)[0m
[32;20m[2026-09-20 14:12:36,924] LMCache INFO:[0m Stored 384 tokens in 0.003 seconds [3m(lmcache_driven_transfer.py:1218:lmcache.v1.multiprocess.modules.lmcache_driven_transfer)[0m
[32;20m[2026-09-20 14:12:37,057] LMCache INFO:[0m Stored 384 tokens in 0.003 seconds [3m(lmcache_driven_transfer.py:1218:lmcache.v1.multiprocess.modules.lmcache_driven_transfer)[0m
[32;20m[2026-09-20 14:12:37,144] LMCache INFO:[0m Stored 384 tokens in 0.003 seconds [3m(lmcache_driven_transfer.py:1218:lmcache.v1.multiprocess.modules.lmcache_driven_transfer)[0m
[32;20m[2026-09-20 14:12:37,249] LMCache INFO:[0m Stored 384 tokens in 0.003 seconds [3m(lmcache_driven_transfer.py:1218:lmcache.v1.multiprocess.modules.lmcache_driven_transfer)[0m
[32;20m[2026-09-20 14:12:37,350] LMCache INFO:[0m Stored 384 tokens in 0.003 seconds [3m(lmcache_driven_transfer.py:1218:lmcache.v1.multiprocess.modules.lmcache_driven_transfer)[0m
[32;20m[2026-09-20 14:12:37,451] LMCache INFO:[0m Stored 384 tokens in 0.003 seconds [3m(lmcache_driven_transfer.py:1218:lmcache.v1.multiprocess.modules.lmcache_driven_transfer)[0m
[32;20m[2026-09-20 14:12:37,555] LMCache INFO:[0m Stored 384 tokens in 0.003 seconds [3m(lmcache_driven_transfer.py:1218:lmcache.v1.multiprocess.modules.lmcache_driven_transfer)[0m
[32;20m[2026-09-20 14:12:37,652] LMCache INFO:[0m Stored 384 tokens in 0.003 seconds [3m(lmcache_driven_transfer.py:1218:lmcache.v1.multiprocess.modules.lmcache_driven_transfer)[0m
[32;20m[2026-09-20 14:12:37,709] LMCache INFO:[0m L1 memory usage 0.93 above watermark 0.80; triggering eviction. [3m(eviction_controller.py:179:lmcache.v1.distributed.storage_controllers.eviction_controller)[0m
[32;20m[2026-09-20 14:12:37,762] LMCache INFO:[0m Stored 384 tokens in 0.004 seconds [3m(lmcache_driven_transfer.py:1218:lmcache.v1.multiprocess.modules.lmcache_driven_transfer)[0m
[32;20m[2026-09-20 14:12:37,860] LMCache INFO:[0m Stored 384 tokens in 0.003 seconds [3m(lmcache_driven_transfer.py:1218:lmcache.v1.multiprocess.modules.lmcache_driven_transfer)[0m
[32;20m[2026-09-20 14:12:37,911] LMCache INFO:[0m Prefetch request completed (L1+L2): 24/24 retained keys (24 L1, 0 L2) in 1.5 ms (external_request_id=cmpl-9c8eb50ca6645ab9-0-8b0f3927, prefetch_request_id=-1) [3m(storage_manager.py:716:lmcache.v1.distributed.storage_manager)[0m
[32;20m[2026-09-20 14:12:37,916] LMCache INFO:[0m Retrieved 384 tokens in 0.002 seconds [3m(lmcache_driven_transfer.py:1427:lmcache.v1.multiprocess.modules.lmcache_driven_transfer)[0m
[32;20m[2026-09-20 14:12:37,995] LMCache INFO:[0m Prefetch request completed (L1+L2): 24/24 retained keys (24 L1, 0 L2) in 1.0 ms (external_request_id=cmpl-ac2557f09f177e2e-0-bfb79846, prefetch_request_id=-1) [3m(storage_manager.py:716:lmcache.v1.distributed.storage_manager)[0m
[32;20m[2026-09-20 14:12:38,002] LMCache INFO:[0m Prefetch request completed (L1+L2): 24/24 retained keys (24 L1, 0 L2) in 1.6 ms (external_request_id=cmpl-bd1d6f9bc9a9a8c9-0-ae5eb168, prefetch_request_id=-1) [3m(storage_manager.py:716:lmcache.v1.distributed.storage_manager)[0m
[32;20m[2026-09-20 14:12:38,002] LMCache INFO:[0m Retrieved 384 tokens in 0.004 seconds [3m(lmcache_driven_transfer.py:1427:lmcache.v1.multiprocess.modules.lmcache_driven_transfer)[0m
[32;20m[2026-09-20 14:12:38,011] LMCache INFO:[0m Retrieved 384 tokens in 0.006 seconds [3m(lmcache_driven_transfer.py:1427:lmcache.v1.multiprocess.modules.lmcache_driven_transfer)[0m
[32;20m[2026-09-20 14:12:38,092] LMCache INFO:[0m Prefetch request completed (L1+L2): 24/24 retained keys (24 L1, 0 L2) in 1.2 ms (external_request_id=cmpl-a1b25758f46792e9-0-920de67a, prefetch_request_id=-1) [3m(storage_manager.py:716:lmcache.v1.distributed.storage_manager)[0m
[32;20m[2026-09-20 14:12:38,097] LMCache INFO:[0m Retrieved 384 tokens in 0.002 seconds [3m(lmcache_driven_transfer.py:1427:lmcache.v1.multiprocess.modules.lmcache_driven_transfer)[0m
[32;20m[2026-09-20 14:12:38,152] LMCache INFO:[0m Prefetch request completed (L1+L2): 24/24 retained keys (24 L1, 0 L2) in 1.1 ms (external_request_id=cmpl-9a30c7efea1591cf-0-af797f69, prefetch_request_id=-1) [3m(storage_manager.py:716:lmcache.v1.distributed.storage_manager)[0m
[32;20m[2026-09-20 14:12:38,157] LMCache INFO:[0m Retrieved 384 tokens in 0.002 seconds [3m(lmcache_driven_transfer.py:1427:lmcache.v1.multiprocess.modules.lmcache_driven_transfer)[0m
[32;20m[2026-09-20 14:12:38,254] LMCache INFO:[0m Stored 384 tokens in 0.003 seconds [3m(lmcache_driven_transfer.py:1218:lmcache.v1.multiprocess.modules.lmcache_driven_transfer)[0m
[32;20m[2026-09-20 14:12:38,304] LMCache INFO:[0m Prefetch request completed (L1+L2): 24/24 retained keys (24 L1, 0 L2) in 1.1 ms (external_request_id=cmpl-a5cd1d5ac68197d8-0-b2f8e7fc, prefetch_request_id=-1) [3m(storage_manager.py:716:lmcache.v1.distributed.storage_manager)[0m
[32;20m[2026-09-20 14:12:38,309] LMCache INFO:[0m Retrieved 384 tokens in 0.002 seconds [3m(lmcache_driven_transfer.py:1427:lmcache.v1.multiprocess.modules.lmcache_driven_transfer)[0m
[32;20m[2026-09-20 14:12:38,363] LMCache INFO:[0m Prefetch request completed (L1+L2): 23/23 retained keys (23 L1, 0 L2) in 1.2 ms (external_request_id=cmpl-b536746ca2a5a76c-0-b3475ba0, prefetch_request_id=-1) [3m(storage_manager.py:716:lmcache.v1.distributed.storage_manager)[0m
[32;20m[2026-09-20 14:12:38,368] LMCache INFO:[0m Retrieved 368 tokens in 0.002 seconds [3m(lmcache_driven_transfer.py:1427:lmcache.v1.multiprocess.modules.lmcache_driven_transfer)[0m
[32;20m[2026-09-20 14:12:38,421] LMCache INFO:[0m Prefetch request completed (L1+L2): 24/24 retained keys (24 L1, 0 L2) in 1.3 ms (external_request_id=cmpl-95c12e875cace829-0-b1e01f36, prefetch_request_id=-1) [3m(storage_manager.py:716:lmcache.v1.distributed.storage_manager)[0m
[32;20m[2026-09-20 14:12:38,425] LMCache INFO:[0m Retrieved 384 tokens in 0.002 seconds [3m(lmcache_driven_transfer.py:1427:lmcache.v1.multiprocess.modules.lmcache_driven_transfer)[0m
[32;20m[2026-09-20 14:12:38,482] LMCache INFO:[0m Prefetch request completed (L1+L2): 23/23 retained keys (23 L1, 0 L2) in 1.2 ms (external_request_id=cmpl-874952c196dddded-0-b2a88404, prefetch_request_id=-1) [3m(storage_manager.py:716:lmcache.v1.distributed.storage_manager)[0m
[32;20m[2026-09-20 14:12:38,487] LMCache INFO:[0m Retrieved 368 tokens in 0.002 seconds [3m(lmcache_driven_transfer.py:1427:lmcache.v1.multiprocess.modules.lmcache_driven_transfer)[0m
[32;20m[2026-09-20 14:12:38,585] LMCache INFO:[0m Stored 384 tokens in 0.003 seconds [3m(lmcache_driven_transfer.py:1218:lmcache.v1.multiprocess.modules.lmcache_driven_transfer)[0m
[32;20m[2026-09-20 14:12:38,635] LMCache INFO:[0m Prefetch request completed (L1+L2): 23/23 retained keys (23 L1, 0 L2) in 1.2 ms (external_request_id=cmpl-b18442011189dd1d-0-8123de09, prefetch_request_id=-1) [3m(storage_manager.py:716:lmcache.v1.distributed.storage_manager)[0m
[32;20m[2026-09-20 14:12:38,639] LMCache INFO:[0m Retrieved 368 tokens in 0.002 seconds [3m(lmcache_driven_transfer.py:1427:lmcache.v1.multiprocess.modules.lmcache_driven_transfer)[0m
[32;20m[2026-09-20 14:12:38,718] LMCache INFO:[0m L1 memory usage 0.83 above watermark 0.80; triggering eviction. [3m(eviction_controller.py:179:lmcache.v1.distributed.storage_controllers.eviction_controller)[0m
[32;20m[2026-09-20 14:12:38,894] LMCache INFO:[0m Stored 384 tokens in 0.003 seconds [3m(lmcache_driven_transfer.py:1218:lmcache.v1.multiprocess.modules.lmcache_driven_transfer)[0m
[32;20m[2026-09-20 14:12:39,004] LMCache INFO:[0m Stored 384 tokens in 0.003 seconds [3m(lmcache_driven_transfer.py:1218:lmcache.v1.multiprocess.modules.lmcache_driven_transfer)[0m
[32;20m[2026-09-20 14:12:39,350] LMCache INFO:[0m Stored 384 tokens in 0.003 seconds [3m(lmcache_driven_transfer.py:1218:lmcache.v1.multiprocess.modules.lmcache_driven_transfer)[0m
[32;20m[2026-09-20 14:12:39,434] LMCache INFO:[0m Stored 384 tokens in 0.004 seconds [3m(lmcache_driven_transfer.py:1218:lmcache.v1.multiprocess.modules.lmcache_driven_transfer)[0m
[32;20m[2026-09-20 14:12:39,540] LMCache INFO:[0m Stored 384 tokens in 0.003 seconds [3m(lmcache_driven_transfer.py:1218:lmcache.v1.multiprocess.modules.lmcache_driven_transfer)[0m
[32;20m[2026-09-20 14:12:39,643] LMCache INFO:[0m Stored 384 tokens in 0.002 seconds [3m(lmcache_driven_transfer.py:1218:lmcache.v1.multiprocess.modules.lmcache_driven_transfer)[0m
[32;20m[2026-09-20 14:12:39,744] LMCache INFO:[0m Stored 384 tokens in 0.003 seconds [3m(lmcache_driven_transfer.py:1218:lmcache.v1.multiprocess.modules.lmcache_driven_transfer)[0m
[32;20m[2026-09-20 14:12:39,844] LMCache INFO:[0m Stored 384 tokens in 0.003 seconds [3m(lmcache_driven_transfer.py:1218:lmcache.v1.multiprocess.modules.lmcache_driven_transfer)[0m
[32;20m[2026-09-20 14:12:39,948] LMCache INFO:[0m Stored 384 tokens in 0.003 seconds [3m(lmcache_driven_transfer.py:1218:lmcache.v1.multiprocess.modules.lmcache_driven_transfer)[0m
[32;20m[2026-09-20 14:12:40,054] LMCache INFO:[0m Stored 384 tokens in 0.003 seconds [3m(lmcache_driven_transfer.py:1218:lmcache.v1.multiprocess.modules.lmcache_driven_transfer)[0m
[32;20m[2026-09-20 14:12:40,152] LMCache INFO:[0m Stored 384 tokens in 0.003 seconds [3m(lmcache_driven_transfer.py:1218:lmcache.v1.multiprocess.modules.lmcache_driven_transfer)[0m
[32;20m[2026-09-20 14:12:40,197] LMCache INFO:[0m Prefetch request completed (L1+L2): 24/24 retained keys (24 L1, 0 L2) in 2.9 ms (external_request_id=cmpl-b2c94b458353906d-0-b4fa85c5, prefetch_request_id=-1) [3m(storage_manager.py:716:lmcache.v1.distributed.storage_manager)[0m
[32;20m[2026-09-20 14:12:40,202] LMCache INFO:[0m Retrieved 384 tokens in 0.002 seconds [3m(lmcache_driven_transfer.py:1427:lmcache.v1.multiprocess.modules.lmcache_driven_transfer)[0m
[32;20m[2026-09-20 14:12:40,327] LMCache INFO:[0m Stored 384 tokens in 0.003 seconds [3m(lmcache_driven_transfer.py:1218:lmcache.v1.multiprocess.modules.lmcache_driven_transfer)[0m
[32;20m[2026-09-20 14:12:40,409] LMCache INFO:[0m Stored 384 tokens in 0.003 seconds [3m(lmcache_driven_transfer.py:1218:lmcache.v1.multiprocess.modules.lmcache_driven_transfer)[0m
[32;20m[2026-09-20 14:12:40,514] LMCache INFO:[0m Stored 384 tokens in 0.003 seconds [3m(lmcache_driven_transfer.py:1218:lmcache.v1.multiprocess.modules.lmcache_driven_transfer)[0m
[32;20m[2026-09-20 14:12:40,617] LMCache INFO:[0m Stored 384 tokens in 0.003 seconds [3m(lmcache_driven_transfer.py:1218:lmcache.v1.multiprocess.modules.lmcache_driven_transfer)[0m
[32;20m[2026-09-20 14:12:40,715] LMCache INFO:[0m Stored 384 tokens in 0.003 seconds [3m(lmcache_driven_transfer.py:1218:lmcache.v1.multiprocess.modules.lmcache_driven_transfer)[0m
[32;20m[2026-09-20 14:12:40,725] LMCache INFO:[0m L1 memory usage 0.99 above watermark 0.80; triggering eviction. [3m(eviction_controller.py:179:lmcache.v1.distributed.storage_controllers.eviction_controller)[0m
[32;20m[2026-09-20 14:12:40,818] LMCache INFO:[0m Stored 384 tokens in 0.003 seconds [3m(lmcache_driven_transfer.py:1218:lmcache.v1.multiprocess.modules.lmcache_driven_transfer)[0m
[32;20m[2026-09-20 14:12:40,921] LMCache INFO:[0m Stored 384 tokens in 0.003 seconds [3m(lmcache_driven_transfer.py:1218:lmcache.v1.multiprocess.modules.lmcache_driven_transfer)[0m
[32;20m[2026-09-20 14:12:41,024] LMCache INFO:[0m Stored 384 tokens in 0.003 seconds [3m(lmcache_driven_transfer.py:1218:lmcache.v1.multiprocess.modules.lmcache_driven_transfer)[0m
[32;20m[2026-09-20 14:12:41,125] LMCache INFO:[0m Stored 368 tokens in 0.003 seconds [3m(lmcache_driven_transfer.py:1218:lmcache.v1.multiprocess.modules.lmcache_driven_transfer)[0m
[32;20m[2026-09-20 14:12:41,176] LMCache INFO:[0m Prefetch request completed (L1+L2): 24/24 retained keys (24 L1, 0 L2) in 2.5 ms (external_request_id=cmpl-913a19df43f4bb7e-0-9139e9e2, prefetch_request_id=-1) [3m(storage_manager.py:716:lmcache.v1.distributed.storage_manager)[0m
[32;20m[2026-09-20 14:12:41,181] LMCache INFO:[0m Retrieved 384 tokens in 0.002 seconds [3m(lmcache_driven_transfer.py:1427:lmcache.v1.multiprocess.modules.lmcache_driven_transfer)[0m
[32;20m[2026-09-20 14:12:41,300] LMCache INFO:[0m Stored 384 tokens in 0.003 seconds [3m(lmcache_driven_transfer.py:1218:lmcache.v1.multiprocess.modules.lmcache_driven_transfer)[0m
[32;20m[2026-09-20 14:12:41,388] LMCache INFO:[0m Stored 384 tokens in 0.003 seconds [3m(lmcache_driven_transfer.py:1218:lmcache.v1.multiprocess.modules.lmcache_driven_transfer)[0m
[32;20m[2026-09-20 14:12:41,436] LMCache INFO:[0m L0<->L1 stats [cuda:0] last 10.0s: store ops=78 tokens=29776 size=0.85GB avg_copy=7.03GB/s | retrieve ops=27 tokens=10176 size=0.29GB avg_copy=3.79GB/s [3m(extra_stats.py:159:lmcache.v1.mp_observability.subscribers.logging.extra_stats)[0m
[32;20m[2026-09-20 14:12:41,437] LMCache INFO:[0m L0<->L1 stats [cuda:0] cumulative: store ops=618 tokens=230416 size=6.61GB avg_copy=7.20GB/s | retrieve ops=175 tokens=66512 size=1.91GB avg_copy=3.94GB/s [3m(extra_stats.py:168:lmcache.v1.mp_observability.subscribers.logging.extra_stats)[0m
[32;20m[2026-09-20 14:12:41,486] LMCache INFO:[0m Stored 112 tokens in 0.003 seconds [3m(lmcache_driven_transfer.py:1218:lmcache.v1.multiprocess.modules.lmcache_driven_transfer)[0m
[32;20m[2026-09-20 14:12:41,539] LMCache INFO:[0m Stored 384 tokens in 0.006 seconds [3m(lmcache_driven_transfer.py:1218:lmcache.v1.multiprocess.modules.lmcache_driven_transfer)[0m
[32;20m[2026-09-20 14:12:41,630] LMCache INFO:[0m Stored 384 tokens in 0.003 seconds [3m(lmcache_driven_transfer.py:1218:lmcache.v1.multiprocess.modules.lmcache_driven_transfer)[0m
[32;20m[2026-09-20 14:12:41,730] LMCache INFO:[0m Stored 384 tokens in 0.003 seconds [3m(lmcache_driven_transfer.py:1218:lmcache.v1.multiprocess.modules.lmcache_driven_transfer)[0m
[32;20m[2026-09-20 14:12:41,732] LMCache INFO:[0m L1 memory usage: 0.49/0.50 GiB (98.5%) [3m(eviction_controller.py:153:lmcache.v1.distributed.storage_controllers.eviction_controller)[0m
[32;20m[2026-09-20 14:12:41,732] LMCache INFO:[0m L1 memory usage 0.99 above watermark 0.80; triggering eviction. [3m(eviction_controller.py:179:lmcache.v1.distributed.storage_controllers.eviction_controller)[0m
[32;20m[2026-09-20 14:12:41,830] LMCache INFO:[0m Stored 384 tokens in 0.003 seconds [3m(lmcache_driven_transfer.py:1218:lmcache.v1.multiprocess.modules.lmcache_driven_transfer)[0m
[32;20m[2026-09-20 14:12:41,934] LMCache INFO:[0m Stored 384 tokens in 0.003 seconds [3m(lmcache_driven_transfer.py:1218:lmcache.v1.multiprocess.modules.lmcache_driven_transfer)[0m
[32;20m[2026-09-20 14:12:42,040] LMCache INFO:[0m Stored 384 tokens in 0.003 seconds [3m(lmcache_driven_transfer.py:1218:lmcache.v1.multiprocess.modules.lmcache_driven_transfer)[0m
[32;20m[2026-09-20 14:12:42,096] LMCache INFO:[0m Prefetch request completed (L1+L2): 24/24 retained keys (24 L1, 0 L2) in 1.2 ms (external_request_id=cmpl-97d799b4b6c7654c-0-ba5e50c8, prefetch_request_id=-1) [3m(storage_manager.py:716:lmcache.v1.distributed.storage_manager)[0m
[32;20m[2026-09-20 14:12:42,101] LMCache INFO:[0m Retrieved 384 tokens in 0.002 seconds [3m(lmcache_driven_transfer.py:1427:lmcache.v1.multiprocess.modules.lmcache_driven_transfer)[0m
[32;20m[2026-09-20 14:12:42,200] LMCache INFO:[0m Stored 384 tokens in 0.003 seconds [3m(lmcache_driven_transfer.py:1218:lmcache.v1.multiprocess.modules.lmcache_driven_transfer)[0m
[32;20m[2026-09-20 14:12:42,239] LMCache INFO:[0m Prefetch request completed (L1+L2): 24/24 retained keys (24 L1, 0 L2) in 1.2 ms (external_request_id=cmpl-b884580de6437c2b-0-a3c4d325, prefetch_request_id=-1) [3m(storage_manager.py:716:lmcache.v1.distributed.storage_manager)[0m
[32;20m[2026-09-20 14:12:42,245] LMCache INFO:[0m Retrieved 384 tokens in 0.002 seconds [3m(lmcache_driven_transfer.py:1427:lmcache.v1.multiprocess.modules.lmcache_driven_transfer)[0m
[32;20m[2026-09-20 14:12:42,322] LMCache INFO:[0m Prefetch request completed (L1+L2): 24/24 retained keys (24 L1, 0 L2) in 1.3 ms (external_request_id=cmpl-a20f4ed89e83fd13-0-bfbfe909, prefetch_request_id=-1) [3m(storage_manager.py:716:lmcache.v1.distributed.storage_manager)[0m
[32;20m[2026-09-20 14:12:42,329] LMCache INFO:[0m Retrieved 384 tokens in 0.003 seconds [3m(lmcache_driven_transfer.py:1427:lmcache.v1.multiprocess.modules.lmcache_driven_transfer)[0m
[32;20m[2026-09-20 14:12:42,329] LMCache INFO:[0m Prefetch request completed (L1+L2): 24/24 retained keys (24 L1, 0 L2) in 1.5 ms (external_request_id=cmpl-a92b7115156adfba-0-be4279cb, prefetch_request_id=-1) [3m(storage_manager.py:716:lmcache.v1.distributed.storage_manager)[0m
[32;20m[2026-09-20 14:12:42,338] LMCache INFO:[0m Retrieved 384 tokens in 0.005 seconds [3m(lmcache_driven_transfer.py:1427:lmcache.v1.multiprocess.modules.lmcache_driven_transfer)[0m
[32;20m[2026-09-20 14:12:42,429] LMCache INFO:[0m Prefetch request completed (L1+L2): 24/24 retained keys (24 L1, 0 L2) in 1.2 ms (external_request_id=cmpl-89e8e30a16554ab2-0-96dd5a6b, prefetch_request_id=-1) [3m(storage_manager.py:716:lmcache.v1.distributed.storage_manager)[0m
[32;20m[2026-09-20 14:12:42,434] LMCache INFO:[0m Retrieved 384 tokens in 0.002 seconds [3m(lmcache_driven_transfer.py:1427:lmcache.v1.multiprocess.modules.lmcache_driven_transfer)[0m
[32;20m[2026-09-20 14:12:42,488] LMCache INFO:[0m Prefetch request completed (L1+L2): 24/24 retained keys (24 L1, 0 L2) in 1.1 ms (external_request_id=cmpl-b8af328cbe3c3000-0-8ea2aa6b, prefetch_request_id=-1) [3m(storage_manager.py:716:lmcache.v1.distributed.storage_manager)[0m
[32;20m[2026-09-20 14:12:42,493] LMCache INFO:[0m Retrieved 384 tokens in 0.002 seconds [3m(lmcache_driven_transfer.py:1427:lmcache.v1.multiprocess.modules.lmcache_driven_transfer)[0m
[32;20m[2026-09-20 14:12:42,546] LMCache INFO:[0m Prefetch request completed (L1+L2): 24/24 retained keys (24 L1, 0 L2) in 1.0 ms (external_request_id=cmpl-8091cb4176b8b606-0-b6764f9a, prefetch_request_id=-1) [3m(storage_manager.py:716:lmcache.v1.distributed.storage_manager)[0m
[32;20m[2026-09-20 14:12:42,551] LMCache INFO:[0m Retrieved 384 tokens in 0.002 seconds [3m(lmcache_driven_transfer.py:1427:lmcache.v1.multiprocess.modules.lmcache_driven_transfer)[0m
[32;20m[2026-09-20 14:12:42,604] LMCache INFO:[0m Prefetch request completed (L1+L2): 24/24 retained keys (24 L1, 0 L2) in 1.0 ms (external_request_id=cmpl-9c15e586fbdeecb3-0-82766c5e, prefetch_request_id=-1) [3m(storage_manager.py:716:lmcache.v1.distributed.storage_manager)[0m
[32;20m[2026-09-20 14:12:42,609] LMCache INFO:[0m Retrieved 384 tokens in 0.002 seconds [3m(lmcache_driven_transfer.py:1427:lmcache.v1.multiprocess.modules.lmcache_driven_transfer)[0m
[32;20m[2026-09-20 14:12:42,704] LMCache INFO:[0m Stored 384 tokens in 0.003 seconds [3m(lmcache_driven_transfer.py:1218:lmcache.v1.multiprocess.modules.lmcache_driven_transfer)[0m
[32;20m[2026-09-20 14:12:42,739] LMCache INFO:[0m L1 memory usage 0.90 above watermark 0.80; triggering eviction. [3m(eviction_controller.py:179:lmcache.v1.distributed.storage_controllers.eviction_controller)[0m
[32;20m[2026-09-20 14:12:42,755] LMCache INFO:[0m Prefetch request completed (L1+L2): 24/24 retained keys (24 L1, 0 L2) in 1.2 ms (external_request_id=cmpl-af7a97fcfdf18611-0-97848b49, prefetch_request_id=-1) [3m(storage_manager.py:716:lmcache.v1.distributed.storage_manager)[0m
[32;20m[2026-09-20 14:12:42,760] LMCache INFO:[0m Retrieved 384 tokens in 0.002 seconds [3m(lmcache_driven_transfer.py:1427:lmcache.v1.multiprocess.modules.lmcache_driven_transfer)[0m
[32;20m[2026-09-20 14:12:42,814] LMCache INFO:[0m Prefetch request completed (L1+L2): 7/7 retained keys (7 L1, 0 L2) in 1.0 ms (external_request_id=cmpl-ab0ad8400b78d585-0-bec59a46, prefetch_request_id=-1) [3m(storage_manager.py:716:lmcache.v1.distributed.storage_manager)[0m
[32;20m[2026-09-20 14:12:42,818] LMCache INFO:[0m Retrieved 112 tokens in 0.001 seconds [3m(lmcache_driven_transfer.py:1427:lmcache.v1.multiprocess.modules.lmcache_driven_transfer)[0m
[32;20m[2026-09-20 14:12:42,916] LMCache INFO:[0m Stored 384 tokens in 0.003 seconds [3m(lmcache_driven_transfer.py:1218:lmcache.v1.multiprocess.modules.lmcache_driven_transfer)[0m
[32;20m[2026-09-20 14:12:43,005] LMCache INFO:[0m Stored 384 tokens in 0.003 seconds [3m(lmcache_driven_transfer.py:1218:lmcache.v1.multiprocess.modules.lmcache_driven_transfer)[0m
[32;20m[2026-09-20 14:12:43,136] LMCache INFO:[0m Prefetch request completed (L1+L2): 24/24 retained keys (24 L1, 0 L2) in 1.1 ms (external_request_id=cmpl-957e9b36173ac7e8-0-8f3b85d9, prefetch_request_id=-1) [3m(storage_manager.py:716:lmcache.v1.distributed.storage_manager)[0m
[32;20m[2026-09-20 14:12:43,140] LMCache INFO:[0m Retrieved 384 tokens in 0.002 seconds [3m(lmcache_driven_transfer.py:1427:lmcache.v1.multiprocess.modules.lmcache_driven_transfer)[0m
[32;20m[2026-09-20 14:12:43,265] LMCache INFO:[0m Stored 384 tokens in 0.003 seconds [3m(lmcache_driven_transfer.py:1218:lmcache.v1.multiprocess.modules.lmcache_driven_transfer)[0m
[32;20m[2026-09-20 14:12:43,269] LMCache INFO:[0m Stored 384 tokens in 0.003 seconds [3m(lmcache_driven_transfer.py:1218:lmcache.v1.multiprocess.modules.lmcache_driven_transfer)[0m
[32;20m[2026-09-20 14:12:43,431] LMCache INFO:[0m Stored 384 tokens in 0.003 seconds [3m(lmcache_driven_transfer.py:1218:lmcache.v1.multiprocess.modules.lmcache_driven_transfer)[0m
[32;20m[2026-09-20 14:12:43,535] LMCache INFO:[0m Stored 384 tokens in 0.003 seconds [3m(lmcache_driven_transfer.py:1218:lmcache.v1.multiprocess.modules.lmcache_driven_transfer)[0m
[32;20m[2026-09-20 14:12:43,628] LMCache INFO:[0m Stored 384 tokens in 0.003 seconds [3m(lmcache_driven_transfer.py:1218:lmcache.v1.multiprocess.modules.lmcache_driven_transfer)[0m
[32;20m[2026-09-20 14:12:43,729] LMCache INFO:[0m Stored 384 tokens in 0.003 seconds [3m(lmcache_driven_transfer.py:1218:lmcache.v1.multiprocess.modules.lmcache_driven_transfer)[0m
[32;20m[2026-09-20 14:12:43,752] LMCache INFO:[0m L1 memory usage 0.89 above watermark 0.80; triggering eviction. [3m(eviction_controller.py:179:lmcache.v1.distributed.storage_controllers.eviction_controller)[0m
[32;20m[2026-09-20 14:12:43,827] LMCache INFO:[0m Stored 384 tokens in 0.003 seconds [3m(lmcache_driven_transfer.py:1218:lmcache.v1.multiprocess.modules.lmcache_driven_transfer)[0m
[32;20m[2026-09-20 14:12:43,927] LMCache INFO:[0m Stored 384 tokens in 0.003 seconds [3m(lmcache_driven_transfer.py:1218:lmcache.v1.multiprocess.modules.lmcache_driven_transfer)[0m
[32;20m[2026-09-20 14:12:44,024] LMCache INFO:[0m Stored 272 tokens in 0.003 seconds [3m(lmcache_driven_transfer.py:1218:lmcache.v1.multiprocess.modules.lmcache_driven_transfer)[0m
[32;20m[2026-09-20 14:12:44,114] LMCache INFO:[0m Stored 384 tokens in 0.003 seconds [3m(lmcache_driven_transfer.py:1218:lmcache.v1.multiprocess.modules.lmcache_driven_transfer)[0m
[32;20m[2026-09-20 14:12:44,208] LMCache INFO:[0m Stored 384 tokens in 0.003 seconds [3m(lmcache_driven_transfer.py:1218:lmcache.v1.multiprocess.modules.lmcache_driven_transfer)[0m
[32;20m[2026-09-20 14:12:44,358] LMCache INFO:[0m Stored 384 tokens in 0.005 seconds [3m(lmcache_driven_transfer.py:1218:lmcache.v1.multiprocess.modules.lmcache_driven_transfer)[0m
[32;20m[2026-09-20 14:12:44,425] LMCache INFO:[0m Stored 384 tokens in 0.003 seconds [3m(lmcache_driven_transfer.py:1218:lmcache.v1.multiprocess.modules.lmcache_driven_transfer)[0m
[32;20m[2026-09-20 14:12:44,528] LMCache INFO:[0m Stored 384 tokens in 0.003 seconds [3m(lmcache_driven_transfer.py:1218:lmcache.v1.multiprocess.modules.lmcache_driven_transfer)[0m
[32;20m[2026-09-20 14:12:44,628] LMCache INFO:[0m Stored 384 tokens in 0.003 seconds [3m(lmcache_driven_transfer.py:1218:lmcache.v1.multiprocess.modules.lmcache_driven_transfer)[0m
[32;20m[2026-09-20 14:12:44,682] LMCache INFO:[0m Prefetch request completed (L1+L2): 24/24 retained keys (24 L1, 0 L2) in 1.3 ms (external_request_id=cmpl-ae9cfbd4e60b0088-0-8c1f914e, prefetch_request_id=-1) [3m(storage_manager.py:716:lmcache.v1.distributed.storage_manager)[0m
[32;20m[2026-09-20 14:12:44,688] LMCache INFO:[0m Retrieved 384 tokens in 0.002 seconds [3m(lmcache_driven_transfer.py:1427:lmcache.v1.multiprocess.modules.lmcache_driven_transfer)[0m
[32;20m[2026-09-20 14:12:44,758] LMCache INFO:[0m L1 memory usage 0.89 above watermark 0.80; triggering eviction. [3m(eviction_controller.py:179:lmcache.v1.distributed.storage_controllers.eviction_controller)[0m
[32;20m[2026-09-20 14:12:44,785] LMCache INFO:[0m Stored 384 tokens in 0.003 seconds [3m(lmcache_driven_transfer.py:1218:lmcache.v1.multiprocess.modules.lmcache_driven_transfer)[0m
[32;20m[2026-09-20 14:12:44,878] LMCache INFO:[0m Stored 368 tokens in 0.003 seconds [3m(lmcache_driven_transfer.py:1218:lmcache.v1.multiprocess.modules.lmcache_driven_transfer)[0m
[32;20m[2026-09-20 14:12:44,934] LMCache INFO:[0m Prefetch request completed (L1+L2): 24/24 retained keys (24 L1, 0 L2) in 1.3 ms (external_request_id=cmpl-a07ee7619f44b0a9-0-878b312b, prefetch_request_id=-1) [3m(storage_manager.py:716:lmcache.v1.distributed.storage_manager)[0m
[32;20m[2026-09-20 14:12:44,940] LMCache INFO:[0m Retrieved 384 tokens in 0.002 seconds [3m(lmcache_driven_transfer.py:1427:lmcache.v1.multiprocess.modules.lmcache_driven_transfer)[0m
[32;20m[2026-09-20 14:12:45,038] LMCache INFO:[0m Stored 384 tokens in 0.003 seconds [3m(lmcache_driven_transfer.py:1218:lmcache.v1.multiprocess.modules.lmcache_driven_transfer)[0m
[32;20m[2026-09-20 14:12:45,132] LMCache INFO:[0m Stored 384 tokens in 0.003 seconds [3m(lmcache_driven_transfer.py:1218:lmcache.v1.multiprocess.modules.lmcache_driven_transfer)[0m
[32;20m[2026-09-20 14:12:45,181] LMCache INFO:[0m Prefetch request completed (L1+L2): 24/24 retained keys (24 L1, 0 L2) in 2.7 ms (external_request_id=cmpl-bf40b2e2b8a702bb-0-a21c9125, prefetch_request_id=-1) [3m(storage_manager.py:716:lmcache.v1.distributed.storage_manager)[0m
[32;20m[2026-09-20 14:12:45,186] LMCache INFO:[0m Retrieved 384 tokens in 0.002 seconds [3m(lmcache_driven_transfer.py:1427:lmcache.v1.multiprocess.modules.lmcache_driven_transfer)[0m
[32;20m[2026-09-20 14:12:45,318] LMCache INFO:[0m Stored 384 tokens in 0.003 seconds [3m(lmcache_driven_transfer.py:1218:lmcache.v1.multiprocess.modules.lmcache_driven_transfer)[0m
[32;20m[2026-09-20 14:12:45,403] LMCache INFO:[0m Stored 384 tokens in 0.003 seconds [3m(lmcache_driven_transfer.py:1218:lmcache.v1.multiprocess.modules.lmcache_driven_transfer)[0m
[32;20m[2026-09-20 14:12:45,501] LMCache INFO:[0m Stored 384 tokens in 0.003 seconds [3m(lmcache_driven_transfer.py:1218:lmcache.v1.multiprocess.modules.lmcache_driven_transfer)[0m
[32;20m[2026-09-20 14:12:45,602] LMCache INFO:[0m Stored 384 tokens in 0.003 seconds [3m(lmcache_driven_transfer.py:1218:lmcache.v1.multiprocess.modules.lmcache_driven_transfer)[0m
[32;20m[2026-09-20 14:12:45,656] LMCache INFO:[0m Prefetch request completed (L1+L2): 24/24 retained keys (24 L1, 0 L2) in 1.2 ms (external_request_id=cmpl-b3b988eacb34e771-0-8f10d473, prefetch_request_id=-1) [3m(storage_manager.py:716:lmcache.v1.distributed.storage_manager)[0m
[32;20m[2026-09-20 14:12:45,661] LMCache INFO:[0m Retrieved 384 tokens in 0.002 seconds [3m(lmcache_driven_transfer.py:1427:lmcache.v1.multiprocess.modules.lmcache_driven_transfer)[0m
[32;20m[2026-09-20 14:12:45,761] LMCache INFO:[0m Stored 384 tokens in 0.003 seconds [3m(lmcache_driven_transfer.py:1218:lmcache.v1.multiprocess.modules.lmcache_driven_transfer)[0m
[32;20m[2026-09-20 14:12:45,766] LMCache INFO:[0m L1 memory usage 0.90 above watermark 0.80; triggering eviction. [3m(eviction_controller.py:179:lmcache.v1.distributed.storage_controllers.eviction_controller)[0m
[32;20m[2026-09-20 14:12:45,852] LMCache INFO:[0m Stored 384 tokens in 0.003 seconds [3m(lmcache_driven_transfer.py:1218:lmcache.v1.multiprocess.modules.lmcache_driven_transfer)[0m
[32;20m[2026-09-20 14:12:45,953] LMCache INFO:[0m Stored 384 tokens in 0.003 seconds [3m(lmcache_driven_transfer.py:1218:lmcache.v1.multiprocess.modules.lmcache_driven_transfer)[0m
[32;20m[2026-09-20 14:12:46,055] LMCache INFO:[0m Stored 384 tokens in 0.003 seconds [3m(lmcache_driven_transfer.py:1218:lmcache.v1.multiprocess.modules.lmcache_driven_transfer)[0m
[32;20m[2026-09-20 14:12:46,148] LMCache INFO:[0m Stored 288 tokens in 0.003 seconds [3m(lmcache_driven_transfer.py:1218:lmcache.v1.multiprocess.modules.lmcache_driven_transfer)[0m
[32;20m[2026-09-20 14:12:46,240] LMCache INFO:[0m Stored 384 tokens in 0.003 seconds [3m(lmcache_driven_transfer.py:1218:lmcache.v1.multiprocess.modules.lmcache_driven_transfer)[0m
[32;20m[2026-09-20 14:12:46,374] LMCache INFO:[0m Stored 384 tokens in 0.003 seconds [3m(lmcache_driven_transfer.py:1218:lmcache.v1.multiprocess.modules.lmcache_driven_transfer)[0m
[32;20m[2026-09-20 14:12:46,463] LMCache INFO:[0m Stored 384 tokens in 0.003 seconds [3m(lmcache_driven_transfer.py:1218:lmcache.v1.multiprocess.modules.lmcache_driven_transfer)[0m
[32;20m[2026-09-20 14:12:46,563] LMCache INFO:[0m Stored 384 tokens in 0.003 seconds [3m(lmcache_driven_transfer.py:1218:lmcache.v1.multiprocess.modules.lmcache_driven_transfer)[0m
[32;20m[2026-09-20 14:12:46,660] LMCache INFO:[0m Stored 384 tokens in 0.003 seconds [3m(lmcache_driven_transfer.py:1218:lmcache.v1.multiprocess.modules.lmcache_driven_transfer)[0m
[32;20m[2026-09-20 14:12:46,764] LMCache INFO:[0m Stored 384 tokens in 0.003 seconds [3m(lmcache_driven_transfer.py:1218:lmcache.v1.multiprocess.modules.lmcache_driven_transfer)[0m
[32;20m[2026-09-20 14:12:46,773] LMCache INFO:[0m L1 memory usage 0.92 above watermark 0.80; triggering eviction. [3m(eviction_controller.py:179:lmcache.v1.distributed.storage_controllers.eviction_controller)[0m
[32;20m[2026-09-20 14:12:46,860] LMCache INFO:[0m Stored 384 tokens in 0.003 seconds [3m(lmcache_driven_transfer.py:1218:lmcache.v1.multiprocess.modules.lmcache_driven_transfer)[0m
[32;20m[2026-09-20 14:12:46,955] LMCache INFO:[0m Stored 384 tokens in 0.003 seconds [3m(lmcache_driven_transfer.py:1218:lmcache.v1.multiprocess.modules.lmcache_driven_transfer)[0m
[32;20m[2026-09-20 14:12:47,055] LMCache INFO:[0m Stored 384 tokens in 0.003 seconds [3m(lmcache_driven_transfer.py:1218:lmcache.v1.multiprocess.modules.lmcache_driven_transfer)[0m
[32;20m[2026-09-20 14:12:47,155] LMCache INFO:[0m Stored 384 tokens in 0.003 seconds [3m(lmcache_driven_transfer.py:1218:lmcache.v1.multiprocess.modules.lmcache_driven_transfer)[0m
[32;20m[2026-09-20 14:12:47,202] LMCache INFO:[0m Prefetch request completed (L1+L2): 24/24 retained keys (24 L1, 0 L2) in 1.3 ms (external_request_id=cmpl-aa15c182f65ba062-0-a170467d, prefetch_request_id=-1) [3m(storage_manager.py:716:lmcache.v1.distributed.storage_manager)[0m
[32;20m[2026-09-20 14:12:47,209] LMCache INFO:[0m Retrieved 384 tokens in 0.002 seconds [3m(lmcache_driven_transfer.py:1427:lmcache.v1.multiprocess.modules.lmcache_driven_transfer)[0m
[32;20m[2026-09-20 14:12:47,335] LMCache INFO:[0m Stored 384 tokens in 0.003 seconds [3m(lmcache_driven_transfer.py:1218:lmcache.v1.multiprocess.modules.lmcache_driven_transfer)[0m
[32;20m[2026-09-20 14:12:47,423] LMCache INFO:[0m Stored 384 tokens in 0.006 seconds [3m(lmcache_driven_transfer.py:1218:lmcache.v1.multiprocess.modules.lmcache_driven_transfer)[0m
[32;20m[2026-09-20 14:12:47,521] LMCache INFO:[0m Stored 384 tokens in 0.003 seconds [3m(lmcache_driven_transfer.py:1218:lmcache.v1.multiprocess.modules.lmcache_driven_transfer)[0m
[32;20m[2026-09-20 14:12:47,621] LMCache INFO:[0m Stored 384 tokens in 0.003 seconds [3m(lmcache_driven_transfer.py:1218:lmcache.v1.multiprocess.modules.lmcache_driven_transfer)[0m
[32;20m[2026-09-20 14:12:47,711] LMCache INFO:[0m Stored 336 tokens in 0.003 seconds [3m(lmcache_driven_transfer.py:1218:lmcache.v1.multiprocess.modules.lmcache_driven_transfer)[0m
[32;20m[2026-09-20 14:12:47,780] LMCache INFO:[0m L1 memory usage 0.92 above watermark 0.80; triggering eviction. [3m(eviction_controller.py:179:lmcache.v1.distributed.storage_controllers.eviction_controller)[0m
[32;20m[2026-09-20 14:12:47,811] LMCache INFO:[0m Stored 384 tokens in 0.003 seconds [3m(lmcache_driven_transfer.py:1218:lmcache.v1.multiprocess.modules.lmcache_driven_transfer)[0m
[32;20m[2026-09-20 14:12:47,911] LMCache INFO:[0m Stored 384 tokens in 0.003 seconds [3m(lmcache_driven_transfer.py:1218:lmcache.v1.multiprocess.modules.lmcache_driven_transfer)[0m
[32;20m[2026-09-20 14:12:48,008] LMCache INFO:[0m Stored 384 tokens in 0.003 seconds [3m(lmcache_driven_transfer.py:1218:lmcache.v1.multiprocess.modules.lmcache_driven_transfer)[0m
[32;20m[2026-09-20 14:12:48,108] LMCache INFO:[0m Stored 384 tokens in 0.003 seconds [3m(lmcache_driven_transfer.py:1218:lmcache.v1.multiprocess.modules.lmcache_driven_transfer)[0m
[32;20m[2026-09-20 14:12:48,152] LMCache INFO:[0m Prefetch request completed (L1+L2): 24/24 retained keys (24 L1, 0 L2) in 2.8 ms (external_request_id=cmpl-92ea831a6c0ff779-0-acf6e122, prefetch_request_id=-1) [3m(storage_manager.py:716:lmcache.v1.distributed.storage_manager)[0m
[32;20m[2026-09-20 14:12:48,157] LMCache INFO:[0m Retrieved 384 tokens in 0.002 seconds [3m(lmcache_driven_transfer.py:1427:lmcache.v1.multiprocess.modules.lmcache_driven_transfer)[0m
[32;20m[2026-09-20 14:12:48,284] LMCache INFO:[0m Stored 384 tokens in 0.003 seconds [3m(lmcache_driven_transfer.py:1218:lmcache.v1.multiprocess.modules.lmcache_driven_transfer)[0m
[32;20m[2026-09-20 14:12:48,366] LMCache INFO:[0m Stored 384 tokens in 0.003 seconds [3m(lmcache_driven_transfer.py:1218:lmcache.v1.multiprocess.modules.lmcache_driven_transfer)[0m
[32;20m[2026-09-20 14:12:48,461] LMCache INFO:[0m Stored 384 tokens in 0.003 seconds [3m(lmcache_driven_transfer.py:1218:lmcache.v1.multiprocess.modules.lmcache_driven_transfer)[0m
[32;20m[2026-09-20 14:12:48,558] LMCache INFO:[0m Stored 384 tokens in 0.003 seconds [3m(lmcache_driven_transfer.py:1218:lmcache.v1.multiprocess.modules.lmcache_driven_transfer)[0m
[32;20m[2026-09-20 14:12:48,658] LMCache INFO:[0m Stored 384 tokens in 0.003 seconds [3m(lmcache_driven_transfer.py:1218:lmcache.v1.multiprocess.modules.lmcache_driven_transfer)[0m
[32;20m[2026-09-20 14:12:48,755] LMCache INFO:[0m Stored 384 tokens in 0.003 seconds [3m(lmcache_driven_transfer.py:1218:lmcache.v1.multiprocess.modules.lmcache_driven_transfer)[0m
[32;20m[2026-09-20 14:12:48,790] LMCache INFO:[0m L1 memory usage 0.94 above watermark 0.80; triggering eviction. [3m(eviction_controller.py:179:lmcache.v1.distributed.storage_controllers.eviction_controller)[0m
[32;20m[2026-09-20 14:12:48,853] LMCache INFO:[0m Stored 384 tokens in 0.003 seconds [3m(lmcache_driven_transfer.py:1218:lmcache.v1.multiprocess.modules.lmcache_driven_transfer)[0m
[32;20m[2026-09-20 14:12:48,953] LMCache INFO:[0m Stored 384 tokens in 0.003 seconds [3m(lmcache_driven_transfer.py:1218:lmcache.v1.multiprocess.modules.lmcache_driven_transfer)[0m
[32;20m[2026-09-20 14:12:49,045] LMCache INFO:[0m Stored 384 tokens in 0.003 seconds [3m(lmcache_driven_transfer.py:1218:lmcache.v1.multiprocess.modules.lmcache_driven_transfer)[0m
[32;20m[2026-09-20 14:12:49,143] LMCache INFO:[0m Stored 384 tokens in 0.003 seconds [3m(lmcache_driven_transfer.py:1218:lmcache.v1.multiprocess.modules.lmcache_driven_transfer)[0m
[32;20m[2026-09-20 14:12:49,239] LMCache INFO:[0m Stored 384 tokens in 0.003 seconds [3m(lmcache_driven_transfer.py:1218:lmcache.v1.multiprocess.modules.lmcache_driven_transfer)[0m
[32;20m[2026-09-20 14:12:49,372] LMCache INFO:[0m Stored 384 tokens in 0.003 seconds [3m(lmcache_driven_transfer.py:1218:lmcache.v1.multiprocess.modules.lmcache_driven_transfer)[0m
[32;20m[2026-09-20 14:12:49,456] LMCache INFO:[0m Stored 384 tokens in 0.003 seconds [3m(lmcache_driven_transfer.py:1218:lmcache.v1.multiprocess.modules.lmcache_driven_transfer)[0m
[32;20m[2026-09-20 14:12:49,552] LMCache INFO:[0m Stored 384 tokens in 0.003 seconds [3m(lmcache_driven_transfer.py:1218:lmcache.v1.multiprocess.modules.lmcache_driven_transfer)[0m
[32;20m[2026-09-20 14:12:49,651] LMCache INFO:[0m Stored 384 tokens in 0.003 seconds [3m(lmcache_driven_transfer.py:1218:lmcache.v1.multiprocess.modules.lmcache_driven_transfer)[0m
[32;20m[2026-09-20 14:12:49,752] LMCache INFO:[0m Stored 384 tokens in 0.003 seconds [3m(lmcache_driven_transfer.py:1218:lmcache.v1.multiprocess.modules.lmcache_driven_transfer)[0m
[32;20m[2026-09-20 14:12:49,797] LMCache INFO:[0m L1 memory usage 0.96 above watermark 0.80; triggering eviction. [3m(eviction_controller.py:179:lmcache.v1.distributed.storage_controllers.eviction_controller)[0m
[32;20m[2026-09-20 14:12:49,857] LMCache INFO:[0m Stored 384 tokens in 0.003 seconds [3m(lmcache_driven_transfer.py:1218:lmcache.v1.multiprocess.modules.lmcache_driven_transfer)[0m
[32;20m[2026-09-20 14:12:49,950] LMCache INFO:[0m Stored 384 tokens in 0.003 seconds [3m(lmcache_driven_transfer.py:1218:lmcache.v1.multiprocess.modules.lmcache_driven_transfer)[0m
[32;20m[2026-09-20 14:12:50,045] LMCache INFO:[0m Stored 384 tokens in 0.003 seconds [3m(lmcache_driven_transfer.py:1218:lmcache.v1.multiprocess.modules.lmcache_driven_transfer)[0m
[32;20m[2026-09-20 14:12:50,145] LMCache INFO:[0m Stored 384 tokens in 0.003 seconds [3m(lmcache_driven_transfer.py:1218:lmcache.v1.multiprocess.modules.lmcache_driven_transfer)[0m
[32;20m[2026-09-20 14:12:50,242] LMCache INFO:[0m Stored 384 tokens in 0.003 seconds [3m(lmcache_driven_transfer.py:1218:lmcache.v1.multiprocess.modules.lmcache_driven_transfer)[0m
[32;20m[2026-09-20 14:12:50,296] LMCache INFO:[0m Prefetch request completed (L1+L2): 24/24 retained keys (24 L1, 0 L2) in 3.0 ms (external_request_id=cmpl-9d0ab8081ce2173e-0-86099c7b, prefetch_request_id=-1) [3m(storage_manager.py:716:lmcache.v1.distributed.storage_manager)[0m
[32;20m[2026-09-20 14:12:50,301] LMCache INFO:[0m Retrieved 384 tokens in 0.002 seconds [3m(lmcache_driven_transfer.py:1427:lmcache.v1.multiprocess.modules.lmcache_driven_transfer)[0m
[32;20m[2026-09-20 14:12:50,430] LMCache INFO:[0m Stored 384 tokens in 0.003 seconds [3m(lmcache_driven_transfer.py:1218:lmcache.v1.multiprocess.modules.lmcache_driven_transfer)[0m
[32;20m[2026-09-20 14:12:50,517] LMCache INFO:[0m Stored 368 tokens in 0.003 seconds [3m(lmcache_driven_transfer.py:1218:lmcache.v1.multiprocess.modules.lmcache_driven_transfer)[0m
[32;20m[2026-09-20 14:12:50,620] LMCache INFO:[0m Stored 384 tokens in 0.003 seconds [3m(lmcache_driven_transfer.py:1218:lmcache.v1.multiprocess.modules.lmcache_driven_transfer)[0m
[32;20m[2026-09-20 14:12:50,715] LMCache INFO:[0m Stored 384 tokens in 0.003 seconds [3m(lmcache_driven_transfer.py:1218:lmcache.v1.multiprocess.modules.lmcache_driven_transfer)[0m
[32;20m[2026-09-20 14:12:50,811] LMCache INFO:[0m L1 memory usage 0.96 above watermark 0.80; triggering eviction. [3m(eviction_controller.py:179:lmcache.v1.distributed.storage_controllers.eviction_controller)[0m
[32;20m[2026-09-20 14:12:50,822] LMCache INFO:[0m Stored 384 tokens in 0.011 seconds [3m(lmcache_driven_transfer.py:1218:lmcache.v1.multiprocess.modules.lmcache_driven_transfer)[0m
[32;20m[2026-09-20 14:12:50,908] LMCache INFO:[0m Stored 384 tokens in 0.003 seconds [3m(lmcache_driven_transfer.py:1218:lmcache.v1.multiprocess.modules.lmcache_driven_transfer)[0m
[32;20m[2026-09-20 14:12:51,011] LMCache INFO:[0m Stored 384 tokens in 0.003 seconds [3m(lmcache_driven_transfer.py:1218:lmcache.v1.multiprocess.modules.lmcache_driven_transfer)[0m
[32;20m[2026-09-20 14:12:51,108] LMCache INFO:[0m Stored 384 tokens in 0.004 seconds [3m(lmcache_driven_transfer.py:1218:lmcache.v1.multiprocess.modules.lmcache_driven_transfer)[0m
[32;20m[2026-09-20 14:12:51,198] LMCache INFO:[0m Stored 384 tokens in 0.003 seconds [3m(lmcache_driven_transfer.py:1218:lmcache.v1.multiprocess.modules.lmcache_driven_transfer)[0m
[32;20m[2026-09-20 14:12:51,250] LMCache INFO:[0m Prefetch request completed (L1+L2): 23/23 retained keys (23 L1, 0 L2) in 2.6 ms (external_request_id=cmpl-b9dbdadfe722a06f-0-b249895d, prefetch_request_id=-1) [3m(storage_manager.py:716:lmcache.v1.distributed.storage_manager)[0m
[32;20m[2026-09-20 14:12:51,255] LMCache INFO:[0m Retrieved 368 tokens in 0.002 seconds [3m(lmcache_driven_transfer.py:1427:lmcache.v1.multiprocess.modules.lmcache_driven_transfer)[0m
[32;20m[2026-09-20 14:12:51,382] LMCache INFO:[0m Stored 384 tokens in 0.004 seconds [3m(lmcache_driven_transfer.py:1218:lmcache.v1.multiprocess.modules.lmcache_driven_transfer)[0m
[32;20m[2026-09-20 14:12:51,461] LMCache INFO:[0m Stored 384 tokens in 0.007 seconds [3m(lmcache_driven_transfer.py:1218:lmcache.v1.multiprocess.modules.lmcache_driven_transfer)[0m
[32;20m[2026-09-20 14:12:51,514] LMCache INFO:[0m L0<->L1 stats [cuda:0] last 10.1s: store ops=90 tokens=34000 size=0.97GB avg_copy=6.62GB/s | retrieve ops=19 tokens=7008 size=0.20GB avg_copy=4.06GB/s [3m(extra_stats.py:159:lmcache.v1.mp_observability.subscribers.logging.extra_stats)[0m
[32;20m[2026-09-20 14:12:51,515] LMCache INFO:[0m L0<->L1 stats [cuda:0] cumulative: store ops=708 tokens=264416 size=7.58GB avg_copy=7.12GB/s | retrieve ops=194 tokens=73520 size=2.11GB avg_copy=3.95GB/s [3m(extra_stats.py:168:lmcache.v1.mp_observability.subscribers.logging.extra_stats)[0m
[32;20m[2026-09-20 14:12:51,565] LMCache INFO:[0m Stored 384 tokens in 0.003 seconds [3m(lmcache_driven_transfer.py:1218:lmcache.v1.multiprocess.modules.lmcache_driven_transfer)[0m
[32;20m[2026-09-20 14:12:51,662] LMCache INFO:[0m Stored 384 tokens in 0.003 seconds [3m(lmcache_driven_transfer.py:1218:lmcache.v1.multiprocess.modules.lmcache_driven_transfer)[0m
[32;20m[2026-09-20 14:12:51,760] LMCache INFO:[0m Stored 384 tokens in 0.003 seconds [3m(lmcache_driven_transfer.py:1218:lmcache.v1.multiprocess.modules.lmcache_driven_transfer)[0m
[32;20m[2026-09-20 14:12:51,819] LMCache INFO:[0m L1 memory usage: 0.49/0.50 GiB (97.3%) [3m(eviction_controller.py:153:lmcache.v1.distributed.storage_controllers.eviction_controller)[0m
[32;20m[2026-09-20 14:12:51,820] LMCache INFO:[0m L1 memory usage 0.97 above watermark 0.80; triggering eviction. [3m(eviction_controller.py:179:lmcache.v1.distributed.storage_controllers.eviction_controller)[0m
[32;20m[2026-09-20 14:12:51,858] LMCache INFO:[0m Stored 384 tokens in 0.003 seconds [3m(lmcache_driven_transfer.py:1218:lmcache.v1.multiprocess.modules.lmcache_driven_transfer)[0m
[32;20m[2026-09-20 14:12:51,958] LMCache INFO:[0m Stored 368 tokens in 0.003 seconds [3m(lmcache_driven_transfer.py:1218:lmcache.v1.multiprocess.modules.lmcache_driven_transfer)[0m
[32;20m[2026-09-20 14:12:52,054] LMCache INFO:[0m Stored 384 tokens in 0.003 seconds [3m(lmcache_driven_transfer.py:1218:lmcache.v1.multiprocess.modules.lmcache_driven_transfer)[0m
[32;20m[2026-09-20 14:12:52,152] LMCache INFO:[0m Stored 384 tokens in 0.003 seconds [3m(lmcache_driven_transfer.py:1218:lmcache.v1.multiprocess.modules.lmcache_driven_transfer)[0m
[32;20m[2026-09-20 14:12:52,249] LMCache INFO:[0m Stored 384 tokens in 0.003 seconds [3m(lmcache_driven_transfer.py:1218:lmcache.v1.multiprocess.modules.lmcache_driven_transfer)[0m
[32;20m[2026-09-20 14:12:52,295] LMCache INFO:[0m Prefetch request completed (L1+L2): 24/24 retained keys (24 L1, 0 L2) in 1.4 ms (external_request_id=cmpl-bc93d8d06c6fff61-0-a3cf0313, prefetch_request_id=-1) [3m(storage_manager.py:716:lmcache.v1.distributed.storage_manager)[0m
[32;20m[2026-09-20 14:12:52,302] LMCache INFO:[0m Retrieved 384 tokens in 0.002 seconds [3m(lmcache_driven_transfer.py:1427:lmcache.v1.multiprocess.modules.lmcache_driven_transfer)[0m
[32;20m[2026-09-20 14:12:52,434] LMCache INFO:[0m Stored 384 tokens in 0.003 seconds [3m(lmcache_driven_transfer.py:1218:lmcache.v1.multiprocess.modules.lmcache_driven_transfer)[0m
[32;20m[2026-09-20 14:12:52,515] LMCache INFO:[0m Stored 384 tokens in 0.003 seconds [3m(lmcache_driven_transfer.py:1218:lmcache.v1.multiprocess.modules.lmcache_driven_transfer)[0m
[32;20m[2026-09-20 14:12:52,619] LMCache INFO:[0m Stored 384 tokens in 0.003 seconds [3m(lmcache_driven_transfer.py:1218:lmcache.v1.multiprocess.modules.lmcache_driven_transfer)[0m
[32;20m[2026-09-20 14:12:52,716] LMCache INFO:[0m Stored 384 tokens in 0.003 seconds [3m(lmcache_driven_transfer.py:1218:lmcache.v1.multiprocess.modules.lmcache_driven_transfer)[0m
[32;20m[2026-09-20 14:12:52,815] LMCache INFO:[0m Stored 384 tokens in 0.003 seconds [3m(lmcache_driven_transfer.py:1218:lmcache.v1.multiprocess.modules.lmcache_driven_transfer)[0m
[32;20m[2026-09-20 14:12:52,827] LMCache INFO:[0m L1 memory usage 0.98 above watermark 0.80; triggering eviction. [3m(eviction_controller.py:179:lmcache.v1.distributed.storage_controllers.eviction_controller)[0m
[32;20m[2026-09-20 14:12:52,911] LMCache INFO:[0m Stored 384 tokens in 0.003 seconds [3m(lmcache_driven_transfer.py:1218:lmcache.v1.multiprocess.modules.lmcache_driven_transfer)[0m
[32;20m[2026-09-20 14:12:53,011] LMCache INFO:[0m Stored 384 tokens in 0.003 seconds [3m(lmcache_driven_transfer.py:1218:lmcache.v1.multiprocess.modules.lmcache_driven_transfer)[0m
[32;20m[2026-09-20 14:12:53,105] LMCache INFO:[0m Stored 384 tokens in 0.003 seconds [3m(lmcache_driven_transfer.py:1218:lmcache.v1.multiprocess.modules.lmcache_driven_transfer)[0m
[32;20m[2026-09-20 14:12:53,202] LMCache INFO:[0m Stored 384 tokens in 0.003 seconds [3m(lmcache_driven_transfer.py:1218:lmcache.v1.multiprocess.modules.lmcache_driven_transfer)[0m
[32;20m[2026-09-20 14:12:53,300] LMCache INFO:[0m Stored 384 tokens in 0.003 seconds [3m(lmcache_driven_transfer.py:1218:lmcache.v1.multiprocess.modules.lmcache_driven_transfer)[0m
[32;20m[2026-09-20 14:12:53,345] LMCache INFO:[0m Prefetch request completed (L1+L2): 24/24 retained keys (24 L1, 0 L2) in 1.4 ms (external_request_id=cmpl-b03e5e724c220f11-0-b4a46524, prefetch_request_id=-1) [3m(storage_manager.py:716:lmcache.v1.distributed.storage_manager)[0m
[32;20m[2026-09-20 14:12:53,350] LMCache INFO:[0m Retrieved 384 tokens in 0.002 seconds [3m(lmcache_driven_transfer.py:1427:lmcache.v1.multiprocess.modules.lmcache_driven_transfer)[0m
[32;20m[2026-09-20 14:12:53,436] LMCache INFO:[0m Prefetch request completed (L1+L2): 24/24 retained keys (24 L1, 0 L2) in 1.3 ms (external_request_id=cmpl-afd9201830bab818-0-89c92e2e, prefetch_request_id=-1) [3m(storage_manager.py:716:lmcache.v1.distributed.storage_manager)[0m
[32;20m[2026-09-20 14:12:53,442] LMCache INFO:[0m Prefetch request completed (L1+L2): 24/24 retained keys (24 L1, 0 L2) in 2.0 ms (external_request_id=cmpl-8a0e9852546e8b50-0-ab3a667b, prefetch_request_id=-1) [3m(storage_manager.py:716:lmcache.v1.distributed.storage_manager)[0m
[32;20m[2026-09-20 14:12:53,443] LMCache INFO:[0m Retrieved 384 tokens in 0.005 seconds [3m(lmcache_driven_transfer.py:1427:lmcache.v1.multiprocess.modules.lmcache_driven_transfer)[0m
[32;20m[2026-09-20 14:12:53,452] LMCache INFO:[0m Retrieved 384 tokens in 0.005 seconds [3m(lmcache_driven_transfer.py:1427:lmcache.v1.multiprocess.modules.lmcache_driven_transfer)[0m
[32;20m[2026-09-20 14:12:53,585] LMCache INFO:[0m Stored 384 tokens in 0.003 seconds [3m(lmcache_driven_transfer.py:1218:lmcache.v1.multiprocess.modules.lmcache_driven_transfer)[0m
[32;20m[2026-09-20 14:12:53,629] LMCache INFO:[0m Prefetch request completed (L1+L2): 24/24 retained keys (24 L1, 0 L2) in 1.2 ms (external_request_id=cmpl-82844e054877d2ea-0-befda4f9, prefetch_request_id=-1) [3m(storage_manager.py:716:lmcache.v1.distributed.storage_manager)[0m
[32;20m[2026-09-20 14:12:53,634] LMCache INFO:[0m Retrieved 384 tokens in 0.002 seconds [3m(lmcache_driven_transfer.py:1427:lmcache.v1.multiprocess.modules.lmcache_driven_transfer)[0m
[32;20m[2026-09-20 14:12:53,689] LMCache INFO:[0m Prefetch request completed (L1+L2): 23/23 retained keys (23 L1, 0 L2) in 1.1 ms (external_request_id=cmpl-a354635dc3f277a2-0-9a9133d5, prefetch_request_id=-1) [3m(storage_manager.py:716:lmcache.v1.distributed.storage_manager)[0m
[32;20m[2026-09-20 14:12:53,694] LMCache INFO:[0m Retrieved 368 tokens in 0.002 seconds [3m(lmcache_driven_transfer.py:1427:lmcache.v1.multiprocess.modules.lmcache_driven_transfer)[0m
[32;20m[2026-09-20 14:12:53,747] LMCache INFO:[0m Prefetch request completed (L1+L2): 24/24 retained keys (24 L1, 0 L2) in 1.5 ms (external_request_id=cmpl-8ba293d28dc14c55-0-895cef00, prefetch_request_id=-1) [3m(storage_manager.py:716:lmcache.v1.distributed.storage_manager)[0m
[32;20m[2026-09-20 14:12:53,752] LMCache INFO:[0m Retrieved 384 tokens in 0.002 seconds [3m(lmcache_driven_transfer.py:1427:lmcache.v1.multiprocess.modules.lmcache_driven_transfer)[0m
[32;20m[2026-09-20 14:12:53,809] LMCache INFO:[0m Prefetch request completed (L1+L2): 24/24 retained keys (24 L1, 0 L2) in 1.4 ms (external_request_id=cmpl-b567d24a39f7af44-0-9053e3fe, prefetch_request_id=-1) [3m(storage_manager.py:716:lmcache.v1.distributed.storage_manager)[0m
[32;20m[2026-09-20 14:12:53,814] LMCache INFO:[0m Retrieved 384 tokens in 0.002 seconds [3m(lmcache_driven_transfer.py:1427:lmcache.v1.multiprocess.modules.lmcache_driven_transfer)[0m
[32;20m[2026-09-20 14:12:53,835] LMCache INFO:[0m L1 memory usage 0.91 above watermark 0.80; triggering eviction. [3m(eviction_controller.py:179:lmcache.v1.distributed.storage_controllers.eviction_controller)[0m
[32;20m[2026-09-20 14:12:53,870] LMCache INFO:[0m Prefetch request completed (L1+L2): 24/24 retained keys (24 L1, 0 L2) in 1.1 ms (external_request_id=cmpl-846481f4d690aba7-0-b8b5909a, prefetch_request_id=-1) [3m(storage_manager.py:716:lmcache.v1.distributed.storage_manager)[0m
[32;20m[2026-09-20 14:12:53,875] LMCache INFO:[0m Retrieved 384 tokens in 0.002 seconds [3m(lmcache_driven_transfer.py:1427:lmcache.v1.multiprocess.modules.lmcache_driven_transfer)[0m
[32;20m[2026-09-20 14:12:53,975] LMCache INFO:[0m Stored 384 tokens in 0.003 seconds [3m(lmcache_driven_transfer.py:1218:lmcache.v1.multiprocess.modules.lmcache_driven_transfer)[0m
[32;20m[2026-09-20 14:12:54,061] LMCache INFO:[0m Stored 384 tokens in 0.003 seconds [3m(lmcache_driven_transfer.py:1218:lmcache.v1.multiprocess.modules.lmcache_driven_transfer)[0m
[32;20m[2026-09-20 14:12:54,159] LMCache INFO:[0m Stored 384 tokens in 0.003 seconds [3m(lmcache_driven_transfer.py:1218:lmcache.v1.multiprocess.modules.lmcache_driven_transfer)[0m
[32;20m[2026-09-20 14:12:54,250] LMCache INFO:[0m Prefetch request completed (L1+L2): 24/24 retained keys (24 L1, 0 L2) in 2.3 ms (external_request_id=cmpl-835a0417d2be1b67-0-8d921ab7, prefetch_request_id=-1) [3m(storage_manager.py:716:lmcache.v1.distributed.storage_manager)[0m
[32;20m[2026-09-20 14:12:54,255] LMCache INFO:[0m Retrieved 384 tokens in 0.003 seconds [3m(lmcache_driven_transfer.py:1427:lmcache.v1.multiprocess.modules.lmcache_driven_transfer)[0m
[32;20m[2026-09-20 14:12:54,414] LMCache INFO:[0m Stored 384 tokens in 0.003 seconds [3m(lmcache_driven_transfer.py:1218:lmcache.v1.multiprocess.modules.lmcache_driven_transfer)[0m
[32;20m[2026-09-20 14:12:54,496] LMCache INFO:[0m Stored 384 tokens in 0.004 seconds [3m(lmcache_driven_transfer.py:1218:lmcache.v1.multiprocess.modules.lmcache_driven_transfer)[0m
[32;20m[2026-09-20 14:12:54,596] LMCache INFO:[0m Stored 384 tokens in 0.003 seconds [3m(lmcache_driven_transfer.py:1218:lmcache.v1.multiprocess.modules.lmcache_driven_transfer)[0m
[32;20m[2026-09-20 14:12:54,692] LMCache INFO:[0m Stored 384 tokens in 0.003 seconds [3m(lmcache_driven_transfer.py:1218:lmcache.v1.multiprocess.modules.lmcache_driven_transfer)[0m
[32;20m[2026-09-20 14:12:54,786] LMCache INFO:[0m Stored 384 tokens in 0.003 seconds [3m(lmcache_driven_transfer.py:1218:lmcache.v1.multiprocess.modules.lmcache_driven_transfer)[0m
[32;20m[2026-09-20 14:12:54,844] LMCache INFO:[0m L1 memory usage 0.90 above watermark 0.80; triggering eviction. [3m(eviction_controller.py:179:lmcache.v1.distributed.storage_controllers.eviction_controller)[0m
[32;20m[2026-09-20 14:12:54,885] LMCache INFO:[0m Stored 384 tokens in 0.003 seconds [3m(lmcache_driven_transfer.py:1218:lmcache.v1.multiprocess.modules.lmcache_driven_transfer)[0m
[32;20m[2026-09-20 14:12:54,976] LMCache INFO:[0m Stored 384 tokens in 0.003 seconds [3m(lmcache_driven_transfer.py:1218:lmcache.v1.multiprocess.modules.lmcache_driven_transfer)[0m
[32;20m[2026-09-20 14:12:55,070] LMCache INFO:[0m Stored 384 tokens in 0.005 seconds [3m(lmcache_driven_transfer.py:1218:lmcache.v1.multiprocess.modules.lmcache_driven_transfer)[0m
[32;20m[2026-09-20 14:12:55,164] LMCache INFO:[0m Stored 384 tokens in 0.003 seconds [3m(lmcache_driven_transfer.py:1218:lmcache.v1.multiprocess.modules.lmcache_driven_transfer)[0m
[32;20m[2026-09-20 14:12:55,253] LMCache INFO:[0m Stored 368 tokens in 0.003 seconds [3m(lmcache_driven_transfer.py:1218:lmcache.v1.multiprocess.modules.lmcache_driven_transfer)[0m
[32;20m[2026-09-20 14:12:55,380] LMCache INFO:[0m Stored 384 tokens in 0.003 seconds [3m(lmcache_driven_transfer.py:1218:lmcache.v1.multiprocess.modules.lmcache_driven_transfer)[0m
[32;20m[2026-09-20 14:12:55,467] LMCache INFO:[0m Stored 384 tokens in 0.004 seconds [3m(lmcache_driven_transfer.py:1218:lmcache.v1.multiprocess.modules.lmcache_driven_transfer)[0m
[32;20m[2026-09-20 14:12:55,559] LMCache INFO:[0m Stored 384 tokens in 0.003 seconds [3m(lmcache_driven_transfer.py:1218:lmcache.v1.multiprocess.modules.lmcache_driven_transfer)[0m
[32;20m[2026-09-20 14:12:55,654] LMCache INFO:[0m Stored 384 tokens in 0.003 seconds [3m(lmcache_driven_transfer.py:1218:lmcache.v1.multiprocess.modules.lmcache_driven_transfer)[0m
[32;20m[2026-09-20 14:12:55,754] LMCache INFO:[0m Stored 384 tokens in 0.003 seconds [3m(lmcache_driven_transfer.py:1218:lmcache.v1.multiprocess.modules.lmcache_driven_transfer)[0m
[32;20m[2026-09-20 14:12:55,850] LMCache INFO:[0m Stored 384 tokens in 0.003 seconds [3m(lmcache_driven_transfer.py:1218:lmcache.v1.multiprocess.modules.lmcache_driven_transfer)[0m
[32;20m[2026-09-20 14:12:55,852] LMCache INFO:[0m L1 memory usage 0.94 above watermark 0.80; triggering eviction. [3m(eviction_controller.py:179:lmcache.v1.distributed.storage_controllers.eviction_controller)[0m
[32;20m[2026-09-20 14:12:55,948] LMCache INFO:[0m Stored 384 tokens in 0.003 seconds [3m(lmcache_driven_transfer.py:1218:lmcache.v1.multiprocess.modules.lmcache_driven_transfer)[0m
[32;20m[2026-09-20 14:12:56,041] LMCache INFO:[0m Stored 368 tokens in 0.003 seconds [3m(lmcache_driven_transfer.py:1218:lmcache.v1.multiprocess.modules.lmcache_driven_transfer)[0m
[32;20m[2026-09-20 14:12:56,142] LMCache INFO:[0m Stored 384 tokens in 0.003 seconds [3m(lmcache_driven_transfer.py:1218:lmcache.v1.multiprocess.modules.lmcache_driven_transfer)[0m
[32;20m[2026-09-20 14:12:56,241] LMCache INFO:[0m Stored 336 tokens in 0.008 seconds [3m(lmcache_driven_transfer.py:1218:lmcache.v1.multiprocess.modules.lmcache_driven_transfer)[0m
[32;20m[2026-09-20 14:12:56,277] LMCache INFO:[0m Prefetch request completed (L1+L2): 24/24 retained keys (24 L1, 0 L2) in 2.9 ms (external_request_id=cmpl-900146f50abd167b-0-ba12109f, prefetch_request_id=-1) [3m(storage_manager.py:716:lmcache.v1.distributed.storage_manager)[0m
[32;20m[2026-09-20 14:12:56,282] LMCache INFO:[0m Retrieved 384 tokens in 0.002 seconds [3m(lmcache_driven_transfer.py:1427:lmcache.v1.multiprocess.modules.lmcache_driven_transfer)[0m
[32;20m[2026-09-20 14:12:56,414] LMCache INFO:[0m Stored 384 tokens in 0.003 seconds [3m(lmcache_driven_transfer.py:1218:lmcache.v1.multiprocess.modules.lmcache_driven_transfer)[0m
[32;20m[2026-09-20 14:12:56,499] LMCache INFO:[0m Stored 384 tokens in 0.003 seconds [3m(lmcache_driven_transfer.py:1218:lmcache.v1.multiprocess.modules.lmcache_driven_transfer)[0m
[32;20m[2026-09-20 14:12:56,594] LMCache INFO:[0m Stored 384 tokens in 0.003 seconds [3m(lmcache_driven_transfer.py:1218:lmcache.v1.multiprocess.modules.lmcache_driven_transfer)[0m
[32;20m[2026-09-20 14:12:56,689] LMCache INFO:[0m Stored 384 tokens in 0.003 seconds [3m(lmcache_driven_transfer.py:1218:lmcache.v1.multiprocess.modules.lmcache_driven_transfer)[0m
[32;20m[2026-09-20 14:12:56,782] LMCache INFO:[0m Stored 384 tokens in 0.003 seconds [3m(lmcache_driven_transfer.py:1218:lmcache.v1.multiprocess.modules.lmcache_driven_transfer)[0m
[32;20m[2026-09-20 14:12:56,860] LMCache INFO:[0m L1 memory usage 0.94 above watermark 0.80; triggering eviction. [3m(eviction_controller.py:179:lmcache.v1.distributed.storage_controllers.eviction_controller)[0m
[32;20m[2026-09-20 14:12:56,878] LMCache INFO:[0m Stored 368 tokens in 0.003 seconds [3m(lmcache_driven_transfer.py:1218:lmcache.v1.multiprocess.modules.lmcache_driven_transfer)[0m
[32;20m[2026-09-20 14:12:56,970] LMCache INFO:[0m Stored 384 tokens in 0.003 seconds [3m(lmcache_driven_transfer.py:1218:lmcache.v1.multiprocess.modules.lmcache_driven_transfer)[0m
[32;20m[2026-09-20 14:12:57,063] LMCache INFO:[0m Stored 384 tokens in 0.003 seconds [3m(lmcache_driven_transfer.py:1218:lmcache.v1.multiprocess.modules.lmcache_driven_transfer)[0m
[32;20m[2026-09-20 14:12:57,159] LMCache INFO:[0m Stored 384 tokens in 0.004 seconds [3m(lmcache_driven_transfer.py:1218:lmcache.v1.multiprocess.modules.lmcache_driven_transfer)[0m
[32;20m[2026-09-20 14:12:57,246] LMCache INFO:[0m Stored 272 tokens in 0.002 seconds [3m(lmcache_driven_transfer.py:1218:lmcache.v1.multiprocess.modules.lmcache_driven_transfer)[0m
[32;20m[2026-09-20 14:12:57,362] LMCache INFO:[0m Stored 368 tokens in 0.003 seconds [3m(lmcache_driven_transfer.py:1218:lmcache.v1.multiprocess.modules.lmcache_driven_transfer)[0m
[32;20m[2026-09-20 14:12:57,443] LMCache INFO:[0m Stored 384 tokens in 0.003 seconds [3m(lmcache_driven_transfer.py:1218:lmcache.v1.multiprocess.modules.lmcache_driven_transfer)[0m
[32;20m[2026-09-20 14:12:57,534] LMCache INFO:[0m Stored 384 tokens in 0.003 seconds [3m(lmcache_driven_transfer.py:1218:lmcache.v1.multiprocess.modules.lmcache_driven_transfer)[0m
[32;20m[2026-09-20 14:12:57,637] LMCache INFO:[0m Stored 384 tokens in 0.003 seconds [3m(lmcache_driven_transfer.py:1218:lmcache.v1.multiprocess.modules.lmcache_driven_transfer)[0m
[32;20m[2026-09-20 14:12:57,729] LMCache INFO:[0m Stored 208 tokens in 0.002 seconds [3m(lmcache_driven_transfer.py:1218:lmcache.v1.multiprocess.modules.lmcache_driven_transfer)[0m
[32;20m[2026-09-20 14:12:57,790] LMCache INFO:[0m Stored 384 tokens in 0.003 seconds [3m(lmcache_driven_transfer.py:1218:lmcache.v1.multiprocess.modules.lmcache_driven_transfer)[0m
[32;20m[2026-09-20 14:12:57,870] LMCache INFO:[0m L1 memory usage 0.96 above watermark 0.80; triggering eviction. [3m(eviction_controller.py:179:lmcache.v1.distributed.storage_controllers.eviction_controller)[0m
[32;20m[2026-09-20 14:12:57,886] LMCache INFO:[0m Stored 384 tokens in 0.003 seconds [3m(lmcache_driven_transfer.py:1218:lmcache.v1.multiprocess.modules.lmcache_driven_transfer)[0m
[32;20m[2026-09-20 14:12:57,985] LMCache INFO:[0m Stored 384 tokens in 0.003 seconds [3m(lmcache_driven_transfer.py:1218:lmcache.v1.multiprocess.modules.lmcache_driven_transfer)[0m
[32;20m[2026-09-20 14:12:58,080] LMCache INFO:[0m Stored 384 tokens in 0.003 seconds [3m(lmcache_driven_transfer.py:1218:lmcache.v1.multiprocess.modules.lmcache_driven_transfer)[0m
[32;20m[2026-09-20 14:12:58,185] LMCache INFO:[0m Stored 384 tokens in 0.004 seconds [3m(lmcache_driven_transfer.py:1218:lmcache.v1.multiprocess.modules.lmcache_driven_transfer)[0m
[32;20m[2026-09-20 14:12:58,279] LMCache INFO:[0m Stored 384 tokens in 0.003 seconds [3m(lmcache_driven_transfer.py:1218:lmcache.v1.multiprocess.modules.lmcache_driven_transfer)[0m
[32;20m[2026-09-20 14:12:58,371] LMCache INFO:[0m Stored 384 tokens in 0.003 seconds [3m(lmcache_driven_transfer.py:1218:lmcache.v1.multiprocess.modules.lmcache_driven_transfer)[0m
[32;20m[2026-09-20 14:12:58,495] LMCache INFO:[0m Stored 384 tokens in 0.003 seconds [3m(lmcache_driven_transfer.py:1218:lmcache.v1.multiprocess.modules.lmcache_driven_transfer)[0m
[32;20m[2026-09-20 14:12:58,576] LMCache INFO:[0m Stored 384 tokens in 0.003 seconds [3m(lmcache_driven_transfer.py:1218:lmcache.v1.multiprocess.modules.lmcache_driven_transfer)[0m
[32;20m[2026-09-20 14:12:58,668] LMCache INFO:[0m Stored 384 tokens in 0.003 seconds [3m(lmcache_driven_transfer.py:1218:lmcache.v1.multiprocess.modules.lmcache_driven_transfer)[0m
[32;20m[2026-09-20 14:12:58,770] LMCache INFO:[0m Stored 384 tokens in 0.004 seconds [3m(lmcache_driven_transfer.py:1218:lmcache.v1.multiprocess.modules.lmcache_driven_transfer)[0m
[32;20m[2026-09-20 14:12:58,868] LMCache INFO:[0m Stored 384 tokens in 0.003 seconds [3m(lmcache_driven_transfer.py:1218:lmcache.v1.multiprocess.modules.lmcache_driven_transfer)[0m
[32;20m[2026-09-20 14:12:58,878] LMCache INFO:[0m L1 memory usage 0.99 above watermark 0.80; triggering eviction. [3m(eviction_controller.py:179:lmcache.v1.distributed.storage_controllers.eviction_controller)[0m
[32;20m[2026-09-20 14:12:58,966] LMCache INFO:[0m Stored 384 tokens in 0.004 seconds [3m(lmcache_driven_transfer.py:1218:lmcache.v1.multiprocess.modules.lmcache_driven_transfer)[0m
[32;20m[2026-09-20 14:12:59,059] LMCache INFO:[0m Stored 384 tokens in 0.003 seconds [3m(lmcache_driven_transfer.py:1218:lmcache.v1.multiprocess.modules.lmcache_driven_transfer)[0m
[32;20m[2026-09-20 14:12:59,151] LMCache INFO:[0m Stored 384 tokens in 0.003 seconds [3m(lmcache_driven_transfer.py:1218:lmcache.v1.multiprocess.modules.lmcache_driven_transfer)[0m
[32;20m[2026-09-20 14:12:59,244] LMCache INFO:[0m Stored 384 tokens in 0.003 seconds [3m(lmcache_driven_transfer.py:1218:lmcache.v1.multiprocess.modules.lmcache_driven_transfer)[0m
[32;20m[2026-09-20 14:12:59,338] LMCache INFO:[0m Stored 240 tokens in 0.002 seconds [3m(lmcache_driven_transfer.py:1218:lmcache.v1.multiprocess.modules.lmcache_driven_transfer)[0m
[32;20m[2026-09-20 14:12:59,406] LMCache INFO:[0m Stored 384 tokens in 0.003 seconds [3m(lmcache_driven_transfer.py:1218:lmcache.v1.multiprocess.modules.lmcache_driven_transfer)[0m
[32;20m[2026-09-20 14:12:59,449] LMCache INFO:[0m Prefetch request completed (L1+L2): 24/24 retained keys (24 L1, 0 L2) in 3.0 ms (external_request_id=cmpl-88ee4846a32387f0-0-8c38cdc3, prefetch_request_id=-1) [3m(storage_manager.py:716:lmcache.v1.distributed.storage_manager)[0m
[32;20m[2026-09-20 14:12:59,454] LMCache INFO:[0m Retrieved 384 tokens in 0.002 seconds [3m(lmcache_driven_transfer.py:1427:lmcache.v1.multiprocess.modules.lmcache_driven_transfer)[0m
[32;20m[2026-09-20 14:12:59,579] LMCache INFO:[0m Stored 384 tokens in 0.003 seconds [3m(lmcache_driven_transfer.py:1218:lmcache.v1.multiprocess.modules.lmcache_driven_transfer)[0m
[32;20m[2026-09-20 14:12:59,663] LMCache INFO:[0m Stored 384 tokens in 0.003 seconds [3m(lmcache_driven_transfer.py:1218:lmcache.v1.multiprocess.modules.lmcache_driven_transfer)[0m
[32;20m[2026-09-20 14:12:59,755] LMCache INFO:[0m Stored 384 tokens in 0.003 seconds [3m(lmcache_driven_transfer.py:1218:lmcache.v1.multiprocess.modules.lmcache_driven_transfer)[0m
[32;20m[2026-09-20 14:12:59,852] LMCache INFO:[0m Stored 352 tokens in 0.002 seconds [3m(lmcache_driven_transfer.py:1218:lmcache.v1.multiprocess.modules.lmcache_driven_transfer)[0m
[32;20m[2026-09-20 14:12:59,886] LMCache INFO:[0m L1 memory usage 1.00 above watermark 0.80; triggering eviction. [3m(eviction_controller.py:179:lmcache.v1.distributed.storage_controllers.eviction_controller)[0m
[32;20m[2026-09-20 14:12:59,949] LMCache INFO:[0m Stored 384 tokens in 0.003 seconds [3m(lmcache_driven_transfer.py:1218:lmcache.v1.multiprocess.modules.lmcache_driven_transfer)[0m
[32;20m[2026-09-20 14:13:00,048] LMCache INFO:[0m Stored 368 tokens in 0.003 seconds [3m(lmcache_driven_transfer.py:1218:lmcache.v1.multiprocess.modules.lmcache_driven_transfer)[0m
[32;20m[2026-09-20 14:13:00,096] LMCache INFO:[0m Prefetch request completed (L1+L2): 24/24 retained keys (24 L1, 0 L2) in 1.1 ms (external_request_id=cmpl-91f8514a7bf88795-0-b20910d1, prefetch_request_id=-1) [3m(storage_manager.py:716:lmcache.v1.distributed.storage_manager)[0m
[32;20m[2026-09-20 14:13:00,101] LMCache INFO:[0m Retrieved 384 tokens in 0.002 seconds [3m(lmcache_driven_transfer.py:1427:lmcache.v1.multiprocess.modules.lmcache_driven_transfer)[0m
[32;20m[2026-09-20 14:13:00,197] LMCache INFO:[0m Stored 384 tokens in 0.003 seconds [3m(lmcache_driven_transfer.py:1218:lmcache.v1.multiprocess.modules.lmcache_driven_transfer)[0m
[32;20m[2026-09-20 14:13:00,283] LMCache INFO:[0m Stored 384 tokens in 0.003 seconds [3m(lmcache_driven_transfer.py:1218:lmcache.v1.multiprocess.modules.lmcache_driven_transfer)[0m
[32;20m[2026-09-20 14:13:00,380] LMCache INFO:[0m Stored 384 tokens in 0.003 seconds [3m(lmcache_driven_transfer.py:1218:lmcache.v1.multiprocess.modules.lmcache_driven_transfer)[0m
[32;20m[2026-09-20 14:13:00,478] LMCache INFO:[0m Stored 384 tokens in 0.003 seconds [3m(lmcache_driven_transfer.py:1218:lmcache.v1.multiprocess.modules.lmcache_driven_transfer)[0m
[32;20m[2026-09-20 14:13:00,563] LMCache INFO:[0m Stored 384 tokens in 0.003 seconds [3m(lmcache_driven_transfer.py:1218:lmcache.v1.multiprocess.modules.lmcache_driven_transfer)[0m
[32;20m[2026-09-20 14:13:00,645] LMCache INFO:[0m Prefetch request completed (L1+L2): 24/24 retained keys (24 L1, 0 L2) in 1.2 ms (external_request_id=cmpl-8f214bdc6dd52865-0-be2c96cf, prefetch_request_id=-1) [3m(storage_manager.py:716:lmcache.v1.distributed.storage_manager)[0m
[32;20m[2026-09-20 14:13:00,651] LMCache INFO:[0m Prefetch request completed (L1+L2): 24/24 retained keys (24 L1, 0 L2) in 1.3 ms (external_request_id=cmpl-9e7838cf0ba9924a-0-bdb82658, prefetch_request_id=-1) [3m(storage_manager.py:716:lmcache.v1.distributed.storage_manager)[0m
[32;20m[2026-09-20 14:13:00,653] LMCache INFO:[0m Retrieved 384 tokens in 0.005 seconds [3m(lmcache_driven_transfer.py:1427:lmcache.v1.multiprocess.modules.lmcache_driven_transfer)[0m
[32;20m[2026-09-20 14:13:00,656] LMCache INFO:[0m Retrieved 384 tokens in 0.002 seconds [3m(lmcache_driven_transfer.py:1427:lmcache.v1.multiprocess.modules.lmcache_driven_transfer)[0m
[32;20m[2026-09-20 14:13:00,749] LMCache INFO:[0m Prefetch request completed (L1+L2): 24/24 retained keys (24 L1, 0 L2) in 1.3 ms (external_request_id=cmpl-ad9dc5eb25d744de-0-bda37522, prefetch_request_id=-1) [3m(storage_manager.py:716:lmcache.v1.distributed.storage_manager)[0m
[32;20m[2026-09-20 14:13:00,754] LMCache INFO:[0m Retrieved 384 tokens in 0.002 seconds [3m(lmcache_driven_transfer.py:1427:lmcache.v1.multiprocess.modules.lmcache_driven_transfer)[0m
[32;20m[2026-09-20 14:13:00,810] LMCache INFO:[0m Prefetch request completed (L1+L2): 23/23 retained keys (23 L1, 0 L2) in 1.3 ms (external_request_id=cmpl-94ae12f776e7f4e7-0-bdd1afc6, prefetch_request_id=-1) [3m(storage_manager.py:716:lmcache.v1.distributed.storage_manager)[0m
[32;20m[2026-09-20 14:13:00,815] LMCache INFO:[0m Retrieved 368 tokens in 0.002 seconds [3m(lmcache_driven_transfer.py:1427:lmcache.v1.multiprocess.modules.lmcache_driven_transfer)[0m
[32;20m[2026-09-20 14:13:00,871] LMCache INFO:[0m Prefetch request completed (L1+L2): 24/24 retained keys (24 L1, 0 L2) in 1.5 ms (external_request_id=cmpl-b494ac1f73e22335-0-a670a6bd, prefetch_request_id=-1) [3m(storage_manager.py:716:lmcache.v1.distributed.storage_manager)[0m
[32;20m[2026-09-20 14:13:00,876] LMCache INFO:[0m Retrieved 384 tokens in 0.002 seconds [3m(lmcache_driven_transfer.py:1427:lmcache.v1.multiprocess.modules.lmcache_driven_transfer)[0m
[32;20m[2026-09-20 14:13:00,893] LMCache INFO:[0m L1 memory usage 0.94 above watermark 0.80; triggering eviction. [3m(eviction_controller.py:179:lmcache.v1.distributed.storage_controllers.eviction_controller)[0m
[32;20m[2026-09-20 14:13:00,974] LMCache INFO:[0m Stored 384 tokens in 0.003 seconds [3m(lmcache_driven_transfer.py:1218:lmcache.v1.multiprocess.modules.lmcache_driven_transfer)[0m
[32;20m[2026-09-20 14:13:01,059] LMCache INFO:[0m Stored 384 tokens in 0.003 seconds [3m(lmcache_driven_transfer.py:1218:lmcache.v1.multiprocess.modules.lmcache_driven_transfer)[0m
[32;20m[2026-09-20 14:13:01,153] LMCache INFO:[0m Stored 384 tokens in 0.003 seconds [3m(lmcache_driven_transfer.py:1218:lmcache.v1.multiprocess.modules.lmcache_driven_transfer)[0m
[32;20m[2026-09-20 14:13:01,252] LMCache INFO:[0m Stored 384 tokens in 0.003 seconds [3m(lmcache_driven_transfer.py:1218:lmcache.v1.multiprocess.modules.lmcache_driven_transfer)[0m
[32;20m[2026-09-20 14:13:01,343] LMCache INFO:[0m Stored 384 tokens in 0.003 seconds [3m(lmcache_driven_transfer.py:1218:lmcache.v1.multiprocess.modules.lmcache_driven_transfer)[0m
[32;20m[2026-09-20 14:13:01,442] LMCache INFO:[0m Stored 384 tokens in 0.003 seconds [3m(lmcache_driven_transfer.py:1218:lmcache.v1.multiprocess.modules.lmcache_driven_transfer)[0m
[32;20m[2026-09-20 14:13:01,491] LMCache INFO:[0m Prefetch request completed (L1+L2): 24/24 retained keys (24 L1, 0 L2) in 1.3 ms (external_request_id=cmpl-a35923e3a4bee149-0-906c03b1, prefetch_request_id=-1) [3m(storage_manager.py:716:lmcache.v1.distributed.storage_manager)[0m
[32;20m[2026-09-20 14:13:01,495] LMCache INFO:[0m Retrieved 384 tokens in 0.002 seconds [3m(lmcache_driven_transfer.py:1427:lmcache.v1.multiprocess.modules.lmcache_driven_transfer)[0m
[32;20m[2026-09-20 14:13:01,623] LMCache INFO:[0m Stored 384 tokens in 0.003 seconds [3m(lmcache_driven_transfer.py:1218:lmcache.v1.multiprocess.modules.lmcache_driven_transfer)[0m
[32;20m[2026-09-20 14:13:01,657] LMCache INFO:[0m L0<->L1 stats [cuda:0] last 10.1s: store ops=93 tokens=35104 size=1.01GB avg_copy=7.09GB/s | retrieve ops=19 tokens=7264 size=0.21GB avg_copy=3.68GB/s [3m(extra_stats.py:159:lmcache.v1.mp_observability.subscribers.logging.extra_stats)[0m
[32;20m[2026-09-20 14:13:01,658] LMCache INFO:[0m L0<->L1 stats [cuda:0] cumulative: store ops=801 tokens=299520 size=8.59GB avg_copy=7.12GB/s | retrieve ops=213 tokens=80784 size=2.32GB avg_copy=3.93GB/s [3m(extra_stats.py:168:lmcache.v1.mp_observability.subscribers.logging.extra_stats)[0m
[32;20m[2026-09-20 14:13:01,704] LMCache INFO:[0m Stored 384 tokens in 0.003 seconds [3m(lmcache_driven_transfer.py:1218:lmcache.v1.multiprocess.modules.lmcache_driven_transfer)[0m
[32;20m[2026-09-20 14:13:01,805] LMCache INFO:[0m Stored 384 tokens in 0.003 seconds [3m(lmcache_driven_transfer.py:1218:lmcache.v1.multiprocess.modules.lmcache_driven_transfer)[0m
[32;20m[2026-09-20 14:13:01,901] LMCache INFO:[0m Stored 384 tokens in 0.003 seconds [3m(lmcache_driven_transfer.py:1218:lmcache.v1.multiprocess.modules.lmcache_driven_transfer)[0m
[32;20m[2026-09-20 14:13:01,901] LMCache INFO:[0m L1 memory usage: 0.48/0.50 GiB (96.0%) [3m(eviction_controller.py:153:lmcache.v1.distributed.storage_controllers.eviction_controller)[0m
[32;20m[2026-09-20 14:13:01,902] LMCache INFO:[0m L1 memory usage 0.96 above watermark 0.80; triggering eviction. [3m(eviction_controller.py:179:lmcache.v1.distributed.storage_controllers.eviction_controller)[0m
[32;20m[2026-09-20 14:13:01,994] LMCache INFO:[0m Stored 336 tokens in 0.003 seconds [3m(lmcache_driven_transfer.py:1218:lmcache.v1.multiprocess.modules.lmcache_driven_transfer)[0m
[32;20m[2026-09-20 14:13:02,080] LMCache INFO:[0m Stored 384 tokens in 0.003 seconds [3m(lmcache_driven_transfer.py:1218:lmcache.v1.multiprocess.modules.lmcache_driven_transfer)[0m
[32;20m[2026-09-20 14:13:02,172] LMCache INFO:[0m Stored 384 tokens in 0.003 seconds [3m(lmcache_driven_transfer.py:1218:lmcache.v1.multiprocess.modules.lmcache_driven_transfer)[0m
[32;20m[2026-09-20 14:13:02,268] LMCache INFO:[0m Stored 224 tokens in 0.003 seconds [3m(lmcache_driven_transfer.py:1218:lmcache.v1.multiprocess.modules.lmcache_driven_transfer)[0m
[32;20m[2026-09-20 14:13:02,331] LMCache INFO:[0m Stored 288 tokens in 0.003 seconds [3m(lmcache_driven_transfer.py:1218:lmcache.v1.multiprocess.modules.lmcache_driven_transfer)[0m
[32;20m[2026-09-20 14:13:02,417] LMCache INFO:[0m Stored 384 tokens in 0.003 seconds [3m(lmcache_driven_transfer.py:1218:lmcache.v1.multiprocess.modules.lmcache_driven_transfer)[0m
[32;20m[2026-09-20 14:13:02,463] LMCache INFO:[0m Prefetch request completed (L1+L2): 24/24 retained keys (24 L1, 0 L2) in 1.2 ms (external_request_id=cmpl-b99150505a99c0e9-0-9e9e280f, prefetch_request_id=-1) [3m(storage_manager.py:716:lmcache.v1.distributed.storage_manager)[0m
[32;20m[2026-09-20 14:13:02,470] LMCache INFO:[0m Retrieved 384 tokens in 0.002 seconds [3m(lmcache_driven_transfer.py:1427:lmcache.v1.multiprocess.modules.lmcache_driven_transfer)[0m
[32;20m[2026-09-20 14:13:02,594] LMCache INFO:[0m Stored 368 tokens in 0.003 seconds [3m(lmcache_driven_transfer.py:1218:lmcache.v1.multiprocess.modules.lmcache_driven_transfer)[0m
[32;20m[2026-09-20 14:13:02,677] LMCache INFO:[0m Stored 384 tokens in 0.003 seconds [3m(lmcache_driven_transfer.py:1218:lmcache.v1.multiprocess.modules.lmcache_driven_transfer)[0m
[32;20m[2026-09-20 14:13:02,773] LMCache INFO:[0m Stored 368 tokens in 0.003 seconds [3m(lmcache_driven_transfer.py:1218:lmcache.v1.multiprocess.modules.lmcache_driven_transfer)[0m
[32;20m[2026-09-20 14:13:02,866] LMCache INFO:[0m Stored 384 tokens in 0.003 seconds [3m(lmcache_driven_transfer.py:1218:lmcache.v1.multiprocess.modules.lmcache_driven_transfer)[0m
[32;20m[2026-09-20 14:13:02,911] LMCache INFO:[0m L1 memory usage 0.96 above watermark 0.80; triggering eviction. [3m(eviction_controller.py:179:lmcache.v1.distributed.storage_controllers.eviction_controller)[0m
[32;20m[2026-09-20 14:13:02,964] LMCache INFO:[0m Stored 384 tokens in 0.003 seconds [3m(lmcache_driven_transfer.py:1218:lmcache.v1.multiprocess.modules.lmcache_driven_transfer)[0m
[32;20m[2026-09-20 14:13:03,055] LMCache INFO:[0m Stored 368 tokens in 0.003 seconds [3m(lmcache_driven_transfer.py:1218:lmcache.v1.multiprocess.modules.lmcache_driven_transfer)[0m
[32;20m[2026-09-20 14:13:03,153] LMCache INFO:[0m Stored 384 tokens in 0.003 seconds [3m(lmcache_driven_transfer.py:1218:lmcache.v1.multiprocess.modules.lmcache_driven_transfer)[0m
[32;20m[2026-09-20 14:13:03,246] LMCache INFO:[0m Stored 384 tokens in 0.003 seconds [3m(lmcache_driven_transfer.py:1218:lmcache.v1.multiprocess.modules.lmcache_driven_transfer)[0m
[32;20m[2026-09-20 14:13:03,344] LMCache INFO:[0m Stored 384 tokens in 0.003 seconds [3m(lmcache_driven_transfer.py:1218:lmcache.v1.multiprocess.modules.lmcache_driven_transfer)[0m
[32;20m[2026-09-20 14:13:03,439] LMCache INFO:[0m Stored 304 tokens in 0.003 seconds [3m(lmcache_driven_transfer.py:1218:lmcache.v1.multiprocess.modules.lmcache_driven_transfer)[0m
[32;20m[2026-09-20 14:13:03,484] LMCache INFO:[0m Prefetch request completed (L1+L2): 23/23 retained keys (23 L1, 0 L2) in 1.3 ms (external_request_id=cmpl-9d887635e98324cf-0-b32ee261, prefetch_request_id=-1) [3m(storage_manager.py:716:lmcache.v1.distributed.storage_manager)[0m
[32;20m[2026-09-20 14:13:03,489] LMCache INFO:[0m Retrieved 368 tokens in 0.002 seconds [3m(lmcache_driven_transfer.py:1427:lmcache.v1.multiprocess.modules.lmcache_driven_transfer)[0m
[32;20m[2026-09-20 14:13:03,622] LMCache INFO:[0m Stored 384 tokens in 0.003 seconds [3m(lmcache_driven_transfer.py:1218:lmcache.v1.multiprocess.modules.lmcache_driven_transfer)[0m
[32;20m[2026-09-20 14:13:03,707] LMCache INFO:[0m Stored 384 tokens in 0.003 seconds [3m(lmcache_driven_transfer.py:1218:lmcache.v1.multiprocess.modules.lmcache_driven_transfer)[0m
[32;20m[2026-09-20 14:13:03,798] LMCache INFO:[0m Stored 384 tokens in 0.004 seconds [3m(lmcache_driven_transfer.py:1218:lmcache.v1.multiprocess.modules.lmcache_driven_transfer)[0m
[32;20m[2026-09-20 14:13:03,849] LMCache INFO:[0m Prefetch request completed (L1+L2): 24/24 retained keys (24 L1, 0 L2) in 1.2 ms (external_request_id=cmpl-a285ca844631e2bf-0-952d037c, prefetch_request_id=-1) [3m(storage_manager.py:716:lmcache.v1.distributed.storage_manager)[0m
[32;20m[2026-09-20 14:13:03,854] LMCache INFO:[0m Retrieved 384 tokens in 0.002 seconds [3m(lmcache_driven_transfer.py:1427:lmcache.v1.multiprocess.modules.lmcache_driven_transfer)[0m
[32;20m[2026-09-20 14:13:03,910] LMCache INFO:[0m Prefetch request completed (L1+L2): 24/24 retained keys (24 L1, 0 L2) in 1.2 ms (external_request_id=cmpl-8aba10e38603e967-0-a9667b75, prefetch_request_id=-1) [3m(storage_manager.py:716:lmcache.v1.distributed.storage_manager)[0m
[32;20m[2026-09-20 14:13:03,915] LMCache INFO:[0m Retrieved 384 tokens in 0.002 seconds [3m(lmcache_driven_transfer.py:1427:lmcache.v1.multiprocess.modules.lmcache_driven_transfer)[0m
[32;20m[2026-09-20 14:13:03,920] LMCache INFO:[0m L1 memory usage 0.95 above watermark 0.80; triggering eviction. [3m(eviction_controller.py:179:lmcache.v1.distributed.storage_controllers.eviction_controller)[0m
[32;20m[2026-09-20 14:13:04,020] LMCache INFO:[0m Stored 384 tokens in 0.003 seconds [3m(lmcache_driven_transfer.py:1218:lmcache.v1.multiprocess.modules.lmcache_driven_transfer)[0m
[32;20m[2026-09-20 14:13:04,108] LMCache INFO:[0m Stored 384 tokens in 0.003 seconds [3m(lmcache_driven_transfer.py:1218:lmcache.v1.multiprocess.modules.lmcache_driven_transfer)[0m
[32;20m[2026-09-20 14:13:04,199] LMCache INFO:[0m Stored 384 tokens in 0.003 seconds [3m(lmcache_driven_transfer.py:1218:lmcache.v1.multiprocess.modules.lmcache_driven_transfer)[0m
[32;20m[2026-09-20 14:13:04,307] LMCache INFO:[0m Stored 368 tokens in 0.004 seconds [3m(lmcache_driven_transfer.py:1218:lmcache.v1.multiprocess.modules.lmcache_driven_transfer)[0m
[32;20m[2026-09-20 14:13:04,398] LMCache INFO:[0m Stored 384 tokens in 0.003 seconds [3m(lmcache_driven_transfer.py:1218:lmcache.v1.multiprocess.modules.lmcache_driven_transfer)[0m
[32;20m[2026-09-20 14:13:04,444] LMCache INFO:[0m Prefetch request completed (L1+L2): 24/24 retained keys (24 L1, 0 L2) in 1.1 ms (external_request_id=cmpl-beca2a6a0c71bd62-0-b16da2f4, prefetch_request_id=-1) [3m(storage_manager.py:716:lmcache.v1.distributed.storage_manager)[0m
[32;20m[2026-09-20 14:13:04,449] LMCache INFO:[0m Retrieved 384 tokens in 0.002 seconds [3m(lmcache_driven_transfer.py:1427:lmcache.v1.multiprocess.modules.lmcache_driven_transfer)[0m
[32;20m[2026-09-20 14:13:04,550] LMCache INFO:[0m Stored 384 tokens in 0.003 seconds [3m(lmcache_driven_transfer.py:1218:lmcache.v1.multiprocess.modules.lmcache_driven_transfer)[0m
[32;20m[2026-09-20 14:13:04,672] LMCache INFO:[0m Stored 384 tokens in 0.004 seconds [3m(lmcache_driven_transfer.py:1218:lmcache.v1.multiprocess.modules.lmcache_driven_transfer)[0m
[32;20m[2026-09-20 14:13:04,752] LMCache INFO:[0m Stored 384 tokens in 0.003 seconds [3m(lmcache_driven_transfer.py:1218:lmcache.v1.multiprocess.modules.lmcache_driven_transfer)[0m
[32;20m[2026-09-20 14:13:04,850] LMCache INFO:[0m Stored 384 tokens in 0.003 seconds [3m(lmcache_driven_transfer.py:1218:lmcache.v1.multiprocess.modules.lmcache_driven_transfer)[0m
[32;20m[2026-09-20 14:13:04,929] LMCache INFO:[0m L1 memory usage 0.94 above watermark 0.80; triggering eviction. [3m(eviction_controller.py:179:lmcache.v1.distributed.storage_controllers.eviction_controller)[0m
[32;20m[2026-09-20 14:13:04,948] LMCache INFO:[0m Stored 384 tokens in 0.003 seconds [3m(lmcache_driven_transfer.py:1218:lmcache.v1.multiprocess.modules.lmcache_driven_transfer)[0m
[32;20m[2026-09-20 14:13:05,035] LMCache INFO:[0m Stored 384 tokens in 0.003 seconds [3m(lmcache_driven_transfer.py:1218:lmcache.v1.multiprocess.modules.lmcache_driven_transfer)[0m
[32;20m[2026-09-20 14:13:05,134] LMCache INFO:[0m Stored 384 tokens in 0.003 seconds [3m(lmcache_driven_transfer.py:1218:lmcache.v1.multiprocess.modules.lmcache_driven_transfer)[0m
[32;20m[2026-09-20 14:13:05,232] LMCache INFO:[0m Stored 384 tokens in 0.008 seconds [3m(lmcache_driven_transfer.py:1218:lmcache.v1.multiprocess.modules.lmcache_driven_transfer)[0m
[32;20m[2026-09-20 14:13:05,321] LMCache INFO:[0m Stored 384 tokens in 0.003 seconds [3m(lmcache_driven_transfer.py:1218:lmcache.v1.multiprocess.modules.lmcache_driven_transfer)[0m
[32;20m[2026-09-20 14:13:05,414] LMCache INFO:[0m Stored 384 tokens in 0.003 seconds [3m(lmcache_driven_transfer.py:1218:lmcache.v1.multiprocess.modules.lmcache_driven_transfer)[0m
[32;20m[2026-09-20 14:13:05,509] LMCache INFO:[0m Stored 384 tokens in 0.004 seconds [3m(lmcache_driven_transfer.py:1218:lmcache.v1.multiprocess.modules.lmcache_driven_transfer)[0m
[32;20m[2026-09-20 14:13:05,628] LMCache INFO:[0m Stored 384 tokens in 0.003 seconds [3m(lmcache_driven_transfer.py:1218:lmcache.v1.multiprocess.modules.lmcache_driven_transfer)[0m
[32;20m[2026-09-20 14:13:05,713] LMCache INFO:[0m Stored 384 tokens in 0.004 seconds [3m(lmcache_driven_transfer.py:1218:lmcache.v1.multiprocess.modules.lmcache_driven_transfer)[0m
[32;20m[2026-09-20 14:13:05,804] LMCache INFO:[0m Stored 384 tokens in 0.003 seconds [3m(lmcache_driven_transfer.py:1218:lmcache.v1.multiprocess.modules.lmcache_driven_transfer)[0m
[32;20m[2026-09-20 14:13:05,900] LMCache INFO:[0m Stored 368 tokens in 0.003 seconds [3m(lmcache_driven_transfer.py:1218:lmcache.v1.multiprocess.modules.lmcache_driven_transfer)[0m
[32;20m[2026-09-20 14:13:05,937] LMCache INFO:[0m L1 memory usage 0.98 above watermark 0.80; triggering eviction. [3m(eviction_controller.py:179:lmcache.v1.distributed.storage_controllers.eviction_controller)[0m
[32;20m[2026-09-20 14:13:05,997] LMCache INFO:[0m Stored 384 tokens in 0.003 seconds [3m(lmcache_driven_transfer.py:1218:lmcache.v1.multiprocess.modules.lmcache_driven_transfer)[0m
[32;20m[2026-09-20 14:13:06,089] LMCache INFO:[0m Stored 384 tokens in 0.003 seconds [3m(lmcache_driven_transfer.py:1218:lmcache.v1.multiprocess.modules.lmcache_driven_transfer)[0m
[32;20m[2026-09-20 14:13:06,180] LMCache INFO:[0m Stored 384 tokens in 0.003 seconds [3m(lmcache_driven_transfer.py:1218:lmcache.v1.multiprocess.modules.lmcache_driven_transfer)[0m
[32;20m[2026-09-20 14:13:06,276] LMCache INFO:[0m Stored 384 tokens in 0.003 seconds [3m(lmcache_driven_transfer.py:1218:lmcache.v1.multiprocess.modules.lmcache_driven_transfer)[0m
[32;20m[2026-09-20 14:13:06,371] LMCache INFO:[0m Stored 384 tokens in 0.003 seconds [3m(lmcache_driven_transfer.py:1218:lmcache.v1.multiprocess.modules.lmcache_driven_transfer)[0m
[32;20m[2026-09-20 14:13:06,465] LMCache INFO:[0m Stored 384 tokens in 0.003 seconds [3m(lmcache_driven_transfer.py:1218:lmcache.v1.multiprocess.modules.lmcache_driven_transfer)[0m
[32;20m[2026-09-20 14:13:06,560] LMCache INFO:[0m Stored 384 tokens in 0.003 seconds [3m(lmcache_driven_transfer.py:1218:lmcache.v1.multiprocess.modules.lmcache_driven_transfer)[0m
[32;20m[2026-09-20 14:13:06,683] LMCache INFO:[0m Stored 384 tokens in 0.003 seconds [3m(lmcache_driven_transfer.py:1218:lmcache.v1.multiprocess.modules.lmcache_driven_transfer)[0m
[32;20m[2026-09-20 14:13:06,767] LMCache INFO:[0m Stored 384 tokens in 0.003 seconds [3m(lmcache_driven_transfer.py:1218:lmcache.v1.multiprocess.modules.lmcache_driven_transfer)[0m
[32;20m[2026-09-20 14:13:06,864] LMCache INFO:[0m Stored 384 tokens in 0.003 seconds [3m(lmcache_driven_transfer.py:1218:lmcache.v1.multiprocess.modules.lmcache_driven_transfer)[0m
[32;20m[2026-09-20 14:13:06,945] LMCache INFO:[0m L1 memory usage 0.99 above watermark 0.80; triggering eviction. [3m(eviction_controller.py:179:lmcache.v1.distributed.storage_controllers.eviction_controller)[0m
[32;20m[2026-09-20 14:13:06,961] LMCache INFO:[0m Stored 384 tokens in 0.004 seconds [3m(lmcache_driven_transfer.py:1218:lmcache.v1.multiprocess.modules.lmcache_driven_transfer)[0m
[32;20m[2026-09-20 14:13:07,052] LMCache INFO:[0m Stored 384 tokens in 0.003 seconds [3m(lmcache_driven_transfer.py:1218:lmcache.v1.multiprocess.modules.lmcache_driven_transfer)[0m
[32;20m[2026-09-20 14:13:07,144] LMCache INFO:[0m Stored 384 tokens in 0.003 seconds [3m(lmcache_driven_transfer.py:1218:lmcache.v1.multiprocess.modules.lmcache_driven_transfer)[0m
[32;20m[2026-09-20 14:13:07,237] LMCache INFO:[0m Stored 384 tokens in 0.004 seconds [3m(lmcache_driven_transfer.py:1218:lmcache.v1.multiprocess.modules.lmcache_driven_transfer)[0m
[32;20m[2026-09-20 14:13:07,328] LMCache INFO:[0m Stored 384 tokens in 0.003 seconds [3m(lmcache_driven_transfer.py:1218:lmcache.v1.multiprocess.modules.lmcache_driven_transfer)[0m
[32;20m[2026-09-20 14:13:07,420] LMCache INFO:[0m Stored 384 tokens in 0.003 seconds [3m(lmcache_driven_transfer.py:1218:lmcache.v1.multiprocess.modules.lmcache_driven_transfer)[0m
[32;20m[2026-09-20 14:13:07,519] LMCache INFO:[0m Stored 240 tokens in 0.002 seconds [3m(lmcache_driven_transfer.py:1218:lmcache.v1.multiprocess.modules.lmcache_driven_transfer)[0m
[32;20m[2026-09-20 14:13:07,586] LMCache INFO:[0m Stored 384 tokens in 0.003 seconds [3m(lmcache_driven_transfer.py:1218:lmcache.v1.multiprocess.modules.lmcache_driven_transfer)[0m
[32;20m[2026-09-20 14:13:07,630] LMCache INFO:[0m Prefetch request completed (L1+L2): 24/24 retained keys (24 L1, 0 L2) in 3.1 ms (external_request_id=cmpl-aae5d57c4910fb08-0-b4d0da82, prefetch_request_id=-1) [3m(storage_manager.py:716:lmcache.v1.distributed.storage_manager)[0m
[32;20m[2026-09-20 14:13:07,635] LMCache INFO:[0m Retrieved 384 tokens in 0.002 seconds [3m(lmcache_driven_transfer.py:1427:lmcache.v1.multiprocess.modules.lmcache_driven_transfer)[0m
[32;20m[2026-09-20 14:13:07,768] LMCache INFO:[0m Stored 384 tokens in 0.003 seconds [3m(lmcache_driven_transfer.py:1218:lmcache.v1.multiprocess.modules.lmcache_driven_transfer)[0m
[32;20m[2026-09-20 14:13:07,848] LMCache INFO:[0m Stored 384 tokens in 0.003 seconds [3m(lmcache_driven_transfer.py:1218:lmcache.v1.multiprocess.modules.lmcache_driven_transfer)[0m
[32;20m[2026-09-20 14:13:07,899] LMCache INFO:[0m Prefetch request completed (L1+L2): 24/24 retained keys (24 L1, 0 L2) in 1.1 ms (external_request_id=cmpl-995630af3e11da7e-0-b6d7a6d4, prefetch_request_id=-1) [3m(storage_manager.py:716:lmcache.v1.distributed.storage_manager)[0m
[32;20m[2026-09-20 14:13:07,904] LMCache INFO:[0m Retrieved 384 tokens in 0.002 seconds [3m(lmcache_driven_transfer.py:1427:lmcache.v1.multiprocess.modules.lmcache_driven_transfer)[0m
[32;20m[2026-09-20 14:13:07,958] LMCache INFO:[0m L1 memory usage 0.99 above watermark 0.80; triggering eviction. [3m(eviction_controller.py:179:lmcache.v1.distributed.storage_controllers.eviction_controller)[0m
[32;20m[2026-09-20 14:13:08,011] LMCache INFO:[0m Stored 384 tokens in 0.003 seconds [3m(lmcache_driven_transfer.py:1218:lmcache.v1.multiprocess.modules.lmcache_driven_transfer)[0m
[32;20m[2026-09-20 14:13:08,095] LMCache INFO:[0m Stored 64 tokens in 0.004 seconds [3m(lmcache_driven_transfer.py:1218:lmcache.v1.multiprocess.modules.lmcache_driven_transfer)[0m
[32;20m[2026-09-20 14:13:08,147] LMCache INFO:[0m Stored 384 tokens in 0.003 seconds [3m(lmcache_driven_transfer.py:1218:lmcache.v1.multiprocess.modules.lmcache_driven_transfer)[0m
[32;20m[2026-09-20 14:13:08,190] LMCache INFO:[0m Prefetch request completed (L1+L2): 24/24 retained keys (24 L1, 0 L2) in 1.1 ms (external_request_id=cmpl-94a9cdd10942c3bf-0-a6ff1f9d, prefetch_request_id=-1) [3m(storage_manager.py:716:lmcache.v1.distributed.storage_manager)[0m
[32;20m[2026-09-20 14:13:08,196] LMCache INFO:[0m Retrieved 384 tokens in 0.002 seconds [3m(lmcache_driven_transfer.py:1427:lmcache.v1.multiprocess.modules.lmcache_driven_transfer)[0m
[32;20m[2026-09-20 14:13:08,253] LMCache INFO:[0m Prefetch request completed (L1+L2): 24/24 retained keys (24 L1, 0 L2) in 1.2 ms (external_request_id=cmpl-a5b107b3d7b9b68d-0-bb3b5525, prefetch_request_id=-1) [3m(storage_manager.py:716:lmcache.v1.distributed.storage_manager)[0m
[32;20m[2026-09-20 14:13:08,258] LMCache INFO:[0m Retrieved 384 tokens in 0.002 seconds [3m(lmcache_driven_transfer.py:1427:lmcache.v1.multiprocess.modules.lmcache_driven_transfer)[0m
[32;20m[2026-09-20 14:13:08,314] LMCache INFO:[0m Prefetch request completed (L1+L2): 23/23 retained keys (23 L1, 0 L2) in 1.1 ms (external_request_id=cmpl-a2962dd251b884a4-0-beb8ec36, prefetch_request_id=-1) [3m(storage_manager.py:716:lmcache.v1.distributed.storage_manager)[0m
[32;20m[2026-09-20 14:13:08,318] LMCache INFO:[0m Retrieved 368 tokens in 0.002 seconds [3m(lmcache_driven_transfer.py:1427:lmcache.v1.multiprocess.modules.lmcache_driven_transfer)[0m
[32;20m[2026-09-20 14:13:08,418] LMCache INFO:[0m Stored 384 tokens in 0.003 seconds [3m(lmcache_driven_transfer.py:1218:lmcache.v1.multiprocess.modules.lmcache_driven_transfer)[0m
[32;20m[2026-09-20 14:13:08,505] LMCache INFO:[0m Stored 384 tokens in 0.003 seconds [3m(lmcache_driven_transfer.py:1218:lmcache.v1.multiprocess.modules.lmcache_driven_transfer)[0m
[32;20m[2026-09-20 14:13:08,557] LMCache INFO:[0m Prefetch request completed (L1+L2): 4/4 retained keys (4 L1, 0 L2) in 1.2 ms (external_request_id=cmpl-86fb81fe52e720fd-0-a38b9fcd, prefetch_request_id=-1) [3m(storage_manager.py:716:lmcache.v1.distributed.storage_manager)[0m
[32;20m[2026-09-20 14:13:08,562] LMCache INFO:[0m Retrieved 64 tokens in 0.001 seconds [3m(lmcache_driven_transfer.py:1427:lmcache.v1.multiprocess.modules.lmcache_driven_transfer)[0m
[32;20m[2026-09-20 14:13:08,690] LMCache INFO:[0m Stored 384 tokens in 0.003 seconds [3m(lmcache_driven_transfer.py:1218:lmcache.v1.multiprocess.modules.lmcache_driven_transfer)[0m
[32;20m[2026-09-20 14:13:08,769] LMCache INFO:[0m Stored 384 tokens in 0.003 seconds [3m(lmcache_driven_transfer.py:1218:lmcache.v1.multiprocess.modules.lmcache_driven_transfer)[0m
[32;20m[2026-09-20 14:13:08,864] LMCache INFO:[0m Stored 384 tokens in 0.003 seconds [3m(lmcache_driven_transfer.py:1218:lmcache.v1.multiprocess.modules.lmcache_driven_transfer)[0m
[32;20m[2026-09-20 14:13:08,960] LMCache INFO:[0m Stored 384 tokens in 0.003 seconds [3m(lmcache_driven_transfer.py:1218:lmcache.v1.multiprocess.modules.lmcache_driven_transfer)[0m
[32;20m[2026-09-20 14:13:08,967] LMCache INFO:[0m L1 memory usage 0.96 above watermark 0.80; triggering eviction. [3m(eviction_controller.py:179:lmcache.v1.distributed.storage_controllers.eviction_controller)[0m
[32;20m[2026-09-20 14:13:09,053] LMCache INFO:[0m Stored 384 tokens in 0.003 seconds [3m(lmcache_driven_transfer.py:1218:lmcache.v1.multiprocess.modules.lmcache_driven_transfer)[0m
[32;20m[2026-09-20 14:13:09,149] LMCache INFO:[0m Stored 384 tokens in 0.003 seconds [3m(lmcache_driven_transfer.py:1218:lmcache.v1.multiprocess.modules.lmcache_driven_transfer)[0m
[32;20m[2026-09-20 14:13:09,244] LMCache INFO:[0m Stored 368 tokens in 0.003 seconds [3m(lmcache_driven_transfer.py:1218:lmcache.v1.multiprocess.modules.lmcache_driven_transfer)[0m
[32;20m[2026-09-20 14:13:09,341] LMCache INFO:[0m Stored 384 tokens in 0.003 seconds [3m(lmcache_driven_transfer.py:1218:lmcache.v1.multiprocess.modules.lmcache_driven_transfer)[0m
[32;20m[2026-09-20 14:13:09,438] LMCache INFO:[0m Stored 384 tokens in 0.003 seconds [3m(lmcache_driven_transfer.py:1218:lmcache.v1.multiprocess.modules.lmcache_driven_transfer)[0m
[32;20m[2026-09-20 14:13:09,528] LMCache INFO:[0m Stored 320 tokens in 0.003 seconds [3m(lmcache_driven_transfer.py:1218:lmcache.v1.multiprocess.modules.lmcache_driven_transfer)[0m
[32;20m[2026-09-20 14:13:09,619] LMCache INFO:[0m Stored 384 tokens in 0.008 seconds [3m(lmcache_driven_transfer.py:1218:lmcache.v1.multiprocess.modules.lmcache_driven_transfer)[0m
[32;20m[2026-09-20 14:13:09,658] LMCache INFO:[0m Prefetch request completed (L1+L2): 24/24 retained keys (24 L1, 0 L2) in 3.4 ms (external_request_id=cmpl-899897c34cc9fae7-0-9fe6b503, prefetch_request_id=-1) [3m(storage_manager.py:716:lmcache.v1.distributed.storage_manager)[0m
[32;20m[2026-09-20 14:13:09,663] LMCache INFO:[0m Retrieved 384 tokens in 0.003 seconds [3m(lmcache_driven_transfer.py:1427:lmcache.v1.multiprocess.modules.lmcache_driven_transfer)[0m
[32;20m[2026-09-20 14:13:09,795] LMCache INFO:[0m Stored 384 tokens in 0.003 seconds [3m(lmcache_driven_transfer.py:1218:lmcache.v1.multiprocess.modules.lmcache_driven_transfer)[0m
[32;20m[2026-09-20 14:13:09,874] LMCache INFO:[0m Stored 384 tokens in 0.003 seconds [3m(lmcache_driven_transfer.py:1218:lmcache.v1.multiprocess.modules.lmcache_driven_transfer)[0m
[32;20m[2026-09-20 14:13:09,969] LMCache INFO:[0m Stored 384 tokens in 0.003 seconds [3m(lmcache_driven_transfer.py:1218:lmcache.v1.multiprocess.modules.lmcache_driven_transfer)[0m
[32;20m[2026-09-20 14:13:09,974] LMCache INFO:[0m L1 memory usage 0.97 above watermark 0.80; triggering eviction. [3m(eviction_controller.py:179:lmcache.v1.distributed.storage_controllers.eviction_controller)[0m
[32;20m[2026-09-20 14:13:10,064] LMCache INFO:[0m Stored 384 tokens in 0.003 seconds [3m(lmcache_driven_transfer.py:1218:lmcache.v1.multiprocess.modules.lmcache_driven_transfer)[0m
[32;20m[2026-09-20 14:13:10,158] LMCache INFO:[0m Stored 384 tokens in 0.003 seconds [3m(lmcache_driven_transfer.py:1218:lmcache.v1.multiprocess.modules.lmcache_driven_transfer)[0m
[32;20m[2026-09-20 14:13:10,251] LMCache INFO:[0m Stored 384 tokens in 0.003 seconds [3m(lmcache_driven_transfer.py:1218:lmcache.v1.multiprocess.modules.lmcache_driven_transfer)[0m
[32;20m[2026-09-20 14:13:10,349] LMCache INFO:[0m Stored 368 tokens in 0.003 seconds [3m(lmcache_driven_transfer.py:1218:lmcache.v1.multiprocess.modules.lmcache_driven_transfer)[0m
[32;20m[2026-09-20 14:13:10,441] LMCache INFO:[0m Stored 384 tokens in 0.003 seconds [3m(lmcache_driven_transfer.py:1218:lmcache.v1.multiprocess.modules.lmcache_driven_transfer)[0m
[32;20m[2026-09-20 14:13:10,531] LMCache INFO:[0m Stored 384 tokens in 0.003 seconds [3m(lmcache_driven_transfer.py:1218:lmcache.v1.multiprocess.modules.lmcache_driven_transfer)[0m
[32;20m[2026-09-20 14:13:10,629] LMCache INFO:[0m Stored 336 tokens in 0.003 seconds [3m(lmcache_driven_transfer.py:1218:lmcache.v1.multiprocess.modules.lmcache_driven_transfer)[0m
[32;20m[2026-09-20 14:13:10,714] LMCache INFO:[0m Stored 384 tokens in 0.003 seconds [3m(lmcache_driven_transfer.py:1218:lmcache.v1.multiprocess.modules.lmcache_driven_transfer)[0m
[32;20m[2026-09-20 14:13:10,756] LMCache INFO:[0m Prefetch request completed (L1+L2): 24/24 retained keys (24 L1, 0 L2) in 1.2 ms (external_request_id=cmpl-888ab6f46a3449b4-0-a845ad27, prefetch_request_id=-1) [3m(storage_manager.py:716:lmcache.v1.distributed.storage_manager)[0m
[32;20m[2026-09-20 14:13:10,762] LMCache INFO:[0m Retrieved 384 tokens in 0.002 seconds [3m(lmcache_driven_transfer.py:1427:lmcache.v1.multiprocess.modules.lmcache_driven_transfer)[0m
[32;20m[2026-09-20 14:13:10,892] LMCache INFO:[0m Stored 384 tokens in 0.003 seconds [3m(lmcache_driven_transfer.py:1218:lmcache.v1.multiprocess.modules.lmcache_driven_transfer)[0m
[32;20m[2026-09-20 14:13:10,976] LMCache INFO:[0m Stored 384 tokens in 0.003 seconds [3m(lmcache_driven_transfer.py:1218:lmcache.v1.multiprocess.modules.lmcache_driven_transfer)[0m
[32;20m[2026-09-20 14:13:10,982] LMCache INFO:[0m L1 memory usage 0.99 above watermark 0.80; triggering eviction. [3m(eviction_controller.py:179:lmcache.v1.distributed.storage_controllers.eviction_controller)[0m
[32;20m[2026-09-20 14:13:11,067] LMCache INFO:[0m Stored 384 tokens in 0.003 seconds [3m(lmcache_driven_transfer.py:1218:lmcache.v1.multiprocess.modules.lmcache_driven_transfer)[0m
[32;20m[2026-09-20 14:13:11,162] LMCache INFO:[0m Stored 384 tokens in 0.003 seconds [3m(lmcache_driven_transfer.py:1218:lmcache.v1.multiprocess.modules.lmcache_driven_transfer)[0m
[32;20m[2026-09-20 14:13:11,256] LMCache INFO:[0m Stored 384 tokens in 0.003 seconds [3m(lmcache_driven_transfer.py:1218:lmcache.v1.multiprocess.modules.lmcache_driven_transfer)[0m
[32;20m[2026-09-20 14:13:11,347] LMCache INFO:[0m Stored 384 tokens in 0.003 seconds [3m(lmcache_driven_transfer.py:1218:lmcache.v1.multiprocess.modules.lmcache_driven_transfer)[0m
[32;20m[2026-09-20 14:13:11,444] LMCache INFO:[0m Stored 384 tokens in 0.003 seconds [3m(lmcache_driven_transfer.py:1218:lmcache.v1.multiprocess.modules.lmcache_driven_transfer)[0m
[32;20m[2026-09-20 14:13:11,540] LMCache INFO:[0m Stored 384 tokens in 0.004 seconds [3m(lmcache_driven_transfer.py:1218:lmcache.v1.multiprocess.modules.lmcache_driven_transfer)[0m
[32;20m[2026-09-20 14:13:11,633] LMCache INFO:[0m Stored 384 tokens in 0.003 seconds [3m(lmcache_driven_transfer.py:1218:lmcache.v1.multiprocess.modules.lmcache_driven_transfer)[0m
[32;20m[2026-09-20 14:13:11,674] LMCache INFO:[0m L0<->L1 stats [cuda:0] last 10.0s: store ops=98 tokens=36560 size=1.05GB avg_copy=6.91GB/s | retrieve ops=13 tokens=4640 size=0.13GB avg_copy=4.22GB/s [3m(extra_stats.py:159:lmcache.v1.mp_observability.subscribers.logging.extra_stats)[0m
[32;20m[2026-09-20 14:13:11,674] LMCache INFO:[0m L0<->L1 stats [cuda:0] cumulative: store ops=899 tokens=336080 size=9.64GB avg_copy=7.09GB/s | retrieve ops=226 tokens=85424 size=2.45GB avg_copy=3.94GB/s [3m(extra_stats.py:168:lmcache.v1.mp_observability.subscribers.logging.extra_stats)[0m
[32;20m[2026-09-20 14:13:11,720] LMCache INFO:[0m Stored 112 tokens in 0.002 seconds [3m(lmcache_driven_transfer.py:1218:lmcache.v1.multiprocess.modules.lmcache_driven_transfer)[0m
[32;20m[2026-09-20 14:13:11,774] LMCache INFO:[0m Stored 384 tokens in 0.003 seconds [3m(lmcache_driven_transfer.py:1218:lmcache.v1.multiprocess.modules.lmcache_driven_transfer)[0m
[32;20m[2026-09-20 14:13:11,853] LMCache INFO:[0m Stored 384 tokens in 0.004 seconds [3m(lmcache_driven_transfer.py:1218:lmcache.v1.multiprocess.modules.lmcache_driven_transfer)[0m
[32;20m[2026-09-20 14:13:11,989] LMCache INFO:[0m L1 memory usage: 0.49/0.50 GiB (98.4%) [3m(eviction_controller.py:153:lmcache.v1.distributed.storage_controllers.eviction_controller)[0m
[32;20m[2026-09-20 14:13:11,989] LMCache INFO:[0m L1 memory usage 0.98 above watermark 0.80; triggering eviction. [3m(eviction_controller.py:179:lmcache.v1.distributed.storage_controllers.eviction_controller)[0m
INFO:     Shutting down
INFO:     Waiting for application shutdown.
[32;20m[2026-09-20 14:13:12,113] LMCache INFO:[0m Shutting down LMCache HTTP server... [3m(http_server.py:168:lmcache.v1.multiprocess.http_server)[0m
[32;20m[2026-09-20 14:13:12,898] LMCache INFO:[0m Stopping PeriodicThread: lmcache-mp-worker-reaper [3m(periodic_thread.py:267:lmcache.v1.periodic_thread)[0m
[32;20m[2026-09-20 14:13:12,899] LMCache INFO:[0m PeriodicThread lmcache-mp-worker-reaper loop stopped [3m(periodic_thread.py:371:lmcache.v1.periodic_thread)[0m
[32;20m[2026-09-20 14:13:12,899] LMCache INFO:[0m Stopping PeriodicThread: DeviceHostFuncDispatcher [3m(periodic_thread.py:267:lmcache.v1.periodic_thread)[0m
[32;20m[2026-09-20 14:13:12,899] LMCache INFO:[0m PeriodicThread DeviceHostFuncDispatcher loop stopped [3m(periodic_thread.py:371:lmcache.v1.periodic_thread)[0m
[32;20m[2026-09-20 14:13:12,951] LMCache INFO:[0m Stopping PeriodicThread: SessionManager-cleanup-thread-7eefabe0d790 [3m(periodic_thread.py:267:lmcache.v1.periodic_thread)[0m
[32;20m[2026-09-20 14:13:12,951] LMCache INFO:[0m PeriodicThread SessionManager-cleanup-thread-7eefabe0d790 loop stopped [3m(periodic_thread.py:371:lmcache.v1.periodic_thread)[0m
[32;20m[2026-09-20 14:13:13,409] LMCache INFO:[0m MPCacheServer closed [3m(server.py:126:lmcache.v1.multiprocess.server)[0m
[32;20m[2026-09-20 14:13:13,409] LMCache INFO:[0m LMCache HTTP server stopped [3m(http_server.py:186:lmcache.v1.multiprocess.http_server)[0m
INFO:     Application shutdown complete.
INFO:     Finished server process [5943]
