model_name,gpu_name,seed,dataset,config_k,config_cap,run,type,cold_ms,cosine_ms,graph_ms,lru_sim_hit,cos_sim_hit,grp_sim_hit,cold_n_tokens,cosine_n_tokens,graph_n_tokens,flops_saved_cosine,flops_saved_graph,embed_time_s,graph_build_time_s
google/gemma-3-1b-it,NVIDIA GeForce RTX 5060 Ti,42,MuSiQue,3,16,0,structural,55.6341,53.7896,41.9893,0,0,0,102,358,343,67194847232,61681958912,8.615,0.03
google/gemma-3-1b-it,NVIDIA GeForce RTX 5060 Ti,42,MuSiQue,3,16,1,multi-hop,41.5131,35.1948,37.0851,0,0,0,119,349,375,63858802688,73728000000,8.615,0.03
google/gemma-3-1b-it,NVIDIA GeForce RTX 5060 Ti,42,MuSiQue,3,16,2,multi-hop,56.3429,0.0,62.2628,0,1,0,124,380,380,75707187200,75707187200,8.615,0.03
google/gemma-3-1b-it,NVIDIA GeForce RTX 5060 Ti,42,MuSiQue,3,16,3,semantic,38.7758,0.0,61.3038,0,1,0,33,229,245,27494187008,31470387200,8.615,0.03
google/gemma-3-1b-it,NVIDIA GeForce RTX 5060 Ti,42,MuSiQue,3,16,4,structural,52.3316,0.0,0.0,0,1,1,4,216,260,24461180928,35441868800,8.615,0.03
google/gemma-3-1b-it,NVIDIA GeForce RTX 5060 Ti,42,MuSiQue,3,16,5,multi-hop,50.5766,0.0,50.4977,0,1,0,18,274,268,39361445888,37656461312,8.615,0.03
google/gemma-3-1b-it,NVIDIA GeForce RTX 5060 Ti,42,MuSiQue,3,16,6,structural,64.9838,40.5293,72.6228,0,0,0,115,371,371,72163524608,72163524608,8.615,0.03
google/gemma-3-1b-it,NVIDIA GeForce RTX 5060 Ti,42,MuSiQue,3,16,7,multi-hop,76.0849,57.1654,34.2216,0,0,0,9,232,265,28219277312,36818124800,8.615,0.03
google/gemma-3-1b-it,NVIDIA GeForce RTX 5060 Ti,42,MuSiQue,3,16,8,multi-hop,42.4939,0.0,0.0,0,1,1,129,385,385,77712588800,77712588800,8.615,0.03
google/gemma-3-1b-it,NVIDIA GeForce RTX 5060 Ti,42,MuSiQue,3,16,9,structural,45.9093,0.0,40.5063,0,1,0,68,324,324,55037657088,55037657088,8.615,0.03
google/gemma-3-1b-it,NVIDIA GeForce RTX 5060 Ti,42,MuSiQue,3,16,10,multi-hop,69.0095,0.0,0.0,0,1,1,119,309,309,50059542528,50059542528,8.615,0.03
google/gemma-3-1b-it,NVIDIA GeForce RTX 5060 Ti,42,MuSiQue,3,16,11,semantic,52.4261,0.0,70.6805,0,1,0,88,262,311,35989225472,50709659648,8.615,0.03
google/gemma-3-1b-it,NVIDIA GeForce RTX 5060 Ti,42,MuSiQue,3,16,12,semantic,39.1506,0.0,55.939,0,1,0,30,265,264,36818124800,36540776448,8.615,0.03
google/gemma-3-1b-it,NVIDIA GeForce RTX 5060 Ti,42,MuSiQue,3,16,13,semantic,90.4069,0.0,0.0,0,1,1,105,335,317,58838220800,52685176832,8.615,0.03
google/gemma-3-1b-it,NVIDIA GeForce RTX 5060 Ti,42,MuSiQue,3,16,14,multi-hop,70.9386,0.0,80.1528,0,1,0,110,366,366,70231523328,70231523328,8.615,0.03
google/gemma-3-1b-it,NVIDIA GeForce RTX 5060 Ti,42,MuSiQue,3,16,15,structural,67.7507,97.8449,75.3654,0,0,0,121,377,377,74516529152,74516529152,8.615,0.03
google/gemma-3-1b-it,NVIDIA GeForce RTX 5060 Ti,42,MuSiQue,3,16,16,structural,58.1374,68.6988,43.1361,0,0,0,18,274,268,39361445888,37656461312,8.615,0.03
google/gemma-3-1b-it,NVIDIA GeForce RTX 5060 Ti,42,MuSiQue,3,16,17,semantic,44.7558,0.0,35.9528,0,1,0,61,317,317,52685176832,52685176832,8.615,0.03
google/gemma-3-1b-it,NVIDIA GeForce RTX 5060 Ti,42,MuSiQue,3,16,18,semantic,48.3284,0.0,0.0,0,1,1,113,369,369,71387578368,71387578368,8.615,0.03
google/gemma-3-1b-it,NVIDIA GeForce RTX 5060 Ti,42,MuSiQue,3,16,19,multi-hop,95.0652,39.5724,74.9524,0,0,0,39,295,295,45626163200,45626163200,8.615,0.03
google/gemma-3-1b-it,NVIDIA GeForce RTX 5060 Ti,42,MuSiQue,3,16,20,multi-hop,68.8746,74.9397,75.0719,0,0,0,78,334,334,58487472128,58487472128,8.615,0.03
google/gemma-3-1b-it,NVIDIA GeForce RTX 5060 Ti,42,MuSiQue,3,16,21,multi-hop,73.6441,100.9305,63.7344,0,0,0,105,361,361,68325736448,68325736448,8.615,0.03
google/gemma-3-1b-it,NVIDIA GeForce RTX 5060 Ti,42,MuSiQue,3,16,22,structural,43.3671,41.0703,38.3463,0,0,0,127,383,383,76907282432,76907282432,8.615,0.03
google/gemma-3-1b-it,NVIDIA GeForce RTX 5060 Ti,42,MuSiQue,3,16,23,semantic,69.7474,0.0,0.0,0,1,1,102,328,358,56405000192,67194847232,8.615,0.03
google/gemma-3-1b-it,NVIDIA GeForce RTX 5060 Ti,42,MuSiQue,3,16,24,semantic,39.4112,0.0,0.0,0,1,1,121,377,377,74516529152,74516529152,8.615,0.03
google/gemma-3-1b-it,NVIDIA GeForce RTX 5060 Ti,42,MuSiQue,3,16,25,multi-hop,47.7529,0.0,0.0,0,1,1,51,307,307,49413619712,49413619712,8.615,0.03
google/gemma-3-1b-it,NVIDIA GeForce RTX 5060 Ti,42,MuSiQue,3,16,26,multi-hop,38.8087,0.0,0.0,0,1,1,72,328,315,56405000192,52022476800,8.615,0.03
google/gemma-3-1b-it,NVIDIA GeForce RTX 5060 Ti,42,MuSiQue,3,16,27,multi-hop,45.6161,61.6928,77.2685,0,0,0,103,359,359,67570761728,67570761728,8.615,0.03
google/gemma-3-1b-it,NVIDIA GeForce RTX 5060 Ti,42,MuSiQue,3,16,28,semantic,59.5663,0.0,40.4757,0,1,0,112,338,368,59896758272,71001178112,8.615,0.03
google/gemma-3-1b-it,NVIDIA GeForce RTX 5060 Ti,42,MuSiQue,3,16,29,structural,32.8059,34.0837,50.5941,0,0,0,117,373,311,72943665152,50709659648,8.615,0.03
google/gemma-3-1b-it,NVIDIA GeForce RTX 5060 Ti,42,MuSiQue,3,16,30,multi-hop,69.7828,0.0,83.051,0,1,0,104,360,360,67947724800,67947724800,8.615,0.03
google/gemma-3-1b-it,NVIDIA GeForce RTX 5060 Ti,42,MuSiQue,3,16,31,multi-hop,58.6422,0.0,0.0,0,1,1,43,299,299,46871871488,46871871488,8.615,0.03
google/gemma-3-1b-it,NVIDIA GeForce RTX 5060 Ti,42,MuSiQue,3,16,32,semantic,0.0,0.0,0.0,1,1,1,23,247,231,31986286592,27976531968,8.615,0.03
google/gemma-3-1b-it,NVIDIA GeForce RTX 5060 Ti,42,MuSiQue,3,16,33,structural,64.65,66.6734,54.1566,0,0,0,84,300,340,47185920000,60607692800,8.615,0.03
google/gemma-3-1b-it,NVIDIA GeForce RTX 5060 Ti,42,MuSiQue,3,16,34,structural,41.3715,50.9652,55.5159,0,0,0,136,296,236,45936017408,29200744448,8.615,0.03
google/gemma-3-1b-it,NVIDIA GeForce RTX 5060 Ti,42,MuSiQue,3,16,35,semantic,0.0,0.0,0.0,1,1,1,125,381,381,76106170368,76106170368,8.615,0.03
google/gemma-3-1b-it,NVIDIA GeForce RTX 5060 Ti,42,MuSiQue,3,16,36,structural,58.991,0.0,0.0,0,1,1,111,361,361,68325736448,68325736448,8.615,0.03
google/gemma-3-1b-it,NVIDIA GeForce RTX 5060 Ti,42,MuSiQue,3,16,37,multi-hop,32.087,0.0,28.8814,0,1,0,103,359,334,67570761728,58487472128,8.615,0.03
google/gemma-3-1b-it,NVIDIA GeForce RTX 5060 Ti,42,MuSiQue,3,16,38,multi-hop,86.6857,0.0,85.7793,0,1,0,140,396,396,82216747008,82216747008,8.615,0.03
google/gemma-3-1b-it,NVIDIA GeForce RTX 5060 Ti,42,MuSiQue,3,16,39,multi-hop,82.342,85.7746,85.3439,0,0,0,115,371,365,72163524608,69848268800,8.615,0.03
google/gemma-3-1b-it,NVIDIA GeForce RTX 5060 Ti,42,MuSiQue,3,16,40,semantic,33.272,0.0,67.3396,0,1,0,106,332,362,57789120512,68704796672,8.615,0.03
google/gemma-3-1b-it,NVIDIA GeForce RTX 5060 Ti,42,MuSiQue,3,16,41,multi-hop,40.7329,65.3344,59.1555,0,0,0,107,363,363,69084905472,69084905472,8.615,0.03
google/gemma-3-1b-it,NVIDIA GeForce RTX 5060 Ti,42,MuSiQue,3,16,42,semantic,70.0306,0.0,0.0,0,1,1,102,358,343,67194847232,61681958912,8.615,0.03
google/gemma-3-1b-it,NVIDIA GeForce RTX 5060 Ti,42,MuSiQue,3,16,43,semantic,39.5204,0.0,0.0,0,1,1,5,137,160,9840361472,13421772800,8.615,0.03
google/gemma-3-1b-it,NVIDIA GeForce RTX 5060 Ti,42,MuSiQue,3,16,44,multi-hop,64.4151,65.3716,68.2794,0,0,0,131,387,382,78522089472,76506202112,8.615,0.03
google/gemma-3-1b-it,NVIDIA GeForce RTX 5060 Ti,42,MuSiQue,3,16,45,structural,35.1021,29.9406,81.3855,0,0,0,68,324,324,55037657088,55037657088,8.615,0.03
google/gemma-3-1b-it,NVIDIA GeForce RTX 5060 Ti,42,MuSiQue,3,16,46,structural,55.7438,78.1384,42.7268,0,0,0,121,377,377,74516529152,74516529152,8.615,0.03
google/gemma-3-1b-it,NVIDIA GeForce RTX 5060 Ti,42,MuSiQue,3,16,47,semantic,0.0,0.0,74.9844,1,1,0,12,246,259,31727812608,35169763328,8.615,0.03
google/gemma-3-1b-it,NVIDIA GeForce RTX 5060 Ti,42,MuSiQue,3,16,48,multi-hop,0.0,0.0,69.8345,1,1,0,90,346,343,62765662208,61681958912,8.615,0.03
google/gemma-3-1b-it,NVIDIA GeForce RTX 5060 Ti,42,MuSiQue,3,16,49,structural,0.0,44.2749,55.2278,1,0,0,107,363,344,69084905472,62042144768,8.615,0.03
google/gemma-3-1b-it,NVIDIA GeForce RTX 5060 Ti,42,MuSiQue,3,16,50,multi-hop,41.1381,0.0,36.8159,0,1,0,48,254,304,33824964608,48452599808,8.615,0.03
google/gemma-3-1b-it,NVIDIA GeForce RTX 5060 Ti,42,MuSiQue,3,16,51,structural,63.5668,51.1783,50.9771,0,0,0,88,262,311,35989225472,50709659648,8.615,0.03
google/gemma-3-1b-it,NVIDIA GeForce RTX 5060 Ti,42,MuSiQue,3,16,52,semantic,39.178,0.0,90.4842,0,1,0,66,322,322,54360276992,54360276992,8.615,0.03
google/gemma-3-1b-it,NVIDIA GeForce RTX 5060 Ti,42,MuSiQue,3,16,53,structural,39.2434,53.4816,44.7043,0,0,0,120,376,276,74121740288,39938162688,8.615,0.03
google/gemma-3-1b-it,NVIDIA GeForce RTX 5060 Ti,42,MuSiQue,3,16,54,structural,38.4714,0.0,0.0,0,1,1,118,374,358,73335308288,67194847232,8.615,0.03
google/gemma-3-1b-it,NVIDIA GeForce RTX 5060 Ti,42,MuSiQue,3,16,55,semantic,33.5247,0.0,54.8446,0,1,0,102,326,234,55719231488,28707913728,8.615,0.03
google/gemma-3-1b-it,NVIDIA GeForce RTX 5060 Ti,42,MuSiQue,3,16,56,multi-hop,33.4627,0.0,33.9991,0,1,0,36,94,292,4632608768,44702892032,8.615,0.03
google/gemma-3-1b-it,NVIDIA GeForce RTX 5060 Ti,42,MuSiQue,3,16,57,structural,34.5794,73.9861,42.0682,0,0,0,62,318,318,53018099712,53018099712,8.615,0.03
google/gemma-3-1b-it,NVIDIA GeForce RTX 5060 Ti,42,MuSiQue,3,16,58,multi-hop,43.3195,0.0,50.1882,0,1,0,69,325,325,55377920000,55377920000,8.615,0.03
google/gemma-3-1b-it,NVIDIA GeForce RTX 5060 Ti,42,MuSiQue,3,16,59,semantic,30.2191,58.3582,49.6691,0,0,0,115,371,371,72163524608,72163524608,8.615,0.03
google/gemma-3-1b-it,NVIDIA GeForce RTX 5060 Ti,42,MuSiQue,3,16,60,semantic,54.518,0.0,51.7064,0,1,0,102,358,351,67194847232,64592805888,8.615,0.03
google/gemma-3-1b-it,NVIDIA GeForce RTX 5060 Ti,42,MuSiQue,3,16,61,structural,42.1568,56.0655,40.1677,0,0,0,99,310,355,50384076800,66073395200,8.615,0.03
google/gemma-3-1b-it,NVIDIA GeForce RTX 5060 Ti,42,MuSiQue,3,16,62,semantic,63.7508,0.0,36.1215,0,1,0,5,10,261,52428800,35715022848,8.615,0.03
google/gemma-3-1b-it,NVIDIA GeForce RTX 5060 Ti,42,MuSiQue,3,16,63,multi-hop,39.5611,46.1705,0.0,0,0,1,94,350,350,64225280000,64225280000,8.615,0.03
google/gemma-3-1b-it,NVIDIA GeForce RTX 5060 Ti,42,MuSiQue,3,16,64,multi-hop,42.2167,0.0,35.0945,0,1,0,118,366,374,70231523328,73335308288,8.615,0.03
google/gemma-3-1b-it,NVIDIA GeForce RTX 5060 Ti,42,MuSiQue,3,16,65,multi-hop,32.1505,48.2634,58.2906,0,0,0,120,376,276,74121740288,39938162688,8.615,0.03
google/gemma-3-1b-it,NVIDIA GeForce RTX 5060 Ti,42,MuSiQue,3,16,66,multi-hop,33.9379,75.2537,43.5116,0,0,0,45,301,301,47501017088,47501017088,8.615,0.03
google/gemma-3-1b-it,NVIDIA GeForce RTX 5060 Ti,42,MuSiQue,3,16,67,semantic,49.5315,0.0,0.0,0,1,1,105,335,317,58838220800,52685176832,8.615,0.03
google/gemma-3-1b-it,NVIDIA GeForce RTX 5060 Ti,42,MuSiQue,3,16,68,structural,36.5384,37.862,34.3369,0,0,0,57,313,313,51363971072,51363971072,8.615,0.03
google/gemma-3-1b-it,NVIDIA GeForce RTX 5060 Ti,42,MuSiQue,3,16,69,multi-hop,46.9254,0.0,0.0,0,1,1,62,318,318,53018099712,53018099712,8.615,0.03
google/gemma-3-1b-it,NVIDIA GeForce RTX 5060 Ti,42,MuSiQue,3,16,70,structural,38.9873,41.7513,35.9941,0,0,0,103,359,359,67570761728,67570761728,8.615,0.03
google/gemma-3-1b-it,NVIDIA GeForce RTX 5060 Ti,42,MuSiQue,3,16,71,multi-hop,51.098,46.7108,44.0208,0,0,0,98,354,354,65701675008,65701675008,8.615,0.03
google/gemma-3-1b-it,NVIDIA GeForce RTX 5060 Ti,42,MuSiQue,3,16,72,semantic,47.469,0.0,48.1118,0,1,0,132,388,388,78928412672,78928412672,8.615,0.03
google/gemma-3-1b-it,NVIDIA GeForce RTX 5060 Ti,42,MuSiQue,3,16,73,multi-hop,61.621,45.7395,40.049,0,0,0,30,265,264,36818124800,36540776448,8.615,0.03
google/gemma-3-1b-it,NVIDIA GeForce RTX 5060 Ti,42,MuSiQue,3,16,74,multi-hop,66.249,93.7385,0.0,0,0,1,9,265,265,36818124800,36818124800,8.615,0.03
google/gemma-3-1b-it,NVIDIA GeForce RTX 5060 Ti,42,MuSiQue,3,16,75,structural,72.4264,41.7713,79.4456,0,0,0,101,357,357,66819981312,66819981312,8.615,0.03
google/gemma-3-1b-it,NVIDIA GeForce RTX 5060 Ti,42,MuSiQue,3,16,76,multi-hop,55.5754,0.0,0.0,0,1,1,57,245,313,31470387200,51363971072,8.615,0.03
google/gemma-3-1b-it,NVIDIA GeForce RTX 5060 Ti,42,MuSiQue,3,16,77,semantic,81.8662,0.0,95.9998,0,1,0,100,356,356,66446163968,66446163968,8.615,0.03
google/gemma-3-1b-it,NVIDIA GeForce RTX 5060 Ti,42,MuSiQue,3,16,78,semantic,106.5963,0.0,49.4058,0,1,0,92,348,348,63493373952,63493373952,8.615,0.03
google/gemma-3-1b-it,NVIDIA GeForce RTX 5060 Ti,42,MuSiQue,3,16,79,semantic,73.6082,0.0,40.5572,0,1,0,101,357,334,66819981312,58487472128,8.615,0.03
google/gemma-3-1b-it,NVIDIA GeForce RTX 5060 Ti,42,MuSiQue,3,16,80,structural,57.0499,0.0,0.0,0,1,1,102,358,358,67194847232,67194847232,8.615,0.03
google/gemma-3-1b-it,NVIDIA GeForce RTX 5060 Ti,42,MuSiQue,3,16,81,multi-hop,44.0266,89.5578,44.5375,0,0,0,69,325,325,55377920000,55377920000,8.615,0.03
google/gemma-3-1b-it,NVIDIA GeForce RTX 5060 Ti,42,MuSiQue,3,16,82,multi-hop,40.1507,57.0986,102.4935,0,0,0,102,358,358,67194847232,67194847232,8.615,0.03
google/gemma-3-1b-it,NVIDIA GeForce RTX 5060 Ti,42,MuSiQue,3,16,83,structural,38.7446,82.1087,0.0,0,0,1,101,357,357,66819981312,66819981312,8.615,0.03
google/gemma-3-1b-it,NVIDIA GeForce RTX 5060 Ti,42,MuSiQue,3,16,84,semantic,49.8279,0.0,38.5213,0,1,0,65,321,321,54023159808,54023159808,8.615,0.03
google/gemma-3-1b-it,NVIDIA GeForce RTX 5060 Ti,42,MuSiQue,3,16,85,semantic,36.0886,0.0,0.0,0,1,1,97,353,353,65331003392,65331003392,8.615,0.03
google/gemma-3-1b-it,NVIDIA GeForce RTX 5060 Ti,42,MuSiQue,3,16,86,multi-hop,68.8419,0.0,45.5501,0,1,0,148,404,404,85572190208,85572190208,8.615,0.03
google/gemma-3-1b-it,NVIDIA GeForce RTX 5060 Ti,42,MuSiQue,3,16,87,multi-hop,58.4706,0.0,35.3861,0,1,0,119,349,375,63858802688,73728000000,8.615,0.03
google/gemma-3-1b-it,NVIDIA GeForce RTX 5060 Ti,42,MuSiQue,3,16,88,multi-hop,41.8306,43.9082,37.7148,0,0,0,89,345,345,62403379200,62403379200,8.615,0.03
google/gemma-3-1b-it,NVIDIA GeForce RTX 5060 Ti,42,MuSiQue,3,16,89,multi-hop,64.7181,30.6008,39.4698,0,0,0,89,345,345,62403379200,62403379200,8.615,0.03
google/gemma-3-1b-it,NVIDIA GeForce RTX 5060 Ti,42,MuSiQue,3,16,90,semantic,45.4899,0.0,91.6556,0,1,0,115,371,365,72163524608,69848268800,8.615,0.03
google/gemma-3-1b-it,NVIDIA GeForce RTX 5060 Ti,42,MuSiQue,3,16,91,multi-hop,0.0,0.0,61.8914,1,1,0,124,378,380,74912366592,75707187200,8.615,0.03
google/gemma-3-1b-it,NVIDIA GeForce RTX 5060 Ti,42,MuSiQue,3,16,92,semantic,38.2871,0.0,43.9724,0,1,0,10,187,266,18333827072,37096521728,8.615,0.03
google/gemma-3-1b-it,NVIDIA GeForce RTX 5060 Ti,42,MuSiQue,3,16,93,semantic,0.0,0.0,0.0,1,1,1,97,353,353,65331003392,65331003392,8.615,0.03
google/gemma-3-1b-it,NVIDIA GeForce RTX 5060 Ti,42,MuSiQue,3,16,94,semantic,73.127,0.0,0.0,0,1,1,119,309,309,50059542528,50059542528,8.615,0.03
google/gemma-3-1b-it,NVIDIA GeForce RTX 5060 Ti,42,MuSiQue,3,16,95,semantic,40.9478,0.0,0.0,0,1,1,114,370,370,71775027200,71775027200,8.615,0.03
google/gemma-3-1b-it,NVIDIA GeForce RTX 5060 Ti,42,MuSiQue,3,16,96,multi-hop,0.0,35.4189,66.4087,1,0,0,106,238,264,29697769472,36540776448,8.615,0.03
google/gemma-3-1b-it,NVIDIA GeForce RTX 5060 Ti,42,MuSiQue,3,16,97,structural,0.0,43.6441,47.364,1,0,0,124,380,380,75707187200,75707187200,8.615,0.03
google/gemma-3-1b-it,NVIDIA GeForce RTX 5060 Ti,42,MuSiQue,3,16,98,multi-hop,38.8036,0.0,67.517,0,1,0,106,362,362,68704796672,68704796672,8.615,0.03
google/gemma-3-1b-it,NVIDIA GeForce RTX 5060 Ti,42,MuSiQue,3,16,99,semantic,0.0,0.0,102.162,1,1,0,119,349,375,63858802688,73728000000,8.615,0.03
google/gemma-3-1b-it,NVIDIA GeForce RTX 5060 Ti,42,MuSiQue,3,16,100,semantic,38.7364,0.0,0.0,0,1,1,75,331,319,57441517568,53352071168,8.615,0.03
google/gemma-3-1b-it,NVIDIA GeForce RTX 5060 Ti,42,MuSiQue,3,16,101,multi-hop,76.0896,76.7238,0.0,0,0,1,119,375,375,73728000000,73728000000,8.615,0.03
google/gemma-3-1b-it,NVIDIA GeForce RTX 5060 Ti,42,MuSiQue,3,16,102,multi-hop,33.4854,0.0,61.8407,0,1,0,53,309,270,50059542528,38220595200,8.615,0.03
google/gemma-3-1b-it,NVIDIA GeForce RTX 5060 Ti,42,MuSiQue,3,16,103,semantic,63.2873,0.0,55.5095,0,1,0,86,246,240,31727812608,30198988800,8.615,0.03
google/gemma-3-1b-it,NVIDIA GeForce RTX 5060 Ti,42,MuSiQue,3,16,104,multi-hop,29.2286,0.0,65.8216,0,1,0,36,94,292,4632608768,44702892032,8.615,0.03
google/gemma-3-1b-it,NVIDIA GeForce RTX 5060 Ti,42,MuSiQue,3,16,105,semantic,47.1234,0.0,41.9568,0,1,0,99,355,355,66073395200,66073395200,8.615,0.03
google/gemma-3-1b-it,NVIDIA GeForce RTX 5060 Ti,42,MuSiQue,3,16,106,semantic,51.0469,0.0,0.0,0,1,1,54,250,240,32768000000,30198988800,8.615,0.03
google/gemma-3-1b-it,NVIDIA GeForce RTX 5060 Ti,42,MuSiQue,3,16,107,structural,48.2454,51.9618,0.0,0,0,1,118,374,356,73335308288,66446163968,8.615,0.03
google/gemma-3-1b-it,NVIDIA GeForce RTX 5060 Ti,42,MuSiQue,3,16,108,structural,45.2303,52.6227,38.1406,0,0,0,83,278,296,40519073792,45936017408,8.615,0.03
google/gemma-3-1b-it,NVIDIA GeForce RTX 5060 Ti,42,MuSiQue,3,16,109,multi-hop,61.1254,62.7331,40.2572,0,0,0,2,7,7,25690112,25690112,8.615,0.03
google/gemma-3-1b-it,NVIDIA GeForce RTX 5060 Ti,42,MuSiQue,3,16,110,multi-hop,37.7067,0.0,0.0,0,1,1,4,260,260,35441868800,35441868800,8.615,0.03
google/gemma-3-1b-it,NVIDIA GeForce RTX 5060 Ti,42,MuSiQue,3,16,111,multi-hop,37.6375,31.6045,0.0,0,0,1,116,372,372,72553070592,72553070592,8.615,0.03
google/gemma-3-1b-it,NVIDIA GeForce RTX 5060 Ti,42,MuSiQue,3,16,112,semantic,28.3299,0.0,64.7817,0,1,0,103,359,359,67570761728,67570761728,8.615,0.03
google/gemma-3-1b-it,NVIDIA GeForce RTX 5060 Ti,42,MuSiQue,3,16,113,multi-hop,70.7042,0.0,0.0,0,1,1,87,343,343,61681958912,61681958912,8.615,0.03
google/gemma-3-1b-it,NVIDIA GeForce RTX 5060 Ti,42,MuSiQue,3,16,114,multi-hop,42.0677,0.0,0.0,0,1,1,88,344,344,62042144768,62042144768,8.615,0.03
google/gemma-3-1b-it,NVIDIA GeForce RTX 5060 Ti,42,MuSiQue,3,16,115,multi-hop,83.039,44.7893,51.0868,0,0,0,106,362,362,68704796672,68704796672,8.615,0.03
google/gemma-3-1b-it,NVIDIA GeForce RTX 5060 Ti,42,MuSiQue,3,16,116,semantic,50.0652,0.0,0.0,0,1,1,105,335,317,58838220800,52685176832,8.615,0.03
google/gemma-3-1b-it,NVIDIA GeForce RTX 5060 Ti,42,MuSiQue,3,16,117,multi-hop,36.9681,71.0648,50.1872,0,0,0,98,354,353,65701675008,65331003392,8.615,0.03
google/gemma-3-1b-it,NVIDIA GeForce RTX 5060 Ti,42,MuSiQue,3,16,118,multi-hop,66.3893,0.0,0.0,0,1,1,102,358,358,67194847232,67194847232,8.615,0.03
google/gemma-3-1b-it,NVIDIA GeForce RTX 5060 Ti,42,MuSiQue,3,16,119,multi-hop,62.9149,61.8639,0.0,0,0,1,97,353,353,65331003392,65331003392,8.615,0.03
google/gemma-3-1b-it,NVIDIA GeForce RTX 5060 Ti,42,MuSiQue,3,16,120,structural,65.4469,41.3454,42.498,0,0,0,7,263,263,36264476672,36264476672,8.615,0.03
google/gemma-3-1b-it,NVIDIA GeForce RTX 5060 Ti,42,MuSiQue,3,16,121,multi-hop,49.0246,0.0,79.765,0,1,0,105,323,361,54698442752,68325736448,8.615,0.03
google/gemma-3-1b-it,NVIDIA GeForce RTX 5060 Ti,42,MuSiQue,3,16,122,semantic,39.6437,0.0,0.0,0,1,1,5,261,261,35715022848,35715022848,8.615,0.03
google/gemma-3-1b-it,NVIDIA GeForce RTX 5060 Ti,42,MuSiQue,3,16,123,semantic,50.5968,0.0,29.3966,0,1,0,121,312,341,51036291072,60964732928,8.615,0.03
google/gemma-3-1b-it,NVIDIA GeForce RTX 5060 Ti,42,MuSiQue,3,16,124,multi-hop,47.6904,76.9558,0.0,0,0,1,7,129,263,8724676608,36264476672,8.615,0.03
google/gemma-3-1b-it,NVIDIA GeForce RTX 5060 Ti,42,MuSiQue,3,16,125,semantic,79.6991,0.0,61.0433,0,1,0,104,360,360,67947724800,67947724800,8.615,0.03
google/gemma-3-1b-it,NVIDIA GeForce RTX 5060 Ti,42,MuSiQue,3,16,126,semantic,36.3847,0.0,48.2116,0,1,0,39,295,295,45626163200,45626163200,8.615,0.03
google/gemma-3-1b-it,NVIDIA GeForce RTX 5060 Ti,42,MuSiQue,3,16,127,multi-hop,44.448,50.4949,63.3753,0,0,0,35,291,291,44397232128,44397232128,8.615,0.03
google/gemma-3-1b-it,NVIDIA GeForce RTX 5060 Ti,42,MuSiQue,3,16,128,multi-hop,73.1459,47.5509,0.0,0,0,1,9,249,228,32506380288,27254587392,8.615,0.03
google/gemma-3-1b-it,NVIDIA GeForce RTX 5060 Ti,42,MuSiQue,3,16,129,structural,37.0366,74.562,0.0,0,0,1,75,331,319,57441517568,53352071168,8.615,0.03
google/gemma-3-1b-it,NVIDIA GeForce RTX 5060 Ti,42,MuSiQue,3,16,130,semantic,35.4057,0.0,0.0,0,1,1,107,363,363,69084905472,69084905472,8.615,0.03
google/gemma-3-1b-it,NVIDIA GeForce RTX 5060 Ti,42,MuSiQue,3,16,131,semantic,41.0794,0.0,100.3253,0,1,0,107,363,363,69084905472,69084905472,8.615,0.03
google/gemma-3-1b-it,NVIDIA GeForce RTX 5060 Ti,42,MuSiQue,3,16,132,semantic,37.1283,0.0,40.0127,0,1,0,81,255,272,34091827200,38788923392,8.615,0.03
google/gemma-3-1b-it,NVIDIA GeForce RTX 5060 Ti,42,MuSiQue,3,16,133,multi-hop,61.0358,0.0,0.0,0,1,1,114,370,370,71775027200,71775027200,8.615,0.03
google/gemma-3-1b-it,NVIDIA GeForce RTX 5060 Ti,42,MuSiQue,3,16,134,structural,100.9931,51.2977,59.8835,0,0,0,77,239,333,29947854848,58137772032,8.615,0.03
google/gemma-3-1b-it,NVIDIA GeForce RTX 5060 Ti,42,MuSiQue,3,16,135,multi-hop,77.6776,0.0,93.458,0,1,0,123,379,379,75309252608,75309252608,8.615,0.03
google/gemma-3-1b-it,NVIDIA GeForce RTX 5060 Ti,42,MuSiQue,3,16,136,semantic,55.3929,0.0,48.9601,0,1,0,120,376,376,74121740288,74121740288,8.615,0.03
google/gemma-3-1b-it,NVIDIA GeForce RTX 5060 Ti,42,MuSiQue,3,16,137,semantic,34.2491,0.0,27.5819,0,1,0,114,370,346,71775027200,62765662208,8.615,0.03
google/gemma-3-1b-it,NVIDIA GeForce RTX 5060 Ti,42,MuSiQue,3,16,138,semantic,68.7888,0.0,36.2277,0,1,0,142,353,398,65331003392,83049316352,8.615,0.03
google/gemma-3-1b-it,NVIDIA GeForce RTX 5060 Ti,42,MuSiQue,3,16,139,multi-hop,51.0137,54.4383,86.275,0,0,0,77,333,333,58137772032,58137772032,8.615,0.03
google/gemma-3-1b-it,NVIDIA GeForce RTX 5060 Ti,42,MuSiQue,3,16,140,structural,43.8992,0.0,0.0,0,1,1,125,381,344,76106170368,62042144768,8.615,0.03
google/gemma-3-1b-it,NVIDIA GeForce RTX 5060 Ti,42,MuSiQue,3,16,141,semantic,45.5544,0.0,52.6005,0,1,0,88,278,228,40519073792,27254587392,8.615,0.03
google/gemma-3-1b-it,NVIDIA GeForce RTX 5060 Ti,42,MuSiQue,3,16,142,multi-hop,40.1581,44.9741,49.7326,0,0,0,53,309,309,50059542528,50059542528,8.615,0.03
google/gemma-3-1b-it,NVIDIA GeForce RTX 5060 Ti,42,MuSiQue,3,16,143,semantic,81.0469,0.0,58.4706,0,1,0,115,371,371,72163524608,72163524608,8.615,0.03
google/gemma-3-1b-it,NVIDIA GeForce RTX 5060 Ti,42,MuSiQue,3,16,144,multi-hop,0.0,0.0,0.0,1,1,1,88,278,228,40519073792,27254587392,8.615,0.03
google/gemma-3-1b-it,NVIDIA GeForce RTX 5060 Ti,42,MuSiQue,3,16,145,multi-hop,41.5228,0.0,0.0,0,1,1,102,328,358,56405000192,67194847232,8.615,0.03
google/gemma-3-1b-it,NVIDIA GeForce RTX 5060 Ti,42,MuSiQue,3,16,146,multi-hop,45.1757,0.0,73.5705,0,1,0,20,145,276,11023155200,39938162688,8.615,0.03
google/gemma-3-1b-it,NVIDIA GeForce RTX 5060 Ti,42,MuSiQue,3,16,147,multi-hop,45.2635,0.0,0.0,0,1,1,54,250,240,32768000000,30198988800,8.615,0.03
google/gemma-3-1b-it,NVIDIA GeForce RTX 5060 Ti,42,MuSiQue,3,16,148,multi-hop,42.9043,32.6544,93.764,0,0,0,118,339,270,60251701248,38220595200,8.615,0.03
google/gemma-3-1b-it,NVIDIA GeForce RTX 5060 Ti,42,MuSiQue,3,16,149,multi-hop,45.1287,82.394,52.7306,0,0,0,57,313,313,51363971072,51363971072,8.615,0.03
google/gemma-3-1b-it,NVIDIA GeForce RTX 5060 Ti,42,MuSiQue,3,16,150,semantic,36.1046,0.0,0.0,0,1,1,110,274,362,39361445888,68704796672,8.615,0.03
google/gemma-3-1b-it,NVIDIA GeForce RTX 5060 Ti,42,MuSiQue,3,16,151,structural,73.1656,53.9674,40.7688,0,0,0,119,349,375,63858802688,73728000000,8.615,0.03
google/gemma-3-1b-it,NVIDIA GeForce RTX 5060 Ti,42,MuSiQue,3,16,152,structural,38.8007,0.0,0.0,0,1,1,109,365,365,69848268800,69848268800,8.615,0.03
google/gemma-3-1b-it,NVIDIA GeForce RTX 5060 Ti,42,MuSiQue,3,16,153,structural,72.2021,40.7415,42.332,0,0,0,103,359,359,67570761728,67570761728,8.615,0.03
google/gemma-3-1b-it,NVIDIA GeForce RTX 5060 Ti,42,MuSiQue,3,16,154,multi-hop,0.0,0.0,0.0,1,1,1,119,349,375,63858802688,73728000000,8.615,0.03
google/gemma-3-1b-it,NVIDIA GeForce RTX 5060 Ti,42,MuSiQue,3,16,155,multi-hop,0.0,0.0,71.2508,1,1,0,68,324,276,55037657088,39938162688,8.615,0.03
google/gemma-3-1b-it,NVIDIA GeForce RTX 5060 Ti,42,MuSiQue,3,16,156,structural,56.8322,42.1465,56.3953,0,0,0,104,360,360,67947724800,67947724800,8.615,0.03
google/gemma-3-1b-it,NVIDIA GeForce RTX 5060 Ti,42,MuSiQue,3,16,157,multi-hop,0.0,0.0,0.0,1,1,1,115,371,371,72163524608,72163524608,8.615,0.03
google/gemma-3-1b-it,NVIDIA GeForce RTX 5060 Ti,42,MuSiQue,3,16,158,multi-hop,39.1056,0.0,0.0,0,1,1,5,86,217,3877634048,24688197632,8.615,0.03
google/gemma-3-1b-it,NVIDIA GeForce RTX 5060 Ti,42,MuSiQue,3,16,159,structural,43.4015,29.865,0.0,0,0,1,86,246,240,31727812608,30198988800,8.615,0.03
google/gemma-3-1b-it,NVIDIA GeForce RTX 5060 Ti,42,MuSiQue,3,16,160,semantic,43.9934,0.0,0.0,0,1,1,3,17,17,151519232,151519232,8.615,0.03
google/gemma-3-1b-it,NVIDIA GeForce RTX 5060 Ti,42,MuSiQue,3,16,161,multi-hop,37.8675,0.0,0.0,0,1,1,96,293,260,45009600512,35441868800,8.615,0.03
google/gemma-3-1b-it,NVIDIA GeForce RTX 5060 Ti,42,MuSiQue,3,16,162,multi-hop,61.8941,53.8056,59.0216,0,0,0,39,225,295,26542080000,45626163200,8.615,0.03
google/gemma-3-1b-it,NVIDIA GeForce RTX 5060 Ti,42,MuSiQue,3,16,163,multi-hop,34.1531,64.6673,0.0,0,0,1,53,309,270,50059542528,38220595200,8.615,0.03
google/gemma-3-1b-it,NVIDIA GeForce RTX 5060 Ti,42,MuSiQue,3,16,164,semantic,109.7094,0.0,0.0,0,1,1,53,309,309,50059542528,50059542528,8.615,0.03
google/gemma-3-1b-it,NVIDIA GeForce RTX 5060 Ti,42,MuSiQue,3,16,165,multi-hop,37.9149,0.0,0.0,0,1,1,97,353,353,65331003392,65331003392,8.615,0.03
google/gemma-3-1b-it,NVIDIA GeForce RTX 5060 Ti,42,MuSiQue,3,16,166,multi-hop,34.9874,0.0,50.8585,0,1,0,103,359,359,67570761728,67570761728,8.615,0.03
google/gemma-3-1b-it,NVIDIA GeForce RTX 5060 Ti,42,MuSiQue,3,16,167,multi-hop,71.9887,55.5759,39.9446,0,0,0,35,291,291,44397232128,44397232128,8.615,0.03
google/gemma-3-1b-it,NVIDIA GeForce RTX 5060 Ti,42,MuSiQue,3,16,168,semantic,39.9793,0.0,0.0,0,1,1,111,367,246,70615826432,31727812608,8.615,0.03
google/gemma-3-1b-it,NVIDIA GeForce RTX 5060 Ti,42,MuSiQue,3,16,169,multi-hop,0.0,0.0,0.0,1,1,1,114,370,370,71775027200,71775027200,8.615,0.03
google/gemma-3-1b-it,NVIDIA GeForce RTX 5060 Ti,42,MuSiQue,3,16,170,multi-hop,49.3657,95.6168,47.3474,0,0,0,79,329,329,56749457408,56749457408,8.615,0.03
google/gemma-3-1b-it,NVIDIA GeForce RTX 5060 Ti,42,MuSiQue,3,16,171,multi-hop,40.5211,0.0,0.0,0,1,1,43,299,299,46871871488,46871871488,8.615,0.03
google/gemma-3-1b-it,NVIDIA GeForce RTX 5060 Ti,42,MuSiQue,3,16,172,structural,44.1647,46.0434,35.345,0,0,0,39,225,295,26542080000,45626163200,8.615,0.03
google/gemma-3-1b-it,NVIDIA GeForce RTX 5060 Ti,42,MuSiQue,3,16,173,multi-hop,73.7479,37.5396,86.0256,0,0,0,77,333,333,58137772032,58137772032,8.615,0.03
google/gemma-3-1b-it,NVIDIA GeForce RTX 5060 Ti,42,MuSiQue,3,16,174,semantic,48.4133,0.0,49.2696,0,1,0,124,380,380,75707187200,75707187200,8.615,0.03
google/gemma-3-1b-it,NVIDIA GeForce RTX 5060 Ti,42,MuSiQue,3,16,175,multi-hop,33.1454,47.0474,64.866,0,0,0,111,367,246,70615826432,31727812608,8.615,0.03
google/gemma-3-1b-it,NVIDIA GeForce RTX 5060 Ti,42,MuSiQue,3,16,176,multi-hop,75.1281,0.0,61.393,0,1,0,90,346,343,62765662208,61681958912,8.615,0.03
google/gemma-3-1b-it,NVIDIA GeForce RTX 5060 Ti,42,MuSiQue,3,16,177,multi-hop,61.7146,0.0,63.9085,0,1,0,27,283,283,41989701632,41989701632,8.615,0.03
google/gemma-3-1b-it,NVIDIA GeForce RTX 5060 Ti,42,MuSiQue,3,16,178,structural,31.5506,0.0,0.0,0,1,1,143,399,399,83467173888,83467173888,8.615,0.03
google/gemma-3-1b-it,NVIDIA GeForce RTX 5060 Ti,42,MuSiQue,3,16,179,structural,42.7288,41.0509,0.0,0,0,1,30,265,264,36818124800,36540776448,8.615,0.03
google/gemma-3-1b-it,NVIDIA GeForce RTX 5060 Ti,42,MuSiQue,3,16,180,semantic,38.3077,0.0,57.1076,0,1,0,19,275,275,39649280000,39649280000,8.615,0.03
google/gemma-3-1b-it,NVIDIA GeForce RTX 5060 Ti,42,MuSiQue,3,16,181,structural,28.8842,39.6002,0.0,0,0,1,90,346,343,62765662208,61681958912,8.615,0.03
google/gemma-3-1b-it,NVIDIA GeForce RTX 5060 Ti,42,MuSiQue,3,16,182,multi-hop,0.0,0.0,0.0,1,1,1,54,250,240,32768000000,30198988800,8.615,0.03
google/gemma-3-1b-it,NVIDIA GeForce RTX 5060 Ti,42,MuSiQue,3,16,183,multi-hop,49.1982,0.0,0.0,0,1,1,110,274,362,39361445888,68704796672,8.615,0.03
google/gemma-3-1b-it,NVIDIA GeForce RTX 5060 Ti,42,MuSiQue,3,16,184,structural,44.4562,0.0,0.0,0,1,1,92,348,348,63493373952,63493373952,8.615,0.03
google/gemma-3-1b-it,NVIDIA GeForce RTX 5060 Ti,42,MuSiQue,3,16,185,multi-hop,63.3436,0.0,70.4518,0,1,0,100,356,356,66446163968,66446163968,8.615,0.03
google/gemma-3-1b-it,NVIDIA GeForce RTX 5060 Ti,42,MuSiQue,3,16,186,semantic,75.3335,0.0,30.3678,0,1,0,109,365,365,69848268800,69848268800,8.615,0.03
google/gemma-3-1b-it,NVIDIA GeForce RTX 5060 Ti,42,MuSiQue,3,16,187,multi-hop,54.1658,31.731,0.0,0,0,1,66,322,322,54360276992,54360276992,8.615,0.03
google/gemma-3-1b-it,NVIDIA GeForce RTX 5060 Ti,42,MuSiQue,3,16,188,multi-hop,42.3572,0.0,39.7332,0,1,0,114,370,346,71775027200,62765662208,8.615,0.03
google/gemma-3-1b-it,NVIDIA GeForce RTX 5060 Ti,42,MuSiQue,3,16,189,structural,65.2308,73.773,0.0,0,0,1,111,367,367,70615826432,70615826432,8.615,0.03
google/gemma-3-1b-it,NVIDIA GeForce RTX 5060 Ti,42,MuSiQue,3,16,190,structural,43.9926,38.7664,60.5329,0,0,0,34,222,290,25839009792,44092620800,8.615,0.03
google/gemma-3-1b-it,NVIDIA GeForce RTX 5060 Ti,42,MuSiQue,3,16,191,structural,33.5798,73.5625,75.1366,0,0,0,39,252,259,33294385152,35169763328,8.615,0.03
google/gemma-3-1b-it,NVIDIA GeForce RTX 5060 Ti,42,MuSiQue,3,16,192,multi-hop,59.9862,0.0,0.0,0,1,1,116,372,320,72553070592,53687091200,8.615,0.03
google/gemma-3-1b-it,NVIDIA GeForce RTX 5060 Ti,42,MuSiQue,3,16,193,semantic,37.5751,0.0,41.7698,0,1,0,71,253,275,33559150592,39649280000,8.615,0.03
google/gemma-3-1b-it,NVIDIA GeForce RTX 5060 Ti,42,MuSiQue,3,16,194,multi-hop,47.4699,41.0259,40.6254,0,0,0,128,384,384,77309411328,77309411328,8.615,0.03
google/gemma-3-1b-it,NVIDIA GeForce RTX 5060 Ti,42,MuSiQue,3,16,195,multi-hop,63.4403,65.339,61.6083,0,0,0,104,327,349,56061591552,63858802688,8.615,0.03
google/gemma-3-1b-it,NVIDIA GeForce RTX 5060 Ti,42,MuSiQue,3,16,196,multi-hop,67.9071,0.0,53.6574,0,1,0,101,357,357,66819981312,66819981312,8.615,0.03
google/gemma-3-1b-it,NVIDIA GeForce RTX 5060 Ti,42,MuSiQue,3,16,197,semantic,70.6283,0.0,59.754,0,1,0,72,275,328,39649280000,56405000192,8.615,0.03
google/gemma-3-1b-it,NVIDIA GeForce RTX 5060 Ti,42,MuSiQue,3,16,198,semantic,0.0,0.0,0.0,1,1,1,91,347,347,63128993792,63128993792,8.615,0.03
google/gemma-3-1b-it,NVIDIA GeForce RTX 5060 Ti,42,MuSiQue,3,16,199,semantic,72.2384,0.0,34.741,0,1,0,13,269,269,37938003968,37938003968,8.615,0.03
google/gemma-3-1b-it,NVIDIA GeForce RTX 5060 Ti,42,MuSiQue,3,16,200,multi-hop,72.8963,39.9224,0.0,0,0,1,121,312,341,51036291072,60964732928,8.615,0.03
google/gemma-3-1b-it,NVIDIA GeForce RTX 5060 Ti,42,MuSiQue,3,16,201,multi-hop,42.5609,0.0,54.4619,0,1,0,102,358,358,67194847232,67194847232,8.615,0.03
google/gemma-3-1b-it,NVIDIA GeForce RTX 5060 Ti,42,MuSiQue,3,16,202,semantic,39.5691,0.0,40.1754,0,1,0,51,307,307,49413619712,49413619712,8.615,0.03
google/gemma-3-1b-it,NVIDIA GeForce RTX 5060 Ti,42,MuSiQue,3,16,203,semantic,48.3161,0.0,79.4077,0,1,0,35,291,264,44397232128,36540776448,8.615,0.03
google/gemma-3-1b-it,NVIDIA GeForce RTX 5060 Ti,42,MuSiQue,3,16,204,multi-hop,38.7029,62.3781,0.0,0,0,1,112,368,361,71001178112,68325736448,8.615,0.03
google/gemma-3-1b-it,NVIDIA GeForce RTX 5060 Ti,42,MuSiQue,3,16,205,multi-hop,35.4715,44.1407,48.105,0,0,0,102,347,358,63128993792,67194847232,8.615,0.03
google/gemma-3-1b-it,NVIDIA GeForce RTX 5060 Ti,42,MuSiQue,3,16,206,multi-hop,36.0575,0.0,0.0,0,1,1,99,355,355,66073395200,66073395200,8.615,0.03
google/gemma-3-1b-it,NVIDIA GeForce RTX 5060 Ti,42,MuSiQue,3,16,207,multi-hop,40.5223,0.0,61.5092,0,1,0,91,287,246,43185078272,31727812608,8.615,0.03
google/gemma-3-1b-it,NVIDIA GeForce RTX 5060 Ti,42,MuSiQue,3,16,208,semantic,52.4149,0.0,48.7997,0,1,0,120,376,276,74121740288,39938162688,8.615,0.03
google/gemma-3-1b-it,NVIDIA GeForce RTX 5060 Ti,42,MuSiQue,3,16,209,semantic,33.7402,0.0,63.3608,0,1,0,61,304,291,48452599808,44397232128,8.615,0.03
google/gemma-3-1b-it,NVIDIA GeForce RTX 5060 Ti,42,MuSiQue,3,16,210,multi-hop,34.7854,0.0,0.0,0,1,1,110,366,366,70231523328,70231523328,8.615,0.03
google/gemma-3-1b-it,NVIDIA GeForce RTX 5060 Ti,42,MuSiQue,3,16,211,multi-hop,76.5008,49.0714,32.4821,0,0,0,48,304,304,48452599808,48452599808,8.615,0.03
google/gemma-3-1b-it,NVIDIA GeForce RTX 5060 Ti,42,MuSiQue,3,16,212,semantic,46.3828,0.0,91.1982,0,1,0,103,340,234,60607692800,28707913728,8.615,0.03
google/gemma-3-1b-it,NVIDIA GeForce RTX 5060 Ti,42,MuSiQue,3,16,213,structural,36.8506,49.1126,37.4503,0,0,0,96,293,260,45009600512,35441868800,8.615,0.03
google/gemma-3-1b-it,NVIDIA GeForce RTX 5060 Ti,42,MuSiQue,3,16,214,multi-hop,49.9498,0.0,64.4681,0,1,0,46,302,302,47817162752,47817162752,8.615,0.03
google/gemma-3-1b-it,NVIDIA GeForce RTX 5060 Ti,42,MuSiQue,3,16,215,multi-hop,32.1461,55.224,36.2906,0,0,0,2,7,7,25690112,25690112,8.615,0.03
google/gemma-3-1b-it,NVIDIA GeForce RTX 5060 Ti,42,MuSiQue,3,16,216,multi-hop,39.3964,0.0,56.4924,0,1,0,77,239,333,29947854848,58137772032,8.615,0.03
google/gemma-3-1b-it,NVIDIA GeForce RTX 5060 Ti,42,MuSiQue,3,16,217,semantic,42.337,0.0,78.176,0,1,0,94,275,329,39649280000,56749457408,8.615,0.03
google/gemma-3-1b-it,NVIDIA GeForce RTX 5060 Ti,42,MuSiQue,3,16,218,semantic,44.2241,0.0,0.0,0,1,1,92,329,329,56749457408,56749457408,8.615,0.03
google/gemma-3-1b-it,NVIDIA GeForce RTX 5060 Ti,42,MuSiQue,3,16,219,structural,58.0933,69.386,49.1047,0,0,0,121,377,377,74516529152,74516529152,8.615,0.03
google/gemma-3-1b-it,NVIDIA GeForce RTX 5060 Ti,42,MuSiQue,3,16,220,multi-hop,0.0,0.0,0.0,1,1,1,103,359,359,67570761728,67570761728,8.615,0.03
google/gemma-3-1b-it,NVIDIA GeForce RTX 5060 Ti,42,MuSiQue,3,16,221,semantic,43.1754,0.0,71.635,0,1,0,57,313,313,51363971072,51363971072,8.615,0.03
google/gemma-3-1b-it,NVIDIA GeForce RTX 5060 Ti,42,MuSiQue,3,16,222,structural,74.7786,78.0744,97.7948,0,0,0,5,17,17,151519232,151519232,8.615,0.03
google/gemma-3-1b-it,NVIDIA GeForce RTX 5060 Ti,42,MuSiQue,3,16,223,multi-hop,70.9728,0.0,48.1197,0,1,0,33,215,289,24235212800,43789058048,8.615,0.03
google/gemma-3-1b-it,NVIDIA GeForce RTX 5060 Ti,42,MuSiQue,3,16,224,multi-hop,60.9474,0.0,0.0,0,1,1,103,359,334,67570761728,58487472128,8.615,0.03
google/gemma-3-1b-it,NVIDIA GeForce RTX 5060 Ti,42,MuSiQue,3,16,225,structural,62.801,31.8171,58.849,0,0,0,115,371,371,72163524608,72163524608,8.615,0.03
google/gemma-3-1b-it,NVIDIA GeForce RTX 5060 Ti,42,MuSiQue,3,16,226,semantic,0.0,0.0,0.0,1,1,1,92,348,348,63493373952,63493373952,8.615,0.03
google/gemma-3-1b-it,NVIDIA GeForce RTX 5060 Ti,42,MuSiQue,3,16,227,semantic,31.4727,0.0,35.5248,0,1,0,39,295,295,45626163200,45626163200,8.615,0.03
google/gemma-3-1b-it,NVIDIA GeForce RTX 5060 Ti,42,MuSiQue,3,16,228,structural,57.9081,0.0,0.0,0,1,1,137,393,393,80975757312,80975757312,8.615,0.03
google/gemma-3-1b-it,NVIDIA GeForce RTX 5060 Ti,42,MuSiQue,3,16,229,multi-hop,49.7564,0.0,51.552,0,1,0,92,348,348,63493373952,63493373952,8.615,0.03
google/gemma-3-1b-it,NVIDIA GeForce RTX 5060 Ti,42,MuSiQue,3,16,230,structural,44.3164,58.837,90.8318,0,0,0,105,323,361,54698442752,68325736448,8.615,0.03
google/gemma-3-1b-it,NVIDIA GeForce RTX 5060 Ti,42,MuSiQue,3,16,231,semantic,36.9701,0.0,43.7085,0,1,0,103,359,359,67570761728,67570761728,8.615,0.03
google/gemma-3-1b-it,NVIDIA GeForce RTX 5060 Ti,42,MuSiQue,3,16,232,structural,33.4781,77.913,0.0,0,0,1,137,393,393,80975757312,80975757312,8.615,0.03
google/gemma-3-1b-it,NVIDIA GeForce RTX 5060 Ti,42,MuSiQue,3,16,233,structural,30.7414,53.8862,36.1055,0,0,0,39,225,295,26542080000,45626163200,8.615,0.03
google/gemma-3-1b-it,NVIDIA GeForce RTX 5060 Ti,42,MuSiQue,3,16,234,semantic,46.4633,0.0,64.2229,0,1,0,87,343,343,61681958912,61681958912,8.615,0.03
google/gemma-3-1b-it,NVIDIA GeForce RTX 5060 Ti,42,MuSiQue,3,16,235,multi-hop,0.0,0.0,95.2791,1,1,0,39,295,295,45626163200,45626163200,8.615,0.03
google/gemma-3-1b-it,NVIDIA GeForce RTX 5060 Ti,42,MuSiQue,3,16,236,multi-hop,88.3051,0.0,58.2997,0,1,0,114,370,370,71775027200,71775027200,8.615,0.03
google/gemma-3-1b-it,NVIDIA GeForce RTX 5060 Ti,42,MuSiQue,3,16,237,structural,51.1226,56.8308,0.0,0,0,1,111,367,367,70615826432,70615826432,8.615,0.03
google/gemma-3-1b-it,NVIDIA GeForce RTX 5060 Ti,42,MuSiQue,3,16,238,multi-hop,46.629,0.0,0.0,0,1,1,108,364,338,69466062848,59896758272,8.615,0.03
google/gemma-3-1b-it,NVIDIA GeForce RTX 5060 Ti,42,MuSiQue,3,16,239,structural,49.4651,47.2831,55.6252,0,0,0,96,352,352,64961380352,64961380352,8.615,0.03
google/gemma-3-1b-it,NVIDIA GeForce RTX 5060 Ti,42,MuSiQue,3,16,240,multi-hop,47.2659,0.0,33.6003,0,1,0,102,252,259,33294385152,35169763328,8.615,0.03
google/gemma-3-1b-it,NVIDIA GeForce RTX 5060 Ti,42,MuSiQue,3,16,241,multi-hop,45.4168,0.0,69.5735,0,1,0,100,356,356,66446163968,66446163968,8.615,0.03
google/gemma-3-1b-it,NVIDIA GeForce RTX 5060 Ti,42,MuSiQue,3,16,242,multi-hop,38.6792,75.7211,36.5313,0,0,0,105,267,338,37375967232,59896758272,8.615,0.03
google/gemma-3-1b-it,NVIDIA GeForce RTX 5060 Ti,42,MuSiQue,3,16,243,multi-hop,46.5796,0.0,0.0,0,1,1,108,364,348,69466062848,63493373952,8.615,0.03
google/gemma-3-1b-it,NVIDIA GeForce RTX 5060 Ti,42,MuSiQue,3,16,244,semantic,49.3351,0.0,0.0,0,1,1,77,319,333,53352071168,58137772032,8.615,0.03
google/gemma-3-1b-it,NVIDIA GeForce RTX 5060 Ti,42,MuSiQue,3,16,245,multi-hop,32.4631,33.7001,43.2926,0,0,0,102,358,358,67194847232,67194847232,8.615,0.03
google/gemma-3-1b-it,NVIDIA GeForce RTX 5060 Ti,42,MuSiQue,3,16,246,structural,49.5548,0.0,0.0,0,1,1,113,352,352,64961380352,64961380352,8.615,0.03
google/gemma-3-1b-it,NVIDIA GeForce RTX 5060 Ti,42,MuSiQue,3,16,247,structural,65.8412,0.0,0.0,0,1,1,37,293,293,45009600512,45009600512,8.615,0.03
google/gemma-3-1b-it,NVIDIA GeForce RTX 5060 Ti,42,MuSiQue,3,16,248,semantic,55.6351,0.0,0.0,0,1,1,16,272,272,38788923392,38788923392,8.615,0.03
google/gemma-3-1b-it,NVIDIA GeForce RTX 5060 Ti,42,MuSiQue,3,16,249,multi-hop,79.602,0.0,60.5621,0,1,0,110,366,366,70231523328,70231523328,8.615,0.03
google/gemma-3-1b-it,NVIDIA GeForce RTX 5060 Ti,42,MuSiQue,3,16,250,semantic,39.3147,0.0,0.0,0,1,1,99,310,355,50384076800,66073395200,8.615,0.03
google/gemma-3-1b-it,NVIDIA GeForce RTX 5060 Ti,42,MuSiQue,3,16,251,multi-hop,35.1774,0.0,0.0,0,1,1,112,363,368,69084905472,71001178112,8.615,0.03
google/gemma-3-1b-it,NVIDIA GeForce RTX 5060 Ti,42,MuSiQue,3,16,252,multi-hop,32.3512,0.0,0.0,0,1,1,2,7,7,25690112,25690112,8.615,0.03
google/gemma-3-1b-it,NVIDIA GeForce RTX 5060 Ti,42,MuSiQue,3,16,253,multi-hop,31.4961,46.2894,33.3974,0,0,0,30,265,264,36818124800,36540776448,8.615,0.03
google/gemma-3-1b-it,NVIDIA GeForce RTX 5060 Ti,42,MuSiQue,3,16,254,multi-hop,37.515,34.153,35.8132,0,0,0,20,203,276,21605384192,39938162688,8.615,0.03
google/gemma-3-1b-it,NVIDIA GeForce RTX 5060 Ti,42,MuSiQue,3,16,255,multi-hop,47.4686,45.5337,73.5622,0,0,0,84,340,340,60607692800,60607692800,8.615,0.03
google/gemma-3-1b-it,NVIDIA GeForce RTX 5060 Ti,42,MuSiQue,3,16,256,multi-hop,73.7647,35.9436,65.4323,0,0,0,101,357,357,66819981312,66819981312,8.615,0.03
google/gemma-3-1b-it,NVIDIA GeForce RTX 5060 Ti,42,MuSiQue,3,16,257,semantic,42.2126,0.0,49.5914,0,1,0,9,248,265,32245809152,36818124800,8.615,0.03
google/gemma-3-1b-it,NVIDIA GeForce RTX 5060 Ti,42,MuSiQue,3,16,258,multi-hop,35.0183,0.0,48.6593,0,1,0,33,215,289,24235212800,43789058048,8.615,0.03
google/gemma-3-1b-it,NVIDIA GeForce RTX 5060 Ti,42,MuSiQue,3,16,259,multi-hop,33.157,0.0,54.5759,0,1,0,132,354,388,65701675008,78928412672,8.615,0.03
google/gemma-3-1b-it,NVIDIA GeForce RTX 5060 Ti,42,MuSiQue,3,16,260,structural,36.999,0.0,0.0,0,1,1,100,356,356,66446163968,66446163968,8.615,0.03
google/gemma-3-1b-it,NVIDIA GeForce RTX 5060 Ti,42,MuSiQue,3,16,261,semantic,49.6775,0.0,39.3121,0,1,0,141,397,397,82632507392,82632507392,8.615,0.03
google/gemma-3-1b-it,NVIDIA GeForce RTX 5060 Ti,42,MuSiQue,3,16,262,multi-hop,84.7226,38.8328,50.3135,0,0,0,121,377,377,74516529152,74516529152,8.615,0.03
google/gemma-3-1b-it,NVIDIA GeForce RTX 5060 Ti,42,MuSiQue,3,16,263,semantic,72.1173,0.0,0.0,0,1,1,46,302,302,47817162752,47817162752,8.615,0.03
google/gemma-3-1b-it,NVIDIA GeForce RTX 5060 Ti,42,MuSiQue,3,16,264,semantic,37.8243,0.0,0.0,0,1,1,19,275,275,39649280000,39649280000,8.615,0.03
google/gemma-3-1b-it,NVIDIA GeForce RTX 5060 Ti,42,MuSiQue,3,16,265,semantic,33.9976,0.0,49.1643,0,1,0,92,348,344,63493373952,62042144768,8.615,0.03
google/gemma-3-1b-it,NVIDIA GeForce RTX 5060 Ti,42,MuSiQue,3,16,266,semantic,34.8047,0.0,40.3464,0,1,0,104,360,328,67947724800,56405000192,8.615,0.03
google/gemma-3-1b-it,NVIDIA GeForce RTX 5060 Ti,42,MuSiQue,3,16,267,structural,29.7963,43.8413,70.8162,0,0,0,60,316,316,52353302528,52353302528,8.615,0.03
google/gemma-3-1b-it,NVIDIA GeForce RTX 5060 Ti,42,MuSiQue,3,16,268,structural,87.235,58.4,58.4569,0,0,0,104,327,349,56061591552,63858802688,8.615,0.03
google/gemma-3-1b-it,NVIDIA GeForce RTX 5060 Ti,42,MuSiQue,3,16,269,semantic,47.0225,0.0,0.0,0,1,1,116,372,320,72553070592,53687091200,8.615,0.03
google/gemma-3-1b-it,NVIDIA GeForce RTX 5060 Ti,42,MuSiQue,3,16,270,multi-hop,64.3686,0.0,37.8362,0,1,0,99,355,355,66073395200,66073395200,8.615,0.03
google/gemma-3-1b-it,NVIDIA GeForce RTX 5060 Ti,42,MuSiQue,3,16,271,multi-hop,54.2919,0.0,57.4336,0,1,0,103,359,359,67570761728,67570761728,8.615,0.03
google/gemma-3-1b-it,NVIDIA GeForce RTX 5060 Ti,42,MuSiQue,3,16,272,semantic,60.5112,104.543,33.63,0,0,0,86,342,342,61322821632,61322821632,8.615,0.03
google/gemma-3-1b-it,NVIDIA GeForce RTX 5060 Ti,42,MuSiQue,3,16,273,multi-hop,33.7893,70.152,33.5939,0,0,0,60,316,284,52353302528,42286972928,8.615,0.03
google/gemma-3-1b-it,NVIDIA GeForce RTX 5060 Ti,42,MuSiQue,3,16,274,multi-hop,46.9056,73.5052,41.1927,0,0,0,106,238,264,29697769472,36540776448,8.615,0.03
google/gemma-3-1b-it,NVIDIA GeForce RTX 5060 Ti,42,MuSiQue,3,16,275,multi-hop,34.084,0.0,44.4596,0,1,0,103,359,359,67570761728,67570761728,8.615,0.03
google/gemma-3-1b-it,NVIDIA GeForce RTX 5060 Ti,42,MuSiQue,3,16,276,multi-hop,82.365,0.0,46.5109,0,1,0,87,285,240,42585292800,30198988800,8.615,0.03
google/gemma-3-1b-it,NVIDIA GeForce RTX 5060 Ti,42,MuSiQue,3,16,277,structural,55.2984,54.1477,39.9277,0,0,0,67,323,323,54698442752,54698442752,8.615,0.03
google/gemma-3-1b-it,NVIDIA GeForce RTX 5060 Ti,42,MuSiQue,3,16,278,multi-hop,37.3287,37.8262,56.7452,0,0,0,88,344,334,62042144768,58487472128,8.615,0.03
google/gemma-3-1b-it,NVIDIA GeForce RTX 5060 Ti,42,MuSiQue,3,16,279,structural,38.9603,84.9615,46.4578,0,0,0,119,375,375,73728000000,73728000000,8.615,0.03
google/gemma-3-1b-it,NVIDIA GeForce RTX 5060 Ti,42,MuSiQue,3,16,280,multi-hop,38.3899,36.3864,70.2427,0,0,0,103,359,334,67570761728,58487472128,8.615,0.03
google/gemma-3-1b-it,NVIDIA GeForce RTX 5060 Ti,42,MuSiQue,3,16,281,semantic,60.5821,0.0,0.0,0,1,1,72,328,315,56405000192,52022476800,8.615,0.03
google/gemma-3-1b-it,NVIDIA GeForce RTX 5060 Ti,42,MuSiQue,3,16,282,semantic,44.636,0.0,0.0,0,1,1,4,99,260,5138546688,35441868800,8.615,0.03
google/gemma-3-1b-it,NVIDIA GeForce RTX 5060 Ti,42,MuSiQue,3,16,283,structural,38.9155,59.0299,52.567,0,0,0,72,316,328,52353302528,56405000192,8.615,0.03
google/gemma-3-1b-it,NVIDIA GeForce RTX 5060 Ti,42,MuSiQue,3,16,284,multi-hop,72.038,37.213,36.735,0,0,0,88,344,344,62042144768,62042144768,8.615,0.03
google/gemma-3-1b-it,NVIDIA GeForce RTX 5060 Ti,42,MuSiQue,3,16,285,structural,45.3431,47.8317,0.0,0,0,1,103,359,359,67570761728,67570761728,8.615,0.03
google/gemma-3-1b-it,NVIDIA GeForce RTX 5060 Ti,42,MuSiQue,3,16,286,multi-hop,66.8488,0.0,60.1878,0,1,0,111,367,367,70615826432,70615826432,8.615,0.03
google/gemma-3-1b-it,NVIDIA GeForce RTX 5060 Ti,42,MuSiQue,3,16,287,structural,42.562,42.0642,37.684,0,0,0,93,312,246,51036291072,31727812608,8.615,0.03
google/gemma-3-1b-it,NVIDIA GeForce RTX 5060 Ti,42,MuSiQue,3,16,288,multi-hop,42.6509,0.0,62.2227,0,1,0,110,366,366,70231523328,70231523328,8.615,0.03
google/gemma-3-1b-it,NVIDIA GeForce RTX 5060 Ti,42,MuSiQue,3,16,289,multi-hop,43.1635,0.0,0.0,0,1,1,62,318,318,53018099712,53018099712,8.615,0.03
google/gemma-3-1b-it,NVIDIA GeForce RTX 5060 Ti,42,MuSiQue,3,16,290,semantic,57.759,0.0,56.7872,0,1,0,115,371,371,72163524608,72163524608,8.615,0.03
google/gemma-3-1b-it,NVIDIA GeForce RTX 5060 Ti,42,MuSiQue,3,16,291,multi-hop,39.1195,52.9409,0.0,0,0,1,7,263,263,36264476672,36264476672,8.615,0.03
google/gemma-3-1b-it,NVIDIA GeForce RTX 5060 Ti,42,MuSiQue,3,16,292,multi-hop,38.3365,0.0,36.7459,0,1,0,86,342,342,61322821632,61322821632,8.615,0.03
google/gemma-3-1b-it,NVIDIA GeForce RTX 5060 Ti,42,MuSiQue,3,16,293,multi-hop,0.0,38.8038,0.0,1,0,1,96,352,352,64961380352,64961380352,8.615,0.03
google/gemma-3-1b-it,NVIDIA GeForce RTX 5060 Ti,42,MuSiQue,3,16,294,multi-hop,38.2135,72.3186,35.5251,0,0,0,111,361,361,68325736448,68325736448,8.615,0.03
google/gemma-3-1b-it,NVIDIA GeForce RTX 5060 Ti,42,MuSiQue,3,16,295,semantic,44.0849,0.0,45.7826,0,1,0,105,267,338,37375967232,59896758272,8.615,0.03
google/gemma-3-1b-it,NVIDIA GeForce RTX 5060 Ti,42,MuSiQue,3,16,296,multi-hop,48.2735,55.3496,76.7819,0,0,0,148,404,404,85572190208,85572190208,8.615,0.03
google/gemma-3-1b-it,NVIDIA GeForce RTX 5060 Ti,42,MuSiQue,3,16,297,multi-hop,37.9316,44.6845,81.4479,0,0,0,77,319,333,53352071168,58137772032,8.615,0.03
google/gemma-3-1b-it,NVIDIA GeForce RTX 5060 Ti,42,MuSiQue,3,16,298,structural,66.6317,39.7859,92.7923,0,0,0,94,336,286,59190018048,42884661248,8.615,0.03
google/gemma-3-1b-it,NVIDIA GeForce RTX 5060 Ti,42,MuSiQue,3,16,299,semantic,64.9661,0.0,0.0,0,1,1,65,321,321,54023159808,54023159808,8.615,0.03
google/gemma-3-1b-it,NVIDIA GeForce RTX 5060 Ti,42,MuSiQue,3,16,300,multi-hop,97.2849,0.0,57.6697,0,1,0,120,376,376,74121740288,74121740288,8.615,0.03
google/gemma-3-1b-it,NVIDIA GeForce RTX 5060 Ti,42,MuSiQue,3,16,301,multi-hop,44.0973,42.8295,53.095,0,0,0,131,346,346,62765662208,62765662208,8.615,0.03
google/gemma-3-1b-it,NVIDIA GeForce RTX 5060 Ti,42,MuSiQue,3,16,302,structural,38.2687,87.5926,96.8781,0,0,0,88,278,228,40519073792,27254587392,8.615,0.03
google/gemma-3-1b-it,NVIDIA GeForce RTX 5060 Ti,42,MuSiQue,3,16,303,semantic,59.2102,0.0,39.229,0,1,0,132,388,388,78928412672,78928412672,8.615,0.03
google/gemma-3-1b-it,NVIDIA GeForce RTX 5060 Ti,42,MuSiQue,3,16,304,multi-hop,46.9201,0.0,48.4375,0,1,0,88,321,307,54023159808,49413619712,8.615,0.03
google/gemma-3-1b-it,NVIDIA GeForce RTX 5060 Ti,42,MuSiQue,3,16,305,multi-hop,69.9324,0.0,83.3355,0,1,0,101,357,357,66819981312,66819981312,8.615,0.03
google/gemma-3-1b-it,NVIDIA GeForce RTX 5060 Ti,42,MuSiQue,3,16,306,semantic,35.2147,0.0,86.9501,0,1,0,121,377,377,74516529152,74516529152,8.615,0.03
google/gemma-3-1b-it,NVIDIA GeForce RTX 5060 Ti,42,MuSiQue,3,16,307,semantic,38.3539,0.0,45.0337,0,1,0,91,287,246,43185078272,31727812608,8.615,0.03
google/gemma-3-1b-it,NVIDIA GeForce RTX 5060 Ti,42,MuSiQue,3,16,308,multi-hop,34.6507,73.2316,35.999,0,0,0,43,234,299,28707913728,46871871488,8.615,0.03
google/gemma-3-1b-it,NVIDIA GeForce RTX 5060 Ti,42,MuSiQue,3,16,309,multi-hop,50.644,0.0,47.2988,0,1,0,101,357,357,66819981312,66819981312,8.615,0.03
google/gemma-3-1b-it,NVIDIA GeForce RTX 5060 Ti,42,MuSiQue,3,16,310,structural,49.7158,48.319,42.4688,0,0,0,96,352,352,64961380352,64961380352,8.615,0.03
google/gemma-3-1b-it,NVIDIA GeForce RTX 5060 Ti,42,MuSiQue,3,16,311,multi-hop,69.8579,43.0346,0.0,0,0,1,111,367,367,70615826432,70615826432,8.615,0.03
google/gemma-3-1b-it,NVIDIA GeForce RTX 5060 Ti,42,MuSiQue,3,16,312,multi-hop,45.4116,44.7947,78.3349,0,0,0,13,269,269,37938003968,37938003968,8.615,0.03
google/gemma-3-1b-it,NVIDIA GeForce RTX 5060 Ti,42,MuSiQue,3,16,313,structural,84.3453,97.6115,65.8101,0,0,0,110,366,366,70231523328,70231523328,8.615,0.03
google/gemma-3-1b-it,NVIDIA GeForce RTX 5060 Ti,42,MuSiQue,3,16,314,structural,69.1633,56.8425,62.8877,0,0,0,46,302,302,47817162752,47817162752,8.615,0.03
google/gemma-3-1b-it,NVIDIA GeForce RTX 5060 Ti,42,MuSiQue,3,16,315,multi-hop,35.566,43.396,53.9835,0,0,0,12,227,268,27016036352,37656461312,8.615,0.03
google/gemma-3-1b-it,NVIDIA GeForce RTX 5060 Ti,42,MuSiQue,3,16,316,semantic,66.6339,0.0,0.0,0,1,1,5,261,261,35715022848,35715022848,8.615,0.03
google/gemma-3-1b-it,NVIDIA GeForce RTX 5060 Ti,42,MuSiQue,3,16,317,multi-hop,39.9728,0.0,62.2143,0,1,0,101,357,357,66819981312,66819981312,8.615,0.03
google/gemma-3-1b-it,NVIDIA GeForce RTX 5060 Ti,42,MuSiQue,3,16,318,multi-hop,40.4612,37.7892,48.9804,0,0,0,124,380,380,75707187200,75707187200,8.615,0.03
google/gemma-3-1b-it,NVIDIA GeForce RTX 5060 Ti,42,MuSiQue,3,16,319,semantic,57.0974,0.0,56.129,0,1,0,106,362,362,68704796672,68704796672,8.615,0.03
google/gemma-3-1b-it,NVIDIA GeForce RTX 5060 Ti,42,MuSiQue,3,16,320,multi-hop,48.8936,0.0,43.0898,0,1,0,103,359,359,67570761728,67570761728,8.615,0.03
google/gemma-3-1b-it,NVIDIA GeForce RTX 5060 Ti,42,MuSiQue,3,16,321,multi-hop,37.7497,45.7478,68.2978,0,0,0,104,360,360,67947724800,67947724800,8.615,0.03
google/gemma-3-1b-it,NVIDIA GeForce RTX 5060 Ti,42,MuSiQue,3,16,322,multi-hop,47.8564,59.9141,0.0,0,0,1,111,367,367,70615826432,70615826432,8.615,0.03
google/gemma-3-1b-it,NVIDIA GeForce RTX 5060 Ti,42,MuSiQue,3,16,323,structural,0.0,89.6362,58.4521,1,0,0,129,385,385,77712588800,77712588800,8.615,0.03
google/gemma-3-1b-it,NVIDIA GeForce RTX 5060 Ti,42,MuSiQue,3,16,324,semantic,52.6363,0.0,0.0,0,1,1,112,368,368,71001178112,71001178112,8.615,0.03
google/gemma-3-1b-it,NVIDIA GeForce RTX 5060 Ti,42,MuSiQue,3,16,325,semantic,38.567,0.0,0.0,0,1,1,119,309,309,50059542528,50059542528,8.615,0.03
google/gemma-3-1b-it,NVIDIA GeForce RTX 5060 Ti,42,MuSiQue,3,16,326,multi-hop,40.1024,47.4004,0.0,0,0,1,71,253,275,33559150592,39649280000,8.615,0.03
google/gemma-3-1b-it,NVIDIA GeForce RTX 5060 Ti,42,MuSiQue,3,16,327,structural,42.328,0.0,60.882,0,1,0,121,312,341,51036291072,60964732928,8.615,0.03
google/gemma-3-1b-it,NVIDIA GeForce RTX 5060 Ti,42,MuSiQue,3,16,328,multi-hop,43.8936,0.0,40.7567,0,1,0,40,160,260,13421772800,35441868800,8.615,0.03
google/gemma-3-1b-it,NVIDIA GeForce RTX 5060 Ti,42,MuSiQue,3,16,329,multi-hop,35.1077,40.7312,40.9884,0,0,0,20,145,276,11023155200,39938162688,8.615,0.03
google/gemma-3-1b-it,NVIDIA GeForce RTX 5060 Ti,42,MuSiQue,3,16,330,structural,54.9254,44.373,35.8459,0,0,0,96,329,344,56749457408,62042144768,8.615,0.03
google/gemma-3-1b-it,NVIDIA GeForce RTX 5060 Ti,42,MuSiQue,3,16,331,multi-hop,55.4823,0.0,38.8067,0,1,0,104,360,328,67947724800,56405000192,8.615,0.03
google/gemma-3-1b-it,NVIDIA GeForce RTX 5060 Ti,42,MuSiQue,3,16,332,multi-hop,49.6856,38.6416,94.3054,0,0,0,73,329,296,56749457408,45936017408,8.615,0.03
google/gemma-3-1b-it,NVIDIA GeForce RTX 5060 Ti,42,MuSiQue,3,16,333,semantic,65.3977,0.0,33.0969,0,1,0,114,370,370,71775027200,71775027200,8.615,0.03
google/gemma-3-1b-it,NVIDIA GeForce RTX 5060 Ti,42,MuSiQue,3,16,334,semantic,45.4131,0.0,85.2343,0,1,0,170,426,426,95145689088,95145689088,8.615,0.03
google/gemma-3-1b-it,NVIDIA GeForce RTX 5060 Ti,42,MuSiQue,3,16,335,multi-hop,59.5719,72.8757,45.6381,0,0,0,14,270,270,38220595200,38220595200,8.615,0.03
google/gemma-3-1b-it,NVIDIA GeForce RTX 5060 Ti,42,MuSiQue,3,16,336,multi-hop,71.4764,0.0,0.0,0,1,1,118,315,315,52022476800,52022476800,8.615,0.03
google/gemma-3-1b-it,NVIDIA GeForce RTX 5060 Ti,42,MuSiQue,3,16,337,structural,42.6295,48.6232,44.7005,0,0,0,4,190,242,18926796800,30704402432,8.615,0.03
google/gemma-3-1b-it,NVIDIA GeForce RTX 5060 Ti,42,MuSiQue,3,16,338,multi-hop,81.6386,0.0,57.9221,0,1,0,87,343,343,61681958912,61681958912,8.615,0.03
google/gemma-3-1b-it,NVIDIA GeForce RTX 5060 Ti,42,MuSiQue,3,16,339,multi-hop,71.5483,0.0,39.3802,0,1,0,114,349,370,63858802688,71775027200,8.615,0.03
google/gemma-3-1b-it,NVIDIA GeForce RTX 5060 Ti,42,MuSiQue,3,16,340,semantic,54.1999,0.0,37.1435,0,1,0,26,282,234,41693478912,28707913728,8.615,0.03
google/gemma-3-1b-it,NVIDIA GeForce RTX 5060 Ti,42,MuSiQue,3,16,341,semantic,0.0,0.0,46.5163,1,1,0,25,281,281,41398304768,41398304768,8.615,0.03
google/gemma-3-1b-it,NVIDIA GeForce RTX 5060 Ti,42,MuSiQue,3,16,342,multi-hop,49.2157,0.0,63.1618,0,1,0,4,190,242,18926796800,30704402432,8.615,0.03
google/gemma-3-1b-it,NVIDIA GeForce RTX 5060 Ti,42,MuSiQue,3,16,343,structural,32.8711,52.4338,0.0,0,0,1,110,366,366,70231523328,70231523328,8.615,0.03
google/gemma-3-1b-it,NVIDIA GeForce RTX 5060 Ti,42,MuSiQue,3,16,344,multi-hop,47.5945,40.1416,45.1268,0,0,0,2,7,7,25690112,25690112,8.615,0.03
google/gemma-3-1b-it,NVIDIA GeForce RTX 5060 Ti,42,MuSiQue,3,16,345,semantic,52.777,0.0,0.0,0,1,1,115,332,294,57789120512,45317357568,8.615,0.03
google/gemma-3-1b-it,NVIDIA GeForce RTX 5060 Ti,42,MuSiQue,3,16,346,semantic,46.9467,0.0,54.4022,0,1,0,115,317,371,52685176832,72163524608,8.615,0.03
google/gemma-3-1b-it,NVIDIA GeForce RTX 5060 Ti,42,MuSiQue,3,16,347,structural,51.6474,31.6323,63.0135,0,0,0,92,348,344,63493373952,62042144768,8.615,0.03
google/gemma-3-1b-it,NVIDIA GeForce RTX 5060 Ti,42,MuSiQue,3,16,348,structural,77.3431,37.545,55.6658,0,0,0,89,345,345,62403379200,62403379200,8.615,0.03
google/gemma-3-1b-it,NVIDIA GeForce RTX 5060 Ti,42,MuSiQue,3,16,349,semantic,0.0,0.0,0.0,1,1,1,115,317,371,52685176832,72163524608,8.615,0.03
google/gemma-3-1b-it,NVIDIA GeForce RTX 5060 Ti,42,MuSiQue,3,16,350,semantic,70.5933,0.0,53.7174,0,1,0,100,356,356,66446163968,66446163968,8.615,0.03
google/gemma-3-1b-it,NVIDIA GeForce RTX 5060 Ti,42,MuSiQue,3,16,351,multi-hop,63.4585,67.6372,63.3262,0,0,0,110,274,362,39361445888,68704796672,8.615,0.03
google/gemma-3-1b-it,NVIDIA GeForce RTX 5060 Ti,42,MuSiQue,3,16,352,structural,107.6133,58.5523,0.0,0,0,1,90,346,292,62765662208,44702892032,8.615,0.03
google/gemma-3-1b-it,NVIDIA GeForce RTX 5060 Ti,42,MuSiQue,3,16,353,semantic,40.8622,0.0,0.0,0,1,1,72,328,328,56405000192,56405000192,8.615,0.03
google/gemma-3-1b-it,NVIDIA GeForce RTX 5060 Ti,42,MuSiQue,3,16,354,semantic,38.5998,0.0,38.4856,0,1,0,33,215,289,24235212800,43789058048,8.615,0.03
google/gemma-3-1b-it,NVIDIA GeForce RTX 5060 Ti,42,MuSiQue,3,16,355,semantic,62.9574,0.0,0.0,0,1,1,99,310,355,50384076800,66073395200,8.615,0.03
google/gemma-3-1b-it,NVIDIA GeForce RTX 5060 Ti,42,MuSiQue,3,16,356,multi-hop,37.7982,34.3838,38.8921,0,0,0,123,379,379,75309252608,75309252608,8.615,0.03
google/gemma-3-1b-it,NVIDIA GeForce RTX 5060 Ti,42,MuSiQue,3,16,357,structural,39.2609,0.0,0.0,0,1,1,95,320,320,53687091200,53687091200,8.615,0.03
google/gemma-3-1b-it,NVIDIA GeForce RTX 5060 Ti,42,MuSiQue,3,16,358,multi-hop,41.2661,48.9376,33.6418,0,0,0,102,358,358,67194847232,67194847232,8.615,0.03
google/gemma-3-1b-it,NVIDIA GeForce RTX 5060 Ti,42,MuSiQue,3,16,359,structural,59.3181,52.4735,33.9132,0,0,0,107,291,363,44397232128,69084905472,8.615,0.03
google/gemma-3-1b-it,NVIDIA GeForce RTX 5060 Ti,42,MuSiQue,3,16,360,structural,67.073,40.316,68.012,0,0,0,57,245,313,31470387200,51363971072,8.615,0.03
google/gemma-3-1b-it,NVIDIA GeForce RTX 5060 Ti,42,MuSiQue,3,16,361,semantic,40.856,0.0,0.0,0,1,1,121,377,377,74516529152,74516529152,8.615,0.03
google/gemma-3-1b-it,NVIDIA GeForce RTX 5060 Ti,42,MuSiQue,3,16,362,multi-hop,55.0038,46.0486,0.0,0,0,1,110,366,366,70231523328,70231523328,8.615,0.03
google/gemma-3-1b-it,NVIDIA GeForce RTX 5060 Ti,42,MuSiQue,3,16,363,structural,51.1832,39.9926,48.7907,0,0,0,132,388,388,78928412672,78928412672,8.615,0.03
google/gemma-3-1b-it,NVIDIA GeForce RTX 5060 Ti,42,MuSiQue,3,16,364,semantic,33.9643,0.0,0.0,0,1,1,12,149,226,11639717888,26778533888,8.615,0.03
google/gemma-3-1b-it,NVIDIA GeForce RTX 5060 Ti,42,MuSiQue,3,16,365,semantic,35.0598,0.0,35.4699,0,1,0,109,365,365,69848268800,69848268800,8.615,0.03
google/gemma-3-1b-it,NVIDIA GeForce RTX 5060 Ti,42,MuSiQue,3,16,366,multi-hop,40.7317,56.0665,46.9969,0,0,0,3,15,15,117964800,117964800,8.615,0.03
google/gemma-3-1b-it,NVIDIA GeForce RTX 5060 Ti,42,MuSiQue,3,16,367,semantic,42.9288,0.0,33.1576,0,1,0,88,321,307,54023159808,49413619712,8.615,0.03
google/gemma-3-1b-it,NVIDIA GeForce RTX 5060 Ti,42,MuSiQue,3,16,368,semantic,32.4305,0.0,39.3702,0,1,0,15,147,271,11329339392,38504235008,8.615,0.03
google/gemma-3-1b-it,NVIDIA GeForce RTX 5060 Ti,42,MuSiQue,3,16,369,semantic,57.3857,0.0,54.5216,0,1,0,97,353,353,65331003392,65331003392,8.615,0.03
google/gemma-3-1b-it,NVIDIA GeForce RTX 5060 Ti,42,MuSiQue,3,16,370,multi-hop,63.1214,0.0,31.8535,0,1,0,101,357,357,66819981312,66819981312,8.615,0.03
google/gemma-3-1b-it,NVIDIA GeForce RTX 5060 Ti,42,MuSiQue,3,16,371,semantic,53.8761,0.0,46.9665,0,1,0,84,340,340,60607692800,60607692800,8.615,0.03
google/gemma-3-1b-it,NVIDIA GeForce RTX 5060 Ti,42,MuSiQue,3,16,372,multi-hop,34.1938,0.0,35.5604,0,1,0,114,370,346,71775027200,62765662208,8.615,0.03
google/gemma-3-1b-it,NVIDIA GeForce RTX 5060 Ti,42,MuSiQue,3,16,373,multi-hop,49.221,0.0,65.3425,0,1,0,112,338,368,59896758272,71001178112,8.615,0.03
google/gemma-3-1b-it,NVIDIA GeForce RTX 5060 Ti,42,MuSiQue,3,16,374,structural,33.6049,39.7595,40.91,0,0,0,45,301,301,47501017088,47501017088,8.615,0.03
google/gemma-3-1b-it,NVIDIA GeForce RTX 5060 Ti,42,MuSiQue,3,16,375,structural,41.8864,91.8128,46.7387,0,0,0,39,225,295,26542080000,45626163200,8.615,0.03
google/gemma-3-1b-it,NVIDIA GeForce RTX 5060 Ti,42,MuSiQue,3,16,376,multi-hop,42.2336,47.4077,51.2453,0,0,0,109,365,365,69848268800,69848268800,8.615,0.03
google/gemma-3-1b-it,NVIDIA GeForce RTX 5060 Ti,42,MuSiQue,3,16,377,structural,40.2072,36.0987,58.7144,0,0,0,105,267,338,37375967232,59896758272,8.615,0.03
google/gemma-3-1b-it,NVIDIA GeForce RTX 5060 Ti,42,MuSiQue,3,16,378,multi-hop,60.8262,36.7581,33.5875,0,0,0,97,353,353,65331003392,65331003392,8.615,0.03
google/gemma-3-1b-it,NVIDIA GeForce RTX 5060 Ti,42,MuSiQue,3,16,379,structural,39.955,52.4861,0.0,0,0,1,91,287,246,43185078272,31727812608,8.615,0.03
google/gemma-3-1b-it,NVIDIA GeForce RTX 5060 Ti,42,MuSiQue,3,16,380,semantic,35.127,0.0,37.1473,0,1,0,123,379,379,75309252608,75309252608,8.615,0.03
google/gemma-3-1b-it,NVIDIA GeForce RTX 5060 Ti,42,MuSiQue,3,16,381,structural,56.361,53.2068,0.0,0,0,1,123,379,379,75309252608,75309252608,8.615,0.03
google/gemma-3-1b-it,NVIDIA GeForce RTX 5060 Ti,42,MuSiQue,3,16,382,semantic,58.5506,0.0,0.0,0,1,1,110,274,362,39361445888,68704796672,8.615,0.03
google/gemma-3-1b-it,NVIDIA GeForce RTX 5060 Ti,42,MuSiQue,3,16,383,multi-hop,48.6821,0.0,44.4325,0,1,0,90,306,323,49092231168,54698442752,8.615,0.03
google/gemma-3-1b-it,NVIDIA GeForce RTX 5060 Ti,42,MuSiQue,3,16,384,structural,77.7044,67.5512,55.4131,0,0,0,71,253,275,33559150592,39649280000,8.615,0.03
google/gemma-3-1b-it,NVIDIA GeForce RTX 5060 Ti,42,MuSiQue,3,16,385,multi-hop,59.429,51.9244,49.079,0,0,0,5,17,17,151519232,151519232,8.615,0.03
google/gemma-3-1b-it,NVIDIA GeForce RTX 5060 Ti,42,MuSiQue,3,16,386,semantic,55.3092,0.0,37.8736,0,1,0,114,370,370,71775027200,71775027200,8.615,0.03
google/gemma-3-1b-it,NVIDIA GeForce RTX 5060 Ti,42,MuSiQue,3,16,387,semantic,33.8373,0.0,68.0766,0,1,0,95,351,351,64592805888,64592805888,8.615,0.03
google/gemma-3-1b-it,NVIDIA GeForce RTX 5060 Ti,42,MuSiQue,3,16,388,multi-hop,46.7767,0.0,54.6158,0,1,0,98,354,354,65701675008,65701675008,8.615,0.03
google/gemma-3-1b-it,NVIDIA GeForce RTX 5060 Ti,42,MuSiQue,3,16,389,semantic,34.0643,39.8243,53.5759,0,0,0,92,346,346,62765662208,62765662208,8.615,0.03
google/gemma-3-1b-it,NVIDIA GeForce RTX 5060 Ti,42,MuSiQue,3,16,390,multi-hop,89.2047,0.0,0.0,0,1,1,113,315,315,52022476800,52022476800,8.615,0.03
google/gemma-3-1b-it,NVIDIA GeForce RTX 5060 Ti,42,MuSiQue,3,16,391,multi-hop,98.8541,0.0,0.0,0,1,1,13,37,36,717750272,679477248,8.615,0.03
google/gemma-3-1b-it,NVIDIA GeForce RTX 5060 Ti,42,MuSiQue,3,16,392,multi-hop,51.0562,0.0,0.0,0,1,1,45,301,301,47501017088,47501017088,8.615,0.03
google/gemma-3-1b-it,NVIDIA GeForce RTX 5060 Ti,42,MuSiQue,3,16,393,semantic,50.8616,0.0,47.9531,0,1,0,110,366,341,70231523328,60964732928,8.615,0.03
google/gemma-3-1b-it,NVIDIA GeForce RTX 5060 Ti,42,MuSiQue,3,16,394,multi-hop,35.4872,44.0738,32.1514,0,0,0,5,261,261,35715022848,35715022848,8.615,0.03
google/gemma-3-1b-it,NVIDIA GeForce RTX 5060 Ti,42,MuSiQue,3,16,395,multi-hop,31.2287,34.386,50.1706,0,0,0,129,385,385,77712588800,77712588800,8.615,0.03
google/gemma-3-1b-it,NVIDIA GeForce RTX 5060 Ti,42,MuSiQue,3,16,396,multi-hop,74.5142,0.0,0.0,0,1,1,4,260,260,35441868800,35441868800,8.615,0.03
google/gemma-3-1b-it,NVIDIA GeForce RTX 5060 Ti,42,MuSiQue,3,16,397,structural,69.149,63.9903,65.3895,0,0,0,116,372,358,72553070592,67194847232,8.615,0.03
google/gemma-3-1b-it,NVIDIA GeForce RTX 5060 Ti,42,MuSiQue,3,16,398,multi-hop,51.8286,76.5626,0.0,0,0,1,101,357,357,66819981312,66819981312,8.615,0.03
google/gemma-3-1b-it,NVIDIA GeForce RTX 5060 Ti,42,MuSiQue,3,16,399,multi-hop,0.0,0.0,0.0,1,1,1,2,193,258,19529203712,34898706432,8.615,0.03
google/gemma-3-1b-it,NVIDIA GeForce RTX 5060 Ti,42,MuSiQue,3,16,400,multi-hop,42.8651,0.0,0.0,0,1,1,62,318,318,53018099712,53018099712,8.615,0.03
google/gemma-3-1b-it,NVIDIA GeForce RTX 5060 Ti,42,MuSiQue,3,16,401,structural,59.015,33.6624,76.3462,0,0,0,43,299,299,46871871488,46871871488,8.615,0.03
google/gemma-3-1b-it,NVIDIA GeForce RTX 5060 Ti,42,MuSiQue,3,16,402,semantic,51.0566,0.0,0.0,0,1,1,89,345,345,62403379200,62403379200,8.615,0.03
google/gemma-3-1b-it,NVIDIA GeForce RTX 5060 Ti,42,MuSiQue,3,16,403,multi-hop,35.2496,42.8219,56.4001,0,0,0,115,332,294,57789120512,45317357568,8.615,0.03
google/gemma-3-1b-it,NVIDIA GeForce RTX 5060 Ti,42,MuSiQue,3,16,404,semantic,42.8572,0.0,65.5401,0,1,0,23,247,231,31986286592,27976531968,8.615,0.03
google/gemma-3-1b-it,NVIDIA GeForce RTX 5060 Ti,42,MuSiQue,3,16,405,structural,32.9383,57.0915,52.1732,0,0,0,20,203,276,21605384192,39938162688,8.615,0.03
google/gemma-3-1b-it,NVIDIA GeForce RTX 5060 Ti,42,MuSiQue,3,16,406,semantic,35.1211,0.0,0.0,0,1,1,108,364,364,69466062848,69466062848,8.615,0.03
google/gemma-3-1b-it,NVIDIA GeForce RTX 5060 Ti,42,MuSiQue,3,16,407,multi-hop,44.3932,44.6828,42.3087,0,0,0,121,377,377,74516529152,74516529152,8.615,0.03
google/gemma-3-1b-it,NVIDIA GeForce RTX 5060 Ti,42,MuSiQue,3,16,408,multi-hop,74.3106,0.0,0.0,0,1,1,121,377,377,74516529152,74516529152,8.615,0.03
google/gemma-3-1b-it,NVIDIA GeForce RTX 5060 Ti,42,MuSiQue,3,16,409,semantic,71.391,0.0,39.4397,0,1,0,58,314,314,51692699648,51692699648,8.615,0.03
google/gemma-3-1b-it,NVIDIA GeForce RTX 5060 Ti,42,MuSiQue,3,16,410,multi-hop,47.8315,0.0,0.0,0,1,1,129,385,385,77712588800,77712588800,8.615,0.03
google/gemma-3-1b-it,NVIDIA GeForce RTX 5060 Ti,42,MuSiQue,3,16,411,structural,51.895,43.5674,34.7148,0,0,0,19,275,275,39649280000,39649280000,8.615,0.03
google/gemma-3-1b-it,NVIDIA GeForce RTX 5060 Ti,42,MuSiQue,3,16,412,multi-hop,36.6898,0.0,53.0676,0,1,0,136,392,392,80564191232,80564191232,8.615,0.03
google/gemma-3-1b-it,NVIDIA GeForce RTX 5060 Ti,42,MuSiQue,3,16,413,multi-hop,49.127,42.3027,0.0,0,0,1,5,86,217,3877634048,24688197632,8.615,0.03
google/gemma-3-1b-it,NVIDIA GeForce RTX 5060 Ti,42,MuSiQue,3,16,414,multi-hop,79.0943,0.0,88.9403,0,1,0,57,313,313,51363971072,51363971072,8.615,0.03
google/gemma-3-1b-it,NVIDIA GeForce RTX 5060 Ti,42,MuSiQue,3,16,415,semantic,66.1519,0.0,93.6845,0,1,0,109,365,365,69848268800,69848268800,8.615,0.03
google/gemma-3-1b-it,NVIDIA GeForce RTX 5060 Ti,42,MuSiQue,3,16,416,semantic,47.0523,0.0,0.0,0,1,1,12,213,268,23786422272,37656461312,8.615,0.03
google/gemma-3-1b-it,NVIDIA GeForce RTX 5060 Ti,42,MuSiQue,3,16,417,semantic,37.2417,0.0,0.0,0,1,1,106,362,362,68704796672,68704796672,8.615,0.03
google/gemma-3-1b-it,NVIDIA GeForce RTX 5060 Ti,42,MuSiQue,3,16,418,multi-hop,55.3954,47.1006,0.0,0,0,1,110,366,366,70231523328,70231523328,8.615,0.03
google/gemma-3-1b-it,NVIDIA GeForce RTX 5060 Ti,42,MuSiQue,3,16,419,multi-hop,37.5572,74.2713,72.3018,0,0,0,51,307,307,49413619712,49413619712,8.615,0.03
google/gemma-3-1b-it,NVIDIA GeForce RTX 5060 Ti,42,MuSiQue,3,16,420,structural,67.4098,80.8299,50.2245,0,0,0,26,208,282,22682796032,41693478912,8.615,0.03
google/gemma-3-1b-it,NVIDIA GeForce RTX 5060 Ti,42,MuSiQue,3,16,421,multi-hop,71.0346,36.5758,71.5181,0,0,0,72,316,328,52353302528,56405000192,8.615,0.03
google/gemma-3-1b-it,NVIDIA GeForce RTX 5060 Ti,42,MuSiQue,3,16,422,multi-hop,57.7036,45.4198,52.0542,0,0,0,55,269,272,37938003968,38788923392,8.615,0.03
google/gemma-3-1b-it,NVIDIA GeForce RTX 5060 Ti,42,MuSiQue,3,16,423,semantic,90.3159,0.0,48.0579,0,1,0,87,343,343,61681958912,61681958912,8.615,0.03
google/gemma-3-1b-it,NVIDIA GeForce RTX 5060 Ti,42,MuSiQue,3,16,424,structural,64.3087,48.485,0.0,0,0,1,4,99,260,5138546688,35441868800,8.615,0.03
google/gemma-3-1b-it,NVIDIA GeForce RTX 5060 Ti,42,MuSiQue,3,16,425,semantic,71.9508,0.0,61.1558,0,1,0,87,285,240,42585292800,30198988800,8.615,0.03
google/gemma-3-1b-it,NVIDIA GeForce RTX 5060 Ti,42,MuSiQue,3,16,426,multi-hop,85.6836,69.523,72.3428,0,0,0,79,329,329,56749457408,56749457408,8.615,0.03
google/gemma-3-1b-it,NVIDIA GeForce RTX 5060 Ti,42,MuSiQue,3,16,427,semantic,71.6977,0.0,56.7393,0,1,0,47,303,303,48134356992,48134356992,8.615,0.03
google/gemma-3-1b-it,NVIDIA GeForce RTX 5060 Ti,42,MuSiQue,3,16,428,semantic,65.8989,0.0,0.0,0,1,1,135,391,391,80153673728,80153673728,8.615,0.03
google/gemma-3-1b-it,NVIDIA GeForce RTX 5060 Ti,42,MuSiQue,3,16,429,multi-hop,72.8139,68.9164,82.6595,0,0,0,153,409,382,87703420928,76506202112,8.615,0.03
google/gemma-3-1b-it,NVIDIA GeForce RTX 5060 Ti,42,MuSiQue,3,16,430,semantic,56.2799,0.0,0.0,0,1,1,66,256,322,34359738368,54360276992,8.615,0.03
google/gemma-3-1b-it,NVIDIA GeForce RTX 5060 Ti,42,MuSiQue,3,16,431,multi-hop,48.4852,41.7032,0.0,0,0,1,96,352,292,64961380352,44702892032,8.615,0.03
google/gemma-3-1b-it,NVIDIA GeForce RTX 5060 Ti,42,MuSiQue,3,16,432,structural,81.6088,55.832,49.3216,0,0,0,111,367,367,70615826432,70615826432,8.615,0.03
google/gemma-3-1b-it,NVIDIA GeForce RTX 5060 Ti,42,MuSiQue,3,16,433,structural,91.9947,40.4232,42.6729,0,0,0,94,329,329,56749457408,56749457408,8.615,0.03
google/gemma-3-1b-it,NVIDIA GeForce RTX 5060 Ti,42,MuSiQue,3,16,434,multi-hop,55.0349,84.023,0.0,0,0,1,12,246,259,31727812608,35169763328,8.615,0.03
google/gemma-3-1b-it,NVIDIA GeForce RTX 5060 Ti,42,MuSiQue,3,16,435,structural,43.1495,0.0,0.0,0,1,1,121,377,377,74516529152,74516529152,8.615,0.03
google/gemma-3-1b-it,NVIDIA GeForce RTX 5060 Ti,42,MuSiQue,3,16,436,multi-hop,52.4957,0.0,0.0,0,1,1,118,339,270,60251701248,38220595200,8.615,0.03
google/gemma-3-1b-it,NVIDIA GeForce RTX 5060 Ti,42,MuSiQue,3,16,437,multi-hop,44.6317,0.0,61.4407,0,1,0,140,396,396,82216747008,82216747008,8.615,0.03
google/gemma-3-1b-it,NVIDIA GeForce RTX 5060 Ti,42,MuSiQue,3,16,438,multi-hop,67.143,0.0,0.0,0,1,1,92,348,348,63493373952,63493373952,8.615,0.03
google/gemma-3-1b-it,NVIDIA GeForce RTX 5060 Ti,42,MuSiQue,3,16,439,semantic,44.7267,0.0,58.9563,0,1,0,111,367,367,70615826432,70615826432,8.615,0.03
google/gemma-3-1b-it,NVIDIA GeForce RTX 5060 Ti,42,MuSiQue,3,16,440,multi-hop,51.0554,0.0,0.0,0,1,1,93,349,349,63858802688,63858802688,8.615,0.03
google/gemma-3-1b-it,NVIDIA GeForce RTX 5060 Ti,42,MuSiQue,3,16,441,multi-hop,48.2739,0.0,37.9471,0,1,0,84,300,340,47185920000,60607692800,8.615,0.03
google/gemma-3-1b-it,NVIDIA GeForce RTX 5060 Ti,42,MuSiQue,3,16,442,semantic,41.0563,0.0,77.7196,0,1,0,115,371,371,72163524608,72163524608,8.615,0.03
google/gemma-3-1b-it,NVIDIA GeForce RTX 5060 Ti,42,MuSiQue,3,16,443,structural,52.7108,43.5921,36.1221,0,0,0,103,359,359,67570761728,67570761728,8.615,0.03
google/gemma-3-1b-it,NVIDIA GeForce RTX 5060 Ti,42,MuSiQue,3,16,444,multi-hop,40.7362,0.0,0.0,0,1,1,78,334,334,58487472128,58487472128,8.615,0.03
google/gemma-3-1b-it,NVIDIA GeForce RTX 5060 Ti,42,MuSiQue,3,16,445,structural,51.0414,69.6622,49.6949,0,0,0,98,354,348,65701675008,63493373952,8.615,0.03
google/gemma-3-1b-it,NVIDIA GeForce RTX 5060 Ti,42,MuSiQue,3,16,446,structural,42.5729,75.3503,0.0,0,0,1,116,372,358,72553070592,67194847232,8.615,0.03
google/gemma-3-1b-it,NVIDIA GeForce RTX 5060 Ti,42,MuSiQue,3,16,447,multi-hop,43.309,42.6942,70.6846,0,0,0,130,386,386,78116814848,78116814848,8.615,0.03
google/gemma-3-1b-it,NVIDIA GeForce RTX 5060 Ti,42,MuSiQue,3,16,448,multi-hop,41.8342,72.0695,93.6109,0,0,0,93,343,343,61681958912,61681958912,8.615,0.03
google/gemma-3-1b-it,NVIDIA GeForce RTX 5060 Ti,42,MuSiQue,3,16,449,semantic,67.4794,0.0,0.0,0,1,1,110,366,366,70231523328,70231523328,8.615,0.03
google/gemma-3-1b-it,NVIDIA GeForce RTX 5060 Ti,42,MuSiQue,3,16,450,structural,44.1581,50.0839,50.6297,0,0,0,13,269,269,37938003968,37938003968,8.615,0.03
google/gemma-3-1b-it,NVIDIA GeForce RTX 5060 Ti,42,MuSiQue,3,16,451,semantic,43.3919,0.0,40.6655,0,1,0,4,260,260,35441868800,35441868800,8.615,0.03
google/gemma-3-1b-it,NVIDIA GeForce RTX 5060 Ti,42,MuSiQue,3,16,452,structural,43.749,45.4312,55.0754,0,0,0,86,342,342,61322821632,61322821632,8.615,0.03
google/gemma-3-1b-it,NVIDIA GeForce RTX 5060 Ti,42,MuSiQue,3,16,453,multi-hop,84.8523,0.0,0.0,0,1,1,111,367,367,70615826432,70615826432,8.615,0.03
google/gemma-3-1b-it,NVIDIA GeForce RTX 5060 Ti,42,MuSiQue,3,16,454,multi-hop,42.5928,75.1191,96.6836,0,0,0,92,348,344,63493373952,62042144768,8.615,0.03
google/gemma-3-1b-it,NVIDIA GeForce RTX 5060 Ti,42,MuSiQue,3,16,455,semantic,48.9304,0.0,0.0,0,1,1,5,86,217,3877634048,24688197632,8.615,0.03
google/gemma-3-1b-it,NVIDIA GeForce RTX 5060 Ti,42,MuSiQue,3,16,456,semantic,100.9901,0.0,0.0,0,1,1,96,352,352,64961380352,64961380352,8.615,0.03
google/gemma-3-1b-it,NVIDIA GeForce RTX 5060 Ti,42,MuSiQue,3,16,457,multi-hop,40.1849,0.0,0.0,0,1,1,140,396,396,82216747008,82216747008,8.615,0.03
google/gemma-3-1b-it,NVIDIA GeForce RTX 5060 Ti,42,MuSiQue,3,16,458,multi-hop,76.7821,0.0,0.0,0,1,1,78,334,334,58487472128,58487472128,8.615,0.03
google/gemma-3-1b-it,NVIDIA GeForce RTX 5060 Ti,42,MuSiQue,3,16,459,multi-hop,45.9585,0.0,75.5807,0,1,0,125,381,344,76106170368,62042144768,8.615,0.03
google/gemma-3-1b-it,NVIDIA GeForce RTX 5060 Ti,42,MuSiQue,3,16,460,structural,56.9717,57.4596,37.4266,0,0,0,62,318,318,53018099712,53018099712,8.615,0.03
google/gemma-3-1b-it,NVIDIA GeForce RTX 5060 Ti,42,MuSiQue,3,16,461,semantic,79.7803,0.0,77.2277,0,1,0,53,309,270,50059542528,38220595200,8.615,0.03
google/gemma-3-1b-it,NVIDIA GeForce RTX 5060 Ti,42,MuSiQue,3,16,462,structural,75.1933,0.0,0.0,0,1,1,110,366,341,70231523328,60964732928,8.615,0.03
google/gemma-3-1b-it,NVIDIA GeForce RTX 5060 Ti,42,MuSiQue,3,16,463,semantic,53.7716,79.4251,52.59,0,0,0,105,361,361,68325736448,68325736448,8.615,0.03
google/gemma-3-1b-it,NVIDIA GeForce RTX 5060 Ti,42,MuSiQue,3,16,464,multi-hop,34.7973,65.5828,35.5867,0,0,0,98,354,354,65701675008,65701675008,8.615,0.03
google/gemma-3-1b-it,NVIDIA GeForce RTX 5060 Ti,42,MuSiQue,3,16,465,semantic,41.9809,0.0,42.0562,0,1,0,45,301,301,47501017088,47501017088,8.615,0.03
google/gemma-3-1b-it,NVIDIA GeForce RTX 5060 Ti,42,MuSiQue,3,16,466,semantic,42.2167,0.0,0.0,0,1,1,116,372,372,72553070592,72553070592,8.615,0.03
google/gemma-3-1b-it,NVIDIA GeForce RTX 5060 Ti,42,MuSiQue,3,16,467,structural,0.0,0.0,0.0,1,1,1,19,275,275,39649280000,39649280000,8.615,0.03
google/gemma-3-1b-it,NVIDIA GeForce RTX 5060 Ti,42,MuSiQue,3,16,468,structural,64.0193,47.9001,0.0,0,0,1,101,357,334,66819981312,58487472128,8.615,0.03
google/gemma-3-1b-it,NVIDIA GeForce RTX 5060 Ti,42,MuSiQue,3,16,469,multi-hop,50.2264,46.0772,64.7482,0,0,0,88,262,311,35989225472,50709659648,8.615,0.03
google/gemma-3-1b-it,NVIDIA GeForce RTX 5060 Ti,42,MuSiQue,3,16,470,multi-hop,39.7783,0.0,0.0,0,1,1,25,200,281,20971520000,41398304768,8.615,0.03
google/gemma-3-1b-it,NVIDIA GeForce RTX 5060 Ti,42,MuSiQue,3,16,471,structural,79.9123,70.2157,0.0,0,0,1,110,366,361,70231523328,68325736448,8.615,0.03
google/gemma-3-1b-it,NVIDIA GeForce RTX 5060 Ti,42,MuSiQue,3,16,472,multi-hop,72.7202,42.5961,70.5846,0,0,0,109,358,365,67194847232,69848268800,8.615,0.03
google/gemma-3-1b-it,NVIDIA GeForce RTX 5060 Ti,42,MuSiQue,3,16,473,semantic,43.782,0.0,41.2404,0,1,0,112,368,368,71001178112,71001178112,8.615,0.03
google/gemma-3-1b-it,NVIDIA GeForce RTX 5060 Ti,42,MuSiQue,3,16,474,multi-hop,42.6416,0.0,39.197,0,1,0,88,321,307,54023159808,49413619712,8.615,0.03
google/gemma-3-1b-it,NVIDIA GeForce RTX 5060 Ti,42,MuSiQue,3,16,475,multi-hop,46.3688,0.0,0.0,0,1,1,129,385,385,77712588800,77712588800,8.615,0.03
google/gemma-3-1b-it,NVIDIA GeForce RTX 5060 Ti,42,MuSiQue,3,16,476,multi-hop,67.8112,110.9903,0.0,0,0,1,9,265,265,36818124800,36818124800,8.615,0.03
google/gemma-3-1b-it,NVIDIA GeForce RTX 5060 Ti,42,MuSiQue,3,16,477,multi-hop,41.3766,54.2322,0.0,0,0,1,19,275,236,39649280000,29200744448,8.615,0.03
google/gemma-3-1b-it,NVIDIA GeForce RTX 5060 Ti,42,MuSiQue,3,16,478,structural,78.1733,45.7532,45.0588,0,0,0,96,352,352,64961380352,64961380352,8.615,0.03
google/gemma-3-1b-it,NVIDIA GeForce RTX 5060 Ti,42,MuSiQue,3,16,479,structural,80.1861,0.0,35.6121,0,1,0,117,373,373,72943665152,72943665152,8.615,0.03
google/gemma-3-1b-it,NVIDIA GeForce RTX 5060 Ti,42,MuSiQue,3,16,480,semantic,58.4642,0.0,57.002,0,1,0,12,213,268,23786422272,37656461312,8.615,0.03
google/gemma-3-1b-it,NVIDIA GeForce RTX 5060 Ti,42,MuSiQue,3,16,481,multi-hop,40.319,52.9478,53.1452,0,0,0,45,301,301,47501017088,47501017088,8.615,0.03
google/gemma-3-1b-it,NVIDIA GeForce RTX 5060 Ti,42,MuSiQue,3,16,482,structural,54.9039,0.0,0.0,0,1,1,107,363,363,69084905472,69084905472,8.615,0.03
google/gemma-3-1b-it,NVIDIA GeForce RTX 5060 Ti,42,MuSiQue,3,16,483,structural,50.5412,67.4091,44.096,0,0,0,99,310,355,50384076800,66073395200,8.615,0.03
google/gemma-3-1b-it,NVIDIA GeForce RTX 5060 Ti,42,MuSiQue,3,16,484,multi-hop,54.2312,53.2829,0.0,0,0,1,71,253,275,33559150592,39649280000,8.615,0.03
google/gemma-3-1b-it,NVIDIA GeForce RTX 5060 Ti,42,MuSiQue,3,16,485,multi-hop,62.3315,43.8449,77.0861,0,0,0,100,356,356,66446163968,66446163968,8.615,0.03
google/gemma-3-1b-it,NVIDIA GeForce RTX 5060 Ti,42,MuSiQue,3,16,486,multi-hop,56.1843,0.0,57.3441,0,1,0,103,359,359,67570761728,67570761728,8.615,0.03
google/gemma-3-1b-it,NVIDIA GeForce RTX 5060 Ti,42,MuSiQue,3,16,487,semantic,44.9089,0.0,0.0,0,1,1,125,381,368,76106170368,71001178112,8.615,0.03
google/gemma-3-1b-it,NVIDIA GeForce RTX 5060 Ti,42,MuSiQue,3,16,488,multi-hop,82.2928,0.0,40.6976,0,1,0,109,365,365,69848268800,69848268800,8.615,0.03
google/gemma-3-1b-it,NVIDIA GeForce RTX 5060 Ti,42,MuSiQue,3,16,489,multi-hop,41.1336,0.0,41.8041,0,1,0,67,323,323,54698442752,54698442752,8.615,0.03
google/gemma-3-1b-it,NVIDIA GeForce RTX 5060 Ti,42,MuSiQue,3,16,490,structural,60.3833,45.7837,43.3107,0,0,0,87,343,343,61681958912,61681958912,8.615,0.03
google/gemma-3-1b-it,NVIDIA GeForce RTX 5060 Ti,42,MuSiQue,3,16,491,structural,56.7652,0.0,0.0,0,1,1,14,264,264,36540776448,36540776448,8.615,0.03
google/gemma-3-1b-it,NVIDIA GeForce RTX 5060 Ti,42,MuSiQue,3,16,492,structural,71.177,41.8549,61.3131,0,0,0,96,293,260,45009600512,35441868800,8.615,0.03
google/gemma-3-1b-it,NVIDIA GeForce RTX 5060 Ti,42,MuSiQue,3,16,493,multi-hop,44.122,0.0,66.9788,0,1,0,89,345,345,62403379200,62403379200,8.615,0.03
google/gemma-3-1b-it,NVIDIA GeForce RTX 5060 Ti,42,MuSiQue,3,16,494,multi-hop,50.3752,0.0,0.0,0,1,1,4,190,242,18926796800,30704402432,8.615,0.03
google/gemma-3-1b-it,NVIDIA GeForce RTX 5060 Ti,42,MuSiQue,3,16,495,structural,48.3242,42.2803,41.1415,0,0,0,61,317,317,52685176832,52685176832,8.615,0.03
google/gemma-3-1b-it,NVIDIA GeForce RTX 5060 Ti,42,MuSiQue,3,16,496,structural,98.3603,40.4591,62.4069,0,0,0,110,366,366,70231523328,70231523328,8.615,0.03
google/gemma-3-1b-it,NVIDIA GeForce RTX 5060 Ti,42,MuSiQue,3,16,497,semantic,0.0,0.0,0.0,1,1,1,4,260,260,35441868800,35441868800,8.615,0.03
google/gemma-3-1b-it,NVIDIA GeForce RTX 5060 Ti,42,MuSiQue,3,16,498,multi-hop,53.1827,0.0,40.5334,0,1,0,112,354,368,65701675008,71001178112,8.615,0.03
google/gemma-3-1b-it,NVIDIA GeForce RTX 5060 Ti,42,MuSiQue,3,16,499,semantic,29.857,0.0,56.5161,0,1,0,105,267,338,37375967232,59896758272,8.615,0.03
google/gemma-3-1b-it,NVIDIA GeForce RTX 5060 Ti,42,MuSiQue,3,16,500,structural,46.0556,53.3408,0.0,0,0,1,4,260,260,35441868800,35441868800,8.615,0.03
google/gemma-3-1b-it,NVIDIA GeForce RTX 5060 Ti,42,MuSiQue,3,16,501,multi-hop,60.3367,0.0,71.1021,0,1,0,118,317,327,52685176832,56061591552,8.615,0.03
google/gemma-3-1b-it,NVIDIA GeForce RTX 5060 Ti,42,MuSiQue,3,16,502,multi-hop,92.9131,76.6998,46.0663,0,0,0,66,256,322,34359738368,54360276992,8.615,0.03
google/gemma-3-1b-it,NVIDIA GeForce RTX 5060 Ti,42,MuSiQue,3,16,503,structural,59.2801,105.2554,49.8918,0,0,0,5,17,17,151519232,151519232,8.615,0.03
google/gemma-3-1b-it,NVIDIA GeForce RTX 5060 Ti,42,MuSiQue,3,16,504,structural,34.2981,31.6478,44.096,0,0,0,39,295,270,45626163200,38220595200,8.615,0.03
google/gemma-3-1b-it,NVIDIA GeForce RTX 5060 Ti,42,MuSiQue,3,16,505,multi-hop,60.8917,37.5332,57.5773,0,0,0,101,357,357,66819981312,66819981312,8.615,0.03
google/gemma-3-1b-it,NVIDIA GeForce RTX 5060 Ti,42,MuSiQue,3,16,506,multi-hop,74.1355,0.0,45.2149,0,1,0,12,246,259,31727812608,35169763328,8.615,0.03
google/gemma-3-1b-it,NVIDIA GeForce RTX 5060 Ti,42,MuSiQue,3,16,507,multi-hop,115.8968,57.8278,63.543,0,0,0,103,359,359,67570761728,67570761728,8.615,0.03
google/gemma-3-1b-it,NVIDIA GeForce RTX 5060 Ti,42,MuSiQue,3,16,508,structural,64.3881,79.6169,45.5861,0,0,0,103,359,359,67570761728,67570761728,8.615,0.03
google/gemma-3-1b-it,NVIDIA GeForce RTX 5060 Ti,42,MuSiQue,3,16,509,structural,65.0903,41.3056,0.0,0,0,1,26,208,282,22682796032,41693478912,8.615,0.03
google/gemma-3-1b-it,NVIDIA GeForce RTX 5060 Ti,42,MuSiQue,3,16,510,semantic,37.3892,0.0,54.2383,0,1,0,25,281,273,41398304768,39074660352,8.615,0.03
google/gemma-3-1b-it,NVIDIA GeForce RTX 5060 Ti,42,MuSiQue,3,16,511,structural,65.0571,62.8304,49.373,0,0,0,113,369,369,71387578368,71387578368,8.615,0.03
google/gemma-3-1b-it,NVIDIA GeForce RTX 5060 Ti,42,MuSiQue,3,16,512,multi-hop,78.1393,0.0,0.0,0,1,1,100,328,356,56405000192,66446163968,8.615,0.03
google/gemma-3-1b-it,NVIDIA GeForce RTX 5060 Ti,42,MuSiQue,3,16,513,multi-hop,54.3968,61.0934,39.8146,0,0,0,3,17,17,151519232,151519232,8.615,0.03
google/gemma-3-1b-it,NVIDIA GeForce RTX 5060 Ti,42,MuSiQue,3,16,514,multi-hop,35.2933,58.1916,50.2869,0,0,0,97,353,353,65331003392,65331003392,8.615,0.03
google/gemma-3-1b-it,NVIDIA GeForce RTX 5060 Ti,42,MuSiQue,3,16,515,structural,40.4514,42.6828,67.0576,0,0,0,64,320,273,53687091200,39074660352,8.615,0.03
google/gemma-3-1b-it,NVIDIA GeForce RTX 5060 Ti,42,MuSiQue,3,16,516,multi-hop,82.6003,0.0,49.1309,0,1,0,102,326,234,55719231488,28707913728,8.615,0.03
google/gemma-3-1b-it,NVIDIA GeForce RTX 5060 Ti,42,MuSiQue,3,16,517,multi-hop,35.1548,0.0,62.0771,0,1,0,92,348,344,63493373952,62042144768,8.615,0.03
google/gemma-3-1b-it,NVIDIA GeForce RTX 5060 Ti,42,MuSiQue,3,16,518,multi-hop,62.9586,0.0,52.6951,0,1,0,81,255,272,34091827200,38788923392,8.615,0.03
google/gemma-3-1b-it,NVIDIA GeForce RTX 5060 Ti,42,MuSiQue,3,16,519,structural,59.3063,52.0288,37.5347,0,0,0,104,360,360,67947724800,67947724800,8.615,0.03
google/gemma-3-1b-it,NVIDIA GeForce RTX 5060 Ti,42,MuSiQue,3,16,520,semantic,66.1166,0.0,0.0,0,1,1,14,158,257,13088325632,34628698112,8.615,0.03
google/gemma-3-1b-it,NVIDIA GeForce RTX 5060 Ti,42,MuSiQue,3,16,521,structural,84.9842,59.8512,36.3565,0,0,0,102,347,358,63128993792,67194847232,8.615,0.03
google/gemma-3-1b-it,NVIDIA GeForce RTX 5060 Ti,42,MuSiQue,3,16,522,multi-hop,44.6899,68.3879,94.964,0,0,0,84,300,340,47185920000,60607692800,8.615,0.03
google/gemma-3-1b-it,NVIDIA GeForce RTX 5060 Ti,42,MuSiQue,3,16,523,semantic,50.6714,0.0,41.2794,0,1,0,73,329,329,56749457408,56749457408,8.615,0.03
google/gemma-3-1b-it,NVIDIA GeForce RTX 5060 Ti,42,MuSiQue,3,16,524,multi-hop,69.7612,47.1713,0.0,0,0,1,121,377,377,74516529152,74516529152,8.615,0.03
google/gemma-3-1b-it,NVIDIA GeForce RTX 5060 Ti,42,MuSiQue,3,16,525,semantic,45.0919,0.0,73.6129,0,1,0,110,366,361,70231523328,68325736448,8.615,0.03
google/gemma-3-1b-it,NVIDIA GeForce RTX 5060 Ti,42,MuSiQue,3,16,526,multi-hop,39.5701,36.8197,61.1953,0,0,0,61,304,291,48452599808,44397232128,8.615,0.03
google/gemma-3-1b-it,NVIDIA GeForce RTX 5060 Ti,42,MuSiQue,3,16,527,semantic,41.4695,0.0,57.6444,0,1,0,106,362,362,68704796672,68704796672,8.615,0.03
google/gemma-3-1b-it,NVIDIA GeForce RTX 5060 Ti,42,MuSiQue,3,16,528,semantic,44.7714,0.0,88.8786,0,1,0,111,367,367,70615826432,70615826432,8.615,0.03
google/gemma-3-1b-it,NVIDIA GeForce RTX 5060 Ti,42,MuSiQue,3,16,529,structural,45.9714,47.3806,45.8992,0,0,0,14,50,136,1310720000,9697230848,8.615,0.03
google/gemma-3-1b-it,NVIDIA GeForce RTX 5060 Ti,42,MuSiQue,3,16,530,semantic,45.7243,0.0,98.7161,0,1,0,72,275,328,39649280000,56405000192,8.615,0.03
google/gemma-3-1b-it,NVIDIA GeForce RTX 5060 Ti,42,MuSiQue,3,16,531,structural,67.2145,66.8203,0.0,0,0,1,67,323,323,54698442752,54698442752,8.615,0.03
google/gemma-3-1b-it,NVIDIA GeForce RTX 5060 Ti,42,MuSiQue,3,16,532,multi-hop,46.9968,0.0,0.0,0,1,1,25,200,281,20971520000,41398304768,8.615,0.03
google/gemma-3-1b-it,NVIDIA GeForce RTX 5060 Ti,42,MuSiQue,3,16,533,semantic,63.8889,0.0,42.6686,0,1,0,101,357,357,66819981312,66819981312,8.615,0.03
google/gemma-3-1b-it,NVIDIA GeForce RTX 5060 Ti,42,MuSiQue,3,16,534,multi-hop,78.4467,0.0,0.0,0,1,1,69,325,325,55377920000,55377920000,8.615,0.03
google/gemma-3-1b-it,NVIDIA GeForce RTX 5060 Ti,42,MuSiQue,3,16,535,multi-hop,60.7848,0.0,54.4549,0,1,0,39,295,270,45626163200,38220595200,8.615,0.03
google/gemma-3-1b-it,NVIDIA GeForce RTX 5060 Ti,42,MuSiQue,3,16,536,multi-hop,57.6312,51.1447,0.0,0,0,1,121,312,341,51036291072,60964732928,8.615,0.03
google/gemma-3-1b-it,NVIDIA GeForce RTX 5060 Ti,42,MuSiQue,3,16,537,structural,110.0762,68.0392,48.2185,0,0,0,130,386,386,78116814848,78116814848,8.615,0.03
google/gemma-3-1b-it,NVIDIA GeForce RTX 5060 Ti,42,MuSiQue,3,16,538,multi-hop,51.5161,0.0,0.0,0,1,1,102,358,358,67194847232,67194847232,8.615,0.03
google/gemma-3-1b-it,NVIDIA GeForce RTX 5060 Ti,42,MuSiQue,3,16,539,multi-hop,62.1482,0.0,78.4092,0,1,0,23,247,231,31986286592,27976531968,8.615,0.03
google/gemma-3-1b-it,NVIDIA GeForce RTX 5060 Ti,42,MuSiQue,3,16,540,multi-hop,73.4529,53.1248,0.0,0,0,1,100,356,356,66446163968,66446163968,8.615,0.03
google/gemma-3-1b-it,NVIDIA GeForce RTX 5060 Ti,42,MuSiQue,3,16,541,multi-hop,46.638,61.0107,46.1132,0,0,0,121,377,377,74516529152,74516529152,8.615,0.03
google/gemma-3-1b-it,NVIDIA GeForce RTX 5060 Ti,42,MuSiQue,3,16,542,structural,75.2987,0.0,49.9037,0,1,0,63,150,267,11796480000,37375967232,8.615,0.03
google/gemma-3-1b-it,NVIDIA GeForce RTX 5060 Ti,42,MuSiQue,3,16,543,semantic,64.8779,0.0,78.2485,0,1,0,118,374,374,73335308288,73335308288,8.615,0.03
google/gemma-3-1b-it,NVIDIA GeForce RTX 5060 Ti,42,MuSiQue,3,16,544,structural,87.1295,56.0357,0.0,0,0,1,18,274,268,39361445888,37656461312,8.615,0.03
google/gemma-3-1b-it,NVIDIA GeForce RTX 5060 Ti,42,MuSiQue,3,16,545,multi-hop,70.941,0.0,37.6234,0,1,0,94,336,286,59190018048,42884661248,8.615,0.03
google/gemma-3-1b-it,NVIDIA GeForce RTX 5060 Ti,42,MuSiQue,3,16,546,structural,50.8095,0.0,0.0,0,1,1,108,364,338,69466062848,59896758272,8.615,0.03
google/gemma-3-1b-it,NVIDIA GeForce RTX 5060 Ti,42,MuSiQue,3,16,547,multi-hop,37.4305,0.0,0.0,0,1,1,14,270,270,38220595200,38220595200,8.615,0.03
google/gemma-3-1b-it,NVIDIA GeForce RTX 5060 Ti,42,MuSiQue,3,16,548,multi-hop,50.3722,94.7739,35.333,0,0,0,68,324,324,55037657088,55037657088,8.615,0.03
google/gemma-3-1b-it,NVIDIA GeForce RTX 5060 Ti,42,MuSiQue,3,16,549,multi-hop,50.8342,48.9618,42.1418,0,0,0,62,318,318,53018099712,53018099712,8.615,0.03
google/gemma-3-1b-it,NVIDIA GeForce RTX 5060 Ti,42,MuSiQue,3,16,550,multi-hop,41.1704,0.0,0.0,0,1,1,87,343,343,61681958912,61681958912,8.615,0.03
google/gemma-3-1b-it,NVIDIA GeForce RTX 5060 Ti,42,MuSiQue,3,16,551,semantic,36.2172,0.0,0.0,0,1,1,107,363,363,69084905472,69084905472,8.615,0.03
google/gemma-3-1b-it,NVIDIA GeForce RTX 5060 Ti,42,MuSiQue,3,16,552,structural,33.8903,38.151,39.0075,0,0,0,129,385,385,77712588800,77712588800,8.615,0.03
google/gemma-3-1b-it,NVIDIA GeForce RTX 5060 Ti,42,MuSiQue,3,16,553,semantic,35.3281,0.0,50.0791,0,1,0,114,370,346,71775027200,62765662208,8.615,0.03
google/gemma-3-1b-it,NVIDIA GeForce RTX 5060 Ti,42,MuSiQue,3,16,554,multi-hop,36.3517,0.0,0.0,0,1,1,14,50,136,1310720000,9697230848,8.615,0.03
google/gemma-3-1b-it,NVIDIA GeForce RTX 5060 Ti,42,MuSiQue,3,16,555,semantic,72.3508,0.0,0.0,0,1,1,129,385,385,77712588800,77712588800,8.615,0.03
google/gemma-3-1b-it,NVIDIA GeForce RTX 5060 Ti,42,MuSiQue,3,16,556,multi-hop,57.126,0.0,66.7953,0,1,0,154,410,308,88132812800,49736056832,8.615,0.03
google/gemma-3-1b-it,NVIDIA GeForce RTX 5060 Ti,42,MuSiQue,3,16,557,multi-hop,50.7368,39.9121,0.0,0,0,1,96,352,352,64961380352,64961380352,8.615,0.03
google/gemma-3-1b-it,NVIDIA GeForce RTX 5060 Ti,42,MuSiQue,3,16,558,structural,43.6084,69.5806,43.8947,0,0,0,107,363,363,69084905472,69084905472,8.615,0.03
google/gemma-3-1b-it,NVIDIA GeForce RTX 5060 Ti,42,MuSiQue,3,16,559,structural,60.5066,37.2525,63.961,0,0,0,54,250,240,32768000000,30198988800,8.615,0.03
google/gemma-3-1b-it,NVIDIA GeForce RTX 5060 Ti,42,MuSiQue,3,16,560,multi-hop,68.1426,0.0,0.0,0,1,1,66,256,322,34359738368,54360276992,8.615,0.03
google/gemma-3-1b-it,NVIDIA GeForce RTX 5060 Ti,42,MuSiQue,3,16,561,structural,61.8868,53.0936,40.0006,0,0,0,90,292,246,44702892032,31727812608,8.615,0.03
google/gemma-3-1b-it,NVIDIA GeForce RTX 5060 Ti,42,MuSiQue,3,16,562,semantic,46.2729,0.0,93.9277,0,1,0,94,275,329,39649280000,56749457408,8.615,0.03
google/gemma-3-1b-it,NVIDIA GeForce RTX 5060 Ti,42,MuSiQue,3,16,563,multi-hop,71.6002,46.3794,75.0182,0,0,0,2,7,7,25690112,25690112,8.615,0.03
google/gemma-3-1b-it,NVIDIA GeForce RTX 5060 Ti,42,MuSiQue,3,16,564,semantic,60.0468,0.0,0.0,0,1,1,93,343,343,61681958912,61681958912,8.615,0.03
google/gemma-3-1b-it,NVIDIA GeForce RTX 5060 Ti,42,MuSiQue,3,16,565,semantic,62.5019,0.0,77.3842,0,1,0,99,355,355,66073395200,66073395200,8.615,0.03
google/gemma-3-1b-it,NVIDIA GeForce RTX 5060 Ti,42,MuSiQue,3,16,566,structural,53.4091,45.5082,90.4905,0,0,0,94,329,329,56749457408,56749457408,8.615,0.03
google/gemma-3-1b-it,NVIDIA GeForce RTX 5060 Ti,42,MuSiQue,3,16,567,semantic,74.2589,0.0,55.2022,0,1,0,111,367,367,70615826432,70615826432,8.615,0.03
google/gemma-3-1b-it,NVIDIA GeForce RTX 5060 Ti,42,MuSiQue,3,16,568,multi-hop,72.4454,41.1268,57.2839,0,0,0,95,351,351,64592805888,64592805888,8.615,0.03
google/gemma-3-1b-it,NVIDIA GeForce RTX 5060 Ti,42,MuSiQue,3,16,569,multi-hop,39.7906,0.0,46.6128,0,1,0,103,359,334,67570761728,58487472128,8.615,0.03
google/gemma-3-1b-it,NVIDIA GeForce RTX 5060 Ti,42,MuSiQue,3,16,570,multi-hop,58.9972,49.7218,64.6307,0,0,0,121,377,377,74516529152,74516529152,8.615,0.03
google/gemma-3-1b-it,NVIDIA GeForce RTX 5060 Ti,42,MuSiQue,3,16,571,multi-hop,45.5313,62.1908,73.2084,0,0,0,16,272,272,38788923392,38788923392,8.615,0.03
google/gemma-3-1b-it,NVIDIA GeForce RTX 5060 Ti,42,MuSiQue,3,16,572,multi-hop,56.8778,0.0,65.5995,0,1,0,127,383,383,76907282432,76907282432,8.615,0.03
google/gemma-3-1b-it,NVIDIA GeForce RTX 5060 Ti,42,MuSiQue,3,16,573,multi-hop,68.7441,0.0,55.6199,0,1,0,104,360,360,67947724800,67947724800,8.615,0.03
google/gemma-3-1b-it,NVIDIA GeForce RTX 5060 Ti,42,MuSiQue,3,16,574,semantic,37.6204,0.0,0.0,0,1,1,102,358,358,67194847232,67194847232,8.615,0.03
google/gemma-3-1b-it,NVIDIA GeForce RTX 5060 Ti,42,MuSiQue,3,16,575,multi-hop,66.3981,32.7227,66.9627,0,0,0,96,352,352,64961380352,64961380352,8.615,0.03
google/gemma-3-1b-it,NVIDIA GeForce RTX 5060 Ti,42,MuSiQue,3,16,576,structural,58.6052,56.9513,0.0,0,0,1,132,388,388,78928412672,78928412672,8.615,0.03
google/gemma-3-1b-it,NVIDIA GeForce RTX 5060 Ti,42,MuSiQue,3,16,577,multi-hop,29.8673,0.0,31.4901,0,1,0,33,215,289,24235212800,43789058048,8.615,0.03
google/gemma-3-1b-it,NVIDIA GeForce RTX 5060 Ti,42,MuSiQue,3,16,578,structural,39.9056,52.392,37.0168,0,0,0,8,118,262,7300186112,35989225472,8.615,0.03
google/gemma-3-1b-it,NVIDIA GeForce RTX 5060 Ti,42,MuSiQue,3,16,579,multi-hop,65.5211,61.9889,0.0,0,0,1,11,224,267,26306674688,37375967232,8.615,0.03
google/gemma-3-1b-it,NVIDIA GeForce RTX 5060 Ti,42,MuSiQue,3,16,580,multi-hop,85.6238,0.0,63.6416,0,1,0,66,322,322,54360276992,54360276992,8.615,0.03
google/gemma-3-1b-it,NVIDIA GeForce RTX 5060 Ti,42,MuSiQue,3,16,581,semantic,47.1172,0.0,58.9559,0,1,0,141,397,397,82632507392,82632507392,8.615,0.03
google/gemma-3-1b-it,NVIDIA GeForce RTX 5060 Ti,42,MuSiQue,3,16,582,semantic,35.634,0.0,0.0,0,1,1,16,272,272,38788923392,38788923392,8.615,0.03
google/gemma-3-1b-it,NVIDIA GeForce RTX 5060 Ti,42,MuSiQue,3,16,583,multi-hop,45.8396,80.5665,0.0,0,0,1,124,380,380,75707187200,75707187200,8.615,0.03
google/gemma-3-1b-it,NVIDIA GeForce RTX 5060 Ti,42,MuSiQue,3,16,584,multi-hop,48.6508,35.0125,52.2554,0,0,0,89,345,345,62403379200,62403379200,8.615,0.03
google/gemma-3-1b-it,NVIDIA GeForce RTX 5060 Ti,42,MuSiQue,3,16,585,multi-hop,56.2132,89.7484,65.1341,0,0,0,102,358,358,67194847232,67194847232,8.615,0.03
google/gemma-3-1b-it,NVIDIA GeForce RTX 5060 Ti,42,MuSiQue,3,16,586,semantic,52.7956,0.0,42.5436,0,1,0,87,343,343,61681958912,61681958912,8.615,0.03
google/gemma-3-1b-it,NVIDIA GeForce RTX 5060 Ti,42,MuSiQue,3,16,587,semantic,44.7241,0.0,53.1189,0,1,0,39,295,295,45626163200,45626163200,8.615,0.03
google/gemma-3-1b-it,NVIDIA GeForce RTX 5060 Ti,42,MuSiQue,3,16,588,multi-hop,48.1949,46.9686,32.726,0,0,0,101,305,357,48771891200,66819981312,8.615,0.03
google/gemma-3-1b-it,NVIDIA GeForce RTX 5060 Ti,42,MuSiQue,3,16,589,semantic,80.4632,0.0,55.4799,0,1,0,114,370,370,71775027200,71775027200,8.615,0.03
google/gemma-3-1b-it,NVIDIA GeForce RTX 5060 Ti,42,MuSiQue,3,16,590,structural,102.5069,0.0,0.0,0,1,1,76,332,332,57789120512,57789120512,8.615,0.03
google/gemma-3-1b-it,NVIDIA GeForce RTX 5060 Ti,42,MuSiQue,3,16,591,semantic,37.7762,0.0,0.0,0,1,1,3,17,17,151519232,151519232,8.615,0.03
google/gemma-3-1b-it,NVIDIA GeForce RTX 5060 Ti,42,MuSiQue,3,16,592,structural,78.1336,55.3193,76.1898,0,0,0,100,356,356,66446163968,66446163968,8.615,0.03
google/gemma-3-1b-it,NVIDIA GeForce RTX 5060 Ti,42,MuSiQue,3,16,593,semantic,62.4867,0.0,0.0,0,1,1,129,385,385,77712588800,77712588800,8.615,0.03
google/gemma-3-1b-it,NVIDIA GeForce RTX 5060 Ti,42,MuSiQue,3,16,594,structural,36.8386,0.0,0.0,0,1,1,14,264,264,36540776448,36540776448,8.615,0.03
google/gemma-3-1b-it,NVIDIA GeForce RTX 5060 Ti,42,MuSiQue,3,16,595,multi-hop,67.0106,53.0703,44.2502,0,0,0,92,346,346,62765662208,62765662208,8.615,0.03
google/gemma-3-1b-it,NVIDIA GeForce RTX 5060 Ti,42,MuSiQue,3,16,596,multi-hop,40.3007,34.1315,0.0,0,0,1,91,287,246,43185078272,31727812608,8.615,0.03
google/gemma-3-1b-it,NVIDIA GeForce RTX 5060 Ti,42,MuSiQue,3,16,597,semantic,83.3301,0.0,54.4448,0,1,0,142,353,398,65331003392,83049316352,8.615,0.03
google/gemma-3-1b-it,NVIDIA GeForce RTX 5060 Ti,42,MuSiQue,3,16,598,multi-hop,34.4996,59.9991,73.2673,0,0,0,115,317,371,52685176832,72163524608,8.615,0.03
google/gemma-3-1b-it,NVIDIA GeForce RTX 5060 Ti,42,MuSiQue,3,16,599,multi-hop,37.6443,0.0,72.0641,0,1,0,102,358,358,67194847232,67194847232,8.615,0.03
google/gemma-3-1b-it,NVIDIA GeForce RTX 5060 Ti,42,MuSiQue,4,16,0,structural,47.3685,97.9191,58.756,0,0,0,102,358,358,67194847232,67194847232,8.615,0.03
google/gemma-3-1b-it,NVIDIA GeForce RTX 5060 Ti,42,MuSiQue,4,16,1,multi-hop,38.1392,44.9812,36.3334,0,0,0,119,375,375,73728000000,73728000000,8.615,0.03
google/gemma-3-1b-it,NVIDIA GeForce RTX 5060 Ti,42,MuSiQue,4,16,2,multi-hop,38.1229,0.0,62.2328,0,1,0,124,380,380,75707187200,75707187200,8.615,0.03
google/gemma-3-1b-it,NVIDIA GeForce RTX 5060 Ti,42,MuSiQue,4,16,3,semantic,50.1452,0.0,54.4508,0,1,0,33,234,279,28707913728,40811102208,8.615,0.03
google/gemma-3-1b-it,NVIDIA GeForce RTX 5060 Ti,42,MuSiQue,4,16,4,structural,47.4443,0.0,0.0,0,1,1,4,260,260,35441868800,35441868800,8.615,0.03
google/gemma-3-1b-it,NVIDIA GeForce RTX 5060 Ti,42,MuSiQue,4,16,5,multi-hop,47.7549,0.0,36.6119,0,1,0,18,274,274,39361445888,39361445888,8.615,0.03
google/gemma-3-1b-it,NVIDIA GeForce RTX 5060 Ti,42,MuSiQue,4,16,6,structural,40.5531,45.551,61.0164,0,0,0,115,371,371,72163524608,72163524608,8.615,0.03
google/gemma-3-1b-it,NVIDIA GeForce RTX 5060 Ti,42,MuSiQue,4,16,7,multi-hop,42.0595,50.6893,49.5372,0,0,0,9,265,265,36818124800,36818124800,8.615,0.03
google/gemma-3-1b-it,NVIDIA GeForce RTX 5060 Ti,42,MuSiQue,4,16,8,multi-hop,52.6446,0.0,0.0,0,1,1,129,385,385,77712588800,77712588800,8.615,0.03
google/gemma-3-1b-it,NVIDIA GeForce RTX 5060 Ti,42,MuSiQue,4,16,9,structural,39.5996,0.0,42.2953,0,1,0,68,324,324,55037657088,55037657088,8.615,0.03
google/gemma-3-1b-it,NVIDIA GeForce RTX 5060 Ti,42,MuSiQue,4,16,10,multi-hop,43.4941,0.0,0.0,0,1,1,119,375,375,73728000000,73728000000,8.615,0.03
google/gemma-3-1b-it,NVIDIA GeForce RTX 5060 Ti,42,MuSiQue,4,16,11,semantic,56.9577,0.0,33.5775,0,1,0,88,344,344,62042144768,62042144768,8.615,0.03
google/gemma-3-1b-it,NVIDIA GeForce RTX 5060 Ti,42,MuSiQue,4,16,12,semantic,38.76,0.0,37.5348,0,1,0,30,286,282,42884661248,41693478912,8.615,0.03
google/gemma-3-1b-it,NVIDIA GeForce RTX 5060 Ti,42,MuSiQue,4,16,13,semantic,59.6335,0.0,0.0,0,1,1,105,361,361,68325736448,68325736448,8.615,0.03
google/gemma-3-1b-it,NVIDIA GeForce RTX 5060 Ti,42,MuSiQue,4,16,14,multi-hop,51.1761,0.0,61.5551,0,1,0,110,366,366,70231523328,70231523328,8.615,0.03
google/gemma-3-1b-it,NVIDIA GeForce RTX 5060 Ti,42,MuSiQue,4,16,15,structural,35.803,67.0079,59.1634,0,0,0,121,377,377,74516529152,74516529152,8.615,0.03
google/gemma-3-1b-it,NVIDIA GeForce RTX 5060 Ti,42,MuSiQue,4,16,16,structural,41.649,48.3435,82.6072,0,0,0,18,274,274,39361445888,39361445888,8.615,0.03
google/gemma-3-1b-it,NVIDIA GeForce RTX 5060 Ti,42,MuSiQue,4,16,17,semantic,64.6297,0.0,0.0,0,1,1,61,317,317,52685176832,52685176832,8.615,0.03
google/gemma-3-1b-it,NVIDIA GeForce RTX 5060 Ti,42,MuSiQue,4,16,18,semantic,38.8536,0.0,61.7701,0,1,0,113,369,369,71387578368,71387578368,8.615,0.03
google/gemma-3-1b-it,NVIDIA GeForce RTX 5060 Ti,42,MuSiQue,4,16,19,multi-hop,56.1988,55.4241,68.6942,0,0,0,39,295,295,45626163200,45626163200,8.615,0.03
google/gemma-3-1b-it,NVIDIA GeForce RTX 5060 Ti,42,MuSiQue,4,16,20,multi-hop,44.1243,98.7961,41.4566,0,0,0,78,334,334,58487472128,58487472128,8.615,0.03
google/gemma-3-1b-it,NVIDIA GeForce RTX 5060 Ti,42,MuSiQue,4,16,21,multi-hop,30.0659,0.0,85.6317,0,1,0,105,361,361,68325736448,68325736448,8.615,0.03
google/gemma-3-1b-it,NVIDIA GeForce RTX 5060 Ti,42,MuSiQue,4,16,22,structural,33.1243,38.4065,40.0198,0,0,0,127,383,383,76907282432,76907282432,8.615,0.03
google/gemma-3-1b-it,NVIDIA GeForce RTX 5060 Ti,42,MuSiQue,4,16,23,semantic,43.0543,0.0,0.0,0,1,1,102,358,358,67194847232,67194847232,8.615,0.03
google/gemma-3-1b-it,NVIDIA GeForce RTX 5060 Ti,42,MuSiQue,4,16,24,semantic,45.7877,0.0,0.0,0,1,1,121,377,377,74516529152,74516529152,8.615,0.03
google/gemma-3-1b-it,NVIDIA GeForce RTX 5060 Ti,42,MuSiQue,4,16,25,multi-hop,39.1237,0.0,0.0,0,1,1,51,307,307,49413619712,49413619712,8.615,0.03
google/gemma-3-1b-it,NVIDIA GeForce RTX 5060 Ti,42,MuSiQue,4,16,26,multi-hop,34.1471,0.0,0.0,0,1,1,72,328,328,56405000192,56405000192,8.615,0.03
google/gemma-3-1b-it,NVIDIA GeForce RTX 5060 Ti,42,MuSiQue,4,16,27,multi-hop,51.906,37.9572,71.4663,0,0,0,103,359,359,67570761728,67570761728,8.615,0.03
google/gemma-3-1b-it,NVIDIA GeForce RTX 5060 Ti,42,MuSiQue,4,16,28,semantic,51.5059,0.0,68.239,0,1,0,112,368,368,71001178112,71001178112,8.615,0.03
google/gemma-3-1b-it,NVIDIA GeForce RTX 5060 Ti,42,MuSiQue,4,16,29,structural,70.7439,0.0,70.0411,0,1,0,117,373,373,72943665152,72943665152,8.615,0.03
google/gemma-3-1b-it,NVIDIA GeForce RTX 5060 Ti,42,MuSiQue,4,16,30,multi-hop,47.9647,0.0,70.8826,0,1,0,104,360,360,67947724800,67947724800,8.615,0.03
google/gemma-3-1b-it,NVIDIA GeForce RTX 5060 Ti,42,MuSiQue,4,16,31,multi-hop,50.0304,0.0,0.0,0,1,1,43,299,299,46871871488,46871871488,8.615,0.03
google/gemma-3-1b-it,NVIDIA GeForce RTX 5060 Ti,42,MuSiQue,4,16,32,semantic,0.0,0.0,0.0,1,1,1,23,279,279,40811102208,40811102208,8.615,0.03
google/gemma-3-1b-it,NVIDIA GeForce RTX 5060 Ti,42,MuSiQue,4,16,33,structural,60.2725,32.8875,58.6951,0,0,0,84,340,340,60607692800,60607692800,8.615,0.03
google/gemma-3-1b-it,NVIDIA GeForce RTX 5060 Ti,42,MuSiQue,4,16,34,structural,49.6979,75.0999,0.0,0,0,1,136,392,363,80564191232,69084905472,8.615,0.03
google/gemma-3-1b-it,NVIDIA GeForce RTX 5060 Ti,42,MuSiQue,4,16,35,semantic,0.0,0.0,37.737,1,1,0,125,381,381,76106170368,76106170368,8.615,0.03
google/gemma-3-1b-it,NVIDIA GeForce RTX 5060 Ti,42,MuSiQue,4,16,36,structural,63.1639,0.0,0.0,0,1,1,111,367,367,70615826432,70615826432,8.615,0.03
google/gemma-3-1b-it,NVIDIA GeForce RTX 5060 Ti,42,MuSiQue,4,16,37,multi-hop,32.9315,0.0,45.2825,0,1,0,103,359,359,67570761728,67570761728,8.615,0.03
google/gemma-3-1b-it,NVIDIA GeForce RTX 5060 Ti,42,MuSiQue,4,16,38,multi-hop,47.9617,0.0,0.0,0,1,1,140,396,396,82216747008,82216747008,8.615,0.03
google/gemma-3-1b-it,NVIDIA GeForce RTX 5060 Ti,42,MuSiQue,4,16,39,multi-hop,65.2618,60.7552,34.4859,0,0,0,115,371,371,72163524608,72163524608,8.615,0.03
google/gemma-3-1b-it,NVIDIA GeForce RTX 5060 Ti,42,MuSiQue,4,16,40,semantic,70.6983,0.0,0.0,0,1,1,106,362,362,68704796672,68704796672,8.615,0.03
google/gemma-3-1b-it,NVIDIA GeForce RTX 5060 Ti,42,MuSiQue,4,16,41,multi-hop,55.08,87.9572,50.9256,0,0,0,107,363,363,69084905472,69084905472,8.615,0.03
google/gemma-3-1b-it,NVIDIA GeForce RTX 5060 Ti,42,MuSiQue,4,16,42,semantic,42.3658,0.0,0.0,0,1,1,102,358,358,67194847232,67194847232,8.615,0.03
google/gemma-3-1b-it,NVIDIA GeForce RTX 5060 Ti,42,MuSiQue,4,16,43,semantic,37.5955,0.0,0.0,0,1,1,5,157,172,12923174912,15510536192,8.615,0.03
google/gemma-3-1b-it,NVIDIA GeForce RTX 5060 Ti,42,MuSiQue,4,16,44,multi-hop,55.82,37.3984,34.5835,0,0,0,131,387,387,78522089472,78522089472,8.615,0.03
google/gemma-3-1b-it,NVIDIA GeForce RTX 5060 Ti,42,MuSiQue,4,16,45,structural,48.7139,39.3004,67.5992,0,0,0,68,324,324,55037657088,55037657088,8.615,0.03
google/gemma-3-1b-it,NVIDIA GeForce RTX 5060 Ti,42,MuSiQue,4,16,46,structural,46.3687,45.979,62.7033,0,0,0,121,377,377,74516529152,74516529152,8.615,0.03
google/gemma-3-1b-it,NVIDIA GeForce RTX 5060 Ti,42,MuSiQue,4,16,47,semantic,0.0,0.0,51.3033,1,1,0,12,268,268,37656461312,37656461312,8.615,0.03
google/gemma-3-1b-it,NVIDIA GeForce RTX 5060 Ti,42,MuSiQue,4,16,48,multi-hop,0.0,0.0,74.7422,1,1,0,90,346,346,62765662208,62765662208,8.615,0.03
google/gemma-3-1b-it,NVIDIA GeForce RTX 5060 Ti,42,MuSiQue,4,16,49,structural,0.0,39.7893,60.9399,1,0,0,107,363,363,69084905472,69084905472,8.615,0.03
google/gemma-3-1b-it,NVIDIA GeForce RTX 5060 Ti,42,MuSiQue,4,16,50,multi-hop,34.6143,0.0,65.8262,0,1,0,48,304,304,48452599808,48452599808,8.615,0.03
google/gemma-3-1b-it,NVIDIA GeForce RTX 5060 Ti,42,MuSiQue,4,16,51,structural,39.9077,41.9736,43.1869,0,0,0,88,344,344,62042144768,62042144768,8.615,0.03
google/gemma-3-1b-it,NVIDIA GeForce RTX 5060 Ti,42,MuSiQue,4,16,52,semantic,51.9362,0.0,57.5116,0,1,0,66,322,322,54360276992,54360276992,8.615,0.03
google/gemma-3-1b-it,NVIDIA GeForce RTX 5060 Ti,42,MuSiQue,4,16,53,structural,49.2771,78.4201,50.018,0,0,0,120,376,376,74121740288,74121740288,8.615,0.03
google/gemma-3-1b-it,NVIDIA GeForce RTX 5060 Ti,42,MuSiQue,4,16,54,structural,59.1672,0.0,0.0,0,1,1,118,374,374,73335308288,73335308288,8.615,0.03
google/gemma-3-1b-it,NVIDIA GeForce RTX 5060 Ti,42,MuSiQue,4,16,55,semantic,37.7885,0.0,61.3381,0,1,0,102,358,239,67194847232,29947854848,8.615,0.03
google/gemma-3-1b-it,NVIDIA GeForce RTX 5060 Ti,42,MuSiQue,4,16,56,multi-hop,34.2585,0.0,0.0,0,1,1,36,197,292,20347092992,44702892032,8.615,0.03
google/gemma-3-1b-it,NVIDIA GeForce RTX 5060 Ti,42,MuSiQue,4,16,57,structural,37.2616,69.8138,72.6453,0,0,0,62,318,318,53018099712,53018099712,8.615,0.03
google/gemma-3-1b-it,NVIDIA GeForce RTX 5060 Ti,42,MuSiQue,4,16,58,multi-hop,34.6921,0.0,0.0,0,1,1,69,325,325,55377920000,55377920000,8.615,0.03
google/gemma-3-1b-it,NVIDIA GeForce RTX 5060 Ti,42,MuSiQue,4,16,59,semantic,38.2218,0.0,68.5269,0,1,0,115,371,371,72163524608,72163524608,8.615,0.03
google/gemma-3-1b-it,NVIDIA GeForce RTX 5060 Ti,42,MuSiQue,4,16,60,semantic,57.5559,0.0,0.0,0,1,1,102,358,358,67194847232,67194847232,8.615,0.03
google/gemma-3-1b-it,NVIDIA GeForce RTX 5060 Ti,42,MuSiQue,4,16,61,structural,57.4291,36.5947,41.0959,0,0,0,99,319,355,53352071168,66073395200,8.615,0.03
google/gemma-3-1b-it,NVIDIA GeForce RTX 5060 Ti,42,MuSiQue,4,16,62,semantic,49.4703,0.0,73.011,0,1,0,5,12,261,75497472,35715022848,8.615,0.03
google/gemma-3-1b-it,NVIDIA GeForce RTX 5060 Ti,42,MuSiQue,4,16,63,multi-hop,34.9807,80.5206,0.0,0,0,1,94,350,350,64225280000,64225280000,8.615,0.03
google/gemma-3-1b-it,NVIDIA GeForce RTX 5060 Ti,42,MuSiQue,4,16,64,multi-hop,44.1089,0.0,36.1564,0,1,0,118,374,374,73335308288,73335308288,8.615,0.03
google/gemma-3-1b-it,NVIDIA GeForce RTX 5060 Ti,42,MuSiQue,4,16,65,multi-hop,63.2422,80.9678,79.1942,0,0,0,120,376,376,74121740288,74121740288,8.615,0.03
google/gemma-3-1b-it,NVIDIA GeForce RTX 5060 Ti,42,MuSiQue,4,16,66,multi-hop,40.4043,40.9582,71.4732,0,0,0,45,301,301,47501017088,47501017088,8.615,0.03
google/gemma-3-1b-it,NVIDIA GeForce RTX 5060 Ti,42,MuSiQue,4,16,67,semantic,59.9068,0.0,0.0,0,1,1,105,361,361,68325736448,68325736448,8.615,0.03
google/gemma-3-1b-it,NVIDIA GeForce RTX 5060 Ti,42,MuSiQue,4,16,68,structural,45.7473,53.8749,42.1217,0,0,0,57,313,313,51363971072,51363971072,8.615,0.03
google/gemma-3-1b-it,NVIDIA GeForce RTX 5060 Ti,42,MuSiQue,4,16,69,multi-hop,80.7524,0.0,0.0,0,1,1,62,318,318,53018099712,53018099712,8.615,0.03
google/gemma-3-1b-it,NVIDIA GeForce RTX 5060 Ti,42,MuSiQue,4,16,70,structural,57.5747,0.0,0.0,0,1,1,103,359,359,67570761728,67570761728,8.615,0.03
google/gemma-3-1b-it,NVIDIA GeForce RTX 5060 Ti,42,MuSiQue,4,16,71,multi-hop,49.9521,32.484,48.4009,0,0,0,98,354,354,65701675008,65701675008,8.615,0.03
google/gemma-3-1b-it,NVIDIA GeForce RTX 5060 Ti,42,MuSiQue,4,16,72,semantic,38.4984,0.0,0.0,0,1,1,132,388,388,78928412672,78928412672,8.615,0.03
google/gemma-3-1b-it,NVIDIA GeForce RTX 5060 Ti,42,MuSiQue,4,16,73,multi-hop,37.963,47.7257,0.0,0,0,1,30,286,282,42884661248,41693478912,8.615,0.03
google/gemma-3-1b-it,NVIDIA GeForce RTX 5060 Ti,42,MuSiQue,4,16,74,multi-hop,48.9549,0.0,0.0,0,1,1,9,265,265,36818124800,36818124800,8.615,0.03
google/gemma-3-1b-it,NVIDIA GeForce RTX 5060 Ti,42,MuSiQue,4,16,75,structural,39.354,84.7351,0.0,0,0,1,101,357,357,66819981312,66819981312,8.615,0.03
google/gemma-3-1b-it,NVIDIA GeForce RTX 5060 Ti,42,MuSiQue,4,16,76,multi-hop,37.9309,0.0,0.0,0,1,1,57,247,313,31986286592,51363971072,8.615,0.03
google/gemma-3-1b-it,NVIDIA GeForce RTX 5060 Ti,42,MuSiQue,4,16,77,semantic,35.9046,0.0,50.7022,0,1,0,100,356,356,66446163968,66446163968,8.615,0.03
google/gemma-3-1b-it,NVIDIA GeForce RTX 5060 Ti,42,MuSiQue,4,16,78,semantic,32.16,0.0,36.9879,0,1,0,92,348,348,63493373952,63493373952,8.615,0.03
google/gemma-3-1b-it,NVIDIA GeForce RTX 5060 Ti,42,MuSiQue,4,16,79,semantic,56.5661,0.0,36.1932,0,1,0,101,357,357,66819981312,66819981312,8.615,0.03
google/gemma-3-1b-it,NVIDIA GeForce RTX 5060 Ti,42,MuSiQue,4,16,80,structural,38.9112,0.0,0.0,0,1,1,102,358,358,67194847232,67194847232,8.615,0.03
google/gemma-3-1b-it,NVIDIA GeForce RTX 5060 Ti,42,MuSiQue,4,16,81,multi-hop,46.9472,43.2898,48.0903,0,0,0,69,325,325,55377920000,55377920000,8.615,0.03
google/gemma-3-1b-it,NVIDIA GeForce RTX 5060 Ti,42,MuSiQue,4,16,82,multi-hop,60.6647,44.6593,56.4872,0,0,0,102,358,358,67194847232,67194847232,8.615,0.03
google/gemma-3-1b-it,NVIDIA GeForce RTX 5060 Ti,42,MuSiQue,4,16,83,structural,41.7179,66.8139,0.0,0,0,1,101,357,357,66819981312,66819981312,8.615,0.03
google/gemma-3-1b-it,NVIDIA GeForce RTX 5060 Ti,42,MuSiQue,4,16,84,semantic,52.2373,0.0,0.0,0,1,1,65,321,321,54023159808,54023159808,8.615,0.03
google/gemma-3-1b-it,NVIDIA GeForce RTX 5060 Ti,42,MuSiQue,4,16,85,semantic,39.9522,0.0,0.0,0,1,1,97,353,353,65331003392,65331003392,8.615,0.03
google/gemma-3-1b-it,NVIDIA GeForce RTX 5060 Ti,42,MuSiQue,4,16,86,multi-hop,38.4242,0.0,63.6045,0,1,0,148,404,404,85572190208,85572190208,8.615,0.03
google/gemma-3-1b-it,NVIDIA GeForce RTX 5060 Ti,42,MuSiQue,4,16,87,multi-hop,40.6951,0.0,102.6554,0,1,0,119,375,375,73728000000,73728000000,8.615,0.03
google/gemma-3-1b-it,NVIDIA GeForce RTX 5060 Ti,42,MuSiQue,4,16,88,multi-hop,51.8534,43.9641,43.4015,0,0,0,89,345,345,62403379200,62403379200,8.615,0.03
google/gemma-3-1b-it,NVIDIA GeForce RTX 5060 Ti,42,MuSiQue,4,16,89,multi-hop,38.2449,0.0,31.2929,0,1,0,89,345,345,62403379200,62403379200,8.615,0.03
google/gemma-3-1b-it,NVIDIA GeForce RTX 5060 Ti,42,MuSiQue,4,16,90,semantic,55.4855,0.0,48.2566,0,1,0,115,371,371,72163524608,72163524608,8.615,0.03
google/gemma-3-1b-it,NVIDIA GeForce RTX 5060 Ti,42,MuSiQue,4,16,91,multi-hop,0.0,43.5039,45.3448,1,0,0,124,380,380,75707187200,75707187200,8.615,0.03
google/gemma-3-1b-it,NVIDIA GeForce RTX 5060 Ti,42,MuSiQue,4,16,92,semantic,43.7469,0.0,37.8023,0,1,0,10,266,266,37096521728,37096521728,8.615,0.03
google/gemma-3-1b-it,NVIDIA GeForce RTX 5060 Ti,42,MuSiQue,4,16,93,semantic,0.0,0.0,0.0,1,1,1,97,353,353,65331003392,65331003392,8.615,0.03
google/gemma-3-1b-it,NVIDIA GeForce RTX 5060 Ti,42,MuSiQue,4,16,94,semantic,54.7147,0.0,0.0,0,1,1,119,375,375,73728000000,73728000000,8.615,0.03
google/gemma-3-1b-it,NVIDIA GeForce RTX 5060 Ti,42,MuSiQue,4,16,95,semantic,50.7876,0.0,0.0,0,1,1,114,370,370,71775027200,71775027200,8.615,0.03
google/gemma-3-1b-it,NVIDIA GeForce RTX 5060 Ti,42,MuSiQue,4,16,96,multi-hop,0.0,56.0449,38.9608,1,0,0,106,328,282,56405000192,41693478912,8.615,0.03
google/gemma-3-1b-it,NVIDIA GeForce RTX 5060 Ti,42,MuSiQue,4,16,97,structural,0.0,39.9921,0.0,1,0,1,124,380,380,75707187200,75707187200,8.615,0.03
google/gemma-3-1b-it,NVIDIA GeForce RTX 5060 Ti,42,MuSiQue,4,16,98,multi-hop,46.9886,0.0,88.5244,0,1,0,106,362,362,68704796672,68704796672,8.615,0.03
google/gemma-3-1b-it,NVIDIA GeForce RTX 5060 Ti,42,MuSiQue,4,16,99,semantic,0.0,0.0,63.9716,1,1,0,119,375,375,73728000000,73728000000,8.615,0.03
google/gemma-3-1b-it,NVIDIA GeForce RTX 5060 Ti,42,MuSiQue,4,16,100,semantic,56.2496,0.0,0.0,0,1,1,75,331,331,57441517568,57441517568,8.615,0.03
google/gemma-3-1b-it,NVIDIA GeForce RTX 5060 Ti,42,MuSiQue,4,16,101,multi-hop,42.5293,39.2436,0.0,0,0,1,119,375,375,73728000000,73728000000,8.615,0.03
google/gemma-3-1b-it,NVIDIA GeForce RTX 5060 Ti,42,MuSiQue,4,16,102,multi-hop,43.6326,0.0,39.8535,0,1,0,53,309,309,50059542528,50059542528,8.615,0.03
google/gemma-3-1b-it,NVIDIA GeForce RTX 5060 Ti,42,MuSiQue,4,16,103,semantic,41.4277,0.0,41.4826,0,1,0,86,341,327,60964732928,56061591552,8.615,0.03
google/gemma-3-1b-it,NVIDIA GeForce RTX 5060 Ti,42,MuSiQue,4,16,104,multi-hop,37.3025,0.0,41.2145,0,1,0,36,197,292,20347092992,44702892032,8.615,0.03
google/gemma-3-1b-it,NVIDIA GeForce RTX 5060 Ti,42,MuSiQue,4,16,105,semantic,42.048,0.0,40.6365,0,1,0,99,355,355,66073395200,66073395200,8.615,0.03
google/gemma-3-1b-it,NVIDIA GeForce RTX 5060 Ti,42,MuSiQue,4,16,106,semantic,41.5138,0.0,0.0,0,1,1,54,310,310,50384076800,50384076800,8.615,0.03
google/gemma-3-1b-it,NVIDIA GeForce RTX 5060 Ti,42,MuSiQue,4,16,107,structural,71.0795,0.0,32.0335,0,1,0,118,374,374,73335308288,73335308288,8.615,0.03
google/gemma-3-1b-it,NVIDIA GeForce RTX 5060 Ti,42,MuSiQue,4,16,108,structural,35.1389,55.5374,0.0,0,0,1,83,339,339,60251701248,60251701248,8.615,0.03
google/gemma-3-1b-it,NVIDIA GeForce RTX 5060 Ti,42,MuSiQue,4,16,109,multi-hop,50.4994,42.17,34.5656,0,0,0,2,9,9,42467328,42467328,8.615,0.03
google/gemma-3-1b-it,NVIDIA GeForce RTX 5060 Ti,42,MuSiQue,4,16,110,multi-hop,45.6491,0.0,0.0,0,1,1,4,260,260,35441868800,35441868800,8.615,0.03
google/gemma-3-1b-it,NVIDIA GeForce RTX 5060 Ti,42,MuSiQue,4,16,111,multi-hop,41.1123,61.5367,49.5325,0,0,0,116,372,372,72553070592,72553070592,8.615,0.03
google/gemma-3-1b-it,NVIDIA GeForce RTX 5060 Ti,42,MuSiQue,4,16,112,semantic,81.968,0.0,0.0,0,1,1,103,359,359,67570761728,67570761728,8.615,0.03
google/gemma-3-1b-it,NVIDIA GeForce RTX 5060 Ti,42,MuSiQue,4,16,113,multi-hop,56.9821,0.0,0.0,0,1,1,87,343,343,61681958912,61681958912,8.615,0.03
google/gemma-3-1b-it,NVIDIA GeForce RTX 5060 Ti,42,MuSiQue,4,16,114,multi-hop,35.7017,0.0,0.0,0,1,1,88,344,344,62042144768,62042144768,8.615,0.03
google/gemma-3-1b-it,NVIDIA GeForce RTX 5060 Ti,42,MuSiQue,4,16,115,multi-hop,40.4286,74.0285,69.7223,0,0,0,106,362,362,68704796672,68704796672,8.615,0.03
google/gemma-3-1b-it,NVIDIA GeForce RTX 5060 Ti,42,MuSiQue,4,16,116,semantic,38.179,0.0,0.0,0,1,1,105,361,361,68325736448,68325736448,8.615,0.03
google/gemma-3-1b-it,NVIDIA GeForce RTX 5060 Ti,42,MuSiQue,4,16,117,multi-hop,39.016,74.1612,59.6357,0,0,0,98,354,354,65701675008,65701675008,8.615,0.03
google/gemma-3-1b-it,NVIDIA GeForce RTX 5060 Ti,42,MuSiQue,4,16,118,multi-hop,44.2748,0.0,0.0,0,1,1,102,358,358,67194847232,67194847232,8.615,0.03
google/gemma-3-1b-it,NVIDIA GeForce RTX 5060 Ti,42,MuSiQue,4,16,119,multi-hop,36.1988,85.4025,0.0,0,0,1,97,353,353,65331003392,65331003392,8.615,0.03
google/gemma-3-1b-it,NVIDIA GeForce RTX 5060 Ti,42,MuSiQue,4,16,120,structural,41.0682,49.8291,59.9609,0,0,0,7,263,263,36264476672,36264476672,8.615,0.03
google/gemma-3-1b-it,NVIDIA GeForce RTX 5060 Ti,42,MuSiQue,4,16,121,multi-hop,57.3473,0.0,43.9738,0,1,0,105,361,361,68325736448,68325736448,8.615,0.03
google/gemma-3-1b-it,NVIDIA GeForce RTX 5060 Ti,42,MuSiQue,4,16,122,semantic,45.4365,0.0,0.0,0,1,1,5,261,261,35715022848,35715022848,8.615,0.03
google/gemma-3-1b-it,NVIDIA GeForce RTX 5060 Ti,42,MuSiQue,4,16,123,semantic,92.9659,0.0,44.3443,0,1,0,121,376,366,74121740288,70231523328,8.615,0.03
google/gemma-3-1b-it,NVIDIA GeForce RTX 5060 Ti,42,MuSiQue,4,16,124,multi-hop,63.5824,44.9806,0.0,0,0,1,7,132,263,9135194112,36264476672,8.615,0.03
google/gemma-3-1b-it,NVIDIA GeForce RTX 5060 Ti,42,MuSiQue,4,16,125,semantic,62.9295,0.0,64.1531,0,1,0,104,360,360,67947724800,67947724800,8.615,0.03
google/gemma-3-1b-it,NVIDIA GeForce RTX 5060 Ti,42,MuSiQue,4,16,126,semantic,39.0701,0.0,0.0,0,1,1,39,295,295,45626163200,45626163200,8.615,0.03
google/gemma-3-1b-it,NVIDIA GeForce RTX 5060 Ti,42,MuSiQue,4,16,127,multi-hop,69.9732,54.7903,80.3457,0,0,0,35,291,291,44397232128,44397232128,8.615,0.03
google/gemma-3-1b-it,NVIDIA GeForce RTX 5060 Ti,42,MuSiQue,4,16,128,multi-hop,53.0433,41.7962,0.0,0,0,1,9,254,265,33824964608,36818124800,8.615,0.03
google/gemma-3-1b-it,NVIDIA GeForce RTX 5060 Ti,42,MuSiQue,4,16,129,structural,71.1132,44.752,0.0,0,0,1,75,331,331,57441517568,57441517568,8.615,0.03
google/gemma-3-1b-it,NVIDIA GeForce RTX 5060 Ti,42,MuSiQue,4,16,130,semantic,70.7424,0.0,0.0,0,1,1,107,363,363,69084905472,69084905472,8.615,0.03
google/gemma-3-1b-it,NVIDIA GeForce RTX 5060 Ti,42,MuSiQue,4,16,131,semantic,103.8773,0.0,62.044,0,1,0,107,363,363,69084905472,69084905472,8.615,0.03
google/gemma-3-1b-it,NVIDIA GeForce RTX 5060 Ti,42,MuSiQue,4,16,132,semantic,35.7655,0.0,32.8743,0,1,0,81,337,337,59542863872,59542863872,8.615,0.03
google/gemma-3-1b-it,NVIDIA GeForce RTX 5060 Ti,42,MuSiQue,4,16,133,multi-hop,91.262,0.0,0.0,0,1,1,114,370,370,71775027200,71775027200,8.615,0.03
google/gemma-3-1b-it,NVIDIA GeForce RTX 5060 Ti,42,MuSiQue,4,16,134,structural,33.7038,37.9286,0.0,0,0,1,77,320,333,53687091200,58137772032,8.615,0.03
google/gemma-3-1b-it,NVIDIA GeForce RTX 5060 Ti,42,MuSiQue,4,16,135,multi-hop,40.9987,0.0,0.0,0,1,1,123,379,379,75309252608,75309252608,8.615,0.03
google/gemma-3-1b-it,NVIDIA GeForce RTX 5060 Ti,42,MuSiQue,4,16,136,semantic,38.9162,0.0,45.0317,0,1,0,120,376,376,74121740288,74121740288,8.615,0.03
google/gemma-3-1b-it,NVIDIA GeForce RTX 5060 Ti,42,MuSiQue,4,16,137,semantic,40.6255,0.0,71.059,0,1,0,114,370,370,71775027200,71775027200,8.615,0.03
google/gemma-3-1b-it,NVIDIA GeForce RTX 5060 Ti,42,MuSiQue,4,16,138,semantic,45.8238,0.0,36.6304,0,1,0,142,398,398,83049316352,83049316352,8.615,0.03
google/gemma-3-1b-it,NVIDIA GeForce RTX 5060 Ti,42,MuSiQue,4,16,139,multi-hop,52.0675,35.9492,43.6097,0,0,0,77,333,333,58137772032,58137772032,8.615,0.03
google/gemma-3-1b-it,NVIDIA GeForce RTX 5060 Ti,42,MuSiQue,4,16,140,structural,46.2232,0.0,0.0,0,1,1,125,381,381,76106170368,76106170368,8.615,0.03
google/gemma-3-1b-it,NVIDIA GeForce RTX 5060 Ti,42,MuSiQue,4,16,141,semantic,49.1267,0.0,63.0369,0,1,0,88,344,316,62042144768,52353302528,8.615,0.03
google/gemma-3-1b-it,NVIDIA GeForce RTX 5060 Ti,42,MuSiQue,4,16,142,multi-hop,44.0585,38.0727,53.1605,0,0,0,53,309,309,50059542528,50059542528,8.615,0.03
google/gemma-3-1b-it,NVIDIA GeForce RTX 5060 Ti,42,MuSiQue,4,16,143,semantic,66.4525,0.0,35.9592,0,1,0,115,371,371,72163524608,72163524608,8.615,0.03
google/gemma-3-1b-it,NVIDIA GeForce RTX 5060 Ti,42,MuSiQue,4,16,144,multi-hop,0.0,0.0,44.2339,1,1,0,88,344,316,62042144768,52353302528,8.615,0.03
google/gemma-3-1b-it,NVIDIA GeForce RTX 5060 Ti,42,MuSiQue,4,16,145,multi-hop,89.8999,0.0,0.0,0,1,1,102,358,358,67194847232,67194847232,8.615,0.03
google/gemma-3-1b-it,NVIDIA GeForce RTX 5060 Ti,42,MuSiQue,4,16,146,multi-hop,51.715,0.0,32.7917,0,1,0,20,248,276,32245809152,39938162688,8.615,0.03
google/gemma-3-1b-it,NVIDIA GeForce RTX 5060 Ti,42,MuSiQue,4,16,147,multi-hop,56.351,0.0,0.0,0,1,1,54,310,310,50384076800,50384076800,8.615,0.03
google/gemma-3-1b-it,NVIDIA GeForce RTX 5060 Ti,42,MuSiQue,4,16,148,multi-hop,52.7583,44.0309,30.5728,0,0,0,118,374,374,73335308288,73335308288,8.615,0.03
google/gemma-3-1b-it,NVIDIA GeForce RTX 5060 Ti,42,MuSiQue,4,16,149,multi-hop,58.1898,69.4636,51.9661,0,0,0,57,313,313,51363971072,51363971072,8.615,0.03
google/gemma-3-1b-it,NVIDIA GeForce RTX 5060 Ti,42,MuSiQue,4,16,150,semantic,59.9656,0.0,0.0,0,1,1,110,366,366,70231523328,70231523328,8.615,0.03
google/gemma-3-1b-it,NVIDIA GeForce RTX 5060 Ti,42,MuSiQue,4,16,151,structural,40.1353,77.5913,85.3872,0,0,0,119,375,375,73728000000,73728000000,8.615,0.03
google/gemma-3-1b-it,NVIDIA GeForce RTX 5060 Ti,42,MuSiQue,4,16,152,structural,46.0189,0.0,0.0,0,1,1,109,365,365,69848268800,69848268800,8.615,0.03
google/gemma-3-1b-it,NVIDIA GeForce RTX 5060 Ti,42,MuSiQue,4,16,153,structural,67.7103,34.2139,85.8944,0,0,0,103,359,359,67570761728,67570761728,8.615,0.03
google/gemma-3-1b-it,NVIDIA GeForce RTX 5060 Ti,42,MuSiQue,4,16,154,multi-hop,0.0,70.1644,0.0,1,0,1,119,375,375,73728000000,73728000000,8.615,0.03
google/gemma-3-1b-it,NVIDIA GeForce RTX 5060 Ti,42,MuSiQue,4,16,155,multi-hop,0.0,0.0,0.0,1,1,1,68,324,324,55037657088,55037657088,8.615,0.03
google/gemma-3-1b-it,NVIDIA GeForce RTX 5060 Ti,42,MuSiQue,4,16,156,structural,40.3058,67.2288,0.0,0,0,1,104,360,360,67947724800,67947724800,8.615,0.03
google/gemma-3-1b-it,NVIDIA GeForce RTX 5060 Ti,42,MuSiQue,4,16,157,multi-hop,0.0,0.0,0.0,1,1,1,115,371,371,72163524608,72163524608,8.615,0.03
google/gemma-3-1b-it,NVIDIA GeForce RTX 5060 Ti,42,MuSiQue,4,16,158,multi-hop,48.9494,0.0,0.0,0,1,1,5,90,261,4246732800,35715022848,8.615,0.03
google/gemma-3-1b-it,NVIDIA GeForce RTX 5060 Ti,42,MuSiQue,4,16,159,structural,40.4168,36.1585,0.0,0,0,1,86,341,327,60964732928,56061591552,8.615,0.03
google/gemma-3-1b-it,NVIDIA GeForce RTX 5060 Ti,42,MuSiQue,4,16,160,semantic,39.4787,0.0,0.0,0,1,1,3,20,20,209715200,209715200,8.615,0.03
google/gemma-3-1b-it,NVIDIA GeForce RTX 5060 Ti,42,MuSiQue,4,16,161,multi-hop,35.8343,0.0,0.0,0,1,1,96,352,294,64961380352,45317357568,8.615,0.03
google/gemma-3-1b-it,NVIDIA GeForce RTX 5060 Ti,42,MuSiQue,4,16,162,multi-hop,35.0742,61.5214,42.2042,0,0,0,39,245,295,31470387200,45626163200,8.615,0.03
google/gemma-3-1b-it,NVIDIA GeForce RTX 5060 Ti,42,MuSiQue,4,16,163,multi-hop,43.3669,38.2468,0.0,0,0,1,53,309,309,50059542528,50059542528,8.615,0.03
google/gemma-3-1b-it,NVIDIA GeForce RTX 5060 Ti,42,MuSiQue,4,16,164,semantic,37.3021,0.0,0.0,0,1,1,53,309,309,50059542528,50059542528,8.615,0.03
google/gemma-3-1b-it,NVIDIA GeForce RTX 5060 Ti,42,MuSiQue,4,16,165,multi-hop,53.2784,0.0,0.0,0,1,1,97,353,353,65331003392,65331003392,8.615,0.03
google/gemma-3-1b-it,NVIDIA GeForce RTX 5060 Ti,42,MuSiQue,4,16,166,multi-hop,66.3242,0.0,83.3824,0,1,0,103,359,359,67570761728,67570761728,8.615,0.03
google/gemma-3-1b-it,NVIDIA GeForce RTX 5060 Ti,42,MuSiQue,4,16,167,multi-hop,34.8197,77.1348,41.8559,0,0,0,35,291,291,44397232128,44397232128,8.615,0.03
google/gemma-3-1b-it,NVIDIA GeForce RTX 5060 Ti,42,MuSiQue,4,16,168,semantic,39.149,0.0,0.0,0,1,1,111,367,306,70615826432,49092231168,8.615,0.03
google/gemma-3-1b-it,NVIDIA GeForce RTX 5060 Ti,42,MuSiQue,4,16,169,multi-hop,0.0,0.0,0.0,1,1,1,114,370,370,71775027200,71775027200,8.615,0.03
google/gemma-3-1b-it,NVIDIA GeForce RTX 5060 Ti,42,MuSiQue,4,16,170,multi-hop,53.7108,46.4759,99.2043,0,0,0,79,335,335,58838220800,58838220800,8.615,0.03
google/gemma-3-1b-it,NVIDIA GeForce RTX 5060 Ti,42,MuSiQue,4,16,171,multi-hop,70.7466,0.0,0.0,0,1,1,43,299,299,46871871488,46871871488,8.615,0.03
google/gemma-3-1b-it,NVIDIA GeForce RTX 5060 Ti,42,MuSiQue,4,16,172,structural,34.9439,83.7179,63.7526,0,0,0,39,245,295,31470387200,45626163200,8.615,0.03
google/gemma-3-1b-it,NVIDIA GeForce RTX 5060 Ti,42,MuSiQue,4,16,173,multi-hop,56.8028,75.3358,56.0221,0,0,0,77,333,333,58137772032,58137772032,8.615,0.03
google/gemma-3-1b-it,NVIDIA GeForce RTX 5060 Ti,42,MuSiQue,4,16,174,semantic,48.1417,0.0,44.7396,0,1,0,124,380,380,75707187200,75707187200,8.615,0.03
google/gemma-3-1b-it,NVIDIA GeForce RTX 5060 Ti,42,MuSiQue,4,16,175,multi-hop,40.027,48.0477,0.0,0,0,1,111,367,306,70615826432,49092231168,8.615,0.03
google/gemma-3-1b-it,NVIDIA GeForce RTX 5060 Ti,42,MuSiQue,4,16,176,multi-hop,48.8019,0.0,44.5299,0,1,0,90,346,346,62765662208,62765662208,8.615,0.03
google/gemma-3-1b-it,NVIDIA GeForce RTX 5060 Ti,42,MuSiQue,4,16,177,multi-hop,45.4368,0.0,40.9155,0,1,0,27,283,283,41989701632,41989701632,8.615,0.03
google/gemma-3-1b-it,NVIDIA GeForce RTX 5060 Ti,42,MuSiQue,4,16,178,structural,50.6278,0.0,0.0,0,1,1,143,399,399,83467173888,83467173888,8.615,0.03
google/gemma-3-1b-it,NVIDIA GeForce RTX 5060 Ti,42,MuSiQue,4,16,179,structural,36.1579,57.3342,0.0,0,0,1,30,286,282,42884661248,41693478912,8.615,0.03
google/gemma-3-1b-it,NVIDIA GeForce RTX 5060 Ti,42,MuSiQue,4,16,180,semantic,39.1702,0.0,66.1299,0,1,0,19,275,275,39649280000,39649280000,8.615,0.03
google/gemma-3-1b-it,NVIDIA GeForce RTX 5060 Ti,42,MuSiQue,4,16,181,structural,37.6603,0.0,0.0,0,1,1,90,346,346,62765662208,62765662208,8.615,0.03
google/gemma-3-1b-it,NVIDIA GeForce RTX 5060 Ti,42,MuSiQue,4,16,182,multi-hop,0.0,0.0,0.0,1,1,1,54,310,310,50384076800,50384076800,8.615,0.03
google/gemma-3-1b-it,NVIDIA GeForce RTX 5060 Ti,42,MuSiQue,4,16,183,multi-hop,42.4061,0.0,0.0,0,1,1,110,366,366,70231523328,70231523328,8.615,0.03
google/gemma-3-1b-it,NVIDIA GeForce RTX 5060 Ti,42,MuSiQue,4,16,184,structural,52.3977,0.0,0.0,0,1,1,92,348,348,63493373952,63493373952,8.615,0.03
google/gemma-3-1b-it,NVIDIA GeForce RTX 5060 Ti,42,MuSiQue,4,16,185,multi-hop,35.961,0.0,72.2399,0,1,0,100,356,356,66446163968,66446163968,8.615,0.03
google/gemma-3-1b-it,NVIDIA GeForce RTX 5060 Ti,42,MuSiQue,4,16,186,semantic,54.9012,0.0,48.9551,0,1,0,109,365,365,69848268800,69848268800,8.615,0.03
google/gemma-3-1b-it,NVIDIA GeForce RTX 5060 Ti,42,MuSiQue,4,16,187,multi-hop,74.4775,41.6616,0.0,0,0,1,66,322,322,54360276992,54360276992,8.615,0.03
google/gemma-3-1b-it,NVIDIA GeForce RTX 5060 Ti,42,MuSiQue,4,16,188,multi-hop,31.8653,0.0,67.0733,0,1,0,114,370,370,71775027200,71775027200,8.615,0.03
google/gemma-3-1b-it,NVIDIA GeForce RTX 5060 Ti,42,MuSiQue,4,16,189,structural,47.1353,0.0,0.0,0,1,1,111,367,367,70615826432,70615826432,8.615,0.03
google/gemma-3-1b-it,NVIDIA GeForce RTX 5060 Ti,42,MuSiQue,4,16,190,structural,49.6114,63.3988,78.2512,0,0,0,34,282,290,41693478912,44092620800,8.615,0.03
google/gemma-3-1b-it,NVIDIA GeForce RTX 5060 Ti,42,MuSiQue,4,16,191,structural,44.3836,53.5881,43.7638,0,0,0,39,295,295,45626163200,45626163200,8.615,0.03
google/gemma-3-1b-it,NVIDIA GeForce RTX 5060 Ti,42,MuSiQue,4,16,192,multi-hop,61.6853,0.0,0.0,0,1,1,116,372,372,72553070592,72553070592,8.615,0.03
google/gemma-3-1b-it,NVIDIA GeForce RTX 5060 Ti,42,MuSiQue,4,16,193,semantic,32.9901,0.0,45.9042,0,1,0,71,272,327,38788923392,56061591552,8.615,0.03
google/gemma-3-1b-it,NVIDIA GeForce RTX 5060 Ti,42,MuSiQue,4,16,194,multi-hop,38.1339,61.8173,62.5246,0,0,0,128,384,384,77309411328,77309411328,8.615,0.03
google/gemma-3-1b-it,NVIDIA GeForce RTX 5060 Ti,42,MuSiQue,4,16,195,multi-hop,53.6213,97.1111,32.0673,0,0,0,104,360,360,67947724800,67947724800,8.615,0.03
google/gemma-3-1b-it,NVIDIA GeForce RTX 5060 Ti,42,MuSiQue,4,16,196,multi-hop,38.6266,0.0,47.5584,0,1,0,101,357,357,66819981312,66819981312,8.615,0.03
google/gemma-3-1b-it,NVIDIA GeForce RTX 5060 Ti,42,MuSiQue,4,16,197,semantic,39.5887,0.0,63.5751,0,1,0,72,328,328,56405000192,56405000192,8.615,0.03
google/gemma-3-1b-it,NVIDIA GeForce RTX 5060 Ti,42,MuSiQue,4,16,198,semantic,0.0,0.0,0.0,1,1,1,91,347,347,63128993792,63128993792,8.615,0.03
google/gemma-3-1b-it,NVIDIA GeForce RTX 5060 Ti,42,MuSiQue,4,16,199,semantic,31.9576,0.0,61.8898,0,1,0,13,269,269,37938003968,37938003968,8.615,0.03
google/gemma-3-1b-it,NVIDIA GeForce RTX 5060 Ti,42,MuSiQue,4,16,200,multi-hop,33.5426,69.0439,0.0,0,0,1,121,376,366,74121740288,70231523328,8.615,0.03
google/gemma-3-1b-it,NVIDIA GeForce RTX 5060 Ti,42,MuSiQue,4,16,201,multi-hop,41.1366,0.0,43.9636,0,1,0,102,358,358,67194847232,67194847232,8.615,0.03
google/gemma-3-1b-it,NVIDIA GeForce RTX 5060 Ti,42,MuSiQue,4,16,202,semantic,96.7349,0.0,32.2322,0,1,0,51,307,307,49413619712,49413619712,8.615,0.03
google/gemma-3-1b-it,NVIDIA GeForce RTX 5060 Ti,42,MuSiQue,4,16,203,semantic,66.5204,0.0,0.0,0,1,1,35,291,291,44397232128,44397232128,8.615,0.03
google/gemma-3-1b-it,NVIDIA GeForce RTX 5060 Ti,42,MuSiQue,4,16,204,multi-hop,73.9738,37.3363,0.0,0,0,1,112,368,368,71001178112,71001178112,8.615,0.03
google/gemma-3-1b-it,NVIDIA GeForce RTX 5060 Ti,42,MuSiQue,4,16,205,multi-hop,35.004,64.8937,40.9545,0,0,0,102,358,358,67194847232,67194847232,8.615,0.03
google/gemma-3-1b-it,NVIDIA GeForce RTX 5060 Ti,42,MuSiQue,4,16,206,multi-hop,38.0789,0.0,0.0,0,1,1,99,355,355,66073395200,66073395200,8.615,0.03
google/gemma-3-1b-it,NVIDIA GeForce RTX 5060 Ti,42,MuSiQue,4,16,207,multi-hop,79.3936,0.0,57.1365,0,1,0,91,347,347,63128993792,63128993792,8.615,0.03
google/gemma-3-1b-it,NVIDIA GeForce RTX 5060 Ti,42,MuSiQue,4,16,208,semantic,38.4315,0.0,70.4947,0,1,0,120,376,376,74121740288,74121740288,8.615,0.03
google/gemma-3-1b-it,NVIDIA GeForce RTX 5060 Ti,42,MuSiQue,4,16,209,semantic,70.1846,0.0,59.9097,0,1,0,61,317,317,52685176832,52685176832,8.615,0.03
google/gemma-3-1b-it,NVIDIA GeForce RTX 5060 Ti,42,MuSiQue,4,16,210,multi-hop,76.9935,0.0,0.0,0,1,1,110,366,366,70231523328,70231523328,8.615,0.03
google/gemma-3-1b-it,NVIDIA GeForce RTX 5060 Ti,42,MuSiQue,4,16,211,multi-hop,52.2348,37.5307,54.8898,0,0,0,48,304,304,48452599808,48452599808,8.615,0.03
google/gemma-3-1b-it,NVIDIA GeForce RTX 5060 Ti,42,MuSiQue,4,16,212,semantic,48.8275,0.0,42.8217,0,1,0,103,359,239,67570761728,29947854848,8.615,0.03
google/gemma-3-1b-it,NVIDIA GeForce RTX 5060 Ti,42,MuSiQue,4,16,213,structural,54.4422,46.0206,47.9,0,0,0,96,352,294,64961380352,45317357568,8.615,0.03
google/gemma-3-1b-it,NVIDIA GeForce RTX 5060 Ti,42,MuSiQue,4,16,214,multi-hop,58.9483,0.0,0.0,0,1,1,46,302,302,47817162752,47817162752,8.615,0.03
google/gemma-3-1b-it,NVIDIA GeForce RTX 5060 Ti,42,MuSiQue,4,16,215,multi-hop,34.9024,46.0899,41.2352,0,0,0,2,9,9,42467328,42467328,8.615,0.03
google/gemma-3-1b-it,NVIDIA GeForce RTX 5060 Ti,42,MuSiQue,4,16,216,multi-hop,55.8751,0.0,42.782,0,1,0,77,320,333,53687091200,58137772032,8.615,0.03
google/gemma-3-1b-it,NVIDIA GeForce RTX 5060 Ti,42,MuSiQue,4,16,217,semantic,39.2177,0.0,65.798,0,1,0,94,350,350,64225280000,64225280000,8.615,0.03
google/gemma-3-1b-it,NVIDIA GeForce RTX 5060 Ti,42,MuSiQue,4,16,218,semantic,52.1783,0.0,0.0,0,1,1,92,348,348,63493373952,63493373952,8.615,0.03
google/gemma-3-1b-it,NVIDIA GeForce RTX 5060 Ti,42,MuSiQue,4,16,219,structural,42.1217,39.5353,54.7673,0,0,0,121,377,377,74516529152,74516529152,8.615,0.03
google/gemma-3-1b-it,NVIDIA GeForce RTX 5060 Ti,42,MuSiQue,4,16,220,multi-hop,0.0,0.0,0.0,1,1,1,103,359,359,67570761728,67570761728,8.615,0.03
google/gemma-3-1b-it,NVIDIA GeForce RTX 5060 Ti,42,MuSiQue,4,16,221,semantic,85.2778,0.0,94.313,0,1,0,57,313,313,51363971072,51363971072,8.615,0.03
google/gemma-3-1b-it,NVIDIA GeForce RTX 5060 Ti,42,MuSiQue,4,16,222,structural,46.7962,59.1085,36.1878,0,0,0,5,20,20,209715200,209715200,8.615,0.03
google/gemma-3-1b-it,NVIDIA GeForce RTX 5060 Ti,42,MuSiQue,4,16,223,multi-hop,42.4744,0.0,49.9116,0,1,0,33,289,289,43789058048,43789058048,8.615,0.03
google/gemma-3-1b-it,NVIDIA GeForce RTX 5060 Ti,42,MuSiQue,4,16,224,multi-hop,74.6438,0.0,0.0,0,1,1,103,359,359,67570761728,67570761728,8.615,0.03
google/gemma-3-1b-it,NVIDIA GeForce RTX 5060 Ti,42,MuSiQue,4,16,225,structural,44.5276,59.7245,48.7063,0,0,0,115,371,371,72163524608,72163524608,8.615,0.03
google/gemma-3-1b-it,NVIDIA GeForce RTX 5060 Ti,42,MuSiQue,4,16,226,semantic,0.0,0.0,0.0,1,1,1,92,348,348,63493373952,63493373952,8.615,0.03
google/gemma-3-1b-it,NVIDIA GeForce RTX 5060 Ti,42,MuSiQue,4,16,227,semantic,73.8463,0.0,0.0,0,1,1,39,295,295,45626163200,45626163200,8.615,0.03
google/gemma-3-1b-it,NVIDIA GeForce RTX 5060 Ti,42,MuSiQue,4,16,228,structural,44.8947,0.0,0.0,0,1,1,137,393,393,80975757312,80975757312,8.615,0.03
google/gemma-3-1b-it,NVIDIA GeForce RTX 5060 Ti,42,MuSiQue,4,16,229,multi-hop,58.2905,0.0,71.4713,0,1,0,92,348,348,63493373952,63493373952,8.615,0.03
google/gemma-3-1b-it,NVIDIA GeForce RTX 5060 Ti,42,MuSiQue,4,16,230,structural,50.7113,36.3361,47.1399,0,0,0,105,361,361,68325736448,68325736448,8.615,0.03
google/gemma-3-1b-it,NVIDIA GeForce RTX 5060 Ti,42,MuSiQue,4,16,231,semantic,42.7166,0.0,60.3685,0,1,0,103,359,359,67570761728,67570761728,8.615,0.03
google/gemma-3-1b-it,NVIDIA GeForce RTX 5060 Ti,42,MuSiQue,4,16,232,structural,51.1078,42.5107,0.0,0,0,1,137,393,393,80975757312,80975757312,8.615,0.03
google/gemma-3-1b-it,NVIDIA GeForce RTX 5060 Ti,42,MuSiQue,4,16,233,structural,66.4337,80.1466,90.1097,0,0,0,39,245,295,31470387200,45626163200,8.615,0.03
google/gemma-3-1b-it,NVIDIA GeForce RTX 5060 Ti,42,MuSiQue,4,16,234,semantic,69.709,0.0,0.0,0,1,1,87,343,343,61681958912,61681958912,8.615,0.03
google/gemma-3-1b-it,NVIDIA GeForce RTX 5060 Ti,42,MuSiQue,4,16,235,multi-hop,0.0,0.0,0.0,1,1,1,39,295,295,45626163200,45626163200,8.615,0.03
google/gemma-3-1b-it,NVIDIA GeForce RTX 5060 Ti,42,MuSiQue,4,16,236,multi-hop,77.3707,0.0,72.4216,0,1,0,114,370,370,71775027200,71775027200,8.615,0.03
google/gemma-3-1b-it,NVIDIA GeForce RTX 5060 Ti,42,MuSiQue,4,16,237,structural,38.7649,60.1562,0.0,0,0,1,111,367,367,70615826432,70615826432,8.615,0.03
google/gemma-3-1b-it,NVIDIA GeForce RTX 5060 Ti,42,MuSiQue,4,16,238,multi-hop,35.8921,0.0,0.0,0,1,1,108,364,364,69466062848,69466062848,8.615,0.03
google/gemma-3-1b-it,NVIDIA GeForce RTX 5060 Ti,42,MuSiQue,4,16,239,structural,47.3164,37.7038,32.8293,0,0,0,96,352,352,64961380352,64961380352,8.615,0.03
google/gemma-3-1b-it,NVIDIA GeForce RTX 5060 Ti,42,MuSiQue,4,16,240,multi-hop,40.04,0.0,41.3873,0,1,0,102,353,299,65331003392,46871871488,8.615,0.03
google/gemma-3-1b-it,NVIDIA GeForce RTX 5060 Ti,42,MuSiQue,4,16,241,multi-hop,90.1983,0.0,61.4468,0,1,0,100,356,356,66446163968,66446163968,8.615,0.03
google/gemma-3-1b-it,NVIDIA GeForce RTX 5060 Ti,42,MuSiQue,4,16,242,multi-hop,81.1028,85.6392,0.0,0,0,1,105,361,361,68325736448,68325736448,8.615,0.03
google/gemma-3-1b-it,NVIDIA GeForce RTX 5060 Ti,42,MuSiQue,4,16,243,multi-hop,77.1157,0.0,0.0,0,1,1,108,364,364,69466062848,69466062848,8.615,0.03
google/gemma-3-1b-it,NVIDIA GeForce RTX 5060 Ti,42,MuSiQue,4,16,244,semantic,49.8389,0.0,0.0,0,1,1,77,333,333,58137772032,58137772032,8.615,0.03
google/gemma-3-1b-it,NVIDIA GeForce RTX 5060 Ti,42,MuSiQue,4,16,245,multi-hop,64.7547,43.7402,37.7535,0,0,0,102,358,358,67194847232,67194847232,8.615,0.03
google/gemma-3-1b-it,NVIDIA GeForce RTX 5060 Ti,42,MuSiQue,4,16,246,structural,82.0282,0.0,0.0,0,1,1,113,369,369,71387578368,71387578368,8.615,0.03
google/gemma-3-1b-it,NVIDIA GeForce RTX 5060 Ti,42,MuSiQue,4,16,247,structural,59.5149,0.0,0.0,0,1,1,37,293,293,45009600512,45009600512,8.615,0.03
google/gemma-3-1b-it,NVIDIA GeForce RTX 5060 Ti,42,MuSiQue,4,16,248,semantic,48.0734,0.0,0.0,0,1,1,16,272,272,38788923392,38788923392,8.615,0.03
google/gemma-3-1b-it,NVIDIA GeForce RTX 5060 Ti,42,MuSiQue,4,16,249,multi-hop,83.3246,0.0,57.3192,0,1,0,110,366,366,70231523328,70231523328,8.615,0.03
google/gemma-3-1b-it,NVIDIA GeForce RTX 5060 Ti,42,MuSiQue,4,16,250,semantic,83.3842,0.0,0.0,0,1,1,99,319,355,53352071168,66073395200,8.615,0.03
google/gemma-3-1b-it,NVIDIA GeForce RTX 5060 Ti,42,MuSiQue,4,16,251,multi-hop,37.4958,0.0,0.0,0,1,1,112,368,368,71001178112,71001178112,8.615,0.03
google/gemma-3-1b-it,NVIDIA GeForce RTX 5060 Ti,42,MuSiQue,4,16,252,multi-hop,42.4536,0.0,0.0,0,1,1,2,9,9,42467328,42467328,8.615,0.03
google/gemma-3-1b-it,NVIDIA GeForce RTX 5060 Ti,42,MuSiQue,4,16,253,multi-hop,48.2236,53.058,0.0,0,0,1,30,286,282,42884661248,41693478912,8.615,0.03
google/gemma-3-1b-it,NVIDIA GeForce RTX 5060 Ti,42,MuSiQue,4,16,254,multi-hop,65.9323,63.5876,35.6823,0,0,0,20,251,276,33030668288,39938162688,8.615,0.03
google/gemma-3-1b-it,NVIDIA GeForce RTX 5060 Ti,42,MuSiQue,4,16,255,multi-hop,33.6164,64.7025,42.1654,0,0,0,84,340,340,60607692800,60607692800,8.615,0.03
google/gemma-3-1b-it,NVIDIA GeForce RTX 5060 Ti,42,MuSiQue,4,16,256,multi-hop,58.4966,64.0786,0.0,0,0,1,101,357,357,66819981312,66819981312,8.615,0.03
google/gemma-3-1b-it,NVIDIA GeForce RTX 5060 Ti,42,MuSiQue,4,16,257,semantic,38.8038,0.0,38.4633,0,1,0,9,262,265,35989225472,36818124800,8.615,0.03
google/gemma-3-1b-it,NVIDIA GeForce RTX 5060 Ti,42,MuSiQue,4,16,258,multi-hop,31.9089,0.0,56.5096,0,1,0,33,289,289,43789058048,43789058048,8.615,0.03
google/gemma-3-1b-it,NVIDIA GeForce RTX 5060 Ti,42,MuSiQue,4,16,259,multi-hop,76.3425,0.0,49.5886,0,1,0,132,388,388,78928412672,78928412672,8.615,0.03
google/gemma-3-1b-it,NVIDIA GeForce RTX 5060 Ti,42,MuSiQue,4,16,260,structural,35.487,0.0,0.0,0,1,1,100,356,356,66446163968,66446163968,8.615,0.03
google/gemma-3-1b-it,NVIDIA GeForce RTX 5060 Ti,42,MuSiQue,4,16,261,semantic,39.1218,0.0,67.0358,0,1,0,141,397,397,82632507392,82632507392,8.615,0.03
google/gemma-3-1b-it,NVIDIA GeForce RTX 5060 Ti,42,MuSiQue,4,16,262,multi-hop,97.1847,95.2753,47.8487,0,0,0,121,377,377,74516529152,74516529152,8.615,0.03
google/gemma-3-1b-it,NVIDIA GeForce RTX 5060 Ti,42,MuSiQue,4,16,263,semantic,39.2772,0.0,0.0,0,1,1,46,302,302,47817162752,47817162752,8.615,0.03
google/gemma-3-1b-it,NVIDIA GeForce RTX 5060 Ti,42,MuSiQue,4,16,264,semantic,85.8995,0.0,0.0,0,1,1,19,275,275,39649280000,39649280000,8.615,0.03
google/gemma-3-1b-it,NVIDIA GeForce RTX 5060 Ti,42,MuSiQue,4,16,265,semantic,38.6736,0.0,0.0,0,1,1,92,348,348,63493373952,63493373952,8.615,0.03
google/gemma-3-1b-it,NVIDIA GeForce RTX 5060 Ti,42,MuSiQue,4,16,266,semantic,58.0198,0.0,42.5362,0,1,0,104,360,360,67947724800,67947724800,8.615,0.03
google/gemma-3-1b-it,NVIDIA GeForce RTX 5060 Ti,42,MuSiQue,4,16,267,structural,82.0648,37.5528,104.0136,0,0,0,60,316,316,52353302528,52353302528,8.615,0.03
google/gemma-3-1b-it,NVIDIA GeForce RTX 5060 Ti,42,MuSiQue,4,16,268,structural,72.0707,94.9285,70.884,0,0,0,104,360,360,67947724800,67947724800,8.615,0.03
google/gemma-3-1b-it,NVIDIA GeForce RTX 5060 Ti,42,MuSiQue,4,16,269,semantic,39.6558,0.0,0.0,0,1,1,116,372,372,72553070592,72553070592,8.615,0.03
google/gemma-3-1b-it,NVIDIA GeForce RTX 5060 Ti,42,MuSiQue,4,16,270,multi-hop,38.109,0.0,75.2509,0,1,0,99,355,355,66073395200,66073395200,8.615,0.03
google/gemma-3-1b-it,NVIDIA GeForce RTX 5060 Ti,42,MuSiQue,4,16,271,multi-hop,40.0561,0.0,0.0,0,1,1,103,359,359,67570761728,67570761728,8.615,0.03
google/gemma-3-1b-it,NVIDIA GeForce RTX 5060 Ti,42,MuSiQue,4,16,272,semantic,68.6871,0.0,46.0211,0,1,0,86,342,342,61322821632,61322821632,8.615,0.03
google/gemma-3-1b-it,NVIDIA GeForce RTX 5060 Ti,42,MuSiQue,4,16,273,multi-hop,46.9047,96.5943,43.1255,0,0,0,60,316,316,52353302528,52353302528,8.615,0.03
google/gemma-3-1b-it,NVIDIA GeForce RTX 5060 Ti,42,MuSiQue,4,16,274,multi-hop,37.1098,42.3166,41.1554,0,0,0,106,328,282,56405000192,41693478912,8.615,0.03
google/gemma-3-1b-it,NVIDIA GeForce RTX 5060 Ti,42,MuSiQue,4,16,275,multi-hop,53.7713,0.0,34.5126,0,1,0,103,359,359,67570761728,67570761728,8.615,0.03
google/gemma-3-1b-it,NVIDIA GeForce RTX 5060 Ti,42,MuSiQue,4,16,276,multi-hop,55.3164,0.0,39.6001,0,1,0,87,343,342,61681958912,61322821632,8.615,0.03
google/gemma-3-1b-it,NVIDIA GeForce RTX 5060 Ti,42,MuSiQue,4,16,277,structural,60.9159,0.0,0.0,0,1,1,67,323,323,54698442752,54698442752,8.615,0.03
google/gemma-3-1b-it,NVIDIA GeForce RTX 5060 Ti,42,MuSiQue,4,16,278,multi-hop,31.5276,30.6395,43.2433,0,0,0,88,344,344,62042144768,62042144768,8.615,0.03
google/gemma-3-1b-it,NVIDIA GeForce RTX 5060 Ti,42,MuSiQue,4,16,279,structural,51.9828,86.8517,67.0646,0,0,0,119,375,375,73728000000,73728000000,8.615,0.03
google/gemma-3-1b-it,NVIDIA GeForce RTX 5060 Ti,42,MuSiQue,4,16,280,multi-hop,62.6004,68.5507,39.5981,0,0,0,103,359,359,67570761728,67570761728,8.615,0.03
google/gemma-3-1b-it,NVIDIA GeForce RTX 5060 Ti,42,MuSiQue,4,16,281,semantic,37.9612,0.0,0.0,0,1,1,72,328,328,56405000192,56405000192,8.615,0.03
google/gemma-3-1b-it,NVIDIA GeForce RTX 5060 Ti,42,MuSiQue,4,16,282,semantic,61.6756,0.0,0.0,0,1,1,4,205,260,22033203200,35441868800,8.615,0.03
google/gemma-3-1b-it,NVIDIA GeForce RTX 5060 Ti,42,MuSiQue,4,16,283,structural,35.4521,44.7845,76.0998,0,0,0,72,328,328,56405000192,56405000192,8.615,0.03
google/gemma-3-1b-it,NVIDIA GeForce RTX 5060 Ti,42,MuSiQue,4,16,284,multi-hop,71.4329,61.828,35.7315,0,0,0,88,344,344,62042144768,62042144768,8.615,0.03
google/gemma-3-1b-it,NVIDIA GeForce RTX 5060 Ti,42,MuSiQue,4,16,285,structural,85.0549,49.4431,0.0,0,0,1,103,359,359,67570761728,67570761728,8.615,0.03
google/gemma-3-1b-it,NVIDIA GeForce RTX 5060 Ti,42,MuSiQue,4,16,286,multi-hop,78.4982,0.0,57.4342,0,1,0,111,367,367,70615826432,70615826432,8.615,0.03
google/gemma-3-1b-it,NVIDIA GeForce RTX 5060 Ti,42,MuSiQue,4,16,287,structural,38.6011,40.2028,49.326,0,0,0,93,349,349,63858802688,63858802688,8.615,0.03
google/gemma-3-1b-it,NVIDIA GeForce RTX 5060 Ti,42,MuSiQue,4,16,288,multi-hop,50.4224,0.0,76.0855,0,1,0,110,366,366,70231523328,70231523328,8.615,0.03
google/gemma-3-1b-it,NVIDIA GeForce RTX 5060 Ti,42,MuSiQue,4,16,289,multi-hop,84.8057,0.0,0.0,0,1,1,62,318,318,53018099712,53018099712,8.615,0.03
google/gemma-3-1b-it,NVIDIA GeForce RTX 5060 Ti,42,MuSiQue,4,16,290,semantic,46.1295,0.0,0.0,0,1,1,115,371,371,72163524608,72163524608,8.615,0.03
google/gemma-3-1b-it,NVIDIA GeForce RTX 5060 Ti,42,MuSiQue,4,16,291,multi-hop,71.7171,80.2481,0.0,0,0,1,7,263,263,36264476672,36264476672,8.615,0.03
google/gemma-3-1b-it,NVIDIA GeForce RTX 5060 Ti,42,MuSiQue,4,16,292,multi-hop,61.0448,0.0,44.7704,0,1,0,86,342,342,61322821632,61322821632,8.615,0.03
google/gemma-3-1b-it,NVIDIA GeForce RTX 5060 Ti,42,MuSiQue,4,16,293,multi-hop,0.0,61.3266,0.0,1,0,1,96,352,352,64961380352,64961380352,8.615,0.03
google/gemma-3-1b-it,NVIDIA GeForce RTX 5060 Ti,42,MuSiQue,4,16,294,multi-hop,47.155,51.8867,61.981,0,0,0,111,367,367,70615826432,70615826432,8.615,0.03
google/gemma-3-1b-it,NVIDIA GeForce RTX 5060 Ti,42,MuSiQue,4,16,295,semantic,47.2527,0.0,51.2713,0,1,0,105,361,361,68325736448,68325736448,8.615,0.03
google/gemma-3-1b-it,NVIDIA GeForce RTX 5060 Ti,42,MuSiQue,4,16,296,multi-hop,51.8673,70.9737,39.9262,0,0,0,148,404,404,85572190208,85572190208,8.615,0.03
google/gemma-3-1b-it,NVIDIA GeForce RTX 5060 Ti,42,MuSiQue,4,16,297,multi-hop,50.8543,60.7816,49.4052,0,0,0,77,333,333,58137772032,58137772032,8.615,0.03
google/gemma-3-1b-it,NVIDIA GeForce RTX 5060 Ti,42,MuSiQue,4,16,298,structural,44.2119,44.7497,52.7561,0,0,0,94,350,350,64225280000,64225280000,8.615,0.03
google/gemma-3-1b-it,NVIDIA GeForce RTX 5060 Ti,42,MuSiQue,4,16,299,semantic,36.9196,0.0,0.0,0,1,1,65,321,321,54023159808,54023159808,8.615,0.03
google/gemma-3-1b-it,NVIDIA GeForce RTX 5060 Ti,42,MuSiQue,4,16,300,multi-hop,40.5339,0.0,66.4245,0,1,0,120,376,376,74121740288,74121740288,8.615,0.03
google/gemma-3-1b-it,NVIDIA GeForce RTX 5060 Ti,42,MuSiQue,4,16,301,multi-hop,48.3813,72.1823,92.046,0,0,0,131,387,387,78522089472,78522089472,8.615,0.03
google/gemma-3-1b-it,NVIDIA GeForce RTX 5060 Ti,42,MuSiQue,4,16,302,structural,43.1587,78.175,0.0,0,0,1,88,344,316,62042144768,52353302528,8.615,0.03
google/gemma-3-1b-it,NVIDIA GeForce RTX 5060 Ti,42,MuSiQue,4,16,303,semantic,53.7446,0.0,0.0,0,1,1,132,388,388,78928412672,78928412672,8.615,0.03
google/gemma-3-1b-it,NVIDIA GeForce RTX 5060 Ti,42,MuSiQue,4,16,304,multi-hop,79.2446,0.0,34.8141,0,1,0,88,344,344,62042144768,62042144768,8.615,0.03
google/gemma-3-1b-it,NVIDIA GeForce RTX 5060 Ti,42,MuSiQue,4,16,305,multi-hop,38.6699,0.0,32.531,0,1,0,101,357,357,66819981312,66819981312,8.615,0.03
google/gemma-3-1b-it,NVIDIA GeForce RTX 5060 Ti,42,MuSiQue,4,16,306,semantic,86.8114,0.0,61.3883,0,1,0,121,377,377,74516529152,74516529152,8.615,0.03
google/gemma-3-1b-it,NVIDIA GeForce RTX 5060 Ti,42,MuSiQue,4,16,307,semantic,44.7439,0.0,33.5166,0,1,0,91,347,347,63128993792,63128993792,8.615,0.03
google/gemma-3-1b-it,NVIDIA GeForce RTX 5060 Ti,42,MuSiQue,4,16,308,multi-hop,42.767,64.0351,81.9776,0,0,0,43,299,299,46871871488,46871871488,8.615,0.03
google/gemma-3-1b-it,NVIDIA GeForce RTX 5060 Ti,42,MuSiQue,4,16,309,multi-hop,37.4473,0.0,0.0,0,1,1,101,357,357,66819981312,66819981312,8.615,0.03
google/gemma-3-1b-it,NVIDIA GeForce RTX 5060 Ti,42,MuSiQue,4,16,310,structural,45.0835,95.7743,94.388,0,0,0,96,352,352,64961380352,64961380352,8.615,0.03
google/gemma-3-1b-it,NVIDIA GeForce RTX 5060 Ti,42,MuSiQue,4,16,311,multi-hop,48.8444,32.5,0.0,0,0,1,111,367,367,70615826432,70615826432,8.615,0.03
google/gemma-3-1b-it,NVIDIA GeForce RTX 5060 Ti,42,MuSiQue,4,16,312,multi-hop,74.1221,50.336,35.6171,0,0,0,13,269,269,37938003968,37938003968,8.615,0.03
google/gemma-3-1b-it,NVIDIA GeForce RTX 5060 Ti,42,MuSiQue,4,16,313,structural,64.4087,53.8127,38.8345,0,0,0,110,366,366,70231523328,70231523328,8.615,0.03
google/gemma-3-1b-it,NVIDIA GeForce RTX 5060 Ti,42,MuSiQue,4,16,314,structural,49.6386,41.8268,39.4543,0,0,0,46,302,302,47817162752,47817162752,8.615,0.03
google/gemma-3-1b-it,NVIDIA GeForce RTX 5060 Ti,42,MuSiQue,4,16,315,multi-hop,74.6122,38.3054,42.3962,0,0,0,12,268,268,37656461312,37656461312,8.615,0.03
google/gemma-3-1b-it,NVIDIA GeForce RTX 5060 Ti,42,MuSiQue,4,16,316,semantic,44.991,0.0,0.0,0,1,1,5,261,261,35715022848,35715022848,8.615,0.03
google/gemma-3-1b-it,NVIDIA GeForce RTX 5060 Ti,42,MuSiQue,4,16,317,multi-hop,54.8111,0.0,60.7923,0,1,0,101,357,357,66819981312,66819981312,8.615,0.03
google/gemma-3-1b-it,NVIDIA GeForce RTX 5060 Ti,42,MuSiQue,4,16,318,multi-hop,45.9823,37.0611,37.3343,0,0,0,124,380,380,75707187200,75707187200,8.615,0.03
google/gemma-3-1b-it,NVIDIA GeForce RTX 5060 Ti,42,MuSiQue,4,16,319,semantic,54.4654,0.0,39.3742,0,1,0,106,362,362,68704796672,68704796672,8.615,0.03
google/gemma-3-1b-it,NVIDIA GeForce RTX 5060 Ti,42,MuSiQue,4,16,320,multi-hop,44.0731,0.0,40.0181,0,1,0,103,359,359,67570761728,67570761728,8.615,0.03
google/gemma-3-1b-it,NVIDIA GeForce RTX 5060 Ti,42,MuSiQue,4,16,321,multi-hop,45.9342,49.1385,0.0,0,0,1,104,360,360,67947724800,67947724800,8.615,0.03
google/gemma-3-1b-it,NVIDIA GeForce RTX 5060 Ti,42,MuSiQue,4,16,322,multi-hop,50.2934,61.5432,0.0,0,0,1,111,367,367,70615826432,70615826432,8.615,0.03
google/gemma-3-1b-it,NVIDIA GeForce RTX 5060 Ti,42,MuSiQue,4,16,323,structural,0.0,34.5422,45.5313,1,0,0,129,385,385,77712588800,77712588800,8.615,0.03
google/gemma-3-1b-it,NVIDIA GeForce RTX 5060 Ti,42,MuSiQue,4,16,324,semantic,32.006,0.0,0.0,0,1,1,112,368,368,71001178112,71001178112,8.615,0.03
google/gemma-3-1b-it,NVIDIA GeForce RTX 5060 Ti,42,MuSiQue,4,16,325,semantic,41.2459,0.0,0.0,0,1,1,119,375,375,73728000000,73728000000,8.615,0.03
google/gemma-3-1b-it,NVIDIA GeForce RTX 5060 Ti,42,MuSiQue,4,16,326,multi-hop,64.7583,36.8026,0.0,0,0,1,71,272,327,38788923392,56061591552,8.615,0.03
google/gemma-3-1b-it,NVIDIA GeForce RTX 5060 Ti,42,MuSiQue,4,16,327,structural,45.7165,0.0,35.3574,0,1,0,121,376,366,74121740288,70231523328,8.615,0.03
google/gemma-3-1b-it,NVIDIA GeForce RTX 5060 Ti,42,MuSiQue,4,16,328,multi-hop,34.9386,0.0,77.9082,0,1,0,40,227,265,27016036352,36818124800,8.615,0.03
google/gemma-3-1b-it,NVIDIA GeForce RTX 5060 Ti,42,MuSiQue,4,16,329,multi-hop,57.3142,48.6341,0.0,0,0,1,20,248,276,32245809152,39938162688,8.615,0.03
google/gemma-3-1b-it,NVIDIA GeForce RTX 5060 Ti,42,MuSiQue,4,16,330,structural,36.5818,49.4967,72.8131,0,0,0,96,352,352,64961380352,64961380352,8.615,0.03
google/gemma-3-1b-it,NVIDIA GeForce RTX 5060 Ti,42,MuSiQue,4,16,331,multi-hop,92.347,0.0,64.3404,0,1,0,104,360,360,67947724800,67947724800,8.615,0.03
google/gemma-3-1b-it,NVIDIA GeForce RTX 5060 Ti,42,MuSiQue,4,16,332,multi-hop,81.4772,53.7165,70.5415,0,0,0,73,329,329,56749457408,56749457408,8.615,0.03
google/gemma-3-1b-it,NVIDIA GeForce RTX 5060 Ti,42,MuSiQue,4,16,333,semantic,47.9454,0.0,36.6548,0,1,0,114,370,370,71775027200,71775027200,8.615,0.03
google/gemma-3-1b-it,NVIDIA GeForce RTX 5060 Ti,42,MuSiQue,4,16,334,semantic,57.1321,0.0,79.7743,0,1,0,170,426,426,95145689088,95145689088,8.615,0.03
google/gemma-3-1b-it,NVIDIA GeForce RTX 5060 Ti,42,MuSiQue,4,16,335,multi-hop,49.7172,44.9209,97.235,0,0,0,14,270,270,38220595200,38220595200,8.615,0.03
google/gemma-3-1b-it,NVIDIA GeForce RTX 5060 Ti,42,MuSiQue,4,16,336,multi-hop,57.8943,0.0,0.0,0,1,1,118,374,348,73335308288,63493373952,8.615,0.03
google/gemma-3-1b-it,NVIDIA GeForce RTX 5060 Ti,42,MuSiQue,4,16,337,structural,53.1902,39.5028,0.0,0,0,1,4,260,260,35441868800,35441868800,8.615,0.03
google/gemma-3-1b-it,NVIDIA GeForce RTX 5060 Ti,42,MuSiQue,4,16,338,multi-hop,52.0806,0.0,0.0,0,1,1,87,343,343,61681958912,61681958912,8.615,0.03
google/gemma-3-1b-it,NVIDIA GeForce RTX 5060 Ti,42,MuSiQue,4,16,339,multi-hop,57.91,0.0,0.0,0,1,1,114,370,370,71775027200,71775027200,8.615,0.03
google/gemma-3-1b-it,NVIDIA GeForce RTX 5060 Ti,42,MuSiQue,4,16,340,semantic,59.0692,0.0,62.9854,0,1,0,26,282,282,41693478912,41693478912,8.615,0.03
google/gemma-3-1b-it,NVIDIA GeForce RTX 5060 Ti,42,MuSiQue,4,16,341,semantic,0.0,0.0,46.7033,1,1,0,25,281,281,41398304768,41398304768,8.615,0.03
google/gemma-3-1b-it,NVIDIA GeForce RTX 5060 Ti,42,MuSiQue,4,16,342,multi-hop,42.1907,0.0,43.1475,0,1,0,4,260,260,35441868800,35441868800,8.615,0.03
google/gemma-3-1b-it,NVIDIA GeForce RTX 5060 Ti,42,MuSiQue,4,16,343,structural,66.0029,40.248,0.0,0,0,1,110,366,366,70231523328,70231523328,8.615,0.03
google/gemma-3-1b-it,NVIDIA GeForce RTX 5060 Ti,42,MuSiQue,4,16,344,multi-hop,49.4421,37.0986,50.4402,0,0,0,2,9,9,42467328,42467328,8.615,0.03
google/gemma-3-1b-it,NVIDIA GeForce RTX 5060 Ti,42,MuSiQue,4,16,345,semantic,36.3417,0.0,0.0,0,1,1,115,367,371,70615826432,72163524608,8.615,0.03
google/gemma-3-1b-it,NVIDIA GeForce RTX 5060 Ti,42,MuSiQue,4,16,346,semantic,50.4345,0.0,48.0095,0,1,0,115,371,371,72163524608,72163524608,8.615,0.03
google/gemma-3-1b-it,NVIDIA GeForce RTX 5060 Ti,42,MuSiQue,4,16,347,structural,47.2503,81.0937,87.2496,0,0,0,92,348,348,63493373952,63493373952,8.615,0.03
google/gemma-3-1b-it,NVIDIA GeForce RTX 5060 Ti,42,MuSiQue,4,16,348,structural,43.5251,90.4823,67.4349,0,0,0,89,345,345,62403379200,62403379200,8.615,0.03
google/gemma-3-1b-it,NVIDIA GeForce RTX 5060 Ti,42,MuSiQue,4,16,349,semantic,0.0,0.0,0.0,1,1,1,115,371,371,72163524608,72163524608,8.615,0.03
google/gemma-3-1b-it,NVIDIA GeForce RTX 5060 Ti,42,MuSiQue,4,16,350,semantic,87.6128,0.0,56.2031,0,1,0,100,356,356,66446163968,66446163968,8.615,0.03
google/gemma-3-1b-it,NVIDIA GeForce RTX 5060 Ti,42,MuSiQue,4,16,351,multi-hop,50.2858,79.8515,39.4376,0,0,0,110,366,366,70231523328,70231523328,8.615,0.03
google/gemma-3-1b-it,NVIDIA GeForce RTX 5060 Ti,42,MuSiQue,4,16,352,structural,40.7267,48.5623,0.0,0,0,1,90,346,346,62765662208,62765662208,8.615,0.03
google/gemma-3-1b-it,NVIDIA GeForce RTX 5060 Ti,42,MuSiQue,4,16,353,semantic,35.0234,0.0,0.0,0,1,1,72,328,328,56405000192,56405000192,8.615,0.03
google/gemma-3-1b-it,NVIDIA GeForce RTX 5060 Ti,42,MuSiQue,4,16,354,semantic,76.693,0.0,92.8793,0,1,0,33,289,289,43789058048,43789058048,8.615,0.03
google/gemma-3-1b-it,NVIDIA GeForce RTX 5060 Ti,42,MuSiQue,4,16,355,semantic,50.0089,0.0,0.0,0,1,1,99,319,355,53352071168,66073395200,8.615,0.03
google/gemma-3-1b-it,NVIDIA GeForce RTX 5060 Ti,42,MuSiQue,4,16,356,multi-hop,78.6905,32.4087,39.1369,0,0,0,123,379,379,75309252608,75309252608,8.615,0.03
google/gemma-3-1b-it,NVIDIA GeForce RTX 5060 Ti,42,MuSiQue,4,16,357,structural,35.1106,0.0,0.0,0,1,1,95,351,351,64592805888,64592805888,8.615,0.03
google/gemma-3-1b-it,NVIDIA GeForce RTX 5060 Ti,42,MuSiQue,4,16,358,multi-hop,40.8206,73.5221,40.3658,0,0,0,102,358,358,67194847232,67194847232,8.615,0.03
google/gemma-3-1b-it,NVIDIA GeForce RTX 5060 Ti,42,MuSiQue,4,16,359,structural,35.6161,53.8144,66.2507,0,0,0,107,363,363,69084905472,69084905472,8.615,0.03
google/gemma-3-1b-it,NVIDIA GeForce RTX 5060 Ti,42,MuSiQue,4,16,360,structural,56.8812,68.8471,0.0,0,0,1,57,247,313,31986286592,51363971072,8.615,0.03
google/gemma-3-1b-it,NVIDIA GeForce RTX 5060 Ti,42,MuSiQue,4,16,361,semantic,48.1587,0.0,0.0,0,1,1,121,377,377,74516529152,74516529152,8.615,0.03
google/gemma-3-1b-it,NVIDIA GeForce RTX 5060 Ti,42,MuSiQue,4,16,362,multi-hop,46.6518,43.9056,0.0,0,0,1,110,366,366,70231523328,70231523328,8.615,0.03
google/gemma-3-1b-it,NVIDIA GeForce RTX 5060 Ti,42,MuSiQue,4,16,363,structural,29.6314,32.8661,44.2878,0,0,0,132,388,388,78928412672,78928412672,8.615,0.03
google/gemma-3-1b-it,NVIDIA GeForce RTX 5060 Ti,42,MuSiQue,4,16,364,semantic,50.7858,0.0,0.0,0,1,1,12,154,268,12434014208,37656461312,8.615,0.03
google/gemma-3-1b-it,NVIDIA GeForce RTX 5060 Ti,42,MuSiQue,4,16,365,semantic,46.0626,0.0,0.0,0,1,1,109,365,365,69848268800,69848268800,8.615,0.03
google/gemma-3-1b-it,NVIDIA GeForce RTX 5060 Ti,42,MuSiQue,4,16,366,multi-hop,32.3343,45.0114,41.4511,0,0,0,3,20,20,209715200,209715200,8.615,0.03
google/gemma-3-1b-it,NVIDIA GeForce RTX 5060 Ti,42,MuSiQue,4,16,367,semantic,46.4821,0.0,49.1302,0,1,0,88,344,344,62042144768,62042144768,8.615,0.03
google/gemma-3-1b-it,NVIDIA GeForce RTX 5060 Ti,42,MuSiQue,4,16,368,semantic,68.4192,0.0,88.6112,0,1,0,15,258,271,34898706432,38504235008,8.615,0.03
google/gemma-3-1b-it,NVIDIA GeForce RTX 5060 Ti,42,MuSiQue,4,16,369,semantic,87.7449,0.0,65.8467,0,1,0,97,353,353,65331003392,65331003392,8.615,0.03
google/gemma-3-1b-it,NVIDIA GeForce RTX 5060 Ti,42,MuSiQue,4,16,370,multi-hop,56.8358,0.0,0.0,0,1,1,101,357,357,66819981312,66819981312,8.615,0.03
google/gemma-3-1b-it,NVIDIA GeForce RTX 5060 Ti,42,MuSiQue,4,16,371,semantic,64.2432,0.0,57.7003,0,1,0,84,340,340,60607692800,60607692800,8.615,0.03
google/gemma-3-1b-it,NVIDIA GeForce RTX 5060 Ti,42,MuSiQue,4,16,372,multi-hop,40.388,0.0,48.3327,0,1,0,114,370,370,71775027200,71775027200,8.615,0.03
google/gemma-3-1b-it,NVIDIA GeForce RTX 5060 Ti,42,MuSiQue,4,16,373,multi-hop,33.4826,0.0,55.3317,0,1,0,112,368,368,71001178112,71001178112,8.615,0.03
google/gemma-3-1b-it,NVIDIA GeForce RTX 5060 Ti,42,MuSiQue,4,16,374,structural,38.347,44.7163,36.9243,0,0,0,45,301,301,47501017088,47501017088,8.615,0.03
google/gemma-3-1b-it,NVIDIA GeForce RTX 5060 Ti,42,MuSiQue,4,16,375,structural,48.5673,57.1396,33.035,0,0,0,39,245,295,31470387200,45626163200,8.615,0.03
google/gemma-3-1b-it,NVIDIA GeForce RTX 5060 Ti,42,MuSiQue,4,16,376,multi-hop,35.9687,71.5056,61.3654,0,0,0,109,365,365,69848268800,69848268800,8.615,0.03
google/gemma-3-1b-it,NVIDIA GeForce RTX 5060 Ti,42,MuSiQue,4,16,377,structural,47.9835,50.5834,29.1979,0,0,0,105,361,361,68325736448,68325736448,8.615,0.03
google/gemma-3-1b-it,NVIDIA GeForce RTX 5060 Ti,42,MuSiQue,4,16,378,multi-hop,41.3883,31.8737,31.8623,0,0,0,97,353,353,65331003392,65331003392,8.615,0.03
google/gemma-3-1b-it,NVIDIA GeForce RTX 5060 Ti,42,MuSiQue,4,16,379,structural,44.6814,45.9965,0.0,0,0,1,91,347,347,63128993792,63128993792,8.615,0.03
google/gemma-3-1b-it,NVIDIA GeForce RTX 5060 Ti,42,MuSiQue,4,16,380,semantic,89.5758,0.0,0.0,0,1,1,123,379,379,75309252608,75309252608,8.615,0.03
google/gemma-3-1b-it,NVIDIA GeForce RTX 5060 Ti,42,MuSiQue,4,16,381,structural,54.4017,61.0915,0.0,0,0,1,123,379,379,75309252608,75309252608,8.615,0.03
google/gemma-3-1b-it,NVIDIA GeForce RTX 5060 Ti,42,MuSiQue,4,16,382,semantic,38.4121,0.0,0.0,0,1,1,110,366,366,70231523328,70231523328,8.615,0.03
google/gemma-3-1b-it,NVIDIA GeForce RTX 5060 Ti,42,MuSiQue,4,16,383,multi-hop,60.0991,0.0,74.0983,0,1,0,90,346,346,62765662208,62765662208,8.615,0.03
google/gemma-3-1b-it,NVIDIA GeForce RTX 5060 Ti,42,MuSiQue,4,16,384,structural,39.217,70.2277,70.1685,0,0,0,71,272,327,38788923392,56061591552,8.615,0.03
google/gemma-3-1b-it,NVIDIA GeForce RTX 5060 Ti,42,MuSiQue,4,16,385,multi-hop,40.6088,46.5244,34.0542,0,0,0,5,20,20,209715200,209715200,8.615,0.03
google/gemma-3-1b-it,NVIDIA GeForce RTX 5060 Ti,42,MuSiQue,4,16,386,semantic,41.6923,0.0,63.9111,0,1,0,114,370,370,71775027200,71775027200,8.615,0.03
google/gemma-3-1b-it,NVIDIA GeForce RTX 5060 Ti,42,MuSiQue,4,16,387,semantic,39.1984,0.0,36.9161,0,1,0,95,351,351,64592805888,64592805888,8.615,0.03
google/gemma-3-1b-it,NVIDIA GeForce RTX 5060 Ti,42,MuSiQue,4,16,388,multi-hop,33.478,0.0,55.1388,0,1,0,98,354,354,65701675008,65701675008,8.615,0.03
google/gemma-3-1b-it,NVIDIA GeForce RTX 5060 Ti,42,MuSiQue,4,16,389,semantic,31.1563,0.0,0.0,0,1,1,92,348,348,63493373952,63493373952,8.615,0.03
google/gemma-3-1b-it,NVIDIA GeForce RTX 5060 Ti,42,MuSiQue,4,16,390,multi-hop,38.1107,0.0,0.0,0,1,1,113,369,348,71387578368,63493373952,8.615,0.03
google/gemma-3-1b-it,NVIDIA GeForce RTX 5060 Ti,42,MuSiQue,4,16,391,multi-hop,35.0511,0.0,0.0,0,1,1,13,41,134,881328128,9414115328,8.615,0.03
google/gemma-3-1b-it,NVIDIA GeForce RTX 5060 Ti,42,MuSiQue,4,16,392,multi-hop,39.1555,0.0,0.0,0,1,1,45,301,301,47501017088,47501017088,8.615,0.03
google/gemma-3-1b-it,NVIDIA GeForce RTX 5060 Ti,42,MuSiQue,4,16,393,semantic,51.3514,0.0,0.0,0,1,1,110,366,366,70231523328,70231523328,8.615,0.03
google/gemma-3-1b-it,NVIDIA GeForce RTX 5060 Ti,42,MuSiQue,4,16,394,multi-hop,63.2891,58.3586,40.8327,0,0,0,5,261,261,35715022848,35715022848,8.615,0.03
google/gemma-3-1b-it,NVIDIA GeForce RTX 5060 Ti,42,MuSiQue,4,16,395,multi-hop,71.915,62.5325,48.2588,0,0,0,129,385,385,77712588800,77712588800,8.615,0.03
google/gemma-3-1b-it,NVIDIA GeForce RTX 5060 Ti,42,MuSiQue,4,16,396,multi-hop,61.6783,0.0,0.0,0,1,1,4,260,260,35441868800,35441868800,8.615,0.03
google/gemma-3-1b-it,NVIDIA GeForce RTX 5060 Ti,42,MuSiQue,4,16,397,structural,44.3404,50.7547,0.0,0,0,1,116,372,372,72553070592,72553070592,8.615,0.03
google/gemma-3-1b-it,NVIDIA GeForce RTX 5060 Ti,42,MuSiQue,4,16,398,multi-hop,55.2236,56.4451,0.0,0,0,1,101,357,357,66819981312,66819981312,8.615,0.03
google/gemma-3-1b-it,NVIDIA GeForce RTX 5060 Ti,42,MuSiQue,4,16,399,multi-hop,0.0,0.0,0.0,1,1,1,2,258,258,34898706432,34898706432,8.615,0.03
google/gemma-3-1b-it,NVIDIA GeForce RTX 5060 Ti,42,MuSiQue,4,16,400,multi-hop,57.107,0.0,0.0,0,1,1,62,318,318,53018099712,53018099712,8.615,0.03
google/gemma-3-1b-it,NVIDIA GeForce RTX 5060 Ti,42,MuSiQue,4,16,401,structural,58.7267,36.4738,53.1835,0,0,0,43,299,299,46871871488,46871871488,8.615,0.03
google/gemma-3-1b-it,NVIDIA GeForce RTX 5060 Ti,42,MuSiQue,4,16,402,semantic,48.5129,0.0,0.0,0,1,1,89,345,345,62403379200,62403379200,8.615,0.03
google/gemma-3-1b-it,NVIDIA GeForce RTX 5060 Ti,42,MuSiQue,4,16,403,multi-hop,48.2875,75.5967,36.853,0,0,0,115,367,371,70615826432,72163524608,8.615,0.03
google/gemma-3-1b-it,NVIDIA GeForce RTX 5060 Ti,42,MuSiQue,4,16,404,semantic,67.2115,0.0,43.527,0,1,0,23,279,279,40811102208,40811102208,8.615,0.03
google/gemma-3-1b-it,NVIDIA GeForce RTX 5060 Ti,42,MuSiQue,4,16,405,structural,31.9767,48.9381,34.6593,0,0,0,20,251,276,33030668288,39938162688,8.615,0.03
google/gemma-3-1b-it,NVIDIA GeForce RTX 5060 Ti,42,MuSiQue,4,16,406,semantic,65.7689,0.0,0.0,0,1,1,108,364,364,69466062848,69466062848,8.615,0.03
google/gemma-3-1b-it,NVIDIA GeForce RTX 5060 Ti,42,MuSiQue,4,16,407,multi-hop,49.1483,99.3085,43.0406,0,0,0,121,377,377,74516529152,74516529152,8.615,0.03
google/gemma-3-1b-it,NVIDIA GeForce RTX 5060 Ti,42,MuSiQue,4,16,408,multi-hop,38.804,0.0,0.0,0,1,1,121,377,377,74516529152,74516529152,8.615,0.03
google/gemma-3-1b-it,NVIDIA GeForce RTX 5060 Ti,42,MuSiQue,4,16,409,semantic,35.7486,0.0,69.6245,0,1,0,58,314,314,51692699648,51692699648,8.615,0.03
google/gemma-3-1b-it,NVIDIA GeForce RTX 5060 Ti,42,MuSiQue,4,16,410,multi-hop,57.6346,0.0,0.0,0,1,1,129,385,385,77712588800,77712588800,8.615,0.03
google/gemma-3-1b-it,NVIDIA GeForce RTX 5060 Ti,42,MuSiQue,4,16,411,structural,58.8812,37.6133,45.5106,0,0,0,19,275,275,39649280000,39649280000,8.615,0.03
google/gemma-3-1b-it,NVIDIA GeForce RTX 5060 Ti,42,MuSiQue,4,16,412,multi-hop,35.6746,0.0,45.2803,0,1,0,136,392,392,80564191232,80564191232,8.615,0.03
google/gemma-3-1b-it,NVIDIA GeForce RTX 5060 Ti,42,MuSiQue,4,16,413,multi-hop,30.048,47.152,0.0,0,0,1,5,90,261,4246732800,35715022848,8.615,0.03
google/gemma-3-1b-it,NVIDIA GeForce RTX 5060 Ti,42,MuSiQue,4,16,414,multi-hop,50.9344,0.0,31.0153,0,1,0,57,313,313,51363971072,51363971072,8.615,0.03
google/gemma-3-1b-it,NVIDIA GeForce RTX 5060 Ti,42,MuSiQue,4,16,415,semantic,55.3649,0.0,36.6509,0,1,0,109,365,365,69848268800,69848268800,8.615,0.03
google/gemma-3-1b-it,NVIDIA GeForce RTX 5060 Ti,42,MuSiQue,4,16,416,semantic,70.2212,0.0,0.0,0,1,1,12,217,268,24688197632,37656461312,8.615,0.03
google/gemma-3-1b-it,NVIDIA GeForce RTX 5060 Ti,42,MuSiQue,4,16,417,semantic,78.4769,0.0,0.0,0,1,1,106,362,362,68704796672,68704796672,8.615,0.03
google/gemma-3-1b-it,NVIDIA GeForce RTX 5060 Ti,42,MuSiQue,4,16,418,multi-hop,37.7435,63.5147,0.0,0,0,1,110,366,366,70231523328,70231523328,8.615,0.03
google/gemma-3-1b-it,NVIDIA GeForce RTX 5060 Ti,42,MuSiQue,4,16,419,multi-hop,63.4132,36.7787,49.0849,0,0,0,51,307,307,49413619712,49413619712,8.615,0.03
google/gemma-3-1b-it,NVIDIA GeForce RTX 5060 Ti,42,MuSiQue,4,16,420,structural,71.1465,56.5939,0.0,0,0,1,26,256,282,34359738368,41693478912,8.615,0.03
google/gemma-3-1b-it,NVIDIA GeForce RTX 5060 Ti,42,MuSiQue,4,16,421,multi-hop,58.4668,43.1852,43.188,0,0,0,72,328,328,56405000192,56405000192,8.615,0.03
google/gemma-3-1b-it,NVIDIA GeForce RTX 5060 Ti,42,MuSiQue,4,16,422,multi-hop,49.8724,46.3441,29.3382,0,0,0,55,311,311,50709659648,50709659648,8.615,0.03
google/gemma-3-1b-it,NVIDIA GeForce RTX 5060 Ti,42,MuSiQue,4,16,423,semantic,65.5414,0.0,0.0,0,1,1,87,343,343,61681958912,61681958912,8.615,0.03
google/gemma-3-1b-it,NVIDIA GeForce RTX 5060 Ti,42,MuSiQue,4,16,424,structural,62.0844,35.3747,0.0,0,0,1,4,205,260,22033203200,35441868800,8.615,0.03
google/gemma-3-1b-it,NVIDIA GeForce RTX 5060 Ti,42,MuSiQue,4,16,425,semantic,44.0964,0.0,84.3745,0,1,0,87,343,342,61681958912,61322821632,8.615,0.03
google/gemma-3-1b-it,NVIDIA GeForce RTX 5060 Ti,42,MuSiQue,4,16,426,multi-hop,35.5911,79.6528,51.811,0,0,0,79,335,335,58838220800,58838220800,8.615,0.03
google/gemma-3-1b-it,NVIDIA GeForce RTX 5060 Ti,42,MuSiQue,4,16,427,semantic,58.8553,0.0,52.5402,0,1,0,47,303,303,48134356992,48134356992,8.615,0.03
google/gemma-3-1b-it,NVIDIA GeForce RTX 5060 Ti,42,MuSiQue,4,16,428,semantic,39.6566,0.0,0.0,0,1,1,135,391,391,80153673728,80153673728,8.615,0.03
google/gemma-3-1b-it,NVIDIA GeForce RTX 5060 Ti,42,MuSiQue,4,16,429,multi-hop,52.2875,34.6194,40.1908,0,0,0,153,409,409,87703420928,87703420928,8.615,0.03
google/gemma-3-1b-it,NVIDIA GeForce RTX 5060 Ti,42,MuSiQue,4,16,430,semantic,69.8378,0.0,0.0,0,1,1,66,322,322,54360276992,54360276992,8.615,0.03
google/gemma-3-1b-it,NVIDIA GeForce RTX 5060 Ti,42,MuSiQue,4,16,431,multi-hop,37.921,40.4185,0.0,0,0,1,96,352,352,64961380352,64961380352,8.615,0.03
google/gemma-3-1b-it,NVIDIA GeForce RTX 5060 Ti,42,MuSiQue,4,16,432,structural,49.7145,37.1701,44.3458,0,0,0,111,367,367,70615826432,70615826432,8.615,0.03
google/gemma-3-1b-it,NVIDIA GeForce RTX 5060 Ti,42,MuSiQue,4,16,433,structural,64.153,33.0511,65.3746,0,0,0,94,350,342,64225280000,61322821632,8.615,0.03
google/gemma-3-1b-it,NVIDIA GeForce RTX 5060 Ti,42,MuSiQue,4,16,434,multi-hop,41.8508,38.5943,0.0,0,0,1,12,268,268,37656461312,37656461312,8.615,0.03
google/gemma-3-1b-it,NVIDIA GeForce RTX 5060 Ti,42,MuSiQue,4,16,435,structural,43.4267,0.0,0.0,0,1,1,121,377,377,74516529152,74516529152,8.615,0.03
google/gemma-3-1b-it,NVIDIA GeForce RTX 5060 Ti,42,MuSiQue,4,16,436,multi-hop,60.9842,0.0,0.0,0,1,1,118,374,374,73335308288,73335308288,8.615,0.03
google/gemma-3-1b-it,NVIDIA GeForce RTX 5060 Ti,42,MuSiQue,4,16,437,multi-hop,88.2766,0.0,50.0353,0,1,0,140,396,396,82216747008,82216747008,8.615,0.03
google/gemma-3-1b-it,NVIDIA GeForce RTX 5060 Ti,42,MuSiQue,4,16,438,multi-hop,85.5589,0.0,0.0,0,1,1,92,348,348,63493373952,63493373952,8.615,0.03
google/gemma-3-1b-it,NVIDIA GeForce RTX 5060 Ti,42,MuSiQue,4,16,439,semantic,64.8633,0.0,43.8676,0,1,0,111,367,367,70615826432,70615826432,8.615,0.03
google/gemma-3-1b-it,NVIDIA GeForce RTX 5060 Ti,42,MuSiQue,4,16,440,multi-hop,41.8592,0.0,0.0,0,1,1,93,349,349,63858802688,63858802688,8.615,0.03
google/gemma-3-1b-it,NVIDIA GeForce RTX 5060 Ti,42,MuSiQue,4,16,441,multi-hop,63.1328,0.0,77.9214,0,1,0,84,340,340,60607692800,60607692800,8.615,0.03
google/gemma-3-1b-it,NVIDIA GeForce RTX 5060 Ti,42,MuSiQue,4,16,442,semantic,71.592,0.0,61.5418,0,1,0,115,371,371,72163524608,72163524608,8.615,0.03
google/gemma-3-1b-it,NVIDIA GeForce RTX 5060 Ti,42,MuSiQue,4,16,443,structural,32.1713,0.0,0.0,0,1,1,103,359,359,67570761728,67570761728,8.615,0.03
google/gemma-3-1b-it,NVIDIA GeForce RTX 5060 Ti,42,MuSiQue,4,16,444,multi-hop,41.7392,0.0,0.0,0,1,1,78,334,334,58487472128,58487472128,8.615,0.03
google/gemma-3-1b-it,NVIDIA GeForce RTX 5060 Ti,42,MuSiQue,4,16,445,structural,37.835,58.7072,43.8257,0,0,0,98,354,354,65701675008,65701675008,8.615,0.03
google/gemma-3-1b-it,NVIDIA GeForce RTX 5060 Ti,42,MuSiQue,4,16,446,structural,43.2135,0.0,0.0,0,1,1,116,372,372,72553070592,72553070592,8.615,0.03
google/gemma-3-1b-it,NVIDIA GeForce RTX 5060 Ti,42,MuSiQue,4,16,447,multi-hop,58.4225,76.6361,41.8171,0,0,0,130,386,386,78116814848,78116814848,8.615,0.03
google/gemma-3-1b-it,NVIDIA GeForce RTX 5060 Ti,42,MuSiQue,4,16,448,multi-hop,36.1478,36.9594,48.8306,0,0,0,93,349,349,63858802688,63858802688,8.615,0.03
google/gemma-3-1b-it,NVIDIA GeForce RTX 5060 Ti,42,MuSiQue,4,16,449,semantic,34.4005,0.0,0.0,0,1,1,110,366,366,70231523328,70231523328,8.615,0.03
google/gemma-3-1b-it,NVIDIA GeForce RTX 5060 Ti,42,MuSiQue,4,16,450,structural,44.688,37.353,0.0,0,0,1,13,269,269,37938003968,37938003968,8.615,0.03
google/gemma-3-1b-it,NVIDIA GeForce RTX 5060 Ti,42,MuSiQue,4,16,451,semantic,58.8527,0.0,76.7454,0,1,0,4,260,260,35441868800,35441868800,8.615,0.03
google/gemma-3-1b-it,NVIDIA GeForce RTX 5060 Ti,42,MuSiQue,4,16,452,structural,52.9803,35.9389,0.0,0,0,1,86,342,342,61322821632,61322821632,8.615,0.03
google/gemma-3-1b-it,NVIDIA GeForce RTX 5060 Ti,42,MuSiQue,4,16,453,multi-hop,33.4792,0.0,0.0,0,1,1,111,367,367,70615826432,70615826432,8.615,0.03
google/gemma-3-1b-it,NVIDIA GeForce RTX 5060 Ti,42,MuSiQue,4,16,454,multi-hop,50.848,84.879,87.8092,0,0,0,92,348,348,63493373952,63493373952,8.615,0.03
google/gemma-3-1b-it,NVIDIA GeForce RTX 5060 Ti,42,MuSiQue,4,16,455,semantic,72.5215,0.0,0.0,0,1,1,5,90,261,4246732800,35715022848,8.615,0.03
google/gemma-3-1b-it,NVIDIA GeForce RTX 5060 Ti,42,MuSiQue,4,16,456,semantic,47.4152,0.0,0.0,0,1,1,96,352,352,64961380352,64961380352,8.615,0.03
google/gemma-3-1b-it,NVIDIA GeForce RTX 5060 Ti,42,MuSiQue,4,16,457,multi-hop,40.0175,0.0,40.7657,0,1,0,140,396,396,82216747008,82216747008,8.615,0.03
google/gemma-3-1b-it,NVIDIA GeForce RTX 5060 Ti,42,MuSiQue,4,16,458,multi-hop,52.5669,0.0,0.0,0,1,1,78,334,334,58487472128,58487472128,8.615,0.03
google/gemma-3-1b-it,NVIDIA GeForce RTX 5060 Ti,42,MuSiQue,4,16,459,multi-hop,32.2637,0.0,53.9102,0,1,0,125,381,381,76106170368,76106170368,8.615,0.03
google/gemma-3-1b-it,NVIDIA GeForce RTX 5060 Ti,42,MuSiQue,4,16,460,structural,41.0008,41.3956,73.6756,0,0,0,62,318,318,53018099712,53018099712,8.615,0.03
google/gemma-3-1b-it,NVIDIA GeForce RTX 5060 Ti,42,MuSiQue,4,16,461,semantic,36.5044,0.0,37.2053,0,1,0,53,309,309,50059542528,50059542528,8.615,0.03
google/gemma-3-1b-it,NVIDIA GeForce RTX 5060 Ti,42,MuSiQue,4,16,462,structural,38.682,0.0,0.0,0,1,1,110,366,366,70231523328,70231523328,8.615,0.03
google/gemma-3-1b-it,NVIDIA GeForce RTX 5060 Ti,42,MuSiQue,4,16,463,semantic,98.5485,0.0,42.7166,0,1,0,105,361,361,68325736448,68325736448,8.615,0.03
google/gemma-3-1b-it,NVIDIA GeForce RTX 5060 Ti,42,MuSiQue,4,16,464,multi-hop,48.5192,60.1462,45.8846,0,0,0,98,354,354,65701675008,65701675008,8.615,0.03
google/gemma-3-1b-it,NVIDIA GeForce RTX 5060 Ti,42,MuSiQue,4,16,465,semantic,64.2521,0.0,50.1877,0,1,0,45,301,301,47501017088,47501017088,8.615,0.03
google/gemma-3-1b-it,NVIDIA GeForce RTX 5060 Ti,42,MuSiQue,4,16,466,semantic,47.7049,0.0,0.0,0,1,1,116,372,372,72553070592,72553070592,8.615,0.03
google/gemma-3-1b-it,NVIDIA GeForce RTX 5060 Ti,42,MuSiQue,4,16,467,structural,0.0,0.0,0.0,1,1,1,19,275,275,39649280000,39649280000,8.615,0.03
google/gemma-3-1b-it,NVIDIA GeForce RTX 5060 Ti,42,MuSiQue,4,16,468,structural,40.0056,64.8617,0.0,0,0,1,101,357,357,66819981312,66819981312,8.615,0.03
google/gemma-3-1b-it,NVIDIA GeForce RTX 5060 Ti,42,MuSiQue,4,16,469,multi-hop,48.4837,44.1556,64.5477,0,0,0,88,344,344,62042144768,62042144768,8.615,0.03
google/gemma-3-1b-it,NVIDIA GeForce RTX 5060 Ti,42,MuSiQue,4,16,470,multi-hop,50.1902,0.0,0.0,0,1,1,25,264,281,36540776448,41398304768,8.615,0.03
google/gemma-3-1b-it,NVIDIA GeForce RTX 5060 Ti,42,MuSiQue,4,16,471,structural,51.3898,48.8128,0.0,0,0,1,110,366,366,70231523328,70231523328,8.615,0.03
google/gemma-3-1b-it,NVIDIA GeForce RTX 5060 Ti,42,MuSiQue,4,16,472,multi-hop,64.7497,37.0522,42.5637,0,0,0,109,365,365,69848268800,69848268800,8.615,0.03
google/gemma-3-1b-it,NVIDIA GeForce RTX 5060 Ti,42,MuSiQue,4,16,473,semantic,41.4351,0.0,0.0,0,1,1,112,368,368,71001178112,71001178112,8.615,0.03
google/gemma-3-1b-it,NVIDIA GeForce RTX 5060 Ti,42,MuSiQue,4,16,474,multi-hop,35.6382,0.0,77.5726,0,1,0,88,344,344,62042144768,62042144768,8.615,0.03
google/gemma-3-1b-it,NVIDIA GeForce RTX 5060 Ti,42,MuSiQue,4,16,475,multi-hop,59.4435,0.0,0.0,0,1,1,129,385,385,77712588800,77712588800,8.615,0.03
google/gemma-3-1b-it,NVIDIA GeForce RTX 5060 Ti,42,MuSiQue,4,16,476,multi-hop,45.1899,0.0,0.0,0,1,1,9,265,265,36818124800,36818124800,8.615,0.03
google/gemma-3-1b-it,NVIDIA GeForce RTX 5060 Ti,42,MuSiQue,4,16,477,multi-hop,58.4537,42.0855,0.0,0,0,1,19,275,275,39649280000,39649280000,8.615,0.03
google/gemma-3-1b-it,NVIDIA GeForce RTX 5060 Ti,42,MuSiQue,4,16,478,structural,36.0898,61.0396,44.8064,0,0,0,96,352,352,64961380352,64961380352,8.615,0.03
google/gemma-3-1b-it,NVIDIA GeForce RTX 5060 Ti,42,MuSiQue,4,16,479,structural,38.7873,0.0,0.0,0,1,1,117,373,373,72943665152,72943665152,8.615,0.03
google/gemma-3-1b-it,NVIDIA GeForce RTX 5060 Ti,42,MuSiQue,4,16,480,semantic,52.6539,0.0,43.2085,0,1,0,12,217,268,24688197632,37656461312,8.615,0.03
google/gemma-3-1b-it,NVIDIA GeForce RTX 5060 Ti,42,MuSiQue,4,16,481,multi-hop,60.1762,46.1221,45.8475,0,0,0,45,301,301,47501017088,47501017088,8.615,0.03
google/gemma-3-1b-it,NVIDIA GeForce RTX 5060 Ti,42,MuSiQue,4,16,482,structural,53.9296,0.0,0.0,0,1,1,107,363,363,69084905472,69084905472,8.615,0.03
google/gemma-3-1b-it,NVIDIA GeForce RTX 5060 Ti,42,MuSiQue,4,16,483,structural,29.7604,39.2908,38.4256,0,0,0,99,319,355,53352071168,66073395200,8.615,0.03
google/gemma-3-1b-it,NVIDIA GeForce RTX 5060 Ti,42,MuSiQue,4,16,484,multi-hop,56.5145,37.5185,0.0,0,0,1,71,272,327,38788923392,56061591552,8.615,0.03
google/gemma-3-1b-it,NVIDIA GeForce RTX 5060 Ti,42,MuSiQue,4,16,485,multi-hop,38.9122,59.5135,38.3955,0,0,0,100,356,356,66446163968,66446163968,8.615,0.03
google/gemma-3-1b-it,NVIDIA GeForce RTX 5060 Ti,42,MuSiQue,4,16,486,multi-hop,53.0495,0.0,0.0,0,1,1,103,359,359,67570761728,67570761728,8.615,0.03
google/gemma-3-1b-it,NVIDIA GeForce RTX 5060 Ti,42,MuSiQue,4,16,487,semantic,53.0315,0.0,0.0,0,1,1,125,381,381,76106170368,76106170368,8.615,0.03
google/gemma-3-1b-it,NVIDIA GeForce RTX 5060 Ti,42,MuSiQue,4,16,488,multi-hop,48.3617,0.0,82.6643,0,1,0,109,365,365,69848268800,69848268800,8.615,0.03
google/gemma-3-1b-it,NVIDIA GeForce RTX 5060 Ti,42,MuSiQue,4,16,489,multi-hop,38.6248,0.0,50.9257,0,1,0,67,323,323,54698442752,54698442752,8.615,0.03
google/gemma-3-1b-it,NVIDIA GeForce RTX 5060 Ti,42,MuSiQue,4,16,490,structural,49.0979,46.6978,48.364,0,0,0,87,343,343,61681958912,61681958912,8.615,0.03
google/gemma-3-1b-it,NVIDIA GeForce RTX 5060 Ti,42,MuSiQue,4,16,491,structural,37.4578,0.0,0.0,0,1,1,14,270,270,38220595200,38220595200,8.615,0.03
google/gemma-3-1b-it,NVIDIA GeForce RTX 5060 Ti,42,MuSiQue,4,16,492,structural,47.268,36.169,62.8497,0,0,0,96,352,294,64961380352,45317357568,8.615,0.03
google/gemma-3-1b-it,NVIDIA GeForce RTX 5060 Ti,42,MuSiQue,4,16,493,multi-hop,77.605,0.0,42.9829,0,1,0,89,345,345,62403379200,62403379200,8.615,0.03
google/gemma-3-1b-it,NVIDIA GeForce RTX 5060 Ti,42,MuSiQue,4,16,494,multi-hop,44.1374,0.0,0.0,0,1,1,4,260,260,35441868800,35441868800,8.615,0.03
google/gemma-3-1b-it,NVIDIA GeForce RTX 5060 Ti,42,MuSiQue,4,16,495,structural,34.1328,39.3562,55.5633,0,0,0,61,317,317,52685176832,52685176832,8.615,0.03
google/gemma-3-1b-it,NVIDIA GeForce RTX 5060 Ti,42,MuSiQue,4,16,496,structural,58.003,43.7277,34.914,0,0,0,110,366,366,70231523328,70231523328,8.615,0.03
google/gemma-3-1b-it,NVIDIA GeForce RTX 5060 Ti,42,MuSiQue,4,16,497,semantic,0.0,0.0,0.0,1,1,1,4,260,260,35441868800,35441868800,8.615,0.03
google/gemma-3-1b-it,NVIDIA GeForce RTX 5060 Ti,42,MuSiQue,4,16,498,multi-hop,44.8841,0.0,33.2894,0,1,0,112,368,368,71001178112,71001178112,8.615,0.03
google/gemma-3-1b-it,NVIDIA GeForce RTX 5060 Ti,42,MuSiQue,4,16,499,semantic,37.338,0.0,59.2327,0,1,0,105,361,361,68325736448,68325736448,8.615,0.03
google/gemma-3-1b-it,NVIDIA GeForce RTX 5060 Ti,42,MuSiQue,4,16,500,structural,50.1307,58.5277,0.0,0,0,1,4,260,260,35441868800,35441868800,8.615,0.03
google/gemma-3-1b-it,NVIDIA GeForce RTX 5060 Ti,42,MuSiQue,4,16,501,multi-hop,44.5283,0.0,0.0,0,1,1,118,374,346,73335308288,62765662208,8.615,0.03
google/gemma-3-1b-it,NVIDIA GeForce RTX 5060 Ti,42,MuSiQue,4,16,502,multi-hop,60.9632,72.448,34.0991,0,0,0,66,322,322,54360276992,54360276992,8.615,0.03
google/gemma-3-1b-it,NVIDIA GeForce RTX 5060 Ti,42,MuSiQue,4,16,503,structural,46.5974,35.4958,45.2154,0,0,0,5,20,20,209715200,209715200,8.615,0.03
google/gemma-3-1b-it,NVIDIA GeForce RTX 5060 Ti,42,MuSiQue,4,16,504,structural,30.9022,43.307,30.6006,0,0,0,39,295,295,45626163200,45626163200,8.615,0.03
google/gemma-3-1b-it,NVIDIA GeForce RTX 5060 Ti,42,MuSiQue,4,16,505,multi-hop,67.865,78.2873,0.0,0,0,1,101,357,357,66819981312,66819981312,8.615,0.03
google/gemma-3-1b-it,NVIDIA GeForce RTX 5060 Ti,42,MuSiQue,4,16,506,multi-hop,59.7864,0.0,35.0303,0,1,0,12,268,268,37656461312,37656461312,8.615,0.03
google/gemma-3-1b-it,NVIDIA GeForce RTX 5060 Ti,42,MuSiQue,4,16,507,multi-hop,41.1131,0.0,0.0,0,1,1,103,359,359,67570761728,67570761728,8.615,0.03
google/gemma-3-1b-it,NVIDIA GeForce RTX 5060 Ti,42,MuSiQue,4,16,508,structural,73.3219,82.2829,50.6025,0,0,0,103,359,359,67570761728,67570761728,8.615,0.03
google/gemma-3-1b-it,NVIDIA GeForce RTX 5060 Ti,42,MuSiQue,4,16,509,structural,40.2134,38.0977,0.0,0,0,1,26,256,282,34359738368,41693478912,8.615,0.03
google/gemma-3-1b-it,NVIDIA GeForce RTX 5060 Ti,42,MuSiQue,4,16,510,semantic,35.9681,0.0,58.1194,0,1,0,25,281,281,41398304768,41398304768,8.615,0.03
google/gemma-3-1b-it,NVIDIA GeForce RTX 5060 Ti,42,MuSiQue,4,16,511,structural,70.155,81.1376,45.4774,0,0,0,113,369,369,71387578368,71387578368,8.615,0.03
google/gemma-3-1b-it,NVIDIA GeForce RTX 5060 Ti,42,MuSiQue,4,16,512,multi-hop,50.8593,0.0,0.0,0,1,1,100,356,356,66446163968,66446163968,8.615,0.03
google/gemma-3-1b-it,NVIDIA GeForce RTX 5060 Ti,42,MuSiQue,4,16,513,multi-hop,82.3037,42.1372,52.5627,0,0,0,3,20,20,209715200,209715200,8.615,0.03
google/gemma-3-1b-it,NVIDIA GeForce RTX 5060 Ti,42,MuSiQue,4,16,514,multi-hop,53.2978,37.7924,0.0,0,0,1,97,353,353,65331003392,65331003392,8.615,0.03
google/gemma-3-1b-it,NVIDIA GeForce RTX 5060 Ti,42,MuSiQue,4,16,515,structural,60.9103,98.9311,48.7439,0,0,0,64,320,320,53687091200,53687091200,8.615,0.03
google/gemma-3-1b-it,NVIDIA GeForce RTX 5060 Ti,42,MuSiQue,4,16,516,multi-hop,33.2683,0.0,41.8068,0,1,0,102,358,239,67194847232,29947854848,8.615,0.03
google/gemma-3-1b-it,NVIDIA GeForce RTX 5060 Ti,42,MuSiQue,4,16,517,multi-hop,36.6084,0.0,0.0,0,1,1,92,348,348,63493373952,63493373952,8.615,0.03
google/gemma-3-1b-it,NVIDIA GeForce RTX 5060 Ti,42,MuSiQue,4,16,518,multi-hop,36.6425,0.0,60.4875,0,1,0,81,337,337,59542863872,59542863872,8.615,0.03
google/gemma-3-1b-it,NVIDIA GeForce RTX 5060 Ti,42,MuSiQue,4,16,519,structural,56.8722,40.0756,0.0,0,0,1,104,360,360,67947724800,67947724800,8.615,0.03
google/gemma-3-1b-it,NVIDIA GeForce RTX 5060 Ti,42,MuSiQue,4,16,520,semantic,60.3591,0.0,0.0,0,1,1,14,230,259,27734835200,35169763328,8.615,0.03
google/gemma-3-1b-it,NVIDIA GeForce RTX 5060 Ti,42,MuSiQue,4,16,521,structural,35.7441,46.234,46.2062,0,0,0,102,358,358,67194847232,67194847232,8.615,0.03
google/gemma-3-1b-it,NVIDIA GeForce RTX 5060 Ti,42,MuSiQue,4,16,522,multi-hop,49.814,52.5576,85.6517,0,0,0,84,340,340,60607692800,60607692800,8.615,0.03
google/gemma-3-1b-it,NVIDIA GeForce RTX 5060 Ti,42,MuSiQue,4,16,523,semantic,42.3368,0.0,0.0,0,1,1,73,329,329,56749457408,56749457408,8.615,0.03
google/gemma-3-1b-it,NVIDIA GeForce RTX 5060 Ti,42,MuSiQue,4,16,524,multi-hop,56.8645,75.2117,0.0,0,0,1,121,377,377,74516529152,74516529152,8.615,0.03
google/gemma-3-1b-it,NVIDIA GeForce RTX 5060 Ti,42,MuSiQue,4,16,525,semantic,37.2013,0.0,99.0523,0,1,0,110,366,366,70231523328,70231523328,8.615,0.03
google/gemma-3-1b-it,NVIDIA GeForce RTX 5060 Ti,42,MuSiQue,4,16,526,multi-hop,38.6691,0.0,94.1632,0,1,0,61,317,317,52685176832,52685176832,8.615,0.03
google/gemma-3-1b-it,NVIDIA GeForce RTX 5060 Ti,42,MuSiQue,4,16,527,semantic,37.7866,0.0,68.8824,0,1,0,106,362,362,68704796672,68704796672,8.615,0.03
google/gemma-3-1b-it,NVIDIA GeForce RTX 5060 Ti,42,MuSiQue,4,16,528,semantic,93.9433,0.0,0.0,0,1,1,111,367,367,70615826432,70615826432,8.615,0.03
google/gemma-3-1b-it,NVIDIA GeForce RTX 5060 Ti,42,MuSiQue,4,16,529,structural,47.6624,57.5143,63.904,0,0,0,14,90,243,4246732800,30958682112,8.615,0.03
google/gemma-3-1b-it,NVIDIA GeForce RTX 5060 Ti,42,MuSiQue,4,16,530,semantic,46.8275,0.0,83.4373,0,1,0,72,328,328,56405000192,56405000192,8.615,0.03
google/gemma-3-1b-it,NVIDIA GeForce RTX 5060 Ti,42,MuSiQue,4,16,531,structural,43.3482,49.1949,0.0,0,0,1,67,323,323,54698442752,54698442752,8.615,0.03
google/gemma-3-1b-it,NVIDIA GeForce RTX 5060 Ti,42,MuSiQue,4,16,532,multi-hop,32.3884,0.0,0.0,0,1,1,25,264,281,36540776448,41398304768,8.615,0.03
google/gemma-3-1b-it,NVIDIA GeForce RTX 5060 Ti,42,MuSiQue,4,16,533,semantic,52.1868,0.0,0.0,0,1,1,101,357,357,66819981312,66819981312,8.615,0.03
google/gemma-3-1b-it,NVIDIA GeForce RTX 5060 Ti,42,MuSiQue,4,16,534,multi-hop,43.3984,44.351,50.5417,0,0,0,69,325,325,55377920000,55377920000,8.615,0.03
google/gemma-3-1b-it,NVIDIA GeForce RTX 5060 Ti,42,MuSiQue,4,16,535,multi-hop,63.142,0.0,36.412,0,1,0,39,295,295,45626163200,45626163200,8.615,0.03
google/gemma-3-1b-it,NVIDIA GeForce RTX 5060 Ti,42,MuSiQue,4,16,536,multi-hop,43.7209,64.2124,0.0,0,0,1,121,376,366,74121740288,70231523328,8.615,0.03
google/gemma-3-1b-it,NVIDIA GeForce RTX 5060 Ti,42,MuSiQue,4,16,537,structural,41.0745,37.4103,68.3543,0,0,0,130,386,386,78116814848,78116814848,8.615,0.03
google/gemma-3-1b-it,NVIDIA GeForce RTX 5060 Ti,42,MuSiQue,4,16,538,multi-hop,33.7735,0.0,0.0,0,1,1,102,358,358,67194847232,67194847232,8.615,0.03
google/gemma-3-1b-it,NVIDIA GeForce RTX 5060 Ti,42,MuSiQue,4,16,539,multi-hop,63.6958,0.0,67.2278,0,1,0,23,279,279,40811102208,40811102208,8.615,0.03
google/gemma-3-1b-it,NVIDIA GeForce RTX 5060 Ti,42,MuSiQue,4,16,540,multi-hop,73.0596,74.073,0.0,0,0,1,100,356,356,66446163968,66446163968,8.615,0.03
google/gemma-3-1b-it,NVIDIA GeForce RTX 5060 Ti,42,MuSiQue,4,16,541,multi-hop,66.8286,45.4556,37.6944,0,0,0,121,377,377,74516529152,74516529152,8.615,0.03
google/gemma-3-1b-it,NVIDIA GeForce RTX 5060 Ti,42,MuSiQue,4,16,542,structural,53.3361,0.0,0.0,0,1,1,63,184,294,17750294528,45317357568,8.615,0.03
google/gemma-3-1b-it,NVIDIA GeForce RTX 5060 Ti,42,MuSiQue,4,16,543,semantic,72.6315,0.0,57.8794,0,1,0,118,374,374,73335308288,73335308288,8.615,0.03
google/gemma-3-1b-it,NVIDIA GeForce RTX 5060 Ti,42,MuSiQue,4,16,544,structural,36.9075,57.3418,0.0,0,0,1,18,274,274,39361445888,39361445888,8.615,0.03
google/gemma-3-1b-it,NVIDIA GeForce RTX 5060 Ti,42,MuSiQue,4,16,545,multi-hop,41.8435,0.0,106.984,0,1,0,94,350,350,64225280000,64225280000,8.615,0.03
google/gemma-3-1b-it,NVIDIA GeForce RTX 5060 Ti,42,MuSiQue,4,16,546,structural,49.4892,0.0,0.0,0,1,1,108,364,364,69466062848,69466062848,8.615,0.03
google/gemma-3-1b-it,NVIDIA GeForce RTX 5060 Ti,42,MuSiQue,4,16,547,multi-hop,63.0355,0.0,0.0,0,1,1,14,270,270,38220595200,38220595200,8.615,0.03
google/gemma-3-1b-it,NVIDIA GeForce RTX 5060 Ti,42,MuSiQue,4,16,548,multi-hop,41.1282,0.0,75.3279,0,1,0,68,324,324,55037657088,55037657088,8.615,0.03
google/gemma-3-1b-it,NVIDIA GeForce RTX 5060 Ti,42,MuSiQue,4,16,549,multi-hop,29.2688,63.1906,38.8472,0,0,0,62,318,318,53018099712,53018099712,8.615,0.03
google/gemma-3-1b-it,NVIDIA GeForce RTX 5060 Ti,42,MuSiQue,4,16,550,multi-hop,51.2841,0.0,0.0,0,1,1,87,343,343,61681958912,61681958912,8.615,0.03
google/gemma-3-1b-it,NVIDIA GeForce RTX 5060 Ti,42,MuSiQue,4,16,551,semantic,57.3256,0.0,0.0,0,1,1,107,363,363,69084905472,69084905472,8.615,0.03
google/gemma-3-1b-it,NVIDIA GeForce RTX 5060 Ti,42,MuSiQue,4,16,552,structural,72.4666,37.0252,47.7972,0,0,0,129,385,385,77712588800,77712588800,8.615,0.03
google/gemma-3-1b-it,NVIDIA GeForce RTX 5060 Ti,42,MuSiQue,4,16,553,semantic,56.0381,0.0,66.5693,0,1,0,114,370,370,71775027200,71775027200,8.615,0.03
google/gemma-3-1b-it,NVIDIA GeForce RTX 5060 Ti,42,MuSiQue,4,16,554,multi-hop,31.5025,0.0,0.0,0,1,1,14,90,243,4246732800,30958682112,8.615,0.03
google/gemma-3-1b-it,NVIDIA GeForce RTX 5060 Ti,42,MuSiQue,4,16,555,semantic,47.8879,0.0,0.0,0,1,1,129,385,385,77712588800,77712588800,8.615,0.03
google/gemma-3-1b-it,NVIDIA GeForce RTX 5060 Ti,42,MuSiQue,4,16,556,multi-hop,68.8454,0.0,0.0,0,1,1,154,410,410,88132812800,88132812800,8.615,0.03
google/gemma-3-1b-it,NVIDIA GeForce RTX 5060 Ti,42,MuSiQue,4,16,557,multi-hop,43.668,77.632,0.0,0,0,1,96,352,352,64961380352,64961380352,8.615,0.03
google/gemma-3-1b-it,NVIDIA GeForce RTX 5060 Ti,42,MuSiQue,4,16,558,structural,71.887,81.2838,0.0,0,0,1,107,363,363,69084905472,69084905472,8.615,0.03
google/gemma-3-1b-it,NVIDIA GeForce RTX 5060 Ti,42,MuSiQue,4,16,559,structural,39.7884,77.1081,55.9745,0,0,0,54,310,310,50384076800,50384076800,8.615,0.03
google/gemma-3-1b-it,NVIDIA GeForce RTX 5060 Ti,42,MuSiQue,4,16,560,multi-hop,50.1717,0.0,0.0,0,1,1,66,322,322,54360276992,54360276992,8.615,0.03
google/gemma-3-1b-it,NVIDIA GeForce RTX 5060 Ti,42,MuSiQue,4,16,561,structural,49.6922,53.8647,45.4608,0,0,0,90,326,326,55719231488,55719231488,8.615,0.03
google/gemma-3-1b-it,NVIDIA GeForce RTX 5060 Ti,42,MuSiQue,4,16,562,semantic,36.9279,0.0,46.2845,0,1,0,94,350,350,64225280000,64225280000,8.615,0.03
google/gemma-3-1b-it,NVIDIA GeForce RTX 5060 Ti,42,MuSiQue,4,16,563,multi-hop,45.7287,47.2569,63.954,0,0,0,2,9,9,42467328,42467328,8.615,0.03
google/gemma-3-1b-it,NVIDIA GeForce RTX 5060 Ti,42,MuSiQue,4,16,564,semantic,40.618,0.0,0.0,0,1,1,93,349,349,63858802688,63858802688,8.615,0.03
google/gemma-3-1b-it,NVIDIA GeForce RTX 5060 Ti,42,MuSiQue,4,16,565,semantic,99.0394,0.0,51.7453,0,1,0,99,355,355,66073395200,66073395200,8.615,0.03
google/gemma-3-1b-it,NVIDIA GeForce RTX 5060 Ti,42,MuSiQue,4,16,566,structural,37.8684,44.2871,40.4763,0,0,0,94,350,342,64225280000,61322821632,8.615,0.03
google/gemma-3-1b-it,NVIDIA GeForce RTX 5060 Ti,42,MuSiQue,4,16,567,semantic,47.4866,0.0,0.0,0,1,1,111,367,367,70615826432,70615826432,8.615,0.03
google/gemma-3-1b-it,NVIDIA GeForce RTX 5060 Ti,42,MuSiQue,4,16,568,multi-hop,33.1832,43.183,45.4823,0,0,0,95,351,351,64592805888,64592805888,8.615,0.03
google/gemma-3-1b-it,NVIDIA GeForce RTX 5060 Ti,42,MuSiQue,4,16,569,multi-hop,43.2985,0.0,63.6414,0,1,0,103,359,359,67570761728,67570761728,8.615,0.03
google/gemma-3-1b-it,NVIDIA GeForce RTX 5060 Ti,42,MuSiQue,4,16,570,multi-hop,45.705,44.8203,36.5366,0,0,0,121,377,377,74516529152,74516529152,8.615,0.03
google/gemma-3-1b-it,NVIDIA GeForce RTX 5060 Ti,42,MuSiQue,4,16,571,multi-hop,51.516,0.0,0.0,0,1,1,16,272,272,38788923392,38788923392,8.615,0.03
google/gemma-3-1b-it,NVIDIA GeForce RTX 5060 Ti,42,MuSiQue,4,16,572,multi-hop,42.818,0.0,0.0,0,1,1,127,383,383,76907282432,76907282432,8.615,0.03
google/gemma-3-1b-it,NVIDIA GeForce RTX 5060 Ti,42,MuSiQue,4,16,573,multi-hop,60.6883,0.0,39.3543,0,1,0,104,360,360,67947724800,67947724800,8.615,0.03
google/gemma-3-1b-it,NVIDIA GeForce RTX 5060 Ti,42,MuSiQue,4,16,574,semantic,49.2138,0.0,0.0,0,1,1,102,358,358,67194847232,67194847232,8.615,0.03
google/gemma-3-1b-it,NVIDIA GeForce RTX 5060 Ti,42,MuSiQue,4,16,575,multi-hop,50.1885,51.6898,43.1826,0,0,0,96,352,352,64961380352,64961380352,8.615,0.03
google/gemma-3-1b-it,NVIDIA GeForce RTX 5060 Ti,42,MuSiQue,4,16,576,structural,89.7112,32.1349,0.0,0,0,1,132,388,388,78928412672,78928412672,8.615,0.03
google/gemma-3-1b-it,NVIDIA GeForce RTX 5060 Ti,42,MuSiQue,4,16,577,multi-hop,48.7928,0.0,34.7625,0,1,0,33,289,289,43789058048,43789058048,8.615,0.03
google/gemma-3-1b-it,NVIDIA GeForce RTX 5060 Ti,42,MuSiQue,4,16,578,structural,31.0695,36.1386,30.0977,0,0,0,8,236,264,29200744448,36540776448,8.615,0.03
google/gemma-3-1b-it,NVIDIA GeForce RTX 5060 Ti,42,MuSiQue,4,16,579,multi-hop,38.1398,36.8514,0.0,0,0,1,11,267,267,37375967232,37375967232,8.615,0.03
google/gemma-3-1b-it,NVIDIA GeForce RTX 5060 Ti,42,MuSiQue,4,16,580,multi-hop,54.6461,0.0,75.9955,0,1,0,66,322,322,54360276992,54360276992,8.615,0.03
google/gemma-3-1b-it,NVIDIA GeForce RTX 5060 Ti,42,MuSiQue,4,16,581,semantic,75.7631,0.0,59.1131,0,1,0,141,397,397,82632507392,82632507392,8.615,0.03
google/gemma-3-1b-it,NVIDIA GeForce RTX 5060 Ti,42,MuSiQue,4,16,582,semantic,74.1778,0.0,0.0,0,1,1,16,272,272,38788923392,38788923392,8.615,0.03
google/gemma-3-1b-it,NVIDIA GeForce RTX 5060 Ti,42,MuSiQue,4,16,583,multi-hop,37.1263,81.0277,0.0,0,0,1,124,380,380,75707187200,75707187200,8.615,0.03
google/gemma-3-1b-it,NVIDIA GeForce RTX 5060 Ti,42,MuSiQue,4,16,584,multi-hop,50.5318,54.4837,106.0161,0,0,0,89,345,345,62403379200,62403379200,8.615,0.03
google/gemma-3-1b-it,NVIDIA GeForce RTX 5060 Ti,42,MuSiQue,4,16,585,multi-hop,38.5596,104.0626,62.0841,0,0,0,102,358,358,67194847232,67194847232,8.615,0.03
google/gemma-3-1b-it,NVIDIA GeForce RTX 5060 Ti,42,MuSiQue,4,16,586,semantic,41.8103,0.0,0.0,0,1,1,87,343,343,61681958912,61681958912,8.615,0.03
google/gemma-3-1b-it,NVIDIA GeForce RTX 5060 Ti,42,MuSiQue,4,16,587,semantic,73.3709,0.0,0.0,0,1,1,39,295,295,45626163200,45626163200,8.615,0.03
google/gemma-3-1b-it,NVIDIA GeForce RTX 5060 Ti,42,MuSiQue,4,16,588,multi-hop,33.7627,54.8099,49.1026,0,0,0,101,345,357,62403379200,66819981312,8.615,0.03
google/gemma-3-1b-it,NVIDIA GeForce RTX 5060 Ti,42,MuSiQue,4,16,589,semantic,50.9435,0.0,73.6487,0,1,0,114,370,370,71775027200,71775027200,8.615,0.03
google/gemma-3-1b-it,NVIDIA GeForce RTX 5060 Ti,42,MuSiQue,4,16,590,structural,49.8984,0.0,0.0,0,1,1,76,332,332,57789120512,57789120512,8.615,0.03
google/gemma-3-1b-it,NVIDIA GeForce RTX 5060 Ti,42,MuSiQue,4,16,591,semantic,53.6924,0.0,0.0,0,1,1,3,20,20,209715200,209715200,8.615,0.03
google/gemma-3-1b-it,NVIDIA GeForce RTX 5060 Ti,42,MuSiQue,4,16,592,structural,31.4997,70.1015,35.2542,0,0,0,100,356,356,66446163968,66446163968,8.615,0.03
google/gemma-3-1b-it,NVIDIA GeForce RTX 5060 Ti,42,MuSiQue,4,16,593,semantic,54.3088,0.0,0.0,0,1,1,129,385,385,77712588800,77712588800,8.615,0.03
google/gemma-3-1b-it,NVIDIA GeForce RTX 5060 Ti,42,MuSiQue,4,16,594,structural,61.8096,0.0,0.0,0,1,1,14,270,270,38220595200,38220595200,8.615,0.03
google/gemma-3-1b-it,NVIDIA GeForce RTX 5060 Ti,42,MuSiQue,4,16,595,multi-hop,39.3805,42.5659,69.0671,0,0,0,92,348,348,63493373952,63493373952,8.615,0.03
google/gemma-3-1b-it,NVIDIA GeForce RTX 5060 Ti,42,MuSiQue,4,16,596,multi-hop,76.3644,43.6689,0.0,0,0,1,91,347,347,63128993792,63128993792,8.615,0.03
google/gemma-3-1b-it,NVIDIA GeForce RTX 5060 Ti,42,MuSiQue,4,16,597,semantic,39.4371,0.0,54.5482,0,1,0,142,398,398,83049316352,83049316352,8.615,0.03
google/gemma-3-1b-it,NVIDIA GeForce RTX 5060 Ti,42,MuSiQue,4,16,598,multi-hop,55.1148,41.7678,72.7355,0,0,0,115,371,371,72163524608,72163524608,8.615,0.03
google/gemma-3-1b-it,NVIDIA GeForce RTX 5060 Ti,42,MuSiQue,4,16,599,multi-hop,47.7028,0.0,36.921,0,1,0,102,358,358,67194847232,67194847232,8.615,0.03
google/gemma-3-1b-it,NVIDIA GeForce RTX 5060 Ti,42,MuSiQue,5,16,0,structural,38.7407,48.0596,42.8031,0,0,0,102,358,358,67194847232,67194847232,8.615,0.03
google/gemma-3-1b-it,NVIDIA GeForce RTX 5060 Ti,42,MuSiQue,5,16,1,multi-hop,54.0001,69.2192,0.0,0,0,1,119,375,375,73728000000,73728000000,8.615,0.03
google/gemma-3-1b-it,NVIDIA GeForce RTX 5060 Ti,42,MuSiQue,5,16,2,multi-hop,39.6677,0.0,86.6735,0,1,0,124,380,380,75707187200,75707187200,8.615,0.03
google/gemma-3-1b-it,NVIDIA GeForce RTX 5060 Ti,42,MuSiQue,5,16,3,semantic,42.7617,0.0,73.3412,0,1,0,33,289,289,43789058048,43789058048,8.615,0.03
google/gemma-3-1b-it,NVIDIA GeForce RTX 5060 Ti,42,MuSiQue,5,16,4,structural,47.2471,0.0,0.0,0,1,1,4,260,260,35441868800,35441868800,8.615,0.03
google/gemma-3-1b-it,NVIDIA GeForce RTX 5060 Ti,42,MuSiQue,5,16,5,multi-hop,47.7629,0.0,52.8799,0,1,0,18,274,274,39361445888,39361445888,8.615,0.03
google/gemma-3-1b-it,NVIDIA GeForce RTX 5060 Ti,42,MuSiQue,5,16,6,structural,39.9873,69.1744,45.5021,0,0,0,115,371,371,72163524608,72163524608,8.615,0.03
google/gemma-3-1b-it,NVIDIA GeForce RTX 5060 Ti,42,MuSiQue,5,16,7,multi-hop,43.4025,81.3464,65.2925,0,0,0,9,265,265,36818124800,36818124800,8.615,0.03
google/gemma-3-1b-it,NVIDIA GeForce RTX 5060 Ti,42,MuSiQue,5,16,8,multi-hop,61.7869,0.0,0.0,0,1,1,129,385,385,77712588800,77712588800,8.615,0.03
google/gemma-3-1b-it,NVIDIA GeForce RTX 5060 Ti,42,MuSiQue,5,16,9,structural,68.0862,0.0,68.6359,0,1,0,68,324,324,55037657088,55037657088,8.615,0.03
google/gemma-3-1b-it,NVIDIA GeForce RTX 5060 Ti,42,MuSiQue,5,16,10,multi-hop,35.4816,0.0,0.0,0,1,1,119,375,375,73728000000,73728000000,8.615,0.03
google/gemma-3-1b-it,NVIDIA GeForce RTX 5060 Ti,42,MuSiQue,5,16,11,semantic,35.647,0.0,51.8376,0,1,0,88,344,344,62042144768,62042144768,8.615,0.03
google/gemma-3-1b-it,NVIDIA GeForce RTX 5060 Ti,42,MuSiQue,5,16,12,semantic,56.9086,0.0,86.4548,0,1,0,30,286,286,42884661248,42884661248,8.615,0.03
google/gemma-3-1b-it,NVIDIA GeForce RTX 5060 Ti,42,MuSiQue,5,16,13,semantic,105.2231,0.0,0.0,0,1,1,105,361,361,68325736448,68325736448,8.615,0.03
google/gemma-3-1b-it,NVIDIA GeForce RTX 5060 Ti,42,MuSiQue,5,16,14,multi-hop,56.3092,0.0,95.3562,0,1,0,110,366,366,70231523328,70231523328,8.615,0.03
google/gemma-3-1b-it,NVIDIA GeForce RTX 5060 Ti,42,MuSiQue,5,16,15,structural,47.4152,80.3347,58.4011,0,0,0,121,377,377,74516529152,74516529152,8.615,0.03
google/gemma-3-1b-it,NVIDIA GeForce RTX 5060 Ti,42,MuSiQue,5,16,16,structural,114.5565,71.6789,49.1312,0,0,0,18,274,274,39361445888,39361445888,8.615,0.03
google/gemma-3-1b-it,NVIDIA GeForce RTX 5060 Ti,42,MuSiQue,5,16,17,semantic,43.2196,0.0,0.0,0,1,1,61,317,317,52685176832,52685176832,8.615,0.03
google/gemma-3-1b-it,NVIDIA GeForce RTX 5060 Ti,42,MuSiQue,5,16,18,semantic,100.0812,85.061,0.0,0,0,1,113,369,369,71387578368,71387578368,8.615,0.03
google/gemma-3-1b-it,NVIDIA GeForce RTX 5060 Ti,42,MuSiQue,5,16,19,multi-hop,70.3124,45.3516,32.6024,0,0,0,39,295,295,45626163200,45626163200,8.615,0.03
google/gemma-3-1b-it,NVIDIA GeForce RTX 5060 Ti,42,MuSiQue,5,16,20,multi-hop,57.2277,58.4132,48.51,0,0,0,78,334,334,58487472128,58487472128,8.615,0.03
google/gemma-3-1b-it,NVIDIA GeForce RTX 5060 Ti,42,MuSiQue,5,16,21,multi-hop,46.1896,0.0,0.0,0,1,1,105,361,361,68325736448,68325736448,8.615,0.03
google/gemma-3-1b-it,NVIDIA GeForce RTX 5060 Ti,42,MuSiQue,5,16,22,structural,65.8877,94.0661,58.89,0,0,0,127,383,383,76907282432,76907282432,8.615,0.03
google/gemma-3-1b-it,NVIDIA GeForce RTX 5060 Ti,42,MuSiQue,5,16,23,semantic,36.3504,0.0,0.0,0,1,1,102,358,358,67194847232,67194847232,8.615,0.03
google/gemma-3-1b-it,NVIDIA GeForce RTX 5060 Ti,42,MuSiQue,5,16,24,semantic,49.5207,0.0,0.0,0,1,1,121,377,377,74516529152,74516529152,8.615,0.03
google/gemma-3-1b-it,NVIDIA GeForce RTX 5060 Ti,42,MuSiQue,5,16,25,multi-hop,72.0409,0.0,0.0,0,1,1,51,307,307,49413619712,49413619712,8.615,0.03
google/gemma-3-1b-it,NVIDIA GeForce RTX 5060 Ti,42,MuSiQue,5,16,26,multi-hop,62.9439,0.0,0.0,0,1,1,72,328,328,56405000192,56405000192,8.615,0.03
google/gemma-3-1b-it,NVIDIA GeForce RTX 5060 Ti,42,MuSiQue,5,16,27,multi-hop,42.882,43.1979,55.9885,0,0,0,103,359,359,67570761728,67570761728,8.615,0.03
google/gemma-3-1b-it,NVIDIA GeForce RTX 5060 Ti,42,MuSiQue,5,16,28,semantic,35.3531,0.0,50.086,0,1,0,112,368,368,71001178112,71001178112,8.615,0.03
google/gemma-3-1b-it,NVIDIA GeForce RTX 5060 Ti,42,MuSiQue,5,16,29,structural,71.1487,0.0,79.7686,0,1,0,117,373,373,72943665152,72943665152,8.615,0.03
google/gemma-3-1b-it,NVIDIA GeForce RTX 5060 Ti,42,MuSiQue,5,16,30,multi-hop,34.4397,0.0,47.5525,0,1,0,104,360,360,67947724800,67947724800,8.615,0.03
google/gemma-3-1b-it,NVIDIA GeForce RTX 5060 Ti,42,MuSiQue,5,16,31,multi-hop,57.99,0.0,0.0,0,1,1,43,299,299,46871871488,46871871488,8.615,0.03
google/gemma-3-1b-it,NVIDIA GeForce RTX 5060 Ti,42,MuSiQue,5,16,32,semantic,0.0,0.0,0.0,1,1,1,23,279,279,40811102208,40811102208,8.615,0.03
google/gemma-3-1b-it,NVIDIA GeForce RTX 5060 Ti,42,MuSiQue,5,16,33,structural,70.1437,94.7032,62.7773,0,0,0,84,340,340,60607692800,60607692800,8.615,0.03
google/gemma-3-1b-it,NVIDIA GeForce RTX 5060 Ti,42,MuSiQue,5,16,34,structural,43.4234,62.5333,0.0,0,0,1,136,392,392,80564191232,80564191232,8.615,0.03
google/gemma-3-1b-it,NVIDIA GeForce RTX 5060 Ti,42,MuSiQue,5,16,35,semantic,0.0,48.5491,53.7935,1,0,0,125,381,381,76106170368,76106170368,8.615,0.03
google/gemma-3-1b-it,NVIDIA GeForce RTX 5060 Ti,42,MuSiQue,5,16,36,structural,40.7078,0.0,0.0,0,1,1,111,367,367,70615826432,70615826432,8.615,0.03
google/gemma-3-1b-it,NVIDIA GeForce RTX 5060 Ti,42,MuSiQue,5,16,37,multi-hop,35.2765,0.0,58.668,0,1,0,103,359,359,67570761728,67570761728,8.615,0.03
google/gemma-3-1b-it,NVIDIA GeForce RTX 5060 Ti,42,MuSiQue,5,16,38,multi-hop,40.4651,0.0,0.0,0,1,1,140,396,396,82216747008,82216747008,8.615,0.03
google/gemma-3-1b-it,NVIDIA GeForce RTX 5060 Ti,42,MuSiQue,5,16,39,multi-hop,34.0508,71.161,47.0702,0,0,0,115,371,371,72163524608,72163524608,8.615,0.03
google/gemma-3-1b-it,NVIDIA GeForce RTX 5060 Ti,42,MuSiQue,5,16,40,semantic,79.6416,0.0,0.0,0,1,1,106,362,362,68704796672,68704796672,8.615,0.03
google/gemma-3-1b-it,NVIDIA GeForce RTX 5060 Ti,42,MuSiQue,5,16,41,multi-hop,73.227,49.7422,66.7532,0,0,0,107,363,363,69084905472,69084905472,8.615,0.03
google/gemma-3-1b-it,NVIDIA GeForce RTX 5060 Ti,42,MuSiQue,5,16,42,semantic,61.0373,0.0,0.0,0,1,1,102,358,358,67194847232,67194847232,8.615,0.03
google/gemma-3-1b-it,NVIDIA GeForce RTX 5060 Ti,42,MuSiQue,5,16,43,semantic,47.8509,0.0,0.0,0,1,1,5,250,261,32768000000,35715022848,8.615,0.03
google/gemma-3-1b-it,NVIDIA GeForce RTX 5060 Ti,42,MuSiQue,5,16,44,multi-hop,36.8231,53.518,39.9699,0,0,0,131,387,387,78522089472,78522089472,8.615,0.03
google/gemma-3-1b-it,NVIDIA GeForce RTX 5060 Ti,42,MuSiQue,5,16,45,structural,54.6234,52.9116,35.5494,0,0,0,68,324,324,55037657088,55037657088,8.615,0.03
google/gemma-3-1b-it,NVIDIA GeForce RTX 5060 Ti,42,MuSiQue,5,16,46,structural,51.7683,69.0197,0.0,0,0,1,121,377,377,74516529152,74516529152,8.615,0.03
google/gemma-3-1b-it,NVIDIA GeForce RTX 5060 Ti,42,MuSiQue,5,16,47,semantic,0.0,0.0,54.532,1,1,0,12,268,268,37656461312,37656461312,8.615,0.03
google/gemma-3-1b-it,NVIDIA GeForce RTX 5060 Ti,42,MuSiQue,5,16,48,multi-hop,0.0,0.0,76.1123,1,1,0,90,346,346,62765662208,62765662208,8.615,0.03
google/gemma-3-1b-it,NVIDIA GeForce RTX 5060 Ti,42,MuSiQue,5,16,49,structural,0.0,65.4406,54.0763,1,0,0,107,363,363,69084905472,69084905472,8.615,0.03
google/gemma-3-1b-it,NVIDIA GeForce RTX 5060 Ti,42,MuSiQue,5,16,50,multi-hop,41.6529,0.0,99.6737,0,1,0,48,304,304,48452599808,48452599808,8.615,0.03
google/gemma-3-1b-it,NVIDIA GeForce RTX 5060 Ti,42,MuSiQue,5,16,51,structural,33.0419,49.4216,0.0,0,0,1,88,344,344,62042144768,62042144768,8.615,0.03
google/gemma-3-1b-it,NVIDIA GeForce RTX 5060 Ti,42,MuSiQue,5,16,52,semantic,57.241,0.0,61.4983,0,1,0,66,322,322,54360276992,54360276992,8.615,0.03
google/gemma-3-1b-it,NVIDIA GeForce RTX 5060 Ti,42,MuSiQue,5,16,53,structural,67.4121,65.8419,36.0979,0,0,0,120,376,376,74121740288,74121740288,8.615,0.03
google/gemma-3-1b-it,NVIDIA GeForce RTX 5060 Ti,42,MuSiQue,5,16,54,structural,38.4557,0.0,0.0,0,1,1,118,374,374,73335308288,73335308288,8.615,0.03
google/gemma-3-1b-it,NVIDIA GeForce RTX 5060 Ti,42,MuSiQue,5,16,55,semantic,42.2772,0.0,39.8488,0,1,0,102,358,345,67194847232,62403379200,8.615,0.03
google/gemma-3-1b-it,NVIDIA GeForce RTX 5060 Ti,42,MuSiQue,5,16,56,multi-hop,75.4586,0.0,0.0,0,1,1,36,292,292,44702892032,44702892032,8.615,0.03
google/gemma-3-1b-it,NVIDIA GeForce RTX 5060 Ti,42,MuSiQue,5,16,57,structural,40.5011,46.7415,63.0015,0,0,0,62,318,318,53018099712,53018099712,8.615,0.03
google/gemma-3-1b-it,NVIDIA GeForce RTX 5060 Ti,42,MuSiQue,5,16,58,multi-hop,46.821,0.0,0.0,0,1,1,69,325,325,55377920000,55377920000,8.615,0.03
google/gemma-3-1b-it,NVIDIA GeForce RTX 5060 Ti,42,MuSiQue,5,16,59,semantic,37.9854,0.0,62.3743,0,1,0,115,371,371,72163524608,72163524608,8.615,0.03
google/gemma-3-1b-it,NVIDIA GeForce RTX 5060 Ti,42,MuSiQue,5,16,60,semantic,38.4756,0.0,0.0,0,1,1,102,358,358,67194847232,67194847232,8.615,0.03
google/gemma-3-1b-it,NVIDIA GeForce RTX 5060 Ti,42,MuSiQue,5,16,61,structural,32.3084,33.7169,42.2436,0,0,0,99,355,355,66073395200,66073395200,8.615,0.03
google/gemma-3-1b-it,NVIDIA GeForce RTX 5060 Ti,42,MuSiQue,5,16,62,semantic,38.7049,0.0,43.2402,0,1,0,5,14,261,102760448,35715022848,8.615,0.03
google/gemma-3-1b-it,NVIDIA GeForce RTX 5060 Ti,42,MuSiQue,5,16,63,multi-hop,39.8404,69.9233,0.0,0,0,1,94,350,350,64225280000,64225280000,8.615,0.03
google/gemma-3-1b-it,NVIDIA GeForce RTX 5060 Ti,42,MuSiQue,5,16,64,multi-hop,57.3126,0.0,43.1947,0,1,0,118,374,374,73335308288,73335308288,8.615,0.03
google/gemma-3-1b-it,NVIDIA GeForce RTX 5060 Ti,42,MuSiQue,5,16,65,multi-hop,40.937,38.8425,46.5431,0,0,0,120,376,376,74121740288,74121740288,8.615,0.03
google/gemma-3-1b-it,NVIDIA GeForce RTX 5060 Ti,42,MuSiQue,5,16,66,multi-hop,32.414,31.4158,43.1436,0,0,0,45,301,301,47501017088,47501017088,8.615,0.03
google/gemma-3-1b-it,NVIDIA GeForce RTX 5060 Ti,42,MuSiQue,5,16,67,semantic,73.062,0.0,0.0,0,1,1,105,361,361,68325736448,68325736448,8.615,0.03
google/gemma-3-1b-it,NVIDIA GeForce RTX 5060 Ti,42,MuSiQue,5,16,68,structural,54.5564,48.1706,79.8781,0,0,0,57,313,313,51363971072,51363971072,8.615,0.03
google/gemma-3-1b-it,NVIDIA GeForce RTX 5060 Ti,42,MuSiQue,5,16,69,multi-hop,46.4459,0.0,0.0,0,1,1,62,318,318,53018099712,53018099712,8.615,0.03
google/gemma-3-1b-it,NVIDIA GeForce RTX 5060 Ti,42,MuSiQue,5,16,70,structural,41.3427,0.0,0.0,0,1,1,103,359,359,67570761728,67570761728,8.615,0.03
google/gemma-3-1b-it,NVIDIA GeForce RTX 5060 Ti,42,MuSiQue,5,16,71,multi-hop,40.8018,49.9253,87.3234,0,0,0,98,354,354,65701675008,65701675008,8.615,0.03
google/gemma-3-1b-it,NVIDIA GeForce RTX 5060 Ti,42,MuSiQue,5,16,72,semantic,41.9412,0.0,0.0,0,1,1,132,388,388,78928412672,78928412672,8.615,0.03
google/gemma-3-1b-it,NVIDIA GeForce RTX 5060 Ti,42,MuSiQue,5,16,73,multi-hop,84.9547,66.724,0.0,0,0,1,30,286,286,42884661248,42884661248,8.615,0.03
google/gemma-3-1b-it,NVIDIA GeForce RTX 5060 Ti,42,MuSiQue,5,16,74,multi-hop,32.536,0.0,0.0,0,1,1,9,265,265,36818124800,36818124800,8.615,0.03
google/gemma-3-1b-it,NVIDIA GeForce RTX 5060 Ti,42,MuSiQue,5,16,75,structural,34.7514,62.1371,0.0,0,0,1,101,357,357,66819981312,66819981312,8.615,0.03
google/gemma-3-1b-it,NVIDIA GeForce RTX 5060 Ti,42,MuSiQue,5,16,76,multi-hop,38.9008,0.0,0.0,0,1,1,57,249,313,32506380288,51363971072,8.615,0.03
google/gemma-3-1b-it,NVIDIA GeForce RTX 5060 Ti,42,MuSiQue,5,16,77,semantic,73.2091,0.0,74.3381,0,1,0,100,356,356,66446163968,66446163968,8.615,0.03
google/gemma-3-1b-it,NVIDIA GeForce RTX 5060 Ti,42,MuSiQue,5,16,78,semantic,44.9944,0.0,46.2731,0,1,0,92,348,348,63493373952,63493373952,8.615,0.03
google/gemma-3-1b-it,NVIDIA GeForce RTX 5060 Ti,42,MuSiQue,5,16,79,semantic,51.3585,0.0,81.4781,0,1,0,101,357,357,66819981312,66819981312,8.615,0.03
google/gemma-3-1b-it,NVIDIA GeForce RTX 5060 Ti,42,MuSiQue,5,16,80,structural,45.0097,0.0,0.0,0,1,1,102,358,358,67194847232,67194847232,8.615,0.03
google/gemma-3-1b-it,NVIDIA GeForce RTX 5060 Ti,42,MuSiQue,5,16,81,multi-hop,69.2617,63.4239,64.3945,0,0,0,69,325,325,55377920000,55377920000,8.615,0.03
google/gemma-3-1b-it,NVIDIA GeForce RTX 5060 Ti,42,MuSiQue,5,16,82,multi-hop,40.6486,45.147,62.414,0,0,0,102,358,358,67194847232,67194847232,8.615,0.03
google/gemma-3-1b-it,NVIDIA GeForce RTX 5060 Ti,42,MuSiQue,5,16,83,structural,34.4718,41.2092,0.0,0,0,1,101,357,357,66819981312,66819981312,8.615,0.03
google/gemma-3-1b-it,NVIDIA GeForce RTX 5060 Ti,42,MuSiQue,5,16,84,semantic,39.0629,0.0,0.0,0,1,1,65,321,321,54023159808,54023159808,8.615,0.03
google/gemma-3-1b-it,NVIDIA GeForce RTX 5060 Ti,42,MuSiQue,5,16,85,semantic,36.7062,0.0,0.0,0,1,1,97,353,353,65331003392,65331003392,8.615,0.03
google/gemma-3-1b-it,NVIDIA GeForce RTX 5060 Ti,42,MuSiQue,5,16,86,multi-hop,103.1042,0.0,87.74,0,1,0,148,404,404,85572190208,85572190208,8.615,0.03
google/gemma-3-1b-it,NVIDIA GeForce RTX 5060 Ti,42,MuSiQue,5,16,87,multi-hop,83.6899,0.0,47.764,0,1,0,119,375,375,73728000000,73728000000,8.615,0.03
google/gemma-3-1b-it,NVIDIA GeForce RTX 5060 Ti,42,MuSiQue,5,16,88,multi-hop,36.5567,51.3425,50.0064,0,0,0,89,345,345,62403379200,62403379200,8.615,0.03
google/gemma-3-1b-it,NVIDIA GeForce RTX 5060 Ti,42,MuSiQue,5,16,89,multi-hop,45.8239,0.0,54.1147,0,1,0,89,345,345,62403379200,62403379200,8.615,0.03
google/gemma-3-1b-it,NVIDIA GeForce RTX 5060 Ti,42,MuSiQue,5,16,90,semantic,40.2337,0.0,53.5762,0,1,0,115,371,371,72163524608,72163524608,8.615,0.03
google/gemma-3-1b-it,NVIDIA GeForce RTX 5060 Ti,42,MuSiQue,5,16,91,multi-hop,0.0,0.0,0.0,1,1,1,124,380,380,75707187200,75707187200,8.615,0.03
google/gemma-3-1b-it,NVIDIA GeForce RTX 5060 Ti,42,MuSiQue,5,16,92,semantic,43.4228,0.0,91.8702,0,1,0,10,266,266,37096521728,37096521728,8.615,0.03
google/gemma-3-1b-it,NVIDIA GeForce RTX 5060 Ti,42,MuSiQue,5,16,93,semantic,0.0,0.0,0.0,1,1,1,97,353,353,65331003392,65331003392,8.615,0.03
google/gemma-3-1b-it,NVIDIA GeForce RTX 5060 Ti,42,MuSiQue,5,16,94,semantic,72.9059,0.0,0.0,0,1,1,119,375,375,73728000000,73728000000,8.615,0.03
google/gemma-3-1b-it,NVIDIA GeForce RTX 5060 Ti,42,MuSiQue,5,16,95,semantic,59.4464,0.0,0.0,0,1,1,114,370,370,71775027200,71775027200,8.615,0.03
google/gemma-3-1b-it,NVIDIA GeForce RTX 5060 Ti,42,MuSiQue,5,16,96,multi-hop,0.0,51.3092,32.3772,1,0,0,106,358,290,67194847232,44092620800,8.615,0.03
google/gemma-3-1b-it,NVIDIA GeForce RTX 5060 Ti,42,MuSiQue,5,16,97,structural,0.0,33.9889,0.0,1,0,1,124,380,380,75707187200,75707187200,8.615,0.03
google/gemma-3-1b-it,NVIDIA GeForce RTX 5060 Ti,42,MuSiQue,5,16,98,multi-hop,46.0546,0.0,0.0,0,1,1,106,362,362,68704796672,68704796672,8.615,0.03
google/gemma-3-1b-it,NVIDIA GeForce RTX 5060 Ti,42,MuSiQue,5,16,99,semantic,0.0,0.0,60.8937,1,1,0,119,375,375,73728000000,73728000000,8.615,0.03
google/gemma-3-1b-it,NVIDIA GeForce RTX 5060 Ti,42,MuSiQue,5,16,100,semantic,48.9319,0.0,0.0,0,1,1,75,331,331,57441517568,57441517568,8.615,0.03
google/gemma-3-1b-it,NVIDIA GeForce RTX 5060 Ti,42,MuSiQue,5,16,101,multi-hop,37.0781,61.6571,0.0,0,0,1,119,375,375,73728000000,73728000000,8.615,0.03
google/gemma-3-1b-it,NVIDIA GeForce RTX 5060 Ti,42,MuSiQue,5,16,102,multi-hop,41.0771,0.0,0.0,0,1,1,53,309,309,50059542528,50059542528,8.615,0.03
google/gemma-3-1b-it,NVIDIA GeForce RTX 5060 Ti,42,MuSiQue,5,16,103,semantic,39.4868,0.0,42.237,0,1,0,86,342,338,61322821632,59896758272,8.615,0.03
google/gemma-3-1b-it,NVIDIA GeForce RTX 5060 Ti,42,MuSiQue,5,16,104,multi-hop,42.4731,0.0,34.462,0,1,0,36,292,292,44702892032,44702892032,8.615,0.03
google/gemma-3-1b-it,NVIDIA GeForce RTX 5060 Ti,42,MuSiQue,5,16,105,semantic,44.8364,0.0,63.5599,0,1,0,99,355,355,66073395200,66073395200,8.615,0.03
google/gemma-3-1b-it,NVIDIA GeForce RTX 5060 Ti,42,MuSiQue,5,16,106,semantic,37.7299,0.0,0.0,0,1,1,54,310,310,50384076800,50384076800,8.615,0.03
google/gemma-3-1b-it,NVIDIA GeForce RTX 5060 Ti,42,MuSiQue,5,16,107,structural,36.7966,0.0,0.0,0,1,1,118,374,374,73335308288,73335308288,8.615,0.03
google/gemma-3-1b-it,NVIDIA GeForce RTX 5060 Ti,42,MuSiQue,5,16,108,structural,53.7257,39.1245,0.0,0,0,1,83,339,339,60251701248,60251701248,8.615,0.03
google/gemma-3-1b-it,NVIDIA GeForce RTX 5060 Ti,42,MuSiQue,5,16,109,multi-hop,57.03,47.4268,40.9161,0,0,0,2,12,12,75497472,75497472,8.615,0.03
google/gemma-3-1b-it,NVIDIA GeForce RTX 5060 Ti,42,MuSiQue,5,16,110,multi-hop,39.0346,0.0,0.0,0,1,1,4,260,260,35441868800,35441868800,8.615,0.03
google/gemma-3-1b-it,NVIDIA GeForce RTX 5060 Ti,42,MuSiQue,5,16,111,multi-hop,43.6864,82.3928,46.6713,0,0,0,116,372,372,72553070592,72553070592,8.615,0.03
google/gemma-3-1b-it,NVIDIA GeForce RTX 5060 Ti,42,MuSiQue,5,16,112,semantic,34.5467,0.0,0.0,0,1,1,103,359,359,67570761728,67570761728,8.615,0.03
google/gemma-3-1b-it,NVIDIA GeForce RTX 5060 Ti,42,MuSiQue,5,16,113,multi-hop,53.87,0.0,0.0,0,1,1,87,343,343,61681958912,61681958912,8.615,0.03
google/gemma-3-1b-it,NVIDIA GeForce RTX 5060 Ti,42,MuSiQue,5,16,114,multi-hop,45.4814,0.0,0.0,0,1,1,88,344,344,62042144768,62042144768,8.615,0.03
google/gemma-3-1b-it,NVIDIA GeForce RTX 5060 Ti,42,MuSiQue,5,16,115,multi-hop,44.7325,43.776,62.1499,0,0,0,106,362,362,68704796672,68704796672,8.615,0.03
google/gemma-3-1b-it,NVIDIA GeForce RTX 5060 Ti,42,MuSiQue,5,16,116,semantic,36.9005,0.0,0.0,0,1,1,105,361,361,68325736448,68325736448,8.615,0.03
google/gemma-3-1b-it,NVIDIA GeForce RTX 5060 Ti,42,MuSiQue,5,16,117,multi-hop,73.5456,61.3029,43.7306,0,0,0,98,354,354,65701675008,65701675008,8.615,0.03
google/gemma-3-1b-it,NVIDIA GeForce RTX 5060 Ti,42,MuSiQue,5,16,118,multi-hop,39.3112,0.0,0.0,0,1,1,102,358,358,67194847232,67194847232,8.615,0.03
google/gemma-3-1b-it,NVIDIA GeForce RTX 5060 Ti,42,MuSiQue,5,16,119,multi-hop,36.6164,32.3797,0.0,0,0,1,97,353,353,65331003392,65331003392,8.615,0.03
google/gemma-3-1b-it,NVIDIA GeForce RTX 5060 Ti,42,MuSiQue,5,16,120,structural,61.711,41.5335,31.8009,0,0,0,7,263,263,36264476672,36264476672,8.615,0.03
google/gemma-3-1b-it,NVIDIA GeForce RTX 5060 Ti,42,MuSiQue,5,16,121,multi-hop,39.8958,0.0,50.2729,0,1,0,105,361,361,68325736448,68325736448,8.615,0.03
google/gemma-3-1b-it,NVIDIA GeForce RTX 5060 Ti,42,MuSiQue,5,16,122,semantic,79.5948,0.0,0.0,0,1,1,5,261,261,35715022848,35715022848,8.615,0.03
google/gemma-3-1b-it,NVIDIA GeForce RTX 5060 Ti,42,MuSiQue,5,16,123,semantic,38.3893,0.0,49.3931,0,1,0,121,377,377,74516529152,74516529152,8.615,0.03
google/gemma-3-1b-it,NVIDIA GeForce RTX 5060 Ti,42,MuSiQue,5,16,124,multi-hop,53.3591,45.5288,0.0,0,0,1,7,145,263,11023155200,36264476672,8.615,0.03
google/gemma-3-1b-it,NVIDIA GeForce RTX 5060 Ti,42,MuSiQue,5,16,125,semantic,32.8901,0.0,51.1236,0,1,0,104,360,360,67947724800,67947724800,8.615,0.03
google/gemma-3-1b-it,NVIDIA GeForce RTX 5060 Ti,42,MuSiQue,5,16,126,semantic,66.6715,0.0,0.0,0,1,1,39,295,295,45626163200,45626163200,8.615,0.03
google/gemma-3-1b-it,NVIDIA GeForce RTX 5060 Ti,42,MuSiQue,5,16,127,multi-hop,40.3907,35.7548,57.5015,0,0,0,35,291,291,44397232128,44397232128,8.615,0.03
google/gemma-3-1b-it,NVIDIA GeForce RTX 5060 Ti,42,MuSiQue,5,16,128,multi-hop,52.2206,33.1597,0.0,0,0,1,9,265,265,36818124800,36818124800,8.615,0.03
google/gemma-3-1b-it,NVIDIA GeForce RTX 5060 Ti,42,MuSiQue,5,16,129,structural,32.8203,0.0,0.0,0,1,1,75,331,331,57441517568,57441517568,8.615,0.03
google/gemma-3-1b-it,NVIDIA GeForce RTX 5060 Ti,42,MuSiQue,5,16,130,semantic,34.2717,0.0,0.0,0,1,1,107,363,363,69084905472,69084905472,8.615,0.03
google/gemma-3-1b-it,NVIDIA GeForce RTX 5060 Ti,42,MuSiQue,5,16,131,semantic,32.7474,0.0,37.0883,0,1,0,107,363,363,69084905472,69084905472,8.615,0.03
google/gemma-3-1b-it,NVIDIA GeForce RTX 5060 Ti,42,MuSiQue,5,16,132,semantic,54.7581,0.0,56.0296,0,1,0,81,337,337,59542863872,59542863872,8.615,0.03
google/gemma-3-1b-it,NVIDIA GeForce RTX 5060 Ti,42,MuSiQue,5,16,133,multi-hop,32.6032,0.0,0.0,0,1,1,114,370,370,71775027200,71775027200,8.615,0.03
google/gemma-3-1b-it,NVIDIA GeForce RTX 5060 Ti,42,MuSiQue,5,16,134,structural,33.1028,37.9041,0.0,0,0,1,77,333,333,58137772032,58137772032,8.615,0.03
google/gemma-3-1b-it,NVIDIA GeForce RTX 5060 Ti,42,MuSiQue,5,16,135,multi-hop,51.6623,0.0,0.0,0,1,1,123,379,379,75309252608,75309252608,8.615,0.03
google/gemma-3-1b-it,NVIDIA GeForce RTX 5060 Ti,42,MuSiQue,5,16,136,semantic,33.1242,0.0,0.0,0,1,1,120,376,376,74121740288,74121740288,8.615,0.03
google/gemma-3-1b-it,NVIDIA GeForce RTX 5060 Ti,42,MuSiQue,5,16,137,semantic,43.2294,0.0,61.4756,0,1,0,114,370,370,71775027200,71775027200,8.615,0.03
google/gemma-3-1b-it,NVIDIA GeForce RTX 5060 Ti,42,MuSiQue,5,16,138,semantic,68.5282,0.0,41.1784,0,1,0,142,398,398,83049316352,83049316352,8.615,0.03
google/gemma-3-1b-it,NVIDIA GeForce RTX 5060 Ti,42,MuSiQue,5,16,139,multi-hop,37.8206,40.6783,66.6664,0,0,0,77,333,333,58137772032,58137772032,8.615,0.03
google/gemma-3-1b-it,NVIDIA GeForce RTX 5060 Ti,42,MuSiQue,5,16,140,structural,38.3374,0.0,0.0,0,1,1,125,381,381,76106170368,76106170368,8.615,0.03
google/gemma-3-1b-it,NVIDIA GeForce RTX 5060 Ti,42,MuSiQue,5,16,141,semantic,41.0585,0.0,57.4809,0,1,0,88,344,344,62042144768,62042144768,8.615,0.03
google/gemma-3-1b-it,NVIDIA GeForce RTX 5060 Ti,42,MuSiQue,5,16,142,multi-hop,45.61,37.2062,47.7684,0,0,0,53,309,309,50059542528,50059542528,8.615,0.03
google/gemma-3-1b-it,NVIDIA GeForce RTX 5060 Ti,42,MuSiQue,5,16,143,semantic,39.5515,0.0,0.0,0,1,1,115,371,371,72163524608,72163524608,8.615,0.03
google/gemma-3-1b-it,NVIDIA GeForce RTX 5060 Ti,42,MuSiQue,5,16,144,multi-hop,0.0,0.0,45.8628,1,1,0,88,344,344,62042144768,62042144768,8.615,0.03
google/gemma-3-1b-it,NVIDIA GeForce RTX 5060 Ti,42,MuSiQue,5,16,145,multi-hop,58.4365,0.0,0.0,0,1,1,102,358,358,67194847232,67194847232,8.615,0.03
google/gemma-3-1b-it,NVIDIA GeForce RTX 5060 Ti,42,MuSiQue,5,16,146,multi-hop,60.5688,0.0,33.582,0,1,0,20,276,276,39938162688,39938162688,8.615,0.03
google/gemma-3-1b-it,NVIDIA GeForce RTX 5060 Ti,42,MuSiQue,5,16,147,multi-hop,39.1832,0.0,0.0,0,1,1,54,310,310,50384076800,50384076800,8.615,0.03
google/gemma-3-1b-it,NVIDIA GeForce RTX 5060 Ti,42,MuSiQue,5,16,148,multi-hop,63.1785,55.2901,39.7736,0,0,0,118,374,374,73335308288,73335308288,8.615,0.03
google/gemma-3-1b-it,NVIDIA GeForce RTX 5060 Ti,42,MuSiQue,5,16,149,multi-hop,39.1019,38.2158,39.67,0,0,0,57,313,313,51363971072,51363971072,8.615,0.03
google/gemma-3-1b-it,NVIDIA GeForce RTX 5060 Ti,42,MuSiQue,5,16,150,semantic,34.6323,0.0,0.0,0,1,1,110,366,366,70231523328,70231523328,8.615,0.03
google/gemma-3-1b-it,NVIDIA GeForce RTX 5060 Ti,42,MuSiQue,5,16,151,structural,38.3487,49.9,0.0,0,0,1,119,375,375,73728000000,73728000000,8.615,0.03
google/gemma-3-1b-it,NVIDIA GeForce RTX 5060 Ti,42,MuSiQue,5,16,152,structural,42.6234,0.0,0.0,0,1,1,109,365,365,69848268800,69848268800,8.615,0.03
google/gemma-3-1b-it,NVIDIA GeForce RTX 5060 Ti,42,MuSiQue,5,16,153,structural,37.1852,38.3601,0.0,0,0,1,103,359,359,67570761728,67570761728,8.615,0.03
google/gemma-3-1b-it,NVIDIA GeForce RTX 5060 Ti,42,MuSiQue,5,16,154,multi-hop,0.0,72.371,0.0,1,0,1,119,375,375,73728000000,73728000000,8.615,0.03
google/gemma-3-1b-it,NVIDIA GeForce RTX 5060 Ti,42,MuSiQue,5,16,155,multi-hop,0.0,0.0,0.0,1,1,1,68,324,324,55037657088,55037657088,8.615,0.03
google/gemma-3-1b-it,NVIDIA GeForce RTX 5060 Ti,42,MuSiQue,5,16,156,structural,55.4275,54.7865,0.0,0,0,1,104,360,360,67947724800,67947724800,8.615,0.03
google/gemma-3-1b-it,NVIDIA GeForce RTX 5060 Ti,42,MuSiQue,5,16,157,multi-hop,0.0,0.0,0.0,1,1,1,115,371,371,72163524608,72163524608,8.615,0.03
google/gemma-3-1b-it,NVIDIA GeForce RTX 5060 Ti,42,MuSiQue,5,16,158,multi-hop,39.3874,0.0,0.0,0,1,1,5,197,261,20347092992,35715022848,8.615,0.03
google/gemma-3-1b-it,NVIDIA GeForce RTX 5060 Ti,42,MuSiQue,5,16,159,structural,41.1967,53.8378,0.0,0,0,1,86,342,338,61322821632,59896758272,8.615,0.03
google/gemma-3-1b-it,NVIDIA GeForce RTX 5060 Ti,42,MuSiQue,5,16,160,semantic,75.4644,0.0,0.0,0,1,1,3,97,152,4933025792,12113149952,8.615,0.03
google/gemma-3-1b-it,NVIDIA GeForce RTX 5060 Ti,42,MuSiQue,5,16,161,multi-hop,49.7057,0.0,0.0,0,1,1,96,352,352,64961380352,64961380352,8.615,0.03
google/gemma-3-1b-it,NVIDIA GeForce RTX 5060 Ti,42,MuSiQue,5,16,162,multi-hop,55.3395,49.2648,34.6927,0,0,0,39,257,295,34628698112,45626163200,8.615,0.03
google/gemma-3-1b-it,NVIDIA GeForce RTX 5060 Ti,42,MuSiQue,5,16,163,multi-hop,75.6414,46.1449,0.0,0,0,1,53,309,309,50059542528,50059542528,8.615,0.03
google/gemma-3-1b-it,NVIDIA GeForce RTX 5060 Ti,42,MuSiQue,5,16,164,semantic,50.1676,0.0,0.0,0,1,1,53,309,309,50059542528,50059542528,8.615,0.03
google/gemma-3-1b-it,NVIDIA GeForce RTX 5060 Ti,42,MuSiQue,5,16,165,multi-hop,40.9336,0.0,0.0,0,1,1,97,353,353,65331003392,65331003392,8.615,0.03
google/gemma-3-1b-it,NVIDIA GeForce RTX 5060 Ti,42,MuSiQue,5,16,166,multi-hop,44.4709,0.0,51.2557,0,1,0,103,359,359,67570761728,67570761728,8.615,0.03
google/gemma-3-1b-it,NVIDIA GeForce RTX 5060 Ti,42,MuSiQue,5,16,167,multi-hop,32.9454,59.8095,58.5795,0,0,0,35,291,291,44397232128,44397232128,8.615,0.03
google/gemma-3-1b-it,NVIDIA GeForce RTX 5060 Ti,42,MuSiQue,5,16,168,semantic,32.1247,0.0,0.0,0,1,1,111,367,367,70615826432,70615826432,8.615,0.03
google/gemma-3-1b-it,NVIDIA GeForce RTX 5060 Ti,42,MuSiQue,5,16,169,multi-hop,0.0,29.5846,0.0,1,0,1,114,370,370,71775027200,71775027200,8.615,0.03
google/gemma-3-1b-it,NVIDIA GeForce RTX 5060 Ti,42,MuSiQue,5,16,170,multi-hop,35.9757,39.0225,66.449,0,0,0,79,335,335,58838220800,58838220800,8.615,0.03
google/gemma-3-1b-it,NVIDIA GeForce RTX 5060 Ti,42,MuSiQue,5,16,171,multi-hop,32.489,0.0,0.0,0,1,1,43,299,299,46871871488,46871871488,8.615,0.03
google/gemma-3-1b-it,NVIDIA GeForce RTX 5060 Ti,42,MuSiQue,5,16,172,structural,35.2465,44.7124,40.9188,0,0,0,39,257,295,34628698112,45626163200,8.615,0.03
google/gemma-3-1b-it,NVIDIA GeForce RTX 5060 Ti,42,MuSiQue,5,16,173,multi-hop,37.3418,58.0218,60.5335,0,0,0,77,333,333,58137772032,58137772032,8.615,0.03
google/gemma-3-1b-it,NVIDIA GeForce RTX 5060 Ti,42,MuSiQue,5,16,174,semantic,52.7035,0.0,61.4936,0,1,0,124,380,380,75707187200,75707187200,8.615,0.03
google/gemma-3-1b-it,NVIDIA GeForce RTX 5060 Ti,42,MuSiQue,5,16,175,multi-hop,93.677,72.3779,0.0,0,0,1,111,367,367,70615826432,70615826432,8.615,0.03
google/gemma-3-1b-it,NVIDIA GeForce RTX 5060 Ti,42,MuSiQue,5,16,176,multi-hop,38.012,0.0,35.1988,0,1,0,90,346,346,62765662208,62765662208,8.615,0.03
google/gemma-3-1b-it,NVIDIA GeForce RTX 5060 Ti,42,MuSiQue,5,16,177,multi-hop,48.7153,0.0,72.5004,0,1,0,27,283,283,41989701632,41989701632,8.615,0.03
google/gemma-3-1b-it,NVIDIA GeForce RTX 5060 Ti,42,MuSiQue,5,16,178,structural,74.0672,0.0,0.0,0,1,1,143,399,399,83467173888,83467173888,8.615,0.03
google/gemma-3-1b-it,NVIDIA GeForce RTX 5060 Ti,42,MuSiQue,5,16,179,structural,42.9328,47.6278,0.0,0,0,1,30,286,286,42884661248,42884661248,8.615,0.03
google/gemma-3-1b-it,NVIDIA GeForce RTX 5060 Ti,42,MuSiQue,5,16,180,semantic,41.9962,0.0,35.6773,0,1,0,19,275,275,39649280000,39649280000,8.615,0.03
google/gemma-3-1b-it,NVIDIA GeForce RTX 5060 Ti,42,MuSiQue,5,16,181,structural,57.5821,0.0,0.0,0,1,1,90,346,346,62765662208,62765662208,8.615,0.03
google/gemma-3-1b-it,NVIDIA GeForce RTX 5060 Ti,42,MuSiQue,5,16,182,multi-hop,0.0,0.0,0.0,1,1,1,54,310,310,50384076800,50384076800,8.615,0.03
google/gemma-3-1b-it,NVIDIA GeForce RTX 5060 Ti,42,MuSiQue,5,16,183,multi-hop,35.8002,0.0,0.0,0,1,1,110,366,366,70231523328,70231523328,8.615,0.03
google/gemma-3-1b-it,NVIDIA GeForce RTX 5060 Ti,42,MuSiQue,5,16,184,structural,31.9847,0.0,0.0,0,1,1,92,348,348,63493373952,63493373952,8.615,0.03
google/gemma-3-1b-it,NVIDIA GeForce RTX 5060 Ti,42,MuSiQue,5,16,185,multi-hop,41.5664,0.0,45.0453,0,1,0,100,356,356,66446163968,66446163968,8.615,0.03
google/gemma-3-1b-it,NVIDIA GeForce RTX 5060 Ti,42,MuSiQue,5,16,186,semantic,43.0894,0.0,0.0,0,1,1,109,365,365,69848268800,69848268800,8.615,0.03
google/gemma-3-1b-it,NVIDIA GeForce RTX 5060 Ti,42,MuSiQue,5,16,187,multi-hop,52.2017,0.0,0.0,0,1,1,66,322,322,54360276992,54360276992,8.615,0.03
google/gemma-3-1b-it,NVIDIA GeForce RTX 5060 Ti,42,MuSiQue,5,16,188,multi-hop,81.9265,0.0,81.9824,0,1,0,114,370,370,71775027200,71775027200,8.615,0.03
google/gemma-3-1b-it,NVIDIA GeForce RTX 5060 Ti,42,MuSiQue,5,16,189,structural,51.3747,0.0,0.0,0,1,1,111,367,367,70615826432,70615826432,8.615,0.03
google/gemma-3-1b-it,NVIDIA GeForce RTX 5060 Ti,42,MuSiQue,5,16,190,structural,79.1137,49.7585,0.0,0,0,1,34,290,290,44092620800,44092620800,8.615,0.03
google/gemma-3-1b-it,NVIDIA GeForce RTX 5060 Ti,42,MuSiQue,5,16,191,structural,96.1593,75.7527,0.0,0,0,1,39,295,295,45626163200,45626163200,8.615,0.03
google/gemma-3-1b-it,NVIDIA GeForce RTX 5060 Ti,42,MuSiQue,5,16,192,multi-hop,34.6865,0.0,0.0,0,1,1,116,372,372,72553070592,72553070592,8.615,0.03
google/gemma-3-1b-it,NVIDIA GeForce RTX 5060 Ti,42,MuSiQue,5,16,193,semantic,42.8019,0.0,47.5281,0,1,0,71,285,327,42585292800,56061591552,8.615,0.03
google/gemma-3-1b-it,NVIDIA GeForce RTX 5060 Ti,42,MuSiQue,5,16,194,multi-hop,39.8386,57.3741,45.8587,0,0,0,128,384,384,77309411328,77309411328,8.615,0.03
google/gemma-3-1b-it,NVIDIA GeForce RTX 5060 Ti,42,MuSiQue,5,16,195,multi-hop,37.5553,52.074,66.4553,0,0,0,104,360,360,67947724800,67947724800,8.615,0.03
google/gemma-3-1b-it,NVIDIA GeForce RTX 5060 Ti,42,MuSiQue,5,16,196,multi-hop,37.9478,0.0,30.9357,0,1,0,101,357,357,66819981312,66819981312,8.615,0.03
google/gemma-3-1b-it,NVIDIA GeForce RTX 5060 Ti,42,MuSiQue,5,16,197,semantic,80.3265,0.0,0.0,0,1,1,72,328,328,56405000192,56405000192,8.615,0.03
google/gemma-3-1b-it,NVIDIA GeForce RTX 5060 Ti,42,MuSiQue,5,16,198,semantic,0.0,0.0,0.0,1,1,1,91,347,347,63128993792,63128993792,8.615,0.03
google/gemma-3-1b-it,NVIDIA GeForce RTX 5060 Ti,42,MuSiQue,5,16,199,semantic,33.1008,0.0,42.9502,0,1,0,13,269,269,37938003968,37938003968,8.615,0.03
google/gemma-3-1b-it,NVIDIA GeForce RTX 5060 Ti,42,MuSiQue,5,16,200,multi-hop,38.5737,51.3103,0.0,0,0,1,121,377,377,74516529152,74516529152,8.615,0.03
google/gemma-3-1b-it,NVIDIA GeForce RTX 5060 Ti,42,MuSiQue,5,16,201,multi-hop,69.8438,0.0,42.825,0,1,0,102,358,358,67194847232,67194847232,8.615,0.03
google/gemma-3-1b-it,NVIDIA GeForce RTX 5060 Ti,42,MuSiQue,5,16,202,semantic,35.3292,0.0,85.5622,0,1,0,51,307,307,49413619712,49413619712,8.615,0.03
google/gemma-3-1b-it,NVIDIA GeForce RTX 5060 Ti,42,MuSiQue,5,16,203,semantic,57.1496,0.0,0.0,0,1,1,35,291,291,44397232128,44397232128,8.615,0.03
google/gemma-3-1b-it,NVIDIA GeForce RTX 5060 Ti,42,MuSiQue,5,16,204,multi-hop,44.5902,31.4488,0.0,0,0,1,112,368,368,71001178112,71001178112,8.615,0.03
google/gemma-3-1b-it,NVIDIA GeForce RTX 5060 Ti,42,MuSiQue,5,16,205,multi-hop,44.4558,38.8642,49.9222,0,0,0,102,358,358,67194847232,67194847232,8.615,0.03
google/gemma-3-1b-it,NVIDIA GeForce RTX 5060 Ti,42,MuSiQue,5,16,206,multi-hop,40.1188,0.0,0.0,0,1,1,99,355,355,66073395200,66073395200,8.615,0.03
google/gemma-3-1b-it,NVIDIA GeForce RTX 5060 Ti,42,MuSiQue,5,16,207,multi-hop,67.9939,0.0,37.093,0,1,0,91,347,347,63128993792,63128993792,8.615,0.03
google/gemma-3-1b-it,NVIDIA GeForce RTX 5060 Ti,42,MuSiQue,5,16,208,semantic,51.3873,0.0,49.5638,0,1,0,120,376,376,74121740288,74121740288,8.615,0.03
google/gemma-3-1b-it,NVIDIA GeForce RTX 5060 Ti,42,MuSiQue,5,16,209,semantic,40.288,0.0,99.7262,0,1,0,61,317,317,52685176832,52685176832,8.615,0.03
google/gemma-3-1b-it,NVIDIA GeForce RTX 5060 Ti,42,MuSiQue,5,16,210,multi-hop,71.0916,0.0,0.0,0,1,1,110,366,366,70231523328,70231523328,8.615,0.03
google/gemma-3-1b-it,NVIDIA GeForce RTX 5060 Ti,42,MuSiQue,5,16,211,multi-hop,33.2542,64.2217,71.8565,0,0,0,48,304,304,48452599808,48452599808,8.615,0.03
google/gemma-3-1b-it,NVIDIA GeForce RTX 5060 Ti,42,MuSiQue,5,16,212,semantic,45.5306,0.0,53.6125,0,1,0,103,359,345,67570761728,62403379200,8.615,0.03
google/gemma-3-1b-it,NVIDIA GeForce RTX 5060 Ti,42,MuSiQue,5,16,213,structural,43.9148,34.3586,48.4336,0,0,0,96,352,352,64961380352,64961380352,8.615,0.03
google/gemma-3-1b-it,NVIDIA GeForce RTX 5060 Ti,42,MuSiQue,5,16,214,multi-hop,74.2387,0.0,0.0,0,1,1,46,302,302,47817162752,47817162752,8.615,0.03
google/gemma-3-1b-it,NVIDIA GeForce RTX 5060 Ti,42,MuSiQue,5,16,215,multi-hop,59.7169,55.5483,41.0479,0,0,0,2,12,12,75497472,75497472,8.615,0.03
google/gemma-3-1b-it,NVIDIA GeForce RTX 5060 Ti,42,MuSiQue,5,16,216,multi-hop,40.7193,0.0,28.0201,0,1,0,77,333,333,58137772032,58137772032,8.615,0.03
google/gemma-3-1b-it,NVIDIA GeForce RTX 5060 Ti,42,MuSiQue,5,16,217,semantic,62.6734,0.0,0.0,0,1,1,94,350,350,64225280000,64225280000,8.615,0.03
google/gemma-3-1b-it,NVIDIA GeForce RTX 5060 Ti,42,MuSiQue,5,16,218,semantic,35.2439,0.0,0.0,0,1,1,92,348,348,63493373952,63493373952,8.615,0.03
google/gemma-3-1b-it,NVIDIA GeForce RTX 5060 Ti,42,MuSiQue,5,16,219,structural,39.3664,62.2626,34.8107,0,0,0,121,377,377,74516529152,74516529152,8.615,0.03
google/gemma-3-1b-it,NVIDIA GeForce RTX 5060 Ti,42,MuSiQue,5,16,220,multi-hop,0.0,0.0,0.0,1,1,1,103,359,359,67570761728,67570761728,8.615,0.03
google/gemma-3-1b-it,NVIDIA GeForce RTX 5060 Ti,42,MuSiQue,5,16,221,semantic,69.9057,0.0,45.8152,0,1,0,57,313,313,51363971072,51363971072,8.615,0.03
google/gemma-3-1b-it,NVIDIA GeForce RTX 5060 Ti,42,MuSiQue,5,16,222,structural,43.5013,70.9312,59.6497,0,0,0,5,73,101,2793930752,5348261888,8.615,0.03
google/gemma-3-1b-it,NVIDIA GeForce RTX 5060 Ti,42,MuSiQue,5,16,223,multi-hop,43.8146,0.0,44.3621,0,1,0,33,289,289,43789058048,43789058048,8.615,0.03
google/gemma-3-1b-it,NVIDIA GeForce RTX 5060 Ti,42,MuSiQue,5,16,224,multi-hop,33.602,0.0,0.0,0,1,1,103,359,359,67570761728,67570761728,8.615,0.03
google/gemma-3-1b-it,NVIDIA GeForce RTX 5060 Ti,42,MuSiQue,5,16,225,structural,36.6073,33.8376,39.5687,0,0,0,115,371,371,72163524608,72163524608,8.615,0.03
google/gemma-3-1b-it,NVIDIA GeForce RTX 5060 Ti,42,MuSiQue,5,16,226,semantic,0.0,0.0,54.082,1,1,0,92,348,348,63493373952,63493373952,8.615,0.03
google/gemma-3-1b-it,NVIDIA GeForce RTX 5060 Ti,42,MuSiQue,5,16,227,semantic,64.4443,0.0,0.0,0,1,1,39,295,295,45626163200,45626163200,8.615,0.03
google/gemma-3-1b-it,NVIDIA GeForce RTX 5060 Ti,42,MuSiQue,5,16,228,structural,54.0618,0.0,0.0,0,1,1,137,393,393,80975757312,80975757312,8.615,0.03
google/gemma-3-1b-it,NVIDIA GeForce RTX 5060 Ti,42,MuSiQue,5,16,229,multi-hop,43.3535,0.0,88.6996,0,1,0,92,348,348,63493373952,63493373952,8.615,0.03
google/gemma-3-1b-it,NVIDIA GeForce RTX 5060 Ti,42,MuSiQue,5,16,230,structural,85.2625,58.5933,54.9423,0,0,0,105,361,361,68325736448,68325736448,8.615,0.03
google/gemma-3-1b-it,NVIDIA GeForce RTX 5060 Ti,42,MuSiQue,5,16,231,semantic,52.7109,0.0,0.0,0,1,1,103,359,359,67570761728,67570761728,8.615,0.03
google/gemma-3-1b-it,NVIDIA GeForce RTX 5060 Ti,42,MuSiQue,5,16,232,structural,79.623,38.8194,0.0,0,0,1,137,393,393,80975757312,80975757312,8.615,0.03
google/gemma-3-1b-it,NVIDIA GeForce RTX 5060 Ti,42,MuSiQue,5,16,233,structural,48.0545,37.5171,63.8995,0,0,0,39,257,295,34628698112,45626163200,8.615,0.03
google/gemma-3-1b-it,NVIDIA GeForce RTX 5060 Ti,42,MuSiQue,5,16,234,semantic,47.4376,0.0,0.0,0,1,1,87,343,343,61681958912,61681958912,8.615,0.03
google/gemma-3-1b-it,NVIDIA GeForce RTX 5060 Ti,42,MuSiQue,5,16,235,multi-hop,0.0,0.0,0.0,1,1,1,39,295,295,45626163200,45626163200,8.615,0.03
google/gemma-3-1b-it,NVIDIA GeForce RTX 5060 Ti,42,MuSiQue,5,16,236,multi-hop,34.0211,0.0,55.5633,0,1,0,114,370,370,71775027200,71775027200,8.615,0.03
google/gemma-3-1b-it,NVIDIA GeForce RTX 5060 Ti,42,MuSiQue,5,16,237,structural,89.7123,67.566,0.0,0,0,1,111,367,367,70615826432,70615826432,8.615,0.03
google/gemma-3-1b-it,NVIDIA GeForce RTX 5060 Ti,42,MuSiQue,5,16,238,multi-hop,53.1625,0.0,0.0,0,1,1,108,364,364,69466062848,69466062848,8.615,0.03
google/gemma-3-1b-it,NVIDIA GeForce RTX 5060 Ti,42,MuSiQue,5,16,239,structural,58.6318,36.1479,56.0809,0,0,0,96,352,352,64961380352,64961380352,8.615,0.03
google/gemma-3-1b-it,NVIDIA GeForce RTX 5060 Ti,42,MuSiQue,5,16,240,multi-hop,44.7375,0.0,0.0,0,1,1,102,358,304,67194847232,48452599808,8.615,0.03
google/gemma-3-1b-it,NVIDIA GeForce RTX 5060 Ti,42,MuSiQue,5,16,241,multi-hop,47.9464,0.0,80.1952,0,1,0,100,356,356,66446163968,66446163968,8.615,0.03
google/gemma-3-1b-it,NVIDIA GeForce RTX 5060 Ti,42,MuSiQue,5,16,242,multi-hop,35.0927,36.953,0.0,0,0,1,105,361,361,68325736448,68325736448,8.615,0.03
google/gemma-3-1b-it,NVIDIA GeForce RTX 5060 Ti,42,MuSiQue,5,16,243,multi-hop,66.0617,0.0,0.0,0,1,1,108,364,364,69466062848,69466062848,8.615,0.03
google/gemma-3-1b-it,NVIDIA GeForce RTX 5060 Ti,42,MuSiQue,5,16,244,semantic,38.9198,0.0,0.0,0,1,1,77,333,333,58137772032,58137772032,8.615,0.03
google/gemma-3-1b-it,NVIDIA GeForce RTX 5060 Ti,42,MuSiQue,5,16,245,multi-hop,44.8072,45.2075,39.6544,0,0,0,102,358,358,67194847232,67194847232,8.615,0.03
google/gemma-3-1b-it,NVIDIA GeForce RTX 5060 Ti,42,MuSiQue,5,16,246,structural,48.2565,0.0,0.0,0,1,1,113,369,369,71387578368,71387578368,8.615,0.03
google/gemma-3-1b-it,NVIDIA GeForce RTX 5060 Ti,42,MuSiQue,5,16,247,structural,50.2516,0.0,0.0,0,1,1,37,293,293,45009600512,45009600512,8.615,0.03
google/gemma-3-1b-it,NVIDIA GeForce RTX 5060 Ti,42,MuSiQue,5,16,248,semantic,52.1098,34.0082,0.0,0,0,1,16,272,272,38788923392,38788923392,8.615,0.03
google/gemma-3-1b-it,NVIDIA GeForce RTX 5060 Ti,42,MuSiQue,5,16,249,multi-hop,43.068,0.0,52.3711,0,1,0,110,366,366,70231523328,70231523328,8.615,0.03
google/gemma-3-1b-it,NVIDIA GeForce RTX 5060 Ti,42,MuSiQue,5,16,250,semantic,68.6831,0.0,0.0,0,1,1,99,355,355,66073395200,66073395200,8.615,0.03
google/gemma-3-1b-it,NVIDIA GeForce RTX 5060 Ti,42,MuSiQue,5,16,251,multi-hop,43.8452,0.0,0.0,0,1,1,112,368,368,71001178112,71001178112,8.615,0.03
google/gemma-3-1b-it,NVIDIA GeForce RTX 5060 Ti,42,MuSiQue,5,16,252,multi-hop,35.6633,0.0,0.0,0,1,1,2,12,12,75497472,75497472,8.615,0.03
google/gemma-3-1b-it,NVIDIA GeForce RTX 5060 Ti,42,MuSiQue,5,16,253,multi-hop,53.5811,49.932,0.0,0,0,1,30,286,286,42884661248,42884661248,8.615,0.03
google/gemma-3-1b-it,NVIDIA GeForce RTX 5060 Ti,42,MuSiQue,5,16,254,multi-hop,35.7641,55.6484,50.0489,0,0,0,20,276,276,39938162688,39938162688,8.615,0.03
google/gemma-3-1b-it,NVIDIA GeForce RTX 5060 Ti,42,MuSiQue,5,16,255,multi-hop,29.9209,62.2876,36.7211,0,0,0,84,340,340,60607692800,60607692800,8.615,0.03
google/gemma-3-1b-it,NVIDIA GeForce RTX 5060 Ti,42,MuSiQue,5,16,256,multi-hop,47.5844,110.0912,0.0,0,0,1,101,357,357,66819981312,66819981312,8.615,0.03
google/gemma-3-1b-it,NVIDIA GeForce RTX 5060 Ti,42,MuSiQue,5,16,257,semantic,42.6829,0.0,95.6991,0,1,0,9,265,265,36818124800,36818124800,8.615,0.03
google/gemma-3-1b-it,NVIDIA GeForce RTX 5060 Ti,42,MuSiQue,5,16,258,multi-hop,32.4007,0.0,45.4564,0,1,0,33,289,289,43789058048,43789058048,8.615,0.03
google/gemma-3-1b-it,NVIDIA GeForce RTX 5060 Ti,42,MuSiQue,5,16,259,multi-hop,90.3016,0.0,0.0,0,1,1,132,388,388,78928412672,78928412672,8.615,0.03
google/gemma-3-1b-it,NVIDIA GeForce RTX 5060 Ti,42,MuSiQue,5,16,260,structural,50.8304,0.0,0.0,0,1,1,100,356,356,66446163968,66446163968,8.615,0.03
google/gemma-3-1b-it,NVIDIA GeForce RTX 5060 Ti,42,MuSiQue,5,16,261,semantic,39.578,0.0,31.7333,0,1,0,141,397,397,82632507392,82632507392,8.615,0.03
google/gemma-3-1b-it,NVIDIA GeForce RTX 5060 Ti,42,MuSiQue,5,16,262,multi-hop,37.6032,72.7702,89.1881,0,0,0,121,377,377,74516529152,74516529152,8.615,0.03
google/gemma-3-1b-it,NVIDIA GeForce RTX 5060 Ti,42,MuSiQue,5,16,263,semantic,46.1107,0.0,0.0,0,1,1,46,302,302,47817162752,47817162752,8.615,0.03
google/gemma-3-1b-it,NVIDIA GeForce RTX 5060 Ti,42,MuSiQue,5,16,264,semantic,52.3906,0.0,0.0,0,1,1,19,275,275,39649280000,39649280000,8.615,0.03
google/gemma-3-1b-it,NVIDIA GeForce RTX 5060 Ti,42,MuSiQue,5,16,265,semantic,57.684,0.0,0.0,0,1,1,92,348,348,63493373952,63493373952,8.615,0.03
google/gemma-3-1b-it,NVIDIA GeForce RTX 5060 Ti,42,MuSiQue,5,16,266,semantic,60.7322,0.0,42.0498,0,1,0,104,360,360,67947724800,67947724800,8.615,0.03
google/gemma-3-1b-it,NVIDIA GeForce RTX 5060 Ti,42,MuSiQue,5,16,267,structural,39.8215,43.3661,46.6314,0,0,0,60,316,316,52353302528,52353302528,8.615,0.03
google/gemma-3-1b-it,NVIDIA GeForce RTX 5060 Ti,42,MuSiQue,5,16,268,structural,68.8375,39.1515,65.0791,0,0,0,104,360,360,67947724800,67947724800,8.615,0.03
google/gemma-3-1b-it,NVIDIA GeForce RTX 5060 Ti,42,MuSiQue,5,16,269,semantic,46.5337,0.0,0.0,0,1,1,116,372,372,72553070592,72553070592,8.615,0.03
google/gemma-3-1b-it,NVIDIA GeForce RTX 5060 Ti,42,MuSiQue,5,16,270,multi-hop,54.292,0.0,68.236,0,1,0,99,355,355,66073395200,66073395200,8.615,0.03
google/gemma-3-1b-it,NVIDIA GeForce RTX 5060 Ti,42,MuSiQue,5,16,271,multi-hop,63.2883,0.0,0.0,0,1,1,103,359,359,67570761728,67570761728,8.615,0.03
google/gemma-3-1b-it,NVIDIA GeForce RTX 5060 Ti,42,MuSiQue,5,16,272,semantic,37.4378,0.0,80.0857,0,1,0,86,342,342,61322821632,61322821632,8.615,0.03
google/gemma-3-1b-it,NVIDIA GeForce RTX 5060 Ti,42,MuSiQue,5,16,273,multi-hop,62.0204,58.876,94.361,0,0,0,60,316,316,52353302528,52353302528,8.615,0.03
google/gemma-3-1b-it,NVIDIA GeForce RTX 5060 Ti,42,MuSiQue,5,16,274,multi-hop,48.8168,36.4044,43.6789,0,0,0,106,358,290,67194847232,44092620800,8.615,0.03
google/gemma-3-1b-it,NVIDIA GeForce RTX 5060 Ti,42,MuSiQue,5,16,275,multi-hop,75.9796,0.0,34.8304,0,1,0,103,359,359,67570761728,67570761728,8.615,0.03
google/gemma-3-1b-it,NVIDIA GeForce RTX 5060 Ti,42,MuSiQue,5,16,276,multi-hop,57.2916,0.0,86.7125,0,1,0,87,343,343,61681958912,61681958912,8.615,0.03
google/gemma-3-1b-it,NVIDIA GeForce RTX 5060 Ti,42,MuSiQue,5,16,277,structural,66.878,0.0,0.0,0,1,1,67,323,323,54698442752,54698442752,8.615,0.03
google/gemma-3-1b-it,NVIDIA GeForce RTX 5060 Ti,42,MuSiQue,5,16,278,multi-hop,63.6878,52.2095,45.6473,0,0,0,88,344,344,62042144768,62042144768,8.615,0.03
google/gemma-3-1b-it,NVIDIA GeForce RTX 5060 Ti,42,MuSiQue,5,16,279,structural,54.8252,36.6145,47.1374,0,0,0,119,375,375,73728000000,73728000000,8.615,0.03
google/gemma-3-1b-it,NVIDIA GeForce RTX 5060 Ti,42,MuSiQue,5,16,280,multi-hop,71.5291,48.352,75.0038,0,0,0,103,359,359,67570761728,67570761728,8.615,0.03
google/gemma-3-1b-it,NVIDIA GeForce RTX 5060 Ti,42,MuSiQue,5,16,281,semantic,73.3319,0.0,0.0,0,1,1,72,328,328,56405000192,56405000192,8.615,0.03
google/gemma-3-1b-it,NVIDIA GeForce RTX 5060 Ti,42,MuSiQue,5,16,282,semantic,33.9266,0.0,0.0,0,1,1,4,260,260,35441868800,35441868800,8.615,0.03
google/gemma-3-1b-it,NVIDIA GeForce RTX 5060 Ti,42,MuSiQue,5,16,283,structural,60.2762,38.2878,47.3264,0,0,0,72,328,328,56405000192,56405000192,8.615,0.03
google/gemma-3-1b-it,NVIDIA GeForce RTX 5060 Ti,42,MuSiQue,5,16,284,multi-hop,46.2608,55.2989,60.4263,0,0,0,88,344,344,62042144768,62042144768,8.615,0.03
google/gemma-3-1b-it,NVIDIA GeForce RTX 5060 Ti,42,MuSiQue,5,16,285,structural,77.33,55.5573,0.0,0,0,1,103,359,359,67570761728,67570761728,8.615,0.03
google/gemma-3-1b-it,NVIDIA GeForce RTX 5060 Ti,42,MuSiQue,5,16,286,multi-hop,71.9907,0.0,69.3837,0,1,0,111,367,367,70615826432,70615826432,8.615,0.03
google/gemma-3-1b-it,NVIDIA GeForce RTX 5060 Ti,42,MuSiQue,5,16,287,structural,38.8884,42.5739,35.8533,0,0,0,93,349,349,63858802688,63858802688,8.615,0.03
google/gemma-3-1b-it,NVIDIA GeForce RTX 5060 Ti,42,MuSiQue,5,16,288,multi-hop,36.8606,0.0,0.0,0,1,1,110,366,366,70231523328,70231523328,8.615,0.03
google/gemma-3-1b-it,NVIDIA GeForce RTX 5060 Ti,42,MuSiQue,5,16,289,multi-hop,90.1049,0.0,0.0,0,1,1,62,318,318,53018099712,53018099712,8.615,0.03
google/gemma-3-1b-it,NVIDIA GeForce RTX 5060 Ti,42,MuSiQue,5,16,290,semantic,82.3772,0.0,0.0,0,1,1,115,371,371,72163524608,72163524608,8.615,0.03
google/gemma-3-1b-it,NVIDIA GeForce RTX 5060 Ti,42,MuSiQue,5,16,291,multi-hop,89.715,38.1385,0.0,0,0,1,7,263,263,36264476672,36264476672,8.615,0.03
google/gemma-3-1b-it,NVIDIA GeForce RTX 5060 Ti,42,MuSiQue,5,16,292,multi-hop,39.1251,0.0,47.6489,0,1,0,86,342,342,61322821632,61322821632,8.615,0.03
google/gemma-3-1b-it,NVIDIA GeForce RTX 5060 Ti,42,MuSiQue,5,16,293,multi-hop,0.0,54.9311,0.0,1,0,1,96,352,352,64961380352,64961380352,8.615,0.03
google/gemma-3-1b-it,NVIDIA GeForce RTX 5060 Ti,42,MuSiQue,5,16,294,multi-hop,38.6907,63.7399,99.9353,0,0,0,111,367,367,70615826432,70615826432,8.615,0.03
google/gemma-3-1b-it,NVIDIA GeForce RTX 5060 Ti,42,MuSiQue,5,16,295,semantic,32.2346,0.0,74.2474,0,1,0,105,361,361,68325736448,68325736448,8.615,0.03
google/gemma-3-1b-it,NVIDIA GeForce RTX 5060 Ti,42,MuSiQue,5,16,296,multi-hop,41.0569,43.2565,36.2704,0,0,0,148,404,404,85572190208,85572190208,8.615,0.03
google/gemma-3-1b-it,NVIDIA GeForce RTX 5060 Ti,42,MuSiQue,5,16,297,multi-hop,39.1627,39.492,48.9868,0,0,0,77,333,333,58137772032,58137772032,8.615,0.03
google/gemma-3-1b-it,NVIDIA GeForce RTX 5060 Ti,42,MuSiQue,5,16,298,structural,66.0018,47.5608,0.0,0,0,1,94,350,350,64225280000,64225280000,8.615,0.03
google/gemma-3-1b-it,NVIDIA GeForce RTX 5060 Ti,42,MuSiQue,5,16,299,semantic,45.6591,0.0,0.0,0,1,1,65,321,321,54023159808,54023159808,8.615,0.03
google/gemma-3-1b-it,NVIDIA GeForce RTX 5060 Ti,42,MuSiQue,5,16,300,multi-hop,57.4094,0.0,0.0,0,1,1,120,376,376,74121740288,74121740288,8.615,0.03
google/gemma-3-1b-it,NVIDIA GeForce RTX 5060 Ti,42,MuSiQue,5,16,301,multi-hop,45.6078,71.88,71.9272,0,0,0,131,387,387,78522089472,78522089472,8.615,0.03
google/gemma-3-1b-it,NVIDIA GeForce RTX 5060 Ti,42,MuSiQue,5,16,302,structural,87.2325,45.9977,0.0,0,0,1,88,344,344,62042144768,62042144768,8.615,0.03
google/gemma-3-1b-it,NVIDIA GeForce RTX 5060 Ti,42,MuSiQue,5,16,303,semantic,61.5039,0.0,0.0,0,1,1,132,388,388,78928412672,78928412672,8.615,0.03
google/gemma-3-1b-it,NVIDIA GeForce RTX 5060 Ti,42,MuSiQue,5,16,304,multi-hop,65.0586,0.0,77.6844,0,1,0,88,344,344,62042144768,62042144768,8.615,0.03
google/gemma-3-1b-it,NVIDIA GeForce RTX 5060 Ti,42,MuSiQue,5,16,305,multi-hop,48.0867,0.0,48.3462,0,1,0,101,357,357,66819981312,66819981312,8.615,0.03
google/gemma-3-1b-it,NVIDIA GeForce RTX 5060 Ti,42,MuSiQue,5,16,306,semantic,64.1681,0.0,92.3346,0,1,0,121,377,377,74516529152,74516529152,8.615,0.03
google/gemma-3-1b-it,NVIDIA GeForce RTX 5060 Ti,42,MuSiQue,5,16,307,semantic,79.4071,0.0,114.6856,0,1,0,91,347,347,63128993792,63128993792,8.615,0.03
google/gemma-3-1b-it,NVIDIA GeForce RTX 5060 Ti,42,MuSiQue,5,16,308,multi-hop,65.2315,103.9743,47.0867,0,0,0,43,299,299,46871871488,46871871488,8.615,0.03
google/gemma-3-1b-it,NVIDIA GeForce RTX 5060 Ti,42,MuSiQue,5,16,309,multi-hop,56.8463,0.0,0.0,0,1,1,101,357,357,66819981312,66819981312,8.615,0.03
google/gemma-3-1b-it,NVIDIA GeForce RTX 5060 Ti,42,MuSiQue,5,16,310,structural,64.6082,60.2028,0.0,0,0,1,96,352,352,64961380352,64961380352,8.615,0.03
google/gemma-3-1b-it,NVIDIA GeForce RTX 5060 Ti,42,MuSiQue,5,16,311,multi-hop,46.5206,73.2192,0.0,0,0,1,111,367,367,70615826432,70615826432,8.615,0.03
google/gemma-3-1b-it,NVIDIA GeForce RTX 5060 Ti,42,MuSiQue,5,16,312,multi-hop,39.0085,36.3875,42.7184,0,0,0,13,269,269,37938003968,37938003968,8.615,0.03
google/gemma-3-1b-it,NVIDIA GeForce RTX 5060 Ti,42,MuSiQue,5,16,313,structural,45.9175,69.1799,54.9648,0,0,0,110,366,366,70231523328,70231523328,8.615,0.03
google/gemma-3-1b-it,NVIDIA GeForce RTX 5060 Ti,42,MuSiQue,5,16,314,structural,75.3615,56.946,70.7438,0,0,0,46,302,302,47817162752,47817162752,8.615,0.03
google/gemma-3-1b-it,NVIDIA GeForce RTX 5060 Ti,42,MuSiQue,5,16,315,multi-hop,62.9104,44.3259,43.6097,0,0,0,12,268,268,37656461312,37656461312,8.615,0.03
google/gemma-3-1b-it,NVIDIA GeForce RTX 5060 Ti,42,MuSiQue,5,16,316,semantic,37.6451,0.0,0.0,0,1,1,5,261,261,35715022848,35715022848,8.615,0.03
google/gemma-3-1b-it,NVIDIA GeForce RTX 5060 Ti,42,MuSiQue,5,16,317,multi-hop,45.2667,0.0,43.7837,0,1,0,101,357,357,66819981312,66819981312,8.615,0.03
google/gemma-3-1b-it,NVIDIA GeForce RTX 5060 Ti,42,MuSiQue,5,16,318,multi-hop,49.0584,54.5464,62.8815,0,0,0,124,380,380,75707187200,75707187200,8.615,0.03
google/gemma-3-1b-it,NVIDIA GeForce RTX 5060 Ti,42,MuSiQue,5,16,319,semantic,45.4696,0.0,0.0,0,1,1,106,362,362,68704796672,68704796672,8.615,0.03
google/gemma-3-1b-it,NVIDIA GeForce RTX 5060 Ti,42,MuSiQue,5,16,320,multi-hop,84.5181,0.0,57.1838,0,1,0,103,359,359,67570761728,67570761728,8.615,0.03
google/gemma-3-1b-it,NVIDIA GeForce RTX 5060 Ti,42,MuSiQue,5,16,321,multi-hop,39.6511,60.8257,0.0,0,0,1,104,360,360,67947724800,67947724800,8.615,0.03
google/gemma-3-1b-it,NVIDIA GeForce RTX 5060 Ti,42,MuSiQue,5,16,322,multi-hop,67.3181,41.9516,0.0,0,0,1,111,367,367,70615826432,70615826432,8.615,0.03
google/gemma-3-1b-it,NVIDIA GeForce RTX 5060 Ti,42,MuSiQue,5,16,323,structural,0.0,70.694,52.1393,1,0,0,129,385,385,77712588800,77712588800,8.615,0.03
google/gemma-3-1b-it,NVIDIA GeForce RTX 5060 Ti,42,MuSiQue,5,16,324,semantic,36.47,0.0,0.0,0,1,1,112,368,368,71001178112,71001178112,8.615,0.03
google/gemma-3-1b-it,NVIDIA GeForce RTX 5060 Ti,42,MuSiQue,5,16,325,semantic,57.7642,0.0,0.0,0,1,1,119,375,375,73728000000,73728000000,8.615,0.03
google/gemma-3-1b-it,NVIDIA GeForce RTX 5060 Ti,42,MuSiQue,5,16,326,multi-hop,49.4489,0.0,80.8053,0,1,0,71,285,327,42585292800,56061591552,8.615,0.03
google/gemma-3-1b-it,NVIDIA GeForce RTX 5060 Ti,42,MuSiQue,5,16,327,structural,52.4087,0.0,41.5266,0,1,0,121,377,377,74516529152,74516529152,8.615,0.03
google/gemma-3-1b-it,NVIDIA GeForce RTX 5060 Ti,42,MuSiQue,5,16,328,multi-hop,55.5885,0.0,33.4724,0,1,0,40,296,296,45936017408,45936017408,8.615,0.03
google/gemma-3-1b-it,NVIDIA GeForce RTX 5060 Ti,42,MuSiQue,5,16,329,multi-hop,52.9841,31.2885,0.0,0,0,1,20,276,276,39938162688,39938162688,8.615,0.03
google/gemma-3-1b-it,NVIDIA GeForce RTX 5060 Ti,42,MuSiQue,5,16,330,structural,65.1363,53.6564,37.2934,0,0,0,96,352,352,64961380352,64961380352,8.615,0.03
google/gemma-3-1b-it,NVIDIA GeForce RTX 5060 Ti,42,MuSiQue,5,16,331,multi-hop,38.6337,0.0,68.9019,0,1,0,104,360,360,67947724800,67947724800,8.615,0.03
google/gemma-3-1b-it,NVIDIA GeForce RTX 5060 Ti,42,MuSiQue,5,16,332,multi-hop,41.7059,34.8901,37.7691,0,0,0,73,329,329,56749457408,56749457408,8.615,0.03
google/gemma-3-1b-it,NVIDIA GeForce RTX 5060 Ti,42,MuSiQue,5,16,333,semantic,41.3088,0.0,55.0708,0,1,0,114,370,370,71775027200,71775027200,8.615,0.03
google/gemma-3-1b-it,NVIDIA GeForce RTX 5060 Ti,42,MuSiQue,5,16,334,semantic,60.6909,0.0,0.0,0,1,1,170,426,426,95145689088,95145689088,8.615,0.03
google/gemma-3-1b-it,NVIDIA GeForce RTX 5060 Ti,42,MuSiQue,5,16,335,multi-hop,43.5376,91.9305,64.0643,0,0,0,14,270,270,38220595200,38220595200,8.615,0.03
google/gemma-3-1b-it,NVIDIA GeForce RTX 5060 Ti,42,MuSiQue,5,16,336,multi-hop,51.6636,0.0,0.0,0,1,1,118,374,351,73335308288,64592805888,8.615,0.03
google/gemma-3-1b-it,NVIDIA GeForce RTX 5060 Ti,42,MuSiQue,5,16,337,structural,67.4781,54.3453,0.0,0,0,1,4,260,260,35441868800,35441868800,8.615,0.03
google/gemma-3-1b-it,NVIDIA GeForce RTX 5060 Ti,42,MuSiQue,5,16,338,multi-hop,86.5132,0.0,0.0,0,1,1,87,343,343,61681958912,61681958912,8.615,0.03
google/gemma-3-1b-it,NVIDIA GeForce RTX 5060 Ti,42,MuSiQue,5,16,339,multi-hop,45.631,0.0,0.0,0,1,1,114,370,370,71775027200,71775027200,8.615,0.03
google/gemma-3-1b-it,NVIDIA GeForce RTX 5060 Ti,42,MuSiQue,5,16,340,semantic,55.0322,0.0,62.0191,0,1,0,26,282,282,41693478912,41693478912,8.615,0.03
google/gemma-3-1b-it,NVIDIA GeForce RTX 5060 Ti,42,MuSiQue,5,16,341,semantic,0.0,0.0,40.6474,1,1,0,25,281,281,41398304768,41398304768,8.615,0.03
google/gemma-3-1b-it,NVIDIA GeForce RTX 5060 Ti,42,MuSiQue,5,16,342,multi-hop,38.2769,0.0,47.0008,0,1,0,4,260,260,35441868800,35441868800,8.615,0.03
google/gemma-3-1b-it,NVIDIA GeForce RTX 5060 Ti,42,MuSiQue,5,16,343,structural,45.446,84.8616,0.0,0,0,1,110,366,366,70231523328,70231523328,8.615,0.03
google/gemma-3-1b-it,NVIDIA GeForce RTX 5060 Ti,42,MuSiQue,5,16,344,multi-hop,42.5407,41.7658,37.0543,0,0,0,2,12,12,75497472,75497472,8.615,0.03
google/gemma-3-1b-it,NVIDIA GeForce RTX 5060 Ti,42,MuSiQue,5,16,345,semantic,60.2525,0.0,0.0,0,1,1,115,371,371,72163524608,72163524608,8.615,0.03
google/gemma-3-1b-it,NVIDIA GeForce RTX 5060 Ti,42,MuSiQue,5,16,346,semantic,45.7415,0.0,0.0,0,1,1,115,371,371,72163524608,72163524608,8.615,0.03
google/gemma-3-1b-it,NVIDIA GeForce RTX 5060 Ti,42,MuSiQue,5,16,347,structural,39.9441,36.7441,41.43,0,0,0,92,348,348,63493373952,63493373952,8.615,0.03
google/gemma-3-1b-it,NVIDIA GeForce RTX 5060 Ti,42,MuSiQue,5,16,348,structural,32.6692,48.9626,43.2271,0,0,0,89,345,345,62403379200,62403379200,8.615,0.03
google/gemma-3-1b-it,NVIDIA GeForce RTX 5060 Ti,42,MuSiQue,5,16,349,semantic,0.0,0.0,0.0,1,1,1,115,371,371,72163524608,72163524608,8.615,0.03
google/gemma-3-1b-it,NVIDIA GeForce RTX 5060 Ti,42,MuSiQue,5,16,350,semantic,95.5721,0.0,0.0,0,1,1,100,356,356,66446163968,66446163968,8.615,0.03
google/gemma-3-1b-it,NVIDIA GeForce RTX 5060 Ti,42,MuSiQue,5,16,351,multi-hop,38.5913,79.8216,72.4304,0,0,0,110,366,366,70231523328,70231523328,8.615,0.03
google/gemma-3-1b-it,NVIDIA GeForce RTX 5060 Ti,42,MuSiQue,5,16,352,structural,36.7097,0.0,0.0,0,1,1,90,346,346,62765662208,62765662208,8.615,0.03
google/gemma-3-1b-it,NVIDIA GeForce RTX 5060 Ti,42,MuSiQue,5,16,353,semantic,30.8124,0.0,0.0,0,1,1,72,328,328,56405000192,56405000192,8.615,0.03
google/gemma-3-1b-it,NVIDIA GeForce RTX 5060 Ti,42,MuSiQue,5,16,354,semantic,46.7346,0.0,86.0607,0,1,0,33,289,289,43789058048,43789058048,8.615,0.03
google/gemma-3-1b-it,NVIDIA GeForce RTX 5060 Ti,42,MuSiQue,5,16,355,semantic,39.8324,0.0,0.0,0,1,1,99,355,355,66073395200,66073395200,8.615,0.03
google/gemma-3-1b-it,NVIDIA GeForce RTX 5060 Ti,42,MuSiQue,5,16,356,multi-hop,57.8462,34.5866,33.2691,0,0,0,123,379,379,75309252608,75309252608,8.615,0.03
google/gemma-3-1b-it,NVIDIA GeForce RTX 5060 Ti,42,MuSiQue,5,16,357,structural,29.0115,0.0,0.0,0,1,1,95,351,351,64592805888,64592805888,8.615,0.03
google/gemma-3-1b-it,NVIDIA GeForce RTX 5060 Ti,42,MuSiQue,5,16,358,multi-hop,46.8822,50.5851,70.6814,0,0,0,102,358,358,67194847232,67194847232,8.615,0.03
google/gemma-3-1b-it,NVIDIA GeForce RTX 5060 Ti,42,MuSiQue,5,16,359,structural,31.8477,32.3313,56.5859,0,0,0,107,363,363,69084905472,69084905472,8.615,0.03
google/gemma-3-1b-it,NVIDIA GeForce RTX 5060 Ti,42,MuSiQue,5,16,360,structural,53.861,48.5913,0.0,0,0,1,57,249,313,32506380288,51363971072,8.615,0.03
google/gemma-3-1b-it,NVIDIA GeForce RTX 5060 Ti,42,MuSiQue,5,16,361,semantic,63.0452,0.0,0.0,0,1,1,121,377,377,74516529152,74516529152,8.615,0.03
google/gemma-3-1b-it,NVIDIA GeForce RTX 5060 Ti,42,MuSiQue,5,16,362,multi-hop,38.6163,0.0,0.0,0,1,1,110,366,366,70231523328,70231523328,8.615,0.03
google/gemma-3-1b-it,NVIDIA GeForce RTX 5060 Ti,42,MuSiQue,5,16,363,structural,43.2479,71.2151,51.9865,0,0,0,132,388,388,78928412672,78928412672,8.615,0.03
google/gemma-3-1b-it,NVIDIA GeForce RTX 5060 Ti,42,MuSiQue,5,16,364,semantic,48.0717,0.0,0.0,0,1,1,12,265,268,36818124800,37656461312,8.615,0.03
google/gemma-3-1b-it,NVIDIA GeForce RTX 5060 Ti,42,MuSiQue,5,16,365,semantic,46.802,0.0,0.0,0,1,1,109,365,365,69848268800,69848268800,8.615,0.03
google/gemma-3-1b-it,NVIDIA GeForce RTX 5060 Ti,42,MuSiQue,5,16,366,multi-hop,40.1332,75.7092,50.4576,0,0,0,3,82,101,3525312512,5348261888,8.615,0.03
google/gemma-3-1b-it,NVIDIA GeForce RTX 5060 Ti,42,MuSiQue,5,16,367,semantic,72.0703,0.0,38.7701,0,1,0,88,344,344,62042144768,62042144768,8.615,0.03
google/gemma-3-1b-it,NVIDIA GeForce RTX 5060 Ti,42,MuSiQue,5,16,368,semantic,41.4576,0.0,41.7626,0,1,0,15,262,271,35989225472,38504235008,8.615,0.03
google/gemma-3-1b-it,NVIDIA GeForce RTX 5060 Ti,42,MuSiQue,5,16,369,semantic,42.6778,0.0,47.6444,0,1,0,97,353,353,65331003392,65331003392,8.615,0.03
google/gemma-3-1b-it,NVIDIA GeForce RTX 5060 Ti,42,MuSiQue,5,16,370,multi-hop,50.914,0.0,0.0,0,1,1,101,357,357,66819981312,66819981312,8.615,0.03
google/gemma-3-1b-it,NVIDIA GeForce RTX 5060 Ti,42,MuSiQue,5,16,371,semantic,50.4474,0.0,34.9757,0,1,0,84,340,340,60607692800,60607692800,8.615,0.03
google/gemma-3-1b-it,NVIDIA GeForce RTX 5060 Ti,42,MuSiQue,5,16,372,multi-hop,36.5973,0.0,72.8795,0,1,0,114,370,370,71775027200,71775027200,8.615,0.03
google/gemma-3-1b-it,NVIDIA GeForce RTX 5060 Ti,42,MuSiQue,5,16,373,multi-hop,50.7491,0.0,98.924,0,1,0,112,368,368,71001178112,71001178112,8.615,0.03
google/gemma-3-1b-it,NVIDIA GeForce RTX 5060 Ti,42,MuSiQue,5,16,374,structural,49.4961,65.342,34.4908,0,0,0,45,301,301,47501017088,47501017088,8.615,0.03
google/gemma-3-1b-it,NVIDIA GeForce RTX 5060 Ti,42,MuSiQue,5,16,375,structural,44.1363,47.761,43.6224,0,0,0,39,257,295,34628698112,45626163200,8.615,0.03
google/gemma-3-1b-it,NVIDIA GeForce RTX 5060 Ti,42,MuSiQue,5,16,376,multi-hop,59.4065,37.9555,49.4384,0,0,0,109,365,365,69848268800,69848268800,8.615,0.03
google/gemma-3-1b-it,NVIDIA GeForce RTX 5060 Ti,42,MuSiQue,5,16,377,structural,86.0351,54.5432,40.8868,0,0,0,105,361,361,68325736448,68325736448,8.615,0.03
google/gemma-3-1b-it,NVIDIA GeForce RTX 5060 Ti,42,MuSiQue,5,16,378,multi-hop,40.3659,72.5008,52.3034,0,0,0,97,353,353,65331003392,65331003392,8.615,0.03
google/gemma-3-1b-it,NVIDIA GeForce RTX 5060 Ti,42,MuSiQue,5,16,379,structural,53.8257,47.441,0.0,0,0,1,91,347,347,63128993792,63128993792,8.615,0.03
google/gemma-3-1b-it,NVIDIA GeForce RTX 5060 Ti,42,MuSiQue,5,16,380,semantic,61.1932,0.0,0.0,0,1,1,123,379,379,75309252608,75309252608,8.615,0.03
google/gemma-3-1b-it,NVIDIA GeForce RTX 5060 Ti,42,MuSiQue,5,16,381,structural,37.3083,54.5825,0.0,0,0,1,123,379,379,75309252608,75309252608,8.615,0.03
google/gemma-3-1b-it,NVIDIA GeForce RTX 5060 Ti,42,MuSiQue,5,16,382,semantic,39.7021,0.0,0.0,0,1,1,110,366,366,70231523328,70231523328,8.615,0.03
google/gemma-3-1b-it,NVIDIA GeForce RTX 5060 Ti,42,MuSiQue,5,16,383,multi-hop,44.8804,0.0,39.3307,0,1,0,90,346,346,62765662208,62765662208,8.615,0.03
google/gemma-3-1b-it,NVIDIA GeForce RTX 5060 Ti,42,MuSiQue,5,16,384,structural,39.2619,33.9949,48.3466,0,0,0,71,285,327,42585292800,56061591552,8.615,0.03
google/gemma-3-1b-it,NVIDIA GeForce RTX 5060 Ti,42,MuSiQue,5,16,385,multi-hop,49.7703,52.3045,41.2396,0,0,0,5,73,101,2793930752,5348261888,8.615,0.03
google/gemma-3-1b-it,NVIDIA GeForce RTX 5060 Ti,42,MuSiQue,5,16,386,semantic,61.5565,0.0,79.3532,0,1,0,114,370,370,71775027200,71775027200,8.615,0.03
google/gemma-3-1b-it,NVIDIA GeForce RTX 5060 Ti,42,MuSiQue,5,16,387,semantic,50.9839,0.0,0.0,0,1,1,95,351,351,64592805888,64592805888,8.615,0.03
google/gemma-3-1b-it,NVIDIA GeForce RTX 5060 Ti,42,MuSiQue,5,16,388,multi-hop,59.4499,0.0,44.9345,0,1,0,98,354,354,65701675008,65701675008,8.615,0.03
google/gemma-3-1b-it,NVIDIA GeForce RTX 5060 Ti,42,MuSiQue,5,16,389,semantic,61.8262,0.0,0.0,0,1,1,92,348,348,63493373952,63493373952,8.615,0.03
google/gemma-3-1b-it,NVIDIA GeForce RTX 5060 Ti,42,MuSiQue,5,16,390,multi-hop,61.9878,0.0,0.0,0,1,1,113,369,351,71387578368,64592805888,8.615,0.03
google/gemma-3-1b-it,NVIDIA GeForce RTX 5060 Ti,42,MuSiQue,5,16,391,multi-hop,30.8768,0.0,0.0,0,1,1,13,45,269,1061683200,37938003968,8.615,0.03
google/gemma-3-1b-it,NVIDIA GeForce RTX 5060 Ti,42,MuSiQue,5,16,392,multi-hop,40.4543,0.0,0.0,0,1,1,45,301,301,47501017088,47501017088,8.615,0.03
google/gemma-3-1b-it,NVIDIA GeForce RTX 5060 Ti,42,MuSiQue,5,16,393,semantic,39.146,0.0,0.0,0,1,1,110,366,366,70231523328,70231523328,8.615,0.03
google/gemma-3-1b-it,NVIDIA GeForce RTX 5060 Ti,42,MuSiQue,5,16,394,multi-hop,45.4252,39.725,62.5417,0,0,0,5,261,261,35715022848,35715022848,8.615,0.03
google/gemma-3-1b-it,NVIDIA GeForce RTX 5060 Ti,42,MuSiQue,5,16,395,multi-hop,65.8381,37.303,34.3117,0,0,0,129,385,385,77712588800,77712588800,8.615,0.03
google/gemma-3-1b-it,NVIDIA GeForce RTX 5060 Ti,42,MuSiQue,5,16,396,multi-hop,35.8332,0.0,0.0,0,1,1,4,260,260,35441868800,35441868800,8.615,0.03
google/gemma-3-1b-it,NVIDIA GeForce RTX 5060 Ti,42,MuSiQue,5,16,397,structural,34.808,62.3551,0.0,0,0,1,116,372,372,72553070592,72553070592,8.615,0.03
google/gemma-3-1b-it,NVIDIA GeForce RTX 5060 Ti,42,MuSiQue,5,16,398,multi-hop,41.4694,94.6465,0.0,0,0,1,101,357,357,66819981312,66819981312,8.615,0.03
google/gemma-3-1b-it,NVIDIA GeForce RTX 5060 Ti,42,MuSiQue,5,16,399,multi-hop,0.0,0.0,0.0,1,1,1,2,258,258,34898706432,34898706432,8.615,0.03
google/gemma-3-1b-it,NVIDIA GeForce RTX 5060 Ti,42,MuSiQue,5,16,400,multi-hop,40.9274,0.0,0.0,0,1,1,62,318,318,53018099712,53018099712,8.615,0.03
google/gemma-3-1b-it,NVIDIA GeForce RTX 5060 Ti,42,MuSiQue,5,16,401,structural,76.8928,53.8164,34.9876,0,0,0,43,299,299,46871871488,46871871488,8.615,0.03
google/gemma-3-1b-it,NVIDIA GeForce RTX 5060 Ti,42,MuSiQue,5,16,402,semantic,41.0935,0.0,0.0,0,1,1,89,345,345,62403379200,62403379200,8.615,0.03
google/gemma-3-1b-it,NVIDIA GeForce RTX 5060 Ti,42,MuSiQue,5,16,403,multi-hop,38.5653,49.2897,89.1865,0,0,0,115,371,371,72163524608,72163524608,8.615,0.03
google/gemma-3-1b-it,NVIDIA GeForce RTX 5060 Ti,42,MuSiQue,5,16,404,semantic,66.6866,0.0,37.6991,0,1,0,23,279,279,40811102208,40811102208,8.615,0.03
google/gemma-3-1b-it,NVIDIA GeForce RTX 5060 Ti,42,MuSiQue,5,16,405,structural,76.0459,62.1042,94.0222,0,0,0,20,276,276,39938162688,39938162688,8.615,0.03
google/gemma-3-1b-it,NVIDIA GeForce RTX 5060 Ti,42,MuSiQue,5,16,406,semantic,55.6293,0.0,0.0,0,1,1,108,364,364,69466062848,69466062848,8.615,0.03
google/gemma-3-1b-it,NVIDIA GeForce RTX 5060 Ti,42,MuSiQue,5,16,407,multi-hop,44.903,54.8613,0.0,0,0,1,121,377,377,74516529152,74516529152,8.615,0.03
google/gemma-3-1b-it,NVIDIA GeForce RTX 5060 Ti,42,MuSiQue,5,16,408,multi-hop,41.236,0.0,0.0,0,1,1,121,377,377,74516529152,74516529152,8.615,0.03
google/gemma-3-1b-it,NVIDIA GeForce RTX 5060 Ti,42,MuSiQue,5,16,409,semantic,54.2188,0.0,56.0735,0,1,0,58,314,314,51692699648,51692699648,8.615,0.03
google/gemma-3-1b-it,NVIDIA GeForce RTX 5060 Ti,42,MuSiQue,5,16,410,multi-hop,61.4019,0.0,0.0,0,1,1,129,385,385,77712588800,77712588800,8.615,0.03
google/gemma-3-1b-it,NVIDIA GeForce RTX 5060 Ti,42,MuSiQue,5,16,411,structural,71.7301,58.3474,69.9153,0,0,0,19,275,275,39649280000,39649280000,8.615,0.03
google/gemma-3-1b-it,NVIDIA GeForce RTX 5060 Ti,42,MuSiQue,5,16,412,multi-hop,73.4297,0.0,77.0639,0,1,0,136,392,392,80564191232,80564191232,8.615,0.03
google/gemma-3-1b-it,NVIDIA GeForce RTX 5060 Ti,42,MuSiQue,5,16,413,multi-hop,47.2741,0.0,0.0,0,1,1,5,197,261,20347092992,35715022848,8.615,0.03
google/gemma-3-1b-it,NVIDIA GeForce RTX 5060 Ti,42,MuSiQue,5,16,414,multi-hop,36.1195,0.0,44.7087,0,1,0,57,313,313,51363971072,51363971072,8.615,0.03
google/gemma-3-1b-it,NVIDIA GeForce RTX 5060 Ti,42,MuSiQue,5,16,415,semantic,56.6281,0.0,76.9838,0,1,0,109,365,365,69848268800,69848268800,8.615,0.03
google/gemma-3-1b-it,NVIDIA GeForce RTX 5060 Ti,42,MuSiQue,5,16,416,semantic,70.7547,0.0,0.0,0,1,1,12,221,268,25606750208,37656461312,8.615,0.03
google/gemma-3-1b-it,NVIDIA GeForce RTX 5060 Ti,42,MuSiQue,5,16,417,semantic,51.2873,0.0,0.0,0,1,1,106,362,362,68704796672,68704796672,8.615,0.03
google/gemma-3-1b-it,NVIDIA GeForce RTX 5060 Ti,42,MuSiQue,5,16,418,multi-hop,36.7718,0.0,0.0,0,1,1,110,366,366,70231523328,70231523328,8.615,0.03
google/gemma-3-1b-it,NVIDIA GeForce RTX 5060 Ti,42,MuSiQue,5,16,419,multi-hop,86.1118,66.762,53.1416,0,0,0,51,307,307,49413619712,49413619712,8.615,0.03
google/gemma-3-1b-it,NVIDIA GeForce RTX 5060 Ti,42,MuSiQue,5,16,420,structural,45.5054,50.1585,0.0,0,0,1,26,261,282,35715022848,41693478912,8.615,0.03
google/gemma-3-1b-it,NVIDIA GeForce RTX 5060 Ti,42,MuSiQue,5,16,421,multi-hop,93.911,101.3668,52.141,0,0,0,72,328,328,56405000192,56405000192,8.615,0.03
google/gemma-3-1b-it,NVIDIA GeForce RTX 5060 Ti,42,MuSiQue,5,16,422,multi-hop,56.4868,56.7497,38.2466,0,0,0,55,311,311,50709659648,50709659648,8.615,0.03
google/gemma-3-1b-it,NVIDIA GeForce RTX 5060 Ti,42,MuSiQue,5,16,423,semantic,40.2246,0.0,0.0,0,1,1,87,343,343,61681958912,61681958912,8.615,0.03
google/gemma-3-1b-it,NVIDIA GeForce RTX 5060 Ti,42,MuSiQue,5,16,424,structural,48.5839,0.0,0.0,0,1,1,4,260,260,35441868800,35441868800,8.615,0.03
google/gemma-3-1b-it,NVIDIA GeForce RTX 5060 Ti,42,MuSiQue,5,16,425,semantic,68.9914,0.0,69.0962,0,1,0,87,343,343,61681958912,61681958912,8.615,0.03
google/gemma-3-1b-it,NVIDIA GeForce RTX 5060 Ti,42,MuSiQue,5,16,426,multi-hop,56.8366,48.0857,70.9066,0,0,0,79,335,335,58838220800,58838220800,8.615,0.03
google/gemma-3-1b-it,NVIDIA GeForce RTX 5060 Ti,42,MuSiQue,5,16,427,semantic,32.3396,0.0,70.1928,0,1,0,47,303,303,48134356992,48134356992,8.615,0.03
google/gemma-3-1b-it,NVIDIA GeForce RTX 5060 Ti,42,MuSiQue,5,16,428,semantic,56.2737,0.0,0.0,0,1,1,135,391,391,80153673728,80153673728,8.615,0.03
google/gemma-3-1b-it,NVIDIA GeForce RTX 5060 Ti,42,MuSiQue,5,16,429,multi-hop,35.4531,49.5682,80.2281,0,0,0,153,409,409,87703420928,87703420928,8.615,0.03
google/gemma-3-1b-it,NVIDIA GeForce RTX 5060 Ti,42,MuSiQue,5,16,430,semantic,85.9696,0.0,0.0,0,1,1,66,322,322,54360276992,54360276992,8.615,0.03
google/gemma-3-1b-it,NVIDIA GeForce RTX 5060 Ti,42,MuSiQue,5,16,431,multi-hop,61.3055,59.9135,0.0,0,0,1,96,352,352,64961380352,64961380352,8.615,0.03
google/gemma-3-1b-it,NVIDIA GeForce RTX 5060 Ti,42,MuSiQue,5,16,432,structural,74.0232,73.3829,57.5923,0,0,0,111,367,367,70615826432,70615826432,8.615,0.03
google/gemma-3-1b-it,NVIDIA GeForce RTX 5060 Ti,42,MuSiQue,5,16,433,structural,33.0407,44.1388,50.0276,0,0,0,94,350,350,64225280000,64225280000,8.615,0.03
google/gemma-3-1b-it,NVIDIA GeForce RTX 5060 Ti,42,MuSiQue,5,16,434,multi-hop,40.7771,52.0812,0.0,0,0,1,12,268,268,37656461312,37656461312,8.615,0.03
google/gemma-3-1b-it,NVIDIA GeForce RTX 5060 Ti,42,MuSiQue,5,16,435,structural,40.5128,0.0,0.0,0,1,1,121,377,377,74516529152,74516529152,8.615,0.03
google/gemma-3-1b-it,NVIDIA GeForce RTX 5060 Ti,42,MuSiQue,5,16,436,multi-hop,35.0963,0.0,0.0,0,1,1,118,374,374,73335308288,73335308288,8.615,0.03
google/gemma-3-1b-it,NVIDIA GeForce RTX 5060 Ti,42,MuSiQue,5,16,437,multi-hop,37.4826,0.0,42.2155,0,1,0,140,396,396,82216747008,82216747008,8.615,0.03
google/gemma-3-1b-it,NVIDIA GeForce RTX 5060 Ti,42,MuSiQue,5,16,438,multi-hop,41.1618,0.0,0.0,0,1,1,92,348,348,63493373952,63493373952,8.615,0.03
google/gemma-3-1b-it,NVIDIA GeForce RTX 5060 Ti,42,MuSiQue,5,16,439,semantic,61.5245,0.0,0.0,0,1,1,111,367,367,70615826432,70615826432,8.615,0.03
google/gemma-3-1b-it,NVIDIA GeForce RTX 5060 Ti,42,MuSiQue,5,16,440,multi-hop,44.1381,0.0,0.0,0,1,1,93,349,349,63858802688,63858802688,8.615,0.03
google/gemma-3-1b-it,NVIDIA GeForce RTX 5060 Ti,42,MuSiQue,5,16,441,multi-hop,38.0872,0.0,50.4681,0,1,0,84,340,340,60607692800,60607692800,8.615,0.03
google/gemma-3-1b-it,NVIDIA GeForce RTX 5060 Ti,42,MuSiQue,5,16,442,semantic,82.523,0.0,0.0,0,1,1,115,371,371,72163524608,72163524608,8.615,0.03
google/gemma-3-1b-it,NVIDIA GeForce RTX 5060 Ti,42,MuSiQue,5,16,443,structural,41.9497,0.0,0.0,0,1,1,103,359,359,67570761728,67570761728,8.615,0.03
google/gemma-3-1b-it,NVIDIA GeForce RTX 5060 Ti,42,MuSiQue,5,16,444,multi-hop,99.8878,0.0,0.0,0,1,1,78,334,334,58487472128,58487472128,8.615,0.03
google/gemma-3-1b-it,NVIDIA GeForce RTX 5060 Ti,42,MuSiQue,5,16,445,structural,35.3272,49.4794,46.7248,0,0,0,98,354,354,65701675008,65701675008,8.615,0.03
google/gemma-3-1b-it,NVIDIA GeForce RTX 5060 Ti,42,MuSiQue,5,16,446,structural,84.1501,0.0,0.0,0,1,1,116,372,372,72553070592,72553070592,8.615,0.03
google/gemma-3-1b-it,NVIDIA GeForce RTX 5060 Ti,42,MuSiQue,5,16,447,multi-hop,47.5307,37.8122,55.6295,0,0,0,130,386,386,78116814848,78116814848,8.615,0.03
google/gemma-3-1b-it,NVIDIA GeForce RTX 5060 Ti,42,MuSiQue,5,16,448,multi-hop,37.6215,0.0,34.639,0,1,0,93,349,349,63858802688,63858802688,8.615,0.03
google/gemma-3-1b-it,NVIDIA GeForce RTX 5060 Ti,42,MuSiQue,5,16,449,semantic,39.163,0.0,0.0,0,1,1,110,366,366,70231523328,70231523328,8.615,0.03
google/gemma-3-1b-it,NVIDIA GeForce RTX 5060 Ti,42,MuSiQue,5,16,450,structural,47.135,36.0379,0.0,0,0,1,13,269,269,37938003968,37938003968,8.615,0.03
google/gemma-3-1b-it,NVIDIA GeForce RTX 5060 Ti,42,MuSiQue,5,16,451,semantic,41.2823,0.0,37.1858,0,1,0,4,260,260,35441868800,35441868800,8.615,0.03
google/gemma-3-1b-it,NVIDIA GeForce RTX 5060 Ti,42,MuSiQue,5,16,452,structural,69.78,76.1621,0.0,0,0,1,86,342,342,61322821632,61322821632,8.615,0.03
google/gemma-3-1b-it,NVIDIA GeForce RTX 5060 Ti,42,MuSiQue,5,16,453,multi-hop,52.8176,0.0,0.0,0,1,1,111,367,367,70615826432,70615826432,8.615,0.03
google/gemma-3-1b-it,NVIDIA GeForce RTX 5060 Ti,42,MuSiQue,5,16,454,multi-hop,34.3553,33.0415,74.1044,0,0,0,92,348,348,63493373952,63493373952,8.615,0.03
google/gemma-3-1b-it,NVIDIA GeForce RTX 5060 Ti,42,MuSiQue,5,16,455,semantic,31.9687,0.0,0.0,0,1,1,5,197,261,20347092992,35715022848,8.615,0.03
google/gemma-3-1b-it,NVIDIA GeForce RTX 5060 Ti,42,MuSiQue,5,16,456,semantic,44.8189,0.0,0.0,0,1,1,96,352,352,64961380352,64961380352,8.615,0.03
google/gemma-3-1b-it,NVIDIA GeForce RTX 5060 Ti,42,MuSiQue,5,16,457,multi-hop,35.3672,0.0,59.6878,0,1,0,140,396,396,82216747008,82216747008,8.615,0.03
google/gemma-3-1b-it,NVIDIA GeForce RTX 5060 Ti,42,MuSiQue,5,16,458,multi-hop,39.1557,0.0,0.0,0,1,1,78,334,334,58487472128,58487472128,8.615,0.03
google/gemma-3-1b-it,NVIDIA GeForce RTX 5060 Ti,42,MuSiQue,5,16,459,multi-hop,56.9449,0.0,49.74,0,1,0,125,381,381,76106170368,76106170368,8.615,0.03
google/gemma-3-1b-it,NVIDIA GeForce RTX 5060 Ti,42,MuSiQue,5,16,460,structural,34.9334,66.3235,46.227,0,0,0,62,318,318,53018099712,53018099712,8.615,0.03
google/gemma-3-1b-it,NVIDIA GeForce RTX 5060 Ti,42,MuSiQue,5,16,461,semantic,68.4482,0.0,0.0,0,1,1,53,309,309,50059542528,50059542528,8.615,0.03
google/gemma-3-1b-it,NVIDIA GeForce RTX 5060 Ti,42,MuSiQue,5,16,462,structural,64.3538,0.0,0.0,0,1,1,110,366,366,70231523328,70231523328,8.615,0.03
google/gemma-3-1b-it,NVIDIA GeForce RTX 5060 Ti,42,MuSiQue,5,16,463,semantic,60.9543,0.0,0.0,0,1,1,105,361,361,68325736448,68325736448,8.615,0.03
google/gemma-3-1b-it,NVIDIA GeForce RTX 5060 Ti,42,MuSiQue,5,16,464,multi-hop,67.1428,54.923,52.6749,0,0,0,98,354,354,65701675008,65701675008,8.615,0.03
google/gemma-3-1b-it,NVIDIA GeForce RTX 5060 Ti,42,MuSiQue,5,16,465,semantic,44.3646,0.0,44.4319,0,1,0,45,301,301,47501017088,47501017088,8.615,0.03
google/gemma-3-1b-it,NVIDIA GeForce RTX 5060 Ti,42,MuSiQue,5,16,466,semantic,42.775,0.0,0.0,0,1,1,116,372,372,72553070592,72553070592,8.615,0.03
google/gemma-3-1b-it,NVIDIA GeForce RTX 5060 Ti,42,MuSiQue,5,16,467,structural,0.0,0.0,0.0,1,1,1,19,275,275,39649280000,39649280000,8.615,0.03
google/gemma-3-1b-it,NVIDIA GeForce RTX 5060 Ti,42,MuSiQue,5,16,468,structural,58.4195,52.0024,0.0,0,0,1,101,357,357,66819981312,66819981312,8.615,0.03
google/gemma-3-1b-it,NVIDIA GeForce RTX 5060 Ti,42,MuSiQue,5,16,469,multi-hop,58.3206,57.5517,35.5377,0,0,0,88,344,344,62042144768,62042144768,8.615,0.03
google/gemma-3-1b-it,NVIDIA GeForce RTX 5060 Ti,42,MuSiQue,5,16,470,multi-hop,64.045,0.0,0.0,0,1,1,25,281,281,41398304768,41398304768,8.615,0.03
google/gemma-3-1b-it,NVIDIA GeForce RTX 5060 Ti,42,MuSiQue,5,16,471,structural,39.8802,47.4308,0.0,0,0,1,110,366,366,70231523328,70231523328,8.615,0.03
google/gemma-3-1b-it,NVIDIA GeForce RTX 5060 Ti,42,MuSiQue,5,16,472,multi-hop,46.7791,58.9802,34.3922,0,0,0,109,365,365,69848268800,69848268800,8.615,0.03
google/gemma-3-1b-it,NVIDIA GeForce RTX 5060 Ti,42,MuSiQue,5,16,473,semantic,36.4196,0.0,0.0,0,1,1,112,368,368,71001178112,71001178112,8.615,0.03
google/gemma-3-1b-it,NVIDIA GeForce RTX 5060 Ti,42,MuSiQue,5,16,474,multi-hop,64.0153,0.0,50.1791,0,1,0,88,344,344,62042144768,62042144768,8.615,0.03
google/gemma-3-1b-it,NVIDIA GeForce RTX 5060 Ti,42,MuSiQue,5,16,475,multi-hop,50.869,0.0,0.0,0,1,1,129,385,385,77712588800,77712588800,8.615,0.03
google/gemma-3-1b-it,NVIDIA GeForce RTX 5060 Ti,42,MuSiQue,5,16,476,multi-hop,53.549,0.0,0.0,0,1,1,9,265,265,36818124800,36818124800,8.615,0.03
google/gemma-3-1b-it,NVIDIA GeForce RTX 5060 Ti,42,MuSiQue,5,16,477,multi-hop,61.6784,54.7517,0.0,0,0,1,19,275,275,39649280000,39649280000,8.615,0.03
google/gemma-3-1b-it,NVIDIA GeForce RTX 5060 Ti,42,MuSiQue,5,16,478,structural,79.4458,33.4932,36.0182,0,0,0,96,352,352,64961380352,64961380352,8.615,0.03
google/gemma-3-1b-it,NVIDIA GeForce RTX 5060 Ti,42,MuSiQue,5,16,479,structural,30.1181,0.0,0.0,0,1,1,117,373,373,72943665152,72943665152,8.615,0.03
google/gemma-3-1b-it,NVIDIA GeForce RTX 5060 Ti,42,MuSiQue,5,16,480,semantic,53.2705,0.0,66.985,0,1,0,12,221,268,25606750208,37656461312,8.615,0.03
google/gemma-3-1b-it,NVIDIA GeForce RTX 5060 Ti,42,MuSiQue,5,16,481,multi-hop,72.1283,38.5008,63.2711,0,0,0,45,301,301,47501017088,47501017088,8.615,0.03
google/gemma-3-1b-it,NVIDIA GeForce RTX 5060 Ti,42,MuSiQue,5,16,482,structural,50.3986,0.0,0.0,0,1,1,107,363,363,69084905472,69084905472,8.615,0.03
google/gemma-3-1b-it,NVIDIA GeForce RTX 5060 Ti,42,MuSiQue,5,16,483,structural,56.0797,35.9753,37.3308,0,0,0,99,355,355,66073395200,66073395200,8.615,0.03
google/gemma-3-1b-it,NVIDIA GeForce RTX 5060 Ti,42,MuSiQue,5,16,484,multi-hop,44.4796,37.3083,0.0,0,0,1,71,285,327,42585292800,56061591552,8.615,0.03
google/gemma-3-1b-it,NVIDIA GeForce RTX 5060 Ti,42,MuSiQue,5,16,485,multi-hop,56.8923,35.0712,61.3832,0,0,0,100,356,356,66446163968,66446163968,8.615,0.03
google/gemma-3-1b-it,NVIDIA GeForce RTX 5060 Ti,42,MuSiQue,5,16,486,multi-hop,34.7582,0.0,0.0,0,1,1,103,359,359,67570761728,67570761728,8.615,0.03
google/gemma-3-1b-it,NVIDIA GeForce RTX 5060 Ti,42,MuSiQue,5,16,487,semantic,31.1236,0.0,0.0,0,1,1,125,381,381,76106170368,76106170368,8.615,0.03
google/gemma-3-1b-it,NVIDIA GeForce RTX 5060 Ti,42,MuSiQue,5,16,488,multi-hop,64.4175,0.0,0.0,0,1,1,109,365,365,69848268800,69848268800,8.615,0.03
google/gemma-3-1b-it,NVIDIA GeForce RTX 5060 Ti,42,MuSiQue,5,16,489,multi-hop,38.5209,0.0,74.393,0,1,0,67,323,323,54698442752,54698442752,8.615,0.03
google/gemma-3-1b-it,NVIDIA GeForce RTX 5060 Ti,42,MuSiQue,5,16,490,structural,64.3024,60.7175,0.0,0,0,1,87,343,343,61681958912,61681958912,8.615,0.03
google/gemma-3-1b-it,NVIDIA GeForce RTX 5060 Ti,42,MuSiQue,5,16,491,structural,43.2443,0.0,0.0,0,1,1,14,270,270,38220595200,38220595200,8.615,0.03
google/gemma-3-1b-it,NVIDIA GeForce RTX 5060 Ti,42,MuSiQue,5,16,492,structural,36.1558,64.5334,34.9056,0,0,0,96,352,352,64961380352,64961380352,8.615,0.03
google/gemma-3-1b-it,NVIDIA GeForce RTX 5060 Ti,42,MuSiQue,5,16,493,multi-hop,51.948,0.0,57.9079,0,1,0,89,345,345,62403379200,62403379200,8.615,0.03
google/gemma-3-1b-it,NVIDIA GeForce RTX 5060 Ti,42,MuSiQue,5,16,494,multi-hop,70.6543,0.0,0.0,0,1,1,4,260,260,35441868800,35441868800,8.615,0.03
google/gemma-3-1b-it,NVIDIA GeForce RTX 5060 Ti,42,MuSiQue,5,16,495,structural,33.2187,41.7798,32.8692,0,0,0,61,317,317,52685176832,52685176832,8.615,0.03
google/gemma-3-1b-it,NVIDIA GeForce RTX 5060 Ti,42,MuSiQue,5,16,496,structural,59.0955,56.5913,61.5201,0,0,0,110,366,366,70231523328,70231523328,8.615,0.03
google/gemma-3-1b-it,NVIDIA GeForce RTX 5060 Ti,42,MuSiQue,5,16,497,semantic,0.0,0.0,0.0,1,1,1,4,260,260,35441868800,35441868800,8.615,0.03
google/gemma-3-1b-it,NVIDIA GeForce RTX 5060 Ti,42,MuSiQue,5,16,498,multi-hop,67.218,0.0,74.0628,0,1,0,112,368,368,71001178112,71001178112,8.615,0.03
google/gemma-3-1b-it,NVIDIA GeForce RTX 5060 Ti,42,MuSiQue,5,16,499,semantic,58.9084,0.0,53.8613,0,1,0,105,361,361,68325736448,68325736448,8.615,0.03
google/gemma-3-1b-it,NVIDIA GeForce RTX 5060 Ti,42,MuSiQue,5,16,500,structural,42.3728,44.8076,0.0,0,0,1,4,260,260,35441868800,35441868800,8.615,0.03
google/gemma-3-1b-it,NVIDIA GeForce RTX 5060 Ti,42,MuSiQue,5,16,501,multi-hop,65.2857,0.0,0.0,0,1,1,118,374,355,73335308288,66073395200,8.615,0.03
google/gemma-3-1b-it,NVIDIA GeForce RTX 5060 Ti,42,MuSiQue,5,16,502,multi-hop,50.8434,75.0532,70.9651,0,0,0,66,322,322,54360276992,54360276992,8.615,0.03
google/gemma-3-1b-it,NVIDIA GeForce RTX 5060 Ti,42,MuSiQue,5,16,503,structural,47.8582,63.4452,37.6227,0,0,0,5,73,101,2793930752,5348261888,8.615,0.03
google/gemma-3-1b-it,NVIDIA GeForce RTX 5060 Ti,42,MuSiQue,5,16,504,structural,43.3883,34.5247,44.5478,0,0,0,39,295,295,45626163200,45626163200,8.615,0.03
google/gemma-3-1b-it,NVIDIA GeForce RTX 5060 Ti,42,MuSiQue,5,16,505,multi-hop,44.695,36.8647,0.0,0,0,1,101,357,357,66819981312,66819981312,8.615,0.03
google/gemma-3-1b-it,NVIDIA GeForce RTX 5060 Ti,42,MuSiQue,5,16,506,multi-hop,33.9133,0.0,34.2378,0,1,0,12,268,268,37656461312,37656461312,8.615,0.03
google/gemma-3-1b-it,NVIDIA GeForce RTX 5060 Ti,42,MuSiQue,5,16,507,multi-hop,43.2813,0.0,0.0,0,1,1,103,359,359,67570761728,67570761728,8.615,0.03
google/gemma-3-1b-it,NVIDIA GeForce RTX 5060 Ti,42,MuSiQue,5,16,508,structural,87.911,60.7545,34.5235,0,0,0,103,359,359,67570761728,67570761728,8.615,0.03
google/gemma-3-1b-it,NVIDIA GeForce RTX 5060 Ti,42,MuSiQue,5,16,509,structural,34.6507,48.5446,0.0,0,0,1,26,261,282,35715022848,41693478912,8.615,0.03
google/gemma-3-1b-it,NVIDIA GeForce RTX 5060 Ti,42,MuSiQue,5,16,510,semantic,45.4124,0.0,36.7068,0,1,0,25,281,281,41398304768,41398304768,8.615,0.03
google/gemma-3-1b-it,NVIDIA GeForce RTX 5060 Ti,42,MuSiQue,5,16,511,structural,49.5996,37.1575,50.8318,0,0,0,113,369,369,71387578368,71387578368,8.615,0.03
google/gemma-3-1b-it,NVIDIA GeForce RTX 5060 Ti,42,MuSiQue,5,16,512,multi-hop,48.6748,0.0,0.0,0,1,1,100,356,356,66446163968,66446163968,8.615,0.03
google/gemma-3-1b-it,NVIDIA GeForce RTX 5060 Ti,42,MuSiQue,5,16,513,multi-hop,47.3441,40.7317,44.8737,0,0,0,3,97,152,4933025792,12113149952,8.615,0.03
google/gemma-3-1b-it,NVIDIA GeForce RTX 5060 Ti,42,MuSiQue,5,16,514,multi-hop,76.2124,40.5357,0.0,0,0,1,97,353,353,65331003392,65331003392,8.615,0.03
google/gemma-3-1b-it,NVIDIA GeForce RTX 5060 Ti,42,MuSiQue,5,16,515,structural,45.7305,50.8515,44.5885,0,0,0,64,320,320,53687091200,53687091200,8.615,0.03
google/gemma-3-1b-it,NVIDIA GeForce RTX 5060 Ti,42,MuSiQue,5,16,516,multi-hop,54.7391,0.0,34.4306,0,1,0,102,358,345,67194847232,62403379200,8.615,0.03
google/gemma-3-1b-it,NVIDIA GeForce RTX 5060 Ti,42,MuSiQue,5,16,517,multi-hop,41.5576,0.0,0.0,0,1,1,92,348,348,63493373952,63493373952,8.615,0.03
google/gemma-3-1b-it,NVIDIA GeForce RTX 5060 Ti,42,MuSiQue,5,16,518,multi-hop,35.519,0.0,35.3325,0,1,0,81,337,337,59542863872,59542863872,8.615,0.03
google/gemma-3-1b-it,NVIDIA GeForce RTX 5060 Ti,42,MuSiQue,5,16,519,structural,28.9109,65.5542,0.0,0,0,1,104,360,360,67947724800,67947724800,8.615,0.03
google/gemma-3-1b-it,NVIDIA GeForce RTX 5060 Ti,42,MuSiQue,5,16,520,semantic,33.3865,0.0,0.0,0,1,1,14,270,261,38220595200,35715022848,8.615,0.03
google/gemma-3-1b-it,NVIDIA GeForce RTX 5060 Ti,42,MuSiQue,5,16,521,structural,35.4539,47.5551,31.5449,0,0,0,102,358,358,67194847232,67194847232,8.615,0.03
google/gemma-3-1b-it,NVIDIA GeForce RTX 5060 Ti,42,MuSiQue,5,16,522,multi-hop,51.2873,42.1619,53.6583,0,0,0,84,340,340,60607692800,60607692800,8.615,0.03
google/gemma-3-1b-it,NVIDIA GeForce RTX 5060 Ti,42,MuSiQue,5,16,523,semantic,48.5271,0.0,0.0,0,1,1,73,329,329,56749457408,56749457408,8.615,0.03
google/gemma-3-1b-it,NVIDIA GeForce RTX 5060 Ti,42,MuSiQue,5,16,524,multi-hop,42.5955,53.211,0.0,0,0,1,121,377,377,74516529152,74516529152,8.615,0.03
google/gemma-3-1b-it,NVIDIA GeForce RTX 5060 Ti,42,MuSiQue,5,16,525,semantic,56.3801,0.0,47.841,0,1,0,110,366,366,70231523328,70231523328,8.615,0.03
google/gemma-3-1b-it,NVIDIA GeForce RTX 5060 Ti,42,MuSiQue,5,16,526,multi-hop,61.5606,0.0,34.94,0,1,0,61,317,317,52685176832,52685176832,8.615,0.03
google/gemma-3-1b-it,NVIDIA GeForce RTX 5060 Ti,42,MuSiQue,5,16,527,semantic,39.6586,0.0,0.0,0,1,1,106,362,362,68704796672,68704796672,8.615,0.03
google/gemma-3-1b-it,NVIDIA GeForce RTX 5060 Ti,42,MuSiQue,5,16,528,semantic,50.5476,0.0,0.0,0,1,1,111,367,367,70615826432,70615826432,8.615,0.03
google/gemma-3-1b-it,NVIDIA GeForce RTX 5060 Ti,42,MuSiQue,5,16,529,structural,49.1489,33.411,0.0,0,0,1,14,197,270,20347092992,38220595200,8.615,0.03
google/gemma-3-1b-it,NVIDIA GeForce RTX 5060 Ti,42,MuSiQue,5,16,530,semantic,63.521,0.0,0.0,0,1,1,72,328,328,56405000192,56405000192,8.615,0.03
google/gemma-3-1b-it,NVIDIA GeForce RTX 5060 Ti,42,MuSiQue,5,16,531,structural,78.4827,71.4579,0.0,0,0,1,67,323,323,54698442752,54698442752,8.615,0.03
google/gemma-3-1b-it,NVIDIA GeForce RTX 5060 Ti,42,MuSiQue,5,16,532,multi-hop,72.7539,0.0,0.0,0,1,1,25,281,281,41398304768,41398304768,8.615,0.03
google/gemma-3-1b-it,NVIDIA GeForce RTX 5060 Ti,42,MuSiQue,5,16,533,semantic,54.8975,0.0,0.0,0,1,1,101,357,357,66819981312,66819981312,8.615,0.03
google/gemma-3-1b-it,NVIDIA GeForce RTX 5060 Ti,42,MuSiQue,5,16,534,multi-hop,46.9667,42.8236,54.8142,0,0,0,69,325,325,55377920000,55377920000,8.615,0.03
google/gemma-3-1b-it,NVIDIA GeForce RTX 5060 Ti,42,MuSiQue,5,16,535,multi-hop,67.3845,0.0,63.4326,0,1,0,39,295,295,45626163200,45626163200,8.615,0.03
google/gemma-3-1b-it,NVIDIA GeForce RTX 5060 Ti,42,MuSiQue,5,16,536,multi-hop,34.5077,47.0008,0.0,0,0,1,121,377,377,74516529152,74516529152,8.615,0.03
google/gemma-3-1b-it,NVIDIA GeForce RTX 5060 Ti,42,MuSiQue,5,16,537,structural,67.8861,104.8545,35.8941,0,0,0,130,386,386,78116814848,78116814848,8.615,0.03
google/gemma-3-1b-it,NVIDIA GeForce RTX 5060 Ti,42,MuSiQue,5,16,538,multi-hop,45.2307,0.0,0.0,0,1,1,102,358,358,67194847232,67194847232,8.615,0.03
google/gemma-3-1b-it,NVIDIA GeForce RTX 5060 Ti,42,MuSiQue,5,16,539,multi-hop,52.1667,0.0,52.5582,0,1,0,23,279,279,40811102208,40811102208,8.615,0.03
google/gemma-3-1b-it,NVIDIA GeForce RTX 5060 Ti,42,MuSiQue,5,16,540,multi-hop,82.8986,70.3956,0.0,0,0,1,100,356,356,66446163968,66446163968,8.615,0.03
google/gemma-3-1b-it,NVIDIA GeForce RTX 5060 Ti,42,MuSiQue,5,16,541,multi-hop,39.9499,43.0114,0.0,0,0,1,121,377,377,74516529152,74516529152,8.615,0.03
google/gemma-3-1b-it,NVIDIA GeForce RTX 5060 Ti,42,MuSiQue,5,16,542,structural,37.9863,0.0,0.0,0,1,1,63,244,319,31214010368,53352071168,8.615,0.03
google/gemma-3-1b-it,NVIDIA GeForce RTX 5060 Ti,42,MuSiQue,5,16,543,semantic,55.7134,0.0,59.5025,0,1,0,118,374,374,73335308288,73335308288,8.615,0.03
google/gemma-3-1b-it,NVIDIA GeForce RTX 5060 Ti,42,MuSiQue,5,16,544,structural,33.1194,0.0,0.0,0,1,1,18,274,274,39361445888,39361445888,8.615,0.03
google/gemma-3-1b-it,NVIDIA GeForce RTX 5060 Ti,42,MuSiQue,5,16,545,multi-hop,36.3939,0.0,47.1552,0,1,0,94,350,350,64225280000,64225280000,8.615,0.03
google/gemma-3-1b-it,NVIDIA GeForce RTX 5060 Ti,42,MuSiQue,5,16,546,structural,68.7146,0.0,0.0,0,1,1,108,364,364,69466062848,69466062848,8.615,0.03
google/gemma-3-1b-it,NVIDIA GeForce RTX 5060 Ti,42,MuSiQue,5,16,547,multi-hop,46.074,0.0,0.0,0,1,1,14,270,270,38220595200,38220595200,8.615,0.03
google/gemma-3-1b-it,NVIDIA GeForce RTX 5060 Ti,42,MuSiQue,5,16,548,multi-hop,45.7957,0.0,44.6448,0,1,0,68,324,324,55037657088,55037657088,8.615,0.03
google/gemma-3-1b-it,NVIDIA GeForce RTX 5060 Ti,42,MuSiQue,5,16,549,multi-hop,57.7313,31.2547,33.2887,0,0,0,62,318,318,53018099712,53018099712,8.615,0.03
google/gemma-3-1b-it,NVIDIA GeForce RTX 5060 Ti,42,MuSiQue,5,16,550,multi-hop,53.7592,0.0,0.0,0,1,1,87,343,343,61681958912,61681958912,8.615,0.03
google/gemma-3-1b-it,NVIDIA GeForce RTX 5060 Ti,42,MuSiQue,5,16,551,semantic,42.3294,0.0,0.0,0,1,1,107,363,363,69084905472,69084905472,8.615,0.03
google/gemma-3-1b-it,NVIDIA GeForce RTX 5060 Ti,42,MuSiQue,5,16,552,structural,34.0424,40.23,56.3601,0,0,0,129,385,385,77712588800,77712588800,8.615,0.03
google/gemma-3-1b-it,NVIDIA GeForce RTX 5060 Ti,42,MuSiQue,5,16,553,semantic,44.7573,0.0,42.5926,0,1,0,114,370,370,71775027200,71775027200,8.615,0.03
google/gemma-3-1b-it,NVIDIA GeForce RTX 5060 Ti,42,MuSiQue,5,16,554,multi-hop,70.0815,0.0,0.0,0,1,1,14,197,270,20347092992,38220595200,8.615,0.03
google/gemma-3-1b-it,NVIDIA GeForce RTX 5060 Ti,42,MuSiQue,5,16,555,semantic,57.6105,0.0,0.0,0,1,1,129,385,385,77712588800,77712588800,8.615,0.03
google/gemma-3-1b-it,NVIDIA GeForce RTX 5060 Ti,42,MuSiQue,5,16,556,multi-hop,38.5618,0.0,0.0,0,1,1,154,410,410,88132812800,88132812800,8.615,0.03
google/gemma-3-1b-it,NVIDIA GeForce RTX 5060 Ti,42,MuSiQue,5,16,557,multi-hop,39.2461,44.0957,0.0,0,0,1,96,352,352,64961380352,64961380352,8.615,0.03
google/gemma-3-1b-it,NVIDIA GeForce RTX 5060 Ti,42,MuSiQue,5,16,558,structural,47.4161,78.4076,0.0,0,0,1,107,363,363,69084905472,69084905472,8.615,0.03
google/gemma-3-1b-it,NVIDIA GeForce RTX 5060 Ti,42,MuSiQue,5,16,559,structural,74.5708,32.0611,38.3944,0,0,0,54,310,310,50384076800,50384076800,8.615,0.03
google/gemma-3-1b-it,NVIDIA GeForce RTX 5060 Ti,42,MuSiQue,5,16,560,multi-hop,39.8491,0.0,0.0,0,1,1,66,322,322,54360276992,54360276992,8.615,0.03
google/gemma-3-1b-it,NVIDIA GeForce RTX 5060 Ti,42,MuSiQue,5,16,561,structural,44.2024,42.4743,30.5393,0,0,0,90,346,340,62765662208,60607692800,8.615,0.03
google/gemma-3-1b-it,NVIDIA GeForce RTX 5060 Ti,42,MuSiQue,5,16,562,semantic,42.4201,0.0,0.0,0,1,1,94,350,350,64225280000,64225280000,8.615,0.03
google/gemma-3-1b-it,NVIDIA GeForce RTX 5060 Ti,42,MuSiQue,5,16,563,multi-hop,111.6447,81.8539,59.5292,0,0,0,2,12,12,75497472,75497472,8.615,0.03
google/gemma-3-1b-it,NVIDIA GeForce RTX 5060 Ti,42,MuSiQue,5,16,564,semantic,62.7727,0.0,0.0,0,1,1,93,349,349,63858802688,63858802688,8.615,0.03
google/gemma-3-1b-it,NVIDIA GeForce RTX 5060 Ti,42,MuSiQue,5,16,565,semantic,59.6681,0.0,49.988,0,1,0,99,355,355,66073395200,66073395200,8.615,0.03
google/gemma-3-1b-it,NVIDIA GeForce RTX 5060 Ti,42,MuSiQue,5,16,566,structural,49.1719,41.9891,44.2364,0,0,0,94,350,350,64225280000,64225280000,8.615,0.03
google/gemma-3-1b-it,NVIDIA GeForce RTX 5060 Ti,42,MuSiQue,5,16,567,semantic,52.7086,0.0,0.0,0,1,1,111,367,367,70615826432,70615826432,8.615,0.03
google/gemma-3-1b-it,NVIDIA GeForce RTX 5060 Ti,42,MuSiQue,5,16,568,multi-hop,34.5682,41.9546,101.3301,0,0,0,95,351,351,64592805888,64592805888,8.615,0.03
google/gemma-3-1b-it,NVIDIA GeForce RTX 5060 Ti,42,MuSiQue,5,16,569,multi-hop,58.2305,0.0,81.5019,0,1,0,103,359,359,67570761728,67570761728,8.615,0.03
google/gemma-3-1b-it,NVIDIA GeForce RTX 5060 Ti,42,MuSiQue,5,16,570,multi-hop,40.102,79.9171,66.3268,0,0,0,121,377,377,74516529152,74516529152,8.615,0.03
google/gemma-3-1b-it,NVIDIA GeForce RTX 5060 Ti,42,MuSiQue,5,16,571,multi-hop,32.1132,0.0,0.0,0,1,1,16,272,272,38788923392,38788923392,8.615,0.03
google/gemma-3-1b-it,NVIDIA GeForce RTX 5060 Ti,42,MuSiQue,5,16,572,multi-hop,55.6651,0.0,0.0,0,1,1,127,383,383,76907282432,76907282432,8.615,0.03
google/gemma-3-1b-it,NVIDIA GeForce RTX 5060 Ti,42,MuSiQue,5,16,573,multi-hop,36.3742,0.0,43.0389,0,1,0,104,360,360,67947724800,67947724800,8.615,0.03
google/gemma-3-1b-it,NVIDIA GeForce RTX 5060 Ti,42,MuSiQue,5,16,574,semantic,47.7354,0.0,0.0,0,1,1,102,358,358,67194847232,67194847232,8.615,0.03
google/gemma-3-1b-it,NVIDIA GeForce RTX 5060 Ti,42,MuSiQue,5,16,575,multi-hop,51.4703,46.897,45.2525,0,0,0,96,352,352,64961380352,64961380352,8.615,0.03
google/gemma-3-1b-it,NVIDIA GeForce RTX 5060 Ti,42,MuSiQue,5,16,576,structural,56.9858,57.1555,0.0,0,0,1,132,388,388,78928412672,78928412672,8.615,0.03
google/gemma-3-1b-it,NVIDIA GeForce RTX 5060 Ti,42,MuSiQue,5,16,577,multi-hop,44.6564,0.0,62.1378,0,1,0,33,289,289,43789058048,43789058048,8.615,0.03
google/gemma-3-1b-it,NVIDIA GeForce RTX 5060 Ti,42,MuSiQue,5,16,578,structural,33.0268,61.1342,60.3023,0,0,0,8,264,264,36540776448,36540776448,8.615,0.03
google/gemma-3-1b-it,NVIDIA GeForce RTX 5060 Ti,42,MuSiQue,5,16,579,multi-hop,43.432,73.8888,0.0,0,0,1,11,267,267,37375967232,37375967232,8.615,0.03
google/gemma-3-1b-it,NVIDIA GeForce RTX 5060 Ti,42,MuSiQue,5,16,580,multi-hop,84.2704,0.0,34.7345,0,1,0,66,322,322,54360276992,54360276992,8.615,0.03
google/gemma-3-1b-it,NVIDIA GeForce RTX 5060 Ti,42,MuSiQue,5,16,581,semantic,50.9283,0.0,42.0933,0,1,0,141,397,397,82632507392,82632507392,8.615,0.03
google/gemma-3-1b-it,NVIDIA GeForce RTX 5060 Ti,42,MuSiQue,5,16,582,semantic,54.0576,0.0,0.0,0,1,1,16,272,272,38788923392,38788923392,8.615,0.03
google/gemma-3-1b-it,NVIDIA GeForce RTX 5060 Ti,42,MuSiQue,5,16,583,multi-hop,35.4085,54.6322,0.0,0,0,1,124,380,380,75707187200,75707187200,8.615,0.03
google/gemma-3-1b-it,NVIDIA GeForce RTX 5060 Ti,42,MuSiQue,5,16,584,multi-hop,42.3337,63.4854,65.2834,0,0,0,89,345,345,62403379200,62403379200,8.615,0.03
google/gemma-3-1b-it,NVIDIA GeForce RTX 5060 Ti,42,MuSiQue,5,16,585,multi-hop,59.9547,57.9803,43.9508,0,0,0,102,358,358,67194847232,67194847232,8.615,0.03
google/gemma-3-1b-it,NVIDIA GeForce RTX 5060 Ti,42,MuSiQue,5,16,586,semantic,92.1738,0.0,0.0,0,1,1,87,343,343,61681958912,61681958912,8.615,0.03
google/gemma-3-1b-it,NVIDIA GeForce RTX 5060 Ti,42,MuSiQue,5,16,587,semantic,52.4749,0.0,0.0,0,1,1,39,295,295,45626163200,45626163200,8.615,0.03
google/gemma-3-1b-it,NVIDIA GeForce RTX 5060 Ti,42,MuSiQue,5,16,588,multi-hop,40.2032,69.3881,48.614,0,0,0,101,357,357,66819981312,66819981312,8.615,0.03
google/gemma-3-1b-it,NVIDIA GeForce RTX 5060 Ti,42,MuSiQue,5,16,589,semantic,32.9929,0.0,33.3002,0,1,0,114,370,370,71775027200,71775027200,8.615,0.03
google/gemma-3-1b-it,NVIDIA GeForce RTX 5060 Ti,42,MuSiQue,5,16,590,structural,35.8549,0.0,0.0,0,1,1,76,332,332,57789120512,57789120512,8.615,0.03
google/gemma-3-1b-it,NVIDIA GeForce RTX 5060 Ti,42,MuSiQue,5,16,591,semantic,40.0541,0.0,0.0,0,1,1,3,97,152,4933025792,12113149952,8.615,0.03
google/gemma-3-1b-it,NVIDIA GeForce RTX 5060 Ti,42,MuSiQue,5,16,592,structural,42.4935,67.6298,46.1386,0,0,0,100,356,356,66446163968,66446163968,8.615,0.03
google/gemma-3-1b-it,NVIDIA GeForce RTX 5060 Ti,42,MuSiQue,5,16,593,semantic,61.7116,0.0,0.0,0,1,1,129,385,385,77712588800,77712588800,8.615,0.03
google/gemma-3-1b-it,NVIDIA GeForce RTX 5060 Ti,42,MuSiQue,5,16,594,structural,46.1284,0.0,0.0,0,1,1,14,270,270,38220595200,38220595200,8.615,0.03
google/gemma-3-1b-it,NVIDIA GeForce RTX 5060 Ti,42,MuSiQue,5,16,595,multi-hop,45.4408,58.4389,34.1114,0,0,0,92,348,348,63493373952,63493373952,8.615,0.03
google/gemma-3-1b-it,NVIDIA GeForce RTX 5060 Ti,42,MuSiQue,5,16,596,multi-hop,44.5191,31.381,0.0,0,0,1,91,347,347,63128993792,63128993792,8.615,0.03
google/gemma-3-1b-it,NVIDIA GeForce RTX 5060 Ti,42,MuSiQue,5,16,597,semantic,34.8085,0.0,68.1306,0,1,0,142,398,398,83049316352,83049316352,8.615,0.03
google/gemma-3-1b-it,NVIDIA GeForce RTX 5060 Ti,42,MuSiQue,5,16,598,multi-hop,52.4583,64.6933,61.3348,0,0,0,115,371,371,72163524608,72163524608,8.615,0.03
google/gemma-3-1b-it,NVIDIA GeForce RTX 5060 Ti,42,MuSiQue,5,16,599,multi-hop,91.7216,0.0,73.6713,0,1,0,102,358,358,67194847232,67194847232,8.615,0.03
google/gemma-3-1b-it,NVIDIA GeForce RTX 5060 Ti,42,MuSiQue,6,16,0,structural,68.699,71.1466,91.6053,0,0,0,102,358,358,67194847232,67194847232,8.615,0.03
google/gemma-3-1b-it,NVIDIA GeForce RTX 5060 Ti,42,MuSiQue,6,16,1,multi-hop,36.4912,46.1469,0.0,0,0,1,119,375,375,73728000000,73728000000,8.615,0.03
google/gemma-3-1b-it,NVIDIA GeForce RTX 5060 Ti,42,MuSiQue,6,16,2,multi-hop,64.8013,0.0,57.8821,0,1,0,124,380,380,75707187200,75707187200,8.615,0.03
google/gemma-3-1b-it,NVIDIA GeForce RTX 5060 Ti,42,MuSiQue,6,16,3,semantic,38.8615,0.0,44.2238,0,1,0,33,289,289,43789058048,43789058048,8.615,0.03
google/gemma-3-1b-it,NVIDIA GeForce RTX 5060 Ti,42,MuSiQue,6,16,4,structural,53.9395,0.0,0.0,0,1,1,4,260,260,35441868800,35441868800,8.615,0.03
google/gemma-3-1b-it,NVIDIA GeForce RTX 5060 Ti,42,MuSiQue,6,16,5,multi-hop,43.9019,0.0,0.0,0,1,1,18,274,274,39361445888,39361445888,8.615,0.03
google/gemma-3-1b-it,NVIDIA GeForce RTX 5060 Ti,42,MuSiQue,6,16,6,structural,47.6221,61.1822,53.8936,0,0,0,115,371,371,72163524608,72163524608,8.615,0.03
google/gemma-3-1b-it,NVIDIA GeForce RTX 5060 Ti,42,MuSiQue,6,16,7,multi-hop,47.7333,34.4251,36.548,0,0,0,9,265,265,36818124800,36818124800,8.615,0.03
google/gemma-3-1b-it,NVIDIA GeForce RTX 5060 Ti,42,MuSiQue,6,16,8,multi-hop,49.6042,0.0,0.0,0,1,1,129,385,385,77712588800,77712588800,8.615,0.03
google/gemma-3-1b-it,NVIDIA GeForce RTX 5060 Ti,42,MuSiQue,6,16,9,structural,46.3812,0.0,0.0,0,1,1,68,324,324,55037657088,55037657088,8.615,0.03
google/gemma-3-1b-it,NVIDIA GeForce RTX 5060 Ti,42,MuSiQue,6,16,10,multi-hop,39.5981,0.0,0.0,0,1,1,119,375,375,73728000000,73728000000,8.615,0.03
google/gemma-3-1b-it,NVIDIA GeForce RTX 5060 Ti,42,MuSiQue,6,16,11,semantic,39.2684,0.0,70.3529,0,1,0,88,344,344,62042144768,62042144768,8.615,0.03
google/gemma-3-1b-it,NVIDIA GeForce RTX 5060 Ti,42,MuSiQue,6,16,12,semantic,53.2765,0.0,69.2692,0,1,0,30,286,286,42884661248,42884661248,8.615,0.03
google/gemma-3-1b-it,NVIDIA GeForce RTX 5060 Ti,42,MuSiQue,6,16,13,semantic,66.9599,0.0,0.0,0,1,1,105,361,361,68325736448,68325736448,8.615,0.03
google/gemma-3-1b-it,NVIDIA GeForce RTX 5060 Ti,42,MuSiQue,6,16,14,multi-hop,36.5017,0.0,0.0,0,1,1,110,366,366,70231523328,70231523328,8.615,0.03
google/gemma-3-1b-it,NVIDIA GeForce RTX 5060 Ti,42,MuSiQue,6,16,15,structural,54.0505,53.1618,31.7032,0,0,0,121,377,377,74516529152,74516529152,8.615,0.03
google/gemma-3-1b-it,NVIDIA GeForce RTX 5060 Ti,42,MuSiQue,6,16,16,structural,39.9581,60.7576,87.636,0,0,0,18,274,274,39361445888,39361445888,8.615,0.03
google/gemma-3-1b-it,NVIDIA GeForce RTX 5060 Ti,42,MuSiQue,6,16,17,semantic,77.3397,0.0,0.0,0,1,1,61,317,317,52685176832,52685176832,8.615,0.03
google/gemma-3-1b-it,NVIDIA GeForce RTX 5060 Ti,42,MuSiQue,6,16,18,semantic,68.1335,0.0,0.0,0,1,1,113,369,369,71387578368,71387578368,8.615,0.03
google/gemma-3-1b-it,NVIDIA GeForce RTX 5060 Ti,42,MuSiQue,6,16,19,multi-hop,44.3118,36.6867,55.5252,0,0,0,39,295,295,45626163200,45626163200,8.615,0.03
google/gemma-3-1b-it,NVIDIA GeForce RTX 5060 Ti,42,MuSiQue,6,16,20,multi-hop,51.7436,38.813,38.8324,0,0,0,78,334,334,58487472128,58487472128,8.615,0.03
google/gemma-3-1b-it,NVIDIA GeForce RTX 5060 Ti,42,MuSiQue,6,16,21,multi-hop,43.7345,0.0,0.0,0,1,1,105,361,361,68325736448,68325736448,8.615,0.03
google/gemma-3-1b-it,NVIDIA GeForce RTX 5060 Ti,42,MuSiQue,6,16,22,structural,83.8933,51.419,33.7834,0,0,0,127,383,383,76907282432,76907282432,8.615,0.03
google/gemma-3-1b-it,NVIDIA GeForce RTX 5060 Ti,42,MuSiQue,6,16,23,semantic,69.4917,0.0,0.0,0,1,1,102,358,358,67194847232,67194847232,8.615,0.03
google/gemma-3-1b-it,NVIDIA GeForce RTX 5060 Ti,42,MuSiQue,6,16,24,semantic,58.4155,0.0,0.0,0,1,1,121,377,377,74516529152,74516529152,8.615,0.03
google/gemma-3-1b-it,NVIDIA GeForce RTX 5060 Ti,42,MuSiQue,6,16,25,multi-hop,38.7305,0.0,0.0,0,1,1,51,307,307,49413619712,49413619712,8.615,0.03
google/gemma-3-1b-it,NVIDIA GeForce RTX 5060 Ti,42,MuSiQue,6,16,26,multi-hop,32.5574,0.0,0.0,0,1,1,72,328,328,56405000192,56405000192,8.615,0.03
google/gemma-3-1b-it,NVIDIA GeForce RTX 5060 Ti,42,MuSiQue,6,16,27,multi-hop,36.8839,79.0616,41.8192,0,0,0,103,359,359,67570761728,67570761728,8.615,0.03
google/gemma-3-1b-it,NVIDIA GeForce RTX 5060 Ti,42,MuSiQue,6,16,28,semantic,57.4553,0.0,82.6238,0,1,0,112,368,368,71001178112,71001178112,8.615,0.03
google/gemma-3-1b-it,NVIDIA GeForce RTX 5060 Ti,42,MuSiQue,6,16,29,structural,63.4667,0.0,0.0,0,1,1,117,373,373,72943665152,72943665152,8.615,0.03
google/gemma-3-1b-it,NVIDIA GeForce RTX 5060 Ti,42,MuSiQue,6,16,30,multi-hop,45.5271,0.0,0.0,0,1,1,104,360,360,67947724800,67947724800,8.615,0.03
google/gemma-3-1b-it,NVIDIA GeForce RTX 5060 Ti,42,MuSiQue,6,16,31,multi-hop,44.3262,0.0,0.0,0,1,1,43,299,299,46871871488,46871871488,8.615,0.03
google/gemma-3-1b-it,NVIDIA GeForce RTX 5060 Ti,42,MuSiQue,6,16,32,semantic,0.0,0.0,0.0,1,1,1,23,279,279,40811102208,40811102208,8.615,0.03
google/gemma-3-1b-it,NVIDIA GeForce RTX 5060 Ti,42,MuSiQue,6,16,33,structural,50.1685,97.7257,36.8258,0,0,0,84,340,340,60607692800,60607692800,8.615,0.03
google/gemma-3-1b-it,NVIDIA GeForce RTX 5060 Ti,42,MuSiQue,6,16,34,structural,56.9661,104.9675,0.0,0,0,1,136,392,392,80564191232,80564191232,8.615,0.03
google/gemma-3-1b-it,NVIDIA GeForce RTX 5060 Ti,42,MuSiQue,6,16,35,semantic,0.0,0.0,60.5556,1,1,0,125,381,381,76106170368,76106170368,8.615,0.03
google/gemma-3-1b-it,NVIDIA GeForce RTX 5060 Ti,42,MuSiQue,6,16,36,structural,48.8352,0.0,0.0,0,1,1,111,367,367,70615826432,70615826432,8.615,0.03
google/gemma-3-1b-it,NVIDIA GeForce RTX 5060 Ti,42,MuSiQue,6,16,37,multi-hop,42.8389,0.0,62.2715,0,1,0,103,359,359,67570761728,67570761728,8.615,0.03
google/gemma-3-1b-it,NVIDIA GeForce RTX 5060 Ti,42,MuSiQue,6,16,38,multi-hop,35.0967,0.0,0.0,0,1,1,140,396,396,82216747008,82216747008,8.615,0.03
google/gemma-3-1b-it,NVIDIA GeForce RTX 5060 Ti,42,MuSiQue,6,16,39,multi-hop,80.1385,87.6091,57.8137,0,0,0,115,371,371,72163524608,72163524608,8.615,0.03
google/gemma-3-1b-it,NVIDIA GeForce RTX 5060 Ti,42,MuSiQue,6,16,40,semantic,45.8132,0.0,0.0,0,1,1,106,362,362,68704796672,68704796672,8.615,0.03
google/gemma-3-1b-it,NVIDIA GeForce RTX 5060 Ti,42,MuSiQue,6,16,41,multi-hop,62.0282,80.0447,41.1586,0,0,0,107,363,363,69084905472,69084905472,8.615,0.03
google/gemma-3-1b-it,NVIDIA GeForce RTX 5060 Ti,42,MuSiQue,6,16,42,semantic,40.2125,0.0,0.0,0,1,1,102,358,358,67194847232,67194847232,8.615,0.03
google/gemma-3-1b-it,NVIDIA GeForce RTX 5060 Ti,42,MuSiQue,6,16,43,semantic,46.0888,0.0,0.0,0,1,1,5,261,261,35715022848,35715022848,8.615,0.03
google/gemma-3-1b-it,NVIDIA GeForce RTX 5060 Ti,42,MuSiQue,6,16,44,multi-hop,37.8994,42.677,81.3837,0,0,0,131,387,387,78522089472,78522089472,8.615,0.03
google/gemma-3-1b-it,NVIDIA GeForce RTX 5060 Ti,42,MuSiQue,6,16,45,structural,35.638,37.3634,40.7606,0,0,0,68,324,324,55037657088,55037657088,8.615,0.03
google/gemma-3-1b-it,NVIDIA GeForce RTX 5060 Ti,42,MuSiQue,6,16,46,structural,44.1817,38.4199,0.0,0,0,1,121,377,377,74516529152,74516529152,8.615,0.03
google/gemma-3-1b-it,NVIDIA GeForce RTX 5060 Ti,42,MuSiQue,6,16,47,semantic,0.0,0.0,0.0,1,1,1,12,268,268,37656461312,37656461312,8.615,0.03
google/gemma-3-1b-it,NVIDIA GeForce RTX 5060 Ti,42,MuSiQue,6,16,48,multi-hop,0.0,0.0,44.9827,1,1,0,90,346,346,62765662208,62765662208,8.615,0.03
google/gemma-3-1b-it,NVIDIA GeForce RTX 5060 Ti,42,MuSiQue,6,16,49,structural,0.0,68.7557,65.1738,1,0,0,107,363,363,69084905472,69084905472,8.615,0.03
google/gemma-3-1b-it,NVIDIA GeForce RTX 5060 Ti,42,MuSiQue,6,16,50,multi-hop,63.2677,0.0,80.9808,0,1,0,48,304,304,48452599808,48452599808,8.615,0.03
google/gemma-3-1b-it,NVIDIA GeForce RTX 5060 Ti,42,MuSiQue,6,16,51,structural,38.39,41.395,0.0,0,0,1,88,344,344,62042144768,62042144768,8.615,0.03
google/gemma-3-1b-it,NVIDIA GeForce RTX 5060 Ti,42,MuSiQue,6,16,52,semantic,59.6936,0.0,0.0,0,1,1,66,322,322,54360276992,54360276992,8.615,0.03
google/gemma-3-1b-it,NVIDIA GeForce RTX 5060 Ti,42,MuSiQue,6,16,53,structural,70.352,80.8143,36.9994,0,0,0,120,376,376,74121740288,74121740288,8.615,0.03
google/gemma-3-1b-it,NVIDIA GeForce RTX 5060 Ti,42,MuSiQue,6,16,54,structural,66.76,0.0,0.0,0,1,1,118,374,374,73335308288,73335308288,8.615,0.03
google/gemma-3-1b-it,NVIDIA GeForce RTX 5060 Ti,42,MuSiQue,6,16,55,semantic,41.7074,0.0,0.0,0,1,1,102,358,358,67194847232,67194847232,8.615,0.03
google/gemma-3-1b-it,NVIDIA GeForce RTX 5060 Ti,42,MuSiQue,6,16,56,multi-hop,65.2011,0.0,0.0,0,1,1,36,292,292,44702892032,44702892032,8.615,0.03
google/gemma-3-1b-it,NVIDIA GeForce RTX 5060 Ti,42,MuSiQue,6,16,57,structural,45.7549,71.8012,93.6956,0,0,0,62,318,318,53018099712,53018099712,8.615,0.03
google/gemma-3-1b-it,NVIDIA GeForce RTX 5060 Ti,42,MuSiQue,6,16,58,multi-hop,51.5266,0.0,0.0,0,1,1,69,325,325,55377920000,55377920000,8.615,0.03
google/gemma-3-1b-it,NVIDIA GeForce RTX 5060 Ti,42,MuSiQue,6,16,59,semantic,36.2934,0.0,40.6284,0,1,0,115,371,371,72163524608,72163524608,8.615,0.03
google/gemma-3-1b-it,NVIDIA GeForce RTX 5060 Ti,42,MuSiQue,6,16,60,semantic,39.6095,0.0,0.0,0,1,1,102,358,358,67194847232,67194847232,8.615,0.03
google/gemma-3-1b-it,NVIDIA GeForce RTX 5060 Ti,42,MuSiQue,6,16,61,structural,29.6344,30.0239,46.3488,0,0,0,99,355,355,66073395200,66073395200,8.615,0.03
google/gemma-3-1b-it,NVIDIA GeForce RTX 5060 Ti,42,MuSiQue,6,16,62,semantic,27.5379,0.0,51.4092,0,1,0,5,106,261,5890899968,35715022848,8.615,0.03
google/gemma-3-1b-it,NVIDIA GeForce RTX 5060 Ti,42,MuSiQue,6,16,63,multi-hop,95.8941,75.8433,0.0,0,0,1,94,350,350,64225280000,64225280000,8.615,0.03
google/gemma-3-1b-it,NVIDIA GeForce RTX 5060 Ti,42,MuSiQue,6,16,64,multi-hop,51.728,0.0,0.0,0,1,1,118,374,374,73335308288,73335308288,8.615,0.03
google/gemma-3-1b-it,NVIDIA GeForce RTX 5060 Ti,42,MuSiQue,6,16,65,multi-hop,34.2608,35.3015,60.3487,0,0,0,120,376,376,74121740288,74121740288,8.615,0.03
google/gemma-3-1b-it,NVIDIA GeForce RTX 5060 Ti,42,MuSiQue,6,16,66,multi-hop,37.3488,97.8679,35.1302,0,0,0,45,301,301,47501017088,47501017088,8.615,0.03
google/gemma-3-1b-it,NVIDIA GeForce RTX 5060 Ti,42,MuSiQue,6,16,67,semantic,53.0871,0.0,0.0,0,1,1,105,361,361,68325736448,68325736448,8.615,0.03
google/gemma-3-1b-it,NVIDIA GeForce RTX 5060 Ti,42,MuSiQue,6,16,68,structural,64.6496,45.0103,93.2823,0,0,0,57,313,313,51363971072,51363971072,8.615,0.03
google/gemma-3-1b-it,NVIDIA GeForce RTX 5060 Ti,42,MuSiQue,6,16,69,multi-hop,39.8452,0.0,0.0,0,1,1,62,318,318,53018099712,53018099712,8.615,0.03
google/gemma-3-1b-it,NVIDIA GeForce RTX 5060 Ti,42,MuSiQue,6,16,70,structural,96.1049,0.0,0.0,0,1,1,103,359,359,67570761728,67570761728,8.615,0.03
google/gemma-3-1b-it,NVIDIA GeForce RTX 5060 Ti,42,MuSiQue,6,16,71,multi-hop,32.3785,49.9655,94.9798,0,0,0,98,354,354,65701675008,65701675008,8.615,0.03
google/gemma-3-1b-it,NVIDIA GeForce RTX 5060 Ti,42,MuSiQue,6,16,72,semantic,47.7697,0.0,0.0,0,1,1,132,388,388,78928412672,78928412672,8.615,0.03
google/gemma-3-1b-it,NVIDIA GeForce RTX 5060 Ti,42,MuSiQue,6,16,73,multi-hop,47.6515,0.0,0.0,0,1,1,30,286,286,42884661248,42884661248,8.615,0.03
google/gemma-3-1b-it,NVIDIA GeForce RTX 5060 Ti,42,MuSiQue,6,16,74,multi-hop,63.9796,0.0,0.0,0,1,1,9,265,265,36818124800,36818124800,8.615,0.03
google/gemma-3-1b-it,NVIDIA GeForce RTX 5060 Ti,42,MuSiQue,6,16,75,structural,40.1153,46.1169,0.0,0,0,1,101,357,357,66819981312,66819981312,8.615,0.03
google/gemma-3-1b-it,NVIDIA GeForce RTX 5060 Ti,42,MuSiQue,6,16,76,multi-hop,44.6846,0.0,0.0,0,1,1,57,251,313,33030668288,51363971072,8.615,0.03
google/gemma-3-1b-it,NVIDIA GeForce RTX 5060 Ti,42,MuSiQue,6,16,77,semantic,39.905,0.0,0.0,0,1,1,100,356,356,66446163968,66446163968,8.615,0.03
google/gemma-3-1b-it,NVIDIA GeForce RTX 5060 Ti,42,MuSiQue,6,16,78,semantic,39.3782,0.0,0.0,0,1,1,92,348,348,63493373952,63493373952,8.615,0.03
google/gemma-3-1b-it,NVIDIA GeForce RTX 5060 Ti,42,MuSiQue,6,16,79,semantic,52.9782,0.0,66.2296,0,1,0,101,357,357,66819981312,66819981312,8.615,0.03
google/gemma-3-1b-it,NVIDIA GeForce RTX 5060 Ti,42,MuSiQue,6,16,80,structural,55.8364,0.0,0.0,0,1,1,102,358,358,67194847232,67194847232,8.615,0.03
google/gemma-3-1b-it,NVIDIA GeForce RTX 5060 Ti,42,MuSiQue,6,16,81,multi-hop,43.8099,87.9223,78.3387,0,0,0,69,325,325,55377920000,55377920000,8.615,0.03
google/gemma-3-1b-it,NVIDIA GeForce RTX 5060 Ti,42,MuSiQue,6,16,82,multi-hop,64.9745,53.5842,51.0092,0,0,0,102,358,358,67194847232,67194847232,8.615,0.03
google/gemma-3-1b-it,NVIDIA GeForce RTX 5060 Ti,42,MuSiQue,6,16,83,structural,89.422,43.4065,0.0,0,0,1,101,357,357,66819981312,66819981312,8.615,0.03
google/gemma-3-1b-it,NVIDIA GeForce RTX 5060 Ti,42,MuSiQue,6,16,84,semantic,47.9532,0.0,0.0,0,1,1,65,321,321,54023159808,54023159808,8.615,0.03
google/gemma-3-1b-it,NVIDIA GeForce RTX 5060 Ti,42,MuSiQue,6,16,85,semantic,40.3911,0.0,0.0,0,1,1,97,353,353,65331003392,65331003392,8.615,0.03
google/gemma-3-1b-it,NVIDIA GeForce RTX 5060 Ti,42,MuSiQue,6,16,86,multi-hop,56.3247,0.0,56.8356,0,1,0,148,404,404,85572190208,85572190208,8.615,0.03
google/gemma-3-1b-it,NVIDIA GeForce RTX 5060 Ti,42,MuSiQue,6,16,87,multi-hop,57.1008,0.0,86.036,0,1,0,119,375,375,73728000000,73728000000,8.615,0.03
google/gemma-3-1b-it,NVIDIA GeForce RTX 5060 Ti,42,MuSiQue,6,16,88,multi-hop,86.7119,46.4311,0.0,0,0,1,89,345,345,62403379200,62403379200,8.615,0.03
google/gemma-3-1b-it,NVIDIA GeForce RTX 5060 Ti,42,MuSiQue,6,16,89,multi-hop,75.571,0.0,52.894,0,1,0,89,345,345,62403379200,62403379200,8.615,0.03
google/gemma-3-1b-it,NVIDIA GeForce RTX 5060 Ti,42,MuSiQue,6,16,90,semantic,43.5954,0.0,48.4055,0,1,0,115,371,371,72163524608,72163524608,8.615,0.03
google/gemma-3-1b-it,NVIDIA GeForce RTX 5060 Ti,42,MuSiQue,6,16,91,multi-hop,0.0,0.0,0.0,1,1,1,124,380,380,75707187200,75707187200,8.615,0.03
google/gemma-3-1b-it,NVIDIA GeForce RTX 5060 Ti,42,MuSiQue,6,16,92,semantic,34.2833,0.0,42.3461,0,1,0,10,266,266,37096521728,37096521728,8.615,0.03
google/gemma-3-1b-it,NVIDIA GeForce RTX 5060 Ti,42,MuSiQue,6,16,93,semantic,0.0,0.0,0.0,1,1,1,97,353,353,65331003392,65331003392,8.615,0.03
google/gemma-3-1b-it,NVIDIA GeForce RTX 5060 Ti,42,MuSiQue,6,16,94,semantic,62.3835,0.0,0.0,0,1,1,119,375,375,73728000000,73728000000,8.615,0.03
google/gemma-3-1b-it,NVIDIA GeForce RTX 5060 Ti,42,MuSiQue,6,16,95,semantic,46.7046,0.0,0.0,0,1,1,114,370,370,71775027200,71775027200,8.615,0.03
google/gemma-3-1b-it,NVIDIA GeForce RTX 5060 Ti,42,MuSiQue,6,16,96,multi-hop,0.0,43.3011,64.6024,1,0,0,106,362,333,68704796672,58137772032,8.615,0.03
google/gemma-3-1b-it,NVIDIA GeForce RTX 5060 Ti,42,MuSiQue,6,16,97,structural,0.0,54.9144,0.0,1,0,1,124,380,380,75707187200,75707187200,8.615,0.03
google/gemma-3-1b-it,NVIDIA GeForce RTX 5060 Ti,42,MuSiQue,6,16,98,multi-hop,34.7486,0.0,0.0,0,1,1,106,362,362,68704796672,68704796672,8.615,0.03
google/gemma-3-1b-it,NVIDIA GeForce RTX 5060 Ti,42,MuSiQue,6,16,99,semantic,0.0,0.0,43.471,1,1,0,119,375,375,73728000000,73728000000,8.615,0.03
google/gemma-3-1b-it,NVIDIA GeForce RTX 5060 Ti,42,MuSiQue,6,16,100,semantic,40.4196,0.0,0.0,0,1,1,75,331,331,57441517568,57441517568,8.615,0.03
google/gemma-3-1b-it,NVIDIA GeForce RTX 5060 Ti,42,MuSiQue,6,16,101,multi-hop,45.3309,49.062,0.0,0,0,1,119,375,375,73728000000,73728000000,8.615,0.03
google/gemma-3-1b-it,NVIDIA GeForce RTX 5060 Ti,42,MuSiQue,6,16,102,multi-hop,70.1008,0.0,0.0,0,1,1,53,309,309,50059542528,50059542528,8.615,0.03
google/gemma-3-1b-it,NVIDIA GeForce RTX 5060 Ti,42,MuSiQue,6,16,103,semantic,46.6467,0.0,0.0,0,1,1,86,342,342,61322821632,61322821632,8.615,0.03
google/gemma-3-1b-it,NVIDIA GeForce RTX 5060 Ti,42,MuSiQue,6,16,104,multi-hop,58.3156,0.0,46.9451,0,1,0,36,292,292,44702892032,44702892032,8.615,0.03
google/gemma-3-1b-it,NVIDIA GeForce RTX 5060 Ti,42,MuSiQue,6,16,105,semantic,49.3772,0.0,65.0112,0,1,0,99,355,355,66073395200,66073395200,8.615,0.03
google/gemma-3-1b-it,NVIDIA GeForce RTX 5060 Ti,42,MuSiQue,6,16,106,semantic,55.3638,0.0,0.0,0,1,1,54,310,310,50384076800,50384076800,8.615,0.03
google/gemma-3-1b-it,NVIDIA GeForce RTX 5060 Ti,42,MuSiQue,6,16,107,structural,69.6744,0.0,0.0,0,1,1,118,374,374,73335308288,73335308288,8.615,0.03
google/gemma-3-1b-it,NVIDIA GeForce RTX 5060 Ti,42,MuSiQue,6,16,108,structural,39.8037,63.1021,0.0,0,0,1,83,339,339,60251701248,60251701248,8.615,0.03
google/gemma-3-1b-it,NVIDIA GeForce RTX 5060 Ti,42,MuSiQue,6,16,109,multi-hop,56.7866,38.0481,36.8622,0,0,0,2,69,69,2496135168,2496135168,8.615,0.03
google/gemma-3-1b-it,NVIDIA GeForce RTX 5060 Ti,42,MuSiQue,6,16,110,multi-hop,32.9867,0.0,0.0,0,1,1,4,260,260,35441868800,35441868800,8.615,0.03
google/gemma-3-1b-it,NVIDIA GeForce RTX 5060 Ti,42,MuSiQue,6,16,111,multi-hop,52.8454,77.0273,44.7296,0,0,0,116,372,372,72553070592,72553070592,8.615,0.03
google/gemma-3-1b-it,NVIDIA GeForce RTX 5060 Ti,42,MuSiQue,6,16,112,semantic,61.5666,0.0,0.0,0,1,1,103,359,359,67570761728,67570761728,8.615,0.03
google/gemma-3-1b-it,NVIDIA GeForce RTX 5060 Ti,42,MuSiQue,6,16,113,multi-hop,33.5347,0.0,0.0,0,1,1,87,343,343,61681958912,61681958912,8.615,0.03
google/gemma-3-1b-it,NVIDIA GeForce RTX 5060 Ti,42,MuSiQue,6,16,114,multi-hop,52.1988,0.0,0.0,0,1,1,88,344,344,62042144768,62042144768,8.615,0.03
google/gemma-3-1b-it,NVIDIA GeForce RTX 5060 Ti,42,MuSiQue,6,16,115,multi-hop,31.2293,78.8907,60.1898,0,0,0,106,362,362,68704796672,68704796672,8.615,0.03
google/gemma-3-1b-it,NVIDIA GeForce RTX 5060 Ti,42,MuSiQue,6,16,116,semantic,89.7158,0.0,0.0,0,1,1,105,361,361,68325736448,68325736448,8.615,0.03
google/gemma-3-1b-it,NVIDIA GeForce RTX 5060 Ti,42,MuSiQue,6,16,117,multi-hop,71.7558,70.4265,62.0511,0,0,0,98,354,354,65701675008,65701675008,8.615,0.03
google/gemma-3-1b-it,NVIDIA GeForce RTX 5060 Ti,42,MuSiQue,6,16,118,multi-hop,68.0794,0.0,0.0,0,1,1,102,358,358,67194847232,67194847232,8.615,0.03
google/gemma-3-1b-it,NVIDIA GeForce RTX 5060 Ti,42,MuSiQue,6,16,119,multi-hop,39.5287,60.1845,0.0,0,0,1,97,353,353,65331003392,65331003392,8.615,0.03
google/gemma-3-1b-it,NVIDIA GeForce RTX 5060 Ti,42,MuSiQue,6,16,120,structural,72.9449,50.6692,72.3099,0,0,0,7,263,263,36264476672,36264476672,8.615,0.03
google/gemma-3-1b-it,NVIDIA GeForce RTX 5060 Ti,42,MuSiQue,6,16,121,multi-hop,69.6164,0.0,46.869,0,1,0,105,361,361,68325736448,68325736448,8.615,0.03
google/gemma-3-1b-it,NVIDIA GeForce RTX 5060 Ti,42,MuSiQue,6,16,122,semantic,50.3931,0.0,0.0,0,1,1,5,261,261,35715022848,35715022848,8.615,0.03
google/gemma-3-1b-it,NVIDIA GeForce RTX 5060 Ti,42,MuSiQue,6,16,123,semantic,40.5984,0.0,0.0,0,1,1,121,377,377,74516529152,74516529152,8.615,0.03
google/gemma-3-1b-it,NVIDIA GeForce RTX 5060 Ti,42,MuSiQue,6,16,124,multi-hop,32.7623,38.6178,0.0,0,0,1,7,198,263,20554186752,36264476672,8.615,0.03
google/gemma-3-1b-it,NVIDIA GeForce RTX 5060 Ti,42,MuSiQue,6,16,125,semantic,32.0646,0.0,43.2316,0,1,0,104,360,360,67947724800,67947724800,8.615,0.03
google/gemma-3-1b-it,NVIDIA GeForce RTX 5060 Ti,42,MuSiQue,6,16,126,semantic,52.945,0.0,0.0,0,1,1,39,295,295,45626163200,45626163200,8.615,0.03
google/gemma-3-1b-it,NVIDIA GeForce RTX 5060 Ti,42,MuSiQue,6,16,127,multi-hop,29.9513,64.0429,58.2918,0,0,0,35,291,291,44397232128,44397232128,8.615,0.03
google/gemma-3-1b-it,NVIDIA GeForce RTX 5060 Ti,42,MuSiQue,6,16,128,multi-hop,41.5386,76.4294,0.0,0,0,1,9,265,265,36818124800,36818124800,8.615,0.03
google/gemma-3-1b-it,NVIDIA GeForce RTX 5060 Ti,42,MuSiQue,6,16,129,structural,39.6564,0.0,0.0,0,1,1,75,331,331,57441517568,57441517568,8.615,0.03
google/gemma-3-1b-it,NVIDIA GeForce RTX 5060 Ti,42,MuSiQue,6,16,130,semantic,38.7826,0.0,0.0,0,1,1,107,363,363,69084905472,69084905472,8.615,0.03
google/gemma-3-1b-it,NVIDIA GeForce RTX 5060 Ti,42,MuSiQue,6,16,131,semantic,39.3098,0.0,41.2397,0,1,0,107,363,363,69084905472,69084905472,8.615,0.03
google/gemma-3-1b-it,NVIDIA GeForce RTX 5060 Ti,42,MuSiQue,6,16,132,semantic,82.0641,0.0,42.5891,0,1,0,81,337,337,59542863872,59542863872,8.615,0.03
google/gemma-3-1b-it,NVIDIA GeForce RTX 5060 Ti,42,MuSiQue,6,16,133,multi-hop,52.205,0.0,0.0,0,1,1,114,370,370,71775027200,71775027200,8.615,0.03
google/gemma-3-1b-it,NVIDIA GeForce RTX 5060 Ti,42,MuSiQue,6,16,134,structural,34.1933,46.4999,0.0,0,0,1,77,333,333,58137772032,58137772032,8.615,0.03
google/gemma-3-1b-it,NVIDIA GeForce RTX 5060 Ti,42,MuSiQue,6,16,135,multi-hop,46.2023,0.0,0.0,0,1,1,123,379,379,75309252608,75309252608,8.615,0.03
google/gemma-3-1b-it,NVIDIA GeForce RTX 5060 Ti,42,MuSiQue,6,16,136,semantic,75.7938,0.0,0.0,0,1,1,120,376,376,74121740288,74121740288,8.615,0.03
google/gemma-3-1b-it,NVIDIA GeForce RTX 5060 Ti,42,MuSiQue,6,16,137,semantic,42.0312,0.0,82.727,0,1,0,114,370,370,71775027200,71775027200,8.615,0.03
google/gemma-3-1b-it,NVIDIA GeForce RTX 5060 Ti,42,MuSiQue,6,16,138,semantic,39.2087,0.0,100.9451,0,1,0,142,398,398,83049316352,83049316352,8.615,0.03
google/gemma-3-1b-it,NVIDIA GeForce RTX 5060 Ti,42,MuSiQue,6,16,139,multi-hop,62.2845,49.787,52.4684,0,0,0,77,333,333,58137772032,58137772032,8.615,0.03
google/gemma-3-1b-it,NVIDIA GeForce RTX 5060 Ti,42,MuSiQue,6,16,140,structural,43.1659,0.0,0.0,0,1,1,125,381,381,76106170368,76106170368,8.615,0.03
google/gemma-3-1b-it,NVIDIA GeForce RTX 5060 Ti,42,MuSiQue,6,16,141,semantic,34.9316,0.0,104.6511,0,1,0,88,344,344,62042144768,62042144768,8.615,0.03
google/gemma-3-1b-it,NVIDIA GeForce RTX 5060 Ti,42,MuSiQue,6,16,142,multi-hop,46.5154,66.6687,43.9937,0,0,0,53,309,309,50059542528,50059542528,8.615,0.03
google/gemma-3-1b-it,NVIDIA GeForce RTX 5060 Ti,42,MuSiQue,6,16,143,semantic,42.1643,0.0,0.0,0,1,1,115,371,371,72163524608,72163524608,8.615,0.03
google/gemma-3-1b-it,NVIDIA GeForce RTX 5060 Ti,42,MuSiQue,6,16,144,multi-hop,0.0,0.0,49.8624,1,1,0,88,344,344,62042144768,62042144768,8.615,0.03
google/gemma-3-1b-it,NVIDIA GeForce RTX 5060 Ti,42,MuSiQue,6,16,145,multi-hop,35.9359,0.0,0.0,0,1,1,102,358,358,67194847232,67194847232,8.615,0.03
google/gemma-3-1b-it,NVIDIA GeForce RTX 5060 Ti,42,MuSiQue,6,16,146,multi-hop,41.7602,0.0,42.4746,0,1,0,20,276,276,39938162688,39938162688,8.615,0.03
google/gemma-3-1b-it,NVIDIA GeForce RTX 5060 Ti,42,MuSiQue,6,16,147,multi-hop,59.8343,0.0,0.0,0,1,1,54,310,310,50384076800,50384076800,8.615,0.03
google/gemma-3-1b-it,NVIDIA GeForce RTX 5060 Ti,42,MuSiQue,6,16,148,multi-hop,55.4893,38.6613,30.7796,0,0,0,118,374,374,73335308288,73335308288,8.615,0.03
google/gemma-3-1b-it,NVIDIA GeForce RTX 5060 Ti,42,MuSiQue,6,16,149,multi-hop,62.7086,81.3405,47.4954,0,0,0,57,313,313,51363971072,51363971072,8.615,0.03
google/gemma-3-1b-it,NVIDIA GeForce RTX 5060 Ti,42,MuSiQue,6,16,150,semantic,40.5509,0.0,0.0,0,1,1,110,366,366,70231523328,70231523328,8.615,0.03
google/gemma-3-1b-it,NVIDIA GeForce RTX 5060 Ti,42,MuSiQue,6,16,151,structural,41.1915,0.0,0.0,0,1,1,119,375,375,73728000000,73728000000,8.615,0.03
google/gemma-3-1b-it,NVIDIA GeForce RTX 5060 Ti,42,MuSiQue,6,16,152,structural,49.2236,0.0,0.0,0,1,1,109,365,365,69848268800,69848268800,8.615,0.03
google/gemma-3-1b-it,NVIDIA GeForce RTX 5060 Ti,42,MuSiQue,6,16,153,structural,35.2403,64.107,0.0,0,0,1,103,359,359,67570761728,67570761728,8.615,0.03
google/gemma-3-1b-it,NVIDIA GeForce RTX 5060 Ti,42,MuSiQue,6,16,154,multi-hop,0.0,101.4826,0.0,1,0,1,119,375,375,73728000000,73728000000,8.615,0.03
google/gemma-3-1b-it,NVIDIA GeForce RTX 5060 Ti,42,MuSiQue,6,16,155,multi-hop,0.0,0.0,0.0,1,1,1,68,324,324,55037657088,55037657088,8.615,0.03
google/gemma-3-1b-it,NVIDIA GeForce RTX 5060 Ti,42,MuSiQue,6,16,156,structural,77.6091,69.4847,0.0,0,0,1,104,360,360,67947724800,67947724800,8.615,0.03
google/gemma-3-1b-it,NVIDIA GeForce RTX 5060 Ti,42,MuSiQue,6,16,157,multi-hop,0.0,37.4309,0.0,1,0,1,115,371,371,72163524608,72163524608,8.615,0.03
google/gemma-3-1b-it,NVIDIA GeForce RTX 5060 Ti,42,MuSiQue,6,16,158,multi-hop,69.0246,0.0,0.0,0,1,1,5,240,261,30198988800,35715022848,8.615,0.03
google/gemma-3-1b-it,NVIDIA GeForce RTX 5060 Ti,42,MuSiQue,6,16,159,structural,57.5468,59.1859,0.0,0,0,1,86,342,342,61322821632,61322821632,8.615,0.03
google/gemma-3-1b-it,NVIDIA GeForce RTX 5060 Ti,42,MuSiQue,6,16,160,semantic,63.2621,0.0,0.0,0,1,1,3,178,259,16611540992,35169763328,8.615,0.03
google/gemma-3-1b-it,NVIDIA GeForce RTX 5060 Ti,42,MuSiQue,6,16,161,multi-hop,43.5994,0.0,0.0,0,1,1,96,352,352,64961380352,64961380352,8.615,0.03
google/gemma-3-1b-it,NVIDIA GeForce RTX 5060 Ti,42,MuSiQue,6,16,162,multi-hop,34.4344,56.7264,53.8052,0,0,0,39,295,295,45626163200,45626163200,8.615,0.03
google/gemma-3-1b-it,NVIDIA GeForce RTX 5060 Ti,42,MuSiQue,6,16,163,multi-hop,73.7028,47.641,0.0,0,0,1,53,309,309,50059542528,50059542528,8.615,0.03
google/gemma-3-1b-it,NVIDIA GeForce RTX 5060 Ti,42,MuSiQue,6,16,164,semantic,44.8595,0.0,0.0,0,1,1,53,309,309,50059542528,50059542528,8.615,0.03
google/gemma-3-1b-it,NVIDIA GeForce RTX 5060 Ti,42,MuSiQue,6,16,165,multi-hop,51.4562,0.0,0.0,0,1,1,97,353,353,65331003392,65331003392,8.615,0.03
google/gemma-3-1b-it,NVIDIA GeForce RTX 5060 Ti,42,MuSiQue,6,16,166,multi-hop,49.843,0.0,48.7528,0,1,0,103,359,359,67570761728,67570761728,8.615,0.03
google/gemma-3-1b-it,NVIDIA GeForce RTX 5060 Ti,42,MuSiQue,6,16,167,multi-hop,39.0784,61.8564,50.8801,0,0,0,35,291,291,44397232128,44397232128,8.615,0.03
google/gemma-3-1b-it,NVIDIA GeForce RTX 5060 Ti,42,MuSiQue,6,16,168,semantic,41.0051,0.0,0.0,0,1,1,111,367,367,70615826432,70615826432,8.615,0.03
google/gemma-3-1b-it,NVIDIA GeForce RTX 5060 Ti,42,MuSiQue,6,16,169,multi-hop,0.0,95.4387,57.276,1,0,0,114,370,370,71775027200,71775027200,8.615,0.03
google/gemma-3-1b-it,NVIDIA GeForce RTX 5060 Ti,42,MuSiQue,6,16,170,multi-hop,90.1044,43.968,0.0,0,0,1,79,335,335,58838220800,58838220800,8.615,0.03
google/gemma-3-1b-it,NVIDIA GeForce RTX 5060 Ti,42,MuSiQue,6,16,171,multi-hop,55.8285,0.0,0.0,0,1,1,43,299,299,46871871488,46871871488,8.615,0.03
google/gemma-3-1b-it,NVIDIA GeForce RTX 5060 Ti,42,MuSiQue,6,16,172,structural,37.8821,41.2173,44.2154,0,0,0,39,295,295,45626163200,45626163200,8.615,0.03
google/gemma-3-1b-it,NVIDIA GeForce RTX 5060 Ti,42,MuSiQue,6,16,173,multi-hop,34.4765,84.3157,52.937,0,0,0,77,333,333,58137772032,58137772032,8.615,0.03
google/gemma-3-1b-it,NVIDIA GeForce RTX 5060 Ti,42,MuSiQue,6,16,174,semantic,100.3382,0.0,98.1406,0,1,0,124,380,380,75707187200,75707187200,8.615,0.03
google/gemma-3-1b-it,NVIDIA GeForce RTX 5060 Ti,42,MuSiQue,6,16,175,multi-hop,73.9028,65.4647,0.0,0,0,1,111,367,367,70615826432,70615826432,8.615,0.03
google/gemma-3-1b-it,NVIDIA GeForce RTX 5060 Ti,42,MuSiQue,6,16,176,multi-hop,43.8101,0.0,66.6062,0,1,0,90,346,346,62765662208,62765662208,8.615,0.03
google/gemma-3-1b-it,NVIDIA GeForce RTX 5060 Ti,42,MuSiQue,6,16,177,multi-hop,35.9497,0.0,72.0022,0,1,0,27,283,283,41989701632,41989701632,8.615,0.03
google/gemma-3-1b-it,NVIDIA GeForce RTX 5060 Ti,42,MuSiQue,6,16,178,structural,63.2866,0.0,0.0,0,1,1,143,399,399,83467173888,83467173888,8.615,0.03
google/gemma-3-1b-it,NVIDIA GeForce RTX 5060 Ti,42,MuSiQue,6,16,179,structural,49.3778,72.3277,0.0,0,0,1,30,286,286,42884661248,42884661248,8.615,0.03
google/gemma-3-1b-it,NVIDIA GeForce RTX 5060 Ti,42,MuSiQue,6,16,180,semantic,39.3719,0.0,0.0,0,1,1,19,275,275,39649280000,39649280000,8.615,0.03
google/gemma-3-1b-it,NVIDIA GeForce RTX 5060 Ti,42,MuSiQue,6,16,181,structural,43.0092,0.0,0.0,0,1,1,90,346,346,62765662208,62765662208,8.615,0.03
google/gemma-3-1b-it,NVIDIA GeForce RTX 5060 Ti,42,MuSiQue,6,16,182,multi-hop,0.0,0.0,0.0,1,1,1,54,310,310,50384076800,50384076800,8.615,0.03
google/gemma-3-1b-it,NVIDIA GeForce RTX 5060 Ti,42,MuSiQue,6,16,183,multi-hop,67.1513,0.0,0.0,0,1,1,110,366,366,70231523328,70231523328,8.615,0.03
google/gemma-3-1b-it,NVIDIA GeForce RTX 5060 Ti,42,MuSiQue,6,16,184,structural,53.4719,0.0,0.0,0,1,1,92,348,348,63493373952,63493373952,8.615,0.03
google/gemma-3-1b-it,NVIDIA GeForce RTX 5060 Ti,42,MuSiQue,6,16,185,multi-hop,30.8376,0.0,42.9558,0,1,0,100,356,356,66446163968,66446163968,8.615,0.03
google/gemma-3-1b-it,NVIDIA GeForce RTX 5060 Ti,42,MuSiQue,6,16,186,semantic,73.1087,0.0,0.0,0,1,1,109,365,365,69848268800,69848268800,8.615,0.03
google/gemma-3-1b-it,NVIDIA GeForce RTX 5060 Ti,42,MuSiQue,6,16,187,multi-hop,45.9694,0.0,0.0,0,1,1,66,322,322,54360276992,54360276992,8.615,0.03
google/gemma-3-1b-it,NVIDIA GeForce RTX 5060 Ti,42,MuSiQue,6,16,188,multi-hop,53.706,0.0,73.3027,0,1,0,114,370,370,71775027200,71775027200,8.615,0.03
google/gemma-3-1b-it,NVIDIA GeForce RTX 5060 Ti,42,MuSiQue,6,16,189,structural,38.2858,0.0,0.0,0,1,1,111,367,367,70615826432,70615826432,8.615,0.03
google/gemma-3-1b-it,NVIDIA GeForce RTX 5060 Ti,42,MuSiQue,6,16,190,structural,53.4151,54.1016,0.0,0,0,1,34,290,290,44092620800,44092620800,8.615,0.03
google/gemma-3-1b-it,NVIDIA GeForce RTX 5060 Ti,42,MuSiQue,6,16,191,structural,62.9299,42.4513,0.0,0,0,1,39,295,295,45626163200,45626163200,8.615,0.03
google/gemma-3-1b-it,NVIDIA GeForce RTX 5060 Ti,42,MuSiQue,6,16,192,multi-hop,51.9123,0.0,0.0,0,1,1,116,372,372,72553070592,72553070592,8.615,0.03
google/gemma-3-1b-it,NVIDIA GeForce RTX 5060 Ti,42,MuSiQue,6,16,193,semantic,74.6065,0.0,52.9227,0,1,0,71,299,327,46871871488,56061591552,8.615,0.03
google/gemma-3-1b-it,NVIDIA GeForce RTX 5060 Ti,42,MuSiQue,6,16,194,multi-hop,40.4962,55.3043,89.6677,0,0,0,128,384,384,77309411328,77309411328,8.615,0.03
google/gemma-3-1b-it,NVIDIA GeForce RTX 5060 Ti,42,MuSiQue,6,16,195,multi-hop,46.1133,43.5873,38.1551,0,0,0,104,360,360,67947724800,67947724800,8.615,0.03
google/gemma-3-1b-it,NVIDIA GeForce RTX 5060 Ti,42,MuSiQue,6,16,196,multi-hop,53.9528,0.0,50.6491,0,1,0,101,357,357,66819981312,66819981312,8.615,0.03
google/gemma-3-1b-it,NVIDIA GeForce RTX 5060 Ti,42,MuSiQue,6,16,197,semantic,74.0289,0.0,0.0,0,1,1,72,328,328,56405000192,56405000192,8.615,0.03
google/gemma-3-1b-it,NVIDIA GeForce RTX 5060 Ti,42,MuSiQue,6,16,198,semantic,0.0,0.0,0.0,1,1,1,91,347,347,63128993792,63128993792,8.615,0.03
google/gemma-3-1b-it,NVIDIA GeForce RTX 5060 Ti,42,MuSiQue,6,16,199,semantic,44.1555,0.0,36.9182,0,1,0,13,269,269,37938003968,37938003968,8.615,0.03
google/gemma-3-1b-it,NVIDIA GeForce RTX 5060 Ti,42,MuSiQue,6,16,200,multi-hop,70.7924,72.8801,0.0,0,0,1,121,377,377,74516529152,74516529152,8.615,0.03
google/gemma-3-1b-it,NVIDIA GeForce RTX 5060 Ti,42,MuSiQue,6,16,201,multi-hop,40.8835,0.0,52.1415,0,1,0,102,358,358,67194847232,67194847232,8.615,0.03
google/gemma-3-1b-it,NVIDIA GeForce RTX 5060 Ti,42,MuSiQue,6,16,202,semantic,37.4909,0.0,93.4697,0,1,0,51,307,307,49413619712,49413619712,8.615,0.03
google/gemma-3-1b-it,NVIDIA GeForce RTX 5060 Ti,42,MuSiQue,6,16,203,semantic,35.1805,0.0,0.0,0,1,1,35,291,291,44397232128,44397232128,8.615,0.03
google/gemma-3-1b-it,NVIDIA GeForce RTX 5060 Ti,42,MuSiQue,6,16,204,multi-hop,56.0432,65.559,0.0,0,0,1,112,368,368,71001178112,71001178112,8.615,0.03
google/gemma-3-1b-it,NVIDIA GeForce RTX 5060 Ti,42,MuSiQue,6,16,205,multi-hop,37.9666,59.3238,36.2585,0,0,0,102,358,358,67194847232,67194847232,8.615,0.03
google/gemma-3-1b-it,NVIDIA GeForce RTX 5060 Ti,42,MuSiQue,6,16,206,multi-hop,37.1507,0.0,0.0,0,1,1,99,355,355,66073395200,66073395200,8.615,0.03
google/gemma-3-1b-it,NVIDIA GeForce RTX 5060 Ti,42,MuSiQue,6,16,207,multi-hop,36.417,0.0,66.9475,0,1,0,91,347,347,63128993792,63128993792,8.615,0.03
google/gemma-3-1b-it,NVIDIA GeForce RTX 5060 Ti,42,MuSiQue,6,16,208,semantic,36.2477,0.0,34.7731,0,1,0,120,376,376,74121740288,74121740288,8.615,0.03
google/gemma-3-1b-it,NVIDIA GeForce RTX 5060 Ti,42,MuSiQue,6,16,209,semantic,41.1204,0.0,62.7197,0,1,0,61,317,317,52685176832,52685176832,8.615,0.03
google/gemma-3-1b-it,NVIDIA GeForce RTX 5060 Ti,42,MuSiQue,6,16,210,multi-hop,60.1145,0.0,0.0,0,1,1,110,366,366,70231523328,70231523328,8.615,0.03
google/gemma-3-1b-it,NVIDIA GeForce RTX 5060 Ti,42,MuSiQue,6,16,211,multi-hop,36.9093,33.7611,62.4555,0,0,0,48,304,304,48452599808,48452599808,8.615,0.03
google/gemma-3-1b-it,NVIDIA GeForce RTX 5060 Ti,42,MuSiQue,6,16,212,semantic,64.0089,0.0,40.142,0,1,0,103,359,359,67570761728,67570761728,8.615,0.03
google/gemma-3-1b-it,NVIDIA GeForce RTX 5060 Ti,42,MuSiQue,6,16,213,structural,57.7749,81.2836,46.7858,0,0,0,96,352,352,64961380352,64961380352,8.615,0.03
google/gemma-3-1b-it,NVIDIA GeForce RTX 5060 Ti,42,MuSiQue,6,16,214,multi-hop,52.411,0.0,0.0,0,1,1,46,302,302,47817162752,47817162752,8.615,0.03
google/gemma-3-1b-it,NVIDIA GeForce RTX 5060 Ti,42,MuSiQue,6,16,215,multi-hop,33.4142,55.2173,33.3298,0,0,0,2,69,69,2496135168,2496135168,8.615,0.03
google/gemma-3-1b-it,NVIDIA GeForce RTX 5060 Ti,42,MuSiQue,6,16,216,multi-hop,62.6849,0.0,31.1791,0,1,0,77,333,333,58137772032,58137772032,8.615,0.03
google/gemma-3-1b-it,NVIDIA GeForce RTX 5060 Ti,42,MuSiQue,6,16,217,semantic,56.1165,0.0,0.0,0,1,1,94,350,350,64225280000,64225280000,8.615,0.03
google/gemma-3-1b-it,NVIDIA GeForce RTX 5060 Ti,42,MuSiQue,6,16,218,semantic,30.4726,0.0,0.0,0,1,1,92,348,348,63493373952,63493373952,8.615,0.03
google/gemma-3-1b-it,NVIDIA GeForce RTX 5060 Ti,42,MuSiQue,6,16,219,structural,36.9467,70.7645,99.6185,0,0,0,121,377,377,74516529152,74516529152,8.615,0.03
google/gemma-3-1b-it,NVIDIA GeForce RTX 5060 Ti,42,MuSiQue,6,16,220,multi-hop,0.0,0.0,0.0,1,1,1,103,359,359,67570761728,67570761728,8.615,0.03
google/gemma-3-1b-it,NVIDIA GeForce RTX 5060 Ti,42,MuSiQue,6,16,221,semantic,72.939,0.0,41.9513,0,1,0,57,313,313,51363971072,51363971072,8.615,0.03
google/gemma-3-1b-it,NVIDIA GeForce RTX 5060 Ti,42,MuSiQue,6,16,222,structural,54.7545,68.4203,54.7447,0,0,0,5,154,213,12434014208,23786422272,8.615,0.03
google/gemma-3-1b-it,NVIDIA GeForce RTX 5060 Ti,42,MuSiQue,6,16,223,multi-hop,36.3104,0.0,43.8026,0,1,0,33,289,289,43789058048,43789058048,8.615,0.03
google/gemma-3-1b-it,NVIDIA GeForce RTX 5060 Ti,42,MuSiQue,6,16,224,multi-hop,44.4434,0.0,0.0,0,1,1,103,359,359,67570761728,67570761728,8.615,0.03
google/gemma-3-1b-it,NVIDIA GeForce RTX 5060 Ti,42,MuSiQue,6,16,225,structural,32.6638,33.7984,37.3543,0,0,0,115,371,371,72163524608,72163524608,8.615,0.03
google/gemma-3-1b-it,NVIDIA GeForce RTX 5060 Ti,42,MuSiQue,6,16,226,semantic,0.0,0.0,56.8719,1,1,0,92,348,348,63493373952,63493373952,8.615,0.03
google/gemma-3-1b-it,NVIDIA GeForce RTX 5060 Ti,42,MuSiQue,6,16,227,semantic,50.6335,0.0,0.0,0,1,1,39,295,295,45626163200,45626163200,8.615,0.03
google/gemma-3-1b-it,NVIDIA GeForce RTX 5060 Ti,42,MuSiQue,6,16,228,structural,44.2582,0.0,0.0,0,1,1,137,393,393,80975757312,80975757312,8.615,0.03
google/gemma-3-1b-it,NVIDIA GeForce RTX 5060 Ti,42,MuSiQue,6,16,229,multi-hop,33.4876,38.0388,0.0,0,0,1,92,348,348,63493373952,63493373952,8.615,0.03
google/gemma-3-1b-it,NVIDIA GeForce RTX 5060 Ti,42,MuSiQue,6,16,230,structural,35.0949,52.6388,41.312,0,0,0,105,361,361,68325736448,68325736448,8.615,0.03
google/gemma-3-1b-it,NVIDIA GeForce RTX 5060 Ti,42,MuSiQue,6,16,231,semantic,50.5961,0.0,0.0,0,1,1,103,359,359,67570761728,67570761728,8.615,0.03
google/gemma-3-1b-it,NVIDIA GeForce RTX 5060 Ti,42,MuSiQue,6,16,232,structural,62.9933,35.5355,0.0,0,0,1,137,393,393,80975757312,80975757312,8.615,0.03
google/gemma-3-1b-it,NVIDIA GeForce RTX 5060 Ti,42,MuSiQue,6,16,233,structural,80.4806,57.4957,57.5252,0,0,0,39,295,295,45626163200,45626163200,8.615,0.03
google/gemma-3-1b-it,NVIDIA GeForce RTX 5060 Ti,42,MuSiQue,6,16,234,semantic,53.5057,0.0,0.0,0,1,1,87,343,343,61681958912,61681958912,8.615,0.03
google/gemma-3-1b-it,NVIDIA GeForce RTX 5060 Ti,42,MuSiQue,6,16,235,multi-hop,0.0,0.0,0.0,1,1,1,39,295,295,45626163200,45626163200,8.615,0.03
google/gemma-3-1b-it,NVIDIA GeForce RTX 5060 Ti,42,MuSiQue,6,16,236,multi-hop,37.6795,0.0,40.2072,0,1,0,114,370,370,71775027200,71775027200,8.615,0.03
google/gemma-3-1b-it,NVIDIA GeForce RTX 5060 Ti,42,MuSiQue,6,16,237,structural,36.4729,56.417,0.0,0,0,1,111,367,367,70615826432,70615826432,8.615,0.03
google/gemma-3-1b-it,NVIDIA GeForce RTX 5060 Ti,42,MuSiQue,6,16,238,multi-hop,40.2454,0.0,0.0,0,1,1,108,364,364,69466062848,69466062848,8.615,0.03
google/gemma-3-1b-it,NVIDIA GeForce RTX 5060 Ti,42,MuSiQue,6,16,239,structural,37.6017,58.1992,58.708,0,0,0,96,352,352,64961380352,64961380352,8.615,0.03
google/gemma-3-1b-it,NVIDIA GeForce RTX 5060 Ti,42,MuSiQue,6,16,240,multi-hop,49.5397,0.0,0.0,0,1,1,102,358,358,67194847232,67194847232,8.615,0.03
google/gemma-3-1b-it,NVIDIA GeForce RTX 5060 Ti,42,MuSiQue,6,16,241,multi-hop,90.2845,0.0,60.4933,0,1,0,100,356,356,66446163968,66446163968,8.615,0.03
google/gemma-3-1b-it,NVIDIA GeForce RTX 5060 Ti,42,MuSiQue,6,16,242,multi-hop,42.2846,38.5845,0.0,0,0,1,105,361,361,68325736448,68325736448,8.615,0.03
google/gemma-3-1b-it,NVIDIA GeForce RTX 5060 Ti,42,MuSiQue,6,16,243,multi-hop,80.0833,0.0,0.0,0,1,1,108,364,364,69466062848,69466062848,8.615,0.03
google/gemma-3-1b-it,NVIDIA GeForce RTX 5060 Ti,42,MuSiQue,6,16,244,semantic,57.3859,0.0,0.0,0,1,1,77,333,333,58137772032,58137772032,8.615,0.03
google/gemma-3-1b-it,NVIDIA GeForce RTX 5060 Ti,42,MuSiQue,6,16,245,multi-hop,53.6232,95.4616,39.4867,0,0,0,102,358,358,67194847232,67194847232,8.615,0.03
google/gemma-3-1b-it,NVIDIA GeForce RTX 5060 Ti,42,MuSiQue,6,16,246,structural,66.2723,0.0,0.0,0,1,1,113,369,369,71387578368,71387578368,8.615,0.03
google/gemma-3-1b-it,NVIDIA GeForce RTX 5060 Ti,42,MuSiQue,6,16,247,structural,54.6905,0.0,0.0,0,1,1,37,293,293,45009600512,45009600512,8.615,0.03
google/gemma-3-1b-it,NVIDIA GeForce RTX 5060 Ti,42,MuSiQue,6,16,248,semantic,46.1476,0.0,0.0,0,1,1,16,272,272,38788923392,38788923392,8.615,0.03
google/gemma-3-1b-it,NVIDIA GeForce RTX 5060 Ti,42,MuSiQue,6,16,249,multi-hop,42.3245,0.0,0.0,0,1,1,110,366,366,70231523328,70231523328,8.615,0.03
google/gemma-3-1b-it,NVIDIA GeForce RTX 5060 Ti,42,MuSiQue,6,16,250,semantic,36.5854,0.0,0.0,0,1,1,99,355,355,66073395200,66073395200,8.615,0.03
google/gemma-3-1b-it,NVIDIA GeForce RTX 5060 Ti,42,MuSiQue,6,16,251,multi-hop,56.8647,0.0,0.0,0,1,1,112,368,368,71001178112,71001178112,8.615,0.03
google/gemma-3-1b-it,NVIDIA GeForce RTX 5060 Ti,42,MuSiQue,6,16,252,multi-hop,46.1568,0.0,0.0,0,1,1,2,69,69,2496135168,2496135168,8.615,0.03
google/gemma-3-1b-it,NVIDIA GeForce RTX 5060 Ti,42,MuSiQue,6,16,253,multi-hop,27.3377,0.0,0.0,0,1,1,30,286,286,42884661248,42884661248,8.615,0.03
google/gemma-3-1b-it,NVIDIA GeForce RTX 5060 Ti,42,MuSiQue,6,16,254,multi-hop,33.6318,35.9339,91.8311,0,0,0,20,276,276,39938162688,39938162688,8.615,0.03
google/gemma-3-1b-it,NVIDIA GeForce RTX 5060 Ti,42,MuSiQue,6,16,255,multi-hop,45.1041,68.56,80.5728,0,0,0,84,340,340,60607692800,60607692800,8.615,0.03
google/gemma-3-1b-it,NVIDIA GeForce RTX 5060 Ti,42,MuSiQue,6,16,256,multi-hop,50.7086,48.4084,0.0,0,0,1,101,357,357,66819981312,66819981312,8.615,0.03
google/gemma-3-1b-it,NVIDIA GeForce RTX 5060 Ti,42,MuSiQue,6,16,257,semantic,54.8471,0.0,32.212,0,1,0,9,265,265,36818124800,36818124800,8.615,0.03
google/gemma-3-1b-it,NVIDIA GeForce RTX 5060 Ti,42,MuSiQue,6,16,258,multi-hop,48.6809,0.0,35.8325,0,1,0,33,289,289,43789058048,43789058048,8.615,0.03
google/gemma-3-1b-it,NVIDIA GeForce RTX 5060 Ti,42,MuSiQue,6,16,259,multi-hop,45.161,0.0,0.0,0,1,1,132,388,388,78928412672,78928412672,8.615,0.03
google/gemma-3-1b-it,NVIDIA GeForce RTX 5060 Ti,42,MuSiQue,6,16,260,structural,58.7859,0.0,0.0,0,1,1,100,356,356,66446163968,66446163968,8.615,0.03
google/gemma-3-1b-it,NVIDIA GeForce RTX 5060 Ti,42,MuSiQue,6,16,261,semantic,74.363,0.0,44.1192,0,1,0,141,397,397,82632507392,82632507392,8.615,0.03
google/gemma-3-1b-it,NVIDIA GeForce RTX 5060 Ti,42,MuSiQue,6,16,262,multi-hop,29.905,40.3668,63.1353,0,0,0,121,377,377,74516529152,74516529152,8.615,0.03
google/gemma-3-1b-it,NVIDIA GeForce RTX 5060 Ti,42,MuSiQue,6,16,263,semantic,85.4032,0.0,0.0,0,1,1,46,302,302,47817162752,47817162752,8.615,0.03
google/gemma-3-1b-it,NVIDIA GeForce RTX 5060 Ti,42,MuSiQue,6,16,264,semantic,47.8214,0.0,0.0,0,1,1,19,275,275,39649280000,39649280000,8.615,0.03
google/gemma-3-1b-it,NVIDIA GeForce RTX 5060 Ti,42,MuSiQue,6,16,265,semantic,52.7464,0.0,0.0,0,1,1,92,348,348,63493373952,63493373952,8.615,0.03
google/gemma-3-1b-it,NVIDIA GeForce RTX 5060 Ti,42,MuSiQue,6,16,266,semantic,42.1234,0.0,37.0749,0,1,0,104,360,360,67947724800,67947724800,8.615,0.03
google/gemma-3-1b-it,NVIDIA GeForce RTX 5060 Ti,42,MuSiQue,6,16,267,structural,28.6689,59.6526,64.7997,0,0,0,60,316,316,52353302528,52353302528,8.615,0.03
google/gemma-3-1b-it,NVIDIA GeForce RTX 5060 Ti,42,MuSiQue,6,16,268,structural,63.3849,47.7934,33.254,0,0,0,104,360,360,67947724800,67947724800,8.615,0.03
google/gemma-3-1b-it,NVIDIA GeForce RTX 5060 Ti,42,MuSiQue,6,16,269,semantic,73.2467,0.0,0.0,0,1,1,116,372,372,72553070592,72553070592,8.615,0.03
google/gemma-3-1b-it,NVIDIA GeForce RTX 5060 Ti,42,MuSiQue,6,16,270,multi-hop,34.5273,0.0,31.7957,0,1,0,99,355,355,66073395200,66073395200,8.615,0.03
google/gemma-3-1b-it,NVIDIA GeForce RTX 5060 Ti,42,MuSiQue,6,16,271,multi-hop,59.5252,0.0,0.0,0,1,1,103,359,359,67570761728,67570761728,8.615,0.03
google/gemma-3-1b-it,NVIDIA GeForce RTX 5060 Ti,42,MuSiQue,6,16,272,semantic,34.8535,0.0,37.1732,0,1,0,86,342,342,61322821632,61322821632,8.615,0.03
google/gemma-3-1b-it,NVIDIA GeForce RTX 5060 Ti,42,MuSiQue,6,16,273,multi-hop,39.478,44.3577,39.0258,0,0,0,60,316,316,52353302528,52353302528,8.615,0.03
google/gemma-3-1b-it,NVIDIA GeForce RTX 5060 Ti,42,MuSiQue,6,16,274,multi-hop,35.7065,51.8701,56.0964,0,0,0,106,362,333,68704796672,58137772032,8.615,0.03
google/gemma-3-1b-it,NVIDIA GeForce RTX 5060 Ti,42,MuSiQue,6,16,275,multi-hop,55.0088,0.0,43.22,0,1,0,103,359,359,67570761728,67570761728,8.615,0.03
google/gemma-3-1b-it,NVIDIA GeForce RTX 5060 Ti,42,MuSiQue,6,16,276,multi-hop,59.8777,0.0,78.8206,0,1,0,87,343,343,61681958912,61681958912,8.615,0.03
google/gemma-3-1b-it,NVIDIA GeForce RTX 5060 Ti,42,MuSiQue,6,16,277,structural,29.5809,0.0,0.0,0,1,1,67,323,323,54698442752,54698442752,8.615,0.03
google/gemma-3-1b-it,NVIDIA GeForce RTX 5060 Ti,42,MuSiQue,6,16,278,multi-hop,71.5616,29.3632,42.231,0,0,0,88,344,344,62042144768,62042144768,8.615,0.03
google/gemma-3-1b-it,NVIDIA GeForce RTX 5060 Ti,42,MuSiQue,6,16,279,structural,43.4269,60.0271,53.7009,0,0,0,119,375,375,73728000000,73728000000,8.615,0.03
google/gemma-3-1b-it,NVIDIA GeForce RTX 5060 Ti,42,MuSiQue,6,16,280,multi-hop,61.8122,33.0891,57.0452,0,0,0,103,359,359,67570761728,67570761728,8.615,0.03
google/gemma-3-1b-it,NVIDIA GeForce RTX 5060 Ti,42,MuSiQue,6,16,281,semantic,52.9572,0.0,0.0,0,1,1,72,328,328,56405000192,56405000192,8.615,0.03
google/gemma-3-1b-it,NVIDIA GeForce RTX 5060 Ti,42,MuSiQue,6,16,282,semantic,36.0152,0.0,0.0,0,1,1,4,260,260,35441868800,35441868800,8.615,0.03
google/gemma-3-1b-it,NVIDIA GeForce RTX 5060 Ti,42,MuSiQue,6,16,283,structural,69.0048,44.806,61.0905,0,0,0,72,328,328,56405000192,56405000192,8.615,0.03
google/gemma-3-1b-it,NVIDIA GeForce RTX 5060 Ti,42,MuSiQue,6,16,284,multi-hop,44.2398,33.1158,70.2461,0,0,0,88,344,344,62042144768,62042144768,8.615,0.03
google/gemma-3-1b-it,NVIDIA GeForce RTX 5060 Ti,42,MuSiQue,6,16,285,structural,40.3672,45.5479,0.0,0,0,1,103,359,359,67570761728,67570761728,8.615,0.03
google/gemma-3-1b-it,NVIDIA GeForce RTX 5060 Ti,42,MuSiQue,6,16,286,multi-hop,56.5555,0.0,39.5239,0,1,0,111,367,367,70615826432,70615826432,8.615,0.03
google/gemma-3-1b-it,NVIDIA GeForce RTX 5060 Ti,42,MuSiQue,6,16,287,structural,49.7093,40.2599,37.8265,0,0,0,93,349,349,63858802688,63858802688,8.615,0.03
google/gemma-3-1b-it,NVIDIA GeForce RTX 5060 Ti,42,MuSiQue,6,16,288,multi-hop,37.9853,0.0,0.0,0,1,1,110,366,366,70231523328,70231523328,8.615,0.03
google/gemma-3-1b-it,NVIDIA GeForce RTX 5060 Ti,42,MuSiQue,6,16,289,multi-hop,42.729,0.0,0.0,0,1,1,62,318,318,53018099712,53018099712,8.615,0.03
google/gemma-3-1b-it,NVIDIA GeForce RTX 5060 Ti,42,MuSiQue,6,16,290,semantic,58.8168,0.0,0.0,0,1,1,115,371,371,72163524608,72163524608,8.615,0.03
google/gemma-3-1b-it,NVIDIA GeForce RTX 5060 Ti,42,MuSiQue,6,16,291,multi-hop,36.0892,0.0,0.0,0,1,1,7,263,263,36264476672,36264476672,8.615,0.03
google/gemma-3-1b-it,NVIDIA GeForce RTX 5060 Ti,42,MuSiQue,6,16,292,multi-hop,48.4776,0.0,56.9053,0,1,0,86,342,342,61322821632,61322821632,8.615,0.03
google/gemma-3-1b-it,NVIDIA GeForce RTX 5060 Ti,42,MuSiQue,6,16,293,multi-hop,0.0,32.7076,0.0,1,0,1,96,352,352,64961380352,64961380352,8.615,0.03
google/gemma-3-1b-it,NVIDIA GeForce RTX 5060 Ti,42,MuSiQue,6,16,294,multi-hop,35.5008,40.842,53.3879,0,0,0,111,367,367,70615826432,70615826432,8.615,0.03
google/gemma-3-1b-it,NVIDIA GeForce RTX 5060 Ti,42,MuSiQue,6,16,295,semantic,29.1223,0.0,28.1773,0,1,0,105,361,361,68325736448,68325736448,8.615,0.03
google/gemma-3-1b-it,NVIDIA GeForce RTX 5060 Ti,42,MuSiQue,6,16,296,multi-hop,34.3366,48.5108,31.2605,0,0,0,148,404,404,85572190208,85572190208,8.615,0.03
google/gemma-3-1b-it,NVIDIA GeForce RTX 5060 Ti,42,MuSiQue,6,16,297,multi-hop,31.0509,40.0031,53.5522,0,0,0,77,333,333,58137772032,58137772032,8.615,0.03
google/gemma-3-1b-it,NVIDIA GeForce RTX 5060 Ti,42,MuSiQue,6,16,298,structural,36.8879,51.8132,0.0,0,0,1,94,350,350,64225280000,64225280000,8.615,0.03
google/gemma-3-1b-it,NVIDIA GeForce RTX 5060 Ti,42,MuSiQue,6,16,299,semantic,28.0756,0.0,29.7235,0,1,0,65,321,321,54023159808,54023159808,8.615,0.03
google/gemma-3-1b-it,NVIDIA GeForce RTX 5060 Ti,42,MuSiQue,6,16,300,multi-hop,30.0784,0.0,0.0,0,1,1,120,376,376,74121740288,74121740288,8.615,0.03
google/gemma-3-1b-it,NVIDIA GeForce RTX 5060 Ti,42,MuSiQue,6,16,301,multi-hop,71.8744,35.6272,36.023,0,0,0,131,387,387,78522089472,78522089472,8.615,0.03
google/gemma-3-1b-it,NVIDIA GeForce RTX 5060 Ti,42,MuSiQue,6,16,302,structural,35.7785,65.0513,0.0,0,0,1,88,344,344,62042144768,62042144768,8.615,0.03
google/gemma-3-1b-it,NVIDIA GeForce RTX 5060 Ti,42,MuSiQue,6,16,303,semantic,68.3726,0.0,0.0,0,1,1,132,388,388,78928412672,78928412672,8.615,0.03
google/gemma-3-1b-it,NVIDIA GeForce RTX 5060 Ti,42,MuSiQue,6,16,304,multi-hop,45.6205,0.0,27.5361,0,1,0,88,344,344,62042144768,62042144768,8.615,0.03
google/gemma-3-1b-it,NVIDIA GeForce RTX 5060 Ti,42,MuSiQue,6,16,305,multi-hop,40.3957,0.0,0.0,0,1,1,101,357,357,66819981312,66819981312,8.615,0.03
google/gemma-3-1b-it,NVIDIA GeForce RTX 5060 Ti,42,MuSiQue,6,16,306,semantic,32.9779,0.0,76.0407,0,1,0,121,377,377,74516529152,74516529152,8.615,0.03
google/gemma-3-1b-it,NVIDIA GeForce RTX 5060 Ti,42,MuSiQue,6,16,307,semantic,50.3905,0.0,65.9208,0,1,0,91,347,347,63128993792,63128993792,8.615,0.03
google/gemma-3-1b-it,NVIDIA GeForce RTX 5060 Ti,42,MuSiQue,6,16,308,multi-hop,64.6594,29.3207,36.0784,0,0,0,43,299,299,46871871488,46871871488,8.615,0.03
google/gemma-3-1b-it,NVIDIA GeForce RTX 5060 Ti,42,MuSiQue,6,16,309,multi-hop,48.9099,0.0,0.0,0,1,1,101,357,357,66819981312,66819981312,8.615,0.03
google/gemma-3-1b-it,NVIDIA GeForce RTX 5060 Ti,42,MuSiQue,6,16,310,structural,38.7937,33.7698,0.0,0,0,1,96,352,352,64961380352,64961380352,8.615,0.03
google/gemma-3-1b-it,NVIDIA GeForce RTX 5060 Ti,42,MuSiQue,6,16,311,multi-hop,37.5905,36.9839,0.0,0,0,1,111,367,367,70615826432,70615826432,8.615,0.03
google/gemma-3-1b-it,NVIDIA GeForce RTX 5060 Ti,42,MuSiQue,6,16,312,multi-hop,45.2101,58.2946,39.0622,0,0,0,13,269,269,37938003968,37938003968,8.615,0.03
google/gemma-3-1b-it,NVIDIA GeForce RTX 5060 Ti,42,MuSiQue,6,16,313,structural,56.7272,51.433,38.7508,0,0,0,110,366,366,70231523328,70231523328,8.615,0.03
google/gemma-3-1b-it,NVIDIA GeForce RTX 5060 Ti,42,MuSiQue,6,16,314,structural,63.4571,63.3469,33.4199,0,0,0,46,302,302,47817162752,47817162752,8.615,0.03
google/gemma-3-1b-it,NVIDIA GeForce RTX 5060 Ti,42,MuSiQue,6,16,315,multi-hop,33.1828,54.2441,26.7225,0,0,0,12,268,268,37656461312,37656461312,8.615,0.03
google/gemma-3-1b-it,NVIDIA GeForce RTX 5060 Ti,42,MuSiQue,6,16,316,semantic,62.0824,0.0,0.0,0,1,1,5,261,261,35715022848,35715022848,8.615,0.03
google/gemma-3-1b-it,NVIDIA GeForce RTX 5060 Ti,42,MuSiQue,6,16,317,multi-hop,53.3518,0.0,0.0,0,1,1,101,357,357,66819981312,66819981312,8.615,0.03
google/gemma-3-1b-it,NVIDIA GeForce RTX 5060 Ti,42,MuSiQue,6,16,318,multi-hop,34.3551,47.6744,40.222,0,0,0,124,380,380,75707187200,75707187200,8.615,0.03
google/gemma-3-1b-it,NVIDIA GeForce RTX 5060 Ti,42,MuSiQue,6,16,319,semantic,40.4933,0.0,0.0,0,1,1,106,362,362,68704796672,68704796672,8.615,0.03
google/gemma-3-1b-it,NVIDIA GeForce RTX 5060 Ti,42,MuSiQue,6,16,320,multi-hop,99.0449,0.0,35.7792,0,1,0,103,359,359,67570761728,67570761728,8.615,0.03
google/gemma-3-1b-it,NVIDIA GeForce RTX 5060 Ti,42,MuSiQue,6,16,321,multi-hop,30.5827,43.0506,0.0,0,0,1,104,360,360,67947724800,67947724800,8.615,0.03
google/gemma-3-1b-it,NVIDIA GeForce RTX 5060 Ti,42,MuSiQue,6,16,322,multi-hop,28.75,56.5021,0.0,0,0,1,111,367,367,70615826432,70615826432,8.615,0.03
google/gemma-3-1b-it,NVIDIA GeForce RTX 5060 Ti,42,MuSiQue,6,16,323,structural,0.0,37.6221,44.0973,1,0,0,129,385,385,77712588800,77712588800,8.615,0.03
google/gemma-3-1b-it,NVIDIA GeForce RTX 5060 Ti,42,MuSiQue,6,16,324,semantic,67.2039,0.0,0.0,0,1,1,112,368,368,71001178112,71001178112,8.615,0.03
google/gemma-3-1b-it,NVIDIA GeForce RTX 5060 Ti,42,MuSiQue,6,16,325,semantic,60.8961,0.0,0.0,0,1,1,119,375,375,73728000000,73728000000,8.615,0.03
google/gemma-3-1b-it,NVIDIA GeForce RTX 5060 Ti,42,MuSiQue,6,16,326,multi-hop,37.251,37.5165,0.0,0,0,1,71,299,327,46871871488,56061591552,8.615,0.03
google/gemma-3-1b-it,NVIDIA GeForce RTX 5060 Ti,42,MuSiQue,6,16,327,structural,57.0184,0.0,43.8013,0,1,0,121,377,377,74516529152,74516529152,8.615,0.03
google/gemma-3-1b-it,NVIDIA GeForce RTX 5060 Ti,42,MuSiQue,6,16,328,multi-hop,47.712,0.0,47.6332,0,1,0,40,296,296,45936017408,45936017408,8.615,0.03
google/gemma-3-1b-it,NVIDIA GeForce RTX 5060 Ti,42,MuSiQue,6,16,329,multi-hop,28.4222,49.4784,0.0,0,0,1,20,276,276,39938162688,39938162688,8.615,0.03
google/gemma-3-1b-it,NVIDIA GeForce RTX 5060 Ti,42,MuSiQue,6,16,330,structural,44.5247,30.3705,36.1846,0,0,0,96,352,352,64961380352,64961380352,8.615,0.03
google/gemma-3-1b-it,NVIDIA GeForce RTX 5060 Ti,42,MuSiQue,6,16,331,multi-hop,36.5864,84.5747,44.0098,0,0,0,104,360,360,67947724800,67947724800,8.615,0.03
google/gemma-3-1b-it,NVIDIA GeForce RTX 5060 Ti,42,MuSiQue,6,16,332,multi-hop,35.9049,55.477,0.0,0,0,1,73,329,329,56749457408,56749457408,8.615,0.03
google/gemma-3-1b-it,NVIDIA GeForce RTX 5060 Ti,42,MuSiQue,6,16,333,semantic,29.0346,0.0,80.5029,0,1,0,114,370,370,71775027200,71775027200,8.615,0.03
google/gemma-3-1b-it,NVIDIA GeForce RTX 5060 Ti,42,MuSiQue,6,16,334,semantic,50.8912,0.0,0.0,0,1,1,170,426,426,95145689088,95145689088,8.615,0.03
google/gemma-3-1b-it,NVIDIA GeForce RTX 5060 Ti,42,MuSiQue,6,16,335,multi-hop,57.3965,49.0377,26.792,0,0,0,14,270,270,38220595200,38220595200,8.615,0.03
google/gemma-3-1b-it,NVIDIA GeForce RTX 5060 Ti,42,MuSiQue,6,16,336,multi-hop,32.3957,0.0,0.0,0,1,1,118,374,374,73335308288,73335308288,8.615,0.03
google/gemma-3-1b-it,NVIDIA GeForce RTX 5060 Ti,42,MuSiQue,6,16,337,structural,28.7253,46.546,0.0,0,0,1,4,260,260,35441868800,35441868800,8.615,0.03
google/gemma-3-1b-it,NVIDIA GeForce RTX 5060 Ti,42,MuSiQue,6,16,338,multi-hop,34.1505,0.0,0.0,0,1,1,87,343,343,61681958912,61681958912,8.615,0.03
google/gemma-3-1b-it,NVIDIA GeForce RTX 5060 Ti,42,MuSiQue,6,16,339,multi-hop,45.304,0.0,0.0,0,1,1,114,370,370,71775027200,71775027200,8.615,0.03
google/gemma-3-1b-it,NVIDIA GeForce RTX 5060 Ti,42,MuSiQue,6,16,340,semantic,65.0431,0.0,78.9406,0,1,0,26,282,282,41693478912,41693478912,8.615,0.03
google/gemma-3-1b-it,NVIDIA GeForce RTX 5060 Ti,42,MuSiQue,6,16,341,semantic,0.0,0.0,30.0414,1,1,0,25,281,281,41398304768,41398304768,8.615,0.03
google/gemma-3-1b-it,NVIDIA GeForce RTX 5060 Ti,42,MuSiQue,6,16,342,multi-hop,30.0622,0.0,48.2764,0,1,0,4,260,260,35441868800,35441868800,8.615,0.03
google/gemma-3-1b-it,NVIDIA GeForce RTX 5060 Ti,42,MuSiQue,6,16,343,structural,40.1799,36.1262,0.0,0,0,1,110,366,366,70231523328,70231523328,8.615,0.03
google/gemma-3-1b-it,NVIDIA GeForce RTX 5060 Ti,42,MuSiQue,6,16,344,multi-hop,34.7751,44.4593,37.2081,0,0,0,2,69,69,2496135168,2496135168,8.615,0.03
google/gemma-3-1b-it,NVIDIA GeForce RTX 5060 Ti,42,MuSiQue,6,16,345,semantic,35.3335,0.0,0.0,0,1,1,115,371,371,72163524608,72163524608,8.615,0.03
google/gemma-3-1b-it,NVIDIA GeForce RTX 5060 Ti,42,MuSiQue,6,16,346,semantic,43.3456,0.0,0.0,0,1,1,115,371,371,72163524608,72163524608,8.615,0.03
google/gemma-3-1b-it,NVIDIA GeForce RTX 5060 Ti,42,MuSiQue,6,16,347,structural,29.0781,72.7755,30.1209,0,0,0,92,348,348,63493373952,63493373952,8.615,0.03
google/gemma-3-1b-it,NVIDIA GeForce RTX 5060 Ti,42,MuSiQue,6,16,348,structural,30.8002,39.5859,45.2457,0,0,0,89,345,345,62403379200,62403379200,8.615,0.03
google/gemma-3-1b-it,NVIDIA GeForce RTX 5060 Ti,42,MuSiQue,6,16,349,semantic,0.0,43.9841,0.0,1,0,1,115,371,371,72163524608,72163524608,8.615,0.03
google/gemma-3-1b-it,NVIDIA GeForce RTX 5060 Ti,42,MuSiQue,6,16,350,semantic,42.7137,0.0,0.0,0,1,1,100,356,356,66446163968,66446163968,8.615,0.03
google/gemma-3-1b-it,NVIDIA GeForce RTX 5060 Ti,42,MuSiQue,6,16,351,multi-hop,36.3063,37.2071,56.0306,0,0,0,110,366,366,70231523328,70231523328,8.615,0.03
google/gemma-3-1b-it,NVIDIA GeForce RTX 5060 Ti,42,MuSiQue,6,16,352,structural,46.801,0.0,0.0,0,1,1,90,346,346,62765662208,62765662208,8.615,0.03
google/gemma-3-1b-it,NVIDIA GeForce RTX 5060 Ti,42,MuSiQue,6,16,353,semantic,41.1547,0.0,0.0,0,1,1,72,328,328,56405000192,56405000192,8.615,0.03
google/gemma-3-1b-it,NVIDIA GeForce RTX 5060 Ti,42,MuSiQue,6,16,354,semantic,51.0109,0.0,42.3924,0,1,0,33,289,289,43789058048,43789058048,8.615,0.03
google/gemma-3-1b-it,NVIDIA GeForce RTX 5060 Ti,42,MuSiQue,6,16,355,semantic,47.6364,0.0,0.0,0,1,1,99,355,355,66073395200,66073395200,8.615,0.03
google/gemma-3-1b-it,NVIDIA GeForce RTX 5060 Ti,42,MuSiQue,6,16,356,multi-hop,36.4571,64.5063,52.1367,0,0,0,123,379,379,75309252608,75309252608,8.615,0.03
google/gemma-3-1b-it,NVIDIA GeForce RTX 5060 Ti,42,MuSiQue,6,16,357,structural,53.5042,0.0,0.0,0,1,1,95,351,351,64592805888,64592805888,8.615,0.03
google/gemma-3-1b-it,NVIDIA GeForce RTX 5060 Ti,42,MuSiQue,6,16,358,multi-hop,42.7085,61.831,35.3265,0,0,0,102,358,358,67194847232,67194847232,8.615,0.03
google/gemma-3-1b-it,NVIDIA GeForce RTX 5060 Ti,42,MuSiQue,6,16,359,structural,29.9622,46.5798,57.8121,0,0,0,107,363,363,69084905472,69084905472,8.615,0.03
google/gemma-3-1b-it,NVIDIA GeForce RTX 5060 Ti,42,MuSiQue,6,16,360,structural,46.1269,58.135,0.0,0,0,1,57,251,313,33030668288,51363971072,8.615,0.03
google/gemma-3-1b-it,NVIDIA GeForce RTX 5060 Ti,42,MuSiQue,6,16,361,semantic,58.7397,0.0,0.0,0,1,1,121,377,377,74516529152,74516529152,8.615,0.03
google/gemma-3-1b-it,NVIDIA GeForce RTX 5060 Ti,42,MuSiQue,6,16,362,multi-hop,35.0717,0.0,0.0,0,1,1,110,366,366,70231523328,70231523328,8.615,0.03
google/gemma-3-1b-it,NVIDIA GeForce RTX 5060 Ti,42,MuSiQue,6,16,363,structural,45.885,30.4027,39.2477,0,0,0,132,388,388,78928412672,78928412672,8.615,0.03
google/gemma-3-1b-it,NVIDIA GeForce RTX 5060 Ti,42,MuSiQue,6,16,364,semantic,37.1984,0.0,0.0,0,1,1,12,268,268,37656461312,37656461312,8.615,0.03
google/gemma-3-1b-it,NVIDIA GeForce RTX 5060 Ti,42,MuSiQue,6,16,365,semantic,30.1114,0.0,0.0,0,1,1,109,365,365,69848268800,69848268800,8.615,0.03
google/gemma-3-1b-it,NVIDIA GeForce RTX 5060 Ti,42,MuSiQue,6,16,366,multi-hop,36.2464,31.8492,31.1218,0,0,0,3,194,213,19732103168,23786422272,8.615,0.03
google/gemma-3-1b-it,NVIDIA GeForce RTX 5060 Ti,42,MuSiQue,6,16,367,semantic,35.0532,0.0,32.7917,0,1,0,88,344,344,62042144768,62042144768,8.615,0.03
google/gemma-3-1b-it,NVIDIA GeForce RTX 5060 Ti,42,MuSiQue,6,16,368,semantic,46.5921,0.0,34.3201,0,1,0,15,271,271,38504235008,38504235008,8.615,0.03
google/gemma-3-1b-it,NVIDIA GeForce RTX 5060 Ti,42,MuSiQue,6,16,369,semantic,29.5335,0.0,28.3876,0,1,0,97,353,353,65331003392,65331003392,8.615,0.03
google/gemma-3-1b-it,NVIDIA GeForce RTX 5060 Ti,42,MuSiQue,6,16,370,multi-hop,34.1596,0.0,0.0,0,1,1,101,357,357,66819981312,66819981312,8.615,0.03
google/gemma-3-1b-it,NVIDIA GeForce RTX 5060 Ti,42,MuSiQue,6,16,371,semantic,56.2726,0.0,37.4452,0,1,0,84,340,340,60607692800,60607692800,8.615,0.03
google/gemma-3-1b-it,NVIDIA GeForce RTX 5060 Ti,42,MuSiQue,6,16,372,multi-hop,62.8901,0.0,45.1536,0,1,0,114,370,370,71775027200,71775027200,8.615,0.03
google/gemma-3-1b-it,NVIDIA GeForce RTX 5060 Ti,42,MuSiQue,6,16,373,multi-hop,69.1179,0.0,49.8873,0,1,0,112,368,368,71001178112,71001178112,8.615,0.03
google/gemma-3-1b-it,NVIDIA GeForce RTX 5060 Ti,42,MuSiQue,6,16,374,structural,44.3147,44.0283,34.0275,0,0,0,45,301,301,47501017088,47501017088,8.615,0.03
google/gemma-3-1b-it,NVIDIA GeForce RTX 5060 Ti,42,MuSiQue,6,16,375,structural,49.5075,33.2648,62.685,0,0,0,39,295,295,45626163200,45626163200,8.615,0.03
google/gemma-3-1b-it,NVIDIA GeForce RTX 5060 Ti,42,MuSiQue,6,16,376,multi-hop,44.6521,54.8117,0.0,0,0,1,109,365,365,69848268800,69848268800,8.615,0.03
google/gemma-3-1b-it,NVIDIA GeForce RTX 5060 Ti,42,MuSiQue,6,16,377,structural,35.9986,40.8917,26.9238,0,0,0,105,361,361,68325736448,68325736448,8.615,0.03
google/gemma-3-1b-it,NVIDIA GeForce RTX 5060 Ti,42,MuSiQue,6,16,378,multi-hop,27.3249,62.1949,58.8356,0,0,0,97,353,353,65331003392,65331003392,8.615,0.03
google/gemma-3-1b-it,NVIDIA GeForce RTX 5060 Ti,42,MuSiQue,6,16,379,structural,46.146,34.581,0.0,0,0,1,91,347,347,63128993792,63128993792,8.615,0.03
google/gemma-3-1b-it,NVIDIA GeForce RTX 5060 Ti,42,MuSiQue,6,16,380,semantic,44.4911,0.0,0.0,0,1,1,123,379,379,75309252608,75309252608,8.615,0.03
google/gemma-3-1b-it,NVIDIA GeForce RTX 5060 Ti,42,MuSiQue,6,16,381,structural,68.4926,45.906,0.0,0,0,1,123,379,379,75309252608,75309252608,8.615,0.03
google/gemma-3-1b-it,NVIDIA GeForce RTX 5060 Ti,42,MuSiQue,6,16,382,semantic,57.5034,0.0,0.0,0,1,1,110,366,366,70231523328,70231523328,8.615,0.03
google/gemma-3-1b-it,NVIDIA GeForce RTX 5060 Ti,42,MuSiQue,6,16,383,multi-hop,33.4821,0.0,37.0782,0,1,0,90,346,346,62765662208,62765662208,8.615,0.03
google/gemma-3-1b-it,NVIDIA GeForce RTX 5060 Ti,42,MuSiQue,6,16,384,structural,30.092,73.9069,77.1174,0,0,0,71,299,327,46871871488,56061591552,8.615,0.03
google/gemma-3-1b-it,NVIDIA GeForce RTX 5060 Ti,42,MuSiQue,6,16,385,multi-hop,52.7019,35.3129,63.0963,0,0,0,5,154,233,12434014208,28463071232,8.615,0.03
google/gemma-3-1b-it,NVIDIA GeForce RTX 5060 Ti,42,MuSiQue,6,16,386,semantic,52.7888,0.0,0.0,0,1,1,114,370,370,71775027200,71775027200,8.615,0.03
google/gemma-3-1b-it,NVIDIA GeForce RTX 5060 Ti,42,MuSiQue,6,16,387,semantic,45.5704,0.0,0.0,0,1,1,95,351,351,64592805888,64592805888,8.615,0.03
google/gemma-3-1b-it,NVIDIA GeForce RTX 5060 Ti,42,MuSiQue,6,16,388,multi-hop,30.1399,0.0,36.7771,0,1,0,98,354,354,65701675008,65701675008,8.615,0.03
google/gemma-3-1b-it,NVIDIA GeForce RTX 5060 Ti,42,MuSiQue,6,16,389,semantic,36.084,0.0,0.0,0,1,1,92,348,348,63493373952,63493373952,8.615,0.03
google/gemma-3-1b-it,NVIDIA GeForce RTX 5060 Ti,42,MuSiQue,6,16,390,multi-hop,81.0703,0.0,0.0,0,1,1,113,369,369,71387578368,71387578368,8.615,0.03
google/gemma-3-1b-it,NVIDIA GeForce RTX 5060 Ti,42,MuSiQue,6,16,391,multi-hop,45.8489,0.0,0.0,0,1,1,13,49,269,1258815488,37938003968,8.615,0.03
google/gemma-3-1b-it,NVIDIA GeForce RTX 5060 Ti,42,MuSiQue,6,16,392,multi-hop,69.8503,0.0,0.0,0,1,1,45,301,301,47501017088,47501017088,8.615,0.03
google/gemma-3-1b-it,NVIDIA GeForce RTX 5060 Ti,42,MuSiQue,6,16,393,semantic,56.487,0.0,0.0,0,1,1,110,366,366,70231523328,70231523328,8.615,0.03
google/gemma-3-1b-it,NVIDIA GeForce RTX 5060 Ti,42,MuSiQue,6,16,394,multi-hop,73.25,80.9616,0.0,0,0,1,5,261,261,35715022848,35715022848,8.615,0.03
google/gemma-3-1b-it,NVIDIA GeForce RTX 5060 Ti,42,MuSiQue,6,16,395,multi-hop,42.8689,60.9353,54.2642,0,0,0,129,385,385,77712588800,77712588800,8.615,0.03
google/gemma-3-1b-it,NVIDIA GeForce RTX 5060 Ti,42,MuSiQue,6,16,396,multi-hop,67.2708,0.0,0.0,0,1,1,4,260,260,35441868800,35441868800,8.615,0.03
google/gemma-3-1b-it,NVIDIA GeForce RTX 5060 Ti,42,MuSiQue,6,16,397,structural,43.5277,67.3162,0.0,0,0,1,116,372,372,72553070592,72553070592,8.615,0.03
google/gemma-3-1b-it,NVIDIA GeForce RTX 5060 Ti,42,MuSiQue,6,16,398,multi-hop,32.0591,60.2205,0.0,0,0,1,101,357,357,66819981312,66819981312,8.615,0.03
google/gemma-3-1b-it,NVIDIA GeForce RTX 5060 Ti,42,MuSiQue,6,16,399,multi-hop,0.0,0.0,0.0,1,1,1,2,258,258,34898706432,34898706432,8.615,0.03
google/gemma-3-1b-it,NVIDIA GeForce RTX 5060 Ti,42,MuSiQue,6,16,400,multi-hop,34.6969,0.0,0.0,0,1,1,62,318,318,53018099712,53018099712,8.615,0.03
google/gemma-3-1b-it,NVIDIA GeForce RTX 5060 Ti,42,MuSiQue,6,16,401,structural,29.1873,68.5597,60.9002,0,0,0,43,299,299,46871871488,46871871488,8.615,0.03
google/gemma-3-1b-it,NVIDIA GeForce RTX 5060 Ti,42,MuSiQue,6,16,402,semantic,87.4973,0.0,0.0,0,1,1,89,345,345,62403379200,62403379200,8.615,0.03
google/gemma-3-1b-it,NVIDIA GeForce RTX 5060 Ti,42,MuSiQue,6,16,403,multi-hop,31.9169,86.3498,61.5156,0,0,0,115,371,371,72163524608,72163524608,8.615,0.03
google/gemma-3-1b-it,NVIDIA GeForce RTX 5060 Ti,42,MuSiQue,6,16,404,semantic,27.0343,0.0,51.6308,0,1,0,23,279,279,40811102208,40811102208,8.615,0.03
google/gemma-3-1b-it,NVIDIA GeForce RTX 5060 Ti,42,MuSiQue,6,16,405,structural,32.4481,33.415,67.9146,0,0,0,20,276,276,39938162688,39938162688,8.615,0.03
google/gemma-3-1b-it,NVIDIA GeForce RTX 5060 Ti,42,MuSiQue,6,16,406,semantic,57.1875,0.0,0.0,0,1,1,108,364,364,69466062848,69466062848,8.615,0.03
google/gemma-3-1b-it,NVIDIA GeForce RTX 5060 Ti,42,MuSiQue,6,16,407,multi-hop,37.3107,37.4976,0.0,0,0,1,121,377,377,74516529152,74516529152,8.615,0.03
google/gemma-3-1b-it,NVIDIA GeForce RTX 5060 Ti,42,MuSiQue,6,16,408,multi-hop,68.3864,0.0,0.0,0,1,1,121,377,377,74516529152,74516529152,8.615,0.03
google/gemma-3-1b-it,NVIDIA GeForce RTX 5060 Ti,42,MuSiQue,6,16,409,semantic,44.59,0.0,28.7963,0,1,0,58,314,314,51692699648,51692699648,8.615,0.03
google/gemma-3-1b-it,NVIDIA GeForce RTX 5060 Ti,42,MuSiQue,6,16,410,multi-hop,33.8366,0.0,0.0,0,1,1,129,385,385,77712588800,77712588800,8.615,0.03
google/gemma-3-1b-it,NVIDIA GeForce RTX 5060 Ti,42,MuSiQue,6,16,411,structural,79.7257,84.8404,89.3133,0,0,0,19,275,275,39649280000,39649280000,8.615,0.03
google/gemma-3-1b-it,NVIDIA GeForce RTX 5060 Ti,42,MuSiQue,6,16,412,multi-hop,53.961,0.0,53.1604,0,1,0,136,392,392,80564191232,80564191232,8.615,0.03
google/gemma-3-1b-it,NVIDIA GeForce RTX 5060 Ti,42,MuSiQue,6,16,413,multi-hop,37.5354,0.0,0.0,0,1,1,5,240,261,30198988800,35715022848,8.615,0.03
google/gemma-3-1b-it,NVIDIA GeForce RTX 5060 Ti,42,MuSiQue,6,16,414,multi-hop,44.0756,0.0,68.3498,0,1,0,57,313,313,51363971072,51363971072,8.615,0.03
google/gemma-3-1b-it,NVIDIA GeForce RTX 5060 Ti,42,MuSiQue,6,16,415,semantic,30.2607,0.0,43.783,0,1,0,109,365,365,69848268800,69848268800,8.615,0.03
google/gemma-3-1b-it,NVIDIA GeForce RTX 5060 Ti,42,MuSiQue,6,16,416,semantic,31.2335,0.0,0.0,0,1,1,12,268,268,37656461312,37656461312,8.615,0.03
google/gemma-3-1b-it,NVIDIA GeForce RTX 5060 Ti,42,MuSiQue,6,16,417,semantic,65.3185,0.0,0.0,0,1,1,106,362,362,68704796672,68704796672,8.615,0.03
google/gemma-3-1b-it,NVIDIA GeForce RTX 5060 Ti,42,MuSiQue,6,16,418,multi-hop,60.2632,0.0,0.0,0,1,1,110,366,366,70231523328,70231523328,8.615,0.03
google/gemma-3-1b-it,NVIDIA GeForce RTX 5060 Ti,42,MuSiQue,6,16,419,multi-hop,41.5732,59.0443,57.1982,0,0,0,51,307,307,49413619712,49413619712,8.615,0.03
google/gemma-3-1b-it,NVIDIA GeForce RTX 5060 Ti,42,MuSiQue,6,16,420,structural,48.7558,36.4757,0.0,0,0,1,26,282,282,41693478912,41693478912,8.615,0.03
google/gemma-3-1b-it,NVIDIA GeForce RTX 5060 Ti,42,MuSiQue,6,16,421,multi-hop,41.0925,67.7552,46.0814,0,0,0,72,328,328,56405000192,56405000192,8.615,0.03
google/gemma-3-1b-it,NVIDIA GeForce RTX 5060 Ti,42,MuSiQue,6,16,422,multi-hop,31.137,49.0779,84.2951,0,0,0,55,311,311,50709659648,50709659648,8.615,0.03
google/gemma-3-1b-it,NVIDIA GeForce RTX 5060 Ti,42,MuSiQue,6,16,423,semantic,36.0834,0.0,0.0,0,1,1,87,343,343,61681958912,61681958912,8.615,0.03
google/gemma-3-1b-it,NVIDIA GeForce RTX 5060 Ti,42,MuSiQue,6,16,424,structural,66.1262,0.0,0.0,0,1,1,4,260,260,35441868800,35441868800,8.615,0.03
google/gemma-3-1b-it,NVIDIA GeForce RTX 5060 Ti,42,MuSiQue,6,16,425,semantic,81.3599,0.0,70.5788,0,1,0,87,343,343,61681958912,61681958912,8.615,0.03
google/gemma-3-1b-it,NVIDIA GeForce RTX 5060 Ti,42,MuSiQue,6,16,426,multi-hop,64.0971,47.5447,0.0,0,0,1,79,335,335,58838220800,58838220800,8.615,0.03
google/gemma-3-1b-it,NVIDIA GeForce RTX 5060 Ti,42,MuSiQue,6,16,427,semantic,37.6765,0.0,0.0,0,1,1,47,303,303,48134356992,48134356992,8.615,0.03
google/gemma-3-1b-it,NVIDIA GeForce RTX 5060 Ti,42,MuSiQue,6,16,428,semantic,55.8242,0.0,0.0,0,1,1,135,391,391,80153673728,80153673728,8.615,0.03
google/gemma-3-1b-it,NVIDIA GeForce RTX 5060 Ti,42,MuSiQue,6,16,429,multi-hop,28.8906,63.1382,37.508,0,0,0,153,409,409,87703420928,87703420928,8.615,0.03
google/gemma-3-1b-it,NVIDIA GeForce RTX 5060 Ti,42,MuSiQue,6,16,430,semantic,63.0929,0.0,0.0,0,1,1,66,322,322,54360276992,54360276992,8.615,0.03
google/gemma-3-1b-it,NVIDIA GeForce RTX 5060 Ti,42,MuSiQue,6,16,431,multi-hop,70.9438,62.9633,0.0,0,0,1,96,352,352,64961380352,64961380352,8.615,0.03
google/gemma-3-1b-it,NVIDIA GeForce RTX 5060 Ti,42,MuSiQue,6,16,432,structural,31.4294,28.2826,0.0,0,0,1,111,367,367,70615826432,70615826432,8.615,0.03
google/gemma-3-1b-it,NVIDIA GeForce RTX 5060 Ti,42,MuSiQue,6,16,433,structural,65.3031,33.3708,77.5671,0,0,0,94,350,350,64225280000,64225280000,8.615,0.03
google/gemma-3-1b-it,NVIDIA GeForce RTX 5060 Ti,42,MuSiQue,6,16,434,multi-hop,37.5194,32.687,0.0,0,0,1,12,268,268,37656461312,37656461312,8.615,0.03
google/gemma-3-1b-it,NVIDIA GeForce RTX 5060 Ti,42,MuSiQue,6,16,435,structural,33.1502,0.0,0.0,0,1,1,121,377,377,74516529152,74516529152,8.615,0.03
google/gemma-3-1b-it,NVIDIA GeForce RTX 5060 Ti,42,MuSiQue,6,16,436,multi-hop,37.9081,0.0,0.0,0,1,1,118,374,374,73335308288,73335308288,8.615,0.03
google/gemma-3-1b-it,NVIDIA GeForce RTX 5060 Ti,42,MuSiQue,6,16,437,multi-hop,54.3855,0.0,43.5313,0,1,0,140,396,396,82216747008,82216747008,8.615,0.03
google/gemma-3-1b-it,NVIDIA GeForce RTX 5060 Ti,42,MuSiQue,6,16,438,multi-hop,72.3128,0.0,0.0,0,1,1,92,348,348,63493373952,63493373952,8.615,0.03
google/gemma-3-1b-it,NVIDIA GeForce RTX 5060 Ti,42,MuSiQue,6,16,439,semantic,35.4695,0.0,0.0,0,1,1,111,367,367,70615826432,70615826432,8.615,0.03
google/gemma-3-1b-it,NVIDIA GeForce RTX 5060 Ti,42,MuSiQue,6,16,440,multi-hop,37.1411,0.0,0.0,0,1,1,93,349,349,63858802688,63858802688,8.615,0.03
google/gemma-3-1b-it,NVIDIA GeForce RTX 5060 Ti,42,MuSiQue,6,16,441,multi-hop,28.622,0.0,75.0977,0,1,0,84,340,340,60607692800,60607692800,8.615,0.03
google/gemma-3-1b-it,NVIDIA GeForce RTX 5060 Ti,42,MuSiQue,6,16,442,semantic,31.7361,0.0,0.0,0,1,1,115,371,371,72163524608,72163524608,8.615,0.03
google/gemma-3-1b-it,NVIDIA GeForce RTX 5060 Ti,42,MuSiQue,6,16,443,structural,30.8636,0.0,0.0,0,1,1,103,359,359,67570761728,67570761728,8.615,0.03
google/gemma-3-1b-it,NVIDIA GeForce RTX 5060 Ti,42,MuSiQue,6,16,444,multi-hop,29.4246,0.0,0.0,0,1,1,78,334,334,58487472128,58487472128,8.615,0.03
google/gemma-3-1b-it,NVIDIA GeForce RTX 5060 Ti,42,MuSiQue,6,16,445,structural,83.4292,32.239,33.6352,0,0,0,98,354,354,65701675008,65701675008,8.615,0.03
google/gemma-3-1b-it,NVIDIA GeForce RTX 5060 Ti,42,MuSiQue,6,16,446,structural,52.8626,0.0,0.0,0,1,1,116,372,372,72553070592,72553070592,8.615,0.03
google/gemma-3-1b-it,NVIDIA GeForce RTX 5060 Ti,42,MuSiQue,6,16,447,multi-hop,70.5747,29.0033,38.6573,0,0,0,130,386,386,78116814848,78116814848,8.615,0.03
google/gemma-3-1b-it,NVIDIA GeForce RTX 5060 Ti,42,MuSiQue,6,16,448,multi-hop,39.8225,0.0,0.0,0,1,1,93,349,349,63858802688,63858802688,8.615,0.03
google/gemma-3-1b-it,NVIDIA GeForce RTX 5060 Ti,42,MuSiQue,6,16,449,semantic,42.8391,0.0,0.0,0,1,1,110,366,366,70231523328,70231523328,8.615,0.03
google/gemma-3-1b-it,NVIDIA GeForce RTX 5060 Ti,42,MuSiQue,6,16,450,structural,28.9049,49.0159,0.0,0,0,1,13,269,269,37938003968,37938003968,8.615,0.03
google/gemma-3-1b-it,NVIDIA GeForce RTX 5060 Ti,42,MuSiQue,6,16,451,semantic,28.5439,0.0,0.0,0,1,1,4,260,260,35441868800,35441868800,8.615,0.03
google/gemma-3-1b-it,NVIDIA GeForce RTX 5060 Ti,42,MuSiQue,6,16,452,structural,62.5301,46.476,0.0,0,0,1,86,342,342,61322821632,61322821632,8.615,0.03
google/gemma-3-1b-it,NVIDIA GeForce RTX 5060 Ti,42,MuSiQue,6,16,453,multi-hop,36.4066,0.0,0.0,0,1,1,111,367,367,70615826432,70615826432,8.615,0.03
google/gemma-3-1b-it,NVIDIA GeForce RTX 5060 Ti,42,MuSiQue,6,16,454,multi-hop,30.5492,57.0236,31.8575,0,0,0,92,348,348,63493373952,63493373952,8.615,0.03
google/gemma-3-1b-it,NVIDIA GeForce RTX 5060 Ti,42,MuSiQue,6,16,455,semantic,32.9834,0.0,0.0,0,1,1,5,240,261,30198988800,35715022848,8.615,0.03
google/gemma-3-1b-it,NVIDIA GeForce RTX 5060 Ti,42,MuSiQue,6,16,456,semantic,73.8328,0.0,0.0,0,1,1,96,352,352,64961380352,64961380352,8.615,0.03
google/gemma-3-1b-it,NVIDIA GeForce RTX 5060 Ti,42,MuSiQue,6,16,457,multi-hop,48.9509,0.0,40.076,0,1,0,140,396,396,82216747008,82216747008,8.615,0.03
google/gemma-3-1b-it,NVIDIA GeForce RTX 5060 Ti,42,MuSiQue,6,16,458,multi-hop,40.1346,0.0,0.0,0,1,1,78,334,334,58487472128,58487472128,8.615,0.03
google/gemma-3-1b-it,NVIDIA GeForce RTX 5060 Ti,42,MuSiQue,6,16,459,multi-hop,37.2789,0.0,0.0,0,1,1,125,381,381,76106170368,76106170368,8.615,0.03
google/gemma-3-1b-it,NVIDIA GeForce RTX 5060 Ti,42,MuSiQue,6,16,460,structural,50.3342,42.3901,48.5918,0,0,0,62,318,318,53018099712,53018099712,8.615,0.03
google/gemma-3-1b-it,NVIDIA GeForce RTX 5060 Ti,42,MuSiQue,6,16,461,semantic,73.6038,0.0,0.0,0,1,1,53,309,309,50059542528,50059542528,8.615,0.03
google/gemma-3-1b-it,NVIDIA GeForce RTX 5060 Ti,42,MuSiQue,6,16,462,structural,50.0689,0.0,0.0,0,1,1,110,366,366,70231523328,70231523328,8.615,0.03
google/gemma-3-1b-it,NVIDIA GeForce RTX 5060 Ti,42,MuSiQue,6,16,463,semantic,40.7417,0.0,0.0,0,1,1,105,361,361,68325736448,68325736448,8.615,0.03
google/gemma-3-1b-it,NVIDIA GeForce RTX 5060 Ti,42,MuSiQue,6,16,464,multi-hop,65.5148,67.073,52.9839,0,0,0,98,354,354,65701675008,65701675008,8.615,0.03
google/gemma-3-1b-it,NVIDIA GeForce RTX 5060 Ti,42,MuSiQue,6,16,465,semantic,35.5399,0.0,30.0648,0,1,0,45,301,301,47501017088,47501017088,8.615,0.03
google/gemma-3-1b-it,NVIDIA GeForce RTX 5060 Ti,42,MuSiQue,6,16,466,semantic,63.181,0.0,0.0,0,1,1,116,372,372,72553070592,72553070592,8.615,0.03
google/gemma-3-1b-it,NVIDIA GeForce RTX 5060 Ti,42,MuSiQue,6,16,467,structural,0.0,49.127,0.0,1,0,1,19,275,275,39649280000,39649280000,8.615,0.03
google/gemma-3-1b-it,NVIDIA GeForce RTX 5060 Ti,42,MuSiQue,6,16,468,structural,39.1342,46.2154,0.0,0,0,1,101,357,357,66819981312,66819981312,8.615,0.03
google/gemma-3-1b-it,NVIDIA GeForce RTX 5060 Ti,42,MuSiQue,6,16,469,multi-hop,37.4689,47.9587,54.045,0,0,0,88,344,344,62042144768,62042144768,8.615,0.03
google/gemma-3-1b-it,NVIDIA GeForce RTX 5060 Ti,42,MuSiQue,6,16,470,multi-hop,51.7532,0.0,0.0,0,1,1,25,281,281,41398304768,41398304768,8.615,0.03
google/gemma-3-1b-it,NVIDIA GeForce RTX 5060 Ti,42,MuSiQue,6,16,471,structural,35.3117,67.0308,0.0,0,0,1,110,366,366,70231523328,70231523328,8.615,0.03
google/gemma-3-1b-it,NVIDIA GeForce RTX 5060 Ti,42,MuSiQue,6,16,472,multi-hop,67.1498,51.0376,0.0,0,0,1,109,365,365,69848268800,69848268800,8.615,0.03
google/gemma-3-1b-it,NVIDIA GeForce RTX 5060 Ti,42,MuSiQue,6,16,473,semantic,31.3958,0.0,0.0,0,1,1,112,368,368,71001178112,71001178112,8.615,0.03
google/gemma-3-1b-it,NVIDIA GeForce RTX 5060 Ti,42,MuSiQue,6,16,474,multi-hop,65.3021,0.0,74.6849,0,1,0,88,344,344,62042144768,62042144768,8.615,0.03
google/gemma-3-1b-it,NVIDIA GeForce RTX 5060 Ti,42,MuSiQue,6,16,475,multi-hop,62.7061,0.0,0.0,0,1,1,129,385,385,77712588800,77712588800,8.615,0.03
google/gemma-3-1b-it,NVIDIA GeForce RTX 5060 Ti,42,MuSiQue,6,16,476,multi-hop,47.1914,0.0,0.0,0,1,1,9,265,265,36818124800,36818124800,8.615,0.03
google/gemma-3-1b-it,NVIDIA GeForce RTX 5060 Ti,42,MuSiQue,6,16,477,multi-hop,35.5877,72.9318,0.0,0,0,1,19,275,275,39649280000,39649280000,8.615,0.03
google/gemma-3-1b-it,NVIDIA GeForce RTX 5060 Ti,42,MuSiQue,6,16,478,structural,63.1464,38.26,62.2369,0,0,0,96,352,352,64961380352,64961380352,8.615,0.03
google/gemma-3-1b-it,NVIDIA GeForce RTX 5060 Ti,42,MuSiQue,6,16,479,structural,41.9459,0.0,0.0,0,1,1,117,373,373,72943665152,72943665152,8.615,0.03
google/gemma-3-1b-it,NVIDIA GeForce RTX 5060 Ti,42,MuSiQue,6,16,480,semantic,35.7569,0.0,0.0,0,1,1,12,268,268,37656461312,37656461312,8.615,0.03
google/gemma-3-1b-it,NVIDIA GeForce RTX 5060 Ti,42,MuSiQue,6,16,481,multi-hop,36.6463,31.377,47.6173,0,0,0,45,301,301,47501017088,47501017088,8.615,0.03
google/gemma-3-1b-it,NVIDIA GeForce RTX 5060 Ti,42,MuSiQue,6,16,482,structural,37.9467,0.0,0.0,0,1,1,107,363,363,69084905472,69084905472,8.615,0.03
google/gemma-3-1b-it,NVIDIA GeForce RTX 5060 Ti,42,MuSiQue,6,16,483,structural,97.6571,41.7302,52.7052,0,0,0,99,355,355,66073395200,66073395200,8.615,0.03
google/gemma-3-1b-it,NVIDIA GeForce RTX 5060 Ti,42,MuSiQue,6,16,484,multi-hop,81.7536,92.7066,0.0,0,0,1,71,299,327,46871871488,56061591552,8.615,0.03
google/gemma-3-1b-it,NVIDIA GeForce RTX 5060 Ti,42,MuSiQue,6,16,485,multi-hop,66.8875,70.4599,62.7877,0,0,0,100,356,356,66446163968,66446163968,8.615,0.03
google/gemma-3-1b-it,NVIDIA GeForce RTX 5060 Ti,42,MuSiQue,6,16,486,multi-hop,48.2634,0.0,0.0,0,1,1,103,359,359,67570761728,67570761728,8.615,0.03
google/gemma-3-1b-it,NVIDIA GeForce RTX 5060 Ti,42,MuSiQue,6,16,487,semantic,71.9209,0.0,0.0,0,1,1,125,381,381,76106170368,76106170368,8.615,0.03
google/gemma-3-1b-it,NVIDIA GeForce RTX 5060 Ti,42,MuSiQue,6,16,488,multi-hop,64.1705,0.0,0.0,0,1,1,109,365,365,69848268800,69848268800,8.615,0.03
google/gemma-3-1b-it,NVIDIA GeForce RTX 5060 Ti,42,MuSiQue,6,16,489,multi-hop,56.6217,0.0,51.0206,0,1,0,67,323,323,54698442752,54698442752,8.615,0.03
google/gemma-3-1b-it,NVIDIA GeForce RTX 5060 Ti,42,MuSiQue,6,16,490,structural,44.7867,60.9027,0.0,0,0,1,87,343,343,61681958912,61681958912,8.615,0.03
google/gemma-3-1b-it,NVIDIA GeForce RTX 5060 Ti,42,MuSiQue,6,16,491,structural,49.5445,0.0,0.0,0,1,1,14,270,270,38220595200,38220595200,8.615,0.03
google/gemma-3-1b-it,NVIDIA GeForce RTX 5060 Ti,42,MuSiQue,6,16,492,structural,71.8471,37.2154,0.0,0,0,1,96,352,352,64961380352,64961380352,8.615,0.03
google/gemma-3-1b-it,NVIDIA GeForce RTX 5060 Ti,42,MuSiQue,6,16,493,multi-hop,41.4765,0.0,59.1493,0,1,0,89,345,345,62403379200,62403379200,8.615,0.03
google/gemma-3-1b-it,NVIDIA GeForce RTX 5060 Ti,42,MuSiQue,6,16,494,multi-hop,73.0907,0.0,0.0,0,1,1,4,260,260,35441868800,35441868800,8.615,0.03
google/gemma-3-1b-it,NVIDIA GeForce RTX 5060 Ti,42,MuSiQue,6,16,495,structural,56.8689,86.3814,52.9149,0,0,0,61,317,317,52685176832,52685176832,8.615,0.03
google/gemma-3-1b-it,NVIDIA GeForce RTX 5060 Ti,42,MuSiQue,6,16,496,structural,51.2507,0.0,60.4969,0,1,0,110,366,366,70231523328,70231523328,8.615,0.03
google/gemma-3-1b-it,NVIDIA GeForce RTX 5060 Ti,42,MuSiQue,6,16,497,semantic,0.0,0.0,0.0,1,1,1,4,260,260,35441868800,35441868800,8.615,0.03
google/gemma-3-1b-it,NVIDIA GeForce RTX 5060 Ti,42,MuSiQue,6,16,498,multi-hop,36.9428,0.0,65.5934,0,1,0,112,368,368,71001178112,71001178112,8.615,0.03
google/gemma-3-1b-it,NVIDIA GeForce RTX 5060 Ti,42,MuSiQue,6,16,499,semantic,83.8754,0.0,67.8325,0,1,0,105,361,361,68325736448,68325736448,8.615,0.03
google/gemma-3-1b-it,NVIDIA GeForce RTX 5060 Ti,42,MuSiQue,6,16,500,structural,39.6405,73.349,0.0,0,0,1,4,260,260,35441868800,35441868800,8.615,0.03
google/gemma-3-1b-it,NVIDIA GeForce RTX 5060 Ti,42,MuSiQue,6,16,501,multi-hop,31.7402,0.0,0.0,0,1,1,118,374,374,73335308288,73335308288,8.615,0.03
google/gemma-3-1b-it,NVIDIA GeForce RTX 5060 Ti,42,MuSiQue,6,16,502,multi-hop,61.0281,44.7687,0.0,0,0,1,66,322,322,54360276992,54360276992,8.615,0.03
google/gemma-3-1b-it,NVIDIA GeForce RTX 5060 Ti,42,MuSiQue,6,16,503,structural,68.6335,40.1142,71.3894,0,0,0,5,154,213,12434014208,23786422272,8.615,0.03
google/gemma-3-1b-it,NVIDIA GeForce RTX 5060 Ti,42,MuSiQue,6,16,504,structural,30.1849,70.7626,53.6803,0,0,0,39,295,295,45626163200,45626163200,8.615,0.03
google/gemma-3-1b-it,NVIDIA GeForce RTX 5060 Ti,42,MuSiQue,6,16,505,multi-hop,48.8106,90.6278,0.0,0,0,1,101,357,357,66819981312,66819981312,8.615,0.03
google/gemma-3-1b-it,NVIDIA GeForce RTX 5060 Ti,42,MuSiQue,6,16,506,multi-hop,31.1783,0.0,0.0,0,1,1,12,268,268,37656461312,37656461312,8.615,0.03
google/gemma-3-1b-it,NVIDIA GeForce RTX 5060 Ti,42,MuSiQue,6,16,507,multi-hop,54.6721,0.0,0.0,0,1,1,103,359,359,67570761728,67570761728,8.615,0.03
google/gemma-3-1b-it,NVIDIA GeForce RTX 5060 Ti,42,MuSiQue,6,16,508,structural,40.4748,38.513,27.3331,0,0,0,103,359,359,67570761728,67570761728,8.615,0.03
google/gemma-3-1b-it,NVIDIA GeForce RTX 5060 Ti,42,MuSiQue,6,16,509,structural,33.9959,0.0,0.0,0,1,1,26,282,282,41693478912,41693478912,8.615,0.03
google/gemma-3-1b-it,NVIDIA GeForce RTX 5060 Ti,42,MuSiQue,6,16,510,semantic,76.1906,0.0,55.6863,0,1,0,25,281,281,41398304768,41398304768,8.615,0.03
google/gemma-3-1b-it,NVIDIA GeForce RTX 5060 Ti,42,MuSiQue,6,16,511,structural,45.8204,48.3464,62.8612,0,0,0,113,369,369,71387578368,71387578368,8.615,0.03
google/gemma-3-1b-it,NVIDIA GeForce RTX 5060 Ti,42,MuSiQue,6,16,512,multi-hop,37.9065,0.0,0.0,0,1,1,100,356,356,66446163968,66446163968,8.615,0.03
google/gemma-3-1b-it,NVIDIA GeForce RTX 5060 Ti,42,MuSiQue,6,16,513,multi-hop,35.4593,0.0,52.745,0,1,0,3,178,259,16611540992,35169763328,8.615,0.03
google/gemma-3-1b-it,NVIDIA GeForce RTX 5060 Ti,42,MuSiQue,6,16,514,multi-hop,29.0083,61.313,0.0,0,0,1,97,353,353,65331003392,65331003392,8.615,0.03
google/gemma-3-1b-it,NVIDIA GeForce RTX 5060 Ti,42,MuSiQue,6,16,515,structural,72.3595,43.9587,101.382,0,0,0,64,320,320,53687091200,53687091200,8.615,0.03
google/gemma-3-1b-it,NVIDIA GeForce RTX 5060 Ti,42,MuSiQue,6,16,516,multi-hop,77.3286,0.0,0.0,0,1,1,102,358,358,67194847232,67194847232,8.615,0.03
google/gemma-3-1b-it,NVIDIA GeForce RTX 5060 Ti,42,MuSiQue,6,16,517,multi-hop,102.7076,0.0,0.0,0,1,1,92,348,348,63493373952,63493373952,8.615,0.03
google/gemma-3-1b-it,NVIDIA GeForce RTX 5060 Ti,42,MuSiQue,6,16,518,multi-hop,83.9591,0.0,82.8854,0,1,0,81,337,337,59542863872,59542863872,8.615,0.03
google/gemma-3-1b-it,NVIDIA GeForce RTX 5060 Ti,42,MuSiQue,6,16,519,structural,95.1853,80.6584,0.0,0,0,1,104,360,360,67947724800,67947724800,8.615,0.03
google/gemma-3-1b-it,NVIDIA GeForce RTX 5060 Ti,42,MuSiQue,6,16,520,semantic,43.2535,0.0,0.0,0,1,1,14,270,263,38220595200,36264476672,8.615,0.03
google/gemma-3-1b-it,NVIDIA GeForce RTX 5060 Ti,42,MuSiQue,6,16,521,structural,71.1021,33.5603,37.7448,0,0,0,102,358,358,67194847232,67194847232,8.615,0.03
google/gemma-3-1b-it,NVIDIA GeForce RTX 5060 Ti,42,MuSiQue,6,16,522,multi-hop,36.0698,63.1602,60.3424,0,0,0,84,340,340,60607692800,60607692800,8.615,0.03
google/gemma-3-1b-it,NVIDIA GeForce RTX 5060 Ti,42,MuSiQue,6,16,523,semantic,56.0024,0.0,0.0,0,1,1,73,329,329,56749457408,56749457408,8.615,0.03
google/gemma-3-1b-it,NVIDIA GeForce RTX 5060 Ti,42,MuSiQue,6,16,524,multi-hop,79.0457,55.2574,0.0,0,0,1,121,377,377,74516529152,74516529152,8.615,0.03
google/gemma-3-1b-it,NVIDIA GeForce RTX 5060 Ti,42,MuSiQue,6,16,525,semantic,37.6242,0.0,55.3419,0,1,0,110,366,366,70231523328,70231523328,8.615,0.03
google/gemma-3-1b-it,NVIDIA GeForce RTX 5060 Ti,42,MuSiQue,6,16,526,multi-hop,56.8649,0.0,54.4036,0,1,0,61,317,317,52685176832,52685176832,8.615,0.03
google/gemma-3-1b-it,NVIDIA GeForce RTX 5060 Ti,42,MuSiQue,6,16,527,semantic,42.2073,0.0,0.0,0,1,1,106,362,362,68704796672,68704796672,8.615,0.03
google/gemma-3-1b-it,NVIDIA GeForce RTX 5060 Ti,42,MuSiQue,6,16,528,semantic,92.89,0.0,0.0,0,1,1,111,367,367,70615826432,70615826432,8.615,0.03
google/gemma-3-1b-it,NVIDIA GeForce RTX 5060 Ti,42,MuSiQue,6,16,529,structural,68.1416,64.5603,0.0,0,0,1,14,270,270,38220595200,38220595200,8.615,0.03
google/gemma-3-1b-it,NVIDIA GeForce RTX 5060 Ti,42,MuSiQue,6,16,530,semantic,65.7465,0.0,0.0,0,1,1,72,328,328,56405000192,56405000192,8.615,0.03
google/gemma-3-1b-it,NVIDIA GeForce RTX 5060 Ti,42,MuSiQue,6,16,531,structural,50.875,76.2075,0.0,0,0,1,67,323,323,54698442752,54698442752,8.615,0.03
google/gemma-3-1b-it,NVIDIA GeForce RTX 5060 Ti,42,MuSiQue,6,16,532,multi-hop,39.3797,0.0,0.0,0,1,1,25,281,281,41398304768,41398304768,8.615,0.03
google/gemma-3-1b-it,NVIDIA GeForce RTX 5060 Ti,42,MuSiQue,6,16,533,semantic,63.453,0.0,0.0,0,1,1,101,357,357,66819981312,66819981312,8.615,0.03
google/gemma-3-1b-it,NVIDIA GeForce RTX 5060 Ti,42,MuSiQue,6,16,534,multi-hop,48.2947,74.5116,43.8358,0,0,0,69,325,325,55377920000,55377920000,8.615,0.03
google/gemma-3-1b-it,NVIDIA GeForce RTX 5060 Ti,42,MuSiQue,6,16,535,multi-hop,62.3578,0.0,45.4439,0,1,0,39,295,295,45626163200,45626163200,8.615,0.03
google/gemma-3-1b-it,NVIDIA GeForce RTX 5060 Ti,42,MuSiQue,6,16,536,multi-hop,63.6601,48.4494,0.0,0,0,1,121,377,377,74516529152,74516529152,8.615,0.03
google/gemma-3-1b-it,NVIDIA GeForce RTX 5060 Ti,42,MuSiQue,6,16,537,structural,40.9683,68.1862,50.22,0,0,0,130,386,386,78116814848,78116814848,8.615,0.03
google/gemma-3-1b-it,NVIDIA GeForce RTX 5060 Ti,42,MuSiQue,6,16,538,multi-hop,56.4815,0.0,0.0,0,1,1,102,358,358,67194847232,67194847232,8.615,0.03
google/gemma-3-1b-it,NVIDIA GeForce RTX 5060 Ti,42,MuSiQue,6,16,539,multi-hop,79.3119,0.0,39.6459,0,1,0,23,279,279,40811102208,40811102208,8.615,0.03
google/gemma-3-1b-it,NVIDIA GeForce RTX 5060 Ti,42,MuSiQue,6,16,540,multi-hop,73.5586,67.4245,0.0,0,0,1,100,356,356,66446163968,66446163968,8.615,0.03
google/gemma-3-1b-it,NVIDIA GeForce RTX 5060 Ti,42,MuSiQue,6,16,541,multi-hop,38.9057,38.2513,0.0,0,0,1,121,377,377,74516529152,74516529152,8.615,0.03
google/gemma-3-1b-it,NVIDIA GeForce RTX 5060 Ti,42,MuSiQue,6,16,542,structural,38.9515,0.0,0.0,0,1,1,63,319,319,53352071168,53352071168,8.615,0.03
google/gemma-3-1b-it,NVIDIA GeForce RTX 5060 Ti,42,MuSiQue,6,16,543,semantic,68.253,0.0,76.0037,0,1,0,118,374,374,73335308288,73335308288,8.615,0.03
google/gemma-3-1b-it,NVIDIA GeForce RTX 5060 Ti,42,MuSiQue,6,16,544,structural,51.5891,0.0,0.0,0,1,1,18,274,274,39361445888,39361445888,8.615,0.03
google/gemma-3-1b-it,NVIDIA GeForce RTX 5060 Ti,42,MuSiQue,6,16,545,multi-hop,53.6761,0.0,34.5911,0,1,0,94,350,350,64225280000,64225280000,8.615,0.03
google/gemma-3-1b-it,NVIDIA GeForce RTX 5060 Ti,42,MuSiQue,6,16,546,structural,30.3754,0.0,0.0,0,1,1,108,364,364,69466062848,69466062848,8.615,0.03
google/gemma-3-1b-it,NVIDIA GeForce RTX 5060 Ti,42,MuSiQue,6,16,547,multi-hop,38.9362,0.0,0.0,0,1,1,14,270,270,38220595200,38220595200,8.615,0.03
google/gemma-3-1b-it,NVIDIA GeForce RTX 5060 Ti,42,MuSiQue,6,16,548,multi-hop,79.0118,0.0,41.0242,0,1,0,68,324,324,55037657088,55037657088,8.615,0.03
google/gemma-3-1b-it,NVIDIA GeForce RTX 5060 Ti,42,MuSiQue,6,16,549,multi-hop,38.7121,67.4815,82.6308,0,0,0,62,318,318,53018099712,53018099712,8.615,0.03
google/gemma-3-1b-it,NVIDIA GeForce RTX 5060 Ti,42,MuSiQue,6,16,550,multi-hop,46.6336,0.0,0.0,0,1,1,87,343,343,61681958912,61681958912,8.615,0.03
google/gemma-3-1b-it,NVIDIA GeForce RTX 5060 Ti,42,MuSiQue,6,16,551,semantic,67.5408,0.0,0.0,0,1,1,107,363,363,69084905472,69084905472,8.615,0.03
google/gemma-3-1b-it,NVIDIA GeForce RTX 5060 Ti,42,MuSiQue,6,16,552,structural,90.0641,0.0,0.0,0,1,1,129,385,385,77712588800,77712588800,8.615,0.03
google/gemma-3-1b-it,NVIDIA GeForce RTX 5060 Ti,42,MuSiQue,6,16,553,semantic,56.8578,0.0,100.1812,0,1,0,114,370,370,71775027200,71775027200,8.615,0.03
google/gemma-3-1b-it,NVIDIA GeForce RTX 5060 Ti,42,MuSiQue,6,16,554,multi-hop,70.8496,0.0,0.0,0,1,1,14,270,270,38220595200,38220595200,8.615,0.03
google/gemma-3-1b-it,NVIDIA GeForce RTX 5060 Ti,42,MuSiQue,6,16,555,semantic,67.2051,0.0,0.0,0,1,1,129,385,385,77712588800,77712588800,8.615,0.03
google/gemma-3-1b-it,NVIDIA GeForce RTX 5060 Ti,42,MuSiQue,6,16,556,multi-hop,77.46,0.0,0.0,0,1,1,154,410,410,88132812800,88132812800,8.615,0.03
google/gemma-3-1b-it,NVIDIA GeForce RTX 5060 Ti,42,MuSiQue,6,16,557,multi-hop,56.2571,76.5188,0.0,0,0,1,96,352,352,64961380352,64961380352,8.615,0.03
google/gemma-3-1b-it,NVIDIA GeForce RTX 5060 Ti,42,MuSiQue,6,16,558,structural,50.2368,60.5335,0.0,0,0,1,107,363,363,69084905472,69084905472,8.615,0.03
google/gemma-3-1b-it,NVIDIA GeForce RTX 5060 Ti,42,MuSiQue,6,16,559,structural,57.3178,70.409,0.0,0,0,1,54,310,310,50384076800,50384076800,8.615,0.03
google/gemma-3-1b-it,NVIDIA GeForce RTX 5060 Ti,42,MuSiQue,6,16,560,multi-hop,69.5095,0.0,0.0,0,1,1,66,322,322,54360276992,54360276992,8.615,0.03
google/gemma-3-1b-it,NVIDIA GeForce RTX 5060 Ti,42,MuSiQue,6,16,561,structural,74.3753,80.2751,59.1441,0,0,0,90,346,346,62765662208,62765662208,8.615,0.03
google/gemma-3-1b-it,NVIDIA GeForce RTX 5060 Ti,42,MuSiQue,6,16,562,semantic,55.5524,0.0,0.0,0,1,1,94,350,350,64225280000,64225280000,8.615,0.03
google/gemma-3-1b-it,NVIDIA GeForce RTX 5060 Ti,42,MuSiQue,6,16,563,multi-hop,62.237,33.6586,29.797,0,0,0,2,69,114,2496135168,6813646848,8.615,0.03
google/gemma-3-1b-it,NVIDIA GeForce RTX 5060 Ti,42,MuSiQue,6,16,564,semantic,90.6611,0.0,0.0,0,1,1,93,349,349,63858802688,63858802688,8.615,0.03
google/gemma-3-1b-it,NVIDIA GeForce RTX 5060 Ti,42,MuSiQue,6,16,565,semantic,31.543,0.0,35.6357,0,1,0,99,355,355,66073395200,66073395200,8.615,0.03
google/gemma-3-1b-it,NVIDIA GeForce RTX 5060 Ti,42,MuSiQue,6,16,566,structural,35.343,89.1144,53.956,0,0,0,94,350,350,64225280000,64225280000,8.615,0.03
google/gemma-3-1b-it,NVIDIA GeForce RTX 5060 Ti,42,MuSiQue,6,16,567,semantic,32.666,0.0,0.0,0,1,1,111,367,367,70615826432,70615826432,8.615,0.03
google/gemma-3-1b-it,NVIDIA GeForce RTX 5060 Ti,42,MuSiQue,6,16,568,multi-hop,54.8666,77.3947,67.7957,0,0,0,95,351,351,64592805888,64592805888,8.615,0.03
google/gemma-3-1b-it,NVIDIA GeForce RTX 5060 Ti,42,MuSiQue,6,16,569,multi-hop,46.7432,0.0,35.4432,0,1,0,103,359,359,67570761728,67570761728,8.615,0.03
google/gemma-3-1b-it,NVIDIA GeForce RTX 5060 Ti,42,MuSiQue,6,16,570,multi-hop,66.6934,50.5671,64.7864,0,0,0,121,377,377,74516529152,74516529152,8.615,0.03
google/gemma-3-1b-it,NVIDIA GeForce RTX 5060 Ti,42,MuSiQue,6,16,571,multi-hop,79.9058,0.0,0.0,0,1,1,16,272,272,38788923392,38788923392,8.615,0.03
google/gemma-3-1b-it,NVIDIA GeForce RTX 5060 Ti,42,MuSiQue,6,16,572,multi-hop,93.9047,0.0,0.0,0,1,1,127,383,383,76907282432,76907282432,8.615,0.03
google/gemma-3-1b-it,NVIDIA GeForce RTX 5060 Ti,42,MuSiQue,6,16,573,multi-hop,83.9841,0.0,66.2039,0,1,0,104,360,360,67947724800,67947724800,8.615,0.03
google/gemma-3-1b-it,NVIDIA GeForce RTX 5060 Ti,42,MuSiQue,6,16,574,semantic,47.8587,0.0,0.0,0,1,1,102,358,358,67194847232,67194847232,8.615,0.03
google/gemma-3-1b-it,NVIDIA GeForce RTX 5060 Ti,42,MuSiQue,6,16,575,multi-hop,48.1944,42.1385,88.4089,0,0,0,96,352,352,64961380352,64961380352,8.615,0.03
google/gemma-3-1b-it,NVIDIA GeForce RTX 5060 Ti,42,MuSiQue,6,16,576,structural,65.4958,42.841,0.0,0,0,1,132,388,388,78928412672,78928412672,8.615,0.03
google/gemma-3-1b-it,NVIDIA GeForce RTX 5060 Ti,42,MuSiQue,6,16,577,multi-hop,64.6085,0.0,43.0573,0,1,0,33,289,289,43789058048,43789058048,8.615,0.03
google/gemma-3-1b-it,NVIDIA GeForce RTX 5060 Ti,42,MuSiQue,6,16,578,structural,50.5971,82.0854,103.9593,0,0,0,8,264,264,36540776448,36540776448,8.615,0.03
google/gemma-3-1b-it,NVIDIA GeForce RTX 5060 Ti,42,MuSiQue,6,16,579,multi-hop,52.5337,62.8344,0.0,0,0,1,11,267,267,37375967232,37375967232,8.615,0.03
google/gemma-3-1b-it,NVIDIA GeForce RTX 5060 Ti,42,MuSiQue,6,16,580,multi-hop,80.1578,0.0,0.0,0,1,1,66,322,322,54360276992,54360276992,8.615,0.03
google/gemma-3-1b-it,NVIDIA GeForce RTX 5060 Ti,42,MuSiQue,6,16,581,semantic,53.0271,0.0,83.4857,0,1,0,141,397,397,82632507392,82632507392,8.615,0.03
google/gemma-3-1b-it,NVIDIA GeForce RTX 5060 Ti,42,MuSiQue,6,16,582,semantic,93.6749,0.0,0.0,0,1,1,16,272,272,38788923392,38788923392,8.615,0.03
google/gemma-3-1b-it,NVIDIA GeForce RTX 5060 Ti,42,MuSiQue,6,16,583,multi-hop,90.6186,107.4157,0.0,0,0,1,124,380,380,75707187200,75707187200,8.615,0.03
google/gemma-3-1b-it,NVIDIA GeForce RTX 5060 Ti,42,MuSiQue,6,16,584,multi-hop,66.6416,106.5155,0.0,0,0,1,89,345,345,62403379200,62403379200,8.615,0.03
google/gemma-3-1b-it,NVIDIA GeForce RTX 5060 Ti,42,MuSiQue,6,16,585,multi-hop,44.2297,81.5842,58.7834,0,0,0,102,358,358,67194847232,67194847232,8.615,0.03
google/gemma-3-1b-it,NVIDIA GeForce RTX 5060 Ti,42,MuSiQue,6,16,586,semantic,40.0817,0.0,0.0,0,1,1,87,343,343,61681958912,61681958912,8.615,0.03
google/gemma-3-1b-it,NVIDIA GeForce RTX 5060 Ti,42,MuSiQue,6,16,587,semantic,61.5939,0.0,0.0,0,1,1,39,295,295,45626163200,45626163200,8.615,0.03
google/gemma-3-1b-it,NVIDIA GeForce RTX 5060 Ti,42,MuSiQue,6,16,588,multi-hop,74.5874,85.7982,95.6016,0,0,0,101,357,357,66819981312,66819981312,8.615,0.03
google/gemma-3-1b-it,NVIDIA GeForce RTX 5060 Ti,42,MuSiQue,6,16,589,semantic,83.5912,0.0,0.0,0,1,1,114,370,370,71775027200,71775027200,8.615,0.03
google/gemma-3-1b-it,NVIDIA GeForce RTX 5060 Ti,42,MuSiQue,6,16,590,structural,76.5337,0.0,0.0,0,1,1,76,332,332,57789120512,57789120512,8.615,0.03
google/gemma-3-1b-it,NVIDIA GeForce RTX 5060 Ti,42,MuSiQue,6,16,591,semantic,87.7579,0.0,0.0,0,1,1,3,178,259,16611540992,35169763328,8.615,0.03
google/gemma-3-1b-it,NVIDIA GeForce RTX 5060 Ti,42,MuSiQue,6,16,592,structural,88.6622,85.8169,0.0,0,0,1,100,356,356,66446163968,66446163968,8.615,0.03
google/gemma-3-1b-it,NVIDIA GeForce RTX 5060 Ti,42,MuSiQue,6,16,593,semantic,52.6437,0.0,0.0,0,1,1,129,385,385,77712588800,77712588800,8.615,0.03
google/gemma-3-1b-it,NVIDIA GeForce RTX 5060 Ti,42,MuSiQue,6,16,594,structural,92.2506,0.0,0.0,0,1,1,14,270,270,38220595200,38220595200,8.615,0.03
google/gemma-3-1b-it,NVIDIA GeForce RTX 5060 Ti,42,MuSiQue,6,16,595,multi-hop,46.876,47.8815,97.8397,0,0,0,92,348,348,63493373952,63493373952,8.615,0.03
google/gemma-3-1b-it,NVIDIA GeForce RTX 5060 Ti,42,MuSiQue,6,16,596,multi-hop,86.6948,96.7068,0.0,0,0,1,91,347,347,63128993792,63128993792,8.615,0.03
google/gemma-3-1b-it,NVIDIA GeForce RTX 5060 Ti,42,MuSiQue,6,16,597,semantic,66.3784,0.0,54.0976,0,1,0,142,398,398,83049316352,83049316352,8.615,0.03
google/gemma-3-1b-it,NVIDIA GeForce RTX 5060 Ti,42,MuSiQue,6,16,598,multi-hop,55.7369,59.6987,87.0741,0,0,0,115,371,371,72163524608,72163524608,8.615,0.03
google/gemma-3-1b-it,NVIDIA GeForce RTX 5060 Ti,42,MuSiQue,6,16,599,multi-hop,49.6872,0.0,0.0,0,1,1,102,358,358,67194847232,67194847232,8.615,0.03
google/gemma-3-1b-it,NVIDIA GeForce RTX 5060 Ti,42,MuSiQue,8,16,0,structural,74.6876,50.0962,38.5256,0,0,0,102,358,358,67194847232,67194847232,8.615,0.03
google/gemma-3-1b-it,NVIDIA GeForce RTX 5060 Ti,42,MuSiQue,8,16,1,multi-hop,50.9464,0.0,0.0,0,1,1,119,375,375,73728000000,73728000000,8.615,0.03
google/gemma-3-1b-it,NVIDIA GeForce RTX 5060 Ti,42,MuSiQue,8,16,2,multi-hop,62.9154,0.0,61.9323,0,1,0,124,380,380,75707187200,75707187200,8.615,0.03
google/gemma-3-1b-it,NVIDIA GeForce RTX 5060 Ti,42,MuSiQue,8,16,3,semantic,34.2731,0.0,0.0,0,1,1,33,289,289,43789058048,43789058048,8.615,0.03
google/gemma-3-1b-it,NVIDIA GeForce RTX 5060 Ti,42,MuSiQue,8,16,4,structural,65.2501,0.0,0.0,0,1,1,4,260,260,35441868800,35441868800,8.615,0.03
google/gemma-3-1b-it,NVIDIA GeForce RTX 5060 Ti,42,MuSiQue,8,16,5,multi-hop,47.7555,0.0,0.0,0,1,1,18,274,274,39361445888,39361445888,8.615,0.03
google/gemma-3-1b-it,NVIDIA GeForce RTX 5060 Ti,42,MuSiQue,8,16,6,structural,62.3386,82.117,37.575,0,0,0,115,371,371,72163524608,72163524608,8.615,0.03
google/gemma-3-1b-it,NVIDIA GeForce RTX 5060 Ti,42,MuSiQue,8,16,7,multi-hop,32.5834,27.2912,92.6491,0,0,0,9,265,265,36818124800,36818124800,8.615,0.03
google/gemma-3-1b-it,NVIDIA GeForce RTX 5060 Ti,42,MuSiQue,8,16,8,multi-hop,85.0653,0.0,0.0,0,1,1,129,385,385,77712588800,77712588800,8.615,0.03
google/gemma-3-1b-it,NVIDIA GeForce RTX 5060 Ti,42,MuSiQue,8,16,9,structural,45.6679,0.0,0.0,0,1,1,68,324,324,55037657088,55037657088,8.615,0.03
google/gemma-3-1b-it,NVIDIA GeForce RTX 5060 Ti,42,MuSiQue,8,16,10,multi-hop,70.5542,0.0,0.0,0,1,1,119,375,375,73728000000,73728000000,8.615,0.03
google/gemma-3-1b-it,NVIDIA GeForce RTX 5060 Ti,42,MuSiQue,8,16,11,semantic,40.2854,0.0,54.2642,0,1,0,88,344,344,62042144768,62042144768,8.615,0.03
google/gemma-3-1b-it,NVIDIA GeForce RTX 5060 Ti,42,MuSiQue,8,16,12,semantic,66.6951,0.0,64.027,0,1,0,30,286,286,42884661248,42884661248,8.615,0.03
google/gemma-3-1b-it,NVIDIA GeForce RTX 5060 Ti,42,MuSiQue,8,16,13,semantic,69.474,0.0,0.0,0,1,1,105,361,361,68325736448,68325736448,8.615,0.03
google/gemma-3-1b-it,NVIDIA GeForce RTX 5060 Ti,42,MuSiQue,8,16,14,multi-hop,65.1493,0.0,0.0,0,1,1,110,366,366,70231523328,70231523328,8.615,0.03
google/gemma-3-1b-it,NVIDIA GeForce RTX 5060 Ti,42,MuSiQue,8,16,15,structural,79.386,32.7299,67.8627,0,0,0,121,377,377,74516529152,74516529152,8.615,0.03
google/gemma-3-1b-it,NVIDIA GeForce RTX 5060 Ti,42,MuSiQue,8,16,16,structural,70.301,43.7218,77.2439,0,0,0,18,274,274,39361445888,39361445888,8.615,0.03
google/gemma-3-1b-it,NVIDIA GeForce RTX 5060 Ti,42,MuSiQue,8,16,17,semantic,65.5979,0.0,0.0,0,1,1,61,317,317,52685176832,52685176832,8.615,0.03
google/gemma-3-1b-it,NVIDIA GeForce RTX 5060 Ti,42,MuSiQue,8,16,18,semantic,57.8297,0.0,0.0,0,1,1,113,369,369,71387578368,71387578368,8.615,0.03
google/gemma-3-1b-it,NVIDIA GeForce RTX 5060 Ti,42,MuSiQue,8,16,19,multi-hop,50.2103,61.2289,64.0326,0,0,0,39,295,295,45626163200,45626163200,8.615,0.03
google/gemma-3-1b-it,NVIDIA GeForce RTX 5060 Ti,42,MuSiQue,8,16,20,multi-hop,73.5526,37.8707,34.6007,0,0,0,78,334,334,58487472128,58487472128,8.615,0.03
google/gemma-3-1b-it,NVIDIA GeForce RTX 5060 Ti,42,MuSiQue,8,16,21,multi-hop,32.232,0.0,0.0,0,1,1,105,361,361,68325736448,68325736448,8.615,0.03
google/gemma-3-1b-it,NVIDIA GeForce RTX 5060 Ti,42,MuSiQue,8,16,22,structural,71.0164,37.1242,0.0,0,0,1,127,383,383,76907282432,76907282432,8.615,0.03
google/gemma-3-1b-it,NVIDIA GeForce RTX 5060 Ti,42,MuSiQue,8,16,23,semantic,77.8597,0.0,0.0,0,1,1,102,358,358,67194847232,67194847232,8.615,0.03
google/gemma-3-1b-it,NVIDIA GeForce RTX 5060 Ti,42,MuSiQue,8,16,24,semantic,34.0385,0.0,0.0,0,1,1,121,377,377,74516529152,74516529152,8.615,0.03
google/gemma-3-1b-it,NVIDIA GeForce RTX 5060 Ti,42,MuSiQue,8,16,25,multi-hop,61.5699,0.0,0.0,0,1,1,51,307,307,49413619712,49413619712,8.615,0.03
google/gemma-3-1b-it,NVIDIA GeForce RTX 5060 Ti,42,MuSiQue,8,16,26,multi-hop,59.5169,0.0,0.0,0,1,1,72,328,328,56405000192,56405000192,8.615,0.03
google/gemma-3-1b-it,NVIDIA GeForce RTX 5060 Ti,42,MuSiQue,8,16,27,multi-hop,37.7613,33.5726,44.5971,0,0,0,103,359,359,67570761728,67570761728,8.615,0.03
google/gemma-3-1b-it,NVIDIA GeForce RTX 5060 Ti,42,MuSiQue,8,16,28,semantic,59.8186,0.0,0.0,0,1,1,112,368,368,71001178112,71001178112,8.615,0.03
google/gemma-3-1b-it,NVIDIA GeForce RTX 5060 Ti,42,MuSiQue,8,16,29,structural,59.1281,0.0,0.0,0,1,1,117,373,373,72943665152,72943665152,8.615,0.03
google/gemma-3-1b-it,NVIDIA GeForce RTX 5060 Ti,42,MuSiQue,8,16,30,multi-hop,86.0713,0.0,0.0,0,1,1,104,360,360,67947724800,67947724800,8.615,0.03
google/gemma-3-1b-it,NVIDIA GeForce RTX 5060 Ti,42,MuSiQue,8,16,31,multi-hop,68.8524,0.0,0.0,0,1,1,43,299,299,46871871488,46871871488,8.615,0.03
google/gemma-3-1b-it,NVIDIA GeForce RTX 5060 Ti,42,MuSiQue,8,16,32,semantic,0.0,71.0452,0.0,1,0,1,23,279,279,40811102208,40811102208,8.615,0.03
google/gemma-3-1b-it,NVIDIA GeForce RTX 5060 Ti,42,MuSiQue,8,16,33,structural,63.476,86.0998,69.137,0,0,0,84,340,340,60607692800,60607692800,8.615,0.03
google/gemma-3-1b-it,NVIDIA GeForce RTX 5060 Ti,42,MuSiQue,8,16,34,structural,77.6904,0.0,0.0,0,1,1,136,392,392,80564191232,80564191232,8.615,0.03
google/gemma-3-1b-it,NVIDIA GeForce RTX 5060 Ti,42,MuSiQue,8,16,35,semantic,0.0,0.0,0.0,1,1,1,125,381,381,76106170368,76106170368,8.615,0.03
google/gemma-3-1b-it,NVIDIA GeForce RTX 5060 Ti,42,MuSiQue,8,16,36,structural,39.1211,0.0,0.0,0,1,1,111,367,367,70615826432,70615826432,8.615,0.03
google/gemma-3-1b-it,NVIDIA GeForce RTX 5060 Ti,42,MuSiQue,8,16,37,multi-hop,36.3265,0.0,88.8051,0,1,0,103,359,359,67570761728,67570761728,8.615,0.03
google/gemma-3-1b-it,NVIDIA GeForce RTX 5060 Ti,42,MuSiQue,8,16,38,multi-hop,47.7156,0.0,0.0,0,1,1,140,396,396,82216747008,82216747008,8.615,0.03
google/gemma-3-1b-it,NVIDIA GeForce RTX 5060 Ti,42,MuSiQue,8,16,39,multi-hop,40.4162,55.084,0.0,0,0,1,115,371,371,72163524608,72163524608,8.615,0.03
google/gemma-3-1b-it,NVIDIA GeForce RTX 5060 Ti,42,MuSiQue,8,16,40,semantic,89.392,0.0,0.0,0,1,1,106,362,362,68704796672,68704796672,8.615,0.03
google/gemma-3-1b-it,NVIDIA GeForce RTX 5060 Ti,42,MuSiQue,8,16,41,multi-hop,56.0689,59.3274,0.0,0,0,1,107,363,363,69084905472,69084905472,8.615,0.03
google/gemma-3-1b-it,NVIDIA GeForce RTX 5060 Ti,42,MuSiQue,8,16,42,semantic,72.4255,0.0,0.0,0,1,1,102,358,358,67194847232,67194847232,8.615,0.03
google/gemma-3-1b-it,NVIDIA GeForce RTX 5060 Ti,42,MuSiQue,8,16,43,semantic,27.0393,0.0,0.0,0,1,1,5,261,261,35715022848,35715022848,8.615,0.03
google/gemma-3-1b-it,NVIDIA GeForce RTX 5060 Ti,42,MuSiQue,8,16,44,multi-hop,45.807,47.704,35.8433,0,0,0,131,387,387,78522089472,78522089472,8.615,0.03
google/gemma-3-1b-it,NVIDIA GeForce RTX 5060 Ti,42,MuSiQue,8,16,45,structural,37.0438,56.1831,47.2167,0,0,0,68,324,324,55037657088,55037657088,8.615,0.03
google/gemma-3-1b-it,NVIDIA GeForce RTX 5060 Ti,42,MuSiQue,8,16,46,structural,35.1199,73.8226,0.0,0,0,1,121,377,377,74516529152,74516529152,8.615,0.03
google/gemma-3-1b-it,NVIDIA GeForce RTX 5060 Ti,42,MuSiQue,8,16,47,semantic,0.0,0.0,0.0,1,1,1,12,268,268,37656461312,37656461312,8.615,0.03
google/gemma-3-1b-it,NVIDIA GeForce RTX 5060 Ti,42,MuSiQue,8,16,48,multi-hop,0.0,0.0,0.0,1,1,1,90,346,346,62765662208,62765662208,8.615,0.03
google/gemma-3-1b-it,NVIDIA GeForce RTX 5060 Ti,42,MuSiQue,8,16,49,structural,0.0,35.7459,51.1581,1,0,0,107,363,363,69084905472,69084905472,8.615,0.03
google/gemma-3-1b-it,NVIDIA GeForce RTX 5060 Ti,42,MuSiQue,8,16,50,multi-hop,61.6516,0.0,45.3274,0,1,0,48,304,304,48452599808,48452599808,8.615,0.03
google/gemma-3-1b-it,NVIDIA GeForce RTX 5060 Ti,42,MuSiQue,8,16,51,structural,39.7545,31.5901,0.0,0,0,1,88,344,344,62042144768,62042144768,8.615,0.03
google/gemma-3-1b-it,NVIDIA GeForce RTX 5060 Ti,42,MuSiQue,8,16,52,semantic,58.304,0.0,0.0,0,1,1,66,322,322,54360276992,54360276992,8.615,0.03
google/gemma-3-1b-it,NVIDIA GeForce RTX 5060 Ti,42,MuSiQue,8,16,53,structural,69.6826,34.0277,53.2918,0,0,0,120,376,376,74121740288,74121740288,8.615,0.03
google/gemma-3-1b-it,NVIDIA GeForce RTX 5060 Ti,42,MuSiQue,8,16,54,structural,32.5376,0.0,0.0,0,1,1,118,374,374,73335308288,73335308288,8.615,0.03
google/gemma-3-1b-it,NVIDIA GeForce RTX 5060 Ti,42,MuSiQue,8,16,55,semantic,28.0547,0.0,0.0,0,1,1,102,358,358,67194847232,67194847232,8.615,0.03
google/gemma-3-1b-it,NVIDIA GeForce RTX 5060 Ti,42,MuSiQue,8,16,56,multi-hop,70.0938,0.0,0.0,0,1,1,36,292,292,44702892032,44702892032,8.615,0.03
google/gemma-3-1b-it,NVIDIA GeForce RTX 5060 Ti,42,MuSiQue,8,16,57,structural,51.7273,36.7449,0.0,0,0,1,62,318,318,53018099712,53018099712,8.615,0.03
google/gemma-3-1b-it,NVIDIA GeForce RTX 5060 Ti,42,MuSiQue,8,16,58,multi-hop,98.225,0.0,0.0,0,1,1,69,325,325,55377920000,55377920000,8.615,0.03
google/gemma-3-1b-it,NVIDIA GeForce RTX 5060 Ti,42,MuSiQue,8,16,59,semantic,56.6651,0.0,0.0,0,1,1,115,371,371,72163524608,72163524608,8.615,0.03
google/gemma-3-1b-it,NVIDIA GeForce RTX 5060 Ti,42,MuSiQue,8,16,60,semantic,46.8741,0.0,0.0,0,1,1,102,358,358,67194847232,67194847232,8.615,0.03
google/gemma-3-1b-it,NVIDIA GeForce RTX 5060 Ti,42,MuSiQue,8,16,61,structural,85.6821,53.438,67.227,0,0,0,99,355,355,66073395200,66073395200,8.615,0.03
google/gemma-3-1b-it,NVIDIA GeForce RTX 5060 Ti,42,MuSiQue,8,16,62,semantic,35.4966,0.0,70.5127,0,1,0,5,217,261,24688197632,35715022848,8.615,0.03
google/gemma-3-1b-it,NVIDIA GeForce RTX 5060 Ti,42,MuSiQue,8,16,63,multi-hop,49.2293,55.6954,0.0,0,0,1,94,350,350,64225280000,64225280000,8.615,0.03
google/gemma-3-1b-it,NVIDIA GeForce RTX 5060 Ti,42,MuSiQue,8,16,64,multi-hop,78.9298,0.0,0.0,0,1,1,118,374,374,73335308288,73335308288,8.615,0.03
google/gemma-3-1b-it,NVIDIA GeForce RTX 5060 Ti,42,MuSiQue,8,16,65,multi-hop,41.4846,47.7159,62.2478,0,0,0,120,376,376,74121740288,74121740288,8.615,0.03
google/gemma-3-1b-it,NVIDIA GeForce RTX 5060 Ti,42,MuSiQue,8,16,66,multi-hop,69.3039,31.7892,54.3411,0,0,0,45,301,301,47501017088,47501017088,8.615,0.03
google/gemma-3-1b-it,NVIDIA GeForce RTX 5060 Ti,42,MuSiQue,8,16,67,semantic,34.5514,0.0,28.4693,0,1,0,105,361,361,68325736448,68325736448,8.615,0.03
google/gemma-3-1b-it,NVIDIA GeForce RTX 5060 Ti,42,MuSiQue,8,16,68,structural,35.4257,36.7154,69.9813,0,0,0,57,313,313,51363971072,51363971072,8.615,0.03
google/gemma-3-1b-it,NVIDIA GeForce RTX 5060 Ti,42,MuSiQue,8,16,69,multi-hop,35.1077,0.0,0.0,0,1,1,62,318,318,53018099712,53018099712,8.615,0.03
google/gemma-3-1b-it,NVIDIA GeForce RTX 5060 Ti,42,MuSiQue,8,16,70,structural,32.7447,0.0,0.0,0,1,1,103,359,359,67570761728,67570761728,8.615,0.03
google/gemma-3-1b-it,NVIDIA GeForce RTX 5060 Ti,42,MuSiQue,8,16,71,multi-hop,44.0937,48.841,0.0,0,0,1,98,354,354,65701675008,65701675008,8.615,0.03
google/gemma-3-1b-it,NVIDIA GeForce RTX 5060 Ti,42,MuSiQue,8,16,72,semantic,38.3507,0.0,0.0,0,1,1,132,388,388,78928412672,78928412672,8.615,0.03
google/gemma-3-1b-it,NVIDIA GeForce RTX 5060 Ti,42,MuSiQue,8,16,73,multi-hop,28.8109,0.0,0.0,0,1,1,30,286,286,42884661248,42884661248,8.615,0.03
google/gemma-3-1b-it,NVIDIA GeForce RTX 5060 Ti,42,MuSiQue,8,16,74,multi-hop,35.2433,0.0,0.0,0,1,1,9,265,265,36818124800,36818124800,8.615,0.03
google/gemma-3-1b-it,NVIDIA GeForce RTX 5060 Ti,42,MuSiQue,8,16,75,structural,45.8481,0.0,0.0,0,1,1,101,357,357,66819981312,66819981312,8.615,0.03
google/gemma-3-1b-it,NVIDIA GeForce RTX 5060 Ti,42,MuSiQue,8,16,76,multi-hop,34.484,0.0,0.0,0,1,1,57,267,313,37375967232,51363971072,8.615,0.03
google/gemma-3-1b-it,NVIDIA GeForce RTX 5060 Ti,42,MuSiQue,8,16,77,semantic,37.3215,0.0,0.0,0,1,1,100,356,356,66446163968,66446163968,8.615,0.03
google/gemma-3-1b-it,NVIDIA GeForce RTX 5060 Ti,42,MuSiQue,8,16,78,semantic,37.0807,0.0,0.0,0,1,1,92,348,348,63493373952,63493373952,8.615,0.03
google/gemma-3-1b-it,NVIDIA GeForce RTX 5060 Ti,42,MuSiQue,8,16,79,semantic,54.9548,0.0,0.0,0,1,1,101,357,357,66819981312,66819981312,8.615,0.03
google/gemma-3-1b-it,NVIDIA GeForce RTX 5060 Ti,42,MuSiQue,8,16,80,structural,49.2533,0.0,0.0,0,1,1,102,358,358,67194847232,67194847232,8.615,0.03
google/gemma-3-1b-it,NVIDIA GeForce RTX 5060 Ti,42,MuSiQue,8,16,81,multi-hop,36.688,34.6426,73.5275,0,0,0,69,325,325,55377920000,55377920000,8.615,0.03
google/gemma-3-1b-it,NVIDIA GeForce RTX 5060 Ti,42,MuSiQue,8,16,82,multi-hop,27.6362,65.7593,32.5079,0,0,0,102,358,358,67194847232,67194847232,8.615,0.03
google/gemma-3-1b-it,NVIDIA GeForce RTX 5060 Ti,42,MuSiQue,8,16,83,structural,34.5323,46.937,0.0,0,0,1,101,357,357,66819981312,66819981312,8.615,0.03
google/gemma-3-1b-it,NVIDIA GeForce RTX 5060 Ti,42,MuSiQue,8,16,84,semantic,54.3071,0.0,0.0,0,1,1,65,321,321,54023159808,54023159808,8.615,0.03
google/gemma-3-1b-it,NVIDIA GeForce RTX 5060 Ti,42,MuSiQue,8,16,85,semantic,48.3944,0.0,0.0,0,1,1,97,353,353,65331003392,65331003392,8.615,0.03
google/gemma-3-1b-it,NVIDIA GeForce RTX 5060 Ti,42,MuSiQue,8,16,86,multi-hop,62.8006,0.0,51.5046,0,1,0,148,404,404,85572190208,85572190208,8.615,0.03
google/gemma-3-1b-it,NVIDIA GeForce RTX 5060 Ti,42,MuSiQue,8,16,87,multi-hop,64.06,0.0,0.0,0,1,1,119,375,375,73728000000,73728000000,8.615,0.03
google/gemma-3-1b-it,NVIDIA GeForce RTX 5060 Ti,42,MuSiQue,8,16,88,multi-hop,43.2191,40.0927,0.0,0,0,1,89,345,345,62403379200,62403379200,8.615,0.03
google/gemma-3-1b-it,NVIDIA GeForce RTX 5060 Ti,42,MuSiQue,8,16,89,multi-hop,49.1811,0.0,30.3988,0,1,0,89,345,345,62403379200,62403379200,8.615,0.03
google/gemma-3-1b-it,NVIDIA GeForce RTX 5060 Ti,42,MuSiQue,8,16,90,semantic,54.9164,0.0,28.0241,0,1,0,115,371,371,72163524608,72163524608,8.615,0.03
google/gemma-3-1b-it,NVIDIA GeForce RTX 5060 Ti,42,MuSiQue,8,16,91,multi-hop,0.0,0.0,0.0,1,1,1,124,380,380,75707187200,75707187200,8.615,0.03
google/gemma-3-1b-it,NVIDIA GeForce RTX 5060 Ti,42,MuSiQue,8,16,92,semantic,46.2945,0.0,33.9876,0,1,0,10,266,266,37096521728,37096521728,8.615,0.03
google/gemma-3-1b-it,NVIDIA GeForce RTX 5060 Ti,42,MuSiQue,8,16,93,semantic,0.0,0.0,0.0,1,1,1,97,353,353,65331003392,65331003392,8.615,0.03
google/gemma-3-1b-it,NVIDIA GeForce RTX 5060 Ti,42,MuSiQue,8,16,94,semantic,47.3899,0.0,0.0,0,1,1,119,375,375,73728000000,73728000000,8.615,0.03
google/gemma-3-1b-it,NVIDIA GeForce RTX 5060 Ti,42,MuSiQue,8,16,95,semantic,38.6267,0.0,0.0,0,1,1,114,370,370,71775027200,71775027200,8.615,0.03
google/gemma-3-1b-it,NVIDIA GeForce RTX 5060 Ti,42,MuSiQue,8,16,96,multi-hop,0.0,49.5581,62.2849,1,0,0,106,362,362,68704796672,68704796672,8.615,0.03
google/gemma-3-1b-it,NVIDIA GeForce RTX 5060 Ti,42,MuSiQue,8,16,97,structural,0.0,32.2456,0.0,1,0,1,124,380,380,75707187200,75707187200,8.615,0.03
google/gemma-3-1b-it,NVIDIA GeForce RTX 5060 Ti,42,MuSiQue,8,16,98,multi-hop,49.8613,0.0,0.0,0,1,1,106,362,362,68704796672,68704796672,8.615,0.03
google/gemma-3-1b-it,NVIDIA GeForce RTX 5060 Ti,42,MuSiQue,8,16,99,semantic,0.0,0.0,0.0,1,1,1,119,375,375,73728000000,73728000000,8.615,0.03
google/gemma-3-1b-it,NVIDIA GeForce RTX 5060 Ti,42,MuSiQue,8,16,100,semantic,39.1264,0.0,0.0,0,1,1,75,331,331,57441517568,57441517568,8.615,0.03
google/gemma-3-1b-it,NVIDIA GeForce RTX 5060 Ti,42,MuSiQue,8,16,101,multi-hop,41.0421,39.216,0.0,0,0,1,119,375,375,73728000000,73728000000,8.615,0.03
google/gemma-3-1b-it,NVIDIA GeForce RTX 5060 Ti,42,MuSiQue,8,16,102,multi-hop,29.3671,0.0,0.0,0,1,1,53,309,309,50059542528,50059542528,8.615,0.03
google/gemma-3-1b-it,NVIDIA GeForce RTX 5060 Ti,42,MuSiQue,8,16,103,semantic,41.9912,0.0,0.0,0,1,1,86,342,342,61322821632,61322821632,8.615,0.03
google/gemma-3-1b-it,NVIDIA GeForce RTX 5060 Ti,42,MuSiQue,8,16,104,multi-hop,39.9854,0.0,36.5484,0,1,0,36,292,292,44702892032,44702892032,8.615,0.03
google/gemma-3-1b-it,NVIDIA GeForce RTX 5060 Ti,42,MuSiQue,8,16,105,semantic,70.5211,0.0,0.0,0,1,1,99,355,355,66073395200,66073395200,8.615,0.03
google/gemma-3-1b-it,NVIDIA GeForce RTX 5060 Ti,42,MuSiQue,8,16,106,semantic,39.2498,0.0,0.0,0,1,1,54,310,310,50384076800,50384076800,8.615,0.03
google/gemma-3-1b-it,NVIDIA GeForce RTX 5060 Ti,42,MuSiQue,8,16,107,structural,46.3212,0.0,0.0,0,1,1,118,374,374,73335308288,73335308288,8.615,0.03
google/gemma-3-1b-it,NVIDIA GeForce RTX 5060 Ti,42,MuSiQue,8,16,108,structural,72.9898,40.4899,0.0,0,0,1,83,339,339,60251701248,60251701248,8.615,0.03
google/gemma-3-1b-it,NVIDIA GeForce RTX 5060 Ti,42,MuSiQue,8,16,109,multi-hop,74.1021,48.2694,31.6789,0,0,0,2,78,258,3189768192,34898706432,8.615,0.03
google/gemma-3-1b-it,NVIDIA GeForce RTX 5060 Ti,42,MuSiQue,8,16,110,multi-hop,32.639,0.0,0.0,0,1,1,4,260,260,35441868800,35441868800,8.615,0.03
google/gemma-3-1b-it,NVIDIA GeForce RTX 5060 Ti,42,MuSiQue,8,16,111,multi-hop,37.9452,28.8903,65.0792,0,0,0,116,372,372,72553070592,72553070592,8.615,0.03
google/gemma-3-1b-it,NVIDIA GeForce RTX 5060 Ti,42,MuSiQue,8,16,112,semantic,51.575,0.0,0.0,0,1,1,103,359,359,67570761728,67570761728,8.615,0.03
google/gemma-3-1b-it,NVIDIA GeForce RTX 5060 Ti,42,MuSiQue,8,16,113,multi-hop,40.9857,0.0,0.0,0,1,1,87,343,343,61681958912,61681958912,8.615,0.03
google/gemma-3-1b-it,NVIDIA GeForce RTX 5060 Ti,42,MuSiQue,8,16,114,multi-hop,67.3953,0.0,0.0,0,1,1,88,344,344,62042144768,62042144768,8.615,0.03
google/gemma-3-1b-it,NVIDIA GeForce RTX 5060 Ti,42,MuSiQue,8,16,115,multi-hop,58.5301,53.2684,36.4469,0,0,0,106,362,362,68704796672,68704796672,8.615,0.03
google/gemma-3-1b-it,NVIDIA GeForce RTX 5060 Ti,42,MuSiQue,8,16,116,semantic,66.6088,0.0,0.0,0,1,1,105,361,361,68325736448,68325736448,8.615,0.03
google/gemma-3-1b-it,NVIDIA GeForce RTX 5060 Ti,42,MuSiQue,8,16,117,multi-hop,66.0688,46.6463,56.3126,0,0,0,98,354,354,65701675008,65701675008,8.615,0.03
google/gemma-3-1b-it,NVIDIA GeForce RTX 5060 Ti,42,MuSiQue,8,16,118,multi-hop,52.2112,0.0,0.0,0,1,1,102,358,358,67194847232,67194847232,8.615,0.03
google/gemma-3-1b-it,NVIDIA GeForce RTX 5060 Ti,42,MuSiQue,8,16,119,multi-hop,54.0904,61.6704,0.0,0,0,1,97,353,353,65331003392,65331003392,8.615,0.03
google/gemma-3-1b-it,NVIDIA GeForce RTX 5060 Ti,42,MuSiQue,8,16,120,structural,38.7936,34.6015,35.2743,0,0,0,7,263,263,36264476672,36264476672,8.615,0.03
google/gemma-3-1b-it,NVIDIA GeForce RTX 5060 Ti,42,MuSiQue,8,16,121,multi-hop,41.8618,0.0,29.0233,0,1,0,105,361,361,68325736448,68325736448,8.615,0.03
google/gemma-3-1b-it,NVIDIA GeForce RTX 5060 Ti,42,MuSiQue,8,16,122,semantic,40.57,0.0,0.0,0,1,1,5,261,261,35715022848,35715022848,8.615,0.03
google/gemma-3-1b-it,NVIDIA GeForce RTX 5060 Ti,42,MuSiQue,8,16,123,semantic,52.7686,0.0,0.0,0,1,1,121,377,377,74516529152,74516529152,8.615,0.03
google/gemma-3-1b-it,NVIDIA GeForce RTX 5060 Ti,42,MuSiQue,8,16,124,multi-hop,31.8826,52.8812,0.0,0,0,1,7,263,263,36264476672,36264476672,8.615,0.03
google/gemma-3-1b-it,NVIDIA GeForce RTX 5060 Ti,42,MuSiQue,8,16,125,semantic,46.0986,0.0,52.1604,0,1,0,104,360,360,67947724800,67947724800,8.615,0.03
google/gemma-3-1b-it,NVIDIA GeForce RTX 5060 Ti,42,MuSiQue,8,16,126,semantic,47.4494,0.0,0.0,0,1,1,39,295,295,45626163200,45626163200,8.615,0.03
google/gemma-3-1b-it,NVIDIA GeForce RTX 5060 Ti,42,MuSiQue,8,16,127,multi-hop,37.4228,44.7156,79.4999,0,0,0,35,291,291,44397232128,44397232128,8.615,0.03
google/gemma-3-1b-it,NVIDIA GeForce RTX 5060 Ti,42,MuSiQue,8,16,128,multi-hop,45.7253,86.4649,0.0,0,0,1,9,265,265,36818124800,36818124800,8.615,0.03
google/gemma-3-1b-it,NVIDIA GeForce RTX 5060 Ti,42,MuSiQue,8,16,129,structural,67.7722,0.0,0.0,0,1,1,75,331,331,57441517568,57441517568,8.615,0.03
google/gemma-3-1b-it,NVIDIA GeForce RTX 5060 Ti,42,MuSiQue,8,16,130,semantic,34.4214,0.0,0.0,0,1,1,107,363,363,69084905472,69084905472,8.615,0.03
google/gemma-3-1b-it,NVIDIA GeForce RTX 5060 Ti,42,MuSiQue,8,16,131,semantic,31.1924,0.0,0.0,0,1,1,107,363,363,69084905472,69084905472,8.615,0.03
google/gemma-3-1b-it,NVIDIA GeForce RTX 5060 Ti,42,MuSiQue,8,16,132,semantic,37.6901,0.0,29.7998,0,1,0,81,337,337,59542863872,59542863872,8.615,0.03
google/gemma-3-1b-it,NVIDIA GeForce RTX 5060 Ti,42,MuSiQue,8,16,133,multi-hop,61.0669,0.0,0.0,0,1,1,114,370,370,71775027200,71775027200,8.615,0.03
google/gemma-3-1b-it,NVIDIA GeForce RTX 5060 Ti,42,MuSiQue,8,16,134,structural,33.145,30.3337,0.0,0,0,1,77,333,333,58137772032,58137772032,8.615,0.03
google/gemma-3-1b-it,NVIDIA GeForce RTX 5060 Ti,42,MuSiQue,8,16,135,multi-hop,30.3429,0.0,0.0,0,1,1,123,379,379,75309252608,75309252608,8.615,0.03
google/gemma-3-1b-it,NVIDIA GeForce RTX 5060 Ti,42,MuSiQue,8,16,136,semantic,35.8946,0.0,0.0,0,1,1,120,376,376,74121740288,74121740288,8.615,0.03
google/gemma-3-1b-it,NVIDIA GeForce RTX 5060 Ti,42,MuSiQue,8,16,137,semantic,35.6944,0.0,0.0,0,1,1,114,370,370,71775027200,71775027200,8.615,0.03
google/gemma-3-1b-it,NVIDIA GeForce RTX 5060 Ti,42,MuSiQue,8,16,138,semantic,37.0581,0.0,0.0,0,1,1,142,398,398,83049316352,83049316352,8.615,0.03
google/gemma-3-1b-it,NVIDIA GeForce RTX 5060 Ti,42,MuSiQue,8,16,139,multi-hop,57.0212,32.0276,37.0638,0,0,0,77,333,333,58137772032,58137772032,8.615,0.03
google/gemma-3-1b-it,NVIDIA GeForce RTX 5060 Ti,42,MuSiQue,8,16,140,structural,28.3386,0.0,0.0,0,1,1,125,381,381,76106170368,76106170368,8.615,0.03
google/gemma-3-1b-it,NVIDIA GeForce RTX 5060 Ti,42,MuSiQue,8,16,141,semantic,43.0645,0.0,43.6204,0,1,0,88,344,344,62042144768,62042144768,8.615,0.03
google/gemma-3-1b-it,NVIDIA GeForce RTX 5060 Ti,42,MuSiQue,8,16,142,multi-hop,58.8573,58.0054,0.0,0,0,1,53,309,309,50059542528,50059542528,8.615,0.03
google/gemma-3-1b-it,NVIDIA GeForce RTX 5060 Ti,42,MuSiQue,8,16,143,semantic,42.2485,0.0,0.0,0,1,1,115,371,371,72163524608,72163524608,8.615,0.03
google/gemma-3-1b-it,NVIDIA GeForce RTX 5060 Ti,42,MuSiQue,8,16,144,multi-hop,0.0,0.0,59.4054,1,1,0,88,344,344,62042144768,62042144768,8.615,0.03
google/gemma-3-1b-it,NVIDIA GeForce RTX 5060 Ti,42,MuSiQue,8,16,145,multi-hop,39.2559,0.0,0.0,0,1,1,102,358,358,67194847232,67194847232,8.615,0.03
google/gemma-3-1b-it,NVIDIA GeForce RTX 5060 Ti,42,MuSiQue,8,16,146,multi-hop,34.3323,0.0,54.2753,0,1,0,20,276,276,39938162688,39938162688,8.615,0.03
google/gemma-3-1b-it,NVIDIA GeForce RTX 5060 Ti,42,MuSiQue,8,16,147,multi-hop,58.1497,0.0,0.0,0,1,1,54,310,310,50384076800,50384076800,8.615,0.03
google/gemma-3-1b-it,NVIDIA GeForce RTX 5060 Ti,42,MuSiQue,8,16,148,multi-hop,49.4939,42.8843,71.6885,0,0,0,118,374,374,73335308288,73335308288,8.615,0.03
google/gemma-3-1b-it,NVIDIA GeForce RTX 5060 Ti,42,MuSiQue,8,16,149,multi-hop,34.5894,64.0649,66.2253,0,0,0,57,313,313,51363971072,51363971072,8.615,0.03
google/gemma-3-1b-it,NVIDIA GeForce RTX 5060 Ti,42,MuSiQue,8,16,150,semantic,58.6653,0.0,0.0,0,1,1,110,366,366,70231523328,70231523328,8.615,0.03
google/gemma-3-1b-it,NVIDIA GeForce RTX 5060 Ti,42,MuSiQue,8,16,151,structural,39.8303,0.0,0.0,0,1,1,119,375,375,73728000000,73728000000,8.615,0.03
google/gemma-3-1b-it,NVIDIA GeForce RTX 5060 Ti,42,MuSiQue,8,16,152,structural,54.1471,0.0,0.0,0,1,1,109,365,365,69848268800,69848268800,8.615,0.03
google/gemma-3-1b-it,NVIDIA GeForce RTX 5060 Ti,42,MuSiQue,8,16,153,structural,35.0838,75.5214,0.0,0,0,1,103,359,359,67570761728,67570761728,8.615,0.03
google/gemma-3-1b-it,NVIDIA GeForce RTX 5060 Ti,42,MuSiQue,8,16,154,multi-hop,0.0,0.0,0.0,1,1,1,119,375,375,73728000000,73728000000,8.615,0.03
google/gemma-3-1b-it,NVIDIA GeForce RTX 5060 Ti,42,MuSiQue,8,16,155,multi-hop,0.0,0.0,0.0,1,1,1,68,324,324,55037657088,55037657088,8.615,0.03
google/gemma-3-1b-it,NVIDIA GeForce RTX 5060 Ti,42,MuSiQue,8,16,156,structural,79.5517,0.0,0.0,0,1,1,104,360,360,67947724800,67947724800,8.615,0.03
google/gemma-3-1b-it,NVIDIA GeForce RTX 5060 Ti,42,MuSiQue,8,16,157,multi-hop,0.0,0.0,0.0,1,1,1,115,371,371,72163524608,72163524608,8.615,0.03
google/gemma-3-1b-it,NVIDIA GeForce RTX 5060 Ti,42,MuSiQue,8,16,158,multi-hop,41.3629,0.0,0.0,0,1,1,5,261,261,35715022848,35715022848,8.615,0.03
google/gemma-3-1b-it,NVIDIA GeForce RTX 5060 Ti,42,MuSiQue,8,16,159,structural,41.0481,41.6456,0.0,0,0,1,86,342,342,61322821632,61322821632,8.615,0.03
google/gemma-3-1b-it,NVIDIA GeForce RTX 5060 Ti,42,MuSiQue,8,16,160,semantic,49.8912,0.0,0.0,0,1,1,3,233,259,28463071232,35169763328,8.615,0.03
google/gemma-3-1b-it,NVIDIA GeForce RTX 5060 Ti,42,MuSiQue,8,16,161,multi-hop,35.8346,0.0,0.0,0,1,1,96,352,352,64961380352,64961380352,8.615,0.03
google/gemma-3-1b-it,NVIDIA GeForce RTX 5060 Ti,42,MuSiQue,8,16,162,multi-hop,47.3193,48.0472,62.3798,0,0,0,39,295,295,45626163200,45626163200,8.615,0.03
google/gemma-3-1b-it,NVIDIA GeForce RTX 5060 Ti,42,MuSiQue,8,16,163,multi-hop,39.2353,0.0,0.0,0,1,1,53,309,309,50059542528,50059542528,8.615,0.03
google/gemma-3-1b-it,NVIDIA GeForce RTX 5060 Ti,42,MuSiQue,8,16,164,semantic,41.1132,0.0,0.0,0,1,1,53,309,309,50059542528,50059542528,8.615,0.03
google/gemma-3-1b-it,NVIDIA GeForce RTX 5060 Ti,42,MuSiQue,8,16,165,multi-hop,37.1591,0.0,0.0,0,1,1,97,353,353,65331003392,65331003392,8.615,0.03
google/gemma-3-1b-it,NVIDIA GeForce RTX 5060 Ti,42,MuSiQue,8,16,166,multi-hop,84.0057,0.0,34.4966,0,1,0,103,359,359,67570761728,67570761728,8.615,0.03
google/gemma-3-1b-it,NVIDIA GeForce RTX 5060 Ti,42,MuSiQue,8,16,167,multi-hop,37.8802,65.5772,43.5372,0,0,0,35,291,291,44397232128,44397232128,8.615,0.03
google/gemma-3-1b-it,NVIDIA GeForce RTX 5060 Ti,42,MuSiQue,8,16,168,semantic,35.3299,0.0,0.0,0,1,1,111,367,367,70615826432,70615826432,8.615,0.03
google/gemma-3-1b-it,NVIDIA GeForce RTX 5060 Ti,42,MuSiQue,8,16,169,multi-hop,0.0,66.0171,43.9293,1,0,0,114,370,370,71775027200,71775027200,8.615,0.03
google/gemma-3-1b-it,NVIDIA GeForce RTX 5060 Ti,42,MuSiQue,8,16,170,multi-hop,81.6472,47.9163,0.0,0,0,1,79,335,335,58838220800,58838220800,8.615,0.03
google/gemma-3-1b-it,NVIDIA GeForce RTX 5060 Ti,42,MuSiQue,8,16,171,multi-hop,60.6265,0.0,0.0,0,1,1,43,299,299,46871871488,46871871488,8.615,0.03
google/gemma-3-1b-it,NVIDIA GeForce RTX 5060 Ti,42,MuSiQue,8,16,172,structural,55.8198,43.2347,33.8014,0,0,0,39,295,295,45626163200,45626163200,8.615,0.03
google/gemma-3-1b-it,NVIDIA GeForce RTX 5060 Ti,42,MuSiQue,8,16,173,multi-hop,54.3931,38.4021,48.0899,0,0,0,77,333,333,58137772032,58137772032,8.615,0.03
google/gemma-3-1b-it,NVIDIA GeForce RTX 5060 Ti,42,MuSiQue,8,16,174,semantic,61.3875,0.0,66.7679,0,1,0,124,380,380,75707187200,75707187200,8.615,0.03
google/gemma-3-1b-it,NVIDIA GeForce RTX 5060 Ti,42,MuSiQue,8,16,175,multi-hop,59.8864,0.0,0.0,0,1,1,111,367,367,70615826432,70615826432,8.615,0.03
google/gemma-3-1b-it,NVIDIA GeForce RTX 5060 Ti,42,MuSiQue,8,16,176,multi-hop,46.5921,0.0,0.0,0,1,1,90,346,346,62765662208,62765662208,8.615,0.03
google/gemma-3-1b-it,NVIDIA GeForce RTX 5060 Ti,42,MuSiQue,8,16,177,multi-hop,63.5283,0.0,46.769,0,1,0,27,283,283,41989701632,41989701632,8.615,0.03
google/gemma-3-1b-it,NVIDIA GeForce RTX 5060 Ti,42,MuSiQue,8,16,178,structural,30.6364,0.0,0.0,0,1,1,143,399,399,83467173888,83467173888,8.615,0.03
google/gemma-3-1b-it,NVIDIA GeForce RTX 5060 Ti,42,MuSiQue,8,16,179,structural,53.575,33.9098,0.0,0,0,1,30,286,286,42884661248,42884661248,8.615,0.03
google/gemma-3-1b-it,NVIDIA GeForce RTX 5060 Ti,42,MuSiQue,8,16,180,semantic,55.1738,0.0,0.0,0,1,1,19,275,275,39649280000,39649280000,8.615,0.03
google/gemma-3-1b-it,NVIDIA GeForce RTX 5060 Ti,42,MuSiQue,8,16,181,structural,65.9894,0.0,0.0,0,1,1,90,346,346,62765662208,62765662208,8.615,0.03
google/gemma-3-1b-it,NVIDIA GeForce RTX 5060 Ti,42,MuSiQue,8,16,182,multi-hop,0.0,0.0,0.0,1,1,1,54,310,310,50384076800,50384076800,8.615,0.03
google/gemma-3-1b-it,NVIDIA GeForce RTX 5060 Ti,42,MuSiQue,8,16,183,multi-hop,44.3536,0.0,0.0,0,1,1,110,366,366,70231523328,70231523328,8.615,0.03
google/gemma-3-1b-it,NVIDIA GeForce RTX 5060 Ti,42,MuSiQue,8,16,184,structural,50.7616,0.0,0.0,0,1,1,92,348,348,63493373952,63493373952,8.615,0.03
google/gemma-3-1b-it,NVIDIA GeForce RTX 5060 Ti,42,MuSiQue,8,16,185,multi-hop,56.0895,0.0,50.0099,0,1,0,100,356,356,66446163968,66446163968,8.615,0.03
google/gemma-3-1b-it,NVIDIA GeForce RTX 5060 Ti,42,MuSiQue,8,16,186,semantic,32.2927,0.0,0.0,0,1,1,109,365,365,69848268800,69848268800,8.615,0.03
google/gemma-3-1b-it,NVIDIA GeForce RTX 5060 Ti,42,MuSiQue,8,16,187,multi-hop,44.9188,0.0,0.0,0,1,1,66,322,322,54360276992,54360276992,8.615,0.03
google/gemma-3-1b-it,NVIDIA GeForce RTX 5060 Ti,42,MuSiQue,8,16,188,multi-hop,27.203,0.0,0.0,0,1,1,114,370,370,71775027200,71775027200,8.615,0.03
google/gemma-3-1b-it,NVIDIA GeForce RTX 5060 Ti,42,MuSiQue,8,16,189,structural,28.7329,0.0,0.0,0,1,1,111,367,367,70615826432,70615826432,8.615,0.03
google/gemma-3-1b-it,NVIDIA GeForce RTX 5060 Ti,42,MuSiQue,8,16,190,structural,39.4862,0.0,0.0,0,1,1,34,290,290,44092620800,44092620800,8.615,0.03
google/gemma-3-1b-it,NVIDIA GeForce RTX 5060 Ti,42,MuSiQue,8,16,191,structural,47.961,67.1506,0.0,0,0,1,39,295,295,45626163200,45626163200,8.615,0.03
google/gemma-3-1b-it,NVIDIA GeForce RTX 5060 Ti,42,MuSiQue,8,16,192,multi-hop,28.6722,0.0,0.0,0,1,1,116,372,372,72553070592,72553070592,8.615,0.03
google/gemma-3-1b-it,NVIDIA GeForce RTX 5060 Ti,42,MuSiQue,8,16,193,semantic,51.4684,0.0,61.8199,0,1,0,71,327,327,56061591552,56061591552,8.615,0.03
google/gemma-3-1b-it,NVIDIA GeForce RTX 5060 Ti,42,MuSiQue,8,16,194,multi-hop,54.7582,27.4133,47.3536,0,0,0,128,384,384,77309411328,77309411328,8.615,0.03
google/gemma-3-1b-it,NVIDIA GeForce RTX 5060 Ti,42,MuSiQue,8,16,195,multi-hop,96.9903,27.7918,33.5495,0,0,0,104,360,360,67947724800,67947724800,8.615,0.03
google/gemma-3-1b-it,NVIDIA GeForce RTX 5060 Ti,42,MuSiQue,8,16,196,multi-hop,35.6238,0.0,0.0,0,1,1,101,357,357,66819981312,66819981312,8.615,0.03
google/gemma-3-1b-it,NVIDIA GeForce RTX 5060 Ti,42,MuSiQue,8,16,197,semantic,35.2248,0.0,0.0,0,1,1,72,328,328,56405000192,56405000192,8.615,0.03
google/gemma-3-1b-it,NVIDIA GeForce RTX 5060 Ti,42,MuSiQue,8,16,198,semantic,0.0,0.0,0.0,1,1,1,91,347,347,63128993792,63128993792,8.615,0.03
google/gemma-3-1b-it,NVIDIA GeForce RTX 5060 Ti,42,MuSiQue,8,16,199,semantic,29.6549,0.0,67.6842,0,1,0,13,269,269,37938003968,37938003968,8.615,0.03
google/gemma-3-1b-it,NVIDIA GeForce RTX 5060 Ti,42,MuSiQue,8,16,200,multi-hop,39.9644,32.9416,0.0,0,0,1,121,377,377,74516529152,74516529152,8.615,0.03
google/gemma-3-1b-it,NVIDIA GeForce RTX 5060 Ti,42,MuSiQue,8,16,201,multi-hop,36.027,0.0,0.0,0,1,1,102,358,358,67194847232,67194847232,8.615,0.03
google/gemma-3-1b-it,NVIDIA GeForce RTX 5060 Ti,42,MuSiQue,8,16,202,semantic,46.8757,0.0,57.4007,0,1,0,51,307,307,49413619712,49413619712,8.615,0.03
google/gemma-3-1b-it,NVIDIA GeForce RTX 5060 Ti,42,MuSiQue,8,16,203,semantic,37.688,0.0,0.0,0,1,1,35,291,291,44397232128,44397232128,8.615,0.03
google/gemma-3-1b-it,NVIDIA GeForce RTX 5060 Ti,42,MuSiQue,8,16,204,multi-hop,59.7726,39.763,0.0,0,0,1,112,368,368,71001178112,71001178112,8.615,0.03
google/gemma-3-1b-it,NVIDIA GeForce RTX 5060 Ti,42,MuSiQue,8,16,205,multi-hop,35.2015,44.3885,34.1,0,0,0,102,358,358,67194847232,67194847232,8.615,0.03
google/gemma-3-1b-it,NVIDIA GeForce RTX 5060 Ti,42,MuSiQue,8,16,206,multi-hop,56.671,0.0,0.0,0,1,1,99,355,355,66073395200,66073395200,8.615,0.03
google/gemma-3-1b-it,NVIDIA GeForce RTX 5060 Ti,42,MuSiQue,8,16,207,multi-hop,51.4348,0.0,75.6826,0,1,0,91,347,347,63128993792,63128993792,8.615,0.03
google/gemma-3-1b-it,NVIDIA GeForce RTX 5060 Ti,42,MuSiQue,8,16,208,semantic,29.5813,0.0,61.5811,0,1,0,120,376,376,74121740288,74121740288,8.615,0.03
google/gemma-3-1b-it,NVIDIA GeForce RTX 5060 Ti,42,MuSiQue,8,16,209,semantic,37.1043,0.0,78.092,0,1,0,61,317,317,52685176832,52685176832,8.615,0.03
google/gemma-3-1b-it,NVIDIA GeForce RTX 5060 Ti,42,MuSiQue,8,16,210,multi-hop,68.5433,0.0,0.0,0,1,1,110,366,366,70231523328,70231523328,8.615,0.03
google/gemma-3-1b-it,NVIDIA GeForce RTX 5060 Ti,42,MuSiQue,8,16,211,multi-hop,25.2844,48.2271,41.9248,0,0,0,48,304,304,48452599808,48452599808,8.615,0.03
google/gemma-3-1b-it,NVIDIA GeForce RTX 5060 Ti,42,MuSiQue,8,16,212,semantic,49.7054,0.0,52.622,0,1,0,103,359,359,67570761728,67570761728,8.615,0.03
google/gemma-3-1b-it,NVIDIA GeForce RTX 5060 Ti,42,MuSiQue,8,16,213,structural,36.1027,59.1927,33.367,0,0,0,96,352,352,64961380352,64961380352,8.615,0.03
google/gemma-3-1b-it,NVIDIA GeForce RTX 5060 Ti,42,MuSiQue,8,16,214,multi-hop,30.1064,0.0,0.0,0,1,1,46,302,302,47817162752,47817162752,8.615,0.03
google/gemma-3-1b-it,NVIDIA GeForce RTX 5060 Ti,42,MuSiQue,8,16,215,multi-hop,67.0596,31.2381,55.7025,0,0,0,2,78,258,3189768192,34898706432,8.615,0.03
google/gemma-3-1b-it,NVIDIA GeForce RTX 5060 Ti,42,MuSiQue,8,16,216,multi-hop,38.2149,0.0,41.2794,0,1,0,77,333,333,58137772032,58137772032,8.615,0.03
google/gemma-3-1b-it,NVIDIA GeForce RTX 5060 Ti,42,MuSiQue,8,16,217,semantic,35.3726,0.0,0.0,0,1,1,94,350,350,64225280000,64225280000,8.615,0.03
google/gemma-3-1b-it,NVIDIA GeForce RTX 5060 Ti,42,MuSiQue,8,16,218,semantic,57.6691,0.0,0.0,0,1,1,92,348,348,63493373952,63493373952,8.615,0.03
google/gemma-3-1b-it,NVIDIA GeForce RTX 5060 Ti,42,MuSiQue,8,16,219,structural,45.9163,70.3852,40.7088,0,0,0,121,377,377,74516529152,74516529152,8.615,0.03
google/gemma-3-1b-it,NVIDIA GeForce RTX 5060 Ti,42,MuSiQue,8,16,220,multi-hop,0.0,0.0,0.0,1,1,1,103,359,359,67570761728,67570761728,8.615,0.03
google/gemma-3-1b-it,NVIDIA GeForce RTX 5060 Ti,42,MuSiQue,8,16,221,semantic,29.5074,0.0,35.3377,0,1,0,57,313,313,51363971072,51363971072,8.615,0.03
google/gemma-3-1b-it,NVIDIA GeForce RTX 5060 Ti,42,MuSiQue,8,16,222,structural,30.1156,56.7612,65.948,0,0,0,5,261,261,35715022848,35715022848,8.615,0.03
google/gemma-3-1b-it,NVIDIA GeForce RTX 5060 Ti,42,MuSiQue,8,16,223,multi-hop,32.1214,0.0,0.0,0,1,1,33,289,289,43789058048,43789058048,8.615,0.03
google/gemma-3-1b-it,NVIDIA GeForce RTX 5060 Ti,42,MuSiQue,8,16,224,multi-hop,56.859,0.0,0.0,0,1,1,103,359,359,67570761728,67570761728,8.615,0.03
google/gemma-3-1b-it,NVIDIA GeForce RTX 5060 Ti,42,MuSiQue,8,16,225,structural,37.5568,45.0131,28.7232,0,0,0,115,371,371,72163524608,72163524608,8.615,0.03
google/gemma-3-1b-it,NVIDIA GeForce RTX 5060 Ti,42,MuSiQue,8,16,226,semantic,0.0,0.0,34.0374,1,1,0,92,348,348,63493373952,63493373952,8.615,0.03
google/gemma-3-1b-it,NVIDIA GeForce RTX 5060 Ti,42,MuSiQue,8,16,227,semantic,59.3539,0.0,0.0,0,1,1,39,295,295,45626163200,45626163200,8.615,0.03
google/gemma-3-1b-it,NVIDIA GeForce RTX 5060 Ti,42,MuSiQue,8,16,228,structural,60.5376,0.0,0.0,0,1,1,137,393,393,80975757312,80975757312,8.615,0.03
google/gemma-3-1b-it,NVIDIA GeForce RTX 5060 Ti,42,MuSiQue,8,16,229,multi-hop,48.7425,0.0,0.0,0,1,1,92,348,348,63493373952,63493373952,8.615,0.03
google/gemma-3-1b-it,NVIDIA GeForce RTX 5060 Ti,42,MuSiQue,8,16,230,structural,40.8003,49.6945,40.4305,0,0,0,105,361,361,68325736448,68325736448,8.615,0.03
google/gemma-3-1b-it,NVIDIA GeForce RTX 5060 Ti,42,MuSiQue,8,16,231,semantic,31.6347,0.0,0.0,0,1,1,103,359,359,67570761728,67570761728,8.615,0.03
google/gemma-3-1b-it,NVIDIA GeForce RTX 5060 Ti,42,MuSiQue,8,16,232,structural,34.1023,47.0932,0.0,0,0,1,137,393,393,80975757312,80975757312,8.615,0.03
google/gemma-3-1b-it,NVIDIA GeForce RTX 5060 Ti,42,MuSiQue,8,16,233,structural,43.9976,34.2584,62.1837,0,0,0,39,295,295,45626163200,45626163200,8.615,0.03
google/gemma-3-1b-it,NVIDIA GeForce RTX 5060 Ti,42,MuSiQue,8,16,234,semantic,47.8025,0.0,0.0,0,1,1,87,343,343,61681958912,61681958912,8.615,0.03
google/gemma-3-1b-it,NVIDIA GeForce RTX 5060 Ti,42,MuSiQue,8,16,235,multi-hop,0.0,0.0,0.0,1,1,1,39,295,295,45626163200,45626163200,8.615,0.03
google/gemma-3-1b-it,NVIDIA GeForce RTX 5060 Ti,42,MuSiQue,8,16,236,multi-hop,31.4577,0.0,74.7311,0,1,0,114,370,370,71775027200,71775027200,8.615,0.03
google/gemma-3-1b-it,NVIDIA GeForce RTX 5060 Ti,42,MuSiQue,8,16,237,structural,63.3016,49.7093,0.0,0,0,1,111,367,367,70615826432,70615826432,8.615,0.03
google/gemma-3-1b-it,NVIDIA GeForce RTX 5060 Ti,42,MuSiQue,8,16,238,multi-hop,45.7331,0.0,0.0,0,1,1,108,364,364,69466062848,69466062848,8.615,0.03
google/gemma-3-1b-it,NVIDIA GeForce RTX 5060 Ti,42,MuSiQue,8,16,239,structural,61.268,51.7711,50.2037,0,0,0,96,352,352,64961380352,64961380352,8.615,0.03
google/gemma-3-1b-it,NVIDIA GeForce RTX 5060 Ti,42,MuSiQue,8,16,240,multi-hop,47.3316,0.0,0.0,0,1,1,102,358,358,67194847232,67194847232,8.615,0.03
google/gemma-3-1b-it,NVIDIA GeForce RTX 5060 Ti,42,MuSiQue,8,16,241,multi-hop,35.5835,0.0,34.7213,0,1,0,100,356,356,66446163968,66446163968,8.615,0.03
google/gemma-3-1b-it,NVIDIA GeForce RTX 5060 Ti,42,MuSiQue,8,16,242,multi-hop,60.4798,79.0974,0.0,0,0,1,105,361,361,68325736448,68325736448,8.615,0.03
google/gemma-3-1b-it,NVIDIA GeForce RTX 5060 Ti,42,MuSiQue,8,16,243,multi-hop,47.4432,0.0,0.0,0,1,1,108,364,364,69466062848,69466062848,8.615,0.03
google/gemma-3-1b-it,NVIDIA GeForce RTX 5060 Ti,42,MuSiQue,8,16,244,semantic,59.047,0.0,0.0,0,1,1,77,333,333,58137772032,58137772032,8.615,0.03
google/gemma-3-1b-it,NVIDIA GeForce RTX 5060 Ti,42,MuSiQue,8,16,245,multi-hop,80.4466,83.5739,48.0967,0,0,0,102,358,358,67194847232,67194847232,8.615,0.03
google/gemma-3-1b-it,NVIDIA GeForce RTX 5060 Ti,42,MuSiQue,8,16,246,structural,35.006,0.0,0.0,0,1,1,113,369,369,71387578368,71387578368,8.615,0.03
google/gemma-3-1b-it,NVIDIA GeForce RTX 5060 Ti,42,MuSiQue,8,16,247,structural,79.3793,0.0,0.0,0,1,1,37,293,293,45009600512,45009600512,8.615,0.03
google/gemma-3-1b-it,NVIDIA GeForce RTX 5060 Ti,42,MuSiQue,8,16,248,semantic,29.4612,0.0,0.0,0,1,1,16,272,272,38788923392,38788923392,8.615,0.03
google/gemma-3-1b-it,NVIDIA GeForce RTX 5060 Ti,42,MuSiQue,8,16,249,multi-hop,63.1956,0.0,0.0,0,1,1,110,366,366,70231523328,70231523328,8.615,0.03
google/gemma-3-1b-it,NVIDIA GeForce RTX 5060 Ti,42,MuSiQue,8,16,250,semantic,39.383,0.0,0.0,0,1,1,99,355,355,66073395200,66073395200,8.615,0.03
google/gemma-3-1b-it,NVIDIA GeForce RTX 5060 Ti,42,MuSiQue,8,16,251,multi-hop,84.8514,0.0,0.0,0,1,1,112,368,368,71001178112,71001178112,8.615,0.03
google/gemma-3-1b-it,NVIDIA GeForce RTX 5060 Ti,42,MuSiQue,8,16,252,multi-hop,37.1995,0.0,0.0,0,1,1,2,78,258,3189768192,34898706432,8.615,0.03
google/gemma-3-1b-it,NVIDIA GeForce RTX 5060 Ti,42,MuSiQue,8,16,253,multi-hop,59.4835,0.0,0.0,0,1,1,30,286,286,42884661248,42884661248,8.615,0.03
google/gemma-3-1b-it,NVIDIA GeForce RTX 5060 Ti,42,MuSiQue,8,16,254,multi-hop,81.5479,65.7805,65.1462,0,0,0,20,276,276,39938162688,39938162688,8.615,0.03
google/gemma-3-1b-it,NVIDIA GeForce RTX 5060 Ti,42,MuSiQue,8,16,255,multi-hop,38.7142,53.1377,50.9182,0,0,0,84,340,340,60607692800,60607692800,8.615,0.03
google/gemma-3-1b-it,NVIDIA GeForce RTX 5060 Ti,42,MuSiQue,8,16,256,multi-hop,36.0895,67.9223,0.0,0,0,1,101,357,357,66819981312,66819981312,8.615,0.03
google/gemma-3-1b-it,NVIDIA GeForce RTX 5060 Ti,42,MuSiQue,8,16,257,semantic,68.552,0.0,33.9236,0,1,0,9,265,265,36818124800,36818124800,8.615,0.03
google/gemma-3-1b-it,NVIDIA GeForce RTX 5060 Ti,42,MuSiQue,8,16,258,multi-hop,35.311,0.0,0.0,0,1,1,33,289,289,43789058048,43789058048,8.615,0.03
google/gemma-3-1b-it,NVIDIA GeForce RTX 5060 Ti,42,MuSiQue,8,16,259,multi-hop,63.9513,0.0,0.0,0,1,1,132,388,388,78928412672,78928412672,8.615,0.03
google/gemma-3-1b-it,NVIDIA GeForce RTX 5060 Ti,42,MuSiQue,8,16,260,structural,61.0345,0.0,0.0,0,1,1,100,356,356,66446163968,66446163968,8.615,0.03
google/gemma-3-1b-it,NVIDIA GeForce RTX 5060 Ti,42,MuSiQue,8,16,261,semantic,43.8689,0.0,72.8815,0,1,0,141,397,397,82632507392,82632507392,8.615,0.03
google/gemma-3-1b-it,NVIDIA GeForce RTX 5060 Ti,42,MuSiQue,8,16,262,multi-hop,72.5777,54.1227,69.8854,0,0,0,121,377,377,74516529152,74516529152,8.615,0.03
google/gemma-3-1b-it,NVIDIA GeForce RTX 5060 Ti,42,MuSiQue,8,16,263,semantic,56.1879,0.0,0.0,0,1,1,46,302,302,47817162752,47817162752,8.615,0.03
google/gemma-3-1b-it,NVIDIA GeForce RTX 5060 Ti,42,MuSiQue,8,16,264,semantic,74.3392,0.0,43.3876,0,1,0,19,275,275,39649280000,39649280000,8.615,0.03
google/gemma-3-1b-it,NVIDIA GeForce RTX 5060 Ti,42,MuSiQue,8,16,265,semantic,32.7642,0.0,0.0,0,1,1,92,348,348,63493373952,63493373952,8.615,0.03
google/gemma-3-1b-it,NVIDIA GeForce RTX 5060 Ti,42,MuSiQue,8,16,266,semantic,60.2837,0.0,0.0,0,1,1,104,360,360,67947724800,67947724800,8.615,0.03
google/gemma-3-1b-it,NVIDIA GeForce RTX 5060 Ti,42,MuSiQue,8,16,267,structural,54.153,0.0,0.0,0,1,1,60,316,316,52353302528,52353302528,8.615,0.03
google/gemma-3-1b-it,NVIDIA GeForce RTX 5060 Ti,42,MuSiQue,8,16,268,structural,36.5017,50.3342,59.5239,0,0,0,104,360,360,67947724800,67947724800,8.615,0.03
google/gemma-3-1b-it,NVIDIA GeForce RTX 5060 Ti,42,MuSiQue,8,16,269,semantic,28.4327,0.0,0.0,0,1,1,116,372,372,72553070592,72553070592,8.615,0.03
google/gemma-3-1b-it,NVIDIA GeForce RTX 5060 Ti,42,MuSiQue,8,16,270,multi-hop,50.4458,0.0,0.0,0,1,1,99,355,355,66073395200,66073395200,8.615,0.03
google/gemma-3-1b-it,NVIDIA GeForce RTX 5060 Ti,42,MuSiQue,8,16,271,multi-hop,54.4195,0.0,0.0,0,1,1,103,359,359,67570761728,67570761728,8.615,0.03
google/gemma-3-1b-it,NVIDIA GeForce RTX 5060 Ti,42,MuSiQue,8,16,272,semantic,52.2071,0.0,49.8409,0,1,0,86,342,342,61322821632,61322821632,8.615,0.03
google/gemma-3-1b-it,NVIDIA GeForce RTX 5060 Ti,42,MuSiQue,8,16,273,multi-hop,79.4849,69.8285,0.0,0,0,1,60,316,316,52353302528,52353302528,8.615,0.03
google/gemma-3-1b-it,NVIDIA GeForce RTX 5060 Ti,42,MuSiQue,8,16,274,multi-hop,42.5769,29.7829,72.1414,0,0,0,106,362,362,68704796672,68704796672,8.615,0.03
google/gemma-3-1b-it,NVIDIA GeForce RTX 5060 Ti,42,MuSiQue,8,16,275,multi-hop,60.4133,0.0,0.0,0,1,1,103,359,359,67570761728,67570761728,8.615,0.03
google/gemma-3-1b-it,NVIDIA GeForce RTX 5060 Ti,42,MuSiQue,8,16,276,multi-hop,54.9593,0.0,0.0,0,1,1,87,343,343,61681958912,61681958912,8.615,0.03
google/gemma-3-1b-it,NVIDIA GeForce RTX 5060 Ti,42,MuSiQue,8,16,277,structural,34.1161,0.0,0.0,0,1,1,67,323,323,54698442752,54698442752,8.615,0.03
google/gemma-3-1b-it,NVIDIA GeForce RTX 5060 Ti,42,MuSiQue,8,16,278,multi-hop,49.4375,45.415,34.1801,0,0,0,88,344,344,62042144768,62042144768,8.615,0.03
google/gemma-3-1b-it,NVIDIA GeForce RTX 5060 Ti,42,MuSiQue,8,16,279,structural,30.8689,82.3473,33.4234,0,0,0,119,375,375,73728000000,73728000000,8.615,0.03
google/gemma-3-1b-it,NVIDIA GeForce RTX 5060 Ti,42,MuSiQue,8,16,280,multi-hop,57.4986,102.1361,41.4558,0,0,0,103,359,359,67570761728,67570761728,8.615,0.03
google/gemma-3-1b-it,NVIDIA GeForce RTX 5060 Ti,42,MuSiQue,8,16,281,semantic,38.8484,0.0,0.0,0,1,1,72,328,328,56405000192,56405000192,8.615,0.03
google/gemma-3-1b-it,NVIDIA GeForce RTX 5060 Ti,42,MuSiQue,8,16,282,semantic,41.1665,0.0,0.0,0,1,1,4,260,260,35441868800,35441868800,8.615,0.03
google/gemma-3-1b-it,NVIDIA GeForce RTX 5060 Ti,42,MuSiQue,8,16,283,structural,71.2172,83.5196,65.8608,0,0,0,72,328,328,56405000192,56405000192,8.615,0.03
google/gemma-3-1b-it,NVIDIA GeForce RTX 5060 Ti,42,MuSiQue,8,16,284,multi-hop,67.4268,54.9859,56.1596,0,0,0,88,344,344,62042144768,62042144768,8.615,0.03
google/gemma-3-1b-it,NVIDIA GeForce RTX 5060 Ti,42,MuSiQue,8,16,285,structural,82.6676,0.0,0.0,0,1,1,103,359,359,67570761728,67570761728,8.615,0.03
google/gemma-3-1b-it,NVIDIA GeForce RTX 5060 Ti,42,MuSiQue,8,16,286,multi-hop,57.1857,0.0,57.95,0,1,0,111,367,367,70615826432,70615826432,8.615,0.03
google/gemma-3-1b-it,NVIDIA GeForce RTX 5060 Ti,42,MuSiQue,8,16,287,structural,36.2247,51.9899,81.0439,0,0,0,93,349,349,63858802688,63858802688,8.615,0.03
google/gemma-3-1b-it,NVIDIA GeForce RTX 5060 Ti,42,MuSiQue,8,16,288,multi-hop,37.514,0.0,0.0,0,1,1,110,366,366,70231523328,70231523328,8.615,0.03
google/gemma-3-1b-it,NVIDIA GeForce RTX 5060 Ti,42,MuSiQue,8,16,289,multi-hop,36.5054,0.0,0.0,0,1,1,62,318,318,53018099712,53018099712,8.615,0.03
google/gemma-3-1b-it,NVIDIA GeForce RTX 5060 Ti,42,MuSiQue,8,16,290,semantic,31.8027,0.0,0.0,0,1,1,115,371,371,72163524608,72163524608,8.615,0.03
google/gemma-3-1b-it,NVIDIA GeForce RTX 5060 Ti,42,MuSiQue,8,16,291,multi-hop,79.1067,0.0,0.0,0,1,1,7,263,263,36264476672,36264476672,8.615,0.03
google/gemma-3-1b-it,NVIDIA GeForce RTX 5060 Ti,42,MuSiQue,8,16,292,multi-hop,73.7275,0.0,36.123,0,1,0,86,342,342,61322821632,61322821632,8.615,0.03
google/gemma-3-1b-it,NVIDIA GeForce RTX 5060 Ti,42,MuSiQue,8,16,293,multi-hop,0.0,56.4981,0.0,1,0,1,96,352,352,64961380352,64961380352,8.615,0.03
google/gemma-3-1b-it,NVIDIA GeForce RTX 5060 Ti,42,MuSiQue,8,16,294,multi-hop,35.853,49.1912,48.4921,0,0,0,111,367,367,70615826432,70615826432,8.615,0.03
google/gemma-3-1b-it,NVIDIA GeForce RTX 5060 Ti,42,MuSiQue,8,16,295,semantic,38.6052,0.0,62.7743,0,1,0,105,361,361,68325736448,68325736448,8.615,0.03
google/gemma-3-1b-it,NVIDIA GeForce RTX 5060 Ti,42,MuSiQue,8,16,296,multi-hop,60.5728,73.8366,32.1078,0,0,0,148,404,404,85572190208,85572190208,8.615,0.03
google/gemma-3-1b-it,NVIDIA GeForce RTX 5060 Ti,42,MuSiQue,8,16,297,multi-hop,65.1401,74.3039,37.4476,0,0,0,77,333,333,58137772032,58137772032,8.615,0.03
google/gemma-3-1b-it,NVIDIA GeForce RTX 5060 Ti,42,MuSiQue,8,16,298,structural,63.1046,58.9964,0.0,0,0,1,94,350,350,64225280000,64225280000,8.615,0.03
google/gemma-3-1b-it,NVIDIA GeForce RTX 5060 Ti,42,MuSiQue,8,16,299,semantic,56.9963,0.0,0.0,0,1,1,65,321,321,54023159808,54023159808,8.615,0.03
google/gemma-3-1b-it,NVIDIA GeForce RTX 5060 Ti,42,MuSiQue,8,16,300,multi-hop,59.578,0.0,0.0,0,1,1,120,376,376,74121740288,74121740288,8.615,0.03
google/gemma-3-1b-it,NVIDIA GeForce RTX 5060 Ti,42,MuSiQue,8,16,301,multi-hop,41.6142,40.4173,83.0222,0,0,0,131,387,387,78522089472,78522089472,8.615,0.03
google/gemma-3-1b-it,NVIDIA GeForce RTX 5060 Ti,42,MuSiQue,8,16,302,structural,96.0592,51.6473,0.0,0,0,1,88,344,344,62042144768,62042144768,8.615,0.03
google/gemma-3-1b-it,NVIDIA GeForce RTX 5060 Ti,42,MuSiQue,8,16,303,semantic,50.4426,0.0,0.0,0,1,1,132,388,388,78928412672,78928412672,8.615,0.03
google/gemma-3-1b-it,NVIDIA GeForce RTX 5060 Ti,42,MuSiQue,8,16,304,multi-hop,63.3762,0.0,33.0005,0,1,0,88,344,344,62042144768,62042144768,8.615,0.03
google/gemma-3-1b-it,NVIDIA GeForce RTX 5060 Ti,42,MuSiQue,8,16,305,multi-hop,46.1885,0.0,0.0,0,1,1,101,357,357,66819981312,66819981312,8.615,0.03
google/gemma-3-1b-it,NVIDIA GeForce RTX 5060 Ti,42,MuSiQue,8,16,306,semantic,29.7859,0.0,62.1397,0,1,0,121,377,377,74516529152,74516529152,8.615,0.03
google/gemma-3-1b-it,NVIDIA GeForce RTX 5060 Ti,42,MuSiQue,8,16,307,semantic,34.0952,0.0,95.7511,0,1,0,91,347,347,63128993792,63128993792,8.615,0.03
google/gemma-3-1b-it,NVIDIA GeForce RTX 5060 Ti,42,MuSiQue,8,16,308,multi-hop,32.5449,39.7989,0.0,0,0,1,43,299,299,46871871488,46871871488,8.615,0.03
google/gemma-3-1b-it,NVIDIA GeForce RTX 5060 Ti,42,MuSiQue,8,16,309,multi-hop,35.8591,0.0,0.0,0,1,1,101,357,357,66819981312,66819981312,8.615,0.03
google/gemma-3-1b-it,NVIDIA GeForce RTX 5060 Ti,42,MuSiQue,8,16,310,structural,59.7978,37.9648,0.0,0,0,1,96,352,352,64961380352,64961380352,8.615,0.03
google/gemma-3-1b-it,NVIDIA GeForce RTX 5060 Ti,42,MuSiQue,8,16,311,multi-hop,64.807,63.3205,0.0,0,0,1,111,367,367,70615826432,70615826432,8.615,0.03
google/gemma-3-1b-it,NVIDIA GeForce RTX 5060 Ti,42,MuSiQue,8,16,312,multi-hop,47.3387,58.9952,28.88,0,0,0,13,269,269,37938003968,37938003968,8.615,0.03
google/gemma-3-1b-it,NVIDIA GeForce RTX 5060 Ti,42,MuSiQue,8,16,313,structural,53.2602,70.3801,41.0291,0,0,0,110,366,366,70231523328,70231523328,8.615,0.03
google/gemma-3-1b-it,NVIDIA GeForce RTX 5060 Ti,42,MuSiQue,8,16,314,structural,82.6573,92.9285,63.6553,0,0,0,46,302,302,47817162752,47817162752,8.615,0.03
google/gemma-3-1b-it,NVIDIA GeForce RTX 5060 Ti,42,MuSiQue,8,16,315,multi-hop,86.0607,67.7148,43.4718,0,0,0,12,268,268,37656461312,37656461312,8.615,0.03
google/gemma-3-1b-it,NVIDIA GeForce RTX 5060 Ti,42,MuSiQue,8,16,316,semantic,83.0413,0.0,0.0,0,1,1,5,261,261,35715022848,35715022848,8.615,0.03
google/gemma-3-1b-it,NVIDIA GeForce RTX 5060 Ti,42,MuSiQue,8,16,317,multi-hop,61.6758,0.0,0.0,0,1,1,101,357,357,66819981312,66819981312,8.615,0.03
google/gemma-3-1b-it,NVIDIA GeForce RTX 5060 Ti,42,MuSiQue,8,16,318,multi-hop,74.299,71.4058,75.9454,0,0,0,124,380,380,75707187200,75707187200,8.615,0.03
google/gemma-3-1b-it,NVIDIA GeForce RTX 5060 Ti,42,MuSiQue,8,16,319,semantic,50.6305,0.0,0.0,0,1,1,106,362,362,68704796672,68704796672,8.615,0.03
google/gemma-3-1b-it,NVIDIA GeForce RTX 5060 Ti,42,MuSiQue,8,16,320,multi-hop,41.7998,0.0,52.9456,0,1,0,103,359,359,67570761728,67570761728,8.615,0.03
google/gemma-3-1b-it,NVIDIA GeForce RTX 5060 Ti,42,MuSiQue,8,16,321,multi-hop,34.8448,0.0,0.0,0,1,1,104,360,360,67947724800,67947724800,8.615,0.03
google/gemma-3-1b-it,NVIDIA GeForce RTX 5060 Ti,42,MuSiQue,8,16,322,multi-hop,56.7954,97.0013,0.0,0,0,1,111,367,367,70615826432,70615826432,8.615,0.03
google/gemma-3-1b-it,NVIDIA GeForce RTX 5060 Ti,42,MuSiQue,8,16,323,structural,0.0,63.5994,87.4449,1,0,0,129,385,385,77712588800,77712588800,8.615,0.03
google/gemma-3-1b-it,NVIDIA GeForce RTX 5060 Ti,42,MuSiQue,8,16,324,semantic,76.2081,0.0,0.0,0,1,1,112,368,368,71001178112,71001178112,8.615,0.03
google/gemma-3-1b-it,NVIDIA GeForce RTX 5060 Ti,42,MuSiQue,8,16,325,semantic,36.9319,0.0,0.0,0,1,1,119,375,375,73728000000,73728000000,8.615,0.03
google/gemma-3-1b-it,NVIDIA GeForce RTX 5060 Ti,42,MuSiQue,8,16,326,multi-hop,87.1522,81.8081,0.0,0,0,1,71,327,327,56061591552,56061591552,8.615,0.03
google/gemma-3-1b-it,NVIDIA GeForce RTX 5060 Ti,42,MuSiQue,8,16,327,structural,88.0053,0.0,87.7488,0,1,0,121,377,377,74516529152,74516529152,8.615,0.03
google/gemma-3-1b-it,NVIDIA GeForce RTX 5060 Ti,42,MuSiQue,8,16,328,multi-hop,48.5748,0.0,35.6749,0,1,0,40,296,296,45936017408,45936017408,8.615,0.03
google/gemma-3-1b-it,NVIDIA GeForce RTX 5060 Ti,42,MuSiQue,8,16,329,multi-hop,56.1361,34.9414,0.0,0,0,1,20,276,276,39938162688,39938162688,8.615,0.03
google/gemma-3-1b-it,NVIDIA GeForce RTX 5060 Ti,42,MuSiQue,8,16,330,structural,39.4008,0.0,0.0,0,1,1,96,352,352,64961380352,64961380352,8.615,0.03
google/gemma-3-1b-it,NVIDIA GeForce RTX 5060 Ti,42,MuSiQue,8,16,331,multi-hop,33.3958,61.2967,0.0,0,0,1,104,360,360,67947724800,67947724800,8.615,0.03
google/gemma-3-1b-it,NVIDIA GeForce RTX 5060 Ti,42,MuSiQue,8,16,332,multi-hop,30.0199,79.4737,0.0,0,0,1,73,329,329,56749457408,56749457408,8.615,0.03
google/gemma-3-1b-it,NVIDIA GeForce RTX 5060 Ti,42,MuSiQue,8,16,333,semantic,72.6751,0.0,73.9772,0,1,0,114,370,370,71775027200,71775027200,8.615,0.03
google/gemma-3-1b-it,NVIDIA GeForce RTX 5060 Ti,42,MuSiQue,8,16,334,semantic,57.5964,0.0,0.0,0,1,1,170,426,426,95145689088,95145689088,8.615,0.03
google/gemma-3-1b-it,NVIDIA GeForce RTX 5060 Ti,42,MuSiQue,8,16,335,multi-hop,63.901,0.0,66.5603,0,1,0,14,270,270,38220595200,38220595200,8.615,0.03
google/gemma-3-1b-it,NVIDIA GeForce RTX 5060 Ti,42,MuSiQue,8,16,336,multi-hop,72.936,0.0,0.0,0,1,1,118,374,374,73335308288,73335308288,8.615,0.03
google/gemma-3-1b-it,NVIDIA GeForce RTX 5060 Ti,42,MuSiQue,8,16,337,structural,66.7563,65.1804,0.0,0,0,1,4,260,260,35441868800,35441868800,8.615,0.03
google/gemma-3-1b-it,NVIDIA GeForce RTX 5060 Ti,42,MuSiQue,8,16,338,multi-hop,36.9812,0.0,0.0,0,1,1,87,343,343,61681958912,61681958912,8.615,0.03
google/gemma-3-1b-it,NVIDIA GeForce RTX 5060 Ti,42,MuSiQue,8,16,339,multi-hop,70.2847,0.0,0.0,0,1,1,114,370,370,71775027200,71775027200,8.615,0.03
google/gemma-3-1b-it,NVIDIA GeForce RTX 5060 Ti,42,MuSiQue,8,16,340,semantic,37.5907,0.0,56.52,0,1,0,26,282,282,41693478912,41693478912,8.615,0.03
google/gemma-3-1b-it,NVIDIA GeForce RTX 5060 Ti,42,MuSiQue,8,16,341,semantic,0.0,0.0,0.0,1,1,1,25,281,281,41398304768,41398304768,8.615,0.03
google/gemma-3-1b-it,NVIDIA GeForce RTX 5060 Ti,42,MuSiQue,8,16,342,multi-hop,38.0809,0.0,46.2939,0,1,0,4,260,260,35441868800,35441868800,8.615,0.03
google/gemma-3-1b-it,NVIDIA GeForce RTX 5060 Ti,42,MuSiQue,8,16,343,structural,71.0083,70.2503,0.0,0,0,1,110,366,366,70231523328,70231523328,8.615,0.03
google/gemma-3-1b-it,NVIDIA GeForce RTX 5060 Ti,42,MuSiQue,8,16,344,multi-hop,92.2508,74.2066,66.3834,0,0,0,2,78,258,3189768192,34898706432,8.615,0.03
google/gemma-3-1b-it,NVIDIA GeForce RTX 5060 Ti,42,MuSiQue,8,16,345,semantic,47.2673,0.0,0.0,0,1,1,115,371,371,72163524608,72163524608,8.615,0.03
google/gemma-3-1b-it,NVIDIA GeForce RTX 5060 Ti,42,MuSiQue,8,16,346,semantic,58.3539,0.0,0.0,0,1,1,115,371,371,72163524608,72163524608,8.615,0.03
google/gemma-3-1b-it,NVIDIA GeForce RTX 5060 Ti,42,MuSiQue,8,16,347,structural,65.185,68.6476,69.4997,0,0,0,92,348,348,63493373952,63493373952,8.615,0.03
google/gemma-3-1b-it,NVIDIA GeForce RTX 5060 Ti,42,MuSiQue,8,16,348,structural,55.2274,71.4584,50.2563,0,0,0,89,345,345,62403379200,62403379200,8.615,0.03
google/gemma-3-1b-it,NVIDIA GeForce RTX 5060 Ti,42,MuSiQue,8,16,349,semantic,0.0,61.8757,0.0,1,0,1,115,371,371,72163524608,72163524608,8.615,0.03
google/gemma-3-1b-it,NVIDIA GeForce RTX 5060 Ti,42,MuSiQue,8,16,350,semantic,43.9719,0.0,0.0,0,1,1,100,356,356,66446163968,66446163968,8.615,0.03
google/gemma-3-1b-it,NVIDIA GeForce RTX 5060 Ti,42,MuSiQue,8,16,351,multi-hop,51.2319,65.6616,55.0789,0,0,0,110,366,366,70231523328,70231523328,8.615,0.03
google/gemma-3-1b-it,NVIDIA GeForce RTX 5060 Ti,42,MuSiQue,8,16,352,structural,67.7059,0.0,0.0,0,1,1,90,346,346,62765662208,62765662208,8.615,0.03
google/gemma-3-1b-it,NVIDIA GeForce RTX 5060 Ti,42,MuSiQue,8,16,353,semantic,84.775,0.0,0.0,0,1,1,72,328,328,56405000192,56405000192,8.615,0.03
google/gemma-3-1b-it,NVIDIA GeForce RTX 5060 Ti,42,MuSiQue,8,16,354,semantic,63.551,0.0,0.0,0,1,1,33,289,289,43789058048,43789058048,8.615,0.03
google/gemma-3-1b-it,NVIDIA GeForce RTX 5060 Ti,42,MuSiQue,8,16,355,semantic,60.7296,0.0,0.0,0,1,1,99,355,355,66073395200,66073395200,8.615,0.03
google/gemma-3-1b-it,NVIDIA GeForce RTX 5060 Ti,42,MuSiQue,8,16,356,multi-hop,42.4448,71.8316,35.957,0,0,0,123,379,379,75309252608,75309252608,8.615,0.03
google/gemma-3-1b-it,NVIDIA GeForce RTX 5060 Ti,42,MuSiQue,8,16,357,structural,59.8731,0.0,0.0,0,1,1,95,351,351,64592805888,64592805888,8.615,0.03
google/gemma-3-1b-it,NVIDIA GeForce RTX 5060 Ti,42,MuSiQue,8,16,358,multi-hop,52.8762,46.946,36.7047,0,0,0,102,358,358,67194847232,67194847232,8.615,0.03
google/gemma-3-1b-it,NVIDIA GeForce RTX 5060 Ti,42,MuSiQue,8,16,359,structural,49.6008,51.5031,79.9243,0,0,0,107,363,363,69084905472,69084905472,8.615,0.03
google/gemma-3-1b-it,NVIDIA GeForce RTX 5060 Ti,42,MuSiQue,8,16,360,structural,57.7903,45.9631,0.0,0,0,1,57,267,313,37375967232,51363971072,8.615,0.03
google/gemma-3-1b-it,NVIDIA GeForce RTX 5060 Ti,42,MuSiQue,8,16,361,semantic,72.9904,0.0,0.0,0,1,1,121,377,377,74516529152,74516529152,8.615,0.03
google/gemma-3-1b-it,NVIDIA GeForce RTX 5060 Ti,42,MuSiQue,8,16,362,multi-hop,60.8559,0.0,0.0,0,1,1,110,366,366,70231523328,70231523328,8.615,0.03
google/gemma-3-1b-it,NVIDIA GeForce RTX 5060 Ti,42,MuSiQue,8,16,363,structural,89.8505,70.9877,52.0448,0,0,0,132,388,388,78928412672,78928412672,8.615,0.03
google/gemma-3-1b-it,NVIDIA GeForce RTX 5060 Ti,42,MuSiQue,8,16,364,semantic,48.4933,0.0,0.0,0,1,1,12,268,268,37656461312,37656461312,8.615,0.03
google/gemma-3-1b-it,NVIDIA GeForce RTX 5060 Ti,42,MuSiQue,8,16,365,semantic,71.5914,0.0,0.0,0,1,1,109,365,365,69848268800,69848268800,8.615,0.03
google/gemma-3-1b-it,NVIDIA GeForce RTX 5060 Ti,42,MuSiQue,8,16,366,multi-hop,69.1229,58.415,70.8917,0,0,0,3,198,259,20554186752,35169763328,8.615,0.03
google/gemma-3-1b-it,NVIDIA GeForce RTX 5060 Ti,42,MuSiQue,8,16,367,semantic,86.7679,0.0,77.5983,0,1,0,88,344,344,62042144768,62042144768,8.615,0.03
google/gemma-3-1b-it,NVIDIA GeForce RTX 5060 Ti,42,MuSiQue,8,16,368,semantic,41.3415,0.0,38.3615,0,1,0,15,271,271,38504235008,38504235008,8.615,0.03
google/gemma-3-1b-it,NVIDIA GeForce RTX 5060 Ti,42,MuSiQue,8,16,369,semantic,74.4715,0.0,80.339,0,1,0,97,353,353,65331003392,65331003392,8.615,0.03
google/gemma-3-1b-it,NVIDIA GeForce RTX 5060 Ti,42,MuSiQue,8,16,370,multi-hop,75.8762,0.0,0.0,0,1,1,101,357,357,66819981312,66819981312,8.615,0.03
google/gemma-3-1b-it,NVIDIA GeForce RTX 5060 Ti,42,MuSiQue,8,16,371,semantic,51.6382,0.0,0.0,0,1,1,84,340,340,60607692800,60607692800,8.615,0.03
google/gemma-3-1b-it,NVIDIA GeForce RTX 5060 Ti,42,MuSiQue,8,16,372,multi-hop,39.3129,0.0,0.0,0,1,1,114,370,370,71775027200,71775027200,8.615,0.03
google/gemma-3-1b-it,NVIDIA GeForce RTX 5060 Ti,42,MuSiQue,8,16,373,multi-hop,76.1788,0.0,0.0,0,1,1,112,368,368,71001178112,71001178112,8.615,0.03
google/gemma-3-1b-it,NVIDIA GeForce RTX 5060 Ti,42,MuSiQue,8,16,374,structural,54.7347,50.4404,65.5368,0,0,0,45,301,301,47501017088,47501017088,8.615,0.03
google/gemma-3-1b-it,NVIDIA GeForce RTX 5060 Ti,42,MuSiQue,8,16,375,structural,51.0255,67.9949,31.4834,0,0,0,39,295,295,45626163200,45626163200,8.615,0.03
google/gemma-3-1b-it,NVIDIA GeForce RTX 5060 Ti,42,MuSiQue,8,16,376,multi-hop,67.8966,42.8346,0.0,0,0,1,109,365,365,69848268800,69848268800,8.615,0.03
google/gemma-3-1b-it,NVIDIA GeForce RTX 5060 Ti,42,MuSiQue,8,16,377,structural,45.6139,80.9907,0.0,0,0,1,105,361,361,68325736448,68325736448,8.615,0.03
google/gemma-3-1b-it,NVIDIA GeForce RTX 5060 Ti,42,MuSiQue,8,16,378,multi-hop,72.0731,74.8838,99.3801,0,0,0,97,353,353,65331003392,65331003392,8.615,0.03
google/gemma-3-1b-it,NVIDIA GeForce RTX 5060 Ti,42,MuSiQue,8,16,379,structural,61.5447,72.4409,0.0,0,0,1,91,347,347,63128993792,63128993792,8.615,0.03
google/gemma-3-1b-it,NVIDIA GeForce RTX 5060 Ti,42,MuSiQue,8,16,380,semantic,38.2067,0.0,0.0,0,1,1,123,379,379,75309252608,75309252608,8.615,0.03
google/gemma-3-1b-it,NVIDIA GeForce RTX 5060 Ti,42,MuSiQue,8,16,381,structural,76.2768,97.7224,0.0,0,0,1,123,379,379,75309252608,75309252608,8.615,0.03
google/gemma-3-1b-it,NVIDIA GeForce RTX 5060 Ti,42,MuSiQue,8,16,382,semantic,68.7524,0.0,0.0,0,1,1,110,366,366,70231523328,70231523328,8.615,0.03
google/gemma-3-1b-it,NVIDIA GeForce RTX 5060 Ti,42,MuSiQue,8,16,383,multi-hop,53.1149,0.0,0.0,0,1,1,90,346,346,62765662208,62765662208,8.615,0.03
google/gemma-3-1b-it,NVIDIA GeForce RTX 5060 Ti,42,MuSiQue,8,16,384,structural,99.403,79.7869,53.9525,0,0,0,71,327,327,56061591552,56061591552,8.615,0.03
google/gemma-3-1b-it,NVIDIA GeForce RTX 5060 Ti,42,MuSiQue,8,16,385,multi-hop,46.1649,87.0669,0.0,0,0,1,5,261,261,35715022848,35715022848,8.615,0.03
google/gemma-3-1b-it,NVIDIA GeForce RTX 5060 Ti,42,MuSiQue,8,16,386,semantic,84.2953,0.0,0.0,0,1,1,114,370,370,71775027200,71775027200,8.615,0.03
google/gemma-3-1b-it,NVIDIA GeForce RTX 5060 Ti,42,MuSiQue,8,16,387,semantic,77.5444,0.0,0.0,0,1,1,95,351,351,64592805888,64592805888,8.615,0.03
google/gemma-3-1b-it,NVIDIA GeForce RTX 5060 Ti,42,MuSiQue,8,16,388,multi-hop,43.1296,0.0,89.4624,0,1,0,98,354,354,65701675008,65701675008,8.615,0.03
google/gemma-3-1b-it,NVIDIA GeForce RTX 5060 Ti,42,MuSiQue,8,16,389,semantic,77.5538,0.0,0.0,0,1,1,92,348,348,63493373952,63493373952,8.615,0.03
google/gemma-3-1b-it,NVIDIA GeForce RTX 5060 Ti,42,MuSiQue,8,16,390,multi-hop,64.4141,0.0,0.0,0,1,1,113,369,369,71387578368,71387578368,8.615,0.03
google/gemma-3-1b-it,NVIDIA GeForce RTX 5060 Ti,42,MuSiQue,8,16,391,multi-hop,33.1384,0.0,0.0,0,1,1,13,159,269,13254524928,37938003968,8.615,0.03
google/gemma-3-1b-it,NVIDIA GeForce RTX 5060 Ti,42,MuSiQue,8,16,392,multi-hop,89.0897,0.0,0.0,0,1,1,45,301,301,47501017088,47501017088,8.615,0.03
google/gemma-3-1b-it,NVIDIA GeForce RTX 5060 Ti,42,MuSiQue,8,16,393,semantic,111.7291,0.0,0.0,0,1,1,110,366,366,70231523328,70231523328,8.615,0.03
google/gemma-3-1b-it,NVIDIA GeForce RTX 5060 Ti,42,MuSiQue,8,16,394,multi-hop,72.2396,90.1369,0.0,0,0,1,5,261,261,35715022848,35715022848,8.615,0.03
google/gemma-3-1b-it,NVIDIA GeForce RTX 5060 Ti,42,MuSiQue,8,16,395,multi-hop,97.1331,91.4313,55.7985,0,0,0,129,385,385,77712588800,77712588800,8.615,0.03
google/gemma-3-1b-it,NVIDIA GeForce RTX 5060 Ti,42,MuSiQue,8,16,396,multi-hop,75.54,0.0,0.0,0,1,1,4,260,260,35441868800,35441868800,8.615,0.03
google/gemma-3-1b-it,NVIDIA GeForce RTX 5060 Ti,42,MuSiQue,8,16,397,structural,57.5808,84.3508,0.0,0,0,1,116,372,372,72553070592,72553070592,8.615,0.03
google/gemma-3-1b-it,NVIDIA GeForce RTX 5060 Ti,42,MuSiQue,8,16,398,multi-hop,96.0288,85.4461,0.0,0,0,1,101,357,357,66819981312,66819981312,8.615,0.03
google/gemma-3-1b-it,NVIDIA GeForce RTX 5060 Ti,42,MuSiQue,8,16,399,multi-hop,0.0,0.0,0.0,1,1,1,2,258,258,34898706432,34898706432,8.615,0.03
google/gemma-3-1b-it,NVIDIA GeForce RTX 5060 Ti,42,MuSiQue,8,16,400,multi-hop,57.7708,0.0,0.0,0,1,1,62,318,318,53018099712,53018099712,8.615,0.03
google/gemma-3-1b-it,NVIDIA GeForce RTX 5060 Ti,42,MuSiQue,8,16,401,structural,94.0202,93.1657,97.3406,0,0,0,43,299,299,46871871488,46871871488,8.615,0.03
google/gemma-3-1b-it,NVIDIA GeForce RTX 5060 Ti,42,MuSiQue,8,16,402,semantic,50.0019,0.0,0.0,0,1,1,89,345,345,62403379200,62403379200,8.615,0.03
google/gemma-3-1b-it,NVIDIA GeForce RTX 5060 Ti,42,MuSiQue,8,16,403,multi-hop,68.5843,95.6224,26.7094,0,0,0,115,371,371,72163524608,72163524608,8.615,0.03
google/gemma-3-1b-it,NVIDIA GeForce RTX 5060 Ti,42,MuSiQue,8,16,404,semantic,33.7112,0.0,0.0,0,1,1,23,279,279,40811102208,40811102208,8.615,0.03
google/gemma-3-1b-it,NVIDIA GeForce RTX 5060 Ti,42,MuSiQue,8,16,405,structural,99.9303,75.3428,79.5007,0,0,0,20,276,276,39938162688,39938162688,8.615,0.03
google/gemma-3-1b-it,NVIDIA GeForce RTX 5060 Ti,42,MuSiQue,8,16,406,semantic,77.5319,0.0,0.0,0,1,1,108,364,364,69466062848,69466062848,8.615,0.03
google/gemma-3-1b-it,NVIDIA GeForce RTX 5060 Ti,42,MuSiQue,8,16,407,multi-hop,62.696,93.9231,0.0,0,0,1,121,377,377,74516529152,74516529152,8.615,0.03
google/gemma-3-1b-it,NVIDIA GeForce RTX 5060 Ti,42,MuSiQue,8,16,408,multi-hop,52.341,0.0,0.0,0,1,1,121,377,377,74516529152,74516529152,8.615,0.03
google/gemma-3-1b-it,NVIDIA GeForce RTX 5060 Ti,42,MuSiQue,8,16,409,semantic,62.2464,0.0,73.0274,0,1,0,58,314,314,51692699648,51692699648,8.615,0.03
google/gemma-3-1b-it,NVIDIA GeForce RTX 5060 Ti,42,MuSiQue,8,16,410,multi-hop,68.905,0.0,0.0,0,1,1,129,385,385,77712588800,77712588800,8.615,0.03
google/gemma-3-1b-it,NVIDIA GeForce RTX 5060 Ti,42,MuSiQue,8,16,411,structural,72.4598,102.0944,91.149,0,0,0,19,275,275,39649280000,39649280000,8.615,0.03
google/gemma-3-1b-it,NVIDIA GeForce RTX 5060 Ti,42,MuSiQue,8,16,412,multi-hop,67.9776,0.0,73.0915,0,1,0,136,392,392,80564191232,80564191232,8.615,0.03
google/gemma-3-1b-it,NVIDIA GeForce RTX 5060 Ti,42,MuSiQue,8,16,413,multi-hop,92.7099,0.0,0.0,0,1,1,5,261,261,35715022848,35715022848,8.615,0.03
google/gemma-3-1b-it,NVIDIA GeForce RTX 5060 Ti,42,MuSiQue,8,16,414,multi-hop,97.841,0.0,85.4647,0,1,0,57,313,313,51363971072,51363971072,8.615,0.03
google/gemma-3-1b-it,NVIDIA GeForce RTX 5060 Ti,42,MuSiQue,8,16,415,semantic,89.2369,0.0,46.1426,0,1,0,109,365,365,69848268800,69848268800,8.615,0.03
google/gemma-3-1b-it,NVIDIA GeForce RTX 5060 Ti,42,MuSiQue,8,16,416,semantic,76.9123,61.6704,0.0,0,0,1,12,268,268,37656461312,37656461312,8.615,0.03
google/gemma-3-1b-it,NVIDIA GeForce RTX 5060 Ti,42,MuSiQue,8,16,417,semantic,99.5835,0.0,0.0,0,1,1,106,362,362,68704796672,68704796672,8.615,0.03
google/gemma-3-1b-it,NVIDIA GeForce RTX 5060 Ti,42,MuSiQue,8,16,418,multi-hop,98.371,0.0,0.0,0,1,1,110,366,366,70231523328,70231523328,8.615,0.03
google/gemma-3-1b-it,NVIDIA GeForce RTX 5060 Ti,42,MuSiQue,8,16,419,multi-hop,61.1317,99.0564,89.645,0,0,0,51,307,307,49413619712,49413619712,8.615,0.03
google/gemma-3-1b-it,NVIDIA GeForce RTX 5060 Ti,42,MuSiQue,8,16,420,structural,78.4878,40.4327,0.0,0,0,1,26,282,282,41693478912,41693478912,8.615,0.03
google/gemma-3-1b-it,NVIDIA GeForce RTX 5060 Ti,42,MuSiQue,8,16,421,multi-hop,42.5802,69.7438,97.0556,0,0,0,72,328,328,56405000192,56405000192,8.615,0.03
google/gemma-3-1b-it,NVIDIA GeForce RTX 5060 Ti,42,MuSiQue,8,16,422,multi-hop,94.6696,71.5078,0.0,0,0,1,55,311,311,50709659648,50709659648,8.615,0.03
google/gemma-3-1b-it,NVIDIA GeForce RTX 5060 Ti,42,MuSiQue,8,16,423,semantic,95.7529,0.0,0.0,0,1,1,87,343,343,61681958912,61681958912,8.615,0.03
google/gemma-3-1b-it,NVIDIA GeForce RTX 5060 Ti,42,MuSiQue,8,16,424,structural,60.1931,0.0,0.0,0,1,1,4,260,260,35441868800,35441868800,8.615,0.03
google/gemma-3-1b-it,NVIDIA GeForce RTX 5060 Ti,42,MuSiQue,8,16,425,semantic,88.576,0.0,0.0,0,1,1,87,343,343,61681958912,61681958912,8.615,0.03
google/gemma-3-1b-it,NVIDIA GeForce RTX 5060 Ti,42,MuSiQue,8,16,426,multi-hop,38.7025,74.9359,0.0,0,0,1,79,335,335,58838220800,58838220800,8.615,0.03
google/gemma-3-1b-it,NVIDIA GeForce RTX 5060 Ti,42,MuSiQue,8,16,427,semantic,48.3379,0.0,0.0,0,1,1,47,303,303,48134356992,48134356992,8.615,0.03
google/gemma-3-1b-it,NVIDIA GeForce RTX 5060 Ti,42,MuSiQue,8,16,428,semantic,55.8809,0.0,0.0,0,1,1,135,391,391,80153673728,80153673728,8.615,0.03
google/gemma-3-1b-it,NVIDIA GeForce RTX 5060 Ti,42,MuSiQue,8,16,429,multi-hop,59.0792,45.9476,61.9833,0,0,0,153,409,409,87703420928,87703420928,8.615,0.03
google/gemma-3-1b-it,NVIDIA GeForce RTX 5060 Ti,42,MuSiQue,8,16,430,semantic,45.6182,0.0,0.0,0,1,1,66,322,322,54360276992,54360276992,8.615,0.03
google/gemma-3-1b-it,NVIDIA GeForce RTX 5060 Ti,42,MuSiQue,8,16,431,multi-hop,73.3065,0.0,0.0,0,1,1,96,352,352,64961380352,64961380352,8.615,0.03
google/gemma-3-1b-it,NVIDIA GeForce RTX 5060 Ti,42,MuSiQue,8,16,432,structural,56.9039,87.5345,0.0,0,0,1,111,367,367,70615826432,70615826432,8.615,0.03
google/gemma-3-1b-it,NVIDIA GeForce RTX 5060 Ti,42,MuSiQue,8,16,433,structural,52.6697,87.0177,61.2828,0,0,0,94,350,350,64225280000,64225280000,8.615,0.03
google/gemma-3-1b-it,NVIDIA GeForce RTX 5060 Ti,42,MuSiQue,8,16,434,multi-hop,82.4196,0.0,0.0,0,1,1,12,268,268,37656461312,37656461312,8.615,0.03
google/gemma-3-1b-it,NVIDIA GeForce RTX 5060 Ti,42,MuSiQue,8,16,435,structural,85.0407,0.0,0.0,0,1,1,121,377,377,74516529152,74516529152,8.615,0.03
google/gemma-3-1b-it,NVIDIA GeForce RTX 5060 Ti,42,MuSiQue,8,16,436,multi-hop,31.3014,0.0,0.0,0,1,1,118,374,374,73335308288,73335308288,8.615,0.03
google/gemma-3-1b-it,NVIDIA GeForce RTX 5060 Ti,42,MuSiQue,8,16,437,multi-hop,66.9709,0.0,0.0,0,1,1,140,396,396,82216747008,82216747008,8.615,0.03
google/gemma-3-1b-it,NVIDIA GeForce RTX 5060 Ti,42,MuSiQue,8,16,438,multi-hop,58.8129,0.0,0.0,0,1,1,92,348,348,63493373952,63493373952,8.615,0.03
google/gemma-3-1b-it,NVIDIA GeForce RTX 5060 Ti,42,MuSiQue,8,16,439,semantic,77.6273,0.0,0.0,0,1,1,111,367,367,70615826432,70615826432,8.615,0.03
google/gemma-3-1b-it,NVIDIA GeForce RTX 5060 Ti,42,MuSiQue,8,16,440,multi-hop,53.6455,0.0,0.0,0,1,1,93,349,349,63858802688,63858802688,8.615,0.03
google/gemma-3-1b-it,NVIDIA GeForce RTX 5060 Ti,42,MuSiQue,8,16,441,multi-hop,59.823,0.0,76.7738,0,1,0,84,340,340,60607692800,60607692800,8.615,0.03
google/gemma-3-1b-it,NVIDIA GeForce RTX 5060 Ti,42,MuSiQue,8,16,442,semantic,33.8773,0.0,0.0,0,1,1,115,371,371,72163524608,72163524608,8.615,0.03
google/gemma-3-1b-it,NVIDIA GeForce RTX 5060 Ti,42,MuSiQue,8,16,443,structural,92.4172,0.0,0.0,0,1,1,103,359,359,67570761728,67570761728,8.615,0.03
google/gemma-3-1b-it,NVIDIA GeForce RTX 5060 Ti,42,MuSiQue,8,16,444,multi-hop,36.237,0.0,0.0,0,1,1,78,334,334,58487472128,58487472128,8.615,0.03
google/gemma-3-1b-it,NVIDIA GeForce RTX 5060 Ti,42,MuSiQue,8,16,445,structural,43.0226,28.6159,94.1219,0,0,0,98,354,354,65701675008,65701675008,8.615,0.03
google/gemma-3-1b-it,NVIDIA GeForce RTX 5060 Ti,42,MuSiQue,8,16,446,structural,75.04,0.0,0.0,0,1,1,116,372,372,72553070592,72553070592,8.615,0.03
google/gemma-3-1b-it,NVIDIA GeForce RTX 5060 Ti,42,MuSiQue,8,16,447,multi-hop,79.5778,85.5001,76.0505,0,0,0,130,386,386,78116814848,78116814848,8.615,0.03
google/gemma-3-1b-it,NVIDIA GeForce RTX 5060 Ti,42,MuSiQue,8,16,448,multi-hop,36.2335,0.0,0.0,0,1,1,93,349,349,63858802688,63858802688,8.615,0.03
google/gemma-3-1b-it,NVIDIA GeForce RTX 5060 Ti,42,MuSiQue,8,16,449,semantic,53.19,0.0,0.0,0,1,1,110,366,366,70231523328,70231523328,8.615,0.03
google/gemma-3-1b-it,NVIDIA GeForce RTX 5060 Ti,42,MuSiQue,8,16,450,structural,86.2191,49.2593,0.0,0,0,1,13,269,269,37938003968,37938003968,8.615,0.03
google/gemma-3-1b-it,NVIDIA GeForce RTX 5060 Ti,42,MuSiQue,8,16,451,semantic,73.3926,0.0,0.0,0,1,1,4,260,260,35441868800,35441868800,8.615,0.03
google/gemma-3-1b-it,NVIDIA GeForce RTX 5060 Ti,42,MuSiQue,8,16,452,structural,66.2746,64.9708,0.0,0,0,1,86,342,342,61322821632,61322821632,8.615,0.03
google/gemma-3-1b-it,NVIDIA GeForce RTX 5060 Ti,42,MuSiQue,8,16,453,multi-hop,91.0982,0.0,0.0,0,1,1,111,367,367,70615826432,70615826432,8.615,0.03
google/gemma-3-1b-it,NVIDIA GeForce RTX 5060 Ti,42,MuSiQue,8,16,454,multi-hop,51.6105,66.2104,0.0,0,0,1,92,348,348,63493373952,63493373952,8.615,0.03
google/gemma-3-1b-it,NVIDIA GeForce RTX 5060 Ti,42,MuSiQue,8,16,455,semantic,41.6397,0.0,0.0,0,1,1,5,261,261,35715022848,35715022848,8.615,0.03
google/gemma-3-1b-it,NVIDIA GeForce RTX 5060 Ti,42,MuSiQue,8,16,456,semantic,84.8606,0.0,0.0,0,1,1,96,352,352,64961380352,64961380352,8.615,0.03
google/gemma-3-1b-it,NVIDIA GeForce RTX 5060 Ti,42,MuSiQue,8,16,457,multi-hop,94.1883,0.0,0.0,0,1,1,140,396,396,82216747008,82216747008,8.615,0.03
google/gemma-3-1b-it,NVIDIA GeForce RTX 5060 Ti,42,MuSiQue,8,16,458,multi-hop,94.8867,0.0,0.0,0,1,1,78,334,334,58487472128,58487472128,8.615,0.03
google/gemma-3-1b-it,NVIDIA GeForce RTX 5060 Ti,42,MuSiQue,8,16,459,multi-hop,84.7468,0.0,0.0,0,1,1,125,381,381,76106170368,76106170368,8.615,0.03
google/gemma-3-1b-it,NVIDIA GeForce RTX 5060 Ti,42,MuSiQue,8,16,460,structural,30.705,71.9168,71.5324,0,0,0,62,318,318,53018099712,53018099712,8.615,0.03
google/gemma-3-1b-it,NVIDIA GeForce RTX 5060 Ti,42,MuSiQue,8,16,461,semantic,93.4786,0.0,0.0,0,1,1,53,309,309,50059542528,50059542528,8.615,0.03
google/gemma-3-1b-it,NVIDIA GeForce RTX 5060 Ti,42,MuSiQue,8,16,462,structural,89.7732,58.1724,0.0,0,0,1,110,366,366,70231523328,70231523328,8.615,0.03
google/gemma-3-1b-it,NVIDIA GeForce RTX 5060 Ti,42,MuSiQue,8,16,463,semantic,94.0236,0.0,0.0,0,1,1,105,361,361,68325736448,68325736448,8.615,0.03
google/gemma-3-1b-it,NVIDIA GeForce RTX 5060 Ti,42,MuSiQue,8,16,464,multi-hop,35.7804,43.9303,0.0,0,0,1,98,354,354,65701675008,65701675008,8.615,0.03
google/gemma-3-1b-it,NVIDIA GeForce RTX 5060 Ti,42,MuSiQue,8,16,465,semantic,75.3323,0.0,0.0,0,1,1,45,301,301,47501017088,47501017088,8.615,0.03
google/gemma-3-1b-it,NVIDIA GeForce RTX 5060 Ti,42,MuSiQue,8,16,466,semantic,41.5006,0.0,0.0,0,1,1,116,372,372,72553070592,72553070592,8.615,0.03
google/gemma-3-1b-it,NVIDIA GeForce RTX 5060 Ti,42,MuSiQue,8,16,467,structural,0.0,87.2914,92.2274,1,0,0,19,275,275,39649280000,39649280000,8.615,0.03
google/gemma-3-1b-it,NVIDIA GeForce RTX 5060 Ti,42,MuSiQue,8,16,468,structural,32.2526,68.5626,0.0,0,0,1,101,357,357,66819981312,66819981312,8.615,0.03
google/gemma-3-1b-it,NVIDIA GeForce RTX 5060 Ti,42,MuSiQue,8,16,469,multi-hop,33.0141,49.9303,30.3803,0,0,0,88,344,344,62042144768,62042144768,8.615,0.03
google/gemma-3-1b-it,NVIDIA GeForce RTX 5060 Ti,42,MuSiQue,8,16,470,multi-hop,53.8877,0.0,0.0,0,1,1,25,281,281,41398304768,41398304768,8.615,0.03
google/gemma-3-1b-it,NVIDIA GeForce RTX 5060 Ti,42,MuSiQue,8,16,471,structural,43.1831,98.3893,0.0,0,0,1,110,366,366,70231523328,70231523328,8.615,0.03
google/gemma-3-1b-it,NVIDIA GeForce RTX 5060 Ti,42,MuSiQue,8,16,472,multi-hop,36.3681,57.4335,0.0,0,0,1,109,365,365,69848268800,69848268800,8.615,0.03
google/gemma-3-1b-it,NVIDIA GeForce RTX 5060 Ti,42,MuSiQue,8,16,473,semantic,73.3453,0.0,0.0,0,1,1,112,368,368,71001178112,71001178112,8.615,0.03
google/gemma-3-1b-it,NVIDIA GeForce RTX 5060 Ti,42,MuSiQue,8,16,474,multi-hop,67.1795,0.0,50.3985,0,1,0,88,344,344,62042144768,62042144768,8.615,0.03
google/gemma-3-1b-it,NVIDIA GeForce RTX 5060 Ti,42,MuSiQue,8,16,475,multi-hop,96.0472,0.0,0.0,0,1,1,129,385,385,77712588800,77712588800,8.615,0.03
google/gemma-3-1b-it,NVIDIA GeForce RTX 5060 Ti,42,MuSiQue,8,16,476,multi-hop,70.6536,0.0,0.0,0,1,1,9,265,265,36818124800,36818124800,8.615,0.03
google/gemma-3-1b-it,NVIDIA GeForce RTX 5060 Ti,42,MuSiQue,8,16,477,multi-hop,111.9142,0.0,0.0,0,1,1,19,275,275,39649280000,39649280000,8.615,0.03
google/gemma-3-1b-it,NVIDIA GeForce RTX 5060 Ti,42,MuSiQue,8,16,478,structural,55.44,33.6946,32.4438,0,0,0,96,352,352,64961380352,64961380352,8.615,0.03
google/gemma-3-1b-it,NVIDIA GeForce RTX 5060 Ti,42,MuSiQue,8,16,479,structural,32.8717,0.0,0.0,0,1,1,117,373,373,72943665152,72943665152,8.615,0.03
google/gemma-3-1b-it,NVIDIA GeForce RTX 5060 Ti,42,MuSiQue,8,16,480,semantic,34.9349,0.0,0.0,0,1,1,12,268,268,37656461312,37656461312,8.615,0.03
google/gemma-3-1b-it,NVIDIA GeForce RTX 5060 Ti,42,MuSiQue,8,16,481,multi-hop,34.941,63.4917,59.425,0,0,0,45,301,301,47501017088,47501017088,8.615,0.03
google/gemma-3-1b-it,NVIDIA GeForce RTX 5060 Ti,42,MuSiQue,8,16,482,structural,86.2401,0.0,0.0,0,1,1,107,363,363,69084905472,69084905472,8.615,0.03
google/gemma-3-1b-it,NVIDIA GeForce RTX 5060 Ti,42,MuSiQue,8,16,483,structural,48.419,37.3777,0.0,0,0,1,99,355,355,66073395200,66073395200,8.615,0.03
google/gemma-3-1b-it,NVIDIA GeForce RTX 5060 Ti,42,MuSiQue,8,16,484,multi-hop,41.7747,30.5092,0.0,0,0,1,71,327,327,56061591552,56061591552,8.615,0.03
google/gemma-3-1b-it,NVIDIA GeForce RTX 5060 Ti,42,MuSiQue,8,16,485,multi-hop,49.4605,66.9179,73.5691,0,0,0,100,356,356,66446163968,66446163968,8.615,0.03
google/gemma-3-1b-it,NVIDIA GeForce RTX 5060 Ti,42,MuSiQue,8,16,486,multi-hop,64.7454,0.0,0.0,0,1,1,103,359,359,67570761728,67570761728,8.615,0.03
google/gemma-3-1b-it,NVIDIA GeForce RTX 5060 Ti,42,MuSiQue,8,16,487,semantic,29.6201,0.0,0.0,0,1,1,125,381,381,76106170368,76106170368,8.615,0.03
google/gemma-3-1b-it,NVIDIA GeForce RTX 5060 Ti,42,MuSiQue,8,16,488,multi-hop,50.9758,0.0,0.0,0,1,1,109,365,365,69848268800,69848268800,8.615,0.03
google/gemma-3-1b-it,NVIDIA GeForce RTX 5060 Ti,42,MuSiQue,8,16,489,multi-hop,96.9119,0.0,61.7726,0,1,0,67,323,323,54698442752,54698442752,8.615,0.03
google/gemma-3-1b-it,NVIDIA GeForce RTX 5060 Ti,42,MuSiQue,8,16,490,structural,36.3922,65.0159,0.0,0,0,1,87,343,343,61681958912,61681958912,8.615,0.03
google/gemma-3-1b-it,NVIDIA GeForce RTX 5060 Ti,42,MuSiQue,8,16,491,structural,43.2009,0.0,0.0,0,1,1,14,270,270,38220595200,38220595200,8.615,0.03
google/gemma-3-1b-it,NVIDIA GeForce RTX 5060 Ti,42,MuSiQue,8,16,492,structural,56.9992,65.091,100.651,0,0,0,96,352,352,64961380352,64961380352,8.615,0.03
google/gemma-3-1b-it,NVIDIA GeForce RTX 5060 Ti,42,MuSiQue,8,16,493,multi-hop,84.8126,0.0,76.1378,0,1,0,89,345,345,62403379200,62403379200,8.615,0.03
google/gemma-3-1b-it,NVIDIA GeForce RTX 5060 Ti,42,MuSiQue,8,16,494,multi-hop,47.6265,0.0,0.0,0,1,1,4,260,260,35441868800,35441868800,8.615,0.03
google/gemma-3-1b-it,NVIDIA GeForce RTX 5060 Ti,42,MuSiQue,8,16,495,structural,67.0775,0.0,0.0,0,1,1,61,317,317,52685176832,52685176832,8.615,0.03
google/gemma-3-1b-it,NVIDIA GeForce RTX 5060 Ti,42,MuSiQue,8,16,496,structural,31.992,0.0,35.1942,0,1,0,110,366,366,70231523328,70231523328,8.615,0.03
google/gemma-3-1b-it,NVIDIA GeForce RTX 5060 Ti,42,MuSiQue,8,16,497,semantic,0.0,33.2156,0.0,1,0,1,4,260,260,35441868800,35441868800,8.615,0.03
google/gemma-3-1b-it,NVIDIA GeForce RTX 5060 Ti,42,MuSiQue,8,16,498,multi-hop,46.0065,0.0,0.0,0,1,1,112,368,368,71001178112,71001178112,8.615,0.03
google/gemma-3-1b-it,NVIDIA GeForce RTX 5060 Ti,42,MuSiQue,8,16,499,semantic,47.6423,0.0,36.622,0,1,0,105,361,361,68325736448,68325736448,8.615,0.03
google/gemma-3-1b-it,NVIDIA GeForce RTX 5060 Ti,42,MuSiQue,8,16,500,structural,35.5695,36.8273,0.0,0,0,1,4,260,260,35441868800,35441868800,8.615,0.03
google/gemma-3-1b-it,NVIDIA GeForce RTX 5060 Ti,42,MuSiQue,8,16,501,multi-hop,44.4375,0.0,0.0,0,1,1,118,374,374,73335308288,73335308288,8.615,0.03
google/gemma-3-1b-it,NVIDIA GeForce RTX 5060 Ti,42,MuSiQue,8,16,502,multi-hop,75.1318,40.8581,0.0,0,0,1,66,322,322,54360276992,54360276992,8.615,0.03
google/gemma-3-1b-it,NVIDIA GeForce RTX 5060 Ti,42,MuSiQue,8,16,503,structural,29.2127,60.8547,54.0004,0,0,0,5,261,261,35715022848,35715022848,8.615,0.03
google/gemma-3-1b-it,NVIDIA GeForce RTX 5060 Ti,42,MuSiQue,8,16,504,structural,32.6842,32.6607,31.3956,0,0,0,39,295,295,45626163200,45626163200,8.615,0.03
google/gemma-3-1b-it,NVIDIA GeForce RTX 5060 Ti,42,MuSiQue,8,16,505,multi-hop,37.7783,41.8655,0.0,0,0,1,101,357,357,66819981312,66819981312,8.615,0.03
google/gemma-3-1b-it,NVIDIA GeForce RTX 5060 Ti,42,MuSiQue,8,16,506,multi-hop,43.7799,0.0,0.0,0,1,1,12,268,268,37656461312,37656461312,8.615,0.03
google/gemma-3-1b-it,NVIDIA GeForce RTX 5060 Ti,42,MuSiQue,8,16,507,multi-hop,52.5218,0.0,0.0,0,1,1,103,359,359,67570761728,67570761728,8.615,0.03
google/gemma-3-1b-it,NVIDIA GeForce RTX 5060 Ti,42,MuSiQue,8,16,508,structural,36.0534,67.7893,47.3857,0,0,0,103,359,359,67570761728,67570761728,8.615,0.03
google/gemma-3-1b-it,NVIDIA GeForce RTX 5060 Ti,42,MuSiQue,8,16,509,structural,44.5779,0.0,0.0,0,1,1,26,282,282,41693478912,41693478912,8.615,0.03
google/gemma-3-1b-it,NVIDIA GeForce RTX 5060 Ti,42,MuSiQue,8,16,510,semantic,43.8669,0.0,54.546,0,1,0,25,281,281,41398304768,41398304768,8.615,0.03
google/gemma-3-1b-it,NVIDIA GeForce RTX 5060 Ti,42,MuSiQue,8,16,511,structural,47.3598,58.1602,34.5108,0,0,0,113,369,369,71387578368,71387578368,8.615,0.03
google/gemma-3-1b-it,NVIDIA GeForce RTX 5060 Ti,42,MuSiQue,8,16,512,multi-hop,64.7615,0.0,0.0,0,1,1,100,356,356,66446163968,66446163968,8.615,0.03
google/gemma-3-1b-it,NVIDIA GeForce RTX 5060 Ti,42,MuSiQue,8,16,513,multi-hop,59.8413,0.0,0.0,0,1,1,3,233,259,28463071232,35169763328,8.615,0.03
google/gemma-3-1b-it,NVIDIA GeForce RTX 5060 Ti,42,MuSiQue,8,16,514,multi-hop,43.7266,50.8447,0.0,0,0,1,97,353,353,65331003392,65331003392,8.615,0.03
google/gemma-3-1b-it,NVIDIA GeForce RTX 5060 Ti,42,MuSiQue,8,16,515,structural,53.2432,46.2852,38.6127,0,0,0,64,320,320,53687091200,53687091200,8.615,0.03
google/gemma-3-1b-it,NVIDIA GeForce RTX 5060 Ti,42,MuSiQue,8,16,516,multi-hop,57.3187,0.0,0.0,0,1,1,102,358,358,67194847232,67194847232,8.615,0.03
google/gemma-3-1b-it,NVIDIA GeForce RTX 5060 Ti,42,MuSiQue,8,16,517,multi-hop,32.2497,0.0,0.0,0,1,1,92,348,348,63493373952,63493373952,8.615,0.03
google/gemma-3-1b-it,NVIDIA GeForce RTX 5060 Ti,42,MuSiQue,8,16,518,multi-hop,39.0964,0.0,66.9668,0,1,0,81,337,337,59542863872,59542863872,8.615,0.03
google/gemma-3-1b-it,NVIDIA GeForce RTX 5060 Ti,42,MuSiQue,8,16,519,structural,36.9226,37.7495,0.0,0,0,1,104,360,360,67947724800,67947724800,8.615,0.03
google/gemma-3-1b-it,NVIDIA GeForce RTX 5060 Ti,42,MuSiQue,8,16,520,semantic,52.7515,0.0,0.0,0,1,1,14,270,267,38220595200,37375967232,8.615,0.03
google/gemma-3-1b-it,NVIDIA GeForce RTX 5060 Ti,42,MuSiQue,8,16,521,structural,32.4185,36.4399,24.5029,0,0,0,102,358,358,67194847232,67194847232,8.615,0.03
google/gemma-3-1b-it,NVIDIA GeForce RTX 5060 Ti,42,MuSiQue,8,16,522,multi-hop,29.5501,53.0952,0.0,0,0,1,84,340,340,60607692800,60607692800,8.615,0.03
google/gemma-3-1b-it,NVIDIA GeForce RTX 5060 Ti,42,MuSiQue,8,16,523,semantic,28.5357,0.0,0.0,0,1,1,73,329,329,56749457408,56749457408,8.615,0.03
google/gemma-3-1b-it,NVIDIA GeForce RTX 5060 Ti,42,MuSiQue,8,16,524,multi-hop,38.5899,58.0412,0.0,0,0,1,121,377,377,74516529152,74516529152,8.615,0.03
google/gemma-3-1b-it,NVIDIA GeForce RTX 5060 Ti,42,MuSiQue,8,16,525,semantic,33.7209,0.0,33.4415,0,1,0,110,366,366,70231523328,70231523328,8.615,0.03
google/gemma-3-1b-it,NVIDIA GeForce RTX 5060 Ti,42,MuSiQue,8,16,526,multi-hop,28.9723,0.0,41.8208,0,1,0,61,317,317,52685176832,52685176832,8.615,0.03
google/gemma-3-1b-it,NVIDIA GeForce RTX 5060 Ti,42,MuSiQue,8,16,527,semantic,41.5235,0.0,0.0,0,1,1,106,362,362,68704796672,68704796672,8.615,0.03
google/gemma-3-1b-it,NVIDIA GeForce RTX 5060 Ti,42,MuSiQue,8,16,528,semantic,33.8384,0.0,0.0,0,1,1,111,367,367,70615826432,70615826432,8.615,0.03
google/gemma-3-1b-it,NVIDIA GeForce RTX 5060 Ti,42,MuSiQue,8,16,529,structural,60.1694,45.5226,0.0,0,0,1,14,270,270,38220595200,38220595200,8.615,0.03
google/gemma-3-1b-it,NVIDIA GeForce RTX 5060 Ti,42,MuSiQue,8,16,530,semantic,47.5571,0.0,0.0,0,1,1,72,328,328,56405000192,56405000192,8.615,0.03
google/gemma-3-1b-it,NVIDIA GeForce RTX 5060 Ti,42,MuSiQue,8,16,531,structural,57.8648,35.9841,0.0,0,0,1,67,323,323,54698442752,54698442752,8.615,0.03
google/gemma-3-1b-it,NVIDIA GeForce RTX 5060 Ti,42,MuSiQue,8,16,532,multi-hop,53.022,0.0,0.0,0,1,1,25,281,281,41398304768,41398304768,8.615,0.03
google/gemma-3-1b-it,NVIDIA GeForce RTX 5060 Ti,42,MuSiQue,8,16,533,semantic,43.5931,0.0,0.0,0,1,1,101,357,357,66819981312,66819981312,8.615,0.03
google/gemma-3-1b-it,NVIDIA GeForce RTX 5060 Ti,42,MuSiQue,8,16,534,multi-hop,73.9115,40.2035,0.0,0,0,1,69,325,325,55377920000,55377920000,8.615,0.03
google/gemma-3-1b-it,NVIDIA GeForce RTX 5060 Ti,42,MuSiQue,8,16,535,multi-hop,77.0158,0.0,0.0,0,1,1,39,295,295,45626163200,45626163200,8.615,0.03
google/gemma-3-1b-it,NVIDIA GeForce RTX 5060 Ti,42,MuSiQue,8,16,536,multi-hop,40.5836,28.0124,0.0,0,0,1,121,377,377,74516529152,74516529152,8.615,0.03
google/gemma-3-1b-it,NVIDIA GeForce RTX 5060 Ti,42,MuSiQue,8,16,537,structural,40.8479,54.762,58.3908,0,0,0,130,386,386,78116814848,78116814848,8.615,0.03
google/gemma-3-1b-it,NVIDIA GeForce RTX 5060 Ti,42,MuSiQue,8,16,538,multi-hop,33.8896,0.0,0.0,0,1,1,102,358,358,67194847232,67194847232,8.615,0.03
google/gemma-3-1b-it,NVIDIA GeForce RTX 5060 Ti,42,MuSiQue,8,16,539,multi-hop,42.4171,0.0,0.0,0,1,1,23,279,279,40811102208,40811102208,8.615,0.03
google/gemma-3-1b-it,NVIDIA GeForce RTX 5060 Ti,42,MuSiQue,8,16,540,multi-hop,36.5937,41.8034,0.0,0,0,1,100,356,356,66446163968,66446163968,8.615,0.03
google/gemma-3-1b-it,NVIDIA GeForce RTX 5060 Ti,42,MuSiQue,8,16,541,multi-hop,58.9951,37.7898,0.0,0,0,1,121,377,377,74516529152,74516529152,8.615,0.03
google/gemma-3-1b-it,NVIDIA GeForce RTX 5060 Ti,42,MuSiQue,8,16,542,structural,31.52,0.0,0.0,0,1,1,63,319,319,53352071168,53352071168,8.615,0.03
google/gemma-3-1b-it,NVIDIA GeForce RTX 5060 Ti,42,MuSiQue,8,16,543,semantic,33.3931,0.0,57.9674,0,1,0,118,374,374,73335308288,73335308288,8.615,0.03
google/gemma-3-1b-it,NVIDIA GeForce RTX 5060 Ti,42,MuSiQue,8,16,544,structural,40.9452,0.0,55.3244,0,1,0,18,274,274,39361445888,39361445888,8.615,0.03
google/gemma-3-1b-it,NVIDIA GeForce RTX 5060 Ti,42,MuSiQue,8,16,545,multi-hop,33.8298,0.0,40.9265,0,1,0,94,350,350,64225280000,64225280000,8.615,0.03
google/gemma-3-1b-it,NVIDIA GeForce RTX 5060 Ti,42,MuSiQue,8,16,546,structural,33.6443,0.0,0.0,0,1,1,108,364,364,69466062848,69466062848,8.615,0.03
google/gemma-3-1b-it,NVIDIA GeForce RTX 5060 Ti,42,MuSiQue,8,16,547,multi-hop,50.2104,32.818,35.9789,0,0,0,14,270,270,38220595200,38220595200,8.615,0.03
google/gemma-3-1b-it,NVIDIA GeForce RTX 5060 Ti,42,MuSiQue,8,16,548,multi-hop,32.8671,0.0,70.228,0,1,0,68,324,324,55037657088,55037657088,8.615,0.03
google/gemma-3-1b-it,NVIDIA GeForce RTX 5060 Ti,42,MuSiQue,8,16,549,multi-hop,36.2575,41.3858,43.5611,0,0,0,62,318,318,53018099712,53018099712,8.615,0.03
google/gemma-3-1b-it,NVIDIA GeForce RTX 5060 Ti,42,MuSiQue,8,16,550,multi-hop,48.1568,0.0,0.0,0,1,1,87,343,343,61681958912,61681958912,8.615,0.03
google/gemma-3-1b-it,NVIDIA GeForce RTX 5060 Ti,42,MuSiQue,8,16,551,semantic,58.3227,0.0,0.0,0,1,1,107,363,363,69084905472,69084905472,8.615,0.03
google/gemma-3-1b-it,NVIDIA GeForce RTX 5060 Ti,42,MuSiQue,8,16,552,structural,51.4584,0.0,0.0,0,1,1,129,385,385,77712588800,77712588800,8.615,0.03
google/gemma-3-1b-it,NVIDIA GeForce RTX 5060 Ti,42,MuSiQue,8,16,553,semantic,65.3195,0.0,0.0,0,1,1,114,370,370,71775027200,71775027200,8.615,0.03
google/gemma-3-1b-it,NVIDIA GeForce RTX 5060 Ti,42,MuSiQue,8,16,554,multi-hop,36.0414,0.0,0.0,0,1,1,14,270,270,38220595200,38220595200,8.615,0.03
google/gemma-3-1b-it,NVIDIA GeForce RTX 5060 Ti,42,MuSiQue,8,16,555,semantic,36.5179,0.0,0.0,0,1,1,129,385,385,77712588800,77712588800,8.615,0.03
google/gemma-3-1b-it,NVIDIA GeForce RTX 5060 Ti,42,MuSiQue,8,16,556,multi-hop,31.2318,0.0,0.0,0,1,1,154,410,410,88132812800,88132812800,8.615,0.03
google/gemma-3-1b-it,NVIDIA GeForce RTX 5060 Ti,42,MuSiQue,8,16,557,multi-hop,43.3463,42.8999,0.0,0,0,1,96,352,352,64961380352,64961380352,8.615,0.03
google/gemma-3-1b-it,NVIDIA GeForce RTX 5060 Ti,42,MuSiQue,8,16,558,structural,72.3299,33.0828,0.0,0,0,1,107,363,363,69084905472,69084905472,8.615,0.03
google/gemma-3-1b-it,NVIDIA GeForce RTX 5060 Ti,42,MuSiQue,8,16,559,structural,70.8375,55.3028,0.0,0,0,1,54,310,310,50384076800,50384076800,8.615,0.03
google/gemma-3-1b-it,NVIDIA GeForce RTX 5060 Ti,42,MuSiQue,8,16,560,multi-hop,53.8971,0.0,0.0,0,1,1,66,322,322,54360276992,54360276992,8.615,0.03
google/gemma-3-1b-it,NVIDIA GeForce RTX 5060 Ti,42,MuSiQue,8,16,561,structural,50.5164,0.0,49.1118,0,1,0,90,346,346,62765662208,62765662208,8.615,0.03
google/gemma-3-1b-it,NVIDIA GeForce RTX 5060 Ti,42,MuSiQue,8,16,562,semantic,49.2745,0.0,0.0,0,1,1,94,350,350,64225280000,64225280000,8.615,0.03
google/gemma-3-1b-it,NVIDIA GeForce RTX 5060 Ti,42,MuSiQue,8,16,563,multi-hop,49.9989,30.8755,60.4336,0,0,0,2,78,258,3189768192,34898706432,8.615,0.03
google/gemma-3-1b-it,NVIDIA GeForce RTX 5060 Ti,42,MuSiQue,8,16,564,semantic,38.4315,0.0,0.0,0,1,1,93,349,349,63858802688,63858802688,8.615,0.03
google/gemma-3-1b-it,NVIDIA GeForce RTX 5060 Ti,42,MuSiQue,8,16,565,semantic,36.6879,0.0,0.0,0,1,1,99,355,355,66073395200,66073395200,8.615,0.03
google/gemma-3-1b-it,NVIDIA GeForce RTX 5060 Ti,42,MuSiQue,8,16,566,structural,30.7809,41.0348,32.7448,0,0,0,94,350,350,64225280000,64225280000,8.615,0.03
google/gemma-3-1b-it,NVIDIA GeForce RTX 5060 Ti,42,MuSiQue,8,16,567,semantic,59.4221,0.0,0.0,0,1,1,111,367,367,70615826432,70615826432,8.615,0.03
google/gemma-3-1b-it,NVIDIA GeForce RTX 5060 Ti,42,MuSiQue,8,16,568,multi-hop,39.4981,35.2979,35.5548,0,0,0,95,351,351,64592805888,64592805888,8.615,0.03
google/gemma-3-1b-it,NVIDIA GeForce RTX 5060 Ti,42,MuSiQue,8,16,569,multi-hop,43.3117,0.0,53.803,0,1,0,103,359,359,67570761728,67570761728,8.615,0.03
google/gemma-3-1b-it,NVIDIA GeForce RTX 5060 Ti,42,MuSiQue,8,16,570,multi-hop,48.5836,48.6363,58.134,0,0,0,121,377,377,74516529152,74516529152,8.615,0.03
google/gemma-3-1b-it,NVIDIA GeForce RTX 5060 Ti,42,MuSiQue,8,16,571,multi-hop,61.4444,0.0,0.0,0,1,1,16,272,272,38788923392,38788923392,8.615,0.03
google/gemma-3-1b-it,NVIDIA GeForce RTX 5060 Ti,42,MuSiQue,8,16,572,multi-hop,53.8125,0.0,0.0,0,1,1,127,383,383,76907282432,76907282432,8.615,0.03
google/gemma-3-1b-it,NVIDIA GeForce RTX 5060 Ti,42,MuSiQue,8,16,573,multi-hop,48.689,0.0,34.605,0,1,0,104,360,360,67947724800,67947724800,8.615,0.03
google/gemma-3-1b-it,NVIDIA GeForce RTX 5060 Ti,42,MuSiQue,8,16,574,semantic,41.8464,0.0,0.0,0,1,1,102,358,358,67194847232,67194847232,8.615,0.03
google/gemma-3-1b-it,NVIDIA GeForce RTX 5060 Ti,42,MuSiQue,8,16,575,multi-hop,26.2545,34.0956,49.5839,0,0,0,96,352,352,64961380352,64961380352,8.615,0.03
google/gemma-3-1b-it,NVIDIA GeForce RTX 5060 Ti,42,MuSiQue,8,16,576,structural,47.6125,40.0423,0.0,0,0,1,132,388,388,78928412672,78928412672,8.615,0.03
google/gemma-3-1b-it,NVIDIA GeForce RTX 5060 Ti,42,MuSiQue,8,16,577,multi-hop,37.6967,0.0,0.0,0,1,1,33,289,289,43789058048,43789058048,8.615,0.03
google/gemma-3-1b-it,NVIDIA GeForce RTX 5060 Ti,42,MuSiQue,8,16,578,structural,33.6715,48.5294,49.3566,0,0,0,8,264,264,36540776448,36540776448,8.615,0.03
google/gemma-3-1b-it,NVIDIA GeForce RTX 5060 Ti,42,MuSiQue,8,16,579,multi-hop,40.2266,29.8844,0.0,0,0,1,11,267,267,37375967232,37375967232,8.615,0.03
google/gemma-3-1b-it,NVIDIA GeForce RTX 5060 Ti,42,MuSiQue,8,16,580,multi-hop,37.7316,0.0,0.0,0,1,1,66,322,322,54360276992,54360276992,8.615,0.03
google/gemma-3-1b-it,NVIDIA GeForce RTX 5060 Ti,42,MuSiQue,8,16,581,semantic,26.5752,0.0,41.291,0,1,0,141,397,397,82632507392,82632507392,8.615,0.03
google/gemma-3-1b-it,NVIDIA GeForce RTX 5060 Ti,42,MuSiQue,8,16,582,semantic,37.9632,0.0,0.0,0,1,1,16,272,272,38788923392,38788923392,8.615,0.03
google/gemma-3-1b-it,NVIDIA GeForce RTX 5060 Ti,42,MuSiQue,8,16,583,multi-hop,33.8359,34.0756,0.0,0,0,1,124,380,380,75707187200,75707187200,8.615,0.03
google/gemma-3-1b-it,NVIDIA GeForce RTX 5060 Ti,42,MuSiQue,8,16,584,multi-hop,35.9509,28.7205,0.0,0,0,1,89,345,345,62403379200,62403379200,8.615,0.03
google/gemma-3-1b-it,NVIDIA GeForce RTX 5060 Ti,42,MuSiQue,8,16,585,multi-hop,28.5799,28.4621,42.5853,0,0,0,102,358,358,67194847232,67194847232,8.615,0.03
google/gemma-3-1b-it,NVIDIA GeForce RTX 5060 Ti,42,MuSiQue,8,16,586,semantic,76.5547,0.0,0.0,0,1,1,87,343,343,61681958912,61681958912,8.615,0.03
google/gemma-3-1b-it,NVIDIA GeForce RTX 5060 Ti,42,MuSiQue,8,16,587,semantic,34.1114,0.0,0.0,0,1,1,39,295,295,45626163200,45626163200,8.615,0.03
google/gemma-3-1b-it,NVIDIA GeForce RTX 5060 Ti,42,MuSiQue,8,16,588,multi-hop,33.267,94.1418,33.9822,0,0,0,101,357,357,66819981312,66819981312,8.615,0.03
google/gemma-3-1b-it,NVIDIA GeForce RTX 5060 Ti,42,MuSiQue,8,16,589,semantic,63.7908,0.0,0.0,0,1,1,114,370,370,71775027200,71775027200,8.615,0.03
google/gemma-3-1b-it,NVIDIA GeForce RTX 5060 Ti,42,MuSiQue,8,16,590,structural,43.3212,0.0,0.0,0,1,1,76,332,332,57789120512,57789120512,8.615,0.03
google/gemma-3-1b-it,NVIDIA GeForce RTX 5060 Ti,42,MuSiQue,8,16,591,semantic,33.4533,0.0,0.0,0,1,1,3,233,259,28463071232,35169763328,8.615,0.03
google/gemma-3-1b-it,NVIDIA GeForce RTX 5060 Ti,42,MuSiQue,8,16,592,structural,37.174,40.3362,0.0,0,0,1,100,356,356,66446163968,66446163968,8.615,0.03
google/gemma-3-1b-it,NVIDIA GeForce RTX 5060 Ti,42,MuSiQue,8,16,593,semantic,40.136,0.0,0.0,0,1,1,129,385,385,77712588800,77712588800,8.615,0.03
google/gemma-3-1b-it,NVIDIA GeForce RTX 5060 Ti,42,MuSiQue,8,16,594,structural,48.0982,0.0,0.0,0,1,1,14,270,270,38220595200,38220595200,8.615,0.03
google/gemma-3-1b-it,NVIDIA GeForce RTX 5060 Ti,42,MuSiQue,8,16,595,multi-hop,76.6025,40.7614,37.1917,0,0,0,92,348,348,63493373952,63493373952,8.615,0.03
google/gemma-3-1b-it,NVIDIA GeForce RTX 5060 Ti,42,MuSiQue,8,16,596,multi-hop,37.9676,35.3368,0.0,0,0,1,91,347,347,63128993792,63128993792,8.615,0.03
google/gemma-3-1b-it,NVIDIA GeForce RTX 5060 Ti,42,MuSiQue,8,16,597,semantic,29.7095,0.0,0.0,0,1,1,142,398,398,83049316352,83049316352,8.615,0.03
google/gemma-3-1b-it,NVIDIA GeForce RTX 5060 Ti,42,MuSiQue,8,16,598,multi-hop,42.4425,39.8955,0.0,0,0,1,115,371,371,72163524608,72163524608,8.615,0.03
google/gemma-3-1b-it,NVIDIA GeForce RTX 5060 Ti,42,MuSiQue,8,16,599,multi-hop,49.3488,0.0,0.0,0,1,1,102,358,358,67194847232,67194847232,8.615,0.03
google/gemma-3-1b-it,NVIDIA GeForce RTX 5060 Ti,42,MuSiQue,10,16,0,structural,32.5814,45.5961,41.7458,0,0,0,102,358,358,67194847232,67194847232,8.615,0.03
google/gemma-3-1b-it,NVIDIA GeForce RTX 5060 Ti,42,MuSiQue,10,16,1,multi-hop,31.4222,0.0,0.0,0,1,1,119,375,375,73728000000,73728000000,8.615,0.03
google/gemma-3-1b-it,NVIDIA GeForce RTX 5060 Ti,42,MuSiQue,10,16,2,multi-hop,81.3917,0.0,56.3886,0,1,0,124,380,380,75707187200,75707187200,8.615,0.03
google/gemma-3-1b-it,NVIDIA GeForce RTX 5060 Ti,42,MuSiQue,10,16,3,semantic,67.5173,0.0,0.0,0,1,1,33,289,289,43789058048,43789058048,8.615,0.03
google/gemma-3-1b-it,NVIDIA GeForce RTX 5060 Ti,42,MuSiQue,10,16,4,structural,38.1123,0.0,0.0,0,1,1,4,260,260,35441868800,35441868800,8.615,0.03
google/gemma-3-1b-it,NVIDIA GeForce RTX 5060 Ti,42,MuSiQue,10,16,5,multi-hop,59.0209,0.0,0.0,0,1,1,18,274,274,39361445888,39361445888,8.615,0.03
google/gemma-3-1b-it,NVIDIA GeForce RTX 5060 Ti,42,MuSiQue,10,16,6,structural,31.4576,48.3394,33.3463,0,0,0,115,371,371,72163524608,72163524608,8.615,0.03
google/gemma-3-1b-it,NVIDIA GeForce RTX 5060 Ti,42,MuSiQue,10,16,7,multi-hop,36.9293,42.3531,38.7823,0,0,0,9,265,265,36818124800,36818124800,8.615,0.03
google/gemma-3-1b-it,NVIDIA GeForce RTX 5060 Ti,42,MuSiQue,10,16,8,multi-hop,47.112,0.0,0.0,0,1,1,129,385,385,77712588800,77712588800,8.615,0.03
google/gemma-3-1b-it,NVIDIA GeForce RTX 5060 Ti,42,MuSiQue,10,16,9,structural,64.1963,0.0,0.0,0,1,1,68,324,324,55037657088,55037657088,8.615,0.03
google/gemma-3-1b-it,NVIDIA GeForce RTX 5060 Ti,42,MuSiQue,10,16,10,multi-hop,40.1973,42.0466,66.09,0,0,0,119,375,375,73728000000,73728000000,8.615,0.03
google/gemma-3-1b-it,NVIDIA GeForce RTX 5060 Ti,42,MuSiQue,10,16,11,semantic,61.7473,0.0,49.5794,0,1,0,88,344,344,62042144768,62042144768,8.615,0.03
google/gemma-3-1b-it,NVIDIA GeForce RTX 5060 Ti,42,MuSiQue,10,16,12,semantic,29.7612,0.0,0.0,0,1,1,30,286,286,42884661248,42884661248,8.615,0.03
google/gemma-3-1b-it,NVIDIA GeForce RTX 5060 Ti,42,MuSiQue,10,16,13,semantic,72.3878,0.0,0.0,0,1,1,105,361,361,68325736448,68325736448,8.615,0.03
google/gemma-3-1b-it,NVIDIA GeForce RTX 5060 Ti,42,MuSiQue,10,16,14,multi-hop,55.6417,0.0,0.0,0,1,1,110,366,366,70231523328,70231523328,8.615,0.03
google/gemma-3-1b-it,NVIDIA GeForce RTX 5060 Ti,42,MuSiQue,10,16,15,structural,35.4633,36.6826,52.9741,0,0,0,121,377,377,74516529152,74516529152,8.615,0.03
google/gemma-3-1b-it,NVIDIA GeForce RTX 5060 Ti,42,MuSiQue,10,16,16,structural,37.2444,60.8068,43.6863,0,0,0,18,274,274,39361445888,39361445888,8.615,0.03
google/gemma-3-1b-it,NVIDIA GeForce RTX 5060 Ti,42,MuSiQue,10,16,17,semantic,49.4432,0.0,0.0,0,1,1,61,317,317,52685176832,52685176832,8.615,0.03
google/gemma-3-1b-it,NVIDIA GeForce RTX 5060 Ti,42,MuSiQue,10,16,18,semantic,37.4483,0.0,0.0,0,1,1,113,369,369,71387578368,71387578368,8.615,0.03
google/gemma-3-1b-it,NVIDIA GeForce RTX 5060 Ti,42,MuSiQue,10,16,19,multi-hop,34.6077,44.4236,32.7026,0,0,0,39,295,295,45626163200,45626163200,8.615,0.03
google/gemma-3-1b-it,NVIDIA GeForce RTX 5060 Ti,42,MuSiQue,10,16,20,multi-hop,59.0762,69.0187,90.3256,0,0,0,78,334,334,58487472128,58487472128,8.615,0.03
google/gemma-3-1b-it,NVIDIA GeForce RTX 5060 Ti,42,MuSiQue,10,16,21,multi-hop,35.3982,0.0,0.0,0,1,1,105,361,361,68325736448,68325736448,8.615,0.03
google/gemma-3-1b-it,NVIDIA GeForce RTX 5060 Ti,42,MuSiQue,10,16,22,structural,54.9603,0.0,0.0,0,1,1,127,383,383,76907282432,76907282432,8.615,0.03
google/gemma-3-1b-it,NVIDIA GeForce RTX 5060 Ti,42,MuSiQue,10,16,23,semantic,35.9218,0.0,0.0,0,1,1,102,358,358,67194847232,67194847232,8.615,0.03
google/gemma-3-1b-it,NVIDIA GeForce RTX 5060 Ti,42,MuSiQue,10,16,24,semantic,31.1159,0.0,0.0,0,1,1,121,377,377,74516529152,74516529152,8.615,0.03
google/gemma-3-1b-it,NVIDIA GeForce RTX 5060 Ti,42,MuSiQue,10,16,25,multi-hop,30.1184,0.0,0.0,0,1,1,51,307,307,49413619712,49413619712,8.615,0.03
google/gemma-3-1b-it,NVIDIA GeForce RTX 5060 Ti,42,MuSiQue,10,16,26,multi-hop,49.2684,0.0,0.0,0,1,1,72,328,328,56405000192,56405000192,8.615,0.03
google/gemma-3-1b-it,NVIDIA GeForce RTX 5060 Ti,42,MuSiQue,10,16,27,multi-hop,31.6861,53.3616,62.1513,0,0,0,103,359,359,67570761728,67570761728,8.615,0.03
google/gemma-3-1b-it,NVIDIA GeForce RTX 5060 Ti,42,MuSiQue,10,16,28,semantic,30.6203,0.0,0.0,0,1,1,112,368,368,71001178112,71001178112,8.615,0.03
google/gemma-3-1b-it,NVIDIA GeForce RTX 5060 Ti,42,MuSiQue,10,16,29,structural,50.074,54.5155,0.0,0,0,1,117,373,373,72943665152,72943665152,8.615,0.03
google/gemma-3-1b-it,NVIDIA GeForce RTX 5060 Ti,42,MuSiQue,10,16,30,multi-hop,70.6792,0.0,0.0,0,1,1,104,360,360,67947724800,67947724800,8.615,0.03
google/gemma-3-1b-it,NVIDIA GeForce RTX 5060 Ti,42,MuSiQue,10,16,31,multi-hop,49.8299,0.0,0.0,0,1,1,43,299,299,46871871488,46871871488,8.615,0.03
google/gemma-3-1b-it,NVIDIA GeForce RTX 5060 Ti,42,MuSiQue,10,16,32,semantic,0.0,59.7132,0.0,1,0,1,23,279,279,40811102208,40811102208,8.615,0.03
google/gemma-3-1b-it,NVIDIA GeForce RTX 5060 Ti,42,MuSiQue,10,16,33,structural,64.7344,43.2936,45.8676,0,0,0,84,340,340,60607692800,60607692800,8.615,0.03
google/gemma-3-1b-it,NVIDIA GeForce RTX 5060 Ti,42,MuSiQue,10,16,34,structural,40.0143,0.0,0.0,0,1,1,136,392,392,80564191232,80564191232,8.615,0.03
google/gemma-3-1b-it,NVIDIA GeForce RTX 5060 Ti,42,MuSiQue,10,16,35,semantic,0.0,0.0,0.0,1,1,1,125,381,381,76106170368,76106170368,8.615,0.03
google/gemma-3-1b-it,NVIDIA GeForce RTX 5060 Ti,42,MuSiQue,10,16,36,structural,42.9158,0.0,0.0,0,1,1,111,367,367,70615826432,70615826432,8.615,0.03
google/gemma-3-1b-it,NVIDIA GeForce RTX 5060 Ti,42,MuSiQue,10,16,37,multi-hop,39.3667,0.0,84.7421,0,1,0,103,359,359,67570761728,67570761728,8.615,0.03
google/gemma-3-1b-it,NVIDIA GeForce RTX 5060 Ti,42,MuSiQue,10,16,38,multi-hop,33.6772,0.0,0.0,0,1,1,140,396,396,82216747008,82216747008,8.615,0.03
google/gemma-3-1b-it,NVIDIA GeForce RTX 5060 Ti,42,MuSiQue,10,16,39,multi-hop,32.0035,36.6242,0.0,0,0,1,115,371,371,72163524608,72163524608,8.615,0.03
google/gemma-3-1b-it,NVIDIA GeForce RTX 5060 Ti,42,MuSiQue,10,16,40,semantic,26.4287,0.0,0.0,0,1,1,106,362,362,68704796672,68704796672,8.615,0.03
google/gemma-3-1b-it,NVIDIA GeForce RTX 5060 Ti,42,MuSiQue,10,16,41,multi-hop,52.9891,0.0,0.0,0,1,1,107,363,363,69084905472,69084905472,8.615,0.03
google/gemma-3-1b-it,NVIDIA GeForce RTX 5060 Ti,42,MuSiQue,10,16,42,semantic,55.2214,0.0,0.0,0,1,1,102,358,358,67194847232,67194847232,8.615,0.03
google/gemma-3-1b-it,NVIDIA GeForce RTX 5060 Ti,42,MuSiQue,10,16,43,semantic,57.6459,0.0,0.0,0,1,1,5,261,261,35715022848,35715022848,8.615,0.03
google/gemma-3-1b-it,NVIDIA GeForce RTX 5060 Ti,42,MuSiQue,10,16,44,multi-hop,47.6365,79.2987,42.5268,0,0,0,131,387,387,78522089472,78522089472,8.615,0.03
google/gemma-3-1b-it,NVIDIA GeForce RTX 5060 Ti,42,MuSiQue,10,16,45,structural,40.2767,62.3494,32.5413,0,0,0,68,324,324,55037657088,55037657088,8.615,0.03
google/gemma-3-1b-it,NVIDIA GeForce RTX 5060 Ti,42,MuSiQue,10,16,46,structural,33.3754,29.653,0.0,0,0,1,121,377,377,74516529152,74516529152,8.615,0.03
google/gemma-3-1b-it,NVIDIA GeForce RTX 5060 Ti,42,MuSiQue,10,16,47,semantic,0.0,0.0,0.0,1,1,1,12,268,268,37656461312,37656461312,8.615,0.03
google/gemma-3-1b-it,NVIDIA GeForce RTX 5060 Ti,42,MuSiQue,10,16,48,multi-hop,0.0,0.0,0.0,1,1,1,90,346,346,62765662208,62765662208,8.615,0.03
google/gemma-3-1b-it,NVIDIA GeForce RTX 5060 Ti,42,MuSiQue,10,16,49,structural,0.0,35.9275,35.4267,1,0,0,107,363,363,69084905472,69084905472,8.615,0.03
google/gemma-3-1b-it,NVIDIA GeForce RTX 5060 Ti,42,MuSiQue,10,16,50,multi-hop,59.1094,0.0,60.361,0,1,0,48,304,304,48452599808,48452599808,8.615,0.03
google/gemma-3-1b-it,NVIDIA GeForce RTX 5060 Ti,42,MuSiQue,10,16,51,structural,41.3971,55.6928,0.0,0,0,1,88,344,344,62042144768,62042144768,8.615,0.03
google/gemma-3-1b-it,NVIDIA GeForce RTX 5060 Ti,42,MuSiQue,10,16,52,semantic,42.717,0.0,0.0,0,1,1,66,322,322,54360276992,54360276992,8.615,0.03
google/gemma-3-1b-it,NVIDIA GeForce RTX 5060 Ti,42,MuSiQue,10,16,53,structural,61.9009,33.9383,51.3842,0,0,0,120,376,376,74121740288,74121740288,8.615,0.03
google/gemma-3-1b-it,NVIDIA GeForce RTX 5060 Ti,42,MuSiQue,10,16,54,structural,55.6615,0.0,0.0,0,1,1,118,374,374,73335308288,73335308288,8.615,0.03
google/gemma-3-1b-it,NVIDIA GeForce RTX 5060 Ti,42,MuSiQue,10,16,55,semantic,34.6498,0.0,0.0,0,1,1,102,358,358,67194847232,67194847232,8.615,0.03
google/gemma-3-1b-it,NVIDIA GeForce RTX 5060 Ti,42,MuSiQue,10,16,56,multi-hop,57.5337,0.0,0.0,0,1,1,36,292,292,44702892032,44702892032,8.615,0.03
google/gemma-3-1b-it,NVIDIA GeForce RTX 5060 Ti,42,MuSiQue,10,16,57,structural,31.8684,43.0057,0.0,0,0,1,62,318,318,53018099712,53018099712,8.615,0.03
google/gemma-3-1b-it,NVIDIA GeForce RTX 5060 Ti,42,MuSiQue,10,16,58,multi-hop,39.1573,0.0,0.0,0,1,1,69,325,325,55377920000,55377920000,8.615,0.03
google/gemma-3-1b-it,NVIDIA GeForce RTX 5060 Ti,42,MuSiQue,10,16,59,semantic,68.957,0.0,0.0,0,1,1,115,371,371,72163524608,72163524608,8.615,0.03
google/gemma-3-1b-it,NVIDIA GeForce RTX 5060 Ti,42,MuSiQue,10,16,60,semantic,59.7333,0.0,0.0,0,1,1,102,358,358,67194847232,67194847232,8.615,0.03
google/gemma-3-1b-it,NVIDIA GeForce RTX 5060 Ti,42,MuSiQue,10,16,61,structural,32.2604,33.0427,92.8903,0,0,0,99,355,355,66073395200,66073395200,8.615,0.03
google/gemma-3-1b-it,NVIDIA GeForce RTX 5060 Ti,42,MuSiQue,10,16,62,semantic,73.9685,0.0,23.6484,0,1,0,5,261,261,35715022848,35715022848,8.615,0.03
google/gemma-3-1b-it,NVIDIA GeForce RTX 5060 Ti,42,MuSiQue,10,16,63,multi-hop,30.5957,48.393,0.0,0,0,1,94,350,350,64225280000,64225280000,8.615,0.03
google/gemma-3-1b-it,NVIDIA GeForce RTX 5060 Ti,42,MuSiQue,10,16,64,multi-hop,59.2608,0.0,0.0,0,1,1,118,374,374,73335308288,73335308288,8.615,0.03
google/gemma-3-1b-it,NVIDIA GeForce RTX 5060 Ti,42,MuSiQue,10,16,65,multi-hop,67.6788,65.5486,59.4744,0,0,0,120,376,376,74121740288,74121740288,8.615,0.03
google/gemma-3-1b-it,NVIDIA GeForce RTX 5060 Ti,42,MuSiQue,10,16,66,multi-hop,58.0799,34.8543,46.4973,0,0,0,45,301,301,47501017088,47501017088,8.615,0.03
google/gemma-3-1b-it,NVIDIA GeForce RTX 5060 Ti,42,MuSiQue,10,16,67,semantic,46.0693,0.0,0.0,0,1,1,105,361,361,68325736448,68325736448,8.615,0.03
google/gemma-3-1b-it,NVIDIA GeForce RTX 5060 Ti,42,MuSiQue,10,16,68,structural,55.1704,52.7817,50.3938,0,0,0,57,313,313,51363971072,51363971072,8.615,0.03
google/gemma-3-1b-it,NVIDIA GeForce RTX 5060 Ti,42,MuSiQue,10,16,69,multi-hop,41.2678,0.0,0.0,0,1,1,62,318,318,53018099712,53018099712,8.615,0.03
google/gemma-3-1b-it,NVIDIA GeForce RTX 5060 Ti,42,MuSiQue,10,16,70,structural,71.8468,0.0,0.0,0,1,1,103,359,359,67570761728,67570761728,8.615,0.03
google/gemma-3-1b-it,NVIDIA GeForce RTX 5060 Ti,42,MuSiQue,10,16,71,multi-hop,40.0183,74.8295,0.0,0,0,1,98,354,354,65701675008,65701675008,8.615,0.03
google/gemma-3-1b-it,NVIDIA GeForce RTX 5060 Ti,42,MuSiQue,10,16,72,semantic,47.0653,0.0,0.0,0,1,1,132,388,388,78928412672,78928412672,8.615,0.03
google/gemma-3-1b-it,NVIDIA GeForce RTX 5060 Ti,42,MuSiQue,10,16,73,multi-hop,61.1018,0.0,0.0,0,1,1,30,286,286,42884661248,42884661248,8.615,0.03
google/gemma-3-1b-it,NVIDIA GeForce RTX 5060 Ti,42,MuSiQue,10,16,74,multi-hop,41.7722,0.0,0.0,0,1,1,9,265,265,36818124800,36818124800,8.615,0.03
google/gemma-3-1b-it,NVIDIA GeForce RTX 5060 Ti,42,MuSiQue,10,16,75,structural,45.7742,0.0,0.0,0,1,1,101,357,357,66819981312,66819981312,8.615,0.03
google/gemma-3-1b-it,NVIDIA GeForce RTX 5060 Ti,42,MuSiQue,10,16,76,multi-hop,73.8334,0.0,0.0,0,1,1,57,313,313,51363971072,51363971072,8.615,0.03
google/gemma-3-1b-it,NVIDIA GeForce RTX 5060 Ti,42,MuSiQue,10,16,77,semantic,28.0339,0.0,0.0,0,1,1,100,356,356,66446163968,66446163968,8.615,0.03
google/gemma-3-1b-it,NVIDIA GeForce RTX 5060 Ti,42,MuSiQue,10,16,78,semantic,58.0222,0.0,0.0,0,1,1,92,348,348,63493373952,63493373952,8.615,0.03
google/gemma-3-1b-it,NVIDIA GeForce RTX 5060 Ti,42,MuSiQue,10,16,79,semantic,37.7036,0.0,0.0,0,1,1,101,357,357,66819981312,66819981312,8.615,0.03
google/gemma-3-1b-it,NVIDIA GeForce RTX 5060 Ti,42,MuSiQue,10,16,80,structural,36.6698,0.0,0.0,0,1,1,102,358,358,67194847232,67194847232,8.615,0.03
google/gemma-3-1b-it,NVIDIA GeForce RTX 5060 Ti,42,MuSiQue,10,16,81,multi-hop,40.6716,0.0,36.4222,0,1,0,69,325,325,55377920000,55377920000,8.615,0.03
google/gemma-3-1b-it,NVIDIA GeForce RTX 5060 Ti,42,MuSiQue,10,16,82,multi-hop,36.8726,44.0974,65.4622,0,0,0,102,358,358,67194847232,67194847232,8.615,0.03
google/gemma-3-1b-it,NVIDIA GeForce RTX 5060 Ti,42,MuSiQue,10,16,83,structural,49.1634,88.4102,0.0,0,0,1,101,357,357,66819981312,66819981312,8.615,0.03
google/gemma-3-1b-it,NVIDIA GeForce RTX 5060 Ti,42,MuSiQue,10,16,84,semantic,97.8208,0.0,0.0,0,1,1,65,321,321,54023159808,54023159808,8.615,0.03
google/gemma-3-1b-it,NVIDIA GeForce RTX 5060 Ti,42,MuSiQue,10,16,85,semantic,60.226,0.0,0.0,0,1,1,97,353,353,65331003392,65331003392,8.615,0.03
google/gemma-3-1b-it,NVIDIA GeForce RTX 5060 Ti,42,MuSiQue,10,16,86,multi-hop,34.1704,0.0,58.9732,0,1,0,148,404,404,85572190208,85572190208,8.615,0.03
google/gemma-3-1b-it,NVIDIA GeForce RTX 5060 Ti,42,MuSiQue,10,16,87,multi-hop,29.2305,0.0,0.0,0,1,1,119,375,375,73728000000,73728000000,8.615,0.03
google/gemma-3-1b-it,NVIDIA GeForce RTX 5060 Ti,42,MuSiQue,10,16,88,multi-hop,39.6156,29.7328,0.0,0,0,1,89,345,345,62403379200,62403379200,8.615,0.03
google/gemma-3-1b-it,NVIDIA GeForce RTX 5060 Ti,42,MuSiQue,10,16,89,multi-hop,73.0214,0.0,53.8178,0,1,0,89,345,345,62403379200,62403379200,8.615,0.03
google/gemma-3-1b-it,NVIDIA GeForce RTX 5060 Ti,42,MuSiQue,10,16,90,semantic,89.5368,0.0,36.2142,0,1,0,115,371,371,72163524608,72163524608,8.615,0.03
google/gemma-3-1b-it,NVIDIA GeForce RTX 5060 Ti,42,MuSiQue,10,16,91,multi-hop,0.0,0.0,0.0,1,1,1,124,380,380,75707187200,75707187200,8.615,0.03
google/gemma-3-1b-it,NVIDIA GeForce RTX 5060 Ti,42,MuSiQue,10,16,92,semantic,38.4,0.0,47.5425,0,1,0,10,266,266,37096521728,37096521728,8.615,0.03
google/gemma-3-1b-it,NVIDIA GeForce RTX 5060 Ti,42,MuSiQue,10,16,93,semantic,0.0,0.0,0.0,1,1,1,97,353,353,65331003392,65331003392,8.615,0.03
google/gemma-3-1b-it,NVIDIA GeForce RTX 5060 Ti,42,MuSiQue,10,16,94,semantic,83.2655,0.0,0.0,0,1,1,119,375,375,73728000000,73728000000,8.615,0.03
google/gemma-3-1b-it,NVIDIA GeForce RTX 5060 Ti,42,MuSiQue,10,16,95,semantic,29.8686,0.0,0.0,0,1,1,114,370,370,71775027200,71775027200,8.615,0.03
google/gemma-3-1b-it,NVIDIA GeForce RTX 5060 Ti,42,MuSiQue,10,16,96,multi-hop,0.0,58.3187,66.5823,1,0,0,106,362,362,68704796672,68704796672,8.615,0.03
google/gemma-3-1b-it,NVIDIA GeForce RTX 5060 Ti,42,MuSiQue,10,16,97,structural,0.0,49.1881,0.0,1,0,1,124,380,380,75707187200,75707187200,8.615,0.03
google/gemma-3-1b-it,NVIDIA GeForce RTX 5060 Ti,42,MuSiQue,10,16,98,multi-hop,55.6001,0.0,0.0,0,1,1,106,362,362,68704796672,68704796672,8.615,0.03
google/gemma-3-1b-it,NVIDIA GeForce RTX 5060 Ti,42,MuSiQue,10,16,99,semantic,0.0,0.0,0.0,1,1,1,119,375,375,73728000000,73728000000,8.615,0.03
google/gemma-3-1b-it,NVIDIA GeForce RTX 5060 Ti,42,MuSiQue,10,16,100,semantic,90.9885,0.0,0.0,0,1,1,75,331,331,57441517568,57441517568,8.615,0.03
google/gemma-3-1b-it,NVIDIA GeForce RTX 5060 Ti,42,MuSiQue,10,16,101,multi-hop,58.9017,0.0,0.0,0,1,1,119,375,375,73728000000,73728000000,8.615,0.03
google/gemma-3-1b-it,NVIDIA GeForce RTX 5060 Ti,42,MuSiQue,10,16,102,multi-hop,53.2976,0.0,0.0,0,1,1,53,309,309,50059542528,50059542528,8.615,0.03
google/gemma-3-1b-it,NVIDIA GeForce RTX 5060 Ti,42,MuSiQue,10,16,103,semantic,100.3325,0.0,0.0,0,1,1,86,342,342,61322821632,61322821632,8.615,0.03
google/gemma-3-1b-it,NVIDIA GeForce RTX 5060 Ti,42,MuSiQue,10,16,104,multi-hop,88.6594,0.0,0.0,0,1,1,36,292,292,44702892032,44702892032,8.615,0.03
google/gemma-3-1b-it,NVIDIA GeForce RTX 5060 Ti,42,MuSiQue,10,16,105,semantic,53.8547,0.0,0.0,0,1,1,99,355,355,66073395200,66073395200,8.615,0.03
google/gemma-3-1b-it,NVIDIA GeForce RTX 5060 Ti,42,MuSiQue,10,16,106,semantic,76.6119,0.0,0.0,0,1,1,54,310,310,50384076800,50384076800,8.615,0.03
google/gemma-3-1b-it,NVIDIA GeForce RTX 5060 Ti,42,MuSiQue,10,16,107,structural,50.3979,0.0,0.0,0,1,1,118,374,374,73335308288,73335308288,8.615,0.03
google/gemma-3-1b-it,NVIDIA GeForce RTX 5060 Ti,42,MuSiQue,10,16,108,structural,79.7217,49.432,0.0,0,0,1,83,339,339,60251701248,60251701248,8.615,0.03
google/gemma-3-1b-it,NVIDIA GeForce RTX 5060 Ti,42,MuSiQue,10,16,109,multi-hop,35.318,74.4542,82.0285,0,0,0,2,94,258,4632608768,34898706432,8.615,0.03
google/gemma-3-1b-it,NVIDIA GeForce RTX 5060 Ti,42,MuSiQue,10,16,110,multi-hop,54.736,0.0,0.0,0,1,1,4,260,260,35441868800,35441868800,8.615,0.03
google/gemma-3-1b-it,NVIDIA GeForce RTX 5060 Ti,42,MuSiQue,10,16,111,multi-hop,38.355,48.814,36.8926,0,0,0,116,372,372,72553070592,72553070592,8.615,0.03
google/gemma-3-1b-it,NVIDIA GeForce RTX 5060 Ti,42,MuSiQue,10,16,112,semantic,61.911,0.0,0.0,0,1,1,103,359,359,67570761728,67570761728,8.615,0.03
google/gemma-3-1b-it,NVIDIA GeForce RTX 5060 Ti,42,MuSiQue,10,16,113,multi-hop,69.856,0.0,0.0,0,1,1,87,343,343,61681958912,61681958912,8.615,0.03
google/gemma-3-1b-it,NVIDIA GeForce RTX 5060 Ti,42,MuSiQue,10,16,114,multi-hop,66.1081,0.0,0.0,0,1,1,88,344,344,62042144768,62042144768,8.615,0.03
google/gemma-3-1b-it,NVIDIA GeForce RTX 5060 Ti,42,MuSiQue,10,16,115,multi-hop,72.9208,70.0671,74.8338,0,0,0,106,362,362,68704796672,68704796672,8.615,0.03
google/gemma-3-1b-it,NVIDIA GeForce RTX 5060 Ti,42,MuSiQue,10,16,116,semantic,61.2732,0.0,0.0,0,1,1,105,361,361,68325736448,68325736448,8.615,0.03
google/gemma-3-1b-it,NVIDIA GeForce RTX 5060 Ti,42,MuSiQue,10,16,117,multi-hop,63.122,69.0512,45.9335,0,0,0,98,354,354,65701675008,65701675008,8.615,0.03
google/gemma-3-1b-it,NVIDIA GeForce RTX 5060 Ti,42,MuSiQue,10,16,118,multi-hop,64.6258,0.0,0.0,0,1,1,102,358,358,67194847232,67194847232,8.615,0.03
google/gemma-3-1b-it,NVIDIA GeForce RTX 5060 Ti,42,MuSiQue,10,16,119,multi-hop,55.2085,95.6873,0.0,0,0,1,97,353,353,65331003392,65331003392,8.615,0.03
google/gemma-3-1b-it,NVIDIA GeForce RTX 5060 Ti,42,MuSiQue,10,16,120,structural,64.9526,37.4901,35.5169,0,0,0,7,263,263,36264476672,36264476672,8.615,0.03
google/gemma-3-1b-it,NVIDIA GeForce RTX 5060 Ti,42,MuSiQue,10,16,121,multi-hop,62.2564,0.0,72.1183,0,1,0,105,361,361,68325736448,68325736448,8.615,0.03
google/gemma-3-1b-it,NVIDIA GeForce RTX 5060 Ti,42,MuSiQue,10,16,122,semantic,86.562,0.0,0.0,0,1,1,5,261,261,35715022848,35715022848,8.615,0.03
google/gemma-3-1b-it,NVIDIA GeForce RTX 5060 Ti,42,MuSiQue,10,16,123,semantic,41.8498,0.0,0.0,0,1,1,121,377,377,74516529152,74516529152,8.615,0.03
google/gemma-3-1b-it,NVIDIA GeForce RTX 5060 Ti,42,MuSiQue,10,16,124,multi-hop,31.3143,55.571,0.0,0,0,1,7,263,263,36264476672,36264476672,8.615,0.03
google/gemma-3-1b-it,NVIDIA GeForce RTX 5060 Ti,42,MuSiQue,10,16,125,semantic,72.2156,0.0,35.594,0,1,0,104,360,360,67947724800,67947724800,8.615,0.03
google/gemma-3-1b-it,NVIDIA GeForce RTX 5060 Ti,42,MuSiQue,10,16,126,semantic,42.1515,0.0,0.0,0,1,1,39,295,295,45626163200,45626163200,8.615,0.03
google/gemma-3-1b-it,NVIDIA GeForce RTX 5060 Ti,42,MuSiQue,10,16,127,multi-hop,82.5681,55.7605,0.0,0,0,1,35,291,291,44397232128,44397232128,8.615,0.03
google/gemma-3-1b-it,NVIDIA GeForce RTX 5060 Ti,42,MuSiQue,10,16,128,multi-hop,64.0859,63.375,0.0,0,0,1,9,265,265,36818124800,36818124800,8.615,0.03
google/gemma-3-1b-it,NVIDIA GeForce RTX 5060 Ti,42,MuSiQue,10,16,129,structural,66.449,0.0,0.0,0,1,1,75,331,331,57441517568,57441517568,8.615,0.03
google/gemma-3-1b-it,NVIDIA GeForce RTX 5060 Ti,42,MuSiQue,10,16,130,semantic,34.5478,0.0,0.0,0,1,1,107,363,363,69084905472,69084905472,8.615,0.03
google/gemma-3-1b-it,NVIDIA GeForce RTX 5060 Ti,42,MuSiQue,10,16,131,semantic,64.1706,0.0,0.0,0,1,1,107,363,363,69084905472,69084905472,8.615,0.03
google/gemma-3-1b-it,NVIDIA GeForce RTX 5060 Ti,42,MuSiQue,10,16,132,semantic,34.9421,68.0925,0.0,0,0,1,81,337,337,59542863872,59542863872,8.615,0.03
google/gemma-3-1b-it,NVIDIA GeForce RTX 5060 Ti,42,MuSiQue,10,16,133,multi-hop,29.3799,0.0,0.0,0,1,1,114,370,370,71775027200,71775027200,8.615,0.03
google/gemma-3-1b-it,NVIDIA GeForce RTX 5060 Ti,42,MuSiQue,10,16,134,structural,49.3421,61.216,0.0,0,0,1,77,333,333,58137772032,58137772032,8.615,0.03
google/gemma-3-1b-it,NVIDIA GeForce RTX 5060 Ti,42,MuSiQue,10,16,135,multi-hop,36.3884,0.0,0.0,0,1,1,123,379,379,75309252608,75309252608,8.615,0.03
google/gemma-3-1b-it,NVIDIA GeForce RTX 5060 Ti,42,MuSiQue,10,16,136,semantic,84.5931,0.0,0.0,0,1,1,120,376,376,74121740288,74121740288,8.615,0.03
google/gemma-3-1b-it,NVIDIA GeForce RTX 5060 Ti,42,MuSiQue,10,16,137,semantic,50.869,0.0,0.0,0,1,1,114,370,370,71775027200,71775027200,8.615,0.03
google/gemma-3-1b-it,NVIDIA GeForce RTX 5060 Ti,42,MuSiQue,10,16,138,semantic,72.0008,0.0,0.0,0,1,1,142,398,398,83049316352,83049316352,8.615,0.03
google/gemma-3-1b-it,NVIDIA GeForce RTX 5060 Ti,42,MuSiQue,10,16,139,multi-hop,75.1955,29.2948,90.0617,0,0,0,77,333,333,58137772032,58137772032,8.615,0.03
google/gemma-3-1b-it,NVIDIA GeForce RTX 5060 Ti,42,MuSiQue,10,16,140,structural,78.6639,0.0,0.0,0,1,1,125,381,381,76106170368,76106170368,8.615,0.03
google/gemma-3-1b-it,NVIDIA GeForce RTX 5060 Ti,42,MuSiQue,10,16,141,semantic,39.4984,0.0,58.3159,0,1,0,88,344,344,62042144768,62042144768,8.615,0.03
google/gemma-3-1b-it,NVIDIA GeForce RTX 5060 Ti,42,MuSiQue,10,16,142,multi-hop,40.1778,84.4534,0.0,0,0,1,53,309,309,50059542528,50059542528,8.615,0.03
google/gemma-3-1b-it,NVIDIA GeForce RTX 5060 Ti,42,MuSiQue,10,16,143,semantic,64.8381,0.0,0.0,0,1,1,115,371,371,72163524608,72163524608,8.615,0.03
google/gemma-3-1b-it,NVIDIA GeForce RTX 5060 Ti,42,MuSiQue,10,16,144,multi-hop,0.0,0.0,41.9773,1,1,0,88,344,344,62042144768,62042144768,8.615,0.03
google/gemma-3-1b-it,NVIDIA GeForce RTX 5060 Ti,42,MuSiQue,10,16,145,multi-hop,93.4243,0.0,0.0,0,1,1,102,358,358,67194847232,67194847232,8.615,0.03
google/gemma-3-1b-it,NVIDIA GeForce RTX 5060 Ti,42,MuSiQue,10,16,146,multi-hop,58.5916,0.0,51.8172,0,1,0,20,276,276,39938162688,39938162688,8.615,0.03
google/gemma-3-1b-it,NVIDIA GeForce RTX 5060 Ti,42,MuSiQue,10,16,147,multi-hop,45.6044,0.0,0.0,0,1,1,54,310,310,50384076800,50384076800,8.615,0.03
google/gemma-3-1b-it,NVIDIA GeForce RTX 5060 Ti,42,MuSiQue,10,16,148,multi-hop,32.918,57.3876,44.9568,0,0,0,118,374,374,73335308288,73335308288,8.615,0.03
google/gemma-3-1b-it,NVIDIA GeForce RTX 5060 Ti,42,MuSiQue,10,16,149,multi-hop,43.8608,71.9739,55.0067,0,0,0,57,313,313,51363971072,51363971072,8.615,0.03
google/gemma-3-1b-it,NVIDIA GeForce RTX 5060 Ti,42,MuSiQue,10,16,150,semantic,55.4599,0.0,0.0,0,1,1,110,366,366,70231523328,70231523328,8.615,0.03
google/gemma-3-1b-it,NVIDIA GeForce RTX 5060 Ti,42,MuSiQue,10,16,151,structural,69.644,0.0,0.0,0,1,1,119,375,375,73728000000,73728000000,8.615,0.03
google/gemma-3-1b-it,NVIDIA GeForce RTX 5060 Ti,42,MuSiQue,10,16,152,structural,59.9053,0.0,0.0,0,1,1,109,365,365,69848268800,69848268800,8.615,0.03
google/gemma-3-1b-it,NVIDIA GeForce RTX 5060 Ti,42,MuSiQue,10,16,153,structural,53.692,72.784,0.0,0,0,1,103,359,359,67570761728,67570761728,8.615,0.03
google/gemma-3-1b-it,NVIDIA GeForce RTX 5060 Ti,42,MuSiQue,10,16,154,multi-hop,0.0,0.0,0.0,1,1,1,119,375,375,73728000000,73728000000,8.615,0.03
google/gemma-3-1b-it,NVIDIA GeForce RTX 5060 Ti,42,MuSiQue,10,16,155,multi-hop,0.0,83.3332,0.0,1,0,1,68,324,324,55037657088,55037657088,8.615,0.03
google/gemma-3-1b-it,NVIDIA GeForce RTX 5060 Ti,42,MuSiQue,10,16,156,structural,57.5561,0.0,0.0,0,1,1,104,360,360,67947724800,67947724800,8.615,0.03
google/gemma-3-1b-it,NVIDIA GeForce RTX 5060 Ti,42,MuSiQue,10,16,157,multi-hop,0.0,0.0,0.0,1,1,1,115,371,371,72163524608,72163524608,8.615,0.03
google/gemma-3-1b-it,NVIDIA GeForce RTX 5060 Ti,42,MuSiQue,10,16,158,multi-hop,36.7494,0.0,0.0,0,1,1,5,261,261,35715022848,35715022848,8.615,0.03
google/gemma-3-1b-it,NVIDIA GeForce RTX 5060 Ti,42,MuSiQue,10,16,159,structural,67.9579,71.9533,0.0,0,0,1,86,342,342,61322821632,61322821632,8.615,0.03
google/gemma-3-1b-it,NVIDIA GeForce RTX 5060 Ti,42,MuSiQue,10,16,160,semantic,82.9663,0.0,0.0,0,1,1,3,237,259,29448732672,35169763328,8.615,0.03
google/gemma-3-1b-it,NVIDIA GeForce RTX 5060 Ti,42,MuSiQue,10,16,161,multi-hop,72.0557,0.0,0.0,0,1,1,96,352,352,64961380352,64961380352,8.615,0.03
google/gemma-3-1b-it,NVIDIA GeForce RTX 5060 Ti,42,MuSiQue,10,16,162,multi-hop,89.3242,73.235,75.3958,0,0,0,39,295,295,45626163200,45626163200,8.615,0.03
google/gemma-3-1b-it,NVIDIA GeForce RTX 5060 Ti,42,MuSiQue,10,16,163,multi-hop,62.9258,0.0,0.0,0,1,1,53,309,309,50059542528,50059542528,8.615,0.03
google/gemma-3-1b-it,NVIDIA GeForce RTX 5060 Ti,42,MuSiQue,10,16,164,semantic,90.1611,0.0,0.0,0,1,1,53,309,309,50059542528,50059542528,8.615,0.03
google/gemma-3-1b-it,NVIDIA GeForce RTX 5060 Ti,42,MuSiQue,10,16,165,multi-hop,40.9049,0.0,0.0,0,1,1,97,353,353,65331003392,65331003392,8.615,0.03
google/gemma-3-1b-it,NVIDIA GeForce RTX 5060 Ti,42,MuSiQue,10,16,166,multi-hop,67.7447,0.0,0.0,0,1,1,103,359,359,67570761728,67570761728,8.615,0.03
google/gemma-3-1b-it,NVIDIA GeForce RTX 5060 Ti,42,MuSiQue,10,16,167,multi-hop,61.7202,72.879,0.0,0,0,1,35,291,291,44397232128,44397232128,8.615,0.03
google/gemma-3-1b-it,NVIDIA GeForce RTX 5060 Ti,42,MuSiQue,10,16,168,semantic,34.7947,0.0,0.0,0,1,1,111,367,367,70615826432,70615826432,8.615,0.03
google/gemma-3-1b-it,NVIDIA GeForce RTX 5060 Ti,42,MuSiQue,10,16,169,multi-hop,0.0,79.8477,65.5276,1,0,0,114,370,370,71775027200,71775027200,8.615,0.03
google/gemma-3-1b-it,NVIDIA GeForce RTX 5060 Ti,42,MuSiQue,10,16,170,multi-hop,68.388,64.1516,0.0,0,0,1,79,335,335,58838220800,58838220800,8.615,0.03
google/gemma-3-1b-it,NVIDIA GeForce RTX 5060 Ti,42,MuSiQue,10,16,171,multi-hop,80.7465,0.0,0.0,0,1,1,43,299,299,46871871488,46871871488,8.615,0.03
google/gemma-3-1b-it,NVIDIA GeForce RTX 5060 Ti,42,MuSiQue,10,16,172,structural,67.1567,62.514,78.4543,0,0,0,39,295,295,45626163200,45626163200,8.615,0.03
google/gemma-3-1b-it,NVIDIA GeForce RTX 5060 Ti,42,MuSiQue,10,16,173,multi-hop,36.0595,72.6227,56.3736,0,0,0,77,333,333,58137772032,58137772032,8.615,0.03
google/gemma-3-1b-it,NVIDIA GeForce RTX 5060 Ti,42,MuSiQue,10,16,174,semantic,84.7253,0.0,60.1807,0,1,0,124,380,380,75707187200,75707187200,8.615,0.03
google/gemma-3-1b-it,NVIDIA GeForce RTX 5060 Ti,42,MuSiQue,10,16,175,multi-hop,37.8912,0.0,0.0,0,1,1,111,367,367,70615826432,70615826432,8.615,0.03
google/gemma-3-1b-it,NVIDIA GeForce RTX 5060 Ti,42,MuSiQue,10,16,176,multi-hop,66.9273,0.0,0.0,0,1,1,90,346,346,62765662208,62765662208,8.615,0.03
google/gemma-3-1b-it,NVIDIA GeForce RTX 5060 Ti,42,MuSiQue,10,16,177,multi-hop,66.7097,0.0,35.7725,0,1,0,27,283,283,41989701632,41989701632,8.615,0.03
google/gemma-3-1b-it,NVIDIA GeForce RTX 5060 Ti,42,MuSiQue,10,16,178,structural,54.7678,0.0,0.0,0,1,1,143,399,399,83467173888,83467173888,8.615,0.03
google/gemma-3-1b-it,NVIDIA GeForce RTX 5060 Ti,42,MuSiQue,10,16,179,structural,99.0013,0.0,0.0,0,1,1,30,286,286,42884661248,42884661248,8.615,0.03
google/gemma-3-1b-it,NVIDIA GeForce RTX 5060 Ti,42,MuSiQue,10,16,180,semantic,38.0712,0.0,0.0,0,1,1,19,275,275,39649280000,39649280000,8.615,0.03
google/gemma-3-1b-it,NVIDIA GeForce RTX 5060 Ti,42,MuSiQue,10,16,181,structural,87.1758,0.0,0.0,0,1,1,90,346,346,62765662208,62765662208,8.615,0.03
google/gemma-3-1b-it,NVIDIA GeForce RTX 5060 Ti,42,MuSiQue,10,16,182,multi-hop,0.0,0.0,0.0,1,1,1,54,310,310,50384076800,50384076800,8.615,0.03
google/gemma-3-1b-it,NVIDIA GeForce RTX 5060 Ti,42,MuSiQue,10,16,183,multi-hop,60.6996,0.0,0.0,0,1,1,110,366,366,70231523328,70231523328,8.615,0.03
google/gemma-3-1b-it,NVIDIA GeForce RTX 5060 Ti,42,MuSiQue,10,16,184,structural,37.4115,0.0,0.0,0,1,1,92,348,348,63493373952,63493373952,8.615,0.03
google/gemma-3-1b-it,NVIDIA GeForce RTX 5060 Ti,42,MuSiQue,10,16,185,multi-hop,72.2174,0.0,42.8672,0,1,0,100,356,356,66446163968,66446163968,8.615,0.03
google/gemma-3-1b-it,NVIDIA GeForce RTX 5060 Ti,42,MuSiQue,10,16,186,semantic,44.1178,0.0,0.0,0,1,1,109,365,365,69848268800,69848268800,8.615,0.03
google/gemma-3-1b-it,NVIDIA GeForce RTX 5060 Ti,42,MuSiQue,10,16,187,multi-hop,56.5925,0.0,0.0,0,1,1,66,322,322,54360276992,54360276992,8.615,0.03
google/gemma-3-1b-it,NVIDIA GeForce RTX 5060 Ti,42,MuSiQue,10,16,188,multi-hop,73.4162,0.0,0.0,0,1,1,114,370,370,71775027200,71775027200,8.615,0.03
google/gemma-3-1b-it,NVIDIA GeForce RTX 5060 Ti,42,MuSiQue,10,16,189,structural,89.051,0.0,0.0,0,1,1,111,367,367,70615826432,70615826432,8.615,0.03
google/gemma-3-1b-it,NVIDIA GeForce RTX 5060 Ti,42,MuSiQue,10,16,190,structural,41.365,0.0,0.0,0,1,1,34,290,290,44092620800,44092620800,8.615,0.03
google/gemma-3-1b-it,NVIDIA GeForce RTX 5060 Ti,42,MuSiQue,10,16,191,structural,58.7742,67.783,0.0,0,0,1,39,295,295,45626163200,45626163200,8.615,0.03
google/gemma-3-1b-it,NVIDIA GeForce RTX 5060 Ti,42,MuSiQue,10,16,192,multi-hop,60.3526,0.0,0.0,0,1,1,116,372,372,72553070592,72553070592,8.615,0.03
google/gemma-3-1b-it,NVIDIA GeForce RTX 5060 Ti,42,MuSiQue,10,16,193,semantic,63.6201,0.0,51.9988,0,1,0,71,327,327,56061591552,56061591552,8.615,0.03
google/gemma-3-1b-it,NVIDIA GeForce RTX 5060 Ti,42,MuSiQue,10,16,194,multi-hop,35.1465,58.3278,0.0,0,0,1,128,384,384,77309411328,77309411328,8.615,0.03
google/gemma-3-1b-it,NVIDIA GeForce RTX 5060 Ti,42,MuSiQue,10,16,195,multi-hop,73.8331,64.6119,66.617,0,0,0,104,360,360,67947724800,67947724800,8.615,0.03
google/gemma-3-1b-it,NVIDIA GeForce RTX 5060 Ti,42,MuSiQue,10,16,196,multi-hop,52.5785,0.0,0.0,0,1,1,101,357,357,66819981312,66819981312,8.615,0.03
google/gemma-3-1b-it,NVIDIA GeForce RTX 5060 Ti,42,MuSiQue,10,16,197,semantic,85.3031,0.0,0.0,0,1,1,72,328,328,56405000192,56405000192,8.615,0.03
google/gemma-3-1b-it,NVIDIA GeForce RTX 5060 Ti,42,MuSiQue,10,16,198,semantic,0.0,51.1331,89.5683,1,0,0,91,347,347,63128993792,63128993792,8.615,0.03
google/gemma-3-1b-it,NVIDIA GeForce RTX 5060 Ti,42,MuSiQue,10,16,199,semantic,41.4955,0.0,55.6403,0,1,0,13,269,269,37938003968,37938003968,8.615,0.03
google/gemma-3-1b-it,NVIDIA GeForce RTX 5060 Ti,42,MuSiQue,10,16,200,multi-hop,39.446,0.0,0.0,0,1,1,121,377,377,74516529152,74516529152,8.615,0.03
google/gemma-3-1b-it,NVIDIA GeForce RTX 5060 Ti,42,MuSiQue,10,16,201,multi-hop,82.6327,0.0,0.0,0,1,1,102,358,358,67194847232,67194847232,8.615,0.03
google/gemma-3-1b-it,NVIDIA GeForce RTX 5060 Ti,42,MuSiQue,10,16,202,semantic,37.89,0.0,0.0,0,1,1,51,307,307,49413619712,49413619712,8.615,0.03
google/gemma-3-1b-it,NVIDIA GeForce RTX 5060 Ti,42,MuSiQue,10,16,203,semantic,70.8467,0.0,0.0,0,1,1,35,291,291,44397232128,44397232128,8.615,0.03
google/gemma-3-1b-it,NVIDIA GeForce RTX 5060 Ti,42,MuSiQue,10,16,204,multi-hop,45.6621,65.2349,0.0,0,0,1,112,368,368,71001178112,71001178112,8.615,0.03
google/gemma-3-1b-it,NVIDIA GeForce RTX 5060 Ti,42,MuSiQue,10,16,205,multi-hop,68.8305,49.2154,56.4709,0,0,0,102,358,358,67194847232,67194847232,8.615,0.03
google/gemma-3-1b-it,NVIDIA GeForce RTX 5060 Ti,42,MuSiQue,10,16,206,multi-hop,25.2609,0.0,0.0,0,1,1,99,355,355,66073395200,66073395200,8.615,0.03
google/gemma-3-1b-it,NVIDIA GeForce RTX 5060 Ti,42,MuSiQue,10,16,207,multi-hop,79.5136,0.0,67.8573,0,1,0,91,347,347,63128993792,63128993792,8.615,0.03
google/gemma-3-1b-it,NVIDIA GeForce RTX 5060 Ti,42,MuSiQue,10,16,208,semantic,39.5305,0.0,0.0,0,1,1,120,376,376,74121740288,74121740288,8.615,0.03
google/gemma-3-1b-it,NVIDIA GeForce RTX 5060 Ti,42,MuSiQue,10,16,209,semantic,67.0844,0.0,60.2912,0,1,0,61,317,317,52685176832,52685176832,8.615,0.03
google/gemma-3-1b-it,NVIDIA GeForce RTX 5060 Ti,42,MuSiQue,10,16,210,multi-hop,81.1953,0.0,0.0,0,1,1,110,366,366,70231523328,70231523328,8.615,0.03
google/gemma-3-1b-it,NVIDIA GeForce RTX 5060 Ti,42,MuSiQue,10,16,211,multi-hop,59.7097,76.1413,71.6228,0,0,0,48,304,304,48452599808,48452599808,8.615,0.03
google/gemma-3-1b-it,NVIDIA GeForce RTX 5060 Ti,42,MuSiQue,10,16,212,semantic,49.7455,0.0,66.7461,0,1,0,103,359,359,67570761728,67570761728,8.615,0.03
google/gemma-3-1b-it,NVIDIA GeForce RTX 5060 Ti,42,MuSiQue,10,16,213,structural,43.2036,54.887,0.0,0,0,1,96,352,352,64961380352,64961380352,8.615,0.03
google/gemma-3-1b-it,NVIDIA GeForce RTX 5060 Ti,42,MuSiQue,10,16,214,multi-hop,99.5303,0.0,0.0,0,1,1,46,302,302,47817162752,47817162752,8.615,0.03
google/gemma-3-1b-it,NVIDIA GeForce RTX 5060 Ti,42,MuSiQue,10,16,215,multi-hop,40.9105,100.3451,61.5642,0,0,0,2,94,258,4632608768,34898706432,8.615,0.03
google/gemma-3-1b-it,NVIDIA GeForce RTX 5060 Ti,42,MuSiQue,10,16,216,multi-hop,40.0418,0.0,27.17,0,1,0,77,333,333,58137772032,58137772032,8.615,0.03
google/gemma-3-1b-it,NVIDIA GeForce RTX 5060 Ti,42,MuSiQue,10,16,217,semantic,61.8465,0.0,0.0,0,1,1,94,350,350,64225280000,64225280000,8.615,0.03
google/gemma-3-1b-it,NVIDIA GeForce RTX 5060 Ti,42,MuSiQue,10,16,218,semantic,37.0652,0.0,0.0,0,1,1,92,348,348,63493373952,63493373952,8.615,0.03
google/gemma-3-1b-it,NVIDIA GeForce RTX 5060 Ti,42,MuSiQue,10,16,219,structural,88.3034,60.6551,0.0,0,0,1,121,377,377,74516529152,74516529152,8.615,0.03
google/gemma-3-1b-it,NVIDIA GeForce RTX 5060 Ti,42,MuSiQue,10,16,220,multi-hop,0.0,0.0,0.0,1,1,1,103,359,359,67570761728,67570761728,8.615,0.03
google/gemma-3-1b-it,NVIDIA GeForce RTX 5060 Ti,42,MuSiQue,10,16,221,semantic,79.1718,0.0,77.6081,0,1,0,57,313,313,51363971072,51363971072,8.615,0.03
google/gemma-3-1b-it,NVIDIA GeForce RTX 5060 Ti,42,MuSiQue,10,16,222,structural,61.6199,64.2236,64.5141,0,0,0,5,261,261,35715022848,35715022848,8.615,0.03
google/gemma-3-1b-it,NVIDIA GeForce RTX 5060 Ti,42,MuSiQue,10,16,223,multi-hop,39.1169,0.0,0.0,0,1,1,33,289,289,43789058048,43789058048,8.615,0.03
google/gemma-3-1b-it,NVIDIA GeForce RTX 5060 Ti,42,MuSiQue,10,16,224,multi-hop,97.2925,0.0,0.0,0,1,1,103,359,359,67570761728,67570761728,8.615,0.03
google/gemma-3-1b-it,NVIDIA GeForce RTX 5060 Ti,42,MuSiQue,10,16,225,structural,35.1479,46.8019,56.5924,0,0,0,115,371,371,72163524608,72163524608,8.615,0.03
google/gemma-3-1b-it,NVIDIA GeForce RTX 5060 Ti,42,MuSiQue,10,16,226,semantic,0.0,0.0,0.0,1,1,1,92,348,348,63493373952,63493373952,8.615,0.03
google/gemma-3-1b-it,NVIDIA GeForce RTX 5060 Ti,42,MuSiQue,10,16,227,semantic,52.6958,0.0,0.0,0,1,1,39,295,295,45626163200,45626163200,8.615,0.03
google/gemma-3-1b-it,NVIDIA GeForce RTX 5060 Ti,42,MuSiQue,10,16,228,structural,29.6514,0.0,0.0,0,1,1,137,393,393,80975757312,80975757312,8.615,0.03
google/gemma-3-1b-it,NVIDIA GeForce RTX 5060 Ti,42,MuSiQue,10,16,229,multi-hop,60.3003,0.0,0.0,0,1,1,92,348,348,63493373952,63493373952,8.615,0.03
google/gemma-3-1b-it,NVIDIA GeForce RTX 5060 Ti,42,MuSiQue,10,16,230,structural,37.8069,71.6579,50.0938,0,0,0,105,361,361,68325736448,68325736448,8.615,0.03
google/gemma-3-1b-it,NVIDIA GeForce RTX 5060 Ti,42,MuSiQue,10,16,231,semantic,35.9544,0.0,0.0,0,1,1,103,359,359,67570761728,67570761728,8.615,0.03
google/gemma-3-1b-it,NVIDIA GeForce RTX 5060 Ti,42,MuSiQue,10,16,232,structural,73.8056,71.8984,0.0,0,0,1,137,393,393,80975757312,80975757312,8.615,0.03
google/gemma-3-1b-it,NVIDIA GeForce RTX 5060 Ti,42,MuSiQue,10,16,233,structural,33.9081,98.1439,60.8135,0,0,0,39,295,295,45626163200,45626163200,8.615,0.03
google/gemma-3-1b-it,NVIDIA GeForce RTX 5060 Ti,42,MuSiQue,10,16,234,semantic,60.1188,0.0,0.0,0,1,1,87,343,343,61681958912,61681958912,8.615,0.03
google/gemma-3-1b-it,NVIDIA GeForce RTX 5060 Ti,42,MuSiQue,10,16,235,multi-hop,0.0,0.0,0.0,1,1,1,39,295,295,45626163200,45626163200,8.615,0.03
google/gemma-3-1b-it,NVIDIA GeForce RTX 5060 Ti,42,MuSiQue,10,16,236,multi-hop,68.1267,0.0,0.0,0,1,1,114,370,370,71775027200,71775027200,8.615,0.03
google/gemma-3-1b-it,NVIDIA GeForce RTX 5060 Ti,42,MuSiQue,10,16,237,structural,58.187,69.9057,0.0,0,0,1,111,367,367,70615826432,70615826432,8.615,0.03
google/gemma-3-1b-it,NVIDIA GeForce RTX 5060 Ti,42,MuSiQue,10,16,238,multi-hop,96.8408,0.0,0.0,0,1,1,108,364,364,69466062848,69466062848,8.615,0.03
google/gemma-3-1b-it,NVIDIA GeForce RTX 5060 Ti,42,MuSiQue,10,16,239,structural,96.6863,105.3491,93.2538,0,0,0,96,352,352,64961380352,64961380352,8.615,0.03
google/gemma-3-1b-it,NVIDIA GeForce RTX 5060 Ti,42,MuSiQue,10,16,240,multi-hop,83.4307,0.0,0.0,0,1,1,102,358,358,67194847232,67194847232,8.615,0.03
google/gemma-3-1b-it,NVIDIA GeForce RTX 5060 Ti,42,MuSiQue,10,16,241,multi-hop,87.9997,0.0,0.0,0,1,1,100,356,356,66446163968,66446163968,8.615,0.03
google/gemma-3-1b-it,NVIDIA GeForce RTX 5060 Ti,42,MuSiQue,10,16,242,multi-hop,60.1073,27.664,0.0,0,0,1,105,361,361,68325736448,68325736448,8.615,0.03
google/gemma-3-1b-it,NVIDIA GeForce RTX 5060 Ti,42,MuSiQue,10,16,243,multi-hop,61.7942,0.0,0.0,0,1,1,108,364,364,69466062848,69466062848,8.615,0.03
google/gemma-3-1b-it,NVIDIA GeForce RTX 5060 Ti,42,MuSiQue,10,16,244,semantic,31.868,0.0,0.0,0,1,1,77,333,333,58137772032,58137772032,8.615,0.03
google/gemma-3-1b-it,NVIDIA GeForce RTX 5060 Ti,42,MuSiQue,10,16,245,multi-hop,65.0941,82.1851,90.229,0,0,0,102,358,358,67194847232,67194847232,8.615,0.03
google/gemma-3-1b-it,NVIDIA GeForce RTX 5060 Ti,42,MuSiQue,10,16,246,structural,62.1986,0.0,0.0,0,1,1,113,369,369,71387578368,71387578368,8.615,0.03
google/gemma-3-1b-it,NVIDIA GeForce RTX 5060 Ti,42,MuSiQue,10,16,247,structural,32.8296,0.0,0.0,0,1,1,37,293,293,45009600512,45009600512,8.615,0.03
google/gemma-3-1b-it,NVIDIA GeForce RTX 5060 Ti,42,MuSiQue,10,16,248,semantic,72.8125,0.0,0.0,0,1,1,16,272,272,38788923392,38788923392,8.615,0.03
google/gemma-3-1b-it,NVIDIA GeForce RTX 5060 Ti,42,MuSiQue,10,16,249,multi-hop,60.5218,0.0,0.0,0,1,1,110,366,366,70231523328,70231523328,8.615,0.03
google/gemma-3-1b-it,NVIDIA GeForce RTX 5060 Ti,42,MuSiQue,10,16,250,semantic,67.4272,0.0,0.0,0,1,1,99,355,355,66073395200,66073395200,8.615,0.03
google/gemma-3-1b-it,NVIDIA GeForce RTX 5060 Ti,42,MuSiQue,10,16,251,multi-hop,62.8022,0.0,0.0,0,1,1,112,368,368,71001178112,71001178112,8.615,0.03
google/gemma-3-1b-it,NVIDIA GeForce RTX 5060 Ti,42,MuSiQue,10,16,252,multi-hop,68.3799,0.0,0.0,0,1,1,2,94,258,4632608768,34898706432,8.615,0.03
google/gemma-3-1b-it,NVIDIA GeForce RTX 5060 Ti,42,MuSiQue,10,16,253,multi-hop,96.8076,0.0,0.0,0,1,1,30,286,286,42884661248,42884661248,8.615,0.03
google/gemma-3-1b-it,NVIDIA GeForce RTX 5060 Ti,42,MuSiQue,10,16,254,multi-hop,49.0876,63.8718,55.934,0,0,0,20,276,276,39938162688,39938162688,8.615,0.03
google/gemma-3-1b-it,NVIDIA GeForce RTX 5060 Ti,42,MuSiQue,10,16,255,multi-hop,83.0986,51.8578,73.6049,0,0,0,84,340,340,60607692800,60607692800,8.615,0.03
google/gemma-3-1b-it,NVIDIA GeForce RTX 5060 Ti,42,MuSiQue,10,16,256,multi-hop,65.1567,0.0,0.0,0,1,1,101,357,357,66819981312,66819981312,8.615,0.03
google/gemma-3-1b-it,NVIDIA GeForce RTX 5060 Ti,42,MuSiQue,10,16,257,semantic,99.5063,0.0,0.0,0,1,1,9,265,265,36818124800,36818124800,8.615,0.03
google/gemma-3-1b-it,NVIDIA GeForce RTX 5060 Ti,42,MuSiQue,10,16,258,multi-hop,97.7705,0.0,0.0,0,1,1,33,289,289,43789058048,43789058048,8.615,0.03
google/gemma-3-1b-it,NVIDIA GeForce RTX 5060 Ti,42,MuSiQue,10,16,259,multi-hop,62.1076,0.0,0.0,0,1,1,132,388,388,78928412672,78928412672,8.615,0.03
google/gemma-3-1b-it,NVIDIA GeForce RTX 5060 Ti,42,MuSiQue,10,16,260,structural,52.7859,0.0,0.0,0,1,1,100,356,356,66446163968,66446163968,8.615,0.03
google/gemma-3-1b-it,NVIDIA GeForce RTX 5060 Ti,42,MuSiQue,10,16,261,semantic,45.6983,0.0,64.0903,0,1,0,141,397,397,82632507392,82632507392,8.615,0.03
google/gemma-3-1b-it,NVIDIA GeForce RTX 5060 Ti,42,MuSiQue,10,16,262,multi-hop,93.4471,96.2783,75.967,0,0,0,121,377,377,74516529152,74516529152,8.615,0.03
google/gemma-3-1b-it,NVIDIA GeForce RTX 5060 Ti,42,MuSiQue,10,16,263,semantic,92.2598,0.0,0.0,0,1,1,46,302,302,47817162752,47817162752,8.615,0.03
google/gemma-3-1b-it,NVIDIA GeForce RTX 5060 Ti,42,MuSiQue,10,16,264,semantic,104.2403,0.0,0.0,0,1,1,19,275,275,39649280000,39649280000,8.615,0.03
google/gemma-3-1b-it,NVIDIA GeForce RTX 5060 Ti,42,MuSiQue,10,16,265,semantic,93.4335,0.0,0.0,0,1,1,92,348,348,63493373952,63493373952,8.615,0.03
google/gemma-3-1b-it,NVIDIA GeForce RTX 5060 Ti,42,MuSiQue,10,16,266,semantic,66.4493,0.0,0.0,0,1,1,104,360,360,67947724800,67947724800,8.615,0.03
google/gemma-3-1b-it,NVIDIA GeForce RTX 5060 Ti,42,MuSiQue,10,16,267,structural,103.5206,0.0,0.0,0,1,1,60,316,316,52353302528,52353302528,8.615,0.03
google/gemma-3-1b-it,NVIDIA GeForce RTX 5060 Ti,42,MuSiQue,10,16,268,structural,62.1789,63.7302,65.809,0,0,0,104,360,360,67947724800,67947724800,8.615,0.03
google/gemma-3-1b-it,NVIDIA GeForce RTX 5060 Ti,42,MuSiQue,10,16,269,semantic,89.617,0.0,0.0,0,1,1,116,372,372,72553070592,72553070592,8.615,0.03
google/gemma-3-1b-it,NVIDIA GeForce RTX 5060 Ti,42,MuSiQue,10,16,270,multi-hop,54.813,0.0,0.0,0,1,1,99,355,355,66073395200,66073395200,8.615,0.03
google/gemma-3-1b-it,NVIDIA GeForce RTX 5060 Ti,42,MuSiQue,10,16,271,multi-hop,39.4656,0.0,0.0,0,1,1,103,359,359,67570761728,67570761728,8.615,0.03
google/gemma-3-1b-it,NVIDIA GeForce RTX 5060 Ti,42,MuSiQue,10,16,272,semantic,61.7734,0.0,49.0188,0,1,0,86,342,342,61322821632,61322821632,8.615,0.03
google/gemma-3-1b-it,NVIDIA GeForce RTX 5060 Ti,42,MuSiQue,10,16,273,multi-hop,34.8638,0.0,0.0,0,1,1,60,316,316,52353302528,52353302528,8.615,0.03
google/gemma-3-1b-it,NVIDIA GeForce RTX 5060 Ti,42,MuSiQue,10,16,274,multi-hop,40.5549,58.4634,46.5401,0,0,0,106,362,362,68704796672,68704796672,8.615,0.03
google/gemma-3-1b-it,NVIDIA GeForce RTX 5060 Ti,42,MuSiQue,10,16,275,multi-hop,47.2781,0.0,0.0,0,1,1,103,359,359,67570761728,67570761728,8.615,0.03
google/gemma-3-1b-it,NVIDIA GeForce RTX 5060 Ti,42,MuSiQue,10,16,276,multi-hop,67.3012,0.0,0.0,0,1,1,87,343,343,61681958912,61681958912,8.615,0.03
google/gemma-3-1b-it,NVIDIA GeForce RTX 5060 Ti,42,MuSiQue,10,16,277,structural,87.7606,0.0,0.0,0,1,1,67,323,323,54698442752,54698442752,8.615,0.03
google/gemma-3-1b-it,NVIDIA GeForce RTX 5060 Ti,42,MuSiQue,10,16,278,multi-hop,48.0219,53.0395,62.6466,0,0,0,88,344,344,62042144768,62042144768,8.615,0.03
google/gemma-3-1b-it,NVIDIA GeForce RTX 5060 Ti,42,MuSiQue,10,16,279,structural,60.0666,87.3786,60.5531,0,0,0,119,375,375,73728000000,73728000000,8.615,0.03
google/gemma-3-1b-it,NVIDIA GeForce RTX 5060 Ti,42,MuSiQue,10,16,280,multi-hop,48.4066,61.3784,84.3964,0,0,0,103,359,359,67570761728,67570761728,8.615,0.03
google/gemma-3-1b-it,NVIDIA GeForce RTX 5060 Ti,42,MuSiQue,10,16,281,semantic,85.7342,0.0,0.0,0,1,1,72,328,328,56405000192,56405000192,8.615,0.03
google/gemma-3-1b-it,NVIDIA GeForce RTX 5060 Ti,42,MuSiQue,10,16,282,semantic,80.0397,0.0,0.0,0,1,1,4,260,260,35441868800,35441868800,8.615,0.03
google/gemma-3-1b-it,NVIDIA GeForce RTX 5060 Ti,42,MuSiQue,10,16,283,structural,71.6031,45.4823,77.7329,0,0,0,72,328,328,56405000192,56405000192,8.615,0.03
google/gemma-3-1b-it,NVIDIA GeForce RTX 5060 Ti,42,MuSiQue,10,16,284,multi-hop,89.1062,81.2582,67.8362,0,0,0,88,344,344,62042144768,62042144768,8.615,0.03
google/gemma-3-1b-it,NVIDIA GeForce RTX 5060 Ti,42,MuSiQue,10,16,285,structural,77.2531,0.0,0.0,0,1,1,103,359,359,67570761728,67570761728,8.615,0.03
google/gemma-3-1b-it,NVIDIA GeForce RTX 5060 Ti,42,MuSiQue,10,16,286,multi-hop,100.4483,0.0,65.5769,0,1,0,111,367,367,70615826432,70615826432,8.615,0.03
google/gemma-3-1b-it,NVIDIA GeForce RTX 5060 Ti,42,MuSiQue,10,16,287,structural,43.4413,54.513,62.2606,0,0,0,93,349,349,63858802688,63858802688,8.615,0.03
google/gemma-3-1b-it,NVIDIA GeForce RTX 5060 Ti,42,MuSiQue,10,16,288,multi-hop,70.8518,0.0,0.0,0,1,1,110,366,366,70231523328,70231523328,8.615,0.03
google/gemma-3-1b-it,NVIDIA GeForce RTX 5060 Ti,42,MuSiQue,10,16,289,multi-hop,80.6928,0.0,0.0,0,1,1,62,318,318,53018099712,53018099712,8.615,0.03
google/gemma-3-1b-it,NVIDIA GeForce RTX 5060 Ti,42,MuSiQue,10,16,290,semantic,73.5566,0.0,0.0,0,1,1,115,371,371,72163524608,72163524608,8.615,0.03
google/gemma-3-1b-it,NVIDIA GeForce RTX 5060 Ti,42,MuSiQue,10,16,291,multi-hop,85.4188,0.0,0.0,0,1,1,7,263,263,36264476672,36264476672,8.615,0.03
google/gemma-3-1b-it,NVIDIA GeForce RTX 5060 Ti,42,MuSiQue,10,16,292,multi-hop,82.5785,0.0,34.1863,0,1,0,86,342,342,61322821632,61322821632,8.615,0.03
google/gemma-3-1b-it,NVIDIA GeForce RTX 5060 Ti,42,MuSiQue,10,16,293,multi-hop,0.0,88.7273,0.0,1,0,1,96,352,352,64961380352,64961380352,8.615,0.03
google/gemma-3-1b-it,NVIDIA GeForce RTX 5060 Ti,42,MuSiQue,10,16,294,multi-hop,51.0589,49.6809,44.4728,0,0,0,111,367,367,70615826432,70615826432,8.615,0.03
google/gemma-3-1b-it,NVIDIA GeForce RTX 5060 Ti,42,MuSiQue,10,16,295,semantic,93.3103,0.0,0.0,0,1,1,105,361,361,68325736448,68325736448,8.615,0.03
google/gemma-3-1b-it,NVIDIA GeForce RTX 5060 Ti,42,MuSiQue,10,16,296,multi-hop,87.3767,48.7391,66.0279,0,0,0,148,404,404,85572190208,85572190208,8.615,0.03
google/gemma-3-1b-it,NVIDIA GeForce RTX 5060 Ti,42,MuSiQue,10,16,297,multi-hop,53.9059,72.2668,38.9135,0,0,0,77,333,333,58137772032,58137772032,8.615,0.03
google/gemma-3-1b-it,NVIDIA GeForce RTX 5060 Ti,42,MuSiQue,10,16,298,structural,44.3773,49.7321,0.0,0,0,1,94,350,350,64225280000,64225280000,8.615,0.03
google/gemma-3-1b-it,NVIDIA GeForce RTX 5060 Ti,42,MuSiQue,10,16,299,semantic,34.7804,0.0,0.0,0,1,1,65,321,321,54023159808,54023159808,8.615,0.03
google/gemma-3-1b-it,NVIDIA GeForce RTX 5060 Ti,42,MuSiQue,10,16,300,multi-hop,80.6615,0.0,0.0,0,1,1,120,376,376,74121740288,74121740288,8.615,0.03
google/gemma-3-1b-it,NVIDIA GeForce RTX 5060 Ti,42,MuSiQue,10,16,301,multi-hop,52.2836,76.9731,37.5149,0,0,0,131,387,387,78522089472,78522089472,8.615,0.03
google/gemma-3-1b-it,NVIDIA GeForce RTX 5060 Ti,42,MuSiQue,10,16,302,structural,85.3526,95.9489,0.0,0,0,1,88,344,344,62042144768,62042144768,8.615,0.03
google/gemma-3-1b-it,NVIDIA GeForce RTX 5060 Ti,42,MuSiQue,10,16,303,semantic,50.2701,0.0,0.0,0,1,1,132,388,388,78928412672,78928412672,8.615,0.03
google/gemma-3-1b-it,NVIDIA GeForce RTX 5060 Ti,42,MuSiQue,10,16,304,multi-hop,43.2069,0.0,0.0,0,1,1,88,344,344,62042144768,62042144768,8.615,0.03
google/gemma-3-1b-it,NVIDIA GeForce RTX 5060 Ti,42,MuSiQue,10,16,305,multi-hop,72.3029,0.0,0.0,0,1,1,101,357,357,66819981312,66819981312,8.615,0.03
google/gemma-3-1b-it,NVIDIA GeForce RTX 5060 Ti,42,MuSiQue,10,16,306,semantic,35.533,0.0,27.8498,0,1,0,121,377,377,74516529152,74516529152,8.615,0.03
google/gemma-3-1b-it,NVIDIA GeForce RTX 5060 Ti,42,MuSiQue,10,16,307,semantic,53.5927,0.0,90.3313,0,1,0,91,347,347,63128993792,63128993792,8.615,0.03
google/gemma-3-1b-it,NVIDIA GeForce RTX 5060 Ti,42,MuSiQue,10,16,308,multi-hop,67.7876,70.6906,0.0,0,0,1,43,299,299,46871871488,46871871488,8.615,0.03
google/gemma-3-1b-it,NVIDIA GeForce RTX 5060 Ti,42,MuSiQue,10,16,309,multi-hop,66.412,0.0,0.0,0,1,1,101,357,357,66819981312,66819981312,8.615,0.03
google/gemma-3-1b-it,NVIDIA GeForce RTX 5060 Ti,42,MuSiQue,10,16,310,structural,57.5441,71.9552,0.0,0,0,1,96,352,352,64961380352,64961380352,8.615,0.03
google/gemma-3-1b-it,NVIDIA GeForce RTX 5060 Ti,42,MuSiQue,10,16,311,multi-hop,75.0201,55.6383,0.0,0,0,1,111,367,367,70615826432,70615826432,8.615,0.03
google/gemma-3-1b-it,NVIDIA GeForce RTX 5060 Ti,42,MuSiQue,10,16,312,multi-hop,50.2254,75.1489,88.8967,0,0,0,13,269,269,37938003968,37938003968,8.615,0.03
google/gemma-3-1b-it,NVIDIA GeForce RTX 5060 Ti,42,MuSiQue,10,16,313,structural,39.6134,38.9407,68.2289,0,0,0,110,366,366,70231523328,70231523328,8.615,0.03
google/gemma-3-1b-it,NVIDIA GeForce RTX 5060 Ti,42,MuSiQue,10,16,314,structural,57.0439,62.2278,93.1858,0,0,0,46,302,302,47817162752,47817162752,8.615,0.03
google/gemma-3-1b-it,NVIDIA GeForce RTX 5060 Ti,42,MuSiQue,10,16,315,multi-hop,70.5804,68.1905,66.5827,0,0,0,12,268,268,37656461312,37656461312,8.615,0.03
google/gemma-3-1b-it,NVIDIA GeForce RTX 5060 Ti,42,MuSiQue,10,16,316,semantic,85.7536,0.0,0.0,0,1,1,5,261,261,35715022848,35715022848,8.615,0.03
google/gemma-3-1b-it,NVIDIA GeForce RTX 5060 Ti,42,MuSiQue,10,16,317,multi-hop,80.0838,0.0,0.0,0,1,1,101,357,357,66819981312,66819981312,8.615,0.03
google/gemma-3-1b-it,NVIDIA GeForce RTX 5060 Ti,42,MuSiQue,10,16,318,multi-hop,59.7487,93.6292,42.0896,0,0,0,124,380,380,75707187200,75707187200,8.615,0.03
google/gemma-3-1b-it,NVIDIA GeForce RTX 5060 Ti,42,MuSiQue,10,16,319,semantic,76.5455,0.0,0.0,0,1,1,106,362,362,68704796672,68704796672,8.615,0.03
google/gemma-3-1b-it,NVIDIA GeForce RTX 5060 Ti,42,MuSiQue,10,16,320,multi-hop,87.6791,0.0,0.0,0,1,1,103,359,359,67570761728,67570761728,8.615,0.03
google/gemma-3-1b-it,NVIDIA GeForce RTX 5060 Ti,42,MuSiQue,10,16,321,multi-hop,44.1406,0.0,0.0,0,1,1,104,360,360,67947724800,67947724800,8.615,0.03
google/gemma-3-1b-it,NVIDIA GeForce RTX 5060 Ti,42,MuSiQue,10,16,322,multi-hop,76.1467,74.3091,0.0,0,0,1,111,367,367,70615826432,70615826432,8.615,0.03
google/gemma-3-1b-it,NVIDIA GeForce RTX 5060 Ti,42,MuSiQue,10,16,323,structural,0.0,68.9037,0.0,1,0,1,129,385,385,77712588800,77712588800,8.615,0.03
google/gemma-3-1b-it,NVIDIA GeForce RTX 5060 Ti,42,MuSiQue,10,16,324,semantic,48.8609,0.0,0.0,0,1,1,112,368,368,71001178112,71001178112,8.615,0.03
google/gemma-3-1b-it,NVIDIA GeForce RTX 5060 Ti,42,MuSiQue,10,16,325,semantic,49.8199,0.0,0.0,0,1,1,119,375,375,73728000000,73728000000,8.615,0.03
google/gemma-3-1b-it,NVIDIA GeForce RTX 5060 Ti,42,MuSiQue,10,16,326,multi-hop,82.3826,78.6609,0.0,0,0,1,71,327,327,56061591552,56061591552,8.615,0.03
google/gemma-3-1b-it,NVIDIA GeForce RTX 5060 Ti,42,MuSiQue,10,16,327,structural,44.5731,0.0,89.8824,0,1,0,121,377,377,74516529152,74516529152,8.615,0.03
google/gemma-3-1b-it,NVIDIA GeForce RTX 5060 Ti,42,MuSiQue,10,16,328,multi-hop,71.067,0.0,50.9758,0,1,0,40,296,296,45936017408,45936017408,8.615,0.03
google/gemma-3-1b-it,NVIDIA GeForce RTX 5060 Ti,42,MuSiQue,10,16,329,multi-hop,42.8313,31.7937,0.0,0,0,1,20,276,276,39938162688,39938162688,8.615,0.03
google/gemma-3-1b-it,NVIDIA GeForce RTX 5060 Ti,42,MuSiQue,10,16,330,structural,40.6854,0.0,0.0,0,1,1,96,352,352,64961380352,64961380352,8.615,0.03
google/gemma-3-1b-it,NVIDIA GeForce RTX 5060 Ti,42,MuSiQue,10,16,331,multi-hop,39.8769,0.0,0.0,0,1,1,104,360,360,67947724800,67947724800,8.615,0.03
google/gemma-3-1b-it,NVIDIA GeForce RTX 5060 Ti,42,MuSiQue,10,16,332,multi-hop,91.4998,50.9455,0.0,0,0,1,73,329,329,56749457408,56749457408,8.615,0.03
google/gemma-3-1b-it,NVIDIA GeForce RTX 5060 Ti,42,MuSiQue,10,16,333,semantic,39.4876,0.0,0.0,0,1,1,114,370,370,71775027200,71775027200,8.615,0.03
google/gemma-3-1b-it,NVIDIA GeForce RTX 5060 Ti,42,MuSiQue,10,16,334,semantic,39.9356,0.0,0.0,0,1,1,170,426,426,95145689088,95145689088,8.615,0.03
google/gemma-3-1b-it,NVIDIA GeForce RTX 5060 Ti,42,MuSiQue,10,16,335,multi-hop,38.0262,0.0,0.0,0,1,1,14,270,270,38220595200,38220595200,8.615,0.03
google/gemma-3-1b-it,NVIDIA GeForce RTX 5060 Ti,42,MuSiQue,10,16,336,multi-hop,85.7762,0.0,0.0,0,1,1,118,374,374,73335308288,73335308288,8.615,0.03
google/gemma-3-1b-it,NVIDIA GeForce RTX 5060 Ti,42,MuSiQue,10,16,337,structural,67.4478,36.2933,0.0,0,0,1,4,260,260,35441868800,35441868800,8.615,0.03
google/gemma-3-1b-it,NVIDIA GeForce RTX 5060 Ti,42,MuSiQue,10,16,338,multi-hop,42.4669,0.0,0.0,0,1,1,87,343,343,61681958912,61681958912,8.615,0.03
google/gemma-3-1b-it,NVIDIA GeForce RTX 5060 Ti,42,MuSiQue,10,16,339,multi-hop,39.982,0.0,0.0,0,1,1,114,370,370,71775027200,71775027200,8.615,0.03
google/gemma-3-1b-it,NVIDIA GeForce RTX 5060 Ti,42,MuSiQue,10,16,340,semantic,41.7398,0.0,35.0698,0,1,0,26,282,282,41693478912,41693478912,8.615,0.03
google/gemma-3-1b-it,NVIDIA GeForce RTX 5060 Ti,42,MuSiQue,10,16,341,semantic,0.0,0.0,0.0,1,1,1,25,281,281,41398304768,41398304768,8.615,0.03
google/gemma-3-1b-it,NVIDIA GeForce RTX 5060 Ti,42,MuSiQue,10,16,342,multi-hop,38.5412,0.0,43.8912,0,1,0,4,260,260,35441868800,35441868800,8.615,0.03
google/gemma-3-1b-it,NVIDIA GeForce RTX 5060 Ti,42,MuSiQue,10,16,343,structural,65.7273,70.9182,0.0,0,0,1,110,366,366,70231523328,70231523328,8.615,0.03
google/gemma-3-1b-it,NVIDIA GeForce RTX 5060 Ti,42,MuSiQue,10,16,344,multi-hop,69.6329,34.5605,62.0859,0,0,0,2,94,258,4632608768,34898706432,8.615,0.03
google/gemma-3-1b-it,NVIDIA GeForce RTX 5060 Ti,42,MuSiQue,10,16,345,semantic,56.2274,0.0,0.0,0,1,1,115,371,371,72163524608,72163524608,8.615,0.03
google/gemma-3-1b-it,NVIDIA GeForce RTX 5060 Ti,42,MuSiQue,10,16,346,semantic,44.2039,0.0,0.0,0,1,1,115,371,371,72163524608,72163524608,8.615,0.03
google/gemma-3-1b-it,NVIDIA GeForce RTX 5060 Ti,42,MuSiQue,10,16,347,structural,50.3881,37.9231,70.1749,0,0,0,92,348,348,63493373952,63493373952,8.615,0.03
google/gemma-3-1b-it,NVIDIA GeForce RTX 5060 Ti,42,MuSiQue,10,16,348,structural,46.9451,44.4724,29.4191,0,0,0,89,345,345,62403379200,62403379200,8.615,0.03
google/gemma-3-1b-it,NVIDIA GeForce RTX 5060 Ti,42,MuSiQue,10,16,349,semantic,0.0,0.0,0.0,1,1,1,115,371,371,72163524608,72163524608,8.615,0.03
google/gemma-3-1b-it,NVIDIA GeForce RTX 5060 Ti,42,MuSiQue,10,16,350,semantic,29.4991,0.0,0.0,0,1,1,100,356,356,66446163968,66446163968,8.615,0.03
google/gemma-3-1b-it,NVIDIA GeForce RTX 5060 Ti,42,MuSiQue,10,16,351,multi-hop,49.1477,58.8129,46.4907,0,0,0,110,366,366,70231523328,70231523328,8.615,0.03
google/gemma-3-1b-it,NVIDIA GeForce RTX 5060 Ti,42,MuSiQue,10,16,352,structural,53.4965,0.0,61.7116,0,1,0,90,346,346,62765662208,62765662208,8.615,0.03
google/gemma-3-1b-it,NVIDIA GeForce RTX 5060 Ti,42,MuSiQue,10,16,353,semantic,31.5244,0.0,0.0,0,1,1,72,328,328,56405000192,56405000192,8.615,0.03
google/gemma-3-1b-it,NVIDIA GeForce RTX 5060 Ti,42,MuSiQue,10,16,354,semantic,65.4374,0.0,0.0,0,1,1,33,289,289,43789058048,43789058048,8.615,0.03
google/gemma-3-1b-it,NVIDIA GeForce RTX 5060 Ti,42,MuSiQue,10,16,355,semantic,67.4276,0.0,0.0,0,1,1,99,355,355,66073395200,66073395200,8.615,0.03
google/gemma-3-1b-it,NVIDIA GeForce RTX 5060 Ti,42,MuSiQue,10,16,356,multi-hop,26.5098,75.3207,67.3611,0,0,0,123,379,379,75309252608,75309252608,8.615,0.03
google/gemma-3-1b-it,NVIDIA GeForce RTX 5060 Ti,42,MuSiQue,10,16,357,structural,36.0414,0.0,0.0,0,1,1,95,351,351,64592805888,64592805888,8.615,0.03
google/gemma-3-1b-it,NVIDIA GeForce RTX 5060 Ti,42,MuSiQue,10,16,358,multi-hop,48.754,60.7944,49.2002,0,0,0,102,358,358,67194847232,67194847232,8.615,0.03
google/gemma-3-1b-it,NVIDIA GeForce RTX 5060 Ti,42,MuSiQue,10,16,359,structural,50.6365,38.3087,30.6339,0,0,0,107,363,363,69084905472,69084905472,8.615,0.03
google/gemma-3-1b-it,NVIDIA GeForce RTX 5060 Ti,42,MuSiQue,10,16,360,structural,39.9528,52.3444,0.0,0,0,1,57,313,313,51363971072,51363971072,8.615,0.03
google/gemma-3-1b-it,NVIDIA GeForce RTX 5060 Ti,42,MuSiQue,10,16,361,semantic,28.1201,0.0,0.0,0,1,1,121,377,377,74516529152,74516529152,8.615,0.03
google/gemma-3-1b-it,NVIDIA GeForce RTX 5060 Ti,42,MuSiQue,10,16,362,multi-hop,79.0351,0.0,0.0,0,1,1,110,366,366,70231523328,70231523328,8.615,0.03
google/gemma-3-1b-it,NVIDIA GeForce RTX 5060 Ti,42,MuSiQue,10,16,363,structural,33.0369,42.1323,51.6372,0,0,0,132,388,388,78928412672,78928412672,8.615,0.03
google/gemma-3-1b-it,NVIDIA GeForce RTX 5060 Ti,42,MuSiQue,10,16,364,semantic,38.6147,0.0,0.0,0,1,1,12,268,268,37656461312,37656461312,8.615,0.03
google/gemma-3-1b-it,NVIDIA GeForce RTX 5060 Ti,42,MuSiQue,10,16,365,semantic,49.4077,0.0,0.0,0,1,1,109,365,365,69848268800,69848268800,8.615,0.03
google/gemma-3-1b-it,NVIDIA GeForce RTX 5060 Ti,42,MuSiQue,10,16,366,multi-hop,30.0613,33.7742,42.4523,0,0,0,3,202,259,21393047552,35169763328,8.615,0.03
google/gemma-3-1b-it,NVIDIA GeForce RTX 5060 Ti,42,MuSiQue,10,16,367,semantic,34.9765,0.0,0.0,0,1,1,88,344,344,62042144768,62042144768,8.615,0.03
google/gemma-3-1b-it,NVIDIA GeForce RTX 5060 Ti,42,MuSiQue,10,16,368,semantic,46.9267,0.0,0.0,0,1,1,15,271,271,38504235008,38504235008,8.615,0.03
google/gemma-3-1b-it,NVIDIA GeForce RTX 5060 Ti,42,MuSiQue,10,16,369,semantic,33.5727,0.0,38.8366,0,1,0,97,353,353,65331003392,65331003392,8.615,0.03
google/gemma-3-1b-it,NVIDIA GeForce RTX 5060 Ti,42,MuSiQue,10,16,370,multi-hop,47.8303,0.0,0.0,0,1,1,101,357,357,66819981312,66819981312,8.615,0.03
google/gemma-3-1b-it,NVIDIA GeForce RTX 5060 Ti,42,MuSiQue,10,16,371,semantic,34.6459,0.0,0.0,0,1,1,84,340,340,60607692800,60607692800,8.615,0.03
google/gemma-3-1b-it,NVIDIA GeForce RTX 5060 Ti,42,MuSiQue,10,16,372,multi-hop,27.4661,0.0,0.0,0,1,1,114,370,370,71775027200,71775027200,8.615,0.03
google/gemma-3-1b-it,NVIDIA GeForce RTX 5060 Ti,42,MuSiQue,10,16,373,multi-hop,41.1926,0.0,0.0,0,1,1,112,368,368,71001178112,71001178112,8.615,0.03
google/gemma-3-1b-it,NVIDIA GeForce RTX 5060 Ti,42,MuSiQue,10,16,374,structural,31.0721,30.6544,46.8305,0,0,0,45,301,301,47501017088,47501017088,8.615,0.03
google/gemma-3-1b-it,NVIDIA GeForce RTX 5060 Ti,42,MuSiQue,10,16,375,structural,55.8025,60.3101,41.8915,0,0,0,39,295,295,45626163200,45626163200,8.615,0.03
google/gemma-3-1b-it,NVIDIA GeForce RTX 5060 Ti,42,MuSiQue,10,16,376,multi-hop,41.8432,42.198,0.0,0,0,1,109,365,365,69848268800,69848268800,8.615,0.03
google/gemma-3-1b-it,NVIDIA GeForce RTX 5060 Ti,42,MuSiQue,10,16,377,structural,27.6516,0.0,0.0,0,1,1,105,361,361,68325736448,68325736448,8.615,0.03
google/gemma-3-1b-it,NVIDIA GeForce RTX 5060 Ti,42,MuSiQue,10,16,378,multi-hop,51.6872,29.6417,45.9918,0,0,0,97,353,353,65331003392,65331003392,8.615,0.03
google/gemma-3-1b-it,NVIDIA GeForce RTX 5060 Ti,42,MuSiQue,10,16,379,structural,47.2868,27.3945,0.0,0,0,1,91,347,347,63128993792,63128993792,8.615,0.03
google/gemma-3-1b-it,NVIDIA GeForce RTX 5060 Ti,42,MuSiQue,10,16,380,semantic,54.0251,0.0,0.0,0,1,1,123,379,379,75309252608,75309252608,8.615,0.03
google/gemma-3-1b-it,NVIDIA GeForce RTX 5060 Ti,42,MuSiQue,10,16,381,structural,34.2081,46.0042,0.0,0,0,1,123,379,379,75309252608,75309252608,8.615,0.03
google/gemma-3-1b-it,NVIDIA GeForce RTX 5060 Ti,42,MuSiQue,10,16,382,semantic,39.9723,0.0,0.0,0,1,1,110,366,366,70231523328,70231523328,8.615,0.03
google/gemma-3-1b-it,NVIDIA GeForce RTX 5060 Ti,42,MuSiQue,10,16,383,multi-hop,32.6794,0.0,0.0,0,1,1,90,346,346,62765662208,62765662208,8.615,0.03
google/gemma-3-1b-it,NVIDIA GeForce RTX 5060 Ti,42,MuSiQue,10,16,384,structural,58.9209,81.4467,38.4473,0,0,0,71,327,327,56061591552,56061591552,8.615,0.03
google/gemma-3-1b-it,NVIDIA GeForce RTX 5060 Ti,42,MuSiQue,10,16,385,multi-hop,52.0942,63.7111,0.0,0,0,1,5,261,261,35715022848,35715022848,8.615,0.03
google/gemma-3-1b-it,NVIDIA GeForce RTX 5060 Ti,42,MuSiQue,10,16,386,semantic,54.1456,0.0,0.0,0,1,1,114,370,370,71775027200,71775027200,8.615,0.03
google/gemma-3-1b-it,NVIDIA GeForce RTX 5060 Ti,42,MuSiQue,10,16,387,semantic,28.7806,0.0,0.0,0,1,1,95,351,351,64592805888,64592805888,8.615,0.03
google/gemma-3-1b-it,NVIDIA GeForce RTX 5060 Ti,42,MuSiQue,10,16,388,multi-hop,42.605,0.0,0.0,0,1,1,98,354,354,65701675008,65701675008,8.615,0.03
google/gemma-3-1b-it,NVIDIA GeForce RTX 5060 Ti,42,MuSiQue,10,16,389,semantic,33.8705,0.0,0.0,0,1,1,92,348,348,63493373952,63493373952,8.615,0.03
google/gemma-3-1b-it,NVIDIA GeForce RTX 5060 Ti,42,MuSiQue,10,16,390,multi-hop,36.1869,0.0,0.0,0,1,1,113,369,369,71387578368,71387578368,8.615,0.03
google/gemma-3-1b-it,NVIDIA GeForce RTX 5060 Ti,42,MuSiQue,10,16,391,multi-hop,57.4796,0.0,0.0,0,1,1,13,269,269,37938003968,37938003968,8.615,0.03
google/gemma-3-1b-it,NVIDIA GeForce RTX 5060 Ti,42,MuSiQue,10,16,392,multi-hop,38.1205,0.0,0.0,0,1,1,45,301,301,47501017088,47501017088,8.615,0.03
google/gemma-3-1b-it,NVIDIA GeForce RTX 5060 Ti,42,MuSiQue,10,16,393,semantic,52.3957,0.0,0.0,0,1,1,110,366,366,70231523328,70231523328,8.615,0.03
google/gemma-3-1b-it,NVIDIA GeForce RTX 5060 Ti,42,MuSiQue,10,16,394,multi-hop,74.1677,28.3295,0.0,0,0,1,5,261,261,35715022848,35715022848,8.615,0.03
google/gemma-3-1b-it,NVIDIA GeForce RTX 5060 Ti,42,MuSiQue,10,16,395,multi-hop,27.4731,39.9988,34.4167,0,0,0,129,385,385,77712588800,77712588800,8.615,0.03
google/gemma-3-1b-it,NVIDIA GeForce RTX 5060 Ti,42,MuSiQue,10,16,396,multi-hop,44.1961,0.0,0.0,0,1,1,4,260,260,35441868800,35441868800,8.615,0.03
google/gemma-3-1b-it,NVIDIA GeForce RTX 5060 Ti,42,MuSiQue,10,16,397,structural,35.6374,0.0,0.0,0,1,1,116,372,372,72553070592,72553070592,8.615,0.03
google/gemma-3-1b-it,NVIDIA GeForce RTX 5060 Ti,42,MuSiQue,10,16,398,multi-hop,50.6743,31.609,0.0,0,0,1,101,357,357,66819981312,66819981312,8.615,0.03
google/gemma-3-1b-it,NVIDIA GeForce RTX 5060 Ti,42,MuSiQue,10,16,399,multi-hop,0.0,0.0,0.0,1,1,1,2,258,258,34898706432,34898706432,8.615,0.03
google/gemma-3-1b-it,NVIDIA GeForce RTX 5060 Ti,42,MuSiQue,10,16,400,multi-hop,29.6121,0.0,0.0,0,1,1,62,318,318,53018099712,53018099712,8.615,0.03
google/gemma-3-1b-it,NVIDIA GeForce RTX 5060 Ti,42,MuSiQue,10,16,401,structural,66.7736,92.5085,32.4738,0,0,0,43,299,299,46871871488,46871871488,8.615,0.03
google/gemma-3-1b-it,NVIDIA GeForce RTX 5060 Ti,42,MuSiQue,10,16,402,semantic,67.4832,0.0,0.0,0,1,1,89,345,345,62403379200,62403379200,8.615,0.03
google/gemma-3-1b-it,NVIDIA GeForce RTX 5060 Ti,42,MuSiQue,10,16,403,multi-hop,60.6428,45.1397,31.8702,0,0,0,115,371,371,72163524608,72163524608,8.615,0.03
google/gemma-3-1b-it,NVIDIA GeForce RTX 5060 Ti,42,MuSiQue,10,16,404,semantic,30.0895,0.0,0.0,0,1,1,23,279,279,40811102208,40811102208,8.615,0.03
google/gemma-3-1b-it,NVIDIA GeForce RTX 5060 Ti,42,MuSiQue,10,16,405,structural,62.221,39.7522,56.4796,0,0,0,20,276,276,39938162688,39938162688,8.615,0.03
google/gemma-3-1b-it,NVIDIA GeForce RTX 5060 Ti,42,MuSiQue,10,16,406,semantic,49.4009,0.0,0.0,0,1,1,108,364,364,69466062848,69466062848,8.615,0.03
google/gemma-3-1b-it,NVIDIA GeForce RTX 5060 Ti,42,MuSiQue,10,16,407,multi-hop,49.5202,32.0549,0.0,0,0,1,121,377,377,74516529152,74516529152,8.615,0.03
google/gemma-3-1b-it,NVIDIA GeForce RTX 5060 Ti,42,MuSiQue,10,16,408,multi-hop,44.4523,0.0,0.0,0,1,1,121,377,377,74516529152,74516529152,8.615,0.03
google/gemma-3-1b-it,NVIDIA GeForce RTX 5060 Ti,42,MuSiQue,10,16,409,semantic,30.1568,0.0,57.3656,0,1,0,58,314,314,51692699648,51692699648,8.615,0.03
google/gemma-3-1b-it,NVIDIA GeForce RTX 5060 Ti,42,MuSiQue,10,16,410,multi-hop,53.1756,0.0,0.0,0,1,1,129,385,385,77712588800,77712588800,8.615,0.03
google/gemma-3-1b-it,NVIDIA GeForce RTX 5060 Ti,42,MuSiQue,10,16,411,structural,41.9746,45.5064,0.0,0,0,1,19,275,275,39649280000,39649280000,8.615,0.03
google/gemma-3-1b-it,NVIDIA GeForce RTX 5060 Ti,42,MuSiQue,10,16,412,multi-hop,49.3152,0.0,31.728,0,1,0,136,392,392,80564191232,80564191232,8.615,0.03
google/gemma-3-1b-it,NVIDIA GeForce RTX 5060 Ti,42,MuSiQue,10,16,413,multi-hop,33.0613,0.0,0.0,0,1,1,5,261,261,35715022848,35715022848,8.615,0.03
google/gemma-3-1b-it,NVIDIA GeForce RTX 5060 Ti,42,MuSiQue,10,16,414,multi-hop,73.6347,0.0,57.6189,0,1,0,57,313,313,51363971072,51363971072,8.615,0.03
google/gemma-3-1b-it,NVIDIA GeForce RTX 5060 Ti,42,MuSiQue,10,16,415,semantic,33.7844,0.0,58.8981,0,1,0,109,365,365,69848268800,69848268800,8.615,0.03
google/gemma-3-1b-it,NVIDIA GeForce RTX 5060 Ti,42,MuSiQue,10,16,416,semantic,33.6004,52.0572,0.0,0,0,1,12,268,268,37656461312,37656461312,8.615,0.03
google/gemma-3-1b-it,NVIDIA GeForce RTX 5060 Ti,42,MuSiQue,10,16,417,semantic,97.6085,0.0,0.0,0,1,1,106,362,362,68704796672,68704796672,8.615,0.03
google/gemma-3-1b-it,NVIDIA GeForce RTX 5060 Ti,42,MuSiQue,10,16,418,multi-hop,35.9419,0.0,0.0,0,1,1,110,366,366,70231523328,70231523328,8.615,0.03
google/gemma-3-1b-it,NVIDIA GeForce RTX 5060 Ti,42,MuSiQue,10,16,419,multi-hop,78.9334,45.3741,63.7422,0,0,0,51,307,307,49413619712,49413619712,8.615,0.03
google/gemma-3-1b-it,NVIDIA GeForce RTX 5060 Ti,42,MuSiQue,10,16,420,structural,78.073,39.0984,0.0,0,0,1,26,282,282,41693478912,41693478912,8.615,0.03
google/gemma-3-1b-it,NVIDIA GeForce RTX 5060 Ti,42,MuSiQue,10,16,421,multi-hop,59.8607,41.3973,28.6295,0,0,0,72,328,328,56405000192,56405000192,8.615,0.03
google/gemma-3-1b-it,NVIDIA GeForce RTX 5060 Ti,42,MuSiQue,10,16,422,multi-hop,42.5305,35.5935,0.0,0,0,1,55,311,311,50709659648,50709659648,8.615,0.03
google/gemma-3-1b-it,NVIDIA GeForce RTX 5060 Ti,42,MuSiQue,10,16,423,semantic,65.9557,0.0,0.0,0,1,1,87,343,343,61681958912,61681958912,8.615,0.03
google/gemma-3-1b-it,NVIDIA GeForce RTX 5060 Ti,42,MuSiQue,10,16,424,structural,60.9777,0.0,0.0,0,1,1,4,260,260,35441868800,35441868800,8.615,0.03
google/gemma-3-1b-it,NVIDIA GeForce RTX 5060 Ti,42,MuSiQue,10,16,425,semantic,37.162,0.0,0.0,0,1,1,87,343,343,61681958912,61681958912,8.615,0.03
google/gemma-3-1b-it,NVIDIA GeForce RTX 5060 Ti,42,MuSiQue,10,16,426,multi-hop,36.01,36.8962,0.0,0,0,1,79,335,335,58838220800,58838220800,8.615,0.03
google/gemma-3-1b-it,NVIDIA GeForce RTX 5060 Ti,42,MuSiQue,10,16,427,semantic,75.588,0.0,0.0,0,1,1,47,303,303,48134356992,48134356992,8.615,0.03
google/gemma-3-1b-it,NVIDIA GeForce RTX 5060 Ti,42,MuSiQue,10,16,428,semantic,63.9337,0.0,0.0,0,1,1,135,391,391,80153673728,80153673728,8.615,0.03
google/gemma-3-1b-it,NVIDIA GeForce RTX 5060 Ti,42,MuSiQue,10,16,429,multi-hop,36.661,30.1374,58.8807,0,0,0,153,409,409,87703420928,87703420928,8.615,0.03
google/gemma-3-1b-it,NVIDIA GeForce RTX 5060 Ti,42,MuSiQue,10,16,430,semantic,32.8483,0.0,0.0,0,1,1,66,322,322,54360276992,54360276992,8.615,0.03
google/gemma-3-1b-it,NVIDIA GeForce RTX 5060 Ti,42,MuSiQue,10,16,431,multi-hop,66.6858,0.0,0.0,0,1,1,96,352,352,64961380352,64961380352,8.615,0.03
google/gemma-3-1b-it,NVIDIA GeForce RTX 5060 Ti,42,MuSiQue,10,16,432,structural,68.2193,30.1971,0.0,0,0,1,111,367,367,70615826432,70615826432,8.615,0.03
google/gemma-3-1b-it,NVIDIA GeForce RTX 5060 Ti,42,MuSiQue,10,16,433,structural,32.9161,48.9595,29.5703,0,0,0,94,350,350,64225280000,64225280000,8.615,0.03
google/gemma-3-1b-it,NVIDIA GeForce RTX 5060 Ti,42,MuSiQue,10,16,434,multi-hop,33.963,0.0,0.0,0,1,1,12,268,268,37656461312,37656461312,8.615,0.03
google/gemma-3-1b-it,NVIDIA GeForce RTX 5060 Ti,42,MuSiQue,10,16,435,structural,32.7663,0.0,0.0,0,1,1,121,377,377,74516529152,74516529152,8.615,0.03
google/gemma-3-1b-it,NVIDIA GeForce RTX 5060 Ti,42,MuSiQue,10,16,436,multi-hop,36.1266,0.0,0.0,0,1,1,118,374,374,73335308288,73335308288,8.615,0.03
google/gemma-3-1b-it,NVIDIA GeForce RTX 5060 Ti,42,MuSiQue,10,16,437,multi-hop,43.0583,0.0,0.0,0,1,1,140,396,396,82216747008,82216747008,8.615,0.03
google/gemma-3-1b-it,NVIDIA GeForce RTX 5060 Ti,42,MuSiQue,10,16,438,multi-hop,35.6491,0.0,0.0,0,1,1,92,348,348,63493373952,63493373952,8.615,0.03
google/gemma-3-1b-it,NVIDIA GeForce RTX 5060 Ti,42,MuSiQue,10,16,439,semantic,46.6165,0.0,0.0,0,1,1,111,367,367,70615826432,70615826432,8.615,0.03
google/gemma-3-1b-it,NVIDIA GeForce RTX 5060 Ti,42,MuSiQue,10,16,440,multi-hop,38.4383,0.0,0.0,0,1,1,93,349,349,63858802688,63858802688,8.615,0.03
google/gemma-3-1b-it,NVIDIA GeForce RTX 5060 Ti,42,MuSiQue,10,16,441,multi-hop,29.9821,0.0,48.2844,0,1,0,84,340,340,60607692800,60607692800,8.615,0.03
google/gemma-3-1b-it,NVIDIA GeForce RTX 5060 Ti,42,MuSiQue,10,16,442,semantic,41.2168,0.0,0.0,0,1,1,115,371,371,72163524608,72163524608,8.615,0.03
google/gemma-3-1b-it,NVIDIA GeForce RTX 5060 Ti,42,MuSiQue,10,16,443,structural,42.4052,0.0,0.0,0,1,1,103,359,359,67570761728,67570761728,8.615,0.03
google/gemma-3-1b-it,NVIDIA GeForce RTX 5060 Ti,42,MuSiQue,10,16,444,multi-hop,94.0915,0.0,0.0,0,1,1,78,334,334,58487472128,58487472128,8.615,0.03
google/gemma-3-1b-it,NVIDIA GeForce RTX 5060 Ti,42,MuSiQue,10,16,445,structural,38.8814,34.6593,0.0,0,0,1,98,354,354,65701675008,65701675008,8.615,0.03
google/gemma-3-1b-it,NVIDIA GeForce RTX 5060 Ti,42,MuSiQue,10,16,446,structural,49.0279,0.0,0.0,0,1,1,116,372,372,72553070592,72553070592,8.615,0.03
google/gemma-3-1b-it,NVIDIA GeForce RTX 5060 Ti,42,MuSiQue,10,16,447,multi-hop,63.7806,71.9541,101.3528,0,0,0,130,386,386,78116814848,78116814848,8.615,0.03
google/gemma-3-1b-it,NVIDIA GeForce RTX 5060 Ti,42,MuSiQue,10,16,448,multi-hop,90.0463,0.0,0.0,0,1,1,93,349,349,63858802688,63858802688,8.615,0.03
google/gemma-3-1b-it,NVIDIA GeForce RTX 5060 Ti,42,MuSiQue,10,16,449,semantic,42.7473,0.0,0.0,0,1,1,110,366,366,70231523328,70231523328,8.615,0.03
google/gemma-3-1b-it,NVIDIA GeForce RTX 5060 Ti,42,MuSiQue,10,16,450,structural,43.108,50.2157,0.0,0,0,1,13,269,269,37938003968,37938003968,8.615,0.03
google/gemma-3-1b-it,NVIDIA GeForce RTX 5060 Ti,42,MuSiQue,10,16,451,semantic,39.0457,0.0,0.0,0,1,1,4,260,260,35441868800,35441868800,8.615,0.03
google/gemma-3-1b-it,NVIDIA GeForce RTX 5060 Ti,42,MuSiQue,10,16,452,structural,36.8789,69.3536,0.0,0,0,1,86,342,342,61322821632,61322821632,8.615,0.03
google/gemma-3-1b-it,NVIDIA GeForce RTX 5060 Ti,42,MuSiQue,10,16,453,multi-hop,60.5811,0.0,0.0,0,1,1,111,367,367,70615826432,70615826432,8.615,0.03
google/gemma-3-1b-it,NVIDIA GeForce RTX 5060 Ti,42,MuSiQue,10,16,454,multi-hop,69.7919,55.5864,0.0,0,0,1,92,348,348,63493373952,63493373952,8.615,0.03
google/gemma-3-1b-it,NVIDIA GeForce RTX 5060 Ti,42,MuSiQue,10,16,455,semantic,58.0168,0.0,0.0,0,1,1,5,261,261,35715022848,35715022848,8.615,0.03
google/gemma-3-1b-it,NVIDIA GeForce RTX 5060 Ti,42,MuSiQue,10,16,456,semantic,52.9271,0.0,0.0,0,1,1,96,352,352,64961380352,64961380352,8.615,0.03
google/gemma-3-1b-it,NVIDIA GeForce RTX 5060 Ti,42,MuSiQue,10,16,457,multi-hop,56.9349,0.0,0.0,0,1,1,140,396,396,82216747008,82216747008,8.615,0.03
google/gemma-3-1b-it,NVIDIA GeForce RTX 5060 Ti,42,MuSiQue,10,16,458,multi-hop,72.29,0.0,0.0,0,1,1,78,334,334,58487472128,58487472128,8.615,0.03
google/gemma-3-1b-it,NVIDIA GeForce RTX 5060 Ti,42,MuSiQue,10,16,459,multi-hop,75.1016,0.0,0.0,0,1,1,125,381,381,76106170368,76106170368,8.615,0.03
google/gemma-3-1b-it,NVIDIA GeForce RTX 5060 Ti,42,MuSiQue,10,16,460,structural,35.7764,62.3047,86.2522,0,0,0,62,318,318,53018099712,53018099712,8.615,0.03
google/gemma-3-1b-it,NVIDIA GeForce RTX 5060 Ti,42,MuSiQue,10,16,461,semantic,30.2653,0.0,0.0,0,1,1,53,309,309,50059542528,50059542528,8.615,0.03
google/gemma-3-1b-it,NVIDIA GeForce RTX 5060 Ti,42,MuSiQue,10,16,462,structural,42.1728,0.0,0.0,0,1,1,110,366,366,70231523328,70231523328,8.615,0.03
google/gemma-3-1b-it,NVIDIA GeForce RTX 5060 Ti,42,MuSiQue,10,16,463,semantic,79.2794,0.0,0.0,0,1,1,105,361,361,68325736448,68325736448,8.615,0.03
google/gemma-3-1b-it,NVIDIA GeForce RTX 5060 Ti,42,MuSiQue,10,16,464,multi-hop,71.0937,47.3558,0.0,0,0,1,98,354,354,65701675008,65701675008,8.615,0.03
google/gemma-3-1b-it,NVIDIA GeForce RTX 5060 Ti,42,MuSiQue,10,16,465,semantic,49.7025,0.0,0.0,0,1,1,45,301,301,47501017088,47501017088,8.615,0.03
google/gemma-3-1b-it,NVIDIA GeForce RTX 5060 Ti,42,MuSiQue,10,16,466,semantic,58.7892,0.0,0.0,0,1,1,116,372,372,72553070592,72553070592,8.615,0.03
google/gemma-3-1b-it,NVIDIA GeForce RTX 5060 Ti,42,MuSiQue,10,16,467,structural,0.0,28.9583,0.0,1,0,1,19,275,275,39649280000,39649280000,8.615,0.03
google/gemma-3-1b-it,NVIDIA GeForce RTX 5060 Ti,42,MuSiQue,10,16,468,structural,72.3074,47.2241,0.0,0,0,1,101,357,357,66819981312,66819981312,8.615,0.03
google/gemma-3-1b-it,NVIDIA GeForce RTX 5060 Ti,42,MuSiQue,10,16,469,multi-hop,62.3162,66.9822,74.2901,0,0,0,88,344,344,62042144768,62042144768,8.615,0.03
google/gemma-3-1b-it,NVIDIA GeForce RTX 5060 Ti,42,MuSiQue,10,16,470,multi-hop,47.0639,0.0,0.0,0,1,1,25,281,281,41398304768,41398304768,8.615,0.03
google/gemma-3-1b-it,NVIDIA GeForce RTX 5060 Ti,42,MuSiQue,10,16,471,structural,39.2747,40.2193,0.0,0,0,1,110,366,366,70231523328,70231523328,8.615,0.03
google/gemma-3-1b-it,NVIDIA GeForce RTX 5060 Ti,42,MuSiQue,10,16,472,multi-hop,41.1835,60.6333,0.0,0,0,1,109,365,365,69848268800,69848268800,8.615,0.03
google/gemma-3-1b-it,NVIDIA GeForce RTX 5060 Ti,42,MuSiQue,10,16,473,semantic,66.1835,0.0,0.0,0,1,1,112,368,368,71001178112,71001178112,8.615,0.03
google/gemma-3-1b-it,NVIDIA GeForce RTX 5060 Ti,42,MuSiQue,10,16,474,multi-hop,40.1805,0.0,0.0,0,1,1,88,344,344,62042144768,62042144768,8.615,0.03
google/gemma-3-1b-it,NVIDIA GeForce RTX 5060 Ti,42,MuSiQue,10,16,475,multi-hop,57.9599,0.0,0.0,0,1,1,129,385,385,77712588800,77712588800,8.615,0.03
google/gemma-3-1b-it,NVIDIA GeForce RTX 5060 Ti,42,MuSiQue,10,16,476,multi-hop,43.6234,0.0,0.0,0,1,1,9,265,265,36818124800,36818124800,8.615,0.03
google/gemma-3-1b-it,NVIDIA GeForce RTX 5060 Ti,42,MuSiQue,10,16,477,multi-hop,64.1887,0.0,0.0,0,1,1,19,275,275,39649280000,39649280000,8.615,0.03
google/gemma-3-1b-it,NVIDIA GeForce RTX 5060 Ti,42,MuSiQue,10,16,478,structural,60.8973,66.1848,37.8488,0,0,0,96,352,352,64961380352,64961380352,8.615,0.03
google/gemma-3-1b-it,NVIDIA GeForce RTX 5060 Ti,42,MuSiQue,10,16,479,structural,40.215,0.0,0.0,0,1,1,117,373,373,72943665152,72943665152,8.615,0.03
google/gemma-3-1b-it,NVIDIA GeForce RTX 5060 Ti,42,MuSiQue,10,16,480,semantic,71.5256,0.0,0.0,0,1,1,12,268,268,37656461312,37656461312,8.615,0.03
google/gemma-3-1b-it,NVIDIA GeForce RTX 5060 Ti,42,MuSiQue,10,16,481,multi-hop,56.0686,39.2897,40.8992,0,0,0,45,301,301,47501017088,47501017088,8.615,0.03
google/gemma-3-1b-it,NVIDIA GeForce RTX 5060 Ti,42,MuSiQue,10,16,482,structural,71.1705,0.0,0.0,0,1,1,107,363,363,69084905472,69084905472,8.615,0.03
google/gemma-3-1b-it,NVIDIA GeForce RTX 5060 Ti,42,MuSiQue,10,16,483,structural,67.722,48.0486,0.0,0,0,1,99,355,355,66073395200,66073395200,8.615,0.03
google/gemma-3-1b-it,NVIDIA GeForce RTX 5060 Ti,42,MuSiQue,10,16,484,multi-hop,50.07,53.07,0.0,0,0,1,71,327,327,56061591552,56061591552,8.615,0.03
google/gemma-3-1b-it,NVIDIA GeForce RTX 5060 Ti,42,MuSiQue,10,16,485,multi-hop,65.5854,67.5073,51.2867,0,0,0,100,356,356,66446163968,66446163968,8.615,0.03
google/gemma-3-1b-it,NVIDIA GeForce RTX 5060 Ti,42,MuSiQue,10,16,486,multi-hop,36.2883,0.0,0.0,0,1,1,103,359,359,67570761728,67570761728,8.615,0.03
google/gemma-3-1b-it,NVIDIA GeForce RTX 5060 Ti,42,MuSiQue,10,16,487,semantic,58.2103,0.0,0.0,0,1,1,125,381,381,76106170368,76106170368,8.615,0.03
google/gemma-3-1b-it,NVIDIA GeForce RTX 5060 Ti,42,MuSiQue,10,16,488,multi-hop,58.7617,0.0,0.0,0,1,1,109,365,365,69848268800,69848268800,8.615,0.03
google/gemma-3-1b-it,NVIDIA GeForce RTX 5060 Ti,42,MuSiQue,10,16,489,multi-hop,62.6113,0.0,28.5043,0,1,0,67,323,323,54698442752,54698442752,8.615,0.03
google/gemma-3-1b-it,NVIDIA GeForce RTX 5060 Ti,42,MuSiQue,10,16,490,structural,59.9623,0.0,0.0,0,1,1,87,343,343,61681958912,61681958912,8.615,0.03
google/gemma-3-1b-it,NVIDIA GeForce RTX 5060 Ti,42,MuSiQue,10,16,491,structural,36.5962,0.0,0.0,0,1,1,14,270,270,38220595200,38220595200,8.615,0.03
google/gemma-3-1b-it,NVIDIA GeForce RTX 5060 Ti,42,MuSiQue,10,16,492,structural,63.0667,37.609,0.0,0,0,1,96,352,352,64961380352,64961380352,8.615,0.03
google/gemma-3-1b-it,NVIDIA GeForce RTX 5060 Ti,42,MuSiQue,10,16,493,multi-hop,39.928,0.0,74.5021,0,1,0,89,345,345,62403379200,62403379200,8.615,0.03
google/gemma-3-1b-it,NVIDIA GeForce RTX 5060 Ti,42,MuSiQue,10,16,494,multi-hop,70.4644,0.0,0.0,0,1,1,4,260,260,35441868800,35441868800,8.615,0.03
google/gemma-3-1b-it,NVIDIA GeForce RTX 5060 Ti,42,MuSiQue,10,16,495,structural,99.0442,0.0,0.0,0,1,1,61,317,317,52685176832,52685176832,8.615,0.03
google/gemma-3-1b-it,NVIDIA GeForce RTX 5060 Ti,42,MuSiQue,10,16,496,structural,71.0934,0.0,46.7633,0,1,0,110,366,366,70231523328,70231523328,8.615,0.03
google/gemma-3-1b-it,NVIDIA GeForce RTX 5060 Ti,42,MuSiQue,10,16,497,semantic,0.0,57.7918,0.0,1,0,1,4,260,260,35441868800,35441868800,8.615,0.03
google/gemma-3-1b-it,NVIDIA GeForce RTX 5060 Ti,42,MuSiQue,10,16,498,multi-hop,46.1189,0.0,0.0,0,1,1,112,368,368,71001178112,71001178112,8.615,0.03
google/gemma-3-1b-it,NVIDIA GeForce RTX 5060 Ti,42,MuSiQue,10,16,499,semantic,40.3983,0.0,0.0,0,1,1,105,361,361,68325736448,68325736448,8.615,0.03
google/gemma-3-1b-it,NVIDIA GeForce RTX 5060 Ti,42,MuSiQue,10,16,500,structural,43.4331,0.0,0.0,0,1,1,4,260,260,35441868800,35441868800,8.615,0.03
google/gemma-3-1b-it,NVIDIA GeForce RTX 5060 Ti,42,MuSiQue,10,16,501,multi-hop,38.9844,0.0,0.0,0,1,1,118,374,374,73335308288,73335308288,8.615,0.03
google/gemma-3-1b-it,NVIDIA GeForce RTX 5060 Ti,42,MuSiQue,10,16,502,multi-hop,68.0155,51.1001,0.0,0,0,1,66,322,322,54360276992,54360276992,8.615,0.03
google/gemma-3-1b-it,NVIDIA GeForce RTX 5060 Ti,42,MuSiQue,10,16,503,structural,77.2533,56.0402,46.7401,0,0,0,5,261,261,35715022848,35715022848,8.615,0.03
google/gemma-3-1b-it,NVIDIA GeForce RTX 5060 Ti,42,MuSiQue,10,16,504,structural,45.6045,59.4841,78.5183,0,0,0,39,295,295,45626163200,45626163200,8.615,0.03
google/gemma-3-1b-it,NVIDIA GeForce RTX 5060 Ti,42,MuSiQue,10,16,505,multi-hop,46.8681,0.0,0.0,0,1,1,101,357,357,66819981312,66819981312,8.615,0.03
google/gemma-3-1b-it,NVIDIA GeForce RTX 5060 Ti,42,MuSiQue,10,16,506,multi-hop,82.4033,0.0,0.0,0,1,1,12,268,268,37656461312,37656461312,8.615,0.03
google/gemma-3-1b-it,NVIDIA GeForce RTX 5060 Ti,42,MuSiQue,10,16,507,multi-hop,79.4452,0.0,0.0,0,1,1,103,359,359,67570761728,67570761728,8.615,0.03
google/gemma-3-1b-it,NVIDIA GeForce RTX 5060 Ti,42,MuSiQue,10,16,508,structural,40.7282,51.6749,52.1202,0,0,0,103,359,359,67570761728,67570761728,8.615,0.03
google/gemma-3-1b-it,NVIDIA GeForce RTX 5060 Ti,42,MuSiQue,10,16,509,structural,72.3007,0.0,0.0,0,1,1,26,282,282,41693478912,41693478912,8.615,0.03
google/gemma-3-1b-it,NVIDIA GeForce RTX 5060 Ti,42,MuSiQue,10,16,510,semantic,42.8074,0.0,63.714,0,1,0,25,281,281,41398304768,41398304768,8.615,0.03
google/gemma-3-1b-it,NVIDIA GeForce RTX 5060 Ti,42,MuSiQue,10,16,511,structural,50.5781,0.0,41.4923,0,1,0,113,369,369,71387578368,71387578368,8.615,0.03
google/gemma-3-1b-it,NVIDIA GeForce RTX 5060 Ti,42,MuSiQue,10,16,512,multi-hop,70.5434,0.0,0.0,0,1,1,100,356,356,66446163968,66446163968,8.615,0.03
google/gemma-3-1b-it,NVIDIA GeForce RTX 5060 Ti,42,MuSiQue,10,16,513,multi-hop,94.2756,0.0,0.0,0,1,1,3,237,259,29448732672,35169763328,8.615,0.03
google/gemma-3-1b-it,NVIDIA GeForce RTX 5060 Ti,42,MuSiQue,10,16,514,multi-hop,78.0058,0.0,0.0,0,1,1,97,353,353,65331003392,65331003392,8.615,0.03
google/gemma-3-1b-it,NVIDIA GeForce RTX 5060 Ti,42,MuSiQue,10,16,515,structural,101.9979,62.9734,61.4141,0,0,0,64,320,320,53687091200,53687091200,8.615,0.03
google/gemma-3-1b-it,NVIDIA GeForce RTX 5060 Ti,42,MuSiQue,10,16,516,multi-hop,64.154,0.0,0.0,0,1,1,102,358,358,67194847232,67194847232,8.615,0.03
google/gemma-3-1b-it,NVIDIA GeForce RTX 5060 Ti,42,MuSiQue,10,16,517,multi-hop,35.1156,0.0,0.0,0,1,1,92,348,348,63493373952,63493373952,8.615,0.03
google/gemma-3-1b-it,NVIDIA GeForce RTX 5060 Ti,42,MuSiQue,10,16,518,multi-hop,38.3296,0.0,0.0,0,1,1,81,337,337,59542863872,59542863872,8.615,0.03
google/gemma-3-1b-it,NVIDIA GeForce RTX 5060 Ti,42,MuSiQue,10,16,519,structural,49.5745,57.7893,0.0,0,0,1,104,360,360,67947724800,67947724800,8.615,0.03
google/gemma-3-1b-it,NVIDIA GeForce RTX 5060 Ti,42,MuSiQue,10,16,520,semantic,37.5087,0.0,0.0,0,1,1,14,270,270,38220595200,38220595200,8.615,0.03
google/gemma-3-1b-it,NVIDIA GeForce RTX 5060 Ti,42,MuSiQue,10,16,521,structural,50.767,43.2153,36.1978,0,0,0,102,358,358,67194847232,67194847232,8.615,0.03
google/gemma-3-1b-it,NVIDIA GeForce RTX 5060 Ti,42,MuSiQue,10,16,522,multi-hop,40.0161,55.383,0.0,0,0,1,84,340,340,60607692800,60607692800,8.615,0.03
google/gemma-3-1b-it,NVIDIA GeForce RTX 5060 Ti,42,MuSiQue,10,16,523,semantic,73.7183,0.0,0.0,0,1,1,73,329,329,56749457408,56749457408,8.615,0.03
google/gemma-3-1b-it,NVIDIA GeForce RTX 5060 Ti,42,MuSiQue,10,16,524,multi-hop,54.5847,79.608,0.0,0,0,1,121,377,377,74516529152,74516529152,8.615,0.03
google/gemma-3-1b-it,NVIDIA GeForce RTX 5060 Ti,42,MuSiQue,10,16,525,semantic,45.3278,0.0,0.0,0,1,1,110,366,366,70231523328,70231523328,8.615,0.03
google/gemma-3-1b-it,NVIDIA GeForce RTX 5060 Ti,42,MuSiQue,10,16,526,multi-hop,47.8683,0.0,45.3266,0,1,0,61,317,317,52685176832,52685176832,8.615,0.03
google/gemma-3-1b-it,NVIDIA GeForce RTX 5060 Ti,42,MuSiQue,10,16,527,semantic,68.0411,0.0,0.0,0,1,1,106,362,362,68704796672,68704796672,8.615,0.03
google/gemma-3-1b-it,NVIDIA GeForce RTX 5060 Ti,42,MuSiQue,10,16,528,semantic,69.5903,0.0,0.0,0,1,1,111,367,367,70615826432,70615826432,8.615,0.03
google/gemma-3-1b-it,NVIDIA GeForce RTX 5060 Ti,42,MuSiQue,10,16,529,structural,80.3856,96.7686,0.0,0,0,1,14,270,270,38220595200,38220595200,8.615,0.03
google/gemma-3-1b-it,NVIDIA GeForce RTX 5060 Ti,42,MuSiQue,10,16,530,semantic,95.3542,0.0,0.0,0,1,1,72,328,328,56405000192,56405000192,8.615,0.03
google/gemma-3-1b-it,NVIDIA GeForce RTX 5060 Ti,42,MuSiQue,10,16,531,structural,59.2302,52.3831,0.0,0,0,1,67,323,323,54698442752,54698442752,8.615,0.03
google/gemma-3-1b-it,NVIDIA GeForce RTX 5060 Ti,42,MuSiQue,10,16,532,multi-hop,46.3643,0.0,0.0,0,1,1,25,281,281,41398304768,41398304768,8.615,0.03
google/gemma-3-1b-it,NVIDIA GeForce RTX 5060 Ti,42,MuSiQue,10,16,533,semantic,63.3263,0.0,0.0,0,1,1,101,357,357,66819981312,66819981312,8.615,0.03
google/gemma-3-1b-it,NVIDIA GeForce RTX 5060 Ti,42,MuSiQue,10,16,534,multi-hop,59.7536,43.2255,0.0,0,0,1,69,325,325,55377920000,55377920000,8.615,0.03
google/gemma-3-1b-it,NVIDIA GeForce RTX 5060 Ti,42,MuSiQue,10,16,535,multi-hop,87.6935,0.0,0.0,0,1,1,39,295,295,45626163200,45626163200,8.615,0.03
google/gemma-3-1b-it,NVIDIA GeForce RTX 5060 Ti,42,MuSiQue,10,16,536,multi-hop,58.1248,0.0,0.0,0,1,1,121,377,377,74516529152,74516529152,8.615,0.03
google/gemma-3-1b-it,NVIDIA GeForce RTX 5060 Ti,42,MuSiQue,10,16,537,structural,81.9816,92.9076,31.9398,0,0,0,130,386,386,78116814848,78116814848,8.615,0.03
google/gemma-3-1b-it,NVIDIA GeForce RTX 5060 Ti,42,MuSiQue,10,16,538,multi-hop,39.5009,0.0,0.0,0,1,1,102,358,358,67194847232,67194847232,8.615,0.03
google/gemma-3-1b-it,NVIDIA GeForce RTX 5060 Ti,42,MuSiQue,10,16,539,multi-hop,56.666,0.0,0.0,0,1,1,23,279,279,40811102208,40811102208,8.615,0.03
google/gemma-3-1b-it,NVIDIA GeForce RTX 5060 Ti,42,MuSiQue,10,16,540,multi-hop,65.7075,87.0409,0.0,0,0,1,100,356,356,66446163968,66446163968,8.615,0.03
google/gemma-3-1b-it,NVIDIA GeForce RTX 5060 Ti,42,MuSiQue,10,16,541,multi-hop,37.7913,65.2426,0.0,0,0,1,121,377,377,74516529152,74516529152,8.615,0.03
google/gemma-3-1b-it,NVIDIA GeForce RTX 5060 Ti,42,MuSiQue,10,16,542,structural,93.8321,0.0,0.0,0,1,1,63,319,319,53352071168,53352071168,8.615,0.03
google/gemma-3-1b-it,NVIDIA GeForce RTX 5060 Ti,42,MuSiQue,10,16,543,semantic,49.3617,0.0,45.4613,0,1,0,118,374,374,73335308288,73335308288,8.615,0.03
google/gemma-3-1b-it,NVIDIA GeForce RTX 5060 Ti,42,MuSiQue,10,16,544,structural,48.1016,74.2448,51.3831,0,0,0,18,274,274,39361445888,39361445888,8.615,0.03
google/gemma-3-1b-it,NVIDIA GeForce RTX 5060 Ti,42,MuSiQue,10,16,545,multi-hop,50.9554,0.0,0.0,0,1,1,94,350,350,64225280000,64225280000,8.615,0.03
google/gemma-3-1b-it,NVIDIA GeForce RTX 5060 Ti,42,MuSiQue,10,16,546,structural,61.2811,0.0,0.0,0,1,1,108,364,364,69466062848,69466062848,8.615,0.03
google/gemma-3-1b-it,NVIDIA GeForce RTX 5060 Ti,42,MuSiQue,10,16,547,multi-hop,28.3046,0.0,0.0,0,1,1,14,270,270,38220595200,38220595200,8.615,0.03
google/gemma-3-1b-it,NVIDIA GeForce RTX 5060 Ti,42,MuSiQue,10,16,548,multi-hop,89.9689,56.1208,59.1115,0,0,0,68,324,324,55037657088,55037657088,8.615,0.03
google/gemma-3-1b-it,NVIDIA GeForce RTX 5060 Ti,42,MuSiQue,10,16,549,multi-hop,38.9275,46.7621,47.0914,0,0,0,62,318,318,53018099712,53018099712,8.615,0.03
google/gemma-3-1b-it,NVIDIA GeForce RTX 5060 Ti,42,MuSiQue,10,16,550,multi-hop,43.8632,0.0,0.0,0,1,1,87,343,343,61681958912,61681958912,8.615,0.03
google/gemma-3-1b-it,NVIDIA GeForce RTX 5060 Ti,42,MuSiQue,10,16,551,semantic,66.7563,0.0,0.0,0,1,1,107,363,363,69084905472,69084905472,8.615,0.03
google/gemma-3-1b-it,NVIDIA GeForce RTX 5060 Ti,42,MuSiQue,10,16,552,structural,56.0391,0.0,0.0,0,1,1,129,385,385,77712588800,77712588800,8.615,0.03
google/gemma-3-1b-it,NVIDIA GeForce RTX 5060 Ti,42,MuSiQue,10,16,553,semantic,66.535,0.0,0.0,0,1,1,114,370,370,71775027200,71775027200,8.615,0.03
google/gemma-3-1b-it,NVIDIA GeForce RTX 5060 Ti,42,MuSiQue,10,16,554,multi-hop,50.5604,0.0,0.0,0,1,1,14,270,270,38220595200,38220595200,8.615,0.03
google/gemma-3-1b-it,NVIDIA GeForce RTX 5060 Ti,42,MuSiQue,10,16,555,semantic,71.9461,0.0,0.0,0,1,1,129,385,385,77712588800,77712588800,8.615,0.03
google/gemma-3-1b-it,NVIDIA GeForce RTX 5060 Ti,42,MuSiQue,10,16,556,multi-hop,56.584,0.0,0.0,0,1,1,154,410,410,88132812800,88132812800,8.615,0.03
google/gemma-3-1b-it,NVIDIA GeForce RTX 5060 Ti,42,MuSiQue,10,16,557,multi-hop,62.7588,59.1277,0.0,0,0,1,96,352,352,64961380352,64961380352,8.615,0.03
google/gemma-3-1b-it,NVIDIA GeForce RTX 5060 Ti,42,MuSiQue,10,16,558,structural,92.6976,35.4033,0.0,0,0,1,107,363,363,69084905472,69084905472,8.615,0.03
google/gemma-3-1b-it,NVIDIA GeForce RTX 5060 Ti,42,MuSiQue,10,16,559,structural,77.0551,54.3155,0.0,0,0,1,54,310,310,50384076800,50384076800,8.615,0.03
google/gemma-3-1b-it,NVIDIA GeForce RTX 5060 Ti,42,MuSiQue,10,16,560,multi-hop,76.3325,0.0,0.0,0,1,1,66,322,322,54360276992,54360276992,8.615,0.03
google/gemma-3-1b-it,NVIDIA GeForce RTX 5060 Ti,42,MuSiQue,10,16,561,structural,38.0553,0.0,0.0,0,1,1,90,346,346,62765662208,62765662208,8.615,0.03
google/gemma-3-1b-it,NVIDIA GeForce RTX 5060 Ti,42,MuSiQue,10,16,562,semantic,72.4678,0.0,0.0,0,1,1,94,350,350,64225280000,64225280000,8.615,0.03
google/gemma-3-1b-it,NVIDIA GeForce RTX 5060 Ti,42,MuSiQue,10,16,563,multi-hop,68.5857,88.2669,37.9797,0,0,0,2,94,258,4632608768,34898706432,8.615,0.03
google/gemma-3-1b-it,NVIDIA GeForce RTX 5060 Ti,42,MuSiQue,10,16,564,semantic,44.0565,0.0,0.0,0,1,1,93,349,349,63858802688,63858802688,8.615,0.03
google/gemma-3-1b-it,NVIDIA GeForce RTX 5060 Ti,42,MuSiQue,10,16,565,semantic,83.051,0.0,0.0,0,1,1,99,355,355,66073395200,66073395200,8.615,0.03
google/gemma-3-1b-it,NVIDIA GeForce RTX 5060 Ti,42,MuSiQue,10,16,566,structural,64.77,92.8906,38.9575,0,0,0,94,350,350,64225280000,64225280000,8.615,0.03
google/gemma-3-1b-it,NVIDIA GeForce RTX 5060 Ti,42,MuSiQue,10,16,567,semantic,85.0465,0.0,0.0,0,1,1,111,367,367,70615826432,70615826432,8.615,0.03
google/gemma-3-1b-it,NVIDIA GeForce RTX 5060 Ti,42,MuSiQue,10,16,568,multi-hop,69.3725,33.8376,97.8396,0,0,0,95,351,351,64592805888,64592805888,8.615,0.03
google/gemma-3-1b-it,NVIDIA GeForce RTX 5060 Ti,42,MuSiQue,10,16,569,multi-hop,99.9355,0.0,41.5568,0,1,0,103,359,359,67570761728,67570761728,8.615,0.03
google/gemma-3-1b-it,NVIDIA GeForce RTX 5060 Ti,42,MuSiQue,10,16,570,multi-hop,41.1778,82.8875,33.9473,0,0,0,121,377,377,74516529152,74516529152,8.615,0.03
google/gemma-3-1b-it,NVIDIA GeForce RTX 5060 Ti,42,MuSiQue,10,16,571,multi-hop,44.1523,0.0,0.0,0,1,1,16,272,272,38788923392,38788923392,8.615,0.03
google/gemma-3-1b-it,NVIDIA GeForce RTX 5060 Ti,42,MuSiQue,10,16,572,multi-hop,74.3458,0.0,0.0,0,1,1,127,383,383,76907282432,76907282432,8.615,0.03
google/gemma-3-1b-it,NVIDIA GeForce RTX 5060 Ti,42,MuSiQue,10,16,573,multi-hop,34.3201,0.0,62.3159,0,1,0,104,360,360,67947724800,67947724800,8.615,0.03
google/gemma-3-1b-it,NVIDIA GeForce RTX 5060 Ti,42,MuSiQue,10,16,574,semantic,49.8997,0.0,0.0,0,1,1,102,358,358,67194847232,67194847232,8.615,0.03
google/gemma-3-1b-it,NVIDIA GeForce RTX 5060 Ti,42,MuSiQue,10,16,575,multi-hop,62.5029,83.4521,29.9638,0,0,0,96,352,352,64961380352,64961380352,8.615,0.03
google/gemma-3-1b-it,NVIDIA GeForce RTX 5060 Ti,42,MuSiQue,10,16,576,structural,53.6997,0.0,0.0,0,1,1,132,388,388,78928412672,78928412672,8.615,0.03
google/gemma-3-1b-it,NVIDIA GeForce RTX 5060 Ti,42,MuSiQue,10,16,577,multi-hop,31.0992,0.0,0.0,0,1,1,33,289,289,43789058048,43789058048,8.615,0.03
google/gemma-3-1b-it,NVIDIA GeForce RTX 5060 Ti,42,MuSiQue,10,16,578,structural,53.4858,46.9545,36.1032,0,0,0,8,264,264,36540776448,36540776448,8.615,0.03
google/gemma-3-1b-it,NVIDIA GeForce RTX 5060 Ti,42,MuSiQue,10,16,579,multi-hop,39.7562,28.7609,0.0,0,0,1,11,267,267,37375967232,37375967232,8.615,0.03
google/gemma-3-1b-it,NVIDIA GeForce RTX 5060 Ti,42,MuSiQue,10,16,580,multi-hop,57.9278,0.0,0.0,0,1,1,66,322,322,54360276992,54360276992,8.615,0.03
google/gemma-3-1b-it,NVIDIA GeForce RTX 5060 Ti,42,MuSiQue,10,16,581,semantic,41.7171,0.0,27.0498,0,1,0,141,397,397,82632507392,82632507392,8.615,0.03
google/gemma-3-1b-it,NVIDIA GeForce RTX 5060 Ti,42,MuSiQue,10,16,582,semantic,46.8493,0.0,0.0,0,1,1,16,272,272,38788923392,38788923392,8.615,0.03
google/gemma-3-1b-it,NVIDIA GeForce RTX 5060 Ti,42,MuSiQue,10,16,583,multi-hop,56.8325,0.0,0.0,0,1,1,124,380,380,75707187200,75707187200,8.615,0.03
google/gemma-3-1b-it,NVIDIA GeForce RTX 5060 Ti,42,MuSiQue,10,16,584,multi-hop,77.3597,44.6133,0.0,0,0,1,89,345,345,62403379200,62403379200,8.615,0.03
google/gemma-3-1b-it,NVIDIA GeForce RTX 5060 Ti,42,MuSiQue,10,16,585,multi-hop,42.3895,0.0,48.5129,0,1,0,102,358,358,67194847232,67194847232,8.615,0.03
google/gemma-3-1b-it,NVIDIA GeForce RTX 5060 Ti,42,MuSiQue,10,16,586,semantic,66.8707,0.0,0.0,0,1,1,87,343,343,61681958912,61681958912,8.615,0.03
google/gemma-3-1b-it,NVIDIA GeForce RTX 5060 Ti,42,MuSiQue,10,16,587,semantic,33.9939,0.0,0.0,0,1,1,39,295,295,45626163200,45626163200,8.615,0.03
google/gemma-3-1b-it,NVIDIA GeForce RTX 5060 Ti,42,MuSiQue,10,16,588,multi-hop,46.217,83.3391,79.0692,0,0,0,101,357,357,66819981312,66819981312,8.615,0.03
google/gemma-3-1b-it,NVIDIA GeForce RTX 5060 Ti,42,MuSiQue,10,16,589,semantic,44.5709,0.0,0.0,0,1,1,114,370,370,71775027200,71775027200,8.615,0.03
google/gemma-3-1b-it,NVIDIA GeForce RTX 5060 Ti,42,MuSiQue,10,16,590,structural,36.9238,0.0,0.0,0,1,1,76,332,332,57789120512,57789120512,8.615,0.03
google/gemma-3-1b-it,NVIDIA GeForce RTX 5060 Ti,42,MuSiQue,10,16,591,semantic,66.6743,0.0,0.0,0,1,1,3,237,259,29448732672,35169763328,8.615,0.03
google/gemma-3-1b-it,NVIDIA GeForce RTX 5060 Ti,42,MuSiQue,10,16,592,structural,58.0131,48.4374,0.0,0,0,1,100,356,356,66446163968,66446163968,8.615,0.03
google/gemma-3-1b-it,NVIDIA GeForce RTX 5060 Ti,42,MuSiQue,10,16,593,semantic,71.2251,0.0,0.0,0,1,1,129,385,385,77712588800,77712588800,8.615,0.03
google/gemma-3-1b-it,NVIDIA GeForce RTX 5060 Ti,42,MuSiQue,10,16,594,structural,93.9762,0.0,0.0,0,1,1,14,270,270,38220595200,38220595200,8.615,0.03
google/gemma-3-1b-it,NVIDIA GeForce RTX 5060 Ti,42,MuSiQue,10,16,595,multi-hop,73.0165,57.8724,47.2023,0,0,0,92,348,348,63493373952,63493373952,8.615,0.03
google/gemma-3-1b-it,NVIDIA GeForce RTX 5060 Ti,42,MuSiQue,10,16,596,multi-hop,42.0476,68.3656,0.0,0,0,1,91,347,347,63128993792,63128993792,8.615,0.03
google/gemma-3-1b-it,NVIDIA GeForce RTX 5060 Ti,42,MuSiQue,10,16,597,semantic,56.7335,0.0,0.0,0,1,1,142,398,398,83049316352,83049316352,8.615,0.03
google/gemma-3-1b-it,NVIDIA GeForce RTX 5060 Ti,42,MuSiQue,10,16,598,multi-hop,47.9535,82.0587,0.0,0,0,1,115,371,371,72163524608,72163524608,8.615,0.03
google/gemma-3-1b-it,NVIDIA GeForce RTX 5060 Ti,42,MuSiQue,10,16,599,multi-hop,48.0909,0.0,0.0,0,1,1,102,358,358,67194847232,67194847232,8.615,0.03
google/gemma-3-1b-it,NVIDIA GeForce RTX 5060 Ti,42,MuSiQue,12,16,0,structural,49.7911,87.247,0.0,0,0,1,102,358,358,67194847232,67194847232,8.615,0.03
google/gemma-3-1b-it,NVIDIA GeForce RTX 5060 Ti,42,MuSiQue,12,16,1,multi-hop,87.2047,0.0,0.0,0,1,1,119,375,375,73728000000,73728000000,8.615,0.03
google/gemma-3-1b-it,NVIDIA GeForce RTX 5060 Ti,42,MuSiQue,12,16,2,multi-hop,36.8035,0.0,30.2079,0,1,0,124,380,380,75707187200,75707187200,8.615,0.03
google/gemma-3-1b-it,NVIDIA GeForce RTX 5060 Ti,42,MuSiQue,12,16,3,semantic,72.6744,0.0,0.0,0,1,1,33,289,289,43789058048,43789058048,8.615,0.03
google/gemma-3-1b-it,NVIDIA GeForce RTX 5060 Ti,42,MuSiQue,12,16,4,structural,42.8078,0.0,0.0,0,1,1,4,260,260,35441868800,35441868800,8.615,0.03
google/gemma-3-1b-it,NVIDIA GeForce RTX 5060 Ti,42,MuSiQue,12,16,5,multi-hop,60.769,0.0,0.0,0,1,1,18,274,274,39361445888,39361445888,8.615,0.03
google/gemma-3-1b-it,NVIDIA GeForce RTX 5060 Ti,42,MuSiQue,12,16,6,structural,77.8476,70.0123,54.2604,0,0,0,115,371,371,72163524608,72163524608,8.615,0.03
google/gemma-3-1b-it,NVIDIA GeForce RTX 5060 Ti,42,MuSiQue,12,16,7,multi-hop,60.6244,53.3693,37.0764,0,0,0,9,265,265,36818124800,36818124800,8.615,0.03
google/gemma-3-1b-it,NVIDIA GeForce RTX 5060 Ti,42,MuSiQue,12,16,8,multi-hop,31.5716,0.0,0.0,0,1,1,129,385,385,77712588800,77712588800,8.615,0.03
google/gemma-3-1b-it,NVIDIA GeForce RTX 5060 Ti,42,MuSiQue,12,16,9,structural,44.2128,0.0,0.0,0,1,1,68,324,324,55037657088,55037657088,8.615,0.03
google/gemma-3-1b-it,NVIDIA GeForce RTX 5060 Ti,42,MuSiQue,12,16,10,multi-hop,30.5992,83.3662,45.9105,0,0,0,119,375,375,73728000000,73728000000,8.615,0.03
google/gemma-3-1b-it,NVIDIA GeForce RTX 5060 Ti,42,MuSiQue,12,16,11,semantic,47.3702,0.0,45.6831,0,1,0,88,344,344,62042144768,62042144768,8.615,0.03
google/gemma-3-1b-it,NVIDIA GeForce RTX 5060 Ti,42,MuSiQue,12,16,12,semantic,65.4446,0.0,0.0,0,1,1,30,286,286,42884661248,42884661248,8.615,0.03
google/gemma-3-1b-it,NVIDIA GeForce RTX 5060 Ti,42,MuSiQue,12,16,13,semantic,34.8623,0.0,0.0,0,1,1,105,361,361,68325736448,68325736448,8.615,0.03
google/gemma-3-1b-it,NVIDIA GeForce RTX 5060 Ti,42,MuSiQue,12,16,14,multi-hop,110.9301,0.0,0.0,0,1,1,110,366,366,70231523328,70231523328,8.615,0.03
google/gemma-3-1b-it,NVIDIA GeForce RTX 5060 Ti,42,MuSiQue,12,16,15,structural,62.0247,54.5319,41.4524,0,0,0,121,377,377,74516529152,74516529152,8.615,0.03
google/gemma-3-1b-it,NVIDIA GeForce RTX 5060 Ti,42,MuSiQue,12,16,16,structural,66.6606,85.5484,67.7726,0,0,0,18,274,274,39361445888,39361445888,8.615,0.03
google/gemma-3-1b-it,NVIDIA GeForce RTX 5060 Ti,42,MuSiQue,12,16,17,semantic,92.0412,0.0,0.0,0,1,1,61,317,317,52685176832,52685176832,8.615,0.03
google/gemma-3-1b-it,NVIDIA GeForce RTX 5060 Ti,42,MuSiQue,12,16,18,semantic,68.1055,0.0,0.0,0,1,1,113,369,369,71387578368,71387578368,8.615,0.03
google/gemma-3-1b-it,NVIDIA GeForce RTX 5060 Ti,42,MuSiQue,12,16,19,multi-hop,62.9293,48.0351,109.0914,0,0,0,39,295,295,45626163200,45626163200,8.615,0.03
google/gemma-3-1b-it,NVIDIA GeForce RTX 5060 Ti,42,MuSiQue,12,16,20,multi-hop,72.4101,87.1895,75.4658,0,0,0,78,334,334,58487472128,58487472128,8.615,0.03
google/gemma-3-1b-it,NVIDIA GeForce RTX 5060 Ti,42,MuSiQue,12,16,21,multi-hop,40.2776,0.0,0.0,0,1,1,105,361,361,68325736448,68325736448,8.615,0.03
google/gemma-3-1b-it,NVIDIA GeForce RTX 5060 Ti,42,MuSiQue,12,16,22,structural,38.0033,0.0,0.0,0,1,1,127,383,383,76907282432,76907282432,8.615,0.03
google/gemma-3-1b-it,NVIDIA GeForce RTX 5060 Ti,42,MuSiQue,12,16,23,semantic,41.4787,0.0,0.0,0,1,1,102,358,358,67194847232,67194847232,8.615,0.03
google/gemma-3-1b-it,NVIDIA GeForce RTX 5060 Ti,42,MuSiQue,12,16,24,semantic,40.1445,0.0,0.0,0,1,1,121,377,377,74516529152,74516529152,8.615,0.03
google/gemma-3-1b-it,NVIDIA GeForce RTX 5060 Ti,42,MuSiQue,12,16,25,multi-hop,32.5907,0.0,0.0,0,1,1,51,307,307,49413619712,49413619712,8.615,0.03
google/gemma-3-1b-it,NVIDIA GeForce RTX 5060 Ti,42,MuSiQue,12,16,26,multi-hop,39.1582,0.0,0.0,0,1,1,72,328,328,56405000192,56405000192,8.615,0.03
google/gemma-3-1b-it,NVIDIA GeForce RTX 5060 Ti,42,MuSiQue,12,16,27,multi-hop,43.9407,78.8752,79.8012,0,0,0,103,359,359,67570761728,67570761728,8.615,0.03
google/gemma-3-1b-it,NVIDIA GeForce RTX 5060 Ti,42,MuSiQue,12,16,28,semantic,41.531,0.0,0.0,0,1,1,112,368,368,71001178112,71001178112,8.615,0.03
google/gemma-3-1b-it,NVIDIA GeForce RTX 5060 Ti,42,MuSiQue,12,16,29,structural,30.4897,70.8821,0.0,0,0,1,117,373,373,72943665152,72943665152,8.615,0.03
google/gemma-3-1b-it,NVIDIA GeForce RTX 5060 Ti,42,MuSiQue,12,16,30,multi-hop,38.1689,0.0,0.0,0,1,1,104,360,360,67947724800,67947724800,8.615,0.03
google/gemma-3-1b-it,NVIDIA GeForce RTX 5060 Ti,42,MuSiQue,12,16,31,multi-hop,40.3326,0.0,0.0,0,1,1,43,299,299,46871871488,46871871488,8.615,0.03
google/gemma-3-1b-it,NVIDIA GeForce RTX 5060 Ti,42,MuSiQue,12,16,32,semantic,0.0,101.2241,0.0,1,0,1,23,279,279,40811102208,40811102208,8.615,0.03
google/gemma-3-1b-it,NVIDIA GeForce RTX 5060 Ti,42,MuSiQue,12,16,33,structural,88.1078,49.317,105.4615,0,0,0,84,340,340,60607692800,60607692800,8.615,0.03
google/gemma-3-1b-it,NVIDIA GeForce RTX 5060 Ti,42,MuSiQue,12,16,34,structural,38.8712,0.0,0.0,0,1,1,136,392,392,80564191232,80564191232,8.615,0.03
google/gemma-3-1b-it,NVIDIA GeForce RTX 5060 Ti,42,MuSiQue,12,16,35,semantic,0.0,0.0,0.0,1,1,1,125,381,381,76106170368,76106170368,8.615,0.03
google/gemma-3-1b-it,NVIDIA GeForce RTX 5060 Ti,42,MuSiQue,12,16,36,structural,48.1326,0.0,0.0,0,1,1,111,367,367,70615826432,70615826432,8.615,0.03
google/gemma-3-1b-it,NVIDIA GeForce RTX 5060 Ti,42,MuSiQue,12,16,37,multi-hop,47.4617,0.0,50.7131,0,1,0,103,359,359,67570761728,67570761728,8.615,0.03
google/gemma-3-1b-it,NVIDIA GeForce RTX 5060 Ti,42,MuSiQue,12,16,38,multi-hop,41.1002,0.0,0.0,0,1,1,140,396,396,82216747008,82216747008,8.615,0.03
google/gemma-3-1b-it,NVIDIA GeForce RTX 5060 Ti,42,MuSiQue,12,16,39,multi-hop,45.0549,84.9187,0.0,0,0,1,115,371,371,72163524608,72163524608,8.615,0.03
google/gemma-3-1b-it,NVIDIA GeForce RTX 5060 Ti,42,MuSiQue,12,16,40,semantic,91.4839,0.0,90.1813,0,1,0,106,362,362,68704796672,68704796672,8.615,0.03
google/gemma-3-1b-it,NVIDIA GeForce RTX 5060 Ti,42,MuSiQue,12,16,41,multi-hop,53.5088,0.0,0.0,0,1,1,107,363,363,69084905472,69084905472,8.615,0.03
google/gemma-3-1b-it,NVIDIA GeForce RTX 5060 Ti,42,MuSiQue,12,16,42,semantic,76.0621,106.6171,87.3285,0,0,0,102,358,358,67194847232,67194847232,8.615,0.03
google/gemma-3-1b-it,NVIDIA GeForce RTX 5060 Ti,42,MuSiQue,12,16,43,semantic,70.5861,0.0,0.0,0,1,1,5,261,261,35715022848,35715022848,8.615,0.03
google/gemma-3-1b-it,NVIDIA GeForce RTX 5060 Ti,42,MuSiQue,12,16,44,multi-hop,41.4678,42.4363,73.4868,0,0,0,131,387,387,78522089472,78522089472,8.615,0.03
google/gemma-3-1b-it,NVIDIA GeForce RTX 5060 Ti,42,MuSiQue,12,16,45,structural,52.6486,56.1511,50.7074,0,0,0,68,324,324,55037657088,55037657088,8.615,0.03
google/gemma-3-1b-it,NVIDIA GeForce RTX 5060 Ti,42,MuSiQue,12,16,46,structural,41.8927,59.7259,0.0,0,0,1,121,377,377,74516529152,74516529152,8.615,0.03
google/gemma-3-1b-it,NVIDIA GeForce RTX 5060 Ti,42,MuSiQue,12,16,47,semantic,0.0,0.0,0.0,1,1,1,12,268,268,37656461312,37656461312,8.615,0.03
google/gemma-3-1b-it,NVIDIA GeForce RTX 5060 Ti,42,MuSiQue,12,16,48,multi-hop,0.0,0.0,0.0,1,1,1,90,346,346,62765662208,62765662208,8.615,0.03
google/gemma-3-1b-it,NVIDIA GeForce RTX 5060 Ti,42,MuSiQue,12,16,49,structural,0.0,59.904,98.6534,1,0,0,107,363,363,69084905472,69084905472,8.615,0.03
google/gemma-3-1b-it,NVIDIA GeForce RTX 5060 Ti,42,MuSiQue,12,16,50,multi-hop,42.1816,0.0,99.5109,0,1,0,48,304,304,48452599808,48452599808,8.615,0.03
google/gemma-3-1b-it,NVIDIA GeForce RTX 5060 Ti,42,MuSiQue,12,16,51,structural,86.2037,68.2902,0.0,0,0,1,88,344,344,62042144768,62042144768,8.615,0.03
google/gemma-3-1b-it,NVIDIA GeForce RTX 5060 Ti,42,MuSiQue,12,16,52,semantic,58.532,0.0,0.0,0,1,1,66,322,322,54360276992,54360276992,8.615,0.03
google/gemma-3-1b-it,NVIDIA GeForce RTX 5060 Ti,42,MuSiQue,12,16,53,structural,60.4151,67.702,65.6716,0,0,0,120,376,376,74121740288,74121740288,8.615,0.03
google/gemma-3-1b-it,NVIDIA GeForce RTX 5060 Ti,42,MuSiQue,12,16,54,structural,85.66,0.0,0.0,0,1,1,118,374,374,73335308288,73335308288,8.615,0.03
google/gemma-3-1b-it,NVIDIA GeForce RTX 5060 Ti,42,MuSiQue,12,16,55,semantic,64.4627,0.0,0.0,0,1,1,102,358,358,67194847232,67194847232,8.615,0.03
google/gemma-3-1b-it,NVIDIA GeForce RTX 5060 Ti,42,MuSiQue,12,16,56,multi-hop,81.4496,0.0,0.0,0,1,1,36,292,292,44702892032,44702892032,8.615,0.03
google/gemma-3-1b-it,NVIDIA GeForce RTX 5060 Ti,42,MuSiQue,12,16,57,structural,70.6952,90.2578,0.0,0,0,1,62,318,318,53018099712,53018099712,8.615,0.03
google/gemma-3-1b-it,NVIDIA GeForce RTX 5060 Ti,42,MuSiQue,12,16,58,multi-hop,84.8715,0.0,0.0,0,1,1,69,325,325,55377920000,55377920000,8.615,0.03
google/gemma-3-1b-it,NVIDIA GeForce RTX 5060 Ti,42,MuSiQue,12,16,59,semantic,71.1648,0.0,0.0,0,1,1,115,371,371,72163524608,72163524608,8.615,0.03
google/gemma-3-1b-it,NVIDIA GeForce RTX 5060 Ti,42,MuSiQue,12,16,60,semantic,75.2082,0.0,0.0,0,1,1,102,358,358,67194847232,67194847232,8.615,0.03
google/gemma-3-1b-it,NVIDIA GeForce RTX 5060 Ti,42,MuSiQue,12,16,61,structural,49.2666,32.0906,57.4776,0,0,0,99,355,355,66073395200,66073395200,8.615,0.03
google/gemma-3-1b-it,NVIDIA GeForce RTX 5060 Ti,42,MuSiQue,12,16,62,semantic,33.0001,0.0,35.8661,0,1,0,5,261,261,35715022848,35715022848,8.615,0.03
google/gemma-3-1b-it,NVIDIA GeForce RTX 5060 Ti,42,MuSiQue,12,16,63,multi-hop,55.1964,79.1191,0.0,0,0,1,94,350,350,64225280000,64225280000,8.615,0.03
google/gemma-3-1b-it,NVIDIA GeForce RTX 5060 Ti,42,MuSiQue,12,16,64,multi-hop,61.8455,0.0,0.0,0,1,1,118,374,374,73335308288,73335308288,8.615,0.03
google/gemma-3-1b-it,NVIDIA GeForce RTX 5060 Ti,42,MuSiQue,12,16,65,multi-hop,31.4635,65.5308,40.2694,0,0,0,120,376,376,74121740288,74121740288,8.615,0.03
google/gemma-3-1b-it,NVIDIA GeForce RTX 5060 Ti,42,MuSiQue,12,16,66,multi-hop,39.4218,55.2279,71.226,0,0,0,45,301,301,47501017088,47501017088,8.615,0.03
google/gemma-3-1b-it,NVIDIA GeForce RTX 5060 Ti,42,MuSiQue,12,16,67,semantic,75.181,0.0,0.0,0,1,1,105,361,361,68325736448,68325736448,8.615,0.03
google/gemma-3-1b-it,NVIDIA GeForce RTX 5060 Ti,42,MuSiQue,12,16,68,structural,69.7293,54.3472,42.987,0,0,0,57,313,313,51363971072,51363971072,8.615,0.03
google/gemma-3-1b-it,NVIDIA GeForce RTX 5060 Ti,42,MuSiQue,12,16,69,multi-hop,76.6584,0.0,0.0,0,1,1,62,318,318,53018099712,53018099712,8.615,0.03
google/gemma-3-1b-it,NVIDIA GeForce RTX 5060 Ti,42,MuSiQue,12,16,70,structural,77.4116,0.0,0.0,0,1,1,103,359,359,67570761728,67570761728,8.615,0.03
google/gemma-3-1b-it,NVIDIA GeForce RTX 5060 Ti,42,MuSiQue,12,16,71,multi-hop,68.4158,65.2481,0.0,0,0,1,98,354,354,65701675008,65701675008,8.615,0.03
google/gemma-3-1b-it,NVIDIA GeForce RTX 5060 Ti,42,MuSiQue,12,16,72,semantic,75.7253,0.0,0.0,0,1,1,132,388,388,78928412672,78928412672,8.615,0.03
google/gemma-3-1b-it,NVIDIA GeForce RTX 5060 Ti,42,MuSiQue,12,16,73,multi-hop,75.0935,0.0,0.0,0,1,1,30,286,286,42884661248,42884661248,8.615,0.03
google/gemma-3-1b-it,NVIDIA GeForce RTX 5060 Ti,42,MuSiQue,12,16,74,multi-hop,91.0542,0.0,0.0,0,1,1,9,265,265,36818124800,36818124800,8.615,0.03
google/gemma-3-1b-it,NVIDIA GeForce RTX 5060 Ti,42,MuSiQue,12,16,75,structural,90.9699,0.0,0.0,0,1,1,101,357,357,66819981312,66819981312,8.615,0.03
google/gemma-3-1b-it,NVIDIA GeForce RTX 5060 Ti,42,MuSiQue,12,16,76,multi-hop,84.2344,0.0,0.0,0,1,1,57,313,313,51363971072,51363971072,8.615,0.03
google/gemma-3-1b-it,NVIDIA GeForce RTX 5060 Ti,42,MuSiQue,12,16,77,semantic,37.9484,0.0,0.0,0,1,1,100,356,356,66446163968,66446163968,8.615,0.03
google/gemma-3-1b-it,NVIDIA GeForce RTX 5060 Ti,42,MuSiQue,12,16,78,semantic,56.7826,0.0,0.0,0,1,1,92,348,348,63493373952,63493373952,8.615,0.03
google/gemma-3-1b-it,NVIDIA GeForce RTX 5060 Ti,42,MuSiQue,12,16,79,semantic,45.7874,0.0,0.0,0,1,1,101,357,357,66819981312,66819981312,8.615,0.03
google/gemma-3-1b-it,NVIDIA GeForce RTX 5060 Ti,42,MuSiQue,12,16,80,structural,40.5304,0.0,0.0,0,1,1,102,358,358,67194847232,67194847232,8.615,0.03
google/gemma-3-1b-it,NVIDIA GeForce RTX 5060 Ti,42,MuSiQue,12,16,81,multi-hop,92.7251,0.0,53.1762,0,1,0,69,325,325,55377920000,55377920000,8.615,0.03
google/gemma-3-1b-it,NVIDIA GeForce RTX 5060 Ti,42,MuSiQue,12,16,82,multi-hop,61.9444,56.5301,52.0169,0,0,0,102,358,358,67194847232,67194847232,8.615,0.03
google/gemma-3-1b-it,NVIDIA GeForce RTX 5060 Ti,42,MuSiQue,12,16,83,structural,54.7229,59.0115,0.0,0,0,1,101,357,357,66819981312,66819981312,8.615,0.03
google/gemma-3-1b-it,NVIDIA GeForce RTX 5060 Ti,42,MuSiQue,12,16,84,semantic,40.2377,0.0,0.0,0,1,1,65,321,321,54023159808,54023159808,8.615,0.03
google/gemma-3-1b-it,NVIDIA GeForce RTX 5060 Ti,42,MuSiQue,12,16,85,semantic,46.2709,0.0,0.0,0,1,1,97,353,353,65331003392,65331003392,8.615,0.03
google/gemma-3-1b-it,NVIDIA GeForce RTX 5060 Ti,42,MuSiQue,12,16,86,multi-hop,65.5091,0.0,0.0,0,1,1,148,404,404,85572190208,85572190208,8.615,0.03
google/gemma-3-1b-it,NVIDIA GeForce RTX 5060 Ti,42,MuSiQue,12,16,87,multi-hop,42.0691,0.0,0.0,0,1,1,119,375,375,73728000000,73728000000,8.615,0.03
google/gemma-3-1b-it,NVIDIA GeForce RTX 5060 Ti,42,MuSiQue,12,16,88,multi-hop,45.5678,48.6285,0.0,0,0,1,89,345,345,62403379200,62403379200,8.615,0.03
google/gemma-3-1b-it,NVIDIA GeForce RTX 5060 Ti,42,MuSiQue,12,16,89,multi-hop,71.0179,0.0,87.7357,0,1,0,89,345,345,62403379200,62403379200,8.615,0.03
google/gemma-3-1b-it,NVIDIA GeForce RTX 5060 Ti,42,MuSiQue,12,16,90,semantic,94.1807,0.0,69.625,0,1,0,115,371,371,72163524608,72163524608,8.615,0.03
google/gemma-3-1b-it,NVIDIA GeForce RTX 5060 Ti,42,MuSiQue,12,16,91,multi-hop,0.0,85.5564,0.0,1,0,1,124,380,380,75707187200,75707187200,8.615,0.03
google/gemma-3-1b-it,NVIDIA GeForce RTX 5060 Ti,42,MuSiQue,12,16,92,semantic,74.7667,0.0,64.506,0,1,0,10,266,266,37096521728,37096521728,8.615,0.03
google/gemma-3-1b-it,NVIDIA GeForce RTX 5060 Ti,42,MuSiQue,12,16,93,semantic,0.0,0.0,0.0,1,1,1,97,353,353,65331003392,65331003392,8.615,0.03
google/gemma-3-1b-it,NVIDIA GeForce RTX 5060 Ti,42,MuSiQue,12,16,94,semantic,52.7981,0.0,0.0,0,1,1,119,375,375,73728000000,73728000000,8.615,0.03
google/gemma-3-1b-it,NVIDIA GeForce RTX 5060 Ti,42,MuSiQue,12,16,95,semantic,66.3587,0.0,0.0,0,1,1,114,370,370,71775027200,71775027200,8.615,0.03
google/gemma-3-1b-it,NVIDIA GeForce RTX 5060 Ti,42,MuSiQue,12,16,96,multi-hop,0.0,59.2264,36.1281,1,0,0,106,362,362,68704796672,68704796672,8.615,0.03
google/gemma-3-1b-it,NVIDIA GeForce RTX 5060 Ti,42,MuSiQue,12,16,97,structural,0.0,58.5369,0.0,1,0,1,124,380,380,75707187200,75707187200,8.615,0.03
google/gemma-3-1b-it,NVIDIA GeForce RTX 5060 Ti,42,MuSiQue,12,16,98,multi-hop,35.4278,0.0,0.0,0,1,1,106,362,362,68704796672,68704796672,8.615,0.03
google/gemma-3-1b-it,NVIDIA GeForce RTX 5060 Ti,42,MuSiQue,12,16,99,semantic,0.0,0.0,0.0,1,1,1,119,375,375,73728000000,73728000000,8.615,0.03
google/gemma-3-1b-it,NVIDIA GeForce RTX 5060 Ti,42,MuSiQue,12,16,100,semantic,74.3498,0.0,0.0,0,1,1,75,331,331,57441517568,57441517568,8.615,0.03
google/gemma-3-1b-it,NVIDIA GeForce RTX 5060 Ti,42,MuSiQue,12,16,101,multi-hop,35.8249,0.0,0.0,0,1,1,119,375,375,73728000000,73728000000,8.615,0.03
google/gemma-3-1b-it,NVIDIA GeForce RTX 5060 Ti,42,MuSiQue,12,16,102,multi-hop,79.9967,0.0,0.0,0,1,1,53,309,309,50059542528,50059542528,8.615,0.03
google/gemma-3-1b-it,NVIDIA GeForce RTX 5060 Ti,42,MuSiQue,12,16,103,semantic,51.7543,0.0,0.0,0,1,1,86,342,342,61322821632,61322821632,8.615,0.03
google/gemma-3-1b-it,NVIDIA GeForce RTX 5060 Ti,42,MuSiQue,12,16,104,multi-hop,41.7274,0.0,0.0,0,1,1,36,292,292,44702892032,44702892032,8.615,0.03
google/gemma-3-1b-it,NVIDIA GeForce RTX 5060 Ti,42,MuSiQue,12,16,105,semantic,56.8593,0.0,0.0,0,1,1,99,355,355,66073395200,66073395200,8.615,0.03
google/gemma-3-1b-it,NVIDIA GeForce RTX 5060 Ti,42,MuSiQue,12,16,106,semantic,50.4006,0.0,0.0,0,1,1,54,310,310,50384076800,50384076800,8.615,0.03
google/gemma-3-1b-it,NVIDIA GeForce RTX 5060 Ti,42,MuSiQue,12,16,107,structural,58.3243,0.0,0.0,0,1,1,118,374,374,73335308288,73335308288,8.615,0.03
google/gemma-3-1b-it,NVIDIA GeForce RTX 5060 Ti,42,MuSiQue,12,16,108,structural,57.9293,66.5012,0.0,0,0,1,83,339,339,60251701248,60251701248,8.615,0.03
google/gemma-3-1b-it,NVIDIA GeForce RTX 5060 Ti,42,MuSiQue,12,16,109,multi-hop,60.7813,45.8214,80.0294,0,0,0,2,100,258,5242880000,34898706432,8.615,0.03
google/gemma-3-1b-it,NVIDIA GeForce RTX 5060 Ti,42,MuSiQue,12,16,110,multi-hop,64.3406,0.0,0.0,0,1,1,4,260,260,35441868800,35441868800,8.615,0.03
google/gemma-3-1b-it,NVIDIA GeForce RTX 5060 Ti,42,MuSiQue,12,16,111,multi-hop,64.2717,61.2568,0.0,0,0,1,116,372,372,72553070592,72553070592,8.615,0.03
google/gemma-3-1b-it,NVIDIA GeForce RTX 5060 Ti,42,MuSiQue,12,16,112,semantic,71.6136,0.0,0.0,0,1,1,103,359,359,67570761728,67570761728,8.615,0.03
google/gemma-3-1b-it,NVIDIA GeForce RTX 5060 Ti,42,MuSiQue,12,16,113,multi-hop,43.593,0.0,0.0,0,1,1,87,343,343,61681958912,61681958912,8.615,0.03
google/gemma-3-1b-it,NVIDIA GeForce RTX 5060 Ti,42,MuSiQue,12,16,114,multi-hop,55.371,0.0,0.0,0,1,1,88,344,344,62042144768,62042144768,8.615,0.03
google/gemma-3-1b-it,NVIDIA GeForce RTX 5060 Ti,42,MuSiQue,12,16,115,multi-hop,70.0614,79.9272,70.1678,0,0,0,106,362,362,68704796672,68704796672,8.615,0.03
google/gemma-3-1b-it,NVIDIA GeForce RTX 5060 Ti,42,MuSiQue,12,16,116,semantic,68.4714,0.0,46.0693,0,1,0,105,361,361,68325736448,68325736448,8.615,0.03
google/gemma-3-1b-it,NVIDIA GeForce RTX 5060 Ti,42,MuSiQue,12,16,117,multi-hop,70.2347,65.7399,0.0,0,0,1,98,354,354,65701675008,65701675008,8.615,0.03
google/gemma-3-1b-it,NVIDIA GeForce RTX 5060 Ti,42,MuSiQue,12,16,118,multi-hop,57.2337,0.0,0.0,0,1,1,102,358,358,67194847232,67194847232,8.615,0.03
google/gemma-3-1b-it,NVIDIA GeForce RTX 5060 Ti,42,MuSiQue,12,16,119,multi-hop,67.5457,95.9642,0.0,0,0,1,97,353,353,65331003392,65331003392,8.615,0.03
google/gemma-3-1b-it,NVIDIA GeForce RTX 5060 Ti,42,MuSiQue,12,16,120,structural,60.5804,0.0,64.9866,0,1,0,7,263,263,36264476672,36264476672,8.615,0.03
google/gemma-3-1b-it,NVIDIA GeForce RTX 5060 Ti,42,MuSiQue,12,16,121,multi-hop,34.1412,0.0,68.1555,0,1,0,105,361,361,68325736448,68325736448,8.615,0.03
google/gemma-3-1b-it,NVIDIA GeForce RTX 5060 Ti,42,MuSiQue,12,16,122,semantic,71.9379,0.0,0.0,0,1,1,5,261,261,35715022848,35715022848,8.615,0.03
google/gemma-3-1b-it,NVIDIA GeForce RTX 5060 Ti,42,MuSiQue,12,16,123,semantic,49.7283,0.0,0.0,0,1,1,121,377,377,74516529152,74516529152,8.615,0.03
google/gemma-3-1b-it,NVIDIA GeForce RTX 5060 Ti,42,MuSiQue,12,16,124,multi-hop,40.3287,36.6428,0.0,0,0,1,7,263,263,36264476672,36264476672,8.615,0.03
google/gemma-3-1b-it,NVIDIA GeForce RTX 5060 Ti,42,MuSiQue,12,16,125,semantic,47.2958,0.0,34.4148,0,1,0,104,360,360,67947724800,67947724800,8.615,0.03
google/gemma-3-1b-it,NVIDIA GeForce RTX 5060 Ti,42,MuSiQue,12,16,126,semantic,66.2936,0.0,0.0,0,1,1,39,295,295,45626163200,45626163200,8.615,0.03
google/gemma-3-1b-it,NVIDIA GeForce RTX 5060 Ti,42,MuSiQue,12,16,127,multi-hop,93.0376,48.4293,0.0,0,0,1,35,291,291,44397232128,44397232128,8.615,0.03
google/gemma-3-1b-it,NVIDIA GeForce RTX 5060 Ti,42,MuSiQue,12,16,128,multi-hop,95.8082,44.2441,0.0,0,0,1,9,265,265,36818124800,36818124800,8.615,0.03
google/gemma-3-1b-it,NVIDIA GeForce RTX 5060 Ti,42,MuSiQue,12,16,129,structural,52.5353,0.0,0.0,0,1,1,75,331,331,57441517568,57441517568,8.615,0.03
google/gemma-3-1b-it,NVIDIA GeForce RTX 5060 Ti,42,MuSiQue,12,16,130,semantic,90.083,0.0,0.0,0,1,1,107,363,363,69084905472,69084905472,8.615,0.03
google/gemma-3-1b-it,NVIDIA GeForce RTX 5060 Ti,42,MuSiQue,12,16,131,semantic,59.2326,0.0,0.0,0,1,1,107,363,363,69084905472,69084905472,8.615,0.03
google/gemma-3-1b-it,NVIDIA GeForce RTX 5060 Ti,42,MuSiQue,12,16,132,semantic,60.9872,0.0,0.0,0,1,1,81,337,337,59542863872,59542863872,8.615,0.03
google/gemma-3-1b-it,NVIDIA GeForce RTX 5060 Ti,42,MuSiQue,12,16,133,multi-hop,81.2932,0.0,0.0,0,1,1,114,370,370,71775027200,71775027200,8.615,0.03
google/gemma-3-1b-it,NVIDIA GeForce RTX 5060 Ti,42,MuSiQue,12,16,134,structural,54.5157,40.7331,0.0,0,0,1,77,333,333,58137772032,58137772032,8.615,0.03
google/gemma-3-1b-it,NVIDIA GeForce RTX 5060 Ti,42,MuSiQue,12,16,135,multi-hop,40.0022,0.0,0.0,0,1,1,123,379,379,75309252608,75309252608,8.615,0.03
google/gemma-3-1b-it,NVIDIA GeForce RTX 5060 Ti,42,MuSiQue,12,16,136,semantic,43.323,0.0,0.0,0,1,1,120,376,376,74121740288,74121740288,8.615,0.03
google/gemma-3-1b-it,NVIDIA GeForce RTX 5060 Ti,42,MuSiQue,12,16,137,semantic,39.6324,0.0,0.0,0,1,1,114,370,370,71775027200,71775027200,8.615,0.03
google/gemma-3-1b-it,NVIDIA GeForce RTX 5060 Ti,42,MuSiQue,12,16,138,semantic,37.2702,0.0,0.0,0,1,1,142,398,398,83049316352,83049316352,8.615,0.03
google/gemma-3-1b-it,NVIDIA GeForce RTX 5060 Ti,42,MuSiQue,12,16,139,multi-hop,45.7498,86.4655,83.1633,0,0,0,77,333,333,58137772032,58137772032,8.615,0.03
google/gemma-3-1b-it,NVIDIA GeForce RTX 5060 Ti,42,MuSiQue,12,16,140,structural,81.2362,0.0,0.0,0,1,1,125,381,381,76106170368,76106170368,8.615,0.03
google/gemma-3-1b-it,NVIDIA GeForce RTX 5060 Ti,42,MuSiQue,12,16,141,semantic,34.5961,0.0,44.5727,0,1,0,88,344,344,62042144768,62042144768,8.615,0.03
google/gemma-3-1b-it,NVIDIA GeForce RTX 5060 Ti,42,MuSiQue,12,16,142,multi-hop,82.8667,67.5493,0.0,0,0,1,53,309,309,50059542528,50059542528,8.615,0.03
google/gemma-3-1b-it,NVIDIA GeForce RTX 5060 Ti,42,MuSiQue,12,16,143,semantic,89.4411,0.0,0.0,0,1,1,115,371,371,72163524608,72163524608,8.615,0.03
google/gemma-3-1b-it,NVIDIA GeForce RTX 5060 Ti,42,MuSiQue,12,16,144,multi-hop,0.0,0.0,70.4765,1,1,0,88,344,344,62042144768,62042144768,8.615,0.03
google/gemma-3-1b-it,NVIDIA GeForce RTX 5060 Ti,42,MuSiQue,12,16,145,multi-hop,49.6091,0.0,0.0,0,1,1,102,358,358,67194847232,67194847232,8.615,0.03
google/gemma-3-1b-it,NVIDIA GeForce RTX 5060 Ti,42,MuSiQue,12,16,146,multi-hop,35.8298,0.0,0.0,0,1,1,20,276,276,39938162688,39938162688,8.615,0.03
google/gemma-3-1b-it,NVIDIA GeForce RTX 5060 Ti,42,MuSiQue,12,16,147,multi-hop,49.2334,0.0,0.0,0,1,1,54,310,310,50384076800,50384076800,8.615,0.03
google/gemma-3-1b-it,NVIDIA GeForce RTX 5060 Ti,42,MuSiQue,12,16,148,multi-hop,68.8233,101.8529,92.5529,0,0,0,118,374,374,73335308288,73335308288,8.615,0.03
google/gemma-3-1b-it,NVIDIA GeForce RTX 5060 Ti,42,MuSiQue,12,16,149,multi-hop,36.0178,66.8499,83.1345,0,0,0,57,313,313,51363971072,51363971072,8.615,0.03
google/gemma-3-1b-it,NVIDIA GeForce RTX 5060 Ti,42,MuSiQue,12,16,150,semantic,65.539,0.0,0.0,0,1,1,110,366,366,70231523328,70231523328,8.615,0.03
google/gemma-3-1b-it,NVIDIA GeForce RTX 5060 Ti,42,MuSiQue,12,16,151,structural,93.9158,0.0,0.0,0,1,1,119,375,375,73728000000,73728000000,8.615,0.03
google/gemma-3-1b-it,NVIDIA GeForce RTX 5060 Ti,42,MuSiQue,12,16,152,structural,88.215,0.0,0.0,0,1,1,109,365,365,69848268800,69848268800,8.615,0.03
google/gemma-3-1b-it,NVIDIA GeForce RTX 5060 Ti,42,MuSiQue,12,16,153,structural,100.2544,94.9762,0.0,0,0,1,103,359,359,67570761728,67570761728,8.615,0.03
google/gemma-3-1b-it,NVIDIA GeForce RTX 5060 Ti,42,MuSiQue,12,16,154,multi-hop,0.0,0.0,0.0,1,1,1,119,375,375,73728000000,73728000000,8.615,0.03
google/gemma-3-1b-it,NVIDIA GeForce RTX 5060 Ti,42,MuSiQue,12,16,155,multi-hop,0.0,33.7545,0.0,1,0,1,68,324,324,55037657088,55037657088,8.615,0.03
google/gemma-3-1b-it,NVIDIA GeForce RTX 5060 Ti,42,MuSiQue,12,16,156,structural,47.4012,0.0,0.0,0,1,1,104,360,360,67947724800,67947724800,8.615,0.03
google/gemma-3-1b-it,NVIDIA GeForce RTX 5060 Ti,42,MuSiQue,12,16,157,multi-hop,0.0,0.0,0.0,1,1,1,115,371,371,72163524608,72163524608,8.615,0.03
google/gemma-3-1b-it,NVIDIA GeForce RTX 5060 Ti,42,MuSiQue,12,16,158,multi-hop,32.3355,0.0,0.0,0,1,1,5,261,261,35715022848,35715022848,8.615,0.03
google/gemma-3-1b-it,NVIDIA GeForce RTX 5060 Ti,42,MuSiQue,12,16,159,structural,43.2751,67.8104,0.0,0,0,1,86,342,342,61322821632,61322821632,8.615,0.03
google/gemma-3-1b-it,NVIDIA GeForce RTX 5060 Ti,42,MuSiQue,12,16,160,semantic,42.1298,0.0,0.0,0,1,1,3,241,259,30451171328,35169763328,8.615,0.03
google/gemma-3-1b-it,NVIDIA GeForce RTX 5060 Ti,42,MuSiQue,12,16,161,multi-hop,36.4162,0.0,0.0,0,1,1,96,352,352,64961380352,64961380352,8.615,0.03
google/gemma-3-1b-it,NVIDIA GeForce RTX 5060 Ti,42,MuSiQue,12,16,162,multi-hop,35.2257,34.301,32.7602,0,0,0,39,295,295,45626163200,45626163200,8.615,0.03
google/gemma-3-1b-it,NVIDIA GeForce RTX 5060 Ti,42,MuSiQue,12,16,163,multi-hop,37.6965,0.0,0.0,0,1,1,53,309,309,50059542528,50059542528,8.615,0.03
google/gemma-3-1b-it,NVIDIA GeForce RTX 5060 Ti,42,MuSiQue,12,16,164,semantic,33.833,0.0,0.0,0,1,1,53,309,309,50059542528,50059542528,8.615,0.03
google/gemma-3-1b-it,NVIDIA GeForce RTX 5060 Ti,42,MuSiQue,12,16,165,multi-hop,40.3057,0.0,0.0,0,1,1,97,353,353,65331003392,65331003392,8.615,0.03
google/gemma-3-1b-it,NVIDIA GeForce RTX 5060 Ti,42,MuSiQue,12,16,166,multi-hop,53.0039,0.0,0.0,0,1,1,103,359,359,67570761728,67570761728,8.615,0.03
google/gemma-3-1b-it,NVIDIA GeForce RTX 5060 Ti,42,MuSiQue,12,16,167,multi-hop,40.9848,90.3303,0.0,0,0,1,35,291,291,44397232128,44397232128,8.615,0.03
google/gemma-3-1b-it,NVIDIA GeForce RTX 5060 Ti,42,MuSiQue,12,16,168,semantic,76.0531,0.0,0.0,0,1,1,111,367,367,70615826432,70615826432,8.615,0.03
google/gemma-3-1b-it,NVIDIA GeForce RTX 5060 Ti,42,MuSiQue,12,16,169,multi-hop,0.0,32.9247,0.0,1,0,1,114,370,370,71775027200,71775027200,8.615,0.03
google/gemma-3-1b-it,NVIDIA GeForce RTX 5060 Ti,42,MuSiQue,12,16,170,multi-hop,34.6899,40.3685,0.0,0,0,1,79,335,335,58838220800,58838220800,8.615,0.03
google/gemma-3-1b-it,NVIDIA GeForce RTX 5060 Ti,42,MuSiQue,12,16,171,multi-hop,32.4802,0.0,0.0,0,1,1,43,299,299,46871871488,46871871488,8.615,0.03
google/gemma-3-1b-it,NVIDIA GeForce RTX 5060 Ti,42,MuSiQue,12,16,172,structural,45.2395,37.9054,37.2463,0,0,0,39,295,295,45626163200,45626163200,8.615,0.03
google/gemma-3-1b-it,NVIDIA GeForce RTX 5060 Ti,42,MuSiQue,12,16,173,multi-hop,30.5048,38.6685,30.3028,0,0,0,77,333,333,58137772032,58137772032,8.615,0.03
google/gemma-3-1b-it,NVIDIA GeForce RTX 5060 Ti,42,MuSiQue,12,16,174,semantic,34.204,0.0,0.0,0,1,1,124,380,380,75707187200,75707187200,8.615,0.03
google/gemma-3-1b-it,NVIDIA GeForce RTX 5060 Ti,42,MuSiQue,12,16,175,multi-hop,34.3946,0.0,0.0,0,1,1,111,367,367,70615826432,70615826432,8.615,0.03
google/gemma-3-1b-it,NVIDIA GeForce RTX 5060 Ti,42,MuSiQue,12,16,176,multi-hop,58.6395,0.0,0.0,0,1,1,90,346,346,62765662208,62765662208,8.615,0.03
google/gemma-3-1b-it,NVIDIA GeForce RTX 5060 Ti,42,MuSiQue,12,16,177,multi-hop,59.5759,0.0,0.0,0,1,1,27,283,283,41989701632,41989701632,8.615,0.03
google/gemma-3-1b-it,NVIDIA GeForce RTX 5060 Ti,42,MuSiQue,12,16,178,structural,59.0204,0.0,0.0,0,1,1,143,399,399,83467173888,83467173888,8.615,0.03
google/gemma-3-1b-it,NVIDIA GeForce RTX 5060 Ti,42,MuSiQue,12,16,179,structural,56.5353,0.0,0.0,0,1,1,30,286,286,42884661248,42884661248,8.615,0.03
google/gemma-3-1b-it,NVIDIA GeForce RTX 5060 Ti,42,MuSiQue,12,16,180,semantic,38.1222,0.0,0.0,0,1,1,19,275,275,39649280000,39649280000,8.615,0.03
google/gemma-3-1b-it,NVIDIA GeForce RTX 5060 Ti,42,MuSiQue,12,16,181,structural,35.2378,0.0,0.0,0,1,1,90,346,346,62765662208,62765662208,8.615,0.03
google/gemma-3-1b-it,NVIDIA GeForce RTX 5060 Ti,42,MuSiQue,12,16,182,multi-hop,0.0,0.0,0.0,1,1,1,54,310,310,50384076800,50384076800,8.615,0.03
google/gemma-3-1b-it,NVIDIA GeForce RTX 5060 Ti,42,MuSiQue,12,16,183,multi-hop,38.8208,0.0,0.0,0,1,1,110,366,366,70231523328,70231523328,8.615,0.03
google/gemma-3-1b-it,NVIDIA GeForce RTX 5060 Ti,42,MuSiQue,12,16,184,structural,52.3827,0.0,0.0,0,1,1,92,348,348,63493373952,63493373952,8.615,0.03
google/gemma-3-1b-it,NVIDIA GeForce RTX 5060 Ti,42,MuSiQue,12,16,185,multi-hop,57.2238,0.0,32.453,0,1,0,100,356,356,66446163968,66446163968,8.615,0.03
google/gemma-3-1b-it,NVIDIA GeForce RTX 5060 Ti,42,MuSiQue,12,16,186,semantic,27.5647,0.0,0.0,0,1,1,109,365,365,69848268800,69848268800,8.615,0.03
google/gemma-3-1b-it,NVIDIA GeForce RTX 5060 Ti,42,MuSiQue,12,16,187,multi-hop,34.2337,0.0,0.0,0,1,1,66,322,322,54360276992,54360276992,8.615,0.03
google/gemma-3-1b-it,NVIDIA GeForce RTX 5060 Ti,42,MuSiQue,12,16,188,multi-hop,32.9072,0.0,0.0,0,1,1,114,370,370,71775027200,71775027200,8.615,0.03
google/gemma-3-1b-it,NVIDIA GeForce RTX 5060 Ti,42,MuSiQue,12,16,189,structural,35.0169,0.0,0.0,0,1,1,111,367,367,70615826432,70615826432,8.615,0.03
google/gemma-3-1b-it,NVIDIA GeForce RTX 5060 Ti,42,MuSiQue,12,16,190,structural,41.7042,0.0,0.0,0,1,1,34,290,290,44092620800,44092620800,8.615,0.03
google/gemma-3-1b-it,NVIDIA GeForce RTX 5060 Ti,42,MuSiQue,12,16,191,structural,27.7924,42.9683,0.0,0,0,1,39,295,295,45626163200,45626163200,8.615,0.03
google/gemma-3-1b-it,NVIDIA GeForce RTX 5060 Ti,42,MuSiQue,12,16,192,multi-hop,64.8137,0.0,0.0,0,1,1,116,372,372,72553070592,72553070592,8.615,0.03
google/gemma-3-1b-it,NVIDIA GeForce RTX 5060 Ti,42,MuSiQue,12,16,193,semantic,27.2282,0.0,55.3613,0,1,0,71,327,327,56061591552,56061591552,8.615,0.03
google/gemma-3-1b-it,NVIDIA GeForce RTX 5060 Ti,42,MuSiQue,12,16,194,multi-hop,30.8943,27.1189,0.0,0,0,1,128,384,384,77309411328,77309411328,8.615,0.03
google/gemma-3-1b-it,NVIDIA GeForce RTX 5060 Ti,42,MuSiQue,12,16,195,multi-hop,51.2992,75.7103,41.3459,0,0,0,104,360,360,67947724800,67947724800,8.615,0.03
google/gemma-3-1b-it,NVIDIA GeForce RTX 5060 Ti,42,MuSiQue,12,16,196,multi-hop,82.6027,0.0,0.0,0,1,1,101,357,357,66819981312,66819981312,8.615,0.03
google/gemma-3-1b-it,NVIDIA GeForce RTX 5060 Ti,42,MuSiQue,12,16,197,semantic,47.8462,0.0,49.8976,0,1,0,72,328,328,56405000192,56405000192,8.615,0.03
google/gemma-3-1b-it,NVIDIA GeForce RTX 5060 Ti,42,MuSiQue,12,16,198,semantic,0.0,34.4836,0.0,1,0,1,91,347,347,63128993792,63128993792,8.615,0.03
google/gemma-3-1b-it,NVIDIA GeForce RTX 5060 Ti,42,MuSiQue,12,16,199,semantic,38.38,0.0,39.4646,0,1,0,13,269,269,37938003968,37938003968,8.615,0.03
google/gemma-3-1b-it,NVIDIA GeForce RTX 5060 Ti,42,MuSiQue,12,16,200,multi-hop,62.8846,0.0,0.0,0,1,1,121,377,377,74516529152,74516529152,8.615,0.03
google/gemma-3-1b-it,NVIDIA GeForce RTX 5060 Ti,42,MuSiQue,12,16,201,multi-hop,31.1934,0.0,0.0,0,1,1,102,358,358,67194847232,67194847232,8.615,0.03
google/gemma-3-1b-it,NVIDIA GeForce RTX 5060 Ti,42,MuSiQue,12,16,202,semantic,32.0055,0.0,0.0,0,1,1,51,307,307,49413619712,49413619712,8.615,0.03
google/gemma-3-1b-it,NVIDIA GeForce RTX 5060 Ti,42,MuSiQue,12,16,203,semantic,44.1337,0.0,0.0,0,1,1,35,291,291,44397232128,44397232128,8.615,0.03
google/gemma-3-1b-it,NVIDIA GeForce RTX 5060 Ti,42,MuSiQue,12,16,204,multi-hop,56.019,66.1793,0.0,0,0,1,112,368,368,71001178112,71001178112,8.615,0.03
google/gemma-3-1b-it,NVIDIA GeForce RTX 5060 Ti,42,MuSiQue,12,16,205,multi-hop,40.4972,36.2905,31.4676,0,0,0,102,358,358,67194847232,67194847232,8.615,0.03
google/gemma-3-1b-it,NVIDIA GeForce RTX 5060 Ti,42,MuSiQue,12,16,206,multi-hop,39.0163,0.0,0.0,0,1,1,99,355,355,66073395200,66073395200,8.615,0.03
google/gemma-3-1b-it,NVIDIA GeForce RTX 5060 Ti,42,MuSiQue,12,16,207,multi-hop,45.8041,0.0,32.2723,0,1,0,91,347,347,63128993792,63128993792,8.615,0.03
google/gemma-3-1b-it,NVIDIA GeForce RTX 5060 Ti,42,MuSiQue,12,16,208,semantic,30.2027,0.0,0.0,0,1,1,120,376,376,74121740288,74121740288,8.615,0.03
google/gemma-3-1b-it,NVIDIA GeForce RTX 5060 Ti,42,MuSiQue,12,16,209,semantic,35.8595,0.0,60.9746,0,1,0,61,317,317,52685176832,52685176832,8.615,0.03
google/gemma-3-1b-it,NVIDIA GeForce RTX 5060 Ti,42,MuSiQue,12,16,210,multi-hop,30.4904,0.0,0.0,0,1,1,110,366,366,70231523328,70231523328,8.615,0.03
google/gemma-3-1b-it,NVIDIA GeForce RTX 5060 Ti,42,MuSiQue,12,16,211,multi-hop,52.4102,74.9829,41.5441,0,0,0,48,304,304,48452599808,48452599808,8.615,0.03
google/gemma-3-1b-it,NVIDIA GeForce RTX 5060 Ti,42,MuSiQue,12,16,212,semantic,58.1664,0.0,49.5613,0,1,0,103,359,359,67570761728,67570761728,8.615,0.03
google/gemma-3-1b-it,NVIDIA GeForce RTX 5060 Ti,42,MuSiQue,12,16,213,structural,37.7174,41.1338,0.0,0,0,1,96,352,352,64961380352,64961380352,8.615,0.03
google/gemma-3-1b-it,NVIDIA GeForce RTX 5060 Ti,42,MuSiQue,12,16,214,multi-hop,63.8738,0.0,0.0,0,1,1,46,302,302,47817162752,47817162752,8.615,0.03
google/gemma-3-1b-it,NVIDIA GeForce RTX 5060 Ti,42,MuSiQue,12,16,215,multi-hop,27.0947,39.9216,48.1402,0,0,0,2,100,258,5242880000,34898706432,8.615,0.03
google/gemma-3-1b-it,NVIDIA GeForce RTX 5060 Ti,42,MuSiQue,12,16,216,multi-hop,30.6899,0.0,0.0,0,1,1,77,333,333,58137772032,58137772032,8.615,0.03
google/gemma-3-1b-it,NVIDIA GeForce RTX 5060 Ti,42,MuSiQue,12,16,217,semantic,33.4825,0.0,0.0,0,1,1,94,350,350,64225280000,64225280000,8.615,0.03
google/gemma-3-1b-it,NVIDIA GeForce RTX 5060 Ti,42,MuSiQue,12,16,218,semantic,34.1839,0.0,0.0,0,1,1,92,348,348,63493373952,63493373952,8.615,0.03
google/gemma-3-1b-it,NVIDIA GeForce RTX 5060 Ti,42,MuSiQue,12,16,219,structural,33.1504,48.6082,0.0,0,0,1,121,377,377,74516529152,74516529152,8.615,0.03
google/gemma-3-1b-it,NVIDIA GeForce RTX 5060 Ti,42,MuSiQue,12,16,220,multi-hop,0.0,0.0,0.0,1,1,1,103,359,359,67570761728,67570761728,8.615,0.03
google/gemma-3-1b-it,NVIDIA GeForce RTX 5060 Ti,42,MuSiQue,12,16,221,semantic,35.1156,0.0,35.2429,0,1,0,57,313,313,51363971072,51363971072,8.615,0.03
google/gemma-3-1b-it,NVIDIA GeForce RTX 5060 Ti,42,MuSiQue,12,16,222,structural,30.3979,32.9458,28.3678,0,0,0,5,261,261,35715022848,35715022848,8.615,0.03
google/gemma-3-1b-it,NVIDIA GeForce RTX 5060 Ti,42,MuSiQue,12,16,223,multi-hop,35.0337,0.0,0.0,0,1,1,33,289,289,43789058048,43789058048,8.615,0.03
google/gemma-3-1b-it,NVIDIA GeForce RTX 5060 Ti,42,MuSiQue,12,16,224,multi-hop,64.1332,0.0,0.0,0,1,1,103,359,359,67570761728,67570761728,8.615,0.03
google/gemma-3-1b-it,NVIDIA GeForce RTX 5060 Ti,42,MuSiQue,12,16,225,structural,38.8893,34.4956,43.6787,0,0,0,115,371,371,72163524608,72163524608,8.615,0.03
google/gemma-3-1b-it,NVIDIA GeForce RTX 5060 Ti,42,MuSiQue,12,16,226,semantic,0.0,0.0,0.0,1,1,1,92,348,348,63493373952,63493373952,8.615,0.03
google/gemma-3-1b-it,NVIDIA GeForce RTX 5060 Ti,42,MuSiQue,12,16,227,semantic,50.0609,0.0,0.0,0,1,1,39,295,295,45626163200,45626163200,8.615,0.03
google/gemma-3-1b-it,NVIDIA GeForce RTX 5060 Ti,42,MuSiQue,12,16,228,structural,58.322,0.0,0.0,0,1,1,137,393,393,80975757312,80975757312,8.615,0.03
google/gemma-3-1b-it,NVIDIA GeForce RTX 5060 Ti,42,MuSiQue,12,16,229,multi-hop,26.3285,0.0,0.0,0,1,1,92,348,348,63493373952,63493373952,8.615,0.03
google/gemma-3-1b-it,NVIDIA GeForce RTX 5060 Ti,42,MuSiQue,12,16,230,structural,26.9224,40.2637,26.6532,0,0,0,105,361,361,68325736448,68325736448,8.615,0.03
google/gemma-3-1b-it,NVIDIA GeForce RTX 5060 Ti,42,MuSiQue,12,16,231,semantic,31.6191,0.0,45.9024,0,1,0,103,359,359,67570761728,67570761728,8.615,0.03
google/gemma-3-1b-it,NVIDIA GeForce RTX 5060 Ti,42,MuSiQue,12,16,232,structural,29.149,27.1863,0.0,0,0,1,137,393,393,80975757312,80975757312,8.615,0.03
google/gemma-3-1b-it,NVIDIA GeForce RTX 5060 Ti,42,MuSiQue,12,16,233,structural,29.0985,34.5203,27.2645,0,0,0,39,295,295,45626163200,45626163200,8.615,0.03
google/gemma-3-1b-it,NVIDIA GeForce RTX 5060 Ti,42,MuSiQue,12,16,234,semantic,35.565,0.0,0.0,0,1,1,87,343,343,61681958912,61681958912,8.615,0.03
google/gemma-3-1b-it,NVIDIA GeForce RTX 5060 Ti,42,MuSiQue,12,16,235,multi-hop,0.0,0.0,0.0,1,1,1,39,295,295,45626163200,45626163200,8.615,0.03
google/gemma-3-1b-it,NVIDIA GeForce RTX 5060 Ti,42,MuSiQue,12,16,236,multi-hop,81.7003,0.0,0.0,0,1,1,114,370,370,71775027200,71775027200,8.615,0.03
google/gemma-3-1b-it,NVIDIA GeForce RTX 5060 Ti,42,MuSiQue,12,16,237,structural,77.3672,30.4821,0.0,0,0,1,111,367,367,70615826432,70615826432,8.615,0.03
google/gemma-3-1b-it,NVIDIA GeForce RTX 5060 Ti,42,MuSiQue,12,16,238,multi-hop,68.1242,0.0,0.0,0,1,1,108,364,364,69466062848,69466062848,8.615,0.03
google/gemma-3-1b-it,NVIDIA GeForce RTX 5060 Ti,42,MuSiQue,12,16,239,structural,31.2859,56.3544,33.4611,0,0,0,96,352,352,64961380352,64961380352,8.615,0.03
google/gemma-3-1b-it,NVIDIA GeForce RTX 5060 Ti,42,MuSiQue,12,16,240,multi-hop,28.089,0.0,0.0,0,1,1,102,358,358,67194847232,67194847232,8.615,0.03
google/gemma-3-1b-it,NVIDIA GeForce RTX 5060 Ti,42,MuSiQue,12,16,241,multi-hop,32.2409,0.0,0.0,0,1,1,100,356,356,66446163968,66446163968,8.615,0.03
google/gemma-3-1b-it,NVIDIA GeForce RTX 5060 Ti,42,MuSiQue,12,16,242,multi-hop,52.1862,34.2566,0.0,0,0,1,105,361,361,68325736448,68325736448,8.615,0.03
google/gemma-3-1b-it,NVIDIA GeForce RTX 5060 Ti,42,MuSiQue,12,16,243,multi-hop,36.5609,0.0,0.0,0,1,1,108,364,364,69466062848,69466062848,8.615,0.03
google/gemma-3-1b-it,NVIDIA GeForce RTX 5060 Ti,42,MuSiQue,12,16,244,semantic,36.0667,0.0,0.0,0,1,1,77,333,333,58137772032,58137772032,8.615,0.03
google/gemma-3-1b-it,NVIDIA GeForce RTX 5060 Ti,42,MuSiQue,12,16,245,multi-hop,45.0579,48.5798,30.0757,0,0,0,102,358,358,67194847232,67194847232,8.615,0.03
google/gemma-3-1b-it,NVIDIA GeForce RTX 5060 Ti,42,MuSiQue,12,16,246,structural,31.1646,0.0,0.0,0,1,1,113,369,369,71387578368,71387578368,8.615,0.03
google/gemma-3-1b-it,NVIDIA GeForce RTX 5060 Ti,42,MuSiQue,12,16,247,structural,31.8527,0.0,0.0,0,1,1,37,293,293,45009600512,45009600512,8.615,0.03
google/gemma-3-1b-it,NVIDIA GeForce RTX 5060 Ti,42,MuSiQue,12,16,248,semantic,58.4152,0.0,0.0,0,1,1,16,272,272,38788923392,38788923392,8.615,0.03
google/gemma-3-1b-it,NVIDIA GeForce RTX 5060 Ti,42,MuSiQue,12,16,249,multi-hop,36.0122,0.0,0.0,0,1,1,110,366,366,70231523328,70231523328,8.615,0.03
google/gemma-3-1b-it,NVIDIA GeForce RTX 5060 Ti,42,MuSiQue,12,16,250,semantic,36.3467,0.0,0.0,0,1,1,99,355,355,66073395200,66073395200,8.615,0.03
google/gemma-3-1b-it,NVIDIA GeForce RTX 5060 Ti,42,MuSiQue,12,16,251,multi-hop,71.0983,0.0,0.0,0,1,1,112,368,368,71001178112,71001178112,8.615,0.03
google/gemma-3-1b-it,NVIDIA GeForce RTX 5060 Ti,42,MuSiQue,12,16,252,multi-hop,26.0929,0.0,0.0,0,1,1,2,100,258,5242880000,34898706432,8.615,0.03
google/gemma-3-1b-it,NVIDIA GeForce RTX 5060 Ti,42,MuSiQue,12,16,253,multi-hop,32.166,0.0,0.0,0,1,1,30,286,286,42884661248,42884661248,8.615,0.03
google/gemma-3-1b-it,NVIDIA GeForce RTX 5060 Ti,42,MuSiQue,12,16,254,multi-hop,29.6537,29.6162,39.2659,0,0,0,20,276,276,39938162688,39938162688,8.615,0.03
google/gemma-3-1b-it,NVIDIA GeForce RTX 5060 Ti,42,MuSiQue,12,16,255,multi-hop,74.0037,28.9065,29.2844,0,0,0,84,340,340,60607692800,60607692800,8.615,0.03
google/gemma-3-1b-it,NVIDIA GeForce RTX 5060 Ti,42,MuSiQue,12,16,256,multi-hop,28.7509,0.0,0.0,0,1,1,101,357,357,66819981312,66819981312,8.615,0.03
google/gemma-3-1b-it,NVIDIA GeForce RTX 5060 Ti,42,MuSiQue,12,16,257,semantic,54.4949,0.0,0.0,0,1,1,9,265,265,36818124800,36818124800,8.615,0.03
google/gemma-3-1b-it,NVIDIA GeForce RTX 5060 Ti,42,MuSiQue,12,16,258,multi-hop,29.868,0.0,0.0,0,1,1,33,289,289,43789058048,43789058048,8.615,0.03
google/gemma-3-1b-it,NVIDIA GeForce RTX 5060 Ti,42,MuSiQue,12,16,259,multi-hop,32.8137,0.0,0.0,0,1,1,132,388,388,78928412672,78928412672,8.615,0.03
google/gemma-3-1b-it,NVIDIA GeForce RTX 5060 Ti,42,MuSiQue,12,16,260,structural,33.8127,0.0,0.0,0,1,1,100,356,356,66446163968,66446163968,8.615,0.03
google/gemma-3-1b-it,NVIDIA GeForce RTX 5060 Ti,42,MuSiQue,12,16,261,semantic,30.7279,0.0,0.0,0,1,1,141,397,397,82632507392,82632507392,8.615,0.03
google/gemma-3-1b-it,NVIDIA GeForce RTX 5060 Ti,42,MuSiQue,12,16,262,multi-hop,37.3348,50.4371,35.2976,0,0,0,121,377,377,74516529152,74516529152,8.615,0.03
google/gemma-3-1b-it,NVIDIA GeForce RTX 5060 Ti,42,MuSiQue,12,16,263,semantic,35.6171,0.0,0.0,0,1,1,46,302,302,47817162752,47817162752,8.615,0.03
google/gemma-3-1b-it,NVIDIA GeForce RTX 5060 Ti,42,MuSiQue,12,16,264,semantic,43.7869,0.0,0.0,0,1,1,19,275,275,39649280000,39649280000,8.615,0.03
google/gemma-3-1b-it,NVIDIA GeForce RTX 5060 Ti,42,MuSiQue,12,16,265,semantic,31.1241,0.0,0.0,0,1,1,92,348,348,63493373952,63493373952,8.615,0.03
google/gemma-3-1b-it,NVIDIA GeForce RTX 5060 Ti,42,MuSiQue,12,16,266,semantic,30.8262,0.0,0.0,0,1,1,104,360,360,67947724800,67947724800,8.615,0.03
google/gemma-3-1b-it,NVIDIA GeForce RTX 5060 Ti,42,MuSiQue,12,16,267,structural,27.9782,0.0,0.0,0,1,1,60,316,316,52353302528,52353302528,8.615,0.03
google/gemma-3-1b-it,NVIDIA GeForce RTX 5060 Ti,42,MuSiQue,12,16,268,structural,37.5957,41.0461,39.3969,0,0,0,104,360,360,67947724800,67947724800,8.615,0.03
google/gemma-3-1b-it,NVIDIA GeForce RTX 5060 Ti,42,MuSiQue,12,16,269,semantic,28.1021,0.0,0.0,0,1,1,116,372,372,72553070592,72553070592,8.615,0.03
google/gemma-3-1b-it,NVIDIA GeForce RTX 5060 Ti,42,MuSiQue,12,16,270,multi-hop,48.3341,0.0,0.0,0,1,1,99,355,355,66073395200,66073395200,8.615,0.03
google/gemma-3-1b-it,NVIDIA GeForce RTX 5060 Ti,42,MuSiQue,12,16,271,multi-hop,57.1941,0.0,0.0,0,1,1,103,359,359,67570761728,67570761728,8.615,0.03
google/gemma-3-1b-it,NVIDIA GeForce RTX 5060 Ti,42,MuSiQue,12,16,272,semantic,74.2993,0.0,60.6298,0,1,0,86,342,342,61322821632,61322821632,8.615,0.03
google/gemma-3-1b-it,NVIDIA GeForce RTX 5060 Ti,42,MuSiQue,12,16,273,multi-hop,26.1223,0.0,0.0,0,1,1,60,316,316,52353302528,52353302528,8.615,0.03
google/gemma-3-1b-it,NVIDIA GeForce RTX 5060 Ti,42,MuSiQue,12,16,274,multi-hop,36.8878,44.5844,25.2987,0,0,0,106,362,362,68704796672,68704796672,8.615,0.03
google/gemma-3-1b-it,NVIDIA GeForce RTX 5060 Ti,42,MuSiQue,12,16,275,multi-hop,28.7783,0.0,0.0,0,1,1,103,359,359,67570761728,67570761728,8.615,0.03
google/gemma-3-1b-it,NVIDIA GeForce RTX 5060 Ti,42,MuSiQue,12,16,276,multi-hop,30.7241,0.0,0.0,0,1,1,87,343,343,61681958912,61681958912,8.615,0.03
google/gemma-3-1b-it,NVIDIA GeForce RTX 5060 Ti,42,MuSiQue,12,16,277,structural,68.3237,0.0,0.0,0,1,1,67,323,323,54698442752,54698442752,8.615,0.03
google/gemma-3-1b-it,NVIDIA GeForce RTX 5060 Ti,42,MuSiQue,12,16,278,multi-hop,34.2218,30.6533,0.0,0,0,1,88,344,344,62042144768,62042144768,8.615,0.03
google/gemma-3-1b-it,NVIDIA GeForce RTX 5060 Ti,42,MuSiQue,12,16,279,structural,81.1908,64.8393,36.7178,0,0,0,119,375,375,73728000000,73728000000,8.615,0.03
google/gemma-3-1b-it,NVIDIA GeForce RTX 5060 Ti,42,MuSiQue,12,16,280,multi-hop,46.3657,30.7423,34.7439,0,0,0,103,359,359,67570761728,67570761728,8.615,0.03
google/gemma-3-1b-it,NVIDIA GeForce RTX 5060 Ti,42,MuSiQue,12,16,281,semantic,34.9768,0.0,0.0,0,1,1,72,328,328,56405000192,56405000192,8.615,0.03
google/gemma-3-1b-it,NVIDIA GeForce RTX 5060 Ti,42,MuSiQue,12,16,282,semantic,29.8423,0.0,0.0,0,1,1,4,260,260,35441868800,35441868800,8.615,0.03
google/gemma-3-1b-it,NVIDIA GeForce RTX 5060 Ti,42,MuSiQue,12,16,283,structural,26.9744,73.1905,71.1237,0,0,0,72,328,328,56405000192,56405000192,8.615,0.03
google/gemma-3-1b-it,NVIDIA GeForce RTX 5060 Ti,42,MuSiQue,12,16,284,multi-hop,43.4886,36.8112,30.7705,0,0,0,88,344,344,62042144768,62042144768,8.615,0.03
google/gemma-3-1b-it,NVIDIA GeForce RTX 5060 Ti,42,MuSiQue,12,16,285,structural,45.9381,0.0,0.0,0,1,1,103,359,359,67570761728,67570761728,8.615,0.03
google/gemma-3-1b-it,NVIDIA GeForce RTX 5060 Ti,42,MuSiQue,12,16,286,multi-hop,31.2086,0.0,0.0,0,1,1,111,367,367,70615826432,70615826432,8.615,0.03
google/gemma-3-1b-it,NVIDIA GeForce RTX 5060 Ti,42,MuSiQue,12,16,287,structural,26.9662,41.1324,29.9956,0,0,0,93,349,349,63858802688,63858802688,8.615,0.03
google/gemma-3-1b-it,NVIDIA GeForce RTX 5060 Ti,42,MuSiQue,12,16,288,multi-hop,27.0089,0.0,0.0,0,1,1,110,366,366,70231523328,70231523328,8.615,0.03
google/gemma-3-1b-it,NVIDIA GeForce RTX 5060 Ti,42,MuSiQue,12,16,289,multi-hop,30.9888,0.0,0.0,0,1,1,62,318,318,53018099712,53018099712,8.615,0.03
google/gemma-3-1b-it,NVIDIA GeForce RTX 5060 Ti,42,MuSiQue,12,16,290,semantic,32.7539,0.0,0.0,0,1,1,115,371,371,72163524608,72163524608,8.615,0.03
google/gemma-3-1b-it,NVIDIA GeForce RTX 5060 Ti,42,MuSiQue,12,16,291,multi-hop,27.3493,0.0,0.0,0,1,1,7,263,263,36264476672,36264476672,8.615,0.03
google/gemma-3-1b-it,NVIDIA GeForce RTX 5060 Ti,42,MuSiQue,12,16,292,multi-hop,65.8187,0.0,70.2703,0,1,0,86,342,342,61322821632,61322821632,8.615,0.03
google/gemma-3-1b-it,NVIDIA GeForce RTX 5060 Ti,42,MuSiQue,12,16,293,multi-hop,0.0,68.512,0.0,1,0,1,96,352,352,64961380352,64961380352,8.615,0.03
google/gemma-3-1b-it,NVIDIA GeForce RTX 5060 Ti,42,MuSiQue,12,16,294,multi-hop,26.1639,29.5612,32.7587,0,0,0,111,367,367,70615826432,70615826432,8.615,0.03
google/gemma-3-1b-it,NVIDIA GeForce RTX 5060 Ti,42,MuSiQue,12,16,295,semantic,46.3298,0.0,0.0,0,1,1,105,361,361,68325736448,68325736448,8.615,0.03
google/gemma-3-1b-it,NVIDIA GeForce RTX 5060 Ti,42,MuSiQue,12,16,296,multi-hop,33.8655,72.96,58.361,0,0,0,148,404,404,85572190208,85572190208,8.615,0.03
google/gemma-3-1b-it,NVIDIA GeForce RTX 5060 Ti,42,MuSiQue,12,16,297,multi-hop,31.9045,32.6417,39.054,0,0,0,77,333,333,58137772032,58137772032,8.615,0.03
google/gemma-3-1b-it,NVIDIA GeForce RTX 5060 Ti,42,MuSiQue,12,16,298,structural,35.4461,38.4648,0.0,0,0,1,94,350,350,64225280000,64225280000,8.615,0.03
google/gemma-3-1b-it,NVIDIA GeForce RTX 5060 Ti,42,MuSiQue,12,16,299,semantic,36.0171,0.0,0.0,0,1,1,65,321,321,54023159808,54023159808,8.615,0.03
google/gemma-3-1b-it,NVIDIA GeForce RTX 5060 Ti,42,MuSiQue,12,16,300,multi-hop,32.5535,0.0,0.0,0,1,1,120,376,376,74121740288,74121740288,8.615,0.03
google/gemma-3-1b-it,NVIDIA GeForce RTX 5060 Ti,42,MuSiQue,12,16,301,multi-hop,30.4291,40.0488,43.6539,0,0,0,131,387,387,78522089472,78522089472,8.615,0.03
google/gemma-3-1b-it,NVIDIA GeForce RTX 5060 Ti,42,MuSiQue,12,16,302,structural,28.3354,53.2938,0.0,0,0,1,88,344,344,62042144768,62042144768,8.615,0.03
google/gemma-3-1b-it,NVIDIA GeForce RTX 5060 Ti,42,MuSiQue,12,16,303,semantic,46.3915,0.0,0.0,0,1,1,132,388,388,78928412672,78928412672,8.615,0.03
google/gemma-3-1b-it,NVIDIA GeForce RTX 5060 Ti,42,MuSiQue,12,16,304,multi-hop,60.4141,0.0,0.0,0,1,1,88,344,344,62042144768,62042144768,8.615,0.03
google/gemma-3-1b-it,NVIDIA GeForce RTX 5060 Ti,42,MuSiQue,12,16,305,multi-hop,37.2328,0.0,0.0,0,1,1,101,357,357,66819981312,66819981312,8.615,0.03
google/gemma-3-1b-it,NVIDIA GeForce RTX 5060 Ti,42,MuSiQue,12,16,306,semantic,34.8198,0.0,0.0,0,1,1,121,377,377,74516529152,74516529152,8.615,0.03
google/gemma-3-1b-it,NVIDIA GeForce RTX 5060 Ti,42,MuSiQue,12,16,307,semantic,27.2209,0.0,50.2405,0,1,0,91,347,347,63128993792,63128993792,8.615,0.03
google/gemma-3-1b-it,NVIDIA GeForce RTX 5060 Ti,42,MuSiQue,12,16,308,multi-hop,34.4131,39.9088,0.0,0,0,1,43,299,299,46871871488,46871871488,8.615,0.03
google/gemma-3-1b-it,NVIDIA GeForce RTX 5060 Ti,42,MuSiQue,12,16,309,multi-hop,31.1003,0.0,0.0,0,1,1,101,357,357,66819981312,66819981312,8.615,0.03
google/gemma-3-1b-it,NVIDIA GeForce RTX 5060 Ti,42,MuSiQue,12,16,310,structural,68.4659,0.0,0.0,0,1,1,96,352,352,64961380352,64961380352,8.615,0.03
google/gemma-3-1b-it,NVIDIA GeForce RTX 5060 Ti,42,MuSiQue,12,16,311,multi-hop,33.325,61.5789,0.0,0,0,1,111,367,367,70615826432,70615826432,8.615,0.03
google/gemma-3-1b-it,NVIDIA GeForce RTX 5060 Ti,42,MuSiQue,12,16,312,multi-hop,31.3317,28.0954,37.0629,0,0,0,13,269,269,37938003968,37938003968,8.615,0.03
google/gemma-3-1b-it,NVIDIA GeForce RTX 5060 Ti,42,MuSiQue,12,16,313,structural,36.5374,46.9091,30.4511,0,0,0,110,366,366,70231523328,70231523328,8.615,0.03
google/gemma-3-1b-it,NVIDIA GeForce RTX 5060 Ti,42,MuSiQue,12,16,314,structural,25.9198,77.7305,43.4386,0,0,0,46,302,302,47817162752,47817162752,8.615,0.03
google/gemma-3-1b-it,NVIDIA GeForce RTX 5060 Ti,42,MuSiQue,12,16,315,multi-hop,29.555,31.8383,47.8309,0,0,0,12,268,268,37656461312,37656461312,8.615,0.03
google/gemma-3-1b-it,NVIDIA GeForce RTX 5060 Ti,42,MuSiQue,12,16,316,semantic,38.6156,0.0,0.0,0,1,1,5,261,261,35715022848,35715022848,8.615,0.03
google/gemma-3-1b-it,NVIDIA GeForce RTX 5060 Ti,42,MuSiQue,12,16,317,multi-hop,53.7399,0.0,0.0,0,1,1,101,357,357,66819981312,66819981312,8.615,0.03
google/gemma-3-1b-it,NVIDIA GeForce RTX 5060 Ti,42,MuSiQue,12,16,318,multi-hop,47.5008,0.0,0.0,0,1,1,124,380,380,75707187200,75707187200,8.615,0.03
google/gemma-3-1b-it,NVIDIA GeForce RTX 5060 Ti,42,MuSiQue,12,16,319,semantic,31.1865,0.0,0.0,0,1,1,106,362,362,68704796672,68704796672,8.615,0.03
google/gemma-3-1b-it,NVIDIA GeForce RTX 5060 Ti,42,MuSiQue,12,16,320,multi-hop,31.377,0.0,0.0,0,1,1,103,359,359,67570761728,67570761728,8.615,0.03
google/gemma-3-1b-it,NVIDIA GeForce RTX 5060 Ti,42,MuSiQue,12,16,321,multi-hop,32.1643,0.0,0.0,0,1,1,104,360,360,67947724800,67947724800,8.615,0.03
google/gemma-3-1b-it,NVIDIA GeForce RTX 5060 Ti,42,MuSiQue,12,16,322,multi-hop,59.4008,49.2219,0.0,0,0,1,111,367,367,70615826432,70615826432,8.615,0.03
google/gemma-3-1b-it,NVIDIA GeForce RTX 5060 Ti,42,MuSiQue,12,16,323,structural,0.0,0.0,0.0,1,1,1,129,385,385,77712588800,77712588800,8.615,0.03
google/gemma-3-1b-it,NVIDIA GeForce RTX 5060 Ti,42,MuSiQue,12,16,324,semantic,29.6818,0.0,0.0,0,1,1,112,368,368,71001178112,71001178112,8.615,0.03
google/gemma-3-1b-it,NVIDIA GeForce RTX 5060 Ti,42,MuSiQue,12,16,325,semantic,52.6805,0.0,0.0,0,1,1,119,375,375,73728000000,73728000000,8.615,0.03
google/gemma-3-1b-it,NVIDIA GeForce RTX 5060 Ti,42,MuSiQue,12,16,326,multi-hop,50.9329,27.9914,0.0,0,0,1,71,327,327,56061591552,56061591552,8.615,0.03
google/gemma-3-1b-it,NVIDIA GeForce RTX 5060 Ti,42,MuSiQue,12,16,327,structural,28.7951,0.0,33.1512,0,1,0,121,377,377,74516529152,74516529152,8.615,0.03
google/gemma-3-1b-it,NVIDIA GeForce RTX 5060 Ti,42,MuSiQue,12,16,328,multi-hop,39.929,0.0,27.196,0,1,0,40,296,296,45936017408,45936017408,8.615,0.03
google/gemma-3-1b-it,NVIDIA GeForce RTX 5060 Ti,42,MuSiQue,12,16,329,multi-hop,32.6061,47.2289,0.0,0,0,1,20,276,276,39938162688,39938162688,8.615,0.03
google/gemma-3-1b-it,NVIDIA GeForce RTX 5060 Ti,42,MuSiQue,12,16,330,structural,34.9002,0.0,0.0,0,1,1,96,352,352,64961380352,64961380352,8.615,0.03
google/gemma-3-1b-it,NVIDIA GeForce RTX 5060 Ti,42,MuSiQue,12,16,331,multi-hop,27.7188,0.0,0.0,0,1,1,104,360,360,67947724800,67947724800,8.615,0.03
google/gemma-3-1b-it,NVIDIA GeForce RTX 5060 Ti,42,MuSiQue,12,16,332,multi-hop,84.7729,45.783,0.0,0,0,1,73,329,329,56749457408,56749457408,8.615,0.03
google/gemma-3-1b-it,NVIDIA GeForce RTX 5060 Ti,42,MuSiQue,12,16,333,semantic,65.5648,0.0,0.0,0,1,1,114,370,370,71775027200,71775027200,8.615,0.03
google/gemma-3-1b-it,NVIDIA GeForce RTX 5060 Ti,42,MuSiQue,12,16,334,semantic,28.8255,0.0,0.0,0,1,1,170,426,426,95145689088,95145689088,8.615,0.03
google/gemma-3-1b-it,NVIDIA GeForce RTX 5060 Ti,42,MuSiQue,12,16,335,multi-hop,30.2291,0.0,0.0,0,1,1,14,270,270,38220595200,38220595200,8.615,0.03
google/gemma-3-1b-it,NVIDIA GeForce RTX 5060 Ti,42,MuSiQue,12,16,336,multi-hop,29.5825,0.0,0.0,0,1,1,118,374,374,73335308288,73335308288,8.615,0.03
google/gemma-3-1b-it,NVIDIA GeForce RTX 5060 Ti,42,MuSiQue,12,16,337,structural,28.7901,29.6281,0.0,0,0,1,4,260,260,35441868800,35441868800,8.615,0.03
google/gemma-3-1b-it,NVIDIA GeForce RTX 5060 Ti,42,MuSiQue,12,16,338,multi-hop,39.7217,0.0,0.0,0,1,1,87,343,343,61681958912,61681958912,8.615,0.03
google/gemma-3-1b-it,NVIDIA GeForce RTX 5060 Ti,42,MuSiQue,12,16,339,multi-hop,32.7045,0.0,0.0,0,1,1,114,370,370,71775027200,71775027200,8.615,0.03
google/gemma-3-1b-it,NVIDIA GeForce RTX 5060 Ti,42,MuSiQue,12,16,340,semantic,33.5799,0.0,25.9603,0,1,0,26,282,282,41693478912,41693478912,8.615,0.03
google/gemma-3-1b-it,NVIDIA GeForce RTX 5060 Ti,42,MuSiQue,12,16,341,semantic,0.0,0.0,0.0,1,1,1,25,281,281,41398304768,41398304768,8.615,0.03
google/gemma-3-1b-it,NVIDIA GeForce RTX 5060 Ti,42,MuSiQue,12,16,342,multi-hop,29.5614,0.0,64.0675,0,1,0,4,260,260,35441868800,35441868800,8.615,0.03
google/gemma-3-1b-it,NVIDIA GeForce RTX 5060 Ti,42,MuSiQue,12,16,343,structural,39.3932,74.2178,0.0,0,0,1,110,366,366,70231523328,70231523328,8.615,0.03
google/gemma-3-1b-it,NVIDIA GeForce RTX 5060 Ti,42,MuSiQue,12,16,344,multi-hop,70.2429,30.8811,34.5798,0,0,0,2,100,258,5242880000,34898706432,8.615,0.03
google/gemma-3-1b-it,NVIDIA GeForce RTX 5060 Ti,42,MuSiQue,12,16,345,semantic,28.2155,0.0,0.0,0,1,1,115,371,371,72163524608,72163524608,8.615,0.03
google/gemma-3-1b-it,NVIDIA GeForce RTX 5060 Ti,42,MuSiQue,12,16,346,semantic,39.2528,0.0,0.0,0,1,1,115,371,371,72163524608,72163524608,8.615,0.03
google/gemma-3-1b-it,NVIDIA GeForce RTX 5060 Ti,42,MuSiQue,12,16,347,structural,80.4828,73.0808,37.955,0,0,0,92,348,348,63493373952,63493373952,8.615,0.03
google/gemma-3-1b-it,NVIDIA GeForce RTX 5060 Ti,42,MuSiQue,12,16,348,structural,35.347,33.5147,50.7342,0,0,0,89,345,345,62403379200,62403379200,8.615,0.03
google/gemma-3-1b-it,NVIDIA GeForce RTX 5060 Ti,42,MuSiQue,12,16,349,semantic,0.0,0.0,0.0,1,1,1,115,371,371,72163524608,72163524608,8.615,0.03
google/gemma-3-1b-it,NVIDIA GeForce RTX 5060 Ti,42,MuSiQue,12,16,350,semantic,32.2907,0.0,0.0,0,1,1,100,356,356,66446163968,66446163968,8.615,0.03
google/gemma-3-1b-it,NVIDIA GeForce RTX 5060 Ti,42,MuSiQue,12,16,351,multi-hop,36.0042,25.9795,53.7909,0,0,0,110,366,366,70231523328,70231523328,8.615,0.03
google/gemma-3-1b-it,NVIDIA GeForce RTX 5060 Ti,42,MuSiQue,12,16,352,structural,59.3643,0.0,0.0,0,1,1,90,346,346,62765662208,62765662208,8.615,0.03
google/gemma-3-1b-it,NVIDIA GeForce RTX 5060 Ti,42,MuSiQue,12,16,353,semantic,61.8414,0.0,0.0,0,1,1,72,328,328,56405000192,56405000192,8.615,0.03
google/gemma-3-1b-it,NVIDIA GeForce RTX 5060 Ti,42,MuSiQue,12,16,354,semantic,37.0169,0.0,0.0,0,1,1,33,289,289,43789058048,43789058048,8.615,0.03
google/gemma-3-1b-it,NVIDIA GeForce RTX 5060 Ti,42,MuSiQue,12,16,355,semantic,33.6744,0.0,0.0,0,1,1,99,355,355,66073395200,66073395200,8.615,0.03
google/gemma-3-1b-it,NVIDIA GeForce RTX 5060 Ti,42,MuSiQue,12,16,356,multi-hop,104.2917,38.6691,66.4709,0,0,0,123,379,379,75309252608,75309252608,8.615,0.03
google/gemma-3-1b-it,NVIDIA GeForce RTX 5060 Ti,42,MuSiQue,12,16,357,structural,57.9659,0.0,0.0,0,1,1,95,351,351,64592805888,64592805888,8.615,0.03
google/gemma-3-1b-it,NVIDIA GeForce RTX 5060 Ti,42,MuSiQue,12,16,358,multi-hop,32.2425,33.4227,35.7763,0,0,0,102,358,358,67194847232,67194847232,8.615,0.03
google/gemma-3-1b-it,NVIDIA GeForce RTX 5060 Ti,42,MuSiQue,12,16,359,structural,28.7632,56.5276,38.059,0,0,0,107,363,363,69084905472,69084905472,8.615,0.03
google/gemma-3-1b-it,NVIDIA GeForce RTX 5060 Ti,42,MuSiQue,12,16,360,structural,32.2626,38.8871,0.0,0,0,1,57,313,313,51363971072,51363971072,8.615,0.03
google/gemma-3-1b-it,NVIDIA GeForce RTX 5060 Ti,42,MuSiQue,12,16,361,semantic,35.4123,0.0,0.0,0,1,1,121,377,377,74516529152,74516529152,8.615,0.03
google/gemma-3-1b-it,NVIDIA GeForce RTX 5060 Ti,42,MuSiQue,12,16,362,multi-hop,35.727,0.0,0.0,0,1,1,110,366,366,70231523328,70231523328,8.615,0.03
google/gemma-3-1b-it,NVIDIA GeForce RTX 5060 Ti,42,MuSiQue,12,16,363,structural,47.4268,34.0211,50.9499,0,0,0,132,388,388,78928412672,78928412672,8.615,0.03
google/gemma-3-1b-it,NVIDIA GeForce RTX 5060 Ti,42,MuSiQue,12,16,364,semantic,25.1648,0.0,0.0,0,1,1,12,268,268,37656461312,37656461312,8.615,0.03
google/gemma-3-1b-it,NVIDIA GeForce RTX 5060 Ti,42,MuSiQue,12,16,365,semantic,52.6658,0.0,0.0,0,1,1,109,365,365,69848268800,69848268800,8.615,0.03
google/gemma-3-1b-it,NVIDIA GeForce RTX 5060 Ti,42,MuSiQue,12,16,366,multi-hop,35.178,60.8422,0.0,0,0,1,3,207,259,22465216512,35169763328,8.615,0.03
google/gemma-3-1b-it,NVIDIA GeForce RTX 5060 Ti,42,MuSiQue,12,16,367,semantic,44.3574,0.0,0.0,0,1,1,88,344,344,62042144768,62042144768,8.615,0.03
google/gemma-3-1b-it,NVIDIA GeForce RTX 5060 Ti,42,MuSiQue,12,16,368,semantic,41.0148,0.0,0.0,0,1,1,15,271,271,38504235008,38504235008,8.615,0.03
google/gemma-3-1b-it,NVIDIA GeForce RTX 5060 Ti,42,MuSiQue,12,16,369,semantic,51.0815,0.0,0.0,0,1,1,97,353,353,65331003392,65331003392,8.615,0.03
google/gemma-3-1b-it,NVIDIA GeForce RTX 5060 Ti,42,MuSiQue,12,16,370,multi-hop,38.3155,0.0,0.0,0,1,1,101,357,357,66819981312,66819981312,8.615,0.03
google/gemma-3-1b-it,NVIDIA GeForce RTX 5060 Ti,42,MuSiQue,12,16,371,semantic,29.7058,0.0,0.0,0,1,1,84,340,340,60607692800,60607692800,8.615,0.03
google/gemma-3-1b-it,NVIDIA GeForce RTX 5060 Ti,42,MuSiQue,12,16,372,multi-hop,42.7799,0.0,0.0,0,1,1,114,370,370,71775027200,71775027200,8.615,0.03
google/gemma-3-1b-it,NVIDIA GeForce RTX 5060 Ti,42,MuSiQue,12,16,373,multi-hop,50.1535,0.0,0.0,0,1,1,112,368,368,71001178112,71001178112,8.615,0.03
google/gemma-3-1b-it,NVIDIA GeForce RTX 5060 Ti,42,MuSiQue,12,16,374,structural,40.9736,28.6099,0.0,0,0,1,45,301,301,47501017088,47501017088,8.615,0.03
google/gemma-3-1b-it,NVIDIA GeForce RTX 5060 Ti,42,MuSiQue,12,16,375,structural,37.1322,49.5506,36.5632,0,0,0,39,295,295,45626163200,45626163200,8.615,0.03
google/gemma-3-1b-it,NVIDIA GeForce RTX 5060 Ti,42,MuSiQue,12,16,376,multi-hop,36.6479,30.9258,0.0,0,0,1,109,365,365,69848268800,69848268800,8.615,0.03
google/gemma-3-1b-it,NVIDIA GeForce RTX 5060 Ti,42,MuSiQue,12,16,377,structural,34.7403,0.0,0.0,0,1,1,105,361,361,68325736448,68325736448,8.615,0.03
google/gemma-3-1b-it,NVIDIA GeForce RTX 5060 Ti,42,MuSiQue,12,16,378,multi-hop,56.8686,66.5621,37.856,0,0,0,97,353,353,65331003392,65331003392,8.615,0.03
google/gemma-3-1b-it,NVIDIA GeForce RTX 5060 Ti,42,MuSiQue,12,16,379,structural,33.3052,31.8199,0.0,0,0,1,91,347,347,63128993792,63128993792,8.615,0.03
google/gemma-3-1b-it,NVIDIA GeForce RTX 5060 Ti,42,MuSiQue,12,16,380,semantic,37.9493,0.0,0.0,0,1,1,123,379,379,75309252608,75309252608,8.615,0.03
google/gemma-3-1b-it,NVIDIA GeForce RTX 5060 Ti,42,MuSiQue,12,16,381,structural,40.7812,38.8069,0.0,0,0,1,123,379,379,75309252608,75309252608,8.615,0.03
google/gemma-3-1b-it,NVIDIA GeForce RTX 5060 Ti,42,MuSiQue,12,16,382,semantic,31.5659,0.0,0.0,0,1,1,110,366,366,70231523328,70231523328,8.615,0.03
google/gemma-3-1b-it,NVIDIA GeForce RTX 5060 Ti,42,MuSiQue,12,16,383,multi-hop,73.3618,0.0,0.0,0,1,1,90,346,346,62765662208,62765662208,8.615,0.03
google/gemma-3-1b-it,NVIDIA GeForce RTX 5060 Ti,42,MuSiQue,12,16,384,structural,53.6927,57.9361,86.1632,0,0,0,71,327,327,56061591552,56061591552,8.615,0.03
google/gemma-3-1b-it,NVIDIA GeForce RTX 5060 Ti,42,MuSiQue,12,16,385,multi-hop,44.2355,58.6913,0.0,0,0,1,5,261,261,35715022848,35715022848,8.615,0.03
google/gemma-3-1b-it,NVIDIA GeForce RTX 5060 Ti,42,MuSiQue,12,16,386,semantic,39.0566,0.0,0.0,0,1,1,114,370,370,71775027200,71775027200,8.615,0.03
google/gemma-3-1b-it,NVIDIA GeForce RTX 5060 Ti,42,MuSiQue,12,16,387,semantic,58.7003,0.0,0.0,0,1,1,95,351,351,64592805888,64592805888,8.615,0.03
google/gemma-3-1b-it,NVIDIA GeForce RTX 5060 Ti,42,MuSiQue,12,16,388,multi-hop,32.6796,0.0,0.0,0,1,1,98,354,354,65701675008,65701675008,8.615,0.03
google/gemma-3-1b-it,NVIDIA GeForce RTX 5060 Ti,42,MuSiQue,12,16,389,semantic,55.1346,0.0,0.0,0,1,1,92,348,348,63493373952,63493373952,8.615,0.03
google/gemma-3-1b-it,NVIDIA GeForce RTX 5060 Ti,42,MuSiQue,12,16,390,multi-hop,64.6989,0.0,0.0,0,1,1,113,369,369,71387578368,71387578368,8.615,0.03
google/gemma-3-1b-it,NVIDIA GeForce RTX 5060 Ti,42,MuSiQue,12,16,391,multi-hop,28.4535,0.0,0.0,0,1,1,13,269,269,37938003968,37938003968,8.615,0.03
google/gemma-3-1b-it,NVIDIA GeForce RTX 5060 Ti,42,MuSiQue,12,16,392,multi-hop,40.4446,0.0,0.0,0,1,1,45,301,301,47501017088,47501017088,8.615,0.03
google/gemma-3-1b-it,NVIDIA GeForce RTX 5060 Ti,42,MuSiQue,12,16,393,semantic,101.6341,0.0,0.0,0,1,1,110,366,366,70231523328,70231523328,8.615,0.03
google/gemma-3-1b-it,NVIDIA GeForce RTX 5060 Ti,42,MuSiQue,12,16,394,multi-hop,30.9525,81.1625,0.0,0,0,1,5,261,261,35715022848,35715022848,8.615,0.03
google/gemma-3-1b-it,NVIDIA GeForce RTX 5060 Ti,42,MuSiQue,12,16,395,multi-hop,47.4122,45.5102,37.2006,0,0,0,129,385,385,77712588800,77712588800,8.615,0.03
google/gemma-3-1b-it,NVIDIA GeForce RTX 5060 Ti,42,MuSiQue,12,16,396,multi-hop,29.8262,0.0,0.0,0,1,1,4,260,260,35441868800,35441868800,8.615,0.03
google/gemma-3-1b-it,NVIDIA GeForce RTX 5060 Ti,42,MuSiQue,12,16,397,structural,62.7594,0.0,0.0,0,1,1,116,372,372,72553070592,72553070592,8.615,0.03
google/gemma-3-1b-it,NVIDIA GeForce RTX 5060 Ti,42,MuSiQue,12,16,398,multi-hop,63.0723,57.7281,0.0,0,0,1,101,357,357,66819981312,66819981312,8.615,0.03
google/gemma-3-1b-it,NVIDIA GeForce RTX 5060 Ti,42,MuSiQue,12,16,399,multi-hop,0.0,0.0,0.0,1,1,1,2,258,258,34898706432,34898706432,8.615,0.03
google/gemma-3-1b-it,NVIDIA GeForce RTX 5060 Ti,42,MuSiQue,12,16,400,multi-hop,36.6165,0.0,0.0,0,1,1,62,318,318,53018099712,53018099712,8.615,0.03
google/gemma-3-1b-it,NVIDIA GeForce RTX 5060 Ti,42,MuSiQue,12,16,401,structural,47.7258,30.3917,36.9766,0,0,0,43,299,299,46871871488,46871871488,8.615,0.03
google/gemma-3-1b-it,NVIDIA GeForce RTX 5060 Ti,42,MuSiQue,12,16,402,semantic,32.0036,0.0,0.0,0,1,1,89,345,345,62403379200,62403379200,8.615,0.03
google/gemma-3-1b-it,NVIDIA GeForce RTX 5060 Ti,42,MuSiQue,12,16,403,multi-hop,29.4489,0.0,29.9899,0,1,0,115,371,371,72163524608,72163524608,8.615,0.03
google/gemma-3-1b-it,NVIDIA GeForce RTX 5060 Ti,42,MuSiQue,12,16,404,semantic,71.2723,0.0,0.0,0,1,1,23,279,279,40811102208,40811102208,8.615,0.03
google/gemma-3-1b-it,NVIDIA GeForce RTX 5060 Ti,42,MuSiQue,12,16,405,structural,36.9866,52.092,33.2863,0,0,0,20,276,276,39938162688,39938162688,8.615,0.03
google/gemma-3-1b-it,NVIDIA GeForce RTX 5060 Ti,42,MuSiQue,12,16,406,semantic,34.2551,0.0,0.0,0,1,1,108,364,364,69466062848,69466062848,8.615,0.03
google/gemma-3-1b-it,NVIDIA GeForce RTX 5060 Ti,42,MuSiQue,12,16,407,multi-hop,38.8394,49.9413,0.0,0,0,1,121,377,377,74516529152,74516529152,8.615,0.03
google/gemma-3-1b-it,NVIDIA GeForce RTX 5060 Ti,42,MuSiQue,12,16,408,multi-hop,66.2386,0.0,0.0,0,1,1,121,377,377,74516529152,74516529152,8.615,0.03
google/gemma-3-1b-it,NVIDIA GeForce RTX 5060 Ti,42,MuSiQue,12,16,409,semantic,55.2269,0.0,66.6201,0,1,0,58,314,314,51692699648,51692699648,8.615,0.03
google/gemma-3-1b-it,NVIDIA GeForce RTX 5060 Ti,42,MuSiQue,12,16,410,multi-hop,64.5136,0.0,0.0,0,1,1,129,385,385,77712588800,77712588800,8.615,0.03
google/gemma-3-1b-it,NVIDIA GeForce RTX 5060 Ti,42,MuSiQue,12,16,411,structural,29.6969,31.1266,0.0,0,0,1,19,275,275,39649280000,39649280000,8.615,0.03
google/gemma-3-1b-it,NVIDIA GeForce RTX 5060 Ti,42,MuSiQue,12,16,412,multi-hop,72.593,0.0,78.9201,0,1,0,136,392,392,80564191232,80564191232,8.615,0.03
google/gemma-3-1b-it,NVIDIA GeForce RTX 5060 Ti,42,MuSiQue,12,16,413,multi-hop,35.7803,0.0,0.0,0,1,1,5,261,261,35715022848,35715022848,8.615,0.03
google/gemma-3-1b-it,NVIDIA GeForce RTX 5060 Ti,42,MuSiQue,12,16,414,multi-hop,60.0277,0.0,33.5475,0,1,0,57,313,313,51363971072,51363971072,8.615,0.03
google/gemma-3-1b-it,NVIDIA GeForce RTX 5060 Ti,42,MuSiQue,12,16,415,semantic,33.0638,0.0,44.0979,0,1,0,109,365,365,69848268800,69848268800,8.615,0.03
google/gemma-3-1b-it,NVIDIA GeForce RTX 5060 Ti,42,MuSiQue,12,16,416,semantic,64.7525,0.0,0.0,0,1,1,12,268,268,37656461312,37656461312,8.615,0.03
google/gemma-3-1b-it,NVIDIA GeForce RTX 5060 Ti,42,MuSiQue,12,16,417,semantic,85.8364,0.0,0.0,0,1,1,106,362,362,68704796672,68704796672,8.615,0.03
google/gemma-3-1b-it,NVIDIA GeForce RTX 5060 Ti,42,MuSiQue,12,16,418,multi-hop,68.4677,0.0,0.0,0,1,1,110,366,366,70231523328,70231523328,8.615,0.03
google/gemma-3-1b-it,NVIDIA GeForce RTX 5060 Ti,42,MuSiQue,12,16,419,multi-hop,59.9997,58.1727,38.873,0,0,0,51,307,307,49413619712,49413619712,8.615,0.03
google/gemma-3-1b-it,NVIDIA GeForce RTX 5060 Ti,42,MuSiQue,12,16,420,structural,78.3463,35.1264,0.0,0,0,1,26,282,282,41693478912,41693478912,8.615,0.03
google/gemma-3-1b-it,NVIDIA GeForce RTX 5060 Ti,42,MuSiQue,12,16,421,multi-hop,66.1596,46.0569,59.0141,0,0,0,72,328,328,56405000192,56405000192,8.615,0.03
google/gemma-3-1b-it,NVIDIA GeForce RTX 5060 Ti,42,MuSiQue,12,16,422,multi-hop,70.5307,0.0,0.0,0,1,1,55,311,311,50709659648,50709659648,8.615,0.03
google/gemma-3-1b-it,NVIDIA GeForce RTX 5060 Ti,42,MuSiQue,12,16,423,semantic,41.3207,0.0,0.0,0,1,1,87,343,343,61681958912,61681958912,8.615,0.03
google/gemma-3-1b-it,NVIDIA GeForce RTX 5060 Ti,42,MuSiQue,12,16,424,structural,59.476,0.0,0.0,0,1,1,4,260,260,35441868800,35441868800,8.615,0.03
google/gemma-3-1b-it,NVIDIA GeForce RTX 5060 Ti,42,MuSiQue,12,16,425,semantic,31.3644,0.0,0.0,0,1,1,87,343,343,61681958912,61681958912,8.615,0.03
google/gemma-3-1b-it,NVIDIA GeForce RTX 5060 Ti,42,MuSiQue,12,16,426,multi-hop,47.4056,37.3544,0.0,0,0,1,79,335,335,58838220800,58838220800,8.615,0.03
google/gemma-3-1b-it,NVIDIA GeForce RTX 5060 Ti,42,MuSiQue,12,16,427,semantic,30.2078,0.0,0.0,0,1,1,47,303,303,48134356992,48134356992,8.615,0.03
google/gemma-3-1b-it,NVIDIA GeForce RTX 5060 Ti,42,MuSiQue,12,16,428,semantic,61.0283,0.0,0.0,0,1,1,135,391,391,80153673728,80153673728,8.615,0.03
google/gemma-3-1b-it,NVIDIA GeForce RTX 5060 Ti,42,MuSiQue,12,16,429,multi-hop,63.1025,40.8826,59.1194,0,0,0,153,409,409,87703420928,87703420928,8.615,0.03
google/gemma-3-1b-it,NVIDIA GeForce RTX 5060 Ti,42,MuSiQue,12,16,430,semantic,59.5768,0.0,0.0,0,1,1,66,322,322,54360276992,54360276992,8.615,0.03
google/gemma-3-1b-it,NVIDIA GeForce RTX 5060 Ti,42,MuSiQue,12,16,431,multi-hop,81.2633,0.0,0.0,0,1,1,96,352,352,64961380352,64961380352,8.615,0.03
google/gemma-3-1b-it,NVIDIA GeForce RTX 5060 Ti,42,MuSiQue,12,16,432,structural,27.3407,0.0,0.0,0,1,1,111,367,367,70615826432,70615826432,8.615,0.03
google/gemma-3-1b-it,NVIDIA GeForce RTX 5060 Ti,42,MuSiQue,12,16,433,structural,57.4334,64.6089,33.0009,0,0,0,94,350,350,64225280000,64225280000,8.615,0.03
google/gemma-3-1b-it,NVIDIA GeForce RTX 5060 Ti,42,MuSiQue,12,16,434,multi-hop,32.662,0.0,0.0,0,1,1,12,268,268,37656461312,37656461312,8.615,0.03
google/gemma-3-1b-it,NVIDIA GeForce RTX 5060 Ti,42,MuSiQue,12,16,435,structural,67.1979,0.0,0.0,0,1,1,121,377,377,74516529152,74516529152,8.615,0.03
google/gemma-3-1b-it,NVIDIA GeForce RTX 5060 Ti,42,MuSiQue,12,16,436,multi-hop,57.4903,0.0,0.0,0,1,1,118,374,374,73335308288,73335308288,8.615,0.03
google/gemma-3-1b-it,NVIDIA GeForce RTX 5060 Ti,42,MuSiQue,12,16,437,multi-hop,44.1357,0.0,0.0,0,1,1,140,396,396,82216747008,82216747008,8.615,0.03
google/gemma-3-1b-it,NVIDIA GeForce RTX 5060 Ti,42,MuSiQue,12,16,438,multi-hop,82.9681,0.0,0.0,0,1,1,92,348,348,63493373952,63493373952,8.615,0.03
google/gemma-3-1b-it,NVIDIA GeForce RTX 5060 Ti,42,MuSiQue,12,16,439,semantic,72.518,0.0,0.0,0,1,1,111,367,367,70615826432,70615826432,8.615,0.03
google/gemma-3-1b-it,NVIDIA GeForce RTX 5060 Ti,42,MuSiQue,12,16,440,multi-hop,67.0123,0.0,0.0,0,1,1,93,349,349,63858802688,63858802688,8.615,0.03
google/gemma-3-1b-it,NVIDIA GeForce RTX 5060 Ti,42,MuSiQue,12,16,441,multi-hop,48.9329,0.0,56.8287,0,1,0,84,340,340,60607692800,60607692800,8.615,0.03
google/gemma-3-1b-it,NVIDIA GeForce RTX 5060 Ti,42,MuSiQue,12,16,442,semantic,34.4614,0.0,0.0,0,1,1,115,371,371,72163524608,72163524608,8.615,0.03
google/gemma-3-1b-it,NVIDIA GeForce RTX 5060 Ti,42,MuSiQue,12,16,443,structural,38.8759,0.0,0.0,0,1,1,103,359,359,67570761728,67570761728,8.615,0.03
google/gemma-3-1b-it,NVIDIA GeForce RTX 5060 Ti,42,MuSiQue,12,16,444,multi-hop,57.916,0.0,0.0,0,1,1,78,334,334,58487472128,58487472128,8.615,0.03
google/gemma-3-1b-it,NVIDIA GeForce RTX 5060 Ti,42,MuSiQue,12,16,445,structural,75.3536,47.8195,0.0,0,0,1,98,354,354,65701675008,65701675008,8.615,0.03
google/gemma-3-1b-it,NVIDIA GeForce RTX 5060 Ti,42,MuSiQue,12,16,446,structural,67.5878,0.0,0.0,0,1,1,116,372,372,72553070592,72553070592,8.615,0.03
google/gemma-3-1b-it,NVIDIA GeForce RTX 5060 Ti,42,MuSiQue,12,16,447,multi-hop,45.8119,58.661,46.032,0,0,0,130,386,386,78116814848,78116814848,8.615,0.03
google/gemma-3-1b-it,NVIDIA GeForce RTX 5060 Ti,42,MuSiQue,12,16,448,multi-hop,39.6381,0.0,0.0,0,1,1,93,349,349,63858802688,63858802688,8.615,0.03
google/gemma-3-1b-it,NVIDIA GeForce RTX 5060 Ti,42,MuSiQue,12,16,449,semantic,37.1985,0.0,0.0,0,1,1,110,366,366,70231523328,70231523328,8.615,0.03
google/gemma-3-1b-it,NVIDIA GeForce RTX 5060 Ti,42,MuSiQue,12,16,450,structural,30.3565,81.0314,0.0,0,0,1,13,269,269,37938003968,37938003968,8.615,0.03
google/gemma-3-1b-it,NVIDIA GeForce RTX 5060 Ti,42,MuSiQue,12,16,451,semantic,51.6152,0.0,0.0,0,1,1,4,260,260,35441868800,35441868800,8.615,0.03
google/gemma-3-1b-it,NVIDIA GeForce RTX 5060 Ti,42,MuSiQue,12,16,452,structural,41.6964,0.0,0.0,0,1,1,86,342,342,61322821632,61322821632,8.615,0.03
google/gemma-3-1b-it,NVIDIA GeForce RTX 5060 Ti,42,MuSiQue,12,16,453,multi-hop,63.8594,0.0,0.0,0,1,1,111,367,367,70615826432,70615826432,8.615,0.03
google/gemma-3-1b-it,NVIDIA GeForce RTX 5060 Ti,42,MuSiQue,12,16,454,multi-hop,78.0954,75.1051,0.0,0,0,1,92,348,348,63493373952,63493373952,8.615,0.03
google/gemma-3-1b-it,NVIDIA GeForce RTX 5060 Ti,42,MuSiQue,12,16,455,semantic,71.5169,0.0,0.0,0,1,1,5,261,261,35715022848,35715022848,8.615,0.03
google/gemma-3-1b-it,NVIDIA GeForce RTX 5060 Ti,42,MuSiQue,12,16,456,semantic,76.7512,0.0,0.0,0,1,1,96,352,352,64961380352,64961380352,8.615,0.03
google/gemma-3-1b-it,NVIDIA GeForce RTX 5060 Ti,42,MuSiQue,12,16,457,multi-hop,55.4676,0.0,0.0,0,1,1,140,396,396,82216747008,82216747008,8.615,0.03
google/gemma-3-1b-it,NVIDIA GeForce RTX 5060 Ti,42,MuSiQue,12,16,458,multi-hop,36.249,0.0,0.0,0,1,1,78,334,334,58487472128,58487472128,8.615,0.03
google/gemma-3-1b-it,NVIDIA GeForce RTX 5060 Ti,42,MuSiQue,12,16,459,multi-hop,53.9538,0.0,0.0,0,1,1,125,381,381,76106170368,76106170368,8.615,0.03
google/gemma-3-1b-it,NVIDIA GeForce RTX 5060 Ti,42,MuSiQue,12,16,460,structural,61.7302,99.0174,60.8174,0,0,0,62,318,318,53018099712,53018099712,8.615,0.03
google/gemma-3-1b-it,NVIDIA GeForce RTX 5060 Ti,42,MuSiQue,12,16,461,semantic,52.9176,0.0,0.0,0,1,1,53,309,309,50059542528,50059542528,8.615,0.03
google/gemma-3-1b-it,NVIDIA GeForce RTX 5060 Ti,42,MuSiQue,12,16,462,structural,83.1601,0.0,0.0,0,1,1,110,366,366,70231523328,70231523328,8.615,0.03
google/gemma-3-1b-it,NVIDIA GeForce RTX 5060 Ti,42,MuSiQue,12,16,463,semantic,41.0525,0.0,0.0,0,1,1,105,361,361,68325736448,68325736448,8.615,0.03
google/gemma-3-1b-it,NVIDIA GeForce RTX 5060 Ti,42,MuSiQue,12,16,464,multi-hop,53.473,71.5165,0.0,0,0,1,98,354,354,65701675008,65701675008,8.615,0.03
google/gemma-3-1b-it,NVIDIA GeForce RTX 5060 Ti,42,MuSiQue,12,16,465,semantic,76.5391,0.0,0.0,0,1,1,45,301,301,47501017088,47501017088,8.615,0.03
google/gemma-3-1b-it,NVIDIA GeForce RTX 5060 Ti,42,MuSiQue,12,16,466,semantic,57.0668,0.0,0.0,0,1,1,116,372,372,72553070592,72553070592,8.615,0.03
google/gemma-3-1b-it,NVIDIA GeForce RTX 5060 Ti,42,MuSiQue,12,16,467,structural,0.0,73.6353,0.0,1,0,1,19,275,275,39649280000,39649280000,8.615,0.03
google/gemma-3-1b-it,NVIDIA GeForce RTX 5060 Ti,42,MuSiQue,12,16,468,structural,83.1591,50.5701,0.0,0,0,1,101,357,357,66819981312,66819981312,8.615,0.03
google/gemma-3-1b-it,NVIDIA GeForce RTX 5060 Ti,42,MuSiQue,12,16,469,multi-hop,79.6555,84.9593,65.4912,0,0,0,88,344,344,62042144768,62042144768,8.615,0.03
google/gemma-3-1b-it,NVIDIA GeForce RTX 5060 Ti,42,MuSiQue,12,16,470,multi-hop,45.0275,0.0,0.0,0,1,1,25,281,281,41398304768,41398304768,8.615,0.03
google/gemma-3-1b-it,NVIDIA GeForce RTX 5060 Ti,42,MuSiQue,12,16,471,structural,54.8839,88.1184,0.0,0,0,1,110,366,366,70231523328,70231523328,8.615,0.03
google/gemma-3-1b-it,NVIDIA GeForce RTX 5060 Ti,42,MuSiQue,12,16,472,multi-hop,36.8081,41.5088,0.0,0,0,1,109,365,365,69848268800,69848268800,8.615,0.03
google/gemma-3-1b-it,NVIDIA GeForce RTX 5060 Ti,42,MuSiQue,12,16,473,semantic,41.6485,0.0,0.0,0,1,1,112,368,368,71001178112,71001178112,8.615,0.03
google/gemma-3-1b-it,NVIDIA GeForce RTX 5060 Ti,42,MuSiQue,12,16,474,multi-hop,50.3866,0.0,0.0,0,1,1,88,344,344,62042144768,62042144768,8.615,0.03
google/gemma-3-1b-it,NVIDIA GeForce RTX 5060 Ti,42,MuSiQue,12,16,475,multi-hop,65.8264,0.0,0.0,0,1,1,129,385,385,77712588800,77712588800,8.615,0.03
google/gemma-3-1b-it,NVIDIA GeForce RTX 5060 Ti,42,MuSiQue,12,16,476,multi-hop,57.4519,0.0,0.0,0,1,1,9,265,265,36818124800,36818124800,8.615,0.03
google/gemma-3-1b-it,NVIDIA GeForce RTX 5060 Ti,42,MuSiQue,12,16,477,multi-hop,66.2232,0.0,0.0,0,1,1,19,275,275,39649280000,39649280000,8.615,0.03
google/gemma-3-1b-it,NVIDIA GeForce RTX 5060 Ti,42,MuSiQue,12,16,478,structural,51.5807,74.1101,96.8797,0,0,0,96,352,352,64961380352,64961380352,8.615,0.03
google/gemma-3-1b-it,NVIDIA GeForce RTX 5060 Ti,42,MuSiQue,12,16,479,structural,55.3284,0.0,0.0,0,1,1,117,373,373,72943665152,72943665152,8.615,0.03
google/gemma-3-1b-it,NVIDIA GeForce RTX 5060 Ti,42,MuSiQue,12,16,480,semantic,36.2917,0.0,0.0,0,1,1,12,268,268,37656461312,37656461312,8.615,0.03
google/gemma-3-1b-it,NVIDIA GeForce RTX 5060 Ti,42,MuSiQue,12,16,481,multi-hop,45.1615,0.0,0.0,0,1,1,45,301,301,47501017088,47501017088,8.615,0.03
google/gemma-3-1b-it,NVIDIA GeForce RTX 5060 Ti,42,MuSiQue,12,16,482,structural,29.8913,0.0,0.0,0,1,1,107,363,363,69084905472,69084905472,8.615,0.03
google/gemma-3-1b-it,NVIDIA GeForce RTX 5060 Ti,42,MuSiQue,12,16,483,structural,52.8477,71.0384,0.0,0,0,1,99,355,355,66073395200,66073395200,8.615,0.03
google/gemma-3-1b-it,NVIDIA GeForce RTX 5060 Ti,42,MuSiQue,12,16,484,multi-hop,72.6969,48.3483,0.0,0,0,1,71,327,327,56061591552,56061591552,8.615,0.03
google/gemma-3-1b-it,NVIDIA GeForce RTX 5060 Ti,42,MuSiQue,12,16,485,multi-hop,71.1682,38.899,71.7534,0,0,0,100,356,356,66446163968,66446163968,8.615,0.03
google/gemma-3-1b-it,NVIDIA GeForce RTX 5060 Ti,42,MuSiQue,12,16,486,multi-hop,44.4752,0.0,0.0,0,1,1,103,359,359,67570761728,67570761728,8.615,0.03
google/gemma-3-1b-it,NVIDIA GeForce RTX 5060 Ti,42,MuSiQue,12,16,487,semantic,64.7076,0.0,0.0,0,1,1,125,381,381,76106170368,76106170368,8.615,0.03
google/gemma-3-1b-it,NVIDIA GeForce RTX 5060 Ti,42,MuSiQue,12,16,488,multi-hop,49.7441,0.0,0.0,0,1,1,109,365,365,69848268800,69848268800,8.615,0.03
google/gemma-3-1b-it,NVIDIA GeForce RTX 5060 Ti,42,MuSiQue,12,16,489,multi-hop,50.6575,0.0,65.9243,0,1,0,67,323,323,54698442752,54698442752,8.615,0.03
google/gemma-3-1b-it,NVIDIA GeForce RTX 5060 Ti,42,MuSiQue,12,16,490,structural,42.2614,0.0,0.0,0,1,1,87,343,343,61681958912,61681958912,8.615,0.03
google/gemma-3-1b-it,NVIDIA GeForce RTX 5060 Ti,42,MuSiQue,12,16,491,structural,52.2116,0.0,0.0,0,1,1,14,270,270,38220595200,38220595200,8.615,0.03
google/gemma-3-1b-it,NVIDIA GeForce RTX 5060 Ti,42,MuSiQue,12,16,492,structural,59.6231,0.0,0.0,0,1,1,96,352,352,64961380352,64961380352,8.615,0.03
google/gemma-3-1b-it,NVIDIA GeForce RTX 5060 Ti,42,MuSiQue,12,16,493,multi-hop,57.5511,0.0,70.167,0,1,0,89,345,345,62403379200,62403379200,8.615,0.03
google/gemma-3-1b-it,NVIDIA GeForce RTX 5060 Ti,42,MuSiQue,12,16,494,multi-hop,59.4741,0.0,0.0,0,1,1,4,260,260,35441868800,35441868800,8.615,0.03
google/gemma-3-1b-it,NVIDIA GeForce RTX 5060 Ti,42,MuSiQue,12,16,495,structural,43.7934,0.0,0.0,0,1,1,61,317,317,52685176832,52685176832,8.615,0.03
google/gemma-3-1b-it,NVIDIA GeForce RTX 5060 Ti,42,MuSiQue,12,16,496,structural,39.3328,0.0,93.5592,0,1,0,110,366,366,70231523328,70231523328,8.615,0.03
google/gemma-3-1b-it,NVIDIA GeForce RTX 5060 Ti,42,MuSiQue,12,16,497,semantic,0.0,26.8963,0.0,1,0,1,4,260,260,35441868800,35441868800,8.615,0.03
google/gemma-3-1b-it,NVIDIA GeForce RTX 5060 Ti,42,MuSiQue,12,16,498,multi-hop,41.4381,0.0,0.0,0,1,1,112,368,368,71001178112,71001178112,8.615,0.03
google/gemma-3-1b-it,NVIDIA GeForce RTX 5060 Ti,42,MuSiQue,12,16,499,semantic,39.2225,0.0,0.0,0,1,1,105,361,361,68325736448,68325736448,8.615,0.03
google/gemma-3-1b-it,NVIDIA GeForce RTX 5060 Ti,42,MuSiQue,12,16,500,structural,73.5119,0.0,0.0,0,1,1,4,260,260,35441868800,35441868800,8.615,0.03
google/gemma-3-1b-it,NVIDIA GeForce RTX 5060 Ti,42,MuSiQue,12,16,501,multi-hop,72.2704,0.0,0.0,0,1,1,118,374,374,73335308288,73335308288,8.615,0.03
google/gemma-3-1b-it,NVIDIA GeForce RTX 5060 Ti,42,MuSiQue,12,16,502,multi-hop,53.8156,29.5503,0.0,0,0,1,66,322,322,54360276992,54360276992,8.615,0.03
google/gemma-3-1b-it,NVIDIA GeForce RTX 5060 Ti,42,MuSiQue,12,16,503,structural,69.9641,55.0499,44.3766,0,0,0,5,261,261,35715022848,35715022848,8.615,0.03
google/gemma-3-1b-it,NVIDIA GeForce RTX 5060 Ti,42,MuSiQue,12,16,504,structural,73.2714,55.9349,69.1009,0,0,0,39,295,295,45626163200,45626163200,8.615,0.03
google/gemma-3-1b-it,NVIDIA GeForce RTX 5060 Ti,42,MuSiQue,12,16,505,multi-hop,34.4018,0.0,0.0,0,1,1,101,357,357,66819981312,66819981312,8.615,0.03
google/gemma-3-1b-it,NVIDIA GeForce RTX 5060 Ti,42,MuSiQue,12,16,506,multi-hop,99.1335,0.0,0.0,0,1,1,12,268,268,37656461312,37656461312,8.615,0.03
google/gemma-3-1b-it,NVIDIA GeForce RTX 5060 Ti,42,MuSiQue,12,16,507,multi-hop,76.0685,0.0,0.0,0,1,1,103,359,359,67570761728,67570761728,8.615,0.03
google/gemma-3-1b-it,NVIDIA GeForce RTX 5060 Ti,42,MuSiQue,12,16,508,structural,97.2419,51.3594,35.9107,0,0,0,103,359,359,67570761728,67570761728,8.615,0.03
google/gemma-3-1b-it,NVIDIA GeForce RTX 5060 Ti,42,MuSiQue,12,16,509,structural,38.9411,0.0,0.0,0,1,1,26,282,282,41693478912,41693478912,8.615,0.03
google/gemma-3-1b-it,NVIDIA GeForce RTX 5060 Ti,42,MuSiQue,12,16,510,semantic,78.1961,0.0,0.0,0,1,1,25,281,281,41398304768,41398304768,8.615,0.03
google/gemma-3-1b-it,NVIDIA GeForce RTX 5060 Ti,42,MuSiQue,12,16,511,structural,93.003,0.0,67.9309,0,1,0,113,369,369,71387578368,71387578368,8.615,0.03
google/gemma-3-1b-it,NVIDIA GeForce RTX 5060 Ti,42,MuSiQue,12,16,512,multi-hop,81.0503,0.0,0.0,0,1,1,100,356,356,66446163968,66446163968,8.615,0.03
google/gemma-3-1b-it,NVIDIA GeForce RTX 5060 Ti,42,MuSiQue,12,16,513,multi-hop,53.1637,0.0,0.0,0,1,1,3,241,259,30451171328,35169763328,8.615,0.03
google/gemma-3-1b-it,NVIDIA GeForce RTX 5060 Ti,42,MuSiQue,12,16,514,multi-hop,46.7897,0.0,0.0,0,1,1,97,353,353,65331003392,65331003392,8.615,0.03
google/gemma-3-1b-it,NVIDIA GeForce RTX 5060 Ti,42,MuSiQue,12,16,515,structural,89.4748,86.0689,40.0382,0,0,0,64,320,320,53687091200,53687091200,8.615,0.03
google/gemma-3-1b-it,NVIDIA GeForce RTX 5060 Ti,42,MuSiQue,12,16,516,multi-hop,42.3929,0.0,0.0,0,1,1,102,358,358,67194847232,67194847232,8.615,0.03
google/gemma-3-1b-it,NVIDIA GeForce RTX 5060 Ti,42,MuSiQue,12,16,517,multi-hop,88.9585,0.0,0.0,0,1,1,92,348,348,63493373952,63493373952,8.615,0.03
google/gemma-3-1b-it,NVIDIA GeForce RTX 5060 Ti,42,MuSiQue,12,16,518,multi-hop,45.3374,0.0,0.0,0,1,1,81,337,337,59542863872,59542863872,8.615,0.03
google/gemma-3-1b-it,NVIDIA GeForce RTX 5060 Ti,42,MuSiQue,12,16,519,structural,42.2403,72.8268,0.0,0,0,1,104,360,360,67947724800,67947724800,8.615,0.03
google/gemma-3-1b-it,NVIDIA GeForce RTX 5060 Ti,42,MuSiQue,12,16,520,semantic,37.3883,0.0,0.0,0,1,1,14,270,270,38220595200,38220595200,8.615,0.03
google/gemma-3-1b-it,NVIDIA GeForce RTX 5060 Ti,42,MuSiQue,12,16,521,structural,24.0049,54.5572,45.685,0,0,0,102,358,358,67194847232,67194847232,8.615,0.03
google/gemma-3-1b-it,NVIDIA GeForce RTX 5060 Ti,42,MuSiQue,12,16,522,multi-hop,88.6484,40.5387,0.0,0,0,1,84,340,340,60607692800,60607692800,8.615,0.03
google/gemma-3-1b-it,NVIDIA GeForce RTX 5060 Ti,42,MuSiQue,12,16,523,semantic,83.9737,0.0,0.0,0,1,1,73,329,329,56749457408,56749457408,8.615,0.03
google/gemma-3-1b-it,NVIDIA GeForce RTX 5060 Ti,42,MuSiQue,12,16,524,multi-hop,88.796,0.0,0.0,0,1,1,121,377,377,74516529152,74516529152,8.615,0.03
google/gemma-3-1b-it,NVIDIA GeForce RTX 5060 Ti,42,MuSiQue,12,16,525,semantic,43.9358,0.0,0.0,0,1,1,110,366,366,70231523328,70231523328,8.615,0.03
google/gemma-3-1b-it,NVIDIA GeForce RTX 5060 Ti,42,MuSiQue,12,16,526,multi-hop,31.6257,0.0,38.3079,0,1,0,61,317,317,52685176832,52685176832,8.615,0.03
google/gemma-3-1b-it,NVIDIA GeForce RTX 5060 Ti,42,MuSiQue,12,16,527,semantic,52.5486,0.0,0.0,0,1,1,106,362,362,68704796672,68704796672,8.615,0.03
google/gemma-3-1b-it,NVIDIA GeForce RTX 5060 Ti,42,MuSiQue,12,16,528,semantic,81.3589,0.0,0.0,0,1,1,111,367,367,70615826432,70615826432,8.615,0.03
google/gemma-3-1b-it,NVIDIA GeForce RTX 5060 Ti,42,MuSiQue,12,16,529,structural,50.5543,60.5307,0.0,0,0,1,14,270,270,38220595200,38220595200,8.615,0.03
google/gemma-3-1b-it,NVIDIA GeForce RTX 5060 Ti,42,MuSiQue,12,16,530,semantic,43.2926,0.0,0.0,0,1,1,72,328,328,56405000192,56405000192,8.615,0.03
google/gemma-3-1b-it,NVIDIA GeForce RTX 5060 Ti,42,MuSiQue,12,16,531,structural,65.6028,43.6191,0.0,0,0,1,67,323,323,54698442752,54698442752,8.615,0.03
google/gemma-3-1b-it,NVIDIA GeForce RTX 5060 Ti,42,MuSiQue,12,16,532,multi-hop,67.3472,0.0,0.0,0,1,1,25,281,281,41398304768,41398304768,8.615,0.03
google/gemma-3-1b-it,NVIDIA GeForce RTX 5060 Ti,42,MuSiQue,12,16,533,semantic,31.2354,0.0,0.0,0,1,1,101,357,357,66819981312,66819981312,8.615,0.03
google/gemma-3-1b-it,NVIDIA GeForce RTX 5060 Ti,42,MuSiQue,12,16,534,multi-hop,58.3861,45.5991,0.0,0,0,1,69,325,325,55377920000,55377920000,8.615,0.03
google/gemma-3-1b-it,NVIDIA GeForce RTX 5060 Ti,42,MuSiQue,12,16,535,multi-hop,31.9426,0.0,0.0,0,1,1,39,295,295,45626163200,45626163200,8.615,0.03
google/gemma-3-1b-it,NVIDIA GeForce RTX 5060 Ti,42,MuSiQue,12,16,536,multi-hop,29.6079,0.0,0.0,0,1,1,121,377,377,74516529152,74516529152,8.615,0.03
google/gemma-3-1b-it,NVIDIA GeForce RTX 5060 Ti,42,MuSiQue,12,16,537,structural,40.8518,29.7578,85.4633,0,0,0,130,386,386,78116814848,78116814848,8.615,0.03
google/gemma-3-1b-it,NVIDIA GeForce RTX 5060 Ti,42,MuSiQue,12,16,538,multi-hop,63.3468,0.0,0.0,0,1,1,102,358,358,67194847232,67194847232,8.615,0.03
google/gemma-3-1b-it,NVIDIA GeForce RTX 5060 Ti,42,MuSiQue,12,16,539,multi-hop,51.9612,0.0,0.0,0,1,1,23,279,279,40811102208,40811102208,8.615,0.03
google/gemma-3-1b-it,NVIDIA GeForce RTX 5060 Ti,42,MuSiQue,12,16,540,multi-hop,45.4456,78.6093,0.0,0,0,1,100,356,356,66446163968,66446163968,8.615,0.03
google/gemma-3-1b-it,NVIDIA GeForce RTX 5060 Ti,42,MuSiQue,12,16,541,multi-hop,42.3759,35.511,0.0,0,0,1,121,377,377,74516529152,74516529152,8.615,0.03
google/gemma-3-1b-it,NVIDIA GeForce RTX 5060 Ti,42,MuSiQue,12,16,542,structural,32.2771,0.0,0.0,0,1,1,63,319,319,53352071168,53352071168,8.615,0.03
google/gemma-3-1b-it,NVIDIA GeForce RTX 5060 Ti,42,MuSiQue,12,16,543,semantic,44.4391,0.0,91.6818,0,1,0,118,374,374,73335308288,73335308288,8.615,0.03
google/gemma-3-1b-it,NVIDIA GeForce RTX 5060 Ti,42,MuSiQue,12,16,544,structural,77.7831,49.5359,67.3892,0,0,0,18,274,274,39361445888,39361445888,8.615,0.03
google/gemma-3-1b-it,NVIDIA GeForce RTX 5060 Ti,42,MuSiQue,12,16,545,multi-hop,61.7518,0.0,0.0,0,1,1,94,350,350,64225280000,64225280000,8.615,0.03
google/gemma-3-1b-it,NVIDIA GeForce RTX 5060 Ti,42,MuSiQue,12,16,546,structural,73.0509,0.0,0.0,0,1,1,108,364,364,69466062848,69466062848,8.615,0.03
google/gemma-3-1b-it,NVIDIA GeForce RTX 5060 Ti,42,MuSiQue,12,16,547,multi-hop,46.7389,0.0,0.0,0,1,1,14,270,270,38220595200,38220595200,8.615,0.03
google/gemma-3-1b-it,NVIDIA GeForce RTX 5060 Ti,42,MuSiQue,12,16,548,multi-hop,60.4628,57.6201,91.6557,0,0,0,68,324,324,55037657088,55037657088,8.615,0.03
google/gemma-3-1b-it,NVIDIA GeForce RTX 5060 Ti,42,MuSiQue,12,16,549,multi-hop,40.3427,101.4548,49.3878,0,0,0,62,318,318,53018099712,53018099712,8.615,0.03
google/gemma-3-1b-it,NVIDIA GeForce RTX 5060 Ti,42,MuSiQue,12,16,550,multi-hop,42.3203,0.0,0.0,0,1,1,87,343,343,61681958912,61681958912,8.615,0.03
google/gemma-3-1b-it,NVIDIA GeForce RTX 5060 Ti,42,MuSiQue,12,16,551,semantic,46.1093,0.0,0.0,0,1,1,107,363,363,69084905472,69084905472,8.615,0.03
google/gemma-3-1b-it,NVIDIA GeForce RTX 5060 Ti,42,MuSiQue,12,16,552,structural,50.254,0.0,0.0,0,1,1,129,385,385,77712588800,77712588800,8.615,0.03
google/gemma-3-1b-it,NVIDIA GeForce RTX 5060 Ti,42,MuSiQue,12,16,553,semantic,93.2463,0.0,0.0,0,1,1,114,370,370,71775027200,71775027200,8.615,0.03
google/gemma-3-1b-it,NVIDIA GeForce RTX 5060 Ti,42,MuSiQue,12,16,554,multi-hop,42.9389,0.0,0.0,0,1,1,14,270,270,38220595200,38220595200,8.615,0.03
google/gemma-3-1b-it,NVIDIA GeForce RTX 5060 Ti,42,MuSiQue,12,16,555,semantic,68.47,0.0,0.0,0,1,1,129,385,385,77712588800,77712588800,8.615,0.03
google/gemma-3-1b-it,NVIDIA GeForce RTX 5060 Ti,42,MuSiQue,12,16,556,multi-hop,48.1249,0.0,0.0,0,1,1,154,410,410,88132812800,88132812800,8.615,0.03
google/gemma-3-1b-it,NVIDIA GeForce RTX 5060 Ti,42,MuSiQue,12,16,557,multi-hop,101.8731,54.0297,0.0,0,0,1,96,352,352,64961380352,64961380352,8.615,0.03
google/gemma-3-1b-it,NVIDIA GeForce RTX 5060 Ti,42,MuSiQue,12,16,558,structural,61.1608,53.7747,0.0,0,0,1,107,363,363,69084905472,69084905472,8.615,0.03
google/gemma-3-1b-it,NVIDIA GeForce RTX 5060 Ti,42,MuSiQue,12,16,559,structural,40.4434,89.6511,0.0,0,0,1,54,310,310,50384076800,50384076800,8.615,0.03
google/gemma-3-1b-it,NVIDIA GeForce RTX 5060 Ti,42,MuSiQue,12,16,560,multi-hop,99.5065,0.0,0.0,0,1,1,66,322,322,54360276992,54360276992,8.615,0.03
google/gemma-3-1b-it,NVIDIA GeForce RTX 5060 Ti,42,MuSiQue,12,16,561,structural,81.8132,0.0,0.0,0,1,1,90,346,346,62765662208,62765662208,8.615,0.03
google/gemma-3-1b-it,NVIDIA GeForce RTX 5060 Ti,42,MuSiQue,12,16,562,semantic,65.531,0.0,0.0,0,1,1,94,350,350,64225280000,64225280000,8.615,0.03
google/gemma-3-1b-it,NVIDIA GeForce RTX 5060 Ti,42,MuSiQue,12,16,563,multi-hop,64.9552,76.8212,103.5092,0,0,0,2,100,258,5242880000,34898706432,8.615,0.03
google/gemma-3-1b-it,NVIDIA GeForce RTX 5060 Ti,42,MuSiQue,12,16,564,semantic,80.2126,0.0,0.0,0,1,1,93,349,349,63858802688,63858802688,8.615,0.03
google/gemma-3-1b-it,NVIDIA GeForce RTX 5060 Ti,42,MuSiQue,12,16,565,semantic,49.4939,0.0,0.0,0,1,1,99,355,355,66073395200,66073395200,8.615,0.03
google/gemma-3-1b-it,NVIDIA GeForce RTX 5060 Ti,42,MuSiQue,12,16,566,structural,71.9451,61.0567,87.8684,0,0,0,94,350,350,64225280000,64225280000,8.615,0.03
google/gemma-3-1b-it,NVIDIA GeForce RTX 5060 Ti,42,MuSiQue,12,16,567,semantic,59.2786,0.0,0.0,0,1,1,111,367,367,70615826432,70615826432,8.615,0.03
google/gemma-3-1b-it,NVIDIA GeForce RTX 5060 Ti,42,MuSiQue,12,16,568,multi-hop,96.6938,78.1194,61.8706,0,0,0,95,351,351,64592805888,64592805888,8.615,0.03
google/gemma-3-1b-it,NVIDIA GeForce RTX 5060 Ti,42,MuSiQue,12,16,569,multi-hop,64.9932,0.0,69.0853,0,1,0,103,359,359,67570761728,67570761728,8.615,0.03
google/gemma-3-1b-it,NVIDIA GeForce RTX 5060 Ti,42,MuSiQue,12,16,570,multi-hop,90.0033,74.6802,53.9544,0,0,0,121,377,377,74516529152,74516529152,8.615,0.03
google/gemma-3-1b-it,NVIDIA GeForce RTX 5060 Ti,42,MuSiQue,12,16,571,multi-hop,87.0878,0.0,0.0,0,1,1,16,272,272,38788923392,38788923392,8.615,0.03
google/gemma-3-1b-it,NVIDIA GeForce RTX 5060 Ti,42,MuSiQue,12,16,572,multi-hop,65.0467,0.0,0.0,0,1,1,127,383,383,76907282432,76907282432,8.615,0.03
google/gemma-3-1b-it,NVIDIA GeForce RTX 5060 Ti,42,MuSiQue,12,16,573,multi-hop,35.3386,0.0,42.0496,0,1,0,104,360,360,67947724800,67947724800,8.615,0.03
google/gemma-3-1b-it,NVIDIA GeForce RTX 5060 Ti,42,MuSiQue,12,16,574,semantic,43.7514,0.0,0.0,0,1,1,102,358,358,67194847232,67194847232,8.615,0.03
google/gemma-3-1b-it,NVIDIA GeForce RTX 5060 Ti,42,MuSiQue,12,16,575,multi-hop,37.7841,62.1933,35.0296,0,0,0,96,352,352,64961380352,64961380352,8.615,0.03
google/gemma-3-1b-it,NVIDIA GeForce RTX 5060 Ti,42,MuSiQue,12,16,576,structural,45.9108,0.0,0.0,0,1,1,132,388,388,78928412672,78928412672,8.615,0.03
google/gemma-3-1b-it,NVIDIA GeForce RTX 5060 Ti,42,MuSiQue,12,16,577,multi-hop,35.67,0.0,0.0,0,1,1,33,289,289,43789058048,43789058048,8.615,0.03
google/gemma-3-1b-it,NVIDIA GeForce RTX 5060 Ti,42,MuSiQue,12,16,578,structural,37.7879,34.3319,43.2822,0,0,0,8,264,264,36540776448,36540776448,8.615,0.03
google/gemma-3-1b-it,NVIDIA GeForce RTX 5060 Ti,42,MuSiQue,12,16,579,multi-hop,35.1526,32.4943,0.0,0,0,1,11,267,267,37375967232,37375967232,8.615,0.03
google/gemma-3-1b-it,NVIDIA GeForce RTX 5060 Ti,42,MuSiQue,12,16,580,multi-hop,38.0045,0.0,0.0,0,1,1,66,322,322,54360276992,54360276992,8.615,0.03
google/gemma-3-1b-it,NVIDIA GeForce RTX 5060 Ti,42,MuSiQue,12,16,581,semantic,33.5008,0.0,0.0,0,1,1,141,397,397,82632507392,82632507392,8.615,0.03
google/gemma-3-1b-it,NVIDIA GeForce RTX 5060 Ti,42,MuSiQue,12,16,582,semantic,40.4534,0.0,0.0,0,1,1,16,272,272,38788923392,38788923392,8.615,0.03
google/gemma-3-1b-it,NVIDIA GeForce RTX 5060 Ti,42,MuSiQue,12,16,583,multi-hop,34.5449,0.0,0.0,0,1,1,124,380,380,75707187200,75707187200,8.615,0.03
google/gemma-3-1b-it,NVIDIA GeForce RTX 5060 Ti,42,MuSiQue,12,16,584,multi-hop,39.8511,64.8761,0.0,0,0,1,89,345,345,62403379200,62403379200,8.615,0.03
google/gemma-3-1b-it,NVIDIA GeForce RTX 5060 Ti,42,MuSiQue,12,16,585,multi-hop,32.3334,42.9669,28.4972,0,0,0,102,358,358,67194847232,67194847232,8.615,0.03
google/gemma-3-1b-it,NVIDIA GeForce RTX 5060 Ti,42,MuSiQue,12,16,586,semantic,58.5853,0.0,0.0,0,1,1,87,343,343,61681958912,61681958912,8.615,0.03
google/gemma-3-1b-it,NVIDIA GeForce RTX 5060 Ti,42,MuSiQue,12,16,587,semantic,37.3056,0.0,0.0,0,1,1,39,295,295,45626163200,45626163200,8.615,0.03
google/gemma-3-1b-it,NVIDIA GeForce RTX 5060 Ti,42,MuSiQue,12,16,588,multi-hop,76.5386,38.9492,85.9888,0,0,0,101,357,357,66819981312,66819981312,8.615,0.03
google/gemma-3-1b-it,NVIDIA GeForce RTX 5060 Ti,42,MuSiQue,12,16,589,semantic,34.4247,0.0,0.0,0,1,1,114,370,370,71775027200,71775027200,8.615,0.03
google/gemma-3-1b-it,NVIDIA GeForce RTX 5060 Ti,42,MuSiQue,12,16,590,structural,35.6276,0.0,0.0,0,1,1,76,332,332,57789120512,57789120512,8.615,0.03
google/gemma-3-1b-it,NVIDIA GeForce RTX 5060 Ti,42,MuSiQue,12,16,591,semantic,80.8116,0.0,0.0,0,1,1,3,241,259,30451171328,35169763328,8.615,0.03
google/gemma-3-1b-it,NVIDIA GeForce RTX 5060 Ti,42,MuSiQue,12,16,592,structural,40.9099,54.1657,0.0,0,0,1,100,356,356,66446163968,66446163968,8.615,0.03
google/gemma-3-1b-it,NVIDIA GeForce RTX 5060 Ti,42,MuSiQue,12,16,593,semantic,37.6368,0.0,0.0,0,1,1,129,385,385,77712588800,77712588800,8.615,0.03
google/gemma-3-1b-it,NVIDIA GeForce RTX 5060 Ti,42,MuSiQue,12,16,594,structural,38.6785,0.0,0.0,0,1,1,14,270,270,38220595200,38220595200,8.615,0.03
google/gemma-3-1b-it,NVIDIA GeForce RTX 5060 Ti,42,MuSiQue,12,16,595,multi-hop,43.3144,0.0,62.9563,0,1,0,92,348,348,63493373952,63493373952,8.615,0.03
google/gemma-3-1b-it,NVIDIA GeForce RTX 5060 Ti,42,MuSiQue,12,16,596,multi-hop,36.7486,49.4316,0.0,0,0,1,91,347,347,63128993792,63128993792,8.615,0.03
google/gemma-3-1b-it,NVIDIA GeForce RTX 5060 Ti,42,MuSiQue,12,16,597,semantic,58.5459,0.0,0.0,0,1,1,142,398,398,83049316352,83049316352,8.615,0.03
google/gemma-3-1b-it,NVIDIA GeForce RTX 5060 Ti,42,MuSiQue,12,16,598,multi-hop,37.0833,0.0,0.0,0,1,1,115,371,371,72163524608,72163524608,8.615,0.03
google/gemma-3-1b-it,NVIDIA GeForce RTX 5060 Ti,42,MuSiQue,12,16,599,multi-hop,31.8458,0.0,0.0,0,1,1,102,358,358,67194847232,67194847232,8.615,0.03
google/gemma-3-1b-it,NVIDIA GeForce RTX 5060 Ti,42,MuSiQue,14,16,0,structural,46.3267,33.9098,0.0,0,0,1,102,358,358,67194847232,67194847232,8.615,0.03
google/gemma-3-1b-it,NVIDIA GeForce RTX 5060 Ti,42,MuSiQue,14,16,1,multi-hop,41.7395,0.0,0.0,0,1,1,119,375,375,73728000000,73728000000,8.615,0.03
google/gemma-3-1b-it,NVIDIA GeForce RTX 5060 Ti,42,MuSiQue,14,16,2,multi-hop,41.6103,0.0,0.0,0,1,1,124,380,380,75707187200,75707187200,8.615,0.03
google/gemma-3-1b-it,NVIDIA GeForce RTX 5060 Ti,42,MuSiQue,14,16,3,semantic,29.2376,0.0,0.0,0,1,1,33,289,289,43789058048,43789058048,8.615,0.03
google/gemma-3-1b-it,NVIDIA GeForce RTX 5060 Ti,42,MuSiQue,14,16,4,structural,36.9598,0.0,0.0,0,1,1,4,260,260,35441868800,35441868800,8.615,0.03
google/gemma-3-1b-it,NVIDIA GeForce RTX 5060 Ti,42,MuSiQue,14,16,5,multi-hop,74.4395,0.0,0.0,0,1,1,18,274,274,39361445888,39361445888,8.615,0.03
google/gemma-3-1b-it,NVIDIA GeForce RTX 5060 Ti,42,MuSiQue,14,16,6,structural,29.2135,31.2039,43.9643,0,0,0,115,371,371,72163524608,72163524608,8.615,0.03
google/gemma-3-1b-it,NVIDIA GeForce RTX 5060 Ti,42,MuSiQue,14,16,7,multi-hop,36.2886,31.798,98.7987,0,0,0,9,265,265,36818124800,36818124800,8.615,0.03
google/gemma-3-1b-it,NVIDIA GeForce RTX 5060 Ti,42,MuSiQue,14,16,8,multi-hop,73.2618,0.0,0.0,0,1,1,129,385,385,77712588800,77712588800,8.615,0.03
google/gemma-3-1b-it,NVIDIA GeForce RTX 5060 Ti,42,MuSiQue,14,16,9,structural,35.675,0.0,0.0,0,1,1,68,324,324,55037657088,55037657088,8.615,0.03
google/gemma-3-1b-it,NVIDIA GeForce RTX 5060 Ti,42,MuSiQue,14,16,10,multi-hop,33.7027,36.1739,42.0489,0,0,0,119,375,375,73728000000,73728000000,8.615,0.03
google/gemma-3-1b-it,NVIDIA GeForce RTX 5060 Ti,42,MuSiQue,14,16,11,semantic,39.4886,0.0,43.2895,0,1,0,88,344,344,62042144768,62042144768,8.615,0.03
google/gemma-3-1b-it,NVIDIA GeForce RTX 5060 Ti,42,MuSiQue,14,16,12,semantic,32.104,0.0,0.0,0,1,1,30,286,286,42884661248,42884661248,8.615,0.03
google/gemma-3-1b-it,NVIDIA GeForce RTX 5060 Ti,42,MuSiQue,14,16,13,semantic,29.5764,0.0,0.0,0,1,1,105,361,361,68325736448,68325736448,8.615,0.03
google/gemma-3-1b-it,NVIDIA GeForce RTX 5060 Ti,42,MuSiQue,14,16,14,multi-hop,35.543,0.0,0.0,0,1,1,110,366,366,70231523328,70231523328,8.615,0.03
google/gemma-3-1b-it,NVIDIA GeForce RTX 5060 Ti,42,MuSiQue,14,16,15,structural,35.3315,34.7236,37.7847,0,0,0,121,377,377,74516529152,74516529152,8.615,0.03
google/gemma-3-1b-it,NVIDIA GeForce RTX 5060 Ti,42,MuSiQue,14,16,16,structural,58.6137,60.0624,38.8483,0,0,0,18,274,274,39361445888,39361445888,8.615,0.03
google/gemma-3-1b-it,NVIDIA GeForce RTX 5060 Ti,42,MuSiQue,14,16,17,semantic,43.6677,0.0,0.0,0,1,1,61,317,317,52685176832,52685176832,8.615,0.03
google/gemma-3-1b-it,NVIDIA GeForce RTX 5060 Ti,42,MuSiQue,14,16,18,semantic,32.7859,0.0,0.0,0,1,1,113,369,369,71387578368,71387578368,8.615,0.03
google/gemma-3-1b-it,NVIDIA GeForce RTX 5060 Ti,42,MuSiQue,14,16,19,multi-hop,39.2213,87.5011,31.7785,0,0,0,39,295,295,45626163200,45626163200,8.615,0.03
google/gemma-3-1b-it,NVIDIA GeForce RTX 5060 Ti,42,MuSiQue,14,16,20,multi-hop,71.6593,32.7832,30.8087,0,0,0,78,334,334,58487472128,58487472128,8.615,0.03
google/gemma-3-1b-it,NVIDIA GeForce RTX 5060 Ti,42,MuSiQue,14,16,21,multi-hop,32.8104,0.0,0.0,0,1,1,105,361,361,68325736448,68325736448,8.615,0.03
google/gemma-3-1b-it,NVIDIA GeForce RTX 5060 Ti,42,MuSiQue,14,16,22,structural,35.1507,0.0,0.0,0,1,1,127,383,383,76907282432,76907282432,8.615,0.03
google/gemma-3-1b-it,NVIDIA GeForce RTX 5060 Ti,42,MuSiQue,14,16,23,semantic,69.3013,0.0,0.0,0,1,1,102,358,358,67194847232,67194847232,8.615,0.03
google/gemma-3-1b-it,NVIDIA GeForce RTX 5060 Ti,42,MuSiQue,14,16,24,semantic,31.9416,0.0,0.0,0,1,1,121,377,377,74516529152,74516529152,8.615,0.03
google/gemma-3-1b-it,NVIDIA GeForce RTX 5060 Ti,42,MuSiQue,14,16,25,multi-hop,88.7995,0.0,0.0,0,1,1,51,307,307,49413619712,49413619712,8.615,0.03
google/gemma-3-1b-it,NVIDIA GeForce RTX 5060 Ti,42,MuSiQue,14,16,26,multi-hop,34.0451,0.0,0.0,0,1,1,72,328,328,56405000192,56405000192,8.615,0.03
google/gemma-3-1b-it,NVIDIA GeForce RTX 5060 Ti,42,MuSiQue,14,16,27,multi-hop,34.1203,53.3604,38.0872,0,0,0,103,359,359,67570761728,67570761728,8.615,0.03
google/gemma-3-1b-it,NVIDIA GeForce RTX 5060 Ti,42,MuSiQue,14,16,28,semantic,73.1517,0.0,0.0,0,1,1,112,368,368,71001178112,71001178112,8.615,0.03
google/gemma-3-1b-it,NVIDIA GeForce RTX 5060 Ti,42,MuSiQue,14,16,29,structural,35.3781,50.6285,51.1259,0,0,0,117,373,373,72943665152,72943665152,8.615,0.03
google/gemma-3-1b-it,NVIDIA GeForce RTX 5060 Ti,42,MuSiQue,14,16,30,multi-hop,32.4504,0.0,0.0,0,1,1,104,360,360,67947724800,67947724800,8.615,0.03
google/gemma-3-1b-it,NVIDIA GeForce RTX 5060 Ti,42,MuSiQue,14,16,31,multi-hop,41.5696,0.0,0.0,0,1,1,43,299,299,46871871488,46871871488,8.615,0.03
google/gemma-3-1b-it,NVIDIA GeForce RTX 5060 Ti,42,MuSiQue,14,16,32,semantic,0.0,0.0,0.0,1,1,1,23,279,279,40811102208,40811102208,8.615,0.03
google/gemma-3-1b-it,NVIDIA GeForce RTX 5060 Ti,42,MuSiQue,14,16,33,structural,37.2066,51.6479,65.2494,0,0,0,84,340,340,60607692800,60607692800,8.615,0.03
google/gemma-3-1b-it,NVIDIA GeForce RTX 5060 Ti,42,MuSiQue,14,16,34,structural,63.0633,0.0,0.0,0,1,1,136,392,392,80564191232,80564191232,8.615,0.03
google/gemma-3-1b-it,NVIDIA GeForce RTX 5060 Ti,42,MuSiQue,14,16,35,semantic,0.0,0.0,0.0,1,1,1,125,381,381,76106170368,76106170368,8.615,0.03
google/gemma-3-1b-it,NVIDIA GeForce RTX 5060 Ti,42,MuSiQue,14,16,36,structural,31.922,0.0,0.0,0,1,1,111,367,367,70615826432,70615826432,8.615,0.03
google/gemma-3-1b-it,NVIDIA GeForce RTX 5060 Ti,42,MuSiQue,14,16,37,multi-hop,41.7017,0.0,73.1481,0,1,0,103,359,359,67570761728,67570761728,8.615,0.03
google/gemma-3-1b-it,NVIDIA GeForce RTX 5060 Ti,42,MuSiQue,14,16,38,multi-hop,38.2683,0.0,0.0,0,1,1,140,396,396,82216747008,82216747008,8.615,0.03
google/gemma-3-1b-it,NVIDIA GeForce RTX 5060 Ti,42,MuSiQue,14,16,39,multi-hop,40.2145,0.0,0.0,0,1,1,115,371,371,72163524608,72163524608,8.615,0.03
google/gemma-3-1b-it,NVIDIA GeForce RTX 5060 Ti,42,MuSiQue,14,16,40,semantic,51.199,0.0,63.804,0,1,0,106,362,362,68704796672,68704796672,8.615,0.03
google/gemma-3-1b-it,NVIDIA GeForce RTX 5060 Ti,42,MuSiQue,14,16,41,multi-hop,35.5651,0.0,0.0,0,1,1,107,363,363,69084905472,69084905472,8.615,0.03
google/gemma-3-1b-it,NVIDIA GeForce RTX 5060 Ti,42,MuSiQue,14,16,42,semantic,39.1703,32.6966,52.3575,0,0,0,102,358,358,67194847232,67194847232,8.615,0.03
google/gemma-3-1b-it,NVIDIA GeForce RTX 5060 Ti,42,MuSiQue,14,16,43,semantic,39.1973,0.0,0.0,0,1,1,5,261,261,35715022848,35715022848,8.615,0.03
google/gemma-3-1b-it,NVIDIA GeForce RTX 5060 Ti,42,MuSiQue,14,16,44,multi-hop,32.6259,44.1066,28.6711,0,0,0,131,387,387,78522089472,78522089472,8.615,0.03
google/gemma-3-1b-it,NVIDIA GeForce RTX 5060 Ti,42,MuSiQue,14,16,45,structural,31.3992,36.6273,27.8536,0,0,0,68,324,324,55037657088,55037657088,8.615,0.03
google/gemma-3-1b-it,NVIDIA GeForce RTX 5060 Ti,42,MuSiQue,14,16,46,structural,37.318,82.6973,0.0,0,0,1,121,377,377,74516529152,74516529152,8.615,0.03
google/gemma-3-1b-it,NVIDIA GeForce RTX 5060 Ti,42,MuSiQue,14,16,47,semantic,0.0,0.0,0.0,1,1,1,12,268,268,37656461312,37656461312,8.615,0.03
google/gemma-3-1b-it,NVIDIA GeForce RTX 5060 Ti,42,MuSiQue,14,16,48,multi-hop,0.0,0.0,0.0,1,1,1,90,346,346,62765662208,62765662208,8.615,0.03
google/gemma-3-1b-it,NVIDIA GeForce RTX 5060 Ti,42,MuSiQue,14,16,49,structural,0.0,48.9426,0.0,1,0,1,107,363,363,69084905472,69084905472,8.615,0.03
google/gemma-3-1b-it,NVIDIA GeForce RTX 5060 Ti,42,MuSiQue,14,16,50,multi-hop,43.4231,0.0,0.0,0,1,1,48,304,304,48452599808,48452599808,8.615,0.03
google/gemma-3-1b-it,NVIDIA GeForce RTX 5060 Ti,42,MuSiQue,14,16,51,structural,72.16,69.9999,0.0,0,0,1,88,344,344,62042144768,62042144768,8.615,0.03
google/gemma-3-1b-it,NVIDIA GeForce RTX 5060 Ti,42,MuSiQue,14,16,52,semantic,44.7908,0.0,0.0,0,1,1,66,322,322,54360276992,54360276992,8.615,0.03
google/gemma-3-1b-it,NVIDIA GeForce RTX 5060 Ti,42,MuSiQue,14,16,53,structural,30.1661,52.6984,39.725,0,0,0,120,376,376,74121740288,74121740288,8.615,0.03
google/gemma-3-1b-it,NVIDIA GeForce RTX 5060 Ti,42,MuSiQue,14,16,54,structural,65.6792,0.0,0.0,0,1,1,118,374,374,73335308288,73335308288,8.615,0.03
google/gemma-3-1b-it,NVIDIA GeForce RTX 5060 Ti,42,MuSiQue,14,16,55,semantic,31.2446,0.0,0.0,0,1,1,102,358,358,67194847232,67194847232,8.615,0.03
google/gemma-3-1b-it,NVIDIA GeForce RTX 5060 Ti,42,MuSiQue,14,16,56,multi-hop,30.2144,0.0,0.0,0,1,1,36,292,292,44702892032,44702892032,8.615,0.03
google/gemma-3-1b-it,NVIDIA GeForce RTX 5060 Ti,42,MuSiQue,14,16,57,structural,38.1018,40.6141,0.0,0,0,1,62,318,318,53018099712,53018099712,8.615,0.03
google/gemma-3-1b-it,NVIDIA GeForce RTX 5060 Ti,42,MuSiQue,14,16,58,multi-hop,44.208,0.0,0.0,0,1,1,69,325,325,55377920000,55377920000,8.615,0.03
google/gemma-3-1b-it,NVIDIA GeForce RTX 5060 Ti,42,MuSiQue,14,16,59,semantic,36.1447,0.0,0.0,0,1,1,115,371,371,72163524608,72163524608,8.615,0.03
google/gemma-3-1b-it,NVIDIA GeForce RTX 5060 Ti,42,MuSiQue,14,16,60,semantic,71.6792,0.0,0.0,0,1,1,102,358,358,67194847232,67194847232,8.615,0.03
google/gemma-3-1b-it,NVIDIA GeForce RTX 5060 Ti,42,MuSiQue,14,16,61,structural,38.8521,40.4179,44.3148,0,0,0,99,355,355,66073395200,66073395200,8.615,0.03
google/gemma-3-1b-it,NVIDIA GeForce RTX 5060 Ti,42,MuSiQue,14,16,62,semantic,24.0489,0.0,33.3766,0,1,0,5,261,261,35715022848,35715022848,8.615,0.03
google/gemma-3-1b-it,NVIDIA GeForce RTX 5060 Ti,42,MuSiQue,14,16,63,multi-hop,37.7392,37.2702,0.0,0,0,1,94,350,350,64225280000,64225280000,8.615,0.03
google/gemma-3-1b-it,NVIDIA GeForce RTX 5060 Ti,42,MuSiQue,14,16,64,multi-hop,30.2034,0.0,0.0,0,1,1,118,374,374,73335308288,73335308288,8.615,0.03
google/gemma-3-1b-it,NVIDIA GeForce RTX 5060 Ti,42,MuSiQue,14,16,65,multi-hop,27.9144,37.6043,27.7394,0,0,0,120,376,376,74121740288,74121740288,8.615,0.03
google/gemma-3-1b-it,NVIDIA GeForce RTX 5060 Ti,42,MuSiQue,14,16,66,multi-hop,41.9584,38.2058,0.0,0,0,1,45,301,301,47501017088,47501017088,8.615,0.03
google/gemma-3-1b-it,NVIDIA GeForce RTX 5060 Ti,42,MuSiQue,14,16,67,semantic,34.5002,0.0,0.0,0,1,1,105,361,361,68325736448,68325736448,8.615,0.03
google/gemma-3-1b-it,NVIDIA GeForce RTX 5060 Ti,42,MuSiQue,14,16,68,structural,36.2778,59.212,40.1615,0,0,0,57,313,313,51363971072,51363971072,8.615,0.03
google/gemma-3-1b-it,NVIDIA GeForce RTX 5060 Ti,42,MuSiQue,14,16,69,multi-hop,35.4759,0.0,0.0,0,1,1,62,318,318,53018099712,53018099712,8.615,0.03
google/gemma-3-1b-it,NVIDIA GeForce RTX 5060 Ti,42,MuSiQue,14,16,70,structural,36.6213,0.0,0.0,0,1,1,103,359,359,67570761728,67570761728,8.615,0.03
google/gemma-3-1b-it,NVIDIA GeForce RTX 5060 Ti,42,MuSiQue,14,16,71,multi-hop,54.6605,74.3094,0.0,0,0,1,98,354,354,65701675008,65701675008,8.615,0.03
google/gemma-3-1b-it,NVIDIA GeForce RTX 5060 Ti,42,MuSiQue,14,16,72,semantic,35.3216,0.0,0.0,0,1,1,132,388,388,78928412672,78928412672,8.615,0.03
google/gemma-3-1b-it,NVIDIA GeForce RTX 5060 Ti,42,MuSiQue,14,16,73,multi-hop,32.4829,0.0,0.0,0,1,1,30,286,286,42884661248,42884661248,8.615,0.03
google/gemma-3-1b-it,NVIDIA GeForce RTX 5060 Ti,42,MuSiQue,14,16,74,multi-hop,39.6485,0.0,0.0,0,1,1,9,265,265,36818124800,36818124800,8.615,0.03
google/gemma-3-1b-it,NVIDIA GeForce RTX 5060 Ti,42,MuSiQue,14,16,75,structural,52.8827,0.0,0.0,0,1,1,101,357,357,66819981312,66819981312,8.615,0.03
google/gemma-3-1b-it,NVIDIA GeForce RTX 5060 Ti,42,MuSiQue,14,16,76,multi-hop,36.1576,0.0,0.0,0,1,1,57,313,313,51363971072,51363971072,8.615,0.03
google/gemma-3-1b-it,NVIDIA GeForce RTX 5060 Ti,42,MuSiQue,14,16,77,semantic,42.4287,0.0,0.0,0,1,1,100,356,356,66446163968,66446163968,8.615,0.03
google/gemma-3-1b-it,NVIDIA GeForce RTX 5060 Ti,42,MuSiQue,14,16,78,semantic,38.4304,0.0,0.0,0,1,1,92,348,348,63493373952,63493373952,8.615,0.03
google/gemma-3-1b-it,NVIDIA GeForce RTX 5060 Ti,42,MuSiQue,14,16,79,semantic,49.1394,56.8401,38.4841,0,0,0,101,357,357,66819981312,66819981312,8.615,0.03
google/gemma-3-1b-it,NVIDIA GeForce RTX 5060 Ti,42,MuSiQue,14,16,80,structural,31.8138,0.0,0.0,0,1,1,102,358,358,67194847232,67194847232,8.615,0.03
google/gemma-3-1b-it,NVIDIA GeForce RTX 5060 Ti,42,MuSiQue,14,16,81,multi-hop,46.6258,0.0,0.0,0,1,1,69,325,325,55377920000,55377920000,8.615,0.03
google/gemma-3-1b-it,NVIDIA GeForce RTX 5060 Ti,42,MuSiQue,14,16,82,multi-hop,39.3302,31.496,0.0,0,0,1,102,358,358,67194847232,67194847232,8.615,0.03
google/gemma-3-1b-it,NVIDIA GeForce RTX 5060 Ti,42,MuSiQue,14,16,83,structural,38.6824,47.2153,0.0,0,0,1,101,357,357,66819981312,66819981312,8.615,0.03
google/gemma-3-1b-it,NVIDIA GeForce RTX 5060 Ti,42,MuSiQue,14,16,84,semantic,33.6379,0.0,0.0,0,1,1,65,321,321,54023159808,54023159808,8.615,0.03
google/gemma-3-1b-it,NVIDIA GeForce RTX 5060 Ti,42,MuSiQue,14,16,85,semantic,68.2378,0.0,0.0,0,1,1,97,353,353,65331003392,65331003392,8.615,0.03
google/gemma-3-1b-it,NVIDIA GeForce RTX 5060 Ti,42,MuSiQue,14,16,86,multi-hop,36.5574,0.0,0.0,0,1,1,148,404,404,85572190208,85572190208,8.615,0.03
google/gemma-3-1b-it,NVIDIA GeForce RTX 5060 Ti,42,MuSiQue,14,16,87,multi-hop,78.9162,0.0,0.0,0,1,1,119,375,375,73728000000,73728000000,8.615,0.03
google/gemma-3-1b-it,NVIDIA GeForce RTX 5060 Ti,42,MuSiQue,14,16,88,multi-hop,45.2398,0.0,0.0,0,1,1,89,345,345,62403379200,62403379200,8.615,0.03
google/gemma-3-1b-it,NVIDIA GeForce RTX 5060 Ti,42,MuSiQue,14,16,89,multi-hop,32.0853,0.0,0.0,0,1,1,89,345,345,62403379200,62403379200,8.615,0.03
google/gemma-3-1b-it,NVIDIA GeForce RTX 5060 Ti,42,MuSiQue,14,16,90,semantic,39.1331,0.0,0.0,0,1,1,115,371,371,72163524608,72163524608,8.615,0.03
google/gemma-3-1b-it,NVIDIA GeForce RTX 5060 Ti,42,MuSiQue,14,16,91,multi-hop,0.0,43.1294,0.0,1,0,1,124,380,380,75707187200,75707187200,8.615,0.03
google/gemma-3-1b-it,NVIDIA GeForce RTX 5060 Ti,42,MuSiQue,14,16,92,semantic,63.5026,0.0,28.3737,0,1,0,10,266,266,37096521728,37096521728,8.615,0.03
google/gemma-3-1b-it,NVIDIA GeForce RTX 5060 Ti,42,MuSiQue,14,16,93,semantic,0.0,0.0,0.0,1,1,1,97,353,353,65331003392,65331003392,8.615,0.03
google/gemma-3-1b-it,NVIDIA GeForce RTX 5060 Ti,42,MuSiQue,14,16,94,semantic,33.3947,0.0,0.0,0,1,1,119,375,375,73728000000,73728000000,8.615,0.03
google/gemma-3-1b-it,NVIDIA GeForce RTX 5060 Ti,42,MuSiQue,14,16,95,semantic,30.6516,0.0,0.0,0,1,1,114,370,370,71775027200,71775027200,8.615,0.03
google/gemma-3-1b-it,NVIDIA GeForce RTX 5060 Ti,42,MuSiQue,14,16,96,multi-hop,0.0,34.3131,51.7212,1,0,0,106,362,362,68704796672,68704796672,8.615,0.03
google/gemma-3-1b-it,NVIDIA GeForce RTX 5060 Ti,42,MuSiQue,14,16,97,structural,0.0,0.0,0.0,1,1,1,124,380,380,75707187200,75707187200,8.615,0.03
google/gemma-3-1b-it,NVIDIA GeForce RTX 5060 Ti,42,MuSiQue,14,16,98,multi-hop,64.88,0.0,0.0,0,1,1,106,362,362,68704796672,68704796672,8.615,0.03
google/gemma-3-1b-it,NVIDIA GeForce RTX 5060 Ti,42,MuSiQue,14,16,99,semantic,0.0,0.0,0.0,1,1,1,119,375,375,73728000000,73728000000,8.615,0.03
google/gemma-3-1b-it,NVIDIA GeForce RTX 5060 Ti,42,MuSiQue,14,16,100,semantic,32.2911,0.0,0.0,0,1,1,75,331,331,57441517568,57441517568,8.615,0.03
google/gemma-3-1b-it,NVIDIA GeForce RTX 5060 Ti,42,MuSiQue,14,16,101,multi-hop,47.4452,0.0,0.0,0,1,1,119,375,375,73728000000,73728000000,8.615,0.03
google/gemma-3-1b-it,NVIDIA GeForce RTX 5060 Ti,42,MuSiQue,14,16,102,multi-hop,41.2896,0.0,0.0,0,1,1,53,309,309,50059542528,50059542528,8.615,0.03
google/gemma-3-1b-it,NVIDIA GeForce RTX 5060 Ti,42,MuSiQue,14,16,103,semantic,39.758,0.0,0.0,0,1,1,86,342,342,61322821632,61322821632,8.615,0.03
google/gemma-3-1b-it,NVIDIA GeForce RTX 5060 Ti,42,MuSiQue,14,16,104,multi-hop,47.844,0.0,0.0,0,1,1,36,292,292,44702892032,44702892032,8.615,0.03
google/gemma-3-1b-it,NVIDIA GeForce RTX 5060 Ti,42,MuSiQue,14,16,105,semantic,43.2682,0.0,0.0,0,1,1,99,355,355,66073395200,66073395200,8.615,0.03
google/gemma-3-1b-it,NVIDIA GeForce RTX 5060 Ti,42,MuSiQue,14,16,106,semantic,30.5716,0.0,0.0,0,1,1,54,310,310,50384076800,50384076800,8.615,0.03
google/gemma-3-1b-it,NVIDIA GeForce RTX 5060 Ti,42,MuSiQue,14,16,107,structural,57.1503,0.0,0.0,0,1,1,118,374,374,73335308288,73335308288,8.615,0.03
google/gemma-3-1b-it,NVIDIA GeForce RTX 5060 Ti,42,MuSiQue,14,16,108,structural,36.3018,30.5443,0.0,0,0,1,83,339,339,60251701248,60251701248,8.615,0.03
google/gemma-3-1b-it,NVIDIA GeForce RTX 5060 Ti,42,MuSiQue,14,16,109,multi-hop,41.8628,30.2085,32.9194,0,0,0,2,185,258,17943756800,34898706432,8.615,0.03
google/gemma-3-1b-it,NVIDIA GeForce RTX 5060 Ti,42,MuSiQue,14,16,110,multi-hop,38.2166,0.0,0.0,0,1,1,4,260,260,35441868800,35441868800,8.615,0.03
google/gemma-3-1b-it,NVIDIA GeForce RTX 5060 Ti,42,MuSiQue,14,16,111,multi-hop,44.7219,36.4689,0.0,0,0,1,116,372,372,72553070592,72553070592,8.615,0.03
google/gemma-3-1b-it,NVIDIA GeForce RTX 5060 Ti,42,MuSiQue,14,16,112,semantic,29.6561,0.0,0.0,0,1,1,103,359,359,67570761728,67570761728,8.615,0.03
google/gemma-3-1b-it,NVIDIA GeForce RTX 5060 Ti,42,MuSiQue,14,16,113,multi-hop,45.623,0.0,0.0,0,1,1,87,343,343,61681958912,61681958912,8.615,0.03
google/gemma-3-1b-it,NVIDIA GeForce RTX 5060 Ti,42,MuSiQue,14,16,114,multi-hop,32.0016,0.0,0.0,0,1,1,88,344,344,62042144768,62042144768,8.615,0.03
google/gemma-3-1b-it,NVIDIA GeForce RTX 5060 Ti,42,MuSiQue,14,16,115,multi-hop,31.281,51.6148,31.2718,0,0,0,106,362,362,68704796672,68704796672,8.615,0.03
google/gemma-3-1b-it,NVIDIA GeForce RTX 5060 Ti,42,MuSiQue,14,16,116,semantic,31.4731,47.1379,0.0,0,0,1,105,361,361,68325736448,68325736448,8.615,0.03
google/gemma-3-1b-it,NVIDIA GeForce RTX 5060 Ti,42,MuSiQue,14,16,117,multi-hop,40.8859,34.7492,0.0,0,0,1,98,354,354,65701675008,65701675008,8.615,0.03
google/gemma-3-1b-it,NVIDIA GeForce RTX 5060 Ti,42,MuSiQue,14,16,118,multi-hop,33.8923,0.0,0.0,0,1,1,102,358,358,67194847232,67194847232,8.615,0.03
google/gemma-3-1b-it,NVIDIA GeForce RTX 5060 Ti,42,MuSiQue,14,16,119,multi-hop,37.0761,34.6661,0.0,0,0,1,97,353,353,65331003392,65331003392,8.615,0.03
google/gemma-3-1b-it,NVIDIA GeForce RTX 5060 Ti,42,MuSiQue,14,16,120,structural,50.9811,0.0,32.3364,0,1,0,7,263,263,36264476672,36264476672,8.615,0.03
google/gemma-3-1b-it,NVIDIA GeForce RTX 5060 Ti,42,MuSiQue,14,16,121,multi-hop,29.2767,0.0,0.0,0,1,1,105,361,361,68325736448,68325736448,8.615,0.03
google/gemma-3-1b-it,NVIDIA GeForce RTX 5060 Ti,42,MuSiQue,14,16,122,semantic,47.6517,0.0,0.0,0,1,1,5,261,261,35715022848,35715022848,8.615,0.03
google/gemma-3-1b-it,NVIDIA GeForce RTX 5060 Ti,42,MuSiQue,14,16,123,semantic,36.3882,0.0,0.0,0,1,1,121,377,377,74516529152,74516529152,8.615,0.03
google/gemma-3-1b-it,NVIDIA GeForce RTX 5060 Ti,42,MuSiQue,14,16,124,multi-hop,34.3358,35.6422,0.0,0,0,1,7,263,263,36264476672,36264476672,8.615,0.03
google/gemma-3-1b-it,NVIDIA GeForce RTX 5060 Ti,42,MuSiQue,14,16,125,semantic,29.9093,0.0,48.1441,0,1,0,104,360,360,67947724800,67947724800,8.615,0.03
google/gemma-3-1b-it,NVIDIA GeForce RTX 5060 Ti,42,MuSiQue,14,16,126,semantic,35.7644,0.0,0.0,0,1,1,39,295,295,45626163200,45626163200,8.615,0.03
google/gemma-3-1b-it,NVIDIA GeForce RTX 5060 Ti,42,MuSiQue,14,16,127,multi-hop,35.0355,31.7869,0.0,0,0,1,35,291,291,44397232128,44397232128,8.615,0.03
google/gemma-3-1b-it,NVIDIA GeForce RTX 5060 Ti,42,MuSiQue,14,16,128,multi-hop,29.3123,40.5377,0.0,0,0,1,9,265,265,36818124800,36818124800,8.615,0.03
google/gemma-3-1b-it,NVIDIA GeForce RTX 5060 Ti,42,MuSiQue,14,16,129,structural,48.0348,0.0,0.0,0,1,1,75,331,331,57441517568,57441517568,8.615,0.03
google/gemma-3-1b-it,NVIDIA GeForce RTX 5060 Ti,42,MuSiQue,14,16,130,semantic,49.8454,0.0,0.0,0,1,1,107,363,363,69084905472,69084905472,8.615,0.03
google/gemma-3-1b-it,NVIDIA GeForce RTX 5060 Ti,42,MuSiQue,14,16,131,semantic,32.9366,0.0,0.0,0,1,1,107,363,363,69084905472,69084905472,8.615,0.03
google/gemma-3-1b-it,NVIDIA GeForce RTX 5060 Ti,42,MuSiQue,14,16,132,semantic,60.4104,0.0,0.0,0,1,1,81,337,337,59542863872,59542863872,8.615,0.03
google/gemma-3-1b-it,NVIDIA GeForce RTX 5060 Ti,42,MuSiQue,14,16,133,multi-hop,53.0603,0.0,0.0,0,1,1,114,370,370,71775027200,71775027200,8.615,0.03
google/gemma-3-1b-it,NVIDIA GeForce RTX 5060 Ti,42,MuSiQue,14,16,134,structural,41.0216,44.5261,0.0,0,0,1,77,333,333,58137772032,58137772032,8.615,0.03
google/gemma-3-1b-it,NVIDIA GeForce RTX 5060 Ti,42,MuSiQue,14,16,135,multi-hop,33.3977,0.0,0.0,0,1,1,123,379,379,75309252608,75309252608,8.615,0.03
google/gemma-3-1b-it,NVIDIA GeForce RTX 5060 Ti,42,MuSiQue,14,16,136,semantic,54.5426,0.0,0.0,0,1,1,120,376,376,74121740288,74121740288,8.615,0.03
google/gemma-3-1b-it,NVIDIA GeForce RTX 5060 Ti,42,MuSiQue,14,16,137,semantic,33.2428,0.0,0.0,0,1,1,114,370,370,71775027200,71775027200,8.615,0.03
google/gemma-3-1b-it,NVIDIA GeForce RTX 5060 Ti,42,MuSiQue,14,16,138,semantic,42.1711,0.0,0.0,0,1,1,142,398,398,83049316352,83049316352,8.615,0.03
google/gemma-3-1b-it,NVIDIA GeForce RTX 5060 Ti,42,MuSiQue,14,16,139,multi-hop,30.7818,40.6769,31.9341,0,0,0,77,333,333,58137772032,58137772032,8.615,0.03
google/gemma-3-1b-it,NVIDIA GeForce RTX 5060 Ti,42,MuSiQue,14,16,140,structural,36.9744,0.0,0.0,0,1,1,125,381,381,76106170368,76106170368,8.615,0.03
google/gemma-3-1b-it,NVIDIA GeForce RTX 5060 Ti,42,MuSiQue,14,16,141,semantic,35.1648,0.0,41.2194,0,1,0,88,344,344,62042144768,62042144768,8.615,0.03
google/gemma-3-1b-it,NVIDIA GeForce RTX 5060 Ti,42,MuSiQue,14,16,142,multi-hop,41.6782,32.324,0.0,0,0,1,53,309,309,50059542528,50059542528,8.615,0.03
google/gemma-3-1b-it,NVIDIA GeForce RTX 5060 Ti,42,MuSiQue,14,16,143,semantic,40.901,0.0,0.0,0,1,1,115,371,371,72163524608,72163524608,8.615,0.03
google/gemma-3-1b-it,NVIDIA GeForce RTX 5060 Ti,42,MuSiQue,14,16,144,multi-hop,0.0,0.0,36.6781,1,1,0,88,344,344,62042144768,62042144768,8.615,0.03
google/gemma-3-1b-it,NVIDIA GeForce RTX 5060 Ti,42,MuSiQue,14,16,145,multi-hop,38.1537,0.0,0.0,0,1,1,102,358,358,67194847232,67194847232,8.615,0.03
google/gemma-3-1b-it,NVIDIA GeForce RTX 5060 Ti,42,MuSiQue,14,16,146,multi-hop,31.1224,0.0,0.0,0,1,1,20,276,276,39938162688,39938162688,8.615,0.03
google/gemma-3-1b-it,NVIDIA GeForce RTX 5060 Ti,42,MuSiQue,14,16,147,multi-hop,46.3999,0.0,0.0,0,1,1,54,310,310,50384076800,50384076800,8.615,0.03
google/gemma-3-1b-it,NVIDIA GeForce RTX 5060 Ti,42,MuSiQue,14,16,148,multi-hop,26.8283,31.8906,51.3817,0,0,0,118,374,374,73335308288,73335308288,8.615,0.03
google/gemma-3-1b-it,NVIDIA GeForce RTX 5060 Ti,42,MuSiQue,14,16,149,multi-hop,43.1182,58.5289,47.5247,0,0,0,57,313,313,51363971072,51363971072,8.615,0.03
google/gemma-3-1b-it,NVIDIA GeForce RTX 5060 Ti,42,MuSiQue,14,16,150,semantic,36.3525,0.0,0.0,0,1,1,110,366,366,70231523328,70231523328,8.615,0.03
google/gemma-3-1b-it,NVIDIA GeForce RTX 5060 Ti,42,MuSiQue,14,16,151,structural,32.6708,29.1954,0.0,0,0,1,119,375,375,73728000000,73728000000,8.615,0.03
google/gemma-3-1b-it,NVIDIA GeForce RTX 5060 Ti,42,MuSiQue,14,16,152,structural,29.5537,0.0,0.0,0,1,1,109,365,365,69848268800,69848268800,8.615,0.03
google/gemma-3-1b-it,NVIDIA GeForce RTX 5060 Ti,42,MuSiQue,14,16,153,structural,39.5237,57.5549,0.0,0,0,1,103,359,359,67570761728,67570761728,8.615,0.03
google/gemma-3-1b-it,NVIDIA GeForce RTX 5060 Ti,42,MuSiQue,14,16,154,multi-hop,0.0,0.0,0.0,1,1,1,119,375,375,73728000000,73728000000,8.615,0.03
google/gemma-3-1b-it,NVIDIA GeForce RTX 5060 Ti,42,MuSiQue,14,16,155,multi-hop,0.0,40.1085,0.0,1,0,1,68,324,324,55037657088,55037657088,8.615,0.03
google/gemma-3-1b-it,NVIDIA GeForce RTX 5060 Ti,42,MuSiQue,14,16,156,structural,58.0093,0.0,0.0,0,1,1,104,360,360,67947724800,67947724800,8.615,0.03
google/gemma-3-1b-it,NVIDIA GeForce RTX 5060 Ti,42,MuSiQue,14,16,157,multi-hop,0.0,0.0,0.0,1,1,1,115,371,371,72163524608,72163524608,8.615,0.03
google/gemma-3-1b-it,NVIDIA GeForce RTX 5060 Ti,42,MuSiQue,14,16,158,multi-hop,30.0727,0.0,0.0,0,1,1,5,261,261,35715022848,35715022848,8.615,0.03
google/gemma-3-1b-it,NVIDIA GeForce RTX 5060 Ti,42,MuSiQue,14,16,159,structural,55.8158,27.4906,0.0,0,0,1,86,342,342,61322821632,61322821632,8.615,0.03
google/gemma-3-1b-it,NVIDIA GeForce RTX 5060 Ti,42,MuSiQue,14,16,160,semantic,34.6659,0.0,0.0,0,1,1,3,259,259,35169763328,35169763328,8.615,0.03
google/gemma-3-1b-it,NVIDIA GeForce RTX 5060 Ti,42,MuSiQue,14,16,161,multi-hop,48.8983,0.0,0.0,0,1,1,96,352,352,64961380352,64961380352,8.615,0.03
google/gemma-3-1b-it,NVIDIA GeForce RTX 5060 Ti,42,MuSiQue,14,16,162,multi-hop,28.8989,32.8897,29.4819,0,0,0,39,295,295,45626163200,45626163200,8.615,0.03
google/gemma-3-1b-it,NVIDIA GeForce RTX 5060 Ti,42,MuSiQue,14,16,163,multi-hop,31.1988,0.0,0.0,0,1,1,53,309,309,50059542528,50059542528,8.615,0.03
google/gemma-3-1b-it,NVIDIA GeForce RTX 5060 Ti,42,MuSiQue,14,16,164,semantic,32.87,0.0,0.0,0,1,1,53,309,309,50059542528,50059542528,8.615,0.03
google/gemma-3-1b-it,NVIDIA GeForce RTX 5060 Ti,42,MuSiQue,14,16,165,multi-hop,71.5664,0.0,0.0,0,1,1,97,353,353,65331003392,65331003392,8.615,0.03
google/gemma-3-1b-it,NVIDIA GeForce RTX 5060 Ti,42,MuSiQue,14,16,166,multi-hop,69.2695,0.0,0.0,0,1,1,103,359,359,67570761728,67570761728,8.615,0.03
google/gemma-3-1b-it,NVIDIA GeForce RTX 5060 Ti,42,MuSiQue,14,16,167,multi-hop,38.2315,37.2468,0.0,0,0,1,35,291,291,44397232128,44397232128,8.615,0.03
google/gemma-3-1b-it,NVIDIA GeForce RTX 5060 Ti,42,MuSiQue,14,16,168,semantic,35.2985,0.0,0.0,0,1,1,111,367,367,70615826432,70615826432,8.615,0.03
google/gemma-3-1b-it,NVIDIA GeForce RTX 5060 Ti,42,MuSiQue,14,16,169,multi-hop,0.0,31.8166,0.0,1,0,1,114,370,370,71775027200,71775027200,8.615,0.03
google/gemma-3-1b-it,NVIDIA GeForce RTX 5060 Ti,42,MuSiQue,14,16,170,multi-hop,35.5425,36.9167,0.0,0,0,1,79,335,335,58838220800,58838220800,8.615,0.03
google/gemma-3-1b-it,NVIDIA GeForce RTX 5060 Ti,42,MuSiQue,14,16,171,multi-hop,30.3308,0.0,0.0,0,1,1,43,299,299,46871871488,46871871488,8.615,0.03
google/gemma-3-1b-it,NVIDIA GeForce RTX 5060 Ti,42,MuSiQue,14,16,172,structural,32.6614,33.4969,29.3215,0,0,0,39,295,295,45626163200,45626163200,8.615,0.03
google/gemma-3-1b-it,NVIDIA GeForce RTX 5060 Ti,42,MuSiQue,14,16,173,multi-hop,53.3863,30.1373,35.899,0,0,0,77,333,333,58137772032,58137772032,8.615,0.03
google/gemma-3-1b-it,NVIDIA GeForce RTX 5060 Ti,42,MuSiQue,14,16,174,semantic,35.2391,0.0,0.0,0,1,1,124,380,380,75707187200,75707187200,8.615,0.03
google/gemma-3-1b-it,NVIDIA GeForce RTX 5060 Ti,42,MuSiQue,14,16,175,multi-hop,29.0952,0.0,0.0,0,1,1,111,367,367,70615826432,70615826432,8.615,0.03
google/gemma-3-1b-it,NVIDIA GeForce RTX 5060 Ti,42,MuSiQue,14,16,176,multi-hop,41.9742,0.0,0.0,0,1,1,90,346,346,62765662208,62765662208,8.615,0.03
google/gemma-3-1b-it,NVIDIA GeForce RTX 5060 Ti,42,MuSiQue,14,16,177,multi-hop,36.7363,0.0,0.0,0,1,1,27,283,283,41989701632,41989701632,8.615,0.03
google/gemma-3-1b-it,NVIDIA GeForce RTX 5060 Ti,42,MuSiQue,14,16,178,structural,31.7101,0.0,0.0,0,1,1,143,399,399,83467173888,83467173888,8.615,0.03
google/gemma-3-1b-it,NVIDIA GeForce RTX 5060 Ti,42,MuSiQue,14,16,179,structural,55.8429,0.0,0.0,0,1,1,30,286,286,42884661248,42884661248,8.615,0.03
google/gemma-3-1b-it,NVIDIA GeForce RTX 5060 Ti,42,MuSiQue,14,16,180,semantic,36.4301,0.0,0.0,0,1,1,19,275,275,39649280000,39649280000,8.615,0.03
google/gemma-3-1b-it,NVIDIA GeForce RTX 5060 Ti,42,MuSiQue,14,16,181,structural,45.843,0.0,0.0,0,1,1,90,346,346,62765662208,62765662208,8.615,0.03
google/gemma-3-1b-it,NVIDIA GeForce RTX 5060 Ti,42,MuSiQue,14,16,182,multi-hop,0.0,0.0,0.0,1,1,1,54,310,310,50384076800,50384076800,8.615,0.03
google/gemma-3-1b-it,NVIDIA GeForce RTX 5060 Ti,42,MuSiQue,14,16,183,multi-hop,30.4249,0.0,0.0,0,1,1,110,366,366,70231523328,70231523328,8.615,0.03
google/gemma-3-1b-it,NVIDIA GeForce RTX 5060 Ti,42,MuSiQue,14,16,184,structural,43.453,0.0,0.0,0,1,1,92,348,348,63493373952,63493373952,8.615,0.03
google/gemma-3-1b-it,NVIDIA GeForce RTX 5060 Ti,42,MuSiQue,14,16,185,multi-hop,30.6178,0.0,55.5169,0,1,0,100,356,356,66446163968,66446163968,8.615,0.03
google/gemma-3-1b-it,NVIDIA GeForce RTX 5060 Ti,42,MuSiQue,14,16,186,semantic,59.4758,0.0,0.0,0,1,1,109,365,365,69848268800,69848268800,8.615,0.03
google/gemma-3-1b-it,NVIDIA GeForce RTX 5060 Ti,42,MuSiQue,14,16,187,multi-hop,54.8347,0.0,0.0,0,1,1,66,322,322,54360276992,54360276992,8.615,0.03
google/gemma-3-1b-it,NVIDIA GeForce RTX 5060 Ti,42,MuSiQue,14,16,188,multi-hop,39.8022,0.0,0.0,0,1,1,114,370,370,71775027200,71775027200,8.615,0.03
google/gemma-3-1b-it,NVIDIA GeForce RTX 5060 Ti,42,MuSiQue,14,16,189,structural,29.6516,0.0,0.0,0,1,1,111,367,367,70615826432,70615826432,8.615,0.03
google/gemma-3-1b-it,NVIDIA GeForce RTX 5060 Ti,42,MuSiQue,14,16,190,structural,73.5599,0.0,0.0,0,1,1,34,290,290,44092620800,44092620800,8.615,0.03
google/gemma-3-1b-it,NVIDIA GeForce RTX 5060 Ti,42,MuSiQue,14,16,191,structural,94.2698,58.1923,0.0,0,0,1,39,295,295,45626163200,45626163200,8.615,0.03
google/gemma-3-1b-it,NVIDIA GeForce RTX 5060 Ti,42,MuSiQue,14,16,192,multi-hop,34.6717,0.0,0.0,0,1,1,116,372,372,72553070592,72553070592,8.615,0.03
google/gemma-3-1b-it,NVIDIA GeForce RTX 5060 Ti,42,MuSiQue,14,16,193,semantic,57.6358,0.0,32.7339,0,1,0,71,327,327,56061591552,56061591552,8.615,0.03
google/gemma-3-1b-it,NVIDIA GeForce RTX 5060 Ti,42,MuSiQue,14,16,194,multi-hop,43.4822,31.5478,0.0,0,0,1,128,384,384,77309411328,77309411328,8.615,0.03
google/gemma-3-1b-it,NVIDIA GeForce RTX 5060 Ti,42,MuSiQue,14,16,195,multi-hop,45.016,31.46,34.647,0,0,0,104,360,360,67947724800,67947724800,8.615,0.03
google/gemma-3-1b-it,NVIDIA GeForce RTX 5060 Ti,42,MuSiQue,14,16,196,multi-hop,70.5976,0.0,0.0,0,1,1,101,357,357,66819981312,66819981312,8.615,0.03
google/gemma-3-1b-it,NVIDIA GeForce RTX 5060 Ti,42,MuSiQue,14,16,197,semantic,48.424,0.0,34.2905,0,1,0,72,328,328,56405000192,56405000192,8.615,0.03
google/gemma-3-1b-it,NVIDIA GeForce RTX 5060 Ti,42,MuSiQue,14,16,198,semantic,0.0,65.4787,0.0,1,0,1,91,347,347,63128993792,63128993792,8.615,0.03
google/gemma-3-1b-it,NVIDIA GeForce RTX 5060 Ti,42,MuSiQue,14,16,199,semantic,36.7694,0.0,31.8889,0,1,0,13,269,269,37938003968,37938003968,8.615,0.03
google/gemma-3-1b-it,NVIDIA GeForce RTX 5060 Ti,42,MuSiQue,14,16,200,multi-hop,36.9402,0.0,0.0,0,1,1,121,377,377,74516529152,74516529152,8.615,0.03
google/gemma-3-1b-it,NVIDIA GeForce RTX 5060 Ti,42,MuSiQue,14,16,201,multi-hop,35.5931,0.0,0.0,0,1,1,102,358,358,67194847232,67194847232,8.615,0.03
google/gemma-3-1b-it,NVIDIA GeForce RTX 5060 Ti,42,MuSiQue,14,16,202,semantic,32.3881,0.0,0.0,0,1,1,51,307,307,49413619712,49413619712,8.615,0.03
google/gemma-3-1b-it,NVIDIA GeForce RTX 5060 Ti,42,MuSiQue,14,16,203,semantic,31.6741,0.0,0.0,0,1,1,35,291,291,44397232128,44397232128,8.615,0.03
google/gemma-3-1b-it,NVIDIA GeForce RTX 5060 Ti,42,MuSiQue,14,16,204,multi-hop,59.3137,31.7083,0.0,0,0,1,112,368,368,71001178112,71001178112,8.615,0.03
google/gemma-3-1b-it,NVIDIA GeForce RTX 5060 Ti,42,MuSiQue,14,16,205,multi-hop,38.9412,30.5535,39.995,0,0,0,102,358,358,67194847232,67194847232,8.615,0.03
google/gemma-3-1b-it,NVIDIA GeForce RTX 5060 Ti,42,MuSiQue,14,16,206,multi-hop,41.6242,0.0,0.0,0,1,1,99,355,355,66073395200,66073395200,8.615,0.03
google/gemma-3-1b-it,NVIDIA GeForce RTX 5060 Ti,42,MuSiQue,14,16,207,multi-hop,37.9483,0.0,51.3087,0,1,0,91,347,347,63128993792,63128993792,8.615,0.03
google/gemma-3-1b-it,NVIDIA GeForce RTX 5060 Ti,42,MuSiQue,14,16,208,semantic,31.2009,0.0,0.0,0,1,1,120,376,376,74121740288,74121740288,8.615,0.03
google/gemma-3-1b-it,NVIDIA GeForce RTX 5060 Ti,42,MuSiQue,14,16,209,semantic,46.2659,0.0,47.4537,0,1,0,61,317,317,52685176832,52685176832,8.615,0.03
google/gemma-3-1b-it,NVIDIA GeForce RTX 5060 Ti,42,MuSiQue,14,16,210,multi-hop,47.6051,0.0,0.0,0,1,1,110,366,366,70231523328,70231523328,8.615,0.03
google/gemma-3-1b-it,NVIDIA GeForce RTX 5060 Ti,42,MuSiQue,14,16,211,multi-hop,48.5539,35.1312,33.7607,0,0,0,48,304,304,48452599808,48452599808,8.615,0.03
google/gemma-3-1b-it,NVIDIA GeForce RTX 5060 Ti,42,MuSiQue,14,16,212,semantic,42.1966,0.0,55.9738,0,1,0,103,359,359,67570761728,67570761728,8.615,0.03
google/gemma-3-1b-it,NVIDIA GeForce RTX 5060 Ti,42,MuSiQue,14,16,213,structural,43.0685,31.1242,0.0,0,0,1,96,352,352,64961380352,64961380352,8.615,0.03
google/gemma-3-1b-it,NVIDIA GeForce RTX 5060 Ti,42,MuSiQue,14,16,214,multi-hop,49.1467,0.0,0.0,0,1,1,46,302,302,47817162752,47817162752,8.615,0.03
google/gemma-3-1b-it,NVIDIA GeForce RTX 5060 Ti,42,MuSiQue,14,16,215,multi-hop,59.7401,33.3038,38.1151,0,0,0,2,185,258,17943756800,34898706432,8.615,0.03
google/gemma-3-1b-it,NVIDIA GeForce RTX 5060 Ti,42,MuSiQue,14,16,216,multi-hop,45.3611,0.0,0.0,0,1,1,77,333,333,58137772032,58137772032,8.615,0.03
google/gemma-3-1b-it,NVIDIA GeForce RTX 5060 Ti,42,MuSiQue,14,16,217,semantic,48.6853,0.0,0.0,0,1,1,94,350,350,64225280000,64225280000,8.615,0.03
google/gemma-3-1b-it,NVIDIA GeForce RTX 5060 Ti,42,MuSiQue,14,16,218,semantic,40.2167,0.0,0.0,0,1,1,92,348,348,63493373952,63493373952,8.615,0.03
google/gemma-3-1b-it,NVIDIA GeForce RTX 5060 Ti,42,MuSiQue,14,16,219,structural,69.0459,34.1498,0.0,0,0,1,121,377,377,74516529152,74516529152,8.615,0.03
google/gemma-3-1b-it,NVIDIA GeForce RTX 5060 Ti,42,MuSiQue,14,16,220,multi-hop,0.0,0.0,0.0,1,1,1,103,359,359,67570761728,67570761728,8.615,0.03
google/gemma-3-1b-it,NVIDIA GeForce RTX 5060 Ti,42,MuSiQue,14,16,221,semantic,63.6707,0.0,68.4373,0,1,0,57,313,313,51363971072,51363971072,8.615,0.03
google/gemma-3-1b-it,NVIDIA GeForce RTX 5060 Ti,42,MuSiQue,14,16,222,structural,69.0627,48.0253,70.9414,0,0,0,5,261,261,35715022848,35715022848,8.615,0.03
google/gemma-3-1b-it,NVIDIA GeForce RTX 5060 Ti,42,MuSiQue,14,16,223,multi-hop,69.0225,0.0,0.0,0,1,1,33,289,289,43789058048,43789058048,8.615,0.03
google/gemma-3-1b-it,NVIDIA GeForce RTX 5060 Ti,42,MuSiQue,14,16,224,multi-hop,44.003,0.0,0.0,0,1,1,103,359,359,67570761728,67570761728,8.615,0.03
google/gemma-3-1b-it,NVIDIA GeForce RTX 5060 Ti,42,MuSiQue,14,16,225,structural,39.3465,37.2172,56.6184,0,0,0,115,371,371,72163524608,72163524608,8.615,0.03
google/gemma-3-1b-it,NVIDIA GeForce RTX 5060 Ti,42,MuSiQue,14,16,226,semantic,0.0,0.0,0.0,1,1,1,92,348,348,63493373952,63493373952,8.615,0.03
google/gemma-3-1b-it,NVIDIA GeForce RTX 5060 Ti,42,MuSiQue,14,16,227,semantic,40.8023,0.0,0.0,0,1,1,39,295,295,45626163200,45626163200,8.615,0.03
google/gemma-3-1b-it,NVIDIA GeForce RTX 5060 Ti,42,MuSiQue,14,16,228,structural,37.5414,0.0,0.0,0,1,1,137,393,393,80975757312,80975757312,8.615,0.03
google/gemma-3-1b-it,NVIDIA GeForce RTX 5060 Ti,42,MuSiQue,14,16,229,multi-hop,46.8034,0.0,0.0,0,1,1,92,348,348,63493373952,63493373952,8.615,0.03
google/gemma-3-1b-it,NVIDIA GeForce RTX 5060 Ti,42,MuSiQue,14,16,230,structural,61.7218,66.8232,32.3557,0,0,0,105,361,361,68325736448,68325736448,8.615,0.03
google/gemma-3-1b-it,NVIDIA GeForce RTX 5060 Ti,42,MuSiQue,14,16,231,semantic,34.5463,0.0,0.0,0,1,1,103,359,359,67570761728,67570761728,8.615,0.03
google/gemma-3-1b-it,NVIDIA GeForce RTX 5060 Ti,42,MuSiQue,14,16,232,structural,40.7049,50.8376,0.0,0,0,1,137,393,393,80975757312,80975757312,8.615,0.03
google/gemma-3-1b-it,NVIDIA GeForce RTX 5060 Ti,42,MuSiQue,14,16,233,structural,65.3369,36.5958,40.5424,0,0,0,39,295,295,45626163200,45626163200,8.615,0.03
google/gemma-3-1b-it,NVIDIA GeForce RTX 5060 Ti,42,MuSiQue,14,16,234,semantic,56.437,0.0,0.0,0,1,1,87,343,343,61681958912,61681958912,8.615,0.03
google/gemma-3-1b-it,NVIDIA GeForce RTX 5060 Ti,42,MuSiQue,14,16,235,multi-hop,0.0,0.0,0.0,1,1,1,39,295,295,45626163200,45626163200,8.615,0.03
google/gemma-3-1b-it,NVIDIA GeForce RTX 5060 Ti,42,MuSiQue,14,16,236,multi-hop,40.2005,0.0,0.0,0,1,1,114,370,370,71775027200,71775027200,8.615,0.03
google/gemma-3-1b-it,NVIDIA GeForce RTX 5060 Ti,42,MuSiQue,14,16,237,structural,45.7421,49.9064,0.0,0,0,1,111,367,367,70615826432,70615826432,8.615,0.03
google/gemma-3-1b-it,NVIDIA GeForce RTX 5060 Ti,42,MuSiQue,14,16,238,multi-hop,34.4447,0.0,0.0,0,1,1,108,364,364,69466062848,69466062848,8.615,0.03
google/gemma-3-1b-it,NVIDIA GeForce RTX 5060 Ti,42,MuSiQue,14,16,239,structural,27.0072,44.9045,75.374,0,0,0,96,352,352,64961380352,64961380352,8.615,0.03
google/gemma-3-1b-it,NVIDIA GeForce RTX 5060 Ti,42,MuSiQue,14,16,240,multi-hop,64.3286,0.0,0.0,0,1,1,102,358,358,67194847232,67194847232,8.615,0.03
google/gemma-3-1b-it,NVIDIA GeForce RTX 5060 Ti,42,MuSiQue,14,16,241,multi-hop,66.329,0.0,0.0,0,1,1,100,356,356,66446163968,66446163968,8.615,0.03
google/gemma-3-1b-it,NVIDIA GeForce RTX 5060 Ti,42,MuSiQue,14,16,242,multi-hop,75.2522,68.6621,0.0,0,0,1,105,361,361,68325736448,68325736448,8.615,0.03
google/gemma-3-1b-it,NVIDIA GeForce RTX 5060 Ti,42,MuSiQue,14,16,243,multi-hop,31.5937,0.0,0.0,0,1,1,108,364,364,69466062848,69466062848,8.615,0.03
google/gemma-3-1b-it,NVIDIA GeForce RTX 5060 Ti,42,MuSiQue,14,16,244,semantic,46.1702,0.0,0.0,0,1,1,77,333,333,58137772032,58137772032,8.615,0.03
google/gemma-3-1b-it,NVIDIA GeForce RTX 5060 Ti,42,MuSiQue,14,16,245,multi-hop,67.1153,34.2044,35.8732,0,0,0,102,358,358,67194847232,67194847232,8.615,0.03
google/gemma-3-1b-it,NVIDIA GeForce RTX 5060 Ti,42,MuSiQue,14,16,246,structural,82.029,0.0,0.0,0,1,1,113,369,369,71387578368,71387578368,8.615,0.03
google/gemma-3-1b-it,NVIDIA GeForce RTX 5060 Ti,42,MuSiQue,14,16,247,structural,34.0224,0.0,0.0,0,1,1,37,293,293,45009600512,45009600512,8.615,0.03
google/gemma-3-1b-it,NVIDIA GeForce RTX 5060 Ti,42,MuSiQue,14,16,248,semantic,54.4495,0.0,0.0,0,1,1,16,272,272,38788923392,38788923392,8.615,0.03
google/gemma-3-1b-it,NVIDIA GeForce RTX 5060 Ti,42,MuSiQue,14,16,249,multi-hop,79.0761,0.0,0.0,0,1,1,110,366,366,70231523328,70231523328,8.615,0.03
google/gemma-3-1b-it,NVIDIA GeForce RTX 5060 Ti,42,MuSiQue,14,16,250,semantic,35.7283,0.0,0.0,0,1,1,99,355,355,66073395200,66073395200,8.615,0.03
google/gemma-3-1b-it,NVIDIA GeForce RTX 5060 Ti,42,MuSiQue,14,16,251,multi-hop,53.0407,0.0,0.0,0,1,1,112,368,368,71001178112,71001178112,8.615,0.03
google/gemma-3-1b-it,NVIDIA GeForce RTX 5060 Ti,42,MuSiQue,14,16,252,multi-hop,63.4512,0.0,0.0,0,1,1,2,185,258,17943756800,34898706432,8.615,0.03
google/gemma-3-1b-it,NVIDIA GeForce RTX 5060 Ti,42,MuSiQue,14,16,253,multi-hop,62.3931,0.0,0.0,0,1,1,30,286,286,42884661248,42884661248,8.615,0.03
google/gemma-3-1b-it,NVIDIA GeForce RTX 5060 Ti,42,MuSiQue,14,16,254,multi-hop,35.5666,62.1177,42.9547,0,0,0,20,276,276,39938162688,39938162688,8.615,0.03
google/gemma-3-1b-it,NVIDIA GeForce RTX 5060 Ti,42,MuSiQue,14,16,255,multi-hop,30.2588,38.2349,0.0,0,0,1,84,340,340,60607692800,60607692800,8.615,0.03
google/gemma-3-1b-it,NVIDIA GeForce RTX 5060 Ti,42,MuSiQue,14,16,256,multi-hop,72.5435,0.0,0.0,0,1,1,101,357,357,66819981312,66819981312,8.615,0.03
google/gemma-3-1b-it,NVIDIA GeForce RTX 5060 Ti,42,MuSiQue,14,16,257,semantic,82.5946,0.0,0.0,0,1,1,9,265,265,36818124800,36818124800,8.615,0.03
google/gemma-3-1b-it,NVIDIA GeForce RTX 5060 Ti,42,MuSiQue,14,16,258,multi-hop,48.1405,0.0,0.0,0,1,1,33,289,289,43789058048,43789058048,8.615,0.03
google/gemma-3-1b-it,NVIDIA GeForce RTX 5060 Ti,42,MuSiQue,14,16,259,multi-hop,51.667,0.0,0.0,0,1,1,132,388,388,78928412672,78928412672,8.615,0.03
google/gemma-3-1b-it,NVIDIA GeForce RTX 5060 Ti,42,MuSiQue,14,16,260,structural,32.7932,0.0,0.0,0,1,1,100,356,356,66446163968,66446163968,8.615,0.03
google/gemma-3-1b-it,NVIDIA GeForce RTX 5060 Ti,42,MuSiQue,14,16,261,semantic,49.1036,0.0,0.0,0,1,1,141,397,397,82632507392,82632507392,8.615,0.03
google/gemma-3-1b-it,NVIDIA GeForce RTX 5060 Ti,42,MuSiQue,14,16,262,multi-hop,65.8,75.5625,52.3365,0,0,0,121,377,377,74516529152,74516529152,8.615,0.03
google/gemma-3-1b-it,NVIDIA GeForce RTX 5060 Ti,42,MuSiQue,14,16,263,semantic,55.4113,0.0,0.0,0,1,1,46,302,302,47817162752,47817162752,8.615,0.03
google/gemma-3-1b-it,NVIDIA GeForce RTX 5060 Ti,42,MuSiQue,14,16,264,semantic,34.7299,0.0,0.0,0,1,1,19,275,275,39649280000,39649280000,8.615,0.03
google/gemma-3-1b-it,NVIDIA GeForce RTX 5060 Ti,42,MuSiQue,14,16,265,semantic,52.0426,0.0,0.0,0,1,1,92,348,348,63493373952,63493373952,8.615,0.03
google/gemma-3-1b-it,NVIDIA GeForce RTX 5060 Ti,42,MuSiQue,14,16,266,semantic,78.7983,0.0,0.0,0,1,1,104,360,360,67947724800,67947724800,8.615,0.03
google/gemma-3-1b-it,NVIDIA GeForce RTX 5060 Ti,42,MuSiQue,14,16,267,structural,45.2131,0.0,0.0,0,1,1,60,316,316,52353302528,52353302528,8.615,0.03
google/gemma-3-1b-it,NVIDIA GeForce RTX 5060 Ti,42,MuSiQue,14,16,268,structural,67.467,59.7225,51.3546,0,0,0,104,360,360,67947724800,67947724800,8.615,0.03
google/gemma-3-1b-it,NVIDIA GeForce RTX 5060 Ti,42,MuSiQue,14,16,269,semantic,100.3402,0.0,0.0,0,1,1,116,372,372,72553070592,72553070592,8.615,0.03
google/gemma-3-1b-it,NVIDIA GeForce RTX 5060 Ti,42,MuSiQue,14,16,270,multi-hop,41.2352,0.0,0.0,0,1,1,99,355,355,66073395200,66073395200,8.615,0.03
google/gemma-3-1b-it,NVIDIA GeForce RTX 5060 Ti,42,MuSiQue,14,16,271,multi-hop,66.4045,0.0,0.0,0,1,1,103,359,359,67570761728,67570761728,8.615,0.03
google/gemma-3-1b-it,NVIDIA GeForce RTX 5060 Ti,42,MuSiQue,14,16,272,semantic,60.0204,0.0,88.6511,0,1,0,86,342,342,61322821632,61322821632,8.615,0.03
google/gemma-3-1b-it,NVIDIA GeForce RTX 5060 Ti,42,MuSiQue,14,16,273,multi-hop,80.6004,0.0,0.0,0,1,1,60,316,316,52353302528,52353302528,8.615,0.03
google/gemma-3-1b-it,NVIDIA GeForce RTX 5060 Ti,42,MuSiQue,14,16,274,multi-hop,33.8281,80.7778,59.9349,0,0,0,106,362,362,68704796672,68704796672,8.615,0.03
google/gemma-3-1b-it,NVIDIA GeForce RTX 5060 Ti,42,MuSiQue,14,16,275,multi-hop,31.9755,0.0,0.0,0,1,1,103,359,359,67570761728,67570761728,8.615,0.03
google/gemma-3-1b-it,NVIDIA GeForce RTX 5060 Ti,42,MuSiQue,14,16,276,multi-hop,45.5768,0.0,0.0,0,1,1,87,343,343,61681958912,61681958912,8.615,0.03
google/gemma-3-1b-it,NVIDIA GeForce RTX 5060 Ti,42,MuSiQue,14,16,277,structural,46.2958,0.0,0.0,0,1,1,67,323,323,54698442752,54698442752,8.615,0.03
google/gemma-3-1b-it,NVIDIA GeForce RTX 5060 Ti,42,MuSiQue,14,16,278,multi-hop,45.9895,50.5247,0.0,0,0,1,88,344,344,62042144768,62042144768,8.615,0.03
google/gemma-3-1b-it,NVIDIA GeForce RTX 5060 Ti,42,MuSiQue,14,16,279,structural,38.5077,56.5347,34.0591,0,0,0,119,375,375,73728000000,73728000000,8.615,0.03
google/gemma-3-1b-it,NVIDIA GeForce RTX 5060 Ti,42,MuSiQue,14,16,280,multi-hop,77.7997,42.3444,55.0977,0,0,0,103,359,359,67570761728,67570761728,8.615,0.03
google/gemma-3-1b-it,NVIDIA GeForce RTX 5060 Ti,42,MuSiQue,14,16,281,semantic,34.875,0.0,0.0,0,1,1,72,328,328,56405000192,56405000192,8.615,0.03
google/gemma-3-1b-it,NVIDIA GeForce RTX 5060 Ti,42,MuSiQue,14,16,282,semantic,43.7604,0.0,0.0,0,1,1,4,260,260,35441868800,35441868800,8.615,0.03
google/gemma-3-1b-it,NVIDIA GeForce RTX 5060 Ti,42,MuSiQue,14,16,283,structural,51.5317,58.3022,72.2819,0,0,0,72,328,328,56405000192,56405000192,8.615,0.03
google/gemma-3-1b-it,NVIDIA GeForce RTX 5060 Ti,42,MuSiQue,14,16,284,multi-hop,55.455,76.4596,68.0429,0,0,0,88,344,344,62042144768,62042144768,8.615,0.03
google/gemma-3-1b-it,NVIDIA GeForce RTX 5060 Ti,42,MuSiQue,14,16,285,structural,38.5851,0.0,0.0,0,1,1,103,359,359,67570761728,67570761728,8.615,0.03
google/gemma-3-1b-it,NVIDIA GeForce RTX 5060 Ti,42,MuSiQue,14,16,286,multi-hop,33.9798,0.0,0.0,0,1,1,111,367,367,70615826432,70615826432,8.615,0.03
google/gemma-3-1b-it,NVIDIA GeForce RTX 5060 Ti,42,MuSiQue,14,16,287,structural,58.4007,54.1203,32.482,0,0,0,93,349,349,63858802688,63858802688,8.615,0.03
google/gemma-3-1b-it,NVIDIA GeForce RTX 5060 Ti,42,MuSiQue,14,16,288,multi-hop,62.3447,0.0,0.0,0,1,1,110,366,366,70231523328,70231523328,8.615,0.03
google/gemma-3-1b-it,NVIDIA GeForce RTX 5060 Ti,42,MuSiQue,14,16,289,multi-hop,32.0572,0.0,0.0,0,1,1,62,318,318,53018099712,53018099712,8.615,0.03
google/gemma-3-1b-it,NVIDIA GeForce RTX 5060 Ti,42,MuSiQue,14,16,290,semantic,66.2709,0.0,0.0,0,1,1,115,371,371,72163524608,72163524608,8.615,0.03
google/gemma-3-1b-it,NVIDIA GeForce RTX 5060 Ti,42,MuSiQue,14,16,291,multi-hop,41.1252,0.0,0.0,0,1,1,7,263,263,36264476672,36264476672,8.615,0.03
google/gemma-3-1b-it,NVIDIA GeForce RTX 5060 Ti,42,MuSiQue,14,16,292,multi-hop,83.9977,0.0,83.176,0,1,0,86,342,342,61322821632,61322821632,8.615,0.03
google/gemma-3-1b-it,NVIDIA GeForce RTX 5060 Ti,42,MuSiQue,14,16,293,multi-hop,0.0,41.6479,0.0,1,0,1,96,352,352,64961380352,64961380352,8.615,0.03
google/gemma-3-1b-it,NVIDIA GeForce RTX 5060 Ti,42,MuSiQue,14,16,294,multi-hop,56.7232,57.3436,75.1732,0,0,0,111,367,367,70615826432,70615826432,8.615,0.03
google/gemma-3-1b-it,NVIDIA GeForce RTX 5060 Ti,42,MuSiQue,14,16,295,semantic,52.0209,0.0,0.0,0,1,1,105,361,361,68325736448,68325736448,8.615,0.03
google/gemma-3-1b-it,NVIDIA GeForce RTX 5060 Ti,42,MuSiQue,14,16,296,multi-hop,61.819,45.7623,69.8869,0,0,0,148,404,404,85572190208,85572190208,8.615,0.03
google/gemma-3-1b-it,NVIDIA GeForce RTX 5060 Ti,42,MuSiQue,14,16,297,multi-hop,69.695,44.8897,67.0425,0,0,0,77,333,333,58137772032,58137772032,8.615,0.03
google/gemma-3-1b-it,NVIDIA GeForce RTX 5060 Ti,42,MuSiQue,14,16,298,structural,74.7939,44.6555,0.0,0,0,1,94,350,350,64225280000,64225280000,8.615,0.03
google/gemma-3-1b-it,NVIDIA GeForce RTX 5060 Ti,42,MuSiQue,14,16,299,semantic,81.8337,0.0,0.0,0,1,1,65,321,321,54023159808,54023159808,8.615,0.03
google/gemma-3-1b-it,NVIDIA GeForce RTX 5060 Ti,42,MuSiQue,14,16,300,multi-hop,59.6394,0.0,0.0,0,1,1,120,376,376,74121740288,74121740288,8.615,0.03
google/gemma-3-1b-it,NVIDIA GeForce RTX 5060 Ti,42,MuSiQue,14,16,301,multi-hop,53.3866,74.5763,81.5773,0,0,0,131,387,387,78522089472,78522089472,8.615,0.03
google/gemma-3-1b-it,NVIDIA GeForce RTX 5060 Ti,42,MuSiQue,14,16,302,structural,66.7457,38.9629,0.0,0,0,1,88,344,344,62042144768,62042144768,8.615,0.03
google/gemma-3-1b-it,NVIDIA GeForce RTX 5060 Ti,42,MuSiQue,14,16,303,semantic,43.8204,0.0,0.0,0,1,1,132,388,388,78928412672,78928412672,8.615,0.03
google/gemma-3-1b-it,NVIDIA GeForce RTX 5060 Ti,42,MuSiQue,14,16,304,multi-hop,65.2157,0.0,0.0,0,1,1,88,344,344,62042144768,62042144768,8.615,0.03
google/gemma-3-1b-it,NVIDIA GeForce RTX 5060 Ti,42,MuSiQue,14,16,305,multi-hop,59.425,0.0,0.0,0,1,1,101,357,357,66819981312,66819981312,8.615,0.03
google/gemma-3-1b-it,NVIDIA GeForce RTX 5060 Ti,42,MuSiQue,14,16,306,semantic,61.6137,0.0,0.0,0,1,1,121,377,377,74516529152,74516529152,8.615,0.03
google/gemma-3-1b-it,NVIDIA GeForce RTX 5060 Ti,42,MuSiQue,14,16,307,semantic,51.7443,0.0,48.3539,0,1,0,91,347,347,63128993792,63128993792,8.615,0.03
google/gemma-3-1b-it,NVIDIA GeForce RTX 5060 Ti,42,MuSiQue,14,16,308,multi-hop,41.0184,0.0,0.0,0,1,1,43,299,299,46871871488,46871871488,8.615,0.03
google/gemma-3-1b-it,NVIDIA GeForce RTX 5060 Ti,42,MuSiQue,14,16,309,multi-hop,29.8816,0.0,0.0,0,1,1,101,357,357,66819981312,66819981312,8.615,0.03
google/gemma-3-1b-it,NVIDIA GeForce RTX 5060 Ti,42,MuSiQue,14,16,310,structural,57.2566,0.0,0.0,0,1,1,96,352,352,64961380352,64961380352,8.615,0.03
google/gemma-3-1b-it,NVIDIA GeForce RTX 5060 Ti,42,MuSiQue,14,16,311,multi-hop,69.7061,55.9381,0.0,0,0,1,111,367,367,70615826432,70615826432,8.615,0.03
google/gemma-3-1b-it,NVIDIA GeForce RTX 5060 Ti,42,MuSiQue,14,16,312,multi-hop,69.7354,79.0765,33.6434,0,0,0,13,269,269,37938003968,37938003968,8.615,0.03
google/gemma-3-1b-it,NVIDIA GeForce RTX 5060 Ti,42,MuSiQue,14,16,313,structural,33.6817,59.187,51.8174,0,0,0,110,366,366,70231523328,70231523328,8.615,0.03
google/gemma-3-1b-it,NVIDIA GeForce RTX 5060 Ti,42,MuSiQue,14,16,314,structural,51.1076,55.5534,75.1288,0,0,0,46,302,302,47817162752,47817162752,8.615,0.03
google/gemma-3-1b-it,NVIDIA GeForce RTX 5060 Ti,42,MuSiQue,14,16,315,multi-hop,48.403,52.6897,39.0507,0,0,0,12,268,268,37656461312,37656461312,8.615,0.03
google/gemma-3-1b-it,NVIDIA GeForce RTX 5060 Ti,42,MuSiQue,14,16,316,semantic,67.9271,0.0,0.0,0,1,1,5,261,261,35715022848,35715022848,8.615,0.03
google/gemma-3-1b-it,NVIDIA GeForce RTX 5060 Ti,42,MuSiQue,14,16,317,multi-hop,43.8289,0.0,0.0,0,1,1,101,357,357,66819981312,66819981312,8.615,0.03
google/gemma-3-1b-it,NVIDIA GeForce RTX 5060 Ti,42,MuSiQue,14,16,318,multi-hop,58.0772,0.0,0.0,0,1,1,124,380,380,75707187200,75707187200,8.615,0.03
google/gemma-3-1b-it,NVIDIA GeForce RTX 5060 Ti,42,MuSiQue,14,16,319,semantic,49.5888,0.0,0.0,0,1,1,106,362,362,68704796672,68704796672,8.615,0.03
google/gemma-3-1b-it,NVIDIA GeForce RTX 5060 Ti,42,MuSiQue,14,16,320,multi-hop,58.4853,0.0,0.0,0,1,1,103,359,359,67570761728,67570761728,8.615,0.03
google/gemma-3-1b-it,NVIDIA GeForce RTX 5060 Ti,42,MuSiQue,14,16,321,multi-hop,44.0544,0.0,0.0,0,1,1,104,360,360,67947724800,67947724800,8.615,0.03
google/gemma-3-1b-it,NVIDIA GeForce RTX 5060 Ti,42,MuSiQue,14,16,322,multi-hop,35.6282,37.6001,0.0,0,0,1,111,367,367,70615826432,70615826432,8.615,0.03
google/gemma-3-1b-it,NVIDIA GeForce RTX 5060 Ti,42,MuSiQue,14,16,323,structural,0.0,0.0,0.0,1,1,1,129,385,385,77712588800,77712588800,8.615,0.03
google/gemma-3-1b-it,NVIDIA GeForce RTX 5060 Ti,42,MuSiQue,14,16,324,semantic,38.2476,0.0,0.0,0,1,1,112,368,368,71001178112,71001178112,8.615,0.03
google/gemma-3-1b-it,NVIDIA GeForce RTX 5060 Ti,42,MuSiQue,14,16,325,semantic,38.8456,0.0,0.0,0,1,1,119,375,375,73728000000,73728000000,8.615,0.03
google/gemma-3-1b-it,NVIDIA GeForce RTX 5060 Ti,42,MuSiQue,14,16,326,multi-hop,82.1736,77.227,0.0,0,0,1,71,327,327,56061591552,56061591552,8.615,0.03
google/gemma-3-1b-it,NVIDIA GeForce RTX 5060 Ti,42,MuSiQue,14,16,327,structural,78.1892,0.0,0.0,0,1,1,121,377,377,74516529152,74516529152,8.615,0.03
google/gemma-3-1b-it,NVIDIA GeForce RTX 5060 Ti,42,MuSiQue,14,16,328,multi-hop,65.4177,0.0,41.9354,0,1,0,40,296,296,45936017408,45936017408,8.615,0.03
google/gemma-3-1b-it,NVIDIA GeForce RTX 5060 Ti,42,MuSiQue,14,16,329,multi-hop,27.0608,68.9905,0.0,0,0,1,20,276,276,39938162688,39938162688,8.615,0.03
google/gemma-3-1b-it,NVIDIA GeForce RTX 5060 Ti,42,MuSiQue,14,16,330,structural,30.5926,0.0,0.0,0,1,1,96,352,352,64961380352,64961380352,8.615,0.03
google/gemma-3-1b-it,NVIDIA GeForce RTX 5060 Ti,42,MuSiQue,14,16,331,multi-hop,29.7981,0.0,0.0,0,1,1,104,360,360,67947724800,67947724800,8.615,0.03
google/gemma-3-1b-it,NVIDIA GeForce RTX 5060 Ti,42,MuSiQue,14,16,332,multi-hop,36.5131,0.0,0.0,0,1,1,73,329,329,56749457408,56749457408,8.615,0.03
google/gemma-3-1b-it,NVIDIA GeForce RTX 5060 Ti,42,MuSiQue,14,16,333,semantic,62.4612,0.0,0.0,0,1,1,114,370,370,71775027200,71775027200,8.615,0.03
google/gemma-3-1b-it,NVIDIA GeForce RTX 5060 Ti,42,MuSiQue,14,16,334,semantic,32.3575,0.0,0.0,0,1,1,170,426,426,95145689088,95145689088,8.615,0.03
google/gemma-3-1b-it,NVIDIA GeForce RTX 5060 Ti,42,MuSiQue,14,16,335,multi-hop,46.6421,0.0,0.0,0,1,1,14,270,270,38220595200,38220595200,8.615,0.03
google/gemma-3-1b-it,NVIDIA GeForce RTX 5060 Ti,42,MuSiQue,14,16,336,multi-hop,64.2766,0.0,0.0,0,1,1,118,374,374,73335308288,73335308288,8.615,0.03
google/gemma-3-1b-it,NVIDIA GeForce RTX 5060 Ti,42,MuSiQue,14,16,337,structural,51.5869,31.4561,0.0,0,0,1,4,260,260,35441868800,35441868800,8.615,0.03
google/gemma-3-1b-it,NVIDIA GeForce RTX 5060 Ti,42,MuSiQue,14,16,338,multi-hop,57.1258,0.0,0.0,0,1,1,87,343,343,61681958912,61681958912,8.615,0.03
google/gemma-3-1b-it,NVIDIA GeForce RTX 5060 Ti,42,MuSiQue,14,16,339,multi-hop,41.9054,0.0,0.0,0,1,1,114,370,370,71775027200,71775027200,8.615,0.03
google/gemma-3-1b-it,NVIDIA GeForce RTX 5060 Ti,42,MuSiQue,14,16,340,semantic,29.5541,0.0,50.7565,0,1,0,26,282,282,41693478912,41693478912,8.615,0.03
google/gemma-3-1b-it,NVIDIA GeForce RTX 5060 Ti,42,MuSiQue,14,16,341,semantic,0.0,0.0,0.0,1,1,1,25,281,281,41398304768,41398304768,8.615,0.03
google/gemma-3-1b-it,NVIDIA GeForce RTX 5060 Ti,42,MuSiQue,14,16,342,multi-hop,38.6075,0.0,97.7029,0,1,0,4,260,260,35441868800,35441868800,8.615,0.03
google/gemma-3-1b-it,NVIDIA GeForce RTX 5060 Ti,42,MuSiQue,14,16,343,structural,63.6866,31.6939,0.0,0,0,1,110,366,366,70231523328,70231523328,8.615,0.03
google/gemma-3-1b-it,NVIDIA GeForce RTX 5060 Ti,42,MuSiQue,14,16,344,multi-hop,38.3519,44.4389,66.615,0,0,0,2,185,258,17943756800,34898706432,8.615,0.03
google/gemma-3-1b-it,NVIDIA GeForce RTX 5060 Ti,42,MuSiQue,14,16,345,semantic,45.371,0.0,0.0,0,1,1,115,371,371,72163524608,72163524608,8.615,0.03
google/gemma-3-1b-it,NVIDIA GeForce RTX 5060 Ti,42,MuSiQue,14,16,346,semantic,58.2632,0.0,0.0,0,1,1,115,371,371,72163524608,72163524608,8.615,0.03
google/gemma-3-1b-it,NVIDIA GeForce RTX 5060 Ti,42,MuSiQue,14,16,347,structural,46.0289,52.5082,79.8794,0,0,0,92,348,348,63493373952,63493373952,8.615,0.03
google/gemma-3-1b-it,NVIDIA GeForce RTX 5060 Ti,42,MuSiQue,14,16,348,structural,48.4759,75.2406,41.3252,0,0,0,89,345,345,62403379200,62403379200,8.615,0.03
google/gemma-3-1b-it,NVIDIA GeForce RTX 5060 Ti,42,MuSiQue,14,16,349,semantic,0.0,0.0,0.0,1,1,1,115,371,371,72163524608,72163524608,8.615,0.03
google/gemma-3-1b-it,NVIDIA GeForce RTX 5060 Ti,42,MuSiQue,14,16,350,semantic,62.4825,0.0,0.0,0,1,1,100,356,356,66446163968,66446163968,8.615,0.03
google/gemma-3-1b-it,NVIDIA GeForce RTX 5060 Ti,42,MuSiQue,14,16,351,multi-hop,38.0478,38.9159,77.8244,0,0,0,110,366,366,70231523328,70231523328,8.615,0.03
google/gemma-3-1b-it,NVIDIA GeForce RTX 5060 Ti,42,MuSiQue,14,16,352,structural,32.6784,0.0,0.0,0,1,1,90,346,346,62765662208,62765662208,8.615,0.03
google/gemma-3-1b-it,NVIDIA GeForce RTX 5060 Ti,42,MuSiQue,14,16,353,semantic,80.3715,0.0,0.0,0,1,1,72,328,328,56405000192,56405000192,8.615,0.03
google/gemma-3-1b-it,NVIDIA GeForce RTX 5060 Ti,42,MuSiQue,14,16,354,semantic,43.79,0.0,0.0,0,1,1,33,289,289,43789058048,43789058048,8.615,0.03
google/gemma-3-1b-it,NVIDIA GeForce RTX 5060 Ti,42,MuSiQue,14,16,355,semantic,58.6038,0.0,0.0,0,1,1,99,355,355,66073395200,66073395200,8.615,0.03
google/gemma-3-1b-it,NVIDIA GeForce RTX 5060 Ti,42,MuSiQue,14,16,356,multi-hop,30.6383,34.5218,40.7882,0,0,0,123,379,379,75309252608,75309252608,8.615,0.03
google/gemma-3-1b-it,NVIDIA GeForce RTX 5060 Ti,42,MuSiQue,14,16,357,structural,78.5134,0.0,0.0,0,1,1,95,351,351,64592805888,64592805888,8.615,0.03
google/gemma-3-1b-it,NVIDIA GeForce RTX 5060 Ti,42,MuSiQue,14,16,358,multi-hop,73.0667,51.3298,74.4703,0,0,0,102,358,358,67194847232,67194847232,8.615,0.03
google/gemma-3-1b-it,NVIDIA GeForce RTX 5060 Ti,42,MuSiQue,14,16,359,structural,79.139,75.8556,25.9937,0,0,0,107,363,363,69084905472,69084905472,8.615,0.03
google/gemma-3-1b-it,NVIDIA GeForce RTX 5060 Ti,42,MuSiQue,14,16,360,structural,38.493,26.2817,0.0,0,0,1,57,313,313,51363971072,51363971072,8.615,0.03
google/gemma-3-1b-it,NVIDIA GeForce RTX 5060 Ti,42,MuSiQue,14,16,361,semantic,32.6517,0.0,0.0,0,1,1,121,377,377,74516529152,74516529152,8.615,0.03
google/gemma-3-1b-it,NVIDIA GeForce RTX 5060 Ti,42,MuSiQue,14,16,362,multi-hop,38.2396,0.0,0.0,0,1,1,110,366,366,70231523328,70231523328,8.615,0.03
google/gemma-3-1b-it,NVIDIA GeForce RTX 5060 Ti,42,MuSiQue,14,16,363,structural,81.0823,53.0104,0.0,0,0,1,132,388,388,78928412672,78928412672,8.615,0.03
google/gemma-3-1b-it,NVIDIA GeForce RTX 5060 Ti,42,MuSiQue,14,16,364,semantic,41.333,0.0,0.0,0,1,1,12,268,268,37656461312,37656461312,8.615,0.03
google/gemma-3-1b-it,NVIDIA GeForce RTX 5060 Ti,42,MuSiQue,14,16,365,semantic,31.6772,0.0,0.0,0,1,1,109,365,365,69848268800,69848268800,8.615,0.03
google/gemma-3-1b-it,NVIDIA GeForce RTX 5060 Ti,42,MuSiQue,14,16,366,multi-hop,73.9674,83.9673,0.0,0,0,1,3,259,259,35169763328,35169763328,8.615,0.03
google/gemma-3-1b-it,NVIDIA GeForce RTX 5060 Ti,42,MuSiQue,14,16,367,semantic,92.8181,0.0,0.0,0,1,1,88,344,344,62042144768,62042144768,8.615,0.03
google/gemma-3-1b-it,NVIDIA GeForce RTX 5060 Ti,42,MuSiQue,14,16,368,semantic,41.6648,0.0,0.0,0,1,1,15,271,271,38504235008,38504235008,8.615,0.03
google/gemma-3-1b-it,NVIDIA GeForce RTX 5060 Ti,42,MuSiQue,14,16,369,semantic,39.325,0.0,0.0,0,1,1,97,353,353,65331003392,65331003392,8.615,0.03
google/gemma-3-1b-it,NVIDIA GeForce RTX 5060 Ti,42,MuSiQue,14,16,370,multi-hop,37.4655,0.0,0.0,0,1,1,101,357,357,66819981312,66819981312,8.615,0.03
google/gemma-3-1b-it,NVIDIA GeForce RTX 5060 Ti,42,MuSiQue,14,16,371,semantic,58.1545,0.0,45.1763,0,1,0,84,340,340,60607692800,60607692800,8.615,0.03
google/gemma-3-1b-it,NVIDIA GeForce RTX 5060 Ti,42,MuSiQue,14,16,372,multi-hop,74.7228,0.0,0.0,0,1,1,114,370,370,71775027200,71775027200,8.615,0.03
google/gemma-3-1b-it,NVIDIA GeForce RTX 5060 Ti,42,MuSiQue,14,16,373,multi-hop,75.9825,0.0,0.0,0,1,1,112,368,368,71001178112,71001178112,8.615,0.03
google/gemma-3-1b-it,NVIDIA GeForce RTX 5060 Ti,42,MuSiQue,14,16,374,structural,38.4737,46.2262,0.0,0,0,1,45,301,301,47501017088,47501017088,8.615,0.03
google/gemma-3-1b-it,NVIDIA GeForce RTX 5060 Ti,42,MuSiQue,14,16,375,structural,37.767,38.3632,61.9948,0,0,0,39,295,295,45626163200,45626163200,8.615,0.03
google/gemma-3-1b-it,NVIDIA GeForce RTX 5060 Ti,42,MuSiQue,14,16,376,multi-hop,53.8502,50.4329,0.0,0,0,1,109,365,365,69848268800,69848268800,8.615,0.03
google/gemma-3-1b-it,NVIDIA GeForce RTX 5060 Ti,42,MuSiQue,14,16,377,structural,46.0507,0.0,0.0,0,1,1,105,361,361,68325736448,68325736448,8.615,0.03
google/gemma-3-1b-it,NVIDIA GeForce RTX 5060 Ti,42,MuSiQue,14,16,378,multi-hop,39.8097,38.4812,64.0536,0,0,0,97,353,353,65331003392,65331003392,8.615,0.03
google/gemma-3-1b-it,NVIDIA GeForce RTX 5060 Ti,42,MuSiQue,14,16,379,structural,51.431,42.6443,0.0,0,0,1,91,347,347,63128993792,63128993792,8.615,0.03
google/gemma-3-1b-it,NVIDIA GeForce RTX 5060 Ti,42,MuSiQue,14,16,380,semantic,37.2054,0.0,0.0,0,1,1,123,379,379,75309252608,75309252608,8.615,0.03
google/gemma-3-1b-it,NVIDIA GeForce RTX 5060 Ti,42,MuSiQue,14,16,381,structural,44.5499,55.757,0.0,0,0,1,123,379,379,75309252608,75309252608,8.615,0.03
google/gemma-3-1b-it,NVIDIA GeForce RTX 5060 Ti,42,MuSiQue,14,16,382,semantic,41.0571,0.0,0.0,0,1,1,110,366,366,70231523328,70231523328,8.615,0.03
google/gemma-3-1b-it,NVIDIA GeForce RTX 5060 Ti,42,MuSiQue,14,16,383,multi-hop,62.0587,0.0,0.0,0,1,1,90,346,346,62765662208,62765662208,8.615,0.03
google/gemma-3-1b-it,NVIDIA GeForce RTX 5060 Ti,42,MuSiQue,14,16,384,structural,65.6353,51.1086,52.1029,0,0,0,71,327,327,56061591552,56061591552,8.615,0.03
google/gemma-3-1b-it,NVIDIA GeForce RTX 5060 Ti,42,MuSiQue,14,16,385,multi-hop,38.1644,96.377,0.0,0,0,1,5,261,261,35715022848,35715022848,8.615,0.03
google/gemma-3-1b-it,NVIDIA GeForce RTX 5060 Ti,42,MuSiQue,14,16,386,semantic,62.262,0.0,0.0,0,1,1,114,370,370,71775027200,71775027200,8.615,0.03
google/gemma-3-1b-it,NVIDIA GeForce RTX 5060 Ti,42,MuSiQue,14,16,387,semantic,51.0483,0.0,0.0,0,1,1,95,351,351,64592805888,64592805888,8.615,0.03
google/gemma-3-1b-it,NVIDIA GeForce RTX 5060 Ti,42,MuSiQue,14,16,388,multi-hop,64.1086,0.0,0.0,0,1,1,98,354,354,65701675008,65701675008,8.615,0.03
google/gemma-3-1b-it,NVIDIA GeForce RTX 5060 Ti,42,MuSiQue,14,16,389,semantic,41.5435,0.0,0.0,0,1,1,92,348,348,63493373952,63493373952,8.615,0.03
google/gemma-3-1b-it,NVIDIA GeForce RTX 5060 Ti,42,MuSiQue,14,16,390,multi-hop,48.6921,0.0,0.0,0,1,1,113,369,369,71387578368,71387578368,8.615,0.03
google/gemma-3-1b-it,NVIDIA GeForce RTX 5060 Ti,42,MuSiQue,14,16,391,multi-hop,50.2721,0.0,0.0,0,1,1,13,269,269,37938003968,37938003968,8.615,0.03
google/gemma-3-1b-it,NVIDIA GeForce RTX 5060 Ti,42,MuSiQue,14,16,392,multi-hop,38.9228,0.0,0.0,0,1,1,45,301,301,47501017088,47501017088,8.615,0.03
google/gemma-3-1b-it,NVIDIA GeForce RTX 5060 Ti,42,MuSiQue,14,16,393,semantic,55.8781,0.0,0.0,0,1,1,110,366,366,70231523328,70231523328,8.615,0.03
google/gemma-3-1b-it,NVIDIA GeForce RTX 5060 Ti,42,MuSiQue,14,16,394,multi-hop,79.7263,45.2892,0.0,0,0,1,5,261,261,35715022848,35715022848,8.615,0.03
google/gemma-3-1b-it,NVIDIA GeForce RTX 5060 Ti,42,MuSiQue,14,16,395,multi-hop,90.3084,54.4943,48.8708,0,0,0,129,385,385,77712588800,77712588800,8.615,0.03
google/gemma-3-1b-it,NVIDIA GeForce RTX 5060 Ti,42,MuSiQue,14,16,396,multi-hop,71.1093,0.0,0.0,0,1,1,4,260,260,35441868800,35441868800,8.615,0.03
google/gemma-3-1b-it,NVIDIA GeForce RTX 5060 Ti,42,MuSiQue,14,16,397,structural,52.6675,0.0,0.0,0,1,1,116,372,372,72553070592,72553070592,8.615,0.03
google/gemma-3-1b-it,NVIDIA GeForce RTX 5060 Ti,42,MuSiQue,14,16,398,multi-hop,72.8055,69.3318,0.0,0,0,1,101,357,357,66819981312,66819981312,8.615,0.03
google/gemma-3-1b-it,NVIDIA GeForce RTX 5060 Ti,42,MuSiQue,14,16,399,multi-hop,0.0,0.0,0.0,1,1,1,2,258,258,34898706432,34898706432,8.615,0.03
google/gemma-3-1b-it,NVIDIA GeForce RTX 5060 Ti,42,MuSiQue,14,16,400,multi-hop,29.6969,0.0,0.0,0,1,1,62,318,318,53018099712,53018099712,8.615,0.03
google/gemma-3-1b-it,NVIDIA GeForce RTX 5060 Ti,42,MuSiQue,14,16,401,structural,55.8842,55.9036,68.7381,0,0,0,43,299,299,46871871488,46871871488,8.615,0.03
google/gemma-3-1b-it,NVIDIA GeForce RTX 5060 Ti,42,MuSiQue,14,16,402,semantic,53.8423,0.0,0.0,0,1,1,89,345,345,62403379200,62403379200,8.615,0.03
google/gemma-3-1b-it,NVIDIA GeForce RTX 5060 Ti,42,MuSiQue,14,16,403,multi-hop,50.5237,50.347,72.9503,0,0,0,115,371,371,72163524608,72163524608,8.615,0.03
google/gemma-3-1b-it,NVIDIA GeForce RTX 5060 Ti,42,MuSiQue,14,16,404,semantic,68.5687,0.0,0.0,0,1,1,23,279,279,40811102208,40811102208,8.615,0.03
google/gemma-3-1b-it,NVIDIA GeForce RTX 5060 Ti,42,MuSiQue,14,16,405,structural,82.3169,88.9956,82.942,0,0,0,20,276,276,39938162688,39938162688,8.615,0.03
google/gemma-3-1b-it,NVIDIA GeForce RTX 5060 Ti,42,MuSiQue,14,16,406,semantic,77.5313,0.0,0.0,0,1,1,108,364,364,69466062848,69466062848,8.615,0.03
google/gemma-3-1b-it,NVIDIA GeForce RTX 5060 Ti,42,MuSiQue,14,16,407,multi-hop,54.8636,61.7792,0.0,0,0,1,121,377,377,74516529152,74516529152,8.615,0.03
google/gemma-3-1b-it,NVIDIA GeForce RTX 5060 Ti,42,MuSiQue,14,16,408,multi-hop,39.2758,0.0,0.0,0,1,1,121,377,377,74516529152,74516529152,8.615,0.03
google/gemma-3-1b-it,NVIDIA GeForce RTX 5060 Ti,42,MuSiQue,14,16,409,semantic,70.8323,0.0,32.6341,0,1,0,58,314,314,51692699648,51692699648,8.615,0.03
google/gemma-3-1b-it,NVIDIA GeForce RTX 5060 Ti,42,MuSiQue,14,16,410,multi-hop,43.2078,0.0,0.0,0,1,1,129,385,385,77712588800,77712588800,8.615,0.03
google/gemma-3-1b-it,NVIDIA GeForce RTX 5060 Ti,42,MuSiQue,14,16,411,structural,87.7043,28.3337,0.0,0,0,1,19,275,275,39649280000,39649280000,8.615,0.03
google/gemma-3-1b-it,NVIDIA GeForce RTX 5060 Ti,42,MuSiQue,14,16,412,multi-hop,31.8031,0.0,33.4518,0,1,0,136,392,392,80564191232,80564191232,8.615,0.03
google/gemma-3-1b-it,NVIDIA GeForce RTX 5060 Ti,42,MuSiQue,14,16,413,multi-hop,85.5642,0.0,0.0,0,1,1,5,261,261,35715022848,35715022848,8.615,0.03
google/gemma-3-1b-it,NVIDIA GeForce RTX 5060 Ti,42,MuSiQue,14,16,414,multi-hop,91.3754,0.0,65.2563,0,1,0,57,313,313,51363971072,51363971072,8.615,0.03
google/gemma-3-1b-it,NVIDIA GeForce RTX 5060 Ti,42,MuSiQue,14,16,415,semantic,67.5283,0.0,81.3992,0,1,0,109,365,365,69848268800,69848268800,8.615,0.03
google/gemma-3-1b-it,NVIDIA GeForce RTX 5060 Ti,42,MuSiQue,14,16,416,semantic,34.0209,0.0,0.0,0,1,1,12,268,268,37656461312,37656461312,8.615,0.03
google/gemma-3-1b-it,NVIDIA GeForce RTX 5060 Ti,42,MuSiQue,14,16,417,semantic,29.9462,0.0,0.0,0,1,1,106,362,362,68704796672,68704796672,8.615,0.03
google/gemma-3-1b-it,NVIDIA GeForce RTX 5060 Ti,42,MuSiQue,14,16,418,multi-hop,59.6764,0.0,0.0,0,1,1,110,366,366,70231523328,70231523328,8.615,0.03
google/gemma-3-1b-it,NVIDIA GeForce RTX 5060 Ti,42,MuSiQue,14,16,419,multi-hop,103.0415,55.4222,77.8173,0,0,0,51,307,307,49413619712,49413619712,8.615,0.03
google/gemma-3-1b-it,NVIDIA GeForce RTX 5060 Ti,42,MuSiQue,14,16,420,structural,30.2973,75.4257,0.0,0,0,1,26,282,282,41693478912,41693478912,8.615,0.03
google/gemma-3-1b-it,NVIDIA GeForce RTX 5060 Ti,42,MuSiQue,14,16,421,multi-hop,58.2482,41.5866,32.142,0,0,0,72,328,328,56405000192,56405000192,8.615,0.03
google/gemma-3-1b-it,NVIDIA GeForce RTX 5060 Ti,42,MuSiQue,14,16,422,multi-hop,89.6274,0.0,0.0,0,1,1,55,311,311,50709659648,50709659648,8.615,0.03
google/gemma-3-1b-it,NVIDIA GeForce RTX 5060 Ti,42,MuSiQue,14,16,423,semantic,56.5416,0.0,0.0,0,1,1,87,343,343,61681958912,61681958912,8.615,0.03
google/gemma-3-1b-it,NVIDIA GeForce RTX 5060 Ti,42,MuSiQue,14,16,424,structural,30.9538,0.0,0.0,0,1,1,4,260,260,35441868800,35441868800,8.615,0.03
google/gemma-3-1b-it,NVIDIA GeForce RTX 5060 Ti,42,MuSiQue,14,16,425,semantic,65.9802,0.0,0.0,0,1,1,87,343,343,61681958912,61681958912,8.615,0.03
google/gemma-3-1b-it,NVIDIA GeForce RTX 5060 Ti,42,MuSiQue,14,16,426,multi-hop,75.8278,40.2547,0.0,0,0,1,79,335,335,58838220800,58838220800,8.615,0.03
google/gemma-3-1b-it,NVIDIA GeForce RTX 5060 Ti,42,MuSiQue,14,16,427,semantic,64.6767,0.0,0.0,0,1,1,47,303,303,48134356992,48134356992,8.615,0.03
google/gemma-3-1b-it,NVIDIA GeForce RTX 5060 Ti,42,MuSiQue,14,16,428,semantic,66.0549,0.0,0.0,0,1,1,135,391,391,80153673728,80153673728,8.615,0.03
google/gemma-3-1b-it,NVIDIA GeForce RTX 5060 Ti,42,MuSiQue,14,16,429,multi-hop,78.7896,67.1523,37.8061,0,0,0,153,409,409,87703420928,87703420928,8.615,0.03
google/gemma-3-1b-it,NVIDIA GeForce RTX 5060 Ti,42,MuSiQue,14,16,430,semantic,87.9432,0.0,0.0,0,1,1,66,322,322,54360276992,54360276992,8.615,0.03
google/gemma-3-1b-it,NVIDIA GeForce RTX 5060 Ti,42,MuSiQue,14,16,431,multi-hop,41.1506,0.0,0.0,0,1,1,96,352,352,64961380352,64961380352,8.615,0.03
google/gemma-3-1b-it,NVIDIA GeForce RTX 5060 Ti,42,MuSiQue,14,16,432,structural,50.5343,0.0,0.0,0,1,1,111,367,367,70615826432,70615826432,8.615,0.03
google/gemma-3-1b-it,NVIDIA GeForce RTX 5060 Ti,42,MuSiQue,14,16,433,structural,38.3552,41.0246,93.2103,0,0,0,94,350,350,64225280000,64225280000,8.615,0.03
google/gemma-3-1b-it,NVIDIA GeForce RTX 5060 Ti,42,MuSiQue,14,16,434,multi-hop,63.8127,0.0,0.0,0,1,1,12,268,268,37656461312,37656461312,8.615,0.03
google/gemma-3-1b-it,NVIDIA GeForce RTX 5060 Ti,42,MuSiQue,14,16,435,structural,37.6704,0.0,0.0,0,1,1,121,377,377,74516529152,74516529152,8.615,0.03
google/gemma-3-1b-it,NVIDIA GeForce RTX 5060 Ti,42,MuSiQue,14,16,436,multi-hop,48.4935,0.0,0.0,0,1,1,118,374,374,73335308288,73335308288,8.615,0.03
google/gemma-3-1b-it,NVIDIA GeForce RTX 5060 Ti,42,MuSiQue,14,16,437,multi-hop,50.5739,0.0,0.0,0,1,1,140,396,396,82216747008,82216747008,8.615,0.03
google/gemma-3-1b-it,NVIDIA GeForce RTX 5060 Ti,42,MuSiQue,14,16,438,multi-hop,47.1566,0.0,0.0,0,1,1,92,348,348,63493373952,63493373952,8.615,0.03
google/gemma-3-1b-it,NVIDIA GeForce RTX 5060 Ti,42,MuSiQue,14,16,439,semantic,43.4784,0.0,0.0,0,1,1,111,367,367,70615826432,70615826432,8.615,0.03
google/gemma-3-1b-it,NVIDIA GeForce RTX 5060 Ti,42,MuSiQue,14,16,440,multi-hop,54.6882,0.0,0.0,0,1,1,93,349,349,63858802688,63858802688,8.615,0.03
google/gemma-3-1b-it,NVIDIA GeForce RTX 5060 Ti,42,MuSiQue,14,16,441,multi-hop,45.0846,0.0,84.9676,0,1,0,84,340,340,60607692800,60607692800,8.615,0.03
google/gemma-3-1b-it,NVIDIA GeForce RTX 5060 Ti,42,MuSiQue,14,16,442,semantic,81.5989,0.0,0.0,0,1,1,115,371,371,72163524608,72163524608,8.615,0.03
google/gemma-3-1b-it,NVIDIA GeForce RTX 5060 Ti,42,MuSiQue,14,16,443,structural,63.0134,0.0,0.0,0,1,1,103,359,359,67570761728,67570761728,8.615,0.03
google/gemma-3-1b-it,NVIDIA GeForce RTX 5060 Ti,42,MuSiQue,14,16,444,multi-hop,82.3737,0.0,0.0,0,1,1,78,334,334,58487472128,58487472128,8.615,0.03
google/gemma-3-1b-it,NVIDIA GeForce RTX 5060 Ti,42,MuSiQue,14,16,445,structural,52.0448,70.2447,0.0,0,0,1,98,354,354,65701675008,65701675008,8.615,0.03
google/gemma-3-1b-it,NVIDIA GeForce RTX 5060 Ti,42,MuSiQue,14,16,446,structural,66.1675,0.0,0.0,0,1,1,116,372,372,72553070592,72553070592,8.615,0.03
google/gemma-3-1b-it,NVIDIA GeForce RTX 5060 Ti,42,MuSiQue,14,16,447,multi-hop,30.4449,91.53,75.3677,0,0,0,130,386,386,78116814848,78116814848,8.615,0.03
google/gemma-3-1b-it,NVIDIA GeForce RTX 5060 Ti,42,MuSiQue,14,16,448,multi-hop,35.6517,0.0,0.0,0,1,1,93,349,349,63858802688,63858802688,8.615,0.03
google/gemma-3-1b-it,NVIDIA GeForce RTX 5060 Ti,42,MuSiQue,14,16,449,semantic,38.5263,0.0,0.0,0,1,1,110,366,366,70231523328,70231523328,8.615,0.03
google/gemma-3-1b-it,NVIDIA GeForce RTX 5060 Ti,42,MuSiQue,14,16,450,structural,66.9653,52.9072,0.0,0,0,1,13,269,269,37938003968,37938003968,8.615,0.03
google/gemma-3-1b-it,NVIDIA GeForce RTX 5060 Ti,42,MuSiQue,14,16,451,semantic,43.4543,0.0,0.0,0,1,1,4,260,260,35441868800,35441868800,8.615,0.03
google/gemma-3-1b-it,NVIDIA GeForce RTX 5060 Ti,42,MuSiQue,14,16,452,structural,34.8959,0.0,0.0,0,1,1,86,342,342,61322821632,61322821632,8.615,0.03
google/gemma-3-1b-it,NVIDIA GeForce RTX 5060 Ti,42,MuSiQue,14,16,453,multi-hop,41.482,0.0,0.0,0,1,1,111,367,367,70615826432,70615826432,8.615,0.03
google/gemma-3-1b-it,NVIDIA GeForce RTX 5060 Ti,42,MuSiQue,14,16,454,multi-hop,74.5023,0.0,0.0,0,1,1,92,348,348,63493373952,63493373952,8.615,0.03
google/gemma-3-1b-it,NVIDIA GeForce RTX 5060 Ti,42,MuSiQue,14,16,455,semantic,31.7676,0.0,0.0,0,1,1,5,261,261,35715022848,35715022848,8.615,0.03
google/gemma-3-1b-it,NVIDIA GeForce RTX 5060 Ti,42,MuSiQue,14,16,456,semantic,31.0047,0.0,0.0,0,1,1,96,352,352,64961380352,64961380352,8.615,0.03
google/gemma-3-1b-it,NVIDIA GeForce RTX 5060 Ti,42,MuSiQue,14,16,457,multi-hop,62.9493,0.0,0.0,0,1,1,140,396,396,82216747008,82216747008,8.615,0.03
google/gemma-3-1b-it,NVIDIA GeForce RTX 5060 Ti,42,MuSiQue,14,16,458,multi-hop,92.2924,0.0,0.0,0,1,1,78,334,334,58487472128,58487472128,8.615,0.03
google/gemma-3-1b-it,NVIDIA GeForce RTX 5060 Ti,42,MuSiQue,14,16,459,multi-hop,58.7075,0.0,0.0,0,1,1,125,381,381,76106170368,76106170368,8.615,0.03
google/gemma-3-1b-it,NVIDIA GeForce RTX 5060 Ti,42,MuSiQue,14,16,460,structural,35.7397,47.6954,85.7776,0,0,0,62,318,318,53018099712,53018099712,8.615,0.03
google/gemma-3-1b-it,NVIDIA GeForce RTX 5060 Ti,42,MuSiQue,14,16,461,semantic,86.8278,0.0,0.0,0,1,1,53,309,309,50059542528,50059542528,8.615,0.03
google/gemma-3-1b-it,NVIDIA GeForce RTX 5060 Ti,42,MuSiQue,14,16,462,structural,79.8897,0.0,0.0,0,1,1,110,366,366,70231523328,70231523328,8.615,0.03
google/gemma-3-1b-it,NVIDIA GeForce RTX 5060 Ti,42,MuSiQue,14,16,463,semantic,39.8541,0.0,0.0,0,1,1,105,361,361,68325736448,68325736448,8.615,0.03
google/gemma-3-1b-it,NVIDIA GeForce RTX 5060 Ti,42,MuSiQue,14,16,464,multi-hop,75.9366,70.725,0.0,0,0,1,98,354,354,65701675008,65701675008,8.615,0.03
google/gemma-3-1b-it,NVIDIA GeForce RTX 5060 Ti,42,MuSiQue,14,16,465,semantic,102.6668,0.0,0.0,0,1,1,45,301,301,47501017088,47501017088,8.615,0.03
google/gemma-3-1b-it,NVIDIA GeForce RTX 5060 Ti,42,MuSiQue,14,16,466,semantic,56.1819,0.0,0.0,0,1,1,116,372,372,72553070592,72553070592,8.615,0.03
google/gemma-3-1b-it,NVIDIA GeForce RTX 5060 Ti,42,MuSiQue,14,16,467,structural,0.0,27.8334,0.0,1,0,1,19,275,275,39649280000,39649280000,8.615,0.03
google/gemma-3-1b-it,NVIDIA GeForce RTX 5060 Ti,42,MuSiQue,14,16,468,structural,52.2471,46.981,0.0,0,0,1,101,357,357,66819981312,66819981312,8.615,0.03
google/gemma-3-1b-it,NVIDIA GeForce RTX 5060 Ti,42,MuSiQue,14,16,469,multi-hop,68.5777,41.8396,77.9779,0,0,0,88,344,344,62042144768,62042144768,8.615,0.03
google/gemma-3-1b-it,NVIDIA GeForce RTX 5060 Ti,42,MuSiQue,14,16,470,multi-hop,71.2844,0.0,0.0,0,1,1,25,281,281,41398304768,41398304768,8.615,0.03
google/gemma-3-1b-it,NVIDIA GeForce RTX 5060 Ti,42,MuSiQue,14,16,471,structural,61.9467,88.4678,0.0,0,0,1,110,366,366,70231523328,70231523328,8.615,0.03
google/gemma-3-1b-it,NVIDIA GeForce RTX 5060 Ti,42,MuSiQue,14,16,472,multi-hop,76.9019,48.1546,0.0,0,0,1,109,365,365,69848268800,69848268800,8.615,0.03
google/gemma-3-1b-it,NVIDIA GeForce RTX 5060 Ti,42,MuSiQue,14,16,473,semantic,37.9268,0.0,0.0,0,1,1,112,368,368,71001178112,71001178112,8.615,0.03
google/gemma-3-1b-it,NVIDIA GeForce RTX 5060 Ti,42,MuSiQue,14,16,474,multi-hop,64.1754,0.0,0.0,0,1,1,88,344,344,62042144768,62042144768,8.615,0.03
google/gemma-3-1b-it,NVIDIA GeForce RTX 5060 Ti,42,MuSiQue,14,16,475,multi-hop,76.5142,0.0,0.0,0,1,1,129,385,385,77712588800,77712588800,8.615,0.03
google/gemma-3-1b-it,NVIDIA GeForce RTX 5060 Ti,42,MuSiQue,14,16,476,multi-hop,83.0154,0.0,0.0,0,1,1,9,265,265,36818124800,36818124800,8.615,0.03
google/gemma-3-1b-it,NVIDIA GeForce RTX 5060 Ti,42,MuSiQue,14,16,477,multi-hop,29.6857,0.0,0.0,0,1,1,19,275,275,39649280000,39649280000,8.615,0.03
google/gemma-3-1b-it,NVIDIA GeForce RTX 5060 Ti,42,MuSiQue,14,16,478,structural,51.6188,39.1771,60.0918,0,0,0,96,352,352,64961380352,64961380352,8.615,0.03
google/gemma-3-1b-it,NVIDIA GeForce RTX 5060 Ti,42,MuSiQue,14,16,479,structural,80.6156,0.0,0.0,0,1,1,117,373,373,72943665152,72943665152,8.615,0.03
google/gemma-3-1b-it,NVIDIA GeForce RTX 5060 Ti,42,MuSiQue,14,16,480,semantic,78.477,0.0,34.854,0,1,0,12,268,268,37656461312,37656461312,8.615,0.03
google/gemma-3-1b-it,NVIDIA GeForce RTX 5060 Ti,42,MuSiQue,14,16,481,multi-hop,40.2974,0.0,0.0,0,1,1,45,301,301,47501017088,47501017088,8.615,0.03
google/gemma-3-1b-it,NVIDIA GeForce RTX 5060 Ti,42,MuSiQue,14,16,482,structural,43.9804,0.0,0.0,0,1,1,107,363,363,69084905472,69084905472,8.615,0.03
google/gemma-3-1b-it,NVIDIA GeForce RTX 5060 Ti,42,MuSiQue,14,16,483,structural,58.7505,51.0509,0.0,0,0,1,99,355,355,66073395200,66073395200,8.615,0.03
google/gemma-3-1b-it,NVIDIA GeForce RTX 5060 Ti,42,MuSiQue,14,16,484,multi-hop,33.7391,68.0163,0.0,0,0,1,71,327,327,56061591552,56061591552,8.615,0.03
google/gemma-3-1b-it,NVIDIA GeForce RTX 5060 Ti,42,MuSiQue,14,16,485,multi-hop,64.6918,65.1225,58.4796,0,0,0,100,356,356,66446163968,66446163968,8.615,0.03
google/gemma-3-1b-it,NVIDIA GeForce RTX 5060 Ti,42,MuSiQue,14,16,486,multi-hop,34.0469,0.0,0.0,0,1,1,103,359,359,67570761728,67570761728,8.615,0.03
google/gemma-3-1b-it,NVIDIA GeForce RTX 5060 Ti,42,MuSiQue,14,16,487,semantic,34.1267,0.0,0.0,0,1,1,125,381,381,76106170368,76106170368,8.615,0.03
google/gemma-3-1b-it,NVIDIA GeForce RTX 5060 Ti,42,MuSiQue,14,16,488,multi-hop,31.3298,0.0,0.0,0,1,1,109,365,365,69848268800,69848268800,8.615,0.03
google/gemma-3-1b-it,NVIDIA GeForce RTX 5060 Ti,42,MuSiQue,14,16,489,multi-hop,49.8159,0.0,40.2961,0,1,0,67,323,323,54698442752,54698442752,8.615,0.03
google/gemma-3-1b-it,NVIDIA GeForce RTX 5060 Ti,42,MuSiQue,14,16,490,structural,36.2245,0.0,0.0,0,1,1,87,343,343,61681958912,61681958912,8.615,0.03
google/gemma-3-1b-it,NVIDIA GeForce RTX 5060 Ti,42,MuSiQue,14,16,491,structural,30.626,0.0,0.0,0,1,1,14,270,270,38220595200,38220595200,8.615,0.03
google/gemma-3-1b-it,NVIDIA GeForce RTX 5060 Ti,42,MuSiQue,14,16,492,structural,40.243,0.0,0.0,0,1,1,96,352,352,64961380352,64961380352,8.615,0.03
google/gemma-3-1b-it,NVIDIA GeForce RTX 5060 Ti,42,MuSiQue,14,16,493,multi-hop,48.1102,0.0,0.0,0,1,1,89,345,345,62403379200,62403379200,8.615,0.03
google/gemma-3-1b-it,NVIDIA GeForce RTX 5060 Ti,42,MuSiQue,14,16,494,multi-hop,35.2322,0.0,0.0,0,1,1,4,260,260,35441868800,35441868800,8.615,0.03
google/gemma-3-1b-it,NVIDIA GeForce RTX 5060 Ti,42,MuSiQue,14,16,495,structural,51.814,0.0,0.0,0,1,1,61,317,317,52685176832,52685176832,8.615,0.03
google/gemma-3-1b-it,NVIDIA GeForce RTX 5060 Ti,42,MuSiQue,14,16,496,structural,30.0434,0.0,81.2342,0,1,0,110,366,366,70231523328,70231523328,8.615,0.03
google/gemma-3-1b-it,NVIDIA GeForce RTX 5060 Ti,42,MuSiQue,14,16,497,semantic,0.0,0.0,0.0,1,1,1,4,260,260,35441868800,35441868800,8.615,0.03
google/gemma-3-1b-it,NVIDIA GeForce RTX 5060 Ti,42,MuSiQue,14,16,498,multi-hop,47.8814,0.0,0.0,0,1,1,112,368,368,71001178112,71001178112,8.615,0.03
google/gemma-3-1b-it,NVIDIA GeForce RTX 5060 Ti,42,MuSiQue,14,16,499,semantic,36.8344,0.0,0.0,0,1,1,105,361,361,68325736448,68325736448,8.615,0.03
google/gemma-3-1b-it,NVIDIA GeForce RTX 5060 Ti,42,MuSiQue,14,16,500,structural,86.8739,0.0,0.0,0,1,1,4,260,260,35441868800,35441868800,8.615,0.03
google/gemma-3-1b-it,NVIDIA GeForce RTX 5060 Ti,42,MuSiQue,14,16,501,multi-hop,31.636,0.0,0.0,0,1,1,118,374,374,73335308288,73335308288,8.615,0.03
google/gemma-3-1b-it,NVIDIA GeForce RTX 5060 Ti,42,MuSiQue,14,16,502,multi-hop,85.5403,34.7295,0.0,0,0,1,66,322,322,54360276992,54360276992,8.615,0.03
google/gemma-3-1b-it,NVIDIA GeForce RTX 5060 Ti,42,MuSiQue,14,16,503,structural,30.268,66.4033,35.5796,0,0,0,5,261,261,35715022848,35715022848,8.615,0.03
google/gemma-3-1b-it,NVIDIA GeForce RTX 5060 Ti,42,MuSiQue,14,16,504,structural,63.4745,91.1532,48.5046,0,0,0,39,295,295,45626163200,45626163200,8.615,0.03
google/gemma-3-1b-it,NVIDIA GeForce RTX 5060 Ti,42,MuSiQue,14,16,505,multi-hop,60.0136,0.0,0.0,0,1,1,101,357,357,66819981312,66819981312,8.615,0.03
google/gemma-3-1b-it,NVIDIA GeForce RTX 5060 Ti,42,MuSiQue,14,16,506,multi-hop,72.9965,0.0,0.0,0,1,1,12,268,268,37656461312,37656461312,8.615,0.03
google/gemma-3-1b-it,NVIDIA GeForce RTX 5060 Ti,42,MuSiQue,14,16,507,multi-hop,35.2024,0.0,0.0,0,1,1,103,359,359,67570761728,67570761728,8.615,0.03
google/gemma-3-1b-it,NVIDIA GeForce RTX 5060 Ti,42,MuSiQue,14,16,508,structural,68.1626,76.4315,44.4369,0,0,0,103,359,359,67570761728,67570761728,8.615,0.03
google/gemma-3-1b-it,NVIDIA GeForce RTX 5060 Ti,42,MuSiQue,14,16,509,structural,41.5544,0.0,0.0,0,1,1,26,282,282,41693478912,41693478912,8.615,0.03
google/gemma-3-1b-it,NVIDIA GeForce RTX 5060 Ti,42,MuSiQue,14,16,510,semantic,60.3915,0.0,0.0,0,1,1,25,281,281,41398304768,41398304768,8.615,0.03
google/gemma-3-1b-it,NVIDIA GeForce RTX 5060 Ti,42,MuSiQue,14,16,511,structural,32.3225,0.0,67.5814,0,1,0,113,369,369,71387578368,71387578368,8.615,0.03
google/gemma-3-1b-it,NVIDIA GeForce RTX 5060 Ti,42,MuSiQue,14,16,512,multi-hop,81.7872,0.0,0.0,0,1,1,100,356,356,66446163968,66446163968,8.615,0.03
google/gemma-3-1b-it,NVIDIA GeForce RTX 5060 Ti,42,MuSiQue,14,16,513,multi-hop,86.2581,0.0,0.0,0,1,1,3,259,259,35169763328,35169763328,8.615,0.03
google/gemma-3-1b-it,NVIDIA GeForce RTX 5060 Ti,42,MuSiQue,14,16,514,multi-hop,49.6723,0.0,0.0,0,1,1,97,353,353,65331003392,65331003392,8.615,0.03
google/gemma-3-1b-it,NVIDIA GeForce RTX 5060 Ti,42,MuSiQue,14,16,515,structural,45.3909,75.443,48.6732,0,0,0,64,320,320,53687091200,53687091200,8.615,0.03
google/gemma-3-1b-it,NVIDIA GeForce RTX 5060 Ti,42,MuSiQue,14,16,516,multi-hop,46.4802,0.0,0.0,0,1,1,102,358,358,67194847232,67194847232,8.615,0.03
google/gemma-3-1b-it,NVIDIA GeForce RTX 5060 Ti,42,MuSiQue,14,16,517,multi-hop,39.4494,0.0,0.0,0,1,1,92,348,348,63493373952,63493373952,8.615,0.03
google/gemma-3-1b-it,NVIDIA GeForce RTX 5060 Ti,42,MuSiQue,14,16,518,multi-hop,33.1592,0.0,0.0,0,1,1,81,337,337,59542863872,59542863872,8.615,0.03
google/gemma-3-1b-it,NVIDIA GeForce RTX 5060 Ti,42,MuSiQue,14,16,519,structural,63.3893,53.9384,0.0,0,0,1,104,360,360,67947724800,67947724800,8.615,0.03
google/gemma-3-1b-it,NVIDIA GeForce RTX 5060 Ti,42,MuSiQue,14,16,520,semantic,36.753,0.0,0.0,0,1,1,14,270,270,38220595200,38220595200,8.615,0.03
google/gemma-3-1b-it,NVIDIA GeForce RTX 5060 Ti,42,MuSiQue,14,16,521,structural,39.2382,39.1033,37.1249,0,0,0,102,358,358,67194847232,67194847232,8.615,0.03
google/gemma-3-1b-it,NVIDIA GeForce RTX 5060 Ti,42,MuSiQue,14,16,522,multi-hop,54.895,42.5068,0.0,0,0,1,84,340,340,60607692800,60607692800,8.615,0.03
google/gemma-3-1b-it,NVIDIA GeForce RTX 5060 Ti,42,MuSiQue,14,16,523,semantic,49.6957,0.0,0.0,0,1,1,73,329,329,56749457408,56749457408,8.615,0.03
google/gemma-3-1b-it,NVIDIA GeForce RTX 5060 Ti,42,MuSiQue,14,16,524,multi-hop,65.1394,0.0,0.0,0,1,1,121,377,377,74516529152,74516529152,8.615,0.03
google/gemma-3-1b-it,NVIDIA GeForce RTX 5060 Ti,42,MuSiQue,14,16,525,semantic,44.9257,0.0,0.0,0,1,1,110,366,366,70231523328,70231523328,8.615,0.03
google/gemma-3-1b-it,NVIDIA GeForce RTX 5060 Ti,42,MuSiQue,14,16,526,multi-hop,43.9855,0.0,43.4364,0,1,0,61,317,317,52685176832,52685176832,8.615,0.03
google/gemma-3-1b-it,NVIDIA GeForce RTX 5060 Ti,42,MuSiQue,14,16,527,semantic,40.2109,0.0,0.0,0,1,1,106,362,362,68704796672,68704796672,8.615,0.03
google/gemma-3-1b-it,NVIDIA GeForce RTX 5060 Ti,42,MuSiQue,14,16,528,semantic,40.1472,0.0,0.0,0,1,1,111,367,367,70615826432,70615826432,8.615,0.03
google/gemma-3-1b-it,NVIDIA GeForce RTX 5060 Ti,42,MuSiQue,14,16,529,structural,31.868,32.624,0.0,0,0,1,14,270,270,38220595200,38220595200,8.615,0.03
google/gemma-3-1b-it,NVIDIA GeForce RTX 5060 Ti,42,MuSiQue,14,16,530,semantic,43.1113,0.0,0.0,0,1,1,72,328,328,56405000192,56405000192,8.615,0.03
google/gemma-3-1b-it,NVIDIA GeForce RTX 5060 Ti,42,MuSiQue,14,16,531,structural,55.6288,33.602,0.0,0,0,1,67,323,323,54698442752,54698442752,8.615,0.03
google/gemma-3-1b-it,NVIDIA GeForce RTX 5060 Ti,42,MuSiQue,14,16,532,multi-hop,40.4342,0.0,0.0,0,1,1,25,281,281,41398304768,41398304768,8.615,0.03
google/gemma-3-1b-it,NVIDIA GeForce RTX 5060 Ti,42,MuSiQue,14,16,533,semantic,56.5565,0.0,0.0,0,1,1,101,357,357,66819981312,66819981312,8.615,0.03
google/gemma-3-1b-it,NVIDIA GeForce RTX 5060 Ti,42,MuSiQue,14,16,534,multi-hop,53.6047,74.163,0.0,0,0,1,69,325,325,55377920000,55377920000,8.615,0.03
google/gemma-3-1b-it,NVIDIA GeForce RTX 5060 Ti,42,MuSiQue,14,16,535,multi-hop,32.092,0.0,0.0,0,1,1,39,295,295,45626163200,45626163200,8.615,0.03
google/gemma-3-1b-it,NVIDIA GeForce RTX 5060 Ti,42,MuSiQue,14,16,536,multi-hop,36.9199,0.0,0.0,0,1,1,121,377,377,74516529152,74516529152,8.615,0.03
google/gemma-3-1b-it,NVIDIA GeForce RTX 5060 Ti,42,MuSiQue,14,16,537,structural,35.4835,36.4767,52.1529,0,0,0,130,386,386,78116814848,78116814848,8.615,0.03
google/gemma-3-1b-it,NVIDIA GeForce RTX 5060 Ti,42,MuSiQue,14,16,538,multi-hop,59.9586,0.0,0.0,0,1,1,102,358,358,67194847232,67194847232,8.615,0.03
google/gemma-3-1b-it,NVIDIA GeForce RTX 5060 Ti,42,MuSiQue,14,16,539,multi-hop,44.3355,0.0,0.0,0,1,1,23,279,279,40811102208,40811102208,8.615,0.03
google/gemma-3-1b-it,NVIDIA GeForce RTX 5060 Ti,42,MuSiQue,14,16,540,multi-hop,45.9432,37.3158,0.0,0,0,1,100,356,356,66446163968,66446163968,8.615,0.03
google/gemma-3-1b-it,NVIDIA GeForce RTX 5060 Ti,42,MuSiQue,14,16,541,multi-hop,34.0205,69.1402,0.0,0,0,1,121,377,377,74516529152,74516529152,8.615,0.03
google/gemma-3-1b-it,NVIDIA GeForce RTX 5060 Ti,42,MuSiQue,14,16,542,structural,39.6296,0.0,0.0,0,1,1,63,319,319,53352071168,53352071168,8.615,0.03
google/gemma-3-1b-it,NVIDIA GeForce RTX 5060 Ti,42,MuSiQue,14,16,543,semantic,38.0996,0.0,53.9593,0,1,0,118,374,374,73335308288,73335308288,8.615,0.03
google/gemma-3-1b-it,NVIDIA GeForce RTX 5060 Ti,42,MuSiQue,14,16,544,structural,56.4055,38.8046,38.2049,0,0,0,18,274,274,39361445888,39361445888,8.615,0.03
google/gemma-3-1b-it,NVIDIA GeForce RTX 5060 Ti,42,MuSiQue,14,16,545,multi-hop,33.2034,0.0,0.0,0,1,1,94,350,350,64225280000,64225280000,8.615,0.03
google/gemma-3-1b-it,NVIDIA GeForce RTX 5060 Ti,42,MuSiQue,14,16,546,structural,36.3089,0.0,0.0,0,1,1,108,364,364,69466062848,69466062848,8.615,0.03
google/gemma-3-1b-it,NVIDIA GeForce RTX 5060 Ti,42,MuSiQue,14,16,547,multi-hop,32.7553,0.0,0.0,0,1,1,14,270,270,38220595200,38220595200,8.615,0.03
google/gemma-3-1b-it,NVIDIA GeForce RTX 5060 Ti,42,MuSiQue,14,16,548,multi-hop,39.3136,41.1771,48.4295,0,0,0,68,324,324,55037657088,55037657088,8.615,0.03
google/gemma-3-1b-it,NVIDIA GeForce RTX 5060 Ti,42,MuSiQue,14,16,549,multi-hop,45.0352,49.1964,39.7243,0,0,0,62,318,318,53018099712,53018099712,8.615,0.03
google/gemma-3-1b-it,NVIDIA GeForce RTX 5060 Ti,42,MuSiQue,14,16,550,multi-hop,38.8823,0.0,0.0,0,1,1,87,343,343,61681958912,61681958912,8.615,0.03
google/gemma-3-1b-it,NVIDIA GeForce RTX 5060 Ti,42,MuSiQue,14,16,551,semantic,52.7329,0.0,0.0,0,1,1,107,363,363,69084905472,69084905472,8.615,0.03
google/gemma-3-1b-it,NVIDIA GeForce RTX 5060 Ti,42,MuSiQue,14,16,552,structural,55.4933,0.0,0.0,0,1,1,129,385,385,77712588800,77712588800,8.615,0.03
google/gemma-3-1b-it,NVIDIA GeForce RTX 5060 Ti,42,MuSiQue,14,16,553,semantic,50.3372,0.0,0.0,0,1,1,114,370,370,71775027200,71775027200,8.615,0.03
google/gemma-3-1b-it,NVIDIA GeForce RTX 5060 Ti,42,MuSiQue,14,16,554,multi-hop,30.2525,0.0,0.0,0,1,1,14,270,270,38220595200,38220595200,8.615,0.03
google/gemma-3-1b-it,NVIDIA GeForce RTX 5060 Ti,42,MuSiQue,14,16,555,semantic,37.9052,0.0,0.0,0,1,1,129,385,385,77712588800,77712588800,8.615,0.03
google/gemma-3-1b-it,NVIDIA GeForce RTX 5060 Ti,42,MuSiQue,14,16,556,multi-hop,55.9995,0.0,0.0,0,1,1,154,410,410,88132812800,88132812800,8.615,0.03
google/gemma-3-1b-it,NVIDIA GeForce RTX 5060 Ti,42,MuSiQue,14,16,557,multi-hop,28.331,46.9819,0.0,0,0,1,96,352,352,64961380352,64961380352,8.615,0.03
google/gemma-3-1b-it,NVIDIA GeForce RTX 5060 Ti,42,MuSiQue,14,16,558,structural,29.2546,47.7867,0.0,0,0,1,107,363,363,69084905472,69084905472,8.615,0.03
google/gemma-3-1b-it,NVIDIA GeForce RTX 5060 Ti,42,MuSiQue,14,16,559,structural,34.5259,37.1509,0.0,0,0,1,54,310,310,50384076800,50384076800,8.615,0.03
google/gemma-3-1b-it,NVIDIA GeForce RTX 5060 Ti,42,MuSiQue,14,16,560,multi-hop,29.57,56.9752,0.0,0,0,1,66,322,322,54360276992,54360276992,8.615,0.03
google/gemma-3-1b-it,NVIDIA GeForce RTX 5060 Ti,42,MuSiQue,14,16,561,structural,28.1676,0.0,0.0,0,1,1,90,346,346,62765662208,62765662208,8.615,0.03
google/gemma-3-1b-it,NVIDIA GeForce RTX 5060 Ti,42,MuSiQue,14,16,562,semantic,35.8307,0.0,0.0,0,1,1,94,350,350,64225280000,64225280000,8.615,0.03
google/gemma-3-1b-it,NVIDIA GeForce RTX 5060 Ti,42,MuSiQue,14,16,563,multi-hop,31.5307,43.289,35.3205,0,0,0,2,185,258,17943756800,34898706432,8.615,0.03
google/gemma-3-1b-it,NVIDIA GeForce RTX 5060 Ti,42,MuSiQue,14,16,564,semantic,64.1962,0.0,0.0,0,1,1,93,349,349,63858802688,63858802688,8.615,0.03
google/gemma-3-1b-it,NVIDIA GeForce RTX 5060 Ti,42,MuSiQue,14,16,565,semantic,41.9552,0.0,0.0,0,1,1,99,355,355,66073395200,66073395200,8.615,0.03
google/gemma-3-1b-it,NVIDIA GeForce RTX 5060 Ti,42,MuSiQue,14,16,566,structural,54.3462,54.7258,0.0,0,0,1,94,350,350,64225280000,64225280000,8.615,0.03
google/gemma-3-1b-it,NVIDIA GeForce RTX 5060 Ti,42,MuSiQue,14,16,567,semantic,45.1152,0.0,0.0,0,1,1,111,367,367,70615826432,70615826432,8.615,0.03
google/gemma-3-1b-it,NVIDIA GeForce RTX 5060 Ti,42,MuSiQue,14,16,568,multi-hop,43.0276,37.7667,57.8726,0,0,0,95,351,351,64592805888,64592805888,8.615,0.03
google/gemma-3-1b-it,NVIDIA GeForce RTX 5060 Ti,42,MuSiQue,14,16,569,multi-hop,55.944,0.0,42.5076,0,1,0,103,359,359,67570761728,67570761728,8.615,0.03
google/gemma-3-1b-it,NVIDIA GeForce RTX 5060 Ti,42,MuSiQue,14,16,570,multi-hop,43.3339,41.4082,36.4108,0,0,0,121,377,377,74516529152,74516529152,8.615,0.03
google/gemma-3-1b-it,NVIDIA GeForce RTX 5060 Ti,42,MuSiQue,14,16,571,multi-hop,36.285,0.0,0.0,0,1,1,16,272,272,38788923392,38788923392,8.615,0.03
google/gemma-3-1b-it,NVIDIA GeForce RTX 5060 Ti,42,MuSiQue,14,16,572,multi-hop,60.7892,0.0,0.0,0,1,1,127,383,383,76907282432,76907282432,8.615,0.03
google/gemma-3-1b-it,NVIDIA GeForce RTX 5060 Ti,42,MuSiQue,14,16,573,multi-hop,53.8746,0.0,45.8132,0,1,0,104,360,360,67947724800,67947724800,8.615,0.03
google/gemma-3-1b-it,NVIDIA GeForce RTX 5060 Ti,42,MuSiQue,14,16,574,semantic,38.8895,0.0,0.0,0,1,1,102,358,358,67194847232,67194847232,8.615,0.03
google/gemma-3-1b-it,NVIDIA GeForce RTX 5060 Ti,42,MuSiQue,14,16,575,multi-hop,47.368,41.634,54.4817,0,0,0,96,352,352,64961380352,64961380352,8.615,0.03
google/gemma-3-1b-it,NVIDIA GeForce RTX 5060 Ti,42,MuSiQue,14,16,576,structural,31.7135,0.0,0.0,0,1,1,132,388,388,78928412672,78928412672,8.615,0.03
google/gemma-3-1b-it,NVIDIA GeForce RTX 5060 Ti,42,MuSiQue,14,16,577,multi-hop,27.7874,0.0,0.0,0,1,1,33,289,289,43789058048,43789058048,8.615,0.03
google/gemma-3-1b-it,NVIDIA GeForce RTX 5060 Ti,42,MuSiQue,14,16,578,structural,41.6632,30.292,43.7952,0,0,0,8,264,264,36540776448,36540776448,8.615,0.03
google/gemma-3-1b-it,NVIDIA GeForce RTX 5060 Ti,42,MuSiQue,14,16,579,multi-hop,30.3501,51.5436,0.0,0,0,1,11,267,267,37375967232,37375967232,8.615,0.03
google/gemma-3-1b-it,NVIDIA GeForce RTX 5060 Ti,42,MuSiQue,14,16,580,multi-hop,41.4823,0.0,0.0,0,1,1,66,322,322,54360276992,54360276992,8.615,0.03
google/gemma-3-1b-it,NVIDIA GeForce RTX 5060 Ti,42,MuSiQue,14,16,581,semantic,46.5202,0.0,0.0,0,1,1,141,397,397,82632507392,82632507392,8.615,0.03
google/gemma-3-1b-it,NVIDIA GeForce RTX 5060 Ti,42,MuSiQue,14,16,582,semantic,36.829,0.0,0.0,0,1,1,16,272,272,38788923392,38788923392,8.615,0.03
google/gemma-3-1b-it,NVIDIA GeForce RTX 5060 Ti,42,MuSiQue,14,16,583,multi-hop,40.4372,0.0,0.0,0,1,1,124,380,380,75707187200,75707187200,8.615,0.03
google/gemma-3-1b-it,NVIDIA GeForce RTX 5060 Ti,42,MuSiQue,14,16,584,multi-hop,36.1548,0.0,0.0,0,1,1,89,345,345,62403379200,62403379200,8.615,0.03
google/gemma-3-1b-it,NVIDIA GeForce RTX 5060 Ti,42,MuSiQue,14,16,585,multi-hop,45.2964,60.6002,0.0,0,0,1,102,358,358,67194847232,67194847232,8.615,0.03
google/gemma-3-1b-it,NVIDIA GeForce RTX 5060 Ti,42,MuSiQue,14,16,586,semantic,33.2671,0.0,0.0,0,1,1,87,343,343,61681958912,61681958912,8.615,0.03
google/gemma-3-1b-it,NVIDIA GeForce RTX 5060 Ti,42,MuSiQue,14,16,587,semantic,38.0521,0.0,0.0,0,1,1,39,295,295,45626163200,45626163200,8.615,0.03
google/gemma-3-1b-it,NVIDIA GeForce RTX 5060 Ti,42,MuSiQue,14,16,588,multi-hop,32.0425,57.4461,51.1215,0,0,0,101,357,357,66819981312,66819981312,8.615,0.03
google/gemma-3-1b-it,NVIDIA GeForce RTX 5060 Ti,42,MuSiQue,14,16,589,semantic,54.6523,0.0,0.0,0,1,1,114,370,370,71775027200,71775027200,8.615,0.03
google/gemma-3-1b-it,NVIDIA GeForce RTX 5060 Ti,42,MuSiQue,14,16,590,structural,33.8525,0.0,0.0,0,1,1,76,332,332,57789120512,57789120512,8.615,0.03
google/gemma-3-1b-it,NVIDIA GeForce RTX 5060 Ti,42,MuSiQue,14,16,591,semantic,56.9236,0.0,0.0,0,1,1,3,259,259,35169763328,35169763328,8.615,0.03
google/gemma-3-1b-it,NVIDIA GeForce RTX 5060 Ti,42,MuSiQue,14,16,592,structural,54.4346,45.3789,0.0,0,0,1,100,356,356,66446163968,66446163968,8.615,0.03
google/gemma-3-1b-it,NVIDIA GeForce RTX 5060 Ti,42,MuSiQue,14,16,593,semantic,47.56,0.0,0.0,0,1,1,129,385,385,77712588800,77712588800,8.615,0.03
google/gemma-3-1b-it,NVIDIA GeForce RTX 5060 Ti,42,MuSiQue,14,16,594,structural,39.5175,0.0,0.0,0,1,1,14,270,270,38220595200,38220595200,8.615,0.03
google/gemma-3-1b-it,NVIDIA GeForce RTX 5060 Ti,42,MuSiQue,14,16,595,multi-hop,31.888,39.4485,42.0912,0,0,0,92,348,348,63493373952,63493373952,8.615,0.03
google/gemma-3-1b-it,NVIDIA GeForce RTX 5060 Ti,42,MuSiQue,14,16,596,multi-hop,52.4694,67.9632,0.0,0,0,1,91,347,347,63128993792,63128993792,8.615,0.03
google/gemma-3-1b-it,NVIDIA GeForce RTX 5060 Ti,42,MuSiQue,14,16,597,semantic,53.1186,0.0,0.0,0,1,1,142,398,398,83049316352,83049316352,8.615,0.03
google/gemma-3-1b-it,NVIDIA GeForce RTX 5060 Ti,42,MuSiQue,14,16,598,multi-hop,43.2146,0.0,0.0,0,1,1,115,371,371,72163524608,72163524608,8.615,0.03
google/gemma-3-1b-it,NVIDIA GeForce RTX 5060 Ti,42,MuSiQue,14,16,599,multi-hop,45.0332,0.0,0.0,0,1,1,102,358,358,67194847232,67194847232,8.615,0.03
google/gemma-3-1b-it,NVIDIA GeForce RTX 5060 Ti,42,MuSiQue,16,16,0,structural,67.7596,58.1266,0.0,0,0,1,102,358,358,67194847232,67194847232,8.615,0.03
google/gemma-3-1b-it,NVIDIA GeForce RTX 5060 Ti,42,MuSiQue,16,16,1,multi-hop,48.059,0.0,0.0,0,1,1,119,375,375,73728000000,73728000000,8.615,0.03
google/gemma-3-1b-it,NVIDIA GeForce RTX 5060 Ti,42,MuSiQue,16,16,2,multi-hop,59.6912,0.0,0.0,0,1,1,124,380,380,75707187200,75707187200,8.615,0.03
google/gemma-3-1b-it,NVIDIA GeForce RTX 5060 Ti,42,MuSiQue,16,16,3,semantic,39.7402,0.0,0.0,0,1,1,33,289,289,43789058048,43789058048,8.615,0.03
google/gemma-3-1b-it,NVIDIA GeForce RTX 5060 Ti,42,MuSiQue,16,16,4,structural,48.1717,0.0,0.0,0,1,1,4,260,260,35441868800,35441868800,8.615,0.03
google/gemma-3-1b-it,NVIDIA GeForce RTX 5060 Ti,42,MuSiQue,16,16,5,multi-hop,28.5724,0.0,0.0,0,1,1,18,274,274,39361445888,39361445888,8.615,0.03
google/gemma-3-1b-it,NVIDIA GeForce RTX 5060 Ti,42,MuSiQue,16,16,6,structural,30.4064,31.9503,29.5132,0,0,0,115,371,371,72163524608,72163524608,8.615,0.03
google/gemma-3-1b-it,NVIDIA GeForce RTX 5060 Ti,42,MuSiQue,16,16,7,multi-hop,60.6701,56.1981,49.5736,0,0,0,9,265,265,36818124800,36818124800,8.615,0.03
google/gemma-3-1b-it,NVIDIA GeForce RTX 5060 Ti,42,MuSiQue,16,16,8,multi-hop,57.3963,0.0,0.0,0,1,1,129,385,385,77712588800,77712588800,8.615,0.03
google/gemma-3-1b-it,NVIDIA GeForce RTX 5060 Ti,42,MuSiQue,16,16,9,structural,56.7969,0.0,0.0,0,1,1,68,324,324,55037657088,55037657088,8.615,0.03
google/gemma-3-1b-it,NVIDIA GeForce RTX 5060 Ti,42,MuSiQue,16,16,10,multi-hop,54.3695,30.1967,0.0,0,0,1,119,375,375,73728000000,73728000000,8.615,0.03
google/gemma-3-1b-it,NVIDIA GeForce RTX 5060 Ti,42,MuSiQue,16,16,11,semantic,30.6202,0.0,80.4804,0,1,0,88,344,344,62042144768,62042144768,8.615,0.03
google/gemma-3-1b-it,NVIDIA GeForce RTX 5060 Ti,42,MuSiQue,16,16,12,semantic,45.0304,0.0,0.0,0,1,1,30,286,286,42884661248,42884661248,8.615,0.03
google/gemma-3-1b-it,NVIDIA GeForce RTX 5060 Ti,42,MuSiQue,16,16,13,semantic,39.2365,0.0,0.0,0,1,1,105,361,361,68325736448,68325736448,8.615,0.03
google/gemma-3-1b-it,NVIDIA GeForce RTX 5060 Ti,42,MuSiQue,16,16,14,multi-hop,30.6583,0.0,0.0,0,1,1,110,366,366,70231523328,70231523328,8.615,0.03
google/gemma-3-1b-it,NVIDIA GeForce RTX 5060 Ti,42,MuSiQue,16,16,15,structural,38.9396,52.6753,68.6812,0,0,0,121,377,377,74516529152,74516529152,8.615,0.03
google/gemma-3-1b-it,NVIDIA GeForce RTX 5060 Ti,42,MuSiQue,16,16,16,structural,69.9862,72.1561,62.8336,0,0,0,18,274,274,39361445888,39361445888,8.615,0.03
google/gemma-3-1b-it,NVIDIA GeForce RTX 5060 Ti,42,MuSiQue,16,16,17,semantic,48.6431,0.0,0.0,0,1,1,61,317,317,52685176832,52685176832,8.615,0.03
google/gemma-3-1b-it,NVIDIA GeForce RTX 5060 Ti,42,MuSiQue,16,16,18,semantic,64.4872,0.0,0.0,0,1,1,113,369,369,71387578368,71387578368,8.615,0.03
google/gemma-3-1b-it,NVIDIA GeForce RTX 5060 Ti,42,MuSiQue,16,16,19,multi-hop,56.5951,47.3036,76.8769,0,0,0,39,295,295,45626163200,45626163200,8.615,0.03
google/gemma-3-1b-it,NVIDIA GeForce RTX 5060 Ti,42,MuSiQue,16,16,20,multi-hop,65.0304,57.7053,67.3182,0,0,0,78,334,334,58487472128,58487472128,8.615,0.03
google/gemma-3-1b-it,NVIDIA GeForce RTX 5060 Ti,42,MuSiQue,16,16,21,multi-hop,55.8292,0.0,0.0,0,1,1,105,361,361,68325736448,68325736448,8.615,0.03
google/gemma-3-1b-it,NVIDIA GeForce RTX 5060 Ti,42,MuSiQue,16,16,22,structural,32.0556,0.0,0.0,0,1,1,127,383,383,76907282432,76907282432,8.615,0.03
google/gemma-3-1b-it,NVIDIA GeForce RTX 5060 Ti,42,MuSiQue,16,16,23,semantic,57.6802,0.0,0.0,0,1,1,102,358,358,67194847232,67194847232,8.615,0.03
google/gemma-3-1b-it,NVIDIA GeForce RTX 5060 Ti,42,MuSiQue,16,16,24,semantic,68.5636,0.0,0.0,0,1,1,121,377,377,74516529152,74516529152,8.615,0.03
google/gemma-3-1b-it,NVIDIA GeForce RTX 5060 Ti,42,MuSiQue,16,16,25,multi-hop,35.1777,0.0,0.0,0,1,1,51,307,307,49413619712,49413619712,8.615,0.03
google/gemma-3-1b-it,NVIDIA GeForce RTX 5060 Ti,42,MuSiQue,16,16,26,multi-hop,31.8714,0.0,0.0,0,1,1,72,328,328,56405000192,56405000192,8.615,0.03
google/gemma-3-1b-it,NVIDIA GeForce RTX 5060 Ti,42,MuSiQue,16,16,27,multi-hop,42.031,59.0228,56.7281,0,0,0,103,359,359,67570761728,67570761728,8.615,0.03
google/gemma-3-1b-it,NVIDIA GeForce RTX 5060 Ti,42,MuSiQue,16,16,28,semantic,37.6743,0.0,0.0,0,1,1,112,368,368,71001178112,71001178112,8.615,0.03
google/gemma-3-1b-it,NVIDIA GeForce RTX 5060 Ti,42,MuSiQue,16,16,29,structural,67.3126,0.0,52.5176,0,1,0,117,373,373,72943665152,72943665152,8.615,0.03
google/gemma-3-1b-it,NVIDIA GeForce RTX 5060 Ti,42,MuSiQue,16,16,30,multi-hop,34.9387,0.0,0.0,0,1,1,104,360,360,67947724800,67947724800,8.615,0.03
google/gemma-3-1b-it,NVIDIA GeForce RTX 5060 Ti,42,MuSiQue,16,16,31,multi-hop,37.0067,0.0,0.0,0,1,1,43,299,299,46871871488,46871871488,8.615,0.03
google/gemma-3-1b-it,NVIDIA GeForce RTX 5060 Ti,42,MuSiQue,16,16,32,semantic,0.0,0.0,0.0,1,1,1,23,279,279,40811102208,40811102208,8.615,0.03
google/gemma-3-1b-it,NVIDIA GeForce RTX 5060 Ti,42,MuSiQue,16,16,33,structural,37.719,36.93,37.6103,0,0,0,84,340,340,60607692800,60607692800,8.615,0.03
google/gemma-3-1b-it,NVIDIA GeForce RTX 5060 Ti,42,MuSiQue,16,16,34,structural,42.8647,0.0,0.0,0,1,1,136,392,392,80564191232,80564191232,8.615,0.03
google/gemma-3-1b-it,NVIDIA GeForce RTX 5060 Ti,42,MuSiQue,16,16,35,semantic,0.0,0.0,0.0,1,1,1,125,381,381,76106170368,76106170368,8.615,0.03
google/gemma-3-1b-it,NVIDIA GeForce RTX 5060 Ti,42,MuSiQue,16,16,36,structural,37.4019,0.0,0.0,0,1,1,111,367,367,70615826432,70615826432,8.615,0.03
google/gemma-3-1b-it,NVIDIA GeForce RTX 5060 Ti,42,MuSiQue,16,16,37,multi-hop,67.5039,0.0,0.0,0,1,1,103,359,359,67570761728,67570761728,8.615,0.03
google/gemma-3-1b-it,NVIDIA GeForce RTX 5060 Ti,42,MuSiQue,16,16,38,multi-hop,59.2303,0.0,0.0,0,1,1,140,396,396,82216747008,82216747008,8.615,0.03
google/gemma-3-1b-it,NVIDIA GeForce RTX 5060 Ti,42,MuSiQue,16,16,39,multi-hop,48.7382,0.0,0.0,0,1,1,115,371,371,72163524608,72163524608,8.615,0.03
google/gemma-3-1b-it,NVIDIA GeForce RTX 5060 Ti,42,MuSiQue,16,16,40,semantic,32.1854,33.5898,31.6833,0,0,0,106,362,362,68704796672,68704796672,8.615,0.03
google/gemma-3-1b-it,NVIDIA GeForce RTX 5060 Ti,42,MuSiQue,16,16,41,multi-hop,58.6663,0.0,0.0,0,1,1,107,363,363,69084905472,69084905472,8.615,0.03
google/gemma-3-1b-it,NVIDIA GeForce RTX 5060 Ti,42,MuSiQue,16,16,42,semantic,70.4296,75.1653,0.0,0,0,1,102,358,358,67194847232,67194847232,8.615,0.03
google/gemma-3-1b-it,NVIDIA GeForce RTX 5060 Ti,42,MuSiQue,16,16,43,semantic,37.8339,0.0,0.0,0,1,1,5,261,261,35715022848,35715022848,8.615,0.03
google/gemma-3-1b-it,NVIDIA GeForce RTX 5060 Ti,42,MuSiQue,16,16,44,multi-hop,39.6375,38.6512,57.1527,0,0,0,131,387,387,78522089472,78522089472,8.615,0.03
google/gemma-3-1b-it,NVIDIA GeForce RTX 5060 Ti,42,MuSiQue,16,16,45,structural,49.9911,38.1643,49.6245,0,0,0,68,324,324,55037657088,55037657088,8.615,0.03
google/gemma-3-1b-it,NVIDIA GeForce RTX 5060 Ti,42,MuSiQue,16,16,46,structural,34.5054,28.8538,0.0,0,0,1,121,377,377,74516529152,74516529152,8.615,0.03
google/gemma-3-1b-it,NVIDIA GeForce RTX 5060 Ti,42,MuSiQue,16,16,47,semantic,0.0,0.0,0.0,1,1,1,12,268,268,37656461312,37656461312,8.615,0.03
google/gemma-3-1b-it,NVIDIA GeForce RTX 5060 Ti,42,MuSiQue,16,16,48,multi-hop,0.0,0.0,0.0,1,1,1,90,346,346,62765662208,62765662208,8.615,0.03
google/gemma-3-1b-it,NVIDIA GeForce RTX 5060 Ti,42,MuSiQue,16,16,49,structural,0.0,36.3038,0.0,1,0,1,107,363,363,69084905472,69084905472,8.615,0.03
google/gemma-3-1b-it,NVIDIA GeForce RTX 5060 Ti,42,MuSiQue,16,16,50,multi-hop,52.8633,0.0,0.0,0,1,1,48,304,304,48452599808,48452599808,8.615,0.03
google/gemma-3-1b-it,NVIDIA GeForce RTX 5060 Ti,42,MuSiQue,16,16,51,structural,63.8665,61.7989,0.0,0,0,1,88,344,344,62042144768,62042144768,8.615,0.03
google/gemma-3-1b-it,NVIDIA GeForce RTX 5060 Ti,42,MuSiQue,16,16,52,semantic,53.0847,0.0,0.0,0,1,1,66,322,322,54360276992,54360276992,8.615,0.03
google/gemma-3-1b-it,NVIDIA GeForce RTX 5060 Ti,42,MuSiQue,16,16,53,structural,40.1428,34.5241,50.5431,0,0,0,120,376,376,74121740288,74121740288,8.615,0.03
google/gemma-3-1b-it,NVIDIA GeForce RTX 5060 Ti,42,MuSiQue,16,16,54,structural,36.1006,0.0,0.0,0,1,1,118,374,374,73335308288,73335308288,8.615,0.03
google/gemma-3-1b-it,NVIDIA GeForce RTX 5060 Ti,42,MuSiQue,16,16,55,semantic,42.3584,0.0,0.0,0,1,1,102,358,358,67194847232,67194847232,8.615,0.03
google/gemma-3-1b-it,NVIDIA GeForce RTX 5060 Ti,42,MuSiQue,16,16,56,multi-hop,44.2855,0.0,0.0,0,1,1,36,292,292,44702892032,44702892032,8.615,0.03
google/gemma-3-1b-it,NVIDIA GeForce RTX 5060 Ti,42,MuSiQue,16,16,57,structural,48.7378,30.3856,0.0,0,0,1,62,318,318,53018099712,53018099712,8.615,0.03
google/gemma-3-1b-it,NVIDIA GeForce RTX 5060 Ti,42,MuSiQue,16,16,58,multi-hop,34.1576,0.0,0.0,0,1,1,69,325,325,55377920000,55377920000,8.615,0.03
google/gemma-3-1b-it,NVIDIA GeForce RTX 5060 Ti,42,MuSiQue,16,16,59,semantic,48.1404,0.0,0.0,0,1,1,115,371,371,72163524608,72163524608,8.615,0.03
google/gemma-3-1b-it,NVIDIA GeForce RTX 5060 Ti,42,MuSiQue,16,16,60,semantic,43.5035,0.0,0.0,0,1,1,102,358,358,67194847232,67194847232,8.615,0.03
google/gemma-3-1b-it,NVIDIA GeForce RTX 5060 Ti,42,MuSiQue,16,16,61,structural,47.1799,47.8469,42.6427,0,0,0,99,355,355,66073395200,66073395200,8.615,0.03
google/gemma-3-1b-it,NVIDIA GeForce RTX 5060 Ti,42,MuSiQue,16,16,62,semantic,63.8998,0.0,32.191,0,1,0,5,261,261,35715022848,35715022848,8.615,0.03
google/gemma-3-1b-it,NVIDIA GeForce RTX 5060 Ti,42,MuSiQue,16,16,63,multi-hop,58.9598,30.3449,0.0,0,0,1,94,350,350,64225280000,64225280000,8.615,0.03
google/gemma-3-1b-it,NVIDIA GeForce RTX 5060 Ti,42,MuSiQue,16,16,64,multi-hop,32.6438,0.0,0.0,0,1,1,118,374,374,73335308288,73335308288,8.615,0.03
google/gemma-3-1b-it,NVIDIA GeForce RTX 5060 Ti,42,MuSiQue,16,16,65,multi-hop,37.0136,35.5209,38.9793,0,0,0,120,376,376,74121740288,74121740288,8.615,0.03
google/gemma-3-1b-it,NVIDIA GeForce RTX 5060 Ti,42,MuSiQue,16,16,66,multi-hop,29.5358,28.6522,0.0,0,0,1,45,301,301,47501017088,47501017088,8.615,0.03
google/gemma-3-1b-it,NVIDIA GeForce RTX 5060 Ti,42,MuSiQue,16,16,67,semantic,34.5203,0.0,0.0,0,1,1,105,361,361,68325736448,68325736448,8.615,0.03
google/gemma-3-1b-it,NVIDIA GeForce RTX 5060 Ti,42,MuSiQue,16,16,68,structural,31.5033,55.6636,0.0,0,0,1,57,313,313,51363971072,51363971072,8.615,0.03
google/gemma-3-1b-it,NVIDIA GeForce RTX 5060 Ti,42,MuSiQue,16,16,69,multi-hop,27.6598,0.0,0.0,0,1,1,62,318,318,53018099712,53018099712,8.615,0.03
google/gemma-3-1b-it,NVIDIA GeForce RTX 5060 Ti,42,MuSiQue,16,16,70,structural,30.9125,0.0,0.0,0,1,1,103,359,359,67570761728,67570761728,8.615,0.03
google/gemma-3-1b-it,NVIDIA GeForce RTX 5060 Ti,42,MuSiQue,16,16,71,multi-hop,34.5025,32.8518,0.0,0,0,1,98,354,354,65701675008,65701675008,8.615,0.03
google/gemma-3-1b-it,NVIDIA GeForce RTX 5060 Ti,42,MuSiQue,16,16,72,semantic,36.2852,0.0,0.0,0,1,1,132,388,388,78928412672,78928412672,8.615,0.03
google/gemma-3-1b-it,NVIDIA GeForce RTX 5060 Ti,42,MuSiQue,16,16,73,multi-hop,34.2729,0.0,0.0,0,1,1,30,286,286,42884661248,42884661248,8.615,0.03
google/gemma-3-1b-it,NVIDIA GeForce RTX 5060 Ti,42,MuSiQue,16,16,74,multi-hop,39.6632,0.0,0.0,0,1,1,9,265,265,36818124800,36818124800,8.615,0.03
google/gemma-3-1b-it,NVIDIA GeForce RTX 5060 Ti,42,MuSiQue,16,16,75,structural,58.2532,0.0,0.0,0,1,1,101,357,357,66819981312,66819981312,8.615,0.03
google/gemma-3-1b-it,NVIDIA GeForce RTX 5060 Ti,42,MuSiQue,16,16,76,multi-hop,48.7797,0.0,0.0,0,1,1,57,313,313,51363971072,51363971072,8.615,0.03
google/gemma-3-1b-it,NVIDIA GeForce RTX 5060 Ti,42,MuSiQue,16,16,77,semantic,58.6773,0.0,0.0,0,1,1,100,356,356,66446163968,66446163968,8.615,0.03
google/gemma-3-1b-it,NVIDIA GeForce RTX 5060 Ti,42,MuSiQue,16,16,78,semantic,48.2838,0.0,0.0,0,1,1,92,348,348,63493373952,63493373952,8.615,0.03
google/gemma-3-1b-it,NVIDIA GeForce RTX 5060 Ti,42,MuSiQue,16,16,79,semantic,59.6702,0.0,42.5065,0,1,0,101,357,357,66819981312,66819981312,8.615,0.03
google/gemma-3-1b-it,NVIDIA GeForce RTX 5060 Ti,42,MuSiQue,16,16,80,structural,41.8737,0.0,0.0,0,1,1,102,358,358,67194847232,67194847232,8.615,0.03
google/gemma-3-1b-it,NVIDIA GeForce RTX 5060 Ti,42,MuSiQue,16,16,81,multi-hop,29.9154,0.0,0.0,0,1,1,69,325,325,55377920000,55377920000,8.615,0.03
google/gemma-3-1b-it,NVIDIA GeForce RTX 5060 Ti,42,MuSiQue,16,16,82,multi-hop,58.5591,47.2167,0.0,0,0,1,102,358,358,67194847232,67194847232,8.615,0.03
google/gemma-3-1b-it,NVIDIA GeForce RTX 5060 Ti,42,MuSiQue,16,16,83,structural,68.8078,28.5612,0.0,0,0,1,101,357,357,66819981312,66819981312,8.615,0.03
google/gemma-3-1b-it,NVIDIA GeForce RTX 5060 Ti,42,MuSiQue,16,16,84,semantic,40.6548,0.0,0.0,0,1,1,65,321,321,54023159808,54023159808,8.615,0.03
google/gemma-3-1b-it,NVIDIA GeForce RTX 5060 Ti,42,MuSiQue,16,16,85,semantic,55.5212,0.0,0.0,0,1,1,97,353,353,65331003392,65331003392,8.615,0.03
google/gemma-3-1b-it,NVIDIA GeForce RTX 5060 Ti,42,MuSiQue,16,16,86,multi-hop,38.5443,0.0,0.0,0,1,1,148,404,404,85572190208,85572190208,8.615,0.03
google/gemma-3-1b-it,NVIDIA GeForce RTX 5060 Ti,42,MuSiQue,16,16,87,multi-hop,37.6959,0.0,0.0,0,1,1,119,375,375,73728000000,73728000000,8.615,0.03
google/gemma-3-1b-it,NVIDIA GeForce RTX 5060 Ti,42,MuSiQue,16,16,88,multi-hop,37.8578,0.0,0.0,0,1,1,89,345,345,62403379200,62403379200,8.615,0.03
google/gemma-3-1b-it,NVIDIA GeForce RTX 5060 Ti,42,MuSiQue,16,16,89,multi-hop,29.7729,0.0,0.0,0,1,1,89,345,345,62403379200,62403379200,8.615,0.03
google/gemma-3-1b-it,NVIDIA GeForce RTX 5060 Ti,42,MuSiQue,16,16,90,semantic,43.2185,0.0,0.0,0,1,1,115,371,371,72163524608,72163524608,8.615,0.03
google/gemma-3-1b-it,NVIDIA GeForce RTX 5060 Ti,42,MuSiQue,16,16,91,multi-hop,0.0,31.3281,0.0,1,0,1,124,380,380,75707187200,75707187200,8.615,0.03
google/gemma-3-1b-it,NVIDIA GeForce RTX 5060 Ti,42,MuSiQue,16,16,92,semantic,64.5418,0.0,51.7438,0,1,0,10,266,266,37096521728,37096521728,8.615,0.03
google/gemma-3-1b-it,NVIDIA GeForce RTX 5060 Ti,42,MuSiQue,16,16,93,semantic,0.0,0.0,0.0,1,1,1,97,353,353,65331003392,65331003392,8.615,0.03
google/gemma-3-1b-it,NVIDIA GeForce RTX 5060 Ti,42,MuSiQue,16,16,94,semantic,50.3924,0.0,0.0,0,1,1,119,375,375,73728000000,73728000000,8.615,0.03
google/gemma-3-1b-it,NVIDIA GeForce RTX 5060 Ti,42,MuSiQue,16,16,95,semantic,30.5983,0.0,0.0,0,1,1,114,370,370,71775027200,71775027200,8.615,0.03
google/gemma-3-1b-it,NVIDIA GeForce RTX 5060 Ti,42,MuSiQue,16,16,96,multi-hop,0.0,55.5353,48.5735,1,0,0,106,362,362,68704796672,68704796672,8.615,0.03
google/gemma-3-1b-it,NVIDIA GeForce RTX 5060 Ti,42,MuSiQue,16,16,97,structural,0.0,0.0,0.0,1,1,1,124,380,380,75707187200,75707187200,8.615,0.03
google/gemma-3-1b-it,NVIDIA GeForce RTX 5060 Ti,42,MuSiQue,16,16,98,multi-hop,60.7279,0.0,0.0,0,1,1,106,362,362,68704796672,68704796672,8.615,0.03
google/gemma-3-1b-it,NVIDIA GeForce RTX 5060 Ti,42,MuSiQue,16,16,99,semantic,0.0,0.0,0.0,1,1,1,119,375,375,73728000000,73728000000,8.615,0.03
google/gemma-3-1b-it,NVIDIA GeForce RTX 5060 Ti,42,MuSiQue,16,16,100,semantic,64.5117,0.0,0.0,0,1,1,75,331,331,57441517568,57441517568,8.615,0.03
google/gemma-3-1b-it,NVIDIA GeForce RTX 5060 Ti,42,MuSiQue,16,16,101,multi-hop,36.5596,0.0,0.0,0,1,1,119,375,375,73728000000,73728000000,8.615,0.03
google/gemma-3-1b-it,NVIDIA GeForce RTX 5060 Ti,42,MuSiQue,16,16,102,multi-hop,35.216,0.0,0.0,0,1,1,53,309,309,50059542528,50059542528,8.615,0.03
google/gemma-3-1b-it,NVIDIA GeForce RTX 5060 Ti,42,MuSiQue,16,16,103,semantic,70.0629,0.0,0.0,0,1,1,86,342,342,61322821632,61322821632,8.615,0.03
google/gemma-3-1b-it,NVIDIA GeForce RTX 5060 Ti,42,MuSiQue,16,16,104,multi-hop,36.6687,0.0,0.0,0,1,1,36,292,292,44702892032,44702892032,8.615,0.03
google/gemma-3-1b-it,NVIDIA GeForce RTX 5060 Ti,42,MuSiQue,16,16,105,semantic,63.1384,0.0,0.0,0,1,1,99,355,355,66073395200,66073395200,8.615,0.03
google/gemma-3-1b-it,NVIDIA GeForce RTX 5060 Ti,42,MuSiQue,16,16,106,semantic,42.1556,0.0,0.0,0,1,1,54,310,310,50384076800,50384076800,8.615,0.03
google/gemma-3-1b-it,NVIDIA GeForce RTX 5060 Ti,42,MuSiQue,16,16,107,structural,60.4095,0.0,0.0,0,1,1,118,374,374,73335308288,73335308288,8.615,0.03
google/gemma-3-1b-it,NVIDIA GeForce RTX 5060 Ti,42,MuSiQue,16,16,108,structural,40.9761,60.146,0.0,0,0,1,83,339,339,60251701248,60251701248,8.615,0.03
google/gemma-3-1b-it,NVIDIA GeForce RTX 5060 Ti,42,MuSiQue,16,16,109,multi-hop,46.5838,56.4915,51.6681,0,0,0,2,258,258,34898706432,34898706432,8.615,0.03
google/gemma-3-1b-it,NVIDIA GeForce RTX 5060 Ti,42,MuSiQue,16,16,110,multi-hop,54.8689,0.0,0.0,0,1,1,4,260,260,35441868800,35441868800,8.615,0.03
google/gemma-3-1b-it,NVIDIA GeForce RTX 5060 Ti,42,MuSiQue,16,16,111,multi-hop,47.8845,62.7591,0.0,0,0,1,116,372,372,72553070592,72553070592,8.615,0.03
google/gemma-3-1b-it,NVIDIA GeForce RTX 5060 Ti,42,MuSiQue,16,16,112,semantic,82.7192,0.0,0.0,0,1,1,103,359,359,67570761728,67570761728,8.615,0.03
google/gemma-3-1b-it,NVIDIA GeForce RTX 5060 Ti,42,MuSiQue,16,16,113,multi-hop,37.5618,0.0,0.0,0,1,1,87,343,343,61681958912,61681958912,8.615,0.03
google/gemma-3-1b-it,NVIDIA GeForce RTX 5060 Ti,42,MuSiQue,16,16,114,multi-hop,43.3981,0.0,0.0,0,1,1,88,344,344,62042144768,62042144768,8.615,0.03
google/gemma-3-1b-it,NVIDIA GeForce RTX 5060 Ti,42,MuSiQue,16,16,115,multi-hop,43.5712,52.3135,74.4391,0,0,0,106,362,362,68704796672,68704796672,8.615,0.03
google/gemma-3-1b-it,NVIDIA GeForce RTX 5060 Ti,42,MuSiQue,16,16,116,semantic,68.3611,0.0,0.0,0,1,1,105,361,361,68325736448,68325736448,8.615,0.03
google/gemma-3-1b-it,NVIDIA GeForce RTX 5060 Ti,42,MuSiQue,16,16,117,multi-hop,35.501,66.9683,0.0,0,0,1,98,354,354,65701675008,65701675008,8.615,0.03
google/gemma-3-1b-it,NVIDIA GeForce RTX 5060 Ti,42,MuSiQue,16,16,118,multi-hop,35.4312,0.0,0.0,0,1,1,102,358,358,67194847232,67194847232,8.615,0.03
google/gemma-3-1b-it,NVIDIA GeForce RTX 5060 Ti,42,MuSiQue,16,16,119,multi-hop,29.7047,42.863,0.0,0,0,1,97,353,353,65331003392,65331003392,8.615,0.03
google/gemma-3-1b-it,NVIDIA GeForce RTX 5060 Ti,42,MuSiQue,16,16,120,structural,53.8652,0.0,48.6834,0,1,0,7,263,263,36264476672,36264476672,8.615,0.03
google/gemma-3-1b-it,NVIDIA GeForce RTX 5060 Ti,42,MuSiQue,16,16,121,multi-hop,34.6787,0.0,0.0,0,1,1,105,361,361,68325736448,68325736448,8.615,0.03
google/gemma-3-1b-it,NVIDIA GeForce RTX 5060 Ti,42,MuSiQue,16,16,122,semantic,32.7959,0.0,0.0,0,1,1,5,261,261,35715022848,35715022848,8.615,0.03
google/gemma-3-1b-it,NVIDIA GeForce RTX 5060 Ti,42,MuSiQue,16,16,123,semantic,64.7193,0.0,0.0,0,1,1,121,377,377,74516529152,74516529152,8.615,0.03
google/gemma-3-1b-it,NVIDIA GeForce RTX 5060 Ti,42,MuSiQue,16,16,124,multi-hop,41.3605,0.0,0.0,0,1,1,7,263,263,36264476672,36264476672,8.615,0.03
google/gemma-3-1b-it,NVIDIA GeForce RTX 5060 Ti,42,MuSiQue,16,16,125,semantic,48.2605,0.0,45.8562,0,1,0,104,360,360,67947724800,67947724800,8.615,0.03
google/gemma-3-1b-it,NVIDIA GeForce RTX 5060 Ti,42,MuSiQue,16,16,126,semantic,53.3623,0.0,0.0,0,1,1,39,295,295,45626163200,45626163200,8.615,0.03
google/gemma-3-1b-it,NVIDIA GeForce RTX 5060 Ti,42,MuSiQue,16,16,127,multi-hop,32.9887,48.0873,0.0,0,0,1,35,291,291,44397232128,44397232128,8.615,0.03
google/gemma-3-1b-it,NVIDIA GeForce RTX 5060 Ti,42,MuSiQue,16,16,128,multi-hop,55.0037,40.6451,0.0,0,0,1,9,265,265,36818124800,36818124800,8.615,0.03
google/gemma-3-1b-it,NVIDIA GeForce RTX 5060 Ti,42,MuSiQue,16,16,129,structural,35.9351,0.0,0.0,0,1,1,75,331,331,57441517568,57441517568,8.615,0.03
google/gemma-3-1b-it,NVIDIA GeForce RTX 5060 Ti,42,MuSiQue,16,16,130,semantic,69.9268,50.6786,45.2622,0,0,0,107,363,363,69084905472,69084905472,8.615,0.03
google/gemma-3-1b-it,NVIDIA GeForce RTX 5060 Ti,42,MuSiQue,16,16,131,semantic,63.2641,0.0,0.0,0,1,1,107,363,363,69084905472,69084905472,8.615,0.03
google/gemma-3-1b-it,NVIDIA GeForce RTX 5060 Ti,42,MuSiQue,16,16,132,semantic,58.3773,0.0,0.0,0,1,1,81,337,337,59542863872,59542863872,8.615,0.03
google/gemma-3-1b-it,NVIDIA GeForce RTX 5060 Ti,42,MuSiQue,16,16,133,multi-hop,47.7612,0.0,0.0,0,1,1,114,370,370,71775027200,71775027200,8.615,0.03
google/gemma-3-1b-it,NVIDIA GeForce RTX 5060 Ti,42,MuSiQue,16,16,134,structural,61.6855,79.9958,0.0,0,0,1,77,333,333,58137772032,58137772032,8.615,0.03
google/gemma-3-1b-it,NVIDIA GeForce RTX 5060 Ti,42,MuSiQue,16,16,135,multi-hop,41.2264,0.0,0.0,0,1,1,123,379,379,75309252608,75309252608,8.615,0.03
google/gemma-3-1b-it,NVIDIA GeForce RTX 5060 Ti,42,MuSiQue,16,16,136,semantic,70.9113,0.0,0.0,0,1,1,120,376,376,74121740288,74121740288,8.615,0.03
google/gemma-3-1b-it,NVIDIA GeForce RTX 5060 Ti,42,MuSiQue,16,16,137,semantic,35.7099,0.0,0.0,0,1,1,114,370,370,71775027200,71775027200,8.615,0.03
google/gemma-3-1b-it,NVIDIA GeForce RTX 5060 Ti,42,MuSiQue,16,16,138,semantic,48.9979,0.0,41.3952,0,1,0,142,398,398,83049316352,83049316352,8.615,0.03
google/gemma-3-1b-it,NVIDIA GeForce RTX 5060 Ti,42,MuSiQue,16,16,139,multi-hop,63.7854,31.0889,40.3488,0,0,0,77,333,333,58137772032,58137772032,8.615,0.03
google/gemma-3-1b-it,NVIDIA GeForce RTX 5060 Ti,42,MuSiQue,16,16,140,structural,28.1548,0.0,0.0,0,1,1,125,381,381,76106170368,76106170368,8.615,0.03
google/gemma-3-1b-it,NVIDIA GeForce RTX 5060 Ti,42,MuSiQue,16,16,141,semantic,47.0929,0.0,31.1508,0,1,0,88,344,344,62042144768,62042144768,8.615,0.03
google/gemma-3-1b-it,NVIDIA GeForce RTX 5060 Ti,42,MuSiQue,16,16,142,multi-hop,41.0068,29.8715,0.0,0,0,1,53,309,309,50059542528,50059542528,8.615,0.03
google/gemma-3-1b-it,NVIDIA GeForce RTX 5060 Ti,42,MuSiQue,16,16,143,semantic,28.6634,0.0,0.0,0,1,1,115,371,371,72163524608,72163524608,8.615,0.03
google/gemma-3-1b-it,NVIDIA GeForce RTX 5060 Ti,42,MuSiQue,16,16,144,multi-hop,0.0,0.0,29.3594,1,1,0,88,344,344,62042144768,62042144768,8.615,0.03
google/gemma-3-1b-it,NVIDIA GeForce RTX 5060 Ti,42,MuSiQue,16,16,145,multi-hop,38.2839,0.0,0.0,0,1,1,102,358,358,67194847232,67194847232,8.615,0.03
google/gemma-3-1b-it,NVIDIA GeForce RTX 5060 Ti,42,MuSiQue,16,16,146,multi-hop,41.9229,0.0,0.0,0,1,1,20,276,276,39938162688,39938162688,8.615,0.03
google/gemma-3-1b-it,NVIDIA GeForce RTX 5060 Ti,42,MuSiQue,16,16,147,multi-hop,38.1573,0.0,0.0,0,1,1,54,310,310,50384076800,50384076800,8.615,0.03
google/gemma-3-1b-it,NVIDIA GeForce RTX 5060 Ti,42,MuSiQue,16,16,148,multi-hop,78.449,81.8404,41.7054,0,0,0,118,374,374,73335308288,73335308288,8.615,0.03
google/gemma-3-1b-it,NVIDIA GeForce RTX 5060 Ti,42,MuSiQue,16,16,149,multi-hop,57.2367,79.4398,36.836,0,0,0,57,313,313,51363971072,51363971072,8.615,0.03
google/gemma-3-1b-it,NVIDIA GeForce RTX 5060 Ti,42,MuSiQue,16,16,150,semantic,45.1223,0.0,0.0,0,1,1,110,366,366,70231523328,70231523328,8.615,0.03
google/gemma-3-1b-it,NVIDIA GeForce RTX 5060 Ti,42,MuSiQue,16,16,151,structural,36.2478,44.2013,0.0,0,0,1,119,375,375,73728000000,73728000000,8.615,0.03
google/gemma-3-1b-it,NVIDIA GeForce RTX 5060 Ti,42,MuSiQue,16,16,152,structural,28.8255,0.0,0.0,0,1,1,109,365,365,69848268800,69848268800,8.615,0.03
google/gemma-3-1b-it,NVIDIA GeForce RTX 5060 Ti,42,MuSiQue,16,16,153,structural,74.5416,76.8323,0.0,0,0,1,103,359,359,67570761728,67570761728,8.615,0.03
google/gemma-3-1b-it,NVIDIA GeForce RTX 5060 Ti,42,MuSiQue,16,16,154,multi-hop,0.0,0.0,0.0,1,1,1,119,375,375,73728000000,73728000000,8.615,0.03
google/gemma-3-1b-it,NVIDIA GeForce RTX 5060 Ti,42,MuSiQue,16,16,155,multi-hop,0.0,26.9472,0.0,1,0,1,68,324,324,55037657088,55037657088,8.615,0.03
google/gemma-3-1b-it,NVIDIA GeForce RTX 5060 Ti,42,MuSiQue,16,16,156,structural,63.2782,0.0,0.0,0,1,1,104,360,360,67947724800,67947724800,8.615,0.03
google/gemma-3-1b-it,NVIDIA GeForce RTX 5060 Ti,42,MuSiQue,16,16,157,multi-hop,0.0,0.0,0.0,1,1,1,115,371,371,72163524608,72163524608,8.615,0.03
google/gemma-3-1b-it,NVIDIA GeForce RTX 5060 Ti,42,MuSiQue,16,16,158,multi-hop,56.7378,0.0,0.0,0,1,1,5,261,261,35715022848,35715022848,8.615,0.03
google/gemma-3-1b-it,NVIDIA GeForce RTX 5060 Ti,42,MuSiQue,16,16,159,structural,85.1377,81.6614,0.0,0,0,1,86,342,342,61322821632,61322821632,8.615,0.03
google/gemma-3-1b-it,NVIDIA GeForce RTX 5060 Ti,42,MuSiQue,16,16,160,semantic,78.0388,0.0,0.0,0,1,1,3,259,259,35169763328,35169763328,8.615,0.03
google/gemma-3-1b-it,NVIDIA GeForce RTX 5060 Ti,42,MuSiQue,16,16,161,multi-hop,81.6392,0.0,0.0,0,1,1,96,352,352,64961380352,64961380352,8.615,0.03
google/gemma-3-1b-it,NVIDIA GeForce RTX 5060 Ti,42,MuSiQue,16,16,162,multi-hop,38.8868,71.883,51.507,0,0,0,39,295,295,45626163200,45626163200,8.615,0.03
google/gemma-3-1b-it,NVIDIA GeForce RTX 5060 Ti,42,MuSiQue,16,16,163,multi-hop,57.0123,0.0,0.0,0,1,1,53,309,309,50059542528,50059542528,8.615,0.03
google/gemma-3-1b-it,NVIDIA GeForce RTX 5060 Ti,42,MuSiQue,16,16,164,semantic,86.163,0.0,0.0,0,1,1,53,309,309,50059542528,50059542528,8.615,0.03
google/gemma-3-1b-it,NVIDIA GeForce RTX 5060 Ti,42,MuSiQue,16,16,165,multi-hop,68.3782,0.0,0.0,0,1,1,97,353,353,65331003392,65331003392,8.615,0.03
google/gemma-3-1b-it,NVIDIA GeForce RTX 5060 Ti,42,MuSiQue,16,16,166,multi-hop,48.6528,0.0,0.0,0,1,1,103,359,359,67570761728,67570761728,8.615,0.03
google/gemma-3-1b-it,NVIDIA GeForce RTX 5060 Ti,42,MuSiQue,16,16,167,multi-hop,57.1764,34.0327,0.0,0,0,1,35,291,291,44397232128,44397232128,8.615,0.03
google/gemma-3-1b-it,NVIDIA GeForce RTX 5060 Ti,42,MuSiQue,16,16,168,semantic,34.861,0.0,0.0,0,1,1,111,367,367,70615826432,70615826432,8.615,0.03
google/gemma-3-1b-it,NVIDIA GeForce RTX 5060 Ti,42,MuSiQue,16,16,169,multi-hop,0.0,53.2107,0.0,1,0,1,114,370,370,71775027200,71775027200,8.615,0.03
google/gemma-3-1b-it,NVIDIA GeForce RTX 5060 Ti,42,MuSiQue,16,16,170,multi-hop,50.0989,55.7292,0.0,0,0,1,79,335,335,58838220800,58838220800,8.615,0.03
google/gemma-3-1b-it,NVIDIA GeForce RTX 5060 Ti,42,MuSiQue,16,16,171,multi-hop,72.114,0.0,0.0,0,1,1,43,299,299,46871871488,46871871488,8.615,0.03
google/gemma-3-1b-it,NVIDIA GeForce RTX 5060 Ti,42,MuSiQue,16,16,172,structural,46.9075,53.7103,88.9966,0,0,0,39,295,295,45626163200,45626163200,8.615,0.03
google/gemma-3-1b-it,NVIDIA GeForce RTX 5060 Ti,42,MuSiQue,16,16,173,multi-hop,85.2974,49.7417,40.3991,0,0,0,77,333,333,58137772032,58137772032,8.615,0.03
google/gemma-3-1b-it,NVIDIA GeForce RTX 5060 Ti,42,MuSiQue,16,16,174,semantic,41.5437,0.0,0.0,0,1,1,124,380,380,75707187200,75707187200,8.615,0.03
google/gemma-3-1b-it,NVIDIA GeForce RTX 5060 Ti,42,MuSiQue,16,16,175,multi-hop,26.4424,0.0,0.0,0,1,1,111,367,367,70615826432,70615826432,8.615,0.03
google/gemma-3-1b-it,NVIDIA GeForce RTX 5060 Ti,42,MuSiQue,16,16,176,multi-hop,42.9692,0.0,0.0,0,1,1,90,346,346,62765662208,62765662208,8.615,0.03
google/gemma-3-1b-it,NVIDIA GeForce RTX 5060 Ti,42,MuSiQue,16,16,177,multi-hop,35.4746,0.0,0.0,0,1,1,27,283,283,41989701632,41989701632,8.615,0.03
google/gemma-3-1b-it,NVIDIA GeForce RTX 5060 Ti,42,MuSiQue,16,16,178,structural,29.506,0.0,0.0,0,1,1,143,399,399,83467173888,83467173888,8.615,0.03
google/gemma-3-1b-it,NVIDIA GeForce RTX 5060 Ti,42,MuSiQue,16,16,179,structural,60.611,0.0,0.0,0,1,1,30,286,286,42884661248,42884661248,8.615,0.03
google/gemma-3-1b-it,NVIDIA GeForce RTX 5060 Ti,42,MuSiQue,16,16,180,semantic,30.0887,0.0,0.0,0,1,1,19,275,275,39649280000,39649280000,8.615,0.03
google/gemma-3-1b-it,NVIDIA GeForce RTX 5060 Ti,42,MuSiQue,16,16,181,structural,70.3226,0.0,0.0,0,1,1,90,346,346,62765662208,62765662208,8.615,0.03
google/gemma-3-1b-it,NVIDIA GeForce RTX 5060 Ti,42,MuSiQue,16,16,182,multi-hop,0.0,0.0,0.0,1,1,1,54,310,310,50384076800,50384076800,8.615,0.03
google/gemma-3-1b-it,NVIDIA GeForce RTX 5060 Ti,42,MuSiQue,16,16,183,multi-hop,68.3956,0.0,0.0,0,1,1,110,366,366,70231523328,70231523328,8.615,0.03
google/gemma-3-1b-it,NVIDIA GeForce RTX 5060 Ti,42,MuSiQue,16,16,184,structural,34.5577,0.0,0.0,0,1,1,92,348,348,63493373952,63493373952,8.615,0.03
google/gemma-3-1b-it,NVIDIA GeForce RTX 5060 Ti,42,MuSiQue,16,16,185,multi-hop,72.7889,0.0,0.0,0,1,1,100,356,356,66446163968,66446163968,8.615,0.03
google/gemma-3-1b-it,NVIDIA GeForce RTX 5060 Ti,42,MuSiQue,16,16,186,semantic,53.6934,0.0,0.0,0,1,1,109,365,365,69848268800,69848268800,8.615,0.03
google/gemma-3-1b-it,NVIDIA GeForce RTX 5060 Ti,42,MuSiQue,16,16,187,multi-hop,41.2439,0.0,0.0,0,1,1,66,322,322,54360276992,54360276992,8.615,0.03
google/gemma-3-1b-it,NVIDIA GeForce RTX 5060 Ti,42,MuSiQue,16,16,188,multi-hop,90.7982,0.0,0.0,0,1,1,114,370,370,71775027200,71775027200,8.615,0.03
google/gemma-3-1b-it,NVIDIA GeForce RTX 5060 Ti,42,MuSiQue,16,16,189,structural,53.5567,0.0,0.0,0,1,1,111,367,367,70615826432,70615826432,8.615,0.03
google/gemma-3-1b-it,NVIDIA GeForce RTX 5060 Ti,42,MuSiQue,16,16,190,structural,71.095,0.0,0.0,0,1,1,34,290,290,44092620800,44092620800,8.615,0.03
google/gemma-3-1b-it,NVIDIA GeForce RTX 5060 Ti,42,MuSiQue,16,16,191,structural,89.0384,85.695,0.0,0,0,1,39,295,295,45626163200,45626163200,8.615,0.03
google/gemma-3-1b-it,NVIDIA GeForce RTX 5060 Ti,42,MuSiQue,16,16,192,multi-hop,87.0708,0.0,0.0,0,1,1,116,372,372,72553070592,72553070592,8.615,0.03
google/gemma-3-1b-it,NVIDIA GeForce RTX 5060 Ti,42,MuSiQue,16,16,193,semantic,90.9677,0.0,53.6488,0,1,0,71,327,327,56061591552,56061591552,8.615,0.03
google/gemma-3-1b-it,NVIDIA GeForce RTX 5060 Ti,42,MuSiQue,16,16,194,multi-hop,65.1037,72.8087,0.0,0,0,1,128,384,384,77309411328,77309411328,8.615,0.03
google/gemma-3-1b-it,NVIDIA GeForce RTX 5060 Ti,42,MuSiQue,16,16,195,multi-hop,42.5313,47.3532,41.8259,0,0,0,104,360,360,67947724800,67947724800,8.615,0.03
google/gemma-3-1b-it,NVIDIA GeForce RTX 5060 Ti,42,MuSiQue,16,16,196,multi-hop,44.8386,0.0,0.0,0,1,1,101,357,357,66819981312,66819981312,8.615,0.03
google/gemma-3-1b-it,NVIDIA GeForce RTX 5060 Ti,42,MuSiQue,16,16,197,semantic,39.2338,0.0,0.0,0,1,1,72,328,328,56405000192,56405000192,8.615,0.03
google/gemma-3-1b-it,NVIDIA GeForce RTX 5060 Ti,42,MuSiQue,16,16,198,semantic,0.0,0.0,0.0,1,1,1,91,347,347,63128993792,63128993792,8.615,0.03
google/gemma-3-1b-it,NVIDIA GeForce RTX 5060 Ti,42,MuSiQue,16,16,199,semantic,38.1621,0.0,72.4621,0,1,0,13,269,269,37938003968,37938003968,8.615,0.03
google/gemma-3-1b-it,NVIDIA GeForce RTX 5060 Ti,42,MuSiQue,16,16,200,multi-hop,77.7455,0.0,0.0,0,1,1,121,377,377,74516529152,74516529152,8.615,0.03
google/gemma-3-1b-it,NVIDIA GeForce RTX 5060 Ti,42,MuSiQue,16,16,201,multi-hop,54.9192,0.0,0.0,0,1,1,102,358,358,67194847232,67194847232,8.615,0.03
google/gemma-3-1b-it,NVIDIA GeForce RTX 5060 Ti,42,MuSiQue,16,16,202,semantic,41.4295,0.0,0.0,0,1,1,51,307,307,49413619712,49413619712,8.615,0.03
google/gemma-3-1b-it,NVIDIA GeForce RTX 5060 Ti,42,MuSiQue,16,16,203,semantic,58.5889,0.0,0.0,0,1,1,35,291,291,44397232128,44397232128,8.615,0.03
google/gemma-3-1b-it,NVIDIA GeForce RTX 5060 Ti,42,MuSiQue,16,16,204,multi-hop,51.617,40.0577,0.0,0,0,1,112,368,368,71001178112,71001178112,8.615,0.03
google/gemma-3-1b-it,NVIDIA GeForce RTX 5060 Ti,42,MuSiQue,16,16,205,multi-hop,43.0464,36.2222,40.8762,0,0,0,102,358,358,67194847232,67194847232,8.615,0.03
google/gemma-3-1b-it,NVIDIA GeForce RTX 5060 Ti,42,MuSiQue,16,16,206,multi-hop,39.4045,0.0,0.0,0,1,1,99,355,355,66073395200,66073395200,8.615,0.03
google/gemma-3-1b-it,NVIDIA GeForce RTX 5060 Ti,42,MuSiQue,16,16,207,multi-hop,30.9187,0.0,62.6105,0,1,0,91,347,347,63128993792,63128993792,8.615,0.03
google/gemma-3-1b-it,NVIDIA GeForce RTX 5060 Ti,42,MuSiQue,16,16,208,semantic,29.5464,0.0,0.0,0,1,1,120,376,376,74121740288,74121740288,8.615,0.03
google/gemma-3-1b-it,NVIDIA GeForce RTX 5060 Ti,42,MuSiQue,16,16,209,semantic,61.6964,0.0,61.5883,0,1,0,61,317,317,52685176832,52685176832,8.615,0.03
google/gemma-3-1b-it,NVIDIA GeForce RTX 5060 Ti,42,MuSiQue,16,16,210,multi-hop,86.5484,0.0,0.0,0,1,1,110,366,366,70231523328,70231523328,8.615,0.03
google/gemma-3-1b-it,NVIDIA GeForce RTX 5060 Ti,42,MuSiQue,16,16,211,multi-hop,71.6949,33.7385,64.8835,0,0,0,48,304,304,48452599808,48452599808,8.615,0.03
google/gemma-3-1b-it,NVIDIA GeForce RTX 5060 Ti,42,MuSiQue,16,16,212,semantic,84.2649,0.0,44.451,0,1,0,103,359,359,67570761728,67570761728,8.615,0.03
google/gemma-3-1b-it,NVIDIA GeForce RTX 5060 Ti,42,MuSiQue,16,16,213,structural,62.5602,0.0,0.0,0,1,1,96,352,352,64961380352,64961380352,8.615,0.03
google/gemma-3-1b-it,NVIDIA GeForce RTX 5060 Ti,42,MuSiQue,16,16,214,multi-hop,41.149,0.0,0.0,0,1,1,46,302,302,47817162752,47817162752,8.615,0.03
google/gemma-3-1b-it,NVIDIA GeForce RTX 5060 Ti,42,MuSiQue,16,16,215,multi-hop,72.6481,45.1826,48.9224,0,0,0,2,258,258,34898706432,34898706432,8.615,0.03
google/gemma-3-1b-it,NVIDIA GeForce RTX 5060 Ti,42,MuSiQue,16,16,216,multi-hop,37.0922,0.0,0.0,0,1,1,77,333,333,58137772032,58137772032,8.615,0.03
google/gemma-3-1b-it,NVIDIA GeForce RTX 5060 Ti,42,MuSiQue,16,16,217,semantic,50.5599,0.0,0.0,0,1,1,94,350,350,64225280000,64225280000,8.615,0.03
google/gemma-3-1b-it,NVIDIA GeForce RTX 5060 Ti,42,MuSiQue,16,16,218,semantic,56.5796,0.0,0.0,0,1,1,92,348,348,63493373952,63493373952,8.615,0.03
google/gemma-3-1b-it,NVIDIA GeForce RTX 5060 Ti,42,MuSiQue,16,16,219,structural,61.4681,62.4485,0.0,0,0,1,121,377,377,74516529152,74516529152,8.615,0.03
google/gemma-3-1b-it,NVIDIA GeForce RTX 5060 Ti,42,MuSiQue,16,16,220,multi-hop,0.0,0.0,0.0,1,1,1,103,359,359,67570761728,67570761728,8.615,0.03
google/gemma-3-1b-it,NVIDIA GeForce RTX 5060 Ti,42,MuSiQue,16,16,221,semantic,38.9962,0.0,62.8603,0,1,0,57,313,313,51363971072,51363971072,8.615,0.03
google/gemma-3-1b-it,NVIDIA GeForce RTX 5060 Ti,42,MuSiQue,16,16,222,structural,57.8097,75.8704,69.3387,0,0,0,5,261,261,35715022848,35715022848,8.615,0.03
google/gemma-3-1b-it,NVIDIA GeForce RTX 5060 Ti,42,MuSiQue,16,16,223,multi-hop,71.126,0.0,0.0,0,1,1,33,289,289,43789058048,43789058048,8.615,0.03
google/gemma-3-1b-it,NVIDIA GeForce RTX 5060 Ti,42,MuSiQue,16,16,224,multi-hop,35.472,0.0,0.0,0,1,1,103,359,359,67570761728,67570761728,8.615,0.03
google/gemma-3-1b-it,NVIDIA GeForce RTX 5060 Ti,42,MuSiQue,16,16,225,structural,63.5244,47.7514,52.2627,0,0,0,115,371,371,72163524608,72163524608,8.615,0.03
google/gemma-3-1b-it,NVIDIA GeForce RTX 5060 Ti,42,MuSiQue,16,16,226,semantic,0.0,0.0,0.0,1,1,1,92,348,348,63493373952,63493373952,8.615,0.03
google/gemma-3-1b-it,NVIDIA GeForce RTX 5060 Ti,42,MuSiQue,16,16,227,semantic,57.9454,0.0,0.0,0,1,1,39,295,295,45626163200,45626163200,8.615,0.03
google/gemma-3-1b-it,NVIDIA GeForce RTX 5060 Ti,42,MuSiQue,16,16,228,structural,76.9947,0.0,0.0,0,1,1,137,393,393,80975757312,80975757312,8.615,0.03
google/gemma-3-1b-it,NVIDIA GeForce RTX 5060 Ti,42,MuSiQue,16,16,229,multi-hop,77.2125,0.0,0.0,0,1,1,92,348,348,63493373952,63493373952,8.615,0.03
google/gemma-3-1b-it,NVIDIA GeForce RTX 5060 Ti,42,MuSiQue,16,16,230,structural,57.4441,63.7568,59.694,0,0,0,105,361,361,68325736448,68325736448,8.615,0.03
google/gemma-3-1b-it,NVIDIA GeForce RTX 5060 Ti,42,MuSiQue,16,16,231,semantic,35.3906,0.0,0.0,0,1,1,103,359,359,67570761728,67570761728,8.615,0.03
google/gemma-3-1b-it,NVIDIA GeForce RTX 5060 Ti,42,MuSiQue,16,16,232,structural,42.0167,59.1822,0.0,0,0,1,137,393,393,80975757312,80975757312,8.615,0.03
google/gemma-3-1b-it,NVIDIA GeForce RTX 5060 Ti,42,MuSiQue,16,16,233,structural,58.2712,40.7211,63.416,0,0,0,39,295,295,45626163200,45626163200,8.615,0.03
google/gemma-3-1b-it,NVIDIA GeForce RTX 5060 Ti,42,MuSiQue,16,16,234,semantic,71.4112,0.0,0.0,0,1,1,87,343,343,61681958912,61681958912,8.615,0.03
google/gemma-3-1b-it,NVIDIA GeForce RTX 5060 Ti,42,MuSiQue,16,16,235,multi-hop,0.0,0.0,0.0,1,1,1,39,295,295,45626163200,45626163200,8.615,0.03
google/gemma-3-1b-it,NVIDIA GeForce RTX 5060 Ti,42,MuSiQue,16,16,236,multi-hop,97.6079,0.0,0.0,0,1,1,114,370,370,71775027200,71775027200,8.615,0.03
google/gemma-3-1b-it,NVIDIA GeForce RTX 5060 Ti,42,MuSiQue,16,16,237,structural,86.5744,54.036,0.0,0,0,1,111,367,367,70615826432,70615826432,8.615,0.03
google/gemma-3-1b-it,NVIDIA GeForce RTX 5060 Ti,42,MuSiQue,16,16,238,multi-hop,67.6946,0.0,0.0,0,1,1,108,364,364,69466062848,69466062848,8.615,0.03
google/gemma-3-1b-it,NVIDIA GeForce RTX 5060 Ti,42,MuSiQue,16,16,239,structural,43.577,49.2856,49.5219,0,0,0,96,352,352,64961380352,64961380352,8.615,0.03
google/gemma-3-1b-it,NVIDIA GeForce RTX 5060 Ti,42,MuSiQue,16,16,240,multi-hop,94.5468,0.0,0.0,0,1,1,102,358,358,67194847232,67194847232,8.615,0.03
google/gemma-3-1b-it,NVIDIA GeForce RTX 5060 Ti,42,MuSiQue,16,16,241,multi-hop,56.6075,0.0,0.0,0,1,1,100,356,356,66446163968,66446163968,8.615,0.03
google/gemma-3-1b-it,NVIDIA GeForce RTX 5060 Ti,42,MuSiQue,16,16,242,multi-hop,66.4079,82.0568,0.0,0,0,1,105,361,361,68325736448,68325736448,8.615,0.03
google/gemma-3-1b-it,NVIDIA GeForce RTX 5060 Ti,42,MuSiQue,16,16,243,multi-hop,51.5969,0.0,0.0,0,1,1,108,364,364,69466062848,69466062848,8.615,0.03
google/gemma-3-1b-it,NVIDIA GeForce RTX 5060 Ti,42,MuSiQue,16,16,244,semantic,82.0883,0.0,0.0,0,1,1,77,333,333,58137772032,58137772032,8.615,0.03
google/gemma-3-1b-it,NVIDIA GeForce RTX 5060 Ti,42,MuSiQue,16,16,245,multi-hop,58.8169,68.6618,92.6392,0,0,0,102,358,358,67194847232,67194847232,8.615,0.03
google/gemma-3-1b-it,NVIDIA GeForce RTX 5060 Ti,42,MuSiQue,16,16,246,structural,66.6269,0.0,0.0,0,1,1,113,369,369,71387578368,71387578368,8.615,0.03
google/gemma-3-1b-it,NVIDIA GeForce RTX 5060 Ti,42,MuSiQue,16,16,247,structural,83.1386,0.0,0.0,0,1,1,37,293,293,45009600512,45009600512,8.615,0.03
google/gemma-3-1b-it,NVIDIA GeForce RTX 5060 Ti,42,MuSiQue,16,16,248,semantic,96.107,0.0,0.0,0,1,1,16,272,272,38788923392,38788923392,8.615,0.03
google/gemma-3-1b-it,NVIDIA GeForce RTX 5060 Ti,42,MuSiQue,16,16,249,multi-hop,82.3584,0.0,0.0,0,1,1,110,366,366,70231523328,70231523328,8.615,0.03
google/gemma-3-1b-it,NVIDIA GeForce RTX 5060 Ti,42,MuSiQue,16,16,250,semantic,61.0023,0.0,0.0,0,1,1,99,355,355,66073395200,66073395200,8.615,0.03
google/gemma-3-1b-it,NVIDIA GeForce RTX 5060 Ti,42,MuSiQue,16,16,251,multi-hop,93.5218,0.0,0.0,0,1,1,112,368,368,71001178112,71001178112,8.615,0.03
google/gemma-3-1b-it,NVIDIA GeForce RTX 5060 Ti,42,MuSiQue,16,16,252,multi-hop,70.4711,0.0,0.0,0,1,1,2,258,258,34898706432,34898706432,8.615,0.03
google/gemma-3-1b-it,NVIDIA GeForce RTX 5060 Ti,42,MuSiQue,16,16,253,multi-hop,69.074,0.0,0.0,0,1,1,30,286,286,42884661248,42884661248,8.615,0.03
google/gemma-3-1b-it,NVIDIA GeForce RTX 5060 Ti,42,MuSiQue,16,16,254,multi-hop,50.0802,77.9008,79.331,0,0,0,20,276,276,39938162688,39938162688,8.615,0.03
google/gemma-3-1b-it,NVIDIA GeForce RTX 5060 Ti,42,MuSiQue,16,16,255,multi-hop,33.5887,49.3603,0.0,0,0,1,84,340,340,60607692800,60607692800,8.615,0.03
google/gemma-3-1b-it,NVIDIA GeForce RTX 5060 Ti,42,MuSiQue,16,16,256,multi-hop,76.5139,0.0,75.2029,0,1,0,101,357,357,66819981312,66819981312,8.615,0.03
google/gemma-3-1b-it,NVIDIA GeForce RTX 5060 Ti,42,MuSiQue,16,16,257,semantic,41.9338,0.0,0.0,0,1,1,9,265,265,36818124800,36818124800,8.615,0.03
google/gemma-3-1b-it,NVIDIA GeForce RTX 5060 Ti,42,MuSiQue,16,16,258,multi-hop,74.9384,0.0,0.0,0,1,1,33,289,289,43789058048,43789058048,8.615,0.03
google/gemma-3-1b-it,NVIDIA GeForce RTX 5060 Ti,42,MuSiQue,16,16,259,multi-hop,68.2261,0.0,0.0,0,1,1,132,388,388,78928412672,78928412672,8.615,0.03
google/gemma-3-1b-it,NVIDIA GeForce RTX 5060 Ti,42,MuSiQue,16,16,260,structural,50.6883,0.0,0.0,0,1,1,100,356,356,66446163968,66446163968,8.615,0.03
google/gemma-3-1b-it,NVIDIA GeForce RTX 5060 Ti,42,MuSiQue,16,16,261,semantic,51.1725,0.0,0.0,0,1,1,141,397,397,82632507392,82632507392,8.615,0.03
google/gemma-3-1b-it,NVIDIA GeForce RTX 5060 Ti,42,MuSiQue,16,16,262,multi-hop,60.4299,61.0208,58.1466,0,0,0,121,377,377,74516529152,74516529152,8.615,0.03
google/gemma-3-1b-it,NVIDIA GeForce RTX 5060 Ti,42,MuSiQue,16,16,263,semantic,67.4365,0.0,0.0,0,1,1,46,302,302,47817162752,47817162752,8.615,0.03
google/gemma-3-1b-it,NVIDIA GeForce RTX 5060 Ti,42,MuSiQue,16,16,264,semantic,69.4828,0.0,0.0,0,1,1,19,275,275,39649280000,39649280000,8.615,0.03
google/gemma-3-1b-it,NVIDIA GeForce RTX 5060 Ti,42,MuSiQue,16,16,265,semantic,83.5875,0.0,0.0,0,1,1,92,348,348,63493373952,63493373952,8.615,0.03
google/gemma-3-1b-it,NVIDIA GeForce RTX 5060 Ti,42,MuSiQue,16,16,266,semantic,85.1612,0.0,0.0,0,1,1,104,360,360,67947724800,67947724800,8.615,0.03
google/gemma-3-1b-it,NVIDIA GeForce RTX 5060 Ti,42,MuSiQue,16,16,267,structural,77.0586,0.0,0.0,0,1,1,60,316,316,52353302528,52353302528,8.615,0.03
google/gemma-3-1b-it,NVIDIA GeForce RTX 5060 Ti,42,MuSiQue,16,16,268,structural,81.964,80.7649,85.5011,0,0,0,104,360,360,67947724800,67947724800,8.615,0.03
google/gemma-3-1b-it,NVIDIA GeForce RTX 5060 Ti,42,MuSiQue,16,16,269,semantic,81.1503,0.0,0.0,0,1,1,116,372,372,72553070592,72553070592,8.615,0.03
google/gemma-3-1b-it,NVIDIA GeForce RTX 5060 Ti,42,MuSiQue,16,16,270,multi-hop,89.3089,0.0,0.0,0,1,1,99,355,355,66073395200,66073395200,8.615,0.03
google/gemma-3-1b-it,NVIDIA GeForce RTX 5060 Ti,42,MuSiQue,16,16,271,multi-hop,76.8083,0.0,0.0,0,1,1,103,359,359,67570761728,67570761728,8.615,0.03
google/gemma-3-1b-it,NVIDIA GeForce RTX 5060 Ti,42,MuSiQue,16,16,272,semantic,69.2047,0.0,62.2322,0,1,0,86,342,342,61322821632,61322821632,8.615,0.03
google/gemma-3-1b-it,NVIDIA GeForce RTX 5060 Ti,42,MuSiQue,16,16,273,multi-hop,40.9576,0.0,0.0,0,1,1,60,316,316,52353302528,52353302528,8.615,0.03
google/gemma-3-1b-it,NVIDIA GeForce RTX 5060 Ti,42,MuSiQue,16,16,274,multi-hop,61.684,59.395,67.3786,0,0,0,106,362,362,68704796672,68704796672,8.615,0.03
google/gemma-3-1b-it,NVIDIA GeForce RTX 5060 Ti,42,MuSiQue,16,16,275,multi-hop,43.2863,0.0,0.0,0,1,1,103,359,359,67570761728,67570761728,8.615,0.03
google/gemma-3-1b-it,NVIDIA GeForce RTX 5060 Ti,42,MuSiQue,16,16,276,multi-hop,60.8172,0.0,0.0,0,1,1,87,343,343,61681958912,61681958912,8.615,0.03
google/gemma-3-1b-it,NVIDIA GeForce RTX 5060 Ti,42,MuSiQue,16,16,277,structural,35.6003,0.0,0.0,0,1,1,67,323,323,54698442752,54698442752,8.615,0.03
google/gemma-3-1b-it,NVIDIA GeForce RTX 5060 Ti,42,MuSiQue,16,16,278,multi-hop,38.5258,85.8667,0.0,0,0,1,88,344,344,62042144768,62042144768,8.615,0.03
google/gemma-3-1b-it,NVIDIA GeForce RTX 5060 Ti,42,MuSiQue,16,16,279,structural,36.5491,27.9853,38.8799,0,0,0,119,375,375,73728000000,73728000000,8.615,0.03
google/gemma-3-1b-it,NVIDIA GeForce RTX 5060 Ti,42,MuSiQue,16,16,280,multi-hop,42.8322,27.3706,26.7731,0,0,0,103,359,359,67570761728,67570761728,8.615,0.03
google/gemma-3-1b-it,NVIDIA GeForce RTX 5060 Ti,42,MuSiQue,16,16,281,semantic,55.9247,0.0,0.0,0,1,1,72,328,328,56405000192,56405000192,8.615,0.03
google/gemma-3-1b-it,NVIDIA GeForce RTX 5060 Ti,42,MuSiQue,16,16,282,semantic,49.7901,0.0,0.0,0,1,1,4,260,260,35441868800,35441868800,8.615,0.03
google/gemma-3-1b-it,NVIDIA GeForce RTX 5060 Ti,42,MuSiQue,16,16,283,structural,37.6487,28.9465,80.0489,0,0,0,72,328,328,56405000192,56405000192,8.615,0.03
google/gemma-3-1b-it,NVIDIA GeForce RTX 5060 Ti,42,MuSiQue,16,16,284,multi-hop,90.5667,0.0,87.0916,0,1,0,88,344,344,62042144768,62042144768,8.615,0.03
google/gemma-3-1b-it,NVIDIA GeForce RTX 5060 Ti,42,MuSiQue,16,16,285,structural,72.5893,0.0,0.0,0,1,1,103,359,359,67570761728,67570761728,8.615,0.03
google/gemma-3-1b-it,NVIDIA GeForce RTX 5060 Ti,42,MuSiQue,16,16,286,multi-hop,28.8159,0.0,0.0,0,1,1,111,367,367,70615826432,70615826432,8.615,0.03
google/gemma-3-1b-it,NVIDIA GeForce RTX 5060 Ti,42,MuSiQue,16,16,287,structural,50.97,30.7801,74.895,0,0,0,93,349,349,63858802688,63858802688,8.615,0.03
google/gemma-3-1b-it,NVIDIA GeForce RTX 5060 Ti,42,MuSiQue,16,16,288,multi-hop,28.2493,0.0,0.0,0,1,1,110,366,366,70231523328,70231523328,8.615,0.03
google/gemma-3-1b-it,NVIDIA GeForce RTX 5060 Ti,42,MuSiQue,16,16,289,multi-hop,84.3968,0.0,0.0,0,1,1,62,318,318,53018099712,53018099712,8.615,0.03
google/gemma-3-1b-it,NVIDIA GeForce RTX 5060 Ti,42,MuSiQue,16,16,290,semantic,48.9176,0.0,0.0,0,1,1,115,371,371,72163524608,72163524608,8.615,0.03
google/gemma-3-1b-it,NVIDIA GeForce RTX 5060 Ti,42,MuSiQue,16,16,291,multi-hop,54.7868,0.0,0.0,0,1,1,7,263,263,36264476672,36264476672,8.615,0.03
google/gemma-3-1b-it,NVIDIA GeForce RTX 5060 Ti,42,MuSiQue,16,16,292,multi-hop,76.6439,0.0,40.8969,0,1,0,86,342,342,61322821632,61322821632,8.615,0.03
google/gemma-3-1b-it,NVIDIA GeForce RTX 5060 Ti,42,MuSiQue,16,16,293,multi-hop,0.0,69.1984,0.0,1,0,1,96,352,352,64961380352,64961380352,8.615,0.03
google/gemma-3-1b-it,NVIDIA GeForce RTX 5060 Ti,42,MuSiQue,16,16,294,multi-hop,26.4871,90.4027,52.0807,0,0,0,111,367,367,70615826432,70615826432,8.615,0.03
google/gemma-3-1b-it,NVIDIA GeForce RTX 5060 Ti,42,MuSiQue,16,16,295,semantic,45.0593,0.0,0.0,0,1,1,105,361,361,68325736448,68325736448,8.615,0.03
google/gemma-3-1b-it,NVIDIA GeForce RTX 5060 Ti,42,MuSiQue,16,16,296,multi-hop,58.4778,54.8731,58.5222,0,0,0,148,404,404,85572190208,85572190208,8.615,0.03
google/gemma-3-1b-it,NVIDIA GeForce RTX 5060 Ti,42,MuSiQue,16,16,297,multi-hop,82.6317,67.8245,44.0046,0,0,0,77,333,333,58137772032,58137772032,8.615,0.03
google/gemma-3-1b-it,NVIDIA GeForce RTX 5060 Ti,42,MuSiQue,16,16,298,structural,44.4208,0.0,0.0,0,1,1,94,350,350,64225280000,64225280000,8.615,0.03
google/gemma-3-1b-it,NVIDIA GeForce RTX 5060 Ti,42,MuSiQue,16,16,299,semantic,80.3786,0.0,0.0,0,1,1,65,321,321,54023159808,54023159808,8.615,0.03
google/gemma-3-1b-it,NVIDIA GeForce RTX 5060 Ti,42,MuSiQue,16,16,300,multi-hop,62.9163,0.0,0.0,0,1,1,120,376,376,74121740288,74121740288,8.615,0.03
google/gemma-3-1b-it,NVIDIA GeForce RTX 5060 Ti,42,MuSiQue,16,16,301,multi-hop,71.8957,28.8793,30.6336,0,0,0,131,387,387,78522089472,78522089472,8.615,0.03
google/gemma-3-1b-it,NVIDIA GeForce RTX 5060 Ti,42,MuSiQue,16,16,302,structural,39.1755,85.4833,0.0,0,0,1,88,344,344,62042144768,62042144768,8.615,0.03
google/gemma-3-1b-it,NVIDIA GeForce RTX 5060 Ti,42,MuSiQue,16,16,303,semantic,36.3612,0.0,0.0,0,1,1,132,388,388,78928412672,78928412672,8.615,0.03
google/gemma-3-1b-it,NVIDIA GeForce RTX 5060 Ti,42,MuSiQue,16,16,304,multi-hop,32.4544,0.0,0.0,0,1,1,88,344,344,62042144768,62042144768,8.615,0.03
google/gemma-3-1b-it,NVIDIA GeForce RTX 5060 Ti,42,MuSiQue,16,16,305,multi-hop,66.7786,0.0,0.0,0,1,1,101,357,357,66819981312,66819981312,8.615,0.03
google/gemma-3-1b-it,NVIDIA GeForce RTX 5060 Ti,42,MuSiQue,16,16,306,semantic,78.0699,0.0,0.0,0,1,1,121,377,377,74516529152,74516529152,8.615,0.03
google/gemma-3-1b-it,NVIDIA GeForce RTX 5060 Ti,42,MuSiQue,16,16,307,semantic,69.6988,0.0,56.2786,0,1,0,91,347,347,63128993792,63128993792,8.615,0.03
google/gemma-3-1b-it,NVIDIA GeForce RTX 5060 Ti,42,MuSiQue,16,16,308,multi-hop,67.5648,0.0,0.0,0,1,1,43,299,299,46871871488,46871871488,8.615,0.03
google/gemma-3-1b-it,NVIDIA GeForce RTX 5060 Ti,42,MuSiQue,16,16,309,multi-hop,66.6598,0.0,0.0,0,1,1,101,357,357,66819981312,66819981312,8.615,0.03
google/gemma-3-1b-it,NVIDIA GeForce RTX 5060 Ti,42,MuSiQue,16,16,310,structural,80.4995,0.0,72.4942,0,1,0,96,352,352,64961380352,64961380352,8.615,0.03
google/gemma-3-1b-it,NVIDIA GeForce RTX 5060 Ti,42,MuSiQue,16,16,311,multi-hop,60.3328,57.5038,0.0,0,0,1,111,367,367,70615826432,70615826432,8.615,0.03
google/gemma-3-1b-it,NVIDIA GeForce RTX 5060 Ti,42,MuSiQue,16,16,312,multi-hop,38.8279,90.4337,60.9712,0,0,0,13,269,269,37938003968,37938003968,8.615,0.03
google/gemma-3-1b-it,NVIDIA GeForce RTX 5060 Ti,42,MuSiQue,16,16,313,structural,54.6298,31.9904,32.2234,0,0,0,110,366,366,70231523328,70231523328,8.615,0.03
google/gemma-3-1b-it,NVIDIA GeForce RTX 5060 Ti,42,MuSiQue,16,16,314,structural,70.5234,38.3212,56.6679,0,0,0,46,302,302,47817162752,47817162752,8.615,0.03
google/gemma-3-1b-it,NVIDIA GeForce RTX 5060 Ti,42,MuSiQue,16,16,315,multi-hop,38.6751,54.6761,48.5423,0,0,0,12,268,268,37656461312,37656461312,8.615,0.03
google/gemma-3-1b-it,NVIDIA GeForce RTX 5060 Ti,42,MuSiQue,16,16,316,semantic,46.8379,0.0,0.0,0,1,1,5,261,261,35715022848,35715022848,8.615,0.03
google/gemma-3-1b-it,NVIDIA GeForce RTX 5060 Ti,42,MuSiQue,16,16,317,multi-hop,38.172,0.0,0.0,0,1,1,101,357,357,66819981312,66819981312,8.615,0.03
google/gemma-3-1b-it,NVIDIA GeForce RTX 5060 Ti,42,MuSiQue,16,16,318,multi-hop,33.0532,0.0,0.0,0,1,1,124,380,380,75707187200,75707187200,8.615,0.03
google/gemma-3-1b-it,NVIDIA GeForce RTX 5060 Ti,42,MuSiQue,16,16,319,semantic,55.8605,0.0,0.0,0,1,1,106,362,362,68704796672,68704796672,8.615,0.03
google/gemma-3-1b-it,NVIDIA GeForce RTX 5060 Ti,42,MuSiQue,16,16,320,multi-hop,55.1498,0.0,0.0,0,1,1,103,359,359,67570761728,67570761728,8.615,0.03
google/gemma-3-1b-it,NVIDIA GeForce RTX 5060 Ti,42,MuSiQue,16,16,321,multi-hop,30.8773,0.0,0.0,0,1,1,104,360,360,67947724800,67947724800,8.615,0.03
google/gemma-3-1b-it,NVIDIA GeForce RTX 5060 Ti,42,MuSiQue,16,16,322,multi-hop,44.4747,37.2596,0.0,0,0,1,111,367,367,70615826432,70615826432,8.615,0.03
google/gemma-3-1b-it,NVIDIA GeForce RTX 5060 Ti,42,MuSiQue,16,16,323,structural,0.0,0.0,0.0,1,1,1,129,385,385,77712588800,77712588800,8.615,0.03
google/gemma-3-1b-it,NVIDIA GeForce RTX 5060 Ti,42,MuSiQue,16,16,324,semantic,31.9294,0.0,0.0,0,1,1,112,368,368,71001178112,71001178112,8.615,0.03
google/gemma-3-1b-it,NVIDIA GeForce RTX 5060 Ti,42,MuSiQue,16,16,325,semantic,92.4613,0.0,0.0,0,1,1,119,375,375,73728000000,73728000000,8.615,0.03
google/gemma-3-1b-it,NVIDIA GeForce RTX 5060 Ti,42,MuSiQue,16,16,326,multi-hop,32.2546,30.9473,0.0,0,0,1,71,327,327,56061591552,56061591552,8.615,0.03
google/gemma-3-1b-it,NVIDIA GeForce RTX 5060 Ti,42,MuSiQue,16,16,327,structural,75.4863,0.0,0.0,0,1,1,121,377,377,74516529152,74516529152,8.615,0.03
google/gemma-3-1b-it,NVIDIA GeForce RTX 5060 Ti,42,MuSiQue,16,16,328,multi-hop,31.685,0.0,0.0,0,1,1,40,296,296,45936017408,45936017408,8.615,0.03
google/gemma-3-1b-it,NVIDIA GeForce RTX 5060 Ti,42,MuSiQue,16,16,329,multi-hop,32.866,55.096,0.0,0,0,1,20,276,276,39938162688,39938162688,8.615,0.03
google/gemma-3-1b-it,NVIDIA GeForce RTX 5060 Ti,42,MuSiQue,16,16,330,structural,53.7176,0.0,0.0,0,1,1,96,352,352,64961380352,64961380352,8.615,0.03
google/gemma-3-1b-it,NVIDIA GeForce RTX 5060 Ti,42,MuSiQue,16,16,331,multi-hop,40.3774,0.0,0.0,0,1,1,104,360,360,67947724800,67947724800,8.615,0.03
google/gemma-3-1b-it,NVIDIA GeForce RTX 5060 Ti,42,MuSiQue,16,16,332,multi-hop,86.4159,0.0,0.0,0,1,1,73,329,329,56749457408,56749457408,8.615,0.03
google/gemma-3-1b-it,NVIDIA GeForce RTX 5060 Ti,42,MuSiQue,16,16,333,semantic,103.8282,0.0,0.0,0,1,1,114,370,370,71775027200,71775027200,8.615,0.03
google/gemma-3-1b-it,NVIDIA GeForce RTX 5060 Ti,42,MuSiQue,16,16,334,semantic,92.8989,0.0,0.0,0,1,1,170,426,426,95145689088,95145689088,8.615,0.03
google/gemma-3-1b-it,NVIDIA GeForce RTX 5060 Ti,42,MuSiQue,16,16,335,multi-hop,58.01,0.0,0.0,0,1,1,14,270,270,38220595200,38220595200,8.615,0.03
google/gemma-3-1b-it,NVIDIA GeForce RTX 5060 Ti,42,MuSiQue,16,16,336,multi-hop,84.8027,0.0,0.0,0,1,1,118,374,374,73335308288,73335308288,8.615,0.03
google/gemma-3-1b-it,NVIDIA GeForce RTX 5060 Ti,42,MuSiQue,16,16,337,structural,39.8143,98.8822,0.0,0,0,1,4,260,260,35441868800,35441868800,8.615,0.03
google/gemma-3-1b-it,NVIDIA GeForce RTX 5060 Ti,42,MuSiQue,16,16,338,multi-hop,90.3563,0.0,0.0,0,1,1,87,343,343,61681958912,61681958912,8.615,0.03
google/gemma-3-1b-it,NVIDIA GeForce RTX 5060 Ti,42,MuSiQue,16,16,339,multi-hop,64.0901,0.0,0.0,0,1,1,114,370,370,71775027200,71775027200,8.615,0.03
google/gemma-3-1b-it,NVIDIA GeForce RTX 5060 Ti,42,MuSiQue,16,16,340,semantic,36.7673,0.0,44.5451,0,1,0,26,282,282,41693478912,41693478912,8.615,0.03
google/gemma-3-1b-it,NVIDIA GeForce RTX 5060 Ti,42,MuSiQue,16,16,341,semantic,0.0,0.0,0.0,1,1,1,25,281,281,41398304768,41398304768,8.615,0.03
google/gemma-3-1b-it,NVIDIA GeForce RTX 5060 Ti,42,MuSiQue,16,16,342,multi-hop,78.9518,0.0,28.3039,0,1,0,4,260,260,35441868800,35441868800,8.615,0.03
google/gemma-3-1b-it,NVIDIA GeForce RTX 5060 Ti,42,MuSiQue,16,16,343,structural,35.1701,81.7554,0.0,0,0,1,110,366,366,70231523328,70231523328,8.615,0.03
google/gemma-3-1b-it,NVIDIA GeForce RTX 5060 Ti,42,MuSiQue,16,16,344,multi-hop,28.3562,54.7673,29.9322,0,0,0,2,258,258,34898706432,34898706432,8.615,0.03
google/gemma-3-1b-it,NVIDIA GeForce RTX 5060 Ti,42,MuSiQue,16,16,345,semantic,39.231,0.0,0.0,0,1,1,115,371,371,72163524608,72163524608,8.615,0.03
google/gemma-3-1b-it,NVIDIA GeForce RTX 5060 Ti,42,MuSiQue,16,16,346,semantic,40.6047,0.0,0.0,0,1,1,115,371,371,72163524608,72163524608,8.615,0.03
google/gemma-3-1b-it,NVIDIA GeForce RTX 5060 Ti,42,MuSiQue,16,16,347,structural,70.757,39.575,24.5928,0,0,0,92,348,348,63493373952,63493373952,8.615,0.03
google/gemma-3-1b-it,NVIDIA GeForce RTX 5060 Ti,42,MuSiQue,16,16,348,structural,72.0912,44.4472,84.8511,0,0,0,89,345,345,62403379200,62403379200,8.615,0.03
google/gemma-3-1b-it,NVIDIA GeForce RTX 5060 Ti,42,MuSiQue,16,16,349,semantic,0.0,0.0,0.0,1,1,1,115,371,371,72163524608,72163524608,8.615,0.03
google/gemma-3-1b-it,NVIDIA GeForce RTX 5060 Ti,42,MuSiQue,16,16,350,semantic,71.0436,0.0,0.0,0,1,1,100,356,356,66446163968,66446163968,8.615,0.03
google/gemma-3-1b-it,NVIDIA GeForce RTX 5060 Ti,42,MuSiQue,16,16,351,multi-hop,43.1617,78.9597,27.615,0,0,0,110,366,366,70231523328,70231523328,8.615,0.03
google/gemma-3-1b-it,NVIDIA GeForce RTX 5060 Ti,42,MuSiQue,16,16,352,structural,54.4741,0.0,0.0,0,1,1,90,346,346,62765662208,62765662208,8.615,0.03
google/gemma-3-1b-it,NVIDIA GeForce RTX 5060 Ti,42,MuSiQue,16,16,353,semantic,40.6951,0.0,0.0,0,1,1,72,328,328,56405000192,56405000192,8.615,0.03
google/gemma-3-1b-it,NVIDIA GeForce RTX 5060 Ti,42,MuSiQue,16,16,354,semantic,71.2555,0.0,0.0,0,1,1,33,289,289,43789058048,43789058048,8.615,0.03
google/gemma-3-1b-it,NVIDIA GeForce RTX 5060 Ti,42,MuSiQue,16,16,355,semantic,62.1469,53.4572,0.0,0,0,1,99,355,355,66073395200,66073395200,8.615,0.03
google/gemma-3-1b-it,NVIDIA GeForce RTX 5060 Ti,42,MuSiQue,16,16,356,multi-hop,32.4857,27.985,34.8704,0,0,0,123,379,379,75309252608,75309252608,8.615,0.03
google/gemma-3-1b-it,NVIDIA GeForce RTX 5060 Ti,42,MuSiQue,16,16,357,structural,29.108,0.0,0.0,0,1,1,95,351,351,64592805888,64592805888,8.615,0.03
google/gemma-3-1b-it,NVIDIA GeForce RTX 5060 Ti,42,MuSiQue,16,16,358,multi-hop,28.327,47.2917,0.0,0,0,1,102,358,358,67194847232,67194847232,8.615,0.03
google/gemma-3-1b-it,NVIDIA GeForce RTX 5060 Ti,42,MuSiQue,16,16,359,structural,67.6936,31.0807,49.6053,0,0,0,107,363,363,69084905472,69084905472,8.615,0.03
google/gemma-3-1b-it,NVIDIA GeForce RTX 5060 Ti,42,MuSiQue,16,16,360,structural,97.1902,29.8773,0.0,0,0,1,57,313,313,51363971072,51363971072,8.615,0.03
google/gemma-3-1b-it,NVIDIA GeForce RTX 5060 Ti,42,MuSiQue,16,16,361,semantic,74.6879,0.0,0.0,0,1,1,121,377,377,74516529152,74516529152,8.615,0.03
google/gemma-3-1b-it,NVIDIA GeForce RTX 5060 Ti,42,MuSiQue,16,16,362,multi-hop,63.8054,0.0,0.0,0,1,1,110,366,366,70231523328,70231523328,8.615,0.03
google/gemma-3-1b-it,NVIDIA GeForce RTX 5060 Ti,42,MuSiQue,16,16,363,structural,27.1403,91.3907,0.0,0,0,1,132,388,388,78928412672,78928412672,8.615,0.03
google/gemma-3-1b-it,NVIDIA GeForce RTX 5060 Ti,42,MuSiQue,16,16,364,semantic,51.5875,0.0,0.0,0,1,1,12,268,268,37656461312,37656461312,8.615,0.03
google/gemma-3-1b-it,NVIDIA GeForce RTX 5060 Ti,42,MuSiQue,16,16,365,semantic,33.5058,0.0,0.0,0,1,1,109,365,365,69848268800,69848268800,8.615,0.03
google/gemma-3-1b-it,NVIDIA GeForce RTX 5060 Ti,42,MuSiQue,16,16,366,multi-hop,67.2364,0.0,0.0,0,1,1,3,259,259,35169763328,35169763328,8.615,0.03
google/gemma-3-1b-it,NVIDIA GeForce RTX 5060 Ti,42,MuSiQue,16,16,367,semantic,90.3366,0.0,0.0,0,1,1,88,344,344,62042144768,62042144768,8.615,0.03
google/gemma-3-1b-it,NVIDIA GeForce RTX 5060 Ti,42,MuSiQue,16,16,368,semantic,50.9192,0.0,0.0,0,1,1,15,271,271,38504235008,38504235008,8.615,0.03
google/gemma-3-1b-it,NVIDIA GeForce RTX 5060 Ti,42,MuSiQue,16,16,369,semantic,71.9083,0.0,0.0,0,1,1,97,353,353,65331003392,65331003392,8.615,0.03
google/gemma-3-1b-it,NVIDIA GeForce RTX 5060 Ti,42,MuSiQue,16,16,370,multi-hop,34.3788,0.0,31.6432,0,1,0,101,357,357,66819981312,66819981312,8.615,0.03
google/gemma-3-1b-it,NVIDIA GeForce RTX 5060 Ti,42,MuSiQue,16,16,371,semantic,35.0889,0.0,37.804,0,1,0,84,340,340,60607692800,60607692800,8.615,0.03
google/gemma-3-1b-it,NVIDIA GeForce RTX 5060 Ti,42,MuSiQue,16,16,372,multi-hop,62.516,0.0,0.0,0,1,1,114,370,370,71775027200,71775027200,8.615,0.03
google/gemma-3-1b-it,NVIDIA GeForce RTX 5060 Ti,42,MuSiQue,16,16,373,multi-hop,30.3972,0.0,0.0,0,1,1,112,368,368,71001178112,71001178112,8.615,0.03
google/gemma-3-1b-it,NVIDIA GeForce RTX 5060 Ti,42,MuSiQue,16,16,374,structural,28.9478,48.1307,0.0,0,0,1,45,301,301,47501017088,47501017088,8.615,0.03
google/gemma-3-1b-it,NVIDIA GeForce RTX 5060 Ti,42,MuSiQue,16,16,375,structural,29.1749,64.0754,35.1,0,0,0,39,295,295,45626163200,45626163200,8.615,0.03
google/gemma-3-1b-it,NVIDIA GeForce RTX 5060 Ti,42,MuSiQue,16,16,376,multi-hop,33.267,45.8693,0.0,0,0,1,109,365,365,69848268800,69848268800,8.615,0.03
google/gemma-3-1b-it,NVIDIA GeForce RTX 5060 Ti,42,MuSiQue,16,16,377,structural,33.6165,0.0,0.0,0,1,1,105,361,361,68325736448,68325736448,8.615,0.03
google/gemma-3-1b-it,NVIDIA GeForce RTX 5060 Ti,42,MuSiQue,16,16,378,multi-hop,53.7168,39.9398,35.7578,0,0,0,97,353,353,65331003392,65331003392,8.615,0.03
google/gemma-3-1b-it,NVIDIA GeForce RTX 5060 Ti,42,MuSiQue,16,16,379,structural,60.3079,0.0,0.0,0,1,1,91,347,347,63128993792,63128993792,8.615,0.03
google/gemma-3-1b-it,NVIDIA GeForce RTX 5060 Ti,42,MuSiQue,16,16,380,semantic,42.6377,0.0,0.0,0,1,1,123,379,379,75309252608,75309252608,8.615,0.03
google/gemma-3-1b-it,NVIDIA GeForce RTX 5060 Ti,42,MuSiQue,16,16,381,structural,61.3333,35.6155,0.0,0,0,1,123,379,379,75309252608,75309252608,8.615,0.03
google/gemma-3-1b-it,NVIDIA GeForce RTX 5060 Ti,42,MuSiQue,16,16,382,semantic,35.2092,0.0,0.0,0,1,1,110,366,366,70231523328,70231523328,8.615,0.03
google/gemma-3-1b-it,NVIDIA GeForce RTX 5060 Ti,42,MuSiQue,16,16,383,multi-hop,56.2259,0.0,0.0,0,1,1,90,346,346,62765662208,62765662208,8.615,0.03
google/gemma-3-1b-it,NVIDIA GeForce RTX 5060 Ti,42,MuSiQue,16,16,384,structural,46.2079,38.3611,28.2454,0,0,0,71,327,327,56061591552,56061591552,8.615,0.03
google/gemma-3-1b-it,NVIDIA GeForce RTX 5060 Ti,42,MuSiQue,16,16,385,multi-hop,39.1738,35.4479,0.0,0,0,1,5,261,261,35715022848,35715022848,8.615,0.03
google/gemma-3-1b-it,NVIDIA GeForce RTX 5060 Ti,42,MuSiQue,16,16,386,semantic,36.6261,0.0,0.0,0,1,1,114,370,370,71775027200,71775027200,8.615,0.03
google/gemma-3-1b-it,NVIDIA GeForce RTX 5060 Ti,42,MuSiQue,16,16,387,semantic,49.1824,0.0,0.0,0,1,1,95,351,351,64592805888,64592805888,8.615,0.03
google/gemma-3-1b-it,NVIDIA GeForce RTX 5060 Ti,42,MuSiQue,16,16,388,multi-hop,29.2314,0.0,0.0,0,1,1,98,354,354,65701675008,65701675008,8.615,0.03
google/gemma-3-1b-it,NVIDIA GeForce RTX 5060 Ti,42,MuSiQue,16,16,389,semantic,50.479,0.0,0.0,0,1,1,92,348,348,63493373952,63493373952,8.615,0.03
google/gemma-3-1b-it,NVIDIA GeForce RTX 5060 Ti,42,MuSiQue,16,16,390,multi-hop,51.6449,0.0,0.0,0,1,1,113,369,369,71387578368,71387578368,8.615,0.03
google/gemma-3-1b-it,NVIDIA GeForce RTX 5060 Ti,42,MuSiQue,16,16,391,multi-hop,72.8797,0.0,0.0,0,1,1,13,269,269,37938003968,37938003968,8.615,0.03
google/gemma-3-1b-it,NVIDIA GeForce RTX 5060 Ti,42,MuSiQue,16,16,392,multi-hop,28.2765,0.0,0.0,0,1,1,45,301,301,47501017088,47501017088,8.615,0.03
google/gemma-3-1b-it,NVIDIA GeForce RTX 5060 Ti,42,MuSiQue,16,16,393,semantic,37.1598,0.0,0.0,0,1,1,110,366,366,70231523328,70231523328,8.615,0.03
google/gemma-3-1b-it,NVIDIA GeForce RTX 5060 Ti,42,MuSiQue,16,16,394,multi-hop,77.0166,46.8953,0.0,0,0,1,5,261,261,35715022848,35715022848,8.615,0.03
google/gemma-3-1b-it,NVIDIA GeForce RTX 5060 Ti,42,MuSiQue,16,16,395,multi-hop,27.1312,51.6046,27.8579,0,0,0,129,385,385,77712588800,77712588800,8.615,0.03
google/gemma-3-1b-it,NVIDIA GeForce RTX 5060 Ti,42,MuSiQue,16,16,396,multi-hop,48.627,0.0,0.0,0,1,1,4,260,260,35441868800,35441868800,8.615,0.03
google/gemma-3-1b-it,NVIDIA GeForce RTX 5060 Ti,42,MuSiQue,16,16,397,structural,65.8103,0.0,0.0,0,1,1,116,372,372,72553070592,72553070592,8.615,0.03
google/gemma-3-1b-it,NVIDIA GeForce RTX 5060 Ti,42,MuSiQue,16,16,398,multi-hop,70.3592,66.8019,0.0,0,0,1,101,357,357,66819981312,66819981312,8.615,0.03
google/gemma-3-1b-it,NVIDIA GeForce RTX 5060 Ti,42,MuSiQue,16,16,399,multi-hop,0.0,0.0,0.0,1,1,1,2,258,258,34898706432,34898706432,8.615,0.03
google/gemma-3-1b-it,NVIDIA GeForce RTX 5060 Ti,42,MuSiQue,16,16,400,multi-hop,84.9658,0.0,0.0,0,1,1,62,318,318,53018099712,53018099712,8.615,0.03
google/gemma-3-1b-it,NVIDIA GeForce RTX 5060 Ti,42,MuSiQue,16,16,401,structural,105.6604,43.7438,64.0384,0,0,0,43,299,299,46871871488,46871871488,8.615,0.03
google/gemma-3-1b-it,NVIDIA GeForce RTX 5060 Ti,42,MuSiQue,16,16,402,semantic,34.5953,0.0,0.0,0,1,1,89,345,345,62403379200,62403379200,8.615,0.03
google/gemma-3-1b-it,NVIDIA GeForce RTX 5060 Ti,42,MuSiQue,16,16,403,multi-hop,38.7284,85.1154,47.3845,0,0,0,115,371,371,72163524608,72163524608,8.615,0.03
google/gemma-3-1b-it,NVIDIA GeForce RTX 5060 Ti,42,MuSiQue,16,16,404,semantic,42.9387,0.0,0.0,0,1,1,23,279,279,40811102208,40811102208,8.615,0.03
google/gemma-3-1b-it,NVIDIA GeForce RTX 5060 Ti,42,MuSiQue,16,16,405,structural,38.4264,28.5341,28.2448,0,0,0,20,276,276,39938162688,39938162688,8.615,0.03
google/gemma-3-1b-it,NVIDIA GeForce RTX 5060 Ti,42,MuSiQue,16,16,406,semantic,70.2005,0.0,0.0,0,1,1,108,364,364,69466062848,69466062848,8.615,0.03
google/gemma-3-1b-it,NVIDIA GeForce RTX 5060 Ti,42,MuSiQue,16,16,407,multi-hop,40.9833,38.7649,0.0,0,0,1,121,377,377,74516529152,74516529152,8.615,0.03
google/gemma-3-1b-it,NVIDIA GeForce RTX 5060 Ti,42,MuSiQue,16,16,408,multi-hop,51.6377,0.0,0.0,0,1,1,121,377,377,74516529152,74516529152,8.615,0.03
google/gemma-3-1b-it,NVIDIA GeForce RTX 5060 Ti,42,MuSiQue,16,16,409,semantic,31.0797,0.0,38.2667,0,1,0,58,314,314,51692699648,51692699648,8.615,0.03
google/gemma-3-1b-it,NVIDIA GeForce RTX 5060 Ti,42,MuSiQue,16,16,410,multi-hop,34.912,0.0,0.0,0,1,1,129,385,385,77712588800,77712588800,8.615,0.03
google/gemma-3-1b-it,NVIDIA GeForce RTX 5060 Ti,42,MuSiQue,16,16,411,structural,30.6024,33.8936,0.0,0,0,1,19,275,275,39649280000,39649280000,8.615,0.03
google/gemma-3-1b-it,NVIDIA GeForce RTX 5060 Ti,42,MuSiQue,16,16,412,multi-hop,30.6961,0.0,0.0,0,1,1,136,392,392,80564191232,80564191232,8.615,0.03
google/gemma-3-1b-it,NVIDIA GeForce RTX 5060 Ti,42,MuSiQue,16,16,413,multi-hop,52.919,0.0,0.0,0,1,1,5,261,261,35715022848,35715022848,8.615,0.03
google/gemma-3-1b-it,NVIDIA GeForce RTX 5060 Ti,42,MuSiQue,16,16,414,multi-hop,32.4727,0.0,31.0018,0,1,0,57,313,313,51363971072,51363971072,8.615,0.03
google/gemma-3-1b-it,NVIDIA GeForce RTX 5060 Ti,42,MuSiQue,16,16,415,semantic,33.6691,40.9966,42.6667,0,0,0,109,365,365,69848268800,69848268800,8.615,0.03
google/gemma-3-1b-it,NVIDIA GeForce RTX 5060 Ti,42,MuSiQue,16,16,416,semantic,30.3709,0.0,30.2575,0,1,0,12,268,268,37656461312,37656461312,8.615,0.03
google/gemma-3-1b-it,NVIDIA GeForce RTX 5060 Ti,42,MuSiQue,16,16,417,semantic,32.0795,0.0,0.0,0,1,1,106,362,362,68704796672,68704796672,8.615,0.03
google/gemma-3-1b-it,NVIDIA GeForce RTX 5060 Ti,42,MuSiQue,16,16,418,multi-hop,70.8471,0.0,0.0,0,1,1,110,366,366,70231523328,70231523328,8.615,0.03
google/gemma-3-1b-it,NVIDIA GeForce RTX 5060 Ti,42,MuSiQue,16,16,419,multi-hop,30.6398,52.3604,54.8341,0,0,0,51,307,307,49413619712,49413619712,8.615,0.03
google/gemma-3-1b-it,NVIDIA GeForce RTX 5060 Ti,42,MuSiQue,16,16,420,structural,35.7942,39.9703,0.0,0,0,1,26,282,282,41693478912,41693478912,8.615,0.03
google/gemma-3-1b-it,NVIDIA GeForce RTX 5060 Ti,42,MuSiQue,16,16,421,multi-hop,75.2384,30.3225,34.5289,0,0,0,72,328,328,56405000192,56405000192,8.615,0.03
google/gemma-3-1b-it,NVIDIA GeForce RTX 5060 Ti,42,MuSiQue,16,16,422,multi-hop,29.5039,0.0,0.0,0,1,1,55,311,311,50709659648,50709659648,8.615,0.03
google/gemma-3-1b-it,NVIDIA GeForce RTX 5060 Ti,42,MuSiQue,16,16,423,semantic,62.7599,0.0,0.0,0,1,1,87,343,343,61681958912,61681958912,8.615,0.03
google/gemma-3-1b-it,NVIDIA GeForce RTX 5060 Ti,42,MuSiQue,16,16,424,structural,32.2342,0.0,0.0,0,1,1,4,260,260,35441868800,35441868800,8.615,0.03
google/gemma-3-1b-it,NVIDIA GeForce RTX 5060 Ti,42,MuSiQue,16,16,425,semantic,31.7156,0.0,0.0,0,1,1,87,343,343,61681958912,61681958912,8.615,0.03
google/gemma-3-1b-it,NVIDIA GeForce RTX 5060 Ti,42,MuSiQue,16,16,426,multi-hop,31.9636,29.4473,0.0,0,0,1,79,335,335,58838220800,58838220800,8.615,0.03
google/gemma-3-1b-it,NVIDIA GeForce RTX 5060 Ti,42,MuSiQue,16,16,427,semantic,61.0441,0.0,0.0,0,1,1,47,303,303,48134356992,48134356992,8.615,0.03
google/gemma-3-1b-it,NVIDIA GeForce RTX 5060 Ti,42,MuSiQue,16,16,428,semantic,28.0425,0.0,0.0,0,1,1,135,391,391,80153673728,80153673728,8.615,0.03
google/gemma-3-1b-it,NVIDIA GeForce RTX 5060 Ti,42,MuSiQue,16,16,429,multi-hop,28.2196,36.2128,32.0601,0,0,0,153,409,409,87703420928,87703420928,8.615,0.03
google/gemma-3-1b-it,NVIDIA GeForce RTX 5060 Ti,42,MuSiQue,16,16,430,semantic,55.4013,0.0,0.0,0,1,1,66,322,322,54360276992,54360276992,8.615,0.03
google/gemma-3-1b-it,NVIDIA GeForce RTX 5060 Ti,42,MuSiQue,16,16,431,multi-hop,99.5768,0.0,0.0,0,1,1,96,352,352,64961380352,64961380352,8.615,0.03
google/gemma-3-1b-it,NVIDIA GeForce RTX 5060 Ti,42,MuSiQue,16,16,432,structural,37.2792,0.0,0.0,0,1,1,111,367,367,70615826432,70615826432,8.615,0.03
google/gemma-3-1b-it,NVIDIA GeForce RTX 5060 Ti,42,MuSiQue,16,16,433,structural,26.3284,36.4913,29.1507,0,0,0,94,350,350,64225280000,64225280000,8.615,0.03
google/gemma-3-1b-it,NVIDIA GeForce RTX 5060 Ti,42,MuSiQue,16,16,434,multi-hop,40.1967,0.0,0.0,0,1,1,12,268,268,37656461312,37656461312,8.615,0.03
google/gemma-3-1b-it,NVIDIA GeForce RTX 5060 Ti,42,MuSiQue,16,16,435,structural,35.1239,0.0,0.0,0,1,1,121,377,377,74516529152,74516529152,8.615,0.03
google/gemma-3-1b-it,NVIDIA GeForce RTX 5060 Ti,42,MuSiQue,16,16,436,multi-hop,48.4368,0.0,0.0,0,1,1,118,374,374,73335308288,73335308288,8.615,0.03
google/gemma-3-1b-it,NVIDIA GeForce RTX 5060 Ti,42,MuSiQue,16,16,437,multi-hop,57.7336,0.0,0.0,0,1,1,140,396,396,82216747008,82216747008,8.615,0.03
google/gemma-3-1b-it,NVIDIA GeForce RTX 5060 Ti,42,MuSiQue,16,16,438,multi-hop,54.6008,0.0,0.0,0,1,1,92,348,348,63493373952,63493373952,8.615,0.03
google/gemma-3-1b-it,NVIDIA GeForce RTX 5060 Ti,42,MuSiQue,16,16,439,semantic,52.6559,0.0,0.0,0,1,1,111,367,367,70615826432,70615826432,8.615,0.03
google/gemma-3-1b-it,NVIDIA GeForce RTX 5060 Ti,42,MuSiQue,16,16,440,multi-hop,36.3633,0.0,0.0,0,1,1,93,349,349,63858802688,63858802688,8.615,0.03
google/gemma-3-1b-it,NVIDIA GeForce RTX 5060 Ti,42,MuSiQue,16,16,441,multi-hop,27.7576,0.0,0.0,0,1,1,84,340,340,60607692800,60607692800,8.615,0.03
google/gemma-3-1b-it,NVIDIA GeForce RTX 5060 Ti,42,MuSiQue,16,16,442,semantic,34.7083,0.0,0.0,0,1,1,115,371,371,72163524608,72163524608,8.615,0.03
google/gemma-3-1b-it,NVIDIA GeForce RTX 5060 Ti,42,MuSiQue,16,16,443,structural,34.5169,0.0,0.0,0,1,1,103,359,359,67570761728,67570761728,8.615,0.03
google/gemma-3-1b-it,NVIDIA GeForce RTX 5060 Ti,42,MuSiQue,16,16,444,multi-hop,27.312,0.0,0.0,0,1,1,78,334,334,58487472128,58487472128,8.615,0.03
google/gemma-3-1b-it,NVIDIA GeForce RTX 5060 Ti,42,MuSiQue,16,16,445,structural,25.9841,25.3934,0.0,0,0,1,98,354,354,65701675008,65701675008,8.615,0.03
google/gemma-3-1b-it,NVIDIA GeForce RTX 5060 Ti,42,MuSiQue,16,16,446,structural,57.0623,0.0,0.0,0,1,1,116,372,372,72553070592,72553070592,8.615,0.03
google/gemma-3-1b-it,NVIDIA GeForce RTX 5060 Ti,42,MuSiQue,16,16,447,multi-hop,61.3515,27.5022,35.7608,0,0,0,130,386,386,78116814848,78116814848,8.615,0.03
google/gemma-3-1b-it,NVIDIA GeForce RTX 5060 Ti,42,MuSiQue,16,16,448,multi-hop,44.9367,0.0,0.0,0,1,1,93,349,349,63858802688,63858802688,8.615,0.03
google/gemma-3-1b-it,NVIDIA GeForce RTX 5060 Ti,42,MuSiQue,16,16,449,semantic,33.2341,0.0,0.0,0,1,1,110,366,366,70231523328,70231523328,8.615,0.03
google/gemma-3-1b-it,NVIDIA GeForce RTX 5060 Ti,42,MuSiQue,16,16,450,structural,48.6344,28.3915,0.0,0,0,1,13,269,269,37938003968,37938003968,8.615,0.03
google/gemma-3-1b-it,NVIDIA GeForce RTX 5060 Ti,42,MuSiQue,16,16,451,semantic,32.9418,0.0,0.0,0,1,1,4,260,260,35441868800,35441868800,8.615,0.03
google/gemma-3-1b-it,NVIDIA GeForce RTX 5060 Ti,42,MuSiQue,16,16,452,structural,33.0404,0.0,0.0,0,1,1,86,342,342,61322821632,61322821632,8.615,0.03
google/gemma-3-1b-it,NVIDIA GeForce RTX 5060 Ti,42,MuSiQue,16,16,453,multi-hop,40.9952,0.0,0.0,0,1,1,111,367,367,70615826432,70615826432,8.615,0.03
google/gemma-3-1b-it,NVIDIA GeForce RTX 5060 Ti,42,MuSiQue,16,16,454,multi-hop,29.786,0.0,0.0,0,1,1,92,348,348,63493373952,63493373952,8.615,0.03
google/gemma-3-1b-it,NVIDIA GeForce RTX 5060 Ti,42,MuSiQue,16,16,455,semantic,27.1816,0.0,0.0,0,1,1,5,261,261,35715022848,35715022848,8.615,0.03
google/gemma-3-1b-it,NVIDIA GeForce RTX 5060 Ti,42,MuSiQue,16,16,456,semantic,28.8598,0.0,0.0,0,1,1,96,352,352,64961380352,64961380352,8.615,0.03
google/gemma-3-1b-it,NVIDIA GeForce RTX 5060 Ti,42,MuSiQue,16,16,457,multi-hop,55.7291,0.0,0.0,0,1,1,140,396,396,82216747008,82216747008,8.615,0.03
google/gemma-3-1b-it,NVIDIA GeForce RTX 5060 Ti,42,MuSiQue,16,16,458,multi-hop,34.5617,0.0,0.0,0,1,1,78,334,334,58487472128,58487472128,8.615,0.03
google/gemma-3-1b-it,NVIDIA GeForce RTX 5060 Ti,42,MuSiQue,16,16,459,multi-hop,72.7644,0.0,0.0,0,1,1,125,381,381,76106170368,76106170368,8.615,0.03
google/gemma-3-1b-it,NVIDIA GeForce RTX 5060 Ti,42,MuSiQue,16,16,460,structural,68.131,43.0578,89.1879,0,0,0,62,318,318,53018099712,53018099712,8.615,0.03
google/gemma-3-1b-it,NVIDIA GeForce RTX 5060 Ti,42,MuSiQue,16,16,461,semantic,83.848,0.0,0.0,0,1,1,53,309,309,50059542528,50059542528,8.615,0.03
google/gemma-3-1b-it,NVIDIA GeForce RTX 5060 Ti,42,MuSiQue,16,16,462,structural,33.74,0.0,0.0,0,1,1,110,366,366,70231523328,70231523328,8.615,0.03
google/gemma-3-1b-it,NVIDIA GeForce RTX 5060 Ti,42,MuSiQue,16,16,463,semantic,71.3866,0.0,0.0,0,1,1,105,361,361,68325736448,68325736448,8.615,0.03
google/gemma-3-1b-it,NVIDIA GeForce RTX 5060 Ti,42,MuSiQue,16,16,464,multi-hop,63.4415,66.846,0.0,0,0,1,98,354,354,65701675008,65701675008,8.615,0.03
google/gemma-3-1b-it,NVIDIA GeForce RTX 5060 Ti,42,MuSiQue,16,16,465,semantic,81.6728,0.0,0.0,0,1,1,45,301,301,47501017088,47501017088,8.615,0.03
google/gemma-3-1b-it,NVIDIA GeForce RTX 5060 Ti,42,MuSiQue,16,16,466,semantic,107.8872,0.0,0.0,0,1,1,116,372,372,72553070592,72553070592,8.615,0.03
google/gemma-3-1b-it,NVIDIA GeForce RTX 5060 Ti,42,MuSiQue,16,16,467,structural,0.0,34.9971,0.0,1,0,1,19,275,275,39649280000,39649280000,8.615,0.03
google/gemma-3-1b-it,NVIDIA GeForce RTX 5060 Ti,42,MuSiQue,16,16,468,structural,33.361,27.6998,0.0,0,0,1,101,357,357,66819981312,66819981312,8.615,0.03
google/gemma-3-1b-it,NVIDIA GeForce RTX 5060 Ti,42,MuSiQue,16,16,469,multi-hop,71.1584,44.7128,0.0,0,0,1,88,344,344,62042144768,62042144768,8.615,0.03
google/gemma-3-1b-it,NVIDIA GeForce RTX 5060 Ti,42,MuSiQue,16,16,470,multi-hop,38.4837,0.0,0.0,0,1,1,25,281,281,41398304768,41398304768,8.615,0.03
google/gemma-3-1b-it,NVIDIA GeForce RTX 5060 Ti,42,MuSiQue,16,16,471,structural,56.594,81.2778,0.0,0,0,1,110,366,366,70231523328,70231523328,8.615,0.03
google/gemma-3-1b-it,NVIDIA GeForce RTX 5060 Ti,42,MuSiQue,16,16,472,multi-hop,114.4752,135.7559,0.0,0,0,1,109,365,365,69848268800,69848268800,8.615,0.03
google/gemma-3-1b-it,NVIDIA GeForce RTX 5060 Ti,42,MuSiQue,16,16,473,semantic,56.2593,0.0,0.0,0,1,1,112,368,368,71001178112,71001178112,8.615,0.03
google/gemma-3-1b-it,NVIDIA GeForce RTX 5060 Ti,42,MuSiQue,16,16,474,multi-hop,99.9523,0.0,0.0,0,1,1,88,344,344,62042144768,62042144768,8.615,0.03
google/gemma-3-1b-it,NVIDIA GeForce RTX 5060 Ti,42,MuSiQue,16,16,475,multi-hop,101.879,0.0,0.0,0,1,1,129,385,385,77712588800,77712588800,8.615,0.03
google/gemma-3-1b-it,NVIDIA GeForce RTX 5060 Ti,42,MuSiQue,16,16,476,multi-hop,88.3873,0.0,0.0,0,1,1,9,265,265,36818124800,36818124800,8.615,0.03
google/gemma-3-1b-it,NVIDIA GeForce RTX 5060 Ti,42,MuSiQue,16,16,477,multi-hop,86.35,0.0,0.0,0,1,1,19,275,275,39649280000,39649280000,8.615,0.03
google/gemma-3-1b-it,NVIDIA GeForce RTX 5060 Ti,42,MuSiQue,16,16,478,structural,54.4478,35.7746,62.8305,0,0,0,96,352,352,64961380352,64961380352,8.615,0.03
google/gemma-3-1b-it,NVIDIA GeForce RTX 5060 Ti,42,MuSiQue,16,16,479,structural,83.8737,0.0,0.0,0,1,1,117,373,373,72943665152,72943665152,8.615,0.03
google/gemma-3-1b-it,NVIDIA GeForce RTX 5060 Ti,42,MuSiQue,16,16,480,semantic,97.2344,0.0,87.7571,0,1,0,12,268,268,37656461312,37656461312,8.615,0.03
google/gemma-3-1b-it,NVIDIA GeForce RTX 5060 Ti,42,MuSiQue,16,16,481,multi-hop,66.4235,0.0,0.0,0,1,1,45,301,301,47501017088,47501017088,8.615,0.03
google/gemma-3-1b-it,NVIDIA GeForce RTX 5060 Ti,42,MuSiQue,16,16,482,structural,119.2143,0.0,0.0,0,1,1,107,363,363,69084905472,69084905472,8.615,0.03
google/gemma-3-1b-it,NVIDIA GeForce RTX 5060 Ti,42,MuSiQue,16,16,483,structural,47.5172,84.3438,0.0,0,0,1,99,355,355,66073395200,66073395200,8.615,0.03
google/gemma-3-1b-it,NVIDIA GeForce RTX 5060 Ti,42,MuSiQue,16,16,484,multi-hop,81.0395,104.0903,0.0,0,0,1,71,327,327,56061591552,56061591552,8.615,0.03
google/gemma-3-1b-it,NVIDIA GeForce RTX 5060 Ti,42,MuSiQue,16,16,485,multi-hop,48.4097,74.0322,54.3143,0,0,0,100,356,356,66446163968,66446163968,8.615,0.03
google/gemma-3-1b-it,NVIDIA GeForce RTX 5060 Ti,42,MuSiQue,16,16,486,multi-hop,121.5929,0.0,108.2031,0,1,0,103,359,359,67570761728,67570761728,8.615,0.03
google/gemma-3-1b-it,NVIDIA GeForce RTX 5060 Ti,42,MuSiQue,16,16,487,semantic,32.3162,0.0,0.0,0,1,1,125,381,381,76106170368,76106170368,8.615,0.03
google/gemma-3-1b-it,NVIDIA GeForce RTX 5060 Ti,42,MuSiQue,16,16,488,multi-hop,104.5486,0.0,0.0,0,1,1,109,365,365,69848268800,69848268800,8.615,0.03
google/gemma-3-1b-it,NVIDIA GeForce RTX 5060 Ti,42,MuSiQue,16,16,489,multi-hop,32.5106,0.0,86.373,0,1,0,67,323,323,54698442752,54698442752,8.615,0.03
google/gemma-3-1b-it,NVIDIA GeForce RTX 5060 Ti,42,MuSiQue,16,16,490,structural,35.9333,0.0,0.0,0,1,1,87,343,343,61681958912,61681958912,8.615,0.03
google/gemma-3-1b-it,NVIDIA GeForce RTX 5060 Ti,42,MuSiQue,16,16,491,structural,71.3321,0.0,0.0,0,1,1,14,270,270,38220595200,38220595200,8.615,0.03
google/gemma-3-1b-it,NVIDIA GeForce RTX 5060 Ti,42,MuSiQue,16,16,492,structural,96.5963,0.0,0.0,0,1,1,96,352,352,64961380352,64961380352,8.615,0.03
google/gemma-3-1b-it,NVIDIA GeForce RTX 5060 Ti,42,MuSiQue,16,16,493,multi-hop,101.9642,0.0,0.0,0,1,1,89,345,345,62403379200,62403379200,8.615,0.03
google/gemma-3-1b-it,NVIDIA GeForce RTX 5060 Ti,42,MuSiQue,16,16,494,multi-hop,51.9768,0.0,0.0,0,1,1,4,260,260,35441868800,35441868800,8.615,0.03
google/gemma-3-1b-it,NVIDIA GeForce RTX 5060 Ti,42,MuSiQue,16,16,495,structural,83.9147,0.0,0.0,0,1,1,61,317,317,52685176832,52685176832,8.615,0.03
google/gemma-3-1b-it,NVIDIA GeForce RTX 5060 Ti,42,MuSiQue,16,16,496,structural,85.7976,0.0,0.0,0,1,1,110,366,366,70231523328,70231523328,8.615,0.03
google/gemma-3-1b-it,NVIDIA GeForce RTX 5060 Ti,42,MuSiQue,16,16,497,semantic,0.0,0.0,0.0,1,1,1,4,260,260,35441868800,35441868800,8.615,0.03
google/gemma-3-1b-it,NVIDIA GeForce RTX 5060 Ti,42,MuSiQue,16,16,498,multi-hop,85.573,0.0,0.0,0,1,1,112,368,368,71001178112,71001178112,8.615,0.03
google/gemma-3-1b-it,NVIDIA GeForce RTX 5060 Ti,42,MuSiQue,16,16,499,semantic,83.4285,0.0,0.0,0,1,1,105,361,361,68325736448,68325736448,8.615,0.03
google/gemma-3-1b-it,NVIDIA GeForce RTX 5060 Ti,42,MuSiQue,16,16,500,structural,70.4387,0.0,0.0,0,1,1,4,260,260,35441868800,35441868800,8.615,0.03
google/gemma-3-1b-it,NVIDIA GeForce RTX 5060 Ti,42,MuSiQue,16,16,501,multi-hop,54.7114,0.0,0.0,0,1,1,118,374,374,73335308288,73335308288,8.615,0.03
google/gemma-3-1b-it,NVIDIA GeForce RTX 5060 Ti,42,MuSiQue,16,16,502,multi-hop,107.7568,71.3265,0.0,0,0,1,66,322,322,54360276992,54360276992,8.615,0.03
google/gemma-3-1b-it,NVIDIA GeForce RTX 5060 Ti,42,MuSiQue,16,16,503,structural,36.1334,40.9049,99.381,0,0,0,5,261,261,35715022848,35715022848,8.615,0.03
google/gemma-3-1b-it,NVIDIA GeForce RTX 5060 Ti,42,MuSiQue,16,16,504,structural,67.4329,51.6653,50.7293,0,0,0,39,295,295,45626163200,45626163200,8.615,0.03
google/gemma-3-1b-it,NVIDIA GeForce RTX 5060 Ti,42,MuSiQue,16,16,505,multi-hop,118.296,0.0,0.0,0,1,1,101,357,357,66819981312,66819981312,8.615,0.03
google/gemma-3-1b-it,NVIDIA GeForce RTX 5060 Ti,42,MuSiQue,16,16,506,multi-hop,87.5238,0.0,0.0,0,1,1,12,268,268,37656461312,37656461312,8.615,0.03
google/gemma-3-1b-it,NVIDIA GeForce RTX 5060 Ti,42,MuSiQue,16,16,507,multi-hop,99.4362,0.0,0.0,0,1,1,103,359,359,67570761728,67570761728,8.615,0.03
google/gemma-3-1b-it,NVIDIA GeForce RTX 5060 Ti,42,MuSiQue,16,16,508,structural,33.2744,46.5516,94.0502,0,0,0,103,359,359,67570761728,67570761728,8.615,0.03
google/gemma-3-1b-it,NVIDIA GeForce RTX 5060 Ti,42,MuSiQue,16,16,509,structural,97.1523,0.0,0.0,0,1,1,26,282,282,41693478912,41693478912,8.615,0.03
google/gemma-3-1b-it,NVIDIA GeForce RTX 5060 Ti,42,MuSiQue,16,16,510,semantic,66.4259,0.0,0.0,0,1,1,25,281,281,41398304768,41398304768,8.615,0.03
google/gemma-3-1b-it,NVIDIA GeForce RTX 5060 Ti,42,MuSiQue,16,16,511,structural,33.8922,0.0,0.0,0,1,1,113,369,369,71387578368,71387578368,8.615,0.03
google/gemma-3-1b-it,NVIDIA GeForce RTX 5060 Ti,42,MuSiQue,16,16,512,multi-hop,109.0747,0.0,0.0,0,1,1,100,356,356,66446163968,66446163968,8.615,0.03
google/gemma-3-1b-it,NVIDIA GeForce RTX 5060 Ti,42,MuSiQue,16,16,513,multi-hop,83.5694,0.0,0.0,0,1,1,3,259,259,35169763328,35169763328,8.615,0.03
google/gemma-3-1b-it,NVIDIA GeForce RTX 5060 Ti,42,MuSiQue,16,16,514,multi-hop,52.7453,0.0,0.0,0,1,1,97,353,353,65331003392,65331003392,8.615,0.03
google/gemma-3-1b-it,NVIDIA GeForce RTX 5060 Ti,42,MuSiQue,16,16,515,structural,47.9858,58.7723,104.6875,0,0,0,64,320,320,53687091200,53687091200,8.615,0.03
google/gemma-3-1b-it,NVIDIA GeForce RTX 5060 Ti,42,MuSiQue,16,16,516,multi-hop,92.1015,0.0,0.0,0,1,1,102,358,358,67194847232,67194847232,8.615,0.03
google/gemma-3-1b-it,NVIDIA GeForce RTX 5060 Ti,42,MuSiQue,16,16,517,multi-hop,46.0118,0.0,0.0,0,1,1,92,348,348,63493373952,63493373952,8.615,0.03
google/gemma-3-1b-it,NVIDIA GeForce RTX 5060 Ti,42,MuSiQue,16,16,518,multi-hop,65.8057,0.0,0.0,0,1,1,81,337,337,59542863872,59542863872,8.615,0.03
google/gemma-3-1b-it,NVIDIA GeForce RTX 5060 Ti,42,MuSiQue,16,16,519,structural,105.7648,0.0,0.0,0,1,1,104,360,360,67947724800,67947724800,8.615,0.03
google/gemma-3-1b-it,NVIDIA GeForce RTX 5060 Ti,42,MuSiQue,16,16,520,semantic,48.0272,0.0,0.0,0,1,1,14,270,270,38220595200,38220595200,8.615,0.03
google/gemma-3-1b-it,NVIDIA GeForce RTX 5060 Ti,42,MuSiQue,16,16,521,structural,64.9153,47.1429,30.6775,0,0,0,102,358,358,67194847232,67194847232,8.615,0.03
google/gemma-3-1b-it,NVIDIA GeForce RTX 5060 Ti,42,MuSiQue,16,16,522,multi-hop,93.0027,109.8143,0.0,0,0,1,84,340,340,60607692800,60607692800,8.615,0.03
google/gemma-3-1b-it,NVIDIA GeForce RTX 5060 Ti,42,MuSiQue,16,16,523,semantic,36.7519,0.0,0.0,0,1,1,73,329,329,56749457408,56749457408,8.615,0.03
google/gemma-3-1b-it,NVIDIA GeForce RTX 5060 Ti,42,MuSiQue,16,16,524,multi-hop,55.7705,0.0,0.0,0,1,1,121,377,377,74516529152,74516529152,8.615,0.03
google/gemma-3-1b-it,NVIDIA GeForce RTX 5060 Ti,42,MuSiQue,16,16,525,semantic,102.5546,0.0,0.0,0,1,1,110,366,366,70231523328,70231523328,8.615,0.03
google/gemma-3-1b-it,NVIDIA GeForce RTX 5060 Ti,42,MuSiQue,16,16,526,multi-hop,38.2779,0.0,96.7809,0,1,0,61,317,317,52685176832,52685176832,8.615,0.03
google/gemma-3-1b-it,NVIDIA GeForce RTX 5060 Ti,42,MuSiQue,16,16,527,semantic,52.6413,0.0,0.0,0,1,1,106,362,362,68704796672,68704796672,8.615,0.03
google/gemma-3-1b-it,NVIDIA GeForce RTX 5060 Ti,42,MuSiQue,16,16,528,semantic,109.2138,0.0,0.0,0,1,1,111,367,367,70615826432,70615826432,8.615,0.03
google/gemma-3-1b-it,NVIDIA GeForce RTX 5060 Ti,42,MuSiQue,16,16,529,structural,111.6253,108.9153,0.0,0,0,1,14,270,270,38220595200,38220595200,8.615,0.03
google/gemma-3-1b-it,NVIDIA GeForce RTX 5060 Ti,42,MuSiQue,16,16,530,semantic,79.5656,0.0,0.0,0,1,1,72,328,328,56405000192,56405000192,8.615,0.03
google/gemma-3-1b-it,NVIDIA GeForce RTX 5060 Ti,42,MuSiQue,16,16,531,structural,81.779,101.1108,0.0,0,0,1,67,323,323,54698442752,54698442752,8.615,0.03
google/gemma-3-1b-it,NVIDIA GeForce RTX 5060 Ti,42,MuSiQue,16,16,532,multi-hop,111.2748,0.0,0.0,0,1,1,25,281,281,41398304768,41398304768,8.615,0.03
google/gemma-3-1b-it,NVIDIA GeForce RTX 5060 Ti,42,MuSiQue,16,16,533,semantic,112.0609,0.0,0.0,0,1,1,101,357,357,66819981312,66819981312,8.615,0.03
google/gemma-3-1b-it,NVIDIA GeForce RTX 5060 Ti,42,MuSiQue,16,16,534,multi-hop,96.9931,116.4116,0.0,0,0,1,69,325,325,55377920000,55377920000,8.615,0.03
google/gemma-3-1b-it,NVIDIA GeForce RTX 5060 Ti,42,MuSiQue,16,16,535,multi-hop,61.0709,0.0,0.0,0,1,1,39,295,295,45626163200,45626163200,8.615,0.03
google/gemma-3-1b-it,NVIDIA GeForce RTX 5060 Ti,42,MuSiQue,16,16,536,multi-hop,41.9648,0.0,0.0,0,1,1,121,377,377,74516529152,74516529152,8.615,0.03
google/gemma-3-1b-it,NVIDIA GeForce RTX 5060 Ti,42,MuSiQue,16,16,537,structural,48.9715,84.4983,76.157,0,0,0,130,386,386,78116814848,78116814848,8.615,0.03
google/gemma-3-1b-it,NVIDIA GeForce RTX 5060 Ti,42,MuSiQue,16,16,538,multi-hop,54.8462,0.0,0.0,0,1,1,102,358,358,67194847232,67194847232,8.615,0.03
google/gemma-3-1b-it,NVIDIA GeForce RTX 5060 Ti,42,MuSiQue,16,16,539,multi-hop,99.3068,0.0,0.0,0,1,1,23,279,279,40811102208,40811102208,8.615,0.03
google/gemma-3-1b-it,NVIDIA GeForce RTX 5060 Ti,42,MuSiQue,16,16,540,multi-hop,111.2034,108.9985,0.0,0,0,1,100,356,356,66446163968,66446163968,8.615,0.03
google/gemma-3-1b-it,NVIDIA GeForce RTX 5060 Ti,42,MuSiQue,16,16,541,multi-hop,127.9286,0.0,117.4572,0,1,0,121,377,377,74516529152,74516529152,8.615,0.03
google/gemma-3-1b-it,NVIDIA GeForce RTX 5060 Ti,42,MuSiQue,16,16,542,structural,79.8688,0.0,0.0,0,1,1,63,319,319,53352071168,53352071168,8.615,0.03
google/gemma-3-1b-it,NVIDIA GeForce RTX 5060 Ti,42,MuSiQue,16,16,543,semantic,103.2213,0.0,0.0,0,1,1,118,374,374,73335308288,73335308288,8.615,0.03
google/gemma-3-1b-it,NVIDIA GeForce RTX 5060 Ti,42,MuSiQue,16,16,544,structural,109.3562,69.0496,51.1617,0,0,0,18,274,274,39361445888,39361445888,8.615,0.03
google/gemma-3-1b-it,NVIDIA GeForce RTX 5060 Ti,42,MuSiQue,16,16,545,multi-hop,44.1998,0.0,0.0,0,1,1,94,350,350,64225280000,64225280000,8.615,0.03
google/gemma-3-1b-it,NVIDIA GeForce RTX 5060 Ti,42,MuSiQue,16,16,546,structural,42.9507,0.0,0.0,0,1,1,108,364,364,69466062848,69466062848,8.615,0.03
google/gemma-3-1b-it,NVIDIA GeForce RTX 5060 Ti,42,MuSiQue,16,16,547,multi-hop,54.3132,0.0,0.0,0,1,1,14,270,270,38220595200,38220595200,8.615,0.03
google/gemma-3-1b-it,NVIDIA GeForce RTX 5060 Ti,42,MuSiQue,16,16,548,multi-hop,81.9311,79.3879,116.1012,0,0,0,68,324,324,55037657088,55037657088,8.615,0.03
google/gemma-3-1b-it,NVIDIA GeForce RTX 5060 Ti,42,MuSiQue,16,16,549,multi-hop,87.0969,75.411,102.4824,0,0,0,62,318,318,53018099712,53018099712,8.615,0.03
google/gemma-3-1b-it,NVIDIA GeForce RTX 5060 Ti,42,MuSiQue,16,16,550,multi-hop,127.7803,0.0,0.0,0,1,1,87,343,343,61681958912,61681958912,8.615,0.03
google/gemma-3-1b-it,NVIDIA GeForce RTX 5060 Ti,42,MuSiQue,16,16,551,semantic,76.0143,0.0,0.0,0,1,1,107,363,363,69084905472,69084905472,8.615,0.03
google/gemma-3-1b-it,NVIDIA GeForce RTX 5060 Ti,42,MuSiQue,16,16,552,structural,35.5308,0.0,0.0,0,1,1,129,385,385,77712588800,77712588800,8.615,0.03
google/gemma-3-1b-it,NVIDIA GeForce RTX 5060 Ti,42,MuSiQue,16,16,553,semantic,115.4719,0.0,0.0,0,1,1,114,370,370,71775027200,71775027200,8.615,0.03
google/gemma-3-1b-it,NVIDIA GeForce RTX 5060 Ti,42,MuSiQue,16,16,554,multi-hop,104.6747,0.0,0.0,0,1,1,14,270,270,38220595200,38220595200,8.615,0.03
google/gemma-3-1b-it,NVIDIA GeForce RTX 5060 Ti,42,MuSiQue,16,16,555,semantic,132.7811,0.0,0.0,0,1,1,129,385,385,77712588800,77712588800,8.615,0.03
google/gemma-3-1b-it,NVIDIA GeForce RTX 5060 Ti,42,MuSiQue,16,16,556,multi-hop,73.6331,0.0,0.0,0,1,1,154,410,410,88132812800,88132812800,8.615,0.03
google/gemma-3-1b-it,NVIDIA GeForce RTX 5060 Ti,42,MuSiQue,16,16,557,multi-hop,56.4476,86.8773,0.0,0,0,1,96,352,352,64961380352,64961380352,8.615,0.03
google/gemma-3-1b-it,NVIDIA GeForce RTX 5060 Ti,42,MuSiQue,16,16,558,structural,106.594,103.0289,105.8329,0,0,0,107,363,363,69084905472,69084905472,8.615,0.03
google/gemma-3-1b-it,NVIDIA GeForce RTX 5060 Ti,42,MuSiQue,16,16,559,structural,75.1456,98.8151,0.0,0,0,1,54,310,310,50384076800,50384076800,8.615,0.03
google/gemma-3-1b-it,NVIDIA GeForce RTX 5060 Ti,42,MuSiQue,16,16,560,multi-hop,88.1647,105.2149,38.0068,0,0,0,66,322,322,54360276992,54360276992,8.615,0.03
google/gemma-3-1b-it,NVIDIA GeForce RTX 5060 Ti,42,MuSiQue,16,16,561,structural,51.243,0.0,0.0,0,1,1,90,346,346,62765662208,62765662208,8.615,0.03
google/gemma-3-1b-it,NVIDIA GeForce RTX 5060 Ti,42,MuSiQue,16,16,562,semantic,100.5282,0.0,0.0,0,1,1,94,350,350,64225280000,64225280000,8.615,0.03
google/gemma-3-1b-it,NVIDIA GeForce RTX 5060 Ti,42,MuSiQue,16,16,563,multi-hop,104.3152,78.4647,92.9248,0,0,0,2,258,258,34898706432,34898706432,8.615,0.03
google/gemma-3-1b-it,NVIDIA GeForce RTX 5060 Ti,42,MuSiQue,16,16,564,semantic,125.0068,0.0,0.0,0,1,1,93,349,349,63858802688,63858802688,8.615,0.03
google/gemma-3-1b-it,NVIDIA GeForce RTX 5060 Ti,42,MuSiQue,16,16,565,semantic,65.3615,0.0,0.0,0,1,1,99,355,355,66073395200,66073395200,8.615,0.03
google/gemma-3-1b-it,NVIDIA GeForce RTX 5060 Ti,42,MuSiQue,16,16,566,structural,87.9676,98.5271,0.0,0,0,1,94,350,350,64225280000,64225280000,8.615,0.03
google/gemma-3-1b-it,NVIDIA GeForce RTX 5060 Ti,42,MuSiQue,16,16,567,semantic,103.0314,0.0,0.0,0,1,1,111,367,367,70615826432,70615826432,8.615,0.03
google/gemma-3-1b-it,NVIDIA GeForce RTX 5060 Ti,42,MuSiQue,16,16,568,multi-hop,50.9689,46.347,59.4433,0,0,0,95,351,351,64592805888,64592805888,8.615,0.03
google/gemma-3-1b-it,NVIDIA GeForce RTX 5060 Ti,42,MuSiQue,16,16,569,multi-hop,98.8617,0.0,0.0,0,1,1,103,359,359,67570761728,67570761728,8.615,0.03
google/gemma-3-1b-it,NVIDIA GeForce RTX 5060 Ti,42,MuSiQue,16,16,570,multi-hop,83.371,66.0314,64.9016,0,0,0,121,377,377,74516529152,74516529152,8.615,0.03
google/gemma-3-1b-it,NVIDIA GeForce RTX 5060 Ti,42,MuSiQue,16,16,571,multi-hop,49.2185,0.0,0.0,0,1,1,16,272,272,38788923392,38788923392,8.615,0.03
google/gemma-3-1b-it,NVIDIA GeForce RTX 5060 Ti,42,MuSiQue,16,16,572,multi-hop,97.4192,0.0,0.0,0,1,1,127,383,383,76907282432,76907282432,8.615,0.03
google/gemma-3-1b-it,NVIDIA GeForce RTX 5060 Ti,42,MuSiQue,16,16,573,multi-hop,112.7982,0.0,88.4498,0,1,0,104,360,360,67947724800,67947724800,8.615,0.03
google/gemma-3-1b-it,NVIDIA GeForce RTX 5060 Ti,42,MuSiQue,16,16,574,semantic,66.1773,0.0,0.0,0,1,1,102,358,358,67194847232,67194847232,8.615,0.03
google/gemma-3-1b-it,NVIDIA GeForce RTX 5060 Ti,42,MuSiQue,16,16,575,multi-hop,38.124,63.9603,43.8732,0,0,0,96,352,352,64961380352,64961380352,8.615,0.03
google/gemma-3-1b-it,NVIDIA GeForce RTX 5060 Ti,42,MuSiQue,16,16,576,structural,84.93,0.0,0.0,0,1,1,132,388,388,78928412672,78928412672,8.615,0.03
google/gemma-3-1b-it,NVIDIA GeForce RTX 5060 Ti,42,MuSiQue,16,16,577,multi-hop,89.5845,0.0,0.0,0,1,1,33,289,289,43789058048,43789058048,8.615,0.03
google/gemma-3-1b-it,NVIDIA GeForce RTX 5060 Ti,42,MuSiQue,16,16,578,structural,44.4979,103.9637,37.2626,0,0,0,8,264,264,36540776448,36540776448,8.615,0.03
google/gemma-3-1b-it,NVIDIA GeForce RTX 5060 Ti,42,MuSiQue,16,16,579,multi-hop,102.5366,101.3188,0.0,0,0,1,11,267,267,37375967232,37375967232,8.615,0.03
google/gemma-3-1b-it,NVIDIA GeForce RTX 5060 Ti,42,MuSiQue,16,16,580,multi-hop,118.9962,0.0,0.0,0,1,1,66,322,322,54360276992,54360276992,8.615,0.03
google/gemma-3-1b-it,NVIDIA GeForce RTX 5060 Ti,42,MuSiQue,16,16,581,semantic,109.782,0.0,0.0,0,1,1,141,397,397,82632507392,82632507392,8.615,0.03
google/gemma-3-1b-it,NVIDIA GeForce RTX 5060 Ti,42,MuSiQue,16,16,582,semantic,114.6186,0.0,0.0,0,1,1,16,272,272,38788923392,38788923392,8.615,0.03
google/gemma-3-1b-it,NVIDIA GeForce RTX 5060 Ti,42,MuSiQue,16,16,583,multi-hop,86.3637,0.0,0.0,0,1,1,124,380,380,75707187200,75707187200,8.615,0.03
google/gemma-3-1b-it,NVIDIA GeForce RTX 5060 Ti,42,MuSiQue,16,16,584,multi-hop,76.5001,0.0,0.0,0,1,1,89,345,345,62403379200,62403379200,8.615,0.03
google/gemma-3-1b-it,NVIDIA GeForce RTX 5060 Ti,42,MuSiQue,16,16,585,multi-hop,123.8257,77.2946,0.0,0,0,1,102,358,358,67194847232,67194847232,8.615,0.03
google/gemma-3-1b-it,NVIDIA GeForce RTX 5060 Ti,42,MuSiQue,16,16,586,semantic,69.4177,0.0,0.0,0,1,1,87,343,343,61681958912,61681958912,8.615,0.03
google/gemma-3-1b-it,NVIDIA GeForce RTX 5060 Ti,42,MuSiQue,16,16,587,semantic,83.1087,0.0,0.0,0,1,1,39,295,295,45626163200,45626163200,8.615,0.03
google/gemma-3-1b-it,NVIDIA GeForce RTX 5060 Ti,42,MuSiQue,16,16,588,multi-hop,134.6756,37.3499,36.5045,0,0,0,101,357,357,66819981312,66819981312,8.615,0.03
google/gemma-3-1b-it,NVIDIA GeForce RTX 5060 Ti,42,MuSiQue,16,16,589,semantic,74.652,0.0,73.3073,0,1,0,114,370,370,71775027200,71775027200,8.615,0.03
google/gemma-3-1b-it,NVIDIA GeForce RTX 5060 Ti,42,MuSiQue,16,16,590,structural,96.57,0.0,0.0,0,1,1,76,332,332,57789120512,57789120512,8.615,0.03
google/gemma-3-1b-it,NVIDIA GeForce RTX 5060 Ti,42,MuSiQue,16,16,591,semantic,109.1046,0.0,0.0,0,1,1,3,259,259,35169763328,35169763328,8.615,0.03
google/gemma-3-1b-it,NVIDIA GeForce RTX 5060 Ti,42,MuSiQue,16,16,592,structural,112.7675,77.1565,0.0,0,0,1,100,356,356,66446163968,66446163968,8.615,0.03
google/gemma-3-1b-it,NVIDIA GeForce RTX 5060 Ti,42,MuSiQue,16,16,593,semantic,85.6617,0.0,0.0,0,1,1,129,385,385,77712588800,77712588800,8.615,0.03
google/gemma-3-1b-it,NVIDIA GeForce RTX 5060 Ti,42,MuSiQue,16,16,594,structural,82.1455,0.0,0.0,0,1,1,14,270,270,38220595200,38220595200,8.615,0.03
google/gemma-3-1b-it,NVIDIA GeForce RTX 5060 Ti,42,MuSiQue,16,16,595,multi-hop,61.2896,75.11,42.0587,0,0,0,92,348,348,63493373952,63493373952,8.615,0.03
google/gemma-3-1b-it,NVIDIA GeForce RTX 5060 Ti,42,MuSiQue,16,16,596,multi-hop,80.3989,0.0,0.0,0,1,1,91,347,347,63128993792,63128993792,8.615,0.03
google/gemma-3-1b-it,NVIDIA GeForce RTX 5060 Ti,42,MuSiQue,16,16,597,semantic,134.9518,0.0,0.0,0,1,1,142,398,398,83049316352,83049316352,8.615,0.03
google/gemma-3-1b-it,NVIDIA GeForce RTX 5060 Ti,42,MuSiQue,16,16,598,multi-hop,87.9776,0.0,0.0,0,1,1,115,371,371,72163524608,72163524608,8.615,0.03
google/gemma-3-1b-it,NVIDIA GeForce RTX 5060 Ti,42,MuSiQue,16,16,599,multi-hop,94.4714,0.0,0.0,0,1,1,102,358,358,67194847232,67194847232,8.615,0.03
