model_name,gpu_name,seed,dataset,config_k,config_cap,run,type,cold_ms,cosine_ms,graph_ms,lru_sim_hit,cos_sim_hit,grp_sim_hit,cold_n_tokens,cosine_n_tokens,graph_n_tokens,flops_saved_cosine,flops_saved_graph,embed_time_s,graph_build_time_s
google/gemma-3-1b-it,NVIDIA GeForce RTX 5060 Ti,42,2WikiMultiHopQA,3,16,0,structural,93.8815,0.0,102.8001,0,1,0,105,361,320,68325736448,53687091200,7.372,0.024
google/gemma-3-1b-it,NVIDIA GeForce RTX 5060 Ti,42,2WikiMultiHopQA,3,16,1,multi-hop,59.5419,68.0714,76.7864,0,0,0,78,287,334,43185078272,58487472128,7.372,0.024
google/gemma-3-1b-it,NVIDIA GeForce RTX 5060 Ti,42,2WikiMultiHopQA,3,16,2,multi-hop,93.708,0.0,72.4916,0,1,0,105,361,361,68325736448,68325736448,7.372,0.024
google/gemma-3-1b-it,NVIDIA GeForce RTX 5060 Ti,42,2WikiMultiHopQA,3,16,3,semantic,86.7354,0.0,81.348,0,1,0,99,355,355,66073395200,66073395200,7.372,0.024
google/gemma-3-1b-it,NVIDIA GeForce RTX 5060 Ti,42,2WikiMultiHopQA,3,16,4,structural,73.6134,42.3489,78.9767,0,0,0,53,309,309,50059542528,50059542528,7.372,0.024
google/gemma-3-1b-it,NVIDIA GeForce RTX 5060 Ti,42,2WikiMultiHopQA,3,16,5,multi-hop,96.987,0.0,0.0,0,1,1,48,304,304,48452599808,48452599808,7.372,0.024
google/gemma-3-1b-it,NVIDIA GeForce RTX 5060 Ti,42,2WikiMultiHopQA,3,16,6,structural,97.3227,51.2355,67.5716,0,0,0,91,347,328,63128993792,56405000192,7.372,0.024
google/gemma-3-1b-it,NVIDIA GeForce RTX 5060 Ti,42,2WikiMultiHopQA,3,16,7,multi-hop,83.7725,82.8916,88.0945,0,0,0,147,403,403,85149089792,85149089792,7.372,0.024
google/gemma-3-1b-it,NVIDIA GeForce RTX 5060 Ti,42,2WikiMultiHopQA,3,16,8,multi-hop,71.5078,0.0,90.3965,0,1,0,82,338,338,59896758272,59896758272,7.372,0.024
google/gemma-3-1b-it,NVIDIA GeForce RTX 5060 Ti,42,2WikiMultiHopQA,3,16,9,structural,82.5295,81.4976,98.2038,0,0,0,34,290,290,44092620800,44092620800,7.372,0.024
google/gemma-3-1b-it,NVIDIA GeForce RTX 5060 Ti,42,2WikiMultiHopQA,3,16,10,multi-hop,36.0807,0.0,0.0,0,1,1,2,11,9,63438848,42467328,7.372,0.024
google/gemma-3-1b-it,NVIDIA GeForce RTX 5060 Ti,42,2WikiMultiHopQA,3,16,11,semantic,55.6029,0.0,76.6747,0,1,0,105,257,124,34628698112,8061452288,7.372,0.024
google/gemma-3-1b-it,NVIDIA GeForce RTX 5060 Ti,42,2WikiMultiHopQA,3,16,12,semantic,40.1657,0.0,90.9099,0,1,0,113,369,369,71387578368,71387578368,7.372,0.024
google/gemma-3-1b-it,NVIDIA GeForce RTX 5060 Ti,42,2WikiMultiHopQA,3,16,13,semantic,89.5271,53.4823,31.207,0,0,0,101,294,326,45317357568,55719231488,7.372,0.024
google/gemma-3-1b-it,NVIDIA GeForce RTX 5060 Ti,42,2WikiMultiHopQA,3,16,14,multi-hop,35.7631,0.0,54.8494,0,1,0,103,359,359,67570761728,67570761728,7.372,0.024
google/gemma-3-1b-it,NVIDIA GeForce RTX 5060 Ti,42,2WikiMultiHopQA,3,16,15,structural,50.4311,43.2051,41.8409,0,0,0,78,334,334,58487472128,58487472128,7.372,0.024
google/gemma-3-1b-it,NVIDIA GeForce RTX 5060 Ti,42,2WikiMultiHopQA,3,16,16,structural,29.0667,56.951,40.5784,0,0,0,87,343,343,61681958912,61681958912,7.372,0.024
google/gemma-3-1b-it,NVIDIA GeForce RTX 5060 Ti,42,2WikiMultiHopQA,3,16,17,semantic,32.3982,0.0,31.0666,0,1,0,112,368,368,71001178112,71001178112,7.372,0.024
google/gemma-3-1b-it,NVIDIA GeForce RTX 5060 Ti,42,2WikiMultiHopQA,3,16,18,semantic,30.0225,0.0,0.0,0,1,1,8,51,53,1363673088,1472724992,7.372,0.024
google/gemma-3-1b-it,NVIDIA GeForce RTX 5060 Ti,42,2WikiMultiHopQA,3,16,19,multi-hop,41.7434,56.8002,28.1534,0,0,0,2,7,7,25690112,25690112,7.372,0.024
google/gemma-3-1b-it,NVIDIA GeForce RTX 5060 Ti,42,2WikiMultiHopQA,3,16,20,multi-hop,28.1136,0.0,0.0,0,1,1,105,328,328,56405000192,56405000192,7.372,0.024
google/gemma-3-1b-it,NVIDIA GeForce RTX 5060 Ti,42,2WikiMultiHopQA,3,16,21,multi-hop,59.2884,0.0,42.8571,0,1,0,14,217,240,24688197632,30198988800,7.372,0.024
google/gemma-3-1b-it,NVIDIA GeForce RTX 5060 Ti,42,2WikiMultiHopQA,3,16,22,structural,31.1688,36.7423,0.0,0,0,1,12,18,268,169869312,37656461312,7.372,0.024
google/gemma-3-1b-it,NVIDIA GeForce RTX 5060 Ti,42,2WikiMultiHopQA,3,16,23,semantic,33.2741,32.677,33.065,0,0,0,27,283,283,41989701632,41989701632,7.372,0.024
google/gemma-3-1b-it,NVIDIA GeForce RTX 5060 Ti,42,2WikiMultiHopQA,3,16,24,semantic,83.4669,0.0,0.0,0,1,1,139,395,395,81802035200,81802035200,7.372,0.024
google/gemma-3-1b-it,NVIDIA GeForce RTX 5060 Ti,42,2WikiMultiHopQA,3,16,25,multi-hop,37.1956,0.0,36.4565,0,1,0,100,356,284,66446163968,42286972928,7.372,0.024
google/gemma-3-1b-it,NVIDIA GeForce RTX 5060 Ti,42,2WikiMultiHopQA,3,16,26,multi-hop,30.4691,0.0,0.0,0,1,1,105,361,361,68325736448,68325736448,7.372,0.024
google/gemma-3-1b-it,NVIDIA GeForce RTX 5060 Ti,42,2WikiMultiHopQA,3,16,27,multi-hop,58.6356,39.423,0.0,0,0,1,28,159,284,13254524928,42286972928,7.372,0.024
google/gemma-3-1b-it,NVIDIA GeForce RTX 5060 Ti,42,2WikiMultiHopQA,3,16,28,semantic,34.1295,0.0,0.0,0,1,1,41,297,243,46246920192,30958682112,7.372,0.024
google/gemma-3-1b-it,NVIDIA GeForce RTX 5060 Ti,42,2WikiMultiHopQA,3,16,29,structural,33.3458,42.7819,57.5017,0,0,0,4,9,9,42467328,42467328,7.372,0.024
google/gemma-3-1b-it,NVIDIA GeForce RTX 5060 Ti,42,2WikiMultiHopQA,3,16,30,multi-hop,61.3493,0.0,0.0,0,1,1,102,358,358,67194847232,67194847232,7.372,0.024
google/gemma-3-1b-it,NVIDIA GeForce RTX 5060 Ti,42,2WikiMultiHopQA,3,16,31,multi-hop,32.0011,0.0,31.2714,0,1,0,149,405,405,85996339200,85996339200,7.372,0.024
google/gemma-3-1b-it,NVIDIA GeForce RTX 5060 Ti,42,2WikiMultiHopQA,3,16,32,semantic,37.7003,0.0,30.2881,0,1,0,116,351,372,64592805888,72553070592,7.372,0.024
google/gemma-3-1b-it,NVIDIA GeForce RTX 5060 Ti,42,2WikiMultiHopQA,3,16,33,structural,41.2788,66.4507,46.3515,0,0,0,49,239,264,29947854848,36540776448,7.372,0.024
google/gemma-3-1b-it,NVIDIA GeForce RTX 5060 Ti,42,2WikiMultiHopQA,3,16,34,structural,36.0603,50.7187,43.5942,0,0,0,29,271,271,38504235008,38504235008,7.372,0.024
google/gemma-3-1b-it,NVIDIA GeForce RTX 5060 Ti,42,2WikiMultiHopQA,3,16,35,semantic,0.0,0.0,0.0,1,1,1,102,358,358,67194847232,67194847232,7.372,0.024
google/gemma-3-1b-it,NVIDIA GeForce RTX 5060 Ti,42,2WikiMultiHopQA,3,16,36,structural,58.591,40.2178,57.6996,0,0,0,51,307,285,49413619712,42585292800,7.372,0.024
google/gemma-3-1b-it,NVIDIA GeForce RTX 5060 Ti,42,2WikiMultiHopQA,3,16,37,multi-hop,0.0,0.0,39.5753,1,1,0,57,242,313,30704402432,51363971072,7.372,0.024
google/gemma-3-1b-it,NVIDIA GeForce RTX 5060 Ti,42,2WikiMultiHopQA,3,16,38,multi-hop,70.6352,0.0,58.9006,0,1,0,76,332,332,57789120512,57789120512,7.372,0.024
google/gemma-3-1b-it,NVIDIA GeForce RTX 5060 Ti,42,2WikiMultiHopQA,3,16,39,multi-hop,59.494,42.4584,38.4757,0,0,0,102,358,358,67194847232,67194847232,7.372,0.024
google/gemma-3-1b-it,NVIDIA GeForce RTX 5060 Ti,42,2WikiMultiHopQA,3,16,40,semantic,38.7978,0.0,0.0,0,1,1,108,364,352,69466062848,64961380352,7.372,0.024
google/gemma-3-1b-it,NVIDIA GeForce RTX 5060 Ti,42,2WikiMultiHopQA,3,16,41,multi-hop,37.2832,0.0,0.0,0,1,1,109,365,365,69848268800,69848268800,7.372,0.024
google/gemma-3-1b-it,NVIDIA GeForce RTX 5060 Ti,42,2WikiMultiHopQA,3,16,42,semantic,46.361,0.0,36.928,0,1,0,105,361,320,68325736448,53687091200,7.372,0.024
google/gemma-3-1b-it,NVIDIA GeForce RTX 5060 Ti,42,2WikiMultiHopQA,3,16,43,semantic,35.3211,0.0,0.0,0,1,1,129,300,382,47185920000,76506202112,7.372,0.024
google/gemma-3-1b-it,NVIDIA GeForce RTX 5060 Ti,42,2WikiMultiHopQA,3,16,44,multi-hop,46.7965,46.7267,0.0,0,0,1,36,292,292,44702892032,44702892032,7.372,0.024
google/gemma-3-1b-it,NVIDIA GeForce RTX 5060 Ti,42,2WikiMultiHopQA,3,16,45,structural,29.9805,59.8654,0.0,0,0,1,12,268,268,37656461312,37656461312,7.372,0.024
google/gemma-3-1b-it,NVIDIA GeForce RTX 5060 Ti,42,2WikiMultiHopQA,3,16,46,structural,49.2214,68.2306,58.135,0,0,0,78,334,334,58487472128,58487472128,7.372,0.024
google/gemma-3-1b-it,NVIDIA GeForce RTX 5060 Ti,42,2WikiMultiHopQA,3,16,47,semantic,72.3191,0.0,35.2715,0,1,0,33,260,194,35441868800,19732103168,7.372,0.024
google/gemma-3-1b-it,NVIDIA GeForce RTX 5060 Ti,42,2WikiMultiHopQA,3,16,48,multi-hop,35.4669,0.0,0.0,0,1,1,76,332,292,57789120512,44702892032,7.372,0.024
google/gemma-3-1b-it,NVIDIA GeForce RTX 5060 Ti,42,2WikiMultiHopQA,3,16,49,structural,62.8655,45.9791,40.7542,0,0,0,65,183,321,17557880832,54023159808,7.372,0.024
google/gemma-3-1b-it,NVIDIA GeForce RTX 5060 Ti,42,2WikiMultiHopQA,3,16,50,multi-hop,67.4694,0.0,38.9065,0,1,0,98,352,300,64961380352,47185920000,7.372,0.024
google/gemma-3-1b-it,NVIDIA GeForce RTX 5060 Ti,42,2WikiMultiHopQA,3,16,51,structural,46.955,54.5287,46.4977,0,0,0,2,7,21,25690112,231211008,7.372,0.024
google/gemma-3-1b-it,NVIDIA GeForce RTX 5060 Ti,42,2WikiMultiHopQA,3,16,52,semantic,35.4721,0.0,37.4065,0,1,0,113,369,369,71387578368,71387578368,7.372,0.024
google/gemma-3-1b-it,NVIDIA GeForce RTX 5060 Ti,42,2WikiMultiHopQA,3,16,53,structural,33.653,43.2836,40.1965,0,0,0,114,370,370,71775027200,71775027200,7.372,0.024
google/gemma-3-1b-it,NVIDIA GeForce RTX 5060 Ti,42,2WikiMultiHopQA,3,16,54,structural,46.2143,0.0,0.0,0,1,1,103,359,359,67570761728,67570761728,7.372,0.024
google/gemma-3-1b-it,NVIDIA GeForce RTX 5060 Ti,42,2WikiMultiHopQA,3,16,55,semantic,36.9748,0.0,45.9508,0,1,0,58,305,314,48771891200,51692699648,7.372,0.024
google/gemma-3-1b-it,NVIDIA GeForce RTX 5060 Ti,42,2WikiMultiHopQA,3,16,56,multi-hop,38.0664,0.0,49.9519,0,1,0,206,462,462,111906127872,111906127872,7.372,0.024
google/gemma-3-1b-it,NVIDIA GeForce RTX 5060 Ti,42,2WikiMultiHopQA,3,16,57,structural,43.9971,28.7178,50.5718,0,0,0,78,334,328,58487472128,56405000192,7.372,0.024
google/gemma-3-1b-it,NVIDIA GeForce RTX 5060 Ti,42,2WikiMultiHopQA,3,16,58,multi-hop,33.571,61.3332,46.1752,0,0,0,127,325,325,55377920000,55377920000,7.372,0.024
google/gemma-3-1b-it,NVIDIA GeForce RTX 5060 Ti,42,2WikiMultiHopQA,3,16,59,semantic,39.56,0.0,0.0,0,1,1,97,353,353,65331003392,65331003392,7.372,0.024
google/gemma-3-1b-it,NVIDIA GeForce RTX 5060 Ti,42,2WikiMultiHopQA,3,16,60,semantic,61.5383,0.0,47.1393,0,1,0,8,238,264,29697769472,36540776448,7.372,0.024
google/gemma-3-1b-it,NVIDIA GeForce RTX 5060 Ti,42,2WikiMultiHopQA,3,16,61,structural,34.2277,48.5039,49.0137,0,0,0,122,378,378,74912366592,74912366592,7.372,0.024
google/gemma-3-1b-it,NVIDIA GeForce RTX 5060 Ti,42,2WikiMultiHopQA,3,16,62,semantic,29.8203,0.0,45.236,0,1,0,84,336,336,59190018048,59190018048,7.372,0.024
google/gemma-3-1b-it,NVIDIA GeForce RTX 5060 Ti,42,2WikiMultiHopQA,3,16,63,multi-hop,54.9911,28.3625,37.5418,0,0,0,7,91,45,4341628928,1061683200,7.372,0.024
google/gemma-3-1b-it,NVIDIA GeForce RTX 5060 Ti,42,2WikiMultiHopQA,3,16,64,multi-hop,39.1099,0.0,53.2656,0,1,0,112,368,368,71001178112,71001178112,7.372,0.024
google/gemma-3-1b-it,NVIDIA GeForce RTX 5060 Ti,42,2WikiMultiHopQA,3,16,65,multi-hop,32.0064,31.8583,28.0406,0,0,0,114,370,370,71775027200,71775027200,7.372,0.024
google/gemma-3-1b-it,NVIDIA GeForce RTX 5060 Ti,42,2WikiMultiHopQA,3,16,66,multi-hop,26.9372,0.0,0.0,0,1,1,106,362,362,68704796672,68704796672,7.372,0.024
google/gemma-3-1b-it,NVIDIA GeForce RTX 5060 Ti,42,2WikiMultiHopQA,3,16,67,semantic,33.8125,30.1648,34.3183,0,0,0,101,294,326,45317357568,55719231488,7.372,0.024
google/gemma-3-1b-it,NVIDIA GeForce RTX 5060 Ti,42,2WikiMultiHopQA,3,16,68,structural,34.3323,33.9911,43.5367,0,0,0,101,311,357,50709659648,66819981312,7.372,0.024
google/gemma-3-1b-it,NVIDIA GeForce RTX 5060 Ti,42,2WikiMultiHopQA,3,16,69,multi-hop,32.5129,0.0,36.6045,0,1,0,142,398,339,83049316352,60251701248,7.372,0.024
google/gemma-3-1b-it,NVIDIA GeForce RTX 5060 Ti,42,2WikiMultiHopQA,3,16,70,structural,33.6843,34.7054,0.0,0,0,1,17,243,273,30958682112,39074660352,7.372,0.024
google/gemma-3-1b-it,NVIDIA GeForce RTX 5060 Ti,42,2WikiMultiHopQA,3,16,71,multi-hop,26.8963,48.5972,25.3551,0,0,0,34,290,290,44092620800,44092620800,7.372,0.024
google/gemma-3-1b-it,NVIDIA GeForce RTX 5060 Ti,42,2WikiMultiHopQA,3,16,72,semantic,49.9028,27.6799,0.0,0,0,1,2,7,7,25690112,25690112,7.372,0.024
google/gemma-3-1b-it,NVIDIA GeForce RTX 5060 Ti,42,2WikiMultiHopQA,3,16,73,multi-hop,27.5822,31.7671,0.0,0,0,1,113,369,369,71387578368,71387578368,7.372,0.024
google/gemma-3-1b-it,NVIDIA GeForce RTX 5060 Ti,42,2WikiMultiHopQA,3,16,74,multi-hop,64.1454,26.6062,33.5112,0,0,0,117,303,234,48134356992,28707913728,7.372,0.024
google/gemma-3-1b-it,NVIDIA GeForce RTX 5060 Ti,42,2WikiMultiHopQA,3,16,75,structural,63.7189,35.7813,52.8402,0,0,0,114,370,370,71775027200,71775027200,7.372,0.024
google/gemma-3-1b-it,NVIDIA GeForce RTX 5060 Ti,42,2WikiMultiHopQA,3,16,76,multi-hop,34.9531,0.0,0.0,0,1,1,59,315,315,52022476800,52022476800,7.372,0.024
google/gemma-3-1b-it,NVIDIA GeForce RTX 5060 Ti,42,2WikiMultiHopQA,3,16,77,semantic,55.8025,0.0,43.3363,0,1,0,20,30,27,471859200,382205952,7.372,0.024
google/gemma-3-1b-it,NVIDIA GeForce RTX 5060 Ti,42,2WikiMultiHopQA,3,16,78,semantic,31.1966,0.0,47.5437,0,1,0,40,153,296,12273057792,45936017408,7.372,0.024
google/gemma-3-1b-it,NVIDIA GeForce RTX 5060 Ti,42,2WikiMultiHopQA,3,16,79,semantic,34.6153,0.0,32.4569,0,1,0,85,336,307,59190018048,49413619712,7.372,0.024
google/gemma-3-1b-it,NVIDIA GeForce RTX 5060 Ti,42,2WikiMultiHopQA,3,16,80,structural,47.033,39.8223,36.923,0,0,0,96,352,352,64961380352,64961380352,7.372,0.024
google/gemma-3-1b-it,NVIDIA GeForce RTX 5060 Ti,42,2WikiMultiHopQA,3,16,81,multi-hop,42.8226,0.0,0.0,0,1,1,127,325,325,55377920000,55377920000,7.372,0.024
google/gemma-3-1b-it,NVIDIA GeForce RTX 5060 Ti,42,2WikiMultiHopQA,3,16,82,multi-hop,62.5375,66.2217,62.6679,0,0,0,25,202,234,21393047552,28707913728,7.372,0.024
google/gemma-3-1b-it,NVIDIA GeForce RTX 5060 Ti,42,2WikiMultiHopQA,3,16,83,structural,61.0839,40.5603,33.8635,0,0,0,114,370,370,71775027200,71775027200,7.372,0.024
google/gemma-3-1b-it,NVIDIA GeForce RTX 5060 Ti,42,2WikiMultiHopQA,3,16,84,semantic,56.647,0.0,0.0,0,1,1,50,306,306,49092231168,49092231168,7.372,0.024
google/gemma-3-1b-it,NVIDIA GeForce RTX 5060 Ti,42,2WikiMultiHopQA,3,16,85,semantic,53.8886,0.0,0.0,0,1,1,87,343,343,61681958912,61681958912,7.372,0.024
google/gemma-3-1b-it,NVIDIA GeForce RTX 5060 Ti,42,2WikiMultiHopQA,3,16,86,multi-hop,48.5769,0.0,0.0,0,1,1,103,359,359,67570761728,67570761728,7.372,0.024
google/gemma-3-1b-it,NVIDIA GeForce RTX 5060 Ti,42,2WikiMultiHopQA,3,16,87,multi-hop,35.7704,0.0,52.3249,0,1,0,24,255,280,34091827200,41104179200,7.372,0.024
google/gemma-3-1b-it,NVIDIA GeForce RTX 5060 Ti,42,2WikiMultiHopQA,3,16,88,multi-hop,48.3517,54.4338,30.6729,0,0,0,95,300,291,47185920000,44397232128,7.372,0.024
google/gemma-3-1b-it,NVIDIA GeForce RTX 5060 Ti,42,2WikiMultiHopQA,3,16,89,multi-hop,45.9587,0.0,0.0,0,1,1,63,319,319,53352071168,53352071168,7.372,0.024
google/gemma-3-1b-it,NVIDIA GeForce RTX 5060 Ti,42,2WikiMultiHopQA,3,16,90,semantic,38.3432,0.0,0.0,0,1,1,102,358,358,67194847232,67194847232,7.372,0.024
google/gemma-3-1b-it,NVIDIA GeForce RTX 5060 Ti,42,2WikiMultiHopQA,3,16,91,multi-hop,33.2785,65.1689,58.8386,0,0,0,110,366,353,70231523328,65331003392,7.372,0.024
google/gemma-3-1b-it,NVIDIA GeForce RTX 5060 Ti,42,2WikiMultiHopQA,3,16,92,semantic,54.0881,37.1651,30.5081,0,0,0,125,356,381,66446163968,76106170368,7.372,0.024
google/gemma-3-1b-it,NVIDIA GeForce RTX 5060 Ti,42,2WikiMultiHopQA,3,16,93,semantic,0.0,0.0,0.0,1,1,1,87,343,343,61681958912,61681958912,7.372,0.024
google/gemma-3-1b-it,NVIDIA GeForce RTX 5060 Ti,42,2WikiMultiHopQA,3,16,94,semantic,26.333,0.0,0.0,0,1,1,2,11,9,63438848,42467328,7.372,0.024
google/gemma-3-1b-it,NVIDIA GeForce RTX 5060 Ti,42,2WikiMultiHopQA,3,16,95,semantic,80.6696,0.0,43.5412,0,1,0,101,357,278,66819981312,40519073792,7.372,0.024
google/gemma-3-1b-it,NVIDIA GeForce RTX 5060 Ti,42,2WikiMultiHopQA,3,16,96,multi-hop,42.2946,0.0,29.902,0,1,0,112,359,368,67570761728,71001178112,7.372,0.024
google/gemma-3-1b-it,NVIDIA GeForce RTX 5060 Ti,42,2WikiMultiHopQA,3,16,97,structural,31.2718,0.0,93.2272,0,1,0,100,286,319,42884661248,53352071168,7.372,0.024
google/gemma-3-1b-it,NVIDIA GeForce RTX 5060 Ti,42,2WikiMultiHopQA,3,16,98,multi-hop,59.1353,0.0,0.0,0,1,1,55,311,311,50709659648,50709659648,7.372,0.024
google/gemma-3-1b-it,NVIDIA GeForce RTX 5060 Ti,42,2WikiMultiHopQA,3,16,99,semantic,42.6867,0.0,36.2477,0,1,0,24,255,280,34091827200,41104179200,7.372,0.024
google/gemma-3-1b-it,NVIDIA GeForce RTX 5060 Ti,42,2WikiMultiHopQA,3,16,100,semantic,66.9379,0.0,0.0,0,1,1,109,365,365,69848268800,69848268800,7.372,0.024
google/gemma-3-1b-it,NVIDIA GeForce RTX 5060 Ti,42,2WikiMultiHopQA,3,16,101,multi-hop,62.9393,66.175,40.061,0,0,0,61,317,317,52685176832,52685176832,7.372,0.024
google/gemma-3-1b-it,NVIDIA GeForce RTX 5060 Ti,42,2WikiMultiHopQA,3,16,102,multi-hop,0.0,0.0,0.0,1,1,1,105,361,361,68325736448,68325736448,7.372,0.024
google/gemma-3-1b-it,NVIDIA GeForce RTX 5060 Ti,42,2WikiMultiHopQA,3,16,103,semantic,43.9327,0.0,0.0,0,1,1,115,371,371,72163524608,72163524608,7.372,0.024
google/gemma-3-1b-it,NVIDIA GeForce RTX 5060 Ti,42,2WikiMultiHopQA,3,16,104,multi-hop,38.1316,0.0,47.9665,0,1,0,66,322,322,54360276992,54360276992,7.372,0.024
google/gemma-3-1b-it,NVIDIA GeForce RTX 5060 Ti,42,2WikiMultiHopQA,3,16,105,semantic,35.5195,0.0,39.9477,0,1,0,119,375,375,73728000000,73728000000,7.372,0.024
google/gemma-3-1b-it,NVIDIA GeForce RTX 5060 Ti,42,2WikiMultiHopQA,3,16,106,semantic,47.9105,0.0,47.6466,0,1,0,128,384,384,77309411328,77309411328,7.372,0.024
google/gemma-3-1b-it,NVIDIA GeForce RTX 5060 Ti,42,2WikiMultiHopQA,3,16,107,structural,56.5956,35.6101,0.0,0,0,1,27,283,283,41989701632,41989701632,7.372,0.024
google/gemma-3-1b-it,NVIDIA GeForce RTX 5060 Ti,42,2WikiMultiHopQA,3,16,108,structural,46.4481,58.1414,45.2086,0,0,0,16,199,172,20762329088,15510536192,7.372,0.024
google/gemma-3-1b-it,NVIDIA GeForce RTX 5060 Ti,42,2WikiMultiHopQA,3,16,109,multi-hop,31.245,28.3146,77.2385,0,0,0,35,241,291,30451171328,44397232128,7.372,0.024
google/gemma-3-1b-it,NVIDIA GeForce RTX 5060 Ti,42,2WikiMultiHopQA,3,16,110,multi-hop,27.7774,30.9023,72.4929,0,0,0,109,365,365,69848268800,69848268800,7.372,0.024
google/gemma-3-1b-it,NVIDIA GeForce RTX 5060 Ti,42,2WikiMultiHopQA,3,16,111,multi-hop,83.6995,66.6605,57.9606,0,0,0,28,284,284,42286972928,42286972928,7.372,0.024
google/gemma-3-1b-it,NVIDIA GeForce RTX 5060 Ti,42,2WikiMultiHopQA,3,16,112,semantic,58.0576,0.0,30.9475,0,1,0,28,159,284,13254524928,42286972928,7.372,0.024
google/gemma-3-1b-it,NVIDIA GeForce RTX 5060 Ti,42,2WikiMultiHopQA,3,16,113,multi-hop,58.5148,41.5221,27.8376,0,0,0,93,349,349,63858802688,63858802688,7.372,0.024
google/gemma-3-1b-it,NVIDIA GeForce RTX 5060 Ti,42,2WikiMultiHopQA,3,16,114,multi-hop,42.7619,0.0,0.0,0,1,1,48,304,304,48452599808,48452599808,7.372,0.024
google/gemma-3-1b-it,NVIDIA GeForce RTX 5060 Ti,42,2WikiMultiHopQA,3,16,115,multi-hop,37.1373,30.7056,82.214,0,0,0,78,287,334,43185078272,58487472128,7.372,0.024
google/gemma-3-1b-it,NVIDIA GeForce RTX 5060 Ti,42,2WikiMultiHopQA,3,16,116,semantic,0.0,41.92,26.5975,1,0,0,101,294,326,45317357568,55719231488,7.372,0.024
google/gemma-3-1b-it,NVIDIA GeForce RTX 5060 Ti,42,2WikiMultiHopQA,3,16,117,multi-hop,38.2584,0.0,0.0,0,1,1,114,370,341,71775027200,60964732928,7.372,0.024
google/gemma-3-1b-it,NVIDIA GeForce RTX 5060 Ti,42,2WikiMultiHopQA,3,16,118,multi-hop,78.3518,0.0,0.0,0,1,1,25,202,234,21393047552,28707913728,7.372,0.024
google/gemma-3-1b-it,NVIDIA GeForce RTX 5060 Ti,42,2WikiMultiHopQA,3,16,119,multi-hop,39.4162,55.2232,42.4524,0,0,0,86,342,342,61322821632,61322821632,7.372,0.024
google/gemma-3-1b-it,NVIDIA GeForce RTX 5060 Ti,42,2WikiMultiHopQA,3,16,120,structural,28.0901,52.1057,58.2343,0,0,0,64,320,320,53687091200,53687091200,7.372,0.024
google/gemma-3-1b-it,NVIDIA GeForce RTX 5060 Ti,42,2WikiMultiHopQA,3,16,121,multi-hop,28.3566,0.0,34.6089,0,1,0,114,370,370,71775027200,71775027200,7.372,0.024
google/gemma-3-1b-it,NVIDIA GeForce RTX 5060 Ti,42,2WikiMultiHopQA,3,16,122,semantic,77.5575,0.0,58.5035,0,1,0,74,330,330,57094963200,57094963200,7.372,0.024
google/gemma-3-1b-it,NVIDIA GeForce RTX 5060 Ti,42,2WikiMultiHopQA,3,16,123,semantic,66.5056,0.0,41.7571,0,1,0,93,349,242,63858802688,30704402432,7.372,0.024
google/gemma-3-1b-it,NVIDIA GeForce RTX 5060 Ti,42,2WikiMultiHopQA,3,16,124,multi-hop,43.8886,29.0226,31.0036,0,0,0,2,7,7,25690112,25690112,7.372,0.024
google/gemma-3-1b-it,NVIDIA GeForce RTX 5060 Ti,42,2WikiMultiHopQA,3,16,125,semantic,39.1144,0.0,36.7905,0,1,0,110,366,366,70231523328,70231523328,7.372,0.024
google/gemma-3-1b-it,NVIDIA GeForce RTX 5060 Ti,42,2WikiMultiHopQA,3,16,126,semantic,51.1669,0.0,0.0,0,1,1,83,327,339,56061591552,60251701248,7.372,0.024
google/gemma-3-1b-it,NVIDIA GeForce RTX 5060 Ti,42,2WikiMultiHopQA,3,16,127,multi-hop,29.515,42.2536,28.3719,0,0,0,101,286,286,42884661248,42884661248,7.372,0.024
google/gemma-3-1b-it,NVIDIA GeForce RTX 5060 Ti,42,2WikiMultiHopQA,3,16,128,multi-hop,55.4399,0.0,0.0,0,1,1,118,374,374,73335308288,73335308288,7.372,0.024
google/gemma-3-1b-it,NVIDIA GeForce RTX 5060 Ti,42,2WikiMultiHopQA,3,16,129,structural,41.6517,55.8537,48.6637,0,0,0,109,365,365,69848268800,69848268800,7.372,0.024
google/gemma-3-1b-it,NVIDIA GeForce RTX 5060 Ti,42,2WikiMultiHopQA,3,16,130,semantic,52.3854,0.0,0.0,0,1,1,119,342,375,61322821632,73728000000,7.372,0.024
google/gemma-3-1b-it,NVIDIA GeForce RTX 5060 Ti,42,2WikiMultiHopQA,3,16,131,semantic,39.8099,0.0,0.0,0,1,1,19,205,275,22033203200,39649280000,7.372,0.024
google/gemma-3-1b-it,NVIDIA GeForce RTX 5060 Ti,42,2WikiMultiHopQA,3,16,132,semantic,35.9255,0.0,28.596,0,1,0,67,273,323,39074660352,54698442752,7.372,0.024
google/gemma-3-1b-it,NVIDIA GeForce RTX 5060 Ti,42,2WikiMultiHopQA,3,16,133,multi-hop,27.9454,0.0,33.8497,0,1,0,101,357,278,66819981312,40519073792,7.372,0.024
google/gemma-3-1b-it,NVIDIA GeForce RTX 5060 Ti,42,2WikiMultiHopQA,3,16,134,structural,33.6459,37.6465,58.543,0,0,0,113,359,357,67570761728,66819981312,7.372,0.024
google/gemma-3-1b-it,NVIDIA GeForce RTX 5060 Ti,42,2WikiMultiHopQA,3,16,135,multi-hop,32.4752,0.0,68.5681,0,1,0,83,231,339,27976531968,60251701248,7.372,0.024
google/gemma-3-1b-it,NVIDIA GeForce RTX 5060 Ti,42,2WikiMultiHopQA,3,16,136,semantic,47.3898,0.0,35.307,0,1,0,121,377,377,74516529152,74516529152,7.372,0.024
google/gemma-3-1b-it,NVIDIA GeForce RTX 5060 Ti,42,2WikiMultiHopQA,3,16,137,semantic,47.4191,0.0,0.0,0,1,1,99,355,355,66073395200,66073395200,7.372,0.024
google/gemma-3-1b-it,NVIDIA GeForce RTX 5060 Ti,42,2WikiMultiHopQA,3,16,138,semantic,63.1066,73.8746,27.398,0,0,0,109,300,310,47185920000,50384076800,7.372,0.024
google/gemma-3-1b-it,NVIDIA GeForce RTX 5060 Ti,42,2WikiMultiHopQA,3,16,139,multi-hop,50.5264,0.0,53.8493,0,1,0,109,365,364,69848268800,69466062848,7.372,0.024
google/gemma-3-1b-it,NVIDIA GeForce RTX 5060 Ti,42,2WikiMultiHopQA,3,16,140,structural,39.4365,46.0659,38.6256,0,0,0,95,351,351,64592805888,64592805888,7.372,0.024
google/gemma-3-1b-it,NVIDIA GeForce RTX 5060 Ti,42,2WikiMultiHopQA,3,16,141,semantic,45.5165,0.0,0.0,0,1,1,29,235,285,28953804800,42585292800,7.372,0.024
google/gemma-3-1b-it,NVIDIA GeForce RTX 5060 Ti,42,2WikiMultiHopQA,3,16,142,multi-hop,45.988,0.0,0.0,0,1,1,93,218,291,24916262912,44397232128,7.372,0.024
google/gemma-3-1b-it,NVIDIA GeForce RTX 5060 Ti,42,2WikiMultiHopQA,3,16,143,semantic,41.4746,0.0,81.8121,0,1,0,73,329,329,56749457408,56749457408,7.372,0.024
google/gemma-3-1b-it,NVIDIA GeForce RTX 5060 Ti,42,2WikiMultiHopQA,3,16,144,multi-hop,0.0,0.0,0.0,1,1,1,118,374,374,73335308288,73335308288,7.372,0.024
google/gemma-3-1b-it,NVIDIA GeForce RTX 5060 Ti,42,2WikiMultiHopQA,3,16,145,multi-hop,32.5583,64.913,32.2364,0,0,0,27,283,283,41989701632,41989701632,7.372,0.024
google/gemma-3-1b-it,NVIDIA GeForce RTX 5060 Ti,42,2WikiMultiHopQA,3,16,146,multi-hop,33.8091,0.0,0.0,0,1,1,114,363,370,69084905472,71775027200,7.372,0.024
google/gemma-3-1b-it,NVIDIA GeForce RTX 5060 Ti,42,2WikiMultiHopQA,3,16,147,multi-hop,67.8941,0.0,35.691,0,1,0,128,384,384,77309411328,77309411328,7.372,0.024
google/gemma-3-1b-it,NVIDIA GeForce RTX 5060 Ti,42,2WikiMultiHopQA,3,16,148,multi-hop,30.3648,0.0,0.0,0,1,1,80,336,336,59190018048,59190018048,7.372,0.024
google/gemma-3-1b-it,NVIDIA GeForce RTX 5060 Ti,42,2WikiMultiHopQA,3,16,149,multi-hop,48.7605,32.7883,31.9088,0,0,0,101,357,357,66819981312,66819981312,7.372,0.024
google/gemma-3-1b-it,NVIDIA GeForce RTX 5060 Ti,42,2WikiMultiHopQA,3,16,150,semantic,31.8949,0.0,0.0,0,1,1,83,288,305,43486543872,48771891200,7.372,0.024
google/gemma-3-1b-it,NVIDIA GeForce RTX 5060 Ti,42,2WikiMultiHopQA,3,16,151,structural,27.6743,37.4628,30.8748,0,0,0,24,255,280,34091827200,41104179200,7.372,0.024
google/gemma-3-1b-it,NVIDIA GeForce RTX 5060 Ti,42,2WikiMultiHopQA,3,16,152,structural,29.9206,0.0,0.0,0,1,1,67,286,287,42884661248,43185078272,7.372,0.024
google/gemma-3-1b-it,NVIDIA GeForce RTX 5060 Ti,42,2WikiMultiHopQA,3,16,153,structural,29.5574,58.923,34.0872,0,0,0,85,341,315,60964732928,52022476800,7.372,0.024
google/gemma-3-1b-it,NVIDIA GeForce RTX 5060 Ti,42,2WikiMultiHopQA,3,16,154,multi-hop,0.0,0.0,0.0,1,1,1,24,255,280,34091827200,41104179200,7.372,0.024
google/gemma-3-1b-it,NVIDIA GeForce RTX 5060 Ti,42,2WikiMultiHopQA,3,16,155,multi-hop,25.4959,0.0,0.0,0,1,1,4,9,11,42467328,63438848,7.372,0.024
google/gemma-3-1b-it,NVIDIA GeForce RTX 5060 Ti,42,2WikiMultiHopQA,3,16,156,structural,34.7556,50.0996,42.1916,0,0,0,102,358,358,67194847232,67194847232,7.372,0.024
google/gemma-3-1b-it,NVIDIA GeForce RTX 5060 Ti,42,2WikiMultiHopQA,3,16,157,multi-hop,29.8911,0.0,0.0,0,1,1,105,361,361,68325736448,68325736448,7.372,0.024
google/gemma-3-1b-it,NVIDIA GeForce RTX 5060 Ti,42,2WikiMultiHopQA,3,16,158,multi-hop,49.699,0.0,59.5673,0,1,0,107,289,217,43789058048,24688197632,7.372,0.024
google/gemma-3-1b-it,NVIDIA GeForce RTX 5060 Ti,42,2WikiMultiHopQA,3,16,159,structural,52.9484,78.9908,42.6998,0,0,0,115,371,371,72163524608,72163524608,7.372,0.024
google/gemma-3-1b-it,NVIDIA GeForce RTX 5060 Ti,42,2WikiMultiHopQA,3,16,160,semantic,59.1041,0.0,0.0,0,1,1,64,320,320,53687091200,53687091200,7.372,0.024
google/gemma-3-1b-it,NVIDIA GeForce RTX 5060 Ti,42,2WikiMultiHopQA,3,16,161,multi-hop,38.0323,0.0,0.0,0,1,1,63,269,310,37938003968,50384076800,7.372,0.024
google/gemma-3-1b-it,NVIDIA GeForce RTX 5060 Ti,42,2WikiMultiHopQA,3,16,162,multi-hop,47.6462,0.0,0.0,0,1,1,95,351,351,64592805888,64592805888,7.372,0.024
google/gemma-3-1b-it,NVIDIA GeForce RTX 5060 Ti,42,2WikiMultiHopQA,3,16,163,multi-hop,39.3826,77.9872,55.5214,0,0,0,105,361,361,68325736448,68325736448,7.372,0.024
google/gemma-3-1b-it,NVIDIA GeForce RTX 5060 Ti,42,2WikiMultiHopQA,3,16,164,semantic,58.4057,0.0,54.2197,0,1,0,93,218,291,24916262912,44397232128,7.372,0.024
google/gemma-3-1b-it,NVIDIA GeForce RTX 5060 Ti,42,2WikiMultiHopQA,3,16,165,multi-hop,33.7331,0.0,0.0,0,1,1,87,343,343,61681958912,61681958912,7.372,0.024
google/gemma-3-1b-it,NVIDIA GeForce RTX 5060 Ti,42,2WikiMultiHopQA,3,16,166,multi-hop,45.8954,0.0,44.4825,0,1,0,108,364,352,69466062848,64961380352,7.372,0.024
google/gemma-3-1b-it,NVIDIA GeForce RTX 5060 Ti,42,2WikiMultiHopQA,3,16,167,multi-hop,41.9768,0.0,0.0,0,1,1,91,285,286,42585292800,42884661248,7.372,0.024
google/gemma-3-1b-it,NVIDIA GeForce RTX 5060 Ti,42,2WikiMultiHopQA,3,16,168,semantic,29.7299,0.0,0.0,0,1,1,106,362,362,68704796672,68704796672,7.372,0.024
google/gemma-3-1b-it,NVIDIA GeForce RTX 5060 Ti,42,2WikiMultiHopQA,3,16,169,multi-hop,35.1673,28.9808,0.0,0,0,1,80,336,336,59190018048,59190018048,7.372,0.024
google/gemma-3-1b-it,NVIDIA GeForce RTX 5060 Ti,42,2WikiMultiHopQA,3,16,170,multi-hop,34.6508,42.7505,42.6775,0,0,0,2,11,10,63438848,52428800,7.372,0.024
google/gemma-3-1b-it,NVIDIA GeForce RTX 5060 Ti,42,2WikiMultiHopQA,3,16,171,multi-hop,38.5311,0.0,37.6548,0,1,0,149,405,405,85996339200,85996339200,7.372,0.024
google/gemma-3-1b-it,NVIDIA GeForce RTX 5060 Ti,42,2WikiMultiHopQA,3,16,172,structural,34.6614,26.1492,61.3544,0,0,0,95,351,351,64592805888,64592805888,7.372,0.024
google/gemma-3-1b-it,NVIDIA GeForce RTX 5060 Ti,42,2WikiMultiHopQA,3,16,173,multi-hop,65.2763,0.0,38.6416,0,1,0,109,365,364,69848268800,69466062848,7.372,0.024
google/gemma-3-1b-it,NVIDIA GeForce RTX 5060 Ti,42,2WikiMultiHopQA,3,16,174,semantic,0.0,0.0,0.0,1,1,1,100,286,319,42884661248,53352071168,7.372,0.024
google/gemma-3-1b-it,NVIDIA GeForce RTX 5060 Ti,42,2WikiMultiHopQA,3,16,175,multi-hop,34.796,38.9521,32.5189,0,0,0,106,362,362,68704796672,68704796672,7.372,0.024
google/gemma-3-1b-it,NVIDIA GeForce RTX 5060 Ti,42,2WikiMultiHopQA,3,16,176,multi-hop,30.6378,0.0,0.0,0,1,1,76,332,292,57789120512,44702892032,7.372,0.024
google/gemma-3-1b-it,NVIDIA GeForce RTX 5060 Ti,42,2WikiMultiHopQA,3,16,177,multi-hop,51.8005,0.0,58.1898,0,1,0,139,395,395,81802035200,81802035200,7.372,0.024
google/gemma-3-1b-it,NVIDIA GeForce RTX 5060 Ti,42,2WikiMultiHopQA,3,16,178,structural,50.5956,35.2265,32.9021,0,0,0,117,343,343,61681958912,61681958912,7.372,0.024
google/gemma-3-1b-it,NVIDIA GeForce RTX 5060 Ti,42,2WikiMultiHopQA,3,16,179,structural,50.5875,64.2557,0.0,0,0,1,113,369,369,71387578368,71387578368,7.372,0.024
google/gemma-3-1b-it,NVIDIA GeForce RTX 5060 Ti,42,2WikiMultiHopQA,3,16,180,semantic,34.9259,0.0,28.4699,0,1,0,3,98,259,5035261952,35169763328,7.372,0.024
google/gemma-3-1b-it,NVIDIA GeForce RTX 5060 Ti,42,2WikiMultiHopQA,3,16,181,structural,0.0,0.0,0.0,1,1,1,76,332,292,57789120512,44702892032,7.372,0.024
google/gemma-3-1b-it,NVIDIA GeForce RTX 5060 Ti,42,2WikiMultiHopQA,3,16,182,multi-hop,60.3253,0.0,0.0,0,1,1,6,238,51,29697769472,1363673088,7.372,0.024
google/gemma-3-1b-it,NVIDIA GeForce RTX 5060 Ti,42,2WikiMultiHopQA,3,16,183,multi-hop,59.0273,0.0,62.2188,0,1,0,58,314,314,51692699648,51692699648,7.372,0.024
google/gemma-3-1b-it,NVIDIA GeForce RTX 5060 Ti,42,2WikiMultiHopQA,3,16,184,structural,29.7049,49.8517,49.0978,0,0,0,86,342,342,61322821632,61322821632,7.372,0.024
google/gemma-3-1b-it,NVIDIA GeForce RTX 5060 Ti,42,2WikiMultiHopQA,3,16,185,multi-hop,41.0792,0.0,0.0,0,1,1,12,26,26,354418688,354418688,7.372,0.024
google/gemma-3-1b-it,NVIDIA GeForce RTX 5060 Ti,42,2WikiMultiHopQA,3,16,186,semantic,36.019,33.0638,46.0448,0,0,0,85,329,329,56749457408,56749457408,7.372,0.024
google/gemma-3-1b-it,NVIDIA GeForce RTX 5060 Ti,42,2WikiMultiHopQA,3,16,187,multi-hop,42.449,0.0,44.8174,0,1,0,113,369,369,71387578368,71387578368,7.372,0.024
google/gemma-3-1b-it,NVIDIA GeForce RTX 5060 Ti,42,2WikiMultiHopQA,3,16,188,multi-hop,76.3085,0.0,37.4821,0,1,0,16,234,272,28707913728,38788923392,7.372,0.024
google/gemma-3-1b-it,NVIDIA GeForce RTX 5060 Ti,42,2WikiMultiHopQA,3,16,189,structural,61.7038,0.0,0.0,0,1,1,194,450,397,106168320000,82632507392,7.372,0.024
google/gemma-3-1b-it,NVIDIA GeForce RTX 5060 Ti,42,2WikiMultiHopQA,3,16,190,structural,27.2276,52.7443,32.8823,0,0,0,106,362,362,68704796672,68704796672,7.372,0.024
google/gemma-3-1b-it,NVIDIA GeForce RTX 5060 Ti,42,2WikiMultiHopQA,3,16,191,structural,0.0,0.0,0.0,1,1,1,2,7,21,25690112,231211008,7.372,0.024
google/gemma-3-1b-it,NVIDIA GeForce RTX 5060 Ti,42,2WikiMultiHopQA,3,16,192,multi-hop,68.0852,43.5045,47.8837,0,0,0,64,320,320,53687091200,53687091200,7.372,0.024
google/gemma-3-1b-it,NVIDIA GeForce RTX 5060 Ti,42,2WikiMultiHopQA,3,16,193,semantic,59.1036,0.0,0.0,0,1,1,139,395,395,81802035200,81802035200,7.372,0.024
google/gemma-3-1b-it,NVIDIA GeForce RTX 5060 Ti,42,2WikiMultiHopQA,3,16,194,multi-hop,38.5619,38.2328,43.6576,0,0,0,2,11,9,63438848,42467328,7.372,0.024
google/gemma-3-1b-it,NVIDIA GeForce RTX 5060 Ti,42,2WikiMultiHopQA,3,16,195,multi-hop,34.0859,36.7381,31.6076,0,0,0,111,342,353,61322821632,65331003392,7.372,0.024
google/gemma-3-1b-it,NVIDIA GeForce RTX 5060 Ti,42,2WikiMultiHopQA,3,16,196,multi-hop,40.5082,0.0,65.9052,0,1,0,114,370,370,71775027200,71775027200,7.372,0.024
google/gemma-3-1b-it,NVIDIA GeForce RTX 5060 Ti,42,2WikiMultiHopQA,3,16,197,semantic,55.0144,0.0,0.0,0,1,1,35,237,252,29448732672,33294385152,7.372,0.024
google/gemma-3-1b-it,NVIDIA GeForce RTX 5060 Ti,42,2WikiMultiHopQA,3,16,198,semantic,0.0,0.0,0.0,1,1,1,139,395,395,81802035200,81802035200,7.372,0.024
google/gemma-3-1b-it,NVIDIA GeForce RTX 5060 Ti,42,2WikiMultiHopQA,3,16,199,semantic,45.5616,0.0,0.0,0,1,1,90,346,346,62765662208,62765662208,7.372,0.024
google/gemma-3-1b-it,NVIDIA GeForce RTX 5060 Ti,42,2WikiMultiHopQA,3,16,200,multi-hop,0.0,0.0,0.0,1,1,1,93,349,242,63858802688,30704402432,7.372,0.024
google/gemma-3-1b-it,NVIDIA GeForce RTX 5060 Ti,42,2WikiMultiHopQA,3,16,201,multi-hop,29.2912,0.0,0.0,0,1,1,109,365,365,69848268800,69848268800,7.372,0.024
google/gemma-3-1b-it,NVIDIA GeForce RTX 5060 Ti,42,2WikiMultiHopQA,3,16,202,semantic,38.6316,0.0,34.9251,0,1,0,68,240,324,30198988800,55037657088,7.372,0.024
google/gemma-3-1b-it,NVIDIA GeForce RTX 5060 Ti,42,2WikiMultiHopQA,3,16,203,semantic,61.4022,0.0,60.7035,0,1,0,121,377,327,74516529152,56061591552,7.372,0.024
google/gemma-3-1b-it,NVIDIA GeForce RTX 5060 Ti,42,2WikiMultiHopQA,3,16,204,multi-hop,35.06,56.1639,63.7943,0,0,0,93,329,348,56749457408,63493373952,7.372,0.024
google/gemma-3-1b-it,NVIDIA GeForce RTX 5060 Ti,42,2WikiMultiHopQA,3,16,205,multi-hop,29.8967,63.3245,58.9546,0,0,0,67,286,287,42884661248,43185078272,7.372,0.024
google/gemma-3-1b-it,NVIDIA GeForce RTX 5060 Ti,42,2WikiMultiHopQA,3,16,206,multi-hop,75.9505,0.0,47.1801,0,1,0,113,369,369,71387578368,71387578368,7.372,0.024
google/gemma-3-1b-it,NVIDIA GeForce RTX 5060 Ti,42,2WikiMultiHopQA,3,16,207,multi-hop,37.5222,0.0,46.9824,0,1,0,2,10,21,52428800,231211008,7.372,0.024
google/gemma-3-1b-it,NVIDIA GeForce RTX 5060 Ti,42,2WikiMultiHopQA,3,16,208,semantic,53.7822,69.4092,42.7814,0,0,0,114,370,370,71775027200,71775027200,7.372,0.024
google/gemma-3-1b-it,NVIDIA GeForce RTX 5060 Ti,42,2WikiMultiHopQA,3,16,209,semantic,0.0,0.0,39.1646,1,1,0,78,334,334,58487472128,58487472128,7.372,0.024
google/gemma-3-1b-it,NVIDIA GeForce RTX 5060 Ti,42,2WikiMultiHopQA,3,16,210,multi-hop,49.0153,0.0,70.7305,0,1,0,101,357,357,66819981312,66819981312,7.372,0.024
google/gemma-3-1b-it,NVIDIA GeForce RTX 5060 Ti,42,2WikiMultiHopQA,3,16,211,multi-hop,56.4986,71.4417,58.6185,0,0,0,85,341,315,60964732928,52022476800,7.372,0.024
google/gemma-3-1b-it,NVIDIA GeForce RTX 5060 Ti,42,2WikiMultiHopQA,3,16,212,semantic,62.7531,0.0,0.0,0,1,1,95,329,329,56749457408,56749457408,7.372,0.024
google/gemma-3-1b-it,NVIDIA GeForce RTX 5060 Ti,42,2WikiMultiHopQA,3,16,213,structural,67.4692,27.9548,74.7896,0,0,0,63,269,310,37938003968,50384076800,7.372,0.024
google/gemma-3-1b-it,NVIDIA GeForce RTX 5060 Ti,42,2WikiMultiHopQA,3,16,214,multi-hop,42.1578,0.0,0.0,0,1,1,16,51,52,1363673088,1417674752,7.372,0.024
google/gemma-3-1b-it,NVIDIA GeForce RTX 5060 Ti,42,2WikiMultiHopQA,3,16,215,multi-hop,31.6745,54.5971,52.2845,0,0,0,35,241,291,30451171328,44397232128,7.372,0.024
google/gemma-3-1b-it,NVIDIA GeForce RTX 5060 Ti,42,2WikiMultiHopQA,3,16,216,multi-hop,69.3222,0.0,0.0,0,1,1,23,279,279,40811102208,40811102208,7.372,0.024
google/gemma-3-1b-it,NVIDIA GeForce RTX 5060 Ti,42,2WikiMultiHopQA,3,16,217,semantic,34.2401,0.0,0.0,0,1,1,70,326,326,55719231488,55719231488,7.372,0.024
google/gemma-3-1b-it,NVIDIA GeForce RTX 5060 Ti,42,2WikiMultiHopQA,3,16,218,semantic,50.8938,0.0,57.7931,0,1,0,133,389,389,79335784448,79335784448,7.372,0.024
google/gemma-3-1b-it,NVIDIA GeForce RTX 5060 Ti,42,2WikiMultiHopQA,3,16,219,structural,36.9098,61.8819,88.9695,0,0,0,52,308,308,49736056832,49736056832,7.372,0.024
google/gemma-3-1b-it,NVIDIA GeForce RTX 5060 Ti,42,2WikiMultiHopQA,3,16,220,multi-hop,73.9875,0.0,58.8567,0,1,0,17,243,273,30958682112,39074660352,7.372,0.024
google/gemma-3-1b-it,NVIDIA GeForce RTX 5060 Ti,42,2WikiMultiHopQA,3,16,221,semantic,50.195,0.0,29.797,0,1,0,101,357,357,66819981312,66819981312,7.372,0.024
google/gemma-3-1b-it,NVIDIA GeForce RTX 5060 Ti,42,2WikiMultiHopQA,3,16,222,structural,39.0529,41.6383,35.3588,0,0,0,100,302,356,47817162752,66446163968,7.372,0.024
google/gemma-3-1b-it,NVIDIA GeForce RTX 5060 Ti,42,2WikiMultiHopQA,3,16,223,multi-hop,46.3989,0.0,0.0,0,1,1,48,304,304,48452599808,48452599808,7.372,0.024
google/gemma-3-1b-it,NVIDIA GeForce RTX 5060 Ti,42,2WikiMultiHopQA,3,16,224,multi-hop,69.346,46.3022,0.0,0,0,1,114,370,370,71775027200,71775027200,7.372,0.024
google/gemma-3-1b-it,NVIDIA GeForce RTX 5060 Ti,42,2WikiMultiHopQA,3,16,225,structural,34.0022,40.7493,28.7072,0,0,0,85,289,289,43789058048,43789058048,7.372,0.024
google/gemma-3-1b-it,NVIDIA GeForce RTX 5060 Ti,42,2WikiMultiHopQA,3,16,226,semantic,37.5846,0.0,76.0932,0,1,0,120,292,362,44702892032,68704796672,7.372,0.024
google/gemma-3-1b-it,NVIDIA GeForce RTX 5060 Ti,42,2WikiMultiHopQA,3,16,227,semantic,0.0,0.0,0.0,1,1,1,83,327,339,56061591552,60251701248,7.372,0.024
google/gemma-3-1b-it,NVIDIA GeForce RTX 5060 Ti,42,2WikiMultiHopQA,3,16,228,structural,62.6707,57.0584,61.8956,0,0,0,42,184,298,17750294528,46558871552,7.372,0.024
google/gemma-3-1b-it,NVIDIA GeForce RTX 5060 Ti,42,2WikiMultiHopQA,3,16,229,multi-hop,97.8408,38.3164,64.1454,0,0,0,40,153,296,12273057792,45936017408,7.372,0.024
google/gemma-3-1b-it,NVIDIA GeForce RTX 5060 Ti,42,2WikiMultiHopQA,3,16,230,structural,77.8324,46.1766,44.5173,0,0,0,77,326,333,55719231488,58137772032,7.372,0.024
google/gemma-3-1b-it,NVIDIA GeForce RTX 5060 Ti,42,2WikiMultiHopQA,3,16,231,semantic,60.5103,0.0,0.0,0,1,1,102,358,358,67194847232,67194847232,7.372,0.024
google/gemma-3-1b-it,NVIDIA GeForce RTX 5060 Ti,42,2WikiMultiHopQA,3,16,232,structural,86.2319,62.5306,38.8462,0,0,0,3,8,10,33554432,52428800,7.372,0.024
google/gemma-3-1b-it,NVIDIA GeForce RTX 5060 Ti,42,2WikiMultiHopQA,3,16,233,structural,39.1946,0.0,0.0,0,1,1,95,351,351,64592805888,64592805888,7.372,0.024
google/gemma-3-1b-it,NVIDIA GeForce RTX 5060 Ti,42,2WikiMultiHopQA,3,16,234,semantic,37.154,0.0,0.0,0,1,1,2,7,7,25690112,25690112,7.372,0.024
google/gemma-3-1b-it,NVIDIA GeForce RTX 5060 Ti,42,2WikiMultiHopQA,3,16,235,multi-hop,0.0,0.0,0.0,1,1,1,83,327,339,56061591552,60251701248,7.372,0.024
google/gemma-3-1b-it,NVIDIA GeForce RTX 5060 Ti,42,2WikiMultiHopQA,3,16,236,multi-hop,30.2477,0.0,66.8612,0,1,0,140,396,396,82216747008,82216747008,7.372,0.024
google/gemma-3-1b-it,NVIDIA GeForce RTX 5060 Ti,42,2WikiMultiHopQA,3,16,237,structural,29.6444,0.0,0.0,0,1,1,100,356,356,66446163968,66446163968,7.372,0.024
google/gemma-3-1b-it,NVIDIA GeForce RTX 5060 Ti,42,2WikiMultiHopQA,3,16,238,multi-hop,48.9462,78.3714,33.0741,0,0,0,53,309,309,50059542528,50059542528,7.372,0.024
google/gemma-3-1b-it,NVIDIA GeForce RTX 5060 Ti,42,2WikiMultiHopQA,3,16,239,structural,33.4306,38.8389,56.0988,0,0,0,80,199,274,20762329088,39361445888,7.372,0.024
google/gemma-3-1b-it,NVIDIA GeForce RTX 5060 Ti,42,2WikiMultiHopQA,3,16,240,multi-hop,62.1625,0.0,44.3593,0,1,0,20,186,248,18138267648,32245809152,7.372,0.024
google/gemma-3-1b-it,NVIDIA GeForce RTX 5060 Ti,42,2WikiMultiHopQA,3,16,241,multi-hop,29.095,0.0,41.3328,0,1,0,107,363,337,69084905472,59542863872,7.372,0.024
google/gemma-3-1b-it,NVIDIA GeForce RTX 5060 Ti,42,2WikiMultiHopQA,3,16,242,multi-hop,58.167,57.4118,60.9981,0,0,0,146,402,402,84727037952,84727037952,7.372,0.024
google/gemma-3-1b-it,NVIDIA GeForce RTX 5060 Ti,42,2WikiMultiHopQA,3,16,243,multi-hop,76.6304,30.597,0.0,0,0,1,6,199,262,20762329088,35989225472,7.372,0.024
google/gemma-3-1b-it,NVIDIA GeForce RTX 5060 Ti,42,2WikiMultiHopQA,3,16,244,semantic,36.0191,0.0,77.5189,0,1,0,78,334,334,58487472128,58487472128,7.372,0.024
google/gemma-3-1b-it,NVIDIA GeForce RTX 5060 Ti,42,2WikiMultiHopQA,3,16,245,multi-hop,58.7427,34.0444,53.6198,0,0,0,155,411,370,88563253248,71775027200,7.372,0.024
google/gemma-3-1b-it,NVIDIA GeForce RTX 5060 Ti,42,2WikiMultiHopQA,3,16,246,structural,61.6134,76.6387,60.8152,0,0,0,135,391,351,80153673728,64592805888,7.372,0.024
google/gemma-3-1b-it,NVIDIA GeForce RTX 5060 Ti,42,2WikiMultiHopQA,3,16,247,structural,53.7623,0.0,0.0,0,1,1,13,196,269,20141047808,37938003968,7.372,0.024
google/gemma-3-1b-it,NVIDIA GeForce RTX 5060 Ti,42,2WikiMultiHopQA,3,16,248,semantic,54.9285,0.0,49.973,0,1,0,138,394,394,81388371968,81388371968,7.372,0.024
google/gemma-3-1b-it,NVIDIA GeForce RTX 5060 Ti,42,2WikiMultiHopQA,3,16,249,multi-hop,44.2871,0.0,45.3238,0,1,0,103,359,359,67570761728,67570761728,7.372,0.024
google/gemma-3-1b-it,NVIDIA GeForce RTX 5060 Ti,42,2WikiMultiHopQA,3,16,250,semantic,91.5121,0.0,0.0,0,1,1,122,378,378,74912366592,74912366592,7.372,0.024
google/gemma-3-1b-it,NVIDIA GeForce RTX 5060 Ti,42,2WikiMultiHopQA,3,16,251,multi-hop,36.2382,58.8777,58.3752,0,0,0,48,304,304,48452599808,48452599808,7.372,0.024
google/gemma-3-1b-it,NVIDIA GeForce RTX 5060 Ti,42,2WikiMultiHopQA,3,16,252,multi-hop,0.0,0.0,38.6176,1,1,0,35,241,291,30451171328,44397232128,7.372,0.024
google/gemma-3-1b-it,NVIDIA GeForce RTX 5060 Ti,42,2WikiMultiHopQA,3,16,253,multi-hop,51.3427,54.3032,0.0,0,0,1,113,369,369,71387578368,71387578368,7.372,0.024
google/gemma-3-1b-it,NVIDIA GeForce RTX 5060 Ti,42,2WikiMultiHopQA,3,16,254,multi-hop,70.2534,49.2937,52.4722,0,0,0,4,215,255,24235212800,34091827200,7.372,0.024
google/gemma-3-1b-it,NVIDIA GeForce RTX 5060 Ti,42,2WikiMultiHopQA,3,16,255,multi-hop,45.4069,71.9182,50.0889,0,0,0,122,378,378,74912366592,74912366592,7.372,0.024
google/gemma-3-1b-it,NVIDIA GeForce RTX 5060 Ti,42,2WikiMultiHopQA,3,16,256,multi-hop,67.4978,67.5168,41.7463,0,0,0,46,302,302,47817162752,47817162752,7.372,0.024
google/gemma-3-1b-it,NVIDIA GeForce RTX 5060 Ti,42,2WikiMultiHopQA,3,16,257,semantic,64.9728,0.0,37.9158,0,1,0,79,271,281,38504235008,41398304768,7.372,0.024
google/gemma-3-1b-it,NVIDIA GeForce RTX 5060 Ti,42,2WikiMultiHopQA,3,16,258,multi-hop,56.2074,0.0,0.0,0,1,1,48,304,304,48452599808,48452599808,7.372,0.024
google/gemma-3-1b-it,NVIDIA GeForce RTX 5060 Ti,42,2WikiMultiHopQA,3,16,259,multi-hop,31.8699,0.0,0.0,0,1,1,2,7,110,25690112,6343884800,7.372,0.024
google/gemma-3-1b-it,NVIDIA GeForce RTX 5060 Ti,42,2WikiMultiHopQA,3,16,260,structural,40.2837,40.2981,42.2833,0,0,0,12,26,26,354418688,354418688,7.372,0.024
google/gemma-3-1b-it,NVIDIA GeForce RTX 5060 Ti,42,2WikiMultiHopQA,3,16,261,semantic,62.1209,0.0,47.8437,0,1,0,12,18,268,169869312,37656461312,7.372,0.024
google/gemma-3-1b-it,NVIDIA GeForce RTX 5060 Ti,42,2WikiMultiHopQA,3,16,262,multi-hop,40.8153,0.0,28.8755,0,1,0,119,375,375,73728000000,73728000000,7.372,0.024
google/gemma-3-1b-it,NVIDIA GeForce RTX 5060 Ti,42,2WikiMultiHopQA,3,16,263,semantic,43.0828,0.0,43.7731,0,1,0,135,391,372,80153673728,72553070592,7.372,0.024
google/gemma-3-1b-it,NVIDIA GeForce RTX 5060 Ti,42,2WikiMultiHopQA,3,16,264,semantic,50.003,0.0,0.0,0,1,1,96,289,345,43789058048,62403379200,7.372,0.024
google/gemma-3-1b-it,NVIDIA GeForce RTX 5060 Ti,42,2WikiMultiHopQA,3,16,265,semantic,48.3751,0.0,0.0,0,1,1,59,315,315,52022476800,52022476800,7.372,0.024
google/gemma-3-1b-it,NVIDIA GeForce RTX 5060 Ti,42,2WikiMultiHopQA,3,16,266,semantic,0.0,0.0,0.0,1,1,1,209,465,465,113364172800,113364172800,7.372,0.024
google/gemma-3-1b-it,NVIDIA GeForce RTX 5060 Ti,42,2WikiMultiHopQA,3,16,267,structural,40.1479,36.6612,0.0,0,0,1,32,288,288,43486543872,43486543872,7.372,0.024
google/gemma-3-1b-it,NVIDIA GeForce RTX 5060 Ti,42,2WikiMultiHopQA,3,16,268,structural,34.1644,29.2316,33.9075,0,0,0,111,342,353,61322821632,65331003392,7.372,0.024
google/gemma-3-1b-it,NVIDIA GeForce RTX 5060 Ti,42,2WikiMultiHopQA,3,16,269,semantic,51.5215,52.9955,42.9365,0,0,0,64,320,320,53687091200,53687091200,7.372,0.024
google/gemma-3-1b-it,NVIDIA GeForce RTX 5060 Ti,42,2WikiMultiHopQA,3,16,270,multi-hop,77.8274,0.0,50.833,0,1,0,119,375,375,73728000000,73728000000,7.372,0.024
google/gemma-3-1b-it,NVIDIA GeForce RTX 5060 Ti,42,2WikiMultiHopQA,3,16,271,multi-hop,69.2371,0.0,39.6914,0,1,0,28,159,284,13254524928,42286972928,7.372,0.024
google/gemma-3-1b-it,NVIDIA GeForce RTX 5060 Ti,42,2WikiMultiHopQA,3,16,272,semantic,71.2225,0.0,46.4866,0,1,0,20,276,276,39938162688,39938162688,7.372,0.024
google/gemma-3-1b-it,NVIDIA GeForce RTX 5060 Ti,42,2WikiMultiHopQA,3,16,273,multi-hop,79.8449,72.5132,54.367,0,0,0,22,56,48,1644167168,1207959552,7.372,0.024
google/gemma-3-1b-it,NVIDIA GeForce RTX 5060 Ti,42,2WikiMultiHopQA,3,16,274,multi-hop,74.5014,0.0,79.1195,0,1,0,112,359,368,67570761728,71001178112,7.372,0.024
google/gemma-3-1b-it,NVIDIA GeForce RTX 5060 Ti,42,2WikiMultiHopQA,3,16,275,multi-hop,65.457,0.0,33.4968,0,1,0,80,199,274,20762329088,39361445888,7.372,0.024
google/gemma-3-1b-it,NVIDIA GeForce RTX 5060 Ti,42,2WikiMultiHopQA,3,16,276,multi-hop,32.9169,0.0,0.0,0,1,1,36,238,292,29697769472,44702892032,7.372,0.024
google/gemma-3-1b-it,NVIDIA GeForce RTX 5060 Ti,42,2WikiMultiHopQA,3,16,277,structural,32.7646,81.303,69.1961,0,0,0,25,269,182,37938003968,17366515712,7.372,0.024
google/gemma-3-1b-it,NVIDIA GeForce RTX 5060 Ti,42,2WikiMultiHopQA,3,16,278,multi-hop,59.2445,61.3381,73.24,0,0,0,81,337,337,59542863872,59542863872,7.372,0.024
google/gemma-3-1b-it,NVIDIA GeForce RTX 5060 Ti,42,2WikiMultiHopQA,3,16,279,structural,55.3281,43.9716,42.4969,0,0,0,145,401,377,84306034688,74516529152,7.372,0.024
google/gemma-3-1b-it,NVIDIA GeForce RTX 5060 Ti,42,2WikiMultiHopQA,3,16,280,multi-hop,41.817,85.7367,60.502,0,0,0,57,242,313,30704402432,51363971072,7.372,0.024
google/gemma-3-1b-it,NVIDIA GeForce RTX 5060 Ti,42,2WikiMultiHopQA,3,16,281,semantic,49.8098,0.0,0.0,0,1,1,105,361,361,68325736448,68325736448,7.372,0.024
google/gemma-3-1b-it,NVIDIA GeForce RTX 5060 Ti,42,2WikiMultiHopQA,3,16,282,semantic,48.2716,0.0,44.5685,0,1,0,36,292,292,44702892032,44702892032,7.372,0.024
google/gemma-3-1b-it,NVIDIA GeForce RTX 5060 Ti,42,2WikiMultiHopQA,3,16,283,structural,86.7416,50.1087,87.0912,0,0,0,29,285,285,42585292800,42585292800,7.372,0.024
google/gemma-3-1b-it,NVIDIA GeForce RTX 5060 Ti,42,2WikiMultiHopQA,3,16,284,multi-hop,71.7856,0.0,0.0,0,1,1,118,374,374,73335308288,73335308288,7.372,0.024
google/gemma-3-1b-it,NVIDIA GeForce RTX 5060 Ti,42,2WikiMultiHopQA,3,16,285,structural,38.5315,0.0,0.0,0,1,1,34,290,290,44092620800,44092620800,7.372,0.024
google/gemma-3-1b-it,NVIDIA GeForce RTX 5060 Ti,42,2WikiMultiHopQA,3,16,286,multi-hop,75.4385,92.9973,37.2321,0,0,0,100,356,356,66446163968,66446163968,7.372,0.024
google/gemma-3-1b-it,NVIDIA GeForce RTX 5060 Ti,42,2WikiMultiHopQA,3,16,287,structural,64.7199,75.5257,0.0,0,0,1,98,324,350,55037657088,64225280000,7.372,0.024
google/gemma-3-1b-it,NVIDIA GeForce RTX 5060 Ti,42,2WikiMultiHopQA,3,16,288,multi-hop,48.1931,43.7301,45.3671,0,0,0,115,371,329,72163524608,56749457408,7.372,0.024
google/gemma-3-1b-it,NVIDIA GeForce RTX 5060 Ti,42,2WikiMultiHopQA,3,16,289,multi-hop,55.9053,0.0,0.0,0,1,1,105,336,308,59190018048,49736056832,7.372,0.024
google/gemma-3-1b-it,NVIDIA GeForce RTX 5060 Ti,42,2WikiMultiHopQA,3,16,290,semantic,67.6632,0.0,0.0,0,1,1,105,361,361,68325736448,68325736448,7.372,0.024
google/gemma-3-1b-it,NVIDIA GeForce RTX 5060 Ti,42,2WikiMultiHopQA,3,16,291,multi-hop,50.4938,84.8184,80.4881,0,0,0,100,356,356,66446163968,66446163968,7.372,0.024
google/gemma-3-1b-it,NVIDIA GeForce RTX 5060 Ti,42,2WikiMultiHopQA,3,16,292,multi-hop,53.6032,0.0,47.0831,0,1,0,20,276,276,39938162688,39938162688,7.372,0.024
google/gemma-3-1b-it,NVIDIA GeForce RTX 5060 Ti,42,2WikiMultiHopQA,3,16,293,multi-hop,81.316,69.8309,42.9372,0,0,0,24,231,224,27976531968,26306674688,7.372,0.024
google/gemma-3-1b-it,NVIDIA GeForce RTX 5060 Ti,42,2WikiMultiHopQA,3,16,294,multi-hop,66.0989,56.5346,41.7862,0,0,0,51,307,285,49413619712,42585292800,7.372,0.024
google/gemma-3-1b-it,NVIDIA GeForce RTX 5060 Ti,42,2WikiMultiHopQA,3,16,295,semantic,75.2205,0.0,60.412,0,1,0,146,402,402,84727037952,84727037952,7.372,0.024
google/gemma-3-1b-it,NVIDIA GeForce RTX 5060 Ti,42,2WikiMultiHopQA,3,16,296,multi-hop,66.0642,75.9306,74.7627,0,0,0,124,380,380,75707187200,75707187200,7.372,0.024
google/gemma-3-1b-it,NVIDIA GeForce RTX 5060 Ti,42,2WikiMultiHopQA,3,16,297,multi-hop,72.9006,38.8772,43.1117,0,0,0,78,334,334,58487472128,58487472128,7.372,0.024
google/gemma-3-1b-it,NVIDIA GeForce RTX 5060 Ti,42,2WikiMultiHopQA,3,16,298,structural,74.2285,48.9406,32.6015,0,0,0,5,24,24,301989888,301989888,7.372,0.024
google/gemma-3-1b-it,NVIDIA GeForce RTX 5060 Ti,42,2WikiMultiHopQA,3,16,299,semantic,55.9486,0.0,38.1689,0,1,0,123,379,379,75309252608,75309252608,7.372,0.024
google/gemma-3-1b-it,NVIDIA GeForce RTX 5060 Ti,42,2WikiMultiHopQA,3,16,300,multi-hop,38.8708,0.0,88.7898,0,1,0,121,377,377,74516529152,74516529152,7.372,0.024
google/gemma-3-1b-it,NVIDIA GeForce RTX 5060 Ti,42,2WikiMultiHopQA,3,16,301,multi-hop,53.6524,37.0647,0.0,0,0,1,103,359,359,67570761728,67570761728,7.372,0.024
google/gemma-3-1b-it,NVIDIA GeForce RTX 5060 Ti,42,2WikiMultiHopQA,3,16,302,structural,84.5156,69.191,73.5214,0,0,0,118,374,374,73335308288,73335308288,7.372,0.024
google/gemma-3-1b-it,NVIDIA GeForce RTX 5060 Ti,42,2WikiMultiHopQA,3,16,303,semantic,0.0,87.1589,59.6683,1,0,0,110,366,366,70231523328,70231523328,7.372,0.024
google/gemma-3-1b-it,NVIDIA GeForce RTX 5060 Ti,42,2WikiMultiHopQA,3,16,304,multi-hop,78.9287,78.4772,89.2251,0,0,0,50,306,306,49092231168,49092231168,7.372,0.024
google/gemma-3-1b-it,NVIDIA GeForce RTX 5060 Ti,42,2WikiMultiHopQA,3,16,305,multi-hop,65.6321,0.0,79.2224,0,1,0,46,302,302,47817162752,47817162752,7.372,0.024
google/gemma-3-1b-it,NVIDIA GeForce RTX 5060 Ti,42,2WikiMultiHopQA,3,16,306,semantic,42.4674,0.0,0.0,0,1,1,119,375,375,73728000000,73728000000,7.372,0.024
google/gemma-3-1b-it,NVIDIA GeForce RTX 5060 Ti,42,2WikiMultiHopQA,3,16,307,semantic,59.1403,0.0,73.7805,0,1,0,2,10,21,52428800,231211008,7.372,0.024
google/gemma-3-1b-it,NVIDIA GeForce RTX 5060 Ti,42,2WikiMultiHopQA,3,16,308,multi-hop,29.0117,0.0,0.0,0,1,1,107,363,363,69084905472,69084905472,7.372,0.024
google/gemma-3-1b-it,NVIDIA GeForce RTX 5060 Ti,42,2WikiMultiHopQA,3,16,309,multi-hop,57.7414,0.0,0.0,0,1,1,114,370,370,71775027200,71775027200,7.372,0.024
google/gemma-3-1b-it,NVIDIA GeForce RTX 5060 Ti,42,2WikiMultiHopQA,3,16,310,structural,66.9638,0.0,67.6683,0,1,0,80,199,274,20762329088,39361445888,7.372,0.024
google/gemma-3-1b-it,NVIDIA GeForce RTX 5060 Ti,42,2WikiMultiHopQA,3,16,311,multi-hop,69.7647,43.5801,0.0,0,0,1,122,378,378,74912366592,74912366592,7.372,0.024
google/gemma-3-1b-it,NVIDIA GeForce RTX 5060 Ti,42,2WikiMultiHopQA,3,16,312,multi-hop,64.3508,34.6853,79.2774,0,0,0,90,346,346,62765662208,62765662208,7.372,0.024
google/gemma-3-1b-it,NVIDIA GeForce RTX 5060 Ti,42,2WikiMultiHopQA,3,16,313,structural,54.9065,34.9792,35.5089,0,0,0,3,8,8,33554432,33554432,7.372,0.024
google/gemma-3-1b-it,NVIDIA GeForce RTX 5060 Ti,42,2WikiMultiHopQA,3,16,314,structural,28.5441,85.8013,37.113,0,0,0,16,51,52,1363673088,1417674752,7.372,0.024
google/gemma-3-1b-it,NVIDIA GeForce RTX 5060 Ti,42,2WikiMultiHopQA,3,16,315,multi-hop,71.696,30.6287,47.098,0,0,0,155,411,370,88563253248,71775027200,7.372,0.024
google/gemma-3-1b-it,NVIDIA GeForce RTX 5060 Ti,42,2WikiMultiHopQA,3,16,316,semantic,38.8979,0.0,53.8477,0,1,0,74,330,330,57094963200,57094963200,7.372,0.024
google/gemma-3-1b-it,NVIDIA GeForce RTX 5060 Ti,42,2WikiMultiHopQA,3,16,317,multi-hop,31.5166,0.0,61.9637,0,1,0,46,302,302,47817162752,47817162752,7.372,0.024
google/gemma-3-1b-it,NVIDIA GeForce RTX 5060 Ti,42,2WikiMultiHopQA,3,16,318,multi-hop,26.8481,0.0,0.0,0,1,1,4,260,260,35441868800,35441868800,7.372,0.024
google/gemma-3-1b-it,NVIDIA GeForce RTX 5060 Ti,42,2WikiMultiHopQA,3,16,319,semantic,61.6304,0.0,0.0,0,1,1,105,361,361,68325736448,68325736448,7.372,0.024
google/gemma-3-1b-it,NVIDIA GeForce RTX 5060 Ti,42,2WikiMultiHopQA,3,16,320,multi-hop,37.7359,0.0,0.0,0,1,1,102,358,358,67194847232,67194847232,7.372,0.024
google/gemma-3-1b-it,NVIDIA GeForce RTX 5060 Ti,42,2WikiMultiHopQA,3,16,321,multi-hop,56.5936,0.0,0.0,0,1,1,99,355,355,66073395200,66073395200,7.372,0.024
google/gemma-3-1b-it,NVIDIA GeForce RTX 5060 Ti,42,2WikiMultiHopQA,3,16,322,multi-hop,93.4865,36.5646,0.0,0,0,1,122,378,378,74912366592,74912366592,7.372,0.024
google/gemma-3-1b-it,NVIDIA GeForce RTX 5060 Ti,42,2WikiMultiHopQA,3,16,323,structural,0.0,76.603,59.6051,1,0,0,110,366,304,70231523328,48452599808,7.372,0.024
google/gemma-3-1b-it,NVIDIA GeForce RTX 5060 Ti,42,2WikiMultiHopQA,3,16,324,semantic,51.9584,0.0,59.1219,0,1,0,136,392,392,80564191232,80564191232,7.372,0.024
google/gemma-3-1b-it,NVIDIA GeForce RTX 5060 Ti,42,2WikiMultiHopQA,3,16,325,semantic,62.1016,0.0,93.0383,0,1,0,138,394,394,81388371968,81388371968,7.372,0.024
google/gemma-3-1b-it,NVIDIA GeForce RTX 5060 Ti,42,2WikiMultiHopQA,3,16,326,multi-hop,91.3299,41.2892,58.6536,0,0,0,139,395,395,81802035200,81802035200,7.372,0.024
google/gemma-3-1b-it,NVIDIA GeForce RTX 5060 Ti,42,2WikiMultiHopQA,3,16,327,structural,64.9242,74.0369,53.2476,0,0,0,93,349,242,63858802688,30704402432,7.372,0.024
google/gemma-3-1b-it,NVIDIA GeForce RTX 5060 Ti,42,2WikiMultiHopQA,3,16,328,multi-hop,82.3125,0.0,104.2228,0,1,0,33,260,194,35441868800,19732103168,7.372,0.024
google/gemma-3-1b-it,NVIDIA GeForce RTX 5060 Ti,42,2WikiMultiHopQA,3,16,329,multi-hop,73.4697,0.0,0.0,0,1,1,114,363,370,69084905472,71775027200,7.372,0.024
google/gemma-3-1b-it,NVIDIA GeForce RTX 5060 Ti,42,2WikiMultiHopQA,3,16,330,structural,86.7902,68.5164,81.3874,0,0,0,2,8,258,33554432,34898706432,7.372,0.024
google/gemma-3-1b-it,NVIDIA GeForce RTX 5060 Ti,42,2WikiMultiHopQA,3,16,331,multi-hop,94.4808,0.0,84.5972,0,1,0,209,465,465,113364172800,113364172800,7.372,0.024
google/gemma-3-1b-it,NVIDIA GeForce RTX 5060 Ti,42,2WikiMultiHopQA,3,16,332,multi-hop,82.3822,90.0396,95.4475,0,0,0,29,271,271,38504235008,38504235008,7.372,0.024
google/gemma-3-1b-it,NVIDIA GeForce RTX 5060 Ti,42,2WikiMultiHopQA,3,16,333,semantic,89.1542,0.0,61.38,0,1,0,80,336,336,59190018048,59190018048,7.372,0.024
google/gemma-3-1b-it,NVIDIA GeForce RTX 5060 Ti,42,2WikiMultiHopQA,3,16,334,semantic,75.5595,0.0,0.0,0,1,1,103,359,359,67570761728,67570761728,7.372,0.024
google/gemma-3-1b-it,NVIDIA GeForce RTX 5060 Ti,42,2WikiMultiHopQA,3,16,335,multi-hop,82.4187,0.0,0.0,0,1,1,22,278,278,40519073792,40519073792,7.372,0.024
google/gemma-3-1b-it,NVIDIA GeForce RTX 5060 Ti,42,2WikiMultiHopQA,3,16,336,multi-hop,93.2828,0.0,0.0,0,1,1,95,351,351,64592805888,64592805888,7.372,0.024
google/gemma-3-1b-it,NVIDIA GeForce RTX 5060 Ti,42,2WikiMultiHopQA,3,16,337,structural,98.2314,68.1616,72.1127,0,0,0,38,294,294,45317357568,45317357568,7.372,0.024
google/gemma-3-1b-it,NVIDIA GeForce RTX 5060 Ti,42,2WikiMultiHopQA,3,16,338,multi-hop,71.7265,0.0,0.0,0,1,1,2,7,7,25690112,25690112,7.372,0.024
google/gemma-3-1b-it,NVIDIA GeForce RTX 5060 Ti,42,2WikiMultiHopQA,3,16,339,multi-hop,58.5665,0.0,72.311,0,1,0,91,347,347,63128993792,63128993792,7.372,0.024
google/gemma-3-1b-it,NVIDIA GeForce RTX 5060 Ti,42,2WikiMultiHopQA,3,16,340,semantic,46.949,0.0,65.3138,0,1,0,32,288,287,43486543872,43185078272,7.372,0.024
google/gemma-3-1b-it,NVIDIA GeForce RTX 5060 Ti,42,2WikiMultiHopQA,3,16,341,semantic,71.5931,0.0,0.0,0,1,1,48,304,304,48452599808,48452599808,7.372,0.024
google/gemma-3-1b-it,NVIDIA GeForce RTX 5060 Ti,42,2WikiMultiHopQA,3,16,342,multi-hop,0.0,0.0,73.8313,1,1,0,2,7,7,25690112,25690112,7.372,0.024
google/gemma-3-1b-it,NVIDIA GeForce RTX 5060 Ti,42,2WikiMultiHopQA,3,16,343,structural,93.9019,85.1771,45.5849,0,0,0,3,8,8,33554432,33554432,7.372,0.024
google/gemma-3-1b-it,NVIDIA GeForce RTX 5060 Ti,42,2WikiMultiHopQA,3,16,344,multi-hop,51.6467,30.3538,0.0,0,0,1,105,361,361,68325736448,68325736448,7.372,0.024
google/gemma-3-1b-it,NVIDIA GeForce RTX 5060 Ti,42,2WikiMultiHopQA,3,16,345,semantic,100.5256,0.0,51.866,0,1,0,121,377,327,74516529152,56061591552,7.372,0.024
google/gemma-3-1b-it,NVIDIA GeForce RTX 5060 Ti,42,2WikiMultiHopQA,3,16,346,semantic,81.0651,0.0,0.0,0,1,1,5,16,24,134217728,301989888,7.372,0.024
google/gemma-3-1b-it,NVIDIA GeForce RTX 5060 Ti,42,2WikiMultiHopQA,3,16,347,structural,56.0193,68.0921,64.967,0,0,0,72,328,286,56405000192,42884661248,7.372,0.024
google/gemma-3-1b-it,NVIDIA GeForce RTX 5060 Ti,42,2WikiMultiHopQA,3,16,348,structural,70.1383,0.0,0.0,0,1,1,100,356,356,66446163968,66446163968,7.372,0.024
google/gemma-3-1b-it,NVIDIA GeForce RTX 5060 Ti,42,2WikiMultiHopQA,3,16,349,semantic,0.0,0.0,0.0,1,1,1,5,16,24,134217728,301989888,7.372,0.024
google/gemma-3-1b-it,NVIDIA GeForce RTX 5060 Ti,42,2WikiMultiHopQA,3,16,350,semantic,76.4787,0.0,98.2943,0,1,0,132,388,388,78928412672,78928412672,7.372,0.024
google/gemma-3-1b-it,NVIDIA GeForce RTX 5060 Ti,42,2WikiMultiHopQA,3,16,351,multi-hop,58.9822,81.0075,55.9246,0,0,0,58,314,314,51692699648,51692699648,7.372,0.024
google/gemma-3-1b-it,NVIDIA GeForce RTX 5060 Ti,42,2WikiMultiHopQA,3,16,352,structural,33.5286,96.9255,86.4167,0,0,0,2,7,110,25690112,6343884800,7.372,0.024
google/gemma-3-1b-it,NVIDIA GeForce RTX 5060 Ti,42,2WikiMultiHopQA,3,16,353,semantic,93.5897,0.0,0.0,0,1,1,101,357,357,66819981312,66819981312,7.372,0.024
google/gemma-3-1b-it,NVIDIA GeForce RTX 5060 Ti,42,2WikiMultiHopQA,3,16,354,semantic,0.0,0.0,0.0,1,1,1,122,378,378,74912366592,74912366592,7.372,0.024
google/gemma-3-1b-it,NVIDIA GeForce RTX 5060 Ti,42,2WikiMultiHopQA,3,16,355,semantic,50.5413,0.0,0.0,0,1,1,3,12,12,75497472,75497472,7.372,0.024
google/gemma-3-1b-it,NVIDIA GeForce RTX 5060 Ti,42,2WikiMultiHopQA,3,16,356,multi-hop,69.7741,72.4442,83.4528,0,0,0,95,351,351,64592805888,64592805888,7.372,0.024
google/gemma-3-1b-it,NVIDIA GeForce RTX 5060 Ti,42,2WikiMultiHopQA,3,16,357,structural,90.4068,0.0,0.0,0,1,1,141,397,397,82632507392,82632507392,7.372,0.024
google/gemma-3-1b-it,NVIDIA GeForce RTX 5060 Ti,42,2WikiMultiHopQA,3,16,358,multi-hop,63.0366,92.4243,74.5935,0,0,0,98,305,314,48771891200,51692699648,7.372,0.024
google/gemma-3-1b-it,NVIDIA GeForce RTX 5060 Ti,42,2WikiMultiHopQA,3,16,359,structural,68.6412,68.3974,68.0404,0,0,0,3,8,8,33554432,33554432,7.372,0.024
google/gemma-3-1b-it,NVIDIA GeForce RTX 5060 Ti,42,2WikiMultiHopQA,3,16,360,structural,46.2844,68.9846,34.9487,0,0,0,59,315,315,52022476800,52022476800,7.372,0.024
google/gemma-3-1b-it,NVIDIA GeForce RTX 5060 Ti,42,2WikiMultiHopQA,3,16,361,semantic,76.6439,0.0,0.0,0,1,1,78,334,334,58487472128,58487472128,7.372,0.024
google/gemma-3-1b-it,NVIDIA GeForce RTX 5060 Ti,42,2WikiMultiHopQA,3,16,362,multi-hop,77.4554,46.9625,63.0295,0,0,0,114,370,370,71775027200,71775027200,7.372,0.024
google/gemma-3-1b-it,NVIDIA GeForce RTX 5060 Ti,42,2WikiMultiHopQA,3,16,363,structural,39.585,83.9498,36.1902,0,0,0,84,336,336,59190018048,59190018048,7.372,0.024
google/gemma-3-1b-it,NVIDIA GeForce RTX 5060 Ti,42,2WikiMultiHopQA,3,16,364,semantic,34.8854,0.0,66.8754,0,1,0,91,347,347,63128993792,63128993792,7.372,0.024
google/gemma-3-1b-it,NVIDIA GeForce RTX 5060 Ti,42,2WikiMultiHopQA,3,16,365,semantic,73.7668,0.0,0.0,0,1,1,109,365,295,69848268800,45626163200,7.372,0.024
google/gemma-3-1b-it,NVIDIA GeForce RTX 5060 Ti,42,2WikiMultiHopQA,3,16,366,multi-hop,62.3812,70.7797,60.3969,0,0,0,110,366,366,70231523328,70231523328,7.372,0.024
google/gemma-3-1b-it,NVIDIA GeForce RTX 5060 Ti,42,2WikiMultiHopQA,3,16,367,semantic,66.4347,0.0,0.0,0,1,1,86,342,342,61322821632,61322821632,7.372,0.024
google/gemma-3-1b-it,NVIDIA GeForce RTX 5060 Ti,42,2WikiMultiHopQA,3,16,368,semantic,53.0697,0.0,65.7844,0,1,0,7,113,263,6694633472,36264476672,7.372,0.024
google/gemma-3-1b-it,NVIDIA GeForce RTX 5060 Ti,42,2WikiMultiHopQA,3,16,369,semantic,61.0499,0.0,0.0,0,1,1,103,359,359,67570761728,67570761728,7.372,0.024
google/gemma-3-1b-it,NVIDIA GeForce RTX 5060 Ti,42,2WikiMultiHopQA,3,16,370,multi-hop,37.3643,0.0,0.0,0,1,1,114,370,370,71775027200,71775027200,7.372,0.024
google/gemma-3-1b-it,NVIDIA GeForce RTX 5060 Ti,42,2WikiMultiHopQA,3,16,371,semantic,72.5457,0.0,0.0,0,1,1,8,51,53,1363673088,1472724992,7.372,0.024
google/gemma-3-1b-it,NVIDIA GeForce RTX 5060 Ti,42,2WikiMultiHopQA,3,16,372,multi-hop,36.1069,0.0,37.5687,0,1,0,16,234,272,28707913728,38788923392,7.372,0.024
google/gemma-3-1b-it,NVIDIA GeForce RTX 5060 Ti,42,2WikiMultiHopQA,3,16,373,multi-hop,66.3568,0.0,0.0,0,1,1,41,297,243,46246920192,30958682112,7.372,0.024
google/gemma-3-1b-it,NVIDIA GeForce RTX 5060 Ti,42,2WikiMultiHopQA,3,16,374,structural,108.2307,0.0,0.0,0,1,1,92,328,328,56405000192,56405000192,7.372,0.024
google/gemma-3-1b-it,NVIDIA GeForce RTX 5060 Ti,42,2WikiMultiHopQA,3,16,375,structural,95.944,77.3255,63.7906,0,0,0,95,351,351,64592805888,64592805888,7.372,0.024
google/gemma-3-1b-it,NVIDIA GeForce RTX 5060 Ti,42,2WikiMultiHopQA,3,16,376,multi-hop,76.2601,90.26,0.0,0,0,1,109,365,295,69848268800,45626163200,7.372,0.024
google/gemma-3-1b-it,NVIDIA GeForce RTX 5060 Ti,42,2WikiMultiHopQA,3,16,377,structural,98.3772,0.0,0.0,0,1,1,146,402,402,84727037952,84727037952,7.372,0.024
google/gemma-3-1b-it,NVIDIA GeForce RTX 5060 Ti,42,2WikiMultiHopQA,3,16,378,multi-hop,66.324,73.7312,0.0,0,0,1,5,12,143,75497472,10721165312,7.372,0.024
google/gemma-3-1b-it,NVIDIA GeForce RTX 5060 Ti,42,2WikiMultiHopQA,3,16,379,structural,94.7542,92.6383,69.1762,0,0,0,57,313,313,51363971072,51363971072,7.372,0.024
google/gemma-3-1b-it,NVIDIA GeForce RTX 5060 Ti,42,2WikiMultiHopQA,3,16,380,semantic,41.7055,0.0,94.7467,0,1,0,83,231,339,27976531968,60251701248,7.372,0.024
google/gemma-3-1b-it,NVIDIA GeForce RTX 5060 Ti,42,2WikiMultiHopQA,3,16,381,structural,50.4314,0.0,0.0,0,1,1,100,356,356,66446163968,66446163968,7.372,0.024
google/gemma-3-1b-it,NVIDIA GeForce RTX 5060 Ti,42,2WikiMultiHopQA,3,16,382,semantic,63.5495,0.0,36.3328,0,1,0,58,314,314,51692699648,51692699648,7.372,0.024
google/gemma-3-1b-it,NVIDIA GeForce RTX 5060 Ti,42,2WikiMultiHopQA,3,16,383,multi-hop,31.9687,0.0,0.0,0,1,1,24,280,275,41104179200,39649280000,7.372,0.024
google/gemma-3-1b-it,NVIDIA GeForce RTX 5060 Ti,42,2WikiMultiHopQA,3,16,384,structural,48.147,68.5446,84.8276,0,0,0,139,395,395,81802035200,81802035200,7.372,0.024
google/gemma-3-1b-it,NVIDIA GeForce RTX 5060 Ti,42,2WikiMultiHopQA,3,16,385,multi-hop,78.8726,29.1606,31.6933,0,0,0,26,147,182,11329339392,17366515712,7.372,0.024
google/gemma-3-1b-it,NVIDIA GeForce RTX 5060 Ti,42,2WikiMultiHopQA,3,16,386,semantic,86.1099,90.1285,53.1832,0,0,0,109,300,310,47185920000,50384076800,7.372,0.024
google/gemma-3-1b-it,NVIDIA GeForce RTX 5060 Ti,42,2WikiMultiHopQA,3,16,387,semantic,55.3041,0.0,71.3131,0,1,0,113,369,369,71387578368,71387578368,7.372,0.024
google/gemma-3-1b-it,NVIDIA GeForce RTX 5060 Ti,42,2WikiMultiHopQA,3,16,388,multi-hop,69.0307,0.0,60.8625,0,1,0,8,264,264,36540776448,36540776448,7.372,0.024
google/gemma-3-1b-it,NVIDIA GeForce RTX 5060 Ti,42,2WikiMultiHopQA,3,16,389,semantic,77.2849,0.0,0.0,0,1,1,99,355,355,66073395200,66073395200,7.372,0.024
google/gemma-3-1b-it,NVIDIA GeForce RTX 5060 Ti,42,2WikiMultiHopQA,3,16,390,multi-hop,0.0,48.5834,56.053,1,0,0,93,349,349,63858802688,63858802688,7.372,0.024
google/gemma-3-1b-it,NVIDIA GeForce RTX 5060 Ti,42,2WikiMultiHopQA,3,16,391,multi-hop,43.987,0.0,0.0,0,1,1,52,308,308,49736056832,49736056832,7.372,0.024
google/gemma-3-1b-it,NVIDIA GeForce RTX 5060 Ti,42,2WikiMultiHopQA,3,16,392,multi-hop,81.0252,0.0,0.0,0,1,1,134,390,390,79744204800,79744204800,7.372,0.024
google/gemma-3-1b-it,NVIDIA GeForce RTX 5060 Ti,42,2WikiMultiHopQA,3,16,393,semantic,82.9859,0.0,0.0,0,1,1,73,329,329,56749457408,56749457408,7.372,0.024
google/gemma-3-1b-it,NVIDIA GeForce RTX 5060 Ti,42,2WikiMultiHopQA,3,16,394,multi-hop,102.1386,41.7373,100.3354,0,0,0,74,330,330,57094963200,57094963200,7.372,0.024
google/gemma-3-1b-it,NVIDIA GeForce RTX 5060 Ti,42,2WikiMultiHopQA,3,16,395,multi-hop,91.1756,93.3954,59.5483,0,0,0,110,366,304,70231523328,48452599808,7.372,0.024
google/gemma-3-1b-it,NVIDIA GeForce RTX 5060 Ti,42,2WikiMultiHopQA,3,16,396,multi-hop,73.6174,76.6262,88.1324,0,0,0,109,365,365,69848268800,69848268800,7.372,0.024
google/gemma-3-1b-it,NVIDIA GeForce RTX 5060 Ti,42,2WikiMultiHopQA,3,16,397,structural,50.3403,0.0,0.0,0,1,1,103,359,359,67570761728,67570761728,7.372,0.024
google/gemma-3-1b-it,NVIDIA GeForce RTX 5060 Ti,42,2WikiMultiHopQA,3,16,398,multi-hop,70.8597,52.9816,94.9327,0,0,0,109,365,365,69848268800,69848268800,7.372,0.024
google/gemma-3-1b-it,NVIDIA GeForce RTX 5060 Ti,42,2WikiMultiHopQA,3,16,399,multi-hop,0.0,0.0,0.0,1,1,1,86,342,342,61322821632,61322821632,7.372,0.024
google/gemma-3-1b-it,NVIDIA GeForce RTX 5060 Ti,42,2WikiMultiHopQA,3,16,400,multi-hop,83.2395,0.0,51.8972,0,1,0,98,352,300,64961380352,47185920000,7.372,0.024
google/gemma-3-1b-it,NVIDIA GeForce RTX 5060 Ti,42,2WikiMultiHopQA,3,16,401,structural,69.9616,58.1404,0.0,0,0,1,27,283,283,41989701632,41989701632,7.372,0.024
google/gemma-3-1b-it,NVIDIA GeForce RTX 5060 Ti,42,2WikiMultiHopQA,3,16,402,semantic,89.9694,0.0,69.3155,0,1,0,96,340,352,60607692800,64961380352,7.372,0.024
google/gemma-3-1b-it,NVIDIA GeForce RTX 5060 Ti,42,2WikiMultiHopQA,3,16,403,multi-hop,53.3475,81.2045,66.7554,0,0,0,121,377,327,74516529152,56061591552,7.372,0.024
google/gemma-3-1b-it,NVIDIA GeForce RTX 5060 Ti,42,2WikiMultiHopQA,3,16,404,semantic,87.7367,0.0,50.6639,0,1,0,116,351,372,64592805888,72553070592,7.372,0.024
google/gemma-3-1b-it,NVIDIA GeForce RTX 5060 Ti,42,2WikiMultiHopQA,3,16,405,structural,74.082,91.6325,42.3695,0,0,0,117,373,373,72943665152,72943665152,7.372,0.024
google/gemma-3-1b-it,NVIDIA GeForce RTX 5060 Ti,42,2WikiMultiHopQA,3,16,406,semantic,54.3394,0.0,0.0,0,1,1,105,328,328,56405000192,56405000192,7.372,0.024
google/gemma-3-1b-it,NVIDIA GeForce RTX 5060 Ti,42,2WikiMultiHopQA,3,16,407,multi-hop,71.7605,95.1822,73.68,0,0,0,139,395,395,81802035200,81802035200,7.372,0.024
google/gemma-3-1b-it,NVIDIA GeForce RTX 5060 Ti,42,2WikiMultiHopQA,3,16,408,multi-hop,48.8733,0.0,0.0,0,1,1,139,395,395,81802035200,81802035200,7.372,0.024
google/gemma-3-1b-it,NVIDIA GeForce RTX 5060 Ti,42,2WikiMultiHopQA,3,16,409,semantic,86.8452,0.0,0.0,0,1,1,142,398,398,83049316352,83049316352,7.372,0.024
google/gemma-3-1b-it,NVIDIA GeForce RTX 5060 Ti,42,2WikiMultiHopQA,3,16,410,multi-hop,51.5202,0.0,0.0,0,1,1,4,260,260,35441868800,35441868800,7.372,0.024
google/gemma-3-1b-it,NVIDIA GeForce RTX 5060 Ti,42,2WikiMultiHopQA,3,16,411,structural,98.2835,29.8338,57.1369,0,0,0,96,289,345,43789058048,62403379200,7.372,0.024
google/gemma-3-1b-it,NVIDIA GeForce RTX 5060 Ti,42,2WikiMultiHopQA,3,16,412,multi-hop,49.1491,0.0,0.0,0,1,1,100,356,356,66446163968,66446163968,7.372,0.024
google/gemma-3-1b-it,NVIDIA GeForce RTX 5060 Ti,42,2WikiMultiHopQA,3,16,413,multi-hop,75.2694,74.8604,34.0581,0,0,0,107,289,217,43789058048,24688197632,7.372,0.024
google/gemma-3-1b-it,NVIDIA GeForce RTX 5060 Ti,42,2WikiMultiHopQA,3,16,414,multi-hop,66.7159,0.0,0.0,0,1,1,101,311,357,50709659648,66819981312,7.372,0.024
google/gemma-3-1b-it,NVIDIA GeForce RTX 5060 Ti,42,2WikiMultiHopQA,3,16,415,semantic,65.8376,0.0,98.2799,0,1,0,100,356,356,66446163968,66446163968,7.372,0.024
google/gemma-3-1b-it,NVIDIA GeForce RTX 5060 Ti,42,2WikiMultiHopQA,3,16,416,semantic,63.3906,0.0,0.0,0,1,1,57,313,313,51363971072,51363971072,7.372,0.024
google/gemma-3-1b-it,NVIDIA GeForce RTX 5060 Ti,42,2WikiMultiHopQA,3,16,417,semantic,78.9296,0.0,68.4313,0,1,0,114,356,370,66446163968,71775027200,7.372,0.024
google/gemma-3-1b-it,NVIDIA GeForce RTX 5060 Ti,42,2WikiMultiHopQA,3,16,418,multi-hop,57.4125,50.7244,84.0519,0,0,0,114,370,370,71775027200,71775027200,7.372,0.024
google/gemma-3-1b-it,NVIDIA GeForce RTX 5060 Ti,42,2WikiMultiHopQA,3,16,419,multi-hop,74.2663,34.2393,70.009,0,0,0,100,356,284,66446163968,42286972928,7.372,0.024
google/gemma-3-1b-it,NVIDIA GeForce RTX 5060 Ti,42,2WikiMultiHopQA,3,16,420,structural,79.4714,83.6172,47.2425,0,0,0,103,359,359,67570761728,67570761728,7.372,0.024
google/gemma-3-1b-it,NVIDIA GeForce RTX 5060 Ti,42,2WikiMultiHopQA,3,16,421,multi-hop,59.5365,84.3179,52.0739,0,0,0,111,357,357,66819981312,66819981312,7.372,0.024
google/gemma-3-1b-it,NVIDIA GeForce RTX 5060 Ti,42,2WikiMultiHopQA,3,16,422,multi-hop,91.7205,0.0,0.0,0,1,1,115,371,371,72163524608,72163524608,7.372,0.024
google/gemma-3-1b-it,NVIDIA GeForce RTX 5060 Ti,42,2WikiMultiHopQA,3,16,423,semantic,89.3626,0.0,0.0,0,1,1,109,365,295,69848268800,45626163200,7.372,0.024
google/gemma-3-1b-it,NVIDIA GeForce RTX 5060 Ti,42,2WikiMultiHopQA,3,16,424,structural,88.8475,68.5809,77.3932,0,0,0,36,292,292,44702892032,44702892032,7.372,0.024
google/gemma-3-1b-it,NVIDIA GeForce RTX 5060 Ti,42,2WikiMultiHopQA,3,16,425,semantic,63.6073,0.0,0.0,0,1,1,36,238,292,29697769472,44702892032,7.372,0.024
google/gemma-3-1b-it,NVIDIA GeForce RTX 5060 Ti,42,2WikiMultiHopQA,3,16,426,multi-hop,77.5384,73.8486,89.7814,0,0,0,105,361,361,68325736448,68325736448,7.372,0.024
google/gemma-3-1b-it,NVIDIA GeForce RTX 5060 Ti,42,2WikiMultiHopQA,3,16,427,semantic,73.5705,0.0,51.6385,0,1,0,158,414,326,89860866048,55719231488,7.372,0.024
google/gemma-3-1b-it,NVIDIA GeForce RTX 5060 Ti,42,2WikiMultiHopQA,3,16,428,semantic,81.3697,0.0,76.6972,0,1,0,34,290,290,44092620800,44092620800,7.372,0.024
google/gemma-3-1b-it,NVIDIA GeForce RTX 5060 Ti,42,2WikiMultiHopQA,3,16,429,multi-hop,84.3132,71.0818,46.1835,0,0,0,64,320,289,53687091200,43789058048,7.372,0.024
google/gemma-3-1b-it,NVIDIA GeForce RTX 5060 Ti,42,2WikiMultiHopQA,3,16,430,semantic,29.8985,0.0,72.364,0,1,0,43,299,299,46871871488,46871871488,7.372,0.024
google/gemma-3-1b-it,NVIDIA GeForce RTX 5060 Ti,42,2WikiMultiHopQA,3,16,431,multi-hop,51.215,62.4429,57.8634,0,0,0,101,342,353,61322821632,65331003392,7.372,0.024
google/gemma-3-1b-it,NVIDIA GeForce RTX 5060 Ti,42,2WikiMultiHopQA,3,16,432,structural,74.2232,54.3667,47.0458,0,0,0,126,358,382,67194847232,76506202112,7.372,0.024
google/gemma-3-1b-it,NVIDIA GeForce RTX 5060 Ti,42,2WikiMultiHopQA,3,16,433,structural,32.9554,92.9577,0.0,0,0,1,122,378,378,74912366592,74912366592,7.372,0.024
google/gemma-3-1b-it,NVIDIA GeForce RTX 5060 Ti,42,2WikiMultiHopQA,3,16,434,multi-hop,94.711,56.3168,0.0,0,0,1,33,260,194,35441868800,19732103168,7.372,0.024
google/gemma-3-1b-it,NVIDIA GeForce RTX 5060 Ti,42,2WikiMultiHopQA,3,16,435,structural,100.7894,0.0,0.0,0,1,1,31,287,287,43185078272,43185078272,7.372,0.024
google/gemma-3-1b-it,NVIDIA GeForce RTX 5060 Ti,42,2WikiMultiHopQA,3,16,436,multi-hop,73.1493,0.0,0.0,0,1,1,3,259,259,35169763328,35169763328,7.372,0.024
google/gemma-3-1b-it,NVIDIA GeForce RTX 5060 Ti,42,2WikiMultiHopQA,3,16,437,multi-hop,61.1875,0.0,36.5584,0,1,0,57,298,313,46558871552,51363971072,7.372,0.024
google/gemma-3-1b-it,NVIDIA GeForce RTX 5060 Ti,42,2WikiMultiHopQA,3,16,438,multi-hop,73.8021,62.2047,0.0,0,0,1,40,153,296,12273057792,45936017408,7.372,0.024
google/gemma-3-1b-it,NVIDIA GeForce RTX 5060 Ti,42,2WikiMultiHopQA,3,16,439,semantic,67.6747,0.0,0.0,0,1,1,50,306,306,49092231168,49092231168,7.372,0.024
google/gemma-3-1b-it,NVIDIA GeForce RTX 5060 Ti,42,2WikiMultiHopQA,3,16,440,multi-hop,50.1159,31.8415,38.8126,0,0,0,16,272,272,38788923392,38788923392,7.372,0.024
google/gemma-3-1b-it,NVIDIA GeForce RTX 5060 Ti,42,2WikiMultiHopQA,3,16,441,multi-hop,53.8071,0.0,46.7491,0,1,0,49,239,264,29947854848,36540776448,7.372,0.024
google/gemma-3-1b-it,NVIDIA GeForce RTX 5060 Ti,42,2WikiMultiHopQA,3,16,442,semantic,46.0156,0.0,32.6242,0,1,0,91,347,328,63128993792,56405000192,7.372,0.024
google/gemma-3-1b-it,NVIDIA GeForce RTX 5060 Ti,42,2WikiMultiHopQA,3,16,443,structural,54.2572,46.5014,0.0,0,0,1,17,243,273,30958682112,39074660352,7.372,0.024
google/gemma-3-1b-it,NVIDIA GeForce RTX 5060 Ti,42,2WikiMultiHopQA,3,16,444,multi-hop,27.6361,0.0,0.0,0,1,1,105,328,328,56405000192,56405000192,7.372,0.024
google/gemma-3-1b-it,NVIDIA GeForce RTX 5060 Ti,42,2WikiMultiHopQA,3,16,445,structural,38.5143,30.7061,33.3637,0,0,0,93,218,291,24916262912,44397232128,7.372,0.024
google/gemma-3-1b-it,NVIDIA GeForce RTX 5060 Ti,42,2WikiMultiHopQA,3,16,446,structural,39.5638,30.4873,0.0,0,0,1,103,359,359,67570761728,67570761728,7.372,0.024
google/gemma-3-1b-it,NVIDIA GeForce RTX 5060 Ti,42,2WikiMultiHopQA,3,16,447,multi-hop,49.6489,50.0574,34.5968,0,0,0,53,309,309,50059542528,50059542528,7.372,0.024
google/gemma-3-1b-it,NVIDIA GeForce RTX 5060 Ti,42,2WikiMultiHopQA,3,16,448,multi-hop,35.8863,37.5604,36.7992,0,0,0,105,336,308,59190018048,49736056832,7.372,0.024
google/gemma-3-1b-it,NVIDIA GeForce RTX 5060 Ti,42,2WikiMultiHopQA,3,16,449,semantic,30.8629,25.8019,0.0,0,0,1,2,7,7,25690112,25690112,7.372,0.024
google/gemma-3-1b-it,NVIDIA GeForce RTX 5060 Ti,42,2WikiMultiHopQA,3,16,450,structural,41.2981,42.6335,57.6585,0,0,0,90,346,346,62765662208,62765662208,7.372,0.024
google/gemma-3-1b-it,NVIDIA GeForce RTX 5060 Ti,42,2WikiMultiHopQA,3,16,451,semantic,31.4681,0.0,45.977,0,1,0,103,359,359,67570761728,67570761728,7.372,0.024
google/gemma-3-1b-it,NVIDIA GeForce RTX 5060 Ti,42,2WikiMultiHopQA,3,16,452,structural,28.2868,28.938,35.3352,0,0,0,12,26,26,354418688,354418688,7.372,0.024
google/gemma-3-1b-it,NVIDIA GeForce RTX 5060 Ti,42,2WikiMultiHopQA,3,16,453,multi-hop,32.7555,0.0,33.3539,0,1,0,126,358,382,67194847232,76506202112,7.372,0.024
google/gemma-3-1b-it,NVIDIA GeForce RTX 5060 Ti,42,2WikiMultiHopQA,3,16,454,multi-hop,48.974,36.7896,31.6056,0,0,0,72,328,286,56405000192,42884661248,7.372,0.024
google/gemma-3-1b-it,NVIDIA GeForce RTX 5060 Ti,42,2WikiMultiHopQA,3,16,455,semantic,56.493,0.0,38.4404,0,1,0,107,289,217,43789058048,24688197632,7.372,0.024
google/gemma-3-1b-it,NVIDIA GeForce RTX 5060 Ti,42,2WikiMultiHopQA,3,16,456,semantic,56.6653,0.0,65.9614,0,1,0,80,199,274,20762329088,39361445888,7.372,0.024
google/gemma-3-1b-it,NVIDIA GeForce RTX 5060 Ti,42,2WikiMultiHopQA,3,16,457,multi-hop,52.4392,0.0,0.0,0,1,1,124,380,380,75707187200,75707187200,7.372,0.024
google/gemma-3-1b-it,NVIDIA GeForce RTX 5060 Ti,42,2WikiMultiHopQA,3,16,458,multi-hop,39.6635,0.0,0.0,0,1,1,92,328,328,56405000192,56405000192,7.372,0.024
google/gemma-3-1b-it,NVIDIA GeForce RTX 5060 Ti,42,2WikiMultiHopQA,3,16,459,multi-hop,33.6638,0.0,73.2447,0,1,0,95,351,351,64592805888,64592805888,7.372,0.024
google/gemma-3-1b-it,NVIDIA GeForce RTX 5060 Ti,42,2WikiMultiHopQA,3,16,460,structural,57.2422,50.7127,45.0547,0,0,0,142,398,339,83049316352,60251701248,7.372,0.024
google/gemma-3-1b-it,NVIDIA GeForce RTX 5060 Ti,42,2WikiMultiHopQA,3,16,461,semantic,48.2445,0.0,44.5541,0,1,0,105,361,361,68325736448,68325736448,7.372,0.024
google/gemma-3-1b-it,NVIDIA GeForce RTX 5060 Ti,42,2WikiMultiHopQA,3,16,462,structural,43.0917,30.7526,0.0,0,0,1,73,329,329,56749457408,56749457408,7.372,0.024
google/gemma-3-1b-it,NVIDIA GeForce RTX 5060 Ti,42,2WikiMultiHopQA,3,16,463,semantic,40.9036,0.0,42.4519,0,1,0,14,217,240,24688197632,30198988800,7.372,0.024
google/gemma-3-1b-it,NVIDIA GeForce RTX 5060 Ti,42,2WikiMultiHopQA,3,16,464,multi-hop,63.6745,0.0,0.0,0,1,1,104,319,319,53352071168,53352071168,7.372,0.024
google/gemma-3-1b-it,NVIDIA GeForce RTX 5060 Ti,42,2WikiMultiHopQA,3,16,465,semantic,0.0,0.0,0.0,1,1,1,34,290,290,44092620800,44092620800,7.372,0.024
google/gemma-3-1b-it,NVIDIA GeForce RTX 5060 Ti,42,2WikiMultiHopQA,3,16,466,semantic,37.5713,0.0,35.2562,0,1,0,162,418,418,91605696512,91605696512,7.372,0.024
google/gemma-3-1b-it,NVIDIA GeForce RTX 5060 Ti,42,2WikiMultiHopQA,3,16,467,structural,0.0,0.0,0.0,1,1,1,3,98,259,5035261952,35169763328,7.372,0.024
google/gemma-3-1b-it,NVIDIA GeForce RTX 5060 Ti,42,2WikiMultiHopQA,3,16,468,structural,59.7387,44.6007,46.1808,0,0,0,85,336,307,59190018048,49413619712,7.372,0.024
google/gemma-3-1b-it,NVIDIA GeForce RTX 5060 Ti,42,2WikiMultiHopQA,3,16,469,multi-hop,30.302,0.0,33.1199,0,1,0,105,257,124,34628698112,8061452288,7.372,0.024
google/gemma-3-1b-it,NVIDIA GeForce RTX 5060 Ti,42,2WikiMultiHopQA,3,16,470,multi-hop,36.7788,0.0,0.0,0,1,1,113,356,369,66446163968,71387578368,7.372,0.024
google/gemma-3-1b-it,NVIDIA GeForce RTX 5060 Ti,42,2WikiMultiHopQA,3,16,471,structural,36.2728,30.5329,64.1528,0,0,0,110,366,285,70231523328,42585292800,7.372,0.024
google/gemma-3-1b-it,NVIDIA GeForce RTX 5060 Ti,42,2WikiMultiHopQA,3,16,472,multi-hop,43.1926,0.0,0.0,0,1,1,105,361,361,68325736448,68325736448,7.372,0.024
google/gemma-3-1b-it,NVIDIA GeForce RTX 5060 Ti,42,2WikiMultiHopQA,3,16,473,semantic,35.269,0.0,0.0,0,1,1,119,342,375,61322821632,73728000000,7.372,0.024
google/gemma-3-1b-it,NVIDIA GeForce RTX 5060 Ti,42,2WikiMultiHopQA,3,16,474,multi-hop,0.0,55.9441,33.6858,1,0,0,50,306,306,49092231168,49092231168,7.372,0.024
google/gemma-3-1b-it,NVIDIA GeForce RTX 5060 Ti,42,2WikiMultiHopQA,3,16,475,multi-hop,35.0899,0.0,0.0,0,1,1,4,260,260,35441868800,35441868800,7.372,0.024
google/gemma-3-1b-it,NVIDIA GeForce RTX 5060 Ti,42,2WikiMultiHopQA,3,16,476,multi-hop,65.7043,39.0846,62.7446,0,0,0,117,303,234,48134356992,28707913728,7.372,0.024
google/gemma-3-1b-it,NVIDIA GeForce RTX 5060 Ti,42,2WikiMultiHopQA,3,16,477,multi-hop,38.8458,63.8243,72.6939,0,0,0,39,295,281,45626163200,41398304768,7.372,0.024
google/gemma-3-1b-it,NVIDIA GeForce RTX 5060 Ti,42,2WikiMultiHopQA,3,16,478,structural,30.5372,39.5283,31.6174,0,0,0,24,231,224,27976531968,26306674688,7.372,0.024
google/gemma-3-1b-it,NVIDIA GeForce RTX 5060 Ti,42,2WikiMultiHopQA,3,16,479,structural,44.0242,31.5011,34.3156,0,0,0,151,407,407,86847782912,86847782912,7.372,0.024
google/gemma-3-1b-it,NVIDIA GeForce RTX 5060 Ti,42,2WikiMultiHopQA,3,16,480,semantic,47.5481,0.0,0.0,0,1,1,57,313,313,51363971072,51363971072,7.372,0.024
google/gemma-3-1b-it,NVIDIA GeForce RTX 5060 Ti,42,2WikiMultiHopQA,3,16,481,multi-hop,61.9585,47.8494,29.4211,0,0,0,2,11,10,63438848,52428800,7.372,0.024
google/gemma-3-1b-it,NVIDIA GeForce RTX 5060 Ti,42,2WikiMultiHopQA,3,16,482,structural,57.5344,38.3773,0.0,0,0,1,119,342,375,61322821632,73728000000,7.372,0.024
google/gemma-3-1b-it,NVIDIA GeForce RTX 5060 Ti,42,2WikiMultiHopQA,3,16,483,structural,37.8783,53.7186,86.6331,0,0,0,3,12,12,75497472,75497472,7.372,0.024
google/gemma-3-1b-it,NVIDIA GeForce RTX 5060 Ti,42,2WikiMultiHopQA,3,16,484,multi-hop,48.3186,42.3921,49.0391,0,0,0,139,395,395,81802035200,81802035200,7.372,0.024
google/gemma-3-1b-it,NVIDIA GeForce RTX 5060 Ti,42,2WikiMultiHopQA,3,16,485,multi-hop,32.6565,39.8478,57.0993,0,0,0,4,11,11,63438848,63438848,7.372,0.024
google/gemma-3-1b-it,NVIDIA GeForce RTX 5060 Ti,42,2WikiMultiHopQA,3,16,486,multi-hop,45.811,0.0,42.7905,0,1,0,28,159,284,13254524928,42286972928,7.372,0.024
google/gemma-3-1b-it,NVIDIA GeForce RTX 5060 Ti,42,2WikiMultiHopQA,3,16,487,semantic,0.0,0.0,0.0,1,1,1,3,37,11,717750272,63438848,7.372,0.024
google/gemma-3-1b-it,NVIDIA GeForce RTX 5060 Ti,42,2WikiMultiHopQA,3,16,488,multi-hop,45.5799,40.0328,31.9846,0,0,0,85,329,329,56749457408,56749457408,7.372,0.024
google/gemma-3-1b-it,NVIDIA GeForce RTX 5060 Ti,42,2WikiMultiHopQA,3,16,489,multi-hop,35.3119,0.0,51.0881,0,1,0,114,370,370,71775027200,71775027200,7.372,0.024
google/gemma-3-1b-it,NVIDIA GeForce RTX 5060 Ti,42,2WikiMultiHopQA,3,16,490,structural,36.5596,30.3215,30.2117,0,0,0,110,355,355,66073395200,66073395200,7.372,0.024
google/gemma-3-1b-it,NVIDIA GeForce RTX 5060 Ti,42,2WikiMultiHopQA,3,16,491,structural,28.5984,40.9185,0.0,0,0,1,104,360,360,67947724800,67947724800,7.372,0.024
google/gemma-3-1b-it,NVIDIA GeForce RTX 5060 Ti,42,2WikiMultiHopQA,3,16,492,structural,34.377,63.8017,32.5224,0,0,0,63,269,310,37938003968,50384076800,7.372,0.024
google/gemma-3-1b-it,NVIDIA GeForce RTX 5060 Ti,42,2WikiMultiHopQA,3,16,493,multi-hop,31.3512,0.0,0.0,0,1,1,63,319,319,53352071168,53352071168,7.372,0.024
google/gemma-3-1b-it,NVIDIA GeForce RTX 5060 Ti,42,2WikiMultiHopQA,3,16,494,multi-hop,32.203,29.3881,56.3934,0,0,0,2,7,7,25690112,25690112,7.372,0.024
google/gemma-3-1b-it,NVIDIA GeForce RTX 5060 Ti,42,2WikiMultiHopQA,3,16,495,structural,38.7005,0.0,0.0,0,1,1,112,368,368,71001178112,71001178112,7.372,0.024
google/gemma-3-1b-it,NVIDIA GeForce RTX 5060 Ti,42,2WikiMultiHopQA,3,16,496,structural,42.0219,54.0479,0.0,0,0,1,108,364,364,69466062848,69466062848,7.372,0.024
google/gemma-3-1b-it,NVIDIA GeForce RTX 5060 Ti,42,2WikiMultiHopQA,3,16,497,semantic,60.0964,0.0,32.1925,0,1,0,92,348,348,63493373952,63493373952,7.372,0.024
google/gemma-3-1b-it,NVIDIA GeForce RTX 5060 Ti,42,2WikiMultiHopQA,3,16,498,multi-hop,52.0188,0.0,0.0,0,1,1,26,147,182,11329339392,17366515712,7.372,0.024
google/gemma-3-1b-it,NVIDIA GeForce RTX 5060 Ti,42,2WikiMultiHopQA,3,16,499,semantic,45.3105,0.0,39.8063,0,1,0,146,402,402,84727037952,84727037952,7.372,0.024
google/gemma-3-1b-it,NVIDIA GeForce RTX 5060 Ti,42,2WikiMultiHopQA,3,16,500,structural,56.4012,30.3202,46.7252,0,0,0,109,365,365,69848268800,69848268800,7.372,0.024
google/gemma-3-1b-it,NVIDIA GeForce RTX 5060 Ti,42,2WikiMultiHopQA,3,16,501,multi-hop,55.2079,0.0,33.0144,0,1,0,39,295,295,45626163200,45626163200,7.372,0.024
google/gemma-3-1b-it,NVIDIA GeForce RTX 5060 Ti,42,2WikiMultiHopQA,3,16,502,multi-hop,47.2723,53.0897,33.5594,0,0,0,110,355,355,66073395200,66073395200,7.372,0.024
google/gemma-3-1b-it,NVIDIA GeForce RTX 5060 Ti,42,2WikiMultiHopQA,3,16,503,structural,30.8073,34.9852,37.0875,0,0,0,72,328,286,56405000192,42884661248,7.372,0.024
google/gemma-3-1b-it,NVIDIA GeForce RTX 5060 Ti,42,2WikiMultiHopQA,3,16,504,structural,56.7193,0.0,0.0,0,1,1,105,361,361,68325736448,68325736448,7.372,0.024
google/gemma-3-1b-it,NVIDIA GeForce RTX 5060 Ti,42,2WikiMultiHopQA,3,16,505,multi-hop,0.0,48.3998,40.0944,1,0,0,46,302,302,47817162752,47817162752,7.372,0.024
google/gemma-3-1b-it,NVIDIA GeForce RTX 5060 Ti,42,2WikiMultiHopQA,3,16,506,multi-hop,57.1384,0.0,65.2984,0,1,0,20,186,248,18138267648,32245809152,7.372,0.024
google/gemma-3-1b-it,NVIDIA GeForce RTX 5060 Ti,42,2WikiMultiHopQA,3,16,507,multi-hop,68.2679,67.8496,0.0,0,0,1,17,243,273,30958682112,39074660352,7.372,0.024
google/gemma-3-1b-it,NVIDIA GeForce RTX 5060 Ti,42,2WikiMultiHopQA,3,16,508,structural,37.2233,0.0,0.0,0,1,1,127,325,325,55377920000,55377920000,7.372,0.024
google/gemma-3-1b-it,NVIDIA GeForce RTX 5060 Ti,42,2WikiMultiHopQA,3,16,509,structural,71.8142,50.8566,49.6878,0,0,0,103,359,359,67570761728,67570761728,7.372,0.024
google/gemma-3-1b-it,NVIDIA GeForce RTX 5060 Ti,42,2WikiMultiHopQA,3,16,510,semantic,59.1884,27.501,0.0,0,0,1,4,9,9,42467328,42467328,7.372,0.024
google/gemma-3-1b-it,NVIDIA GeForce RTX 5060 Ti,42,2WikiMultiHopQA,3,16,511,structural,44.9736,51.7056,0.0,0,0,1,8,51,53,1363673088,1472724992,7.372,0.024
google/gemma-3-1b-it,NVIDIA GeForce RTX 5060 Ti,42,2WikiMultiHopQA,3,16,512,multi-hop,36.2818,49.0144,32.0782,0,0,0,161,417,417,91167916032,91167916032,7.372,0.024
google/gemma-3-1b-it,NVIDIA GeForce RTX 5060 Ti,42,2WikiMultiHopQA,3,16,513,multi-hop,51.6211,60.2812,58.8124,0,0,0,64,320,320,53687091200,53687091200,7.372,0.024
google/gemma-3-1b-it,NVIDIA GeForce RTX 5060 Ti,42,2WikiMultiHopQA,3,16,514,multi-hop,40.5037,51.6942,47.6185,0,0,0,87,343,343,61681958912,61681958912,7.372,0.024
google/gemma-3-1b-it,NVIDIA GeForce RTX 5060 Ti,42,2WikiMultiHopQA,3,16,515,structural,45.133,67.5947,0.0,0,0,1,110,366,366,70231523328,70231523328,7.372,0.024
google/gemma-3-1b-it,NVIDIA GeForce RTX 5060 Ti,42,2WikiMultiHopQA,3,16,516,multi-hop,57.8619,0.0,0.0,0,1,1,5,214,171,24010293248,15330705408,7.372,0.024
google/gemma-3-1b-it,NVIDIA GeForce RTX 5060 Ti,42,2WikiMultiHopQA,3,16,517,multi-hop,33.1327,0.0,0.0,0,1,1,59,315,315,52022476800,52022476800,7.372,0.024
google/gemma-3-1b-it,NVIDIA GeForce RTX 5060 Ti,42,2WikiMultiHopQA,3,16,518,multi-hop,46.9162,0.0,0.0,0,1,1,24,280,275,41104179200,39649280000,7.372,0.024
google/gemma-3-1b-it,NVIDIA GeForce RTX 5060 Ti,42,2WikiMultiHopQA,3,16,519,structural,37.4684,46.6339,39.8759,0,0,0,114,370,370,71775027200,71775027200,7.372,0.024
google/gemma-3-1b-it,NVIDIA GeForce RTX 5060 Ti,42,2WikiMultiHopQA,3,16,520,semantic,35.9066,0.0,0.0,0,1,1,105,357,357,66819981312,66819981312,7.372,0.024
google/gemma-3-1b-it,NVIDIA GeForce RTX 5060 Ti,42,2WikiMultiHopQA,3,16,521,structural,35.2443,37.8402,56.5324,0,0,0,29,285,285,42585292800,42585292800,7.372,0.024
google/gemma-3-1b-it,NVIDIA GeForce RTX 5060 Ti,42,2WikiMultiHopQA,3,16,522,multi-hop,33.9083,50.6593,0.0,0,0,1,34,290,290,44092620800,44092620800,7.372,0.024
google/gemma-3-1b-it,NVIDIA GeForce RTX 5060 Ti,42,2WikiMultiHopQA,3,16,523,semantic,59.4233,0.0,30.8611,0,1,0,92,348,348,63493373952,63493373952,7.372,0.024
google/gemma-3-1b-it,NVIDIA GeForce RTX 5060 Ti,42,2WikiMultiHopQA,3,16,524,multi-hop,38.7099,80.5277,93.9053,0,0,0,20,30,27,471859200,382205952,7.372,0.024
google/gemma-3-1b-it,NVIDIA GeForce RTX 5060 Ti,42,2WikiMultiHopQA,3,16,525,semantic,34.7189,0.0,69.7498,0,1,0,110,366,285,70231523328,42585292800,7.372,0.024
google/gemma-3-1b-it,NVIDIA GeForce RTX 5060 Ti,42,2WikiMultiHopQA,3,16,526,multi-hop,40.8906,0.0,35.3291,0,1,0,38,294,294,45317357568,45317357568,7.372,0.024
google/gemma-3-1b-it,NVIDIA GeForce RTX 5060 Ti,42,2WikiMultiHopQA,3,16,527,semantic,60.2148,0.0,43.1008,0,1,0,136,392,392,80564191232,80564191232,7.372,0.024
google/gemma-3-1b-it,NVIDIA GeForce RTX 5060 Ti,42,2WikiMultiHopQA,3,16,528,semantic,30.9712,0.0,42.3728,0,1,0,122,378,378,74912366592,74912366592,7.372,0.024
google/gemma-3-1b-it,NVIDIA GeForce RTX 5060 Ti,42,2WikiMultiHopQA,3,16,529,structural,72.0504,33.6129,53.4698,0,0,0,105,361,361,68325736448,68325736448,7.372,0.024
google/gemma-3-1b-it,NVIDIA GeForce RTX 5060 Ti,42,2WikiMultiHopQA,3,16,530,semantic,31.2464,0.0,0.0,0,1,1,35,237,252,29448732672,33294385152,7.372,0.024
google/gemma-3-1b-it,NVIDIA GeForce RTX 5060 Ti,42,2WikiMultiHopQA,3,16,531,structural,48.1469,70.4081,41.8467,0,0,0,82,338,319,59896758272,53352071168,7.372,0.024
google/gemma-3-1b-it,NVIDIA GeForce RTX 5060 Ti,42,2WikiMultiHopQA,3,16,532,multi-hop,49.3538,0.0,38.0062,0,1,0,91,347,328,63128993792,56405000192,7.372,0.024
google/gemma-3-1b-it,NVIDIA GeForce RTX 5060 Ti,42,2WikiMultiHopQA,3,16,533,semantic,54.6522,0.0,0.0,0,1,1,109,365,365,69848268800,69848268800,7.372,0.024
google/gemma-3-1b-it,NVIDIA GeForce RTX 5060 Ti,42,2WikiMultiHopQA,3,16,534,multi-hop,49.1257,76.1807,54.434,0,0,0,92,348,348,63493373952,63493373952,7.372,0.024
google/gemma-3-1b-it,NVIDIA GeForce RTX 5060 Ti,42,2WikiMultiHopQA,3,16,535,multi-hop,41.1474,0.0,62.5764,0,1,0,105,361,361,68325736448,68325736448,7.372,0.024
google/gemma-3-1b-it,NVIDIA GeForce RTX 5060 Ti,42,2WikiMultiHopQA,3,16,536,multi-hop,0.0,40.1818,41.2891,1,0,0,93,349,242,63858802688,30704402432,7.372,0.024
google/gemma-3-1b-it,NVIDIA GeForce RTX 5060 Ti,42,2WikiMultiHopQA,3,16,537,structural,50.3329,55.1343,50.3089,0,0,0,53,309,309,50059542528,50059542528,7.372,0.024
google/gemma-3-1b-it,NVIDIA GeForce RTX 5060 Ti,42,2WikiMultiHopQA,3,16,538,multi-hop,77.3867,0.0,79.4788,0,1,0,98,305,314,48771891200,51692699648,7.372,0.024
google/gemma-3-1b-it,NVIDIA GeForce RTX 5060 Ti,42,2WikiMultiHopQA,3,16,539,multi-hop,40.7094,0.0,40.1389,0,1,0,116,351,372,64592805888,72553070592,7.372,0.024
google/gemma-3-1b-it,NVIDIA GeForce RTX 5060 Ti,42,2WikiMultiHopQA,3,16,540,multi-hop,52.4992,56.8363,33.0718,0,0,0,101,357,357,66819981312,66819981312,7.372,0.024
google/gemma-3-1b-it,NVIDIA GeForce RTX 5060 Ti,42,2WikiMultiHopQA,3,16,541,multi-hop,55.843,51.5733,58.4321,0,0,0,78,334,334,58487472128,58487472128,7.372,0.024
google/gemma-3-1b-it,NVIDIA GeForce RTX 5060 Ti,42,2WikiMultiHopQA,3,16,542,structural,45.2156,36.6455,0.0,0,0,1,112,368,368,71001178112,71001178112,7.372,0.024
google/gemma-3-1b-it,NVIDIA GeForce RTX 5060 Ti,42,2WikiMultiHopQA,3,16,543,semantic,61.6581,0.0,53.8144,0,1,0,114,370,370,71775027200,71775027200,7.372,0.024
google/gemma-3-1b-it,NVIDIA GeForce RTX 5060 Ti,42,2WikiMultiHopQA,3,16,544,structural,48.4283,72.2721,45.6236,0,0,0,87,343,343,61681958912,61681958912,7.372,0.024
google/gemma-3-1b-it,NVIDIA GeForce RTX 5060 Ti,42,2WikiMultiHopQA,3,16,545,multi-hop,0.0,0.0,0.0,1,1,1,22,278,278,40519073792,40519073792,7.372,0.024
google/gemma-3-1b-it,NVIDIA GeForce RTX 5060 Ti,42,2WikiMultiHopQA,3,16,546,structural,28.9623,70.7884,47.5366,0,0,0,53,309,309,50059542528,50059542528,7.372,0.024
google/gemma-3-1b-it,NVIDIA GeForce RTX 5060 Ti,42,2WikiMultiHopQA,3,16,547,multi-hop,44.6723,0.0,0.0,0,1,1,107,363,336,69084905472,59190018048,7.372,0.024
google/gemma-3-1b-it,NVIDIA GeForce RTX 5060 Ti,42,2WikiMultiHopQA,3,16,548,multi-hop,36.7793,37.5903,0.0,0,0,1,12,268,268,37656461312,37656461312,7.372,0.024
google/gemma-3-1b-it,NVIDIA GeForce RTX 5060 Ti,42,2WikiMultiHopQA,3,16,549,multi-hop,35.735,38.4285,65.3834,0,0,0,142,398,339,83049316352,60251701248,7.372,0.024
google/gemma-3-1b-it,NVIDIA GeForce RTX 5060 Ti,42,2WikiMultiHopQA,3,16,550,multi-hop,50.9348,35.6595,71.3854,0,0,0,5,24,24,301989888,301989888,7.372,0.024
google/gemma-3-1b-it,NVIDIA GeForce RTX 5060 Ti,42,2WikiMultiHopQA,3,16,551,semantic,61.8048,0.0,0.0,0,1,1,119,342,375,61322821632,73728000000,7.372,0.024
google/gemma-3-1b-it,NVIDIA GeForce RTX 5060 Ti,42,2WikiMultiHopQA,3,16,552,structural,68.0141,0.0,0.0,0,1,1,82,338,338,59896758272,59896758272,7.372,0.024
google/gemma-3-1b-it,NVIDIA GeForce RTX 5060 Ti,42,2WikiMultiHopQA,3,16,553,semantic,67.8149,0.0,62.3437,0,1,0,16,234,272,28707913728,38788923392,7.372,0.024
google/gemma-3-1b-it,NVIDIA GeForce RTX 5060 Ti,42,2WikiMultiHopQA,3,16,554,multi-hop,49.8362,0.0,0.0,0,1,1,105,361,361,68325736448,68325736448,7.372,0.024
google/gemma-3-1b-it,NVIDIA GeForce RTX 5060 Ti,42,2WikiMultiHopQA,3,16,555,semantic,59.5362,0.0,0.0,0,1,1,4,260,260,35441868800,35441868800,7.372,0.024
google/gemma-3-1b-it,NVIDIA GeForce RTX 5060 Ti,42,2WikiMultiHopQA,3,16,556,multi-hop,36.0265,0.0,0.0,0,1,1,148,404,404,85572190208,85572190208,7.372,0.024
google/gemma-3-1b-it,NVIDIA GeForce RTX 5060 Ti,42,2WikiMultiHopQA,3,16,557,multi-hop,34.4782,44.1757,43.4896,0,0,0,24,231,224,27976531968,26306674688,7.372,0.024
google/gemma-3-1b-it,NVIDIA GeForce RTX 5060 Ti,42,2WikiMultiHopQA,3,16,558,structural,31.4289,48.5935,0.0,0,0,1,19,205,275,22033203200,39649280000,7.372,0.024
google/gemma-3-1b-it,NVIDIA GeForce RTX 5060 Ti,42,2WikiMultiHopQA,3,16,559,structural,30.7451,57.7423,40.6066,0,0,0,6,238,51,29697769472,1363673088,7.372,0.024
google/gemma-3-1b-it,NVIDIA GeForce RTX 5060 Ti,42,2WikiMultiHopQA,3,16,560,multi-hop,42.3665,30.1324,37.1145,0,0,0,110,355,355,66073395200,66073395200,7.372,0.024
google/gemma-3-1b-it,NVIDIA GeForce RTX 5060 Ti,42,2WikiMultiHopQA,3,16,561,structural,35.3614,68.905,0.0,0,0,1,129,385,385,77712588800,77712588800,7.372,0.024
google/gemma-3-1b-it,NVIDIA GeForce RTX 5060 Ti,42,2WikiMultiHopQA,3,16,562,semantic,62.4121,0.0,0.0,0,1,1,70,326,326,55719231488,55719231488,7.372,0.024
google/gemma-3-1b-it,NVIDIA GeForce RTX 5060 Ti,42,2WikiMultiHopQA,3,16,563,multi-hop,47.4422,38.7864,52.7641,0,0,0,100,320,291,53687091200,44397232128,7.372,0.024
google/gemma-3-1b-it,NVIDIA GeForce RTX 5060 Ti,42,2WikiMultiHopQA,3,16,564,semantic,52.5085,0.0,0.0,0,1,1,90,346,346,62765662208,62765662208,7.372,0.024
google/gemma-3-1b-it,NVIDIA GeForce RTX 5060 Ti,42,2WikiMultiHopQA,3,16,565,semantic,42.987,0.0,75.8801,0,1,0,119,375,375,73728000000,73728000000,7.372,0.024
google/gemma-3-1b-it,NVIDIA GeForce RTX 5060 Ti,42,2WikiMultiHopQA,3,16,566,structural,66.3436,38.2615,32.5203,0,0,0,10,266,266,37096521728,37096521728,7.372,0.024
google/gemma-3-1b-it,NVIDIA GeForce RTX 5060 Ti,42,2WikiMultiHopQA,3,16,567,semantic,0.0,0.0,43.501,1,1,0,101,357,357,66819981312,66819981312,7.372,0.024
google/gemma-3-1b-it,NVIDIA GeForce RTX 5060 Ti,42,2WikiMultiHopQA,3,16,568,multi-hop,45.5931,56.3691,48.9376,0,0,0,80,329,329,56749457408,56749457408,7.372,0.024
google/gemma-3-1b-it,NVIDIA GeForce RTX 5060 Ti,42,2WikiMultiHopQA,3,16,569,multi-hop,60.8291,0.0,49.0906,0,1,0,57,242,313,30704402432,51363971072,7.372,0.024
google/gemma-3-1b-it,NVIDIA GeForce RTX 5060 Ti,42,2WikiMultiHopQA,3,16,570,multi-hop,34.909,32.3675,47.7848,0,0,0,119,375,375,73728000000,73728000000,7.372,0.024
google/gemma-3-1b-it,NVIDIA GeForce RTX 5060 Ti,42,2WikiMultiHopQA,3,16,571,multi-hop,32.486,26.8538,39.5845,0,0,0,2,7,7,25690112,25690112,7.372,0.024
google/gemma-3-1b-it,NVIDIA GeForce RTX 5060 Ti,42,2WikiMultiHopQA,3,16,572,multi-hop,67.2391,0.0,70.7396,0,1,0,100,320,291,53687091200,44397232128,7.372,0.024
google/gemma-3-1b-it,NVIDIA GeForce RTX 5060 Ti,42,2WikiMultiHopQA,3,16,573,multi-hop,50.0808,0.0,64.0523,0,1,0,114,370,370,71775027200,71775027200,7.372,0.024
google/gemma-3-1b-it,NVIDIA GeForce RTX 5060 Ti,42,2WikiMultiHopQA,3,16,574,semantic,37.9051,0.0,46.5559,0,1,0,98,305,314,48771891200,51692699648,7.372,0.024
google/gemma-3-1b-it,NVIDIA GeForce RTX 5060 Ti,42,2WikiMultiHopQA,3,16,575,multi-hop,49.6003,30.5763,29.6054,0,0,0,80,199,274,20762329088,39361445888,7.372,0.024
google/gemma-3-1b-it,NVIDIA GeForce RTX 5060 Ti,42,2WikiMultiHopQA,3,16,576,structural,47.9051,27.7159,65.3833,0,0,0,5,16,24,134217728,301989888,7.372,0.024
google/gemma-3-1b-it,NVIDIA GeForce RTX 5060 Ti,42,2WikiMultiHopQA,3,16,577,multi-hop,77.9304,0.0,0.0,0,1,1,48,304,304,48452599808,48452599808,7.372,0.024
google/gemma-3-1b-it,NVIDIA GeForce RTX 5060 Ti,42,2WikiMultiHopQA,3,16,578,structural,51.2272,59.4749,0.0,0,0,1,104,360,360,67947724800,67947724800,7.372,0.024
google/gemma-3-1b-it,NVIDIA GeForce RTX 5060 Ti,42,2WikiMultiHopQA,3,16,579,multi-hop,28.621,53.4901,78.9302,0,0,0,43,299,299,46871871488,46871871488,7.372,0.024
google/gemma-3-1b-it,NVIDIA GeForce RTX 5060 Ti,42,2WikiMultiHopQA,3,16,580,multi-hop,50.7385,0.0,0.0,0,1,1,113,369,369,71387578368,71387578368,7.372,0.024
google/gemma-3-1b-it,NVIDIA GeForce RTX 5060 Ti,42,2WikiMultiHopQA,3,16,581,semantic,69.9531,0.0,0.0,0,1,1,104,360,360,67947724800,67947724800,7.372,0.024
google/gemma-3-1b-it,NVIDIA GeForce RTX 5060 Ti,42,2WikiMultiHopQA,3,16,582,semantic,39.4357,0.0,40.914,0,1,0,138,394,394,81388371968,81388371968,7.372,0.024
google/gemma-3-1b-it,NVIDIA GeForce RTX 5060 Ti,42,2WikiMultiHopQA,3,16,583,multi-hop,32.8755,57.1804,43.4045,0,0,0,28,284,284,42286972928,42286972928,7.372,0.024
google/gemma-3-1b-it,NVIDIA GeForce RTX 5060 Ti,42,2WikiMultiHopQA,3,16,584,multi-hop,34.2259,78.7005,66.3776,0,0,0,63,319,319,53352071168,53352071168,7.372,0.024
google/gemma-3-1b-it,NVIDIA GeForce RTX 5060 Ti,42,2WikiMultiHopQA,3,16,585,multi-hop,29.5358,30.6256,77.8472,0,0,0,101,357,278,66819981312,40519073792,7.372,0.024
google/gemma-3-1b-it,NVIDIA GeForce RTX 5060 Ti,42,2WikiMultiHopQA,3,16,586,semantic,40.0315,0.0,0.0,0,1,1,2,7,7,25690112,25690112,7.372,0.024
google/gemma-3-1b-it,NVIDIA GeForce RTX 5060 Ti,42,2WikiMultiHopQA,3,16,587,semantic,31.9116,0.0,0.0,0,1,1,83,327,339,56061591552,60251701248,7.372,0.024
google/gemma-3-1b-it,NVIDIA GeForce RTX 5060 Ti,42,2WikiMultiHopQA,3,16,588,multi-hop,41.2953,67.0563,51.9036,0,0,0,136,392,392,80564191232,80564191232,7.372,0.024
google/gemma-3-1b-it,NVIDIA GeForce RTX 5060 Ti,42,2WikiMultiHopQA,3,16,589,semantic,48.1232,0.0,61.6262,0,1,0,50,306,300,49092231168,47185920000,7.372,0.024
google/gemma-3-1b-it,NVIDIA GeForce RTX 5060 Ti,42,2WikiMultiHopQA,3,16,590,structural,34.071,0.0,0.0,0,1,1,85,341,341,60964732928,60964732928,7.372,0.024
google/gemma-3-1b-it,NVIDIA GeForce RTX 5060 Ti,42,2WikiMultiHopQA,3,16,591,semantic,51.2248,0.0,0.0,0,1,1,64,320,320,53687091200,53687091200,7.372,0.024
google/gemma-3-1b-it,NVIDIA GeForce RTX 5060 Ti,42,2WikiMultiHopQA,3,16,592,structural,38.4414,36.8175,36.7499,0,0,0,12,26,26,354418688,354418688,7.372,0.024
google/gemma-3-1b-it,NVIDIA GeForce RTX 5060 Ti,42,2WikiMultiHopQA,3,16,593,semantic,42.7871,0.0,59.6874,0,1,0,110,366,304,70231523328,48452599808,7.372,0.024
google/gemma-3-1b-it,NVIDIA GeForce RTX 5060 Ti,42,2WikiMultiHopQA,3,16,594,structural,29.4717,0.0,0.0,0,1,1,104,360,360,67947724800,67947724800,7.372,0.024
google/gemma-3-1b-it,NVIDIA GeForce RTX 5060 Ti,42,2WikiMultiHopQA,3,16,595,multi-hop,41.6935,0.0,41.4884,0,1,0,99,355,355,66073395200,66073395200,7.372,0.024
google/gemma-3-1b-it,NVIDIA GeForce RTX 5060 Ti,42,2WikiMultiHopQA,3,16,596,multi-hop,33.6673,42.4405,64.0985,0,0,0,2,10,21,52428800,231211008,7.372,0.024
google/gemma-3-1b-it,NVIDIA GeForce RTX 5060 Ti,42,2WikiMultiHopQA,3,16,597,semantic,58.0385,52.1735,86.7583,0,0,0,109,300,310,47185920000,50384076800,7.372,0.024
google/gemma-3-1b-it,NVIDIA GeForce RTX 5060 Ti,42,2WikiMultiHopQA,3,16,598,multi-hop,84.7291,35.7046,36.9014,0,0,0,5,16,24,134217728,301989888,7.372,0.024
google/gemma-3-1b-it,NVIDIA GeForce RTX 5060 Ti,42,2WikiMultiHopQA,3,16,599,multi-hop,50.1991,0.0,84.1278,0,1,0,155,411,370,88563253248,71775027200,7.372,0.024
google/gemma-3-1b-it,NVIDIA GeForce RTX 5060 Ti,42,2WikiMultiHopQA,4,16,0,structural,57.8845,0.0,73.2976,0,1,0,105,361,361,68325736448,68325736448,7.372,0.024
google/gemma-3-1b-it,NVIDIA GeForce RTX 5060 Ti,42,2WikiMultiHopQA,4,16,1,multi-hop,58.1915,59.0952,39.8784,0,0,0,78,334,334,58487472128,58487472128,7.372,0.024
google/gemma-3-1b-it,NVIDIA GeForce RTX 5060 Ti,42,2WikiMultiHopQA,4,16,2,multi-hop,65.957,0.0,62.3277,0,1,0,105,361,361,68325736448,68325736448,7.372,0.024
google/gemma-3-1b-it,NVIDIA GeForce RTX 5060 Ti,42,2WikiMultiHopQA,4,16,3,semantic,44.1565,0.0,0.0,0,1,1,99,355,355,66073395200,66073395200,7.372,0.024
google/gemma-3-1b-it,NVIDIA GeForce RTX 5060 Ti,42,2WikiMultiHopQA,4,16,4,structural,60.4568,67.6691,74.376,0,0,0,53,309,309,50059542528,50059542528,7.372,0.024
google/gemma-3-1b-it,NVIDIA GeForce RTX 5060 Ti,42,2WikiMultiHopQA,4,16,5,multi-hop,63.7439,0.0,0.0,0,1,1,48,304,304,48452599808,48452599808,7.372,0.024
google/gemma-3-1b-it,NVIDIA GeForce RTX 5060 Ti,42,2WikiMultiHopQA,4,16,6,structural,76.2221,90.5109,67.1078,0,0,0,91,347,347,63128993792,63128993792,7.372,0.024
google/gemma-3-1b-it,NVIDIA GeForce RTX 5060 Ti,42,2WikiMultiHopQA,4,16,7,multi-hop,40.3771,44.5947,47.4801,0,0,0,147,403,403,85149089792,85149089792,7.372,0.024
google/gemma-3-1b-it,NVIDIA GeForce RTX 5060 Ti,42,2WikiMultiHopQA,4,16,8,multi-hop,72.3015,0.0,70.6292,0,1,0,82,338,338,59896758272,59896758272,7.372,0.024
google/gemma-3-1b-it,NVIDIA GeForce RTX 5060 Ti,42,2WikiMultiHopQA,4,16,9,structural,52.943,58.4491,48.5519,0,0,0,34,290,290,44092620800,44092620800,7.372,0.024
google/gemma-3-1b-it,NVIDIA GeForce RTX 5060 Ti,42,2WikiMultiHopQA,4,16,10,multi-hop,68.6852,0.0,0.0,0,1,1,2,13,11,88604672,63438848,7.372,0.024
google/gemma-3-1b-it,NVIDIA GeForce RTX 5060 Ti,42,2WikiMultiHopQA,4,16,11,semantic,36.5272,0.0,37.886,0,1,0,105,307,126,49413619712,8323596288,7.372,0.024
google/gemma-3-1b-it,NVIDIA GeForce RTX 5060 Ti,42,2WikiMultiHopQA,4,16,12,semantic,38.2115,0.0,44.5871,0,1,0,113,369,369,71387578368,71387578368,7.372,0.024
google/gemma-3-1b-it,NVIDIA GeForce RTX 5060 Ti,42,2WikiMultiHopQA,4,16,13,semantic,71.7012,82.4755,70.7047,0,0,0,101,357,357,66819981312,66819981312,7.372,0.024
google/gemma-3-1b-it,NVIDIA GeForce RTX 5060 Ti,42,2WikiMultiHopQA,4,16,14,multi-hop,42.9623,0.0,60.5314,0,1,0,103,359,359,67570761728,67570761728,7.372,0.024
google/gemma-3-1b-it,NVIDIA GeForce RTX 5060 Ti,42,2WikiMultiHopQA,4,16,15,structural,55.943,71.6168,63.5774,0,0,0,78,334,334,58487472128,58487472128,7.372,0.024
google/gemma-3-1b-it,NVIDIA GeForce RTX 5060 Ti,42,2WikiMultiHopQA,4,16,16,structural,36.2498,77.3662,40.8371,0,0,0,87,343,343,61681958912,61681958912,7.372,0.024
google/gemma-3-1b-it,NVIDIA GeForce RTX 5060 Ti,42,2WikiMultiHopQA,4,16,17,semantic,31.6487,0.0,63.7213,0,1,0,112,368,368,71001178112,71001178112,7.372,0.024
google/gemma-3-1b-it,NVIDIA GeForce RTX 5060 Ti,42,2WikiMultiHopQA,4,16,18,semantic,81.8931,0.0,0.0,0,1,1,8,59,161,1825046528,13590069248,7.372,0.024
google/gemma-3-1b-it,NVIDIA GeForce RTX 5060 Ti,42,2WikiMultiHopQA,4,16,19,multi-hop,70.6766,90.2849,40.6746,0,0,0,2,9,9,42467328,42467328,7.372,0.024
google/gemma-3-1b-it,NVIDIA GeForce RTX 5060 Ti,42,2WikiMultiHopQA,4,16,20,multi-hop,48.6618,0.0,0.0,0,1,1,105,331,361,57441517568,68325736448,7.372,0.024
google/gemma-3-1b-it,NVIDIA GeForce RTX 5060 Ti,42,2WikiMultiHopQA,4,16,21,multi-hop,45.8719,0.0,49.4132,0,1,0,14,253,270,33559150592,38220595200,7.372,0.024
google/gemma-3-1b-it,NVIDIA GeForce RTX 5060 Ti,42,2WikiMultiHopQA,4,16,22,structural,35.0365,77.0023,0.0,0,0,1,12,123,268,7931953152,37656461312,7.372,0.024
google/gemma-3-1b-it,NVIDIA GeForce RTX 5060 Ti,42,2WikiMultiHopQA,4,16,23,semantic,73.462,41.163,71.7568,0,0,0,27,283,283,41989701632,41989701632,7.372,0.024
google/gemma-3-1b-it,NVIDIA GeForce RTX 5060 Ti,42,2WikiMultiHopQA,4,16,24,semantic,64.1293,0.0,0.0,0,1,1,139,395,395,81802035200,81802035200,7.372,0.024
google/gemma-3-1b-it,NVIDIA GeForce RTX 5060 Ti,42,2WikiMultiHopQA,4,16,25,multi-hop,30.051,0.0,0.0,0,1,1,100,356,356,66446163968,66446163968,7.372,0.024
google/gemma-3-1b-it,NVIDIA GeForce RTX 5060 Ti,42,2WikiMultiHopQA,4,16,26,multi-hop,63.9816,0.0,0.0,0,1,1,105,361,361,68325736448,68325736448,7.372,0.024
google/gemma-3-1b-it,NVIDIA GeForce RTX 5060 Ti,42,2WikiMultiHopQA,4,16,27,multi-hop,59.2939,72.7273,0.0,0,0,1,28,184,284,17750294528,42286972928,7.372,0.024
google/gemma-3-1b-it,NVIDIA GeForce RTX 5060 Ti,42,2WikiMultiHopQA,4,16,28,semantic,56.5116,0.0,0.0,0,1,1,41,297,297,46246920192,46246920192,7.372,0.024
google/gemma-3-1b-it,NVIDIA GeForce RTX 5060 Ti,42,2WikiMultiHopQA,4,16,29,structural,64.4629,83.4487,82.3379,0,0,0,4,11,11,63438848,63438848,7.372,0.024
google/gemma-3-1b-it,NVIDIA GeForce RTX 5060 Ti,42,2WikiMultiHopQA,4,16,30,multi-hop,39.7214,0.0,0.0,0,1,1,102,358,358,67194847232,67194847232,7.372,0.024
google/gemma-3-1b-it,NVIDIA GeForce RTX 5060 Ti,42,2WikiMultiHopQA,4,16,31,multi-hop,75.5244,0.0,0.0,0,1,1,149,405,405,85996339200,85996339200,7.372,0.024
google/gemma-3-1b-it,NVIDIA GeForce RTX 5060 Ti,42,2WikiMultiHopQA,4,16,32,semantic,64.5381,0.0,47.3482,0,1,0,116,372,372,72553070592,72553070592,7.372,0.024
google/gemma-3-1b-it,NVIDIA GeForce RTX 5060 Ti,42,2WikiMultiHopQA,4,16,33,structural,55.432,47.9892,52.3575,0,0,0,49,271,305,38504235008,48771891200,7.372,0.024
google/gemma-3-1b-it,NVIDIA GeForce RTX 5060 Ti,42,2WikiMultiHopQA,4,16,34,structural,46.575,57.3193,32.2023,0,0,0,29,285,285,42585292800,42585292800,7.372,0.024
google/gemma-3-1b-it,NVIDIA GeForce RTX 5060 Ti,42,2WikiMultiHopQA,4,16,35,semantic,0.0,0.0,0.0,1,1,1,102,358,358,67194847232,67194847232,7.372,0.024
google/gemma-3-1b-it,NVIDIA GeForce RTX 5060 Ti,42,2WikiMultiHopQA,4,16,36,structural,35.2453,89.7906,66.2888,0,0,0,51,307,307,49413619712,49413619712,7.372,0.024
google/gemma-3-1b-it,NVIDIA GeForce RTX 5060 Ti,42,2WikiMultiHopQA,4,16,37,multi-hop,0.0,0.0,49.0363,1,1,0,57,278,313,40519073792,51363971072,7.372,0.024
google/gemma-3-1b-it,NVIDIA GeForce RTX 5060 Ti,42,2WikiMultiHopQA,4,16,38,multi-hop,44.8413,0.0,48.2091,0,1,0,76,332,332,57789120512,57789120512,7.372,0.024
google/gemma-3-1b-it,NVIDIA GeForce RTX 5060 Ti,42,2WikiMultiHopQA,4,16,39,multi-hop,31.8982,30.7214,47.2956,0,0,0,102,358,358,67194847232,67194847232,7.372,0.024
google/gemma-3-1b-it,NVIDIA GeForce RTX 5060 Ti,42,2WikiMultiHopQA,4,16,40,semantic,28.8722,0.0,0.0,0,1,1,108,364,364,69466062848,69466062848,7.372,0.024
google/gemma-3-1b-it,NVIDIA GeForce RTX 5060 Ti,42,2WikiMultiHopQA,4,16,41,multi-hop,78.3617,0.0,0.0,0,1,1,109,365,365,69848268800,69848268800,7.372,0.024
google/gemma-3-1b-it,NVIDIA GeForce RTX 5060 Ti,42,2WikiMultiHopQA,4,16,42,semantic,29.3012,0.0,80.3318,0,1,0,105,361,361,68325736448,68325736448,7.372,0.024
google/gemma-3-1b-it,NVIDIA GeForce RTX 5060 Ti,42,2WikiMultiHopQA,4,16,43,semantic,56.6395,0.0,0.0,0,1,1,129,385,385,77712588800,77712588800,7.372,0.024
google/gemma-3-1b-it,NVIDIA GeForce RTX 5060 Ti,42,2WikiMultiHopQA,4,16,44,multi-hop,81.0722,75.597,0.0,0,0,1,36,292,292,44702892032,44702892032,7.372,0.024
google/gemma-3-1b-it,NVIDIA GeForce RTX 5060 Ti,42,2WikiMultiHopQA,4,16,45,structural,39.4536,51.3147,0.0,0,0,1,12,268,268,37656461312,37656461312,7.372,0.024
google/gemma-3-1b-it,NVIDIA GeForce RTX 5060 Ti,42,2WikiMultiHopQA,4,16,46,structural,43.4082,65.1092,38.7661,0,0,0,78,334,334,58487472128,58487472128,7.372,0.024
google/gemma-3-1b-it,NVIDIA GeForce RTX 5060 Ti,42,2WikiMultiHopQA,4,16,47,semantic,50.8218,0.0,65.4891,0,1,0,33,289,289,43789058048,43789058048,7.372,0.024
google/gemma-3-1b-it,NVIDIA GeForce RTX 5060 Ti,42,2WikiMultiHopQA,4,16,48,multi-hop,51.2977,0.0,0.0,0,1,1,76,332,332,57789120512,57789120512,7.372,0.024
google/gemma-3-1b-it,NVIDIA GeForce RTX 5060 Ti,42,2WikiMultiHopQA,4,16,49,structural,69.0983,59.9362,49.8862,0,0,0,65,195,321,19936051200,54023159808,7.372,0.024
google/gemma-3-1b-it,NVIDIA GeForce RTX 5060 Ti,42,2WikiMultiHopQA,4,16,50,multi-hop,68.1339,0.0,50.8987,0,1,0,98,354,336,65701675008,59190018048,7.372,0.024
google/gemma-3-1b-it,NVIDIA GeForce RTX 5060 Ti,42,2WikiMultiHopQA,4,16,51,structural,44.777,56.9365,32.7404,0,0,0,2,9,126,42467328,8323596288,7.372,0.024
google/gemma-3-1b-it,NVIDIA GeForce RTX 5060 Ti,42,2WikiMultiHopQA,4,16,52,semantic,54.8633,0.0,43.4595,0,1,0,113,369,369,71387578368,71387578368,7.372,0.024
google/gemma-3-1b-it,NVIDIA GeForce RTX 5060 Ti,42,2WikiMultiHopQA,4,16,53,structural,52.5221,61.755,65.2192,0,0,0,114,370,370,71775027200,71775027200,7.372,0.024
google/gemma-3-1b-it,NVIDIA GeForce RTX 5060 Ti,42,2WikiMultiHopQA,4,16,54,structural,65.1767,0.0,0.0,0,1,1,103,359,359,67570761728,67570761728,7.372,0.024
google/gemma-3-1b-it,NVIDIA GeForce RTX 5060 Ti,42,2WikiMultiHopQA,4,16,55,semantic,55.7384,0.0,30.0784,0,1,0,58,314,314,51692699648,51692699648,7.372,0.024
google/gemma-3-1b-it,NVIDIA GeForce RTX 5060 Ti,42,2WikiMultiHopQA,4,16,56,multi-hop,68.6964,0.0,33.2269,0,1,0,206,462,462,111906127872,111906127872,7.372,0.024
google/gemma-3-1b-it,NVIDIA GeForce RTX 5060 Ti,42,2WikiMultiHopQA,4,16,57,structural,69.033,38.0677,75.7485,0,0,0,78,334,334,58487472128,58487472128,7.372,0.024
google/gemma-3-1b-it,NVIDIA GeForce RTX 5060 Ti,42,2WikiMultiHopQA,4,16,58,multi-hop,82.9695,0.0,32.3929,0,1,0,127,383,383,76907282432,76907282432,7.372,0.024
google/gemma-3-1b-it,NVIDIA GeForce RTX 5060 Ti,42,2WikiMultiHopQA,4,16,59,semantic,41.9384,0.0,0.0,0,1,1,97,353,353,65331003392,65331003392,7.372,0.024
google/gemma-3-1b-it,NVIDIA GeForce RTX 5060 Ti,42,2WikiMultiHopQA,4,16,60,semantic,62.2719,0.0,60.8312,0,1,0,8,264,264,36540776448,36540776448,7.372,0.024
google/gemma-3-1b-it,NVIDIA GeForce RTX 5060 Ti,42,2WikiMultiHopQA,4,16,61,structural,43.4606,50.3744,44.4485,0,0,0,122,378,378,74912366592,74912366592,7.372,0.024
google/gemma-3-1b-it,NVIDIA GeForce RTX 5060 Ti,42,2WikiMultiHopQA,4,16,62,semantic,46.4519,0.0,66.1602,0,1,0,84,340,340,60607692800,60607692800,7.372,0.024
google/gemma-3-1b-it,NVIDIA GeForce RTX 5060 Ti,42,2WikiMultiHopQA,4,16,63,multi-hop,78.8017,46.8511,59.3657,0,0,0,7,123,61,7931953152,1950875648,7.372,0.024
google/gemma-3-1b-it,NVIDIA GeForce RTX 5060 Ti,42,2WikiMultiHopQA,4,16,64,multi-hop,42.1748,0.0,0.0,0,1,1,112,368,368,71001178112,71001178112,7.372,0.024
google/gemma-3-1b-it,NVIDIA GeForce RTX 5060 Ti,42,2WikiMultiHopQA,4,16,65,multi-hop,74.6926,83.965,0.0,0,0,1,114,370,370,71775027200,71775027200,7.372,0.024
google/gemma-3-1b-it,NVIDIA GeForce RTX 5060 Ti,42,2WikiMultiHopQA,4,16,66,multi-hop,69.2876,0.0,0.0,0,1,1,106,362,362,68704796672,68704796672,7.372,0.024
google/gemma-3-1b-it,NVIDIA GeForce RTX 5060 Ti,42,2WikiMultiHopQA,4,16,67,semantic,75.9318,42.1046,42.25,0,0,0,101,357,357,66819981312,66819981312,7.372,0.024
google/gemma-3-1b-it,NVIDIA GeForce RTX 5060 Ti,42,2WikiMultiHopQA,4,16,68,structural,80.5222,69.4184,56.671,0,0,0,101,357,357,66819981312,66819981312,7.372,0.024
google/gemma-3-1b-it,NVIDIA GeForce RTX 5060 Ti,42,2WikiMultiHopQA,4,16,69,multi-hop,45.9603,0.0,53.5176,0,1,0,142,398,398,83049316352,83049316352,7.372,0.024
google/gemma-3-1b-it,NVIDIA GeForce RTX 5060 Ti,42,2WikiMultiHopQA,4,16,70,structural,61.5081,73.0796,0.0,0,0,1,17,273,273,39074660352,39074660352,7.372,0.024
google/gemma-3-1b-it,NVIDIA GeForce RTX 5060 Ti,42,2WikiMultiHopQA,4,16,71,multi-hop,58.9978,80.9208,72.3957,0,0,0,34,290,290,44092620800,44092620800,7.372,0.024
google/gemma-3-1b-it,NVIDIA GeForce RTX 5060 Ti,42,2WikiMultiHopQA,4,16,72,semantic,64.8555,0.0,0.0,0,1,1,2,9,9,42467328,42467328,7.372,0.024
google/gemma-3-1b-it,NVIDIA GeForce RTX 5060 Ti,42,2WikiMultiHopQA,4,16,73,multi-hop,68.19,78.3393,0.0,0,0,1,113,369,369,71387578368,71387578368,7.372,0.024
google/gemma-3-1b-it,NVIDIA GeForce RTX 5060 Ti,42,2WikiMultiHopQA,4,16,74,multi-hop,60.2759,58.675,0.0,0,0,1,117,345,335,62403379200,58838220800,7.372,0.024
google/gemma-3-1b-it,NVIDIA GeForce RTX 5060 Ti,42,2WikiMultiHopQA,4,16,75,structural,61.1443,0.0,45.1014,0,1,0,114,370,370,71775027200,71775027200,7.372,0.024
google/gemma-3-1b-it,NVIDIA GeForce RTX 5060 Ti,42,2WikiMultiHopQA,4,16,76,multi-hop,42.36,0.0,0.0,0,1,1,59,315,315,52022476800,52022476800,7.372,0.024
google/gemma-3-1b-it,NVIDIA GeForce RTX 5060 Ti,42,2WikiMultiHopQA,4,16,77,semantic,55.0334,0.0,62.2669,0,1,0,20,32,31,536870912,503840768,7.372,0.024
google/gemma-3-1b-it,NVIDIA GeForce RTX 5060 Ti,42,2WikiMultiHopQA,4,16,78,semantic,29.1737,0.0,51.4381,0,1,0,40,165,296,14273740800,45936017408,7.372,0.024
google/gemma-3-1b-it,NVIDIA GeForce RTX 5060 Ti,42,2WikiMultiHopQA,4,16,79,semantic,58.6222,0.0,73.0012,0,1,0,85,341,341,60964732928,60964732928,7.372,0.024
google/gemma-3-1b-it,NVIDIA GeForce RTX 5060 Ti,42,2WikiMultiHopQA,4,16,80,structural,66.3357,94.3215,41.7755,0,0,0,96,352,352,64961380352,64961380352,7.372,0.024
google/gemma-3-1b-it,NVIDIA GeForce RTX 5060 Ti,42,2WikiMultiHopQA,4,16,81,multi-hop,72.1234,0.0,0.0,0,1,1,127,383,383,76907282432,76907282432,7.372,0.024
google/gemma-3-1b-it,NVIDIA GeForce RTX 5060 Ti,42,2WikiMultiHopQA,4,16,82,multi-hop,38.6507,39.339,46.7137,0,0,0,25,281,281,41398304768,41398304768,7.372,0.024
google/gemma-3-1b-it,NVIDIA GeForce RTX 5060 Ti,42,2WikiMultiHopQA,4,16,83,structural,47.6591,37.7945,70.8279,0,0,0,114,370,370,71775027200,71775027200,7.372,0.024
google/gemma-3-1b-it,NVIDIA GeForce RTX 5060 Ti,42,2WikiMultiHopQA,4,16,84,semantic,34.7761,0.0,0.0,0,1,1,50,306,306,49092231168,49092231168,7.372,0.024
google/gemma-3-1b-it,NVIDIA GeForce RTX 5060 Ti,42,2WikiMultiHopQA,4,16,85,semantic,44.0219,0.0,0.0,0,1,1,87,343,343,61681958912,61681958912,7.372,0.024
google/gemma-3-1b-it,NVIDIA GeForce RTX 5060 Ti,42,2WikiMultiHopQA,4,16,86,multi-hop,29.4144,0.0,0.0,0,1,1,103,359,359,67570761728,67570761728,7.372,0.024
google/gemma-3-1b-it,NVIDIA GeForce RTX 5060 Ti,42,2WikiMultiHopQA,4,16,87,multi-hop,59.7897,0.0,62.3886,0,1,0,24,280,280,41104179200,41104179200,7.372,0.024
google/gemma-3-1b-it,NVIDIA GeForce RTX 5060 Ti,42,2WikiMultiHopQA,4,16,88,multi-hop,80.6242,31.8217,49.3956,0,0,0,95,351,351,64592805888,64592805888,7.372,0.024
google/gemma-3-1b-it,NVIDIA GeForce RTX 5060 Ti,42,2WikiMultiHopQA,4,16,89,multi-hop,71.9249,0.0,0.0,0,1,1,63,319,319,53352071168,53352071168,7.372,0.024
google/gemma-3-1b-it,NVIDIA GeForce RTX 5060 Ti,42,2WikiMultiHopQA,4,16,90,semantic,46.2571,0.0,0.0,0,1,1,102,358,358,67194847232,67194847232,7.372,0.024
google/gemma-3-1b-it,NVIDIA GeForce RTX 5060 Ti,42,2WikiMultiHopQA,4,16,91,multi-hop,66.48,33.4033,52.741,0,0,0,110,366,366,70231523328,70231523328,7.372,0.024
google/gemma-3-1b-it,NVIDIA GeForce RTX 5060 Ti,42,2WikiMultiHopQA,4,16,92,semantic,73.6751,0.0,72.252,0,1,0,125,380,381,75707187200,76106170368,7.372,0.024
google/gemma-3-1b-it,NVIDIA GeForce RTX 5060 Ti,42,2WikiMultiHopQA,4,16,93,semantic,0.0,0.0,0.0,1,1,1,87,343,343,61681958912,61681958912,7.372,0.024
google/gemma-3-1b-it,NVIDIA GeForce RTX 5060 Ti,42,2WikiMultiHopQA,4,16,94,semantic,43.2552,0.0,0.0,0,1,1,2,13,11,88604672,63438848,7.372,0.024
google/gemma-3-1b-it,NVIDIA GeForce RTX 5060 Ti,42,2WikiMultiHopQA,4,16,95,semantic,83.7508,0.0,0.0,0,1,1,101,357,357,66819981312,66819981312,7.372,0.024
google/gemma-3-1b-it,NVIDIA GeForce RTX 5060 Ti,42,2WikiMultiHopQA,4,16,96,multi-hop,31.584,0.0,0.0,0,1,1,112,368,368,71001178112,71001178112,7.372,0.024
google/gemma-3-1b-it,NVIDIA GeForce RTX 5060 Ti,42,2WikiMultiHopQA,4,16,97,structural,64.9218,0.0,41.8145,0,1,0,100,356,356,66446163968,66446163968,7.372,0.024
google/gemma-3-1b-it,NVIDIA GeForce RTX 5060 Ti,42,2WikiMultiHopQA,4,16,98,multi-hop,55.0633,0.0,0.0,0,1,1,55,311,311,50709659648,50709659648,7.372,0.024
google/gemma-3-1b-it,NVIDIA GeForce RTX 5060 Ti,42,2WikiMultiHopQA,4,16,99,semantic,36.883,0.0,38.6286,0,1,0,24,280,280,41104179200,41104179200,7.372,0.024
google/gemma-3-1b-it,NVIDIA GeForce RTX 5060 Ti,42,2WikiMultiHopQA,4,16,100,semantic,33.1771,0.0,0.0,0,1,1,109,365,365,69848268800,69848268800,7.372,0.024
google/gemma-3-1b-it,NVIDIA GeForce RTX 5060 Ti,42,2WikiMultiHopQA,4,16,101,multi-hop,40.8385,0.0,51.2032,0,1,0,61,317,317,52685176832,52685176832,7.372,0.024
google/gemma-3-1b-it,NVIDIA GeForce RTX 5060 Ti,42,2WikiMultiHopQA,4,16,102,multi-hop,0.0,0.0,0.0,1,1,1,105,361,361,68325736448,68325736448,7.372,0.024
google/gemma-3-1b-it,NVIDIA GeForce RTX 5060 Ti,42,2WikiMultiHopQA,4,16,103,semantic,34.7767,0.0,0.0,0,1,1,115,371,371,72163524608,72163524608,7.372,0.024
google/gemma-3-1b-it,NVIDIA GeForce RTX 5060 Ti,42,2WikiMultiHopQA,4,16,104,multi-hop,47.9232,0.0,67.7786,0,1,0,66,322,322,54360276992,54360276992,7.372,0.024
google/gemma-3-1b-it,NVIDIA GeForce RTX 5060 Ti,42,2WikiMultiHopQA,4,16,105,semantic,71.1552,0.0,0.0,0,1,1,119,375,375,73728000000,73728000000,7.372,0.024
google/gemma-3-1b-it,NVIDIA GeForce RTX 5060 Ti,42,2WikiMultiHopQA,4,16,106,semantic,34.7332,0.0,0.0,0,1,1,128,384,384,77309411328,77309411328,7.372,0.024
google/gemma-3-1b-it,NVIDIA GeForce RTX 5060 Ti,42,2WikiMultiHopQA,4,16,107,structural,35.1078,0.0,0.0,0,1,1,27,283,283,41989701632,41989701632,7.372,0.024
google/gemma-3-1b-it,NVIDIA GeForce RTX 5060 Ti,42,2WikiMultiHopQA,4,16,108,structural,47.8913,38.0317,53.6493,0,0,0,16,263,272,36264476672,38788923392,7.372,0.024
google/gemma-3-1b-it,NVIDIA GeForce RTX 5060 Ti,42,2WikiMultiHopQA,4,16,109,multi-hop,82.8208,78.9706,34.8067,0,0,0,35,246,291,31727812608,44397232128,7.372,0.024
google/gemma-3-1b-it,NVIDIA GeForce RTX 5060 Ti,42,2WikiMultiHopQA,4,16,110,multi-hop,56.9498,91.6264,63.7589,0,0,0,109,365,365,69848268800,69848268800,7.372,0.024
google/gemma-3-1b-it,NVIDIA GeForce RTX 5060 Ti,42,2WikiMultiHopQA,4,16,111,multi-hop,79.3503,63.9557,52.1676,0,0,0,28,284,284,42286972928,42286972928,7.372,0.024
google/gemma-3-1b-it,NVIDIA GeForce RTX 5060 Ti,42,2WikiMultiHopQA,4,16,112,semantic,48.5835,0.0,68.7834,0,1,0,28,184,284,17750294528,42286972928,7.372,0.024
google/gemma-3-1b-it,NVIDIA GeForce RTX 5060 Ti,42,2WikiMultiHopQA,4,16,113,multi-hop,56.833,0.0,0.0,0,1,1,93,349,349,63858802688,63858802688,7.372,0.024
google/gemma-3-1b-it,NVIDIA GeForce RTX 5060 Ti,42,2WikiMultiHopQA,4,16,114,multi-hop,38.8003,0.0,0.0,0,1,1,48,304,304,48452599808,48452599808,7.372,0.024
google/gemma-3-1b-it,NVIDIA GeForce RTX 5060 Ti,42,2WikiMultiHopQA,4,16,115,multi-hop,65.1779,32.5651,62.2669,0,0,0,78,334,334,58487472128,58487472128,7.372,0.024
google/gemma-3-1b-it,NVIDIA GeForce RTX 5060 Ti,42,2WikiMultiHopQA,4,16,116,semantic,0.0,70.8718,35.9522,1,0,0,101,357,357,66819981312,66819981312,7.372,0.024
google/gemma-3-1b-it,NVIDIA GeForce RTX 5060 Ti,42,2WikiMultiHopQA,4,16,117,multi-hop,57.5075,0.0,0.0,0,1,1,114,370,370,71775027200,71775027200,7.372,0.024
google/gemma-3-1b-it,NVIDIA GeForce RTX 5060 Ti,42,2WikiMultiHopQA,4,16,118,multi-hop,62.363,0.0,0.0,0,1,1,25,281,281,41398304768,41398304768,7.372,0.024
google/gemma-3-1b-it,NVIDIA GeForce RTX 5060 Ti,42,2WikiMultiHopQA,4,16,119,multi-hop,57.9721,61.0549,80.2614,0,0,0,86,342,342,61322821632,61322821632,7.372,0.024
google/gemma-3-1b-it,NVIDIA GeForce RTX 5060 Ti,42,2WikiMultiHopQA,4,16,120,structural,48.5559,43.1084,68.6361,0,0,0,64,320,320,53687091200,53687091200,7.372,0.024
google/gemma-3-1b-it,NVIDIA GeForce RTX 5060 Ti,42,2WikiMultiHopQA,4,16,121,multi-hop,65.7457,0.0,0.0,0,1,1,114,370,370,71775027200,71775027200,7.372,0.024
google/gemma-3-1b-it,NVIDIA GeForce RTX 5060 Ti,42,2WikiMultiHopQA,4,16,122,semantic,54.5423,0.0,48.3328,0,1,0,74,330,330,57094963200,57094963200,7.372,0.024
google/gemma-3-1b-it,NVIDIA GeForce RTX 5060 Ti,42,2WikiMultiHopQA,4,16,123,semantic,48.8065,0.0,0.0,0,1,1,93,349,324,63858802688,55037657088,7.372,0.024
google/gemma-3-1b-it,NVIDIA GeForce RTX 5060 Ti,42,2WikiMultiHopQA,4,16,124,multi-hop,43.9073,57.6896,58.3702,0,0,0,2,9,10,42467328,52428800,7.372,0.024
google/gemma-3-1b-it,NVIDIA GeForce RTX 5060 Ti,42,2WikiMultiHopQA,4,16,125,semantic,60.6082,0.0,64.2856,0,1,0,110,366,366,70231523328,70231523328,7.372,0.024
google/gemma-3-1b-it,NVIDIA GeForce RTX 5060 Ti,42,2WikiMultiHopQA,4,16,126,semantic,52.8451,0.0,0.0,0,1,1,83,339,339,60251701248,60251701248,7.372,0.024
google/gemma-3-1b-it,NVIDIA GeForce RTX 5060 Ti,42,2WikiMultiHopQA,4,16,127,multi-hop,46.8512,55.4062,0.0,0,0,1,101,315,357,52022476800,66819981312,7.372,0.024
google/gemma-3-1b-it,NVIDIA GeForce RTX 5060 Ti,42,2WikiMultiHopQA,4,16,128,multi-hop,34.5576,0.0,0.0,0,1,1,118,374,374,73335308288,73335308288,7.372,0.024
google/gemma-3-1b-it,NVIDIA GeForce RTX 5060 Ti,42,2WikiMultiHopQA,4,16,129,structural,69.603,76.5304,31.9163,0,0,0,109,365,365,69848268800,69848268800,7.372,0.024
google/gemma-3-1b-it,NVIDIA GeForce RTX 5060 Ti,42,2WikiMultiHopQA,4,16,130,semantic,36.7794,0.0,0.0,0,1,1,119,375,375,73728000000,73728000000,7.372,0.024
google/gemma-3-1b-it,NVIDIA GeForce RTX 5060 Ti,42,2WikiMultiHopQA,4,16,131,semantic,38.7627,0.0,0.0,0,1,1,19,222,275,25839009792,39649280000,7.372,0.024
google/gemma-3-1b-it,NVIDIA GeForce RTX 5060 Ti,42,2WikiMultiHopQA,4,16,132,semantic,38.0998,0.0,72.8077,0,1,0,67,323,323,54698442752,54698442752,7.372,0.024
google/gemma-3-1b-it,NVIDIA GeForce RTX 5060 Ti,42,2WikiMultiHopQA,4,16,133,multi-hop,31.4009,0.0,0.0,0,1,1,101,357,357,66819981312,66819981312,7.372,0.024
google/gemma-3-1b-it,NVIDIA GeForce RTX 5060 Ti,42,2WikiMultiHopQA,4,16,134,structural,78.4169,33.5542,47.2238,0,0,0,113,369,369,71387578368,71387578368,7.372,0.024
google/gemma-3-1b-it,NVIDIA GeForce RTX 5060 Ti,42,2WikiMultiHopQA,4,16,135,multi-hop,54.3057,0.0,95.2699,0,1,0,83,233,339,28463071232,60251701248,7.372,0.024
google/gemma-3-1b-it,NVIDIA GeForce RTX 5060 Ti,42,2WikiMultiHopQA,4,16,136,semantic,83.8083,0.0,91.262,0,1,0,121,377,377,74516529152,74516529152,7.372,0.024
google/gemma-3-1b-it,NVIDIA GeForce RTX 5060 Ti,42,2WikiMultiHopQA,4,16,137,semantic,84.1382,0.0,0.0,0,1,1,99,355,355,66073395200,66073395200,7.372,0.024
google/gemma-3-1b-it,NVIDIA GeForce RTX 5060 Ti,42,2WikiMultiHopQA,4,16,138,semantic,55.5808,0.0,80.3591,0,1,0,109,325,365,55377920000,69848268800,7.372,0.024
google/gemma-3-1b-it,NVIDIA GeForce RTX 5060 Ti,42,2WikiMultiHopQA,4,16,139,multi-hop,80.0996,0.0,0.0,0,1,1,109,365,365,69848268800,69848268800,7.372,0.024
google/gemma-3-1b-it,NVIDIA GeForce RTX 5060 Ti,42,2WikiMultiHopQA,4,16,140,structural,62.7542,24.4072,54.3114,0,0,0,95,351,351,64592805888,64592805888,7.372,0.024
google/gemma-3-1b-it,NVIDIA GeForce RTX 5060 Ti,42,2WikiMultiHopQA,4,16,141,semantic,69.1688,0.0,0.0,0,1,1,29,238,285,29697769472,42585292800,7.372,0.024
google/gemma-3-1b-it,NVIDIA GeForce RTX 5060 Ti,42,2WikiMultiHopQA,4,16,142,multi-hop,65.0581,0.0,0.0,0,1,1,93,316,296,52353302528,45936017408,7.372,0.024
google/gemma-3-1b-it,NVIDIA GeForce RTX 5060 Ti,42,2WikiMultiHopQA,4,16,143,semantic,76.0975,0.0,70.7021,0,1,0,73,329,329,56749457408,56749457408,7.372,0.024
google/gemma-3-1b-it,NVIDIA GeForce RTX 5060 Ti,42,2WikiMultiHopQA,4,16,144,multi-hop,0.0,0.0,0.0,1,1,1,118,374,374,73335308288,73335308288,7.372,0.024
google/gemma-3-1b-it,NVIDIA GeForce RTX 5060 Ti,42,2WikiMultiHopQA,4,16,145,multi-hop,82.1207,66.8659,52.3289,0,0,0,27,283,283,41989701632,41989701632,7.372,0.024
google/gemma-3-1b-it,NVIDIA GeForce RTX 5060 Ti,42,2WikiMultiHopQA,4,16,146,multi-hop,62.2782,0.0,0.0,0,1,1,114,370,370,71775027200,71775027200,7.372,0.024
google/gemma-3-1b-it,NVIDIA GeForce RTX 5060 Ti,42,2WikiMultiHopQA,4,16,147,multi-hop,48.3324,0.0,0.0,0,1,1,128,384,384,77309411328,77309411328,7.372,0.024
google/gemma-3-1b-it,NVIDIA GeForce RTX 5060 Ti,42,2WikiMultiHopQA,4,16,148,multi-hop,85.1133,0.0,0.0,0,1,1,80,336,336,59190018048,59190018048,7.372,0.024
google/gemma-3-1b-it,NVIDIA GeForce RTX 5060 Ti,42,2WikiMultiHopQA,4,16,149,multi-hop,51.9218,84.5888,69.3369,0,0,0,101,357,357,66819981312,66819981312,7.372,0.024
google/gemma-3-1b-it,NVIDIA GeForce RTX 5060 Ti,42,2WikiMultiHopQA,4,16,150,semantic,76.6321,0.0,0.0,0,1,1,83,339,339,60251701248,60251701248,7.372,0.024
google/gemma-3-1b-it,NVIDIA GeForce RTX 5060 Ti,42,2WikiMultiHopQA,4,16,151,structural,78.298,52.8465,33.2054,0,0,0,24,280,280,41104179200,41104179200,7.372,0.024
google/gemma-3-1b-it,NVIDIA GeForce RTX 5060 Ti,42,2WikiMultiHopQA,4,16,152,structural,55.3964,0.0,0.0,0,1,1,67,323,315,54698442752,52022476800,7.372,0.024
google/gemma-3-1b-it,NVIDIA GeForce RTX 5060 Ti,42,2WikiMultiHopQA,4,16,153,structural,84.1332,45.3578,90.1462,0,0,0,85,341,341,60964732928,60964732928,7.372,0.024
google/gemma-3-1b-it,NVIDIA GeForce RTX 5060 Ti,42,2WikiMultiHopQA,4,16,154,multi-hop,0.0,70.1811,52.0022,1,0,0,24,280,280,41104179200,41104179200,7.372,0.024
google/gemma-3-1b-it,NVIDIA GeForce RTX 5060 Ti,42,2WikiMultiHopQA,4,16,155,multi-hop,59.9031,0.0,0.0,0,1,1,4,11,15,63438848,117964800,7.372,0.024
google/gemma-3-1b-it,NVIDIA GeForce RTX 5060 Ti,42,2WikiMultiHopQA,4,16,156,structural,84.3962,72.2689,89.6819,0,0,0,102,358,358,67194847232,67194847232,7.372,0.024
google/gemma-3-1b-it,NVIDIA GeForce RTX 5060 Ti,42,2WikiMultiHopQA,4,16,157,multi-hop,52.3839,0.0,0.0,0,1,1,105,361,361,68325736448,68325736448,7.372,0.024
google/gemma-3-1b-it,NVIDIA GeForce RTX 5060 Ti,42,2WikiMultiHopQA,4,16,158,multi-hop,96.7311,0.0,52.0499,0,1,0,107,363,313,69084905472,51363971072,7.372,0.024
google/gemma-3-1b-it,NVIDIA GeForce RTX 5060 Ti,42,2WikiMultiHopQA,4,16,159,structural,67.5869,70.5588,63.7168,0,0,0,115,371,371,72163524608,72163524608,7.372,0.024
google/gemma-3-1b-it,NVIDIA GeForce RTX 5060 Ti,42,2WikiMultiHopQA,4,16,160,semantic,47.3148,0.0,0.0,0,1,1,64,320,320,53687091200,53687091200,7.372,0.024
google/gemma-3-1b-it,NVIDIA GeForce RTX 5060 Ti,42,2WikiMultiHopQA,4,16,161,multi-hop,76.5177,0.0,0.0,0,1,1,63,319,319,53352071168,53352071168,7.372,0.024
google/gemma-3-1b-it,NVIDIA GeForce RTX 5060 Ti,42,2WikiMultiHopQA,4,16,162,multi-hop,79.7629,0.0,0.0,0,1,1,95,351,351,64592805888,64592805888,7.372,0.024
google/gemma-3-1b-it,NVIDIA GeForce RTX 5060 Ti,42,2WikiMultiHopQA,4,16,163,multi-hop,75.3627,72.379,59.0256,0,0,0,105,361,361,68325736448,68325736448,7.372,0.024
google/gemma-3-1b-it,NVIDIA GeForce RTX 5060 Ti,42,2WikiMultiHopQA,4,16,164,semantic,96.9246,0.0,85.4043,0,1,0,93,316,296,52353302528,45936017408,7.372,0.024
google/gemma-3-1b-it,NVIDIA GeForce RTX 5060 Ti,42,2WikiMultiHopQA,4,16,165,multi-hop,39.2225,0.0,0.0,0,1,1,87,343,343,61681958912,61681958912,7.372,0.024
google/gemma-3-1b-it,NVIDIA GeForce RTX 5060 Ti,42,2WikiMultiHopQA,4,16,166,multi-hop,67.7766,0.0,70.8342,0,1,0,108,364,364,69466062848,69466062848,7.372,0.024
google/gemma-3-1b-it,NVIDIA GeForce RTX 5060 Ti,42,2WikiMultiHopQA,4,16,167,multi-hop,89.4627,0.0,0.0,0,1,1,91,347,315,63128993792,52022476800,7.372,0.024
google/gemma-3-1b-it,NVIDIA GeForce RTX 5060 Ti,42,2WikiMultiHopQA,4,16,168,semantic,38.3676,0.0,0.0,0,1,1,106,362,362,68704796672,68704796672,7.372,0.024
google/gemma-3-1b-it,NVIDIA GeForce RTX 5060 Ti,42,2WikiMultiHopQA,4,16,169,multi-hop,71.9602,0.0,0.0,0,1,1,80,336,336,59190018048,59190018048,7.372,0.024
google/gemma-3-1b-it,NVIDIA GeForce RTX 5060 Ti,42,2WikiMultiHopQA,4,16,170,multi-hop,78.6117,93.2061,50.655,0,0,0,2,13,13,88604672,88604672,7.372,0.024
google/gemma-3-1b-it,NVIDIA GeForce RTX 5060 Ti,42,2WikiMultiHopQA,4,16,171,multi-hop,50.1127,0.0,0.0,0,1,1,149,405,405,85996339200,85996339200,7.372,0.024
google/gemma-3-1b-it,NVIDIA GeForce RTX 5060 Ti,42,2WikiMultiHopQA,4,16,172,structural,45.7806,76.9421,69.9966,0,0,0,95,351,351,64592805888,64592805888,7.372,0.024
google/gemma-3-1b-it,NVIDIA GeForce RTX 5060 Ti,42,2WikiMultiHopQA,4,16,173,multi-hop,79.1879,0.0,0.0,0,1,1,109,365,365,69848268800,69848268800,7.372,0.024
google/gemma-3-1b-it,NVIDIA GeForce RTX 5060 Ti,42,2WikiMultiHopQA,4,16,174,semantic,0.0,0.0,0.0,1,1,1,100,356,356,66446163968,66446163968,7.372,0.024
google/gemma-3-1b-it,NVIDIA GeForce RTX 5060 Ti,42,2WikiMultiHopQA,4,16,175,multi-hop,73.7856,82.887,82.8209,0,0,0,106,362,362,68704796672,68704796672,7.372,0.024
google/gemma-3-1b-it,NVIDIA GeForce RTX 5060 Ti,42,2WikiMultiHopQA,4,16,176,multi-hop,85.5143,0.0,0.0,0,1,1,76,332,332,57789120512,57789120512,7.372,0.024
google/gemma-3-1b-it,NVIDIA GeForce RTX 5060 Ti,42,2WikiMultiHopQA,4,16,177,multi-hop,52.8002,0.0,92.2738,0,1,0,139,395,395,81802035200,81802035200,7.372,0.024
google/gemma-3-1b-it,NVIDIA GeForce RTX 5060 Ti,42,2WikiMultiHopQA,4,16,178,structural,70.4478,96.2563,59.4155,0,0,0,117,373,373,72943665152,72943665152,7.372,0.024
google/gemma-3-1b-it,NVIDIA GeForce RTX 5060 Ti,42,2WikiMultiHopQA,4,16,179,structural,33.4386,0.0,0.0,0,1,1,113,369,369,71387578368,71387578368,7.372,0.024
google/gemma-3-1b-it,NVIDIA GeForce RTX 5060 Ti,42,2WikiMultiHopQA,4,16,180,semantic,58.5502,0.0,65.9865,0,1,0,3,203,259,21605384192,35169763328,7.372,0.024
google/gemma-3-1b-it,NVIDIA GeForce RTX 5060 Ti,42,2WikiMultiHopQA,4,16,181,structural,0.0,0.0,0.0,1,1,1,76,332,332,57789120512,57789120512,7.372,0.024
google/gemma-3-1b-it,NVIDIA GeForce RTX 5060 Ti,42,2WikiMultiHopQA,4,16,182,multi-hop,90.0053,0.0,0.0,0,1,1,6,243,59,30958682112,1825046528,7.372,0.024
google/gemma-3-1b-it,NVIDIA GeForce RTX 5060 Ti,42,2WikiMultiHopQA,4,16,183,multi-hop,66.3566,0.0,0.0,0,1,1,58,314,314,51692699648,51692699648,7.372,0.024
google/gemma-3-1b-it,NVIDIA GeForce RTX 5060 Ti,42,2WikiMultiHopQA,4,16,184,structural,69.9955,67.1701,69.2522,0,0,0,86,342,342,61322821632,61322821632,7.372,0.024
google/gemma-3-1b-it,NVIDIA GeForce RTX 5060 Ti,42,2WikiMultiHopQA,4,16,185,multi-hop,62.9307,0.0,0.0,0,1,1,12,30,31,471859200,503840768,7.372,0.024
google/gemma-3-1b-it,NVIDIA GeForce RTX 5060 Ti,42,2WikiMultiHopQA,4,16,186,semantic,88.9054,0.0,0.0,0,1,1,85,341,341,60964732928,60964732928,7.372,0.024
google/gemma-3-1b-it,NVIDIA GeForce RTX 5060 Ti,42,2WikiMultiHopQA,4,16,187,multi-hop,62.7998,0.0,78.3094,0,1,0,113,369,369,71387578368,71387578368,7.372,0.024
google/gemma-3-1b-it,NVIDIA GeForce RTX 5060 Ti,42,2WikiMultiHopQA,4,16,188,multi-hop,76.3579,0.0,65.4051,0,1,0,16,272,272,38788923392,38788923392,7.372,0.024
google/gemma-3-1b-it,NVIDIA GeForce RTX 5060 Ti,42,2WikiMultiHopQA,4,16,189,structural,61.2693,0.0,0.0,0,1,1,194,450,450,106168320000,106168320000,7.372,0.024
google/gemma-3-1b-it,NVIDIA GeForce RTX 5060 Ti,42,2WikiMultiHopQA,4,16,190,structural,64.942,87.8468,59.7154,0,0,0,106,362,362,68704796672,68704796672,7.372,0.024
google/gemma-3-1b-it,NVIDIA GeForce RTX 5060 Ti,42,2WikiMultiHopQA,4,16,191,structural,0.0,60.6294,0.0,1,0,1,2,9,126,42467328,8323596288,7.372,0.024
google/gemma-3-1b-it,NVIDIA GeForce RTX 5060 Ti,42,2WikiMultiHopQA,4,16,192,multi-hop,76.1973,71.663,57.9559,0,0,0,64,320,320,53687091200,53687091200,7.372,0.024
google/gemma-3-1b-it,NVIDIA GeForce RTX 5060 Ti,42,2WikiMultiHopQA,4,16,193,semantic,94.9252,0.0,0.0,0,1,1,139,395,395,81802035200,81802035200,7.372,0.024
google/gemma-3-1b-it,NVIDIA GeForce RTX 5060 Ti,42,2WikiMultiHopQA,4,16,194,multi-hop,79.259,71.1304,71.9896,0,0,0,2,13,11,88604672,63438848,7.372,0.024
google/gemma-3-1b-it,NVIDIA GeForce RTX 5060 Ti,42,2WikiMultiHopQA,4,16,195,multi-hop,65.381,64.0773,64.0355,0,0,0,111,367,367,70615826432,70615826432,7.372,0.024
google/gemma-3-1b-it,NVIDIA GeForce RTX 5060 Ti,42,2WikiMultiHopQA,4,16,196,multi-hop,36.5202,0.0,0.0,0,1,1,114,370,370,71775027200,71775027200,7.372,0.024
google/gemma-3-1b-it,NVIDIA GeForce RTX 5060 Ti,42,2WikiMultiHopQA,4,16,197,semantic,45.9689,0.0,0.0,0,1,1,35,291,291,44397232128,44397232128,7.372,0.024
google/gemma-3-1b-it,NVIDIA GeForce RTX 5060 Ti,42,2WikiMultiHopQA,4,16,198,semantic,0.0,0.0,0.0,1,1,1,139,395,395,81802035200,81802035200,7.372,0.024
google/gemma-3-1b-it,NVIDIA GeForce RTX 5060 Ti,42,2WikiMultiHopQA,4,16,199,semantic,45.2959,0.0,0.0,0,1,1,90,346,346,62765662208,62765662208,7.372,0.024
google/gemma-3-1b-it,NVIDIA GeForce RTX 5060 Ti,42,2WikiMultiHopQA,4,16,200,multi-hop,0.0,0.0,0.0,1,1,1,93,349,324,63858802688,55037657088,7.372,0.024
google/gemma-3-1b-it,NVIDIA GeForce RTX 5060 Ti,42,2WikiMultiHopQA,4,16,201,multi-hop,63.5087,0.0,0.0,0,1,1,109,365,365,69848268800,69848268800,7.372,0.024
google/gemma-3-1b-it,NVIDIA GeForce RTX 5060 Ti,42,2WikiMultiHopQA,4,16,202,semantic,96.2745,0.0,67.682,0,1,0,68,324,324,55037657088,55037657088,7.372,0.024
google/gemma-3-1b-it,NVIDIA GeForce RTX 5060 Ti,42,2WikiMultiHopQA,4,16,203,semantic,56.6426,0.0,72.3347,0,1,0,121,377,377,74516529152,74516529152,7.372,0.024
google/gemma-3-1b-it,NVIDIA GeForce RTX 5060 Ti,42,2WikiMultiHopQA,4,16,204,multi-hop,39.8792,38.6381,63.8546,0,0,0,93,349,349,63858802688,63858802688,7.372,0.024
google/gemma-3-1b-it,NVIDIA GeForce RTX 5060 Ti,42,2WikiMultiHopQA,4,16,205,multi-hop,69.8804,87.562,65.696,0,0,0,67,323,315,54698442752,52022476800,7.372,0.024
google/gemma-3-1b-it,NVIDIA GeForce RTX 5060 Ti,42,2WikiMultiHopQA,4,16,206,multi-hop,86.5656,0.0,33.287,0,1,0,113,369,369,71387578368,71387578368,7.372,0.024
google/gemma-3-1b-it,NVIDIA GeForce RTX 5060 Ti,42,2WikiMultiHopQA,4,16,207,multi-hop,45.58,0.0,0.0,0,1,1,2,12,26,75497472,354418688,7.372,0.024
google/gemma-3-1b-it,NVIDIA GeForce RTX 5060 Ti,42,2WikiMultiHopQA,4,16,208,semantic,97.9676,0.0,100.1447,0,1,0,114,370,370,71775027200,71775027200,7.372,0.024
google/gemma-3-1b-it,NVIDIA GeForce RTX 5060 Ti,42,2WikiMultiHopQA,4,16,209,semantic,0.0,0.0,0.0,1,1,1,78,334,334,58487472128,58487472128,7.372,0.024
google/gemma-3-1b-it,NVIDIA GeForce RTX 5060 Ti,42,2WikiMultiHopQA,4,16,210,multi-hop,50.1068,0.0,41.1488,0,1,0,101,357,357,66819981312,66819981312,7.372,0.024
google/gemma-3-1b-it,NVIDIA GeForce RTX 5060 Ti,42,2WikiMultiHopQA,4,16,211,multi-hop,66.329,69.0648,71.7196,0,0,0,85,341,341,60964732928,60964732928,7.372,0.024
google/gemma-3-1b-it,NVIDIA GeForce RTX 5060 Ti,42,2WikiMultiHopQA,4,16,212,semantic,97.3672,0.0,0.0,0,1,1,95,351,351,64592805888,64592805888,7.372,0.024
google/gemma-3-1b-it,NVIDIA GeForce RTX 5060 Ti,42,2WikiMultiHopQA,4,16,213,structural,43.5868,65.6095,95.0725,0,0,0,63,319,319,53352071168,53352071168,7.372,0.024
google/gemma-3-1b-it,NVIDIA GeForce RTX 5060 Ti,42,2WikiMultiHopQA,4,16,214,multi-hop,93.8806,0.0,0.0,0,1,1,16,53,164,1472724992,14101250048,7.372,0.024
google/gemma-3-1b-it,NVIDIA GeForce RTX 5060 Ti,42,2WikiMultiHopQA,4,16,215,multi-hop,69.3229,60.3897,94.3682,0,0,0,35,246,291,31727812608,44397232128,7.372,0.024
google/gemma-3-1b-it,NVIDIA GeForce RTX 5060 Ti,42,2WikiMultiHopQA,4,16,216,multi-hop,40.8228,0.0,0.0,0,1,1,23,279,279,40811102208,40811102208,7.372,0.024
google/gemma-3-1b-it,NVIDIA GeForce RTX 5060 Ti,42,2WikiMultiHopQA,4,16,217,semantic,92.2027,0.0,0.0,0,1,1,70,326,326,55719231488,55719231488,7.372,0.024
google/gemma-3-1b-it,NVIDIA GeForce RTX 5060 Ti,42,2WikiMultiHopQA,4,16,218,semantic,45.705,0.0,90.3905,0,1,0,133,389,389,79335784448,79335784448,7.372,0.024
google/gemma-3-1b-it,NVIDIA GeForce RTX 5060 Ti,42,2WikiMultiHopQA,4,16,219,structural,42.0655,71.3181,0.0,0,0,1,52,308,308,49736056832,49736056832,7.372,0.024
google/gemma-3-1b-it,NVIDIA GeForce RTX 5060 Ti,42,2WikiMultiHopQA,4,16,220,multi-hop,64.2586,0.0,0.0,0,1,1,17,273,273,39074660352,39074660352,7.372,0.024
google/gemma-3-1b-it,NVIDIA GeForce RTX 5060 Ti,42,2WikiMultiHopQA,4,16,221,semantic,91.6719,0.0,95.4516,0,1,0,101,357,357,66819981312,66819981312,7.372,0.024
google/gemma-3-1b-it,NVIDIA GeForce RTX 5060 Ti,42,2WikiMultiHopQA,4,16,222,structural,89.4845,58.9756,68.5888,0,0,0,100,356,356,66446163968,66446163968,7.372,0.024
google/gemma-3-1b-it,NVIDIA GeForce RTX 5060 Ti,42,2WikiMultiHopQA,4,16,223,multi-hop,38.2725,0.0,0.0,0,1,1,48,304,304,48452599808,48452599808,7.372,0.024
google/gemma-3-1b-it,NVIDIA GeForce RTX 5060 Ti,42,2WikiMultiHopQA,4,16,224,multi-hop,52.6989,65.9022,0.0,0,0,1,114,370,370,71775027200,71775027200,7.372,0.024
google/gemma-3-1b-it,NVIDIA GeForce RTX 5060 Ti,42,2WikiMultiHopQA,4,16,225,structural,88.7004,0.0,0.0,0,1,1,85,341,341,60964732928,60964732928,7.372,0.024
google/gemma-3-1b-it,NVIDIA GeForce RTX 5060 Ti,42,2WikiMultiHopQA,4,16,226,semantic,75.8578,0.0,75.369,0,1,0,120,376,376,74121740288,74121740288,7.372,0.024
google/gemma-3-1b-it,NVIDIA GeForce RTX 5060 Ti,42,2WikiMultiHopQA,4,16,227,semantic,0.0,0.0,0.0,1,1,1,83,339,339,60251701248,60251701248,7.372,0.024
google/gemma-3-1b-it,NVIDIA GeForce RTX 5060 Ti,42,2WikiMultiHopQA,4,16,228,structural,76.4062,57.2996,95.1349,0,0,0,42,295,298,45626163200,46558871552,7.372,0.024
google/gemma-3-1b-it,NVIDIA GeForce RTX 5060 Ti,42,2WikiMultiHopQA,4,16,229,multi-hop,47.7903,0.0,49.4336,0,1,0,40,165,296,14273740800,45936017408,7.372,0.024
google/gemma-3-1b-it,NVIDIA GeForce RTX 5060 Ti,42,2WikiMultiHopQA,4,16,230,structural,32.9249,70.6634,0.0,0,0,1,77,333,333,58137772032,58137772032,7.372,0.024
google/gemma-3-1b-it,NVIDIA GeForce RTX 5060 Ti,42,2WikiMultiHopQA,4,16,231,semantic,56.7608,0.0,0.0,0,1,1,102,358,358,67194847232,67194847232,7.372,0.024
google/gemma-3-1b-it,NVIDIA GeForce RTX 5060 Ti,42,2WikiMultiHopQA,4,16,232,structural,47.971,38.942,80.2886,0,0,0,3,10,12,52428800,75497472,7.372,0.024
google/gemma-3-1b-it,NVIDIA GeForce RTX 5060 Ti,42,2WikiMultiHopQA,4,16,233,structural,71.0462,0.0,0.0,0,1,1,95,351,351,64592805888,64592805888,7.372,0.024
google/gemma-3-1b-it,NVIDIA GeForce RTX 5060 Ti,42,2WikiMultiHopQA,4,16,234,semantic,71.5457,0.0,0.0,0,1,1,2,9,9,42467328,42467328,7.372,0.024
google/gemma-3-1b-it,NVIDIA GeForce RTX 5060 Ti,42,2WikiMultiHopQA,4,16,235,multi-hop,0.0,0.0,0.0,1,1,1,83,339,339,60251701248,60251701248,7.372,0.024
google/gemma-3-1b-it,NVIDIA GeForce RTX 5060 Ti,42,2WikiMultiHopQA,4,16,236,multi-hop,82.0238,0.0,0.0,0,1,1,140,396,396,82216747008,82216747008,7.372,0.024
google/gemma-3-1b-it,NVIDIA GeForce RTX 5060 Ti,42,2WikiMultiHopQA,4,16,237,structural,68.2816,0.0,0.0,0,1,1,100,356,356,66446163968,66446163968,7.372,0.024
google/gemma-3-1b-it,NVIDIA GeForce RTX 5060 Ti,42,2WikiMultiHopQA,4,16,238,multi-hop,71.8511,76.765,86.389,0,0,0,53,309,309,50059542528,50059542528,7.372,0.024
google/gemma-3-1b-it,NVIDIA GeForce RTX 5060 Ti,42,2WikiMultiHopQA,4,16,239,structural,73.1571,75.2473,49.375,0,0,0,80,205,336,22033203200,59190018048,7.372,0.024
google/gemma-3-1b-it,NVIDIA GeForce RTX 5060 Ti,42,2WikiMultiHopQA,4,16,240,multi-hop,84.7761,0.0,84.0483,0,1,0,20,213,275,23786422272,39649280000,7.372,0.024
google/gemma-3-1b-it,NVIDIA GeForce RTX 5060 Ti,42,2WikiMultiHopQA,4,16,241,multi-hop,51.7085,0.0,0.0,0,1,1,107,363,363,69084905472,69084905472,7.372,0.024
google/gemma-3-1b-it,NVIDIA GeForce RTX 5060 Ti,42,2WikiMultiHopQA,4,16,242,multi-hop,78.1994,59.4962,57.9644,0,0,0,146,402,402,84727037952,84727037952,7.372,0.024
google/gemma-3-1b-it,NVIDIA GeForce RTX 5060 Ti,42,2WikiMultiHopQA,4,16,243,multi-hop,99.9203,60.3671,0.0,0,0,1,6,262,262,35989225472,35989225472,7.372,0.024
google/gemma-3-1b-it,NVIDIA GeForce RTX 5060 Ti,42,2WikiMultiHopQA,4,16,244,semantic,92.3366,0.0,0.0,0,1,1,78,334,334,58487472128,58487472128,7.372,0.024
google/gemma-3-1b-it,NVIDIA GeForce RTX 5060 Ti,42,2WikiMultiHopQA,4,16,245,multi-hop,90.4193,79.6319,66.2427,0,0,0,155,411,411,88563253248,88563253248,7.372,0.024
google/gemma-3-1b-it,NVIDIA GeForce RTX 5060 Ti,42,2WikiMultiHopQA,4,16,246,structural,108.0987,74.4814,82.426,0,0,0,135,391,391,80153673728,80153673728,7.372,0.024
google/gemma-3-1b-it,NVIDIA GeForce RTX 5060 Ti,42,2WikiMultiHopQA,4,16,247,structural,62.8727,0.0,0.0,0,1,1,13,234,269,28707913728,37938003968,7.372,0.024
google/gemma-3-1b-it,NVIDIA GeForce RTX 5060 Ti,42,2WikiMultiHopQA,4,16,248,semantic,95.5148,0.0,69.2041,0,1,0,138,394,394,81388371968,81388371968,7.372,0.024
google/gemma-3-1b-it,NVIDIA GeForce RTX 5060 Ti,42,2WikiMultiHopQA,4,16,249,multi-hop,55.4623,0.0,61.396,0,1,0,103,359,359,67570761728,67570761728,7.372,0.024
google/gemma-3-1b-it,NVIDIA GeForce RTX 5060 Ti,42,2WikiMultiHopQA,4,16,250,semantic,86.7673,0.0,0.0,0,1,1,122,378,378,74912366592,74912366592,7.372,0.024
google/gemma-3-1b-it,NVIDIA GeForce RTX 5060 Ti,42,2WikiMultiHopQA,4,16,251,multi-hop,64.8591,80.2575,66.6365,0,0,0,48,304,304,48452599808,48452599808,7.372,0.024
google/gemma-3-1b-it,NVIDIA GeForce RTX 5060 Ti,42,2WikiMultiHopQA,4,16,252,multi-hop,0.0,0.0,54.2176,1,1,0,35,246,291,31727812608,44397232128,7.372,0.024
google/gemma-3-1b-it,NVIDIA GeForce RTX 5060 Ti,42,2WikiMultiHopQA,4,16,253,multi-hop,84.7992,84.3349,0.0,0,0,1,113,369,369,71387578368,71387578368,7.372,0.024
google/gemma-3-1b-it,NVIDIA GeForce RTX 5060 Ti,42,2WikiMultiHopQA,4,16,254,multi-hop,65.3657,35.4075,82.07,0,0,0,4,239,260,29947854848,35441868800,7.372,0.024
google/gemma-3-1b-it,NVIDIA GeForce RTX 5060 Ti,42,2WikiMultiHopQA,4,16,255,multi-hop,79.2269,38.4094,32.4522,0,0,0,122,378,378,74912366592,74912366592,7.372,0.024
google/gemma-3-1b-it,NVIDIA GeForce RTX 5060 Ti,42,2WikiMultiHopQA,4,16,256,multi-hop,41.2337,30.1842,36.362,0,0,0,46,302,302,47817162752,47817162752,7.372,0.024
google/gemma-3-1b-it,NVIDIA GeForce RTX 5060 Ti,42,2WikiMultiHopQA,4,16,257,semantic,62.0799,0.0,0.0,0,1,1,79,310,310,50384076800,50384076800,7.372,0.024
google/gemma-3-1b-it,NVIDIA GeForce RTX 5060 Ti,42,2WikiMultiHopQA,4,16,258,multi-hop,34.7024,0.0,0.0,0,1,1,48,304,304,48452599808,48452599808,7.372,0.024
google/gemma-3-1b-it,NVIDIA GeForce RTX 5060 Ti,42,2WikiMultiHopQA,4,16,259,multi-hop,35.1671,0.0,0.0,0,1,1,2,9,126,42467328,8323596288,7.372,0.024
google/gemma-3-1b-it,NVIDIA GeForce RTX 5060 Ti,42,2WikiMultiHopQA,4,16,260,structural,41.9661,49.8616,27.9856,0,0,0,12,30,31,471859200,503840768,7.372,0.024
google/gemma-3-1b-it,NVIDIA GeForce RTX 5060 Ti,42,2WikiMultiHopQA,4,16,261,semantic,36.8499,0.0,28.2931,0,1,0,12,123,268,7931953152,37656461312,7.372,0.024
google/gemma-3-1b-it,NVIDIA GeForce RTX 5060 Ti,42,2WikiMultiHopQA,4,16,262,multi-hop,44.6774,43.5956,25.401,0,0,0,119,375,375,73728000000,73728000000,7.372,0.024
google/gemma-3-1b-it,NVIDIA GeForce RTX 5060 Ti,42,2WikiMultiHopQA,4,16,263,semantic,47.2774,0.0,37.8081,0,1,0,135,391,391,80153673728,80153673728,7.372,0.024
google/gemma-3-1b-it,NVIDIA GeForce RTX 5060 Ti,42,2WikiMultiHopQA,4,16,264,semantic,35.3969,0.0,0.0,0,1,1,96,352,352,64961380352,64961380352,7.372,0.024
google/gemma-3-1b-it,NVIDIA GeForce RTX 5060 Ti,42,2WikiMultiHopQA,4,16,265,semantic,29.1722,0.0,0.0,0,1,1,59,315,315,52022476800,52022476800,7.372,0.024
google/gemma-3-1b-it,NVIDIA GeForce RTX 5060 Ti,42,2WikiMultiHopQA,4,16,266,semantic,0.0,0.0,0.0,1,1,1,209,465,465,113364172800,113364172800,7.372,0.024
google/gemma-3-1b-it,NVIDIA GeForce RTX 5060 Ti,42,2WikiMultiHopQA,4,16,267,structural,38.2234,43.1798,0.0,0,0,1,32,288,288,43486543872,43486543872,7.372,0.024
google/gemma-3-1b-it,NVIDIA GeForce RTX 5060 Ti,42,2WikiMultiHopQA,4,16,268,structural,32.9364,35.3656,49.9804,0,0,0,111,367,367,70615826432,70615826432,7.372,0.024
google/gemma-3-1b-it,NVIDIA GeForce RTX 5060 Ti,42,2WikiMultiHopQA,4,16,269,semantic,37.6946,44.1612,29.0783,0,0,0,64,320,320,53687091200,53687091200,7.372,0.024
google/gemma-3-1b-it,NVIDIA GeForce RTX 5060 Ti,42,2WikiMultiHopQA,4,16,270,multi-hop,29.4991,0.0,0.0,0,1,1,119,375,375,73728000000,73728000000,7.372,0.024
google/gemma-3-1b-it,NVIDIA GeForce RTX 5060 Ti,42,2WikiMultiHopQA,4,16,271,multi-hop,57.4135,0.0,34.4505,0,1,0,28,184,284,17750294528,42286972928,7.372,0.024
google/gemma-3-1b-it,NVIDIA GeForce RTX 5060 Ti,42,2WikiMultiHopQA,4,16,272,semantic,70.2367,0.0,61.6232,0,1,0,20,276,276,39938162688,39938162688,7.372,0.024
google/gemma-3-1b-it,NVIDIA GeForce RTX 5060 Ti,42,2WikiMultiHopQA,4,16,273,multi-hop,31.5608,43.9764,37.5538,0,0,0,22,161,64,13590069248,2147483648,7.372,0.024
google/gemma-3-1b-it,NVIDIA GeForce RTX 5060 Ti,42,2WikiMultiHopQA,4,16,274,multi-hop,35.6857,0.0,0.0,0,1,1,112,368,368,71001178112,71001178112,7.372,0.024
google/gemma-3-1b-it,NVIDIA GeForce RTX 5060 Ti,42,2WikiMultiHopQA,4,16,275,multi-hop,41.796,0.0,41.1269,0,1,0,80,205,336,22033203200,59190018048,7.372,0.024
google/gemma-3-1b-it,NVIDIA GeForce RTX 5060 Ti,42,2WikiMultiHopQA,4,16,276,multi-hop,51.7052,0.0,0.0,0,1,1,36,292,292,44702892032,44702892032,7.372,0.024
google/gemma-3-1b-it,NVIDIA GeForce RTX 5060 Ti,42,2WikiMultiHopQA,4,16,277,structural,50.5559,53.1695,41.4214,0,0,0,25,274,266,39361445888,37096521728,7.372,0.024
google/gemma-3-1b-it,NVIDIA GeForce RTX 5060 Ti,42,2WikiMultiHopQA,4,16,278,multi-hop,49.9571,65.9786,54.1462,0,0,0,81,337,337,59542863872,59542863872,7.372,0.024
google/gemma-3-1b-it,NVIDIA GeForce RTX 5060 Ti,42,2WikiMultiHopQA,4,16,279,structural,42.236,37.9479,61.9877,0,0,0,145,401,401,84306034688,84306034688,7.372,0.024
google/gemma-3-1b-it,NVIDIA GeForce RTX 5060 Ti,42,2WikiMultiHopQA,4,16,280,multi-hop,39.9468,57.6684,29.484,0,0,0,57,278,313,40519073792,51363971072,7.372,0.024
google/gemma-3-1b-it,NVIDIA GeForce RTX 5060 Ti,42,2WikiMultiHopQA,4,16,281,semantic,59.7911,0.0,0.0,0,1,1,105,361,361,68325736448,68325736448,7.372,0.024
google/gemma-3-1b-it,NVIDIA GeForce RTX 5060 Ti,42,2WikiMultiHopQA,4,16,282,semantic,77.0178,0.0,0.0,0,1,1,36,292,292,44702892032,44702892032,7.372,0.024
google/gemma-3-1b-it,NVIDIA GeForce RTX 5060 Ti,42,2WikiMultiHopQA,4,16,283,structural,63.5993,65.6714,46.8455,0,0,0,29,285,285,42585292800,42585292800,7.372,0.024
google/gemma-3-1b-it,NVIDIA GeForce RTX 5060 Ti,42,2WikiMultiHopQA,4,16,284,multi-hop,36.7732,0.0,0.0,0,1,1,118,374,374,73335308288,73335308288,7.372,0.024
google/gemma-3-1b-it,NVIDIA GeForce RTX 5060 Ti,42,2WikiMultiHopQA,4,16,285,structural,40.3136,0.0,0.0,0,1,1,34,290,290,44092620800,44092620800,7.372,0.024
google/gemma-3-1b-it,NVIDIA GeForce RTX 5060 Ti,42,2WikiMultiHopQA,4,16,286,multi-hop,77.4663,0.0,42.0862,0,1,0,100,356,356,66446163968,66446163968,7.372,0.024
google/gemma-3-1b-it,NVIDIA GeForce RTX 5060 Ti,42,2WikiMultiHopQA,4,16,287,structural,38.5945,31.7331,0.0,0,0,1,98,354,354,65701675008,65701675008,7.372,0.024
google/gemma-3-1b-it,NVIDIA GeForce RTX 5060 Ti,42,2WikiMultiHopQA,4,16,288,multi-hop,34.9274,53.2485,43.1863,0,0,0,115,371,371,72163524608,72163524608,7.372,0.024
google/gemma-3-1b-it,NVIDIA GeForce RTX 5060 Ti,42,2WikiMultiHopQA,4,16,289,multi-hop,44.6185,0.0,0.0,0,1,1,105,361,361,68325736448,68325736448,7.372,0.024
google/gemma-3-1b-it,NVIDIA GeForce RTX 5060 Ti,42,2WikiMultiHopQA,4,16,290,semantic,51.0912,0.0,0.0,0,1,1,105,361,361,68325736448,68325736448,7.372,0.024
google/gemma-3-1b-it,NVIDIA GeForce RTX 5060 Ti,42,2WikiMultiHopQA,4,16,291,multi-hop,32.5062,47.1564,43.5324,0,0,0,100,356,356,66446163968,66446163968,7.372,0.024
google/gemma-3-1b-it,NVIDIA GeForce RTX 5060 Ti,42,2WikiMultiHopQA,4,16,292,multi-hop,49.7147,0.0,30.786,0,1,0,20,276,276,39938162688,39938162688,7.372,0.024
google/gemma-3-1b-it,NVIDIA GeForce RTX 5060 Ti,42,2WikiMultiHopQA,4,16,293,multi-hop,76.8965,50.7707,34.6001,0,0,0,24,280,280,41104179200,41104179200,7.372,0.024
google/gemma-3-1b-it,NVIDIA GeForce RTX 5060 Ti,42,2WikiMultiHopQA,4,16,294,multi-hop,50.1006,28.6735,38.5813,0,0,0,51,307,307,49413619712,49413619712,7.372,0.024
google/gemma-3-1b-it,NVIDIA GeForce RTX 5060 Ti,42,2WikiMultiHopQA,4,16,295,semantic,27.2254,0.0,51.6949,0,1,0,146,402,402,84727037952,84727037952,7.372,0.024
google/gemma-3-1b-it,NVIDIA GeForce RTX 5060 Ti,42,2WikiMultiHopQA,4,16,296,multi-hop,43.1494,78.3917,76.6349,0,0,0,124,380,380,75707187200,75707187200,7.372,0.024
google/gemma-3-1b-it,NVIDIA GeForce RTX 5060 Ti,42,2WikiMultiHopQA,4,16,297,multi-hop,29.7942,52.6891,29.6222,0,0,0,78,334,334,58487472128,58487472128,7.372,0.024
google/gemma-3-1b-it,NVIDIA GeForce RTX 5060 Ti,42,2WikiMultiHopQA,4,16,298,structural,26.1916,34.4398,35.4013,0,0,0,5,26,31,354418688,503840768,7.372,0.024
google/gemma-3-1b-it,NVIDIA GeForce RTX 5060 Ti,42,2WikiMultiHopQA,4,16,299,semantic,46.7496,0.0,43.0348,0,1,0,123,379,379,75309252608,75309252608,7.372,0.024
google/gemma-3-1b-it,NVIDIA GeForce RTX 5060 Ti,42,2WikiMultiHopQA,4,16,300,multi-hop,30.5448,0.0,29.7095,0,1,0,121,377,377,74516529152,74516529152,7.372,0.024
google/gemma-3-1b-it,NVIDIA GeForce RTX 5060 Ti,42,2WikiMultiHopQA,4,16,301,multi-hop,35.4542,42.495,0.0,0,0,1,103,359,359,67570761728,67570761728,7.372,0.024
google/gemma-3-1b-it,NVIDIA GeForce RTX 5060 Ti,42,2WikiMultiHopQA,4,16,302,structural,56.4269,58.2606,0.0,0,0,1,118,374,374,73335308288,73335308288,7.372,0.024
google/gemma-3-1b-it,NVIDIA GeForce RTX 5060 Ti,42,2WikiMultiHopQA,4,16,303,semantic,0.0,0.0,29.0729,1,1,0,110,366,366,70231523328,70231523328,7.372,0.024
google/gemma-3-1b-it,NVIDIA GeForce RTX 5060 Ti,42,2WikiMultiHopQA,4,16,304,multi-hop,36.9416,0.0,35.4451,0,1,0,50,306,306,49092231168,49092231168,7.372,0.024
google/gemma-3-1b-it,NVIDIA GeForce RTX 5060 Ti,42,2WikiMultiHopQA,4,16,305,multi-hop,77.2851,0.0,0.0,0,1,1,46,302,302,47817162752,47817162752,7.372,0.024
google/gemma-3-1b-it,NVIDIA GeForce RTX 5060 Ti,42,2WikiMultiHopQA,4,16,306,semantic,67.3907,0.0,0.0,0,1,1,119,375,375,73728000000,73728000000,7.372,0.024
google/gemma-3-1b-it,NVIDIA GeForce RTX 5060 Ti,42,2WikiMultiHopQA,4,16,307,semantic,67.6359,0.0,0.0,0,1,1,2,12,26,75497472,354418688,7.372,0.024
google/gemma-3-1b-it,NVIDIA GeForce RTX 5060 Ti,42,2WikiMultiHopQA,4,16,308,multi-hop,67.9863,0.0,0.0,0,1,1,107,363,363,69084905472,69084905472,7.372,0.024
google/gemma-3-1b-it,NVIDIA GeForce RTX 5060 Ti,42,2WikiMultiHopQA,4,16,309,multi-hop,60.4161,0.0,0.0,0,1,1,114,370,370,71775027200,71775027200,7.372,0.024
google/gemma-3-1b-it,NVIDIA GeForce RTX 5060 Ti,42,2WikiMultiHopQA,4,16,310,structural,36.1006,0.0,73.6901,0,1,0,80,205,336,22033203200,59190018048,7.372,0.024
google/gemma-3-1b-it,NVIDIA GeForce RTX 5060 Ti,42,2WikiMultiHopQA,4,16,311,multi-hop,46.6174,58.6273,0.0,0,0,1,122,378,378,74912366592,74912366592,7.372,0.024
google/gemma-3-1b-it,NVIDIA GeForce RTX 5060 Ti,42,2WikiMultiHopQA,4,16,312,multi-hop,61.5639,44.9452,32.8772,0,0,0,90,346,346,62765662208,62765662208,7.372,0.024
google/gemma-3-1b-it,NVIDIA GeForce RTX 5060 Ti,42,2WikiMultiHopQA,4,16,313,structural,55.355,51.2869,35.3529,0,0,0,3,10,12,52428800,75497472,7.372,0.024
google/gemma-3-1b-it,NVIDIA GeForce RTX 5060 Ti,42,2WikiMultiHopQA,4,16,314,structural,37.9851,72.674,34.7362,0,0,0,16,53,164,1472724992,14101250048,7.372,0.024
google/gemma-3-1b-it,NVIDIA GeForce RTX 5060 Ti,42,2WikiMultiHopQA,4,16,315,multi-hop,64.5675,31.9565,58.1275,0,0,0,155,411,411,88563253248,88563253248,7.372,0.024
google/gemma-3-1b-it,NVIDIA GeForce RTX 5060 Ti,42,2WikiMultiHopQA,4,16,316,semantic,61.7627,0.0,40.4005,0,1,0,74,330,330,57094963200,57094963200,7.372,0.024
google/gemma-3-1b-it,NVIDIA GeForce RTX 5060 Ti,42,2WikiMultiHopQA,4,16,317,multi-hop,31.5679,0.0,0.0,0,1,1,46,302,302,47817162752,47817162752,7.372,0.024
google/gemma-3-1b-it,NVIDIA GeForce RTX 5060 Ti,42,2WikiMultiHopQA,4,16,318,multi-hop,52.9165,0.0,0.0,0,1,1,4,260,260,35441868800,35441868800,7.372,0.024
google/gemma-3-1b-it,NVIDIA GeForce RTX 5060 Ti,42,2WikiMultiHopQA,4,16,319,semantic,35.6453,0.0,0.0,0,1,1,105,361,361,68325736448,68325736448,7.372,0.024
google/gemma-3-1b-it,NVIDIA GeForce RTX 5060 Ti,42,2WikiMultiHopQA,4,16,320,multi-hop,33.7165,0.0,0.0,0,1,1,102,358,358,67194847232,67194847232,7.372,0.024
google/gemma-3-1b-it,NVIDIA GeForce RTX 5060 Ti,42,2WikiMultiHopQA,4,16,321,multi-hop,34.51,0.0,0.0,0,1,1,99,355,355,66073395200,66073395200,7.372,0.024
google/gemma-3-1b-it,NVIDIA GeForce RTX 5060 Ti,42,2WikiMultiHopQA,4,16,322,multi-hop,55.3736,37.3269,0.0,0,0,1,122,378,378,74912366592,74912366592,7.372,0.024
google/gemma-3-1b-it,NVIDIA GeForce RTX 5060 Ti,42,2WikiMultiHopQA,4,16,323,structural,0.0,32.4343,0.0,1,0,1,110,366,366,70231523328,70231523328,7.372,0.024
google/gemma-3-1b-it,NVIDIA GeForce RTX 5060 Ti,42,2WikiMultiHopQA,4,16,324,semantic,38.7331,0.0,46.5403,0,1,0,136,392,392,80564191232,80564191232,7.372,0.024
google/gemma-3-1b-it,NVIDIA GeForce RTX 5060 Ti,42,2WikiMultiHopQA,4,16,325,semantic,62.9221,0.0,40.6949,0,1,0,138,394,394,81388371968,81388371968,7.372,0.024
google/gemma-3-1b-it,NVIDIA GeForce RTX 5060 Ti,42,2WikiMultiHopQA,4,16,326,multi-hop,32.5042,44.0708,34.622,0,0,0,139,395,395,81802035200,81802035200,7.372,0.024
google/gemma-3-1b-it,NVIDIA GeForce RTX 5060 Ti,42,2WikiMultiHopQA,4,16,327,structural,44.1365,42.5931,31.1834,0,0,0,93,349,324,63858802688,55037657088,7.372,0.024
google/gemma-3-1b-it,NVIDIA GeForce RTX 5060 Ti,42,2WikiMultiHopQA,4,16,328,multi-hop,35.4182,0.0,48.8072,0,1,0,33,289,289,43789058048,43789058048,7.372,0.024
google/gemma-3-1b-it,NVIDIA GeForce RTX 5060 Ti,42,2WikiMultiHopQA,4,16,329,multi-hop,62.8129,0.0,0.0,0,1,1,114,370,370,71775027200,71775027200,7.372,0.024
google/gemma-3-1b-it,NVIDIA GeForce RTX 5060 Ti,42,2WikiMultiHopQA,4,16,330,structural,34.7373,53.3978,47.5103,0,0,0,2,10,258,52428800,34898706432,7.372,0.024
google/gemma-3-1b-it,NVIDIA GeForce RTX 5060 Ti,42,2WikiMultiHopQA,4,16,331,multi-hop,57.0449,0.0,55.6802,0,1,0,209,465,465,113364172800,113364172800,7.372,0.024
google/gemma-3-1b-it,NVIDIA GeForce RTX 5060 Ti,42,2WikiMultiHopQA,4,16,332,multi-hop,70.9252,51.158,41.3376,0,0,0,29,285,285,42585292800,42585292800,7.372,0.024
google/gemma-3-1b-it,NVIDIA GeForce RTX 5060 Ti,42,2WikiMultiHopQA,4,16,333,semantic,34.1625,0.0,40.3263,0,1,0,80,336,336,59190018048,59190018048,7.372,0.024
google/gemma-3-1b-it,NVIDIA GeForce RTX 5060 Ti,42,2WikiMultiHopQA,4,16,334,semantic,36.5526,0.0,0.0,0,1,1,103,359,359,67570761728,67570761728,7.372,0.024
google/gemma-3-1b-it,NVIDIA GeForce RTX 5060 Ti,42,2WikiMultiHopQA,4,16,335,multi-hop,36.2524,0.0,0.0,0,1,1,22,278,278,40519073792,40519073792,7.372,0.024
google/gemma-3-1b-it,NVIDIA GeForce RTX 5060 Ti,42,2WikiMultiHopQA,4,16,336,multi-hop,54.6475,0.0,0.0,0,1,1,95,351,351,64592805888,64592805888,7.372,0.024
google/gemma-3-1b-it,NVIDIA GeForce RTX 5060 Ti,42,2WikiMultiHopQA,4,16,337,structural,35.0766,28.5922,29.5949,0,0,0,38,294,294,45317357568,45317357568,7.372,0.024
google/gemma-3-1b-it,NVIDIA GeForce RTX 5060 Ti,42,2WikiMultiHopQA,4,16,338,multi-hop,64.4522,0.0,0.0,0,1,1,2,9,9,42467328,42467328,7.372,0.024
google/gemma-3-1b-it,NVIDIA GeForce RTX 5060 Ti,42,2WikiMultiHopQA,4,16,339,multi-hop,33.5009,0.0,0.0,0,1,1,91,347,347,63128993792,63128993792,7.372,0.024
google/gemma-3-1b-it,NVIDIA GeForce RTX 5060 Ti,42,2WikiMultiHopQA,4,16,340,semantic,37.1673,0.0,66.1598,0,1,0,32,288,288,43486543872,43486543872,7.372,0.024
google/gemma-3-1b-it,NVIDIA GeForce RTX 5060 Ti,42,2WikiMultiHopQA,4,16,341,semantic,32.659,0.0,0.0,0,1,1,48,304,304,48452599808,48452599808,7.372,0.024
google/gemma-3-1b-it,NVIDIA GeForce RTX 5060 Ti,42,2WikiMultiHopQA,4,16,342,multi-hop,0.0,0.0,0.0,1,1,1,2,9,9,42467328,42467328,7.372,0.024
google/gemma-3-1b-it,NVIDIA GeForce RTX 5060 Ti,42,2WikiMultiHopQA,4,16,343,structural,34.0477,68.3055,34.3218,0,0,0,3,10,12,52428800,75497472,7.372,0.024
google/gemma-3-1b-it,NVIDIA GeForce RTX 5060 Ti,42,2WikiMultiHopQA,4,16,344,multi-hop,46.0792,0.0,0.0,0,1,1,105,361,361,68325736448,68325736448,7.372,0.024
google/gemma-3-1b-it,NVIDIA GeForce RTX 5060 Ti,42,2WikiMultiHopQA,4,16,345,semantic,64.5716,0.0,65.7184,0,1,0,121,377,377,74516529152,74516529152,7.372,0.024
google/gemma-3-1b-it,NVIDIA GeForce RTX 5060 Ti,42,2WikiMultiHopQA,4,16,346,semantic,104.3202,0.0,0.0,0,1,1,5,28,28,411041792,411041792,7.372,0.024
google/gemma-3-1b-it,NVIDIA GeForce RTX 5060 Ti,42,2WikiMultiHopQA,4,16,347,structural,47.3529,93.3813,50.7715,0,0,0,72,328,328,56405000192,56405000192,7.372,0.024
google/gemma-3-1b-it,NVIDIA GeForce RTX 5060 Ti,42,2WikiMultiHopQA,4,16,348,structural,33.8832,0.0,0.0,0,1,1,100,356,356,66446163968,66446163968,7.372,0.024
google/gemma-3-1b-it,NVIDIA GeForce RTX 5060 Ti,42,2WikiMultiHopQA,4,16,349,semantic,0.0,0.0,0.0,1,1,1,5,28,28,411041792,411041792,7.372,0.024
google/gemma-3-1b-it,NVIDIA GeForce RTX 5060 Ti,42,2WikiMultiHopQA,4,16,350,semantic,35.4131,0.0,38.0053,0,1,0,132,388,388,78928412672,78928412672,7.372,0.024
google/gemma-3-1b-it,NVIDIA GeForce RTX 5060 Ti,42,2WikiMultiHopQA,4,16,351,multi-hop,89.6989,38.2545,44.3713,0,0,0,58,314,314,51692699648,51692699648,7.372,0.024
google/gemma-3-1b-it,NVIDIA GeForce RTX 5060 Ti,42,2WikiMultiHopQA,4,16,352,structural,28.2401,30.5714,31.7396,0,0,0,2,9,126,42467328,8323596288,7.372,0.024
google/gemma-3-1b-it,NVIDIA GeForce RTX 5060 Ti,42,2WikiMultiHopQA,4,16,353,semantic,45.681,0.0,0.0,0,1,1,101,357,357,66819981312,66819981312,7.372,0.024
google/gemma-3-1b-it,NVIDIA GeForce RTX 5060 Ti,42,2WikiMultiHopQA,4,16,354,semantic,0.0,0.0,0.0,1,1,1,122,378,378,74912366592,74912366592,7.372,0.024
google/gemma-3-1b-it,NVIDIA GeForce RTX 5060 Ti,42,2WikiMultiHopQA,4,16,355,semantic,26.1741,0.0,0.0,0,1,1,3,14,16,102760448,134217728,7.372,0.024
google/gemma-3-1b-it,NVIDIA GeForce RTX 5060 Ti,42,2WikiMultiHopQA,4,16,356,multi-hop,41.4523,56.4537,33.1997,0,0,0,95,351,351,64592805888,64592805888,7.372,0.024
google/gemma-3-1b-it,NVIDIA GeForce RTX 5060 Ti,42,2WikiMultiHopQA,4,16,357,structural,69.4503,0.0,0.0,0,1,1,141,397,397,82632507392,82632507392,7.372,0.024
google/gemma-3-1b-it,NVIDIA GeForce RTX 5060 Ti,42,2WikiMultiHopQA,4,16,358,multi-hop,50.6922,47.0298,51.4803,0,0,0,98,354,354,65701675008,65701675008,7.372,0.024
google/gemma-3-1b-it,NVIDIA GeForce RTX 5060 Ti,42,2WikiMultiHopQA,4,16,359,structural,50.502,45.8014,39.5943,0,0,0,3,10,12,52428800,75497472,7.372,0.024
google/gemma-3-1b-it,NVIDIA GeForce RTX 5060 Ti,42,2WikiMultiHopQA,4,16,360,structural,43.1677,36.2679,32.8025,0,0,0,59,315,315,52022476800,52022476800,7.372,0.024
google/gemma-3-1b-it,NVIDIA GeForce RTX 5060 Ti,42,2WikiMultiHopQA,4,16,361,semantic,47.9362,0.0,0.0,0,1,1,78,334,334,58487472128,58487472128,7.372,0.024
google/gemma-3-1b-it,NVIDIA GeForce RTX 5060 Ti,42,2WikiMultiHopQA,4,16,362,multi-hop,31.2591,29.057,32.9558,0,0,0,114,370,370,71775027200,71775027200,7.372,0.024
google/gemma-3-1b-it,NVIDIA GeForce RTX 5060 Ti,42,2WikiMultiHopQA,4,16,363,structural,62.851,40.0988,48.6603,0,0,0,84,340,340,60607692800,60607692800,7.372,0.024
google/gemma-3-1b-it,NVIDIA GeForce RTX 5060 Ti,42,2WikiMultiHopQA,4,16,364,semantic,36.2061,0.0,47.7528,0,1,0,91,347,347,63128993792,63128993792,7.372,0.024
google/gemma-3-1b-it,NVIDIA GeForce RTX 5060 Ti,42,2WikiMultiHopQA,4,16,365,semantic,71.8,0.0,0.0,0,1,1,109,365,365,69848268800,69848268800,7.372,0.024
google/gemma-3-1b-it,NVIDIA GeForce RTX 5060 Ti,42,2WikiMultiHopQA,4,16,366,multi-hop,64.3922,59.5229,42.5841,0,0,0,110,366,366,70231523328,70231523328,7.372,0.024
google/gemma-3-1b-it,NVIDIA GeForce RTX 5060 Ti,42,2WikiMultiHopQA,4,16,367,semantic,59.4775,0.0,0.0,0,1,1,86,342,342,61322821632,61322821632,7.372,0.024
google/gemma-3-1b-it,NVIDIA GeForce RTX 5060 Ti,42,2WikiMultiHopQA,4,16,368,semantic,26.4713,0.0,25.3108,0,1,0,7,125,263,8192000000,36264476672,7.372,0.024
google/gemma-3-1b-it,NVIDIA GeForce RTX 5060 Ti,42,2WikiMultiHopQA,4,16,369,semantic,33.9285,0.0,0.0,0,1,1,103,359,359,67570761728,67570761728,7.372,0.024
google/gemma-3-1b-it,NVIDIA GeForce RTX 5060 Ti,42,2WikiMultiHopQA,4,16,370,multi-hop,48.6553,0.0,0.0,0,1,1,114,370,370,71775027200,71775027200,7.372,0.024
google/gemma-3-1b-it,NVIDIA GeForce RTX 5060 Ti,42,2WikiMultiHopQA,4,16,371,semantic,35.9324,0.0,0.0,0,1,1,8,59,161,1825046528,13590069248,7.372,0.024
google/gemma-3-1b-it,NVIDIA GeForce RTX 5060 Ti,42,2WikiMultiHopQA,4,16,372,multi-hop,28.4065,0.0,38.3462,0,1,0,16,272,272,38788923392,38788923392,7.372,0.024
google/gemma-3-1b-it,NVIDIA GeForce RTX 5060 Ti,42,2WikiMultiHopQA,4,16,373,multi-hop,80.7003,0.0,0.0,0,1,1,41,297,297,46246920192,46246920192,7.372,0.024
google/gemma-3-1b-it,NVIDIA GeForce RTX 5060 Ti,42,2WikiMultiHopQA,4,16,374,structural,30.347,0.0,0.0,0,1,1,92,331,348,57441517568,63493373952,7.372,0.024
google/gemma-3-1b-it,NVIDIA GeForce RTX 5060 Ti,42,2WikiMultiHopQA,4,16,375,structural,63.3952,41.1069,53.9543,0,0,0,95,351,351,64592805888,64592805888,7.372,0.024
google/gemma-3-1b-it,NVIDIA GeForce RTX 5060 Ti,42,2WikiMultiHopQA,4,16,376,multi-hop,62.9136,34.3943,0.0,0,0,1,109,365,365,69848268800,69848268800,7.372,0.024
google/gemma-3-1b-it,NVIDIA GeForce RTX 5060 Ti,42,2WikiMultiHopQA,4,16,377,structural,50.3497,0.0,0.0,0,1,1,146,402,402,84727037952,84727037952,7.372,0.024
google/gemma-3-1b-it,NVIDIA GeForce RTX 5060 Ti,42,2WikiMultiHopQA,4,16,378,multi-hop,40.8057,44.2983,0.0,0,0,1,5,14,239,102760448,29947854848,7.372,0.024
google/gemma-3-1b-it,NVIDIA GeForce RTX 5060 Ti,42,2WikiMultiHopQA,4,16,379,structural,51.3647,59.7408,30.7295,0,0,0,57,313,313,51363971072,51363971072,7.372,0.024
google/gemma-3-1b-it,NVIDIA GeForce RTX 5060 Ti,42,2WikiMultiHopQA,4,16,380,semantic,39.5574,0.0,47.6454,0,1,0,83,233,339,28463071232,60251701248,7.372,0.024
google/gemma-3-1b-it,NVIDIA GeForce RTX 5060 Ti,42,2WikiMultiHopQA,4,16,381,structural,51.1648,0.0,0.0,0,1,1,100,356,356,66446163968,66446163968,7.372,0.024
google/gemma-3-1b-it,NVIDIA GeForce RTX 5060 Ti,42,2WikiMultiHopQA,4,16,382,semantic,30.0458,0.0,0.0,0,1,1,58,314,314,51692699648,51692699648,7.372,0.024
google/gemma-3-1b-it,NVIDIA GeForce RTX 5060 Ti,42,2WikiMultiHopQA,4,16,383,multi-hop,66.029,0.0,0.0,0,1,1,24,280,280,41104179200,41104179200,7.372,0.024
google/gemma-3-1b-it,NVIDIA GeForce RTX 5060 Ti,42,2WikiMultiHopQA,4,16,384,structural,59.4226,67.5989,39.2801,0,0,0,139,395,395,81802035200,81802035200,7.372,0.024
google/gemma-3-1b-it,NVIDIA GeForce RTX 5060 Ti,42,2WikiMultiHopQA,4,16,385,multi-hop,76.6269,35.7811,33.3467,0,0,0,26,191,266,19126550528,37096521728,7.372,0.024
google/gemma-3-1b-it,NVIDIA GeForce RTX 5060 Ti,42,2WikiMultiHopQA,4,16,386,semantic,40.679,0.0,43.2474,0,1,0,109,325,365,55377920000,69848268800,7.372,0.024
google/gemma-3-1b-it,NVIDIA GeForce RTX 5060 Ti,42,2WikiMultiHopQA,4,16,387,semantic,41.8514,0.0,52.4196,0,1,0,113,369,369,71387578368,71387578368,7.372,0.024
google/gemma-3-1b-it,NVIDIA GeForce RTX 5060 Ti,42,2WikiMultiHopQA,4,16,388,multi-hop,41.611,0.0,34.7131,0,1,0,8,264,264,36540776448,36540776448,7.372,0.024
google/gemma-3-1b-it,NVIDIA GeForce RTX 5060 Ti,42,2WikiMultiHopQA,4,16,389,semantic,67.6741,0.0,0.0,0,1,1,99,355,355,66073395200,66073395200,7.372,0.024
google/gemma-3-1b-it,NVIDIA GeForce RTX 5060 Ti,42,2WikiMultiHopQA,4,16,390,multi-hop,0.0,0.0,0.0,1,1,1,93,349,349,63858802688,63858802688,7.372,0.024
google/gemma-3-1b-it,NVIDIA GeForce RTX 5060 Ti,42,2WikiMultiHopQA,4,16,391,multi-hop,38.3736,0.0,0.0,0,1,1,52,308,308,49736056832,49736056832,7.372,0.024
google/gemma-3-1b-it,NVIDIA GeForce RTX 5060 Ti,42,2WikiMultiHopQA,4,16,392,multi-hop,55.4043,0.0,0.0,0,1,1,134,390,390,79744204800,79744204800,7.372,0.024
google/gemma-3-1b-it,NVIDIA GeForce RTX 5060 Ti,42,2WikiMultiHopQA,4,16,393,semantic,37.0621,0.0,0.0,0,1,1,73,329,329,56749457408,56749457408,7.372,0.024
google/gemma-3-1b-it,NVIDIA GeForce RTX 5060 Ti,42,2WikiMultiHopQA,4,16,394,multi-hop,69.9199,47.9599,36.8738,0,0,0,74,330,330,57094963200,57094963200,7.372,0.024
google/gemma-3-1b-it,NVIDIA GeForce RTX 5060 Ti,42,2WikiMultiHopQA,4,16,395,multi-hop,39.9286,37.27,44.9061,0,0,0,110,366,366,70231523328,70231523328,7.372,0.024
google/gemma-3-1b-it,NVIDIA GeForce RTX 5060 Ti,42,2WikiMultiHopQA,4,16,396,multi-hop,94.4377,89.8845,57.9082,0,0,0,109,365,365,69848268800,69848268800,7.372,0.024
google/gemma-3-1b-it,NVIDIA GeForce RTX 5060 Ti,42,2WikiMultiHopQA,4,16,397,structural,36.6223,0.0,0.0,0,1,1,103,359,359,67570761728,67570761728,7.372,0.024
google/gemma-3-1b-it,NVIDIA GeForce RTX 5060 Ti,42,2WikiMultiHopQA,4,16,398,multi-hop,39.9342,36.6942,37.3929,0,0,0,109,365,365,69848268800,69848268800,7.372,0.024
google/gemma-3-1b-it,NVIDIA GeForce RTX 5060 Ti,42,2WikiMultiHopQA,4,16,399,multi-hop,0.0,0.0,0.0,1,1,1,86,342,342,61322821632,61322821632,7.372,0.024
google/gemma-3-1b-it,NVIDIA GeForce RTX 5060 Ti,42,2WikiMultiHopQA,4,16,400,multi-hop,29.5217,0.0,35.569,0,1,0,98,354,336,65701675008,59190018048,7.372,0.024
google/gemma-3-1b-it,NVIDIA GeForce RTX 5060 Ti,42,2WikiMultiHopQA,4,16,401,structural,40.6843,0.0,0.0,0,1,1,27,283,283,41989701632,41989701632,7.372,0.024
google/gemma-3-1b-it,NVIDIA GeForce RTX 5060 Ti,42,2WikiMultiHopQA,4,16,402,semantic,33.883,0.0,36.1324,0,1,0,96,345,352,62403379200,64961380352,7.372,0.024
google/gemma-3-1b-it,NVIDIA GeForce RTX 5060 Ti,42,2WikiMultiHopQA,4,16,403,multi-hop,30.6472,41.139,41.3466,0,0,0,121,377,377,74516529152,74516529152,7.372,0.024
google/gemma-3-1b-it,NVIDIA GeForce RTX 5060 Ti,42,2WikiMultiHopQA,4,16,404,semantic,64.5694,0.0,52.1265,0,1,0,116,372,372,72553070592,72553070592,7.372,0.024
google/gemma-3-1b-it,NVIDIA GeForce RTX 5060 Ti,42,2WikiMultiHopQA,4,16,405,structural,37.1016,98.4825,46.431,0,0,0,117,373,373,72943665152,72943665152,7.372,0.024
google/gemma-3-1b-it,NVIDIA GeForce RTX 5060 Ti,42,2WikiMultiHopQA,4,16,406,semantic,93.8073,0.0,0.0,0,1,1,105,331,361,57441517568,68325736448,7.372,0.024
google/gemma-3-1b-it,NVIDIA GeForce RTX 5060 Ti,42,2WikiMultiHopQA,4,16,407,multi-hop,32.396,37.7498,65.2255,0,0,0,139,395,395,81802035200,81802035200,7.372,0.024
google/gemma-3-1b-it,NVIDIA GeForce RTX 5060 Ti,42,2WikiMultiHopQA,4,16,408,multi-hop,45.4773,0.0,0.0,0,1,1,139,395,395,81802035200,81802035200,7.372,0.024
google/gemma-3-1b-it,NVIDIA GeForce RTX 5060 Ti,42,2WikiMultiHopQA,4,16,409,semantic,74.2627,0.0,0.0,0,1,1,142,398,398,83049316352,83049316352,7.372,0.024
google/gemma-3-1b-it,NVIDIA GeForce RTX 5060 Ti,42,2WikiMultiHopQA,4,16,410,multi-hop,39.5126,0.0,0.0,0,1,1,4,260,260,35441868800,35441868800,7.372,0.024
google/gemma-3-1b-it,NVIDIA GeForce RTX 5060 Ti,42,2WikiMultiHopQA,4,16,411,structural,95.3127,54.9096,40.6628,0,0,0,96,352,352,64961380352,64961380352,7.372,0.024
google/gemma-3-1b-it,NVIDIA GeForce RTX 5060 Ti,42,2WikiMultiHopQA,4,16,412,multi-hop,36.7262,0.0,0.0,0,1,1,100,356,356,66446163968,66446163968,7.372,0.024
google/gemma-3-1b-it,NVIDIA GeForce RTX 5060 Ti,42,2WikiMultiHopQA,4,16,413,multi-hop,54.2081,82.1931,65.9102,0,0,0,107,363,313,69084905472,51363971072,7.372,0.024
google/gemma-3-1b-it,NVIDIA GeForce RTX 5060 Ti,42,2WikiMultiHopQA,4,16,414,multi-hop,62.7749,0.0,0.0,0,1,1,101,357,357,66819981312,66819981312,7.372,0.024
google/gemma-3-1b-it,NVIDIA GeForce RTX 5060 Ti,42,2WikiMultiHopQA,4,16,415,semantic,54.5212,0.0,37.5975,0,1,0,100,356,356,66446163968,66446163968,7.372,0.024
google/gemma-3-1b-it,NVIDIA GeForce RTX 5060 Ti,42,2WikiMultiHopQA,4,16,416,semantic,66.8737,0.0,0.0,0,1,1,57,313,313,51363971072,51363971072,7.372,0.024
google/gemma-3-1b-it,NVIDIA GeForce RTX 5060 Ti,42,2WikiMultiHopQA,4,16,417,semantic,45.2058,0.0,63.8989,0,1,0,114,370,370,71775027200,71775027200,7.372,0.024
google/gemma-3-1b-it,NVIDIA GeForce RTX 5060 Ti,42,2WikiMultiHopQA,4,16,418,multi-hop,42.7738,58.1057,36.4521,0,0,0,114,370,370,71775027200,71775027200,7.372,0.024
google/gemma-3-1b-it,NVIDIA GeForce RTX 5060 Ti,42,2WikiMultiHopQA,4,16,419,multi-hop,44.51,47.8689,41.6863,0,0,0,100,356,356,66446163968,66446163968,7.372,0.024
google/gemma-3-1b-it,NVIDIA GeForce RTX 5060 Ti,42,2WikiMultiHopQA,4,16,420,structural,81.1573,33.7776,33.5052,0,0,0,103,359,359,67570761728,67570761728,7.372,0.024
google/gemma-3-1b-it,NVIDIA GeForce RTX 5060 Ti,42,2WikiMultiHopQA,4,16,421,multi-hop,37.5301,64.5744,56.2438,0,0,0,111,367,367,70615826432,70615826432,7.372,0.024
google/gemma-3-1b-it,NVIDIA GeForce RTX 5060 Ti,42,2WikiMultiHopQA,4,16,422,multi-hop,65.8,0.0,0.0,0,1,1,115,371,371,72163524608,72163524608,7.372,0.024
google/gemma-3-1b-it,NVIDIA GeForce RTX 5060 Ti,42,2WikiMultiHopQA,4,16,423,semantic,44.622,0.0,0.0,0,1,1,109,365,365,69848268800,69848268800,7.372,0.024
google/gemma-3-1b-it,NVIDIA GeForce RTX 5060 Ti,42,2WikiMultiHopQA,4,16,424,structural,59.8772,63.9887,44.1399,0,0,0,36,292,292,44702892032,44702892032,7.372,0.024
google/gemma-3-1b-it,NVIDIA GeForce RTX 5060 Ti,42,2WikiMultiHopQA,4,16,425,semantic,61.546,0.0,0.0,0,1,1,36,292,292,44702892032,44702892032,7.372,0.024
google/gemma-3-1b-it,NVIDIA GeForce RTX 5060 Ti,42,2WikiMultiHopQA,4,16,426,multi-hop,37.8224,30.6201,34.3247,0,0,0,105,361,361,68325736448,68325736448,7.372,0.024
google/gemma-3-1b-it,NVIDIA GeForce RTX 5060 Ti,42,2WikiMultiHopQA,4,16,427,semantic,58.6879,0.0,47.4163,0,1,0,158,414,350,89860866048,64225280000,7.372,0.024
google/gemma-3-1b-it,NVIDIA GeForce RTX 5060 Ti,42,2WikiMultiHopQA,4,16,428,semantic,31.3906,0.0,81.0309,0,1,0,34,290,290,44092620800,44092620800,7.372,0.024
google/gemma-3-1b-it,NVIDIA GeForce RTX 5060 Ti,42,2WikiMultiHopQA,4,16,429,multi-hop,43.6188,39.1713,48.4517,0,0,0,64,320,320,53687091200,53687091200,7.372,0.024
google/gemma-3-1b-it,NVIDIA GeForce RTX 5060 Ti,42,2WikiMultiHopQA,4,16,430,semantic,81.1569,0.0,0.0,0,1,1,43,299,299,46871871488,46871871488,7.372,0.024
google/gemma-3-1b-it,NVIDIA GeForce RTX 5060 Ti,42,2WikiMultiHopQA,4,16,431,multi-hop,43.1932,41.3376,28.2317,0,0,0,101,357,357,66819981312,66819981312,7.372,0.024
google/gemma-3-1b-it,NVIDIA GeForce RTX 5060 Ti,42,2WikiMultiHopQA,4,16,432,structural,64.0661,48.7643,57.1717,0,0,0,126,382,382,76506202112,76506202112,7.372,0.024
google/gemma-3-1b-it,NVIDIA GeForce RTX 5060 Ti,42,2WikiMultiHopQA,4,16,433,structural,30.1799,48.389,0.0,0,0,1,122,378,378,74912366592,74912366592,7.372,0.024
google/gemma-3-1b-it,NVIDIA GeForce RTX 5060 Ti,42,2WikiMultiHopQA,4,16,434,multi-hop,64.5582,47.9555,44.5836,0,0,0,33,289,289,43789058048,43789058048,7.372,0.024
google/gemma-3-1b-it,NVIDIA GeForce RTX 5060 Ti,42,2WikiMultiHopQA,4,16,435,structural,33.311,0.0,0.0,0,1,1,31,287,287,43185078272,43185078272,7.372,0.024
google/gemma-3-1b-it,NVIDIA GeForce RTX 5060 Ti,42,2WikiMultiHopQA,4,16,436,multi-hop,63.5316,0.0,0.0,0,1,1,3,259,259,35169763328,35169763328,7.372,0.024
google/gemma-3-1b-it,NVIDIA GeForce RTX 5060 Ti,42,2WikiMultiHopQA,4,16,437,multi-hop,64.7873,0.0,50.6277,0,1,0,57,313,313,51363971072,51363971072,7.372,0.024
google/gemma-3-1b-it,NVIDIA GeForce RTX 5060 Ti,42,2WikiMultiHopQA,4,16,438,multi-hop,27.9704,29.1527,0.0,0,0,1,40,165,296,14273740800,45936017408,7.372,0.024
google/gemma-3-1b-it,NVIDIA GeForce RTX 5060 Ti,42,2WikiMultiHopQA,4,16,439,semantic,32.1024,0.0,0.0,0,1,1,50,306,306,49092231168,49092231168,7.372,0.024
google/gemma-3-1b-it,NVIDIA GeForce RTX 5060 Ti,42,2WikiMultiHopQA,4,16,440,multi-hop,84.9616,40.1252,61.785,0,0,0,16,272,272,38788923392,38788923392,7.372,0.024
google/gemma-3-1b-it,NVIDIA GeForce RTX 5060 Ti,42,2WikiMultiHopQA,4,16,441,multi-hop,63.7372,0.0,54.9767,0,1,0,49,271,305,38504235008,48771891200,7.372,0.024
google/gemma-3-1b-it,NVIDIA GeForce RTX 5060 Ti,42,2WikiMultiHopQA,4,16,442,semantic,79.0246,0.0,39.2088,0,1,0,91,347,347,63128993792,63128993792,7.372,0.024
google/gemma-3-1b-it,NVIDIA GeForce RTX 5060 Ti,42,2WikiMultiHopQA,4,16,443,structural,62.9391,62.7159,0.0,0,0,1,17,273,273,39074660352,39074660352,7.372,0.024
google/gemma-3-1b-it,NVIDIA GeForce RTX 5060 Ti,42,2WikiMultiHopQA,4,16,444,multi-hop,52.7096,0.0,0.0,0,1,1,105,331,361,57441517568,68325736448,7.372,0.024
google/gemma-3-1b-it,NVIDIA GeForce RTX 5060 Ti,42,2WikiMultiHopQA,4,16,445,structural,50.1302,48.8865,32.9148,0,0,0,93,316,296,52353302528,45936017408,7.372,0.024
google/gemma-3-1b-it,NVIDIA GeForce RTX 5060 Ti,42,2WikiMultiHopQA,4,16,446,structural,82.0555,0.0,0.0,0,1,1,103,359,359,67570761728,67570761728,7.372,0.024
google/gemma-3-1b-it,NVIDIA GeForce RTX 5060 Ti,42,2WikiMultiHopQA,4,16,447,multi-hop,55.1943,55.4002,30.5038,0,0,0,53,309,309,50059542528,50059542528,7.372,0.024
google/gemma-3-1b-it,NVIDIA GeForce RTX 5060 Ti,42,2WikiMultiHopQA,4,16,448,multi-hop,65.2447,37.7513,47.4991,0,0,0,105,361,361,68325736448,68325736448,7.372,0.024
google/gemma-3-1b-it,NVIDIA GeForce RTX 5060 Ti,42,2WikiMultiHopQA,4,16,449,semantic,42.2408,0.0,0.0,0,1,1,2,9,9,42467328,42467328,7.372,0.024
google/gemma-3-1b-it,NVIDIA GeForce RTX 5060 Ti,42,2WikiMultiHopQA,4,16,450,structural,95.5697,55.3719,43.0205,0,0,0,90,346,346,62765662208,62765662208,7.372,0.024
google/gemma-3-1b-it,NVIDIA GeForce RTX 5060 Ti,42,2WikiMultiHopQA,4,16,451,semantic,75.5697,0.0,60.2971,0,1,0,103,359,359,67570761728,67570761728,7.372,0.024
google/gemma-3-1b-it,NVIDIA GeForce RTX 5060 Ti,42,2WikiMultiHopQA,4,16,452,structural,83.1238,28.351,27.316,0,0,0,12,30,31,471859200,503840768,7.372,0.024
google/gemma-3-1b-it,NVIDIA GeForce RTX 5060 Ti,42,2WikiMultiHopQA,4,16,453,multi-hop,29.3283,0.0,73.2421,0,1,0,126,382,382,76506202112,76506202112,7.372,0.024
google/gemma-3-1b-it,NVIDIA GeForce RTX 5060 Ti,42,2WikiMultiHopQA,4,16,454,multi-hop,41.3746,80.0772,38.8536,0,0,0,72,328,328,56405000192,56405000192,7.372,0.024
google/gemma-3-1b-it,NVIDIA GeForce RTX 5060 Ti,42,2WikiMultiHopQA,4,16,455,semantic,59.5545,0.0,79.1404,0,1,0,107,363,313,69084905472,51363971072,7.372,0.024
google/gemma-3-1b-it,NVIDIA GeForce RTX 5060 Ti,42,2WikiMultiHopQA,4,16,456,semantic,73.1433,0.0,64.7332,0,1,0,80,205,336,22033203200,59190018048,7.372,0.024
google/gemma-3-1b-it,NVIDIA GeForce RTX 5060 Ti,42,2WikiMultiHopQA,4,16,457,multi-hop,92.4205,0.0,0.0,0,1,1,124,380,380,75707187200,75707187200,7.372,0.024
google/gemma-3-1b-it,NVIDIA GeForce RTX 5060 Ti,42,2WikiMultiHopQA,4,16,458,multi-hop,42.7501,0.0,0.0,0,1,1,92,331,348,57441517568,63493373952,7.372,0.024
google/gemma-3-1b-it,NVIDIA GeForce RTX 5060 Ti,42,2WikiMultiHopQA,4,16,459,multi-hop,33.0632,0.0,51.9631,0,1,0,95,351,351,64592805888,64592805888,7.372,0.024
google/gemma-3-1b-it,NVIDIA GeForce RTX 5060 Ti,42,2WikiMultiHopQA,4,16,460,structural,33.1433,59.0164,48.8568,0,0,0,142,398,398,83049316352,83049316352,7.372,0.024
google/gemma-3-1b-it,NVIDIA GeForce RTX 5060 Ti,42,2WikiMultiHopQA,4,16,461,semantic,76.9926,0.0,0.0,0,1,1,105,361,361,68325736448,68325736448,7.372,0.024
google/gemma-3-1b-it,NVIDIA GeForce RTX 5060 Ti,42,2WikiMultiHopQA,4,16,462,structural,70.2591,74.0247,0.0,0,0,1,73,329,329,56749457408,56749457408,7.372,0.024
google/gemma-3-1b-it,NVIDIA GeForce RTX 5060 Ti,42,2WikiMultiHopQA,4,16,463,semantic,79.2301,0.0,43.5696,0,1,0,14,253,270,33559150592,38220595200,7.372,0.024
google/gemma-3-1b-it,NVIDIA GeForce RTX 5060 Ti,42,2WikiMultiHopQA,4,16,464,multi-hop,69.9962,0.0,0.0,0,1,1,104,360,360,67947724800,67947724800,7.372,0.024
google/gemma-3-1b-it,NVIDIA GeForce RTX 5060 Ti,42,2WikiMultiHopQA,4,16,465,semantic,0.0,0.0,0.0,1,1,1,34,290,290,44092620800,44092620800,7.372,0.024
google/gemma-3-1b-it,NVIDIA GeForce RTX 5060 Ti,42,2WikiMultiHopQA,4,16,466,semantic,33.8119,0.0,0.0,0,1,1,162,418,418,91605696512,91605696512,7.372,0.024
google/gemma-3-1b-it,NVIDIA GeForce RTX 5060 Ti,42,2WikiMultiHopQA,4,16,467,structural,0.0,0.0,0.0,1,1,1,3,203,259,21605384192,35169763328,7.372,0.024
google/gemma-3-1b-it,NVIDIA GeForce RTX 5060 Ti,42,2WikiMultiHopQA,4,16,468,structural,45.4053,36.8003,44.7301,0,0,0,85,341,341,60964732928,60964732928,7.372,0.024
google/gemma-3-1b-it,NVIDIA GeForce RTX 5060 Ti,42,2WikiMultiHopQA,4,16,469,multi-hop,39.5896,0.0,44.2174,0,1,0,105,307,126,49413619712,8323596288,7.372,0.024
google/gemma-3-1b-it,NVIDIA GeForce RTX 5060 Ti,42,2WikiMultiHopQA,4,16,470,multi-hop,85.9457,0.0,0.0,0,1,1,113,369,369,71387578368,71387578368,7.372,0.024
google/gemma-3-1b-it,NVIDIA GeForce RTX 5060 Ti,42,2WikiMultiHopQA,4,16,471,structural,46.5527,58.4839,74.5003,0,0,0,110,366,366,70231523328,70231523328,7.372,0.024
google/gemma-3-1b-it,NVIDIA GeForce RTX 5060 Ti,42,2WikiMultiHopQA,4,16,472,multi-hop,65.9163,0.0,0.0,0,1,1,105,361,361,68325736448,68325736448,7.372,0.024
google/gemma-3-1b-it,NVIDIA GeForce RTX 5060 Ti,42,2WikiMultiHopQA,4,16,473,semantic,52.6572,0.0,0.0,0,1,1,119,375,375,73728000000,73728000000,7.372,0.024
google/gemma-3-1b-it,NVIDIA GeForce RTX 5060 Ti,42,2WikiMultiHopQA,4,16,474,multi-hop,0.0,0.0,44.1926,1,1,0,50,306,306,49092231168,49092231168,7.372,0.024
google/gemma-3-1b-it,NVIDIA GeForce RTX 5060 Ti,42,2WikiMultiHopQA,4,16,475,multi-hop,85.7916,0.0,0.0,0,1,1,4,260,260,35441868800,35441868800,7.372,0.024
google/gemma-3-1b-it,NVIDIA GeForce RTX 5060 Ti,42,2WikiMultiHopQA,4,16,476,multi-hop,57.6033,58.9827,0.0,0,0,1,117,345,335,62403379200,58838220800,7.372,0.024
google/gemma-3-1b-it,NVIDIA GeForce RTX 5060 Ti,42,2WikiMultiHopQA,4,16,477,multi-hop,39.8805,38.3598,0.0,0,0,1,39,295,295,45626163200,45626163200,7.372,0.024
google/gemma-3-1b-it,NVIDIA GeForce RTX 5060 Ti,42,2WikiMultiHopQA,4,16,478,structural,34.6789,40.1824,56.8864,0,0,0,24,280,280,41104179200,41104179200,7.372,0.024
google/gemma-3-1b-it,NVIDIA GeForce RTX 5060 Ti,42,2WikiMultiHopQA,4,16,479,structural,62.6996,34.654,60.7887,0,0,0,151,407,407,86847782912,86847782912,7.372,0.024
google/gemma-3-1b-it,NVIDIA GeForce RTX 5060 Ti,42,2WikiMultiHopQA,4,16,480,semantic,53.1557,0.0,0.0,0,1,1,57,313,313,51363971072,51363971072,7.372,0.024
google/gemma-3-1b-it,NVIDIA GeForce RTX 5060 Ti,42,2WikiMultiHopQA,4,16,481,multi-hop,35.9571,28.9995,28.4601,0,0,0,2,13,13,88604672,88604672,7.372,0.024
google/gemma-3-1b-it,NVIDIA GeForce RTX 5060 Ti,42,2WikiMultiHopQA,4,16,482,structural,43.3457,52.7572,0.0,0,0,1,119,375,375,73728000000,73728000000,7.372,0.024
google/gemma-3-1b-it,NVIDIA GeForce RTX 5060 Ti,42,2WikiMultiHopQA,4,16,483,structural,89.8131,95.6364,30.1252,0,0,0,3,14,16,102760448,134217728,7.372,0.024
google/gemma-3-1b-it,NVIDIA GeForce RTX 5060 Ti,42,2WikiMultiHopQA,4,16,484,multi-hop,69.6465,43.2111,54.5043,0,0,0,139,395,395,81802035200,81802035200,7.372,0.024
google/gemma-3-1b-it,NVIDIA GeForce RTX 5060 Ti,42,2WikiMultiHopQA,4,16,485,multi-hop,40.8364,73.6579,31.4273,0,0,0,4,13,13,88604672,88604672,7.372,0.024
google/gemma-3-1b-it,NVIDIA GeForce RTX 5060 Ti,42,2WikiMultiHopQA,4,16,486,multi-hop,67.0723,0.0,66.1787,0,1,0,28,184,284,17750294528,42286972928,7.372,0.024
google/gemma-3-1b-it,NVIDIA GeForce RTX 5060 Ti,42,2WikiMultiHopQA,4,16,487,semantic,0.0,0.0,0.0,1,1,1,3,42,13,924844032,88604672,7.372,0.024
google/gemma-3-1b-it,NVIDIA GeForce RTX 5060 Ti,42,2WikiMultiHopQA,4,16,488,multi-hop,40.1156,0.0,0.0,0,1,1,85,341,341,60964732928,60964732928,7.372,0.024
google/gemma-3-1b-it,NVIDIA GeForce RTX 5060 Ti,42,2WikiMultiHopQA,4,16,489,multi-hop,41.5755,0.0,0.0,0,1,1,114,370,370,71775027200,71775027200,7.372,0.024
google/gemma-3-1b-it,NVIDIA GeForce RTX 5060 Ti,42,2WikiMultiHopQA,4,16,490,structural,43.0777,28.7899,56.3145,0,0,0,110,366,366,70231523328,70231523328,7.372,0.024
google/gemma-3-1b-it,NVIDIA GeForce RTX 5060 Ti,42,2WikiMultiHopQA,4,16,491,structural,41.474,42.0575,0.0,0,0,1,104,360,360,67947724800,67947724800,7.372,0.024
google/gemma-3-1b-it,NVIDIA GeForce RTX 5060 Ti,42,2WikiMultiHopQA,4,16,492,structural,88.7405,58.1966,69.6702,0,0,0,63,319,319,53352071168,53352071168,7.372,0.024
google/gemma-3-1b-it,NVIDIA GeForce RTX 5060 Ti,42,2WikiMultiHopQA,4,16,493,multi-hop,47.0982,0.0,0.0,0,1,1,63,319,319,53352071168,53352071168,7.372,0.024
google/gemma-3-1b-it,NVIDIA GeForce RTX 5060 Ti,42,2WikiMultiHopQA,4,16,494,multi-hop,35.5533,60.7087,42.4124,0,0,0,2,9,9,42467328,42467328,7.372,0.024
google/gemma-3-1b-it,NVIDIA GeForce RTX 5060 Ti,42,2WikiMultiHopQA,4,16,495,structural,93.0223,0.0,0.0,0,1,1,112,368,368,71001178112,71001178112,7.372,0.024
google/gemma-3-1b-it,NVIDIA GeForce RTX 5060 Ti,42,2WikiMultiHopQA,4,16,496,structural,77.0263,68.4367,0.0,0,0,1,108,364,364,69466062848,69466062848,7.372,0.024
google/gemma-3-1b-it,NVIDIA GeForce RTX 5060 Ti,42,2WikiMultiHopQA,4,16,497,semantic,33.4521,0.0,43.6889,0,1,0,92,348,348,63493373952,63493373952,7.372,0.024
google/gemma-3-1b-it,NVIDIA GeForce RTX 5060 Ti,42,2WikiMultiHopQA,4,16,498,multi-hop,90.2261,0.0,0.0,0,1,1,26,191,266,19126550528,37096521728,7.372,0.024
google/gemma-3-1b-it,NVIDIA GeForce RTX 5060 Ti,42,2WikiMultiHopQA,4,16,499,semantic,79.8706,0.0,42.0432,0,1,0,146,402,402,84727037952,84727037952,7.372,0.024
google/gemma-3-1b-it,NVIDIA GeForce RTX 5060 Ti,42,2WikiMultiHopQA,4,16,500,structural,73.6147,74.8945,47.972,0,0,0,109,365,365,69848268800,69848268800,7.372,0.024
google/gemma-3-1b-it,NVIDIA GeForce RTX 5060 Ti,42,2WikiMultiHopQA,4,16,501,multi-hop,30.7036,0.0,39.9539,0,1,0,39,295,295,45626163200,45626163200,7.372,0.024
google/gemma-3-1b-it,NVIDIA GeForce RTX 5060 Ti,42,2WikiMultiHopQA,4,16,502,multi-hop,90.6366,37.7343,44.1234,0,0,0,110,366,366,70231523328,70231523328,7.372,0.024
google/gemma-3-1b-it,NVIDIA GeForce RTX 5060 Ti,42,2WikiMultiHopQA,4,16,503,structural,37.2773,51.4816,45.2444,0,0,0,72,328,328,56405000192,56405000192,7.372,0.024
google/gemma-3-1b-it,NVIDIA GeForce RTX 5060 Ti,42,2WikiMultiHopQA,4,16,504,structural,44.7532,0.0,0.0,0,1,1,105,361,361,68325736448,68325736448,7.372,0.024
google/gemma-3-1b-it,NVIDIA GeForce RTX 5060 Ti,42,2WikiMultiHopQA,4,16,505,multi-hop,0.0,64.851,36.9631,1,0,0,46,302,302,47817162752,47817162752,7.372,0.024
google/gemma-3-1b-it,NVIDIA GeForce RTX 5060 Ti,42,2WikiMultiHopQA,4,16,506,multi-hop,63.3834,0.0,37.985,0,1,0,20,213,275,23786422272,39649280000,7.372,0.024
google/gemma-3-1b-it,NVIDIA GeForce RTX 5060 Ti,42,2WikiMultiHopQA,4,16,507,multi-hop,80.0143,61.1236,0.0,0,0,1,17,273,273,39074660352,39074660352,7.372,0.024
google/gemma-3-1b-it,NVIDIA GeForce RTX 5060 Ti,42,2WikiMultiHopQA,4,16,508,structural,70.748,0.0,0.0,0,1,1,127,383,383,76907282432,76907282432,7.372,0.024
google/gemma-3-1b-it,NVIDIA GeForce RTX 5060 Ti,42,2WikiMultiHopQA,4,16,509,structural,40.2364,88.237,52.3817,0,0,0,103,359,359,67570761728,67570761728,7.372,0.024
google/gemma-3-1b-it,NVIDIA GeForce RTX 5060 Ti,42,2WikiMultiHopQA,4,16,510,semantic,29.8893,27.1404,0.0,0,0,1,4,11,11,63438848,63438848,7.372,0.024
google/gemma-3-1b-it,NVIDIA GeForce RTX 5060 Ti,42,2WikiMultiHopQA,4,16,511,structural,51.7864,0.0,0.0,0,1,1,8,59,161,1825046528,13590069248,7.372,0.024
google/gemma-3-1b-it,NVIDIA GeForce RTX 5060 Ti,42,2WikiMultiHopQA,4,16,512,multi-hop,45.6921,66.1374,45.6767,0,0,0,161,417,417,91167916032,91167916032,7.372,0.024
google/gemma-3-1b-it,NVIDIA GeForce RTX 5060 Ti,42,2WikiMultiHopQA,4,16,513,multi-hop,59.8938,63.3044,46.8892,0,0,0,64,320,320,53687091200,53687091200,7.372,0.024
google/gemma-3-1b-it,NVIDIA GeForce RTX 5060 Ti,42,2WikiMultiHopQA,4,16,514,multi-hop,85.0048,53.83,91.2751,0,0,0,87,343,343,61681958912,61681958912,7.372,0.024
google/gemma-3-1b-it,NVIDIA GeForce RTX 5060 Ti,42,2WikiMultiHopQA,4,16,515,structural,32.405,71.359,0.0,0,0,1,110,366,366,70231523328,70231523328,7.372,0.024
google/gemma-3-1b-it,NVIDIA GeForce RTX 5060 Ti,42,2WikiMultiHopQA,4,16,516,multi-hop,74.1152,0.0,0.0,0,1,1,5,246,179,31727812608,16798711808,7.372,0.024
google/gemma-3-1b-it,NVIDIA GeForce RTX 5060 Ti,42,2WikiMultiHopQA,4,16,517,multi-hop,69.3543,0.0,0.0,0,1,1,59,315,315,52022476800,52022476800,7.372,0.024
google/gemma-3-1b-it,NVIDIA GeForce RTX 5060 Ti,42,2WikiMultiHopQA,4,16,518,multi-hop,54.297,0.0,0.0,0,1,1,24,280,280,41104179200,41104179200,7.372,0.024
google/gemma-3-1b-it,NVIDIA GeForce RTX 5060 Ti,42,2WikiMultiHopQA,4,16,519,structural,61.2094,54.0372,39.2492,0,0,0,114,370,370,71775027200,71775027200,7.372,0.024
google/gemma-3-1b-it,NVIDIA GeForce RTX 5060 Ti,42,2WikiMultiHopQA,4,16,520,semantic,31.1637,0.0,0.0,0,1,1,105,361,361,68325736448,68325736448,7.372,0.024
google/gemma-3-1b-it,NVIDIA GeForce RTX 5060 Ti,42,2WikiMultiHopQA,4,16,521,structural,45.9,49.4246,0.0,0,0,1,29,285,285,42585292800,42585292800,7.372,0.024
google/gemma-3-1b-it,NVIDIA GeForce RTX 5060 Ti,42,2WikiMultiHopQA,4,16,522,multi-hop,27.9935,70.2114,0.0,0,0,1,34,290,290,44092620800,44092620800,7.372,0.024
google/gemma-3-1b-it,NVIDIA GeForce RTX 5060 Ti,42,2WikiMultiHopQA,4,16,523,semantic,70.0851,0.0,33.5733,0,1,0,92,348,348,63493373952,63493373952,7.372,0.024
google/gemma-3-1b-it,NVIDIA GeForce RTX 5060 Ti,42,2WikiMultiHopQA,4,16,524,multi-hop,61.2094,53.0087,36.728,0,0,0,20,32,31,536870912,503840768,7.372,0.024
google/gemma-3-1b-it,NVIDIA GeForce RTX 5060 Ti,42,2WikiMultiHopQA,4,16,525,semantic,47.8853,0.0,61.3873,0,1,0,110,366,366,70231523328,70231523328,7.372,0.024
google/gemma-3-1b-it,NVIDIA GeForce RTX 5060 Ti,42,2WikiMultiHopQA,4,16,526,multi-hop,33.2865,0.0,68.8664,0,1,0,38,294,294,45317357568,45317357568,7.372,0.024
google/gemma-3-1b-it,NVIDIA GeForce RTX 5060 Ti,42,2WikiMultiHopQA,4,16,527,semantic,61.285,0.0,64.435,0,1,0,136,392,392,80564191232,80564191232,7.372,0.024
google/gemma-3-1b-it,NVIDIA GeForce RTX 5060 Ti,42,2WikiMultiHopQA,4,16,528,semantic,33.6462,0.0,79.1016,0,1,0,122,378,378,74912366592,74912366592,7.372,0.024
google/gemma-3-1b-it,NVIDIA GeForce RTX 5060 Ti,42,2WikiMultiHopQA,4,16,529,structural,34.9942,65.8239,90.6394,0,0,0,105,361,361,68325736448,68325736448,7.372,0.024
google/gemma-3-1b-it,NVIDIA GeForce RTX 5060 Ti,42,2WikiMultiHopQA,4,16,530,semantic,62.7922,0.0,0.0,0,1,1,35,291,291,44397232128,44397232128,7.372,0.024
google/gemma-3-1b-it,NVIDIA GeForce RTX 5060 Ti,42,2WikiMultiHopQA,4,16,531,structural,37.3967,0.0,0.0,0,1,1,82,338,338,59896758272,59896758272,7.372,0.024
google/gemma-3-1b-it,NVIDIA GeForce RTX 5060 Ti,42,2WikiMultiHopQA,4,16,532,multi-hop,91.6354,0.0,56.9757,0,1,0,91,347,347,63128993792,63128993792,7.372,0.024
google/gemma-3-1b-it,NVIDIA GeForce RTX 5060 Ti,42,2WikiMultiHopQA,4,16,533,semantic,46.7861,0.0,0.0,0,1,1,109,365,365,69848268800,69848268800,7.372,0.024
google/gemma-3-1b-it,NVIDIA GeForce RTX 5060 Ti,42,2WikiMultiHopQA,4,16,534,multi-hop,57.3301,46.265,74.2249,0,0,0,92,348,348,63493373952,63493373952,7.372,0.024
google/gemma-3-1b-it,NVIDIA GeForce RTX 5060 Ti,42,2WikiMultiHopQA,4,16,535,multi-hop,57.7967,0.0,76.7433,0,1,0,105,361,361,68325736448,68325736448,7.372,0.024
google/gemma-3-1b-it,NVIDIA GeForce RTX 5060 Ti,42,2WikiMultiHopQA,4,16,536,multi-hop,0.0,79.0667,43.5712,1,0,0,93,349,324,63858802688,55037657088,7.372,0.024
google/gemma-3-1b-it,NVIDIA GeForce RTX 5060 Ti,42,2WikiMultiHopQA,4,16,537,structural,68.936,66.6297,49.3598,0,0,0,53,309,309,50059542528,50059542528,7.372,0.024
google/gemma-3-1b-it,NVIDIA GeForce RTX 5060 Ti,42,2WikiMultiHopQA,4,16,538,multi-hop,52.8864,0.0,0.0,0,1,1,98,354,354,65701675008,65701675008,7.372,0.024
google/gemma-3-1b-it,NVIDIA GeForce RTX 5060 Ti,42,2WikiMultiHopQA,4,16,539,multi-hop,52.7446,0.0,68.6341,0,1,0,116,372,372,72553070592,72553070592,7.372,0.024
google/gemma-3-1b-it,NVIDIA GeForce RTX 5060 Ti,42,2WikiMultiHopQA,4,16,540,multi-hop,43.6827,84.6158,77.7932,0,0,0,101,357,357,66819981312,66819981312,7.372,0.024
google/gemma-3-1b-it,NVIDIA GeForce RTX 5060 Ti,42,2WikiMultiHopQA,4,16,541,multi-hop,81.4879,88.0407,33.8437,0,0,0,78,334,334,58487472128,58487472128,7.372,0.024
google/gemma-3-1b-it,NVIDIA GeForce RTX 5060 Ti,42,2WikiMultiHopQA,4,16,542,structural,54.5096,0.0,0.0,0,1,1,112,368,368,71001178112,71001178112,7.372,0.024
google/gemma-3-1b-it,NVIDIA GeForce RTX 5060 Ti,42,2WikiMultiHopQA,4,16,543,semantic,80.1946,0.0,0.0,0,1,1,114,370,370,71775027200,71775027200,7.372,0.024
google/gemma-3-1b-it,NVIDIA GeForce RTX 5060 Ti,42,2WikiMultiHopQA,4,16,544,structural,76.8808,79.4268,95.5577,0,0,0,87,343,343,61681958912,61681958912,7.372,0.024
google/gemma-3-1b-it,NVIDIA GeForce RTX 5060 Ti,42,2WikiMultiHopQA,4,16,545,multi-hop,0.0,0.0,0.0,1,1,1,22,278,278,40519073792,40519073792,7.372,0.024
google/gemma-3-1b-it,NVIDIA GeForce RTX 5060 Ti,42,2WikiMultiHopQA,4,16,546,structural,57.1303,42.8743,69.233,0,0,0,53,309,309,50059542528,50059542528,7.372,0.024
google/gemma-3-1b-it,NVIDIA GeForce RTX 5060 Ti,42,2WikiMultiHopQA,4,16,547,multi-hop,67.6063,0.0,0.0,0,1,1,107,363,363,69084905472,69084905472,7.372,0.024
google/gemma-3-1b-it,NVIDIA GeForce RTX 5060 Ti,42,2WikiMultiHopQA,4,16,548,multi-hop,37.9819,83.9767,0.0,0,0,1,12,268,268,37656461312,37656461312,7.372,0.024
google/gemma-3-1b-it,NVIDIA GeForce RTX 5060 Ti,42,2WikiMultiHopQA,4,16,549,multi-hop,79.4447,92.1823,35.6182,0,0,0,142,398,398,83049316352,83049316352,7.372,0.024
google/gemma-3-1b-it,NVIDIA GeForce RTX 5060 Ti,42,2WikiMultiHopQA,4,16,550,multi-hop,51.4017,34.6618,34.9127,0,0,0,5,26,31,354418688,503840768,7.372,0.024
google/gemma-3-1b-it,NVIDIA GeForce RTX 5060 Ti,42,2WikiMultiHopQA,4,16,551,semantic,40.2528,0.0,0.0,0,1,1,119,375,375,73728000000,73728000000,7.372,0.024
google/gemma-3-1b-it,NVIDIA GeForce RTX 5060 Ti,42,2WikiMultiHopQA,4,16,552,structural,66.5412,0.0,0.0,0,1,1,82,338,338,59896758272,59896758272,7.372,0.024
google/gemma-3-1b-it,NVIDIA GeForce RTX 5060 Ti,42,2WikiMultiHopQA,4,16,553,semantic,41.2008,0.0,52.6909,0,1,0,16,272,272,38788923392,38788923392,7.372,0.024
google/gemma-3-1b-it,NVIDIA GeForce RTX 5060 Ti,42,2WikiMultiHopQA,4,16,554,multi-hop,41.6118,0.0,0.0,0,1,1,105,361,361,68325736448,68325736448,7.372,0.024
google/gemma-3-1b-it,NVIDIA GeForce RTX 5060 Ti,42,2WikiMultiHopQA,4,16,555,semantic,54.988,0.0,0.0,0,1,1,4,260,260,35441868800,35441868800,7.372,0.024
google/gemma-3-1b-it,NVIDIA GeForce RTX 5060 Ti,42,2WikiMultiHopQA,4,16,556,multi-hop,73.0207,0.0,0.0,0,1,1,148,404,404,85572190208,85572190208,7.372,0.024
google/gemma-3-1b-it,NVIDIA GeForce RTX 5060 Ti,42,2WikiMultiHopQA,4,16,557,multi-hop,79.3911,80.0898,62.161,0,0,0,24,280,280,41104179200,41104179200,7.372,0.024
google/gemma-3-1b-it,NVIDIA GeForce RTX 5060 Ti,42,2WikiMultiHopQA,4,16,558,structural,71.3166,50.9467,0.0,0,0,1,19,222,275,25839009792,39649280000,7.372,0.024
google/gemma-3-1b-it,NVIDIA GeForce RTX 5060 Ti,42,2WikiMultiHopQA,4,16,559,structural,64.2802,88.2226,77.6058,0,0,0,6,243,59,30958682112,1825046528,7.372,0.024
google/gemma-3-1b-it,NVIDIA GeForce RTX 5060 Ti,42,2WikiMultiHopQA,4,16,560,multi-hop,97.2075,0.0,49.562,0,1,0,110,366,366,70231523328,70231523328,7.372,0.024
google/gemma-3-1b-it,NVIDIA GeForce RTX 5060 Ti,42,2WikiMultiHopQA,4,16,561,structural,74.4106,79.4254,0.0,0,0,1,129,385,385,77712588800,77712588800,7.372,0.024
google/gemma-3-1b-it,NVIDIA GeForce RTX 5060 Ti,42,2WikiMultiHopQA,4,16,562,semantic,65.9972,0.0,0.0,0,1,1,70,326,326,55719231488,55719231488,7.372,0.024
google/gemma-3-1b-it,NVIDIA GeForce RTX 5060 Ti,42,2WikiMultiHopQA,4,16,563,multi-hop,71.8006,90.5292,72.9014,0,0,0,100,356,356,66446163968,66446163968,7.372,0.024
google/gemma-3-1b-it,NVIDIA GeForce RTX 5060 Ti,42,2WikiMultiHopQA,4,16,564,semantic,93.3602,0.0,0.0,0,1,1,90,346,346,62765662208,62765662208,7.372,0.024
google/gemma-3-1b-it,NVIDIA GeForce RTX 5060 Ti,42,2WikiMultiHopQA,4,16,565,semantic,73.9299,0.0,0.0,0,1,1,119,375,375,73728000000,73728000000,7.372,0.024
google/gemma-3-1b-it,NVIDIA GeForce RTX 5060 Ti,42,2WikiMultiHopQA,4,16,566,structural,92.043,88.9934,72.6229,0,0,0,10,266,266,37096521728,37096521728,7.372,0.024
google/gemma-3-1b-it,NVIDIA GeForce RTX 5060 Ti,42,2WikiMultiHopQA,4,16,567,semantic,0.0,0.0,90.7828,1,1,0,101,357,357,66819981312,66819981312,7.372,0.024
google/gemma-3-1b-it,NVIDIA GeForce RTX 5060 Ti,42,2WikiMultiHopQA,4,16,568,multi-hop,78.4507,85.7056,94.2916,0,0,0,80,336,336,59190018048,59190018048,7.372,0.024
google/gemma-3-1b-it,NVIDIA GeForce RTX 5060 Ti,42,2WikiMultiHopQA,4,16,569,multi-hop,99.0514,0.0,88.6365,0,1,0,57,278,313,40519073792,51363971072,7.372,0.024
google/gemma-3-1b-it,NVIDIA GeForce RTX 5060 Ti,42,2WikiMultiHopQA,4,16,570,multi-hop,86.1367,93.0389,70.6346,0,0,0,119,375,375,73728000000,73728000000,7.372,0.024
google/gemma-3-1b-it,NVIDIA GeForce RTX 5060 Ti,42,2WikiMultiHopQA,4,16,571,multi-hop,53.4427,55.9236,47.6515,0,0,0,2,9,9,42467328,42467328,7.372,0.024
google/gemma-3-1b-it,NVIDIA GeForce RTX 5060 Ti,42,2WikiMultiHopQA,4,16,572,multi-hop,84.8275,0.0,80.8689,0,1,0,100,356,356,66446163968,66446163968,7.372,0.024
google/gemma-3-1b-it,NVIDIA GeForce RTX 5060 Ti,42,2WikiMultiHopQA,4,16,573,multi-hop,87.1498,0.0,85.0918,0,1,0,114,370,370,71775027200,71775027200,7.372,0.024
google/gemma-3-1b-it,NVIDIA GeForce RTX 5060 Ti,42,2WikiMultiHopQA,4,16,574,semantic,93.203,0.0,0.0,0,1,1,98,354,354,65701675008,65701675008,7.372,0.024
google/gemma-3-1b-it,NVIDIA GeForce RTX 5060 Ti,42,2WikiMultiHopQA,4,16,575,multi-hop,81.3945,67.5047,72.4204,0,0,0,80,205,336,22033203200,59190018048,7.372,0.024
google/gemma-3-1b-it,NVIDIA GeForce RTX 5060 Ti,42,2WikiMultiHopQA,4,16,576,structural,96.8653,76.2735,67.1486,0,0,0,5,28,28,411041792,411041792,7.372,0.024
google/gemma-3-1b-it,NVIDIA GeForce RTX 5060 Ti,42,2WikiMultiHopQA,4,16,577,multi-hop,51.5503,0.0,0.0,0,1,1,48,304,304,48452599808,48452599808,7.372,0.024
google/gemma-3-1b-it,NVIDIA GeForce RTX 5060 Ti,42,2WikiMultiHopQA,4,16,578,structural,76.7637,0.0,0.0,0,1,1,104,360,360,67947724800,67947724800,7.372,0.024
google/gemma-3-1b-it,NVIDIA GeForce RTX 5060 Ti,42,2WikiMultiHopQA,4,16,579,multi-hop,63.4796,87.9962,52.6245,0,0,0,43,299,299,46871871488,46871871488,7.372,0.024
google/gemma-3-1b-it,NVIDIA GeForce RTX 5060 Ti,42,2WikiMultiHopQA,4,16,580,multi-hop,85.4589,0.0,52.1043,0,1,0,113,369,369,71387578368,71387578368,7.372,0.024
google/gemma-3-1b-it,NVIDIA GeForce RTX 5060 Ti,42,2WikiMultiHopQA,4,16,581,semantic,62.2536,0.0,0.0,0,1,1,104,360,360,67947724800,67947724800,7.372,0.024
google/gemma-3-1b-it,NVIDIA GeForce RTX 5060 Ti,42,2WikiMultiHopQA,4,16,582,semantic,60.0801,0.0,42.9843,0,1,0,138,394,394,81388371968,81388371968,7.372,0.024
google/gemma-3-1b-it,NVIDIA GeForce RTX 5060 Ti,42,2WikiMultiHopQA,4,16,583,multi-hop,87.4716,42.5827,41.3634,0,0,0,28,284,284,42286972928,42286972928,7.372,0.024
google/gemma-3-1b-it,NVIDIA GeForce RTX 5060 Ti,42,2WikiMultiHopQA,4,16,584,multi-hop,85.1779,85.0033,77.8071,0,0,0,63,319,319,53352071168,53352071168,7.372,0.024
google/gemma-3-1b-it,NVIDIA GeForce RTX 5060 Ti,42,2WikiMultiHopQA,4,16,585,multi-hop,66.0406,37.604,51.3275,0,0,0,101,357,357,66819981312,66819981312,7.372,0.024
google/gemma-3-1b-it,NVIDIA GeForce RTX 5060 Ti,42,2WikiMultiHopQA,4,16,586,semantic,62.0989,0.0,0.0,0,1,1,2,9,9,42467328,42467328,7.372,0.024
google/gemma-3-1b-it,NVIDIA GeForce RTX 5060 Ti,42,2WikiMultiHopQA,4,16,587,semantic,52.071,0.0,0.0,0,1,1,83,339,339,60251701248,60251701248,7.372,0.024
google/gemma-3-1b-it,NVIDIA GeForce RTX 5060 Ti,42,2WikiMultiHopQA,4,16,588,multi-hop,76.995,83.4562,77.8759,0,0,0,136,392,392,80564191232,80564191232,7.372,0.024
google/gemma-3-1b-it,NVIDIA GeForce RTX 5060 Ti,42,2WikiMultiHopQA,4,16,589,semantic,56.5132,0.0,34.6778,0,1,0,50,306,306,49092231168,49092231168,7.372,0.024
google/gemma-3-1b-it,NVIDIA GeForce RTX 5060 Ti,42,2WikiMultiHopQA,4,16,590,structural,86.4032,0.0,0.0,0,1,1,85,341,341,60964732928,60964732928,7.372,0.024
google/gemma-3-1b-it,NVIDIA GeForce RTX 5060 Ti,42,2WikiMultiHopQA,4,16,591,semantic,72.9038,0.0,0.0,0,1,1,64,320,320,53687091200,53687091200,7.372,0.024
google/gemma-3-1b-it,NVIDIA GeForce RTX 5060 Ti,42,2WikiMultiHopQA,4,16,592,structural,49.2679,61.1258,105.9275,0,0,0,12,30,31,471859200,503840768,7.372,0.024
google/gemma-3-1b-it,NVIDIA GeForce RTX 5060 Ti,42,2WikiMultiHopQA,4,16,593,semantic,67.4239,0.0,76.7952,0,1,0,110,366,366,70231523328,70231523328,7.372,0.024
google/gemma-3-1b-it,NVIDIA GeForce RTX 5060 Ti,42,2WikiMultiHopQA,4,16,594,structural,54.79,0.0,0.0,0,1,1,104,360,360,67947724800,67947724800,7.372,0.024
google/gemma-3-1b-it,NVIDIA GeForce RTX 5060 Ti,42,2WikiMultiHopQA,4,16,595,multi-hop,85.9522,0.0,65.3091,0,1,0,99,355,355,66073395200,66073395200,7.372,0.024
google/gemma-3-1b-it,NVIDIA GeForce RTX 5060 Ti,42,2WikiMultiHopQA,4,16,596,multi-hop,69.0506,45.0065,72.5273,0,0,0,2,12,26,75497472,354418688,7.372,0.024
google/gemma-3-1b-it,NVIDIA GeForce RTX 5060 Ti,42,2WikiMultiHopQA,4,16,597,semantic,92.6712,0.0,76.4724,0,1,0,109,325,365,55377920000,69848268800,7.372,0.024
google/gemma-3-1b-it,NVIDIA GeForce RTX 5060 Ti,42,2WikiMultiHopQA,4,16,598,multi-hop,75.7798,70.2009,65.1271,0,0,0,5,28,28,411041792,411041792,7.372,0.024
google/gemma-3-1b-it,NVIDIA GeForce RTX 5060 Ti,42,2WikiMultiHopQA,4,16,599,multi-hop,89.7063,0.0,81.1849,0,1,0,155,411,411,88563253248,88563253248,7.372,0.024
google/gemma-3-1b-it,NVIDIA GeForce RTX 5060 Ti,42,2WikiMultiHopQA,5,16,0,structural,104.045,0.0,0.0,0,1,1,105,361,361,68325736448,68325736448,7.372,0.024
google/gemma-3-1b-it,NVIDIA GeForce RTX 5060 Ti,42,2WikiMultiHopQA,5,16,1,multi-hop,74.7702,74.7928,59.7879,0,0,0,78,334,334,58487472128,58487472128,7.372,0.024
google/gemma-3-1b-it,NVIDIA GeForce RTX 5060 Ti,42,2WikiMultiHopQA,5,16,2,multi-hop,97.5629,0.0,96.2745,0,1,0,105,361,361,68325736448,68325736448,7.372,0.024
google/gemma-3-1b-it,NVIDIA GeForce RTX 5060 Ti,42,2WikiMultiHopQA,5,16,3,semantic,104.4912,0.0,0.0,0,1,1,99,355,355,66073395200,66073395200,7.372,0.024
google/gemma-3-1b-it,NVIDIA GeForce RTX 5060 Ti,42,2WikiMultiHopQA,5,16,4,structural,101.7575,97.9895,45.5225,0,0,0,53,309,309,50059542528,50059542528,7.372,0.024
google/gemma-3-1b-it,NVIDIA GeForce RTX 5060 Ti,42,2WikiMultiHopQA,5,16,5,multi-hop,89.8116,0.0,0.0,0,1,1,48,304,304,48452599808,48452599808,7.372,0.024
google/gemma-3-1b-it,NVIDIA GeForce RTX 5060 Ti,42,2WikiMultiHopQA,5,16,6,structural,78.3071,48.072,73.2476,0,0,0,91,347,347,63128993792,63128993792,7.372,0.024
google/gemma-3-1b-it,NVIDIA GeForce RTX 5060 Ti,42,2WikiMultiHopQA,5,16,7,multi-hop,45.4387,0.0,0.0,0,1,1,147,403,403,85149089792,85149089792,7.372,0.024
google/gemma-3-1b-it,NVIDIA GeForce RTX 5060 Ti,42,2WikiMultiHopQA,5,16,8,multi-hop,91.258,0.0,66.7666,0,1,0,82,338,338,59896758272,59896758272,7.372,0.024
google/gemma-3-1b-it,NVIDIA GeForce RTX 5060 Ti,42,2WikiMultiHopQA,5,16,9,structural,39.9765,57.6203,95.474,0,0,0,34,290,290,44092620800,44092620800,7.372,0.024
google/gemma-3-1b-it,NVIDIA GeForce RTX 5060 Ti,42,2WikiMultiHopQA,5,16,10,multi-hop,65.604,0.0,0.0,0,1,1,2,15,13,117964800,88604672,7.372,0.024
google/gemma-3-1b-it,NVIDIA GeForce RTX 5060 Ti,42,2WikiMultiHopQA,5,16,11,semantic,83.9639,0.0,51.8164,0,1,0,105,336,176,59190018048,16240345088,7.372,0.024
google/gemma-3-1b-it,NVIDIA GeForce RTX 5060 Ti,42,2WikiMultiHopQA,5,16,12,semantic,88.0783,0.0,92.1199,0,1,0,113,369,369,71387578368,71387578368,7.372,0.024
google/gemma-3-1b-it,NVIDIA GeForce RTX 5060 Ti,42,2WikiMultiHopQA,5,16,13,semantic,43.1939,0.0,0.0,0,1,1,101,357,357,66819981312,66819981312,7.372,0.024
google/gemma-3-1b-it,NVIDIA GeForce RTX 5060 Ti,42,2WikiMultiHopQA,5,16,14,multi-hop,53.0166,0.0,48.6989,0,1,0,103,359,359,67570761728,67570761728,7.372,0.024
google/gemma-3-1b-it,NVIDIA GeForce RTX 5060 Ti,42,2WikiMultiHopQA,5,16,15,structural,67.3162,73.0655,53.874,0,0,0,78,334,334,58487472128,58487472128,7.372,0.024
google/gemma-3-1b-it,NVIDIA GeForce RTX 5060 Ti,42,2WikiMultiHopQA,5,16,16,structural,87.3648,79.6116,72.3794,0,0,0,87,343,343,61681958912,61681958912,7.372,0.024
google/gemma-3-1b-it,NVIDIA GeForce RTX 5060 Ti,42,2WikiMultiHopQA,5,16,17,semantic,87.757,0.0,0.0,0,1,1,112,368,368,71001178112,71001178112,7.372,0.024
google/gemma-3-1b-it,NVIDIA GeForce RTX 5060 Ti,42,2WikiMultiHopQA,5,16,18,semantic,85.6839,0.0,0.0,0,1,1,8,62,264,2015363072,36540776448,7.372,0.024
google/gemma-3-1b-it,NVIDIA GeForce RTX 5060 Ti,42,2WikiMultiHopQA,5,16,19,multi-hop,80.8521,85.6623,92.3232,0,0,0,2,13,13,88604672,88604672,7.372,0.024
google/gemma-3-1b-it,NVIDIA GeForce RTX 5060 Ti,42,2WikiMultiHopQA,5,16,20,multi-hop,89.4011,0.0,0.0,0,1,1,105,361,361,68325736448,68325736448,7.372,0.024
google/gemma-3-1b-it,NVIDIA GeForce RTX 5060 Ti,42,2WikiMultiHopQA,5,16,21,multi-hop,73.6281,0.0,67.5955,0,1,0,14,270,270,38220595200,38220595200,7.372,0.024
google/gemma-3-1b-it,NVIDIA GeForce RTX 5060 Ti,42,2WikiMultiHopQA,5,16,22,structural,44.3283,73.0536,0.0,0,0,1,12,130,268,8860467200,37656461312,7.372,0.024
google/gemma-3-1b-it,NVIDIA GeForce RTX 5060 Ti,42,2WikiMultiHopQA,5,16,23,semantic,67.7719,0.0,0.0,0,1,1,27,283,283,41989701632,41989701632,7.372,0.024
google/gemma-3-1b-it,NVIDIA GeForce RTX 5060 Ti,42,2WikiMultiHopQA,5,16,24,semantic,100.9013,0.0,0.0,0,1,1,139,395,395,81802035200,81802035200,7.372,0.024
google/gemma-3-1b-it,NVIDIA GeForce RTX 5060 Ti,42,2WikiMultiHopQA,5,16,25,multi-hop,72.379,0.0,0.0,0,1,1,100,356,356,66446163968,66446163968,7.372,0.024
google/gemma-3-1b-it,NVIDIA GeForce RTX 5060 Ti,42,2WikiMultiHopQA,5,16,26,multi-hop,53.097,0.0,0.0,0,1,1,105,361,361,68325736448,68325736448,7.372,0.024
google/gemma-3-1b-it,NVIDIA GeForce RTX 5060 Ti,42,2WikiMultiHopQA,5,16,27,multi-hop,100.8895,74.8717,0.0,0,0,1,28,284,284,42286972928,42286972928,7.372,0.024
google/gemma-3-1b-it,NVIDIA GeForce RTX 5060 Ti,42,2WikiMultiHopQA,5,16,28,semantic,57.5585,0.0,0.0,0,1,1,41,297,297,46246920192,46246920192,7.372,0.024
google/gemma-3-1b-it,NVIDIA GeForce RTX 5060 Ti,42,2WikiMultiHopQA,5,16,29,structural,78.1166,70.342,54.243,0,0,0,4,13,13,88604672,88604672,7.372,0.024
google/gemma-3-1b-it,NVIDIA GeForce RTX 5060 Ti,42,2WikiMultiHopQA,5,16,30,multi-hop,55.9896,0.0,0.0,0,1,1,102,358,358,67194847232,67194847232,7.372,0.024
google/gemma-3-1b-it,NVIDIA GeForce RTX 5060 Ti,42,2WikiMultiHopQA,5,16,31,multi-hop,41.6433,0.0,0.0,0,1,1,149,405,405,85996339200,85996339200,7.372,0.024
google/gemma-3-1b-it,NVIDIA GeForce RTX 5060 Ti,42,2WikiMultiHopQA,5,16,32,semantic,84.179,0.0,0.0,0,1,1,116,372,372,72553070592,72553070592,7.372,0.024
google/gemma-3-1b-it,NVIDIA GeForce RTX 5060 Ti,42,2WikiMultiHopQA,5,16,33,structural,95.9582,72.2591,94.2595,0,0,0,49,305,305,48771891200,48771891200,7.372,0.024
google/gemma-3-1b-it,NVIDIA GeForce RTX 5060 Ti,42,2WikiMultiHopQA,5,16,34,structural,95.0653,99.5502,78.8167,0,0,0,29,285,285,42585292800,42585292800,7.372,0.024
google/gemma-3-1b-it,NVIDIA GeForce RTX 5060 Ti,42,2WikiMultiHopQA,5,16,35,semantic,0.0,0.0,0.0,1,1,1,102,358,358,67194847232,67194847232,7.372,0.024
google/gemma-3-1b-it,NVIDIA GeForce RTX 5060 Ti,42,2WikiMultiHopQA,5,16,36,structural,75.6701,65.6201,81.2322,0,0,0,51,307,307,49413619712,49413619712,7.372,0.024
google/gemma-3-1b-it,NVIDIA GeForce RTX 5060 Ti,42,2WikiMultiHopQA,5,16,37,multi-hop,0.0,0.0,0.0,1,1,1,57,313,313,51363971072,51363971072,7.372,0.024
google/gemma-3-1b-it,NVIDIA GeForce RTX 5060 Ti,42,2WikiMultiHopQA,5,16,38,multi-hop,96.1404,0.0,0.0,0,1,1,76,332,332,57789120512,57789120512,7.372,0.024
google/gemma-3-1b-it,NVIDIA GeForce RTX 5060 Ti,42,2WikiMultiHopQA,5,16,39,multi-hop,51.2146,42.9763,49.8646,0,0,0,102,358,358,67194847232,67194847232,7.372,0.024
google/gemma-3-1b-it,NVIDIA GeForce RTX 5060 Ti,42,2WikiMultiHopQA,5,16,40,semantic,62.2845,0.0,0.0,0,1,1,108,364,364,69466062848,69466062848,7.372,0.024
google/gemma-3-1b-it,NVIDIA GeForce RTX 5060 Ti,42,2WikiMultiHopQA,5,16,41,multi-hop,45.2871,0.0,0.0,0,1,1,109,365,365,69848268800,69848268800,7.372,0.024
google/gemma-3-1b-it,NVIDIA GeForce RTX 5060 Ti,42,2WikiMultiHopQA,5,16,42,semantic,59.7312,0.0,0.0,0,1,1,105,361,361,68325736448,68325736448,7.372,0.024
google/gemma-3-1b-it,NVIDIA GeForce RTX 5060 Ti,42,2WikiMultiHopQA,5,16,43,semantic,78.6104,0.0,0.0,0,1,1,129,385,385,77712588800,77712588800,7.372,0.024
google/gemma-3-1b-it,NVIDIA GeForce RTX 5060 Ti,42,2WikiMultiHopQA,5,16,44,multi-hop,58.3456,31.6378,0.0,0,0,1,36,292,292,44702892032,44702892032,7.372,0.024
google/gemma-3-1b-it,NVIDIA GeForce RTX 5060 Ti,42,2WikiMultiHopQA,5,16,45,structural,29.7282,47.9626,0.0,0,0,1,12,268,268,37656461312,37656461312,7.372,0.024
google/gemma-3-1b-it,NVIDIA GeForce RTX 5060 Ti,42,2WikiMultiHopQA,5,16,46,structural,86.1622,27.8581,73.2227,0,0,0,78,334,334,58487472128,58487472128,7.372,0.024
google/gemma-3-1b-it,NVIDIA GeForce RTX 5060 Ti,42,2WikiMultiHopQA,5,16,47,semantic,70.7217,0.0,30.0258,0,1,0,33,289,289,43789058048,43789058048,7.372,0.024
google/gemma-3-1b-it,NVIDIA GeForce RTX 5060 Ti,42,2WikiMultiHopQA,5,16,48,multi-hop,76.6394,0.0,0.0,0,1,1,76,332,332,57789120512,57789120512,7.372,0.024
google/gemma-3-1b-it,NVIDIA GeForce RTX 5060 Ti,42,2WikiMultiHopQA,5,16,49,structural,83.4322,68.3756,63.9879,0,0,0,65,219,321,25145376768,54023159808,7.372,0.024
google/gemma-3-1b-it,NVIDIA GeForce RTX 5060 Ti,42,2WikiMultiHopQA,5,16,50,multi-hop,68.8664,0.0,75.454,0,1,0,98,354,354,65701675008,65701675008,7.372,0.024
google/gemma-3-1b-it,NVIDIA GeForce RTX 5060 Ti,42,2WikiMultiHopQA,5,16,51,structural,72.8343,34.6871,41.2103,0,0,0,2,12,176,75497472,16240345088,7.372,0.024
google/gemma-3-1b-it,NVIDIA GeForce RTX 5060 Ti,42,2WikiMultiHopQA,5,16,52,semantic,83.2938,0.0,0.0,0,1,1,113,369,369,71387578368,71387578368,7.372,0.024
google/gemma-3-1b-it,NVIDIA GeForce RTX 5060 Ti,42,2WikiMultiHopQA,5,16,53,structural,67.3659,84.1213,66.3387,0,0,0,114,370,370,71775027200,71775027200,7.372,0.024
google/gemma-3-1b-it,NVIDIA GeForce RTX 5060 Ti,42,2WikiMultiHopQA,5,16,54,structural,96.1598,0.0,0.0,0,1,1,103,359,359,67570761728,67570761728,7.372,0.024
google/gemma-3-1b-it,NVIDIA GeForce RTX 5060 Ti,42,2WikiMultiHopQA,5,16,55,semantic,57.0774,0.0,0.0,0,1,1,58,314,314,51692699648,51692699648,7.372,0.024
google/gemma-3-1b-it,NVIDIA GeForce RTX 5060 Ti,42,2WikiMultiHopQA,5,16,56,multi-hop,76.4986,0.0,82.8394,0,1,0,206,462,462,111906127872,111906127872,7.372,0.024
google/gemma-3-1b-it,NVIDIA GeForce RTX 5060 Ti,42,2WikiMultiHopQA,5,16,57,structural,95.8074,82.3352,104.6895,0,0,0,78,334,334,58487472128,58487472128,7.372,0.024
google/gemma-3-1b-it,NVIDIA GeForce RTX 5060 Ti,42,2WikiMultiHopQA,5,16,58,multi-hop,66.943,0.0,69.228,0,1,0,127,383,383,76907282432,76907282432,7.372,0.024
google/gemma-3-1b-it,NVIDIA GeForce RTX 5060 Ti,42,2WikiMultiHopQA,5,16,59,semantic,83.7491,0.0,0.0,0,1,1,97,353,353,65331003392,65331003392,7.372,0.024
google/gemma-3-1b-it,NVIDIA GeForce RTX 5060 Ti,42,2WikiMultiHopQA,5,16,60,semantic,68.2657,0.0,0.0,0,1,1,8,264,264,36540776448,36540776448,7.372,0.024
google/gemma-3-1b-it,NVIDIA GeForce RTX 5060 Ti,42,2WikiMultiHopQA,5,16,61,structural,60.1584,87.1382,84.9368,0,0,0,122,378,378,74912366592,74912366592,7.372,0.024
google/gemma-3-1b-it,NVIDIA GeForce RTX 5060 Ti,42,2WikiMultiHopQA,5,16,62,semantic,79.3276,0.0,48.9217,0,1,0,84,340,340,60607692800,60607692800,7.372,0.024
google/gemma-3-1b-it,NVIDIA GeForce RTX 5060 Ti,42,2WikiMultiHopQA,5,16,63,multi-hop,74.1396,97.7416,96.1527,0,0,0,7,218,65,24916262912,2215116800,7.372,0.024
google/gemma-3-1b-it,NVIDIA GeForce RTX 5060 Ti,42,2WikiMultiHopQA,5,16,64,multi-hop,92.9471,0.0,0.0,0,1,1,112,368,368,71001178112,71001178112,7.372,0.024
google/gemma-3-1b-it,NVIDIA GeForce RTX 5060 Ti,42,2WikiMultiHopQA,5,16,65,multi-hop,30.1141,80.3773,0.0,0,0,1,114,370,370,71775027200,71775027200,7.372,0.024
google/gemma-3-1b-it,NVIDIA GeForce RTX 5060 Ti,42,2WikiMultiHopQA,5,16,66,multi-hop,59.357,0.0,0.0,0,1,1,106,362,362,68704796672,68704796672,7.372,0.024
google/gemma-3-1b-it,NVIDIA GeForce RTX 5060 Ti,42,2WikiMultiHopQA,5,16,67,semantic,61.9038,0.0,0.0,0,1,1,101,357,357,66819981312,66819981312,7.372,0.024
google/gemma-3-1b-it,NVIDIA GeForce RTX 5060 Ti,42,2WikiMultiHopQA,5,16,68,structural,86.761,68.1112,63.2371,0,0,0,101,357,357,66819981312,66819981312,7.372,0.024
google/gemma-3-1b-it,NVIDIA GeForce RTX 5060 Ti,42,2WikiMultiHopQA,5,16,69,multi-hop,92.8069,0.0,49.4572,0,1,0,142,398,398,83049316352,83049316352,7.372,0.024
google/gemma-3-1b-it,NVIDIA GeForce RTX 5060 Ti,42,2WikiMultiHopQA,5,16,70,structural,30.4153,53.752,0.0,0,0,1,17,273,273,39074660352,39074660352,7.372,0.024
google/gemma-3-1b-it,NVIDIA GeForce RTX 5060 Ti,42,2WikiMultiHopQA,5,16,71,multi-hop,47.2479,34.9531,0.0,0,0,1,34,290,290,44092620800,44092620800,7.372,0.024
google/gemma-3-1b-it,NVIDIA GeForce RTX 5060 Ti,42,2WikiMultiHopQA,5,16,72,semantic,31.5916,0.0,0.0,0,1,1,2,13,13,88604672,88604672,7.372,0.024
google/gemma-3-1b-it,NVIDIA GeForce RTX 5060 Ti,42,2WikiMultiHopQA,5,16,73,multi-hop,29.4794,0.0,0.0,0,1,1,113,369,369,71387578368,71387578368,7.372,0.024
google/gemma-3-1b-it,NVIDIA GeForce RTX 5060 Ti,42,2WikiMultiHopQA,5,16,74,multi-hop,34.6852,69.7792,0.0,0,0,1,117,373,373,72943665152,72943665152,7.372,0.024
google/gemma-3-1b-it,NVIDIA GeForce RTX 5060 Ti,42,2WikiMultiHopQA,5,16,75,structural,37.3786,0.0,80.2446,0,1,0,114,370,370,71775027200,71775027200,7.372,0.024
google/gemma-3-1b-it,NVIDIA GeForce RTX 5060 Ti,42,2WikiMultiHopQA,5,16,76,multi-hop,45.5158,0.0,0.0,0,1,1,59,315,315,52022476800,52022476800,7.372,0.024
google/gemma-3-1b-it,NVIDIA GeForce RTX 5060 Ti,42,2WikiMultiHopQA,5,16,77,semantic,66.7896,0.0,29.3938,0,1,0,20,34,33,606076928,570949632,7.372,0.024
google/gemma-3-1b-it,NVIDIA GeForce RTX 5060 Ti,42,2WikiMultiHopQA,5,16,78,semantic,68.0394,0.0,59.6069,0,1,0,40,168,296,14797504512,45936017408,7.372,0.024
google/gemma-3-1b-it,NVIDIA GeForce RTX 5060 Ti,42,2WikiMultiHopQA,5,16,79,semantic,41.9137,0.0,40.1948,0,1,0,85,341,341,60964732928,60964732928,7.372,0.024
google/gemma-3-1b-it,NVIDIA GeForce RTX 5060 Ti,42,2WikiMultiHopQA,5,16,80,structural,59.9758,44.5528,58.2193,0,0,0,96,352,352,64961380352,64961380352,7.372,0.024
google/gemma-3-1b-it,NVIDIA GeForce RTX 5060 Ti,42,2WikiMultiHopQA,5,16,81,multi-hop,55.1952,0.0,0.0,0,1,1,127,383,383,76907282432,76907282432,7.372,0.024
google/gemma-3-1b-it,NVIDIA GeForce RTX 5060 Ti,42,2WikiMultiHopQA,5,16,82,multi-hop,30.2212,47.1824,33.3753,0,0,0,25,281,281,41398304768,41398304768,7.372,0.024
google/gemma-3-1b-it,NVIDIA GeForce RTX 5060 Ti,42,2WikiMultiHopQA,5,16,83,structural,27.8952,30.9029,35.1239,0,0,0,114,370,370,71775027200,71775027200,7.372,0.024
google/gemma-3-1b-it,NVIDIA GeForce RTX 5060 Ti,42,2WikiMultiHopQA,5,16,84,semantic,51.1855,0.0,0.0,0,1,1,50,306,306,49092231168,49092231168,7.372,0.024
google/gemma-3-1b-it,NVIDIA GeForce RTX 5060 Ti,42,2WikiMultiHopQA,5,16,85,semantic,44.3206,0.0,0.0,0,1,1,87,343,343,61681958912,61681958912,7.372,0.024
google/gemma-3-1b-it,NVIDIA GeForce RTX 5060 Ti,42,2WikiMultiHopQA,5,16,86,multi-hop,53.1923,0.0,0.0,0,1,1,103,359,359,67570761728,67570761728,7.372,0.024
google/gemma-3-1b-it,NVIDIA GeForce RTX 5060 Ti,42,2WikiMultiHopQA,5,16,87,multi-hop,34.3777,0.0,37.9207,0,1,0,24,280,280,41104179200,41104179200,7.372,0.024
google/gemma-3-1b-it,NVIDIA GeForce RTX 5060 Ti,42,2WikiMultiHopQA,5,16,88,multi-hop,77.3957,42.8586,29.9412,0,0,0,95,351,351,64592805888,64592805888,7.372,0.024
google/gemma-3-1b-it,NVIDIA GeForce RTX 5060 Ti,42,2WikiMultiHopQA,5,16,89,multi-hop,61.2707,0.0,0.0,0,1,1,63,319,319,53352071168,53352071168,7.372,0.024
google/gemma-3-1b-it,NVIDIA GeForce RTX 5060 Ti,42,2WikiMultiHopQA,5,16,90,semantic,37.171,0.0,0.0,0,1,1,102,358,358,67194847232,67194847232,7.372,0.024
google/gemma-3-1b-it,NVIDIA GeForce RTX 5060 Ti,42,2WikiMultiHopQA,5,16,91,multi-hop,63.6011,34.6356,42.4869,0,0,0,110,366,366,70231523328,70231523328,7.372,0.024
google/gemma-3-1b-it,NVIDIA GeForce RTX 5060 Ti,42,2WikiMultiHopQA,5,16,92,semantic,37.3667,0.0,55.1423,0,1,0,125,381,381,76106170368,76106170368,7.372,0.024
google/gemma-3-1b-it,NVIDIA GeForce RTX 5060 Ti,42,2WikiMultiHopQA,5,16,93,semantic,0.0,0.0,0.0,1,1,1,87,343,343,61681958912,61681958912,7.372,0.024
google/gemma-3-1b-it,NVIDIA GeForce RTX 5060 Ti,42,2WikiMultiHopQA,5,16,94,semantic,34.199,0.0,0.0,0,1,1,2,15,13,117964800,88604672,7.372,0.024
google/gemma-3-1b-it,NVIDIA GeForce RTX 5060 Ti,42,2WikiMultiHopQA,5,16,95,semantic,55.6607,0.0,0.0,0,1,1,101,357,357,66819981312,66819981312,7.372,0.024
google/gemma-3-1b-it,NVIDIA GeForce RTX 5060 Ti,42,2WikiMultiHopQA,5,16,96,multi-hop,61.8499,0.0,0.0,0,1,1,112,368,368,71001178112,71001178112,7.372,0.024
google/gemma-3-1b-it,NVIDIA GeForce RTX 5060 Ti,42,2WikiMultiHopQA,5,16,97,structural,36.4077,0.0,52.5937,0,1,0,100,356,356,66446163968,66446163968,7.372,0.024
google/gemma-3-1b-it,NVIDIA GeForce RTX 5060 Ti,42,2WikiMultiHopQA,5,16,98,multi-hop,65.1978,0.0,0.0,0,1,1,55,311,311,50709659648,50709659648,7.372,0.024
google/gemma-3-1b-it,NVIDIA GeForce RTX 5060 Ti,42,2WikiMultiHopQA,5,16,99,semantic,77.7743,0.0,47.3236,0,1,0,24,280,280,41104179200,41104179200,7.372,0.024
google/gemma-3-1b-it,NVIDIA GeForce RTX 5060 Ti,42,2WikiMultiHopQA,5,16,100,semantic,47.19,0.0,0.0,0,1,1,109,365,365,69848268800,69848268800,7.372,0.024
google/gemma-3-1b-it,NVIDIA GeForce RTX 5060 Ti,42,2WikiMultiHopQA,5,16,101,multi-hop,36.6111,0.0,35.302,0,1,0,61,317,317,52685176832,52685176832,7.372,0.024
google/gemma-3-1b-it,NVIDIA GeForce RTX 5060 Ti,42,2WikiMultiHopQA,5,16,102,multi-hop,0.0,0.0,0.0,1,1,1,105,361,361,68325736448,68325736448,7.372,0.024
google/gemma-3-1b-it,NVIDIA GeForce RTX 5060 Ti,42,2WikiMultiHopQA,5,16,103,semantic,29.5966,0.0,0.0,0,1,1,115,371,371,72163524608,72163524608,7.372,0.024
google/gemma-3-1b-it,NVIDIA GeForce RTX 5060 Ti,42,2WikiMultiHopQA,5,16,104,multi-hop,34.5548,0.0,41.383,0,1,0,66,322,322,54360276992,54360276992,7.372,0.024
google/gemma-3-1b-it,NVIDIA GeForce RTX 5060 Ti,42,2WikiMultiHopQA,5,16,105,semantic,47.1179,0.0,0.0,0,1,1,119,375,375,73728000000,73728000000,7.372,0.024
google/gemma-3-1b-it,NVIDIA GeForce RTX 5060 Ti,42,2WikiMultiHopQA,5,16,106,semantic,34.1335,0.0,0.0,0,1,1,128,384,384,77309411328,77309411328,7.372,0.024
google/gemma-3-1b-it,NVIDIA GeForce RTX 5060 Ti,42,2WikiMultiHopQA,5,16,107,structural,42.4584,0.0,40.878,0,1,0,27,283,283,41989701632,41989701632,7.372,0.024
google/gemma-3-1b-it,NVIDIA GeForce RTX 5060 Ti,42,2WikiMultiHopQA,5,16,108,structural,33.5999,39.6717,32.0553,0,0,0,16,272,272,38788923392,38788923392,7.372,0.024
google/gemma-3-1b-it,NVIDIA GeForce RTX 5060 Ti,42,2WikiMultiHopQA,5,16,109,multi-hop,63.326,44.4389,51.1699,0,0,0,35,280,291,41104179200,44397232128,7.372,0.024
google/gemma-3-1b-it,NVIDIA GeForce RTX 5060 Ti,42,2WikiMultiHopQA,5,16,110,multi-hop,34.8648,61.436,0.0,0,0,1,109,365,365,69848268800,69848268800,7.372,0.024
google/gemma-3-1b-it,NVIDIA GeForce RTX 5060 Ti,42,2WikiMultiHopQA,5,16,111,multi-hop,32.9158,59.3692,39.2391,0,0,0,28,284,284,42286972928,42286972928,7.372,0.024
google/gemma-3-1b-it,NVIDIA GeForce RTX 5060 Ti,42,2WikiMultiHopQA,5,16,112,semantic,49.0421,0.0,40.9516,0,1,0,28,284,284,42286972928,42286972928,7.372,0.024
google/gemma-3-1b-it,NVIDIA GeForce RTX 5060 Ti,42,2WikiMultiHopQA,5,16,113,multi-hop,37.7407,0.0,0.0,0,1,1,93,349,349,63858802688,63858802688,7.372,0.024
google/gemma-3-1b-it,NVIDIA GeForce RTX 5060 Ti,42,2WikiMultiHopQA,5,16,114,multi-hop,33.6209,0.0,0.0,0,1,1,48,304,304,48452599808,48452599808,7.372,0.024
google/gemma-3-1b-it,NVIDIA GeForce RTX 5060 Ti,42,2WikiMultiHopQA,5,16,115,multi-hop,42.0954,39.5199,60.4708,0,0,0,78,334,334,58487472128,58487472128,7.372,0.024
google/gemma-3-1b-it,NVIDIA GeForce RTX 5060 Ti,42,2WikiMultiHopQA,5,16,116,semantic,0.0,0.0,0.0,1,1,1,101,357,357,66819981312,66819981312,7.372,0.024
google/gemma-3-1b-it,NVIDIA GeForce RTX 5060 Ti,42,2WikiMultiHopQA,5,16,117,multi-hop,43.6626,0.0,0.0,0,1,1,114,370,370,71775027200,71775027200,7.372,0.024
google/gemma-3-1b-it,NVIDIA GeForce RTX 5060 Ti,42,2WikiMultiHopQA,5,16,118,multi-hop,57.4235,0.0,0.0,0,1,1,25,281,281,41398304768,41398304768,7.372,0.024
google/gemma-3-1b-it,NVIDIA GeForce RTX 5060 Ti,42,2WikiMultiHopQA,5,16,119,multi-hop,34.9381,65.0506,53.4595,0,0,0,86,342,342,61322821632,61322821632,7.372,0.024
google/gemma-3-1b-it,NVIDIA GeForce RTX 5060 Ti,42,2WikiMultiHopQA,5,16,120,structural,57.0455,41.0813,41.4961,0,0,0,64,320,320,53687091200,53687091200,7.372,0.024
google/gemma-3-1b-it,NVIDIA GeForce RTX 5060 Ti,42,2WikiMultiHopQA,5,16,121,multi-hop,36.7018,0.0,0.0,0,1,1,114,370,370,71775027200,71775027200,7.372,0.024
google/gemma-3-1b-it,NVIDIA GeForce RTX 5060 Ti,42,2WikiMultiHopQA,5,16,122,semantic,54.0368,0.0,73.4532,0,1,0,74,330,330,57094963200,57094963200,7.372,0.024
google/gemma-3-1b-it,NVIDIA GeForce RTX 5060 Ti,42,2WikiMultiHopQA,5,16,123,semantic,40.911,0.0,0.0,0,1,1,93,349,349,63858802688,63858802688,7.372,0.024
google/gemma-3-1b-it,NVIDIA GeForce RTX 5060 Ti,42,2WikiMultiHopQA,5,16,124,multi-hop,38.9358,56.134,45.1059,0,0,0,2,11,12,63438848,75497472,7.372,0.024
google/gemma-3-1b-it,NVIDIA GeForce RTX 5060 Ti,42,2WikiMultiHopQA,5,16,125,semantic,46.8347,0.0,35.2491,0,1,0,110,366,366,70231523328,70231523328,7.372,0.024
google/gemma-3-1b-it,NVIDIA GeForce RTX 5060 Ti,42,2WikiMultiHopQA,5,16,126,semantic,45.9,0.0,0.0,0,1,1,83,339,339,60251701248,60251701248,7.372,0.024
google/gemma-3-1b-it,NVIDIA GeForce RTX 5060 Ti,42,2WikiMultiHopQA,5,16,127,multi-hop,35.4088,34.557,0.0,0,0,1,101,357,357,66819981312,66819981312,7.372,0.024
google/gemma-3-1b-it,NVIDIA GeForce RTX 5060 Ti,42,2WikiMultiHopQA,5,16,128,multi-hop,38.1447,0.0,0.0,0,1,1,118,374,374,73335308288,73335308288,7.372,0.024
google/gemma-3-1b-it,NVIDIA GeForce RTX 5060 Ti,42,2WikiMultiHopQA,5,16,129,structural,37.631,51.2988,35.8515,0,0,0,109,365,365,69848268800,69848268800,7.372,0.024
google/gemma-3-1b-it,NVIDIA GeForce RTX 5060 Ti,42,2WikiMultiHopQA,5,16,130,semantic,43.3874,0.0,0.0,0,1,1,119,375,375,73728000000,73728000000,7.372,0.024
google/gemma-3-1b-it,NVIDIA GeForce RTX 5060 Ti,42,2WikiMultiHopQA,5,16,131,semantic,36.4664,0.0,0.0,0,1,1,19,275,275,39649280000,39649280000,7.372,0.024
google/gemma-3-1b-it,NVIDIA GeForce RTX 5060 Ti,42,2WikiMultiHopQA,5,16,132,semantic,49.9236,0.0,0.0,0,1,1,67,323,323,54698442752,54698442752,7.372,0.024
google/gemma-3-1b-it,NVIDIA GeForce RTX 5060 Ti,42,2WikiMultiHopQA,5,16,133,multi-hop,36.3515,0.0,0.0,0,1,1,101,357,357,66819981312,66819981312,7.372,0.024
google/gemma-3-1b-it,NVIDIA GeForce RTX 5060 Ti,42,2WikiMultiHopQA,5,16,134,structural,30.0773,42.959,31.9832,0,0,0,113,369,369,71387578368,71387578368,7.372,0.024
google/gemma-3-1b-it,NVIDIA GeForce RTX 5060 Ti,42,2WikiMultiHopQA,5,16,135,multi-hop,34.8299,0.0,46.5163,0,1,0,83,339,339,60251701248,60251701248,7.372,0.024
google/gemma-3-1b-it,NVIDIA GeForce RTX 5060 Ti,42,2WikiMultiHopQA,5,16,136,semantic,51.0968,0.0,66.331,0,1,0,121,377,377,74516529152,74516529152,7.372,0.024
google/gemma-3-1b-it,NVIDIA GeForce RTX 5060 Ti,42,2WikiMultiHopQA,5,16,137,semantic,31.0763,0.0,0.0,0,1,1,99,355,355,66073395200,66073395200,7.372,0.024
google/gemma-3-1b-it,NVIDIA GeForce RTX 5060 Ti,42,2WikiMultiHopQA,5,16,138,semantic,40.3547,0.0,37.2969,0,1,0,109,361,365,68325736448,69848268800,7.372,0.024
google/gemma-3-1b-it,NVIDIA GeForce RTX 5060 Ti,42,2WikiMultiHopQA,5,16,139,multi-hop,53.1915,0.0,0.0,0,1,1,109,365,365,69848268800,69848268800,7.372,0.024
google/gemma-3-1b-it,NVIDIA GeForce RTX 5060 Ti,42,2WikiMultiHopQA,5,16,140,structural,24.9428,36.1231,56.738,0,0,0,95,351,351,64592805888,64592805888,7.372,0.024
google/gemma-3-1b-it,NVIDIA GeForce RTX 5060 Ti,42,2WikiMultiHopQA,5,16,141,semantic,40.7528,0.0,0.0,0,1,1,29,285,285,42585292800,42585292800,7.372,0.024
google/gemma-3-1b-it,NVIDIA GeForce RTX 5060 Ti,42,2WikiMultiHopQA,5,16,142,multi-hop,48.1697,0.0,0.0,0,1,1,93,349,349,63858802688,63858802688,7.372,0.024
google/gemma-3-1b-it,NVIDIA GeForce RTX 5060 Ti,42,2WikiMultiHopQA,5,16,143,semantic,60.8078,0.0,36.2108,0,1,0,73,329,329,56749457408,56749457408,7.372,0.024
google/gemma-3-1b-it,NVIDIA GeForce RTX 5060 Ti,42,2WikiMultiHopQA,5,16,144,multi-hop,0.0,70.4766,79.4014,1,0,0,118,374,374,73335308288,73335308288,7.372,0.024
google/gemma-3-1b-it,NVIDIA GeForce RTX 5060 Ti,42,2WikiMultiHopQA,5,16,145,multi-hop,57.0081,0.0,0.0,0,1,1,27,283,283,41989701632,41989701632,7.372,0.024
google/gemma-3-1b-it,NVIDIA GeForce RTX 5060 Ti,42,2WikiMultiHopQA,5,16,146,multi-hop,65.1749,0.0,0.0,0,1,1,114,370,370,71775027200,71775027200,7.372,0.024
google/gemma-3-1b-it,NVIDIA GeForce RTX 5060 Ti,42,2WikiMultiHopQA,5,16,147,multi-hop,67.2943,0.0,0.0,0,1,1,128,384,384,77309411328,77309411328,7.372,0.024
google/gemma-3-1b-it,NVIDIA GeForce RTX 5060 Ti,42,2WikiMultiHopQA,5,16,148,multi-hop,39.0228,0.0,0.0,0,1,1,80,336,336,59190018048,59190018048,7.372,0.024
google/gemma-3-1b-it,NVIDIA GeForce RTX 5060 Ti,42,2WikiMultiHopQA,5,16,149,multi-hop,51.6124,35.0814,64.3822,0,0,0,101,357,357,66819981312,66819981312,7.372,0.024
google/gemma-3-1b-it,NVIDIA GeForce RTX 5060 Ti,42,2WikiMultiHopQA,5,16,150,semantic,38.6348,0.0,0.0,0,1,1,83,339,339,60251701248,60251701248,7.372,0.024
google/gemma-3-1b-it,NVIDIA GeForce RTX 5060 Ti,42,2WikiMultiHopQA,5,16,151,structural,29.4711,48.9016,46.7541,0,0,0,24,280,280,41104179200,41104179200,7.372,0.024
google/gemma-3-1b-it,NVIDIA GeForce RTX 5060 Ti,42,2WikiMultiHopQA,5,16,152,structural,34.5011,0.0,0.0,0,1,1,67,323,323,54698442752,54698442752,7.372,0.024
google/gemma-3-1b-it,NVIDIA GeForce RTX 5060 Ti,42,2WikiMultiHopQA,5,16,153,structural,30.2227,29.379,42.1591,0,0,0,85,341,341,60964732928,60964732928,7.372,0.024
google/gemma-3-1b-it,NVIDIA GeForce RTX 5060 Ti,42,2WikiMultiHopQA,5,16,154,multi-hop,0.0,34.3847,72.5724,1,0,0,24,280,280,41104179200,41104179200,7.372,0.024
google/gemma-3-1b-it,NVIDIA GeForce RTX 5060 Ti,42,2WikiMultiHopQA,5,16,155,multi-hop,28.5676,0.0,0.0,0,1,1,4,13,17,88604672,151519232,7.372,0.024
google/gemma-3-1b-it,NVIDIA GeForce RTX 5060 Ti,42,2WikiMultiHopQA,5,16,156,structural,47.8373,72.6039,0.0,0,0,1,102,358,358,67194847232,67194847232,7.372,0.024
google/gemma-3-1b-it,NVIDIA GeForce RTX 5060 Ti,42,2WikiMultiHopQA,5,16,157,multi-hop,57.432,0.0,0.0,0,1,1,105,361,361,68325736448,68325736448,7.372,0.024
google/gemma-3-1b-it,NVIDIA GeForce RTX 5060 Ti,42,2WikiMultiHopQA,5,16,158,multi-hop,77.7018,0.0,60.5678,0,1,0,107,363,363,69084905472,69084905472,7.372,0.024
google/gemma-3-1b-it,NVIDIA GeForce RTX 5060 Ti,42,2WikiMultiHopQA,5,16,159,structural,62.1444,62.0859,66.3908,0,0,0,115,371,371,72163524608,72163524608,7.372,0.024
google/gemma-3-1b-it,NVIDIA GeForce RTX 5060 Ti,42,2WikiMultiHopQA,5,16,160,semantic,42.2898,0.0,0.0,0,1,1,64,320,320,53687091200,53687091200,7.372,0.024
google/gemma-3-1b-it,NVIDIA GeForce RTX 5060 Ti,42,2WikiMultiHopQA,5,16,161,multi-hop,56.2522,0.0,0.0,0,1,1,63,319,319,53352071168,53352071168,7.372,0.024
google/gemma-3-1b-it,NVIDIA GeForce RTX 5060 Ti,42,2WikiMultiHopQA,5,16,162,multi-hop,33.8216,0.0,0.0,0,1,1,95,351,351,64592805888,64592805888,7.372,0.024
google/gemma-3-1b-it,NVIDIA GeForce RTX 5060 Ti,42,2WikiMultiHopQA,5,16,163,multi-hop,26.5041,45.5324,36.1414,0,0,0,105,361,361,68325736448,68325736448,7.372,0.024
google/gemma-3-1b-it,NVIDIA GeForce RTX 5060 Ti,42,2WikiMultiHopQA,5,16,164,semantic,35.4652,0.0,36.1823,0,1,0,93,349,349,63858802688,63858802688,7.372,0.024
google/gemma-3-1b-it,NVIDIA GeForce RTX 5060 Ti,42,2WikiMultiHopQA,5,16,165,multi-hop,44.7128,0.0,0.0,0,1,1,87,343,343,61681958912,61681958912,7.372,0.024
google/gemma-3-1b-it,NVIDIA GeForce RTX 5060 Ti,42,2WikiMultiHopQA,5,16,166,multi-hop,50.2347,0.0,0.0,0,1,1,108,364,364,69466062848,69466062848,7.372,0.024
google/gemma-3-1b-it,NVIDIA GeForce RTX 5060 Ti,42,2WikiMultiHopQA,5,16,167,multi-hop,82.8278,0.0,0.0,0,1,1,91,347,347,63128993792,63128993792,7.372,0.024
google/gemma-3-1b-it,NVIDIA GeForce RTX 5060 Ti,42,2WikiMultiHopQA,5,16,168,semantic,81.2486,0.0,0.0,0,1,1,106,362,362,68704796672,68704796672,7.372,0.024
google/gemma-3-1b-it,NVIDIA GeForce RTX 5060 Ti,42,2WikiMultiHopQA,5,16,169,multi-hop,42.5207,0.0,0.0,0,1,1,80,336,336,59190018048,59190018048,7.372,0.024
google/gemma-3-1b-it,NVIDIA GeForce RTX 5060 Ti,42,2WikiMultiHopQA,5,16,170,multi-hop,42.2858,30.7308,72.6974,0,0,0,2,42,15,924844032,117964800,7.372,0.024
google/gemma-3-1b-it,NVIDIA GeForce RTX 5060 Ti,42,2WikiMultiHopQA,5,16,171,multi-hop,48.8218,0.0,0.0,0,1,1,149,405,405,85996339200,85996339200,7.372,0.024
google/gemma-3-1b-it,NVIDIA GeForce RTX 5060 Ti,42,2WikiMultiHopQA,5,16,172,structural,62.8541,0.0,62.6784,0,1,0,95,351,351,64592805888,64592805888,7.372,0.024
google/gemma-3-1b-it,NVIDIA GeForce RTX 5060 Ti,42,2WikiMultiHopQA,5,16,173,multi-hop,65.1564,0.0,0.0,0,1,1,109,365,365,69848268800,69848268800,7.372,0.024
google/gemma-3-1b-it,NVIDIA GeForce RTX 5060 Ti,42,2WikiMultiHopQA,5,16,174,semantic,0.0,0.0,0.0,1,1,1,100,356,356,66446163968,66446163968,7.372,0.024
google/gemma-3-1b-it,NVIDIA GeForce RTX 5060 Ti,42,2WikiMultiHopQA,5,16,175,multi-hop,70.808,56.0757,42.2615,0,0,0,106,362,362,68704796672,68704796672,7.372,0.024
google/gemma-3-1b-it,NVIDIA GeForce RTX 5060 Ti,42,2WikiMultiHopQA,5,16,176,multi-hop,46.2082,0.0,0.0,0,1,1,76,332,332,57789120512,57789120512,7.372,0.024
google/gemma-3-1b-it,NVIDIA GeForce RTX 5060 Ti,42,2WikiMultiHopQA,5,16,177,multi-hop,58.6628,0.0,59.9845,0,1,0,139,395,395,81802035200,81802035200,7.372,0.024
google/gemma-3-1b-it,NVIDIA GeForce RTX 5060 Ti,42,2WikiMultiHopQA,5,16,178,structural,30.6847,33.4976,28.0676,0,0,0,117,373,373,72943665152,72943665152,7.372,0.024
google/gemma-3-1b-it,NVIDIA GeForce RTX 5060 Ti,42,2WikiMultiHopQA,5,16,179,structural,38.1441,0.0,0.0,0,1,1,113,369,369,71387578368,71387578368,7.372,0.024
google/gemma-3-1b-it,NVIDIA GeForce RTX 5060 Ti,42,2WikiMultiHopQA,5,16,180,semantic,40.0505,0.0,31.04,0,1,0,3,237,259,29448732672,35169763328,7.372,0.024
google/gemma-3-1b-it,NVIDIA GeForce RTX 5060 Ti,42,2WikiMultiHopQA,5,16,181,structural,0.0,0.0,0.0,1,1,1,76,332,332,57789120512,57789120512,7.372,0.024
google/gemma-3-1b-it,NVIDIA GeForce RTX 5060 Ti,42,2WikiMultiHopQA,5,16,182,multi-hop,34.2528,0.0,0.0,0,1,1,6,245,239,31470387200,29947854848,7.372,0.024
google/gemma-3-1b-it,NVIDIA GeForce RTX 5060 Ti,42,2WikiMultiHopQA,5,16,183,multi-hop,29.1863,0.0,0.0,0,1,1,58,314,314,51692699648,51692699648,7.372,0.024
google/gemma-3-1b-it,NVIDIA GeForce RTX 5060 Ti,42,2WikiMultiHopQA,5,16,184,structural,36.8931,79.5206,38.01,0,0,0,86,342,342,61322821632,61322821632,7.372,0.024
google/gemma-3-1b-it,NVIDIA GeForce RTX 5060 Ti,42,2WikiMultiHopQA,5,16,185,multi-hop,68.1903,0.0,0.0,0,1,1,12,34,53,606076928,1472724992,7.372,0.024
google/gemma-3-1b-it,NVIDIA GeForce RTX 5060 Ti,42,2WikiMultiHopQA,5,16,186,semantic,33.4168,0.0,0.0,0,1,1,85,341,341,60964732928,60964732928,7.372,0.024
google/gemma-3-1b-it,NVIDIA GeForce RTX 5060 Ti,42,2WikiMultiHopQA,5,16,187,multi-hop,37.2498,0.0,75.5937,0,1,0,113,369,369,71387578368,71387578368,7.372,0.024
google/gemma-3-1b-it,NVIDIA GeForce RTX 5060 Ti,42,2WikiMultiHopQA,5,16,188,multi-hop,68.9193,0.0,41.3549,0,1,0,16,272,272,38788923392,38788923392,7.372,0.024
google/gemma-3-1b-it,NVIDIA GeForce RTX 5060 Ti,42,2WikiMultiHopQA,5,16,189,structural,80.4377,0.0,0.0,0,1,1,194,450,450,106168320000,106168320000,7.372,0.024
google/gemma-3-1b-it,NVIDIA GeForce RTX 5060 Ti,42,2WikiMultiHopQA,5,16,190,structural,35.3703,64.0548,43.3812,0,0,0,106,362,362,68704796672,68704796672,7.372,0.024
google/gemma-3-1b-it,NVIDIA GeForce RTX 5060 Ti,42,2WikiMultiHopQA,5,16,191,structural,0.0,39.4848,0.0,1,0,1,2,12,176,75497472,16240345088,7.372,0.024
google/gemma-3-1b-it,NVIDIA GeForce RTX 5060 Ti,42,2WikiMultiHopQA,5,16,192,multi-hop,39.1914,0.0,53.7753,0,1,0,64,320,320,53687091200,53687091200,7.372,0.024
google/gemma-3-1b-it,NVIDIA GeForce RTX 5060 Ti,42,2WikiMultiHopQA,5,16,193,semantic,52.0537,0.0,0.0,0,1,1,139,395,395,81802035200,81802035200,7.372,0.024
google/gemma-3-1b-it,NVIDIA GeForce RTX 5060 Ti,42,2WikiMultiHopQA,5,16,194,multi-hop,57.6638,38.4762,29.6615,0,0,0,2,15,13,117964800,88604672,7.372,0.024
google/gemma-3-1b-it,NVIDIA GeForce RTX 5060 Ti,42,2WikiMultiHopQA,5,16,195,multi-hop,30.5348,44.3529,26.7729,0,0,0,111,367,367,70615826432,70615826432,7.372,0.024
google/gemma-3-1b-it,NVIDIA GeForce RTX 5060 Ti,42,2WikiMultiHopQA,5,16,196,multi-hop,61.5312,0.0,0.0,0,1,1,114,370,370,71775027200,71775027200,7.372,0.024
google/gemma-3-1b-it,NVIDIA GeForce RTX 5060 Ti,42,2WikiMultiHopQA,5,16,197,semantic,47.8575,0.0,0.0,0,1,1,35,291,291,44397232128,44397232128,7.372,0.024
google/gemma-3-1b-it,NVIDIA GeForce RTX 5060 Ti,42,2WikiMultiHopQA,5,16,198,semantic,0.0,0.0,0.0,1,1,1,139,395,395,81802035200,81802035200,7.372,0.024
google/gemma-3-1b-it,NVIDIA GeForce RTX 5060 Ti,42,2WikiMultiHopQA,5,16,199,semantic,43.3176,0.0,0.0,0,1,1,90,346,346,62765662208,62765662208,7.372,0.024
google/gemma-3-1b-it,NVIDIA GeForce RTX 5060 Ti,42,2WikiMultiHopQA,5,16,200,multi-hop,0.0,49.7473,44.5646,1,0,0,93,349,349,63858802688,63858802688,7.372,0.024
google/gemma-3-1b-it,NVIDIA GeForce RTX 5060 Ti,42,2WikiMultiHopQA,5,16,201,multi-hop,81.4796,0.0,0.0,0,1,1,109,365,365,69848268800,69848268800,7.372,0.024
google/gemma-3-1b-it,NVIDIA GeForce RTX 5060 Ti,42,2WikiMultiHopQA,5,16,202,semantic,47.7872,0.0,78.1247,0,1,0,68,324,324,55037657088,55037657088,7.372,0.024
google/gemma-3-1b-it,NVIDIA GeForce RTX 5060 Ti,42,2WikiMultiHopQA,5,16,203,semantic,49.6451,0.0,57.9185,0,1,0,121,377,377,74516529152,74516529152,7.372,0.024
google/gemma-3-1b-it,NVIDIA GeForce RTX 5060 Ti,42,2WikiMultiHopQA,5,16,204,multi-hop,42.6165,42.616,74.8161,0,0,0,93,349,349,63858802688,63858802688,7.372,0.024
google/gemma-3-1b-it,NVIDIA GeForce RTX 5060 Ti,42,2WikiMultiHopQA,5,16,205,multi-hop,40.3487,65.0149,44.7743,0,0,0,67,323,323,54698442752,54698442752,7.372,0.024
google/gemma-3-1b-it,NVIDIA GeForce RTX 5060 Ti,42,2WikiMultiHopQA,5,16,206,multi-hop,37.4589,0.0,49.4013,0,1,0,113,369,369,71387578368,71387578368,7.372,0.024
google/gemma-3-1b-it,NVIDIA GeForce RTX 5060 Ti,42,2WikiMultiHopQA,5,16,207,multi-hop,52.7725,0.0,0.0,0,1,1,2,14,28,102760448,411041792,7.372,0.024
google/gemma-3-1b-it,NVIDIA GeForce RTX 5060 Ti,42,2WikiMultiHopQA,5,16,208,semantic,57.0575,0.0,66.1111,0,1,0,114,370,370,71775027200,71775027200,7.372,0.024
google/gemma-3-1b-it,NVIDIA GeForce RTX 5060 Ti,42,2WikiMultiHopQA,5,16,209,semantic,0.0,0.0,0.0,1,1,1,78,334,334,58487472128,58487472128,7.372,0.024
google/gemma-3-1b-it,NVIDIA GeForce RTX 5060 Ti,42,2WikiMultiHopQA,5,16,210,multi-hop,45.3804,0.0,56.2537,0,1,0,101,357,357,66819981312,66819981312,7.372,0.024
google/gemma-3-1b-it,NVIDIA GeForce RTX 5060 Ti,42,2WikiMultiHopQA,5,16,211,multi-hop,80.3159,40.8071,51.2384,0,0,0,85,341,341,60964732928,60964732928,7.372,0.024
google/gemma-3-1b-it,NVIDIA GeForce RTX 5060 Ti,42,2WikiMultiHopQA,5,16,212,semantic,47.6042,0.0,0.0,0,1,1,95,351,351,64592805888,64592805888,7.372,0.024
google/gemma-3-1b-it,NVIDIA GeForce RTX 5060 Ti,42,2WikiMultiHopQA,5,16,213,structural,41.1985,36.0243,75.7752,0,0,0,63,319,319,53352071168,53352071168,7.372,0.024
google/gemma-3-1b-it,NVIDIA GeForce RTX 5060 Ti,42,2WikiMultiHopQA,5,16,214,multi-hop,32.9159,0.0,0.0,0,1,1,16,55,172,1585971200,15510536192,7.372,0.024
google/gemma-3-1b-it,NVIDIA GeForce RTX 5060 Ti,42,2WikiMultiHopQA,5,16,215,multi-hop,37.8311,56.5076,31.404,0,0,0,35,280,291,41104179200,44397232128,7.372,0.024
google/gemma-3-1b-it,NVIDIA GeForce RTX 5060 Ti,42,2WikiMultiHopQA,5,16,216,multi-hop,32.2894,0.0,0.0,0,1,1,23,279,279,40811102208,40811102208,7.372,0.024
google/gemma-3-1b-it,NVIDIA GeForce RTX 5060 Ti,42,2WikiMultiHopQA,5,16,217,semantic,42.7093,0.0,0.0,0,1,1,70,326,326,55719231488,55719231488,7.372,0.024
google/gemma-3-1b-it,NVIDIA GeForce RTX 5060 Ti,42,2WikiMultiHopQA,5,16,218,semantic,38.6401,0.0,30.4503,0,1,0,133,389,389,79335784448,79335784448,7.372,0.024
google/gemma-3-1b-it,NVIDIA GeForce RTX 5060 Ti,42,2WikiMultiHopQA,5,16,219,structural,43.3239,67.7609,0.0,0,0,1,52,308,308,49736056832,49736056832,7.372,0.024
google/gemma-3-1b-it,NVIDIA GeForce RTX 5060 Ti,42,2WikiMultiHopQA,5,16,220,multi-hop,40.4982,0.0,0.0,0,1,1,17,273,273,39074660352,39074660352,7.372,0.024
google/gemma-3-1b-it,NVIDIA GeForce RTX 5060 Ti,42,2WikiMultiHopQA,5,16,221,semantic,55.7422,0.0,0.0,0,1,1,101,357,357,66819981312,66819981312,7.372,0.024
google/gemma-3-1b-it,NVIDIA GeForce RTX 5060 Ti,42,2WikiMultiHopQA,5,16,222,structural,34.9299,52.9636,37.6914,0,0,0,100,356,356,66446163968,66446163968,7.372,0.024
google/gemma-3-1b-it,NVIDIA GeForce RTX 5060 Ti,42,2WikiMultiHopQA,5,16,223,multi-hop,37.3887,0.0,0.0,0,1,1,48,304,304,48452599808,48452599808,7.372,0.024
google/gemma-3-1b-it,NVIDIA GeForce RTX 5060 Ti,42,2WikiMultiHopQA,5,16,224,multi-hop,38.6529,83.5009,0.0,0,0,1,114,370,370,71775027200,71775027200,7.372,0.024
google/gemma-3-1b-it,NVIDIA GeForce RTX 5060 Ti,42,2WikiMultiHopQA,5,16,225,structural,62.9225,0.0,0.0,0,1,1,85,341,341,60964732928,60964732928,7.372,0.024
google/gemma-3-1b-it,NVIDIA GeForce RTX 5060 Ti,42,2WikiMultiHopQA,5,16,226,semantic,43.8534,0.0,52.8246,0,1,0,120,376,376,74121740288,74121740288,7.372,0.024
google/gemma-3-1b-it,NVIDIA GeForce RTX 5060 Ti,42,2WikiMultiHopQA,5,16,227,semantic,0.0,0.0,0.0,1,1,1,83,339,339,60251701248,60251701248,7.372,0.024
google/gemma-3-1b-it,NVIDIA GeForce RTX 5060 Ti,42,2WikiMultiHopQA,5,16,228,structural,47.2379,41.0277,87.7644,0,0,0,42,298,298,46558871552,46558871552,7.372,0.024
google/gemma-3-1b-it,NVIDIA GeForce RTX 5060 Ti,42,2WikiMultiHopQA,5,16,229,multi-hop,51.6782,0.0,36.4873,0,1,0,40,168,296,14797504512,45936017408,7.372,0.024
google/gemma-3-1b-it,NVIDIA GeForce RTX 5060 Ti,42,2WikiMultiHopQA,5,16,230,structural,43.9922,29.1345,0.0,0,0,1,77,333,333,58137772032,58137772032,7.372,0.024
google/gemma-3-1b-it,NVIDIA GeForce RTX 5060 Ti,42,2WikiMultiHopQA,5,16,231,semantic,61.1761,0.0,0.0,0,1,1,102,358,358,67194847232,67194847232,7.372,0.024
google/gemma-3-1b-it,NVIDIA GeForce RTX 5060 Ti,42,2WikiMultiHopQA,5,16,232,structural,60.322,35.7087,47.3197,0,0,0,3,12,14,75497472,102760448,7.372,0.024
google/gemma-3-1b-it,NVIDIA GeForce RTX 5060 Ti,42,2WikiMultiHopQA,5,16,233,structural,32.0352,0.0,0.0,0,1,1,95,351,351,64592805888,64592805888,7.372,0.024
google/gemma-3-1b-it,NVIDIA GeForce RTX 5060 Ti,42,2WikiMultiHopQA,5,16,234,semantic,30.9346,0.0,0.0,0,1,1,2,13,13,88604672,88604672,7.372,0.024
google/gemma-3-1b-it,NVIDIA GeForce RTX 5060 Ti,42,2WikiMultiHopQA,5,16,235,multi-hop,0.0,0.0,0.0,1,1,1,83,339,339,60251701248,60251701248,7.372,0.024
google/gemma-3-1b-it,NVIDIA GeForce RTX 5060 Ti,42,2WikiMultiHopQA,5,16,236,multi-hop,49.6922,0.0,0.0,0,1,1,140,396,396,82216747008,82216747008,7.372,0.024
google/gemma-3-1b-it,NVIDIA GeForce RTX 5060 Ti,42,2WikiMultiHopQA,5,16,237,structural,32.5717,0.0,0.0,0,1,1,100,356,356,66446163968,66446163968,7.372,0.024
google/gemma-3-1b-it,NVIDIA GeForce RTX 5060 Ti,42,2WikiMultiHopQA,5,16,238,multi-hop,55.9282,73.2747,31.8178,0,0,0,53,309,309,50059542528,50059542528,7.372,0.024
google/gemma-3-1b-it,NVIDIA GeForce RTX 5060 Ti,42,2WikiMultiHopQA,5,16,239,structural,56.3429,74.9342,54.1235,0,0,0,80,319,336,53352071168,59190018048,7.372,0.024
google/gemma-3-1b-it,NVIDIA GeForce RTX 5060 Ti,42,2WikiMultiHopQA,5,16,240,multi-hop,66.115,0.0,76.5677,0,1,0,20,249,276,32506380288,39938162688,7.372,0.024
google/gemma-3-1b-it,NVIDIA GeForce RTX 5060 Ti,42,2WikiMultiHopQA,5,16,241,multi-hop,61.4033,0.0,0.0,0,1,1,107,363,363,69084905472,69084905472,7.372,0.024
google/gemma-3-1b-it,NVIDIA GeForce RTX 5060 Ti,42,2WikiMultiHopQA,5,16,242,multi-hop,72.467,89.7463,84.607,0,0,0,146,402,402,84727037952,84727037952,7.372,0.024
google/gemma-3-1b-it,NVIDIA GeForce RTX 5060 Ti,42,2WikiMultiHopQA,5,16,243,multi-hop,66.0132,51.7734,0.0,0,0,1,6,262,262,35989225472,35989225472,7.372,0.024
google/gemma-3-1b-it,NVIDIA GeForce RTX 5060 Ti,42,2WikiMultiHopQA,5,16,244,semantic,35.7761,0.0,0.0,0,1,1,78,334,334,58487472128,58487472128,7.372,0.024
google/gemma-3-1b-it,NVIDIA GeForce RTX 5060 Ti,42,2WikiMultiHopQA,5,16,245,multi-hop,50.1103,45.1056,73.6228,0,0,0,155,411,411,88563253248,88563253248,7.372,0.024
google/gemma-3-1b-it,NVIDIA GeForce RTX 5060 Ti,42,2WikiMultiHopQA,5,16,246,structural,58.0317,32.3297,68.585,0,0,0,135,391,391,80153673728,80153673728,7.372,0.024
google/gemma-3-1b-it,NVIDIA GeForce RTX 5060 Ti,42,2WikiMultiHopQA,5,16,247,structural,53.1335,0.0,0.0,0,1,1,13,269,269,37938003968,37938003968,7.372,0.024
google/gemma-3-1b-it,NVIDIA GeForce RTX 5060 Ti,42,2WikiMultiHopQA,5,16,248,semantic,63.0427,0.0,0.0,0,1,1,138,394,394,81388371968,81388371968,7.372,0.024
google/gemma-3-1b-it,NVIDIA GeForce RTX 5060 Ti,42,2WikiMultiHopQA,5,16,249,multi-hop,46.5444,0.0,46.8206,0,1,0,103,359,359,67570761728,67570761728,7.372,0.024
google/gemma-3-1b-it,NVIDIA GeForce RTX 5060 Ti,42,2WikiMultiHopQA,5,16,250,semantic,70.388,0.0,0.0,0,1,1,122,378,378,74912366592,74912366592,7.372,0.024
google/gemma-3-1b-it,NVIDIA GeForce RTX 5060 Ti,42,2WikiMultiHopQA,5,16,251,multi-hop,50.4246,84.9566,29.6662,0,0,0,48,304,304,48452599808,48452599808,7.372,0.024
google/gemma-3-1b-it,NVIDIA GeForce RTX 5060 Ti,42,2WikiMultiHopQA,5,16,252,multi-hop,0.0,0.0,55.8867,1,1,0,35,280,291,41104179200,44397232128,7.372,0.024
google/gemma-3-1b-it,NVIDIA GeForce RTX 5060 Ti,42,2WikiMultiHopQA,5,16,253,multi-hop,47.4415,0.0,0.0,0,1,1,113,369,369,71387578368,71387578368,7.372,0.024
google/gemma-3-1b-it,NVIDIA GeForce RTX 5060 Ti,42,2WikiMultiHopQA,5,16,254,multi-hop,31.7474,85.3345,36.6496,0,0,0,4,260,260,35441868800,35441868800,7.372,0.024
google/gemma-3-1b-it,NVIDIA GeForce RTX 5060 Ti,42,2WikiMultiHopQA,5,16,255,multi-hop,38.0022,64.3867,37.946,0,0,0,122,378,378,74912366592,74912366592,7.372,0.024
google/gemma-3-1b-it,NVIDIA GeForce RTX 5060 Ti,42,2WikiMultiHopQA,5,16,256,multi-hop,63.2937,88.9065,50.3289,0,0,0,46,302,302,47817162752,47817162752,7.372,0.024
google/gemma-3-1b-it,NVIDIA GeForce RTX 5060 Ti,42,2WikiMultiHopQA,5,16,257,semantic,37.9433,0.0,0.0,0,1,1,79,335,335,58838220800,58838220800,7.372,0.024
google/gemma-3-1b-it,NVIDIA GeForce RTX 5060 Ti,42,2WikiMultiHopQA,5,16,258,multi-hop,39.5826,0.0,0.0,0,1,1,48,304,304,48452599808,48452599808,7.372,0.024
google/gemma-3-1b-it,NVIDIA GeForce RTX 5060 Ti,42,2WikiMultiHopQA,5,16,259,multi-hop,73.1473,0.0,0.0,0,1,1,2,12,128,75497472,8589934592,7.372,0.024
google/gemma-3-1b-it,NVIDIA GeForce RTX 5060 Ti,42,2WikiMultiHopQA,5,16,260,structural,43.8489,48.9975,59.0309,0,0,0,12,34,53,606076928,1472724992,7.372,0.024
google/gemma-3-1b-it,NVIDIA GeForce RTX 5060 Ti,42,2WikiMultiHopQA,5,16,261,semantic,32.8624,0.0,35.012,0,1,0,12,130,268,8860467200,37656461312,7.372,0.024
google/gemma-3-1b-it,NVIDIA GeForce RTX 5060 Ti,42,2WikiMultiHopQA,5,16,262,multi-hop,35.3159,73.9717,44.0904,0,0,0,119,375,375,73728000000,73728000000,7.372,0.024
google/gemma-3-1b-it,NVIDIA GeForce RTX 5060 Ti,42,2WikiMultiHopQA,5,16,263,semantic,47.0656,0.0,58.7641,0,1,0,135,391,391,80153673728,80153673728,7.372,0.024
google/gemma-3-1b-it,NVIDIA GeForce RTX 5060 Ti,42,2WikiMultiHopQA,5,16,264,semantic,85.9882,0.0,0.0,0,1,1,96,352,352,64961380352,64961380352,7.372,0.024
google/gemma-3-1b-it,NVIDIA GeForce RTX 5060 Ti,42,2WikiMultiHopQA,5,16,265,semantic,53.6596,0.0,0.0,0,1,1,59,315,315,52022476800,52022476800,7.372,0.024
google/gemma-3-1b-it,NVIDIA GeForce RTX 5060 Ti,42,2WikiMultiHopQA,5,16,266,semantic,0.0,65.5011,77.1132,1,0,0,209,465,465,113364172800,113364172800,7.372,0.024
google/gemma-3-1b-it,NVIDIA GeForce RTX 5060 Ti,42,2WikiMultiHopQA,5,16,267,structural,29.7874,83.7267,0.0,0,0,1,32,288,288,43486543872,43486543872,7.372,0.024
google/gemma-3-1b-it,NVIDIA GeForce RTX 5060 Ti,42,2WikiMultiHopQA,5,16,268,structural,30.665,46.044,25.7434,0,0,0,111,367,367,70615826432,70615826432,7.372,0.024
google/gemma-3-1b-it,NVIDIA GeForce RTX 5060 Ti,42,2WikiMultiHopQA,5,16,269,semantic,41.3611,0.0,52.5857,0,1,0,64,320,320,53687091200,53687091200,7.372,0.024
google/gemma-3-1b-it,NVIDIA GeForce RTX 5060 Ti,42,2WikiMultiHopQA,5,16,270,multi-hop,69.0095,0.0,0.0,0,1,1,119,375,375,73728000000,73728000000,7.372,0.024
google/gemma-3-1b-it,NVIDIA GeForce RTX 5060 Ti,42,2WikiMultiHopQA,5,16,271,multi-hop,58.3777,0.0,78.8467,0,1,0,28,284,284,42286972928,42286972928,7.372,0.024
google/gemma-3-1b-it,NVIDIA GeForce RTX 5060 Ti,42,2WikiMultiHopQA,5,16,272,semantic,40.2708,0.0,63.5207,0,1,0,20,276,276,39938162688,39938162688,7.372,0.024
google/gemma-3-1b-it,NVIDIA GeForce RTX 5060 Ti,42,2WikiMultiHopQA,5,16,273,multi-hop,69.5225,60.0263,60.3732,0,0,0,22,169,129,14974189568,8724676608,7.372,0.024
google/gemma-3-1b-it,NVIDIA GeForce RTX 5060 Ti,42,2WikiMultiHopQA,5,16,274,multi-hop,35.6623,0.0,0.0,0,1,1,112,368,368,71001178112,71001178112,7.372,0.024
google/gemma-3-1b-it,NVIDIA GeForce RTX 5060 Ti,42,2WikiMultiHopQA,5,16,275,multi-hop,51.7202,0.0,60.1361,0,1,0,80,319,336,53352071168,59190018048,7.372,0.024
google/gemma-3-1b-it,NVIDIA GeForce RTX 5060 Ti,42,2WikiMultiHopQA,5,16,276,multi-hop,59.8959,0.0,0.0,0,1,1,36,292,292,44702892032,44702892032,7.372,0.024
google/gemma-3-1b-it,NVIDIA GeForce RTX 5060 Ti,42,2WikiMultiHopQA,5,16,277,structural,50.4028,42.8971,69.0437,0,0,0,25,281,281,41398304768,41398304768,7.372,0.024
google/gemma-3-1b-it,NVIDIA GeForce RTX 5060 Ti,42,2WikiMultiHopQA,5,16,278,multi-hop,50.2874,85.0644,52.3161,0,0,0,81,337,337,59542863872,59542863872,7.372,0.024
google/gemma-3-1b-it,NVIDIA GeForce RTX 5060 Ti,42,2WikiMultiHopQA,5,16,279,structural,32.9294,36.9961,64.5441,0,0,0,145,401,401,84306034688,84306034688,7.372,0.024
google/gemma-3-1b-it,NVIDIA GeForce RTX 5060 Ti,42,2WikiMultiHopQA,5,16,280,multi-hop,86.822,63.552,49.6947,0,0,0,57,313,313,51363971072,51363971072,7.372,0.024
google/gemma-3-1b-it,NVIDIA GeForce RTX 5060 Ti,42,2WikiMultiHopQA,5,16,281,semantic,68.7385,0.0,0.0,0,1,1,105,361,361,68325736448,68325736448,7.372,0.024
google/gemma-3-1b-it,NVIDIA GeForce RTX 5060 Ti,42,2WikiMultiHopQA,5,16,282,semantic,51.0043,0.0,0.0,0,1,1,36,292,292,44702892032,44702892032,7.372,0.024
google/gemma-3-1b-it,NVIDIA GeForce RTX 5060 Ti,42,2WikiMultiHopQA,5,16,283,structural,56.1799,36.4556,39.0436,0,0,0,29,285,285,42585292800,42585292800,7.372,0.024
google/gemma-3-1b-it,NVIDIA GeForce RTX 5060 Ti,42,2WikiMultiHopQA,5,16,284,multi-hop,74.7381,0.0,0.0,0,1,1,118,374,374,73335308288,73335308288,7.372,0.024
google/gemma-3-1b-it,NVIDIA GeForce RTX 5060 Ti,42,2WikiMultiHopQA,5,16,285,structural,40.3766,0.0,0.0,0,1,1,34,290,290,44092620800,44092620800,7.372,0.024
google/gemma-3-1b-it,NVIDIA GeForce RTX 5060 Ti,42,2WikiMultiHopQA,5,16,286,multi-hop,36.6675,0.0,67.0521,0,1,0,100,356,356,66446163968,66446163968,7.372,0.024
google/gemma-3-1b-it,NVIDIA GeForce RTX 5060 Ti,42,2WikiMultiHopQA,5,16,287,structural,50.9655,0.0,0.0,0,1,1,98,354,354,65701675008,65701675008,7.372,0.024
google/gemma-3-1b-it,NVIDIA GeForce RTX 5060 Ti,42,2WikiMultiHopQA,5,16,288,multi-hop,44.739,0.0,0.0,0,1,1,115,371,371,72163524608,72163524608,7.372,0.024
google/gemma-3-1b-it,NVIDIA GeForce RTX 5060 Ti,42,2WikiMultiHopQA,5,16,289,multi-hop,42.2461,0.0,0.0,0,1,1,105,361,361,68325736448,68325736448,7.372,0.024
google/gemma-3-1b-it,NVIDIA GeForce RTX 5060 Ti,42,2WikiMultiHopQA,5,16,290,semantic,80.7554,0.0,0.0,0,1,1,105,361,361,68325736448,68325736448,7.372,0.024
google/gemma-3-1b-it,NVIDIA GeForce RTX 5060 Ti,42,2WikiMultiHopQA,5,16,291,multi-hop,71.8534,43.1514,54.4193,0,0,0,100,356,356,66446163968,66446163968,7.372,0.024
google/gemma-3-1b-it,NVIDIA GeForce RTX 5060 Ti,42,2WikiMultiHopQA,5,16,292,multi-hop,65.5703,0.0,61.9519,0,1,0,20,276,276,39938162688,39938162688,7.372,0.024
google/gemma-3-1b-it,NVIDIA GeForce RTX 5060 Ti,42,2WikiMultiHopQA,5,16,293,multi-hop,35.5851,46.0606,56.7123,0,0,0,24,280,280,41104179200,41104179200,7.372,0.024
google/gemma-3-1b-it,NVIDIA GeForce RTX 5060 Ti,42,2WikiMultiHopQA,5,16,294,multi-hop,67.4521,55.6168,36.2465,0,0,0,51,307,307,49413619712,49413619712,7.372,0.024
google/gemma-3-1b-it,NVIDIA GeForce RTX 5060 Ti,42,2WikiMultiHopQA,5,16,295,semantic,84.1709,0.0,62.6086,0,1,0,146,402,402,84727037952,84727037952,7.372,0.024
google/gemma-3-1b-it,NVIDIA GeForce RTX 5060 Ti,42,2WikiMultiHopQA,5,16,296,multi-hop,81.2883,93.5596,84.8655,0,0,0,124,380,380,75707187200,75707187200,7.372,0.024
google/gemma-3-1b-it,NVIDIA GeForce RTX 5060 Ti,42,2WikiMultiHopQA,5,16,297,multi-hop,79.513,46.8202,0.0,0,0,1,78,334,334,58487472128,58487472128,7.372,0.024
google/gemma-3-1b-it,NVIDIA GeForce RTX 5060 Ti,42,2WikiMultiHopQA,5,16,298,structural,58.7592,45.9671,25.0432,0,0,0,5,30,35,471859200,642252800,7.372,0.024
google/gemma-3-1b-it,NVIDIA GeForce RTX 5060 Ti,42,2WikiMultiHopQA,5,16,299,semantic,27.5975,0.0,0.0,0,1,1,123,379,379,75309252608,75309252608,7.372,0.024
google/gemma-3-1b-it,NVIDIA GeForce RTX 5060 Ti,42,2WikiMultiHopQA,5,16,300,multi-hop,63.3886,0.0,46.1127,0,1,0,121,377,377,74516529152,74516529152,7.372,0.024
google/gemma-3-1b-it,NVIDIA GeForce RTX 5060 Ti,42,2WikiMultiHopQA,5,16,301,multi-hop,84.3141,0.0,0.0,0,1,1,103,359,359,67570761728,67570761728,7.372,0.024
google/gemma-3-1b-it,NVIDIA GeForce RTX 5060 Ti,42,2WikiMultiHopQA,5,16,302,structural,60.9021,34.116,0.0,0,0,1,118,374,374,73335308288,73335308288,7.372,0.024
google/gemma-3-1b-it,NVIDIA GeForce RTX 5060 Ti,42,2WikiMultiHopQA,5,16,303,semantic,0.0,0.0,0.0,1,1,1,110,366,366,70231523328,70231523328,7.372,0.024
google/gemma-3-1b-it,NVIDIA GeForce RTX 5060 Ti,42,2WikiMultiHopQA,5,16,304,multi-hop,85.239,0.0,53.7311,0,1,0,50,306,306,49092231168,49092231168,7.372,0.024
google/gemma-3-1b-it,NVIDIA GeForce RTX 5060 Ti,42,2WikiMultiHopQA,5,16,305,multi-hop,37.9705,0.0,0.0,0,1,1,46,302,302,47817162752,47817162752,7.372,0.024
google/gemma-3-1b-it,NVIDIA GeForce RTX 5060 Ti,42,2WikiMultiHopQA,5,16,306,semantic,30.564,0.0,0.0,0,1,1,119,375,375,73728000000,73728000000,7.372,0.024
google/gemma-3-1b-it,NVIDIA GeForce RTX 5060 Ti,42,2WikiMultiHopQA,5,16,307,semantic,47.8303,0.0,0.0,0,1,1,2,14,28,102760448,411041792,7.372,0.024
google/gemma-3-1b-it,NVIDIA GeForce RTX 5060 Ti,42,2WikiMultiHopQA,5,16,308,multi-hop,50.7758,0.0,0.0,0,1,1,107,363,363,69084905472,69084905472,7.372,0.024
google/gemma-3-1b-it,NVIDIA GeForce RTX 5060 Ti,42,2WikiMultiHopQA,5,16,309,multi-hop,41.1162,0.0,0.0,0,1,1,114,370,370,71775027200,71775027200,7.372,0.024
google/gemma-3-1b-it,NVIDIA GeForce RTX 5060 Ti,42,2WikiMultiHopQA,5,16,310,structural,40.5615,0.0,52.5821,0,1,0,80,319,336,53352071168,59190018048,7.372,0.024
google/gemma-3-1b-it,NVIDIA GeForce RTX 5060 Ti,42,2WikiMultiHopQA,5,16,311,multi-hop,87.3654,32.4931,0.0,0,0,1,122,378,378,74912366592,74912366592,7.372,0.024
google/gemma-3-1b-it,NVIDIA GeForce RTX 5060 Ti,42,2WikiMultiHopQA,5,16,312,multi-hop,36.3095,62.9016,86.3957,0,0,0,90,346,346,62765662208,62765662208,7.372,0.024
google/gemma-3-1b-it,NVIDIA GeForce RTX 5060 Ti,42,2WikiMultiHopQA,5,16,313,structural,82.6922,107.032,35.8252,0,0,0,3,12,14,75497472,102760448,7.372,0.024
google/gemma-3-1b-it,NVIDIA GeForce RTX 5060 Ti,42,2WikiMultiHopQA,5,16,314,structural,46.1922,55.5456,57.7556,0,0,0,16,55,172,1585971200,15510536192,7.372,0.024
google/gemma-3-1b-it,NVIDIA GeForce RTX 5060 Ti,42,2WikiMultiHopQA,5,16,315,multi-hop,95.0445,62.4123,44.4276,0,0,0,155,411,411,88563253248,88563253248,7.372,0.024
google/gemma-3-1b-it,NVIDIA GeForce RTX 5060 Ti,42,2WikiMultiHopQA,5,16,316,semantic,60.5625,0.0,46.3209,0,1,0,74,330,330,57094963200,57094963200,7.372,0.024
google/gemma-3-1b-it,NVIDIA GeForce RTX 5060 Ti,42,2WikiMultiHopQA,5,16,317,multi-hop,55.1009,0.0,0.0,0,1,1,46,302,302,47817162752,47817162752,7.372,0.024
google/gemma-3-1b-it,NVIDIA GeForce RTX 5060 Ti,42,2WikiMultiHopQA,5,16,318,multi-hop,39.7072,0.0,0.0,0,1,1,4,260,260,35441868800,35441868800,7.372,0.024
google/gemma-3-1b-it,NVIDIA GeForce RTX 5060 Ti,42,2WikiMultiHopQA,5,16,319,semantic,94.9654,0.0,0.0,0,1,1,105,361,361,68325736448,68325736448,7.372,0.024
google/gemma-3-1b-it,NVIDIA GeForce RTX 5060 Ti,42,2WikiMultiHopQA,5,16,320,multi-hop,56.4152,0.0,0.0,0,1,1,102,358,358,67194847232,67194847232,7.372,0.024
google/gemma-3-1b-it,NVIDIA GeForce RTX 5060 Ti,42,2WikiMultiHopQA,5,16,321,multi-hop,33.9375,0.0,0.0,0,1,1,99,355,355,66073395200,66073395200,7.372,0.024
google/gemma-3-1b-it,NVIDIA GeForce RTX 5060 Ti,42,2WikiMultiHopQA,5,16,322,multi-hop,88.1328,80.18,0.0,0,0,1,122,378,378,74912366592,74912366592,7.372,0.024
google/gemma-3-1b-it,NVIDIA GeForce RTX 5060 Ti,42,2WikiMultiHopQA,5,16,323,structural,0.0,99.3912,0.0,1,0,1,110,366,366,70231523328,70231523328,7.372,0.024
google/gemma-3-1b-it,NVIDIA GeForce RTX 5060 Ti,42,2WikiMultiHopQA,5,16,324,semantic,89.6723,0.0,79.7993,0,1,0,136,392,392,80564191232,80564191232,7.372,0.024
google/gemma-3-1b-it,NVIDIA GeForce RTX 5060 Ti,42,2WikiMultiHopQA,5,16,325,semantic,34.4823,0.0,0.0,0,1,1,138,394,394,81388371968,81388371968,7.372,0.024
google/gemma-3-1b-it,NVIDIA GeForce RTX 5060 Ti,42,2WikiMultiHopQA,5,16,326,multi-hop,52.2812,70.7601,86.25,0,0,0,139,395,395,81802035200,81802035200,7.372,0.024
google/gemma-3-1b-it,NVIDIA GeForce RTX 5060 Ti,42,2WikiMultiHopQA,5,16,327,structural,107.1353,86.5801,54.1096,0,0,0,93,349,349,63858802688,63858802688,7.372,0.024
google/gemma-3-1b-it,NVIDIA GeForce RTX 5060 Ti,42,2WikiMultiHopQA,5,16,328,multi-hop,60.2539,0.0,102.2973,0,1,0,33,289,289,43789058048,43789058048,7.372,0.024
google/gemma-3-1b-it,NVIDIA GeForce RTX 5060 Ti,42,2WikiMultiHopQA,5,16,329,multi-hop,36.7203,0.0,0.0,0,1,1,114,370,370,71775027200,71775027200,7.372,0.024
google/gemma-3-1b-it,NVIDIA GeForce RTX 5060 Ti,42,2WikiMultiHopQA,5,16,330,structural,33.0526,62.9294,84.5038,0,0,0,2,12,258,75497472,34898706432,7.372,0.024
google/gemma-3-1b-it,NVIDIA GeForce RTX 5060 Ti,42,2WikiMultiHopQA,5,16,331,multi-hop,59.4471,0.0,74.5193,0,1,0,209,465,465,113364172800,113364172800,7.372,0.024
google/gemma-3-1b-it,NVIDIA GeForce RTX 5060 Ti,42,2WikiMultiHopQA,5,16,332,multi-hop,43.4723,85.6549,89.4658,0,0,0,29,285,285,42585292800,42585292800,7.372,0.024
google/gemma-3-1b-it,NVIDIA GeForce RTX 5060 Ti,42,2WikiMultiHopQA,5,16,333,semantic,57.396,0.0,43.1555,0,1,0,80,336,336,59190018048,59190018048,7.372,0.024
google/gemma-3-1b-it,NVIDIA GeForce RTX 5060 Ti,42,2WikiMultiHopQA,5,16,334,semantic,31.2887,0.0,0.0,0,1,1,103,359,359,67570761728,67570761728,7.372,0.024
google/gemma-3-1b-it,NVIDIA GeForce RTX 5060 Ti,42,2WikiMultiHopQA,5,16,335,multi-hop,68.4942,0.0,0.0,0,1,1,22,278,278,40519073792,40519073792,7.372,0.024
google/gemma-3-1b-it,NVIDIA GeForce RTX 5060 Ti,42,2WikiMultiHopQA,5,16,336,multi-hop,80.5462,0.0,0.0,0,1,1,95,351,351,64592805888,64592805888,7.372,0.024
google/gemma-3-1b-it,NVIDIA GeForce RTX 5060 Ti,42,2WikiMultiHopQA,5,16,337,structural,50.1545,88.1275,0.0,0,0,1,38,294,294,45317357568,45317357568,7.372,0.024
google/gemma-3-1b-it,NVIDIA GeForce RTX 5060 Ti,42,2WikiMultiHopQA,5,16,338,multi-hop,38.2155,0.0,0.0,0,1,1,2,13,13,88604672,88604672,7.372,0.024
google/gemma-3-1b-it,NVIDIA GeForce RTX 5060 Ti,42,2WikiMultiHopQA,5,16,339,multi-hop,47.9142,0.0,0.0,0,1,1,91,347,347,63128993792,63128993792,7.372,0.024
google/gemma-3-1b-it,NVIDIA GeForce RTX 5060 Ti,42,2WikiMultiHopQA,5,16,340,semantic,64.3873,0.0,0.0,0,1,1,32,288,288,43486543872,43486543872,7.372,0.024
google/gemma-3-1b-it,NVIDIA GeForce RTX 5060 Ti,42,2WikiMultiHopQA,5,16,341,semantic,56.7705,0.0,0.0,0,1,1,48,304,304,48452599808,48452599808,7.372,0.024
google/gemma-3-1b-it,NVIDIA GeForce RTX 5060 Ti,42,2WikiMultiHopQA,5,16,342,multi-hop,0.0,0.0,0.0,1,1,1,2,13,13,88604672,88604672,7.372,0.024
google/gemma-3-1b-it,NVIDIA GeForce RTX 5060 Ti,42,2WikiMultiHopQA,5,16,343,structural,93.5438,61.5082,32.0318,0,0,0,3,12,14,75497472,102760448,7.372,0.024
google/gemma-3-1b-it,NVIDIA GeForce RTX 5060 Ti,42,2WikiMultiHopQA,5,16,344,multi-hop,56.1853,0.0,0.0,0,1,1,105,361,361,68325736448,68325736448,7.372,0.024
google/gemma-3-1b-it,NVIDIA GeForce RTX 5060 Ti,42,2WikiMultiHopQA,5,16,345,semantic,51.685,0.0,51.3249,0,1,0,121,377,377,74516529152,74516529152,7.372,0.024
google/gemma-3-1b-it,NVIDIA GeForce RTX 5060 Ti,42,2WikiMultiHopQA,5,16,346,semantic,35.2234,0.0,0.0,0,1,1,5,34,30,606076928,471859200,7.372,0.024
google/gemma-3-1b-it,NVIDIA GeForce RTX 5060 Ti,42,2WikiMultiHopQA,5,16,347,structural,71.6923,51.5516,39.7633,0,0,0,72,328,328,56405000192,56405000192,7.372,0.024
google/gemma-3-1b-it,NVIDIA GeForce RTX 5060 Ti,42,2WikiMultiHopQA,5,16,348,structural,105.5602,0.0,0.0,0,1,1,100,356,356,66446163968,66446163968,7.372,0.024
google/gemma-3-1b-it,NVIDIA GeForce RTX 5060 Ti,42,2WikiMultiHopQA,5,16,349,semantic,0.0,29.7309,30.6504,1,0,0,5,34,30,606076928,471859200,7.372,0.024
google/gemma-3-1b-it,NVIDIA GeForce RTX 5060 Ti,42,2WikiMultiHopQA,5,16,350,semantic,43.0946,0.0,57.3396,0,1,0,132,388,388,78928412672,78928412672,7.372,0.024
google/gemma-3-1b-it,NVIDIA GeForce RTX 5060 Ti,42,2WikiMultiHopQA,5,16,351,multi-hop,103.4701,93.8532,78.9721,0,0,0,58,314,314,51692699648,51692699648,7.372,0.024
google/gemma-3-1b-it,NVIDIA GeForce RTX 5060 Ti,42,2WikiMultiHopQA,5,16,352,structural,51.0156,66.2907,55.3818,0,0,0,2,12,176,75497472,16240345088,7.372,0.024
google/gemma-3-1b-it,NVIDIA GeForce RTX 5060 Ti,42,2WikiMultiHopQA,5,16,353,semantic,53.5453,0.0,0.0,0,1,1,101,357,357,66819981312,66819981312,7.372,0.024
google/gemma-3-1b-it,NVIDIA GeForce RTX 5060 Ti,42,2WikiMultiHopQA,5,16,354,semantic,0.0,91.0691,42.5635,1,0,0,122,378,378,74912366592,74912366592,7.372,0.024
google/gemma-3-1b-it,NVIDIA GeForce RTX 5060 Ti,42,2WikiMultiHopQA,5,16,355,semantic,69.3149,59.525,0.0,0,0,1,3,16,18,134217728,169869312,7.372,0.024
google/gemma-3-1b-it,NVIDIA GeForce RTX 5060 Ti,42,2WikiMultiHopQA,5,16,356,multi-hop,53.6965,75.5383,47.2148,0,0,0,95,351,351,64592805888,64592805888,7.372,0.024
google/gemma-3-1b-it,NVIDIA GeForce RTX 5060 Ti,42,2WikiMultiHopQA,5,16,357,structural,64.5885,0.0,0.0,0,1,1,141,397,397,82632507392,82632507392,7.372,0.024
google/gemma-3-1b-it,NVIDIA GeForce RTX 5060 Ti,42,2WikiMultiHopQA,5,16,358,multi-hop,65.1765,35.9484,81.8674,0,0,0,98,354,354,65701675008,65701675008,7.372,0.024
google/gemma-3-1b-it,NVIDIA GeForce RTX 5060 Ti,42,2WikiMultiHopQA,5,16,359,structural,51.631,70.6137,74.7893,0,0,0,3,12,14,75497472,102760448,7.372,0.024
google/gemma-3-1b-it,NVIDIA GeForce RTX 5060 Ti,42,2WikiMultiHopQA,5,16,360,structural,38.9927,80.3696,71.567,0,0,0,59,315,315,52022476800,52022476800,7.372,0.024
google/gemma-3-1b-it,NVIDIA GeForce RTX 5060 Ti,42,2WikiMultiHopQA,5,16,361,semantic,48.5693,0.0,0.0,0,1,1,78,334,334,58487472128,58487472128,7.372,0.024
google/gemma-3-1b-it,NVIDIA GeForce RTX 5060 Ti,42,2WikiMultiHopQA,5,16,362,multi-hop,70.0951,31.1727,73.2404,0,0,0,114,370,370,71775027200,71775027200,7.372,0.024
google/gemma-3-1b-it,NVIDIA GeForce RTX 5060 Ti,42,2WikiMultiHopQA,5,16,363,structural,60.1059,76.5624,56.4688,0,0,0,84,340,340,60607692800,60607692800,7.372,0.024
google/gemma-3-1b-it,NVIDIA GeForce RTX 5060 Ti,42,2WikiMultiHopQA,5,16,364,semantic,61.0373,0.0,78.0977,0,1,0,91,347,347,63128993792,63128993792,7.372,0.024
google/gemma-3-1b-it,NVIDIA GeForce RTX 5060 Ti,42,2WikiMultiHopQA,5,16,365,semantic,41.6967,0.0,0.0,0,1,1,109,365,365,69848268800,69848268800,7.372,0.024
google/gemma-3-1b-it,NVIDIA GeForce RTX 5060 Ti,42,2WikiMultiHopQA,5,16,366,multi-hop,75.3203,0.0,65.1858,0,1,0,110,366,366,70231523328,70231523328,7.372,0.024
google/gemma-3-1b-it,NVIDIA GeForce RTX 5060 Ti,42,2WikiMultiHopQA,5,16,367,semantic,54.6222,0.0,0.0,0,1,1,86,342,342,61322821632,61322821632,7.372,0.024
google/gemma-3-1b-it,NVIDIA GeForce RTX 5060 Ti,42,2WikiMultiHopQA,5,16,368,semantic,82.4208,0.0,51.3069,0,1,0,7,154,263,12434014208,36264476672,7.372,0.024
google/gemma-3-1b-it,NVIDIA GeForce RTX 5060 Ti,42,2WikiMultiHopQA,5,16,369,semantic,79.1789,0.0,0.0,0,1,1,103,359,359,67570761728,67570761728,7.372,0.024
google/gemma-3-1b-it,NVIDIA GeForce RTX 5060 Ti,42,2WikiMultiHopQA,5,16,370,multi-hop,45.592,0.0,0.0,0,1,1,114,370,370,71775027200,71775027200,7.372,0.024
google/gemma-3-1b-it,NVIDIA GeForce RTX 5060 Ti,42,2WikiMultiHopQA,5,16,371,semantic,46.6862,0.0,0.0,0,1,1,8,62,264,2015363072,36540776448,7.372,0.024
google/gemma-3-1b-it,NVIDIA GeForce RTX 5060 Ti,42,2WikiMultiHopQA,5,16,372,multi-hop,38.4864,0.0,47.3163,0,1,0,16,272,272,38788923392,38788923392,7.372,0.024
google/gemma-3-1b-it,NVIDIA GeForce RTX 5060 Ti,42,2WikiMultiHopQA,5,16,373,multi-hop,32.8209,0.0,0.0,0,1,1,41,297,297,46246920192,46246920192,7.372,0.024
google/gemma-3-1b-it,NVIDIA GeForce RTX 5060 Ti,42,2WikiMultiHopQA,5,16,374,structural,86.7912,0.0,0.0,0,1,1,92,348,348,63493373952,63493373952,7.372,0.024
google/gemma-3-1b-it,NVIDIA GeForce RTX 5060 Ti,42,2WikiMultiHopQA,5,16,375,structural,77.9144,78.587,34.2291,0,0,0,95,351,351,64592805888,64592805888,7.372,0.024
google/gemma-3-1b-it,NVIDIA GeForce RTX 5060 Ti,42,2WikiMultiHopQA,5,16,376,multi-hop,79.7402,34.736,0.0,0,0,1,109,365,365,69848268800,69848268800,7.372,0.024
google/gemma-3-1b-it,NVIDIA GeForce RTX 5060 Ti,42,2WikiMultiHopQA,5,16,377,structural,60.0655,0.0,0.0,0,1,1,146,402,402,84727037952,84727037952,7.372,0.024
google/gemma-3-1b-it,NVIDIA GeForce RTX 5060 Ti,42,2WikiMultiHopQA,5,16,378,multi-hop,90.4844,67.499,0.0,0,0,1,5,16,261,134217728,35715022848,7.372,0.024
google/gemma-3-1b-it,NVIDIA GeForce RTX 5060 Ti,42,2WikiMultiHopQA,5,16,379,structural,43.6119,83.6302,87.6373,0,0,0,57,313,313,51363971072,51363971072,7.372,0.024
google/gemma-3-1b-it,NVIDIA GeForce RTX 5060 Ti,42,2WikiMultiHopQA,5,16,380,semantic,81.6942,0.0,87.1371,0,1,0,83,339,339,60251701248,60251701248,7.372,0.024
google/gemma-3-1b-it,NVIDIA GeForce RTX 5060 Ti,42,2WikiMultiHopQA,5,16,381,structural,96.0249,0.0,0.0,0,1,1,100,356,356,66446163968,66446163968,7.372,0.024
google/gemma-3-1b-it,NVIDIA GeForce RTX 5060 Ti,42,2WikiMultiHopQA,5,16,382,semantic,54.1194,0.0,0.0,0,1,1,58,314,314,51692699648,51692699648,7.372,0.024
google/gemma-3-1b-it,NVIDIA GeForce RTX 5060 Ti,42,2WikiMultiHopQA,5,16,383,multi-hop,68.3792,0.0,0.0,0,1,1,24,280,280,41104179200,41104179200,7.372,0.024
google/gemma-3-1b-it,NVIDIA GeForce RTX 5060 Ti,42,2WikiMultiHopQA,5,16,384,structural,84.9187,63.8173,79.6492,0,0,0,139,395,395,81802035200,81802035200,7.372,0.024
google/gemma-3-1b-it,NVIDIA GeForce RTX 5060 Ti,42,2WikiMultiHopQA,5,16,385,multi-hop,66.0129,79.5275,42.8058,0,0,0,26,282,282,41693478912,41693478912,7.372,0.024
google/gemma-3-1b-it,NVIDIA GeForce RTX 5060 Ti,42,2WikiMultiHopQA,5,16,386,semantic,64.2152,0.0,65.8111,0,1,0,109,361,365,68325736448,69848268800,7.372,0.024
google/gemma-3-1b-it,NVIDIA GeForce RTX 5060 Ti,42,2WikiMultiHopQA,5,16,387,semantic,56.1166,0.0,74.2595,0,1,0,113,369,369,71387578368,71387578368,7.372,0.024
google/gemma-3-1b-it,NVIDIA GeForce RTX 5060 Ti,42,2WikiMultiHopQA,5,16,388,multi-hop,48.9609,0.0,96.8792,0,1,0,8,264,264,36540776448,36540776448,7.372,0.024
google/gemma-3-1b-it,NVIDIA GeForce RTX 5060 Ti,42,2WikiMultiHopQA,5,16,389,semantic,130.0615,0.0,0.0,0,1,1,99,355,355,66073395200,66073395200,7.372,0.024
google/gemma-3-1b-it,NVIDIA GeForce RTX 5060 Ti,42,2WikiMultiHopQA,5,16,390,multi-hop,0.0,0.0,0.0,1,1,1,93,349,349,63858802688,63858802688,7.372,0.024
google/gemma-3-1b-it,NVIDIA GeForce RTX 5060 Ti,42,2WikiMultiHopQA,5,16,391,multi-hop,56.9835,0.0,0.0,0,1,1,52,308,308,49736056832,49736056832,7.372,0.024
google/gemma-3-1b-it,NVIDIA GeForce RTX 5060 Ti,42,2WikiMultiHopQA,5,16,392,multi-hop,97.1065,0.0,0.0,0,1,1,134,390,390,79744204800,79744204800,7.372,0.024
google/gemma-3-1b-it,NVIDIA GeForce RTX 5060 Ti,42,2WikiMultiHopQA,5,16,393,semantic,37.205,0.0,0.0,0,1,1,73,329,329,56749457408,56749457408,7.372,0.024
google/gemma-3-1b-it,NVIDIA GeForce RTX 5060 Ti,42,2WikiMultiHopQA,5,16,394,multi-hop,66.5228,35.5753,78.732,0,0,0,74,330,330,57094963200,57094963200,7.372,0.024
google/gemma-3-1b-it,NVIDIA GeForce RTX 5060 Ti,42,2WikiMultiHopQA,5,16,395,multi-hop,84.1938,100.114,0.0,0,0,1,110,366,366,70231523328,70231523328,7.372,0.024
google/gemma-3-1b-it,NVIDIA GeForce RTX 5060 Ti,42,2WikiMultiHopQA,5,16,396,multi-hop,73.0749,94.2521,0.0,0,0,1,109,365,365,69848268800,69848268800,7.372,0.024
google/gemma-3-1b-it,NVIDIA GeForce RTX 5060 Ti,42,2WikiMultiHopQA,5,16,397,structural,88.1717,0.0,0.0,0,1,1,103,359,359,67570761728,67570761728,7.372,0.024
google/gemma-3-1b-it,NVIDIA GeForce RTX 5060 Ti,42,2WikiMultiHopQA,5,16,398,multi-hop,103.6473,87.0687,0.0,0,0,1,109,365,365,69848268800,69848268800,7.372,0.024
google/gemma-3-1b-it,NVIDIA GeForce RTX 5060 Ti,42,2WikiMultiHopQA,5,16,399,multi-hop,0.0,0.0,0.0,1,1,1,86,342,342,61322821632,61322821632,7.372,0.024
google/gemma-3-1b-it,NVIDIA GeForce RTX 5060 Ti,42,2WikiMultiHopQA,5,16,400,multi-hop,77.0654,0.0,94.0009,0,1,0,98,354,354,65701675008,65701675008,7.372,0.024
google/gemma-3-1b-it,NVIDIA GeForce RTX 5060 Ti,42,2WikiMultiHopQA,5,16,401,structural,59.7564,0.0,0.0,0,1,1,27,283,283,41989701632,41989701632,7.372,0.024
google/gemma-3-1b-it,NVIDIA GeForce RTX 5060 Ti,42,2WikiMultiHopQA,5,16,402,semantic,39.5559,0.0,81.0123,0,1,0,96,348,352,63493373952,64961380352,7.372,0.024
google/gemma-3-1b-it,NVIDIA GeForce RTX 5060 Ti,42,2WikiMultiHopQA,5,16,403,multi-hop,93.3087,79.0095,0.0,0,0,1,121,377,377,74516529152,74516529152,7.372,0.024
google/gemma-3-1b-it,NVIDIA GeForce RTX 5060 Ti,42,2WikiMultiHopQA,5,16,404,semantic,99.0663,0.0,0.0,0,1,1,116,372,372,72553070592,72553070592,7.372,0.024
google/gemma-3-1b-it,NVIDIA GeForce RTX 5060 Ti,42,2WikiMultiHopQA,5,16,405,structural,90.2862,61.8155,42.9814,0,0,0,117,373,373,72943665152,72943665152,7.372,0.024
google/gemma-3-1b-it,NVIDIA GeForce RTX 5060 Ti,42,2WikiMultiHopQA,5,16,406,semantic,62.5466,0.0,0.0,0,1,1,105,361,361,68325736448,68325736448,7.372,0.024
google/gemma-3-1b-it,NVIDIA GeForce RTX 5060 Ti,42,2WikiMultiHopQA,5,16,407,multi-hop,64.4931,53.4731,85.4511,0,0,0,139,395,395,81802035200,81802035200,7.372,0.024
google/gemma-3-1b-it,NVIDIA GeForce RTX 5060 Ti,42,2WikiMultiHopQA,5,16,408,multi-hop,68.7552,0.0,0.0,0,1,1,139,395,395,81802035200,81802035200,7.372,0.024
google/gemma-3-1b-it,NVIDIA GeForce RTX 5060 Ti,42,2WikiMultiHopQA,5,16,409,semantic,89.1553,0.0,0.0,0,1,1,142,398,398,83049316352,83049316352,7.372,0.024
google/gemma-3-1b-it,NVIDIA GeForce RTX 5060 Ti,42,2WikiMultiHopQA,5,16,410,multi-hop,80.9038,0.0,0.0,0,1,1,4,260,260,35441868800,35441868800,7.372,0.024
google/gemma-3-1b-it,NVIDIA GeForce RTX 5060 Ti,42,2WikiMultiHopQA,5,16,411,structural,75.3451,0.0,0.0,0,1,1,96,352,352,64961380352,64961380352,7.372,0.024
google/gemma-3-1b-it,NVIDIA GeForce RTX 5060 Ti,42,2WikiMultiHopQA,5,16,412,multi-hop,44.2252,0.0,0.0,0,1,1,100,356,356,66446163968,66446163968,7.372,0.024
google/gemma-3-1b-it,NVIDIA GeForce RTX 5060 Ti,42,2WikiMultiHopQA,5,16,413,multi-hop,72.4536,93.4183,84.6134,0,0,0,107,363,363,69084905472,69084905472,7.372,0.024
google/gemma-3-1b-it,NVIDIA GeForce RTX 5060 Ti,42,2WikiMultiHopQA,5,16,414,multi-hop,94.3641,0.0,0.0,0,1,1,101,357,357,66819981312,66819981312,7.372,0.024
google/gemma-3-1b-it,NVIDIA GeForce RTX 5060 Ti,42,2WikiMultiHopQA,5,16,415,semantic,64.8001,0.0,58.9041,0,1,0,100,356,356,66446163968,66446163968,7.372,0.024
google/gemma-3-1b-it,NVIDIA GeForce RTX 5060 Ti,42,2WikiMultiHopQA,5,16,416,semantic,54.1181,0.0,0.0,0,1,1,57,313,313,51363971072,51363971072,7.372,0.024
google/gemma-3-1b-it,NVIDIA GeForce RTX 5060 Ti,42,2WikiMultiHopQA,5,16,417,semantic,60.0144,0.0,65.6617,0,1,0,114,370,370,71775027200,71775027200,7.372,0.024
google/gemma-3-1b-it,NVIDIA GeForce RTX 5060 Ti,42,2WikiMultiHopQA,5,16,418,multi-hop,89.4633,84.5036,31.7189,0,0,0,114,370,370,71775027200,71775027200,7.372,0.024
google/gemma-3-1b-it,NVIDIA GeForce RTX 5060 Ti,42,2WikiMultiHopQA,5,16,419,multi-hop,35.6095,59.9688,85.54,0,0,0,100,356,356,66446163968,66446163968,7.372,0.024
google/gemma-3-1b-it,NVIDIA GeForce RTX 5060 Ti,42,2WikiMultiHopQA,5,16,420,structural,78.1356,84.5673,61.2789,0,0,0,103,359,359,67570761728,67570761728,7.372,0.024
google/gemma-3-1b-it,NVIDIA GeForce RTX 5060 Ti,42,2WikiMultiHopQA,5,16,421,multi-hop,38.9926,60.8132,59.9638,0,0,0,111,367,367,70615826432,70615826432,7.372,0.024
google/gemma-3-1b-it,NVIDIA GeForce RTX 5060 Ti,42,2WikiMultiHopQA,5,16,422,multi-hop,88.1369,0.0,0.0,0,1,1,115,371,371,72163524608,72163524608,7.372,0.024
google/gemma-3-1b-it,NVIDIA GeForce RTX 5060 Ti,42,2WikiMultiHopQA,5,16,423,semantic,55.1636,0.0,0.0,0,1,1,109,365,365,69848268800,69848268800,7.372,0.024
google/gemma-3-1b-it,NVIDIA GeForce RTX 5060 Ti,42,2WikiMultiHopQA,5,16,424,structural,73.3141,77.8905,73.6773,0,0,0,36,292,292,44702892032,44702892032,7.372,0.024
google/gemma-3-1b-it,NVIDIA GeForce RTX 5060 Ti,42,2WikiMultiHopQA,5,16,425,semantic,75.1334,0.0,0.0,0,1,1,36,292,292,44702892032,44702892032,7.372,0.024
google/gemma-3-1b-it,NVIDIA GeForce RTX 5060 Ti,42,2WikiMultiHopQA,5,16,426,multi-hop,76.3456,57.9479,59.4718,0,0,0,105,361,361,68325736448,68325736448,7.372,0.024
google/gemma-3-1b-it,NVIDIA GeForce RTX 5060 Ti,42,2WikiMultiHopQA,5,16,427,semantic,44.3016,0.0,79.7053,0,1,0,158,414,414,89860866048,89860866048,7.372,0.024
google/gemma-3-1b-it,NVIDIA GeForce RTX 5060 Ti,42,2WikiMultiHopQA,5,16,428,semantic,87.8833,0.0,60.612,0,1,0,34,290,290,44092620800,44092620800,7.372,0.024
google/gemma-3-1b-it,NVIDIA GeForce RTX 5060 Ti,42,2WikiMultiHopQA,5,16,429,multi-hop,65.1965,33.2445,47.4165,0,0,0,64,320,320,53687091200,53687091200,7.372,0.024
google/gemma-3-1b-it,NVIDIA GeForce RTX 5060 Ti,42,2WikiMultiHopQA,5,16,430,semantic,34.9446,0.0,0.0,0,1,1,43,299,299,46871871488,46871871488,7.372,0.024
google/gemma-3-1b-it,NVIDIA GeForce RTX 5060 Ti,42,2WikiMultiHopQA,5,16,431,multi-hop,110.5235,51.2786,80.455,0,0,0,101,357,357,66819981312,66819981312,7.372,0.024
google/gemma-3-1b-it,NVIDIA GeForce RTX 5060 Ti,42,2WikiMultiHopQA,5,16,432,structural,91.2044,36.9727,82.8711,0,0,0,126,382,382,76506202112,76506202112,7.372,0.024
google/gemma-3-1b-it,NVIDIA GeForce RTX 5060 Ti,42,2WikiMultiHopQA,5,16,433,structural,74.9317,115.2213,0.0,0,0,1,122,378,378,74912366592,74912366592,7.372,0.024
google/gemma-3-1b-it,NVIDIA GeForce RTX 5060 Ti,42,2WikiMultiHopQA,5,16,434,multi-hop,36.7498,65.2152,0.0,0,0,1,33,289,289,43789058048,43789058048,7.372,0.024
google/gemma-3-1b-it,NVIDIA GeForce RTX 5060 Ti,42,2WikiMultiHopQA,5,16,435,structural,68.3792,0.0,0.0,0,1,1,31,287,287,43185078272,43185078272,7.372,0.024
google/gemma-3-1b-it,NVIDIA GeForce RTX 5060 Ti,42,2WikiMultiHopQA,5,16,436,multi-hop,72.3118,0.0,0.0,0,1,1,3,259,259,35169763328,35169763328,7.372,0.024
google/gemma-3-1b-it,NVIDIA GeForce RTX 5060 Ti,42,2WikiMultiHopQA,5,16,437,multi-hop,104.9398,0.0,77.4125,0,1,0,57,313,313,51363971072,51363971072,7.372,0.024
google/gemma-3-1b-it,NVIDIA GeForce RTX 5060 Ti,42,2WikiMultiHopQA,5,16,438,multi-hop,101.0024,95.1136,0.0,0,0,1,40,168,296,14797504512,45936017408,7.372,0.024
google/gemma-3-1b-it,NVIDIA GeForce RTX 5060 Ti,42,2WikiMultiHopQA,5,16,439,semantic,80.9946,0.0,0.0,0,1,1,50,306,306,49092231168,49092231168,7.372,0.024
google/gemma-3-1b-it,NVIDIA GeForce RTX 5060 Ti,42,2WikiMultiHopQA,5,16,440,multi-hop,55.1276,76.791,36.003,0,0,0,16,272,272,38788923392,38788923392,7.372,0.024
google/gemma-3-1b-it,NVIDIA GeForce RTX 5060 Ti,42,2WikiMultiHopQA,5,16,441,multi-hop,74.0354,0.0,44.0673,0,1,0,49,305,305,48771891200,48771891200,7.372,0.024
google/gemma-3-1b-it,NVIDIA GeForce RTX 5060 Ti,42,2WikiMultiHopQA,5,16,442,semantic,60.0358,0.0,62.3406,0,1,0,91,347,347,63128993792,63128993792,7.372,0.024
google/gemma-3-1b-it,NVIDIA GeForce RTX 5060 Ti,42,2WikiMultiHopQA,5,16,443,structural,80.2021,62.7513,0.0,0,0,1,17,273,273,39074660352,39074660352,7.372,0.024
google/gemma-3-1b-it,NVIDIA GeForce RTX 5060 Ti,42,2WikiMultiHopQA,5,16,444,multi-hop,99.6854,0.0,0.0,0,1,1,105,361,361,68325736448,68325736448,7.372,0.024
google/gemma-3-1b-it,NVIDIA GeForce RTX 5060 Ti,42,2WikiMultiHopQA,5,16,445,structural,82.4973,87.4252,78.985,0,0,0,93,349,349,63858802688,63858802688,7.372,0.024
google/gemma-3-1b-it,NVIDIA GeForce RTX 5060 Ti,42,2WikiMultiHopQA,5,16,446,structural,133.7979,0.0,0.0,0,1,1,103,359,359,67570761728,67570761728,7.372,0.024
google/gemma-3-1b-it,NVIDIA GeForce RTX 5060 Ti,42,2WikiMultiHopQA,5,16,447,multi-hop,66.5198,0.0,41.5026,0,1,0,53,309,309,50059542528,50059542528,7.372,0.024
google/gemma-3-1b-it,NVIDIA GeForce RTX 5060 Ti,42,2WikiMultiHopQA,5,16,448,multi-hop,56.9905,36.0496,43.946,0,0,0,105,361,361,68325736448,68325736448,7.372,0.024
google/gemma-3-1b-it,NVIDIA GeForce RTX 5060 Ti,42,2WikiMultiHopQA,5,16,449,semantic,77.6082,0.0,0.0,0,1,1,2,13,13,88604672,88604672,7.372,0.024
google/gemma-3-1b-it,NVIDIA GeForce RTX 5060 Ti,42,2WikiMultiHopQA,5,16,450,structural,69.8965,66.9529,95.8613,0,0,0,90,346,346,62765662208,62765662208,7.372,0.024
google/gemma-3-1b-it,NVIDIA GeForce RTX 5060 Ti,42,2WikiMultiHopQA,5,16,451,semantic,59.4174,0.0,76.384,0,1,0,103,359,359,67570761728,67570761728,7.372,0.024
google/gemma-3-1b-it,NVIDIA GeForce RTX 5060 Ti,42,2WikiMultiHopQA,5,16,452,structural,57.2499,46.6094,61.3913,0,0,0,12,34,53,606076928,1472724992,7.372,0.024
google/gemma-3-1b-it,NVIDIA GeForce RTX 5060 Ti,42,2WikiMultiHopQA,5,16,453,multi-hop,35.9223,0.0,0.0,0,1,1,126,382,382,76506202112,76506202112,7.372,0.024
google/gemma-3-1b-it,NVIDIA GeForce RTX 5060 Ti,42,2WikiMultiHopQA,5,16,454,multi-hop,67.9035,75.6136,55.6774,0,0,0,72,328,328,56405000192,56405000192,7.372,0.024
google/gemma-3-1b-it,NVIDIA GeForce RTX 5060 Ti,42,2WikiMultiHopQA,5,16,455,semantic,42.4647,0.0,36.3186,0,1,0,107,363,363,69084905472,69084905472,7.372,0.024
google/gemma-3-1b-it,NVIDIA GeForce RTX 5060 Ti,42,2WikiMultiHopQA,5,16,456,semantic,46.6994,0.0,64.9688,0,1,0,80,319,336,53352071168,59190018048,7.372,0.024
google/gemma-3-1b-it,NVIDIA GeForce RTX 5060 Ti,42,2WikiMultiHopQA,5,16,457,multi-hop,68.083,0.0,0.0,0,1,1,124,380,380,75707187200,75707187200,7.372,0.024
google/gemma-3-1b-it,NVIDIA GeForce RTX 5060 Ti,42,2WikiMultiHopQA,5,16,458,multi-hop,86.7316,0.0,0.0,0,1,1,92,348,348,63493373952,63493373952,7.372,0.024
google/gemma-3-1b-it,NVIDIA GeForce RTX 5060 Ti,42,2WikiMultiHopQA,5,16,459,multi-hop,47.0882,0.0,0.0,0,1,1,95,351,351,64592805888,64592805888,7.372,0.024
google/gemma-3-1b-it,NVIDIA GeForce RTX 5060 Ti,42,2WikiMultiHopQA,5,16,460,structural,38.8117,77.8743,79.215,0,0,0,142,398,398,83049316352,83049316352,7.372,0.024
google/gemma-3-1b-it,NVIDIA GeForce RTX 5060 Ti,42,2WikiMultiHopQA,5,16,461,semantic,76.0575,0.0,0.0,0,1,1,105,361,361,68325736448,68325736448,7.372,0.024
google/gemma-3-1b-it,NVIDIA GeForce RTX 5060 Ti,42,2WikiMultiHopQA,5,16,462,structural,50.3195,59.7133,0.0,0,0,1,73,329,329,56749457408,56749457408,7.372,0.024
google/gemma-3-1b-it,NVIDIA GeForce RTX 5060 Ti,42,2WikiMultiHopQA,5,16,463,semantic,39.0108,0.0,85.6573,0,1,0,14,270,270,38220595200,38220595200,7.372,0.024
google/gemma-3-1b-it,NVIDIA GeForce RTX 5060 Ti,42,2WikiMultiHopQA,5,16,464,multi-hop,53.2945,0.0,0.0,0,1,1,104,360,360,67947724800,67947724800,7.372,0.024
google/gemma-3-1b-it,NVIDIA GeForce RTX 5060 Ti,42,2WikiMultiHopQA,5,16,465,semantic,0.0,0.0,0.0,1,1,1,34,290,290,44092620800,44092620800,7.372,0.024
google/gemma-3-1b-it,NVIDIA GeForce RTX 5060 Ti,42,2WikiMultiHopQA,5,16,466,semantic,46.9899,0.0,0.0,0,1,1,162,418,418,91605696512,91605696512,7.372,0.024
google/gemma-3-1b-it,NVIDIA GeForce RTX 5060 Ti,42,2WikiMultiHopQA,5,16,467,structural,0.0,0.0,0.0,1,1,1,3,237,259,29448732672,35169763328,7.372,0.024
google/gemma-3-1b-it,NVIDIA GeForce RTX 5060 Ti,42,2WikiMultiHopQA,5,16,468,structural,53.9732,81.973,59.1202,0,0,0,85,341,341,60964732928,60964732928,7.372,0.024
google/gemma-3-1b-it,NVIDIA GeForce RTX 5060 Ti,42,2WikiMultiHopQA,5,16,469,multi-hop,99.8554,0.0,77.2904,0,1,0,105,336,176,59190018048,16240345088,7.372,0.024
google/gemma-3-1b-it,NVIDIA GeForce RTX 5060 Ti,42,2WikiMultiHopQA,5,16,470,multi-hop,68.5755,0.0,0.0,0,1,1,113,369,369,71387578368,71387578368,7.372,0.024
google/gemma-3-1b-it,NVIDIA GeForce RTX 5060 Ti,42,2WikiMultiHopQA,5,16,471,structural,85.9114,75.8567,54.8597,0,0,0,110,366,366,70231523328,70231523328,7.372,0.024
google/gemma-3-1b-it,NVIDIA GeForce RTX 5060 Ti,42,2WikiMultiHopQA,5,16,472,multi-hop,59.1371,0.0,0.0,0,1,1,105,361,361,68325736448,68325736448,7.372,0.024
google/gemma-3-1b-it,NVIDIA GeForce RTX 5060 Ti,42,2WikiMultiHopQA,5,16,473,semantic,34.4574,0.0,0.0,0,1,1,119,375,375,73728000000,73728000000,7.372,0.024
google/gemma-3-1b-it,NVIDIA GeForce RTX 5060 Ti,42,2WikiMultiHopQA,5,16,474,multi-hop,0.0,0.0,90.9222,1,1,0,50,306,306,49092231168,49092231168,7.372,0.024
google/gemma-3-1b-it,NVIDIA GeForce RTX 5060 Ti,42,2WikiMultiHopQA,5,16,475,multi-hop,44.6078,0.0,0.0,0,1,1,4,260,260,35441868800,35441868800,7.372,0.024
google/gemma-3-1b-it,NVIDIA GeForce RTX 5060 Ti,42,2WikiMultiHopQA,5,16,476,multi-hop,75.8846,77.594,0.0,0,0,1,117,373,373,72943665152,72943665152,7.372,0.024
google/gemma-3-1b-it,NVIDIA GeForce RTX 5060 Ti,42,2WikiMultiHopQA,5,16,477,multi-hop,72.0603,94.7981,0.0,0,0,1,39,295,295,45626163200,45626163200,7.372,0.024
google/gemma-3-1b-it,NVIDIA GeForce RTX 5060 Ti,42,2WikiMultiHopQA,5,16,478,structural,45.19,57.7274,71.9858,0,0,0,24,280,280,41104179200,41104179200,7.372,0.024
google/gemma-3-1b-it,NVIDIA GeForce RTX 5060 Ti,42,2WikiMultiHopQA,5,16,479,structural,84.5228,63.195,74.4765,0,0,0,151,407,407,86847782912,86847782912,7.372,0.024
google/gemma-3-1b-it,NVIDIA GeForce RTX 5060 Ti,42,2WikiMultiHopQA,5,16,480,semantic,74.4821,0.0,0.0,0,1,1,57,313,313,51363971072,51363971072,7.372,0.024
google/gemma-3-1b-it,NVIDIA GeForce RTX 5060 Ti,42,2WikiMultiHopQA,5,16,481,multi-hop,85.2336,60.4155,79.5277,0,0,0,2,42,15,924844032,117964800,7.372,0.024
google/gemma-3-1b-it,NVIDIA GeForce RTX 5060 Ti,42,2WikiMultiHopQA,5,16,482,structural,79.5041,45.445,0.0,0,0,1,119,375,375,73728000000,73728000000,7.372,0.024
google/gemma-3-1b-it,NVIDIA GeForce RTX 5060 Ti,42,2WikiMultiHopQA,5,16,483,structural,83.6058,59.2736,93.4958,0,0,0,3,16,18,134217728,169869312,7.372,0.024
google/gemma-3-1b-it,NVIDIA GeForce RTX 5060 Ti,42,2WikiMultiHopQA,5,16,484,multi-hop,64.0921,39.2964,58.4269,0,0,0,139,395,395,81802035200,81802035200,7.372,0.024
google/gemma-3-1b-it,NVIDIA GeForce RTX 5060 Ti,42,2WikiMultiHopQA,5,16,485,multi-hop,39.4604,34.4693,50.5098,0,0,0,4,15,15,117964800,117964800,7.372,0.024
google/gemma-3-1b-it,NVIDIA GeForce RTX 5060 Ti,42,2WikiMultiHopQA,5,16,486,multi-hop,46.9538,0.0,42.2086,0,1,0,28,284,284,42286972928,42286972928,7.372,0.024
google/gemma-3-1b-it,NVIDIA GeForce RTX 5060 Ti,42,2WikiMultiHopQA,5,16,487,semantic,0.0,0.0,0.0,1,1,1,3,44,18,1015021568,169869312,7.372,0.024
google/gemma-3-1b-it,NVIDIA GeForce RTX 5060 Ti,42,2WikiMultiHopQA,5,16,488,multi-hop,36.8302,0.0,0.0,0,1,1,85,341,341,60964732928,60964732928,7.372,0.024
google/gemma-3-1b-it,NVIDIA GeForce RTX 5060 Ti,42,2WikiMultiHopQA,5,16,489,multi-hop,34.9678,0.0,0.0,0,1,1,114,370,370,71775027200,71775027200,7.372,0.024
google/gemma-3-1b-it,NVIDIA GeForce RTX 5060 Ti,42,2WikiMultiHopQA,5,16,490,structural,28.6033,52.3452,59.5096,0,0,0,110,366,366,70231523328,70231523328,7.372,0.024
google/gemma-3-1b-it,NVIDIA GeForce RTX 5060 Ti,42,2WikiMultiHopQA,5,16,491,structural,55.1019,0.0,0.0,0,1,1,104,360,360,67947724800,67947724800,7.372,0.024
google/gemma-3-1b-it,NVIDIA GeForce RTX 5060 Ti,42,2WikiMultiHopQA,5,16,492,structural,34.9487,33.9884,39.163,0,0,0,63,319,319,53352071168,53352071168,7.372,0.024
google/gemma-3-1b-it,NVIDIA GeForce RTX 5060 Ti,42,2WikiMultiHopQA,5,16,493,multi-hop,50.563,0.0,0.0,0,1,1,63,319,319,53352071168,53352071168,7.372,0.024
google/gemma-3-1b-it,NVIDIA GeForce RTX 5060 Ti,42,2WikiMultiHopQA,5,16,494,multi-hop,34.9011,32.0089,29.4057,0,0,0,2,13,13,88604672,88604672,7.372,0.024
google/gemma-3-1b-it,NVIDIA GeForce RTX 5060 Ti,42,2WikiMultiHopQA,5,16,495,structural,35.1681,0.0,0.0,0,1,1,112,368,368,71001178112,71001178112,7.372,0.024
google/gemma-3-1b-it,NVIDIA GeForce RTX 5060 Ti,42,2WikiMultiHopQA,5,16,496,structural,43.7059,37.7874,0.0,0,0,1,108,364,364,69466062848,69466062848,7.372,0.024
google/gemma-3-1b-it,NVIDIA GeForce RTX 5060 Ti,42,2WikiMultiHopQA,5,16,497,semantic,42.1422,0.0,38.4605,0,1,0,92,348,348,63493373952,63493373952,7.372,0.024
google/gemma-3-1b-it,NVIDIA GeForce RTX 5060 Ti,42,2WikiMultiHopQA,5,16,498,multi-hop,40.445,0.0,0.0,0,1,1,26,282,282,41693478912,41693478912,7.372,0.024
google/gemma-3-1b-it,NVIDIA GeForce RTX 5060 Ti,42,2WikiMultiHopQA,5,16,499,semantic,51.5169,0.0,41.8594,0,1,0,146,402,402,84727037952,84727037952,7.372,0.024
google/gemma-3-1b-it,NVIDIA GeForce RTX 5060 Ti,42,2WikiMultiHopQA,5,16,500,structural,33.3181,41.1934,36.5783,0,0,0,109,365,365,69848268800,69848268800,7.372,0.024
google/gemma-3-1b-it,NVIDIA GeForce RTX 5060 Ti,42,2WikiMultiHopQA,5,16,501,multi-hop,43.1634,0.0,54.6548,0,1,0,39,295,295,45626163200,45626163200,7.372,0.024
google/gemma-3-1b-it,NVIDIA GeForce RTX 5060 Ti,42,2WikiMultiHopQA,5,16,502,multi-hop,37.3231,58.5883,70.548,0,0,0,110,366,366,70231523328,70231523328,7.372,0.024
google/gemma-3-1b-it,NVIDIA GeForce RTX 5060 Ti,42,2WikiMultiHopQA,5,16,503,structural,47.7262,45.8797,42.821,0,0,0,72,328,328,56405000192,56405000192,7.372,0.024
google/gemma-3-1b-it,NVIDIA GeForce RTX 5060 Ti,42,2WikiMultiHopQA,5,16,504,structural,39.762,0.0,0.0,0,1,1,105,361,361,68325736448,68325736448,7.372,0.024
google/gemma-3-1b-it,NVIDIA GeForce RTX 5060 Ti,42,2WikiMultiHopQA,5,16,505,multi-hop,0.0,44.5401,51.119,1,0,0,46,302,302,47817162752,47817162752,7.372,0.024
google/gemma-3-1b-it,NVIDIA GeForce RTX 5060 Ti,42,2WikiMultiHopQA,5,16,506,multi-hop,51.7159,0.0,36.7012,0,1,0,20,249,276,32506380288,39938162688,7.372,0.024
google/gemma-3-1b-it,NVIDIA GeForce RTX 5060 Ti,42,2WikiMultiHopQA,5,16,507,multi-hop,26.905,52.3658,0.0,0,0,1,17,273,273,39074660352,39074660352,7.372,0.024
google/gemma-3-1b-it,NVIDIA GeForce RTX 5060 Ti,42,2WikiMultiHopQA,5,16,508,structural,54.5329,0.0,0.0,0,1,1,127,383,383,76907282432,76907282432,7.372,0.024
google/gemma-3-1b-it,NVIDIA GeForce RTX 5060 Ti,42,2WikiMultiHopQA,5,16,509,structural,43.7791,54.6633,46.0441,0,0,0,103,359,359,67570761728,67570761728,7.372,0.024
google/gemma-3-1b-it,NVIDIA GeForce RTX 5060 Ti,42,2WikiMultiHopQA,5,16,510,semantic,28.4077,0.0,0.0,0,1,1,4,13,13,88604672,88604672,7.372,0.024
google/gemma-3-1b-it,NVIDIA GeForce RTX 5060 Ti,42,2WikiMultiHopQA,5,16,511,structural,48.6479,0.0,0.0,0,1,1,8,62,264,2015363072,36540776448,7.372,0.024
google/gemma-3-1b-it,NVIDIA GeForce RTX 5060 Ti,42,2WikiMultiHopQA,5,16,512,multi-hop,44.412,39.966,46.1999,0,0,0,161,417,417,91167916032,91167916032,7.372,0.024
google/gemma-3-1b-it,NVIDIA GeForce RTX 5060 Ti,42,2WikiMultiHopQA,5,16,513,multi-hop,49.0454,69.645,39.986,0,0,0,64,320,320,53687091200,53687091200,7.372,0.024
google/gemma-3-1b-it,NVIDIA GeForce RTX 5060 Ti,42,2WikiMultiHopQA,5,16,514,multi-hop,50.6489,46.0197,68.9588,0,0,0,87,343,343,61681958912,61681958912,7.372,0.024
google/gemma-3-1b-it,NVIDIA GeForce RTX 5060 Ti,42,2WikiMultiHopQA,5,16,515,structural,50.1603,32.9461,0.0,0,0,1,110,366,366,70231523328,70231523328,7.372,0.024
google/gemma-3-1b-it,NVIDIA GeForce RTX 5060 Ti,42,2WikiMultiHopQA,5,16,516,multi-hop,34.7155,0.0,0.0,0,1,1,5,249,261,32506380288,35715022848,7.372,0.024
google/gemma-3-1b-it,NVIDIA GeForce RTX 5060 Ti,42,2WikiMultiHopQA,5,16,517,multi-hop,53.1107,0.0,0.0,0,1,1,59,315,315,52022476800,52022476800,7.372,0.024
google/gemma-3-1b-it,NVIDIA GeForce RTX 5060 Ti,42,2WikiMultiHopQA,5,16,518,multi-hop,63.6334,0.0,0.0,0,1,1,24,280,280,41104179200,41104179200,7.372,0.024
google/gemma-3-1b-it,NVIDIA GeForce RTX 5060 Ti,42,2WikiMultiHopQA,5,16,519,structural,32.5595,36.9903,48.6287,0,0,0,114,370,370,71775027200,71775027200,7.372,0.024
google/gemma-3-1b-it,NVIDIA GeForce RTX 5060 Ti,42,2WikiMultiHopQA,5,16,520,semantic,42.2979,0.0,0.0,0,1,1,105,361,361,68325736448,68325736448,7.372,0.024
google/gemma-3-1b-it,NVIDIA GeForce RTX 5060 Ti,42,2WikiMultiHopQA,5,16,521,structural,37.379,45.0659,0.0,0,0,1,29,285,285,42585292800,42585292800,7.372,0.024
google/gemma-3-1b-it,NVIDIA GeForce RTX 5060 Ti,42,2WikiMultiHopQA,5,16,522,multi-hop,44.1643,31.9706,0.0,0,0,1,34,290,290,44092620800,44092620800,7.372,0.024
google/gemma-3-1b-it,NVIDIA GeForce RTX 5060 Ti,42,2WikiMultiHopQA,5,16,523,semantic,32.9122,0.0,53.5846,0,1,0,92,348,348,63493373952,63493373952,7.372,0.024
google/gemma-3-1b-it,NVIDIA GeForce RTX 5060 Ti,42,2WikiMultiHopQA,5,16,524,multi-hop,47.7538,36.0705,40.6886,0,0,0,20,34,33,606076928,570949632,7.372,0.024
google/gemma-3-1b-it,NVIDIA GeForce RTX 5060 Ti,42,2WikiMultiHopQA,5,16,525,semantic,36.62,0.0,34.2006,0,1,0,110,366,366,70231523328,70231523328,7.372,0.024
google/gemma-3-1b-it,NVIDIA GeForce RTX 5060 Ti,42,2WikiMultiHopQA,5,16,526,multi-hop,63.3055,0.0,39.6372,0,1,0,38,294,294,45317357568,45317357568,7.372,0.024
google/gemma-3-1b-it,NVIDIA GeForce RTX 5060 Ti,42,2WikiMultiHopQA,5,16,527,semantic,44.7631,0.0,31.5106,0,1,0,136,392,392,80564191232,80564191232,7.372,0.024
google/gemma-3-1b-it,NVIDIA GeForce RTX 5060 Ti,42,2WikiMultiHopQA,5,16,528,semantic,36.2031,0.0,34.1053,0,1,0,122,378,378,74912366592,74912366592,7.372,0.024
google/gemma-3-1b-it,NVIDIA GeForce RTX 5060 Ti,42,2WikiMultiHopQA,5,16,529,structural,44.0092,30.6956,56.0762,0,0,0,105,361,361,68325736448,68325736448,7.372,0.024
google/gemma-3-1b-it,NVIDIA GeForce RTX 5060 Ti,42,2WikiMultiHopQA,5,16,530,semantic,61.1461,0.0,0.0,0,1,1,35,291,291,44397232128,44397232128,7.372,0.024
google/gemma-3-1b-it,NVIDIA GeForce RTX 5060 Ti,42,2WikiMultiHopQA,5,16,531,structural,43.2255,0.0,0.0,0,1,1,82,338,338,59896758272,59896758272,7.372,0.024
google/gemma-3-1b-it,NVIDIA GeForce RTX 5060 Ti,42,2WikiMultiHopQA,5,16,532,multi-hop,69.0394,0.0,31.1883,0,1,0,91,347,347,63128993792,63128993792,7.372,0.024
google/gemma-3-1b-it,NVIDIA GeForce RTX 5060 Ti,42,2WikiMultiHopQA,5,16,533,semantic,38.3716,0.0,0.0,0,1,1,109,365,365,69848268800,69848268800,7.372,0.024
google/gemma-3-1b-it,NVIDIA GeForce RTX 5060 Ti,42,2WikiMultiHopQA,5,16,534,multi-hop,45.5953,30.837,31.6535,0,0,0,92,348,348,63493373952,63493373952,7.372,0.024
google/gemma-3-1b-it,NVIDIA GeForce RTX 5060 Ti,42,2WikiMultiHopQA,5,16,535,multi-hop,34.2439,0.0,0.0,0,1,1,105,361,361,68325736448,68325736448,7.372,0.024
google/gemma-3-1b-it,NVIDIA GeForce RTX 5060 Ti,42,2WikiMultiHopQA,5,16,536,multi-hop,0.0,32.8938,32.0904,1,0,0,93,349,349,63858802688,63858802688,7.372,0.024
google/gemma-3-1b-it,NVIDIA GeForce RTX 5060 Ti,42,2WikiMultiHopQA,5,16,537,structural,37.4297,0.0,33.1148,0,1,0,53,309,309,50059542528,50059542528,7.372,0.024
google/gemma-3-1b-it,NVIDIA GeForce RTX 5060 Ti,42,2WikiMultiHopQA,5,16,538,multi-hop,37.6296,0.0,0.0,0,1,1,98,354,354,65701675008,65701675008,7.372,0.024
google/gemma-3-1b-it,NVIDIA GeForce RTX 5060 Ti,42,2WikiMultiHopQA,5,16,539,multi-hop,29.5139,0.0,0.0,0,1,1,116,372,372,72553070592,72553070592,7.372,0.024
google/gemma-3-1b-it,NVIDIA GeForce RTX 5060 Ti,42,2WikiMultiHopQA,5,16,540,multi-hop,30.8134,46.0602,55.1761,0,0,0,101,357,357,66819981312,66819981312,7.372,0.024
google/gemma-3-1b-it,NVIDIA GeForce RTX 5060 Ti,42,2WikiMultiHopQA,5,16,541,multi-hop,52.5968,31.7608,36.1459,0,0,0,78,334,334,58487472128,58487472128,7.372,0.024
google/gemma-3-1b-it,NVIDIA GeForce RTX 5060 Ti,42,2WikiMultiHopQA,5,16,542,structural,30.1772,0.0,0.0,0,1,1,112,368,368,71001178112,71001178112,7.372,0.024
google/gemma-3-1b-it,NVIDIA GeForce RTX 5060 Ti,42,2WikiMultiHopQA,5,16,543,semantic,39.7026,0.0,0.0,0,1,1,114,370,370,71775027200,71775027200,7.372,0.024
google/gemma-3-1b-it,NVIDIA GeForce RTX 5060 Ti,42,2WikiMultiHopQA,5,16,544,structural,32.2019,58.9239,47.1528,0,0,0,87,343,343,61681958912,61681958912,7.372,0.024
google/gemma-3-1b-it,NVIDIA GeForce RTX 5060 Ti,42,2WikiMultiHopQA,5,16,545,multi-hop,0.0,35.9724,57.6207,1,0,0,22,278,278,40519073792,40519073792,7.372,0.024
google/gemma-3-1b-it,NVIDIA GeForce RTX 5060 Ti,42,2WikiMultiHopQA,5,16,546,structural,50.171,42.0208,43.7439,0,0,0,53,309,309,50059542528,50059542528,7.372,0.024
google/gemma-3-1b-it,NVIDIA GeForce RTX 5060 Ti,42,2WikiMultiHopQA,5,16,547,multi-hop,41.1243,59.9027,0.0,0,0,1,107,363,363,69084905472,69084905472,7.372,0.024
google/gemma-3-1b-it,NVIDIA GeForce RTX 5060 Ti,42,2WikiMultiHopQA,5,16,548,multi-hop,72.9998,61.2149,0.0,0,0,1,12,268,268,37656461312,37656461312,7.372,0.024
google/gemma-3-1b-it,NVIDIA GeForce RTX 5060 Ti,42,2WikiMultiHopQA,5,16,549,multi-hop,65.6516,33.5569,79.1649,0,0,0,142,398,398,83049316352,83049316352,7.372,0.024
google/gemma-3-1b-it,NVIDIA GeForce RTX 5060 Ti,42,2WikiMultiHopQA,5,16,550,multi-hop,44.7588,49.9085,47.0016,0,0,0,5,30,35,471859200,642252800,7.372,0.024
google/gemma-3-1b-it,NVIDIA GeForce RTX 5060 Ti,42,2WikiMultiHopQA,5,16,551,semantic,37.0972,0.0,0.0,0,1,1,119,375,375,73728000000,73728000000,7.372,0.024
google/gemma-3-1b-it,NVIDIA GeForce RTX 5060 Ti,42,2WikiMultiHopQA,5,16,552,structural,38.0832,0.0,0.0,0,1,1,82,338,338,59896758272,59896758272,7.372,0.024
google/gemma-3-1b-it,NVIDIA GeForce RTX 5060 Ti,42,2WikiMultiHopQA,5,16,553,semantic,54.7762,0.0,70.8602,0,1,0,16,272,272,38788923392,38788923392,7.372,0.024
google/gemma-3-1b-it,NVIDIA GeForce RTX 5060 Ti,42,2WikiMultiHopQA,5,16,554,multi-hop,45.2929,0.0,0.0,0,1,1,105,361,361,68325736448,68325736448,7.372,0.024
google/gemma-3-1b-it,NVIDIA GeForce RTX 5060 Ti,42,2WikiMultiHopQA,5,16,555,semantic,37.259,0.0,0.0,0,1,1,4,260,260,35441868800,35441868800,7.372,0.024
google/gemma-3-1b-it,NVIDIA GeForce RTX 5060 Ti,42,2WikiMultiHopQA,5,16,556,multi-hop,74.5236,0.0,0.0,0,1,1,148,404,404,85572190208,85572190208,7.372,0.024
google/gemma-3-1b-it,NVIDIA GeForce RTX 5060 Ti,42,2WikiMultiHopQA,5,16,557,multi-hop,42.8724,72.2774,36.0247,0,0,0,24,280,280,41104179200,41104179200,7.372,0.024
google/gemma-3-1b-it,NVIDIA GeForce RTX 5060 Ti,42,2WikiMultiHopQA,5,16,558,structural,49.3818,40.1576,0.0,0,0,1,19,275,275,39649280000,39649280000,7.372,0.024
google/gemma-3-1b-it,NVIDIA GeForce RTX 5060 Ti,42,2WikiMultiHopQA,5,16,559,structural,39.5245,51.8851,36.1309,0,0,0,6,245,239,31470387200,29947854848,7.372,0.024
google/gemma-3-1b-it,NVIDIA GeForce RTX 5060 Ti,42,2WikiMultiHopQA,5,16,560,multi-hop,46.7298,0.0,34.6188,0,1,0,110,366,366,70231523328,70231523328,7.372,0.024
google/gemma-3-1b-it,NVIDIA GeForce RTX 5060 Ti,42,2WikiMultiHopQA,5,16,561,structural,34.7111,35.6743,0.0,0,0,1,129,385,385,77712588800,77712588800,7.372,0.024
google/gemma-3-1b-it,NVIDIA GeForce RTX 5060 Ti,42,2WikiMultiHopQA,5,16,562,semantic,57.3162,0.0,0.0,0,1,1,70,326,326,55719231488,55719231488,7.372,0.024
google/gemma-3-1b-it,NVIDIA GeForce RTX 5060 Ti,42,2WikiMultiHopQA,5,16,563,multi-hop,36.5978,54.5602,38.5764,0,0,0,100,356,356,66446163968,66446163968,7.372,0.024
google/gemma-3-1b-it,NVIDIA GeForce RTX 5060 Ti,42,2WikiMultiHopQA,5,16,564,semantic,49.347,0.0,0.0,0,1,1,90,346,346,62765662208,62765662208,7.372,0.024
google/gemma-3-1b-it,NVIDIA GeForce RTX 5060 Ti,42,2WikiMultiHopQA,5,16,565,semantic,60.3953,0.0,0.0,0,1,1,119,375,375,73728000000,73728000000,7.372,0.024
google/gemma-3-1b-it,NVIDIA GeForce RTX 5060 Ti,42,2WikiMultiHopQA,5,16,566,structural,46.2694,0.0,28.4846,0,1,0,10,266,266,37096521728,37096521728,7.372,0.024
google/gemma-3-1b-it,NVIDIA GeForce RTX 5060 Ti,42,2WikiMultiHopQA,5,16,567,semantic,0.0,0.0,38.9127,1,1,0,101,357,357,66819981312,66819981312,7.372,0.024
google/gemma-3-1b-it,NVIDIA GeForce RTX 5060 Ti,42,2WikiMultiHopQA,5,16,568,multi-hop,35.344,42.4836,54.2219,0,0,0,80,336,336,59190018048,59190018048,7.372,0.024
google/gemma-3-1b-it,NVIDIA GeForce RTX 5060 Ti,42,2WikiMultiHopQA,5,16,569,multi-hop,37.3211,0.0,0.0,0,1,1,57,313,313,51363971072,51363971072,7.372,0.024
google/gemma-3-1b-it,NVIDIA GeForce RTX 5060 Ti,42,2WikiMultiHopQA,5,16,570,multi-hop,31.5385,36.5668,35.6248,0,0,0,119,375,375,73728000000,73728000000,7.372,0.024
google/gemma-3-1b-it,NVIDIA GeForce RTX 5060 Ti,42,2WikiMultiHopQA,5,16,571,multi-hop,59.0159,71.7188,47.1123,0,0,0,2,13,13,88604672,88604672,7.372,0.024
google/gemma-3-1b-it,NVIDIA GeForce RTX 5060 Ti,42,2WikiMultiHopQA,5,16,572,multi-hop,38.9319,0.0,56.4674,0,1,0,100,356,356,66446163968,66446163968,7.372,0.024
google/gemma-3-1b-it,NVIDIA GeForce RTX 5060 Ti,42,2WikiMultiHopQA,5,16,573,multi-hop,45.6564,0.0,0.0,0,1,1,114,370,370,71775027200,71775027200,7.372,0.024
google/gemma-3-1b-it,NVIDIA GeForce RTX 5060 Ti,42,2WikiMultiHopQA,5,16,574,semantic,72.2436,0.0,0.0,0,1,1,98,354,354,65701675008,65701675008,7.372,0.024
google/gemma-3-1b-it,NVIDIA GeForce RTX 5060 Ti,42,2WikiMultiHopQA,5,16,575,multi-hop,37.4015,63.098,0.0,0,0,1,80,319,336,53352071168,59190018048,7.372,0.024
google/gemma-3-1b-it,NVIDIA GeForce RTX 5060 Ti,42,2WikiMultiHopQA,5,16,576,structural,37.7542,34.5543,54.0008,0,0,0,5,34,30,606076928,471859200,7.372,0.024
google/gemma-3-1b-it,NVIDIA GeForce RTX 5060 Ti,42,2WikiMultiHopQA,5,16,577,multi-hop,32.1989,0.0,0.0,0,1,1,48,304,304,48452599808,48452599808,7.372,0.024
google/gemma-3-1b-it,NVIDIA GeForce RTX 5060 Ti,42,2WikiMultiHopQA,5,16,578,structural,55.2015,0.0,0.0,0,1,1,104,360,360,67947724800,67947724800,7.372,0.024
google/gemma-3-1b-it,NVIDIA GeForce RTX 5060 Ti,42,2WikiMultiHopQA,5,16,579,multi-hop,37.0296,46.3686,49.2673,0,0,0,43,299,299,46871871488,46871871488,7.372,0.024
google/gemma-3-1b-it,NVIDIA GeForce RTX 5060 Ti,42,2WikiMultiHopQA,5,16,580,multi-hop,73.8488,0.0,0.0,0,1,1,113,369,369,71387578368,71387578368,7.372,0.024
google/gemma-3-1b-it,NVIDIA GeForce RTX 5060 Ti,42,2WikiMultiHopQA,5,16,581,semantic,63.0708,0.0,0.0,0,1,1,104,360,360,67947724800,67947724800,7.372,0.024
google/gemma-3-1b-it,NVIDIA GeForce RTX 5060 Ti,42,2WikiMultiHopQA,5,16,582,semantic,37.4645,0.0,0.0,0,1,1,138,394,394,81388371968,81388371968,7.372,0.024
google/gemma-3-1b-it,NVIDIA GeForce RTX 5060 Ti,42,2WikiMultiHopQA,5,16,583,multi-hop,38.8813,42.8712,64.1078,0,0,0,28,284,284,42286972928,42286972928,7.372,0.024
google/gemma-3-1b-it,NVIDIA GeForce RTX 5060 Ti,42,2WikiMultiHopQA,5,16,584,multi-hop,42.9896,33.7757,33.1513,0,0,0,63,319,319,53352071168,53352071168,7.372,0.024
google/gemma-3-1b-it,NVIDIA GeForce RTX 5060 Ti,42,2WikiMultiHopQA,5,16,585,multi-hop,27.991,36.2585,26.989,0,0,0,101,357,357,66819981312,66819981312,7.372,0.024
google/gemma-3-1b-it,NVIDIA GeForce RTX 5060 Ti,42,2WikiMultiHopQA,5,16,586,semantic,27.3819,0.0,0.0,0,1,1,2,13,13,88604672,88604672,7.372,0.024
google/gemma-3-1b-it,NVIDIA GeForce RTX 5060 Ti,42,2WikiMultiHopQA,5,16,587,semantic,30.7879,0.0,0.0,0,1,1,83,339,339,60251701248,60251701248,7.372,0.024
google/gemma-3-1b-it,NVIDIA GeForce RTX 5060 Ti,42,2WikiMultiHopQA,5,16,588,multi-hop,35.7953,61.5976,44.2341,0,0,0,136,392,392,80564191232,80564191232,7.372,0.024
google/gemma-3-1b-it,NVIDIA GeForce RTX 5060 Ti,42,2WikiMultiHopQA,5,16,589,semantic,35.6021,0.0,52.7528,0,1,0,50,306,306,49092231168,49092231168,7.372,0.024
google/gemma-3-1b-it,NVIDIA GeForce RTX 5060 Ti,42,2WikiMultiHopQA,5,16,590,structural,36.9208,0.0,0.0,0,1,1,85,341,341,60964732928,60964732928,7.372,0.024
google/gemma-3-1b-it,NVIDIA GeForce RTX 5060 Ti,42,2WikiMultiHopQA,5,16,591,semantic,50.5736,0.0,0.0,0,1,1,64,320,320,53687091200,53687091200,7.372,0.024
google/gemma-3-1b-it,NVIDIA GeForce RTX 5060 Ti,42,2WikiMultiHopQA,5,16,592,structural,34.5787,34.3955,46.0151,0,0,0,12,34,53,606076928,1472724992,7.372,0.024
google/gemma-3-1b-it,NVIDIA GeForce RTX 5060 Ti,42,2WikiMultiHopQA,5,16,593,semantic,55.2121,0.0,50.573,0,1,0,110,366,366,70231523328,70231523328,7.372,0.024
google/gemma-3-1b-it,NVIDIA GeForce RTX 5060 Ti,42,2WikiMultiHopQA,5,16,594,structural,57.6898,0.0,0.0,0,1,1,104,360,360,67947724800,67947724800,7.372,0.024
google/gemma-3-1b-it,NVIDIA GeForce RTX 5060 Ti,42,2WikiMultiHopQA,5,16,595,multi-hop,58.7707,0.0,44.0867,0,1,0,99,355,355,66073395200,66073395200,7.372,0.024
google/gemma-3-1b-it,NVIDIA GeForce RTX 5060 Ti,42,2WikiMultiHopQA,5,16,596,multi-hop,75.0249,80.5249,41.2893,0,0,0,2,14,28,102760448,411041792,7.372,0.024
google/gemma-3-1b-it,NVIDIA GeForce RTX 5060 Ti,42,2WikiMultiHopQA,5,16,597,semantic,54.9779,0.0,62.6236,0,1,0,109,361,365,68325736448,69848268800,7.372,0.024
google/gemma-3-1b-it,NVIDIA GeForce RTX 5060 Ti,42,2WikiMultiHopQA,5,16,598,multi-hop,51.3974,72.9925,28.8279,0,0,0,5,34,30,606076928,471859200,7.372,0.024
google/gemma-3-1b-it,NVIDIA GeForce RTX 5060 Ti,42,2WikiMultiHopQA,5,16,599,multi-hop,38.2216,0.0,60.038,0,1,0,155,411,411,88563253248,88563253248,7.372,0.024
google/gemma-3-1b-it,NVIDIA GeForce RTX 5060 Ti,42,2WikiMultiHopQA,6,16,0,structural,48.6066,0.0,0.0,0,1,1,105,361,361,68325736448,68325736448,7.372,0.024
google/gemma-3-1b-it,NVIDIA GeForce RTX 5060 Ti,42,2WikiMultiHopQA,6,16,1,multi-hop,36.4456,56.9585,41.9376,0,0,0,78,334,334,58487472128,58487472128,7.372,0.024
google/gemma-3-1b-it,NVIDIA GeForce RTX 5060 Ti,42,2WikiMultiHopQA,6,16,2,multi-hop,63.5147,0.0,0.0,0,1,1,105,361,361,68325736448,68325736448,7.372,0.024
google/gemma-3-1b-it,NVIDIA GeForce RTX 5060 Ti,42,2WikiMultiHopQA,6,16,3,semantic,63.5732,0.0,0.0,0,1,1,99,355,355,66073395200,66073395200,7.372,0.024
google/gemma-3-1b-it,NVIDIA GeForce RTX 5060 Ti,42,2WikiMultiHopQA,6,16,4,structural,47.5563,82.4041,38.0469,0,0,0,53,309,309,50059542528,50059542528,7.372,0.024
google/gemma-3-1b-it,NVIDIA GeForce RTX 5060 Ti,42,2WikiMultiHopQA,6,16,5,multi-hop,37.7558,0.0,0.0,0,1,1,48,304,304,48452599808,48452599808,7.372,0.024
google/gemma-3-1b-it,NVIDIA GeForce RTX 5060 Ti,42,2WikiMultiHopQA,6,16,6,structural,62.9879,47.4649,59.8595,0,0,0,91,347,347,63128993792,63128993792,7.372,0.024
google/gemma-3-1b-it,NVIDIA GeForce RTX 5060 Ti,42,2WikiMultiHopQA,6,16,7,multi-hop,61.7719,0.0,0.0,0,1,1,147,403,403,85149089792,85149089792,7.372,0.024
google/gemma-3-1b-it,NVIDIA GeForce RTX 5060 Ti,42,2WikiMultiHopQA,6,16,8,multi-hop,53.0424,0.0,63.4698,0,1,0,82,338,338,59896758272,59896758272,7.372,0.024
google/gemma-3-1b-it,NVIDIA GeForce RTX 5060 Ti,42,2WikiMultiHopQA,6,16,9,structural,53.5339,45.7959,35.5367,0,0,0,34,290,290,44092620800,44092620800,7.372,0.024
google/gemma-3-1b-it,NVIDIA GeForce RTX 5060 Ti,42,2WikiMultiHopQA,6,16,10,multi-hop,55.7074,0.0,0.0,0,1,1,2,17,15,151519232,117964800,7.372,0.024
google/gemma-3-1b-it,NVIDIA GeForce RTX 5060 Ti,42,2WikiMultiHopQA,6,16,11,semantic,44.4282,0.0,33.5547,0,1,0,105,352,205,64961380352,22033203200,7.372,0.024
google/gemma-3-1b-it,NVIDIA GeForce RTX 5060 Ti,42,2WikiMultiHopQA,6,16,12,semantic,55.4595,0.0,40.5204,0,1,0,113,369,369,71387578368,71387578368,7.372,0.024
google/gemma-3-1b-it,NVIDIA GeForce RTX 5060 Ti,42,2WikiMultiHopQA,6,16,13,semantic,33.2068,0.0,0.0,0,1,1,101,357,357,66819981312,66819981312,7.372,0.024
google/gemma-3-1b-it,NVIDIA GeForce RTX 5060 Ti,42,2WikiMultiHopQA,6,16,14,multi-hop,34.488,0.0,34.6102,0,1,0,103,359,359,67570761728,67570761728,7.372,0.024
google/gemma-3-1b-it,NVIDIA GeForce RTX 5060 Ti,42,2WikiMultiHopQA,6,16,15,structural,54.9181,33.8336,46.373,0,0,0,78,334,334,58487472128,58487472128,7.372,0.024
google/gemma-3-1b-it,NVIDIA GeForce RTX 5060 Ti,42,2WikiMultiHopQA,6,16,16,structural,57.256,90.4587,46.5711,0,0,0,87,343,343,61681958912,61681958912,7.372,0.024
google/gemma-3-1b-it,NVIDIA GeForce RTX 5060 Ti,42,2WikiMultiHopQA,6,16,17,semantic,44.1741,0.0,0.0,0,1,1,112,368,368,71001178112,71001178112,7.372,0.024
google/gemma-3-1b-it,NVIDIA GeForce RTX 5060 Ti,42,2WikiMultiHopQA,6,16,18,semantic,57.7549,0.0,0.0,0,1,1,8,67,264,2353528832,36540776448,7.372,0.024
google/gemma-3-1b-it,NVIDIA GeForce RTX 5060 Ti,42,2WikiMultiHopQA,6,16,19,multi-hop,63.1104,76.5151,61.64,0,0,0,2,17,17,151519232,151519232,7.372,0.024
google/gemma-3-1b-it,NVIDIA GeForce RTX 5060 Ti,42,2WikiMultiHopQA,6,16,20,multi-hop,48.7793,0.0,0.0,0,1,1,105,361,361,68325736448,68325736448,7.372,0.024
google/gemma-3-1b-it,NVIDIA GeForce RTX 5060 Ti,42,2WikiMultiHopQA,6,16,21,multi-hop,53.8887,0.0,85.6102,0,1,0,14,270,270,38220595200,38220595200,7.372,0.024
google/gemma-3-1b-it,NVIDIA GeForce RTX 5060 Ti,42,2WikiMultiHopQA,6,16,22,structural,63.4039,60.46,0.0,0,0,1,12,210,268,23121100800,37656461312,7.372,0.024
google/gemma-3-1b-it,NVIDIA GeForce RTX 5060 Ti,42,2WikiMultiHopQA,6,16,23,semantic,38.8427,35.4518,0.0,0,0,1,27,283,283,41989701632,41989701632,7.372,0.024
google/gemma-3-1b-it,NVIDIA GeForce RTX 5060 Ti,42,2WikiMultiHopQA,6,16,24,semantic,34.5319,0.0,0.0,0,1,1,139,395,395,81802035200,81802035200,7.372,0.024
google/gemma-3-1b-it,NVIDIA GeForce RTX 5060 Ti,42,2WikiMultiHopQA,6,16,25,multi-hop,62.9701,0.0,0.0,0,1,1,100,356,356,66446163968,66446163968,7.372,0.024
google/gemma-3-1b-it,NVIDIA GeForce RTX 5060 Ti,42,2WikiMultiHopQA,6,16,26,multi-hop,56.567,0.0,0.0,0,1,1,105,361,361,68325736448,68325736448,7.372,0.024
google/gemma-3-1b-it,NVIDIA GeForce RTX 5060 Ti,42,2WikiMultiHopQA,6,16,27,multi-hop,33.3413,0.0,0.0,0,1,1,28,284,284,42286972928,42286972928,7.372,0.024
google/gemma-3-1b-it,NVIDIA GeForce RTX 5060 Ti,42,2WikiMultiHopQA,6,16,28,semantic,35.8119,0.0,0.0,0,1,1,41,297,297,46246920192,46246920192,7.372,0.024
google/gemma-3-1b-it,NVIDIA GeForce RTX 5060 Ti,42,2WikiMultiHopQA,6,16,29,structural,53.0004,66.4723,52.7532,0,0,0,4,17,17,151519232,151519232,7.372,0.024
google/gemma-3-1b-it,NVIDIA GeForce RTX 5060 Ti,42,2WikiMultiHopQA,6,16,30,multi-hop,74.2249,0.0,0.0,0,1,1,102,358,358,67194847232,67194847232,7.372,0.024
google/gemma-3-1b-it,NVIDIA GeForce RTX 5060 Ti,42,2WikiMultiHopQA,6,16,31,multi-hop,56.8794,0.0,0.0,0,1,1,149,405,405,85996339200,85996339200,7.372,0.024
google/gemma-3-1b-it,NVIDIA GeForce RTX 5060 Ti,42,2WikiMultiHopQA,6,16,32,semantic,60.6551,0.0,0.0,0,1,1,116,372,372,72553070592,72553070592,7.372,0.024
google/gemma-3-1b-it,NVIDIA GeForce RTX 5060 Ti,42,2WikiMultiHopQA,6,16,33,structural,28.4052,47.1495,33.9185,0,0,0,49,305,305,48771891200,48771891200,7.372,0.024
google/gemma-3-1b-it,NVIDIA GeForce RTX 5060 Ti,42,2WikiMultiHopQA,6,16,34,structural,48.23,46.1718,74.8812,0,0,0,29,285,285,42585292800,42585292800,7.372,0.024
google/gemma-3-1b-it,NVIDIA GeForce RTX 5060 Ti,42,2WikiMultiHopQA,6,16,35,semantic,0.0,0.0,0.0,1,1,1,102,358,358,67194847232,67194847232,7.372,0.024
google/gemma-3-1b-it,NVIDIA GeForce RTX 5060 Ti,42,2WikiMultiHopQA,6,16,36,structural,72.4788,73.122,47.3497,0,0,0,51,307,307,49413619712,49413619712,7.372,0.024
google/gemma-3-1b-it,NVIDIA GeForce RTX 5060 Ti,42,2WikiMultiHopQA,6,16,37,multi-hop,0.0,0.0,0.0,1,1,1,57,313,313,51363971072,51363971072,7.372,0.024
google/gemma-3-1b-it,NVIDIA GeForce RTX 5060 Ti,42,2WikiMultiHopQA,6,16,38,multi-hop,34.9222,0.0,0.0,0,1,1,76,332,332,57789120512,57789120512,7.372,0.024
google/gemma-3-1b-it,NVIDIA GeForce RTX 5060 Ti,42,2WikiMultiHopQA,6,16,39,multi-hop,55.3777,76.6662,49.3801,0,0,0,102,358,358,67194847232,67194847232,7.372,0.024
google/gemma-3-1b-it,NVIDIA GeForce RTX 5060 Ti,42,2WikiMultiHopQA,6,16,40,semantic,42.9808,0.0,0.0,0,1,1,108,364,364,69466062848,69466062848,7.372,0.024
google/gemma-3-1b-it,NVIDIA GeForce RTX 5060 Ti,42,2WikiMultiHopQA,6,16,41,multi-hop,28.0826,0.0,0.0,0,1,1,109,365,365,69848268800,69848268800,7.372,0.024
google/gemma-3-1b-it,NVIDIA GeForce RTX 5060 Ti,42,2WikiMultiHopQA,6,16,42,semantic,26.8923,0.0,0.0,0,1,1,105,361,361,68325736448,68325736448,7.372,0.024
google/gemma-3-1b-it,NVIDIA GeForce RTX 5060 Ti,42,2WikiMultiHopQA,6,16,43,semantic,32.2785,0.0,0.0,0,1,1,129,385,385,77712588800,77712588800,7.372,0.024
google/gemma-3-1b-it,NVIDIA GeForce RTX 5060 Ti,42,2WikiMultiHopQA,6,16,44,multi-hop,58.0904,58.7637,0.0,0,0,1,36,292,292,44702892032,44702892032,7.372,0.024
google/gemma-3-1b-it,NVIDIA GeForce RTX 5060 Ti,42,2WikiMultiHopQA,6,16,45,structural,76.3592,53.9406,0.0,0,0,1,12,268,268,37656461312,37656461312,7.372,0.024
google/gemma-3-1b-it,NVIDIA GeForce RTX 5060 Ti,42,2WikiMultiHopQA,6,16,46,structural,62.3001,33.7591,52.2092,0,0,0,78,334,334,58487472128,58487472128,7.372,0.024
google/gemma-3-1b-it,NVIDIA GeForce RTX 5060 Ti,42,2WikiMultiHopQA,6,16,47,semantic,68.003,0.0,35.1665,0,1,0,33,289,289,43789058048,43789058048,7.372,0.024
google/gemma-3-1b-it,NVIDIA GeForce RTX 5060 Ti,42,2WikiMultiHopQA,6,16,48,multi-hop,54.3984,0.0,0.0,0,1,1,76,332,332,57789120512,57789120512,7.372,0.024
google/gemma-3-1b-it,NVIDIA GeForce RTX 5060 Ti,42,2WikiMultiHopQA,6,16,49,structural,70.7553,74.3643,56.1957,0,0,0,65,319,321,53352071168,54023159808,7.372,0.024
google/gemma-3-1b-it,NVIDIA GeForce RTX 5060 Ti,42,2WikiMultiHopQA,6,16,50,multi-hop,51.8119,0.0,75.2684,0,1,0,98,354,354,65701675008,65701675008,7.372,0.024
google/gemma-3-1b-it,NVIDIA GeForce RTX 5060 Ti,42,2WikiMultiHopQA,6,16,51,structural,55.1688,44.6103,33.0436,0,0,0,2,28,205,411041792,22033203200,7.372,0.024
google/gemma-3-1b-it,NVIDIA GeForce RTX 5060 Ti,42,2WikiMultiHopQA,6,16,52,semantic,35.6458,0.0,0.0,0,1,1,113,369,369,71387578368,71387578368,7.372,0.024
google/gemma-3-1b-it,NVIDIA GeForce RTX 5060 Ti,42,2WikiMultiHopQA,6,16,53,structural,31.4675,45.633,77.7234,0,0,0,114,370,370,71775027200,71775027200,7.372,0.024
google/gemma-3-1b-it,NVIDIA GeForce RTX 5060 Ti,42,2WikiMultiHopQA,6,16,54,structural,60.1261,0.0,0.0,0,1,1,103,359,359,67570761728,67570761728,7.372,0.024
google/gemma-3-1b-it,NVIDIA GeForce RTX 5060 Ti,42,2WikiMultiHopQA,6,16,55,semantic,44.4058,0.0,0.0,0,1,1,58,314,314,51692699648,51692699648,7.372,0.024
google/gemma-3-1b-it,NVIDIA GeForce RTX 5060 Ti,42,2WikiMultiHopQA,6,16,56,multi-hop,47.6384,0.0,41.9234,0,1,0,206,462,462,111906127872,111906127872,7.372,0.024
google/gemma-3-1b-it,NVIDIA GeForce RTX 5060 Ti,42,2WikiMultiHopQA,6,16,57,structural,53.4411,33.9869,33.4458,0,0,0,78,334,334,58487472128,58487472128,7.372,0.024
google/gemma-3-1b-it,NVIDIA GeForce RTX 5060 Ti,42,2WikiMultiHopQA,6,16,58,multi-hop,76.4105,0.0,37.5292,0,1,0,127,383,383,76907282432,76907282432,7.372,0.024
google/gemma-3-1b-it,NVIDIA GeForce RTX 5060 Ti,42,2WikiMultiHopQA,6,16,59,semantic,45.7483,0.0,0.0,0,1,1,97,353,353,65331003392,65331003392,7.372,0.024
google/gemma-3-1b-it,NVIDIA GeForce RTX 5060 Ti,42,2WikiMultiHopQA,6,16,60,semantic,45.4166,0.0,0.0,0,1,1,8,264,264,36540776448,36540776448,7.372,0.024
google/gemma-3-1b-it,NVIDIA GeForce RTX 5060 Ti,42,2WikiMultiHopQA,6,16,61,structural,49.0973,32.5207,44.4217,0,0,0,122,378,378,74912366592,74912366592,7.372,0.024
google/gemma-3-1b-it,NVIDIA GeForce RTX 5060 Ti,42,2WikiMultiHopQA,6,16,62,semantic,28.6013,0.0,65.9349,0,1,0,84,340,340,60607692800,60607692800,7.372,0.024
google/gemma-3-1b-it,NVIDIA GeForce RTX 5060 Ti,42,2WikiMultiHopQA,6,16,63,multi-hop,73.1109,55.1122,56.4497,0,0,0,7,226,68,26778533888,2424307712,7.372,0.024
google/gemma-3-1b-it,NVIDIA GeForce RTX 5060 Ti,42,2WikiMultiHopQA,6,16,64,multi-hop,32.3236,0.0,0.0,0,1,1,112,368,368,71001178112,71001178112,7.372,0.024
google/gemma-3-1b-it,NVIDIA GeForce RTX 5060 Ti,42,2WikiMultiHopQA,6,16,65,multi-hop,56.5354,78.3805,0.0,0,0,1,114,370,370,71775027200,71775027200,7.372,0.024
google/gemma-3-1b-it,NVIDIA GeForce RTX 5060 Ti,42,2WikiMultiHopQA,6,16,66,multi-hop,57.8667,0.0,0.0,0,1,1,106,362,362,68704796672,68704796672,7.372,0.024
google/gemma-3-1b-it,NVIDIA GeForce RTX 5060 Ti,42,2WikiMultiHopQA,6,16,67,semantic,55.0254,0.0,0.0,0,1,1,101,357,357,66819981312,66819981312,7.372,0.024
google/gemma-3-1b-it,NVIDIA GeForce RTX 5060 Ti,42,2WikiMultiHopQA,6,16,68,structural,43.3662,49.234,43.3966,0,0,0,101,357,357,66819981312,66819981312,7.372,0.024
google/gemma-3-1b-it,NVIDIA GeForce RTX 5060 Ti,42,2WikiMultiHopQA,6,16,69,multi-hop,34.4154,0.0,39.4056,0,1,0,142,398,398,83049316352,83049316352,7.372,0.024
google/gemma-3-1b-it,NVIDIA GeForce RTX 5060 Ti,42,2WikiMultiHopQA,6,16,70,structural,46.4736,0.0,0.0,0,1,1,17,273,273,39074660352,39074660352,7.372,0.024
google/gemma-3-1b-it,NVIDIA GeForce RTX 5060 Ti,42,2WikiMultiHopQA,6,16,71,multi-hop,92.126,30.0607,0.0,0,0,1,34,290,290,44092620800,44092620800,7.372,0.024
google/gemma-3-1b-it,NVIDIA GeForce RTX 5060 Ti,42,2WikiMultiHopQA,6,16,72,semantic,53.5354,0.0,0.0,0,1,1,2,17,17,151519232,151519232,7.372,0.024
google/gemma-3-1b-it,NVIDIA GeForce RTX 5060 Ti,42,2WikiMultiHopQA,6,16,73,multi-hop,75.7625,0.0,0.0,0,1,1,113,369,369,71387578368,71387578368,7.372,0.024
google/gemma-3-1b-it,NVIDIA GeForce RTX 5060 Ti,42,2WikiMultiHopQA,6,16,74,multi-hop,89.4245,62.4324,0.0,0,0,1,117,373,373,72943665152,72943665152,7.372,0.024
google/gemma-3-1b-it,NVIDIA GeForce RTX 5060 Ti,42,2WikiMultiHopQA,6,16,75,structural,55.3165,0.0,45.5239,0,1,0,114,370,370,71775027200,71775027200,7.372,0.024
google/gemma-3-1b-it,NVIDIA GeForce RTX 5060 Ti,42,2WikiMultiHopQA,6,16,76,multi-hop,64.2722,0.0,0.0,0,1,1,59,315,315,52022476800,52022476800,7.372,0.024
google/gemma-3-1b-it,NVIDIA GeForce RTX 5060 Ti,42,2WikiMultiHopQA,6,16,77,semantic,30.429,0.0,49.7937,0,1,0,20,36,35,679477248,642252800,7.372,0.024
google/gemma-3-1b-it,NVIDIA GeForce RTX 5060 Ti,42,2WikiMultiHopQA,6,16,78,semantic,72.1303,0.0,46.3036,0,1,0,40,233,296,28463071232,45936017408,7.372,0.024
google/gemma-3-1b-it,NVIDIA GeForce RTX 5060 Ti,42,2WikiMultiHopQA,6,16,79,semantic,61.9435,0.0,0.0,0,1,1,85,341,341,60964732928,60964732928,7.372,0.024
google/gemma-3-1b-it,NVIDIA GeForce RTX 5060 Ti,42,2WikiMultiHopQA,6,16,80,structural,43.2446,81.8064,40.5122,0,0,0,96,352,352,64961380352,64961380352,7.372,0.024
google/gemma-3-1b-it,NVIDIA GeForce RTX 5060 Ti,42,2WikiMultiHopQA,6,16,81,multi-hop,79.9378,0.0,0.0,0,1,1,127,383,383,76907282432,76907282432,7.372,0.024
google/gemma-3-1b-it,NVIDIA GeForce RTX 5060 Ti,42,2WikiMultiHopQA,6,16,82,multi-hop,34.6853,40.6153,46.8801,0,0,0,25,281,281,41398304768,41398304768,7.372,0.024
google/gemma-3-1b-it,NVIDIA GeForce RTX 5060 Ti,42,2WikiMultiHopQA,6,16,83,structural,32.1549,31.9861,36.4607,0,0,0,114,370,370,71775027200,71775027200,7.372,0.024
google/gemma-3-1b-it,NVIDIA GeForce RTX 5060 Ti,42,2WikiMultiHopQA,6,16,84,semantic,41.7054,0.0,0.0,0,1,1,50,306,306,49092231168,49092231168,7.372,0.024
google/gemma-3-1b-it,NVIDIA GeForce RTX 5060 Ti,42,2WikiMultiHopQA,6,16,85,semantic,57.2386,0.0,0.0,0,1,1,87,343,343,61681958912,61681958912,7.372,0.024
google/gemma-3-1b-it,NVIDIA GeForce RTX 5060 Ti,42,2WikiMultiHopQA,6,16,86,multi-hop,33.3607,0.0,0.0,0,1,1,103,359,359,67570761728,67570761728,7.372,0.024
google/gemma-3-1b-it,NVIDIA GeForce RTX 5060 Ti,42,2WikiMultiHopQA,6,16,87,multi-hop,50.3841,0.0,37.1426,0,1,0,24,280,280,41104179200,41104179200,7.372,0.024
google/gemma-3-1b-it,NVIDIA GeForce RTX 5060 Ti,42,2WikiMultiHopQA,6,16,88,multi-hop,92.0266,60.8788,67.5445,0,0,0,95,351,351,64592805888,64592805888,7.372,0.024
google/gemma-3-1b-it,NVIDIA GeForce RTX 5060 Ti,42,2WikiMultiHopQA,6,16,89,multi-hop,47.9399,0.0,0.0,0,1,1,63,319,319,53352071168,53352071168,7.372,0.024
google/gemma-3-1b-it,NVIDIA GeForce RTX 5060 Ti,42,2WikiMultiHopQA,6,16,90,semantic,79.9369,0.0,0.0,0,1,1,102,358,358,67194847232,67194847232,7.372,0.024
google/gemma-3-1b-it,NVIDIA GeForce RTX 5060 Ti,42,2WikiMultiHopQA,6,16,91,multi-hop,51.8809,75.5933,83.8425,0,0,0,110,366,366,70231523328,70231523328,7.372,0.024
google/gemma-3-1b-it,NVIDIA GeForce RTX 5060 Ti,42,2WikiMultiHopQA,6,16,92,semantic,75.325,0.0,81.8361,0,1,0,125,381,381,76106170368,76106170368,7.372,0.024
google/gemma-3-1b-it,NVIDIA GeForce RTX 5060 Ti,42,2WikiMultiHopQA,6,16,93,semantic,0.0,0.0,0.0,1,1,1,87,343,343,61681958912,61681958912,7.372,0.024
google/gemma-3-1b-it,NVIDIA GeForce RTX 5060 Ti,42,2WikiMultiHopQA,6,16,94,semantic,33.1109,0.0,0.0,0,1,1,2,17,15,151519232,117964800,7.372,0.024
google/gemma-3-1b-it,NVIDIA GeForce RTX 5060 Ti,42,2WikiMultiHopQA,6,16,95,semantic,58.8852,0.0,0.0,0,1,1,101,357,357,66819981312,66819981312,7.372,0.024
google/gemma-3-1b-it,NVIDIA GeForce RTX 5060 Ti,42,2WikiMultiHopQA,6,16,96,multi-hop,36.9976,0.0,0.0,0,1,1,112,368,368,71001178112,71001178112,7.372,0.024
google/gemma-3-1b-it,NVIDIA GeForce RTX 5060 Ti,42,2WikiMultiHopQA,6,16,97,structural,39.5864,0.0,0.0,0,1,1,100,356,356,66446163968,66446163968,7.372,0.024
google/gemma-3-1b-it,NVIDIA GeForce RTX 5060 Ti,42,2WikiMultiHopQA,6,16,98,multi-hop,66.5443,0.0,0.0,0,1,1,55,311,311,50709659648,50709659648,7.372,0.024
google/gemma-3-1b-it,NVIDIA GeForce RTX 5060 Ti,42,2WikiMultiHopQA,6,16,99,semantic,80.206,0.0,40.8787,0,1,0,24,280,280,41104179200,41104179200,7.372,0.024
google/gemma-3-1b-it,NVIDIA GeForce RTX 5060 Ti,42,2WikiMultiHopQA,6,16,100,semantic,31.9716,0.0,0.0,0,1,1,109,365,365,69848268800,69848268800,7.372,0.024
google/gemma-3-1b-it,NVIDIA GeForce RTX 5060 Ti,42,2WikiMultiHopQA,6,16,101,multi-hop,36.1318,0.0,52.5845,0,1,0,61,317,317,52685176832,52685176832,7.372,0.024
google/gemma-3-1b-it,NVIDIA GeForce RTX 5060 Ti,42,2WikiMultiHopQA,6,16,102,multi-hop,0.0,0.0,0.0,1,1,1,105,361,361,68325736448,68325736448,7.372,0.024
google/gemma-3-1b-it,NVIDIA GeForce RTX 5060 Ti,42,2WikiMultiHopQA,6,16,103,semantic,34.408,0.0,0.0,0,1,1,115,371,371,72163524608,72163524608,7.372,0.024
google/gemma-3-1b-it,NVIDIA GeForce RTX 5060 Ti,42,2WikiMultiHopQA,6,16,104,multi-hop,57.0116,0.0,56.6384,0,1,0,66,322,322,54360276992,54360276992,7.372,0.024
google/gemma-3-1b-it,NVIDIA GeForce RTX 5060 Ti,42,2WikiMultiHopQA,6,16,105,semantic,80.7988,0.0,0.0,0,1,1,119,375,375,73728000000,73728000000,7.372,0.024
google/gemma-3-1b-it,NVIDIA GeForce RTX 5060 Ti,42,2WikiMultiHopQA,6,16,106,semantic,43.2243,0.0,0.0,0,1,1,128,384,384,77309411328,77309411328,7.372,0.024
google/gemma-3-1b-it,NVIDIA GeForce RTX 5060 Ti,42,2WikiMultiHopQA,6,16,107,structural,74.1582,0.0,0.0,0,1,1,27,283,283,41989701632,41989701632,7.372,0.024
google/gemma-3-1b-it,NVIDIA GeForce RTX 5060 Ti,42,2WikiMultiHopQA,6,16,108,structural,29.233,41.1837,70.9892,0,0,0,16,272,272,38788923392,38788923392,7.372,0.024
google/gemma-3-1b-it,NVIDIA GeForce RTX 5060 Ti,42,2WikiMultiHopQA,6,16,109,multi-hop,55.2085,65.9067,81.2567,0,0,0,35,291,291,44397232128,44397232128,7.372,0.024
google/gemma-3-1b-it,NVIDIA GeForce RTX 5060 Ti,42,2WikiMultiHopQA,6,16,110,multi-hop,37.5178,68.9219,0.0,0,0,1,109,365,365,69848268800,69848268800,7.372,0.024
google/gemma-3-1b-it,NVIDIA GeForce RTX 5060 Ti,42,2WikiMultiHopQA,6,16,111,multi-hop,70.8887,0.0,64.5986,0,1,0,28,284,284,42286972928,42286972928,7.372,0.024
google/gemma-3-1b-it,NVIDIA GeForce RTX 5060 Ti,42,2WikiMultiHopQA,6,16,112,semantic,58.8469,0.0,62.7671,0,1,0,28,284,284,42286972928,42286972928,7.372,0.024
google/gemma-3-1b-it,NVIDIA GeForce RTX 5060 Ti,42,2WikiMultiHopQA,6,16,113,multi-hop,59.4188,0.0,0.0,0,1,1,93,349,349,63858802688,63858802688,7.372,0.024
google/gemma-3-1b-it,NVIDIA GeForce RTX 5060 Ti,42,2WikiMultiHopQA,6,16,114,multi-hop,63.1956,0.0,0.0,0,1,1,48,304,304,48452599808,48452599808,7.372,0.024
google/gemma-3-1b-it,NVIDIA GeForce RTX 5060 Ti,42,2WikiMultiHopQA,6,16,115,multi-hop,87.5459,56.5589,88.2609,0,0,0,78,334,334,58487472128,58487472128,7.372,0.024
google/gemma-3-1b-it,NVIDIA GeForce RTX 5060 Ti,42,2WikiMultiHopQA,6,16,116,semantic,0.0,0.0,0.0,1,1,1,101,357,357,66819981312,66819981312,7.372,0.024
google/gemma-3-1b-it,NVIDIA GeForce RTX 5060 Ti,42,2WikiMultiHopQA,6,16,117,multi-hop,38.4465,0.0,0.0,0,1,1,114,370,370,71775027200,71775027200,7.372,0.024
google/gemma-3-1b-it,NVIDIA GeForce RTX 5060 Ti,42,2WikiMultiHopQA,6,16,118,multi-hop,57.2821,0.0,0.0,0,1,1,25,281,281,41398304768,41398304768,7.372,0.024
google/gemma-3-1b-it,NVIDIA GeForce RTX 5060 Ti,42,2WikiMultiHopQA,6,16,119,multi-hop,43.3257,33.3106,80.3129,0,0,0,86,342,342,61322821632,61322821632,7.372,0.024
google/gemma-3-1b-it,NVIDIA GeForce RTX 5060 Ti,42,2WikiMultiHopQA,6,16,120,structural,73.3771,62.7556,38.5355,0,0,0,64,320,320,53687091200,53687091200,7.372,0.024
google/gemma-3-1b-it,NVIDIA GeForce RTX 5060 Ti,42,2WikiMultiHopQA,6,16,121,multi-hop,48.4512,0.0,0.0,0,1,1,114,370,370,71775027200,71775027200,7.372,0.024
google/gemma-3-1b-it,NVIDIA GeForce RTX 5060 Ti,42,2WikiMultiHopQA,6,16,122,semantic,47.0144,0.0,49.564,0,1,0,74,330,330,57094963200,57094963200,7.372,0.024
google/gemma-3-1b-it,NVIDIA GeForce RTX 5060 Ti,42,2WikiMultiHopQA,6,16,123,semantic,32.3921,0.0,0.0,0,1,1,93,349,349,63858802688,63858802688,7.372,0.024
google/gemma-3-1b-it,NVIDIA GeForce RTX 5060 Ti,42,2WikiMultiHopQA,6,16,124,multi-hop,91.8344,55.513,52.2176,0,0,0,2,13,16,88604672,134217728,7.372,0.024
google/gemma-3-1b-it,NVIDIA GeForce RTX 5060 Ti,42,2WikiMultiHopQA,6,16,125,semantic,68.358,0.0,41.5175,0,1,0,110,366,366,70231523328,70231523328,7.372,0.024
google/gemma-3-1b-it,NVIDIA GeForce RTX 5060 Ti,42,2WikiMultiHopQA,6,16,126,semantic,82.3082,0.0,0.0,0,1,1,83,339,339,60251701248,60251701248,7.372,0.024
google/gemma-3-1b-it,NVIDIA GeForce RTX 5060 Ti,42,2WikiMultiHopQA,6,16,127,multi-hop,38.8966,0.0,0.0,0,1,1,101,357,357,66819981312,66819981312,7.372,0.024
google/gemma-3-1b-it,NVIDIA GeForce RTX 5060 Ti,42,2WikiMultiHopQA,6,16,128,multi-hop,32.6984,0.0,0.0,0,1,1,118,374,374,73335308288,73335308288,7.372,0.024
google/gemma-3-1b-it,NVIDIA GeForce RTX 5060 Ti,42,2WikiMultiHopQA,6,16,129,structural,35.8443,40.7245,49.5142,0,0,0,109,365,365,69848268800,69848268800,7.372,0.024
google/gemma-3-1b-it,NVIDIA GeForce RTX 5060 Ti,42,2WikiMultiHopQA,6,16,130,semantic,74.3945,0.0,0.0,0,1,1,119,375,375,73728000000,73728000000,7.372,0.024
google/gemma-3-1b-it,NVIDIA GeForce RTX 5060 Ti,42,2WikiMultiHopQA,6,16,131,semantic,51.993,0.0,0.0,0,1,1,19,275,275,39649280000,39649280000,7.372,0.024
google/gemma-3-1b-it,NVIDIA GeForce RTX 5060 Ti,42,2WikiMultiHopQA,6,16,132,semantic,82.0716,0.0,0.0,0,1,1,67,323,323,54698442752,54698442752,7.372,0.024
google/gemma-3-1b-it,NVIDIA GeForce RTX 5060 Ti,42,2WikiMultiHopQA,6,16,133,multi-hop,38.5003,0.0,0.0,0,1,1,101,357,357,66819981312,66819981312,7.372,0.024
google/gemma-3-1b-it,NVIDIA GeForce RTX 5060 Ti,42,2WikiMultiHopQA,6,16,134,structural,62.5329,31.5268,76.2832,0,0,0,113,369,369,71387578368,71387578368,7.372,0.024
google/gemma-3-1b-it,NVIDIA GeForce RTX 5060 Ti,42,2WikiMultiHopQA,6,16,135,multi-hop,65.5905,0.0,44.8513,0,1,0,83,339,339,60251701248,60251701248,7.372,0.024
google/gemma-3-1b-it,NVIDIA GeForce RTX 5060 Ti,42,2WikiMultiHopQA,6,16,136,semantic,52.589,0.0,0.0,0,1,1,121,377,377,74516529152,74516529152,7.372,0.024
google/gemma-3-1b-it,NVIDIA GeForce RTX 5060 Ti,42,2WikiMultiHopQA,6,16,137,semantic,58.2631,0.0,0.0,0,1,1,99,355,355,66073395200,66073395200,7.372,0.024
google/gemma-3-1b-it,NVIDIA GeForce RTX 5060 Ti,42,2WikiMultiHopQA,6,16,138,semantic,64.4564,0.0,49.7889,0,1,0,109,365,365,69848268800,69848268800,7.372,0.024
google/gemma-3-1b-it,NVIDIA GeForce RTX 5060 Ti,42,2WikiMultiHopQA,6,16,139,multi-hop,68.6783,0.0,0.0,0,1,1,109,365,365,69848268800,69848268800,7.372,0.024
google/gemma-3-1b-it,NVIDIA GeForce RTX 5060 Ti,42,2WikiMultiHopQA,6,16,140,structural,33.6994,81.0709,39.4134,0,0,0,95,351,351,64592805888,64592805888,7.372,0.024
google/gemma-3-1b-it,NVIDIA GeForce RTX 5060 Ti,42,2WikiMultiHopQA,6,16,141,semantic,75.8986,0.0,0.0,0,1,1,29,285,285,42585292800,42585292800,7.372,0.024
google/gemma-3-1b-it,NVIDIA GeForce RTX 5060 Ti,42,2WikiMultiHopQA,6,16,142,multi-hop,66.3406,0.0,0.0,0,1,1,93,349,349,63858802688,63858802688,7.372,0.024
google/gemma-3-1b-it,NVIDIA GeForce RTX 5060 Ti,42,2WikiMultiHopQA,6,16,143,semantic,34.7468,0.0,85.9946,0,1,0,73,329,329,56749457408,56749457408,7.372,0.024
google/gemma-3-1b-it,NVIDIA GeForce RTX 5060 Ti,42,2WikiMultiHopQA,6,16,144,multi-hop,0.0,93.3726,0.0,1,0,1,118,374,374,73335308288,73335308288,7.372,0.024
google/gemma-3-1b-it,NVIDIA GeForce RTX 5060 Ti,42,2WikiMultiHopQA,6,16,145,multi-hop,85.6167,0.0,0.0,0,1,1,27,283,283,41989701632,41989701632,7.372,0.024
google/gemma-3-1b-it,NVIDIA GeForce RTX 5060 Ti,42,2WikiMultiHopQA,6,16,146,multi-hop,51.4287,0.0,0.0,0,1,1,114,370,370,71775027200,71775027200,7.372,0.024
google/gemma-3-1b-it,NVIDIA GeForce RTX 5060 Ti,42,2WikiMultiHopQA,6,16,147,multi-hop,67.0494,0.0,0.0,0,1,1,128,384,384,77309411328,77309411328,7.372,0.024
google/gemma-3-1b-it,NVIDIA GeForce RTX 5060 Ti,42,2WikiMultiHopQA,6,16,148,multi-hop,55.1964,0.0,0.0,0,1,1,80,336,336,59190018048,59190018048,7.372,0.024
google/gemma-3-1b-it,NVIDIA GeForce RTX 5060 Ti,42,2WikiMultiHopQA,6,16,149,multi-hop,41.1109,46.7818,45.0176,0,0,0,101,357,357,66819981312,66819981312,7.372,0.024
google/gemma-3-1b-it,NVIDIA GeForce RTX 5060 Ti,42,2WikiMultiHopQA,6,16,150,semantic,54.7994,0.0,0.0,0,1,1,83,339,339,60251701248,60251701248,7.372,0.024
google/gemma-3-1b-it,NVIDIA GeForce RTX 5060 Ti,42,2WikiMultiHopQA,6,16,151,structural,36.8292,66.1048,33.1857,0,0,0,24,280,280,41104179200,41104179200,7.372,0.024
google/gemma-3-1b-it,NVIDIA GeForce RTX 5060 Ti,42,2WikiMultiHopQA,6,16,152,structural,45.0711,0.0,0.0,0,1,1,67,323,323,54698442752,54698442752,7.372,0.024
google/gemma-3-1b-it,NVIDIA GeForce RTX 5060 Ti,42,2WikiMultiHopQA,6,16,153,structural,70.4486,38.7924,41.2367,0,0,0,85,341,341,60964732928,60964732928,7.372,0.024
google/gemma-3-1b-it,NVIDIA GeForce RTX 5060 Ti,42,2WikiMultiHopQA,6,16,154,multi-hop,0.0,32.7723,42.6886,1,0,0,24,280,280,41104179200,41104179200,7.372,0.024
google/gemma-3-1b-it,NVIDIA GeForce RTX 5060 Ti,42,2WikiMultiHopQA,6,16,155,multi-hop,66.6781,0.0,0.0,0,1,1,4,15,19,117964800,189267968,7.372,0.024
google/gemma-3-1b-it,NVIDIA GeForce RTX 5060 Ti,42,2WikiMultiHopQA,6,16,156,structural,31.8361,38.8398,0.0,0,0,1,102,358,358,67194847232,67194847232,7.372,0.024
google/gemma-3-1b-it,NVIDIA GeForce RTX 5060 Ti,42,2WikiMultiHopQA,6,16,157,multi-hop,40.5212,0.0,0.0,0,1,1,105,361,361,68325736448,68325736448,7.372,0.024
google/gemma-3-1b-it,NVIDIA GeForce RTX 5060 Ti,42,2WikiMultiHopQA,6,16,158,multi-hop,34.8086,0.0,38.4551,0,1,0,107,363,363,69084905472,69084905472,7.372,0.024
google/gemma-3-1b-it,NVIDIA GeForce RTX 5060 Ti,42,2WikiMultiHopQA,6,16,159,structural,59.0508,32.7484,41.7969,0,0,0,115,371,371,72163524608,72163524608,7.372,0.024
google/gemma-3-1b-it,NVIDIA GeForce RTX 5060 Ti,42,2WikiMultiHopQA,6,16,160,semantic,36.0035,0.0,0.0,0,1,1,64,320,320,53687091200,53687091200,7.372,0.024
google/gemma-3-1b-it,NVIDIA GeForce RTX 5060 Ti,42,2WikiMultiHopQA,6,16,161,multi-hop,37.6072,0.0,0.0,0,1,1,63,319,319,53352071168,53352071168,7.372,0.024
google/gemma-3-1b-it,NVIDIA GeForce RTX 5060 Ti,42,2WikiMultiHopQA,6,16,162,multi-hop,37.9294,0.0,0.0,0,1,1,95,351,351,64592805888,64592805888,7.372,0.024
google/gemma-3-1b-it,NVIDIA GeForce RTX 5060 Ti,42,2WikiMultiHopQA,6,16,163,multi-hop,53.0336,36.0822,40.5477,0,0,0,105,361,361,68325736448,68325736448,7.372,0.024
google/gemma-3-1b-it,NVIDIA GeForce RTX 5060 Ti,42,2WikiMultiHopQA,6,16,164,semantic,38.4244,0.0,64.3102,0,1,0,93,349,349,63858802688,63858802688,7.372,0.024
google/gemma-3-1b-it,NVIDIA GeForce RTX 5060 Ti,42,2WikiMultiHopQA,6,16,165,multi-hop,39.6755,0.0,0.0,0,1,1,87,343,343,61681958912,61681958912,7.372,0.024
google/gemma-3-1b-it,NVIDIA GeForce RTX 5060 Ti,42,2WikiMultiHopQA,6,16,166,multi-hop,50.2342,0.0,0.0,0,1,1,108,364,364,69466062848,69466062848,7.372,0.024
google/gemma-3-1b-it,NVIDIA GeForce RTX 5060 Ti,42,2WikiMultiHopQA,6,16,167,multi-hop,41.6624,0.0,0.0,0,1,1,91,347,347,63128993792,63128993792,7.372,0.024
google/gemma-3-1b-it,NVIDIA GeForce RTX 5060 Ti,42,2WikiMultiHopQA,6,16,168,semantic,34.8927,0.0,0.0,0,1,1,106,362,362,68704796672,68704796672,7.372,0.024
google/gemma-3-1b-it,NVIDIA GeForce RTX 5060 Ti,42,2WikiMultiHopQA,6,16,169,multi-hop,34.9814,43.1211,0.0,0,0,1,80,336,336,59190018048,59190018048,7.372,0.024
google/gemma-3-1b-it,NVIDIA GeForce RTX 5060 Ti,42,2WikiMultiHopQA,6,16,170,multi-hop,107.2942,97.3547,45.4621,0,0,0,2,44,19,1015021568,189267968,7.372,0.024
google/gemma-3-1b-it,NVIDIA GeForce RTX 5060 Ti,42,2WikiMultiHopQA,6,16,171,multi-hop,74.7903,0.0,0.0,0,1,1,149,405,405,85996339200,85996339200,7.372,0.024
google/gemma-3-1b-it,NVIDIA GeForce RTX 5060 Ti,42,2WikiMultiHopQA,6,16,172,structural,69.509,0.0,0.0,0,1,1,95,351,351,64592805888,64592805888,7.372,0.024
google/gemma-3-1b-it,NVIDIA GeForce RTX 5060 Ti,42,2WikiMultiHopQA,6,16,173,multi-hop,33.0487,0.0,0.0,0,1,1,109,365,365,69848268800,69848268800,7.372,0.024
google/gemma-3-1b-it,NVIDIA GeForce RTX 5060 Ti,42,2WikiMultiHopQA,6,16,174,semantic,0.0,0.0,0.0,1,1,1,100,356,356,66446163968,66446163968,7.372,0.024
google/gemma-3-1b-it,NVIDIA GeForce RTX 5060 Ti,42,2WikiMultiHopQA,6,16,175,multi-hop,68.7176,51.1121,70.6296,0,0,0,106,362,362,68704796672,68704796672,7.372,0.024
google/gemma-3-1b-it,NVIDIA GeForce RTX 5060 Ti,42,2WikiMultiHopQA,6,16,176,multi-hop,55.2716,0.0,0.0,0,1,1,76,332,332,57789120512,57789120512,7.372,0.024
google/gemma-3-1b-it,NVIDIA GeForce RTX 5060 Ti,42,2WikiMultiHopQA,6,16,177,multi-hop,81.6589,0.0,0.0,0,1,1,139,395,395,81802035200,81802035200,7.372,0.024
google/gemma-3-1b-it,NVIDIA GeForce RTX 5060 Ti,42,2WikiMultiHopQA,6,16,178,structural,40.5531,55.6975,59.3467,0,0,0,117,373,373,72943665152,72943665152,7.372,0.024
google/gemma-3-1b-it,NVIDIA GeForce RTX 5060 Ti,42,2WikiMultiHopQA,6,16,179,structural,65.4319,0.0,0.0,0,1,1,113,369,369,71387578368,71387578368,7.372,0.024
google/gemma-3-1b-it,NVIDIA GeForce RTX 5060 Ti,42,2WikiMultiHopQA,6,16,180,semantic,36.8467,0.0,54.5047,0,1,0,3,259,259,35169763328,35169763328,7.372,0.024
google/gemma-3-1b-it,NVIDIA GeForce RTX 5060 Ti,42,2WikiMultiHopQA,6,16,181,structural,0.0,0.0,0.0,1,1,1,76,332,332,57789120512,57789120512,7.372,0.024
google/gemma-3-1b-it,NVIDIA GeForce RTX 5060 Ti,42,2WikiMultiHopQA,6,16,182,multi-hop,52.2367,0.0,0.0,0,1,1,6,247,262,31986286592,35989225472,7.372,0.024
google/gemma-3-1b-it,NVIDIA GeForce RTX 5060 Ti,42,2WikiMultiHopQA,6,16,183,multi-hop,37.6993,0.0,0.0,0,1,1,58,314,314,51692699648,51692699648,7.372,0.024
google/gemma-3-1b-it,NVIDIA GeForce RTX 5060 Ti,42,2WikiMultiHopQA,6,16,184,structural,51.3971,0.0,61.8131,0,1,0,86,342,342,61322821632,61322821632,7.372,0.024
google/gemma-3-1b-it,NVIDIA GeForce RTX 5060 Ti,42,2WikiMultiHopQA,6,16,185,multi-hop,74.9926,0.0,0.0,0,1,1,12,39,57,797442048,1703411712,7.372,0.024
google/gemma-3-1b-it,NVIDIA GeForce RTX 5060 Ti,42,2WikiMultiHopQA,6,16,186,semantic,53.4442,0.0,0.0,0,1,1,85,341,341,60964732928,60964732928,7.372,0.024
google/gemma-3-1b-it,NVIDIA GeForce RTX 5060 Ti,42,2WikiMultiHopQA,6,16,187,multi-hop,51.4051,0.0,35.2759,0,1,0,113,369,369,71387578368,71387578368,7.372,0.024
google/gemma-3-1b-it,NVIDIA GeForce RTX 5060 Ti,42,2WikiMultiHopQA,6,16,188,multi-hop,77.6062,0.0,49.3495,0,1,0,16,272,272,38788923392,38788923392,7.372,0.024
google/gemma-3-1b-it,NVIDIA GeForce RTX 5060 Ti,42,2WikiMultiHopQA,6,16,189,structural,38.3828,0.0,0.0,0,1,1,194,450,450,106168320000,106168320000,7.372,0.024
google/gemma-3-1b-it,NVIDIA GeForce RTX 5060 Ti,42,2WikiMultiHopQA,6,16,190,structural,75.6686,52.7465,38.9588,0,0,0,106,362,362,68704796672,68704796672,7.372,0.024
google/gemma-3-1b-it,NVIDIA GeForce RTX 5060 Ti,42,2WikiMultiHopQA,6,16,191,structural,0.0,0.0,0.0,1,1,1,2,28,205,411041792,22033203200,7.372,0.024
google/gemma-3-1b-it,NVIDIA GeForce RTX 5060 Ti,42,2WikiMultiHopQA,6,16,192,multi-hop,76.1889,0.0,57.7764,0,1,0,64,320,320,53687091200,53687091200,7.372,0.024
google/gemma-3-1b-it,NVIDIA GeForce RTX 5060 Ti,42,2WikiMultiHopQA,6,16,193,semantic,64.8639,0.0,0.0,0,1,1,139,395,395,81802035200,81802035200,7.372,0.024
google/gemma-3-1b-it,NVIDIA GeForce RTX 5060 Ti,42,2WikiMultiHopQA,6,16,194,multi-hop,45.7155,81.4494,65.4827,0,0,0,2,17,15,151519232,117964800,7.372,0.024
google/gemma-3-1b-it,NVIDIA GeForce RTX 5060 Ti,42,2WikiMultiHopQA,6,16,195,multi-hop,68.604,46.0444,34.6416,0,0,0,111,367,367,70615826432,70615826432,7.372,0.024
google/gemma-3-1b-it,NVIDIA GeForce RTX 5060 Ti,42,2WikiMultiHopQA,6,16,196,multi-hop,44.6887,0.0,0.0,0,1,1,114,370,370,71775027200,71775027200,7.372,0.024
google/gemma-3-1b-it,NVIDIA GeForce RTX 5060 Ti,42,2WikiMultiHopQA,6,16,197,semantic,39.0012,0.0,0.0,0,1,1,35,291,291,44397232128,44397232128,7.372,0.024
google/gemma-3-1b-it,NVIDIA GeForce RTX 5060 Ti,42,2WikiMultiHopQA,6,16,198,semantic,0.0,0.0,0.0,1,1,1,139,395,395,81802035200,81802035200,7.372,0.024
google/gemma-3-1b-it,NVIDIA GeForce RTX 5060 Ti,42,2WikiMultiHopQA,6,16,199,semantic,30.3093,0.0,0.0,0,1,1,90,346,346,62765662208,62765662208,7.372,0.024
google/gemma-3-1b-it,NVIDIA GeForce RTX 5060 Ti,42,2WikiMultiHopQA,6,16,200,multi-hop,0.0,96.7055,78.4174,1,0,0,93,349,349,63858802688,63858802688,7.372,0.024
google/gemma-3-1b-it,NVIDIA GeForce RTX 5060 Ti,42,2WikiMultiHopQA,6,16,201,multi-hop,43.6227,0.0,0.0,0,1,1,109,365,365,69848268800,69848268800,7.372,0.024
google/gemma-3-1b-it,NVIDIA GeForce RTX 5060 Ti,42,2WikiMultiHopQA,6,16,202,semantic,85.1996,0.0,54.6052,0,1,0,68,324,324,55037657088,55037657088,7.372,0.024
google/gemma-3-1b-it,NVIDIA GeForce RTX 5060 Ti,42,2WikiMultiHopQA,6,16,203,semantic,83.0335,0.0,69.3988,0,1,0,121,377,377,74516529152,74516529152,7.372,0.024
google/gemma-3-1b-it,NVIDIA GeForce RTX 5060 Ti,42,2WikiMultiHopQA,6,16,204,multi-hop,76.4598,63.7214,72.7935,0,0,0,93,349,349,63858802688,63858802688,7.372,0.024
google/gemma-3-1b-it,NVIDIA GeForce RTX 5060 Ti,42,2WikiMultiHopQA,6,16,205,multi-hop,52.276,60.332,62.2746,0,0,0,67,323,323,54698442752,54698442752,7.372,0.024
google/gemma-3-1b-it,NVIDIA GeForce RTX 5060 Ti,42,2WikiMultiHopQA,6,16,206,multi-hop,78.2035,41.3197,54.0472,0,0,0,113,369,369,71387578368,71387578368,7.372,0.024
google/gemma-3-1b-it,NVIDIA GeForce RTX 5060 Ti,42,2WikiMultiHopQA,6,16,207,multi-hop,68.3442,0.0,0.0,0,1,1,2,16,30,134217728,471859200,7.372,0.024
google/gemma-3-1b-it,NVIDIA GeForce RTX 5060 Ti,42,2WikiMultiHopQA,6,16,208,semantic,43.9313,0.0,84.1102,0,1,0,114,370,370,71775027200,71775027200,7.372,0.024
google/gemma-3-1b-it,NVIDIA GeForce RTX 5060 Ti,42,2WikiMultiHopQA,6,16,209,semantic,0.0,0.0,0.0,1,1,1,78,334,334,58487472128,58487472128,7.372,0.024
google/gemma-3-1b-it,NVIDIA GeForce RTX 5060 Ti,42,2WikiMultiHopQA,6,16,210,multi-hop,32.2444,0.0,77.0976,0,1,0,101,357,357,66819981312,66819981312,7.372,0.024
google/gemma-3-1b-it,NVIDIA GeForce RTX 5060 Ti,42,2WikiMultiHopQA,6,16,211,multi-hop,84.2474,44.9421,40.1837,0,0,0,85,341,341,60964732928,60964732928,7.372,0.024
google/gemma-3-1b-it,NVIDIA GeForce RTX 5060 Ti,42,2WikiMultiHopQA,6,16,212,semantic,57.7965,0.0,0.0,0,1,1,95,351,351,64592805888,64592805888,7.372,0.024
google/gemma-3-1b-it,NVIDIA GeForce RTX 5060 Ti,42,2WikiMultiHopQA,6,16,213,structural,72.7832,97.6474,71.952,0,0,0,63,319,319,53352071168,53352071168,7.372,0.024
google/gemma-3-1b-it,NVIDIA GeForce RTX 5060 Ti,42,2WikiMultiHopQA,6,16,214,multi-hop,38.1395,0.0,0.0,0,1,1,16,60,178,1887436800,16611540992,7.372,0.024
google/gemma-3-1b-it,NVIDIA GeForce RTX 5060 Ti,42,2WikiMultiHopQA,6,16,215,multi-hop,43.5751,44.5898,93.771,0,0,0,35,291,291,44397232128,44397232128,7.372,0.024
google/gemma-3-1b-it,NVIDIA GeForce RTX 5060 Ti,42,2WikiMultiHopQA,6,16,216,multi-hop,94.0351,0.0,0.0,0,1,1,23,279,279,40811102208,40811102208,7.372,0.024
google/gemma-3-1b-it,NVIDIA GeForce RTX 5060 Ti,42,2WikiMultiHopQA,6,16,217,semantic,66.1401,0.0,0.0,0,1,1,70,326,326,55719231488,55719231488,7.372,0.024
google/gemma-3-1b-it,NVIDIA GeForce RTX 5060 Ti,42,2WikiMultiHopQA,6,16,218,semantic,77.6737,0.0,51.4463,0,1,0,133,389,389,79335784448,79335784448,7.372,0.024
google/gemma-3-1b-it,NVIDIA GeForce RTX 5060 Ti,42,2WikiMultiHopQA,6,16,219,structural,62.349,52.6697,0.0,0,0,1,52,308,308,49736056832,49736056832,7.372,0.024
google/gemma-3-1b-it,NVIDIA GeForce RTX 5060 Ti,42,2WikiMultiHopQA,6,16,220,multi-hop,76.9398,0.0,0.0,0,1,1,17,273,273,39074660352,39074660352,7.372,0.024
google/gemma-3-1b-it,NVIDIA GeForce RTX 5060 Ti,42,2WikiMultiHopQA,6,16,221,semantic,59.2238,0.0,0.0,0,1,1,101,357,357,66819981312,66819981312,7.372,0.024
google/gemma-3-1b-it,NVIDIA GeForce RTX 5060 Ti,42,2WikiMultiHopQA,6,16,222,structural,91.3984,87.3652,73.2765,0,0,0,100,356,356,66446163968,66446163968,7.372,0.024
google/gemma-3-1b-it,NVIDIA GeForce RTX 5060 Ti,42,2WikiMultiHopQA,6,16,223,multi-hop,90.5548,0.0,0.0,0,1,1,48,304,304,48452599808,48452599808,7.372,0.024
google/gemma-3-1b-it,NVIDIA GeForce RTX 5060 Ti,42,2WikiMultiHopQA,6,16,224,multi-hop,97.5296,57.1878,0.0,0,0,1,114,370,370,71775027200,71775027200,7.372,0.024
google/gemma-3-1b-it,NVIDIA GeForce RTX 5060 Ti,42,2WikiMultiHopQA,6,16,225,structural,88.4988,0.0,0.0,0,1,1,85,341,341,60964732928,60964732928,7.372,0.024
google/gemma-3-1b-it,NVIDIA GeForce RTX 5060 Ti,42,2WikiMultiHopQA,6,16,226,semantic,39.8933,0.0,65.5484,0,1,0,120,376,376,74121740288,74121740288,7.372,0.024
google/gemma-3-1b-it,NVIDIA GeForce RTX 5060 Ti,42,2WikiMultiHopQA,6,16,227,semantic,0.0,0.0,0.0,1,1,1,83,339,339,60251701248,60251701248,7.372,0.024
google/gemma-3-1b-it,NVIDIA GeForce RTX 5060 Ti,42,2WikiMultiHopQA,6,16,228,structural,73.9138,60.8277,86.3581,0,0,0,42,298,298,46558871552,46558871552,7.372,0.024
google/gemma-3-1b-it,NVIDIA GeForce RTX 5060 Ti,42,2WikiMultiHopQA,6,16,229,multi-hop,72.022,0.0,70.7836,0,1,0,40,233,296,28463071232,45936017408,7.372,0.024
google/gemma-3-1b-it,NVIDIA GeForce RTX 5060 Ti,42,2WikiMultiHopQA,6,16,230,structural,94.9515,42.9037,0.0,0,0,1,77,333,333,58137772032,58137772032,7.372,0.024
google/gemma-3-1b-it,NVIDIA GeForce RTX 5060 Ti,42,2WikiMultiHopQA,6,16,231,semantic,78.3641,0.0,0.0,0,1,1,102,358,358,67194847232,67194847232,7.372,0.024
google/gemma-3-1b-it,NVIDIA GeForce RTX 5060 Ti,42,2WikiMultiHopQA,6,16,232,structural,63.7165,35.5633,73.7631,0,0,0,3,16,16,134217728,134217728,7.372,0.024
google/gemma-3-1b-it,NVIDIA GeForce RTX 5060 Ti,42,2WikiMultiHopQA,6,16,233,structural,55.8575,0.0,0.0,0,1,1,95,351,351,64592805888,64592805888,7.372,0.024
google/gemma-3-1b-it,NVIDIA GeForce RTX 5060 Ti,42,2WikiMultiHopQA,6,16,234,semantic,37.0102,0.0,0.0,0,1,1,2,17,17,151519232,151519232,7.372,0.024
google/gemma-3-1b-it,NVIDIA GeForce RTX 5060 Ti,42,2WikiMultiHopQA,6,16,235,multi-hop,0.0,0.0,0.0,1,1,1,83,339,339,60251701248,60251701248,7.372,0.024
google/gemma-3-1b-it,NVIDIA GeForce RTX 5060 Ti,42,2WikiMultiHopQA,6,16,236,multi-hop,76.351,0.0,0.0,0,1,1,140,396,396,82216747008,82216747008,7.372,0.024
google/gemma-3-1b-it,NVIDIA GeForce RTX 5060 Ti,42,2WikiMultiHopQA,6,16,237,structural,73.0248,0.0,0.0,0,1,1,100,356,356,66446163968,66446163968,7.372,0.024
google/gemma-3-1b-it,NVIDIA GeForce RTX 5060 Ti,42,2WikiMultiHopQA,6,16,238,multi-hop,53.155,64.5051,89.0176,0,0,0,53,309,309,50059542528,50059542528,7.372,0.024
google/gemma-3-1b-it,NVIDIA GeForce RTX 5060 Ti,42,2WikiMultiHopQA,6,16,239,structural,78.3035,58.9018,70.9932,0,0,0,80,336,336,59190018048,59190018048,7.372,0.024
google/gemma-3-1b-it,NVIDIA GeForce RTX 5060 Ti,42,2WikiMultiHopQA,6,16,240,multi-hop,57.3359,0.0,96.502,0,1,0,20,276,276,39938162688,39938162688,7.372,0.024
google/gemma-3-1b-it,NVIDIA GeForce RTX 5060 Ti,42,2WikiMultiHopQA,6,16,241,multi-hop,51.6372,0.0,0.0,0,1,1,107,363,363,69084905472,69084905472,7.372,0.024
google/gemma-3-1b-it,NVIDIA GeForce RTX 5060 Ti,42,2WikiMultiHopQA,6,16,242,multi-hop,75.6299,56.6838,95.2409,0,0,0,146,402,402,84727037952,84727037952,7.372,0.024
google/gemma-3-1b-it,NVIDIA GeForce RTX 5060 Ti,42,2WikiMultiHopQA,6,16,243,multi-hop,39.7068,71.9709,0.0,0,0,1,6,262,262,35989225472,35989225472,7.372,0.024
google/gemma-3-1b-it,NVIDIA GeForce RTX 5060 Ti,42,2WikiMultiHopQA,6,16,244,semantic,77.6473,0.0,0.0,0,1,1,78,334,334,58487472128,58487472128,7.372,0.024
google/gemma-3-1b-it,NVIDIA GeForce RTX 5060 Ti,42,2WikiMultiHopQA,6,16,245,multi-hop,66.072,81.8406,70.0032,0,0,0,155,411,411,88563253248,88563253248,7.372,0.024
google/gemma-3-1b-it,NVIDIA GeForce RTX 5060 Ti,42,2WikiMultiHopQA,6,16,246,structural,79.9375,81.2723,54.009,0,0,0,135,391,391,80153673728,80153673728,7.372,0.024
google/gemma-3-1b-it,NVIDIA GeForce RTX 5060 Ti,42,2WikiMultiHopQA,6,16,247,structural,70.9666,0.0,0.0,0,1,1,13,269,269,37938003968,37938003968,7.372,0.024
google/gemma-3-1b-it,NVIDIA GeForce RTX 5060 Ti,42,2WikiMultiHopQA,6,16,248,semantic,97.2094,0.0,0.0,0,1,1,138,394,394,81388371968,81388371968,7.372,0.024
google/gemma-3-1b-it,NVIDIA GeForce RTX 5060 Ti,42,2WikiMultiHopQA,6,16,249,multi-hop,77.6335,0.0,84.1109,0,1,0,103,359,359,67570761728,67570761728,7.372,0.024
google/gemma-3-1b-it,NVIDIA GeForce RTX 5060 Ti,42,2WikiMultiHopQA,6,16,250,semantic,93.1067,0.0,0.0,0,1,1,122,378,378,74912366592,74912366592,7.372,0.024
google/gemma-3-1b-it,NVIDIA GeForce RTX 5060 Ti,42,2WikiMultiHopQA,6,16,251,multi-hop,93.4431,58.8813,77.9911,0,0,0,48,304,304,48452599808,48452599808,7.372,0.024
google/gemma-3-1b-it,NVIDIA GeForce RTX 5060 Ti,42,2WikiMultiHopQA,6,16,252,multi-hop,0.0,0.0,55.194,1,1,0,35,291,291,44397232128,44397232128,7.372,0.024
google/gemma-3-1b-it,NVIDIA GeForce RTX 5060 Ti,42,2WikiMultiHopQA,6,16,253,multi-hop,36.4683,0.0,0.0,0,1,1,113,369,369,71387578368,71387578368,7.372,0.024
google/gemma-3-1b-it,NVIDIA GeForce RTX 5060 Ti,42,2WikiMultiHopQA,6,16,254,multi-hop,38.2479,48.6308,34.1824,0,0,0,4,260,260,35441868800,35441868800,7.372,0.024
google/gemma-3-1b-it,NVIDIA GeForce RTX 5060 Ti,42,2WikiMultiHopQA,6,16,255,multi-hop,62.9865,54.1483,83.1137,0,0,0,122,378,378,74912366592,74912366592,7.372,0.024
google/gemma-3-1b-it,NVIDIA GeForce RTX 5060 Ti,42,2WikiMultiHopQA,6,16,256,multi-hop,76.0418,60.6849,83.0044,0,0,0,46,302,302,47817162752,47817162752,7.372,0.024
google/gemma-3-1b-it,NVIDIA GeForce RTX 5060 Ti,42,2WikiMultiHopQA,6,16,257,semantic,88.0318,0.0,0.0,0,1,1,79,335,335,58838220800,58838220800,7.372,0.024
google/gemma-3-1b-it,NVIDIA GeForce RTX 5060 Ti,42,2WikiMultiHopQA,6,16,258,multi-hop,60.9725,0.0,0.0,0,1,1,48,304,304,48452599808,48452599808,7.372,0.024
google/gemma-3-1b-it,NVIDIA GeForce RTX 5060 Ti,42,2WikiMultiHopQA,6,16,259,multi-hop,71.9389,0.0,0.0,0,1,1,2,28,130,411041792,8860467200,7.372,0.024
google/gemma-3-1b-it,NVIDIA GeForce RTX 5060 Ti,42,2WikiMultiHopQA,6,16,260,structural,69.8794,78.7771,47.3996,0,0,0,12,39,57,797442048,1703411712,7.372,0.024
google/gemma-3-1b-it,NVIDIA GeForce RTX 5060 Ti,42,2WikiMultiHopQA,6,16,261,semantic,35.5214,0.0,33.165,0,1,0,12,210,268,23121100800,37656461312,7.372,0.024
google/gemma-3-1b-it,NVIDIA GeForce RTX 5060 Ti,42,2WikiMultiHopQA,6,16,262,multi-hop,83.2087,62.5529,48.359,0,0,0,119,375,375,73728000000,73728000000,7.372,0.024
google/gemma-3-1b-it,NVIDIA GeForce RTX 5060 Ti,42,2WikiMultiHopQA,6,16,263,semantic,44.4741,0.0,56.8525,0,1,0,135,391,391,80153673728,80153673728,7.372,0.024
google/gemma-3-1b-it,NVIDIA GeForce RTX 5060 Ti,42,2WikiMultiHopQA,6,16,264,semantic,66.4141,0.0,0.0,0,1,1,96,352,352,64961380352,64961380352,7.372,0.024
google/gemma-3-1b-it,NVIDIA GeForce RTX 5060 Ti,42,2WikiMultiHopQA,6,16,265,semantic,85.0555,0.0,0.0,0,1,1,59,315,315,52022476800,52022476800,7.372,0.024
google/gemma-3-1b-it,NVIDIA GeForce RTX 5060 Ti,42,2WikiMultiHopQA,6,16,266,semantic,0.0,88.5865,81.4004,1,0,0,209,465,465,113364172800,113364172800,7.372,0.024
google/gemma-3-1b-it,NVIDIA GeForce RTX 5060 Ti,42,2WikiMultiHopQA,6,16,267,structural,66.2331,97.0968,0.0,0,0,1,32,288,288,43486543872,43486543872,7.372,0.024
google/gemma-3-1b-it,NVIDIA GeForce RTX 5060 Ti,42,2WikiMultiHopQA,6,16,268,structural,98.676,29.8347,57.508,0,0,0,111,367,367,70615826432,70615826432,7.372,0.024
google/gemma-3-1b-it,NVIDIA GeForce RTX 5060 Ti,42,2WikiMultiHopQA,6,16,269,semantic,49.6793,0.0,80.5141,0,1,0,64,320,320,53687091200,53687091200,7.372,0.024
google/gemma-3-1b-it,NVIDIA GeForce RTX 5060 Ti,42,2WikiMultiHopQA,6,16,270,multi-hop,62.1083,0.0,0.0,0,1,1,119,375,375,73728000000,73728000000,7.372,0.024
google/gemma-3-1b-it,NVIDIA GeForce RTX 5060 Ti,42,2WikiMultiHopQA,6,16,271,multi-hop,47.213,0.0,46.0882,0,1,0,28,284,284,42286972928,42286972928,7.372,0.024
google/gemma-3-1b-it,NVIDIA GeForce RTX 5060 Ti,42,2WikiMultiHopQA,6,16,272,semantic,63.8553,0.0,54.0169,0,1,0,20,276,276,39938162688,39938162688,7.372,0.024
google/gemma-3-1b-it,NVIDIA GeForce RTX 5060 Ti,42,2WikiMultiHopQA,6,16,273,multi-hop,35.5323,58.5767,53.615,0,0,0,22,232,258,28219277312,34898706432,7.372,0.024
google/gemma-3-1b-it,NVIDIA GeForce RTX 5060 Ti,42,2WikiMultiHopQA,6,16,274,multi-hop,48.2337,0.0,0.0,0,1,1,112,368,368,71001178112,71001178112,7.372,0.024
google/gemma-3-1b-it,NVIDIA GeForce RTX 5060 Ti,42,2WikiMultiHopQA,6,16,275,multi-hop,99.6669,0.0,93.0115,0,1,0,80,336,336,59190018048,59190018048,7.372,0.024
google/gemma-3-1b-it,NVIDIA GeForce RTX 5060 Ti,42,2WikiMultiHopQA,6,16,276,multi-hop,72.7453,0.0,0.0,0,1,1,36,292,292,44702892032,44702892032,7.372,0.024
google/gemma-3-1b-it,NVIDIA GeForce RTX 5060 Ti,42,2WikiMultiHopQA,6,16,277,structural,80.6085,80.4463,82.4612,0,0,0,25,281,281,41398304768,41398304768,7.372,0.024
google/gemma-3-1b-it,NVIDIA GeForce RTX 5060 Ti,42,2WikiMultiHopQA,6,16,278,multi-hop,64.6492,95.6984,0.0,0,0,1,81,337,337,59542863872,59542863872,7.372,0.024
google/gemma-3-1b-it,NVIDIA GeForce RTX 5060 Ti,42,2WikiMultiHopQA,6,16,279,structural,93.9595,102.3618,61.0858,0,0,0,145,401,401,84306034688,84306034688,7.372,0.024
google/gemma-3-1b-it,NVIDIA GeForce RTX 5060 Ti,42,2WikiMultiHopQA,6,16,280,multi-hop,75.5095,47.6373,65.1957,0,0,0,57,313,313,51363971072,51363971072,7.372,0.024
google/gemma-3-1b-it,NVIDIA GeForce RTX 5060 Ti,42,2WikiMultiHopQA,6,16,281,semantic,27.607,0.0,0.0,0,1,1,105,361,361,68325736448,68325736448,7.372,0.024
google/gemma-3-1b-it,NVIDIA GeForce RTX 5060 Ti,42,2WikiMultiHopQA,6,16,282,semantic,35.8918,0.0,0.0,0,1,1,36,292,292,44702892032,44702892032,7.372,0.024
google/gemma-3-1b-it,NVIDIA GeForce RTX 5060 Ti,42,2WikiMultiHopQA,6,16,283,structural,56.445,55.2259,53.8856,0,0,0,29,285,285,42585292800,42585292800,7.372,0.024
google/gemma-3-1b-it,NVIDIA GeForce RTX 5060 Ti,42,2WikiMultiHopQA,6,16,284,multi-hop,77.2494,0.0,0.0,0,1,1,118,374,374,73335308288,73335308288,7.372,0.024
google/gemma-3-1b-it,NVIDIA GeForce RTX 5060 Ti,42,2WikiMultiHopQA,6,16,285,structural,52.6295,0.0,0.0,0,1,1,34,290,290,44092620800,44092620800,7.372,0.024
google/gemma-3-1b-it,NVIDIA GeForce RTX 5060 Ti,42,2WikiMultiHopQA,6,16,286,multi-hop,49.8215,0.0,38.9237,0,1,0,100,356,356,66446163968,66446163968,7.372,0.024
google/gemma-3-1b-it,NVIDIA GeForce RTX 5060 Ti,42,2WikiMultiHopQA,6,16,287,structural,37.4116,0.0,0.0,0,1,1,98,354,354,65701675008,65701675008,7.372,0.024
google/gemma-3-1b-it,NVIDIA GeForce RTX 5060 Ti,42,2WikiMultiHopQA,6,16,288,multi-hop,29.0397,0.0,0.0,0,1,1,115,371,371,72163524608,72163524608,7.372,0.024
google/gemma-3-1b-it,NVIDIA GeForce RTX 5060 Ti,42,2WikiMultiHopQA,6,16,289,multi-hop,65.099,0.0,0.0,0,1,1,105,361,361,68325736448,68325736448,7.372,0.024
google/gemma-3-1b-it,NVIDIA GeForce RTX 5060 Ti,42,2WikiMultiHopQA,6,16,290,semantic,71.5749,0.0,0.0,0,1,1,105,361,361,68325736448,68325736448,7.372,0.024
google/gemma-3-1b-it,NVIDIA GeForce RTX 5060 Ti,42,2WikiMultiHopQA,6,16,291,multi-hop,63.6892,64.5304,68.2804,0,0,0,100,356,356,66446163968,66446163968,7.372,0.024
google/gemma-3-1b-it,NVIDIA GeForce RTX 5060 Ti,42,2WikiMultiHopQA,6,16,292,multi-hop,35.4099,0.0,76.2697,0,1,0,20,276,276,39938162688,39938162688,7.372,0.024
google/gemma-3-1b-it,NVIDIA GeForce RTX 5060 Ti,42,2WikiMultiHopQA,6,16,293,multi-hop,37.8927,78.918,67.8378,0,0,0,24,280,280,41104179200,41104179200,7.372,0.024
google/gemma-3-1b-it,NVIDIA GeForce RTX 5060 Ti,42,2WikiMultiHopQA,6,16,294,multi-hop,82.5484,61.6086,72.9874,0,0,0,51,307,307,49413619712,49413619712,7.372,0.024
google/gemma-3-1b-it,NVIDIA GeForce RTX 5060 Ti,42,2WikiMultiHopQA,6,16,295,semantic,53.2257,0.0,55.1229,0,1,0,146,402,402,84727037952,84727037952,7.372,0.024
google/gemma-3-1b-it,NVIDIA GeForce RTX 5060 Ti,42,2WikiMultiHopQA,6,16,296,multi-hop,71.0956,64.8545,65.5751,0,0,0,124,380,380,75707187200,75707187200,7.372,0.024
google/gemma-3-1b-it,NVIDIA GeForce RTX 5060 Ti,42,2WikiMultiHopQA,6,16,297,multi-hop,62.1,50.4012,0.0,0,0,1,78,334,334,58487472128,58487472128,7.372,0.024
google/gemma-3-1b-it,NVIDIA GeForce RTX 5060 Ti,42,2WikiMultiHopQA,6,16,298,structural,59.6923,66.3582,30.7825,0,0,0,5,34,37,606076928,717750272,7.372,0.024
google/gemma-3-1b-it,NVIDIA GeForce RTX 5060 Ti,42,2WikiMultiHopQA,6,16,299,semantic,63.5177,0.0,0.0,0,1,1,123,379,379,75309252608,75309252608,7.372,0.024
google/gemma-3-1b-it,NVIDIA GeForce RTX 5060 Ti,42,2WikiMultiHopQA,6,16,300,multi-hop,35.397,0.0,0.0,0,1,1,121,377,377,74516529152,74516529152,7.372,0.024
google/gemma-3-1b-it,NVIDIA GeForce RTX 5060 Ti,42,2WikiMultiHopQA,6,16,301,multi-hop,40.4824,0.0,0.0,0,1,1,103,359,359,67570761728,67570761728,7.372,0.024
google/gemma-3-1b-it,NVIDIA GeForce RTX 5060 Ti,42,2WikiMultiHopQA,6,16,302,structural,56.612,37.6829,0.0,0,0,1,118,374,374,73335308288,73335308288,7.372,0.024
google/gemma-3-1b-it,NVIDIA GeForce RTX 5060 Ti,42,2WikiMultiHopQA,6,16,303,semantic,0.0,0.0,0.0,1,1,1,110,366,366,70231523328,70231523328,7.372,0.024
google/gemma-3-1b-it,NVIDIA GeForce RTX 5060 Ti,42,2WikiMultiHopQA,6,16,304,multi-hop,76.395,0.0,0.0,0,1,1,50,306,306,49092231168,49092231168,7.372,0.024
google/gemma-3-1b-it,NVIDIA GeForce RTX 5060 Ti,42,2WikiMultiHopQA,6,16,305,multi-hop,34.9057,0.0,0.0,0,1,1,46,302,302,47817162752,47817162752,7.372,0.024
google/gemma-3-1b-it,NVIDIA GeForce RTX 5060 Ti,42,2WikiMultiHopQA,6,16,306,semantic,77.7827,0.0,0.0,0,1,1,119,375,375,73728000000,73728000000,7.372,0.024
google/gemma-3-1b-it,NVIDIA GeForce RTX 5060 Ti,42,2WikiMultiHopQA,6,16,307,semantic,50.2819,0.0,0.0,0,1,1,2,16,30,134217728,471859200,7.372,0.024
google/gemma-3-1b-it,NVIDIA GeForce RTX 5060 Ti,42,2WikiMultiHopQA,6,16,308,multi-hop,75.4631,0.0,0.0,0,1,1,107,363,363,69084905472,69084905472,7.372,0.024
google/gemma-3-1b-it,NVIDIA GeForce RTX 5060 Ti,42,2WikiMultiHopQA,6,16,309,multi-hop,75.932,0.0,0.0,0,1,1,114,370,370,71775027200,71775027200,7.372,0.024
google/gemma-3-1b-it,NVIDIA GeForce RTX 5060 Ti,42,2WikiMultiHopQA,6,16,310,structural,91.3483,0.0,45.5545,0,1,0,80,336,336,59190018048,59190018048,7.372,0.024
google/gemma-3-1b-it,NVIDIA GeForce RTX 5060 Ti,42,2WikiMultiHopQA,6,16,311,multi-hop,68.879,70.4599,0.0,0,0,1,122,378,378,74912366592,74912366592,7.372,0.024
google/gemma-3-1b-it,NVIDIA GeForce RTX 5060 Ti,42,2WikiMultiHopQA,6,16,312,multi-hop,35.8088,66.4738,0.0,0,0,1,90,346,346,62765662208,62765662208,7.372,0.024
google/gemma-3-1b-it,NVIDIA GeForce RTX 5060 Ti,42,2WikiMultiHopQA,6,16,313,structural,37.2606,64.6201,38.8161,0,0,0,3,14,17,102760448,151519232,7.372,0.024
google/gemma-3-1b-it,NVIDIA GeForce RTX 5060 Ti,42,2WikiMultiHopQA,6,16,314,structural,43.1919,52.3558,83.5249,0,0,0,16,60,178,1887436800,16611540992,7.372,0.024
google/gemma-3-1b-it,NVIDIA GeForce RTX 5060 Ti,42,2WikiMultiHopQA,6,16,315,multi-hop,93.5779,60.517,32.2894,0,0,0,155,411,411,88563253248,88563253248,7.372,0.024
google/gemma-3-1b-it,NVIDIA GeForce RTX 5060 Ti,42,2WikiMultiHopQA,6,16,316,semantic,34.8412,0.0,40.7629,0,1,0,74,330,330,57094963200,57094963200,7.372,0.024
google/gemma-3-1b-it,NVIDIA GeForce RTX 5060 Ti,42,2WikiMultiHopQA,6,16,317,multi-hop,55.6624,0.0,0.0,0,1,1,46,302,302,47817162752,47817162752,7.372,0.024
google/gemma-3-1b-it,NVIDIA GeForce RTX 5060 Ti,42,2WikiMultiHopQA,6,16,318,multi-hop,37.0249,0.0,0.0,0,1,1,4,260,260,35441868800,35441868800,7.372,0.024
google/gemma-3-1b-it,NVIDIA GeForce RTX 5060 Ti,42,2WikiMultiHopQA,6,16,319,semantic,34.6079,0.0,0.0,0,1,1,105,361,361,68325736448,68325736448,7.372,0.024
google/gemma-3-1b-it,NVIDIA GeForce RTX 5060 Ti,42,2WikiMultiHopQA,6,16,320,multi-hop,30.068,0.0,0.0,0,1,1,102,358,358,67194847232,67194847232,7.372,0.024
google/gemma-3-1b-it,NVIDIA GeForce RTX 5060 Ti,42,2WikiMultiHopQA,6,16,321,multi-hop,30.1326,0.0,0.0,0,1,1,99,355,355,66073395200,66073395200,7.372,0.024
google/gemma-3-1b-it,NVIDIA GeForce RTX 5060 Ti,42,2WikiMultiHopQA,6,16,322,multi-hop,46.5983,28.3764,0.0,0,0,1,122,378,378,74912366592,74912366592,7.372,0.024
google/gemma-3-1b-it,NVIDIA GeForce RTX 5060 Ti,42,2WikiMultiHopQA,6,16,323,structural,0.0,31.022,0.0,1,0,1,110,366,366,70231523328,70231523328,7.372,0.024
google/gemma-3-1b-it,NVIDIA GeForce RTX 5060 Ti,42,2WikiMultiHopQA,6,16,324,semantic,41.0837,0.0,0.0,0,1,1,136,392,392,80564191232,80564191232,7.372,0.024
google/gemma-3-1b-it,NVIDIA GeForce RTX 5060 Ti,42,2WikiMultiHopQA,6,16,325,semantic,35.7083,0.0,0.0,0,1,1,138,394,394,81388371968,81388371968,7.372,0.024
google/gemma-3-1b-it,NVIDIA GeForce RTX 5060 Ti,42,2WikiMultiHopQA,6,16,326,multi-hop,57.0878,49.1387,58.5592,0,0,0,139,395,395,81802035200,81802035200,7.372,0.024
google/gemma-3-1b-it,NVIDIA GeForce RTX 5060 Ti,42,2WikiMultiHopQA,6,16,327,structural,68.3384,37.8049,74.1686,0,0,0,93,349,349,63858802688,63858802688,7.372,0.024
google/gemma-3-1b-it,NVIDIA GeForce RTX 5060 Ti,42,2WikiMultiHopQA,6,16,328,multi-hop,53.5889,0.0,42.6515,0,1,0,33,289,289,43789058048,43789058048,7.372,0.024
google/gemma-3-1b-it,NVIDIA GeForce RTX 5060 Ti,42,2WikiMultiHopQA,6,16,329,multi-hop,45.2508,0.0,0.0,0,1,1,114,370,370,71775027200,71775027200,7.372,0.024
google/gemma-3-1b-it,NVIDIA GeForce RTX 5060 Ti,42,2WikiMultiHopQA,6,16,330,structural,53.6484,77.2103,44.1729,0,0,0,2,15,258,117964800,34898706432,7.372,0.024
google/gemma-3-1b-it,NVIDIA GeForce RTX 5060 Ti,42,2WikiMultiHopQA,6,16,331,multi-hop,50.3712,0.0,39.3047,0,1,0,209,465,465,113364172800,113364172800,7.372,0.024
google/gemma-3-1b-it,NVIDIA GeForce RTX 5060 Ti,42,2WikiMultiHopQA,6,16,332,multi-hop,29.8457,30.1607,59.2775,0,0,0,29,285,285,42585292800,42585292800,7.372,0.024
google/gemma-3-1b-it,NVIDIA GeForce RTX 5060 Ti,42,2WikiMultiHopQA,6,16,333,semantic,51.9316,0.0,34.1396,0,1,0,80,336,336,59190018048,59190018048,7.372,0.024
google/gemma-3-1b-it,NVIDIA GeForce RTX 5060 Ti,42,2WikiMultiHopQA,6,16,334,semantic,38.1211,0.0,0.0,0,1,1,103,359,359,67570761728,67570761728,7.372,0.024
google/gemma-3-1b-it,NVIDIA GeForce RTX 5060 Ti,42,2WikiMultiHopQA,6,16,335,multi-hop,66.6558,0.0,0.0,0,1,1,22,278,278,40519073792,40519073792,7.372,0.024
google/gemma-3-1b-it,NVIDIA GeForce RTX 5060 Ti,42,2WikiMultiHopQA,6,16,336,multi-hop,47.2715,0.0,0.0,0,1,1,95,351,351,64592805888,64592805888,7.372,0.024
google/gemma-3-1b-it,NVIDIA GeForce RTX 5060 Ti,42,2WikiMultiHopQA,6,16,337,structural,34.5981,49.863,0.0,0,0,1,38,294,294,45317357568,45317357568,7.372,0.024
google/gemma-3-1b-it,NVIDIA GeForce RTX 5060 Ti,42,2WikiMultiHopQA,6,16,338,multi-hop,33.6275,0.0,0.0,0,1,1,2,17,17,151519232,151519232,7.372,0.024
google/gemma-3-1b-it,NVIDIA GeForce RTX 5060 Ti,42,2WikiMultiHopQA,6,16,339,multi-hop,64.776,0.0,0.0,0,1,1,91,347,347,63128993792,63128993792,7.372,0.024
google/gemma-3-1b-it,NVIDIA GeForce RTX 5060 Ti,42,2WikiMultiHopQA,6,16,340,semantic,50.5576,0.0,0.0,0,1,1,32,288,288,43486543872,43486543872,7.372,0.024
google/gemma-3-1b-it,NVIDIA GeForce RTX 5060 Ti,42,2WikiMultiHopQA,6,16,341,semantic,40.3158,0.0,0.0,0,1,1,48,304,304,48452599808,48452599808,7.372,0.024
google/gemma-3-1b-it,NVIDIA GeForce RTX 5060 Ti,42,2WikiMultiHopQA,6,16,342,multi-hop,0.0,0.0,0.0,1,1,1,2,17,17,151519232,151519232,7.372,0.024
google/gemma-3-1b-it,NVIDIA GeForce RTX 5060 Ti,42,2WikiMultiHopQA,6,16,343,structural,28.9824,45.275,63.0888,0,0,0,3,14,17,102760448,151519232,7.372,0.024
google/gemma-3-1b-it,NVIDIA GeForce RTX 5060 Ti,42,2WikiMultiHopQA,6,16,344,multi-hop,76.6699,0.0,0.0,0,1,1,105,361,361,68325736448,68325736448,7.372,0.024
google/gemma-3-1b-it,NVIDIA GeForce RTX 5060 Ti,42,2WikiMultiHopQA,6,16,345,semantic,36.2308,0.0,36.6001,0,1,0,121,377,377,74516529152,74516529152,7.372,0.024
google/gemma-3-1b-it,NVIDIA GeForce RTX 5060 Ti,42,2WikiMultiHopQA,6,16,346,semantic,28.9892,0.0,0.0,0,1,1,5,42,32,924844032,536870912,7.372,0.024
google/gemma-3-1b-it,NVIDIA GeForce RTX 5060 Ti,42,2WikiMultiHopQA,6,16,347,structural,27.5506,37.8087,30.4084,0,0,0,72,328,328,56405000192,56405000192,7.372,0.024
google/gemma-3-1b-it,NVIDIA GeForce RTX 5060 Ti,42,2WikiMultiHopQA,6,16,348,structural,38.6097,0.0,0.0,0,1,1,100,356,356,66446163968,66446163968,7.372,0.024
google/gemma-3-1b-it,NVIDIA GeForce RTX 5060 Ti,42,2WikiMultiHopQA,6,16,349,semantic,0.0,0.0,0.0,1,1,1,5,42,32,924844032,536870912,7.372,0.024
google/gemma-3-1b-it,NVIDIA GeForce RTX 5060 Ti,42,2WikiMultiHopQA,6,16,350,semantic,57.1853,0.0,0.0,0,1,1,132,388,388,78928412672,78928412672,7.372,0.024
google/gemma-3-1b-it,NVIDIA GeForce RTX 5060 Ti,42,2WikiMultiHopQA,6,16,351,multi-hop,54.7782,35.1318,60.5997,0,0,0,58,314,314,51692699648,51692699648,7.372,0.024
google/gemma-3-1b-it,NVIDIA GeForce RTX 5060 Ti,42,2WikiMultiHopQA,6,16,352,structural,36.9379,66.835,31.6144,0,0,0,2,28,205,411041792,22033203200,7.372,0.024
google/gemma-3-1b-it,NVIDIA GeForce RTX 5060 Ti,42,2WikiMultiHopQA,6,16,353,semantic,35.7586,0.0,0.0,0,1,1,101,357,357,66819981312,66819981312,7.372,0.024
google/gemma-3-1b-it,NVIDIA GeForce RTX 5060 Ti,42,2WikiMultiHopQA,6,16,354,semantic,0.0,35.6493,0.0,1,0,1,122,378,378,74912366592,74912366592,7.372,0.024
google/gemma-3-1b-it,NVIDIA GeForce RTX 5060 Ti,42,2WikiMultiHopQA,6,16,355,semantic,50.4359,0.0,0.0,0,1,1,3,18,20,169869312,209715200,7.372,0.024
google/gemma-3-1b-it,NVIDIA GeForce RTX 5060 Ti,42,2WikiMultiHopQA,6,16,356,multi-hop,39.1186,34.3837,28.7213,0,0,0,95,351,351,64592805888,64592805888,7.372,0.024
google/gemma-3-1b-it,NVIDIA GeForce RTX 5060 Ti,42,2WikiMultiHopQA,6,16,357,structural,70.0254,0.0,0.0,0,1,1,141,397,397,82632507392,82632507392,7.372,0.024
google/gemma-3-1b-it,NVIDIA GeForce RTX 5060 Ti,42,2WikiMultiHopQA,6,16,358,multi-hop,44.0258,46.5985,62.2417,0,0,0,98,354,354,65701675008,65701675008,7.372,0.024
google/gemma-3-1b-it,NVIDIA GeForce RTX 5060 Ti,42,2WikiMultiHopQA,6,16,359,structural,35.7446,28.7653,37.5457,0,0,0,3,14,17,102760448,151519232,7.372,0.024
google/gemma-3-1b-it,NVIDIA GeForce RTX 5060 Ti,42,2WikiMultiHopQA,6,16,360,structural,48.3478,73.3178,58.4917,0,0,0,59,315,315,52022476800,52022476800,7.372,0.024
google/gemma-3-1b-it,NVIDIA GeForce RTX 5060 Ti,42,2WikiMultiHopQA,6,16,361,semantic,46.1234,0.0,0.0,0,1,1,78,334,334,58487472128,58487472128,7.372,0.024
google/gemma-3-1b-it,NVIDIA GeForce RTX 5060 Ti,42,2WikiMultiHopQA,6,16,362,multi-hop,80.1119,63.5365,61.883,0,0,0,114,370,370,71775027200,71775027200,7.372,0.024
google/gemma-3-1b-it,NVIDIA GeForce RTX 5060 Ti,42,2WikiMultiHopQA,6,16,363,structural,41.6652,73.2848,32.6145,0,0,0,84,340,340,60607692800,60607692800,7.372,0.024
google/gemma-3-1b-it,NVIDIA GeForce RTX 5060 Ti,42,2WikiMultiHopQA,6,16,364,semantic,39.1755,0.0,27.5217,0,1,0,91,347,347,63128993792,63128993792,7.372,0.024
google/gemma-3-1b-it,NVIDIA GeForce RTX 5060 Ti,42,2WikiMultiHopQA,6,16,365,semantic,31.3572,0.0,0.0,0,1,1,109,365,365,69848268800,69848268800,7.372,0.024
google/gemma-3-1b-it,NVIDIA GeForce RTX 5060 Ti,42,2WikiMultiHopQA,6,16,366,multi-hop,30.174,0.0,73.4708,0,1,0,110,366,366,70231523328,70231523328,7.372,0.024
google/gemma-3-1b-it,NVIDIA GeForce RTX 5060 Ti,42,2WikiMultiHopQA,6,16,367,semantic,65.2341,0.0,0.0,0,1,1,86,342,342,61322821632,61322821632,7.372,0.024
google/gemma-3-1b-it,NVIDIA GeForce RTX 5060 Ti,42,2WikiMultiHopQA,6,16,368,semantic,70.1946,0.0,36.2128,0,1,0,7,263,263,36264476672,36264476672,7.372,0.024
google/gemma-3-1b-it,NVIDIA GeForce RTX 5060 Ti,42,2WikiMultiHopQA,6,16,369,semantic,59.8826,0.0,0.0,0,1,1,103,359,359,67570761728,67570761728,7.372,0.024
google/gemma-3-1b-it,NVIDIA GeForce RTX 5060 Ti,42,2WikiMultiHopQA,6,16,370,multi-hop,36.0957,0.0,0.0,0,1,1,114,370,370,71775027200,71775027200,7.372,0.024
google/gemma-3-1b-it,NVIDIA GeForce RTX 5060 Ti,42,2WikiMultiHopQA,6,16,371,semantic,30.3541,0.0,0.0,0,1,1,8,67,264,2353528832,36540776448,7.372,0.024
google/gemma-3-1b-it,NVIDIA GeForce RTX 5060 Ti,42,2WikiMultiHopQA,6,16,372,multi-hop,38.8041,0.0,31.5847,0,1,0,16,272,272,38788923392,38788923392,7.372,0.024
google/gemma-3-1b-it,NVIDIA GeForce RTX 5060 Ti,42,2WikiMultiHopQA,6,16,373,multi-hop,40.1124,0.0,0.0,0,1,1,41,297,297,46246920192,46246920192,7.372,0.024
google/gemma-3-1b-it,NVIDIA GeForce RTX 5060 Ti,42,2WikiMultiHopQA,6,16,374,structural,44.203,0.0,0.0,0,1,1,92,348,348,63493373952,63493373952,7.372,0.024
google/gemma-3-1b-it,NVIDIA GeForce RTX 5060 Ti,42,2WikiMultiHopQA,6,16,375,structural,28.3345,35.4405,0.0,0,0,1,95,351,351,64592805888,64592805888,7.372,0.024
google/gemma-3-1b-it,NVIDIA GeForce RTX 5060 Ti,42,2WikiMultiHopQA,6,16,376,multi-hop,30.3921,73.9121,0.0,0,0,1,109,365,365,69848268800,69848268800,7.372,0.024
google/gemma-3-1b-it,NVIDIA GeForce RTX 5060 Ti,42,2WikiMultiHopQA,6,16,377,structural,35.7343,0.0,0.0,0,1,1,146,402,402,84727037952,84727037952,7.372,0.024
google/gemma-3-1b-it,NVIDIA GeForce RTX 5060 Ti,42,2WikiMultiHopQA,6,16,378,multi-hop,33.88,53.4865,0.0,0,0,1,5,18,261,169869312,35715022848,7.372,0.024
google/gemma-3-1b-it,NVIDIA GeForce RTX 5060 Ti,42,2WikiMultiHopQA,6,16,379,structural,39.9061,41.2909,32.3412,0,0,0,57,313,313,51363971072,51363971072,7.372,0.024
google/gemma-3-1b-it,NVIDIA GeForce RTX 5060 Ti,42,2WikiMultiHopQA,6,16,380,semantic,42.3948,0.0,37.6117,0,1,0,83,339,339,60251701248,60251701248,7.372,0.024
google/gemma-3-1b-it,NVIDIA GeForce RTX 5060 Ti,42,2WikiMultiHopQA,6,16,381,structural,47.56,0.0,0.0,0,1,1,100,356,356,66446163968,66446163968,7.372,0.024
google/gemma-3-1b-it,NVIDIA GeForce RTX 5060 Ti,42,2WikiMultiHopQA,6,16,382,semantic,39.3667,0.0,0.0,0,1,1,58,314,314,51692699648,51692699648,7.372,0.024
google/gemma-3-1b-it,NVIDIA GeForce RTX 5060 Ti,42,2WikiMultiHopQA,6,16,383,multi-hop,71.3868,0.0,0.0,0,1,1,24,280,280,41104179200,41104179200,7.372,0.024
google/gemma-3-1b-it,NVIDIA GeForce RTX 5060 Ti,42,2WikiMultiHopQA,6,16,384,structural,46.1392,28.3819,32.9233,0,0,0,139,395,395,81802035200,81802035200,7.372,0.024
google/gemma-3-1b-it,NVIDIA GeForce RTX 5060 Ti,42,2WikiMultiHopQA,6,16,385,multi-hop,27.009,25.4066,31.5561,0,0,0,26,282,282,41693478912,41693478912,7.372,0.024
google/gemma-3-1b-it,NVIDIA GeForce RTX 5060 Ti,42,2WikiMultiHopQA,6,16,386,semantic,55.6837,0.0,37.1539,0,1,0,109,365,365,69848268800,69848268800,7.372,0.024
google/gemma-3-1b-it,NVIDIA GeForce RTX 5060 Ti,42,2WikiMultiHopQA,6,16,387,semantic,28.2165,0.0,39.5177,0,1,0,113,369,369,71387578368,71387578368,7.372,0.024
google/gemma-3-1b-it,NVIDIA GeForce RTX 5060 Ti,42,2WikiMultiHopQA,6,16,388,multi-hop,63.6869,0.0,55.5698,0,1,0,8,264,264,36540776448,36540776448,7.372,0.024
google/gemma-3-1b-it,NVIDIA GeForce RTX 5060 Ti,42,2WikiMultiHopQA,6,16,389,semantic,36.0327,0.0,0.0,0,1,1,99,355,355,66073395200,66073395200,7.372,0.024
google/gemma-3-1b-it,NVIDIA GeForce RTX 5060 Ti,42,2WikiMultiHopQA,6,16,390,multi-hop,0.0,0.0,0.0,1,1,1,93,349,349,63858802688,63858802688,7.372,0.024
google/gemma-3-1b-it,NVIDIA GeForce RTX 5060 Ti,42,2WikiMultiHopQA,6,16,391,multi-hop,53.1356,0.0,0.0,0,1,1,52,308,308,49736056832,49736056832,7.372,0.024
google/gemma-3-1b-it,NVIDIA GeForce RTX 5060 Ti,42,2WikiMultiHopQA,6,16,392,multi-hop,48.9906,0.0,0.0,0,1,1,134,390,390,79744204800,79744204800,7.372,0.024
google/gemma-3-1b-it,NVIDIA GeForce RTX 5060 Ti,42,2WikiMultiHopQA,6,16,393,semantic,27.8874,0.0,0.0,0,1,1,73,329,329,56749457408,56749457408,7.372,0.024
google/gemma-3-1b-it,NVIDIA GeForce RTX 5060 Ti,42,2WikiMultiHopQA,6,16,394,multi-hop,34.6283,59.5517,83.0756,0,0,0,74,330,330,57094963200,57094963200,7.372,0.024
google/gemma-3-1b-it,NVIDIA GeForce RTX 5060 Ti,42,2WikiMultiHopQA,6,16,395,multi-hop,44.311,75.0258,0.0,0,0,1,110,366,366,70231523328,70231523328,7.372,0.024
google/gemma-3-1b-it,NVIDIA GeForce RTX 5060 Ti,42,2WikiMultiHopQA,6,16,396,multi-hop,38.7699,34.565,0.0,0,0,1,109,365,365,69848268800,69848268800,7.372,0.024
google/gemma-3-1b-it,NVIDIA GeForce RTX 5060 Ti,42,2WikiMultiHopQA,6,16,397,structural,34.1856,0.0,0.0,0,1,1,103,359,359,67570761728,67570761728,7.372,0.024
google/gemma-3-1b-it,NVIDIA GeForce RTX 5060 Ti,42,2WikiMultiHopQA,6,16,398,multi-hop,41.8697,38.1337,0.0,0,0,1,109,365,365,69848268800,69848268800,7.372,0.024
google/gemma-3-1b-it,NVIDIA GeForce RTX 5060 Ti,42,2WikiMultiHopQA,6,16,399,multi-hop,0.0,0.0,0.0,1,1,1,86,342,342,61322821632,61322821632,7.372,0.024
google/gemma-3-1b-it,NVIDIA GeForce RTX 5060 Ti,42,2WikiMultiHopQA,6,16,400,multi-hop,33.4035,0.0,43.8298,0,1,0,98,354,354,65701675008,65701675008,7.372,0.024
google/gemma-3-1b-it,NVIDIA GeForce RTX 5060 Ti,42,2WikiMultiHopQA,6,16,401,structural,34.0951,0.0,0.0,0,1,1,27,283,283,41989701632,41989701632,7.372,0.024
google/gemma-3-1b-it,NVIDIA GeForce RTX 5060 Ti,42,2WikiMultiHopQA,6,16,402,semantic,41.9053,0.0,39.281,0,1,0,96,352,352,64961380352,64961380352,7.372,0.024
google/gemma-3-1b-it,NVIDIA GeForce RTX 5060 Ti,42,2WikiMultiHopQA,6,16,403,multi-hop,52.9923,63.3123,0.0,0,0,1,121,377,377,74516529152,74516529152,7.372,0.024
google/gemma-3-1b-it,NVIDIA GeForce RTX 5060 Ti,42,2WikiMultiHopQA,6,16,404,semantic,35.3338,0.0,0.0,0,1,1,116,372,372,72553070592,72553070592,7.372,0.024
google/gemma-3-1b-it,NVIDIA GeForce RTX 5060 Ti,42,2WikiMultiHopQA,6,16,405,structural,35.3891,38.9464,31.9837,0,0,0,117,373,373,72943665152,72943665152,7.372,0.024
google/gemma-3-1b-it,NVIDIA GeForce RTX 5060 Ti,42,2WikiMultiHopQA,6,16,406,semantic,54.9731,0.0,0.0,0,1,1,105,361,361,68325736448,68325736448,7.372,0.024
google/gemma-3-1b-it,NVIDIA GeForce RTX 5060 Ti,42,2WikiMultiHopQA,6,16,407,multi-hop,31.9336,60.7813,61.2078,0,0,0,139,395,395,81802035200,81802035200,7.372,0.024
google/gemma-3-1b-it,NVIDIA GeForce RTX 5060 Ti,42,2WikiMultiHopQA,6,16,408,multi-hop,32.3736,0.0,0.0,0,1,1,139,395,395,81802035200,81802035200,7.372,0.024
google/gemma-3-1b-it,NVIDIA GeForce RTX 5060 Ti,42,2WikiMultiHopQA,6,16,409,semantic,39.9135,0.0,0.0,0,1,1,142,398,398,83049316352,83049316352,7.372,0.024
google/gemma-3-1b-it,NVIDIA GeForce RTX 5060 Ti,42,2WikiMultiHopQA,6,16,410,multi-hop,53.2137,0.0,0.0,0,1,1,4,260,260,35441868800,35441868800,7.372,0.024
google/gemma-3-1b-it,NVIDIA GeForce RTX 5060 Ti,42,2WikiMultiHopQA,6,16,411,structural,67.7103,0.0,0.0,0,1,1,96,352,352,64961380352,64961380352,7.372,0.024
google/gemma-3-1b-it,NVIDIA GeForce RTX 5060 Ti,42,2WikiMultiHopQA,6,16,412,multi-hop,25.6314,0.0,0.0,0,1,1,100,356,356,66446163968,66446163968,7.372,0.024
google/gemma-3-1b-it,NVIDIA GeForce RTX 5060 Ti,42,2WikiMultiHopQA,6,16,413,multi-hop,27.2716,47.8356,74.983,0,0,0,107,363,363,69084905472,69084905472,7.372,0.024
google/gemma-3-1b-it,NVIDIA GeForce RTX 5060 Ti,42,2WikiMultiHopQA,6,16,414,multi-hop,54.845,0.0,0.0,0,1,1,101,357,357,66819981312,66819981312,7.372,0.024
google/gemma-3-1b-it,NVIDIA GeForce RTX 5060 Ti,42,2WikiMultiHopQA,6,16,415,semantic,34.4219,0.0,0.0,0,1,1,100,356,356,66446163968,66446163968,7.372,0.024
google/gemma-3-1b-it,NVIDIA GeForce RTX 5060 Ti,42,2WikiMultiHopQA,6,16,416,semantic,82.6201,0.0,0.0,0,1,1,57,313,313,51363971072,51363971072,7.372,0.024
google/gemma-3-1b-it,NVIDIA GeForce RTX 5060 Ti,42,2WikiMultiHopQA,6,16,417,semantic,56.8739,0.0,76.6784,0,1,0,114,370,370,71775027200,71775027200,7.372,0.024
google/gemma-3-1b-it,NVIDIA GeForce RTX 5060 Ti,42,2WikiMultiHopQA,6,16,418,multi-hop,73.6472,73.4638,91.2192,0,0,0,114,370,370,71775027200,71775027200,7.372,0.024
google/gemma-3-1b-it,NVIDIA GeForce RTX 5060 Ti,42,2WikiMultiHopQA,6,16,419,multi-hop,70.9573,65.5367,49.7823,0,0,0,100,356,356,66446163968,66446163968,7.372,0.024
google/gemma-3-1b-it,NVIDIA GeForce RTX 5060 Ti,42,2WikiMultiHopQA,6,16,420,structural,61.9333,39.9326,0.0,0,0,1,103,359,359,67570761728,67570761728,7.372,0.024
google/gemma-3-1b-it,NVIDIA GeForce RTX 5060 Ti,42,2WikiMultiHopQA,6,16,421,multi-hop,49.1387,43.6652,44.3669,0,0,0,111,367,367,70615826432,70615826432,7.372,0.024
google/gemma-3-1b-it,NVIDIA GeForce RTX 5060 Ti,42,2WikiMultiHopQA,6,16,422,multi-hop,70.7315,0.0,0.0,0,1,1,115,371,371,72163524608,72163524608,7.372,0.024
google/gemma-3-1b-it,NVIDIA GeForce RTX 5060 Ti,42,2WikiMultiHopQA,6,16,423,semantic,52.8502,0.0,0.0,0,1,1,109,365,365,69848268800,69848268800,7.372,0.024
google/gemma-3-1b-it,NVIDIA GeForce RTX 5060 Ti,42,2WikiMultiHopQA,6,16,424,structural,28.8488,64.0532,49.7832,0,0,0,36,292,292,44702892032,44702892032,7.372,0.024
google/gemma-3-1b-it,NVIDIA GeForce RTX 5060 Ti,42,2WikiMultiHopQA,6,16,425,semantic,37.366,0.0,0.0,0,1,1,36,292,292,44702892032,44702892032,7.372,0.024
google/gemma-3-1b-it,NVIDIA GeForce RTX 5060 Ti,42,2WikiMultiHopQA,6,16,426,multi-hop,49.464,66.1567,47.8625,0,0,0,105,361,361,68325736448,68325736448,7.372,0.024
google/gemma-3-1b-it,NVIDIA GeForce RTX 5060 Ti,42,2WikiMultiHopQA,6,16,427,semantic,54.97,0.0,69.3357,0,1,0,158,414,414,89860866048,89860866048,7.372,0.024
google/gemma-3-1b-it,NVIDIA GeForce RTX 5060 Ti,42,2WikiMultiHopQA,6,16,428,semantic,74.4934,0.0,59.7533,0,1,0,34,290,290,44092620800,44092620800,7.372,0.024
google/gemma-3-1b-it,NVIDIA GeForce RTX 5060 Ti,42,2WikiMultiHopQA,6,16,429,multi-hop,38.8114,44.2717,51.0405,0,0,0,64,320,320,53687091200,53687091200,7.372,0.024
google/gemma-3-1b-it,NVIDIA GeForce RTX 5060 Ti,42,2WikiMultiHopQA,6,16,430,semantic,41.7282,0.0,0.0,0,1,1,43,299,299,46871871488,46871871488,7.372,0.024
google/gemma-3-1b-it,NVIDIA GeForce RTX 5060 Ti,42,2WikiMultiHopQA,6,16,431,multi-hop,59.9559,62.3746,66.3918,0,0,0,101,357,357,66819981312,66819981312,7.372,0.024
google/gemma-3-1b-it,NVIDIA GeForce RTX 5060 Ti,42,2WikiMultiHopQA,6,16,432,structural,61.8419,75.064,76.2738,0,0,0,126,382,382,76506202112,76506202112,7.372,0.024
google/gemma-3-1b-it,NVIDIA GeForce RTX 5060 Ti,42,2WikiMultiHopQA,6,16,433,structural,79.1415,59.077,0.0,0,0,1,122,378,378,74912366592,74912366592,7.372,0.024
google/gemma-3-1b-it,NVIDIA GeForce RTX 5060 Ti,42,2WikiMultiHopQA,6,16,434,multi-hop,50.0457,87.7169,0.0,0,0,1,33,289,289,43789058048,43789058048,7.372,0.024
google/gemma-3-1b-it,NVIDIA GeForce RTX 5060 Ti,42,2WikiMultiHopQA,6,16,435,structural,68.0899,0.0,0.0,0,1,1,31,287,287,43185078272,43185078272,7.372,0.024
google/gemma-3-1b-it,NVIDIA GeForce RTX 5060 Ti,42,2WikiMultiHopQA,6,16,436,multi-hop,66.0438,0.0,0.0,0,1,1,3,259,259,35169763328,35169763328,7.372,0.024
google/gemma-3-1b-it,NVIDIA GeForce RTX 5060 Ti,42,2WikiMultiHopQA,6,16,437,multi-hop,82.942,0.0,60.387,0,1,0,57,313,313,51363971072,51363971072,7.372,0.024
google/gemma-3-1b-it,NVIDIA GeForce RTX 5060 Ti,42,2WikiMultiHopQA,6,16,438,multi-hop,57.7429,78.6865,0.0,0,0,1,40,233,296,28463071232,45936017408,7.372,0.024
google/gemma-3-1b-it,NVIDIA GeForce RTX 5060 Ti,42,2WikiMultiHopQA,6,16,439,semantic,62.1341,0.0,0.0,0,1,1,50,306,306,49092231168,49092231168,7.372,0.024
google/gemma-3-1b-it,NVIDIA GeForce RTX 5060 Ti,42,2WikiMultiHopQA,6,16,440,multi-hop,36.5431,56.714,50.4293,0,0,0,16,272,272,38788923392,38788923392,7.372,0.024
google/gemma-3-1b-it,NVIDIA GeForce RTX 5060 Ti,42,2WikiMultiHopQA,6,16,441,multi-hop,31.2061,0.0,30.0247,0,1,0,49,305,305,48771891200,48771891200,7.372,0.024
google/gemma-3-1b-it,NVIDIA GeForce RTX 5060 Ti,42,2WikiMultiHopQA,6,16,442,semantic,53.5334,0.0,38.3637,0,1,0,91,347,347,63128993792,63128993792,7.372,0.024
google/gemma-3-1b-it,NVIDIA GeForce RTX 5060 Ti,42,2WikiMultiHopQA,6,16,443,structural,54.3115,0.0,0.0,0,1,1,17,273,273,39074660352,39074660352,7.372,0.024
google/gemma-3-1b-it,NVIDIA GeForce RTX 5060 Ti,42,2WikiMultiHopQA,6,16,444,multi-hop,36.9151,0.0,0.0,0,1,1,105,361,361,68325736448,68325736448,7.372,0.024
google/gemma-3-1b-it,NVIDIA GeForce RTX 5060 Ti,42,2WikiMultiHopQA,6,16,445,structural,27.7472,52.2467,65.4201,0,0,0,93,349,349,63858802688,63858802688,7.372,0.024
google/gemma-3-1b-it,NVIDIA GeForce RTX 5060 Ti,42,2WikiMultiHopQA,6,16,446,structural,48.4416,0.0,0.0,0,1,1,103,359,359,67570761728,67570761728,7.372,0.024
google/gemma-3-1b-it,NVIDIA GeForce RTX 5060 Ti,42,2WikiMultiHopQA,6,16,447,multi-hop,79.7121,0.0,37.9922,0,1,0,53,309,309,50059542528,50059542528,7.372,0.024
google/gemma-3-1b-it,NVIDIA GeForce RTX 5060 Ti,42,2WikiMultiHopQA,6,16,448,multi-hop,43.9461,0.0,0.0,0,1,1,105,361,361,68325736448,68325736448,7.372,0.024
google/gemma-3-1b-it,NVIDIA GeForce RTX 5060 Ti,42,2WikiMultiHopQA,6,16,449,semantic,59.5343,0.0,0.0,0,1,1,2,17,17,151519232,151519232,7.372,0.024
google/gemma-3-1b-it,NVIDIA GeForce RTX 5060 Ti,42,2WikiMultiHopQA,6,16,450,structural,40.7677,33.0912,65.3602,0,0,0,90,346,346,62765662208,62765662208,7.372,0.024
google/gemma-3-1b-it,NVIDIA GeForce RTX 5060 Ti,42,2WikiMultiHopQA,6,16,451,semantic,67.0071,0.0,41.1934,0,1,0,103,359,359,67570761728,67570761728,7.372,0.024
google/gemma-3-1b-it,NVIDIA GeForce RTX 5060 Ti,42,2WikiMultiHopQA,6,16,452,structural,32.2187,58.9653,48.6085,0,0,0,12,39,57,797442048,1703411712,7.372,0.024
google/gemma-3-1b-it,NVIDIA GeForce RTX 5060 Ti,42,2WikiMultiHopQA,6,16,453,multi-hop,54.6212,0.0,0.0,0,1,1,126,382,382,76506202112,76506202112,7.372,0.024
google/gemma-3-1b-it,NVIDIA GeForce RTX 5060 Ti,42,2WikiMultiHopQA,6,16,454,multi-hop,61.8601,35.8256,61.2416,0,0,0,72,328,328,56405000192,56405000192,7.372,0.024
google/gemma-3-1b-it,NVIDIA GeForce RTX 5060 Ti,42,2WikiMultiHopQA,6,16,455,semantic,63.4397,0.0,40.6413,0,1,0,107,363,363,69084905472,69084905472,7.372,0.024
google/gemma-3-1b-it,NVIDIA GeForce RTX 5060 Ti,42,2WikiMultiHopQA,6,16,456,semantic,71.6767,0.0,29.6993,0,1,0,80,336,336,59190018048,59190018048,7.372,0.024
google/gemma-3-1b-it,NVIDIA GeForce RTX 5060 Ti,42,2WikiMultiHopQA,6,16,457,multi-hop,59.0291,0.0,0.0,0,1,1,124,380,380,75707187200,75707187200,7.372,0.024
google/gemma-3-1b-it,NVIDIA GeForce RTX 5060 Ti,42,2WikiMultiHopQA,6,16,458,multi-hop,58.4935,0.0,0.0,0,1,1,92,348,348,63493373952,63493373952,7.372,0.024
google/gemma-3-1b-it,NVIDIA GeForce RTX 5060 Ti,42,2WikiMultiHopQA,6,16,459,multi-hop,26.3547,0.0,0.0,0,1,1,95,351,351,64592805888,64592805888,7.372,0.024
google/gemma-3-1b-it,NVIDIA GeForce RTX 5060 Ti,42,2WikiMultiHopQA,6,16,460,structural,30.8884,48.3524,54.4481,0,0,0,142,398,398,83049316352,83049316352,7.372,0.024
google/gemma-3-1b-it,NVIDIA GeForce RTX 5060 Ti,42,2WikiMultiHopQA,6,16,461,semantic,66.7021,0.0,0.0,0,1,1,105,361,361,68325736448,68325736448,7.372,0.024
google/gemma-3-1b-it,NVIDIA GeForce RTX 5060 Ti,42,2WikiMultiHopQA,6,16,462,structural,47.555,38.5452,0.0,0,0,1,73,329,329,56749457408,56749457408,7.372,0.024
google/gemma-3-1b-it,NVIDIA GeForce RTX 5060 Ti,42,2WikiMultiHopQA,6,16,463,semantic,40.4342,0.0,65.8656,0,1,0,14,270,270,38220595200,38220595200,7.372,0.024
google/gemma-3-1b-it,NVIDIA GeForce RTX 5060 Ti,42,2WikiMultiHopQA,6,16,464,multi-hop,64.9359,0.0,0.0,0,1,1,104,360,360,67947724800,67947724800,7.372,0.024
google/gemma-3-1b-it,NVIDIA GeForce RTX 5060 Ti,42,2WikiMultiHopQA,6,16,465,semantic,0.0,0.0,0.0,1,1,1,34,290,290,44092620800,44092620800,7.372,0.024
google/gemma-3-1b-it,NVIDIA GeForce RTX 5060 Ti,42,2WikiMultiHopQA,6,16,466,semantic,51.4467,0.0,0.0,0,1,1,162,418,418,91605696512,91605696512,7.372,0.024
google/gemma-3-1b-it,NVIDIA GeForce RTX 5060 Ti,42,2WikiMultiHopQA,6,16,467,structural,0.0,98.3941,0.0,1,0,1,3,259,259,35169763328,35169763328,7.372,0.024
google/gemma-3-1b-it,NVIDIA GeForce RTX 5060 Ti,42,2WikiMultiHopQA,6,16,468,structural,77.519,55.0923,31.9088,0,0,0,85,341,341,60964732928,60964732928,7.372,0.024
google/gemma-3-1b-it,NVIDIA GeForce RTX 5060 Ti,42,2WikiMultiHopQA,6,16,469,multi-hop,38.1987,0.0,0.0,0,1,1,105,352,205,64961380352,22033203200,7.372,0.024
google/gemma-3-1b-it,NVIDIA GeForce RTX 5060 Ti,42,2WikiMultiHopQA,6,16,470,multi-hop,78.928,0.0,0.0,0,1,1,113,369,369,71387578368,71387578368,7.372,0.024
google/gemma-3-1b-it,NVIDIA GeForce RTX 5060 Ti,42,2WikiMultiHopQA,6,16,471,structural,28.2824,88.8436,26.9757,0,0,0,110,366,366,70231523328,70231523328,7.372,0.024
google/gemma-3-1b-it,NVIDIA GeForce RTX 5060 Ti,42,2WikiMultiHopQA,6,16,472,multi-hop,31.9639,0.0,0.0,0,1,1,105,361,361,68325736448,68325736448,7.372,0.024
google/gemma-3-1b-it,NVIDIA GeForce RTX 5060 Ti,42,2WikiMultiHopQA,6,16,473,semantic,34.9775,0.0,0.0,0,1,1,119,375,375,73728000000,73728000000,7.372,0.024
google/gemma-3-1b-it,NVIDIA GeForce RTX 5060 Ti,42,2WikiMultiHopQA,6,16,474,multi-hop,0.0,0.0,26.9008,1,1,0,50,306,306,49092231168,49092231168,7.372,0.024
google/gemma-3-1b-it,NVIDIA GeForce RTX 5060 Ti,42,2WikiMultiHopQA,6,16,475,multi-hop,45.2195,0.0,0.0,0,1,1,4,260,260,35441868800,35441868800,7.372,0.024
google/gemma-3-1b-it,NVIDIA GeForce RTX 5060 Ti,42,2WikiMultiHopQA,6,16,476,multi-hop,91.9977,46.1451,0.0,0,0,1,117,373,373,72943665152,72943665152,7.372,0.024
google/gemma-3-1b-it,NVIDIA GeForce RTX 5060 Ti,42,2WikiMultiHopQA,6,16,477,multi-hop,81.1454,59.1902,0.0,0,0,1,39,295,295,45626163200,45626163200,7.372,0.024
google/gemma-3-1b-it,NVIDIA GeForce RTX 5060 Ti,42,2WikiMultiHopQA,6,16,478,structural,61.8563,34.9741,42.5097,0,0,0,24,280,280,41104179200,41104179200,7.372,0.024
google/gemma-3-1b-it,NVIDIA GeForce RTX 5060 Ti,42,2WikiMultiHopQA,6,16,479,structural,51.1405,73.2314,92.7462,0,0,0,151,407,407,86847782912,86847782912,7.372,0.024
google/gemma-3-1b-it,NVIDIA GeForce RTX 5060 Ti,42,2WikiMultiHopQA,6,16,480,semantic,50.5175,0.0,0.0,0,1,1,57,313,313,51363971072,51363971072,7.372,0.024
google/gemma-3-1b-it,NVIDIA GeForce RTX 5060 Ti,42,2WikiMultiHopQA,6,16,481,multi-hop,47.8223,29.5867,59.9294,0,0,0,2,44,19,1015021568,189267968,7.372,0.024
google/gemma-3-1b-it,NVIDIA GeForce RTX 5060 Ti,42,2WikiMultiHopQA,6,16,482,structural,37.2282,59.976,0.0,0,0,1,119,375,375,73728000000,73728000000,7.372,0.024
google/gemma-3-1b-it,NVIDIA GeForce RTX 5060 Ti,42,2WikiMultiHopQA,6,16,483,structural,58.5915,88.0809,80.0217,0,0,0,3,18,20,169869312,209715200,7.372,0.024
google/gemma-3-1b-it,NVIDIA GeForce RTX 5060 Ti,42,2WikiMultiHopQA,6,16,484,multi-hop,74.0349,47.1621,69.462,0,0,0,139,395,395,81802035200,81802035200,7.372,0.024
google/gemma-3-1b-it,NVIDIA GeForce RTX 5060 Ti,42,2WikiMultiHopQA,6,16,485,multi-hop,81.4697,47.6488,70.0259,0,0,0,4,17,17,151519232,151519232,7.372,0.024
google/gemma-3-1b-it,NVIDIA GeForce RTX 5060 Ti,42,2WikiMultiHopQA,6,16,486,multi-hop,91.3068,0.0,48.0122,0,1,0,28,284,284,42286972928,42286972928,7.372,0.024
google/gemma-3-1b-it,NVIDIA GeForce RTX 5060 Ti,42,2WikiMultiHopQA,6,16,487,semantic,0.0,0.0,0.0,1,1,1,3,46,20,1109393408,209715200,7.372,0.024
google/gemma-3-1b-it,NVIDIA GeForce RTX 5060 Ti,42,2WikiMultiHopQA,6,16,488,multi-hop,32.0913,0.0,0.0,0,1,1,85,341,341,60964732928,60964732928,7.372,0.024
google/gemma-3-1b-it,NVIDIA GeForce RTX 5060 Ti,42,2WikiMultiHopQA,6,16,489,multi-hop,30.1254,0.0,0.0,0,1,1,114,370,370,71775027200,71775027200,7.372,0.024
google/gemma-3-1b-it,NVIDIA GeForce RTX 5060 Ti,42,2WikiMultiHopQA,6,16,490,structural,28.707,67.7366,34.6134,0,0,0,110,366,366,70231523328,70231523328,7.372,0.024
google/gemma-3-1b-it,NVIDIA GeForce RTX 5060 Ti,42,2WikiMultiHopQA,6,16,491,structural,64.022,0.0,0.0,0,1,1,104,360,360,67947724800,67947724800,7.372,0.024
google/gemma-3-1b-it,NVIDIA GeForce RTX 5060 Ti,42,2WikiMultiHopQA,6,16,492,structural,46.8799,52.6829,65.5602,0,0,0,63,319,319,53352071168,53352071168,7.372,0.024
google/gemma-3-1b-it,NVIDIA GeForce RTX 5060 Ti,42,2WikiMultiHopQA,6,16,493,multi-hop,66.0495,0.0,0.0,0,1,1,63,319,319,53352071168,53352071168,7.372,0.024
google/gemma-3-1b-it,NVIDIA GeForce RTX 5060 Ti,42,2WikiMultiHopQA,6,16,494,multi-hop,63.8915,53.5975,32.6344,0,0,0,2,17,17,151519232,151519232,7.372,0.024
google/gemma-3-1b-it,NVIDIA GeForce RTX 5060 Ti,42,2WikiMultiHopQA,6,16,495,structural,35.8092,0.0,0.0,0,1,1,112,368,368,71001178112,71001178112,7.372,0.024
google/gemma-3-1b-it,NVIDIA GeForce RTX 5060 Ti,42,2WikiMultiHopQA,6,16,496,structural,71.1884,73.8094,0.0,0,0,1,108,364,364,69466062848,69466062848,7.372,0.024
google/gemma-3-1b-it,NVIDIA GeForce RTX 5060 Ti,42,2WikiMultiHopQA,6,16,497,semantic,32.8057,0.0,72.9906,0,1,0,92,348,348,63493373952,63493373952,7.372,0.024
google/gemma-3-1b-it,NVIDIA GeForce RTX 5060 Ti,42,2WikiMultiHopQA,6,16,498,multi-hop,38.0776,0.0,0.0,0,1,1,26,282,282,41693478912,41693478912,7.372,0.024
google/gemma-3-1b-it,NVIDIA GeForce RTX 5060 Ti,42,2WikiMultiHopQA,6,16,499,semantic,27.0293,0.0,40.3145,0,1,0,146,402,402,84727037952,84727037952,7.372,0.024
google/gemma-3-1b-it,NVIDIA GeForce RTX 5060 Ti,42,2WikiMultiHopQA,6,16,500,structural,44.4423,41.9452,54.9422,0,0,0,109,365,365,69848268800,69848268800,7.372,0.024
google/gemma-3-1b-it,NVIDIA GeForce RTX 5060 Ti,42,2WikiMultiHopQA,6,16,501,multi-hop,53.8596,0.0,71.3414,0,1,0,39,295,295,45626163200,45626163200,7.372,0.024
google/gemma-3-1b-it,NVIDIA GeForce RTX 5060 Ti,42,2WikiMultiHopQA,6,16,502,multi-hop,65.5347,75.3933,60.3184,0,0,0,110,366,366,70231523328,70231523328,7.372,0.024
google/gemma-3-1b-it,NVIDIA GeForce RTX 5060 Ti,42,2WikiMultiHopQA,6,16,503,structural,59.2619,75.688,75.1701,0,0,0,72,328,328,56405000192,56405000192,7.372,0.024
google/gemma-3-1b-it,NVIDIA GeForce RTX 5060 Ti,42,2WikiMultiHopQA,6,16,504,structural,50.5502,0.0,0.0,0,1,1,105,361,361,68325736448,68325736448,7.372,0.024
google/gemma-3-1b-it,NVIDIA GeForce RTX 5060 Ti,42,2WikiMultiHopQA,6,16,505,multi-hop,0.0,42.637,42.7502,1,0,0,46,302,302,47817162752,47817162752,7.372,0.024
google/gemma-3-1b-it,NVIDIA GeForce RTX 5060 Ti,42,2WikiMultiHopQA,6,16,506,multi-hop,50.9783,0.0,82.4956,0,1,0,20,276,276,39938162688,39938162688,7.372,0.024
google/gemma-3-1b-it,NVIDIA GeForce RTX 5060 Ti,42,2WikiMultiHopQA,6,16,507,multi-hop,57.7753,0.0,0.0,0,1,1,17,273,273,39074660352,39074660352,7.372,0.024
google/gemma-3-1b-it,NVIDIA GeForce RTX 5060 Ti,42,2WikiMultiHopQA,6,16,508,structural,44.6086,0.0,0.0,0,1,1,127,383,383,76907282432,76907282432,7.372,0.024
google/gemma-3-1b-it,NVIDIA GeForce RTX 5060 Ti,42,2WikiMultiHopQA,6,16,509,structural,37.0496,36.3172,43.534,0,0,0,103,359,359,67570761728,67570761728,7.372,0.024
google/gemma-3-1b-it,NVIDIA GeForce RTX 5060 Ti,42,2WikiMultiHopQA,6,16,510,semantic,55.745,0.0,0.0,0,1,1,4,17,17,151519232,151519232,7.372,0.024
google/gemma-3-1b-it,NVIDIA GeForce RTX 5060 Ti,42,2WikiMultiHopQA,6,16,511,structural,64.0118,0.0,0.0,0,1,1,8,67,264,2353528832,36540776448,7.372,0.024
google/gemma-3-1b-it,NVIDIA GeForce RTX 5060 Ti,42,2WikiMultiHopQA,6,16,512,multi-hop,50.9578,87.7605,32.5767,0,0,0,161,417,417,91167916032,91167916032,7.372,0.024
google/gemma-3-1b-it,NVIDIA GeForce RTX 5060 Ti,42,2WikiMultiHopQA,6,16,513,multi-hop,74.9516,74.7235,0.0,0,0,1,64,320,320,53687091200,53687091200,7.372,0.024
google/gemma-3-1b-it,NVIDIA GeForce RTX 5060 Ti,42,2WikiMultiHopQA,6,16,514,multi-hop,51.0869,65.64,35.6845,0,0,0,87,343,343,61681958912,61681958912,7.372,0.024
google/gemma-3-1b-it,NVIDIA GeForce RTX 5060 Ti,42,2WikiMultiHopQA,6,16,515,structural,47.2258,63.8504,0.0,0,0,1,110,366,366,70231523328,70231523328,7.372,0.024
google/gemma-3-1b-it,NVIDIA GeForce RTX 5060 Ti,42,2WikiMultiHopQA,6,16,516,multi-hop,33.1781,0.0,0.0,0,1,1,5,256,261,34359738368,35715022848,7.372,0.024
google/gemma-3-1b-it,NVIDIA GeForce RTX 5060 Ti,42,2WikiMultiHopQA,6,16,517,multi-hop,58.0466,0.0,0.0,0,1,1,59,315,315,52022476800,52022476800,7.372,0.024
google/gemma-3-1b-it,NVIDIA GeForce RTX 5060 Ti,42,2WikiMultiHopQA,6,16,518,multi-hop,62.5526,0.0,0.0,0,1,1,24,280,280,41104179200,41104179200,7.372,0.024
google/gemma-3-1b-it,NVIDIA GeForce RTX 5060 Ti,42,2WikiMultiHopQA,6,16,519,structural,56.8305,53.0634,54.4022,0,0,0,114,370,370,71775027200,71775027200,7.372,0.024
google/gemma-3-1b-it,NVIDIA GeForce RTX 5060 Ti,42,2WikiMultiHopQA,6,16,520,semantic,38.2647,0.0,0.0,0,1,1,105,361,361,68325736448,68325736448,7.372,0.024
google/gemma-3-1b-it,NVIDIA GeForce RTX 5060 Ti,42,2WikiMultiHopQA,6,16,521,structural,68.2867,57.6869,0.0,0,0,1,29,285,285,42585292800,42585292800,7.372,0.024
google/gemma-3-1b-it,NVIDIA GeForce RTX 5060 Ti,42,2WikiMultiHopQA,6,16,522,multi-hop,37.8181,64.1863,0.0,0,0,1,34,290,290,44092620800,44092620800,7.372,0.024
google/gemma-3-1b-it,NVIDIA GeForce RTX 5060 Ti,42,2WikiMultiHopQA,6,16,523,semantic,70.9271,0.0,56.9041,0,1,0,92,348,348,63493373952,63493373952,7.372,0.024
google/gemma-3-1b-it,NVIDIA GeForce RTX 5060 Ti,42,2WikiMultiHopQA,6,16,524,multi-hop,44.553,35.6674,30.5639,0,0,0,20,36,35,679477248,642252800,7.372,0.024
google/gemma-3-1b-it,NVIDIA GeForce RTX 5060 Ti,42,2WikiMultiHopQA,6,16,525,semantic,92.7836,0.0,69.6288,0,1,0,110,366,366,70231523328,70231523328,7.372,0.024
google/gemma-3-1b-it,NVIDIA GeForce RTX 5060 Ti,42,2WikiMultiHopQA,6,16,526,multi-hop,69.666,0.0,72.3283,0,1,0,38,294,294,45317357568,45317357568,7.372,0.024
google/gemma-3-1b-it,NVIDIA GeForce RTX 5060 Ti,42,2WikiMultiHopQA,6,16,527,semantic,62.7574,0.0,58.3797,0,1,0,136,392,392,80564191232,80564191232,7.372,0.024
google/gemma-3-1b-it,NVIDIA GeForce RTX 5060 Ti,42,2WikiMultiHopQA,6,16,528,semantic,39.7487,0.0,37.8305,0,1,0,122,378,378,74912366592,74912366592,7.372,0.024
google/gemma-3-1b-it,NVIDIA GeForce RTX 5060 Ti,42,2WikiMultiHopQA,6,16,529,structural,33.9531,73.0706,50.1695,0,0,0,105,361,361,68325736448,68325736448,7.372,0.024
google/gemma-3-1b-it,NVIDIA GeForce RTX 5060 Ti,42,2WikiMultiHopQA,6,16,530,semantic,98.6155,0.0,0.0,0,1,1,35,291,291,44397232128,44397232128,7.372,0.024
google/gemma-3-1b-it,NVIDIA GeForce RTX 5060 Ti,42,2WikiMultiHopQA,6,16,531,structural,50.9449,0.0,0.0,0,1,1,82,338,338,59896758272,59896758272,7.372,0.024
google/gemma-3-1b-it,NVIDIA GeForce RTX 5060 Ti,42,2WikiMultiHopQA,6,16,532,multi-hop,47.411,0.0,30.29,0,1,0,91,347,347,63128993792,63128993792,7.372,0.024
google/gemma-3-1b-it,NVIDIA GeForce RTX 5060 Ti,42,2WikiMultiHopQA,6,16,533,semantic,42.4382,0.0,0.0,0,1,1,109,365,365,69848268800,69848268800,7.372,0.024
google/gemma-3-1b-it,NVIDIA GeForce RTX 5060 Ti,42,2WikiMultiHopQA,6,16,534,multi-hop,54.9092,39.8344,75.074,0,0,0,92,348,348,63493373952,63493373952,7.372,0.024
google/gemma-3-1b-it,NVIDIA GeForce RTX 5060 Ti,42,2WikiMultiHopQA,6,16,535,multi-hop,44.9293,0.0,0.0,0,1,1,105,361,361,68325736448,68325736448,7.372,0.024
google/gemma-3-1b-it,NVIDIA GeForce RTX 5060 Ti,42,2WikiMultiHopQA,6,16,536,multi-hop,0.0,52.6637,44.2804,1,0,0,93,349,349,63858802688,63858802688,7.372,0.024
google/gemma-3-1b-it,NVIDIA GeForce RTX 5060 Ti,42,2WikiMultiHopQA,6,16,537,structural,56.2024,0.0,51.4662,0,1,0,53,309,309,50059542528,50059542528,7.372,0.024
google/gemma-3-1b-it,NVIDIA GeForce RTX 5060 Ti,42,2WikiMultiHopQA,6,16,538,multi-hop,40.0366,0.0,0.0,0,1,1,98,354,354,65701675008,65701675008,7.372,0.024
google/gemma-3-1b-it,NVIDIA GeForce RTX 5060 Ti,42,2WikiMultiHopQA,6,16,539,multi-hop,62.5052,0.0,0.0,0,1,1,116,372,372,72553070592,72553070592,7.372,0.024
google/gemma-3-1b-it,NVIDIA GeForce RTX 5060 Ti,42,2WikiMultiHopQA,6,16,540,multi-hop,43.6124,43.9663,76.0257,0,0,0,101,357,357,66819981312,66819981312,7.372,0.024
google/gemma-3-1b-it,NVIDIA GeForce RTX 5060 Ti,42,2WikiMultiHopQA,6,16,541,multi-hop,59.1071,84.7715,62.5672,0,0,0,78,334,334,58487472128,58487472128,7.372,0.024
google/gemma-3-1b-it,NVIDIA GeForce RTX 5060 Ti,42,2WikiMultiHopQA,6,16,542,structural,49.6932,0.0,0.0,0,1,1,112,368,368,71001178112,71001178112,7.372,0.024
google/gemma-3-1b-it,NVIDIA GeForce RTX 5060 Ti,42,2WikiMultiHopQA,6,16,543,semantic,73.8641,0.0,0.0,0,1,1,114,370,370,71775027200,71775027200,7.372,0.024
google/gemma-3-1b-it,NVIDIA GeForce RTX 5060 Ti,42,2WikiMultiHopQA,6,16,544,structural,35.5814,53.1855,55.4537,0,0,0,87,343,343,61681958912,61681958912,7.372,0.024
google/gemma-3-1b-it,NVIDIA GeForce RTX 5060 Ti,42,2WikiMultiHopQA,6,16,545,multi-hop,0.0,31.453,74.8988,1,0,0,22,278,278,40519073792,40519073792,7.372,0.024
google/gemma-3-1b-it,NVIDIA GeForce RTX 5060 Ti,42,2WikiMultiHopQA,6,16,546,structural,42.3628,50.3094,52.0714,0,0,0,53,309,309,50059542528,50059542528,7.372,0.024
google/gemma-3-1b-it,NVIDIA GeForce RTX 5060 Ti,42,2WikiMultiHopQA,6,16,547,multi-hop,51.7151,78.9096,0.0,0,0,1,107,363,363,69084905472,69084905472,7.372,0.024
google/gemma-3-1b-it,NVIDIA GeForce RTX 5060 Ti,42,2WikiMultiHopQA,6,16,548,multi-hop,51.9221,40.0064,0.0,0,0,1,12,268,268,37656461312,37656461312,7.372,0.024
google/gemma-3-1b-it,NVIDIA GeForce RTX 5060 Ti,42,2WikiMultiHopQA,6,16,549,multi-hop,69.1964,55.3657,48.7621,0,0,0,142,398,398,83049316352,83049316352,7.372,0.024
google/gemma-3-1b-it,NVIDIA GeForce RTX 5060 Ti,42,2WikiMultiHopQA,6,16,550,multi-hop,58.6622,37.4858,53.1945,0,0,0,5,34,37,606076928,717750272,7.372,0.024
google/gemma-3-1b-it,NVIDIA GeForce RTX 5060 Ti,42,2WikiMultiHopQA,6,16,551,semantic,62.0196,0.0,0.0,0,1,1,119,375,375,73728000000,73728000000,7.372,0.024
google/gemma-3-1b-it,NVIDIA GeForce RTX 5060 Ti,42,2WikiMultiHopQA,6,16,552,structural,58.1986,0.0,0.0,0,1,1,82,338,338,59896758272,59896758272,7.372,0.024
google/gemma-3-1b-it,NVIDIA GeForce RTX 5060 Ti,42,2WikiMultiHopQA,6,16,553,semantic,82.3932,0.0,54.982,0,1,0,16,272,272,38788923392,38788923392,7.372,0.024
google/gemma-3-1b-it,NVIDIA GeForce RTX 5060 Ti,42,2WikiMultiHopQA,6,16,554,multi-hop,35.0688,0.0,0.0,0,1,1,105,361,361,68325736448,68325736448,7.372,0.024
google/gemma-3-1b-it,NVIDIA GeForce RTX 5060 Ti,42,2WikiMultiHopQA,6,16,555,semantic,72.6858,0.0,0.0,0,1,1,4,260,260,35441868800,35441868800,7.372,0.024
google/gemma-3-1b-it,NVIDIA GeForce RTX 5060 Ti,42,2WikiMultiHopQA,6,16,556,multi-hop,59.8136,0.0,0.0,0,1,1,148,404,404,85572190208,85572190208,7.372,0.024
google/gemma-3-1b-it,NVIDIA GeForce RTX 5060 Ti,42,2WikiMultiHopQA,6,16,557,multi-hop,59.1743,68.6751,40.1804,0,0,0,24,280,280,41104179200,41104179200,7.372,0.024
google/gemma-3-1b-it,NVIDIA GeForce RTX 5060 Ti,42,2WikiMultiHopQA,6,16,558,structural,76.9399,40.5803,0.0,0,0,1,19,275,275,39649280000,39649280000,7.372,0.024
google/gemma-3-1b-it,NVIDIA GeForce RTX 5060 Ti,42,2WikiMultiHopQA,6,16,559,structural,40.8888,58.285,52.3681,0,0,0,6,247,262,31986286592,35989225472,7.372,0.024
google/gemma-3-1b-it,NVIDIA GeForce RTX 5060 Ti,42,2WikiMultiHopQA,6,16,560,multi-hop,35.3651,0.0,0.0,0,1,1,110,366,366,70231523328,70231523328,7.372,0.024
google/gemma-3-1b-it,NVIDIA GeForce RTX 5060 Ti,42,2WikiMultiHopQA,6,16,561,structural,35.9584,45.2692,0.0,0,0,1,129,385,385,77712588800,77712588800,7.372,0.024
google/gemma-3-1b-it,NVIDIA GeForce RTX 5060 Ti,42,2WikiMultiHopQA,6,16,562,semantic,48.5097,0.0,0.0,0,1,1,70,326,326,55719231488,55719231488,7.372,0.024
google/gemma-3-1b-it,NVIDIA GeForce RTX 5060 Ti,42,2WikiMultiHopQA,6,16,563,multi-hop,61.9684,37.4947,87.5627,0,0,0,100,356,356,66446163968,66446163968,7.372,0.024
google/gemma-3-1b-it,NVIDIA GeForce RTX 5060 Ti,42,2WikiMultiHopQA,6,16,564,semantic,71.6857,0.0,0.0,0,1,1,90,346,346,62765662208,62765662208,7.372,0.024
google/gemma-3-1b-it,NVIDIA GeForce RTX 5060 Ti,42,2WikiMultiHopQA,6,16,565,semantic,46.8902,0.0,0.0,0,1,1,119,375,375,73728000000,73728000000,7.372,0.024
google/gemma-3-1b-it,NVIDIA GeForce RTX 5060 Ti,42,2WikiMultiHopQA,6,16,566,structural,60.7367,0.0,56.986,0,1,0,10,266,266,37096521728,37096521728,7.372,0.024
google/gemma-3-1b-it,NVIDIA GeForce RTX 5060 Ti,42,2WikiMultiHopQA,6,16,567,semantic,0.0,0.0,55.7288,1,1,0,101,357,357,66819981312,66819981312,7.372,0.024
google/gemma-3-1b-it,NVIDIA GeForce RTX 5060 Ti,42,2WikiMultiHopQA,6,16,568,multi-hop,56.3821,59.4638,54.1843,0,0,0,80,336,336,59190018048,59190018048,7.372,0.024
google/gemma-3-1b-it,NVIDIA GeForce RTX 5060 Ti,42,2WikiMultiHopQA,6,16,569,multi-hop,53.3679,0.0,0.0,0,1,1,57,313,313,51363971072,51363971072,7.372,0.024
google/gemma-3-1b-it,NVIDIA GeForce RTX 5060 Ti,42,2WikiMultiHopQA,6,16,570,multi-hop,85.0956,32.9616,25.4848,0,0,0,119,375,375,73728000000,73728000000,7.372,0.024
google/gemma-3-1b-it,NVIDIA GeForce RTX 5060 Ti,42,2WikiMultiHopQA,6,16,571,multi-hop,72.6831,68.3955,47.9281,0,0,0,2,17,17,151519232,151519232,7.372,0.024
google/gemma-3-1b-it,NVIDIA GeForce RTX 5060 Ti,42,2WikiMultiHopQA,6,16,572,multi-hop,96.449,0.0,68.4332,0,1,0,100,356,356,66446163968,66446163968,7.372,0.024
google/gemma-3-1b-it,NVIDIA GeForce RTX 5060 Ti,42,2WikiMultiHopQA,6,16,573,multi-hop,41.0716,0.0,0.0,0,1,1,114,370,370,71775027200,71775027200,7.372,0.024
google/gemma-3-1b-it,NVIDIA GeForce RTX 5060 Ti,42,2WikiMultiHopQA,6,16,574,semantic,65.0931,0.0,0.0,0,1,1,98,354,354,65701675008,65701675008,7.372,0.024
google/gemma-3-1b-it,NVIDIA GeForce RTX 5060 Ti,42,2WikiMultiHopQA,6,16,575,multi-hop,73.0914,77.2926,0.0,0,0,1,80,336,336,59190018048,59190018048,7.372,0.024
google/gemma-3-1b-it,NVIDIA GeForce RTX 5060 Ti,42,2WikiMultiHopQA,6,16,576,structural,82.2272,59.7656,58.0901,0,0,0,5,42,32,924844032,536870912,7.372,0.024
google/gemma-3-1b-it,NVIDIA GeForce RTX 5060 Ti,42,2WikiMultiHopQA,6,16,577,multi-hop,65.783,0.0,0.0,0,1,1,48,304,304,48452599808,48452599808,7.372,0.024
google/gemma-3-1b-it,NVIDIA GeForce RTX 5060 Ti,42,2WikiMultiHopQA,6,16,578,structural,35.3838,0.0,0.0,0,1,1,104,360,360,67947724800,67947724800,7.372,0.024
google/gemma-3-1b-it,NVIDIA GeForce RTX 5060 Ti,42,2WikiMultiHopQA,6,16,579,multi-hop,90.0501,64.238,68.4593,0,0,0,43,299,299,46871871488,46871871488,7.372,0.024
google/gemma-3-1b-it,NVIDIA GeForce RTX 5060 Ti,42,2WikiMultiHopQA,6,16,580,multi-hop,50.2777,0.0,0.0,0,1,1,113,369,369,71387578368,71387578368,7.372,0.024
google/gemma-3-1b-it,NVIDIA GeForce RTX 5060 Ti,42,2WikiMultiHopQA,6,16,581,semantic,41.4798,0.0,0.0,0,1,1,104,360,360,67947724800,67947724800,7.372,0.024
google/gemma-3-1b-it,NVIDIA GeForce RTX 5060 Ti,42,2WikiMultiHopQA,6,16,582,semantic,63.5738,0.0,0.0,0,1,1,138,394,394,81388371968,81388371968,7.372,0.024
google/gemma-3-1b-it,NVIDIA GeForce RTX 5060 Ti,42,2WikiMultiHopQA,6,16,583,multi-hop,72.2524,0.0,58.8544,0,1,0,28,284,284,42286972928,42286972928,7.372,0.024
google/gemma-3-1b-it,NVIDIA GeForce RTX 5060 Ti,42,2WikiMultiHopQA,6,16,584,multi-hop,51.4881,83.1818,55.2239,0,0,0,63,319,319,53352071168,53352071168,7.372,0.024
google/gemma-3-1b-it,NVIDIA GeForce RTX 5060 Ti,42,2WikiMultiHopQA,6,16,585,multi-hop,41.0633,52.6168,43.2801,0,0,0,101,357,357,66819981312,66819981312,7.372,0.024
google/gemma-3-1b-it,NVIDIA GeForce RTX 5060 Ti,42,2WikiMultiHopQA,6,16,586,semantic,39.9469,0.0,0.0,0,1,1,2,17,17,151519232,151519232,7.372,0.024
google/gemma-3-1b-it,NVIDIA GeForce RTX 5060 Ti,42,2WikiMultiHopQA,6,16,587,semantic,73.4031,0.0,0.0,0,1,1,83,339,339,60251701248,60251701248,7.372,0.024
google/gemma-3-1b-it,NVIDIA GeForce RTX 5060 Ti,42,2WikiMultiHopQA,6,16,588,multi-hop,80.0753,58.5699,38.3816,0,0,0,136,392,392,80564191232,80564191232,7.372,0.024
google/gemma-3-1b-it,NVIDIA GeForce RTX 5060 Ti,42,2WikiMultiHopQA,6,16,589,semantic,63.5202,0.0,54.3551,0,1,0,50,306,306,49092231168,49092231168,7.372,0.024
google/gemma-3-1b-it,NVIDIA GeForce RTX 5060 Ti,42,2WikiMultiHopQA,6,16,590,structural,52.7619,0.0,0.0,0,1,1,85,341,341,60964732928,60964732928,7.372,0.024
google/gemma-3-1b-it,NVIDIA GeForce RTX 5060 Ti,42,2WikiMultiHopQA,6,16,591,semantic,69.3344,0.0,0.0,0,1,1,64,320,320,53687091200,53687091200,7.372,0.024
google/gemma-3-1b-it,NVIDIA GeForce RTX 5060 Ti,42,2WikiMultiHopQA,6,16,592,structural,55.5903,34.8081,30.9341,0,0,0,12,39,57,797442048,1703411712,7.372,0.024
google/gemma-3-1b-it,NVIDIA GeForce RTX 5060 Ti,42,2WikiMultiHopQA,6,16,593,semantic,62.5577,0.0,57.1527,0,1,0,110,366,366,70231523328,70231523328,7.372,0.024
google/gemma-3-1b-it,NVIDIA GeForce RTX 5060 Ti,42,2WikiMultiHopQA,6,16,594,structural,79.3326,0.0,0.0,0,1,1,104,360,360,67947724800,67947724800,7.372,0.024
google/gemma-3-1b-it,NVIDIA GeForce RTX 5060 Ti,42,2WikiMultiHopQA,6,16,595,multi-hop,35.8212,0.0,36.6124,0,1,0,99,355,355,66073395200,66073395200,7.372,0.024
google/gemma-3-1b-it,NVIDIA GeForce RTX 5060 Ti,42,2WikiMultiHopQA,6,16,596,multi-hop,52.5976,50.551,46.4157,0,0,0,2,16,30,134217728,471859200,7.372,0.024
google/gemma-3-1b-it,NVIDIA GeForce RTX 5060 Ti,42,2WikiMultiHopQA,6,16,597,semantic,36.5433,0.0,53.6352,0,1,0,109,365,365,69848268800,69848268800,7.372,0.024
google/gemma-3-1b-it,NVIDIA GeForce RTX 5060 Ti,42,2WikiMultiHopQA,6,16,598,multi-hop,68.8568,57.7045,55.7662,0,0,0,5,42,32,924844032,536870912,7.372,0.024
google/gemma-3-1b-it,NVIDIA GeForce RTX 5060 Ti,42,2WikiMultiHopQA,6,16,599,multi-hop,86.2638,0.0,55.4257,0,1,0,155,411,411,88563253248,88563253248,7.372,0.024
google/gemma-3-1b-it,NVIDIA GeForce RTX 5060 Ti,42,2WikiMultiHopQA,8,16,0,structural,78.9871,0.0,0.0,0,1,1,105,361,361,68325736448,68325736448,7.372,0.024
google/gemma-3-1b-it,NVIDIA GeForce RTX 5060 Ti,42,2WikiMultiHopQA,8,16,1,multi-hop,39.2357,97.1037,58.0194,0,0,0,78,334,334,58487472128,58487472128,7.372,0.024
google/gemma-3-1b-it,NVIDIA GeForce RTX 5060 Ti,42,2WikiMultiHopQA,8,16,2,multi-hop,70.9503,0.0,0.0,0,1,1,105,361,361,68325736448,68325736448,7.372,0.024
google/gemma-3-1b-it,NVIDIA GeForce RTX 5060 Ti,42,2WikiMultiHopQA,8,16,3,semantic,76.4455,0.0,0.0,0,1,1,99,355,355,66073395200,66073395200,7.372,0.024
google/gemma-3-1b-it,NVIDIA GeForce RTX 5060 Ti,42,2WikiMultiHopQA,8,16,4,structural,93.9612,75.0708,79.0628,0,0,0,53,309,309,50059542528,50059542528,7.372,0.024
google/gemma-3-1b-it,NVIDIA GeForce RTX 5060 Ti,42,2WikiMultiHopQA,8,16,5,multi-hop,52.2613,0.0,0.0,0,1,1,48,304,304,48452599808,48452599808,7.372,0.024
google/gemma-3-1b-it,NVIDIA GeForce RTX 5060 Ti,42,2WikiMultiHopQA,8,16,6,structural,38.043,72.6598,0.0,0,0,1,91,347,347,63128993792,63128993792,7.372,0.024
google/gemma-3-1b-it,NVIDIA GeForce RTX 5060 Ti,42,2WikiMultiHopQA,8,16,7,multi-hop,45.998,0.0,0.0,0,1,1,147,403,403,85149089792,85149089792,7.372,0.024
google/gemma-3-1b-it,NVIDIA GeForce RTX 5060 Ti,42,2WikiMultiHopQA,8,16,8,multi-hop,66.2767,0.0,62.3255,0,1,0,82,338,338,59896758272,59896758272,7.372,0.024
google/gemma-3-1b-it,NVIDIA GeForce RTX 5060 Ti,42,2WikiMultiHopQA,8,16,9,structural,93.5572,55.2052,76.5525,0,0,0,34,290,290,44092620800,44092620800,7.372,0.024
google/gemma-3-1b-it,NVIDIA GeForce RTX 5060 Ti,42,2WikiMultiHopQA,8,16,10,multi-hop,38.6932,0.0,0.0,0,1,1,2,21,21,231211008,231211008,7.372,0.024
google/gemma-3-1b-it,NVIDIA GeForce RTX 5060 Ti,42,2WikiMultiHopQA,8,16,11,semantic,52.187,0.0,50.3717,0,1,0,105,361,361,68325736448,68325736448,7.372,0.024
google/gemma-3-1b-it,NVIDIA GeForce RTX 5060 Ti,42,2WikiMultiHopQA,8,16,12,semantic,65.5354,0.0,0.0,0,1,1,113,369,369,71387578368,71387578368,7.372,0.024
google/gemma-3-1b-it,NVIDIA GeForce RTX 5060 Ti,42,2WikiMultiHopQA,8,16,13,semantic,50.4845,0.0,0.0,0,1,1,101,357,357,66819981312,66819981312,7.372,0.024
google/gemma-3-1b-it,NVIDIA GeForce RTX 5060 Ti,42,2WikiMultiHopQA,8,16,14,multi-hop,79.0665,0.0,73.1946,0,1,0,103,359,359,67570761728,67570761728,7.372,0.024
google/gemma-3-1b-it,NVIDIA GeForce RTX 5060 Ti,42,2WikiMultiHopQA,8,16,15,structural,78.4651,75.91,85.9358,0,0,0,78,334,334,58487472128,58487472128,7.372,0.024
google/gemma-3-1b-it,NVIDIA GeForce RTX 5060 Ti,42,2WikiMultiHopQA,8,16,16,structural,60.0827,49.3562,60.2125,0,0,0,87,343,343,61681958912,61681958912,7.372,0.024
google/gemma-3-1b-it,NVIDIA GeForce RTX 5060 Ti,42,2WikiMultiHopQA,8,16,17,semantic,49.5308,0.0,0.0,0,1,1,112,368,368,71001178112,71001178112,7.372,0.024
google/gemma-3-1b-it,NVIDIA GeForce RTX 5060 Ti,42,2WikiMultiHopQA,8,16,18,semantic,84.2944,0.0,0.0,0,1,1,8,71,264,2642935808,36540776448,7.372,0.024
google/gemma-3-1b-it,NVIDIA GeForce RTX 5060 Ti,42,2WikiMultiHopQA,8,16,19,multi-hop,29.9204,83.8688,86.9211,0,0,0,2,24,22,301989888,253755392,7.372,0.024
google/gemma-3-1b-it,NVIDIA GeForce RTX 5060 Ti,42,2WikiMultiHopQA,8,16,20,multi-hop,68.6507,0.0,0.0,0,1,1,105,361,361,68325736448,68325736448,7.372,0.024
google/gemma-3-1b-it,NVIDIA GeForce RTX 5060 Ti,42,2WikiMultiHopQA,8,16,21,multi-hop,64.8002,0.0,75.4292,0,1,0,14,270,270,38220595200,38220595200,7.372,0.024
google/gemma-3-1b-it,NVIDIA GeForce RTX 5060 Ti,42,2WikiMultiHopQA,8,16,22,structural,92.4744,54.7772,0.0,0,0,1,12,268,268,37656461312,37656461312,7.372,0.024
google/gemma-3-1b-it,NVIDIA GeForce RTX 5060 Ti,42,2WikiMultiHopQA,8,16,23,semantic,35.549,0.0,0.0,0,1,1,27,283,283,41989701632,41989701632,7.372,0.024
google/gemma-3-1b-it,NVIDIA GeForce RTX 5060 Ti,42,2WikiMultiHopQA,8,16,24,semantic,63.8308,0.0,0.0,0,1,1,139,395,395,81802035200,81802035200,7.372,0.024
google/gemma-3-1b-it,NVIDIA GeForce RTX 5060 Ti,42,2WikiMultiHopQA,8,16,25,multi-hop,41.7135,0.0,0.0,0,1,1,100,356,356,66446163968,66446163968,7.372,0.024
google/gemma-3-1b-it,NVIDIA GeForce RTX 5060 Ti,42,2WikiMultiHopQA,8,16,26,multi-hop,70.9918,0.0,0.0,0,1,1,105,361,361,68325736448,68325736448,7.372,0.024
google/gemma-3-1b-it,NVIDIA GeForce RTX 5060 Ti,42,2WikiMultiHopQA,8,16,27,multi-hop,59.1362,0.0,0.0,0,1,1,28,284,284,42286972928,42286972928,7.372,0.024
google/gemma-3-1b-it,NVIDIA GeForce RTX 5060 Ti,42,2WikiMultiHopQA,8,16,28,semantic,72.7719,0.0,0.0,0,1,1,41,297,297,46246920192,46246920192,7.372,0.024
google/gemma-3-1b-it,NVIDIA GeForce RTX 5060 Ti,42,2WikiMultiHopQA,8,16,29,structural,88.9799,68.9247,59.5351,0,0,0,4,23,23,277348352,277348352,7.372,0.024
google/gemma-3-1b-it,NVIDIA GeForce RTX 5060 Ti,42,2WikiMultiHopQA,8,16,30,multi-hop,47.0751,0.0,0.0,0,1,1,102,358,358,67194847232,67194847232,7.372,0.024
google/gemma-3-1b-it,NVIDIA GeForce RTX 5060 Ti,42,2WikiMultiHopQA,8,16,31,multi-hop,90.0362,0.0,0.0,0,1,1,149,405,405,85996339200,85996339200,7.372,0.024
google/gemma-3-1b-it,NVIDIA GeForce RTX 5060 Ti,42,2WikiMultiHopQA,8,16,32,semantic,94.0638,0.0,0.0,0,1,1,116,372,372,72553070592,72553070592,7.372,0.024
google/gemma-3-1b-it,NVIDIA GeForce RTX 5060 Ti,42,2WikiMultiHopQA,8,16,33,structural,74.085,95.9788,50.3047,0,0,0,49,305,305,48771891200,48771891200,7.372,0.024
google/gemma-3-1b-it,NVIDIA GeForce RTX 5060 Ti,42,2WikiMultiHopQA,8,16,34,structural,101.0752,62.0359,30.8157,0,0,0,29,285,285,42585292800,42585292800,7.372,0.024
google/gemma-3-1b-it,NVIDIA GeForce RTX 5060 Ti,42,2WikiMultiHopQA,8,16,35,semantic,0.0,0.0,0.0,1,1,1,102,358,358,67194847232,67194847232,7.372,0.024
google/gemma-3-1b-it,NVIDIA GeForce RTX 5060 Ti,42,2WikiMultiHopQA,8,16,36,structural,42.7322,66.6438,93.5236,0,0,0,51,307,307,49413619712,49413619712,7.372,0.024
google/gemma-3-1b-it,NVIDIA GeForce RTX 5060 Ti,42,2WikiMultiHopQA,8,16,37,multi-hop,0.0,0.0,0.0,1,1,1,57,313,313,51363971072,51363971072,7.372,0.024
google/gemma-3-1b-it,NVIDIA GeForce RTX 5060 Ti,42,2WikiMultiHopQA,8,16,38,multi-hop,67.2426,0.0,0.0,0,1,1,76,332,332,57789120512,57789120512,7.372,0.024
google/gemma-3-1b-it,NVIDIA GeForce RTX 5060 Ti,42,2WikiMultiHopQA,8,16,39,multi-hop,85.8232,76.8244,60.0031,0,0,0,102,358,358,67194847232,67194847232,7.372,0.024
google/gemma-3-1b-it,NVIDIA GeForce RTX 5060 Ti,42,2WikiMultiHopQA,8,16,40,semantic,59.8377,0.0,0.0,0,1,1,108,364,364,69466062848,69466062848,7.372,0.024
google/gemma-3-1b-it,NVIDIA GeForce RTX 5060 Ti,42,2WikiMultiHopQA,8,16,41,multi-hop,55.2457,0.0,0.0,0,1,1,109,365,365,69848268800,69848268800,7.372,0.024
google/gemma-3-1b-it,NVIDIA GeForce RTX 5060 Ti,42,2WikiMultiHopQA,8,16,42,semantic,85.9784,0.0,0.0,0,1,1,105,361,361,68325736448,68325736448,7.372,0.024
google/gemma-3-1b-it,NVIDIA GeForce RTX 5060 Ti,42,2WikiMultiHopQA,8,16,43,semantic,92.3484,0.0,0.0,0,1,1,129,385,385,77712588800,77712588800,7.372,0.024
google/gemma-3-1b-it,NVIDIA GeForce RTX 5060 Ti,42,2WikiMultiHopQA,8,16,44,multi-hop,62.7913,61.2817,0.0,0,0,1,36,292,292,44702892032,44702892032,7.372,0.024
google/gemma-3-1b-it,NVIDIA GeForce RTX 5060 Ti,42,2WikiMultiHopQA,8,16,45,structural,63.727,67.0257,0.0,0,0,1,12,268,268,37656461312,37656461312,7.372,0.024
google/gemma-3-1b-it,NVIDIA GeForce RTX 5060 Ti,42,2WikiMultiHopQA,8,16,46,structural,88.6039,51.2393,70.0471,0,0,0,78,334,334,58487472128,58487472128,7.372,0.024
google/gemma-3-1b-it,NVIDIA GeForce RTX 5060 Ti,42,2WikiMultiHopQA,8,16,47,semantic,68.4742,0.0,58.0459,0,1,0,33,289,289,43789058048,43789058048,7.372,0.024
google/gemma-3-1b-it,NVIDIA GeForce RTX 5060 Ti,42,2WikiMultiHopQA,8,16,48,multi-hop,57.9476,0.0,0.0,0,1,1,76,332,332,57789120512,57789120512,7.372,0.024
google/gemma-3-1b-it,NVIDIA GeForce RTX 5060 Ti,42,2WikiMultiHopQA,8,16,49,structural,63.9853,82.6856,59.1923,0,0,0,65,321,321,54023159808,54023159808,7.372,0.024
google/gemma-3-1b-it,NVIDIA GeForce RTX 5060 Ti,42,2WikiMultiHopQA,8,16,50,multi-hop,37.4809,0.0,43.9684,0,1,0,98,354,354,65701675008,65701675008,7.372,0.024
google/gemma-3-1b-it,NVIDIA GeForce RTX 5060 Ti,42,2WikiMultiHopQA,8,16,51,structural,78.4663,73.159,44.8818,0,0,0,2,135,258,9555148800,34898706432,7.372,0.024
google/gemma-3-1b-it,NVIDIA GeForce RTX 5060 Ti,42,2WikiMultiHopQA,8,16,52,semantic,37.8241,0.0,0.0,0,1,1,113,369,369,71387578368,71387578368,7.372,0.024
google/gemma-3-1b-it,NVIDIA GeForce RTX 5060 Ti,42,2WikiMultiHopQA,8,16,53,structural,64.3696,79.7698,68.4706,0,0,0,114,370,370,71775027200,71775027200,7.372,0.024
google/gemma-3-1b-it,NVIDIA GeForce RTX 5060 Ti,42,2WikiMultiHopQA,8,16,54,structural,56.1213,0.0,0.0,0,1,1,103,359,359,67570761728,67570761728,7.372,0.024
google/gemma-3-1b-it,NVIDIA GeForce RTX 5060 Ti,42,2WikiMultiHopQA,8,16,55,semantic,66.7593,0.0,0.0,0,1,1,58,314,314,51692699648,51692699648,7.372,0.024
google/gemma-3-1b-it,NVIDIA GeForce RTX 5060 Ti,42,2WikiMultiHopQA,8,16,56,multi-hop,68.4631,0.0,0.0,0,1,1,206,462,462,111906127872,111906127872,7.372,0.024
google/gemma-3-1b-it,NVIDIA GeForce RTX 5060 Ti,42,2WikiMultiHopQA,8,16,57,structural,49.9276,0.0,0.0,0,1,1,78,334,334,58487472128,58487472128,7.372,0.024
google/gemma-3-1b-it,NVIDIA GeForce RTX 5060 Ti,42,2WikiMultiHopQA,8,16,58,multi-hop,72.5996,0.0,92.3033,0,1,0,127,383,383,76907282432,76907282432,7.372,0.024
google/gemma-3-1b-it,NVIDIA GeForce RTX 5060 Ti,42,2WikiMultiHopQA,8,16,59,semantic,70.4754,0.0,0.0,0,1,1,97,353,353,65331003392,65331003392,7.372,0.024
google/gemma-3-1b-it,NVIDIA GeForce RTX 5060 Ti,42,2WikiMultiHopQA,8,16,60,semantic,80.0548,0.0,0.0,0,1,1,8,264,264,36540776448,36540776448,7.372,0.024
google/gemma-3-1b-it,NVIDIA GeForce RTX 5060 Ti,42,2WikiMultiHopQA,8,16,61,structural,56.1976,39.6262,51.122,0,0,0,122,378,378,74912366592,74912366592,7.372,0.024
google/gemma-3-1b-it,NVIDIA GeForce RTX 5060 Ti,42,2WikiMultiHopQA,8,16,62,semantic,64.832,0.0,0.0,0,1,1,84,340,340,60607692800,60607692800,7.372,0.024
google/gemma-3-1b-it,NVIDIA GeForce RTX 5060 Ti,42,2WikiMultiHopQA,8,16,63,multi-hop,57.0462,66.301,55.1147,0,0,0,7,263,184,36264476672,17750294528,7.372,0.024
google/gemma-3-1b-it,NVIDIA GeForce RTX 5060 Ti,42,2WikiMultiHopQA,8,16,64,multi-hop,67.9764,0.0,0.0,0,1,1,112,368,368,71001178112,71001178112,7.372,0.024
google/gemma-3-1b-it,NVIDIA GeForce RTX 5060 Ti,42,2WikiMultiHopQA,8,16,65,multi-hop,38.0319,78.5388,0.0,0,0,1,114,370,370,71775027200,71775027200,7.372,0.024
google/gemma-3-1b-it,NVIDIA GeForce RTX 5060 Ti,42,2WikiMultiHopQA,8,16,66,multi-hop,73.17,0.0,0.0,0,1,1,106,362,362,68704796672,68704796672,7.372,0.024
google/gemma-3-1b-it,NVIDIA GeForce RTX 5060 Ti,42,2WikiMultiHopQA,8,16,67,semantic,98.8139,0.0,0.0,0,1,1,101,357,357,66819981312,66819981312,7.372,0.024
google/gemma-3-1b-it,NVIDIA GeForce RTX 5060 Ti,42,2WikiMultiHopQA,8,16,68,structural,83.9778,102.7722,60.214,0,0,0,101,357,357,66819981312,66819981312,7.372,0.024
google/gemma-3-1b-it,NVIDIA GeForce RTX 5060 Ti,42,2WikiMultiHopQA,8,16,69,multi-hop,85.728,0.0,0.0,0,1,1,142,398,398,83049316352,83049316352,7.372,0.024
google/gemma-3-1b-it,NVIDIA GeForce RTX 5060 Ti,42,2WikiMultiHopQA,8,16,70,structural,86.4038,0.0,0.0,0,1,1,17,273,273,39074660352,39074660352,7.372,0.024
google/gemma-3-1b-it,NVIDIA GeForce RTX 5060 Ti,42,2WikiMultiHopQA,8,16,71,multi-hop,46.9527,74.4228,0.0,0,0,1,34,290,290,44092620800,44092620800,7.372,0.024
google/gemma-3-1b-it,NVIDIA GeForce RTX 5060 Ti,42,2WikiMultiHopQA,8,16,72,semantic,27.4894,0.0,0.0,0,1,1,2,24,22,301989888,253755392,7.372,0.024
google/gemma-3-1b-it,NVIDIA GeForce RTX 5060 Ti,42,2WikiMultiHopQA,8,16,73,multi-hop,37.5212,0.0,0.0,0,1,1,113,369,369,71387578368,71387578368,7.372,0.024
google/gemma-3-1b-it,NVIDIA GeForce RTX 5060 Ti,42,2WikiMultiHopQA,8,16,74,multi-hop,84.8018,43.874,0.0,0,0,1,117,373,373,72943665152,72943665152,7.372,0.024
google/gemma-3-1b-it,NVIDIA GeForce RTX 5060 Ti,42,2WikiMultiHopQA,8,16,75,structural,81.7686,0.0,79.4935,0,1,0,114,370,370,71775027200,71775027200,7.372,0.024
google/gemma-3-1b-it,NVIDIA GeForce RTX 5060 Ti,42,2WikiMultiHopQA,8,16,76,multi-hop,35.3717,0.0,0.0,0,1,1,59,315,315,52022476800,52022476800,7.372,0.024
google/gemma-3-1b-it,NVIDIA GeForce RTX 5060 Ti,42,2WikiMultiHopQA,8,16,77,semantic,60.5346,0.0,52.1919,0,1,0,20,40,41,838860800,881328128,7.372,0.024
google/gemma-3-1b-it,NVIDIA GeForce RTX 5060 Ti,42,2WikiMultiHopQA,8,16,78,semantic,36.2046,0.0,0.0,0,1,1,40,296,296,45936017408,45936017408,7.372,0.024
google/gemma-3-1b-it,NVIDIA GeForce RTX 5060 Ti,42,2WikiMultiHopQA,8,16,79,semantic,55.8195,0.0,0.0,0,1,1,85,341,341,60964732928,60964732928,7.372,0.024
google/gemma-3-1b-it,NVIDIA GeForce RTX 5060 Ti,42,2WikiMultiHopQA,8,16,80,structural,38.6114,91.783,56.9596,0,0,0,96,352,352,64961380352,64961380352,7.372,0.024
google/gemma-3-1b-it,NVIDIA GeForce RTX 5060 Ti,42,2WikiMultiHopQA,8,16,81,multi-hop,95.5614,0.0,0.0,0,1,1,127,383,383,76907282432,76907282432,7.372,0.024
google/gemma-3-1b-it,NVIDIA GeForce RTX 5060 Ti,42,2WikiMultiHopQA,8,16,82,multi-hop,72.209,43.7921,83.646,0,0,0,25,281,281,41398304768,41398304768,7.372,0.024
google/gemma-3-1b-it,NVIDIA GeForce RTX 5060 Ti,42,2WikiMultiHopQA,8,16,83,structural,73.2072,57.0205,59.6886,0,0,0,114,370,370,71775027200,71775027200,7.372,0.024
google/gemma-3-1b-it,NVIDIA GeForce RTX 5060 Ti,42,2WikiMultiHopQA,8,16,84,semantic,72.516,0.0,0.0,0,1,1,50,306,306,49092231168,49092231168,7.372,0.024
google/gemma-3-1b-it,NVIDIA GeForce RTX 5060 Ti,42,2WikiMultiHopQA,8,16,85,semantic,53.848,0.0,0.0,0,1,1,87,343,343,61681958912,61681958912,7.372,0.024
google/gemma-3-1b-it,NVIDIA GeForce RTX 5060 Ti,42,2WikiMultiHopQA,8,16,86,multi-hop,79.1545,0.0,0.0,0,1,1,103,359,359,67570761728,67570761728,7.372,0.024
google/gemma-3-1b-it,NVIDIA GeForce RTX 5060 Ti,42,2WikiMultiHopQA,8,16,87,multi-hop,34.5297,0.0,68.1066,0,1,0,24,280,280,41104179200,41104179200,7.372,0.024
google/gemma-3-1b-it,NVIDIA GeForce RTX 5060 Ti,42,2WikiMultiHopQA,8,16,88,multi-hop,66.9939,81.2276,34.2285,0,0,0,95,351,351,64592805888,64592805888,7.372,0.024
google/gemma-3-1b-it,NVIDIA GeForce RTX 5060 Ti,42,2WikiMultiHopQA,8,16,89,multi-hop,40.4238,0.0,0.0,0,1,1,63,319,319,53352071168,53352071168,7.372,0.024
google/gemma-3-1b-it,NVIDIA GeForce RTX 5060 Ti,42,2WikiMultiHopQA,8,16,90,semantic,70.2632,0.0,0.0,0,1,1,102,358,358,67194847232,67194847232,7.372,0.024
google/gemma-3-1b-it,NVIDIA GeForce RTX 5060 Ti,42,2WikiMultiHopQA,8,16,91,multi-hop,58.9498,83.9064,30.2081,0,0,0,110,366,366,70231523328,70231523328,7.372,0.024
google/gemma-3-1b-it,NVIDIA GeForce RTX 5060 Ti,42,2WikiMultiHopQA,8,16,92,semantic,80.2908,0.0,0.0,0,1,1,125,381,381,76106170368,76106170368,7.372,0.024
google/gemma-3-1b-it,NVIDIA GeForce RTX 5060 Ti,42,2WikiMultiHopQA,8,16,93,semantic,0.0,0.0,0.0,1,1,1,87,343,343,61681958912,61681958912,7.372,0.024
google/gemma-3-1b-it,NVIDIA GeForce RTX 5060 Ti,42,2WikiMultiHopQA,8,16,94,semantic,26.9583,0.0,0.0,0,1,1,2,21,21,231211008,231211008,7.372,0.024
google/gemma-3-1b-it,NVIDIA GeForce RTX 5060 Ti,42,2WikiMultiHopQA,8,16,95,semantic,48.6636,0.0,0.0,0,1,1,101,357,357,66819981312,66819981312,7.372,0.024
google/gemma-3-1b-it,NVIDIA GeForce RTX 5060 Ti,42,2WikiMultiHopQA,8,16,96,multi-hop,75.1916,0.0,0.0,0,1,1,112,368,368,71001178112,71001178112,7.372,0.024
google/gemma-3-1b-it,NVIDIA GeForce RTX 5060 Ti,42,2WikiMultiHopQA,8,16,97,structural,101.2993,0.0,0.0,0,1,1,100,356,356,66446163968,66446163968,7.372,0.024
google/gemma-3-1b-it,NVIDIA GeForce RTX 5060 Ti,42,2WikiMultiHopQA,8,16,98,multi-hop,53.036,0.0,0.0,0,1,1,55,311,311,50709659648,50709659648,7.372,0.024
google/gemma-3-1b-it,NVIDIA GeForce RTX 5060 Ti,42,2WikiMultiHopQA,8,16,99,semantic,69.6371,0.0,82.2253,0,1,0,24,280,280,41104179200,41104179200,7.372,0.024
google/gemma-3-1b-it,NVIDIA GeForce RTX 5060 Ti,42,2WikiMultiHopQA,8,16,100,semantic,59.1232,0.0,0.0,0,1,1,109,365,365,69848268800,69848268800,7.372,0.024
google/gemma-3-1b-it,NVIDIA GeForce RTX 5060 Ti,42,2WikiMultiHopQA,8,16,101,multi-hop,93.4409,0.0,57.1489,0,1,0,61,317,317,52685176832,52685176832,7.372,0.024
google/gemma-3-1b-it,NVIDIA GeForce RTX 5060 Ti,42,2WikiMultiHopQA,8,16,102,multi-hop,0.0,0.0,0.0,1,1,1,105,361,361,68325736448,68325736448,7.372,0.024
google/gemma-3-1b-it,NVIDIA GeForce RTX 5060 Ti,42,2WikiMultiHopQA,8,16,103,semantic,84.7708,0.0,0.0,0,1,1,115,371,371,72163524608,72163524608,7.372,0.024
google/gemma-3-1b-it,NVIDIA GeForce RTX 5060 Ti,42,2WikiMultiHopQA,8,16,104,multi-hop,48.1856,0.0,48.3931,0,1,0,66,322,322,54360276992,54360276992,7.372,0.024
google/gemma-3-1b-it,NVIDIA GeForce RTX 5060 Ti,42,2WikiMultiHopQA,8,16,105,semantic,78.1051,0.0,0.0,0,1,1,119,375,375,73728000000,73728000000,7.372,0.024
google/gemma-3-1b-it,NVIDIA GeForce RTX 5060 Ti,42,2WikiMultiHopQA,8,16,106,semantic,90.6357,0.0,0.0,0,1,1,128,384,384,77309411328,77309411328,7.372,0.024
google/gemma-3-1b-it,NVIDIA GeForce RTX 5060 Ti,42,2WikiMultiHopQA,8,16,107,structural,80.4364,0.0,0.0,0,1,1,27,283,283,41989701632,41989701632,7.372,0.024
google/gemma-3-1b-it,NVIDIA GeForce RTX 5060 Ti,42,2WikiMultiHopQA,8,16,108,structural,81.7737,73.6645,72.0602,0,0,0,16,272,272,38788923392,38788923392,7.372,0.024
google/gemma-3-1b-it,NVIDIA GeForce RTX 5060 Ti,42,2WikiMultiHopQA,8,16,109,multi-hop,78.558,102.059,68.0619,0,0,0,35,291,291,44397232128,44397232128,7.372,0.024
google/gemma-3-1b-it,NVIDIA GeForce RTX 5060 Ti,42,2WikiMultiHopQA,8,16,110,multi-hop,90.9608,51.123,0.0,0,0,1,109,365,365,69848268800,69848268800,7.372,0.024
google/gemma-3-1b-it,NVIDIA GeForce RTX 5060 Ti,42,2WikiMultiHopQA,8,16,111,multi-hop,93.2814,0.0,0.0,0,1,1,28,284,284,42286972928,42286972928,7.372,0.024
google/gemma-3-1b-it,NVIDIA GeForce RTX 5060 Ti,42,2WikiMultiHopQA,8,16,112,semantic,41.8231,0.0,67.0787,0,1,0,28,284,284,42286972928,42286972928,7.372,0.024
google/gemma-3-1b-it,NVIDIA GeForce RTX 5060 Ti,42,2WikiMultiHopQA,8,16,113,multi-hop,75.6761,0.0,0.0,0,1,1,93,349,349,63858802688,63858802688,7.372,0.024
google/gemma-3-1b-it,NVIDIA GeForce RTX 5060 Ti,42,2WikiMultiHopQA,8,16,114,multi-hop,62.3025,0.0,0.0,0,1,1,48,304,304,48452599808,48452599808,7.372,0.024
google/gemma-3-1b-it,NVIDIA GeForce RTX 5060 Ti,42,2WikiMultiHopQA,8,16,115,multi-hop,77.8336,81.5483,50.9963,0,0,0,78,334,334,58487472128,58487472128,7.372,0.024
google/gemma-3-1b-it,NVIDIA GeForce RTX 5060 Ti,42,2WikiMultiHopQA,8,16,116,semantic,0.0,0.0,0.0,1,1,1,101,357,357,66819981312,66819981312,7.372,0.024
google/gemma-3-1b-it,NVIDIA GeForce RTX 5060 Ti,42,2WikiMultiHopQA,8,16,117,multi-hop,31.839,0.0,0.0,0,1,1,114,370,370,71775027200,71775027200,7.372,0.024
google/gemma-3-1b-it,NVIDIA GeForce RTX 5060 Ti,42,2WikiMultiHopQA,8,16,118,multi-hop,48.8938,0.0,0.0,0,1,1,25,281,281,41398304768,41398304768,7.372,0.024
google/gemma-3-1b-it,NVIDIA GeForce RTX 5060 Ti,42,2WikiMultiHopQA,8,16,119,multi-hop,81.5615,0.0,0.0,0,1,1,86,342,342,61322821632,61322821632,7.372,0.024
google/gemma-3-1b-it,NVIDIA GeForce RTX 5060 Ti,42,2WikiMultiHopQA,8,16,120,structural,50.9581,68.5673,63.9964,0,0,0,64,320,320,53687091200,53687091200,7.372,0.024
google/gemma-3-1b-it,NVIDIA GeForce RTX 5060 Ti,42,2WikiMultiHopQA,8,16,121,multi-hop,94.2627,0.0,0.0,0,1,1,114,370,370,71775027200,71775027200,7.372,0.024
google/gemma-3-1b-it,NVIDIA GeForce RTX 5060 Ti,42,2WikiMultiHopQA,8,16,122,semantic,45.9268,0.0,0.0,0,1,1,74,330,330,57094963200,57094963200,7.372,0.024
google/gemma-3-1b-it,NVIDIA GeForce RTX 5060 Ti,42,2WikiMultiHopQA,8,16,123,semantic,35.1514,0.0,0.0,0,1,1,93,349,349,63858802688,63858802688,7.372,0.024
google/gemma-3-1b-it,NVIDIA GeForce RTX 5060 Ti,42,2WikiMultiHopQA,8,16,124,multi-hop,69.387,50.5842,50.2859,0,0,0,2,19,20,189267968,209715200,7.372,0.024
google/gemma-3-1b-it,NVIDIA GeForce RTX 5060 Ti,42,2WikiMultiHopQA,8,16,125,semantic,63.0698,0.0,48.679,0,1,0,110,366,366,70231523328,70231523328,7.372,0.024
google/gemma-3-1b-it,NVIDIA GeForce RTX 5060 Ti,42,2WikiMultiHopQA,8,16,126,semantic,70.949,0.0,0.0,0,1,1,83,339,339,60251701248,60251701248,7.372,0.024
google/gemma-3-1b-it,NVIDIA GeForce RTX 5060 Ti,42,2WikiMultiHopQA,8,16,127,multi-hop,61.1065,0.0,0.0,0,1,1,101,357,357,66819981312,66819981312,7.372,0.024
google/gemma-3-1b-it,NVIDIA GeForce RTX 5060 Ti,42,2WikiMultiHopQA,8,16,128,multi-hop,48.0558,0.0,0.0,0,1,1,118,374,374,73335308288,73335308288,7.372,0.024
google/gemma-3-1b-it,NVIDIA GeForce RTX 5060 Ti,42,2WikiMultiHopQA,8,16,129,structural,77.2973,32.0394,66.4386,0,0,0,109,365,365,69848268800,69848268800,7.372,0.024
google/gemma-3-1b-it,NVIDIA GeForce RTX 5060 Ti,42,2WikiMultiHopQA,8,16,130,semantic,72.4697,0.0,0.0,0,1,1,119,375,375,73728000000,73728000000,7.372,0.024
google/gemma-3-1b-it,NVIDIA GeForce RTX 5060 Ti,42,2WikiMultiHopQA,8,16,131,semantic,47.2742,0.0,0.0,0,1,1,19,275,275,39649280000,39649280000,7.372,0.024
google/gemma-3-1b-it,NVIDIA GeForce RTX 5060 Ti,42,2WikiMultiHopQA,8,16,132,semantic,62.7921,0.0,0.0,0,1,1,67,323,323,54698442752,54698442752,7.372,0.024
google/gemma-3-1b-it,NVIDIA GeForce RTX 5060 Ti,42,2WikiMultiHopQA,8,16,133,multi-hop,51.0008,0.0,0.0,0,1,1,101,357,357,66819981312,66819981312,7.372,0.024
google/gemma-3-1b-it,NVIDIA GeForce RTX 5060 Ti,42,2WikiMultiHopQA,8,16,134,structural,47.7857,78.376,0.0,0,0,1,113,369,369,71387578368,71387578368,7.372,0.024
google/gemma-3-1b-it,NVIDIA GeForce RTX 5060 Ti,42,2WikiMultiHopQA,8,16,135,multi-hop,90.4473,0.0,58.2015,0,1,0,83,339,339,60251701248,60251701248,7.372,0.024
google/gemma-3-1b-it,NVIDIA GeForce RTX 5060 Ti,42,2WikiMultiHopQA,8,16,136,semantic,104.1867,0.0,0.0,0,1,1,121,377,377,74516529152,74516529152,7.372,0.024
google/gemma-3-1b-it,NVIDIA GeForce RTX 5060 Ti,42,2WikiMultiHopQA,8,16,137,semantic,63.7543,0.0,0.0,0,1,1,99,355,355,66073395200,66073395200,7.372,0.024
google/gemma-3-1b-it,NVIDIA GeForce RTX 5060 Ti,42,2WikiMultiHopQA,8,16,138,semantic,60.7853,0.0,59.5173,0,1,0,109,365,365,69848268800,69848268800,7.372,0.024
google/gemma-3-1b-it,NVIDIA GeForce RTX 5060 Ti,42,2WikiMultiHopQA,8,16,139,multi-hop,72.0244,0.0,0.0,0,1,1,109,365,365,69848268800,69848268800,7.372,0.024
google/gemma-3-1b-it,NVIDIA GeForce RTX 5060 Ti,42,2WikiMultiHopQA,8,16,140,structural,51.2058,35.0964,45.7192,0,0,0,95,351,351,64592805888,64592805888,7.372,0.024
google/gemma-3-1b-it,NVIDIA GeForce RTX 5060 Ti,42,2WikiMultiHopQA,8,16,141,semantic,89.5632,0.0,0.0,0,1,1,29,285,285,42585292800,42585292800,7.372,0.024
google/gemma-3-1b-it,NVIDIA GeForce RTX 5060 Ti,42,2WikiMultiHopQA,8,16,142,multi-hop,54.1011,0.0,0.0,0,1,1,93,349,349,63858802688,63858802688,7.372,0.024
google/gemma-3-1b-it,NVIDIA GeForce RTX 5060 Ti,42,2WikiMultiHopQA,8,16,143,semantic,64.137,0.0,33.1827,0,1,0,73,329,329,56749457408,56749457408,7.372,0.024
google/gemma-3-1b-it,NVIDIA GeForce RTX 5060 Ti,42,2WikiMultiHopQA,8,16,144,multi-hop,0.0,0.0,0.0,1,1,1,118,374,374,73335308288,73335308288,7.372,0.024
google/gemma-3-1b-it,NVIDIA GeForce RTX 5060 Ti,42,2WikiMultiHopQA,8,16,145,multi-hop,39.3562,0.0,0.0,0,1,1,27,283,283,41989701632,41989701632,7.372,0.024
google/gemma-3-1b-it,NVIDIA GeForce RTX 5060 Ti,42,2WikiMultiHopQA,8,16,146,multi-hop,29.7613,0.0,0.0,0,1,1,114,370,370,71775027200,71775027200,7.372,0.024
google/gemma-3-1b-it,NVIDIA GeForce RTX 5060 Ti,42,2WikiMultiHopQA,8,16,147,multi-hop,79.6659,0.0,0.0,0,1,1,128,384,384,77309411328,77309411328,7.372,0.024
google/gemma-3-1b-it,NVIDIA GeForce RTX 5060 Ti,42,2WikiMultiHopQA,8,16,148,multi-hop,64.2459,0.0,0.0,0,1,1,80,336,336,59190018048,59190018048,7.372,0.024
google/gemma-3-1b-it,NVIDIA GeForce RTX 5060 Ti,42,2WikiMultiHopQA,8,16,149,multi-hop,76.5803,45.5143,34.2264,0,0,0,101,357,357,66819981312,66819981312,7.372,0.024
google/gemma-3-1b-it,NVIDIA GeForce RTX 5060 Ti,42,2WikiMultiHopQA,8,16,150,semantic,53.8385,0.0,0.0,0,1,1,83,339,339,60251701248,60251701248,7.372,0.024
google/gemma-3-1b-it,NVIDIA GeForce RTX 5060 Ti,42,2WikiMultiHopQA,8,16,151,structural,55.2004,33.2438,33.283,0,0,0,24,280,280,41104179200,41104179200,7.372,0.024
google/gemma-3-1b-it,NVIDIA GeForce RTX 5060 Ti,42,2WikiMultiHopQA,8,16,152,structural,61.5678,0.0,0.0,0,1,1,67,323,323,54698442752,54698442752,7.372,0.024
google/gemma-3-1b-it,NVIDIA GeForce RTX 5060 Ti,42,2WikiMultiHopQA,8,16,153,structural,40.7476,29.2014,38.6991,0,0,0,85,341,341,60964732928,60964732928,7.372,0.024
google/gemma-3-1b-it,NVIDIA GeForce RTX 5060 Ti,42,2WikiMultiHopQA,8,16,154,multi-hop,0.0,54.5129,48.4809,1,0,0,24,280,280,41104179200,41104179200,7.372,0.024
google/gemma-3-1b-it,NVIDIA GeForce RTX 5060 Ti,42,2WikiMultiHopQA,8,16,155,multi-hop,31.8699,0.0,0.0,0,1,1,4,21,23,231211008,277348352,7.372,0.024
google/gemma-3-1b-it,NVIDIA GeForce RTX 5060 Ti,42,2WikiMultiHopQA,8,16,156,structural,35.1539,0.0,0.0,0,1,1,102,358,358,67194847232,67194847232,7.372,0.024
google/gemma-3-1b-it,NVIDIA GeForce RTX 5060 Ti,42,2WikiMultiHopQA,8,16,157,multi-hop,44.1317,0.0,0.0,0,1,1,105,361,361,68325736448,68325736448,7.372,0.024
google/gemma-3-1b-it,NVIDIA GeForce RTX 5060 Ti,42,2WikiMultiHopQA,8,16,158,multi-hop,58.211,0.0,0.0,0,1,1,107,363,363,69084905472,69084905472,7.372,0.024
google/gemma-3-1b-it,NVIDIA GeForce RTX 5060 Ti,42,2WikiMultiHopQA,8,16,159,structural,49.7334,33.8382,33.4844,0,0,0,115,371,371,72163524608,72163524608,7.372,0.024
google/gemma-3-1b-it,NVIDIA GeForce RTX 5060 Ti,42,2WikiMultiHopQA,8,16,160,semantic,36.2923,0.0,0.0,0,1,1,64,320,320,53687091200,53687091200,7.372,0.024
google/gemma-3-1b-it,NVIDIA GeForce RTX 5060 Ti,42,2WikiMultiHopQA,8,16,161,multi-hop,44.8053,0.0,36.3379,0,1,0,63,319,319,53352071168,53352071168,7.372,0.024
google/gemma-3-1b-it,NVIDIA GeForce RTX 5060 Ti,42,2WikiMultiHopQA,8,16,162,multi-hop,33.6603,0.0,0.0,0,1,1,95,351,351,64592805888,64592805888,7.372,0.024
google/gemma-3-1b-it,NVIDIA GeForce RTX 5060 Ti,42,2WikiMultiHopQA,8,16,163,multi-hop,34.1887,43.4232,40.9581,0,0,0,105,361,361,68325736448,68325736448,7.372,0.024
google/gemma-3-1b-it,NVIDIA GeForce RTX 5060 Ti,42,2WikiMultiHopQA,8,16,164,semantic,36.7048,0.0,0.0,0,1,1,93,349,349,63858802688,63858802688,7.372,0.024
google/gemma-3-1b-it,NVIDIA GeForce RTX 5060 Ti,42,2WikiMultiHopQA,8,16,165,multi-hop,54.9668,0.0,0.0,0,1,1,87,343,343,61681958912,61681958912,7.372,0.024
google/gemma-3-1b-it,NVIDIA GeForce RTX 5060 Ti,42,2WikiMultiHopQA,8,16,166,multi-hop,34.8993,0.0,0.0,0,1,1,108,364,364,69466062848,69466062848,7.372,0.024
google/gemma-3-1b-it,NVIDIA GeForce RTX 5060 Ti,42,2WikiMultiHopQA,8,16,167,multi-hop,45.9645,0.0,0.0,0,1,1,91,347,347,63128993792,63128993792,7.372,0.024
google/gemma-3-1b-it,NVIDIA GeForce RTX 5060 Ti,42,2WikiMultiHopQA,8,16,168,semantic,34.6467,0.0,0.0,0,1,1,106,362,362,68704796672,68704796672,7.372,0.024
google/gemma-3-1b-it,NVIDIA GeForce RTX 5060 Ti,42,2WikiMultiHopQA,8,16,169,multi-hop,42.7658,40.326,0.0,0,0,1,80,336,336,59190018048,59190018048,7.372,0.024
google/gemma-3-1b-it,NVIDIA GeForce RTX 5060 Ti,42,2WikiMultiHopQA,8,16,170,multi-hop,51.6225,29.3741,55.8268,0,0,0,2,50,25,1310720000,327680000,7.372,0.024
google/gemma-3-1b-it,NVIDIA GeForce RTX 5060 Ti,42,2WikiMultiHopQA,8,16,171,multi-hop,56.6271,0.0,0.0,0,1,1,149,405,405,85996339200,85996339200,7.372,0.024
google/gemma-3-1b-it,NVIDIA GeForce RTX 5060 Ti,42,2WikiMultiHopQA,8,16,172,structural,33.9894,39.205,0.0,0,0,1,95,351,351,64592805888,64592805888,7.372,0.024
google/gemma-3-1b-it,NVIDIA GeForce RTX 5060 Ti,42,2WikiMultiHopQA,8,16,173,multi-hop,34.6004,0.0,0.0,0,1,1,109,365,365,69848268800,69848268800,7.372,0.024
google/gemma-3-1b-it,NVIDIA GeForce RTX 5060 Ti,42,2WikiMultiHopQA,8,16,174,semantic,0.0,0.0,0.0,1,1,1,100,356,356,66446163968,66446163968,7.372,0.024
google/gemma-3-1b-it,NVIDIA GeForce RTX 5060 Ti,42,2WikiMultiHopQA,8,16,175,multi-hop,53.707,47.1945,35.0869,0,0,0,106,362,362,68704796672,68704796672,7.372,0.024
google/gemma-3-1b-it,NVIDIA GeForce RTX 5060 Ti,42,2WikiMultiHopQA,8,16,176,multi-hop,93.6819,0.0,0.0,0,1,1,76,332,332,57789120512,57789120512,7.372,0.024
google/gemma-3-1b-it,NVIDIA GeForce RTX 5060 Ti,42,2WikiMultiHopQA,8,16,177,multi-hop,53.9937,0.0,0.0,0,1,1,139,395,395,81802035200,81802035200,7.372,0.024
google/gemma-3-1b-it,NVIDIA GeForce RTX 5060 Ti,42,2WikiMultiHopQA,8,16,178,structural,70.74,43.824,38.3925,0,0,0,117,373,373,72943665152,72943665152,7.372,0.024
google/gemma-3-1b-it,NVIDIA GeForce RTX 5060 Ti,42,2WikiMultiHopQA,8,16,179,structural,50.1683,0.0,0.0,0,1,1,113,369,369,71387578368,71387578368,7.372,0.024
google/gemma-3-1b-it,NVIDIA GeForce RTX 5060 Ti,42,2WikiMultiHopQA,8,16,180,semantic,27.6679,0.0,0.0,0,1,1,3,259,259,35169763328,35169763328,7.372,0.024
google/gemma-3-1b-it,NVIDIA GeForce RTX 5060 Ti,42,2WikiMultiHopQA,8,16,181,structural,0.0,0.0,0.0,1,1,1,76,332,332,57789120512,57789120512,7.372,0.024
google/gemma-3-1b-it,NVIDIA GeForce RTX 5060 Ti,42,2WikiMultiHopQA,8,16,182,multi-hop,44.8164,0.0,0.0,0,1,1,6,251,262,33030668288,35989225472,7.372,0.024
google/gemma-3-1b-it,NVIDIA GeForce RTX 5060 Ti,42,2WikiMultiHopQA,8,16,183,multi-hop,35.444,0.0,0.0,0,1,1,58,314,314,51692699648,51692699648,7.372,0.024
google/gemma-3-1b-it,NVIDIA GeForce RTX 5060 Ti,42,2WikiMultiHopQA,8,16,184,structural,33.5703,41.6018,42.4681,0,0,0,86,342,342,61322821632,61322821632,7.372,0.024
google/gemma-3-1b-it,NVIDIA GeForce RTX 5060 Ti,42,2WikiMultiHopQA,8,16,185,multi-hop,31.9641,0.0,0.0,0,1,1,12,65,65,2215116800,2215116800,7.372,0.024
google/gemma-3-1b-it,NVIDIA GeForce RTX 5060 Ti,42,2WikiMultiHopQA,8,16,186,semantic,39.8353,0.0,0.0,0,1,1,85,341,341,60964732928,60964732928,7.372,0.024
google/gemma-3-1b-it,NVIDIA GeForce RTX 5060 Ti,42,2WikiMultiHopQA,8,16,187,multi-hop,52.6652,0.0,0.0,0,1,1,113,369,369,71387578368,71387578368,7.372,0.024
google/gemma-3-1b-it,NVIDIA GeForce RTX 5060 Ti,42,2WikiMultiHopQA,8,16,188,multi-hop,49.4836,0.0,52.7989,0,1,0,16,272,272,38788923392,38788923392,7.372,0.024
google/gemma-3-1b-it,NVIDIA GeForce RTX 5060 Ti,42,2WikiMultiHopQA,8,16,189,structural,57.0472,0.0,0.0,0,1,1,194,450,450,106168320000,106168320000,7.372,0.024
google/gemma-3-1b-it,NVIDIA GeForce RTX 5060 Ti,42,2WikiMultiHopQA,8,16,190,structural,53.3433,34.7996,35.5552,0,0,0,106,362,362,68704796672,68704796672,7.372,0.024
google/gemma-3-1b-it,NVIDIA GeForce RTX 5060 Ti,42,2WikiMultiHopQA,8,16,191,structural,0.0,0.0,0.0,1,1,1,2,135,258,9555148800,34898706432,7.372,0.024
google/gemma-3-1b-it,NVIDIA GeForce RTX 5060 Ti,42,2WikiMultiHopQA,8,16,192,multi-hop,37.3308,0.0,35.6361,0,1,0,64,320,320,53687091200,53687091200,7.372,0.024
google/gemma-3-1b-it,NVIDIA GeForce RTX 5060 Ti,42,2WikiMultiHopQA,8,16,193,semantic,50.1046,0.0,0.0,0,1,1,139,395,395,81802035200,81802035200,7.372,0.024
google/gemma-3-1b-it,NVIDIA GeForce RTX 5060 Ti,42,2WikiMultiHopQA,8,16,194,multi-hop,36.7498,56.5799,56.2195,0,0,0,2,21,21,231211008,231211008,7.372,0.024
google/gemma-3-1b-it,NVIDIA GeForce RTX 5060 Ti,42,2WikiMultiHopQA,8,16,195,multi-hop,66.1754,51.1736,24.5646,0,0,0,111,367,367,70615826432,70615826432,7.372,0.024
google/gemma-3-1b-it,NVIDIA GeForce RTX 5060 Ti,42,2WikiMultiHopQA,8,16,196,multi-hop,58.4816,0.0,0.0,0,1,1,114,370,370,71775027200,71775027200,7.372,0.024
google/gemma-3-1b-it,NVIDIA GeForce RTX 5060 Ti,42,2WikiMultiHopQA,8,16,197,semantic,37.2327,29.8075,38.1939,0,0,0,35,291,291,44397232128,44397232128,7.372,0.024
google/gemma-3-1b-it,NVIDIA GeForce RTX 5060 Ti,42,2WikiMultiHopQA,8,16,198,semantic,0.0,0.0,0.0,1,1,1,139,395,395,81802035200,81802035200,7.372,0.024
google/gemma-3-1b-it,NVIDIA GeForce RTX 5060 Ti,42,2WikiMultiHopQA,8,16,199,semantic,30.7797,0.0,0.0,0,1,1,90,346,346,62765662208,62765662208,7.372,0.024
google/gemma-3-1b-it,NVIDIA GeForce RTX 5060 Ti,42,2WikiMultiHopQA,8,16,200,multi-hop,0.0,46.7799,46.4474,1,0,0,93,349,349,63858802688,63858802688,7.372,0.024
google/gemma-3-1b-it,NVIDIA GeForce RTX 5060 Ti,42,2WikiMultiHopQA,8,16,201,multi-hop,29.5289,0.0,0.0,0,1,1,109,365,365,69848268800,69848268800,7.372,0.024
google/gemma-3-1b-it,NVIDIA GeForce RTX 5060 Ti,42,2WikiMultiHopQA,8,16,202,semantic,63.8754,0.0,40.9469,0,1,0,68,324,324,55037657088,55037657088,7.372,0.024
google/gemma-3-1b-it,NVIDIA GeForce RTX 5060 Ti,42,2WikiMultiHopQA,8,16,203,semantic,83.9535,0.0,51.5699,0,1,0,121,377,377,74516529152,74516529152,7.372,0.024
google/gemma-3-1b-it,NVIDIA GeForce RTX 5060 Ti,42,2WikiMultiHopQA,8,16,204,multi-hop,47.1535,73.3748,39.035,0,0,0,93,349,349,63858802688,63858802688,7.372,0.024
google/gemma-3-1b-it,NVIDIA GeForce RTX 5060 Ti,42,2WikiMultiHopQA,8,16,205,multi-hop,37.6411,0.0,39.6369,0,1,0,67,323,323,54698442752,54698442752,7.372,0.024
google/gemma-3-1b-it,NVIDIA GeForce RTX 5060 Ti,42,2WikiMultiHopQA,8,16,206,multi-hop,80.3917,34.1546,43.1738,0,0,0,113,369,369,71387578368,71387578368,7.372,0.024
google/gemma-3-1b-it,NVIDIA GeForce RTX 5060 Ti,42,2WikiMultiHopQA,8,16,207,multi-hop,52.8058,0.0,0.0,0,1,1,2,24,38,301989888,757071872,7.372,0.024
google/gemma-3-1b-it,NVIDIA GeForce RTX 5060 Ti,42,2WikiMultiHopQA,8,16,208,semantic,65.8375,0.0,64.6209,0,1,0,114,370,370,71775027200,71775027200,7.372,0.024
google/gemma-3-1b-it,NVIDIA GeForce RTX 5060 Ti,42,2WikiMultiHopQA,8,16,209,semantic,0.0,0.0,0.0,1,1,1,78,334,334,58487472128,58487472128,7.372,0.024
google/gemma-3-1b-it,NVIDIA GeForce RTX 5060 Ti,42,2WikiMultiHopQA,8,16,210,multi-hop,46.8394,0.0,0.0,0,1,1,101,357,357,66819981312,66819981312,7.372,0.024
google/gemma-3-1b-it,NVIDIA GeForce RTX 5060 Ti,42,2WikiMultiHopQA,8,16,211,multi-hop,36.6941,36.0548,50.7104,0,0,0,85,341,341,60964732928,60964732928,7.372,0.024
google/gemma-3-1b-it,NVIDIA GeForce RTX 5060 Ti,42,2WikiMultiHopQA,8,16,212,semantic,40.8103,0.0,0.0,0,1,1,95,351,351,64592805888,64592805888,7.372,0.024
google/gemma-3-1b-it,NVIDIA GeForce RTX 5060 Ti,42,2WikiMultiHopQA,8,16,213,structural,55.5941,35.3858,35.362,0,0,0,63,319,319,53352071168,53352071168,7.372,0.024
google/gemma-3-1b-it,NVIDIA GeForce RTX 5060 Ti,42,2WikiMultiHopQA,8,16,214,multi-hop,35.2642,0.0,0.0,0,1,1,16,75,253,2949120000,33559150592,7.372,0.024
google/gemma-3-1b-it,NVIDIA GeForce RTX 5060 Ti,42,2WikiMultiHopQA,8,16,215,multi-hop,34.2069,46.965,49.9487,0,0,0,35,291,291,44397232128,44397232128,7.372,0.024
google/gemma-3-1b-it,NVIDIA GeForce RTX 5060 Ti,42,2WikiMultiHopQA,8,16,216,multi-hop,37.3698,0.0,0.0,0,1,1,23,279,279,40811102208,40811102208,7.372,0.024
google/gemma-3-1b-it,NVIDIA GeForce RTX 5060 Ti,42,2WikiMultiHopQA,8,16,217,semantic,59.6828,0.0,0.0,0,1,1,70,326,326,55719231488,55719231488,7.372,0.024
google/gemma-3-1b-it,NVIDIA GeForce RTX 5060 Ti,42,2WikiMultiHopQA,8,16,218,semantic,51.8259,0.0,0.0,0,1,1,133,389,389,79335784448,79335784448,7.372,0.024
google/gemma-3-1b-it,NVIDIA GeForce RTX 5060 Ti,42,2WikiMultiHopQA,8,16,219,structural,30.3947,32.6931,0.0,0,0,1,52,308,308,49736056832,49736056832,7.372,0.024
google/gemma-3-1b-it,NVIDIA GeForce RTX 5060 Ti,42,2WikiMultiHopQA,8,16,220,multi-hop,37.9275,0.0,0.0,0,1,1,17,273,273,39074660352,39074660352,7.372,0.024
google/gemma-3-1b-it,NVIDIA GeForce RTX 5060 Ti,42,2WikiMultiHopQA,8,16,221,semantic,89.6591,0.0,0.0,0,1,1,101,357,357,66819981312,66819981312,7.372,0.024
google/gemma-3-1b-it,NVIDIA GeForce RTX 5060 Ti,42,2WikiMultiHopQA,8,16,222,structural,55.2436,53.2999,55.5505,0,0,0,100,356,356,66446163968,66446163968,7.372,0.024
google/gemma-3-1b-it,NVIDIA GeForce RTX 5060 Ti,42,2WikiMultiHopQA,8,16,223,multi-hop,81.1927,0.0,0.0,0,1,1,48,304,304,48452599808,48452599808,7.372,0.024
google/gemma-3-1b-it,NVIDIA GeForce RTX 5060 Ti,42,2WikiMultiHopQA,8,16,224,multi-hop,43.9725,43.124,0.0,0,0,1,114,370,370,71775027200,71775027200,7.372,0.024
google/gemma-3-1b-it,NVIDIA GeForce RTX 5060 Ti,42,2WikiMultiHopQA,8,16,225,structural,45.5493,0.0,0.0,0,1,1,85,341,341,60964732928,60964732928,7.372,0.024
google/gemma-3-1b-it,NVIDIA GeForce RTX 5060 Ti,42,2WikiMultiHopQA,8,16,226,semantic,47.7581,0.0,53.2278,0,1,0,120,376,376,74121740288,74121740288,7.372,0.024
google/gemma-3-1b-it,NVIDIA GeForce RTX 5060 Ti,42,2WikiMultiHopQA,8,16,227,semantic,0.0,0.0,0.0,1,1,1,83,339,339,60251701248,60251701248,7.372,0.024
google/gemma-3-1b-it,NVIDIA GeForce RTX 5060 Ti,42,2WikiMultiHopQA,8,16,228,structural,39.1272,40.7528,92.458,0,0,0,42,298,298,46558871552,46558871552,7.372,0.024
google/gemma-3-1b-it,NVIDIA GeForce RTX 5060 Ti,42,2WikiMultiHopQA,8,16,229,multi-hop,45.4411,0.0,0.0,0,1,1,40,296,296,45936017408,45936017408,7.372,0.024
google/gemma-3-1b-it,NVIDIA GeForce RTX 5060 Ti,42,2WikiMultiHopQA,8,16,230,structural,36.4892,73.0206,0.0,0,0,1,77,333,333,58137772032,58137772032,7.372,0.024
google/gemma-3-1b-it,NVIDIA GeForce RTX 5060 Ti,42,2WikiMultiHopQA,8,16,231,semantic,63.7685,0.0,0.0,0,1,1,102,358,358,67194847232,67194847232,7.372,0.024
google/gemma-3-1b-it,NVIDIA GeForce RTX 5060 Ti,42,2WikiMultiHopQA,8,16,232,structural,93.5494,52.5057,84.9513,0,0,0,3,24,24,301989888,301989888,7.372,0.024
google/gemma-3-1b-it,NVIDIA GeForce RTX 5060 Ti,42,2WikiMultiHopQA,8,16,233,structural,55.3179,0.0,0.0,0,1,1,95,351,351,64592805888,64592805888,7.372,0.024
google/gemma-3-1b-it,NVIDIA GeForce RTX 5060 Ti,42,2WikiMultiHopQA,8,16,234,semantic,40.8021,0.0,0.0,0,1,1,2,24,22,301989888,253755392,7.372,0.024
google/gemma-3-1b-it,NVIDIA GeForce RTX 5060 Ti,42,2WikiMultiHopQA,8,16,235,multi-hop,0.0,0.0,0.0,1,1,1,83,339,339,60251701248,60251701248,7.372,0.024
google/gemma-3-1b-it,NVIDIA GeForce RTX 5060 Ti,42,2WikiMultiHopQA,8,16,236,multi-hop,53.6802,0.0,0.0,0,1,1,140,396,396,82216747008,82216747008,7.372,0.024
google/gemma-3-1b-it,NVIDIA GeForce RTX 5060 Ti,42,2WikiMultiHopQA,8,16,237,structural,33.8862,0.0,0.0,0,1,1,100,356,356,66446163968,66446163968,7.372,0.024
google/gemma-3-1b-it,NVIDIA GeForce RTX 5060 Ti,42,2WikiMultiHopQA,8,16,238,multi-hop,36.6373,36.8559,38.5071,0,0,0,53,309,309,50059542528,50059542528,7.372,0.024
google/gemma-3-1b-it,NVIDIA GeForce RTX 5060 Ti,42,2WikiMultiHopQA,8,16,239,structural,62.8826,56.8044,0.0,0,0,1,80,336,336,59190018048,59190018048,7.372,0.024
google/gemma-3-1b-it,NVIDIA GeForce RTX 5060 Ti,42,2WikiMultiHopQA,8,16,240,multi-hop,61.7756,0.0,46.5751,0,1,0,20,276,276,39938162688,39938162688,7.372,0.024
google/gemma-3-1b-it,NVIDIA GeForce RTX 5060 Ti,42,2WikiMultiHopQA,8,16,241,multi-hop,36.8555,0.0,0.0,0,1,1,107,363,363,69084905472,69084905472,7.372,0.024
google/gemma-3-1b-it,NVIDIA GeForce RTX 5060 Ti,42,2WikiMultiHopQA,8,16,242,multi-hop,34.0034,51.3387,55.876,0,0,0,146,402,402,84727037952,84727037952,7.372,0.024
google/gemma-3-1b-it,NVIDIA GeForce RTX 5060 Ti,42,2WikiMultiHopQA,8,16,243,multi-hop,46.8831,42.7737,0.0,0,0,1,6,262,262,35989225472,35989225472,7.372,0.024
google/gemma-3-1b-it,NVIDIA GeForce RTX 5060 Ti,42,2WikiMultiHopQA,8,16,244,semantic,36.6987,0.0,0.0,0,1,1,78,334,334,58487472128,58487472128,7.372,0.024
google/gemma-3-1b-it,NVIDIA GeForce RTX 5060 Ti,42,2WikiMultiHopQA,8,16,245,multi-hop,55.2102,45.7009,51.9746,0,0,0,155,411,411,88563253248,88563253248,7.372,0.024
google/gemma-3-1b-it,NVIDIA GeForce RTX 5060 Ti,42,2WikiMultiHopQA,8,16,246,structural,41.6779,50.378,53.2026,0,0,0,135,391,391,80153673728,80153673728,7.372,0.024
google/gemma-3-1b-it,NVIDIA GeForce RTX 5060 Ti,42,2WikiMultiHopQA,8,16,247,structural,59.8648,0.0,0.0,0,1,1,13,269,269,37938003968,37938003968,7.372,0.024
google/gemma-3-1b-it,NVIDIA GeForce RTX 5060 Ti,42,2WikiMultiHopQA,8,16,248,semantic,26.5439,0.0,0.0,0,1,1,138,394,394,81388371968,81388371968,7.372,0.024
google/gemma-3-1b-it,NVIDIA GeForce RTX 5060 Ti,42,2WikiMultiHopQA,8,16,249,multi-hop,47.4483,0.0,49.1123,0,1,0,103,359,359,67570761728,67570761728,7.372,0.024
google/gemma-3-1b-it,NVIDIA GeForce RTX 5060 Ti,42,2WikiMultiHopQA,8,16,250,semantic,78.8179,0.0,0.0,0,1,1,122,378,378,74912366592,74912366592,7.372,0.024
google/gemma-3-1b-it,NVIDIA GeForce RTX 5060 Ti,42,2WikiMultiHopQA,8,16,251,multi-hop,42.9894,48.2469,60.0951,0,0,0,48,304,304,48452599808,48452599808,7.372,0.024
google/gemma-3-1b-it,NVIDIA GeForce RTX 5060 Ti,42,2WikiMultiHopQA,8,16,252,multi-hop,0.0,0.0,53.9009,1,1,0,35,291,291,44397232128,44397232128,7.372,0.024
google/gemma-3-1b-it,NVIDIA GeForce RTX 5060 Ti,42,2WikiMultiHopQA,8,16,253,multi-hop,63.3046,34.3559,0.0,0,0,1,113,369,369,71387578368,71387578368,7.372,0.024
google/gemma-3-1b-it,NVIDIA GeForce RTX 5060 Ti,42,2WikiMultiHopQA,8,16,254,multi-hop,39.8134,43.756,31.2481,0,0,0,4,260,260,35441868800,35441868800,7.372,0.024
google/gemma-3-1b-it,NVIDIA GeForce RTX 5060 Ti,42,2WikiMultiHopQA,8,16,255,multi-hop,57.9933,34.4145,73.5987,0,0,0,122,378,378,74912366592,74912366592,7.372,0.024
google/gemma-3-1b-it,NVIDIA GeForce RTX 5060 Ti,42,2WikiMultiHopQA,8,16,256,multi-hop,80.7672,72.5366,62.0234,0,0,0,46,302,302,47817162752,47817162752,7.372,0.024
google/gemma-3-1b-it,NVIDIA GeForce RTX 5060 Ti,42,2WikiMultiHopQA,8,16,257,semantic,49.3065,0.0,0.0,0,1,1,79,335,335,58838220800,58838220800,7.372,0.024
google/gemma-3-1b-it,NVIDIA GeForce RTX 5060 Ti,42,2WikiMultiHopQA,8,16,258,multi-hop,71.7646,0.0,0.0,0,1,1,48,304,304,48452599808,48452599808,7.372,0.024
google/gemma-3-1b-it,NVIDIA GeForce RTX 5060 Ti,42,2WikiMultiHopQA,8,16,259,multi-hop,29.7404,0.0,0.0,0,1,1,2,135,134,9555148800,9414115328,7.372,0.024
google/gemma-3-1b-it,NVIDIA GeForce RTX 5060 Ti,42,2WikiMultiHopQA,8,16,260,structural,47.8472,43.5808,63.1712,0,0,0,12,65,65,2215116800,2215116800,7.372,0.024
google/gemma-3-1b-it,NVIDIA GeForce RTX 5060 Ti,42,2WikiMultiHopQA,8,16,261,semantic,33.2044,0.0,48.2699,0,1,0,12,268,268,37656461312,37656461312,7.372,0.024
google/gemma-3-1b-it,NVIDIA GeForce RTX 5060 Ti,42,2WikiMultiHopQA,8,16,262,multi-hop,51.2252,60.9745,37.5462,0,0,0,119,375,375,73728000000,73728000000,7.372,0.024
google/gemma-3-1b-it,NVIDIA GeForce RTX 5060 Ti,42,2WikiMultiHopQA,8,16,263,semantic,74.7584,0.0,53.4212,0,1,0,135,391,391,80153673728,80153673728,7.372,0.024
google/gemma-3-1b-it,NVIDIA GeForce RTX 5060 Ti,42,2WikiMultiHopQA,8,16,264,semantic,52.8307,0.0,0.0,0,1,1,96,352,352,64961380352,64961380352,7.372,0.024
google/gemma-3-1b-it,NVIDIA GeForce RTX 5060 Ti,42,2WikiMultiHopQA,8,16,265,semantic,81.1611,0.0,0.0,0,1,1,59,315,315,52022476800,52022476800,7.372,0.024
google/gemma-3-1b-it,NVIDIA GeForce RTX 5060 Ti,42,2WikiMultiHopQA,8,16,266,semantic,0.0,0.0,67.9679,1,1,0,209,465,465,113364172800,113364172800,7.372,0.024
google/gemma-3-1b-it,NVIDIA GeForce RTX 5060 Ti,42,2WikiMultiHopQA,8,16,267,structural,49.8737,81.1373,0.0,0,0,1,32,288,288,43486543872,43486543872,7.372,0.024
google/gemma-3-1b-it,NVIDIA GeForce RTX 5060 Ti,42,2WikiMultiHopQA,8,16,268,structural,48.4461,76.9213,40.7716,0,0,0,111,367,367,70615826432,70615826432,7.372,0.024
google/gemma-3-1b-it,NVIDIA GeForce RTX 5060 Ti,42,2WikiMultiHopQA,8,16,269,semantic,47.6535,0.0,41.5368,0,1,0,64,320,320,53687091200,53687091200,7.372,0.024
google/gemma-3-1b-it,NVIDIA GeForce RTX 5060 Ti,42,2WikiMultiHopQA,8,16,270,multi-hop,51.0152,0.0,0.0,0,1,1,119,375,375,73728000000,73728000000,7.372,0.024
google/gemma-3-1b-it,NVIDIA GeForce RTX 5060 Ti,42,2WikiMultiHopQA,8,16,271,multi-hop,74.7332,0.0,44.4164,0,1,0,28,284,284,42286972928,42286972928,7.372,0.024
google/gemma-3-1b-it,NVIDIA GeForce RTX 5060 Ti,42,2WikiMultiHopQA,8,16,272,semantic,43.8118,0.0,72.5133,0,1,0,20,276,276,39938162688,39938162688,7.372,0.024
google/gemma-3-1b-it,NVIDIA GeForce RTX 5060 Ti,42,2WikiMultiHopQA,8,16,273,multi-hop,37.4681,64.5702,71.2469,0,0,0,22,278,278,40519073792,40519073792,7.372,0.024
google/gemma-3-1b-it,NVIDIA GeForce RTX 5060 Ti,42,2WikiMultiHopQA,8,16,274,multi-hop,56.4967,0.0,0.0,0,1,1,112,368,368,71001178112,71001178112,7.372,0.024
google/gemma-3-1b-it,NVIDIA GeForce RTX 5060 Ti,42,2WikiMultiHopQA,8,16,275,multi-hop,59.5132,0.0,43.3583,0,1,0,80,336,336,59190018048,59190018048,7.372,0.024
google/gemma-3-1b-it,NVIDIA GeForce RTX 5060 Ti,42,2WikiMultiHopQA,8,16,276,multi-hop,69.0558,0.0,0.0,0,1,1,36,292,292,44702892032,44702892032,7.372,0.024
google/gemma-3-1b-it,NVIDIA GeForce RTX 5060 Ti,42,2WikiMultiHopQA,8,16,277,structural,51.483,35.8954,41.0006,0,0,0,25,281,281,41398304768,41398304768,7.372,0.024
google/gemma-3-1b-it,NVIDIA GeForce RTX 5060 Ti,42,2WikiMultiHopQA,8,16,278,multi-hop,48.3368,58.4686,0.0,0,0,1,81,337,337,59542863872,59542863872,7.372,0.024
google/gemma-3-1b-it,NVIDIA GeForce RTX 5060 Ti,42,2WikiMultiHopQA,8,16,279,structural,30.9621,44.7066,38.8702,0,0,0,145,401,401,84306034688,84306034688,7.372,0.024
google/gemma-3-1b-it,NVIDIA GeForce RTX 5060 Ti,42,2WikiMultiHopQA,8,16,280,multi-hop,43.4091,45.966,44.83,0,0,0,57,313,313,51363971072,51363971072,7.372,0.024
google/gemma-3-1b-it,NVIDIA GeForce RTX 5060 Ti,42,2WikiMultiHopQA,8,16,281,semantic,62.0739,0.0,0.0,0,1,1,105,361,361,68325736448,68325736448,7.372,0.024
google/gemma-3-1b-it,NVIDIA GeForce RTX 5060 Ti,42,2WikiMultiHopQA,8,16,282,semantic,35.5229,0.0,0.0,0,1,1,36,292,292,44702892032,44702892032,7.372,0.024
google/gemma-3-1b-it,NVIDIA GeForce RTX 5060 Ti,42,2WikiMultiHopQA,8,16,283,structural,38.5381,73.4316,45.5145,0,0,0,29,285,285,42585292800,42585292800,7.372,0.024
google/gemma-3-1b-it,NVIDIA GeForce RTX 5060 Ti,42,2WikiMultiHopQA,8,16,284,multi-hop,56.9761,0.0,0.0,0,1,1,118,374,374,73335308288,73335308288,7.372,0.024
google/gemma-3-1b-it,NVIDIA GeForce RTX 5060 Ti,42,2WikiMultiHopQA,8,16,285,structural,51.5372,0.0,0.0,0,1,1,34,290,290,44092620800,44092620800,7.372,0.024
google/gemma-3-1b-it,NVIDIA GeForce RTX 5060 Ti,42,2WikiMultiHopQA,8,16,286,multi-hop,62.9152,0.0,52.8769,0,1,0,100,356,356,66446163968,66446163968,7.372,0.024
google/gemma-3-1b-it,NVIDIA GeForce RTX 5060 Ti,42,2WikiMultiHopQA,8,16,287,structural,30.6296,0.0,0.0,0,1,1,98,354,354,65701675008,65701675008,7.372,0.024
google/gemma-3-1b-it,NVIDIA GeForce RTX 5060 Ti,42,2WikiMultiHopQA,8,16,288,multi-hop,61.4206,0.0,0.0,0,1,1,115,371,371,72163524608,72163524608,7.372,0.024
google/gemma-3-1b-it,NVIDIA GeForce RTX 5060 Ti,42,2WikiMultiHopQA,8,16,289,multi-hop,49.6132,0.0,0.0,0,1,1,105,361,361,68325736448,68325736448,7.372,0.024
google/gemma-3-1b-it,NVIDIA GeForce RTX 5060 Ti,42,2WikiMultiHopQA,8,16,290,semantic,55.1803,0.0,0.0,0,1,1,105,361,361,68325736448,68325736448,7.372,0.024
google/gemma-3-1b-it,NVIDIA GeForce RTX 5060 Ti,42,2WikiMultiHopQA,8,16,291,multi-hop,36.0325,35.2019,44.0299,0,0,0,100,356,356,66446163968,66446163968,7.372,0.024
google/gemma-3-1b-it,NVIDIA GeForce RTX 5060 Ti,42,2WikiMultiHopQA,8,16,292,multi-hop,37.7965,0.0,46.6772,0,1,0,20,276,276,39938162688,39938162688,7.372,0.024
google/gemma-3-1b-it,NVIDIA GeForce RTX 5060 Ti,42,2WikiMultiHopQA,8,16,293,multi-hop,32.4376,40.9778,60.5733,0,0,0,24,280,280,41104179200,41104179200,7.372,0.024
google/gemma-3-1b-it,NVIDIA GeForce RTX 5060 Ti,42,2WikiMultiHopQA,8,16,294,multi-hop,33.3379,71.0667,40.5438,0,0,0,51,307,307,49413619712,49413619712,7.372,0.024
google/gemma-3-1b-it,NVIDIA GeForce RTX 5060 Ti,42,2WikiMultiHopQA,8,16,295,semantic,44.4137,0.0,0.0,0,1,1,146,402,402,84727037952,84727037952,7.372,0.024
google/gemma-3-1b-it,NVIDIA GeForce RTX 5060 Ti,42,2WikiMultiHopQA,8,16,296,multi-hop,44.434,60.4944,33.8015,0,0,0,124,380,380,75707187200,75707187200,7.372,0.024
google/gemma-3-1b-it,NVIDIA GeForce RTX 5060 Ti,42,2WikiMultiHopQA,8,16,297,multi-hop,43.3254,51.1594,0.0,0,0,1,78,334,334,58487472128,58487472128,7.372,0.024
google/gemma-3-1b-it,NVIDIA GeForce RTX 5060 Ti,42,2WikiMultiHopQA,8,16,298,structural,30.9511,25.1869,38.0642,0,0,0,5,76,41,3028287488,881328128,7.372,0.024
google/gemma-3-1b-it,NVIDIA GeForce RTX 5060 Ti,42,2WikiMultiHopQA,8,16,299,semantic,34.6455,0.0,0.0,0,1,1,123,379,379,75309252608,75309252608,7.372,0.024
google/gemma-3-1b-it,NVIDIA GeForce RTX 5060 Ti,42,2WikiMultiHopQA,8,16,300,multi-hop,42.9763,0.0,0.0,0,1,1,121,377,377,74516529152,74516529152,7.372,0.024
google/gemma-3-1b-it,NVIDIA GeForce RTX 5060 Ti,42,2WikiMultiHopQA,8,16,301,multi-hop,61.6644,0.0,0.0,0,1,1,103,359,359,67570761728,67570761728,7.372,0.024
google/gemma-3-1b-it,NVIDIA GeForce RTX 5060 Ti,42,2WikiMultiHopQA,8,16,302,structural,56.8647,0.0,0.0,0,1,1,118,374,374,73335308288,73335308288,7.372,0.024
google/gemma-3-1b-it,NVIDIA GeForce RTX 5060 Ti,42,2WikiMultiHopQA,8,16,303,semantic,0.0,0.0,0.0,1,1,1,110,366,366,70231523328,70231523328,7.372,0.024
google/gemma-3-1b-it,NVIDIA GeForce RTX 5060 Ti,42,2WikiMultiHopQA,8,16,304,multi-hop,43.5556,53.6502,0.0,0,0,1,50,306,306,49092231168,49092231168,7.372,0.024
google/gemma-3-1b-it,NVIDIA GeForce RTX 5060 Ti,42,2WikiMultiHopQA,8,16,305,multi-hop,42.4558,0.0,0.0,0,1,1,46,302,302,47817162752,47817162752,7.372,0.024
google/gemma-3-1b-it,NVIDIA GeForce RTX 5060 Ti,42,2WikiMultiHopQA,8,16,306,semantic,43.6364,0.0,0.0,0,1,1,119,375,375,73728000000,73728000000,7.372,0.024
google/gemma-3-1b-it,NVIDIA GeForce RTX 5060 Ti,42,2WikiMultiHopQA,8,16,307,semantic,28.5618,0.0,0.0,0,1,1,2,24,38,301989888,757071872,7.372,0.024
google/gemma-3-1b-it,NVIDIA GeForce RTX 5060 Ti,42,2WikiMultiHopQA,8,16,308,multi-hop,62.3641,0.0,0.0,0,1,1,107,363,363,69084905472,69084905472,7.372,0.024
google/gemma-3-1b-it,NVIDIA GeForce RTX 5060 Ti,42,2WikiMultiHopQA,8,16,309,multi-hop,55.1942,0.0,0.0,0,1,1,114,370,370,71775027200,71775027200,7.372,0.024
google/gemma-3-1b-it,NVIDIA GeForce RTX 5060 Ti,42,2WikiMultiHopQA,8,16,310,structural,60.5615,0.0,67.6159,0,1,0,80,336,336,59190018048,59190018048,7.372,0.024
google/gemma-3-1b-it,NVIDIA GeForce RTX 5060 Ti,42,2WikiMultiHopQA,8,16,311,multi-hop,54.1248,0.0,0.0,0,1,1,122,378,378,74912366592,74912366592,7.372,0.024
google/gemma-3-1b-it,NVIDIA GeForce RTX 5060 Ti,42,2WikiMultiHopQA,8,16,312,multi-hop,72.5681,57.577,0.0,0,0,1,90,346,346,62765662208,62765662208,7.372,0.024
google/gemma-3-1b-it,NVIDIA GeForce RTX 5060 Ti,42,2WikiMultiHopQA,8,16,313,structural,57.6443,43.1436,35.6226,0,0,0,3,22,23,253755392,277348352,7.372,0.024
google/gemma-3-1b-it,NVIDIA GeForce RTX 5060 Ti,42,2WikiMultiHopQA,8,16,314,structural,55.094,77.5188,39.4351,0,0,0,16,75,253,2949120000,33559150592,7.372,0.024
google/gemma-3-1b-it,NVIDIA GeForce RTX 5060 Ti,42,2WikiMultiHopQA,8,16,315,multi-hop,36.2984,57.5463,55.769,0,0,0,155,411,411,88563253248,88563253248,7.372,0.024
google/gemma-3-1b-it,NVIDIA GeForce RTX 5060 Ti,42,2WikiMultiHopQA,8,16,316,semantic,75.124,0.0,0.0,0,1,1,74,330,330,57094963200,57094963200,7.372,0.024
google/gemma-3-1b-it,NVIDIA GeForce RTX 5060 Ti,42,2WikiMultiHopQA,8,16,317,multi-hop,72.5133,0.0,0.0,0,1,1,46,302,302,47817162752,47817162752,7.372,0.024
google/gemma-3-1b-it,NVIDIA GeForce RTX 5060 Ti,42,2WikiMultiHopQA,8,16,318,multi-hop,67.4724,0.0,0.0,0,1,1,4,260,260,35441868800,35441868800,7.372,0.024
google/gemma-3-1b-it,NVIDIA GeForce RTX 5060 Ti,42,2WikiMultiHopQA,8,16,319,semantic,38.3815,0.0,44.2068,0,1,0,105,361,361,68325736448,68325736448,7.372,0.024
google/gemma-3-1b-it,NVIDIA GeForce RTX 5060 Ti,42,2WikiMultiHopQA,8,16,320,multi-hop,59.5149,0.0,0.0,0,1,1,102,358,358,67194847232,67194847232,7.372,0.024
google/gemma-3-1b-it,NVIDIA GeForce RTX 5060 Ti,42,2WikiMultiHopQA,8,16,321,multi-hop,37.762,0.0,0.0,0,1,1,99,355,355,66073395200,66073395200,7.372,0.024
google/gemma-3-1b-it,NVIDIA GeForce RTX 5060 Ti,42,2WikiMultiHopQA,8,16,322,multi-hop,33.525,0.0,0.0,0,1,1,122,378,378,74912366592,74912366592,7.372,0.024
google/gemma-3-1b-it,NVIDIA GeForce RTX 5060 Ti,42,2WikiMultiHopQA,8,16,323,structural,0.0,48.8896,0.0,1,0,1,110,366,366,70231523328,70231523328,7.372,0.024
google/gemma-3-1b-it,NVIDIA GeForce RTX 5060 Ti,42,2WikiMultiHopQA,8,16,324,semantic,35.2402,0.0,0.0,0,1,1,136,392,392,80564191232,80564191232,7.372,0.024
google/gemma-3-1b-it,NVIDIA GeForce RTX 5060 Ti,42,2WikiMultiHopQA,8,16,325,semantic,84.8234,0.0,0.0,0,1,1,138,394,394,81388371968,81388371968,7.372,0.024
google/gemma-3-1b-it,NVIDIA GeForce RTX 5060 Ti,42,2WikiMultiHopQA,8,16,326,multi-hop,30.4385,45.0115,55.2628,0,0,0,139,395,395,81802035200,81802035200,7.372,0.024
google/gemma-3-1b-it,NVIDIA GeForce RTX 5060 Ti,42,2WikiMultiHopQA,8,16,327,structural,32.7653,51.92,33.7574,0,0,0,93,349,349,63858802688,63858802688,7.372,0.024
google/gemma-3-1b-it,NVIDIA GeForce RTX 5060 Ti,42,2WikiMultiHopQA,8,16,328,multi-hop,43.1581,0.0,38.8934,0,1,0,33,289,289,43789058048,43789058048,7.372,0.024
google/gemma-3-1b-it,NVIDIA GeForce RTX 5060 Ti,42,2WikiMultiHopQA,8,16,329,multi-hop,28.7643,0.0,0.0,0,1,1,114,370,370,71775027200,71775027200,7.372,0.024
google/gemma-3-1b-it,NVIDIA GeForce RTX 5060 Ti,42,2WikiMultiHopQA,8,16,330,structural,30.4627,30.8707,41.3978,0,0,0,2,242,258,30704402432,34898706432,7.372,0.024
google/gemma-3-1b-it,NVIDIA GeForce RTX 5060 Ti,42,2WikiMultiHopQA,8,16,331,multi-hop,47.8115,0.0,50.6442,0,1,0,209,465,465,113364172800,113364172800,7.372,0.024
google/gemma-3-1b-it,NVIDIA GeForce RTX 5060 Ti,42,2WikiMultiHopQA,8,16,332,multi-hop,33.5563,55.9941,34.5178,0,0,0,29,285,285,42585292800,42585292800,7.372,0.024
google/gemma-3-1b-it,NVIDIA GeForce RTX 5060 Ti,42,2WikiMultiHopQA,8,16,333,semantic,32.8931,0.0,50.8876,0,1,0,80,336,336,59190018048,59190018048,7.372,0.024
google/gemma-3-1b-it,NVIDIA GeForce RTX 5060 Ti,42,2WikiMultiHopQA,8,16,334,semantic,45.1957,0.0,0.0,0,1,1,103,359,359,67570761728,67570761728,7.372,0.024
google/gemma-3-1b-it,NVIDIA GeForce RTX 5060 Ti,42,2WikiMultiHopQA,8,16,335,multi-hop,36.6412,0.0,0.0,0,1,1,22,278,278,40519073792,40519073792,7.372,0.024
google/gemma-3-1b-it,NVIDIA GeForce RTX 5060 Ti,42,2WikiMultiHopQA,8,16,336,multi-hop,28.6561,0.0,0.0,0,1,1,95,351,351,64592805888,64592805888,7.372,0.024
google/gemma-3-1b-it,NVIDIA GeForce RTX 5060 Ti,42,2WikiMultiHopQA,8,16,337,structural,46.9195,31.8062,0.0,0,0,1,38,294,294,45317357568,45317357568,7.372,0.024
google/gemma-3-1b-it,NVIDIA GeForce RTX 5060 Ti,42,2WikiMultiHopQA,8,16,338,multi-hop,47.3391,0.0,0.0,0,1,1,2,24,22,301989888,253755392,7.372,0.024
google/gemma-3-1b-it,NVIDIA GeForce RTX 5060 Ti,42,2WikiMultiHopQA,8,16,339,multi-hop,35.2618,0.0,0.0,0,1,1,91,347,347,63128993792,63128993792,7.372,0.024
google/gemma-3-1b-it,NVIDIA GeForce RTX 5060 Ti,42,2WikiMultiHopQA,8,16,340,semantic,50.0396,0.0,0.0,0,1,1,32,288,288,43486543872,43486543872,7.372,0.024
google/gemma-3-1b-it,NVIDIA GeForce RTX 5060 Ti,42,2WikiMultiHopQA,8,16,341,semantic,38.5898,0.0,0.0,0,1,1,48,304,304,48452599808,48452599808,7.372,0.024
google/gemma-3-1b-it,NVIDIA GeForce RTX 5060 Ti,42,2WikiMultiHopQA,8,16,342,multi-hop,0.0,0.0,0.0,1,1,1,2,24,22,301989888,253755392,7.372,0.024
google/gemma-3-1b-it,NVIDIA GeForce RTX 5060 Ti,42,2WikiMultiHopQA,8,16,343,structural,35.1466,85.6538,37.7062,0,0,0,3,22,23,253755392,277348352,7.372,0.024
google/gemma-3-1b-it,NVIDIA GeForce RTX 5060 Ti,42,2WikiMultiHopQA,8,16,344,multi-hop,34.6441,0.0,0.0,0,1,1,105,361,361,68325736448,68325736448,7.372,0.024
google/gemma-3-1b-it,NVIDIA GeForce RTX 5060 Ti,42,2WikiMultiHopQA,8,16,345,semantic,59.7678,0.0,40.3201,0,1,0,121,377,377,74516529152,74516529152,7.372,0.024
google/gemma-3-1b-it,NVIDIA GeForce RTX 5060 Ti,42,2WikiMultiHopQA,8,16,346,semantic,30.2034,0.0,0.0,0,1,1,5,55,40,1585971200,838860800,7.372,0.024
google/gemma-3-1b-it,NVIDIA GeForce RTX 5060 Ti,42,2WikiMultiHopQA,8,16,347,structural,26.8478,62.5703,34.0364,0,0,0,72,328,328,56405000192,56405000192,7.372,0.024
google/gemma-3-1b-it,NVIDIA GeForce RTX 5060 Ti,42,2WikiMultiHopQA,8,16,348,structural,46.9315,0.0,0.0,0,1,1,100,356,356,66446163968,66446163968,7.372,0.024
google/gemma-3-1b-it,NVIDIA GeForce RTX 5060 Ti,42,2WikiMultiHopQA,8,16,349,semantic,0.0,0.0,0.0,1,1,1,5,55,40,1585971200,838860800,7.372,0.024
google/gemma-3-1b-it,NVIDIA GeForce RTX 5060 Ti,42,2WikiMultiHopQA,8,16,350,semantic,63.3142,0.0,0.0,0,1,1,132,388,388,78928412672,78928412672,7.372,0.024
google/gemma-3-1b-it,NVIDIA GeForce RTX 5060 Ti,42,2WikiMultiHopQA,8,16,351,multi-hop,66.2523,60.7861,50.2441,0,0,0,58,314,314,51692699648,51692699648,7.372,0.024
google/gemma-3-1b-it,NVIDIA GeForce RTX 5060 Ti,42,2WikiMultiHopQA,8,16,352,structural,56.5397,46.8627,41.8982,0,0,0,2,135,258,9555148800,34898706432,7.372,0.024
google/gemma-3-1b-it,NVIDIA GeForce RTX 5060 Ti,42,2WikiMultiHopQA,8,16,353,semantic,71.5713,0.0,0.0,0,1,1,101,357,357,66819981312,66819981312,7.372,0.024
google/gemma-3-1b-it,NVIDIA GeForce RTX 5060 Ti,42,2WikiMultiHopQA,8,16,354,semantic,0.0,0.0,0.0,1,1,1,122,378,378,74912366592,74912366592,7.372,0.024
google/gemma-3-1b-it,NVIDIA GeForce RTX 5060 Ti,42,2WikiMultiHopQA,8,16,355,semantic,36.8369,0.0,0.0,0,1,1,3,22,24,253755392,301989888,7.372,0.024
google/gemma-3-1b-it,NVIDIA GeForce RTX 5060 Ti,42,2WikiMultiHopQA,8,16,356,multi-hop,43.9833,0.0,36.2321,0,1,0,95,351,351,64592805888,64592805888,7.372,0.024
google/gemma-3-1b-it,NVIDIA GeForce RTX 5060 Ti,42,2WikiMultiHopQA,8,16,357,structural,75.3246,0.0,0.0,0,1,1,141,397,397,82632507392,82632507392,7.372,0.024
google/gemma-3-1b-it,NVIDIA GeForce RTX 5060 Ti,42,2WikiMultiHopQA,8,16,358,multi-hop,38.4986,36.2836,78.6695,0,0,0,98,354,354,65701675008,65701675008,7.372,0.024
google/gemma-3-1b-it,NVIDIA GeForce RTX 5060 Ti,42,2WikiMultiHopQA,8,16,359,structural,38.4138,59.0251,84.0882,0,0,0,3,22,23,253755392,277348352,7.372,0.024
google/gemma-3-1b-it,NVIDIA GeForce RTX 5060 Ti,42,2WikiMultiHopQA,8,16,360,structural,43.2833,76.0118,122.7833,0,0,0,59,315,315,52022476800,52022476800,7.372,0.024
google/gemma-3-1b-it,NVIDIA GeForce RTX 5060 Ti,42,2WikiMultiHopQA,8,16,361,semantic,58.0461,0.0,0.0,0,1,1,78,334,334,58487472128,58487472128,7.372,0.024
google/gemma-3-1b-it,NVIDIA GeForce RTX 5060 Ti,42,2WikiMultiHopQA,8,16,362,multi-hop,37.2571,66.8852,76.9892,0,0,0,114,370,370,71775027200,71775027200,7.372,0.024
google/gemma-3-1b-it,NVIDIA GeForce RTX 5060 Ti,42,2WikiMultiHopQA,8,16,363,structural,35.5521,37.4585,39.5446,0,0,0,84,340,340,60607692800,60607692800,7.372,0.024
google/gemma-3-1b-it,NVIDIA GeForce RTX 5060 Ti,42,2WikiMultiHopQA,8,16,364,semantic,33.0078,41.6562,43.6477,0,0,0,91,347,347,63128993792,63128993792,7.372,0.024
google/gemma-3-1b-it,NVIDIA GeForce RTX 5060 Ti,42,2WikiMultiHopQA,8,16,365,semantic,37.5081,0.0,0.0,0,1,1,109,365,365,69848268800,69848268800,7.372,0.024
google/gemma-3-1b-it,NVIDIA GeForce RTX 5060 Ti,42,2WikiMultiHopQA,8,16,366,multi-hop,74.7855,0.0,0.0,0,1,1,110,366,366,70231523328,70231523328,7.372,0.024
google/gemma-3-1b-it,NVIDIA GeForce RTX 5060 Ti,42,2WikiMultiHopQA,8,16,367,semantic,77.2327,0.0,0.0,0,1,1,86,342,342,61322821632,61322821632,7.372,0.024
google/gemma-3-1b-it,NVIDIA GeForce RTX 5060 Ti,42,2WikiMultiHopQA,8,16,368,semantic,50.6643,0.0,26.7096,0,1,0,7,263,263,36264476672,36264476672,7.372,0.024
google/gemma-3-1b-it,NVIDIA GeForce RTX 5060 Ti,42,2WikiMultiHopQA,8,16,369,semantic,62.0668,0.0,0.0,0,1,1,103,359,359,67570761728,67570761728,7.372,0.024
google/gemma-3-1b-it,NVIDIA GeForce RTX 5060 Ti,42,2WikiMultiHopQA,8,16,370,multi-hop,58.8628,0.0,0.0,0,1,1,114,370,370,71775027200,71775027200,7.372,0.024
google/gemma-3-1b-it,NVIDIA GeForce RTX 5060 Ti,42,2WikiMultiHopQA,8,16,371,semantic,71.6839,0.0,0.0,0,1,1,8,71,264,2642935808,36540776448,7.372,0.024
google/gemma-3-1b-it,NVIDIA GeForce RTX 5060 Ti,42,2WikiMultiHopQA,8,16,372,multi-hop,47.6206,0.0,83.7169,0,1,0,16,272,272,38788923392,38788923392,7.372,0.024
google/gemma-3-1b-it,NVIDIA GeForce RTX 5060 Ti,42,2WikiMultiHopQA,8,16,373,multi-hop,48.7738,0.0,0.0,0,1,1,41,297,297,46246920192,46246920192,7.372,0.024
google/gemma-3-1b-it,NVIDIA GeForce RTX 5060 Ti,42,2WikiMultiHopQA,8,16,374,structural,96.9063,0.0,0.0,0,1,1,92,348,348,63493373952,63493373952,7.372,0.024
google/gemma-3-1b-it,NVIDIA GeForce RTX 5060 Ti,42,2WikiMultiHopQA,8,16,375,structural,32.9311,65.3862,0.0,0,0,1,95,351,351,64592805888,64592805888,7.372,0.024
google/gemma-3-1b-it,NVIDIA GeForce RTX 5060 Ti,42,2WikiMultiHopQA,8,16,376,multi-hop,30.4722,0.0,0.0,0,1,1,109,365,365,69848268800,69848268800,7.372,0.024
google/gemma-3-1b-it,NVIDIA GeForce RTX 5060 Ti,42,2WikiMultiHopQA,8,16,377,structural,44.3075,0.0,0.0,0,1,1,146,402,402,84727037952,84727037952,7.372,0.024
google/gemma-3-1b-it,NVIDIA GeForce RTX 5060 Ti,42,2WikiMultiHopQA,8,16,378,multi-hop,40.5636,28.8382,0.0,0,0,1,5,22,261,253755392,35715022848,7.372,0.024
google/gemma-3-1b-it,NVIDIA GeForce RTX 5060 Ti,42,2WikiMultiHopQA,8,16,379,structural,37.9414,45.2704,45.0257,0,0,0,57,313,313,51363971072,51363971072,7.372,0.024
google/gemma-3-1b-it,NVIDIA GeForce RTX 5060 Ti,42,2WikiMultiHopQA,8,16,380,semantic,37.2193,0.0,39.2771,0,1,0,83,339,339,60251701248,60251701248,7.372,0.024
google/gemma-3-1b-it,NVIDIA GeForce RTX 5060 Ti,42,2WikiMultiHopQA,8,16,381,structural,75.627,0.0,0.0,0,1,1,100,356,356,66446163968,66446163968,7.372,0.024
google/gemma-3-1b-it,NVIDIA GeForce RTX 5060 Ti,42,2WikiMultiHopQA,8,16,382,semantic,60.9755,0.0,0.0,0,1,1,58,314,314,51692699648,51692699648,7.372,0.024
google/gemma-3-1b-it,NVIDIA GeForce RTX 5060 Ti,42,2WikiMultiHopQA,8,16,383,multi-hop,45.523,0.0,0.0,0,1,1,24,280,280,41104179200,41104179200,7.372,0.024
google/gemma-3-1b-it,NVIDIA GeForce RTX 5060 Ti,42,2WikiMultiHopQA,8,16,384,structural,33.876,45.5868,66.5123,0,0,0,139,395,395,81802035200,81802035200,7.372,0.024
google/gemma-3-1b-it,NVIDIA GeForce RTX 5060 Ti,42,2WikiMultiHopQA,8,16,385,multi-hop,44.4518,42.5761,45.5136,0,0,0,26,282,282,41693478912,41693478912,7.372,0.024
google/gemma-3-1b-it,NVIDIA GeForce RTX 5060 Ti,42,2WikiMultiHopQA,8,16,386,semantic,44.8167,0.0,60.721,0,1,0,109,365,365,69848268800,69848268800,7.372,0.024
google/gemma-3-1b-it,NVIDIA GeForce RTX 5060 Ti,42,2WikiMultiHopQA,8,16,387,semantic,54.7392,0.0,63.4811,0,1,0,113,369,369,71387578368,71387578368,7.372,0.024
google/gemma-3-1b-it,NVIDIA GeForce RTX 5060 Ti,42,2WikiMultiHopQA,8,16,388,multi-hop,45.1084,0.0,70.236,0,1,0,8,264,264,36540776448,36540776448,7.372,0.024
google/gemma-3-1b-it,NVIDIA GeForce RTX 5060 Ti,42,2WikiMultiHopQA,8,16,389,semantic,59.7056,0.0,0.0,0,1,1,99,355,355,66073395200,66073395200,7.372,0.024
google/gemma-3-1b-it,NVIDIA GeForce RTX 5060 Ti,42,2WikiMultiHopQA,8,16,390,multi-hop,0.0,0.0,0.0,1,1,1,93,349,349,63858802688,63858802688,7.372,0.024
google/gemma-3-1b-it,NVIDIA GeForce RTX 5060 Ti,42,2WikiMultiHopQA,8,16,391,multi-hop,63.9093,0.0,0.0,0,1,1,52,308,308,49736056832,49736056832,7.372,0.024
google/gemma-3-1b-it,NVIDIA GeForce RTX 5060 Ti,42,2WikiMultiHopQA,8,16,392,multi-hop,45.9402,0.0,0.0,0,1,1,134,390,390,79744204800,79744204800,7.372,0.024
google/gemma-3-1b-it,NVIDIA GeForce RTX 5060 Ti,42,2WikiMultiHopQA,8,16,393,semantic,40.8586,0.0,0.0,0,1,1,73,329,329,56749457408,56749457408,7.372,0.024
google/gemma-3-1b-it,NVIDIA GeForce RTX 5060 Ti,42,2WikiMultiHopQA,8,16,394,multi-hop,56.8432,48.4399,72.072,0,0,0,74,330,330,57094963200,57094963200,7.372,0.024
google/gemma-3-1b-it,NVIDIA GeForce RTX 5060 Ti,42,2WikiMultiHopQA,8,16,395,multi-hop,40.9068,58.3415,0.0,0,0,1,110,366,366,70231523328,70231523328,7.372,0.024
google/gemma-3-1b-it,NVIDIA GeForce RTX 5060 Ti,42,2WikiMultiHopQA,8,16,396,multi-hop,80.3967,61.1573,0.0,0,0,1,109,365,365,69848268800,69848268800,7.372,0.024
google/gemma-3-1b-it,NVIDIA GeForce RTX 5060 Ti,42,2WikiMultiHopQA,8,16,397,structural,37.5701,0.0,0.0,0,1,1,103,359,359,67570761728,67570761728,7.372,0.024
google/gemma-3-1b-it,NVIDIA GeForce RTX 5060 Ti,42,2WikiMultiHopQA,8,16,398,multi-hop,46.1337,79.1915,0.0,0,0,1,109,365,365,69848268800,69848268800,7.372,0.024
google/gemma-3-1b-it,NVIDIA GeForce RTX 5060 Ti,42,2WikiMultiHopQA,8,16,399,multi-hop,0.0,0.0,0.0,1,1,1,86,342,342,61322821632,61322821632,7.372,0.024
google/gemma-3-1b-it,NVIDIA GeForce RTX 5060 Ti,42,2WikiMultiHopQA,8,16,400,multi-hop,35.2568,0.0,44.2665,0,1,0,98,354,354,65701675008,65701675008,7.372,0.024
google/gemma-3-1b-it,NVIDIA GeForce RTX 5060 Ti,42,2WikiMultiHopQA,8,16,401,structural,87.2672,0.0,0.0,0,1,1,27,283,283,41989701632,41989701632,7.372,0.024
google/gemma-3-1b-it,NVIDIA GeForce RTX 5060 Ti,42,2WikiMultiHopQA,8,16,402,semantic,37.1123,0.0,0.0,0,1,1,96,352,352,64961380352,64961380352,7.372,0.024
google/gemma-3-1b-it,NVIDIA GeForce RTX 5060 Ti,42,2WikiMultiHopQA,8,16,403,multi-hop,52.0841,0.0,0.0,0,1,1,121,377,377,74516529152,74516529152,7.372,0.024
google/gemma-3-1b-it,NVIDIA GeForce RTX 5060 Ti,42,2WikiMultiHopQA,8,16,404,semantic,70.8156,0.0,0.0,0,1,1,116,372,372,72553070592,72553070592,7.372,0.024
google/gemma-3-1b-it,NVIDIA GeForce RTX 5060 Ti,42,2WikiMultiHopQA,8,16,405,structural,51.6222,56.9864,39.1362,0,0,0,117,373,373,72943665152,72943665152,7.372,0.024
google/gemma-3-1b-it,NVIDIA GeForce RTX 5060 Ti,42,2WikiMultiHopQA,8,16,406,semantic,34.8864,0.0,0.0,0,1,1,105,361,361,68325736448,68325736448,7.372,0.024
google/gemma-3-1b-it,NVIDIA GeForce RTX 5060 Ti,42,2WikiMultiHopQA,8,16,407,multi-hop,85.5156,80.1359,61.5592,0,0,0,139,395,395,81802035200,81802035200,7.372,0.024
google/gemma-3-1b-it,NVIDIA GeForce RTX 5060 Ti,42,2WikiMultiHopQA,8,16,408,multi-hop,54.7817,0.0,0.0,0,1,1,139,395,395,81802035200,81802035200,7.372,0.024
google/gemma-3-1b-it,NVIDIA GeForce RTX 5060 Ti,42,2WikiMultiHopQA,8,16,409,semantic,38.5187,0.0,0.0,0,1,1,142,398,398,83049316352,83049316352,7.372,0.024
google/gemma-3-1b-it,NVIDIA GeForce RTX 5060 Ti,42,2WikiMultiHopQA,8,16,410,multi-hop,37.375,0.0,0.0,0,1,1,4,260,260,35441868800,35441868800,7.372,0.024
google/gemma-3-1b-it,NVIDIA GeForce RTX 5060 Ti,42,2WikiMultiHopQA,8,16,411,structural,38.6231,0.0,0.0,0,1,1,96,352,352,64961380352,64961380352,7.372,0.024
google/gemma-3-1b-it,NVIDIA GeForce RTX 5060 Ti,42,2WikiMultiHopQA,8,16,412,multi-hop,42.1208,0.0,0.0,0,1,1,100,356,356,66446163968,66446163968,7.372,0.024
google/gemma-3-1b-it,NVIDIA GeForce RTX 5060 Ti,42,2WikiMultiHopQA,8,16,413,multi-hop,48.9498,46.2578,64.1495,0,0,0,107,363,363,69084905472,69084905472,7.372,0.024
google/gemma-3-1b-it,NVIDIA GeForce RTX 5060 Ti,42,2WikiMultiHopQA,8,16,414,multi-hop,49.0569,0.0,0.0,0,1,1,101,357,357,66819981312,66819981312,7.372,0.024
google/gemma-3-1b-it,NVIDIA GeForce RTX 5060 Ti,42,2WikiMultiHopQA,8,16,415,semantic,102.7675,0.0,0.0,0,1,1,100,356,356,66446163968,66446163968,7.372,0.024
google/gemma-3-1b-it,NVIDIA GeForce RTX 5060 Ti,42,2WikiMultiHopQA,8,16,416,semantic,68.455,0.0,0.0,0,1,1,57,313,313,51363971072,51363971072,7.372,0.024
google/gemma-3-1b-it,NVIDIA GeForce RTX 5060 Ti,42,2WikiMultiHopQA,8,16,417,semantic,39.6236,0.0,44.2553,0,1,0,114,370,370,71775027200,71775027200,7.372,0.024
google/gemma-3-1b-it,NVIDIA GeForce RTX 5060 Ti,42,2WikiMultiHopQA,8,16,418,multi-hop,43.5465,44.3388,32.9091,0,0,0,114,370,370,71775027200,71775027200,7.372,0.024
google/gemma-3-1b-it,NVIDIA GeForce RTX 5060 Ti,42,2WikiMultiHopQA,8,16,419,multi-hop,38.6643,50.8876,49.1963,0,0,0,100,356,356,66446163968,66446163968,7.372,0.024
google/gemma-3-1b-it,NVIDIA GeForce RTX 5060 Ti,42,2WikiMultiHopQA,8,16,420,structural,66.7418,32.211,0.0,0,0,1,103,359,359,67570761728,67570761728,7.372,0.024
google/gemma-3-1b-it,NVIDIA GeForce RTX 5060 Ti,42,2WikiMultiHopQA,8,16,421,multi-hop,82.2365,38.9432,59.1797,0,0,0,111,367,367,70615826432,70615826432,7.372,0.024
google/gemma-3-1b-it,NVIDIA GeForce RTX 5060 Ti,42,2WikiMultiHopQA,8,16,422,multi-hop,38.7882,0.0,0.0,0,1,1,115,371,371,72163524608,72163524608,7.372,0.024
google/gemma-3-1b-it,NVIDIA GeForce RTX 5060 Ti,42,2WikiMultiHopQA,8,16,423,semantic,54.7159,38.4395,0.0,0,0,1,109,365,365,69848268800,69848268800,7.372,0.024
google/gemma-3-1b-it,NVIDIA GeForce RTX 5060 Ti,42,2WikiMultiHopQA,8,16,424,structural,118.9814,94.1146,61.4654,0,0,0,36,292,292,44702892032,44702892032,7.372,0.024
google/gemma-3-1b-it,NVIDIA GeForce RTX 5060 Ti,42,2WikiMultiHopQA,8,16,425,semantic,40.8554,0.0,0.0,0,1,1,36,292,292,44702892032,44702892032,7.372,0.024
google/gemma-3-1b-it,NVIDIA GeForce RTX 5060 Ti,42,2WikiMultiHopQA,8,16,426,multi-hop,47.1927,34.0527,44.0411,0,0,0,105,361,361,68325736448,68325736448,7.372,0.024
google/gemma-3-1b-it,NVIDIA GeForce RTX 5060 Ti,42,2WikiMultiHopQA,8,16,427,semantic,64.2487,0.0,51.9936,0,1,0,158,414,414,89860866048,89860866048,7.372,0.024
google/gemma-3-1b-it,NVIDIA GeForce RTX 5060 Ti,42,2WikiMultiHopQA,8,16,428,semantic,27.9163,0.0,68.711,0,1,0,34,290,290,44092620800,44092620800,7.372,0.024
google/gemma-3-1b-it,NVIDIA GeForce RTX 5060 Ti,42,2WikiMultiHopQA,8,16,429,multi-hop,74.9035,35.1636,48.5722,0,0,0,64,320,320,53687091200,53687091200,7.372,0.024
google/gemma-3-1b-it,NVIDIA GeForce RTX 5060 Ti,42,2WikiMultiHopQA,8,16,430,semantic,98.6448,0.0,0.0,0,1,1,43,299,299,46871871488,46871871488,7.372,0.024
google/gemma-3-1b-it,NVIDIA GeForce RTX 5060 Ti,42,2WikiMultiHopQA,8,16,431,multi-hop,72.7737,50.1721,42.0172,0,0,0,101,357,357,66819981312,66819981312,7.372,0.024
google/gemma-3-1b-it,NVIDIA GeForce RTX 5060 Ti,42,2WikiMultiHopQA,8,16,432,structural,101.162,35.5393,73.6808,0,0,0,126,382,382,76506202112,76506202112,7.372,0.024
google/gemma-3-1b-it,NVIDIA GeForce RTX 5060 Ti,42,2WikiMultiHopQA,8,16,433,structural,50.8171,110.5938,0.0,0,0,1,122,378,378,74912366592,74912366592,7.372,0.024
google/gemma-3-1b-it,NVIDIA GeForce RTX 5060 Ti,42,2WikiMultiHopQA,8,16,434,multi-hop,37.807,0.0,0.0,0,1,1,33,289,289,43789058048,43789058048,7.372,0.024
google/gemma-3-1b-it,NVIDIA GeForce RTX 5060 Ti,42,2WikiMultiHopQA,8,16,435,structural,76.4726,0.0,0.0,0,1,1,31,287,287,43185078272,43185078272,7.372,0.024
google/gemma-3-1b-it,NVIDIA GeForce RTX 5060 Ti,42,2WikiMultiHopQA,8,16,436,multi-hop,59.8354,0.0,0.0,0,1,1,3,259,259,35169763328,35169763328,7.372,0.024
google/gemma-3-1b-it,NVIDIA GeForce RTX 5060 Ti,42,2WikiMultiHopQA,8,16,437,multi-hop,71.3441,0.0,42.1063,0,1,0,57,313,313,51363971072,51363971072,7.372,0.024
google/gemma-3-1b-it,NVIDIA GeForce RTX 5060 Ti,42,2WikiMultiHopQA,8,16,438,multi-hop,75.9444,74.4888,0.0,0,0,1,40,296,296,45936017408,45936017408,7.372,0.024
google/gemma-3-1b-it,NVIDIA GeForce RTX 5060 Ti,42,2WikiMultiHopQA,8,16,439,semantic,54.412,0.0,0.0,0,1,1,50,306,306,49092231168,49092231168,7.372,0.024
google/gemma-3-1b-it,NVIDIA GeForce RTX 5060 Ti,42,2WikiMultiHopQA,8,16,440,multi-hop,41.5558,35.1925,41.8379,0,0,0,16,272,272,38788923392,38788923392,7.372,0.024
google/gemma-3-1b-it,NVIDIA GeForce RTX 5060 Ti,42,2WikiMultiHopQA,8,16,441,multi-hop,44.4661,0.0,67.3189,0,1,0,49,305,305,48771891200,48771891200,7.372,0.024
google/gemma-3-1b-it,NVIDIA GeForce RTX 5060 Ti,42,2WikiMultiHopQA,8,16,442,semantic,42.3883,0.0,59.9346,0,1,0,91,347,347,63128993792,63128993792,7.372,0.024
google/gemma-3-1b-it,NVIDIA GeForce RTX 5060 Ti,42,2WikiMultiHopQA,8,16,443,structural,108.3827,0.0,0.0,0,1,1,17,273,273,39074660352,39074660352,7.372,0.024
google/gemma-3-1b-it,NVIDIA GeForce RTX 5060 Ti,42,2WikiMultiHopQA,8,16,444,multi-hop,44.9901,0.0,0.0,0,1,1,105,361,361,68325736448,68325736448,7.372,0.024
google/gemma-3-1b-it,NVIDIA GeForce RTX 5060 Ti,42,2WikiMultiHopQA,8,16,445,structural,52.9137,56.7045,70.6595,0,0,0,93,349,349,63858802688,63858802688,7.372,0.024
google/gemma-3-1b-it,NVIDIA GeForce RTX 5060 Ti,42,2WikiMultiHopQA,8,16,446,structural,65.835,0.0,0.0,0,1,1,103,359,359,67570761728,67570761728,7.372,0.024
google/gemma-3-1b-it,NVIDIA GeForce RTX 5060 Ti,42,2WikiMultiHopQA,8,16,447,multi-hop,62.1414,0.0,0.0,0,1,1,53,309,309,50059542528,50059542528,7.372,0.024
google/gemma-3-1b-it,NVIDIA GeForce RTX 5060 Ti,42,2WikiMultiHopQA,8,16,448,multi-hop,57.8938,0.0,0.0,0,1,1,105,361,361,68325736448,68325736448,7.372,0.024
google/gemma-3-1b-it,NVIDIA GeForce RTX 5060 Ti,42,2WikiMultiHopQA,8,16,449,semantic,78.6777,0.0,0.0,0,1,1,2,24,22,301989888,253755392,7.372,0.024
google/gemma-3-1b-it,NVIDIA GeForce RTX 5060 Ti,42,2WikiMultiHopQA,8,16,450,structural,73.317,0.0,0.0,0,1,1,90,346,346,62765662208,62765662208,7.372,0.024
google/gemma-3-1b-it,NVIDIA GeForce RTX 5060 Ti,42,2WikiMultiHopQA,8,16,451,semantic,36.9536,0.0,0.0,0,1,1,103,359,359,67570761728,67570761728,7.372,0.024
google/gemma-3-1b-it,NVIDIA GeForce RTX 5060 Ti,42,2WikiMultiHopQA,8,16,452,structural,49.7134,43.9209,67.7371,0,0,0,12,65,65,2215116800,2215116800,7.372,0.024
google/gemma-3-1b-it,NVIDIA GeForce RTX 5060 Ti,42,2WikiMultiHopQA,8,16,453,multi-hop,41.8845,0.0,0.0,0,1,1,126,382,382,76506202112,76506202112,7.372,0.024
google/gemma-3-1b-it,NVIDIA GeForce RTX 5060 Ti,42,2WikiMultiHopQA,8,16,454,multi-hop,63.0399,38.8075,43.3597,0,0,0,72,328,328,56405000192,56405000192,7.372,0.024
google/gemma-3-1b-it,NVIDIA GeForce RTX 5060 Ti,42,2WikiMultiHopQA,8,16,455,semantic,67.9931,0.0,0.0,0,1,1,107,363,363,69084905472,69084905472,7.372,0.024
google/gemma-3-1b-it,NVIDIA GeForce RTX 5060 Ti,42,2WikiMultiHopQA,8,16,456,semantic,70.3256,0.0,55.4718,0,1,0,80,336,336,59190018048,59190018048,7.372,0.024
google/gemma-3-1b-it,NVIDIA GeForce RTX 5060 Ti,42,2WikiMultiHopQA,8,16,457,multi-hop,71.8876,0.0,0.0,0,1,1,124,380,380,75707187200,75707187200,7.372,0.024
google/gemma-3-1b-it,NVIDIA GeForce RTX 5060 Ti,42,2WikiMultiHopQA,8,16,458,multi-hop,62.4632,0.0,0.0,0,1,1,92,348,348,63493373952,63493373952,7.372,0.024
google/gemma-3-1b-it,NVIDIA GeForce RTX 5060 Ti,42,2WikiMultiHopQA,8,16,459,multi-hop,44.0207,65.3252,0.0,0,0,1,95,351,351,64592805888,64592805888,7.372,0.024
google/gemma-3-1b-it,NVIDIA GeForce RTX 5060 Ti,42,2WikiMultiHopQA,8,16,460,structural,37.9006,53.9913,0.0,0,0,1,142,398,398,83049316352,83049316352,7.372,0.024
google/gemma-3-1b-it,NVIDIA GeForce RTX 5060 Ti,42,2WikiMultiHopQA,8,16,461,semantic,57.8796,0.0,0.0,0,1,1,105,361,361,68325736448,68325736448,7.372,0.024
google/gemma-3-1b-it,NVIDIA GeForce RTX 5060 Ti,42,2WikiMultiHopQA,8,16,462,structural,65.1573,33.6299,0.0,0,0,1,73,329,329,56749457408,56749457408,7.372,0.024
google/gemma-3-1b-it,NVIDIA GeForce RTX 5060 Ti,42,2WikiMultiHopQA,8,16,463,semantic,92.999,0.0,35.2184,0,1,0,14,270,270,38220595200,38220595200,7.372,0.024
google/gemma-3-1b-it,NVIDIA GeForce RTX 5060 Ti,42,2WikiMultiHopQA,8,16,464,multi-hop,34.5256,0.0,0.0,0,1,1,104,360,360,67947724800,67947724800,7.372,0.024
google/gemma-3-1b-it,NVIDIA GeForce RTX 5060 Ti,42,2WikiMultiHopQA,8,16,465,semantic,0.0,0.0,0.0,1,1,1,34,290,290,44092620800,44092620800,7.372,0.024
google/gemma-3-1b-it,NVIDIA GeForce RTX 5060 Ti,42,2WikiMultiHopQA,8,16,466,semantic,73.9002,0.0,0.0,0,1,1,162,418,418,91605696512,91605696512,7.372,0.024
google/gemma-3-1b-it,NVIDIA GeForce RTX 5060 Ti,42,2WikiMultiHopQA,8,16,467,structural,0.0,0.0,0.0,1,1,1,3,259,259,35169763328,35169763328,7.372,0.024
google/gemma-3-1b-it,NVIDIA GeForce RTX 5060 Ti,42,2WikiMultiHopQA,8,16,468,structural,38.1532,49.2158,49.2684,0,0,0,85,341,341,60964732928,60964732928,7.372,0.024
google/gemma-3-1b-it,NVIDIA GeForce RTX 5060 Ti,42,2WikiMultiHopQA,8,16,469,multi-hop,91.6818,34.2416,0.0,0,0,1,105,361,361,68325736448,68325736448,7.372,0.024
google/gemma-3-1b-it,NVIDIA GeForce RTX 5060 Ti,42,2WikiMultiHopQA,8,16,470,multi-hop,33.6096,0.0,0.0,0,1,1,113,369,369,71387578368,71387578368,7.372,0.024
google/gemma-3-1b-it,NVIDIA GeForce RTX 5060 Ti,42,2WikiMultiHopQA,8,16,471,structural,77.1475,66.4626,32.4217,0,0,0,110,366,366,70231523328,70231523328,7.372,0.024
google/gemma-3-1b-it,NVIDIA GeForce RTX 5060 Ti,42,2WikiMultiHopQA,8,16,472,multi-hop,53.4622,0.0,0.0,0,1,1,105,361,361,68325736448,68325736448,7.372,0.024
google/gemma-3-1b-it,NVIDIA GeForce RTX 5060 Ti,42,2WikiMultiHopQA,8,16,473,semantic,55.2367,0.0,0.0,0,1,1,119,375,375,73728000000,73728000000,7.372,0.024
google/gemma-3-1b-it,NVIDIA GeForce RTX 5060 Ti,42,2WikiMultiHopQA,8,16,474,multi-hop,0.0,0.0,0.0,1,1,1,50,306,306,49092231168,49092231168,7.372,0.024
google/gemma-3-1b-it,NVIDIA GeForce RTX 5060 Ti,42,2WikiMultiHopQA,8,16,475,multi-hop,49.1419,0.0,0.0,0,1,1,4,260,260,35441868800,35441868800,7.372,0.024
google/gemma-3-1b-it,NVIDIA GeForce RTX 5060 Ti,42,2WikiMultiHopQA,8,16,476,multi-hop,49.4187,57.1445,0.0,0,0,1,117,373,373,72943665152,72943665152,7.372,0.024
google/gemma-3-1b-it,NVIDIA GeForce RTX 5060 Ti,42,2WikiMultiHopQA,8,16,477,multi-hop,37.5096,110.8437,0.0,0,0,1,39,295,295,45626163200,45626163200,7.372,0.024
google/gemma-3-1b-it,NVIDIA GeForce RTX 5060 Ti,42,2WikiMultiHopQA,8,16,478,structural,39.429,63.7508,37.0825,0,0,0,24,280,280,41104179200,41104179200,7.372,0.024
google/gemma-3-1b-it,NVIDIA GeForce RTX 5060 Ti,42,2WikiMultiHopQA,8,16,479,structural,32.7666,44.3008,31.7799,0,0,0,151,407,407,86847782912,86847782912,7.372,0.024
google/gemma-3-1b-it,NVIDIA GeForce RTX 5060 Ti,42,2WikiMultiHopQA,8,16,480,semantic,66.1438,0.0,0.0,0,1,1,57,313,313,51363971072,51363971072,7.372,0.024
google/gemma-3-1b-it,NVIDIA GeForce RTX 5060 Ti,42,2WikiMultiHopQA,8,16,481,multi-hop,58.2628,35.8234,50.0083,0,0,0,2,50,25,1310720000,327680000,7.372,0.024
google/gemma-3-1b-it,NVIDIA GeForce RTX 5060 Ti,42,2WikiMultiHopQA,8,16,482,structural,75.0328,55.1403,0.0,0,0,1,119,375,375,73728000000,73728000000,7.372,0.024
google/gemma-3-1b-it,NVIDIA GeForce RTX 5060 Ti,42,2WikiMultiHopQA,8,16,483,structural,65.9077,55.5873,59.039,0,0,0,3,22,24,253755392,301989888,7.372,0.024
google/gemma-3-1b-it,NVIDIA GeForce RTX 5060 Ti,42,2WikiMultiHopQA,8,16,484,multi-hop,52.5829,42.4547,41.3162,0,0,0,139,395,395,81802035200,81802035200,7.372,0.024
google/gemma-3-1b-it,NVIDIA GeForce RTX 5060 Ti,42,2WikiMultiHopQA,8,16,485,multi-hop,60.5718,33.5117,72.6229,0,0,0,4,26,22,354418688,253755392,7.372,0.024
google/gemma-3-1b-it,NVIDIA GeForce RTX 5060 Ti,42,2WikiMultiHopQA,8,16,486,multi-hop,52.9296,0.0,61.6642,0,1,0,28,284,284,42286972928,42286972928,7.372,0.024
google/gemma-3-1b-it,NVIDIA GeForce RTX 5060 Ti,42,2WikiMultiHopQA,8,16,487,semantic,0.0,0.0,0.0,1,1,1,3,51,29,1363673088,440926208,7.372,0.024
google/gemma-3-1b-it,NVIDIA GeForce RTX 5060 Ti,42,2WikiMultiHopQA,8,16,488,multi-hop,47.9775,0.0,0.0,0,1,1,85,341,341,60964732928,60964732928,7.372,0.024
google/gemma-3-1b-it,NVIDIA GeForce RTX 5060 Ti,42,2WikiMultiHopQA,8,16,489,multi-hop,64.7945,0.0,0.0,0,1,1,114,370,370,71775027200,71775027200,7.372,0.024
google/gemma-3-1b-it,NVIDIA GeForce RTX 5060 Ti,42,2WikiMultiHopQA,8,16,490,structural,76.9028,58.0571,76.0803,0,0,0,110,366,366,70231523328,70231523328,7.372,0.024
google/gemma-3-1b-it,NVIDIA GeForce RTX 5060 Ti,42,2WikiMultiHopQA,8,16,491,structural,37.3429,0.0,0.0,0,1,1,104,360,360,67947724800,67947724800,7.372,0.024
google/gemma-3-1b-it,NVIDIA GeForce RTX 5060 Ti,42,2WikiMultiHopQA,8,16,492,structural,51.4476,47.7126,95.5125,0,0,0,63,319,319,53352071168,53352071168,7.372,0.024
google/gemma-3-1b-it,NVIDIA GeForce RTX 5060 Ti,42,2WikiMultiHopQA,8,16,493,multi-hop,44.7759,0.0,0.0,0,1,1,63,319,319,53352071168,53352071168,7.372,0.024
google/gemma-3-1b-it,NVIDIA GeForce RTX 5060 Ti,42,2WikiMultiHopQA,8,16,494,multi-hop,59.3514,36.3067,76.0717,0,0,0,2,24,22,301989888,253755392,7.372,0.024
google/gemma-3-1b-it,NVIDIA GeForce RTX 5060 Ti,42,2WikiMultiHopQA,8,16,495,structural,42.5719,0.0,0.0,0,1,1,112,368,368,71001178112,71001178112,7.372,0.024
google/gemma-3-1b-it,NVIDIA GeForce RTX 5060 Ti,42,2WikiMultiHopQA,8,16,496,structural,38.1186,37.2959,0.0,0,0,1,108,364,364,69466062848,69466062848,7.372,0.024
google/gemma-3-1b-it,NVIDIA GeForce RTX 5060 Ti,42,2WikiMultiHopQA,8,16,497,semantic,49.8375,0.0,0.0,0,1,1,92,348,348,63493373952,63493373952,7.372,0.024
google/gemma-3-1b-it,NVIDIA GeForce RTX 5060 Ti,42,2WikiMultiHopQA,8,16,498,multi-hop,54.8687,0.0,0.0,0,1,1,26,282,282,41693478912,41693478912,7.372,0.024
google/gemma-3-1b-it,NVIDIA GeForce RTX 5060 Ti,42,2WikiMultiHopQA,8,16,499,semantic,45.148,0.0,0.0,0,1,1,146,402,402,84727037952,84727037952,7.372,0.024
google/gemma-3-1b-it,NVIDIA GeForce RTX 5060 Ti,42,2WikiMultiHopQA,8,16,500,structural,57.7688,81.5684,0.0,0,0,1,109,365,365,69848268800,69848268800,7.372,0.024
google/gemma-3-1b-it,NVIDIA GeForce RTX 5060 Ti,42,2WikiMultiHopQA,8,16,501,multi-hop,101.8114,0.0,84.8578,0,1,0,39,295,295,45626163200,45626163200,7.372,0.024
google/gemma-3-1b-it,NVIDIA GeForce RTX 5060 Ti,42,2WikiMultiHopQA,8,16,502,multi-hop,60.9956,43.8792,63.8005,0,0,0,110,366,366,70231523328,70231523328,7.372,0.024
google/gemma-3-1b-it,NVIDIA GeForce RTX 5060 Ti,42,2WikiMultiHopQA,8,16,503,structural,38.4772,46.6933,44.6509,0,0,0,72,328,328,56405000192,56405000192,7.372,0.024
google/gemma-3-1b-it,NVIDIA GeForce RTX 5060 Ti,42,2WikiMultiHopQA,8,16,504,structural,39.7002,0.0,0.0,0,1,1,105,361,361,68325736448,68325736448,7.372,0.024
google/gemma-3-1b-it,NVIDIA GeForce RTX 5060 Ti,42,2WikiMultiHopQA,8,16,505,multi-hop,0.0,35.0101,48.8153,1,0,0,46,302,302,47817162752,47817162752,7.372,0.024
google/gemma-3-1b-it,NVIDIA GeForce RTX 5060 Ti,42,2WikiMultiHopQA,8,16,506,multi-hop,47.2227,0.0,52.6085,0,1,0,20,276,276,39938162688,39938162688,7.372,0.024
google/gemma-3-1b-it,NVIDIA GeForce RTX 5060 Ti,42,2WikiMultiHopQA,8,16,507,multi-hop,56.7827,0.0,0.0,0,1,1,17,273,273,39074660352,39074660352,7.372,0.024
google/gemma-3-1b-it,NVIDIA GeForce RTX 5060 Ti,42,2WikiMultiHopQA,8,16,508,structural,54.8432,0.0,0.0,0,1,1,127,383,383,76907282432,76907282432,7.372,0.024
google/gemma-3-1b-it,NVIDIA GeForce RTX 5060 Ti,42,2WikiMultiHopQA,8,16,509,structural,53.3364,55.6684,71.7282,0,0,0,103,359,359,67570761728,67570761728,7.372,0.024
google/gemma-3-1b-it,NVIDIA GeForce RTX 5060 Ti,42,2WikiMultiHopQA,8,16,510,semantic,62.0335,0.0,0.0,0,1,1,4,23,23,277348352,277348352,7.372,0.024
google/gemma-3-1b-it,NVIDIA GeForce RTX 5060 Ti,42,2WikiMultiHopQA,8,16,511,structural,54.9718,0.0,0.0,0,1,1,8,71,264,2642935808,36540776448,7.372,0.024
google/gemma-3-1b-it,NVIDIA GeForce RTX 5060 Ti,42,2WikiMultiHopQA,8,16,512,multi-hop,37.9582,45.0894,67.8604,0,0,0,161,417,417,91167916032,91167916032,7.372,0.024
google/gemma-3-1b-it,NVIDIA GeForce RTX 5060 Ti,42,2WikiMultiHopQA,8,16,513,multi-hop,65.8823,74.3716,0.0,0,0,1,64,320,320,53687091200,53687091200,7.372,0.024
google/gemma-3-1b-it,NVIDIA GeForce RTX 5060 Ti,42,2WikiMultiHopQA,8,16,514,multi-hop,64.8287,36.2035,80.9392,0,0,0,87,343,343,61681958912,61681958912,7.372,0.024
google/gemma-3-1b-it,NVIDIA GeForce RTX 5060 Ti,42,2WikiMultiHopQA,8,16,515,structural,39.9727,0.0,0.0,0,1,1,110,366,366,70231523328,70231523328,7.372,0.024
google/gemma-3-1b-it,NVIDIA GeForce RTX 5060 Ti,42,2WikiMultiHopQA,8,16,516,multi-hop,59.0143,0.0,0.0,0,1,1,5,261,261,35715022848,35715022848,7.372,0.024
google/gemma-3-1b-it,NVIDIA GeForce RTX 5060 Ti,42,2WikiMultiHopQA,8,16,517,multi-hop,45.0964,0.0,0.0,0,1,1,59,315,315,52022476800,52022476800,7.372,0.024
google/gemma-3-1b-it,NVIDIA GeForce RTX 5060 Ti,42,2WikiMultiHopQA,8,16,518,multi-hop,60.0957,0.0,0.0,0,1,1,24,280,280,41104179200,41104179200,7.372,0.024
google/gemma-3-1b-it,NVIDIA GeForce RTX 5060 Ti,42,2WikiMultiHopQA,8,16,519,structural,42.4382,41.8147,64.1887,0,0,0,114,370,370,71775027200,71775027200,7.372,0.024
google/gemma-3-1b-it,NVIDIA GeForce RTX 5060 Ti,42,2WikiMultiHopQA,8,16,520,semantic,50.5523,0.0,0.0,0,1,1,105,361,361,68325736448,68325736448,7.372,0.024
google/gemma-3-1b-it,NVIDIA GeForce RTX 5060 Ti,42,2WikiMultiHopQA,8,16,521,structural,47.6022,73.8052,0.0,0,0,1,29,285,285,42585292800,42585292800,7.372,0.024
google/gemma-3-1b-it,NVIDIA GeForce RTX 5060 Ti,42,2WikiMultiHopQA,8,16,522,multi-hop,33.8482,88.6484,0.0,0,0,1,34,290,290,44092620800,44092620800,7.372,0.024
google/gemma-3-1b-it,NVIDIA GeForce RTX 5060 Ti,42,2WikiMultiHopQA,8,16,523,semantic,89.9976,0.0,0.0,0,1,1,92,348,348,63493373952,63493373952,7.372,0.024
google/gemma-3-1b-it,NVIDIA GeForce RTX 5060 Ti,42,2WikiMultiHopQA,8,16,524,multi-hop,41.89,46.128,77.8202,0,0,0,20,40,41,838860800,881328128,7.372,0.024
google/gemma-3-1b-it,NVIDIA GeForce RTX 5060 Ti,42,2WikiMultiHopQA,8,16,525,semantic,54.4194,0.0,45.2095,0,1,0,110,366,366,70231523328,70231523328,7.372,0.024
google/gemma-3-1b-it,NVIDIA GeForce RTX 5060 Ti,42,2WikiMultiHopQA,8,16,526,multi-hop,43.5781,0.0,0.0,0,1,1,38,294,294,45317357568,45317357568,7.372,0.024
google/gemma-3-1b-it,NVIDIA GeForce RTX 5060 Ti,42,2WikiMultiHopQA,8,16,527,semantic,64.3379,0.0,50.5886,0,1,0,136,392,392,80564191232,80564191232,7.372,0.024
google/gemma-3-1b-it,NVIDIA GeForce RTX 5060 Ti,42,2WikiMultiHopQA,8,16,528,semantic,68.8395,0.0,36.0013,0,1,0,122,378,378,74912366592,74912366592,7.372,0.024
google/gemma-3-1b-it,NVIDIA GeForce RTX 5060 Ti,42,2WikiMultiHopQA,8,16,529,structural,35.9654,43.1976,48.0661,0,0,0,105,361,361,68325736448,68325736448,7.372,0.024
google/gemma-3-1b-it,NVIDIA GeForce RTX 5060 Ti,42,2WikiMultiHopQA,8,16,530,semantic,51.2293,0.0,0.0,0,1,1,35,291,291,44397232128,44397232128,7.372,0.024
google/gemma-3-1b-it,NVIDIA GeForce RTX 5060 Ti,42,2WikiMultiHopQA,8,16,531,structural,63.9793,0.0,0.0,0,1,1,82,338,338,59896758272,59896758272,7.372,0.024
google/gemma-3-1b-it,NVIDIA GeForce RTX 5060 Ti,42,2WikiMultiHopQA,8,16,532,multi-hop,45.978,0.0,70.36,0,1,0,91,347,347,63128993792,63128993792,7.372,0.024
google/gemma-3-1b-it,NVIDIA GeForce RTX 5060 Ti,42,2WikiMultiHopQA,8,16,533,semantic,39.7326,0.0,0.0,0,1,1,109,365,365,69848268800,69848268800,7.372,0.024
google/gemma-3-1b-it,NVIDIA GeForce RTX 5060 Ti,42,2WikiMultiHopQA,8,16,534,multi-hop,40.4859,49.3384,40.9068,0,0,0,92,348,348,63493373952,63493373952,7.372,0.024
google/gemma-3-1b-it,NVIDIA GeForce RTX 5060 Ti,42,2WikiMultiHopQA,8,16,535,multi-hop,78.5773,0.0,0.0,0,1,1,105,361,361,68325736448,68325736448,7.372,0.024
google/gemma-3-1b-it,NVIDIA GeForce RTX 5060 Ti,42,2WikiMultiHopQA,8,16,536,multi-hop,0.0,33.7239,50.9593,1,0,0,93,349,349,63858802688,63858802688,7.372,0.024
google/gemma-3-1b-it,NVIDIA GeForce RTX 5060 Ti,42,2WikiMultiHopQA,8,16,537,structural,59.7345,0.0,0.0,0,1,1,53,309,309,50059542528,50059542528,7.372,0.024
google/gemma-3-1b-it,NVIDIA GeForce RTX 5060 Ti,42,2WikiMultiHopQA,8,16,538,multi-hop,47.9639,0.0,0.0,0,1,1,98,354,354,65701675008,65701675008,7.372,0.024
google/gemma-3-1b-it,NVIDIA GeForce RTX 5060 Ti,42,2WikiMultiHopQA,8,16,539,multi-hop,44.7824,0.0,0.0,0,1,1,116,372,372,72553070592,72553070592,7.372,0.024
google/gemma-3-1b-it,NVIDIA GeForce RTX 5060 Ti,42,2WikiMultiHopQA,8,16,540,multi-hop,81.0498,52.9117,46.1112,0,0,0,101,357,357,66819981312,66819981312,7.372,0.024
google/gemma-3-1b-it,NVIDIA GeForce RTX 5060 Ti,42,2WikiMultiHopQA,8,16,541,multi-hop,67.1808,83.9991,41.4675,0,0,0,78,334,334,58487472128,58487472128,7.372,0.024
google/gemma-3-1b-it,NVIDIA GeForce RTX 5060 Ti,42,2WikiMultiHopQA,8,16,542,structural,95.6971,0.0,0.0,0,1,1,112,368,368,71001178112,71001178112,7.372,0.024
google/gemma-3-1b-it,NVIDIA GeForce RTX 5060 Ti,42,2WikiMultiHopQA,8,16,543,semantic,55.9357,0.0,0.0,0,1,1,114,370,370,71775027200,71775027200,7.372,0.024
google/gemma-3-1b-it,NVIDIA GeForce RTX 5060 Ti,42,2WikiMultiHopQA,8,16,544,structural,41.5615,37.4311,45.4458,0,0,0,87,343,343,61681958912,61681958912,7.372,0.024
google/gemma-3-1b-it,NVIDIA GeForce RTX 5060 Ti,42,2WikiMultiHopQA,8,16,545,multi-hop,0.0,0.0,44.7037,1,1,0,22,278,278,40519073792,40519073792,7.372,0.024
google/gemma-3-1b-it,NVIDIA GeForce RTX 5060 Ti,42,2WikiMultiHopQA,8,16,546,structural,33.4822,48.6918,80.0296,0,0,0,53,309,309,50059542528,50059542528,7.372,0.024
google/gemma-3-1b-it,NVIDIA GeForce RTX 5060 Ti,42,2WikiMultiHopQA,8,16,547,multi-hop,35.5749,0.0,0.0,0,1,1,107,363,363,69084905472,69084905472,7.372,0.024
google/gemma-3-1b-it,NVIDIA GeForce RTX 5060 Ti,42,2WikiMultiHopQA,8,16,548,multi-hop,40.3852,84.8748,0.0,0,0,1,12,268,268,37656461312,37656461312,7.372,0.024
google/gemma-3-1b-it,NVIDIA GeForce RTX 5060 Ti,42,2WikiMultiHopQA,8,16,549,multi-hop,75.9508,69.8278,0.0,0,0,1,142,398,398,83049316352,83049316352,7.372,0.024
google/gemma-3-1b-it,NVIDIA GeForce RTX 5060 Ti,42,2WikiMultiHopQA,8,16,550,multi-hop,44.3406,45.8206,100.6567,0,0,0,5,76,41,3028287488,881328128,7.372,0.024
google/gemma-3-1b-it,NVIDIA GeForce RTX 5060 Ti,42,2WikiMultiHopQA,8,16,551,semantic,33.1564,0.0,0.0,0,1,1,119,375,375,73728000000,73728000000,7.372,0.024
google/gemma-3-1b-it,NVIDIA GeForce RTX 5060 Ti,42,2WikiMultiHopQA,8,16,552,structural,61.5471,0.0,0.0,0,1,1,82,338,338,59896758272,59896758272,7.372,0.024
google/gemma-3-1b-it,NVIDIA GeForce RTX 5060 Ti,42,2WikiMultiHopQA,8,16,553,semantic,29.6132,0.0,35.6507,0,1,0,16,272,272,38788923392,38788923392,7.372,0.024
google/gemma-3-1b-it,NVIDIA GeForce RTX 5060 Ti,42,2WikiMultiHopQA,8,16,554,multi-hop,73.8658,0.0,0.0,0,1,1,105,361,361,68325736448,68325736448,7.372,0.024
google/gemma-3-1b-it,NVIDIA GeForce RTX 5060 Ti,42,2WikiMultiHopQA,8,16,555,semantic,41.988,0.0,0.0,0,1,1,4,260,260,35441868800,35441868800,7.372,0.024
google/gemma-3-1b-it,NVIDIA GeForce RTX 5060 Ti,42,2WikiMultiHopQA,8,16,556,multi-hop,43.6867,0.0,0.0,0,1,1,148,404,404,85572190208,85572190208,7.372,0.024
google/gemma-3-1b-it,NVIDIA GeForce RTX 5060 Ti,42,2WikiMultiHopQA,8,16,557,multi-hop,50.6432,49.0611,90.7571,0,0,0,24,280,280,41104179200,41104179200,7.372,0.024
google/gemma-3-1b-it,NVIDIA GeForce RTX 5060 Ti,42,2WikiMultiHopQA,8,16,558,structural,64.2605,71.8671,0.0,0,0,1,19,275,275,39649280000,39649280000,7.372,0.024
google/gemma-3-1b-it,NVIDIA GeForce RTX 5060 Ti,42,2WikiMultiHopQA,8,16,559,structural,79.4582,33.5466,76.7066,0,0,0,6,251,262,33030668288,35989225472,7.372,0.024
google/gemma-3-1b-it,NVIDIA GeForce RTX 5060 Ti,42,2WikiMultiHopQA,8,16,560,multi-hop,41.5754,0.0,0.0,0,1,1,110,366,366,70231523328,70231523328,7.372,0.024
google/gemma-3-1b-it,NVIDIA GeForce RTX 5060 Ti,42,2WikiMultiHopQA,8,16,561,structural,52.0883,47.1957,0.0,0,0,1,129,385,385,77712588800,77712588800,7.372,0.024
google/gemma-3-1b-it,NVIDIA GeForce RTX 5060 Ti,42,2WikiMultiHopQA,8,16,562,semantic,41.6669,0.0,0.0,0,1,1,70,326,326,55719231488,55719231488,7.372,0.024
google/gemma-3-1b-it,NVIDIA GeForce RTX 5060 Ti,42,2WikiMultiHopQA,8,16,563,multi-hop,53.1435,44.9859,53.6046,0,0,0,100,356,356,66446163968,66446163968,7.372,0.024
google/gemma-3-1b-it,NVIDIA GeForce RTX 5060 Ti,42,2WikiMultiHopQA,8,16,564,semantic,39.266,0.0,0.0,0,1,1,90,346,346,62765662208,62765662208,7.372,0.024
google/gemma-3-1b-it,NVIDIA GeForce RTX 5060 Ti,42,2WikiMultiHopQA,8,16,565,semantic,66.3996,0.0,0.0,0,1,1,119,375,375,73728000000,73728000000,7.372,0.024
google/gemma-3-1b-it,NVIDIA GeForce RTX 5060 Ti,42,2WikiMultiHopQA,8,16,566,structural,41.2882,0.0,54.9134,0,1,0,10,266,266,37096521728,37096521728,7.372,0.024
google/gemma-3-1b-it,NVIDIA GeForce RTX 5060 Ti,42,2WikiMultiHopQA,8,16,567,semantic,0.0,0.0,0.0,1,1,1,101,357,357,66819981312,66819981312,7.372,0.024
google/gemma-3-1b-it,NVIDIA GeForce RTX 5060 Ti,42,2WikiMultiHopQA,8,16,568,multi-hop,46.5121,44.2863,58.7796,0,0,0,80,336,336,59190018048,59190018048,7.372,0.024
google/gemma-3-1b-it,NVIDIA GeForce RTX 5060 Ti,42,2WikiMultiHopQA,8,16,569,multi-hop,36.8055,0.0,0.0,0,1,1,57,313,313,51363971072,51363971072,7.372,0.024
google/gemma-3-1b-it,NVIDIA GeForce RTX 5060 Ti,42,2WikiMultiHopQA,8,16,570,multi-hop,41.0139,42.7018,35.1656,0,0,0,119,375,375,73728000000,73728000000,7.372,0.024
google/gemma-3-1b-it,NVIDIA GeForce RTX 5060 Ti,42,2WikiMultiHopQA,8,16,571,multi-hop,45.4995,42.8676,38.7841,0,0,0,2,24,22,301989888,253755392,7.372,0.024
google/gemma-3-1b-it,NVIDIA GeForce RTX 5060 Ti,42,2WikiMultiHopQA,8,16,572,multi-hop,37.9746,0.0,40.0081,0,1,0,100,356,356,66446163968,66446163968,7.372,0.024
google/gemma-3-1b-it,NVIDIA GeForce RTX 5060 Ti,42,2WikiMultiHopQA,8,16,573,multi-hop,35.7684,0.0,0.0,0,1,1,114,370,370,71775027200,71775027200,7.372,0.024
google/gemma-3-1b-it,NVIDIA GeForce RTX 5060 Ti,42,2WikiMultiHopQA,8,16,574,semantic,63.0293,0.0,0.0,0,1,1,98,354,354,65701675008,65701675008,7.372,0.024
google/gemma-3-1b-it,NVIDIA GeForce RTX 5060 Ti,42,2WikiMultiHopQA,8,16,575,multi-hop,69.3267,42.5755,0.0,0,0,1,80,336,336,59190018048,59190018048,7.372,0.024
google/gemma-3-1b-it,NVIDIA GeForce RTX 5060 Ti,42,2WikiMultiHopQA,8,16,576,structural,56.3566,63.0082,43.766,0,0,0,5,55,40,1585971200,838860800,7.372,0.024
google/gemma-3-1b-it,NVIDIA GeForce RTX 5060 Ti,42,2WikiMultiHopQA,8,16,577,multi-hop,50.0449,0.0,0.0,0,1,1,48,304,304,48452599808,48452599808,7.372,0.024
google/gemma-3-1b-it,NVIDIA GeForce RTX 5060 Ti,42,2WikiMultiHopQA,8,16,578,structural,45.8315,0.0,0.0,0,1,1,104,360,360,67947724800,67947724800,7.372,0.024
google/gemma-3-1b-it,NVIDIA GeForce RTX 5060 Ti,42,2WikiMultiHopQA,8,16,579,multi-hop,76.9547,87.7198,51.1367,0,0,0,43,299,299,46871871488,46871871488,7.372,0.024
google/gemma-3-1b-it,NVIDIA GeForce RTX 5060 Ti,42,2WikiMultiHopQA,8,16,580,multi-hop,46.5064,0.0,0.0,0,1,1,113,369,369,71387578368,71387578368,7.372,0.024
google/gemma-3-1b-it,NVIDIA GeForce RTX 5060 Ti,42,2WikiMultiHopQA,8,16,581,semantic,31.9824,0.0,0.0,0,1,1,104,360,360,67947724800,67947724800,7.372,0.024
google/gemma-3-1b-it,NVIDIA GeForce RTX 5060 Ti,42,2WikiMultiHopQA,8,16,582,semantic,68.9463,0.0,0.0,0,1,1,138,394,394,81388371968,81388371968,7.372,0.024
google/gemma-3-1b-it,NVIDIA GeForce RTX 5060 Ti,42,2WikiMultiHopQA,8,16,583,multi-hop,70.1585,0.0,0.0,0,1,1,28,284,284,42286972928,42286972928,7.372,0.024
google/gemma-3-1b-it,NVIDIA GeForce RTX 5060 Ti,42,2WikiMultiHopQA,8,16,584,multi-hop,83.5406,36.2736,0.0,0,0,1,63,319,319,53352071168,53352071168,7.372,0.024
google/gemma-3-1b-it,NVIDIA GeForce RTX 5060 Ti,42,2WikiMultiHopQA,8,16,585,multi-hop,50.3342,35.0932,52.692,0,0,0,101,357,357,66819981312,66819981312,7.372,0.024
google/gemma-3-1b-it,NVIDIA GeForce RTX 5060 Ti,42,2WikiMultiHopQA,8,16,586,semantic,38.7163,0.0,0.0,0,1,1,2,24,22,301989888,253755392,7.372,0.024
google/gemma-3-1b-it,NVIDIA GeForce RTX 5060 Ti,42,2WikiMultiHopQA,8,16,587,semantic,37.1167,0.0,0.0,0,1,1,83,339,339,60251701248,60251701248,7.372,0.024
google/gemma-3-1b-it,NVIDIA GeForce RTX 5060 Ti,42,2WikiMultiHopQA,8,16,588,multi-hop,66.2003,57.0658,0.0,0,0,1,136,392,392,80564191232,80564191232,7.372,0.024
google/gemma-3-1b-it,NVIDIA GeForce RTX 5060 Ti,42,2WikiMultiHopQA,8,16,589,semantic,40.7437,0.0,73.2039,0,1,0,50,306,306,49092231168,49092231168,7.372,0.024
google/gemma-3-1b-it,NVIDIA GeForce RTX 5060 Ti,42,2WikiMultiHopQA,8,16,590,structural,47.2384,0.0,0.0,0,1,1,85,341,341,60964732928,60964732928,7.372,0.024
google/gemma-3-1b-it,NVIDIA GeForce RTX 5060 Ti,42,2WikiMultiHopQA,8,16,591,semantic,49.4173,0.0,0.0,0,1,1,64,320,320,53687091200,53687091200,7.372,0.024
google/gemma-3-1b-it,NVIDIA GeForce RTX 5060 Ti,42,2WikiMultiHopQA,8,16,592,structural,38.0023,29.5538,45.5943,0,0,0,12,65,65,2215116800,2215116800,7.372,0.024
google/gemma-3-1b-it,NVIDIA GeForce RTX 5060 Ti,42,2WikiMultiHopQA,8,16,593,semantic,65.1896,0.0,40.0903,0,1,0,110,366,366,70231523328,70231523328,7.372,0.024
google/gemma-3-1b-it,NVIDIA GeForce RTX 5060 Ti,42,2WikiMultiHopQA,8,16,594,structural,54.158,0.0,0.0,0,1,1,104,360,360,67947724800,67947724800,7.372,0.024
google/gemma-3-1b-it,NVIDIA GeForce RTX 5060 Ti,42,2WikiMultiHopQA,8,16,595,multi-hop,35.224,0.0,0.0,0,1,1,99,355,355,66073395200,66073395200,7.372,0.024
google/gemma-3-1b-it,NVIDIA GeForce RTX 5060 Ti,42,2WikiMultiHopQA,8,16,596,multi-hop,115.6877,40.9438,42.2326,0,0,0,2,24,38,301989888,757071872,7.372,0.024
google/gemma-3-1b-it,NVIDIA GeForce RTX 5060 Ti,42,2WikiMultiHopQA,8,16,597,semantic,34.9255,0.0,78.635,0,1,0,109,365,365,69848268800,69848268800,7.372,0.024
google/gemma-3-1b-it,NVIDIA GeForce RTX 5060 Ti,42,2WikiMultiHopQA,8,16,598,multi-hop,51.9349,40.2918,27.3608,0,0,0,5,55,40,1585971200,838860800,7.372,0.024
google/gemma-3-1b-it,NVIDIA GeForce RTX 5060 Ti,42,2WikiMultiHopQA,8,16,599,multi-hop,90.1797,0.0,0.0,0,1,1,155,411,411,88563253248,88563253248,7.372,0.024
google/gemma-3-1b-it,NVIDIA GeForce RTX 5060 Ti,42,2WikiMultiHopQA,10,16,0,structural,46.5516,0.0,0.0,0,1,1,105,361,361,68325736448,68325736448,7.372,0.024
google/gemma-3-1b-it,NVIDIA GeForce RTX 5060 Ti,42,2WikiMultiHopQA,10,16,1,multi-hop,52.6889,71.8958,29.6255,0,0,0,78,334,334,58487472128,58487472128,7.372,0.024
google/gemma-3-1b-it,NVIDIA GeForce RTX 5060 Ti,42,2WikiMultiHopQA,10,16,2,multi-hop,34.107,0.0,0.0,0,1,1,105,361,361,68325736448,68325736448,7.372,0.024
google/gemma-3-1b-it,NVIDIA GeForce RTX 5060 Ti,42,2WikiMultiHopQA,10,16,3,semantic,39.7463,0.0,0.0,0,1,1,99,355,355,66073395200,66073395200,7.372,0.024
google/gemma-3-1b-it,NVIDIA GeForce RTX 5060 Ti,42,2WikiMultiHopQA,10,16,4,structural,29.6405,55.5973,47.6237,0,0,0,53,309,309,50059542528,50059542528,7.372,0.024
google/gemma-3-1b-it,NVIDIA GeForce RTX 5060 Ti,42,2WikiMultiHopQA,10,16,5,multi-hop,40.4745,0.0,0.0,0,1,1,48,304,304,48452599808,48452599808,7.372,0.024
google/gemma-3-1b-it,NVIDIA GeForce RTX 5060 Ti,42,2WikiMultiHopQA,10,16,6,structural,41.7913,33.4635,0.0,0,0,1,91,347,347,63128993792,63128993792,7.372,0.024
google/gemma-3-1b-it,NVIDIA GeForce RTX 5060 Ti,42,2WikiMultiHopQA,10,16,7,multi-hop,36.8389,0.0,0.0,0,1,1,147,403,403,85149089792,85149089792,7.372,0.024
google/gemma-3-1b-it,NVIDIA GeForce RTX 5060 Ti,42,2WikiMultiHopQA,10,16,8,multi-hop,35.4509,0.0,37.2196,0,1,0,82,338,338,59896758272,59896758272,7.372,0.024
google/gemma-3-1b-it,NVIDIA GeForce RTX 5060 Ti,42,2WikiMultiHopQA,10,16,9,structural,28.2045,31.1317,73.3566,0,0,0,34,290,290,44092620800,44092620800,7.372,0.024
google/gemma-3-1b-it,NVIDIA GeForce RTX 5060 Ti,42,2WikiMultiHopQA,10,16,10,multi-hop,32.4932,0.0,0.0,0,1,1,2,28,77,411041792,3108503552,7.372,0.024
google/gemma-3-1b-it,NVIDIA GeForce RTX 5060 Ti,42,2WikiMultiHopQA,10,16,11,semantic,46.1829,0.0,0.0,0,1,1,105,361,361,68325736448,68325736448,7.372,0.024
google/gemma-3-1b-it,NVIDIA GeForce RTX 5060 Ti,42,2WikiMultiHopQA,10,16,12,semantic,36.2972,0.0,0.0,0,1,1,113,369,369,71387578368,71387578368,7.372,0.024
google/gemma-3-1b-it,NVIDIA GeForce RTX 5060 Ti,42,2WikiMultiHopQA,10,16,13,semantic,60.355,0.0,0.0,0,1,1,101,357,357,66819981312,66819981312,7.372,0.024
google/gemma-3-1b-it,NVIDIA GeForce RTX 5060 Ti,42,2WikiMultiHopQA,10,16,14,multi-hop,50.0461,0.0,79.5533,0,1,0,103,359,359,67570761728,67570761728,7.372,0.024
google/gemma-3-1b-it,NVIDIA GeForce RTX 5060 Ti,42,2WikiMultiHopQA,10,16,15,structural,77.8435,63.0825,48.2089,0,0,0,78,334,334,58487472128,58487472128,7.372,0.024
google/gemma-3-1b-it,NVIDIA GeForce RTX 5060 Ti,42,2WikiMultiHopQA,10,16,16,structural,76.3028,53.2222,39.3886,0,0,0,87,343,343,61681958912,61681958912,7.372,0.024
google/gemma-3-1b-it,NVIDIA GeForce RTX 5060 Ti,42,2WikiMultiHopQA,10,16,17,semantic,61.1424,0.0,0.0,0,1,1,112,368,368,71001178112,71001178112,7.372,0.024
google/gemma-3-1b-it,NVIDIA GeForce RTX 5060 Ti,42,2WikiMultiHopQA,10,16,18,semantic,51.8965,0.0,0.0,0,1,1,8,83,264,3611820032,36540776448,7.372,0.024
google/gemma-3-1b-it,NVIDIA GeForce RTX 5060 Ti,42,2WikiMultiHopQA,10,16,19,multi-hop,27.81,56.1137,38.9064,0,0,0,2,28,28,411041792,411041792,7.372,0.024
google/gemma-3-1b-it,NVIDIA GeForce RTX 5060 Ti,42,2WikiMultiHopQA,10,16,20,multi-hop,64.1561,0.0,0.0,0,1,1,105,361,361,68325736448,68325736448,7.372,0.024
google/gemma-3-1b-it,NVIDIA GeForce RTX 5060 Ti,42,2WikiMultiHopQA,10,16,21,multi-hop,57.4788,0.0,36.5461,0,1,0,14,270,270,38220595200,38220595200,7.372,0.024
google/gemma-3-1b-it,NVIDIA GeForce RTX 5060 Ti,42,2WikiMultiHopQA,10,16,22,structural,38.0587,68.4393,0.0,0,0,1,12,268,268,37656461312,37656461312,7.372,0.024
google/gemma-3-1b-it,NVIDIA GeForce RTX 5060 Ti,42,2WikiMultiHopQA,10,16,23,semantic,50.1471,0.0,0.0,0,1,1,27,283,283,41989701632,41989701632,7.372,0.024
google/gemma-3-1b-it,NVIDIA GeForce RTX 5060 Ti,42,2WikiMultiHopQA,10,16,24,semantic,45.19,0.0,0.0,0,1,1,139,395,395,81802035200,81802035200,7.372,0.024
google/gemma-3-1b-it,NVIDIA GeForce RTX 5060 Ti,42,2WikiMultiHopQA,10,16,25,multi-hop,70.8392,0.0,0.0,0,1,1,100,356,356,66446163968,66446163968,7.372,0.024
google/gemma-3-1b-it,NVIDIA GeForce RTX 5060 Ti,42,2WikiMultiHopQA,10,16,26,multi-hop,48.9708,0.0,0.0,0,1,1,105,361,361,68325736448,68325736448,7.372,0.024
google/gemma-3-1b-it,NVIDIA GeForce RTX 5060 Ti,42,2WikiMultiHopQA,10,16,27,multi-hop,38.2731,0.0,0.0,0,1,1,28,284,284,42286972928,42286972928,7.372,0.024
google/gemma-3-1b-it,NVIDIA GeForce RTX 5060 Ti,42,2WikiMultiHopQA,10,16,28,semantic,39.9616,0.0,0.0,0,1,1,41,297,297,46246920192,46246920192,7.372,0.024
google/gemma-3-1b-it,NVIDIA GeForce RTX 5060 Ti,42,2WikiMultiHopQA,10,16,29,structural,36.3381,37.3828,43.537,0,0,0,4,29,29,440926208,440926208,7.372,0.024
google/gemma-3-1b-it,NVIDIA GeForce RTX 5060 Ti,42,2WikiMultiHopQA,10,16,30,multi-hop,57.4364,0.0,0.0,0,1,1,102,358,358,67194847232,67194847232,7.372,0.024
google/gemma-3-1b-it,NVIDIA GeForce RTX 5060 Ti,42,2WikiMultiHopQA,10,16,31,multi-hop,47.3955,0.0,0.0,0,1,1,149,405,405,85996339200,85996339200,7.372,0.024
google/gemma-3-1b-it,NVIDIA GeForce RTX 5060 Ti,42,2WikiMultiHopQA,10,16,32,semantic,37.7664,0.0,0.0,0,1,1,116,372,372,72553070592,72553070592,7.372,0.024
google/gemma-3-1b-it,NVIDIA GeForce RTX 5060 Ti,42,2WikiMultiHopQA,10,16,33,structural,50.8474,37.5539,44.9264,0,0,0,49,305,305,48771891200,48771891200,7.372,0.024
google/gemma-3-1b-it,NVIDIA GeForce RTX 5060 Ti,42,2WikiMultiHopQA,10,16,34,structural,40.2951,36.2393,67.075,0,0,0,29,285,285,42585292800,42585292800,7.372,0.024
google/gemma-3-1b-it,NVIDIA GeForce RTX 5060 Ti,42,2WikiMultiHopQA,10,16,35,semantic,0.0,0.0,0.0,1,1,1,102,358,358,67194847232,67194847232,7.372,0.024
google/gemma-3-1b-it,NVIDIA GeForce RTX 5060 Ti,42,2WikiMultiHopQA,10,16,36,structural,67.8457,42.6725,41.6385,0,0,0,51,307,307,49413619712,49413619712,7.372,0.024
google/gemma-3-1b-it,NVIDIA GeForce RTX 5060 Ti,42,2WikiMultiHopQA,10,16,37,multi-hop,0.0,0.0,0.0,1,1,1,57,313,313,51363971072,51363971072,7.372,0.024
google/gemma-3-1b-it,NVIDIA GeForce RTX 5060 Ti,42,2WikiMultiHopQA,10,16,38,multi-hop,45.9661,0.0,0.0,0,1,1,76,332,332,57789120512,57789120512,7.372,0.024
google/gemma-3-1b-it,NVIDIA GeForce RTX 5060 Ti,42,2WikiMultiHopQA,10,16,39,multi-hop,33.2835,38.0617,41.1372,0,0,0,102,358,358,67194847232,67194847232,7.372,0.024
google/gemma-3-1b-it,NVIDIA GeForce RTX 5060 Ti,42,2WikiMultiHopQA,10,16,40,semantic,56.891,0.0,0.0,0,1,1,108,364,364,69466062848,69466062848,7.372,0.024
google/gemma-3-1b-it,NVIDIA GeForce RTX 5060 Ti,42,2WikiMultiHopQA,10,16,41,multi-hop,46.967,0.0,0.0,0,1,1,109,365,365,69848268800,69848268800,7.372,0.024
google/gemma-3-1b-it,NVIDIA GeForce RTX 5060 Ti,42,2WikiMultiHopQA,10,16,42,semantic,92.9312,0.0,0.0,0,1,1,105,361,361,68325736448,68325736448,7.372,0.024
google/gemma-3-1b-it,NVIDIA GeForce RTX 5060 Ti,42,2WikiMultiHopQA,10,16,43,semantic,54.7176,0.0,0.0,0,1,1,129,385,385,77712588800,77712588800,7.372,0.024
google/gemma-3-1b-it,NVIDIA GeForce RTX 5060 Ti,42,2WikiMultiHopQA,10,16,44,multi-hop,53.8562,62.136,0.0,0,0,1,36,292,292,44702892032,44702892032,7.372,0.024
google/gemma-3-1b-it,NVIDIA GeForce RTX 5060 Ti,42,2WikiMultiHopQA,10,16,45,structural,36.7537,32.4819,0.0,0,0,1,12,268,268,37656461312,37656461312,7.372,0.024
google/gemma-3-1b-it,NVIDIA GeForce RTX 5060 Ti,42,2WikiMultiHopQA,10,16,46,structural,70.4671,33.8941,48.9419,0,0,0,78,334,334,58487472128,58487472128,7.372,0.024
google/gemma-3-1b-it,NVIDIA GeForce RTX 5060 Ti,42,2WikiMultiHopQA,10,16,47,semantic,36.9148,0.0,45.2245,0,1,0,33,289,289,43789058048,43789058048,7.372,0.024
google/gemma-3-1b-it,NVIDIA GeForce RTX 5060 Ti,42,2WikiMultiHopQA,10,16,48,multi-hop,53.0655,0.0,0.0,0,1,1,76,332,332,57789120512,57789120512,7.372,0.024
google/gemma-3-1b-it,NVIDIA GeForce RTX 5060 Ti,42,2WikiMultiHopQA,10,16,49,structural,75.8203,56.1714,63.499,0,0,0,65,321,321,54023159808,54023159808,7.372,0.024
google/gemma-3-1b-it,NVIDIA GeForce RTX 5060 Ti,42,2WikiMultiHopQA,10,16,50,multi-hop,33.8471,0.0,0.0,0,1,1,98,354,354,65701675008,65701675008,7.372,0.024
google/gemma-3-1b-it,NVIDIA GeForce RTX 5060 Ti,42,2WikiMultiHopQA,10,16,51,structural,41.4499,44.4318,40.5628,0,0,0,2,143,258,10721165312,34898706432,7.372,0.024
google/gemma-3-1b-it,NVIDIA GeForce RTX 5060 Ti,42,2WikiMultiHopQA,10,16,52,semantic,51.154,0.0,0.0,0,1,1,113,369,369,71387578368,71387578368,7.372,0.024
google/gemma-3-1b-it,NVIDIA GeForce RTX 5060 Ti,42,2WikiMultiHopQA,10,16,53,structural,38.4718,49.4959,45.6422,0,0,0,114,370,370,71775027200,71775027200,7.372,0.024
google/gemma-3-1b-it,NVIDIA GeForce RTX 5060 Ti,42,2WikiMultiHopQA,10,16,54,structural,37.3944,0.0,0.0,0,1,1,103,359,359,67570761728,67570761728,7.372,0.024
google/gemma-3-1b-it,NVIDIA GeForce RTX 5060 Ti,42,2WikiMultiHopQA,10,16,55,semantic,33.1037,0.0,0.0,0,1,1,58,314,314,51692699648,51692699648,7.372,0.024
google/gemma-3-1b-it,NVIDIA GeForce RTX 5060 Ti,42,2WikiMultiHopQA,10,16,56,multi-hop,69.7025,0.0,0.0,0,1,1,206,462,462,111906127872,111906127872,7.372,0.024
google/gemma-3-1b-it,NVIDIA GeForce RTX 5060 Ti,42,2WikiMultiHopQA,10,16,57,structural,46.2827,0.0,0.0,0,1,1,78,334,334,58487472128,58487472128,7.372,0.024
google/gemma-3-1b-it,NVIDIA GeForce RTX 5060 Ti,42,2WikiMultiHopQA,10,16,58,multi-hop,41.8595,0.0,54.8647,0,1,0,127,383,383,76907282432,76907282432,7.372,0.024
google/gemma-3-1b-it,NVIDIA GeForce RTX 5060 Ti,42,2WikiMultiHopQA,10,16,59,semantic,38.6279,0.0,0.0,0,1,1,97,353,353,65331003392,65331003392,7.372,0.024
google/gemma-3-1b-it,NVIDIA GeForce RTX 5060 Ti,42,2WikiMultiHopQA,10,16,60,semantic,80.4631,0.0,0.0,0,1,1,8,264,264,36540776448,36540776448,7.372,0.024
google/gemma-3-1b-it,NVIDIA GeForce RTX 5060 Ti,42,2WikiMultiHopQA,10,16,61,structural,55.5385,55.245,32.6378,0,0,0,122,378,378,74912366592,74912366592,7.372,0.024
google/gemma-3-1b-it,NVIDIA GeForce RTX 5060 Ti,42,2WikiMultiHopQA,10,16,62,semantic,91.8005,0.0,0.0,0,1,1,84,340,340,60607692800,60607692800,7.372,0.024
google/gemma-3-1b-it,NVIDIA GeForce RTX 5060 Ti,42,2WikiMultiHopQA,10,16,63,multi-hop,73.7683,56.9788,61.3987,0,0,0,7,263,252,36264476672,33294385152,7.372,0.024
google/gemma-3-1b-it,NVIDIA GeForce RTX 5060 Ti,42,2WikiMultiHopQA,10,16,64,multi-hop,46.947,0.0,0.0,0,1,1,112,368,368,71001178112,71001178112,7.372,0.024
google/gemma-3-1b-it,NVIDIA GeForce RTX 5060 Ti,42,2WikiMultiHopQA,10,16,65,multi-hop,43.0275,80.2126,0.0,0,0,1,114,370,370,71775027200,71775027200,7.372,0.024
google/gemma-3-1b-it,NVIDIA GeForce RTX 5060 Ti,42,2WikiMultiHopQA,10,16,66,multi-hop,47.8642,0.0,0.0,0,1,1,106,362,362,68704796672,68704796672,7.372,0.024
google/gemma-3-1b-it,NVIDIA GeForce RTX 5060 Ti,42,2WikiMultiHopQA,10,16,67,semantic,55.172,0.0,0.0,0,1,1,101,357,357,66819981312,66819981312,7.372,0.024
google/gemma-3-1b-it,NVIDIA GeForce RTX 5060 Ti,42,2WikiMultiHopQA,10,16,68,structural,33.3342,59.3946,43.3237,0,0,0,101,357,357,66819981312,66819981312,7.372,0.024
google/gemma-3-1b-it,NVIDIA GeForce RTX 5060 Ti,42,2WikiMultiHopQA,10,16,69,multi-hop,56.5341,0.0,0.0,0,1,1,142,398,398,83049316352,83049316352,7.372,0.024
google/gemma-3-1b-it,NVIDIA GeForce RTX 5060 Ti,42,2WikiMultiHopQA,10,16,70,structural,59.885,0.0,0.0,0,1,1,17,273,273,39074660352,39074660352,7.372,0.024
google/gemma-3-1b-it,NVIDIA GeForce RTX 5060 Ti,42,2WikiMultiHopQA,10,16,71,multi-hop,42.8154,34.2649,0.0,0,0,1,34,290,290,44092620800,44092620800,7.372,0.024
google/gemma-3-1b-it,NVIDIA GeForce RTX 5060 Ti,42,2WikiMultiHopQA,10,16,72,semantic,37.2568,0.0,0.0,0,1,1,2,28,28,411041792,411041792,7.372,0.024
google/gemma-3-1b-it,NVIDIA GeForce RTX 5060 Ti,42,2WikiMultiHopQA,10,16,73,multi-hop,37.071,42.9,0.0,0,0,1,113,369,369,71387578368,71387578368,7.372,0.024
google/gemma-3-1b-it,NVIDIA GeForce RTX 5060 Ti,42,2WikiMultiHopQA,10,16,74,multi-hop,42.565,60.5431,0.0,0,0,1,117,373,373,72943665152,72943665152,7.372,0.024
google/gemma-3-1b-it,NVIDIA GeForce RTX 5060 Ti,42,2WikiMultiHopQA,10,16,75,structural,37.3336,0.0,0.0,0,1,1,114,370,370,71775027200,71775027200,7.372,0.024
google/gemma-3-1b-it,NVIDIA GeForce RTX 5060 Ti,42,2WikiMultiHopQA,10,16,76,multi-hop,46.1316,0.0,0.0,0,1,1,59,315,315,52022476800,52022476800,7.372,0.024
google/gemma-3-1b-it,NVIDIA GeForce RTX 5060 Ti,42,2WikiMultiHopQA,10,16,77,semantic,29.9179,0.0,0.0,0,1,1,20,212,49,23563599872,1258815488,7.372,0.024
google/gemma-3-1b-it,NVIDIA GeForce RTX 5060 Ti,42,2WikiMultiHopQA,10,16,78,semantic,52.3568,0.0,0.0,0,1,1,40,296,296,45936017408,45936017408,7.372,0.024
google/gemma-3-1b-it,NVIDIA GeForce RTX 5060 Ti,42,2WikiMultiHopQA,10,16,79,semantic,35.203,0.0,0.0,0,1,1,85,341,341,60964732928,60964732928,7.372,0.024
google/gemma-3-1b-it,NVIDIA GeForce RTX 5060 Ti,42,2WikiMultiHopQA,10,16,80,structural,35.0327,32.7198,0.0,0,0,1,96,352,352,64961380352,64961380352,7.372,0.024
google/gemma-3-1b-it,NVIDIA GeForce RTX 5060 Ti,42,2WikiMultiHopQA,10,16,81,multi-hop,37.6637,0.0,0.0,0,1,1,127,383,383,76907282432,76907282432,7.372,0.024
google/gemma-3-1b-it,NVIDIA GeForce RTX 5060 Ti,42,2WikiMultiHopQA,10,16,82,multi-hop,67.3777,72.6717,0.0,0,0,1,25,281,281,41398304768,41398304768,7.372,0.024
google/gemma-3-1b-it,NVIDIA GeForce RTX 5060 Ti,42,2WikiMultiHopQA,10,16,83,structural,35.3115,43.6567,37.1708,0,0,0,114,370,370,71775027200,71775027200,7.372,0.024
google/gemma-3-1b-it,NVIDIA GeForce RTX 5060 Ti,42,2WikiMultiHopQA,10,16,84,semantic,65.8286,0.0,0.0,0,1,1,50,306,306,49092231168,49092231168,7.372,0.024
google/gemma-3-1b-it,NVIDIA GeForce RTX 5060 Ti,42,2WikiMultiHopQA,10,16,85,semantic,44.3761,0.0,0.0,0,1,1,87,343,343,61681958912,61681958912,7.372,0.024
google/gemma-3-1b-it,NVIDIA GeForce RTX 5060 Ti,42,2WikiMultiHopQA,10,16,86,multi-hop,62.2796,0.0,0.0,0,1,1,103,359,359,67570761728,67570761728,7.372,0.024
google/gemma-3-1b-it,NVIDIA GeForce RTX 5060 Ti,42,2WikiMultiHopQA,10,16,87,multi-hop,48.5073,0.0,0.0,0,1,1,24,280,280,41104179200,41104179200,7.372,0.024
google/gemma-3-1b-it,NVIDIA GeForce RTX 5060 Ti,42,2WikiMultiHopQA,10,16,88,multi-hop,34.4813,76.5505,35.1887,0,0,0,95,351,351,64592805888,64592805888,7.372,0.024
google/gemma-3-1b-it,NVIDIA GeForce RTX 5060 Ti,42,2WikiMultiHopQA,10,16,89,multi-hop,75.2354,0.0,0.0,0,1,1,63,319,319,53352071168,53352071168,7.372,0.024
google/gemma-3-1b-it,NVIDIA GeForce RTX 5060 Ti,42,2WikiMultiHopQA,10,16,90,semantic,72.2921,0.0,0.0,0,1,1,102,358,358,67194847232,67194847232,7.372,0.024
google/gemma-3-1b-it,NVIDIA GeForce RTX 5060 Ti,42,2WikiMultiHopQA,10,16,91,multi-hop,69.7222,54.3114,36.4466,0,0,0,110,366,366,70231523328,70231523328,7.372,0.024
google/gemma-3-1b-it,NVIDIA GeForce RTX 5060 Ti,42,2WikiMultiHopQA,10,16,92,semantic,38.1254,0.0,0.0,0,1,1,125,381,381,76106170368,76106170368,7.372,0.024
google/gemma-3-1b-it,NVIDIA GeForce RTX 5060 Ti,42,2WikiMultiHopQA,10,16,93,semantic,0.0,0.0,0.0,1,1,1,87,343,343,61681958912,61681958912,7.372,0.024
google/gemma-3-1b-it,NVIDIA GeForce RTX 5060 Ti,42,2WikiMultiHopQA,10,16,94,semantic,57.859,0.0,0.0,0,1,1,2,28,77,411041792,3108503552,7.372,0.024
google/gemma-3-1b-it,NVIDIA GeForce RTX 5060 Ti,42,2WikiMultiHopQA,10,16,95,semantic,36.3722,0.0,0.0,0,1,1,101,357,357,66819981312,66819981312,7.372,0.024
google/gemma-3-1b-it,NVIDIA GeForce RTX 5060 Ti,42,2WikiMultiHopQA,10,16,96,multi-hop,36.4672,0.0,0.0,0,1,1,112,368,368,71001178112,71001178112,7.372,0.024
google/gemma-3-1b-it,NVIDIA GeForce RTX 5060 Ti,42,2WikiMultiHopQA,10,16,97,structural,46.9874,0.0,0.0,0,1,1,100,356,356,66446163968,66446163968,7.372,0.024
google/gemma-3-1b-it,NVIDIA GeForce RTX 5060 Ti,42,2WikiMultiHopQA,10,16,98,multi-hop,84.5485,0.0,0.0,0,1,1,55,311,311,50709659648,50709659648,7.372,0.024
google/gemma-3-1b-it,NVIDIA GeForce RTX 5060 Ti,42,2WikiMultiHopQA,10,16,99,semantic,41.3544,0.0,0.0,0,1,1,24,280,280,41104179200,41104179200,7.372,0.024
google/gemma-3-1b-it,NVIDIA GeForce RTX 5060 Ti,42,2WikiMultiHopQA,10,16,100,semantic,48.9552,0.0,0.0,0,1,1,109,365,365,69848268800,69848268800,7.372,0.024
google/gemma-3-1b-it,NVIDIA GeForce RTX 5060 Ti,42,2WikiMultiHopQA,10,16,101,multi-hop,60.6882,0.0,43.7472,0,1,0,61,317,317,52685176832,52685176832,7.372,0.024
google/gemma-3-1b-it,NVIDIA GeForce RTX 5060 Ti,42,2WikiMultiHopQA,10,16,102,multi-hop,0.0,0.0,0.0,1,1,1,105,361,361,68325736448,68325736448,7.372,0.024
google/gemma-3-1b-it,NVIDIA GeForce RTX 5060 Ti,42,2WikiMultiHopQA,10,16,103,semantic,78.336,0.0,0.0,0,1,1,115,371,371,72163524608,72163524608,7.372,0.024
google/gemma-3-1b-it,NVIDIA GeForce RTX 5060 Ti,42,2WikiMultiHopQA,10,16,104,multi-hop,62.0412,0.0,40.0441,0,1,0,66,322,322,54360276992,54360276992,7.372,0.024
google/gemma-3-1b-it,NVIDIA GeForce RTX 5060 Ti,42,2WikiMultiHopQA,10,16,105,semantic,66.3387,0.0,0.0,0,1,1,119,375,375,73728000000,73728000000,7.372,0.024
google/gemma-3-1b-it,NVIDIA GeForce RTX 5060 Ti,42,2WikiMultiHopQA,10,16,106,semantic,49.3311,0.0,0.0,0,1,1,128,384,384,77309411328,77309411328,7.372,0.024
google/gemma-3-1b-it,NVIDIA GeForce RTX 5060 Ti,42,2WikiMultiHopQA,10,16,107,structural,39.2516,0.0,0.0,0,1,1,27,283,283,41989701632,41989701632,7.372,0.024
google/gemma-3-1b-it,NVIDIA GeForce RTX 5060 Ti,42,2WikiMultiHopQA,10,16,108,structural,92.9184,39.4892,70.1164,0,0,0,16,272,272,38788923392,38788923392,7.372,0.024
google/gemma-3-1b-it,NVIDIA GeForce RTX 5060 Ti,42,2WikiMultiHopQA,10,16,109,multi-hop,44.0219,83.9813,51.1001,0,0,0,35,291,291,44397232128,44397232128,7.372,0.024
google/gemma-3-1b-it,NVIDIA GeForce RTX 5060 Ti,42,2WikiMultiHopQA,10,16,110,multi-hop,101.7816,59.4758,0.0,0,0,1,109,365,365,69848268800,69848268800,7.372,0.024
google/gemma-3-1b-it,NVIDIA GeForce RTX 5060 Ti,42,2WikiMultiHopQA,10,16,111,multi-hop,33.9196,0.0,0.0,0,1,1,28,284,284,42286972928,42286972928,7.372,0.024
google/gemma-3-1b-it,NVIDIA GeForce RTX 5060 Ti,42,2WikiMultiHopQA,10,16,112,semantic,61.1414,0.0,62.4833,0,1,0,28,284,284,42286972928,42286972928,7.372,0.024
google/gemma-3-1b-it,NVIDIA GeForce RTX 5060 Ti,42,2WikiMultiHopQA,10,16,113,multi-hop,70.2979,0.0,0.0,0,1,1,93,349,349,63858802688,63858802688,7.372,0.024
google/gemma-3-1b-it,NVIDIA GeForce RTX 5060 Ti,42,2WikiMultiHopQA,10,16,114,multi-hop,36.7188,0.0,0.0,0,1,1,48,304,304,48452599808,48452599808,7.372,0.024
google/gemma-3-1b-it,NVIDIA GeForce RTX 5060 Ti,42,2WikiMultiHopQA,10,16,115,multi-hop,46.831,38.9267,62.4656,0,0,0,78,334,334,58487472128,58487472128,7.372,0.024
google/gemma-3-1b-it,NVIDIA GeForce RTX 5060 Ti,42,2WikiMultiHopQA,10,16,116,semantic,0.0,0.0,0.0,1,1,1,101,357,357,66819981312,66819981312,7.372,0.024
google/gemma-3-1b-it,NVIDIA GeForce RTX 5060 Ti,42,2WikiMultiHopQA,10,16,117,multi-hop,32.9009,0.0,0.0,0,1,1,114,370,370,71775027200,71775027200,7.372,0.024
google/gemma-3-1b-it,NVIDIA GeForce RTX 5060 Ti,42,2WikiMultiHopQA,10,16,118,multi-hop,40.7935,0.0,0.0,0,1,1,25,281,281,41398304768,41398304768,7.372,0.024
google/gemma-3-1b-it,NVIDIA GeForce RTX 5060 Ti,42,2WikiMultiHopQA,10,16,119,multi-hop,32.0714,0.0,0.0,0,1,1,86,342,342,61322821632,61322821632,7.372,0.024
google/gemma-3-1b-it,NVIDIA GeForce RTX 5060 Ti,42,2WikiMultiHopQA,10,16,120,structural,85.7157,46.2459,50.8573,0,0,0,64,320,320,53687091200,53687091200,7.372,0.024
google/gemma-3-1b-it,NVIDIA GeForce RTX 5060 Ti,42,2WikiMultiHopQA,10,16,121,multi-hop,92.7103,0.0,0.0,0,1,1,114,370,370,71775027200,71775027200,7.372,0.024
google/gemma-3-1b-it,NVIDIA GeForce RTX 5060 Ti,42,2WikiMultiHopQA,10,16,122,semantic,42.5588,0.0,0.0,0,1,1,74,330,330,57094963200,57094963200,7.372,0.024
google/gemma-3-1b-it,NVIDIA GeForce RTX 5060 Ti,42,2WikiMultiHopQA,10,16,123,semantic,39.149,0.0,0.0,0,1,1,93,349,349,63858802688,63858802688,7.372,0.024
google/gemma-3-1b-it,NVIDIA GeForce RTX 5060 Ti,42,2WikiMultiHopQA,10,16,124,multi-hop,96.4111,54.0154,69.583,0,0,0,2,24,26,301989888,354418688,7.372,0.024
google/gemma-3-1b-it,NVIDIA GeForce RTX 5060 Ti,42,2WikiMultiHopQA,10,16,125,semantic,37.8504,0.0,50.9593,0,1,0,110,366,366,70231523328,70231523328,7.372,0.024
google/gemma-3-1b-it,NVIDIA GeForce RTX 5060 Ti,42,2WikiMultiHopQA,10,16,126,semantic,35.8787,0.0,0.0,0,1,1,83,339,339,60251701248,60251701248,7.372,0.024
google/gemma-3-1b-it,NVIDIA GeForce RTX 5060 Ti,42,2WikiMultiHopQA,10,16,127,multi-hop,43.2333,0.0,0.0,0,1,1,101,357,357,66819981312,66819981312,7.372,0.024
google/gemma-3-1b-it,NVIDIA GeForce RTX 5060 Ti,42,2WikiMultiHopQA,10,16,128,multi-hop,60.7364,0.0,0.0,0,1,1,118,374,374,73335308288,73335308288,7.372,0.024
google/gemma-3-1b-it,NVIDIA GeForce RTX 5060 Ti,42,2WikiMultiHopQA,10,16,129,structural,74.5399,40.942,0.0,0,0,1,109,365,365,69848268800,69848268800,7.372,0.024
google/gemma-3-1b-it,NVIDIA GeForce RTX 5060 Ti,42,2WikiMultiHopQA,10,16,130,semantic,49.8414,0.0,0.0,0,1,1,119,375,375,73728000000,73728000000,7.372,0.024
google/gemma-3-1b-it,NVIDIA GeForce RTX 5060 Ti,42,2WikiMultiHopQA,10,16,131,semantic,52.9671,0.0,0.0,0,1,1,19,275,275,39649280000,39649280000,7.372,0.024
google/gemma-3-1b-it,NVIDIA GeForce RTX 5060 Ti,42,2WikiMultiHopQA,10,16,132,semantic,30.6125,0.0,0.0,0,1,1,67,323,323,54698442752,54698442752,7.372,0.024
google/gemma-3-1b-it,NVIDIA GeForce RTX 5060 Ti,42,2WikiMultiHopQA,10,16,133,multi-hop,64.2211,0.0,0.0,0,1,1,101,357,357,66819981312,66819981312,7.372,0.024
google/gemma-3-1b-it,NVIDIA GeForce RTX 5060 Ti,42,2WikiMultiHopQA,10,16,134,structural,71.1048,51.3431,0.0,0,0,1,113,369,369,71387578368,71387578368,7.372,0.024
google/gemma-3-1b-it,NVIDIA GeForce RTX 5060 Ti,42,2WikiMultiHopQA,10,16,135,multi-hop,42.2563,0.0,95.8825,0,1,0,83,339,339,60251701248,60251701248,7.372,0.024
google/gemma-3-1b-it,NVIDIA GeForce RTX 5060 Ti,42,2WikiMultiHopQA,10,16,136,semantic,71.5128,0.0,0.0,0,1,1,121,377,377,74516529152,74516529152,7.372,0.024
google/gemma-3-1b-it,NVIDIA GeForce RTX 5060 Ti,42,2WikiMultiHopQA,10,16,137,semantic,70.5182,0.0,0.0,0,1,1,99,355,355,66073395200,66073395200,7.372,0.024
google/gemma-3-1b-it,NVIDIA GeForce RTX 5060 Ti,42,2WikiMultiHopQA,10,16,138,semantic,67.3434,0.0,88.544,0,1,0,109,365,365,69848268800,69848268800,7.372,0.024
google/gemma-3-1b-it,NVIDIA GeForce RTX 5060 Ti,42,2WikiMultiHopQA,10,16,139,multi-hop,43.2538,0.0,0.0,0,1,1,109,365,365,69848268800,69848268800,7.372,0.024
google/gemma-3-1b-it,NVIDIA GeForce RTX 5060 Ti,42,2WikiMultiHopQA,10,16,140,structural,42.4353,52.5054,32.5337,0,0,0,95,351,351,64592805888,64592805888,7.372,0.024
google/gemma-3-1b-it,NVIDIA GeForce RTX 5060 Ti,42,2WikiMultiHopQA,10,16,141,semantic,46.5737,0.0,0.0,0,1,1,29,285,285,42585292800,42585292800,7.372,0.024
google/gemma-3-1b-it,NVIDIA GeForce RTX 5060 Ti,42,2WikiMultiHopQA,10,16,142,multi-hop,48.5303,0.0,0.0,0,1,1,93,349,349,63858802688,63858802688,7.372,0.024
google/gemma-3-1b-it,NVIDIA GeForce RTX 5060 Ti,42,2WikiMultiHopQA,10,16,143,semantic,33.6992,0.0,0.0,0,1,1,73,329,329,56749457408,56749457408,7.372,0.024
google/gemma-3-1b-it,NVIDIA GeForce RTX 5060 Ti,42,2WikiMultiHopQA,10,16,144,multi-hop,0.0,0.0,0.0,1,1,1,118,374,374,73335308288,73335308288,7.372,0.024
google/gemma-3-1b-it,NVIDIA GeForce RTX 5060 Ti,42,2WikiMultiHopQA,10,16,145,multi-hop,35.1158,0.0,0.0,0,1,1,27,283,283,41989701632,41989701632,7.372,0.024
google/gemma-3-1b-it,NVIDIA GeForce RTX 5060 Ti,42,2WikiMultiHopQA,10,16,146,multi-hop,34.7602,0.0,0.0,0,1,1,114,370,370,71775027200,71775027200,7.372,0.024
google/gemma-3-1b-it,NVIDIA GeForce RTX 5060 Ti,42,2WikiMultiHopQA,10,16,147,multi-hop,68.3133,0.0,0.0,0,1,1,128,384,384,77309411328,77309411328,7.372,0.024
google/gemma-3-1b-it,NVIDIA GeForce RTX 5060 Ti,42,2WikiMultiHopQA,10,16,148,multi-hop,43.6002,0.0,0.0,0,1,1,80,336,336,59190018048,59190018048,7.372,0.024
google/gemma-3-1b-it,NVIDIA GeForce RTX 5060 Ti,42,2WikiMultiHopQA,10,16,149,multi-hop,45.9933,57.088,32.971,0,0,0,101,357,357,66819981312,66819981312,7.372,0.024
google/gemma-3-1b-it,NVIDIA GeForce RTX 5060 Ti,42,2WikiMultiHopQA,10,16,150,semantic,91.8599,0.0,0.0,0,1,1,83,339,339,60251701248,60251701248,7.372,0.024
google/gemma-3-1b-it,NVIDIA GeForce RTX 5060 Ti,42,2WikiMultiHopQA,10,16,151,structural,86.6794,73.9592,75.4495,0,0,0,24,280,280,41104179200,41104179200,7.372,0.024
google/gemma-3-1b-it,NVIDIA GeForce RTX 5060 Ti,42,2WikiMultiHopQA,10,16,152,structural,47.7689,0.0,0.0,0,1,1,67,323,323,54698442752,54698442752,7.372,0.024
google/gemma-3-1b-it,NVIDIA GeForce RTX 5060 Ti,42,2WikiMultiHopQA,10,16,153,structural,69.7565,0.0,0.0,0,1,1,85,341,341,60964732928,60964732928,7.372,0.024
google/gemma-3-1b-it,NVIDIA GeForce RTX 5060 Ti,42,2WikiMultiHopQA,10,16,154,multi-hop,0.0,61.5436,100.6927,1,0,0,24,280,280,41104179200,41104179200,7.372,0.024
google/gemma-3-1b-it,NVIDIA GeForce RTX 5060 Ti,42,2WikiMultiHopQA,10,16,155,multi-hop,60.1687,0.0,0.0,0,1,1,4,28,28,411041792,411041792,7.372,0.024
google/gemma-3-1b-it,NVIDIA GeForce RTX 5060 Ti,42,2WikiMultiHopQA,10,16,156,structural,33.9714,0.0,0.0,0,1,1,102,358,358,67194847232,67194847232,7.372,0.024
google/gemma-3-1b-it,NVIDIA GeForce RTX 5060 Ti,42,2WikiMultiHopQA,10,16,157,multi-hop,48.4035,0.0,0.0,0,1,1,105,361,361,68325736448,68325736448,7.372,0.024
google/gemma-3-1b-it,NVIDIA GeForce RTX 5060 Ti,42,2WikiMultiHopQA,10,16,158,multi-hop,48.6349,0.0,0.0,0,1,1,107,363,363,69084905472,69084905472,7.372,0.024
google/gemma-3-1b-it,NVIDIA GeForce RTX 5060 Ti,42,2WikiMultiHopQA,10,16,159,structural,47.8139,48.2278,38.3458,0,0,0,115,371,371,72163524608,72163524608,7.372,0.024
google/gemma-3-1b-it,NVIDIA GeForce RTX 5060 Ti,42,2WikiMultiHopQA,10,16,160,semantic,61.483,0.0,0.0,0,1,1,64,320,320,53687091200,53687091200,7.372,0.024
google/gemma-3-1b-it,NVIDIA GeForce RTX 5060 Ti,42,2WikiMultiHopQA,10,16,161,multi-hop,62.4515,0.0,0.0,0,1,1,63,319,319,53352071168,53352071168,7.372,0.024
google/gemma-3-1b-it,NVIDIA GeForce RTX 5060 Ti,42,2WikiMultiHopQA,10,16,162,multi-hop,38.1452,0.0,0.0,0,1,1,95,351,351,64592805888,64592805888,7.372,0.024
google/gemma-3-1b-it,NVIDIA GeForce RTX 5060 Ti,42,2WikiMultiHopQA,10,16,163,multi-hop,55.4351,72.4749,33.012,0,0,0,105,361,361,68325736448,68325736448,7.372,0.024
google/gemma-3-1b-it,NVIDIA GeForce RTX 5060 Ti,42,2WikiMultiHopQA,10,16,164,semantic,43.0554,0.0,0.0,0,1,1,93,349,349,63858802688,63858802688,7.372,0.024
google/gemma-3-1b-it,NVIDIA GeForce RTX 5060 Ti,42,2WikiMultiHopQA,10,16,165,multi-hop,55.8816,0.0,0.0,0,1,1,87,343,343,61681958912,61681958912,7.372,0.024
google/gemma-3-1b-it,NVIDIA GeForce RTX 5060 Ti,42,2WikiMultiHopQA,10,16,166,multi-hop,47.9568,0.0,0.0,0,1,1,108,364,364,69466062848,69466062848,7.372,0.024
google/gemma-3-1b-it,NVIDIA GeForce RTX 5060 Ti,42,2WikiMultiHopQA,10,16,167,multi-hop,45.2038,0.0,0.0,0,1,1,91,347,347,63128993792,63128993792,7.372,0.024
google/gemma-3-1b-it,NVIDIA GeForce RTX 5060 Ti,42,2WikiMultiHopQA,10,16,168,semantic,45.6902,0.0,0.0,0,1,1,106,362,362,68704796672,68704796672,7.372,0.024
google/gemma-3-1b-it,NVIDIA GeForce RTX 5060 Ti,42,2WikiMultiHopQA,10,16,169,multi-hop,55.0458,48.2843,0.0,0,0,1,80,336,336,59190018048,59190018048,7.372,0.024
google/gemma-3-1b-it,NVIDIA GeForce RTX 5060 Ti,42,2WikiMultiHopQA,10,16,170,multi-hop,42.4429,77.3131,37.1557,0,0,0,2,54,29,1528823808,440926208,7.372,0.024
google/gemma-3-1b-it,NVIDIA GeForce RTX 5060 Ti,42,2WikiMultiHopQA,10,16,171,multi-hop,41.2422,0.0,0.0,0,1,1,149,405,405,85996339200,85996339200,7.372,0.024
google/gemma-3-1b-it,NVIDIA GeForce RTX 5060 Ti,42,2WikiMultiHopQA,10,16,172,structural,46.872,0.0,0.0,0,1,1,95,351,351,64592805888,64592805888,7.372,0.024
google/gemma-3-1b-it,NVIDIA GeForce RTX 5060 Ti,42,2WikiMultiHopQA,10,16,173,multi-hop,39.3161,0.0,0.0,0,1,1,109,365,365,69848268800,69848268800,7.372,0.024
google/gemma-3-1b-it,NVIDIA GeForce RTX 5060 Ti,42,2WikiMultiHopQA,10,16,174,semantic,0.0,0.0,0.0,1,1,1,100,356,356,66446163968,66446163968,7.372,0.024
google/gemma-3-1b-it,NVIDIA GeForce RTX 5060 Ti,42,2WikiMultiHopQA,10,16,175,multi-hop,53.4243,54.0823,44.497,0,0,0,106,362,362,68704796672,68704796672,7.372,0.024
google/gemma-3-1b-it,NVIDIA GeForce RTX 5060 Ti,42,2WikiMultiHopQA,10,16,176,multi-hop,74.5234,0.0,0.0,0,1,1,76,332,332,57789120512,57789120512,7.372,0.024
google/gemma-3-1b-it,NVIDIA GeForce RTX 5060 Ti,42,2WikiMultiHopQA,10,16,177,multi-hop,44.0535,0.0,0.0,0,1,1,139,395,395,81802035200,81802035200,7.372,0.024
google/gemma-3-1b-it,NVIDIA GeForce RTX 5060 Ti,42,2WikiMultiHopQA,10,16,178,structural,48.3738,31.0917,43.8002,0,0,0,117,373,373,72943665152,72943665152,7.372,0.024
google/gemma-3-1b-it,NVIDIA GeForce RTX 5060 Ti,42,2WikiMultiHopQA,10,16,179,structural,61.1462,0.0,0.0,0,1,1,113,369,369,71387578368,71387578368,7.372,0.024
google/gemma-3-1b-it,NVIDIA GeForce RTX 5060 Ti,42,2WikiMultiHopQA,10,16,180,semantic,34.1565,0.0,0.0,0,1,1,3,259,259,35169763328,35169763328,7.372,0.024
google/gemma-3-1b-it,NVIDIA GeForce RTX 5060 Ti,42,2WikiMultiHopQA,10,16,181,structural,0.0,0.0,0.0,1,1,1,76,332,332,57789120512,57789120512,7.372,0.024
google/gemma-3-1b-it,NVIDIA GeForce RTX 5060 Ti,42,2WikiMultiHopQA,10,16,182,multi-hop,81.2841,0.0,0.0,0,1,1,6,262,262,35989225472,35989225472,7.372,0.024
google/gemma-3-1b-it,NVIDIA GeForce RTX 5060 Ti,42,2WikiMultiHopQA,10,16,183,multi-hop,86.7839,0.0,0.0,0,1,1,58,314,314,51692699648,51692699648,7.372,0.024
google/gemma-3-1b-it,NVIDIA GeForce RTX 5060 Ti,42,2WikiMultiHopQA,10,16,184,structural,63.3886,48.0674,28.1693,0,0,0,86,342,342,61322821632,61322821632,7.372,0.024
google/gemma-3-1b-it,NVIDIA GeForce RTX 5060 Ti,42,2WikiMultiHopQA,10,16,185,multi-hop,37.4747,0.0,0.0,0,1,1,12,132,69,9135194112,2496135168,7.372,0.024
google/gemma-3-1b-it,NVIDIA GeForce RTX 5060 Ti,42,2WikiMultiHopQA,10,16,186,semantic,91.7162,0.0,0.0,0,1,1,85,341,341,60964732928,60964732928,7.372,0.024
google/gemma-3-1b-it,NVIDIA GeForce RTX 5060 Ti,42,2WikiMultiHopQA,10,16,187,multi-hop,68.0372,0.0,0.0,0,1,1,113,369,369,71387578368,71387578368,7.372,0.024
google/gemma-3-1b-it,NVIDIA GeForce RTX 5060 Ti,42,2WikiMultiHopQA,10,16,188,multi-hop,80.633,0.0,34.9828,0,1,0,16,272,272,38788923392,38788923392,7.372,0.024
google/gemma-3-1b-it,NVIDIA GeForce RTX 5060 Ti,42,2WikiMultiHopQA,10,16,189,structural,42.161,0.0,0.0,0,1,1,194,450,450,106168320000,106168320000,7.372,0.024
google/gemma-3-1b-it,NVIDIA GeForce RTX 5060 Ti,42,2WikiMultiHopQA,10,16,190,structural,55.0683,90.8546,50.3567,0,0,0,106,362,362,68704796672,68704796672,7.372,0.024
google/gemma-3-1b-it,NVIDIA GeForce RTX 5060 Ti,42,2WikiMultiHopQA,10,16,191,structural,0.0,0.0,0.0,1,1,1,2,143,258,10721165312,34898706432,7.372,0.024
google/gemma-3-1b-it,NVIDIA GeForce RTX 5060 Ti,42,2WikiMultiHopQA,10,16,192,multi-hop,43.5981,0.0,0.0,0,1,1,64,320,320,53687091200,53687091200,7.372,0.024
google/gemma-3-1b-it,NVIDIA GeForce RTX 5060 Ti,42,2WikiMultiHopQA,10,16,193,semantic,62.0922,0.0,0.0,0,1,1,139,395,395,81802035200,81802035200,7.372,0.024
google/gemma-3-1b-it,NVIDIA GeForce RTX 5060 Ti,42,2WikiMultiHopQA,10,16,194,multi-hop,103.8693,36.6498,29.3116,0,0,0,2,28,77,411041792,3108503552,7.372,0.024
google/gemma-3-1b-it,NVIDIA GeForce RTX 5060 Ti,42,2WikiMultiHopQA,10,16,195,multi-hop,62.5948,31.5526,44.2583,0,0,0,111,367,367,70615826432,70615826432,7.372,0.024
google/gemma-3-1b-it,NVIDIA GeForce RTX 5060 Ti,42,2WikiMultiHopQA,10,16,196,multi-hop,43.2768,0.0,0.0,0,1,1,114,370,370,71775027200,71775027200,7.372,0.024
google/gemma-3-1b-it,NVIDIA GeForce RTX 5060 Ti,42,2WikiMultiHopQA,10,16,197,semantic,78.4599,47.493,0.0,0,0,1,35,291,291,44397232128,44397232128,7.372,0.024
google/gemma-3-1b-it,NVIDIA GeForce RTX 5060 Ti,42,2WikiMultiHopQA,10,16,198,semantic,0.0,103.1926,43.7547,1,0,0,139,395,395,81802035200,81802035200,7.372,0.024
google/gemma-3-1b-it,NVIDIA GeForce RTX 5060 Ti,42,2WikiMultiHopQA,10,16,199,semantic,63.9833,0.0,0.0,0,1,1,90,346,346,62765662208,62765662208,7.372,0.024
google/gemma-3-1b-it,NVIDIA GeForce RTX 5060 Ti,42,2WikiMultiHopQA,10,16,200,multi-hop,0.0,69.2844,34.0929,1,0,0,93,349,349,63858802688,63858802688,7.372,0.024
google/gemma-3-1b-it,NVIDIA GeForce RTX 5060 Ti,42,2WikiMultiHopQA,10,16,201,multi-hop,45.0512,0.0,0.0,0,1,1,109,365,365,69848268800,69848268800,7.372,0.024
google/gemma-3-1b-it,NVIDIA GeForce RTX 5060 Ti,42,2WikiMultiHopQA,10,16,202,semantic,70.0111,0.0,38.8989,0,1,0,68,324,324,55037657088,55037657088,7.372,0.024
google/gemma-3-1b-it,NVIDIA GeForce RTX 5060 Ti,42,2WikiMultiHopQA,10,16,203,semantic,62.0929,0.0,0.0,0,1,1,121,377,377,74516529152,74516529152,7.372,0.024
google/gemma-3-1b-it,NVIDIA GeForce RTX 5060 Ti,42,2WikiMultiHopQA,10,16,204,multi-hop,49.5763,86.8396,54.3041,0,0,0,93,349,349,63858802688,63858802688,7.372,0.024
google/gemma-3-1b-it,NVIDIA GeForce RTX 5060 Ti,42,2WikiMultiHopQA,10,16,205,multi-hop,91.4894,0.0,0.0,0,1,1,67,323,323,54698442752,54698442752,7.372,0.024
google/gemma-3-1b-it,NVIDIA GeForce RTX 5060 Ti,42,2WikiMultiHopQA,10,16,206,multi-hop,50.3147,0.0,0.0,0,1,1,113,369,369,71387578368,71387578368,7.372,0.024
google/gemma-3-1b-it,NVIDIA GeForce RTX 5060 Ti,42,2WikiMultiHopQA,10,16,207,multi-hop,47.2814,0.0,0.0,0,1,1,2,29,42,440926208,924844032,7.372,0.024
google/gemma-3-1b-it,NVIDIA GeForce RTX 5060 Ti,42,2WikiMultiHopQA,10,16,208,semantic,67.7709,0.0,0.0,0,1,1,114,370,370,71775027200,71775027200,7.372,0.024
google/gemma-3-1b-it,NVIDIA GeForce RTX 5060 Ti,42,2WikiMultiHopQA,10,16,209,semantic,0.0,0.0,0.0,1,1,1,78,334,334,58487472128,58487472128,7.372,0.024
google/gemma-3-1b-it,NVIDIA GeForce RTX 5060 Ti,42,2WikiMultiHopQA,10,16,210,multi-hop,32.6702,0.0,0.0,0,1,1,101,357,357,66819981312,66819981312,7.372,0.024
google/gemma-3-1b-it,NVIDIA GeForce RTX 5060 Ti,42,2WikiMultiHopQA,10,16,211,multi-hop,61.7057,0.0,0.0,0,1,1,85,341,341,60964732928,60964732928,7.372,0.024
google/gemma-3-1b-it,NVIDIA GeForce RTX 5060 Ti,42,2WikiMultiHopQA,10,16,212,semantic,84.6907,0.0,0.0,0,1,1,95,351,351,64592805888,64592805888,7.372,0.024
google/gemma-3-1b-it,NVIDIA GeForce RTX 5060 Ti,42,2WikiMultiHopQA,10,16,213,structural,42.244,36.5897,72.8635,0,0,0,63,319,319,53352071168,53352071168,7.372,0.024
google/gemma-3-1b-it,NVIDIA GeForce RTX 5060 Ti,42,2WikiMultiHopQA,10,16,214,multi-hop,48.6379,0.0,0.0,0,1,1,16,83,272,3611820032,38788923392,7.372,0.024
google/gemma-3-1b-it,NVIDIA GeForce RTX 5060 Ti,42,2WikiMultiHopQA,10,16,215,multi-hop,101.8022,42.8214,85.8718,0,0,0,35,291,291,44397232128,44397232128,7.372,0.024
google/gemma-3-1b-it,NVIDIA GeForce RTX 5060 Ti,42,2WikiMultiHopQA,10,16,216,multi-hop,42.0729,0.0,0.0,0,1,1,23,279,279,40811102208,40811102208,7.372,0.024
google/gemma-3-1b-it,NVIDIA GeForce RTX 5060 Ti,42,2WikiMultiHopQA,10,16,217,semantic,38.7217,0.0,0.0,0,1,1,70,326,326,55719231488,55719231488,7.372,0.024
google/gemma-3-1b-it,NVIDIA GeForce RTX 5060 Ti,42,2WikiMultiHopQA,10,16,218,semantic,46.24,0.0,0.0,0,1,1,133,389,389,79335784448,79335784448,7.372,0.024
google/gemma-3-1b-it,NVIDIA GeForce RTX 5060 Ti,42,2WikiMultiHopQA,10,16,219,structural,65.9606,54.6677,0.0,0,0,1,52,308,308,49736056832,49736056832,7.372,0.024
google/gemma-3-1b-it,NVIDIA GeForce RTX 5060 Ti,42,2WikiMultiHopQA,10,16,220,multi-hop,51.4975,0.0,0.0,0,1,1,17,273,273,39074660352,39074660352,7.372,0.024
google/gemma-3-1b-it,NVIDIA GeForce RTX 5060 Ti,42,2WikiMultiHopQA,10,16,221,semantic,47.9588,0.0,0.0,0,1,1,101,357,357,66819981312,66819981312,7.372,0.024
google/gemma-3-1b-it,NVIDIA GeForce RTX 5060 Ti,42,2WikiMultiHopQA,10,16,222,structural,58.4562,98.3111,50.9277,0,0,0,100,356,356,66446163968,66446163968,7.372,0.024
google/gemma-3-1b-it,NVIDIA GeForce RTX 5060 Ti,42,2WikiMultiHopQA,10,16,223,multi-hop,54.2735,0.0,0.0,0,1,1,48,304,304,48452599808,48452599808,7.372,0.024
google/gemma-3-1b-it,NVIDIA GeForce RTX 5060 Ti,42,2WikiMultiHopQA,10,16,224,multi-hop,40.0784,65.2726,0.0,0,0,1,114,370,370,71775027200,71775027200,7.372,0.024
google/gemma-3-1b-it,NVIDIA GeForce RTX 5060 Ti,42,2WikiMultiHopQA,10,16,225,structural,54.2171,0.0,0.0,0,1,1,85,341,341,60964732928,60964732928,7.372,0.024
google/gemma-3-1b-it,NVIDIA GeForce RTX 5060 Ti,42,2WikiMultiHopQA,10,16,226,semantic,36.2198,0.0,57.4404,0,1,0,120,376,376,74121740288,74121740288,7.372,0.024
google/gemma-3-1b-it,NVIDIA GeForce RTX 5060 Ti,42,2WikiMultiHopQA,10,16,227,semantic,0.0,0.0,0.0,1,1,1,83,339,339,60251701248,60251701248,7.372,0.024
google/gemma-3-1b-it,NVIDIA GeForce RTX 5060 Ti,42,2WikiMultiHopQA,10,16,228,structural,82.0228,58.4681,54.8717,0,0,0,42,298,298,46558871552,46558871552,7.372,0.024
google/gemma-3-1b-it,NVIDIA GeForce RTX 5060 Ti,42,2WikiMultiHopQA,10,16,229,multi-hop,47.4373,0.0,0.0,0,1,1,40,296,296,45936017408,45936017408,7.372,0.024
google/gemma-3-1b-it,NVIDIA GeForce RTX 5060 Ti,42,2WikiMultiHopQA,10,16,230,structural,69.3238,42.1071,0.0,0,0,1,77,333,333,58137772032,58137772032,7.372,0.024
google/gemma-3-1b-it,NVIDIA GeForce RTX 5060 Ti,42,2WikiMultiHopQA,10,16,231,semantic,50.6512,0.0,0.0,0,1,1,102,358,358,67194847232,67194847232,7.372,0.024
google/gemma-3-1b-it,NVIDIA GeForce RTX 5060 Ti,42,2WikiMultiHopQA,10,16,232,structural,35.8922,58.2071,44.5462,0,0,0,3,46,29,1109393408,440926208,7.372,0.024
google/gemma-3-1b-it,NVIDIA GeForce RTX 5060 Ti,42,2WikiMultiHopQA,10,16,233,structural,64.9783,0.0,0.0,0,1,1,95,351,351,64592805888,64592805888,7.372,0.024
google/gemma-3-1b-it,NVIDIA GeForce RTX 5060 Ti,42,2WikiMultiHopQA,10,16,234,semantic,39.2549,0.0,0.0,0,1,1,2,28,28,411041792,411041792,7.372,0.024
google/gemma-3-1b-it,NVIDIA GeForce RTX 5060 Ti,42,2WikiMultiHopQA,10,16,235,multi-hop,0.0,0.0,0.0,1,1,1,83,339,339,60251701248,60251701248,7.372,0.024
google/gemma-3-1b-it,NVIDIA GeForce RTX 5060 Ti,42,2WikiMultiHopQA,10,16,236,multi-hop,43.5126,0.0,0.0,0,1,1,140,396,396,82216747008,82216747008,7.372,0.024
google/gemma-3-1b-it,NVIDIA GeForce RTX 5060 Ti,42,2WikiMultiHopQA,10,16,237,structural,41.7062,0.0,0.0,0,1,1,100,356,356,66446163968,66446163968,7.372,0.024
google/gemma-3-1b-it,NVIDIA GeForce RTX 5060 Ti,42,2WikiMultiHopQA,10,16,238,multi-hop,51.8244,70.7969,43.5389,0,0,0,53,309,309,50059542528,50059542528,7.372,0.024
google/gemma-3-1b-it,NVIDIA GeForce RTX 5060 Ti,42,2WikiMultiHopQA,10,16,239,structural,72.4743,67.9064,0.0,0,0,1,80,336,336,59190018048,59190018048,7.372,0.024
google/gemma-3-1b-it,NVIDIA GeForce RTX 5060 Ti,42,2WikiMultiHopQA,10,16,240,multi-hop,46.9119,0.0,0.0,0,1,1,20,276,276,39938162688,39938162688,7.372,0.024
google/gemma-3-1b-it,NVIDIA GeForce RTX 5060 Ti,42,2WikiMultiHopQA,10,16,241,multi-hop,43.5717,0.0,0.0,0,1,1,107,363,363,69084905472,69084905472,7.372,0.024
google/gemma-3-1b-it,NVIDIA GeForce RTX 5060 Ti,42,2WikiMultiHopQA,10,16,242,multi-hop,43.1018,37.8394,71.1089,0,0,0,146,402,402,84727037952,84727037952,7.372,0.024
google/gemma-3-1b-it,NVIDIA GeForce RTX 5060 Ti,42,2WikiMultiHopQA,10,16,243,multi-hop,38.2233,38.2975,0.0,0,0,1,6,262,262,35989225472,35989225472,7.372,0.024
google/gemma-3-1b-it,NVIDIA GeForce RTX 5060 Ti,42,2WikiMultiHopQA,10,16,244,semantic,46.3714,0.0,0.0,0,1,1,78,334,334,58487472128,58487472128,7.372,0.024
google/gemma-3-1b-it,NVIDIA GeForce RTX 5060 Ti,42,2WikiMultiHopQA,10,16,245,multi-hop,64.1403,37.5994,61.391,0,0,0,155,411,411,88563253248,88563253248,7.372,0.024
google/gemma-3-1b-it,NVIDIA GeForce RTX 5060 Ti,42,2WikiMultiHopQA,10,16,246,structural,93.8989,83.3148,76.6935,0,0,0,135,391,391,80153673728,80153673728,7.372,0.024
google/gemma-3-1b-it,NVIDIA GeForce RTX 5060 Ti,42,2WikiMultiHopQA,10,16,247,structural,42.124,0.0,0.0,0,1,1,13,269,269,37938003968,37938003968,7.372,0.024
google/gemma-3-1b-it,NVIDIA GeForce RTX 5060 Ti,42,2WikiMultiHopQA,10,16,248,semantic,116.9993,0.0,0.0,0,1,1,138,394,394,81388371968,81388371968,7.372,0.024
google/gemma-3-1b-it,NVIDIA GeForce RTX 5060 Ti,42,2WikiMultiHopQA,10,16,249,multi-hop,38.5732,0.0,74.9235,0,1,0,103,359,359,67570761728,67570761728,7.372,0.024
google/gemma-3-1b-it,NVIDIA GeForce RTX 5060 Ti,42,2WikiMultiHopQA,10,16,250,semantic,60.6066,0.0,0.0,0,1,1,122,378,378,74912366592,74912366592,7.372,0.024
google/gemma-3-1b-it,NVIDIA GeForce RTX 5060 Ti,42,2WikiMultiHopQA,10,16,251,multi-hop,60.0762,94.7493,42.0975,0,0,0,48,304,304,48452599808,48452599808,7.372,0.024
google/gemma-3-1b-it,NVIDIA GeForce RTX 5060 Ti,42,2WikiMultiHopQA,10,16,252,multi-hop,0.0,0.0,31.6208,1,1,0,35,291,291,44397232128,44397232128,7.372,0.024
google/gemma-3-1b-it,NVIDIA GeForce RTX 5060 Ti,42,2WikiMultiHopQA,10,16,253,multi-hop,55.0723,0.0,0.0,0,1,1,113,369,369,71387578368,71387578368,7.372,0.024
google/gemma-3-1b-it,NVIDIA GeForce RTX 5060 Ti,42,2WikiMultiHopQA,10,16,254,multi-hop,41.7465,71.0608,36.6204,0,0,0,4,260,260,35441868800,35441868800,7.372,0.024
google/gemma-3-1b-it,NVIDIA GeForce RTX 5060 Ti,42,2WikiMultiHopQA,10,16,255,multi-hop,53.873,56.3358,39.9424,0,0,0,122,378,378,74912366592,74912366592,7.372,0.024
google/gemma-3-1b-it,NVIDIA GeForce RTX 5060 Ti,42,2WikiMultiHopQA,10,16,256,multi-hop,74.9807,98.4341,40.6603,0,0,0,46,302,302,47817162752,47817162752,7.372,0.024
google/gemma-3-1b-it,NVIDIA GeForce RTX 5060 Ti,42,2WikiMultiHopQA,10,16,257,semantic,65.4435,0.0,0.0,0,1,1,79,335,335,58838220800,58838220800,7.372,0.024
google/gemma-3-1b-it,NVIDIA GeForce RTX 5060 Ti,42,2WikiMultiHopQA,10,16,258,multi-hop,35.7578,0.0,0.0,0,1,1,48,304,304,48452599808,48452599808,7.372,0.024
google/gemma-3-1b-it,NVIDIA GeForce RTX 5060 Ti,42,2WikiMultiHopQA,10,16,259,multi-hop,73.61,0.0,0.0,0,1,1,2,143,139,10721165312,10129768448,7.372,0.024
google/gemma-3-1b-it,NVIDIA GeForce RTX 5060 Ti,42,2WikiMultiHopQA,10,16,260,structural,37.8549,42.7498,47.8971,0,0,0,12,132,69,9135194112,2496135168,7.372,0.024
google/gemma-3-1b-it,NVIDIA GeForce RTX 5060 Ti,42,2WikiMultiHopQA,10,16,261,semantic,56.2106,0.0,75.1816,0,1,0,12,268,268,37656461312,37656461312,7.372,0.024
google/gemma-3-1b-it,NVIDIA GeForce RTX 5060 Ti,42,2WikiMultiHopQA,10,16,262,multi-hop,49.1132,30.4438,31.4771,0,0,0,119,375,375,73728000000,73728000000,7.372,0.024
google/gemma-3-1b-it,NVIDIA GeForce RTX 5060 Ti,42,2WikiMultiHopQA,10,16,263,semantic,42.7403,0.0,0.0,0,1,1,135,391,391,80153673728,80153673728,7.372,0.024
google/gemma-3-1b-it,NVIDIA GeForce RTX 5060 Ti,42,2WikiMultiHopQA,10,16,264,semantic,32.9004,0.0,0.0,0,1,1,96,352,352,64961380352,64961380352,7.372,0.024
google/gemma-3-1b-it,NVIDIA GeForce RTX 5060 Ti,42,2WikiMultiHopQA,10,16,265,semantic,85.5245,0.0,0.0,0,1,1,59,315,315,52022476800,52022476800,7.372,0.024
google/gemma-3-1b-it,NVIDIA GeForce RTX 5060 Ti,42,2WikiMultiHopQA,10,16,266,semantic,0.0,0.0,0.0,1,1,1,209,465,465,113364172800,113364172800,7.372,0.024
google/gemma-3-1b-it,NVIDIA GeForce RTX 5060 Ti,42,2WikiMultiHopQA,10,16,267,structural,66.6886,74.6272,0.0,0,0,1,32,288,288,43486543872,43486543872,7.372,0.024
google/gemma-3-1b-it,NVIDIA GeForce RTX 5060 Ti,42,2WikiMultiHopQA,10,16,268,structural,42.8184,71.8369,30.8339,0,0,0,111,367,367,70615826432,70615826432,7.372,0.024
google/gemma-3-1b-it,NVIDIA GeForce RTX 5060 Ti,42,2WikiMultiHopQA,10,16,269,semantic,75.6531,0.0,0.0,0,1,1,64,320,320,53687091200,53687091200,7.372,0.024
google/gemma-3-1b-it,NVIDIA GeForce RTX 5060 Ti,42,2WikiMultiHopQA,10,16,270,multi-hop,58.3051,0.0,0.0,0,1,1,119,375,375,73728000000,73728000000,7.372,0.024
google/gemma-3-1b-it,NVIDIA GeForce RTX 5060 Ti,42,2WikiMultiHopQA,10,16,271,multi-hop,50.8347,0.0,32.3978,0,1,0,28,284,284,42286972928,42286972928,7.372,0.024
google/gemma-3-1b-it,NVIDIA GeForce RTX 5060 Ti,42,2WikiMultiHopQA,10,16,272,semantic,51.0515,0.0,46.4451,0,1,0,20,276,276,39938162688,39938162688,7.372,0.024
google/gemma-3-1b-it,NVIDIA GeForce RTX 5060 Ti,42,2WikiMultiHopQA,10,16,273,multi-hop,132.4517,71.3737,0.0,0,0,1,22,278,278,40519073792,40519073792,7.372,0.024
google/gemma-3-1b-it,NVIDIA GeForce RTX 5060 Ti,42,2WikiMultiHopQA,10,16,274,multi-hop,42.2911,0.0,0.0,0,1,1,112,368,368,71001178112,71001178112,7.372,0.024
google/gemma-3-1b-it,NVIDIA GeForce RTX 5060 Ti,42,2WikiMultiHopQA,10,16,275,multi-hop,38.0062,0.0,36.804,0,1,0,80,336,336,59190018048,59190018048,7.372,0.024
google/gemma-3-1b-it,NVIDIA GeForce RTX 5060 Ti,42,2WikiMultiHopQA,10,16,276,multi-hop,83.3346,0.0,0.0,0,1,1,36,292,292,44702892032,44702892032,7.372,0.024
google/gemma-3-1b-it,NVIDIA GeForce RTX 5060 Ti,42,2WikiMultiHopQA,10,16,277,structural,88.2303,68.6589,86.275,0,0,0,25,281,281,41398304768,41398304768,7.372,0.024
google/gemma-3-1b-it,NVIDIA GeForce RTX 5060 Ti,42,2WikiMultiHopQA,10,16,278,multi-hop,37.0594,39.6956,0.0,0,0,1,81,337,337,59542863872,59542863872,7.372,0.024
google/gemma-3-1b-it,NVIDIA GeForce RTX 5060 Ti,42,2WikiMultiHopQA,10,16,279,structural,66.4488,56.3349,73.1023,0,0,0,145,401,401,84306034688,84306034688,7.372,0.024
google/gemma-3-1b-it,NVIDIA GeForce RTX 5060 Ti,42,2WikiMultiHopQA,10,16,280,multi-hop,39.6363,43.6826,36.618,0,0,0,57,313,313,51363971072,51363971072,7.372,0.024
google/gemma-3-1b-it,NVIDIA GeForce RTX 5060 Ti,42,2WikiMultiHopQA,10,16,281,semantic,49.6334,0.0,0.0,0,1,1,105,361,361,68325736448,68325736448,7.372,0.024
google/gemma-3-1b-it,NVIDIA GeForce RTX 5060 Ti,42,2WikiMultiHopQA,10,16,282,semantic,60.2925,0.0,0.0,0,1,1,36,292,292,44702892032,44702892032,7.372,0.024
google/gemma-3-1b-it,NVIDIA GeForce RTX 5060 Ti,42,2WikiMultiHopQA,10,16,283,structural,44.7781,32.1936,71.1263,0,0,0,29,285,285,42585292800,42585292800,7.372,0.024
google/gemma-3-1b-it,NVIDIA GeForce RTX 5060 Ti,42,2WikiMultiHopQA,10,16,284,multi-hop,34.1931,0.0,0.0,0,1,1,118,374,374,73335308288,73335308288,7.372,0.024
google/gemma-3-1b-it,NVIDIA GeForce RTX 5060 Ti,42,2WikiMultiHopQA,10,16,285,structural,47.2321,0.0,0.0,0,1,1,34,290,290,44092620800,44092620800,7.372,0.024
google/gemma-3-1b-it,NVIDIA GeForce RTX 5060 Ti,42,2WikiMultiHopQA,10,16,286,multi-hop,38.3805,0.0,51.2252,0,1,0,100,356,356,66446163968,66446163968,7.372,0.024
google/gemma-3-1b-it,NVIDIA GeForce RTX 5060 Ti,42,2WikiMultiHopQA,10,16,287,structural,48.3396,0.0,0.0,0,1,1,98,354,354,65701675008,65701675008,7.372,0.024
google/gemma-3-1b-it,NVIDIA GeForce RTX 5060 Ti,42,2WikiMultiHopQA,10,16,288,multi-hop,55.6342,0.0,0.0,0,1,1,115,371,371,72163524608,72163524608,7.372,0.024
google/gemma-3-1b-it,NVIDIA GeForce RTX 5060 Ti,42,2WikiMultiHopQA,10,16,289,multi-hop,26.7635,0.0,0.0,0,1,1,105,361,361,68325736448,68325736448,7.372,0.024
google/gemma-3-1b-it,NVIDIA GeForce RTX 5060 Ti,42,2WikiMultiHopQA,10,16,290,semantic,38.2231,0.0,0.0,0,1,1,105,361,361,68325736448,68325736448,7.372,0.024
google/gemma-3-1b-it,NVIDIA GeForce RTX 5060 Ti,42,2WikiMultiHopQA,10,16,291,multi-hop,57.162,90.4264,77.3062,0,0,0,100,356,356,66446163968,66446163968,7.372,0.024
google/gemma-3-1b-it,NVIDIA GeForce RTX 5060 Ti,42,2WikiMultiHopQA,10,16,292,multi-hop,41.3958,0.0,41.9519,0,1,0,20,276,276,39938162688,39938162688,7.372,0.024
google/gemma-3-1b-it,NVIDIA GeForce RTX 5060 Ti,42,2WikiMultiHopQA,10,16,293,multi-hop,52.9913,49.8234,63.3817,0,0,0,24,280,280,41104179200,41104179200,7.372,0.024
google/gemma-3-1b-it,NVIDIA GeForce RTX 5060 Ti,42,2WikiMultiHopQA,10,16,294,multi-hop,39.4,37.215,35.2106,0,0,0,51,307,307,49413619712,49413619712,7.372,0.024
google/gemma-3-1b-it,NVIDIA GeForce RTX 5060 Ti,42,2WikiMultiHopQA,10,16,295,semantic,59.555,0.0,0.0,0,1,1,146,402,402,84727037952,84727037952,7.372,0.024
google/gemma-3-1b-it,NVIDIA GeForce RTX 5060 Ti,42,2WikiMultiHopQA,10,16,296,multi-hop,61.2481,42.3361,69.767,0,0,0,124,380,380,75707187200,75707187200,7.372,0.024
google/gemma-3-1b-it,NVIDIA GeForce RTX 5060 Ti,42,2WikiMultiHopQA,10,16,297,multi-hop,33.6839,0.0,0.0,0,1,1,78,334,334,58487472128,58487472128,7.372,0.024
google/gemma-3-1b-it,NVIDIA GeForce RTX 5060 Ti,42,2WikiMultiHopQA,10,16,298,structural,40.9625,65.9521,0.0,0,0,1,5,91,45,4341628928,1061683200,7.372,0.024
google/gemma-3-1b-it,NVIDIA GeForce RTX 5060 Ti,42,2WikiMultiHopQA,10,16,299,semantic,57.7174,0.0,0.0,0,1,1,123,379,379,75309252608,75309252608,7.372,0.024
google/gemma-3-1b-it,NVIDIA GeForce RTX 5060 Ti,42,2WikiMultiHopQA,10,16,300,multi-hop,35.3024,0.0,0.0,0,1,1,121,377,377,74516529152,74516529152,7.372,0.024
google/gemma-3-1b-it,NVIDIA GeForce RTX 5060 Ti,42,2WikiMultiHopQA,10,16,301,multi-hop,62.4086,0.0,0.0,0,1,1,103,359,359,67570761728,67570761728,7.372,0.024
google/gemma-3-1b-it,NVIDIA GeForce RTX 5060 Ti,42,2WikiMultiHopQA,10,16,302,structural,32.853,0.0,0.0,0,1,1,118,374,374,73335308288,73335308288,7.372,0.024
google/gemma-3-1b-it,NVIDIA GeForce RTX 5060 Ti,42,2WikiMultiHopQA,10,16,303,semantic,0.0,0.0,0.0,1,1,1,110,366,366,70231523328,70231523328,7.372,0.024
google/gemma-3-1b-it,NVIDIA GeForce RTX 5060 Ti,42,2WikiMultiHopQA,10,16,304,multi-hop,47.8999,0.0,0.0,0,1,1,50,306,306,49092231168,49092231168,7.372,0.024
google/gemma-3-1b-it,NVIDIA GeForce RTX 5060 Ti,42,2WikiMultiHopQA,10,16,305,multi-hop,68.8755,0.0,0.0,0,1,1,46,302,302,47817162752,47817162752,7.372,0.024
google/gemma-3-1b-it,NVIDIA GeForce RTX 5060 Ti,42,2WikiMultiHopQA,10,16,306,semantic,49.533,0.0,0.0,0,1,1,119,375,375,73728000000,73728000000,7.372,0.024
google/gemma-3-1b-it,NVIDIA GeForce RTX 5060 Ti,42,2WikiMultiHopQA,10,16,307,semantic,73.1208,0.0,0.0,0,1,1,2,29,42,440926208,924844032,7.372,0.024
google/gemma-3-1b-it,NVIDIA GeForce RTX 5060 Ti,42,2WikiMultiHopQA,10,16,308,multi-hop,36.9997,0.0,0.0,0,1,1,107,363,363,69084905472,69084905472,7.372,0.024
google/gemma-3-1b-it,NVIDIA GeForce RTX 5060 Ti,42,2WikiMultiHopQA,10,16,309,multi-hop,31.4899,0.0,0.0,0,1,1,114,370,370,71775027200,71775027200,7.372,0.024
google/gemma-3-1b-it,NVIDIA GeForce RTX 5060 Ti,42,2WikiMultiHopQA,10,16,310,structural,68.8339,0.0,0.0,0,1,1,80,336,336,59190018048,59190018048,7.372,0.024
google/gemma-3-1b-it,NVIDIA GeForce RTX 5060 Ti,42,2WikiMultiHopQA,10,16,311,multi-hop,42.6335,0.0,0.0,0,1,1,122,378,378,74912366592,74912366592,7.372,0.024
google/gemma-3-1b-it,NVIDIA GeForce RTX 5060 Ti,42,2WikiMultiHopQA,10,16,312,multi-hop,59.3993,0.0,0.0,0,1,1,90,346,346,62765662208,62765662208,7.372,0.024
google/gemma-3-1b-it,NVIDIA GeForce RTX 5060 Ti,42,2WikiMultiHopQA,10,16,313,structural,42.3526,46.7471,60.0442,0,0,0,3,27,27,382205952,382205952,7.372,0.024
google/gemma-3-1b-it,NVIDIA GeForce RTX 5060 Ti,42,2WikiMultiHopQA,10,16,314,structural,36.1352,36.3091,56.0086,0,0,0,16,83,272,3611820032,38788923392,7.372,0.024
google/gemma-3-1b-it,NVIDIA GeForce RTX 5060 Ti,42,2WikiMultiHopQA,10,16,315,multi-hop,54.7634,107.846,66.5789,0,0,0,155,411,411,88563253248,88563253248,7.372,0.024
google/gemma-3-1b-it,NVIDIA GeForce RTX 5060 Ti,42,2WikiMultiHopQA,10,16,316,semantic,34.9162,0.0,0.0,0,1,1,74,330,330,57094963200,57094963200,7.372,0.024
google/gemma-3-1b-it,NVIDIA GeForce RTX 5060 Ti,42,2WikiMultiHopQA,10,16,317,multi-hop,60.0771,0.0,0.0,0,1,1,46,302,302,47817162752,47817162752,7.372,0.024
google/gemma-3-1b-it,NVIDIA GeForce RTX 5060 Ti,42,2WikiMultiHopQA,10,16,318,multi-hop,56.42,0.0,0.0,0,1,1,4,260,260,35441868800,35441868800,7.372,0.024
google/gemma-3-1b-it,NVIDIA GeForce RTX 5060 Ti,42,2WikiMultiHopQA,10,16,319,semantic,92.0758,69.9331,62.8324,0,0,0,105,361,361,68325736448,68325736448,7.372,0.024
google/gemma-3-1b-it,NVIDIA GeForce RTX 5060 Ti,42,2WikiMultiHopQA,10,16,320,multi-hop,47.5742,0.0,0.0,0,1,1,102,358,358,67194847232,67194847232,7.372,0.024
google/gemma-3-1b-it,NVIDIA GeForce RTX 5060 Ti,42,2WikiMultiHopQA,10,16,321,multi-hop,38.1917,0.0,0.0,0,1,1,99,355,355,66073395200,66073395200,7.372,0.024
google/gemma-3-1b-it,NVIDIA GeForce RTX 5060 Ti,42,2WikiMultiHopQA,10,16,322,multi-hop,73.4551,0.0,0.0,0,1,1,122,378,378,74912366592,74912366592,7.372,0.024
google/gemma-3-1b-it,NVIDIA GeForce RTX 5060 Ti,42,2WikiMultiHopQA,10,16,323,structural,0.0,48.0833,0.0,1,0,1,110,366,366,70231523328,70231523328,7.372,0.024
google/gemma-3-1b-it,NVIDIA GeForce RTX 5060 Ti,42,2WikiMultiHopQA,10,16,324,semantic,67.4551,0.0,0.0,0,1,1,136,392,392,80564191232,80564191232,7.372,0.024
google/gemma-3-1b-it,NVIDIA GeForce RTX 5060 Ti,42,2WikiMultiHopQA,10,16,325,semantic,60.577,0.0,0.0,0,1,1,138,394,394,81388371968,81388371968,7.372,0.024
google/gemma-3-1b-it,NVIDIA GeForce RTX 5060 Ti,42,2WikiMultiHopQA,10,16,326,multi-hop,35.0967,31.7088,109.2498,0,0,0,139,395,395,81802035200,81802035200,7.372,0.024
google/gemma-3-1b-it,NVIDIA GeForce RTX 5060 Ti,42,2WikiMultiHopQA,10,16,327,structural,58.2887,60.3953,91.7465,0,0,0,93,349,349,63858802688,63858802688,7.372,0.024
google/gemma-3-1b-it,NVIDIA GeForce RTX 5060 Ti,42,2WikiMultiHopQA,10,16,328,multi-hop,28.8576,0.0,54.545,0,1,0,33,289,289,43789058048,43789058048,7.372,0.024
google/gemma-3-1b-it,NVIDIA GeForce RTX 5060 Ti,42,2WikiMultiHopQA,10,16,329,multi-hop,42.9944,0.0,0.0,0,1,1,114,370,370,71775027200,71775027200,7.372,0.024
google/gemma-3-1b-it,NVIDIA GeForce RTX 5060 Ti,42,2WikiMultiHopQA,10,16,330,structural,51.8592,106.9835,56.3865,0,0,0,2,246,258,31727812608,34898706432,7.372,0.024
google/gemma-3-1b-it,NVIDIA GeForce RTX 5060 Ti,42,2WikiMultiHopQA,10,16,331,multi-hop,55.2121,0.0,0.0,0,1,1,209,465,465,113364172800,113364172800,7.372,0.024
google/gemma-3-1b-it,NVIDIA GeForce RTX 5060 Ti,42,2WikiMultiHopQA,10,16,332,multi-hop,45.8824,72.935,0.0,0,0,1,29,285,285,42585292800,42585292800,7.372,0.024
google/gemma-3-1b-it,NVIDIA GeForce RTX 5060 Ti,42,2WikiMultiHopQA,10,16,333,semantic,61.964,0.0,57.8567,0,1,0,80,336,336,59190018048,59190018048,7.372,0.024
google/gemma-3-1b-it,NVIDIA GeForce RTX 5060 Ti,42,2WikiMultiHopQA,10,16,334,semantic,50.7017,0.0,0.0,0,1,1,103,359,359,67570761728,67570761728,7.372,0.024
google/gemma-3-1b-it,NVIDIA GeForce RTX 5060 Ti,42,2WikiMultiHopQA,10,16,335,multi-hop,71.1231,0.0,0.0,0,1,1,22,278,278,40519073792,40519073792,7.372,0.024
google/gemma-3-1b-it,NVIDIA GeForce RTX 5060 Ti,42,2WikiMultiHopQA,10,16,336,multi-hop,33.0652,0.0,0.0,0,1,1,95,351,351,64592805888,64592805888,7.372,0.024
google/gemma-3-1b-it,NVIDIA GeForce RTX 5060 Ti,42,2WikiMultiHopQA,10,16,337,structural,41.2055,35.6868,0.0,0,0,1,38,294,294,45317357568,45317357568,7.372,0.024
google/gemma-3-1b-it,NVIDIA GeForce RTX 5060 Ti,42,2WikiMultiHopQA,10,16,338,multi-hop,40.4595,0.0,0.0,0,1,1,2,28,28,411041792,411041792,7.372,0.024
google/gemma-3-1b-it,NVIDIA GeForce RTX 5060 Ti,42,2WikiMultiHopQA,10,16,339,multi-hop,50.0541,0.0,0.0,0,1,1,91,347,347,63128993792,63128993792,7.372,0.024
google/gemma-3-1b-it,NVIDIA GeForce RTX 5060 Ti,42,2WikiMultiHopQA,10,16,340,semantic,42.426,0.0,0.0,0,1,1,32,288,288,43486543872,43486543872,7.372,0.024
google/gemma-3-1b-it,NVIDIA GeForce RTX 5060 Ti,42,2WikiMultiHopQA,10,16,341,semantic,56.4378,0.0,0.0,0,1,1,48,304,304,48452599808,48452599808,7.372,0.024
google/gemma-3-1b-it,NVIDIA GeForce RTX 5060 Ti,42,2WikiMultiHopQA,10,16,342,multi-hop,0.0,0.0,0.0,1,1,1,2,28,28,411041792,411041792,7.372,0.024
google/gemma-3-1b-it,NVIDIA GeForce RTX 5060 Ti,42,2WikiMultiHopQA,10,16,343,structural,42.477,51.2042,38.0943,0,0,0,3,27,27,382205952,382205952,7.372,0.024
google/gemma-3-1b-it,NVIDIA GeForce RTX 5060 Ti,42,2WikiMultiHopQA,10,16,344,multi-hop,90.2368,0.0,0.0,0,1,1,105,361,361,68325736448,68325736448,7.372,0.024
google/gemma-3-1b-it,NVIDIA GeForce RTX 5060 Ti,42,2WikiMultiHopQA,10,16,345,semantic,100.4575,0.0,0.0,0,1,1,121,377,377,74516529152,74516529152,7.372,0.024
google/gemma-3-1b-it,NVIDIA GeForce RTX 5060 Ti,42,2WikiMultiHopQA,10,16,346,semantic,45.7381,0.0,0.0,0,1,1,5,74,44,2871001088,1015021568,7.372,0.024
google/gemma-3-1b-it,NVIDIA GeForce RTX 5060 Ti,42,2WikiMultiHopQA,10,16,347,structural,54.1122,91.8813,34.369,0,0,0,72,328,328,56405000192,56405000192,7.372,0.024
google/gemma-3-1b-it,NVIDIA GeForce RTX 5060 Ti,42,2WikiMultiHopQA,10,16,348,structural,32.126,0.0,0.0,0,1,1,100,356,356,66446163968,66446163968,7.372,0.024
google/gemma-3-1b-it,NVIDIA GeForce RTX 5060 Ti,42,2WikiMultiHopQA,10,16,349,semantic,0.0,0.0,0.0,1,1,1,5,74,44,2871001088,1015021568,7.372,0.024
google/gemma-3-1b-it,NVIDIA GeForce RTX 5060 Ti,42,2WikiMultiHopQA,10,16,350,semantic,42.467,0.0,0.0,0,1,1,132,388,388,78928412672,78928412672,7.372,0.024
google/gemma-3-1b-it,NVIDIA GeForce RTX 5060 Ti,42,2WikiMultiHopQA,10,16,351,multi-hop,51.4241,50.4048,59.4547,0,0,0,58,314,314,51692699648,51692699648,7.372,0.024
google/gemma-3-1b-it,NVIDIA GeForce RTX 5060 Ti,42,2WikiMultiHopQA,10,16,352,structural,48.7343,48.7057,48.4113,0,0,0,2,143,258,10721165312,34898706432,7.372,0.024
google/gemma-3-1b-it,NVIDIA GeForce RTX 5060 Ti,42,2WikiMultiHopQA,10,16,353,semantic,44.5768,0.0,0.0,0,1,1,101,357,357,66819981312,66819981312,7.372,0.024
google/gemma-3-1b-it,NVIDIA GeForce RTX 5060 Ti,42,2WikiMultiHopQA,10,16,354,semantic,0.0,0.0,0.0,1,1,1,122,378,378,74912366592,74912366592,7.372,0.024
google/gemma-3-1b-it,NVIDIA GeForce RTX 5060 Ti,42,2WikiMultiHopQA,10,16,355,semantic,73.6147,0.0,0.0,0,1,1,3,28,29,411041792,440926208,7.372,0.024
google/gemma-3-1b-it,NVIDIA GeForce RTX 5060 Ti,42,2WikiMultiHopQA,10,16,356,multi-hop,56.7652,0.0,0.0,0,1,1,95,351,351,64592805888,64592805888,7.372,0.024
google/gemma-3-1b-it,NVIDIA GeForce RTX 5060 Ti,42,2WikiMultiHopQA,10,16,357,structural,67.5664,0.0,0.0,0,1,1,141,397,397,82632507392,82632507392,7.372,0.024
google/gemma-3-1b-it,NVIDIA GeForce RTX 5060 Ti,42,2WikiMultiHopQA,10,16,358,multi-hop,62.7701,45.1522,43.7712,0,0,0,98,354,354,65701675008,65701675008,7.372,0.024
google/gemma-3-1b-it,NVIDIA GeForce RTX 5060 Ti,42,2WikiMultiHopQA,10,16,359,structural,111.8862,35.6393,35.5146,0,0,0,3,27,27,382205952,382205952,7.372,0.024
google/gemma-3-1b-it,NVIDIA GeForce RTX 5060 Ti,42,2WikiMultiHopQA,10,16,360,structural,50.6301,54.4543,52.4118,0,0,0,59,315,315,52022476800,52022476800,7.372,0.024
google/gemma-3-1b-it,NVIDIA GeForce RTX 5060 Ti,42,2WikiMultiHopQA,10,16,361,semantic,38.2425,0.0,0.0,0,1,1,78,334,334,58487472128,58487472128,7.372,0.024
google/gemma-3-1b-it,NVIDIA GeForce RTX 5060 Ti,42,2WikiMultiHopQA,10,16,362,multi-hop,65.3737,35.355,50.3264,0,0,0,114,370,370,71775027200,71775027200,7.372,0.024
google/gemma-3-1b-it,NVIDIA GeForce RTX 5060 Ti,42,2WikiMultiHopQA,10,16,363,structural,42.3796,90.6483,50.8482,0,0,0,84,340,340,60607692800,60607692800,7.372,0.024
google/gemma-3-1b-it,NVIDIA GeForce RTX 5060 Ti,42,2WikiMultiHopQA,10,16,364,semantic,46.4261,0.0,0.0,0,1,1,91,347,347,63128993792,63128993792,7.372,0.024
google/gemma-3-1b-it,NVIDIA GeForce RTX 5060 Ti,42,2WikiMultiHopQA,10,16,365,semantic,49.9176,0.0,0.0,0,1,1,109,365,365,69848268800,69848268800,7.372,0.024
google/gemma-3-1b-it,NVIDIA GeForce RTX 5060 Ti,42,2WikiMultiHopQA,10,16,366,multi-hop,32.7622,0.0,0.0,0,1,1,110,366,366,70231523328,70231523328,7.372,0.024
google/gemma-3-1b-it,NVIDIA GeForce RTX 5060 Ti,42,2WikiMultiHopQA,10,16,367,semantic,32.1884,0.0,0.0,0,1,1,86,342,342,61322821632,61322821632,7.372,0.024
google/gemma-3-1b-it,NVIDIA GeForce RTX 5060 Ti,42,2WikiMultiHopQA,10,16,368,semantic,90.7183,0.0,27.0183,0,1,0,7,263,263,36264476672,36264476672,7.372,0.024
google/gemma-3-1b-it,NVIDIA GeForce RTX 5060 Ti,42,2WikiMultiHopQA,10,16,369,semantic,43.3707,0.0,0.0,0,1,1,103,359,359,67570761728,67570761728,7.372,0.024
google/gemma-3-1b-it,NVIDIA GeForce RTX 5060 Ti,42,2WikiMultiHopQA,10,16,370,multi-hop,43.0013,0.0,0.0,0,1,1,114,370,370,71775027200,71775027200,7.372,0.024
google/gemma-3-1b-it,NVIDIA GeForce RTX 5060 Ti,42,2WikiMultiHopQA,10,16,371,semantic,29.6489,0.0,0.0,0,1,1,8,83,264,3611820032,36540776448,7.372,0.024
google/gemma-3-1b-it,NVIDIA GeForce RTX 5060 Ti,42,2WikiMultiHopQA,10,16,372,multi-hop,43.7978,0.0,108.6446,0,1,0,16,272,272,38788923392,38788923392,7.372,0.024
google/gemma-3-1b-it,NVIDIA GeForce RTX 5060 Ti,42,2WikiMultiHopQA,10,16,373,multi-hop,32.8825,0.0,0.0,0,1,1,41,297,297,46246920192,46246920192,7.372,0.024
google/gemma-3-1b-it,NVIDIA GeForce RTX 5060 Ti,42,2WikiMultiHopQA,10,16,374,structural,61.3066,0.0,0.0,0,1,1,92,348,348,63493373952,63493373952,7.372,0.024
google/gemma-3-1b-it,NVIDIA GeForce RTX 5060 Ti,42,2WikiMultiHopQA,10,16,375,structural,88.6807,0.0,0.0,0,1,1,95,351,351,64592805888,64592805888,7.372,0.024
google/gemma-3-1b-it,NVIDIA GeForce RTX 5060 Ti,42,2WikiMultiHopQA,10,16,376,multi-hop,48.8345,0.0,0.0,0,1,1,109,365,365,69848268800,69848268800,7.372,0.024
google/gemma-3-1b-it,NVIDIA GeForce RTX 5060 Ti,42,2WikiMultiHopQA,10,16,377,structural,45.2998,0.0,0.0,0,1,1,146,402,402,84727037952,84727037952,7.372,0.024
google/gemma-3-1b-it,NVIDIA GeForce RTX 5060 Ti,42,2WikiMultiHopQA,10,16,378,multi-hop,71.0684,0.0,0.0,0,1,1,5,50,261,1310720000,35715022848,7.372,0.024
google/gemma-3-1b-it,NVIDIA GeForce RTX 5060 Ti,42,2WikiMultiHopQA,10,16,379,structural,40.3329,59.9591,41.9483,0,0,0,57,313,313,51363971072,51363971072,7.372,0.024
google/gemma-3-1b-it,NVIDIA GeForce RTX 5060 Ti,42,2WikiMultiHopQA,10,16,380,semantic,50.8154,0.0,54.6075,0,1,0,83,339,339,60251701248,60251701248,7.372,0.024
google/gemma-3-1b-it,NVIDIA GeForce RTX 5060 Ti,42,2WikiMultiHopQA,10,16,381,structural,64.4699,0.0,0.0,0,1,1,100,356,356,66446163968,66446163968,7.372,0.024
google/gemma-3-1b-it,NVIDIA GeForce RTX 5060 Ti,42,2WikiMultiHopQA,10,16,382,semantic,39.9648,0.0,0.0,0,1,1,58,314,314,51692699648,51692699648,7.372,0.024
google/gemma-3-1b-it,NVIDIA GeForce RTX 5060 Ti,42,2WikiMultiHopQA,10,16,383,multi-hop,45.0991,0.0,0.0,0,1,1,24,280,280,41104179200,41104179200,7.372,0.024
google/gemma-3-1b-it,NVIDIA GeForce RTX 5060 Ti,42,2WikiMultiHopQA,10,16,384,structural,36.1351,39.7283,76.4114,0,0,0,139,395,395,81802035200,81802035200,7.372,0.024
google/gemma-3-1b-it,NVIDIA GeForce RTX 5060 Ti,42,2WikiMultiHopQA,10,16,385,multi-hop,36.1329,32.6732,48.4341,0,0,0,26,282,282,41693478912,41693478912,7.372,0.024
google/gemma-3-1b-it,NVIDIA GeForce RTX 5060 Ti,42,2WikiMultiHopQA,10,16,386,semantic,35.3007,0.0,39.2597,0,1,0,109,365,365,69848268800,69848268800,7.372,0.024
google/gemma-3-1b-it,NVIDIA GeForce RTX 5060 Ti,42,2WikiMultiHopQA,10,16,387,semantic,67.6963,0.0,0.0,0,1,1,113,369,369,71387578368,71387578368,7.372,0.024
google/gemma-3-1b-it,NVIDIA GeForce RTX 5060 Ti,42,2WikiMultiHopQA,10,16,388,multi-hop,39.2757,0.0,72.9745,0,1,0,8,264,264,36540776448,36540776448,7.372,0.024
google/gemma-3-1b-it,NVIDIA GeForce RTX 5060 Ti,42,2WikiMultiHopQA,10,16,389,semantic,70.5222,0.0,0.0,0,1,1,99,355,355,66073395200,66073395200,7.372,0.024
google/gemma-3-1b-it,NVIDIA GeForce RTX 5060 Ti,42,2WikiMultiHopQA,10,16,390,multi-hop,0.0,0.0,0.0,1,1,1,93,349,349,63858802688,63858802688,7.372,0.024
google/gemma-3-1b-it,NVIDIA GeForce RTX 5060 Ti,42,2WikiMultiHopQA,10,16,391,multi-hop,37.4946,0.0,0.0,0,1,1,52,308,308,49736056832,49736056832,7.372,0.024
google/gemma-3-1b-it,NVIDIA GeForce RTX 5060 Ti,42,2WikiMultiHopQA,10,16,392,multi-hop,42.1665,0.0,0.0,0,1,1,134,390,390,79744204800,79744204800,7.372,0.024
google/gemma-3-1b-it,NVIDIA GeForce RTX 5060 Ti,42,2WikiMultiHopQA,10,16,393,semantic,51.1116,0.0,0.0,0,1,1,73,329,329,56749457408,56749457408,7.372,0.024
google/gemma-3-1b-it,NVIDIA GeForce RTX 5060 Ti,42,2WikiMultiHopQA,10,16,394,multi-hop,66.9797,0.0,43.8672,0,1,0,74,330,330,57094963200,57094963200,7.372,0.024
google/gemma-3-1b-it,NVIDIA GeForce RTX 5060 Ti,42,2WikiMultiHopQA,10,16,395,multi-hop,48.0452,40.7261,0.0,0,0,1,110,366,366,70231523328,70231523328,7.372,0.024
google/gemma-3-1b-it,NVIDIA GeForce RTX 5060 Ti,42,2WikiMultiHopQA,10,16,396,multi-hop,36.1945,55.0354,0.0,0,0,1,109,365,365,69848268800,69848268800,7.372,0.024
google/gemma-3-1b-it,NVIDIA GeForce RTX 5060 Ti,42,2WikiMultiHopQA,10,16,397,structural,40.6142,0.0,0.0,0,1,1,103,359,359,67570761728,67570761728,7.372,0.024
google/gemma-3-1b-it,NVIDIA GeForce RTX 5060 Ti,42,2WikiMultiHopQA,10,16,398,multi-hop,37.8403,38.864,0.0,0,0,1,109,365,365,69848268800,69848268800,7.372,0.024
google/gemma-3-1b-it,NVIDIA GeForce RTX 5060 Ti,42,2WikiMultiHopQA,10,16,399,multi-hop,0.0,0.0,0.0,1,1,1,86,342,342,61322821632,61322821632,7.372,0.024
google/gemma-3-1b-it,NVIDIA GeForce RTX 5060 Ti,42,2WikiMultiHopQA,10,16,400,multi-hop,36.6938,0.0,0.0,0,1,1,98,354,354,65701675008,65701675008,7.372,0.024
google/gemma-3-1b-it,NVIDIA GeForce RTX 5060 Ti,42,2WikiMultiHopQA,10,16,401,structural,71.5552,0.0,0.0,0,1,1,27,283,283,41989701632,41989701632,7.372,0.024
google/gemma-3-1b-it,NVIDIA GeForce RTX 5060 Ti,42,2WikiMultiHopQA,10,16,402,semantic,31.2564,0.0,0.0,0,1,1,96,352,352,64961380352,64961380352,7.372,0.024
google/gemma-3-1b-it,NVIDIA GeForce RTX 5060 Ti,42,2WikiMultiHopQA,10,16,403,multi-hop,39.2328,0.0,0.0,0,1,1,121,377,377,74516529152,74516529152,7.372,0.024
google/gemma-3-1b-it,NVIDIA GeForce RTX 5060 Ti,42,2WikiMultiHopQA,10,16,404,semantic,42.5139,0.0,0.0,0,1,1,116,372,372,72553070592,72553070592,7.372,0.024
google/gemma-3-1b-it,NVIDIA GeForce RTX 5060 Ti,42,2WikiMultiHopQA,10,16,405,structural,69.0185,40.6279,37.3387,0,0,0,117,373,373,72943665152,72943665152,7.372,0.024
google/gemma-3-1b-it,NVIDIA GeForce RTX 5060 Ti,42,2WikiMultiHopQA,10,16,406,semantic,35.0863,0.0,0.0,0,1,1,105,361,361,68325736448,68325736448,7.372,0.024
google/gemma-3-1b-it,NVIDIA GeForce RTX 5060 Ti,42,2WikiMultiHopQA,10,16,407,multi-hop,140.1309,34.017,53.2113,0,0,0,139,395,395,81802035200,81802035200,7.372,0.024
google/gemma-3-1b-it,NVIDIA GeForce RTX 5060 Ti,42,2WikiMultiHopQA,10,16,408,multi-hop,43.5498,0.0,0.0,0,1,1,139,395,395,81802035200,81802035200,7.372,0.024
google/gemma-3-1b-it,NVIDIA GeForce RTX 5060 Ti,42,2WikiMultiHopQA,10,16,409,semantic,47.7876,0.0,0.0,0,1,1,142,398,398,83049316352,83049316352,7.372,0.024
google/gemma-3-1b-it,NVIDIA GeForce RTX 5060 Ti,42,2WikiMultiHopQA,10,16,410,multi-hop,30.6178,0.0,0.0,0,1,1,4,260,260,35441868800,35441868800,7.372,0.024
google/gemma-3-1b-it,NVIDIA GeForce RTX 5060 Ti,42,2WikiMultiHopQA,10,16,411,structural,38.1598,0.0,0.0,0,1,1,96,352,352,64961380352,64961380352,7.372,0.024
google/gemma-3-1b-it,NVIDIA GeForce RTX 5060 Ti,42,2WikiMultiHopQA,10,16,412,multi-hop,42.8757,0.0,0.0,0,1,1,100,356,356,66446163968,66446163968,7.372,0.024
google/gemma-3-1b-it,NVIDIA GeForce RTX 5060 Ti,42,2WikiMultiHopQA,10,16,413,multi-hop,47.5999,29.0805,50.6018,0,0,0,107,363,363,69084905472,69084905472,7.372,0.024
google/gemma-3-1b-it,NVIDIA GeForce RTX 5060 Ti,42,2WikiMultiHopQA,10,16,414,multi-hop,50.0235,0.0,0.0,0,1,1,101,357,357,66819981312,66819981312,7.372,0.024
google/gemma-3-1b-it,NVIDIA GeForce RTX 5060 Ti,42,2WikiMultiHopQA,10,16,415,semantic,33.6785,0.0,0.0,0,1,1,100,356,356,66446163968,66446163968,7.372,0.024
google/gemma-3-1b-it,NVIDIA GeForce RTX 5060 Ti,42,2WikiMultiHopQA,10,16,416,semantic,32.2033,0.0,0.0,0,1,1,57,313,313,51363971072,51363971072,7.372,0.024
google/gemma-3-1b-it,NVIDIA GeForce RTX 5060 Ti,42,2WikiMultiHopQA,10,16,417,semantic,46.3574,0.0,81.8083,0,1,0,114,370,370,71775027200,71775027200,7.372,0.024
google/gemma-3-1b-it,NVIDIA GeForce RTX 5060 Ti,42,2WikiMultiHopQA,10,16,418,multi-hop,56.5079,49.7314,45.8382,0,0,0,114,370,370,71775027200,71775027200,7.372,0.024
google/gemma-3-1b-it,NVIDIA GeForce RTX 5060 Ti,42,2WikiMultiHopQA,10,16,419,multi-hop,49.9107,49.216,38.0141,0,0,0,100,356,356,66446163968,66446163968,7.372,0.024
google/gemma-3-1b-it,NVIDIA GeForce RTX 5060 Ti,42,2WikiMultiHopQA,10,16,420,structural,42.6638,48.5372,0.0,0,0,1,103,359,359,67570761728,67570761728,7.372,0.024
google/gemma-3-1b-it,NVIDIA GeForce RTX 5060 Ti,42,2WikiMultiHopQA,10,16,421,multi-hop,30.4136,76.3692,40.7278,0,0,0,111,367,367,70615826432,70615826432,7.372,0.024
google/gemma-3-1b-it,NVIDIA GeForce RTX 5060 Ti,42,2WikiMultiHopQA,10,16,422,multi-hop,33.2001,0.0,0.0,0,1,1,115,371,371,72163524608,72163524608,7.372,0.024
google/gemma-3-1b-it,NVIDIA GeForce RTX 5060 Ti,42,2WikiMultiHopQA,10,16,423,semantic,33.2898,0.0,0.0,0,1,1,109,365,365,69848268800,69848268800,7.372,0.024
google/gemma-3-1b-it,NVIDIA GeForce RTX 5060 Ti,42,2WikiMultiHopQA,10,16,424,structural,66.0154,73.8191,31.6431,0,0,0,36,292,292,44702892032,44702892032,7.372,0.024
google/gemma-3-1b-it,NVIDIA GeForce RTX 5060 Ti,42,2WikiMultiHopQA,10,16,425,semantic,57.5149,0.0,0.0,0,1,1,36,292,292,44702892032,44702892032,7.372,0.024
google/gemma-3-1b-it,NVIDIA GeForce RTX 5060 Ti,42,2WikiMultiHopQA,10,16,426,multi-hop,55.6296,44.4085,38.8026,0,0,0,105,361,361,68325736448,68325736448,7.372,0.024
google/gemma-3-1b-it,NVIDIA GeForce RTX 5060 Ti,42,2WikiMultiHopQA,10,16,427,semantic,42.6178,0.0,34.1918,0,1,0,158,414,414,89860866048,89860866048,7.372,0.024
google/gemma-3-1b-it,NVIDIA GeForce RTX 5060 Ti,42,2WikiMultiHopQA,10,16,428,semantic,94.1716,0.0,57.074,0,1,0,34,290,290,44092620800,44092620800,7.372,0.024
google/gemma-3-1b-it,NVIDIA GeForce RTX 5060 Ti,42,2WikiMultiHopQA,10,16,429,multi-hop,98.4985,77.1995,0.0,0,0,1,64,320,320,53687091200,53687091200,7.372,0.024
google/gemma-3-1b-it,NVIDIA GeForce RTX 5060 Ti,42,2WikiMultiHopQA,10,16,430,semantic,42.9653,0.0,0.0,0,1,1,43,299,299,46871871488,46871871488,7.372,0.024
google/gemma-3-1b-it,NVIDIA GeForce RTX 5060 Ti,42,2WikiMultiHopQA,10,16,431,multi-hop,35.3123,57.9264,38.8954,0,0,0,101,357,357,66819981312,66819981312,7.372,0.024
google/gemma-3-1b-it,NVIDIA GeForce RTX 5060 Ti,42,2WikiMultiHopQA,10,16,432,structural,78.134,69.3321,50.4901,0,0,0,126,382,382,76506202112,76506202112,7.372,0.024
google/gemma-3-1b-it,NVIDIA GeForce RTX 5060 Ti,42,2WikiMultiHopQA,10,16,433,structural,35.7692,0.0,0.0,0,1,1,122,378,378,74912366592,74912366592,7.372,0.024
google/gemma-3-1b-it,NVIDIA GeForce RTX 5060 Ti,42,2WikiMultiHopQA,10,16,434,multi-hop,65.6139,0.0,0.0,0,1,1,33,289,289,43789058048,43789058048,7.372,0.024
google/gemma-3-1b-it,NVIDIA GeForce RTX 5060 Ti,42,2WikiMultiHopQA,10,16,435,structural,49.139,0.0,0.0,0,1,1,31,287,287,43185078272,43185078272,7.372,0.024
google/gemma-3-1b-it,NVIDIA GeForce RTX 5060 Ti,42,2WikiMultiHopQA,10,16,436,multi-hop,56.3772,0.0,0.0,0,1,1,3,259,259,35169763328,35169763328,7.372,0.024
google/gemma-3-1b-it,NVIDIA GeForce RTX 5060 Ti,42,2WikiMultiHopQA,10,16,437,multi-hop,44.4746,0.0,47.5626,0,1,0,57,313,313,51363971072,51363971072,7.372,0.024
google/gemma-3-1b-it,NVIDIA GeForce RTX 5060 Ti,42,2WikiMultiHopQA,10,16,438,multi-hop,38.3618,87.6394,0.0,0,0,1,40,296,296,45936017408,45936017408,7.372,0.024
google/gemma-3-1b-it,NVIDIA GeForce RTX 5060 Ti,42,2WikiMultiHopQA,10,16,439,semantic,55.5658,0.0,0.0,0,1,1,50,306,306,49092231168,49092231168,7.372,0.024
google/gemma-3-1b-it,NVIDIA GeForce RTX 5060 Ti,42,2WikiMultiHopQA,10,16,440,multi-hop,37.6573,44.1734,0.0,0,0,1,16,272,272,38788923392,38788923392,7.372,0.024
google/gemma-3-1b-it,NVIDIA GeForce RTX 5060 Ti,42,2WikiMultiHopQA,10,16,441,multi-hop,83.6987,0.0,0.0,0,1,1,49,305,305,48771891200,48771891200,7.372,0.024
google/gemma-3-1b-it,NVIDIA GeForce RTX 5060 Ti,42,2WikiMultiHopQA,10,16,442,semantic,68.0588,0.0,72.4257,0,1,0,91,347,347,63128993792,63128993792,7.372,0.024
google/gemma-3-1b-it,NVIDIA GeForce RTX 5060 Ti,42,2WikiMultiHopQA,10,16,443,structural,65.4985,0.0,0.0,0,1,1,17,273,273,39074660352,39074660352,7.372,0.024
google/gemma-3-1b-it,NVIDIA GeForce RTX 5060 Ti,42,2WikiMultiHopQA,10,16,444,multi-hop,68.1343,0.0,0.0,0,1,1,105,361,361,68325736448,68325736448,7.372,0.024
google/gemma-3-1b-it,NVIDIA GeForce RTX 5060 Ti,42,2WikiMultiHopQA,10,16,445,structural,30.1958,102.4979,49.7989,0,0,0,93,349,349,63858802688,63858802688,7.372,0.024
google/gemma-3-1b-it,NVIDIA GeForce RTX 5060 Ti,42,2WikiMultiHopQA,10,16,446,structural,79.9786,0.0,0.0,0,1,1,103,359,359,67570761728,67570761728,7.372,0.024
google/gemma-3-1b-it,NVIDIA GeForce RTX 5060 Ti,42,2WikiMultiHopQA,10,16,447,multi-hop,30.4453,0.0,0.0,0,1,1,53,309,309,50059542528,50059542528,7.372,0.024
google/gemma-3-1b-it,NVIDIA GeForce RTX 5060 Ti,42,2WikiMultiHopQA,10,16,448,multi-hop,58.5789,0.0,0.0,0,1,1,105,361,361,68325736448,68325736448,7.372,0.024
google/gemma-3-1b-it,NVIDIA GeForce RTX 5060 Ti,42,2WikiMultiHopQA,10,16,449,semantic,37.6556,0.0,0.0,0,1,1,2,28,28,411041792,411041792,7.372,0.024
google/gemma-3-1b-it,NVIDIA GeForce RTX 5060 Ti,42,2WikiMultiHopQA,10,16,450,structural,54.7643,0.0,0.0,0,1,1,90,346,346,62765662208,62765662208,7.372,0.024
google/gemma-3-1b-it,NVIDIA GeForce RTX 5060 Ti,42,2WikiMultiHopQA,10,16,451,semantic,39.9986,0.0,0.0,0,1,1,103,359,359,67570761728,67570761728,7.372,0.024
google/gemma-3-1b-it,NVIDIA GeForce RTX 5060 Ti,42,2WikiMultiHopQA,10,16,452,structural,42.1082,42.4395,39.7994,0,0,0,12,132,69,9135194112,2496135168,7.372,0.024
google/gemma-3-1b-it,NVIDIA GeForce RTX 5060 Ti,42,2WikiMultiHopQA,10,16,453,multi-hop,43.269,0.0,0.0,0,1,1,126,382,382,76506202112,76506202112,7.372,0.024
google/gemma-3-1b-it,NVIDIA GeForce RTX 5060 Ti,42,2WikiMultiHopQA,10,16,454,multi-hop,43.4573,52.9333,47.9993,0,0,0,72,328,328,56405000192,56405000192,7.372,0.024
google/gemma-3-1b-it,NVIDIA GeForce RTX 5060 Ti,42,2WikiMultiHopQA,10,16,455,semantic,37.7143,0.0,0.0,0,1,1,107,363,363,69084905472,69084905472,7.372,0.024
google/gemma-3-1b-it,NVIDIA GeForce RTX 5060 Ti,42,2WikiMultiHopQA,10,16,456,semantic,44.0212,0.0,69.5956,0,1,0,80,336,336,59190018048,59190018048,7.372,0.024
google/gemma-3-1b-it,NVIDIA GeForce RTX 5060 Ti,42,2WikiMultiHopQA,10,16,457,multi-hop,33.6242,0.0,0.0,0,1,1,124,380,380,75707187200,75707187200,7.372,0.024
google/gemma-3-1b-it,NVIDIA GeForce RTX 5060 Ti,42,2WikiMultiHopQA,10,16,458,multi-hop,39.1241,0.0,0.0,0,1,1,92,348,348,63493373952,63493373952,7.372,0.024
google/gemma-3-1b-it,NVIDIA GeForce RTX 5060 Ti,42,2WikiMultiHopQA,10,16,459,multi-hop,41.7163,0.0,0.0,0,1,1,95,351,351,64592805888,64592805888,7.372,0.024
google/gemma-3-1b-it,NVIDIA GeForce RTX 5060 Ti,42,2WikiMultiHopQA,10,16,460,structural,102.7065,69.9281,0.0,0,0,1,142,398,398,83049316352,83049316352,7.372,0.024
google/gemma-3-1b-it,NVIDIA GeForce RTX 5060 Ti,42,2WikiMultiHopQA,10,16,461,semantic,39.2164,0.0,0.0,0,1,1,105,361,361,68325736448,68325736448,7.372,0.024
google/gemma-3-1b-it,NVIDIA GeForce RTX 5060 Ti,42,2WikiMultiHopQA,10,16,462,structural,41.7821,35.9983,0.0,0,0,1,73,329,329,56749457408,56749457408,7.372,0.024
google/gemma-3-1b-it,NVIDIA GeForce RTX 5060 Ti,42,2WikiMultiHopQA,10,16,463,semantic,49.4862,0.0,31.4244,0,1,0,14,270,270,38220595200,38220595200,7.372,0.024
google/gemma-3-1b-it,NVIDIA GeForce RTX 5060 Ti,42,2WikiMultiHopQA,10,16,464,multi-hop,48.3145,0.0,0.0,0,1,1,104,360,360,67947724800,67947724800,7.372,0.024
google/gemma-3-1b-it,NVIDIA GeForce RTX 5060 Ti,42,2WikiMultiHopQA,10,16,465,semantic,0.0,0.0,0.0,1,1,1,34,290,290,44092620800,44092620800,7.372,0.024
google/gemma-3-1b-it,NVIDIA GeForce RTX 5060 Ti,42,2WikiMultiHopQA,10,16,466,semantic,38.8399,0.0,0.0,0,1,1,162,418,418,91605696512,91605696512,7.372,0.024
google/gemma-3-1b-it,NVIDIA GeForce RTX 5060 Ti,42,2WikiMultiHopQA,10,16,467,structural,0.0,0.0,0.0,1,1,1,3,259,259,35169763328,35169763328,7.372,0.024
google/gemma-3-1b-it,NVIDIA GeForce RTX 5060 Ti,42,2WikiMultiHopQA,10,16,468,structural,37.4028,36.2417,33.9496,0,0,0,85,341,341,60964732928,60964732928,7.372,0.024
google/gemma-3-1b-it,NVIDIA GeForce RTX 5060 Ti,42,2WikiMultiHopQA,10,16,469,multi-hop,83.0937,37.5211,0.0,0,0,1,105,361,361,68325736448,68325736448,7.372,0.024
google/gemma-3-1b-it,NVIDIA GeForce RTX 5060 Ti,42,2WikiMultiHopQA,10,16,470,multi-hop,39.5049,0.0,0.0,0,1,1,113,369,369,71387578368,71387578368,7.372,0.024
google/gemma-3-1b-it,NVIDIA GeForce RTX 5060 Ti,42,2WikiMultiHopQA,10,16,471,structural,56.658,63.3784,39.2522,0,0,0,110,366,366,70231523328,70231523328,7.372,0.024
google/gemma-3-1b-it,NVIDIA GeForce RTX 5060 Ti,42,2WikiMultiHopQA,10,16,472,multi-hop,54.8968,0.0,0.0,0,1,1,105,361,361,68325736448,68325736448,7.372,0.024
google/gemma-3-1b-it,NVIDIA GeForce RTX 5060 Ti,42,2WikiMultiHopQA,10,16,473,semantic,35.2327,0.0,0.0,0,1,1,119,375,375,73728000000,73728000000,7.372,0.024
google/gemma-3-1b-it,NVIDIA GeForce RTX 5060 Ti,42,2WikiMultiHopQA,10,16,474,multi-hop,0.0,0.0,0.0,1,1,1,50,306,306,49092231168,49092231168,7.372,0.024
google/gemma-3-1b-it,NVIDIA GeForce RTX 5060 Ti,42,2WikiMultiHopQA,10,16,475,multi-hop,90.6313,0.0,0.0,0,1,1,4,260,260,35441868800,35441868800,7.372,0.024
google/gemma-3-1b-it,NVIDIA GeForce RTX 5060 Ti,42,2WikiMultiHopQA,10,16,476,multi-hop,46.6357,82.012,0.0,0,0,1,117,373,373,72943665152,72943665152,7.372,0.024
google/gemma-3-1b-it,NVIDIA GeForce RTX 5060 Ti,42,2WikiMultiHopQA,10,16,477,multi-hop,38.3565,54.8891,0.0,0,0,1,39,295,295,45626163200,45626163200,7.372,0.024
google/gemma-3-1b-it,NVIDIA GeForce RTX 5060 Ti,42,2WikiMultiHopQA,10,16,478,structural,51.7262,99.4268,42.7477,0,0,0,24,280,280,41104179200,41104179200,7.372,0.024
google/gemma-3-1b-it,NVIDIA GeForce RTX 5060 Ti,42,2WikiMultiHopQA,10,16,479,structural,34.6529,36.2901,45.1429,0,0,0,151,407,407,86847782912,86847782912,7.372,0.024
google/gemma-3-1b-it,NVIDIA GeForce RTX 5060 Ti,42,2WikiMultiHopQA,10,16,480,semantic,59.1713,0.0,0.0,0,1,1,57,313,313,51363971072,51363971072,7.372,0.024
google/gemma-3-1b-it,NVIDIA GeForce RTX 5060 Ti,42,2WikiMultiHopQA,10,16,481,multi-hop,40.6006,32.5512,38.4175,0,0,0,2,54,29,1528823808,440926208,7.372,0.024
google/gemma-3-1b-it,NVIDIA GeForce RTX 5060 Ti,42,2WikiMultiHopQA,10,16,482,structural,36.3475,0.0,0.0,0,1,1,119,375,375,73728000000,73728000000,7.372,0.024
google/gemma-3-1b-it,NVIDIA GeForce RTX 5060 Ti,42,2WikiMultiHopQA,10,16,483,structural,37.5069,94.9399,40.4672,0,0,0,3,28,29,411041792,440926208,7.372,0.024
google/gemma-3-1b-it,NVIDIA GeForce RTX 5060 Ti,42,2WikiMultiHopQA,10,16,484,multi-hop,34.0054,79.9289,32.9945,0,0,0,139,395,395,81802035200,81802035200,7.372,0.024
google/gemma-3-1b-it,NVIDIA GeForce RTX 5060 Ti,42,2WikiMultiHopQA,10,16,485,multi-hop,46.2291,61.704,114.0897,0,0,0,4,32,29,536870912,440926208,7.372,0.024
google/gemma-3-1b-it,NVIDIA GeForce RTX 5060 Ti,42,2WikiMultiHopQA,10,16,486,multi-hop,48.6306,0.0,43.2845,0,1,0,28,284,284,42286972928,42286972928,7.372,0.024
google/gemma-3-1b-it,NVIDIA GeForce RTX 5060 Ti,42,2WikiMultiHopQA,10,16,487,semantic,0.0,0.0,0.0,1,1,1,3,55,33,1585971200,570949632,7.372,0.024
google/gemma-3-1b-it,NVIDIA GeForce RTX 5060 Ti,42,2WikiMultiHopQA,10,16,488,multi-hop,41.2576,0.0,0.0,0,1,1,85,341,341,60964732928,60964732928,7.372,0.024
google/gemma-3-1b-it,NVIDIA GeForce RTX 5060 Ti,42,2WikiMultiHopQA,10,16,489,multi-hop,39.4254,0.0,0.0,0,1,1,114,370,370,71775027200,71775027200,7.372,0.024
google/gemma-3-1b-it,NVIDIA GeForce RTX 5060 Ti,42,2WikiMultiHopQA,10,16,490,structural,53.7588,79.1674,43.3208,0,0,0,110,366,366,70231523328,70231523328,7.372,0.024
google/gemma-3-1b-it,NVIDIA GeForce RTX 5060 Ti,42,2WikiMultiHopQA,10,16,491,structural,60.1161,0.0,0.0,0,1,1,104,360,360,67947724800,67947724800,7.372,0.024
google/gemma-3-1b-it,NVIDIA GeForce RTX 5060 Ti,42,2WikiMultiHopQA,10,16,492,structural,42.3912,38.9955,45.387,0,0,0,63,319,319,53352071168,53352071168,7.372,0.024
google/gemma-3-1b-it,NVIDIA GeForce RTX 5060 Ti,42,2WikiMultiHopQA,10,16,493,multi-hop,52.653,0.0,0.0,0,1,1,63,319,319,53352071168,53352071168,7.372,0.024
google/gemma-3-1b-it,NVIDIA GeForce RTX 5060 Ti,42,2WikiMultiHopQA,10,16,494,multi-hop,33.9676,58.0224,57.0576,0,0,0,2,28,28,411041792,411041792,7.372,0.024
google/gemma-3-1b-it,NVIDIA GeForce RTX 5060 Ti,42,2WikiMultiHopQA,10,16,495,structural,77.7676,0.0,0.0,0,1,1,112,368,368,71001178112,71001178112,7.372,0.024
google/gemma-3-1b-it,NVIDIA GeForce RTX 5060 Ti,42,2WikiMultiHopQA,10,16,496,structural,48.2889,82.7687,0.0,0,0,1,108,364,364,69466062848,69466062848,7.372,0.024
google/gemma-3-1b-it,NVIDIA GeForce RTX 5060 Ti,42,2WikiMultiHopQA,10,16,497,semantic,44.4221,0.0,0.0,0,1,1,92,348,348,63493373952,63493373952,7.372,0.024
google/gemma-3-1b-it,NVIDIA GeForce RTX 5060 Ti,42,2WikiMultiHopQA,10,16,498,multi-hop,42.0126,0.0,0.0,0,1,1,26,282,282,41693478912,41693478912,7.372,0.024
google/gemma-3-1b-it,NVIDIA GeForce RTX 5060 Ti,42,2WikiMultiHopQA,10,16,499,semantic,30.6409,0.0,0.0,0,1,1,146,402,402,84727037952,84727037952,7.372,0.024
google/gemma-3-1b-it,NVIDIA GeForce RTX 5060 Ti,42,2WikiMultiHopQA,10,16,500,structural,39.4333,0.0,0.0,0,1,1,109,365,365,69848268800,69848268800,7.372,0.024
google/gemma-3-1b-it,NVIDIA GeForce RTX 5060 Ti,42,2WikiMultiHopQA,10,16,501,multi-hop,55.4122,0.0,39.9582,0,1,0,39,295,295,45626163200,45626163200,7.372,0.024
google/gemma-3-1b-it,NVIDIA GeForce RTX 5060 Ti,42,2WikiMultiHopQA,10,16,502,multi-hop,45.5601,32.2955,41.0323,0,0,0,110,366,366,70231523328,70231523328,7.372,0.024
google/gemma-3-1b-it,NVIDIA GeForce RTX 5060 Ti,42,2WikiMultiHopQA,10,16,503,structural,77.539,67.3196,63.5573,0,0,0,72,328,328,56405000192,56405000192,7.372,0.024
google/gemma-3-1b-it,NVIDIA GeForce RTX 5060 Ti,42,2WikiMultiHopQA,10,16,504,structural,36.5129,0.0,0.0,0,1,1,105,361,361,68325736448,68325736448,7.372,0.024
google/gemma-3-1b-it,NVIDIA GeForce RTX 5060 Ti,42,2WikiMultiHopQA,10,16,505,multi-hop,0.0,40.0528,55.9213,1,0,0,46,302,302,47817162752,47817162752,7.372,0.024
google/gemma-3-1b-it,NVIDIA GeForce RTX 5060 Ti,42,2WikiMultiHopQA,10,16,506,multi-hop,39.6121,0.0,0.0,0,1,1,20,276,276,39938162688,39938162688,7.372,0.024
google/gemma-3-1b-it,NVIDIA GeForce RTX 5060 Ti,42,2WikiMultiHopQA,10,16,507,multi-hop,45.3215,0.0,0.0,0,1,1,17,273,273,39074660352,39074660352,7.372,0.024
google/gemma-3-1b-it,NVIDIA GeForce RTX 5060 Ti,42,2WikiMultiHopQA,10,16,508,structural,44.3684,0.0,0.0,0,1,1,127,383,383,76907282432,76907282432,7.372,0.024
google/gemma-3-1b-it,NVIDIA GeForce RTX 5060 Ti,42,2WikiMultiHopQA,10,16,509,structural,36.613,36.2648,59.3189,0,0,0,103,359,359,67570761728,67570761728,7.372,0.024
google/gemma-3-1b-it,NVIDIA GeForce RTX 5060 Ti,42,2WikiMultiHopQA,10,16,510,semantic,57.0017,0.0,0.0,0,1,1,4,29,29,440926208,440926208,7.372,0.024
google/gemma-3-1b-it,NVIDIA GeForce RTX 5060 Ti,42,2WikiMultiHopQA,10,16,511,structural,66.6848,0.0,0.0,0,1,1,8,83,264,3611820032,36540776448,7.372,0.024
google/gemma-3-1b-it,NVIDIA GeForce RTX 5060 Ti,42,2WikiMultiHopQA,10,16,512,multi-hop,36.8564,97.3414,34.2359,0,0,0,161,417,417,91167916032,91167916032,7.372,0.024
google/gemma-3-1b-it,NVIDIA GeForce RTX 5060 Ti,42,2WikiMultiHopQA,10,16,513,multi-hop,88.803,71.4992,0.0,0,0,1,64,320,320,53687091200,53687091200,7.372,0.024
google/gemma-3-1b-it,NVIDIA GeForce RTX 5060 Ti,42,2WikiMultiHopQA,10,16,514,multi-hop,51.9421,39.8678,47.6686,0,0,0,87,343,343,61681958912,61681958912,7.372,0.024
google/gemma-3-1b-it,NVIDIA GeForce RTX 5060 Ti,42,2WikiMultiHopQA,10,16,515,structural,38.9801,0.0,0.0,0,1,1,110,366,366,70231523328,70231523328,7.372,0.024
google/gemma-3-1b-it,NVIDIA GeForce RTX 5060 Ti,42,2WikiMultiHopQA,10,16,516,multi-hop,55.6797,0.0,0.0,0,1,1,5,261,261,35715022848,35715022848,7.372,0.024
google/gemma-3-1b-it,NVIDIA GeForce RTX 5060 Ti,42,2WikiMultiHopQA,10,16,517,multi-hop,74.8441,0.0,0.0,0,1,1,59,315,315,52022476800,52022476800,7.372,0.024
google/gemma-3-1b-it,NVIDIA GeForce RTX 5060 Ti,42,2WikiMultiHopQA,10,16,518,multi-hop,56.976,0.0,0.0,0,1,1,24,280,280,41104179200,41104179200,7.372,0.024
google/gemma-3-1b-it,NVIDIA GeForce RTX 5060 Ti,42,2WikiMultiHopQA,10,16,519,structural,39.6124,74.3763,41.4522,0,0,0,114,370,370,71775027200,71775027200,7.372,0.024
google/gemma-3-1b-it,NVIDIA GeForce RTX 5060 Ti,42,2WikiMultiHopQA,10,16,520,semantic,33.7519,0.0,0.0,0,1,1,105,361,361,68325736448,68325736448,7.372,0.024
google/gemma-3-1b-it,NVIDIA GeForce RTX 5060 Ti,42,2WikiMultiHopQA,10,16,521,structural,61.0436,87.8609,0.0,0,0,1,29,285,285,42585292800,42585292800,7.372,0.024
google/gemma-3-1b-it,NVIDIA GeForce RTX 5060 Ti,42,2WikiMultiHopQA,10,16,522,multi-hop,42.7842,72.3156,0.0,0,0,1,34,290,290,44092620800,44092620800,7.372,0.024
google/gemma-3-1b-it,NVIDIA GeForce RTX 5060 Ti,42,2WikiMultiHopQA,10,16,523,semantic,44.4343,0.0,0.0,0,1,1,92,348,348,63493373952,63493373952,7.372,0.024
google/gemma-3-1b-it,NVIDIA GeForce RTX 5060 Ti,42,2WikiMultiHopQA,10,16,524,multi-hop,33.6675,76.0631,34.8876,0,0,0,20,212,49,23563599872,1258815488,7.372,0.024
google/gemma-3-1b-it,NVIDIA GeForce RTX 5060 Ti,42,2WikiMultiHopQA,10,16,525,semantic,43.1502,0.0,0.0,0,1,1,110,366,366,70231523328,70231523328,7.372,0.024
google/gemma-3-1b-it,NVIDIA GeForce RTX 5060 Ti,42,2WikiMultiHopQA,10,16,526,multi-hop,54.5551,0.0,0.0,0,1,1,38,294,294,45317357568,45317357568,7.372,0.024
google/gemma-3-1b-it,NVIDIA GeForce RTX 5060 Ti,42,2WikiMultiHopQA,10,16,527,semantic,40.8633,0.0,72.7111,0,1,0,136,392,392,80564191232,80564191232,7.372,0.024
google/gemma-3-1b-it,NVIDIA GeForce RTX 5060 Ti,42,2WikiMultiHopQA,10,16,528,semantic,75.6048,0.0,40.0279,0,1,0,122,378,378,74912366592,74912366592,7.372,0.024
google/gemma-3-1b-it,NVIDIA GeForce RTX 5060 Ti,42,2WikiMultiHopQA,10,16,529,structural,61.0145,45.652,39.4202,0,0,0,105,361,361,68325736448,68325736448,7.372,0.024
google/gemma-3-1b-it,NVIDIA GeForce RTX 5060 Ti,42,2WikiMultiHopQA,10,16,530,semantic,54.1733,0.0,0.0,0,1,1,35,291,291,44397232128,44397232128,7.372,0.024
google/gemma-3-1b-it,NVIDIA GeForce RTX 5060 Ti,42,2WikiMultiHopQA,10,16,531,structural,46.0659,0.0,0.0,0,1,1,82,338,338,59896758272,59896758272,7.372,0.024
google/gemma-3-1b-it,NVIDIA GeForce RTX 5060 Ti,42,2WikiMultiHopQA,10,16,532,multi-hop,38.7602,0.0,41.4949,0,1,0,91,347,347,63128993792,63128993792,7.372,0.024
google/gemma-3-1b-it,NVIDIA GeForce RTX 5060 Ti,42,2WikiMultiHopQA,10,16,533,semantic,35.6153,0.0,0.0,0,1,1,109,365,365,69848268800,69848268800,7.372,0.024
google/gemma-3-1b-it,NVIDIA GeForce RTX 5060 Ti,42,2WikiMultiHopQA,10,16,534,multi-hop,44.8095,0.0,47.5494,0,1,0,92,348,348,63493373952,63493373952,7.372,0.024
google/gemma-3-1b-it,NVIDIA GeForce RTX 5060 Ti,42,2WikiMultiHopQA,10,16,535,multi-hop,57.898,0.0,0.0,0,1,1,105,361,361,68325736448,68325736448,7.372,0.024
google/gemma-3-1b-it,NVIDIA GeForce RTX 5060 Ti,42,2WikiMultiHopQA,10,16,536,multi-hop,0.0,45.7441,38.7846,1,0,0,93,349,349,63858802688,63858802688,7.372,0.024
google/gemma-3-1b-it,NVIDIA GeForce RTX 5060 Ti,42,2WikiMultiHopQA,10,16,537,structural,50.935,0.0,0.0,0,1,1,53,309,309,50059542528,50059542528,7.372,0.024
google/gemma-3-1b-it,NVIDIA GeForce RTX 5060 Ti,42,2WikiMultiHopQA,10,16,538,multi-hop,71.8586,0.0,0.0,0,1,1,98,354,354,65701675008,65701675008,7.372,0.024
google/gemma-3-1b-it,NVIDIA GeForce RTX 5060 Ti,42,2WikiMultiHopQA,10,16,539,multi-hop,85.4231,0.0,0.0,0,1,1,116,372,372,72553070592,72553070592,7.372,0.024
google/gemma-3-1b-it,NVIDIA GeForce RTX 5060 Ti,42,2WikiMultiHopQA,10,16,540,multi-hop,46.464,38.4955,63.5301,0,0,0,101,357,357,66819981312,66819981312,7.372,0.024
google/gemma-3-1b-it,NVIDIA GeForce RTX 5060 Ti,42,2WikiMultiHopQA,10,16,541,multi-hop,45.9098,35.8826,45.6504,0,0,0,78,334,334,58487472128,58487472128,7.372,0.024
google/gemma-3-1b-it,NVIDIA GeForce RTX 5060 Ti,42,2WikiMultiHopQA,10,16,542,structural,69.0717,0.0,0.0,0,1,1,112,368,368,71001178112,71001178112,7.372,0.024
google/gemma-3-1b-it,NVIDIA GeForce RTX 5060 Ti,42,2WikiMultiHopQA,10,16,543,semantic,38.9124,0.0,0.0,0,1,1,114,370,370,71775027200,71775027200,7.372,0.024
google/gemma-3-1b-it,NVIDIA GeForce RTX 5060 Ti,42,2WikiMultiHopQA,10,16,544,structural,56.3301,71.7056,69.8495,0,0,0,87,343,343,61681958912,61681958912,7.372,0.024
google/gemma-3-1b-it,NVIDIA GeForce RTX 5060 Ti,42,2WikiMultiHopQA,10,16,545,multi-hop,0.0,0.0,48.2234,1,1,0,22,278,278,40519073792,40519073792,7.372,0.024
google/gemma-3-1b-it,NVIDIA GeForce RTX 5060 Ti,42,2WikiMultiHopQA,10,16,546,structural,41.5519,58.1283,41.7697,0,0,0,53,309,309,50059542528,50059542528,7.372,0.024
google/gemma-3-1b-it,NVIDIA GeForce RTX 5060 Ti,42,2WikiMultiHopQA,10,16,547,multi-hop,60.9437,0.0,0.0,0,1,1,107,363,363,69084905472,69084905472,7.372,0.024
google/gemma-3-1b-it,NVIDIA GeForce RTX 5060 Ti,42,2WikiMultiHopQA,10,16,548,multi-hop,49.8942,77.2322,0.0,0,0,1,12,268,268,37656461312,37656461312,7.372,0.024
google/gemma-3-1b-it,NVIDIA GeForce RTX 5060 Ti,42,2WikiMultiHopQA,10,16,549,multi-hop,39.8216,37.2038,0.0,0,0,1,142,398,398,83049316352,83049316352,7.372,0.024
google/gemma-3-1b-it,NVIDIA GeForce RTX 5060 Ti,42,2WikiMultiHopQA,10,16,550,multi-hop,58.9848,44.7334,45.1149,0,0,0,5,91,45,4341628928,1061683200,7.372,0.024
google/gemma-3-1b-it,NVIDIA GeForce RTX 5060 Ti,42,2WikiMultiHopQA,10,16,551,semantic,37.7699,0.0,0.0,0,1,1,119,375,375,73728000000,73728000000,7.372,0.024
google/gemma-3-1b-it,NVIDIA GeForce RTX 5060 Ti,42,2WikiMultiHopQA,10,16,552,structural,59.7169,0.0,0.0,0,1,1,82,338,338,59896758272,59896758272,7.372,0.024
google/gemma-3-1b-it,NVIDIA GeForce RTX 5060 Ti,42,2WikiMultiHopQA,10,16,553,semantic,47.5874,0.0,56.6117,0,1,0,16,272,272,38788923392,38788923392,7.372,0.024
google/gemma-3-1b-it,NVIDIA GeForce RTX 5060 Ti,42,2WikiMultiHopQA,10,16,554,multi-hop,85.2894,0.0,0.0,0,1,1,105,361,361,68325736448,68325736448,7.372,0.024
google/gemma-3-1b-it,NVIDIA GeForce RTX 5060 Ti,42,2WikiMultiHopQA,10,16,555,semantic,35.4693,0.0,0.0,0,1,1,4,260,260,35441868800,35441868800,7.372,0.024
google/gemma-3-1b-it,NVIDIA GeForce RTX 5060 Ti,42,2WikiMultiHopQA,10,16,556,multi-hop,72.2113,0.0,0.0,0,1,1,148,404,404,85572190208,85572190208,7.372,0.024
google/gemma-3-1b-it,NVIDIA GeForce RTX 5060 Ti,42,2WikiMultiHopQA,10,16,557,multi-hop,48.3263,77.3571,62.995,0,0,0,24,280,280,41104179200,41104179200,7.372,0.024
google/gemma-3-1b-it,NVIDIA GeForce RTX 5060 Ti,42,2WikiMultiHopQA,10,16,558,structural,69.1944,67.617,0.0,0,0,1,19,275,275,39649280000,39649280000,7.372,0.024
google/gemma-3-1b-it,NVIDIA GeForce RTX 5060 Ti,42,2WikiMultiHopQA,10,16,559,structural,50.0277,62.9715,46.5311,0,0,0,6,262,262,35989225472,35989225472,7.372,0.024
google/gemma-3-1b-it,NVIDIA GeForce RTX 5060 Ti,42,2WikiMultiHopQA,10,16,560,multi-hop,62.5806,0.0,0.0,0,1,1,110,366,366,70231523328,70231523328,7.372,0.024
google/gemma-3-1b-it,NVIDIA GeForce RTX 5060 Ti,42,2WikiMultiHopQA,10,16,561,structural,54.0479,97.3224,0.0,0,0,1,129,385,385,77712588800,77712588800,7.372,0.024
google/gemma-3-1b-it,NVIDIA GeForce RTX 5060 Ti,42,2WikiMultiHopQA,10,16,562,semantic,50.2362,0.0,0.0,0,1,1,70,326,326,55719231488,55719231488,7.372,0.024
google/gemma-3-1b-it,NVIDIA GeForce RTX 5060 Ti,42,2WikiMultiHopQA,10,16,563,multi-hop,53.8013,41.7988,39.7162,0,0,0,100,356,356,66446163968,66446163968,7.372,0.024
google/gemma-3-1b-it,NVIDIA GeForce RTX 5060 Ti,42,2WikiMultiHopQA,10,16,564,semantic,72.6874,0.0,0.0,0,1,1,90,346,346,62765662208,62765662208,7.372,0.024
google/gemma-3-1b-it,NVIDIA GeForce RTX 5060 Ti,42,2WikiMultiHopQA,10,16,565,semantic,55.5018,0.0,0.0,0,1,1,119,375,375,73728000000,73728000000,7.372,0.024
google/gemma-3-1b-it,NVIDIA GeForce RTX 5060 Ti,42,2WikiMultiHopQA,10,16,566,structural,44.1857,0.0,35.8412,0,1,0,10,266,266,37096521728,37096521728,7.372,0.024
google/gemma-3-1b-it,NVIDIA GeForce RTX 5060 Ti,42,2WikiMultiHopQA,10,16,567,semantic,0.0,0.0,0.0,1,1,1,101,357,357,66819981312,66819981312,7.372,0.024
google/gemma-3-1b-it,NVIDIA GeForce RTX 5060 Ti,42,2WikiMultiHopQA,10,16,568,multi-hop,49.9649,36.9287,42.0657,0,0,0,80,336,336,59190018048,59190018048,7.372,0.024
google/gemma-3-1b-it,NVIDIA GeForce RTX 5060 Ti,42,2WikiMultiHopQA,10,16,569,multi-hop,45.6082,0.0,0.0,0,1,1,57,313,313,51363971072,51363971072,7.372,0.024
google/gemma-3-1b-it,NVIDIA GeForce RTX 5060 Ti,42,2WikiMultiHopQA,10,16,570,multi-hop,37.2677,32.7423,39.7227,0,0,0,119,375,375,73728000000,73728000000,7.372,0.024
google/gemma-3-1b-it,NVIDIA GeForce RTX 5060 Ti,42,2WikiMultiHopQA,10,16,571,multi-hop,39.5833,40.5611,34.5064,0,0,0,2,28,28,411041792,411041792,7.372,0.024
google/gemma-3-1b-it,NVIDIA GeForce RTX 5060 Ti,42,2WikiMultiHopQA,10,16,572,multi-hop,46.1604,0.0,0.0,0,1,1,100,356,356,66446163968,66446163968,7.372,0.024
google/gemma-3-1b-it,NVIDIA GeForce RTX 5060 Ti,42,2WikiMultiHopQA,10,16,573,multi-hop,48.4176,0.0,0.0,0,1,1,114,370,370,71775027200,71775027200,7.372,0.024
google/gemma-3-1b-it,NVIDIA GeForce RTX 5060 Ti,42,2WikiMultiHopQA,10,16,574,semantic,74.101,0.0,0.0,0,1,1,98,354,354,65701675008,65701675008,7.372,0.024
google/gemma-3-1b-it,NVIDIA GeForce RTX 5060 Ti,42,2WikiMultiHopQA,10,16,575,multi-hop,41.5849,70.4483,0.0,0,0,1,80,336,336,59190018048,59190018048,7.372,0.024
google/gemma-3-1b-it,NVIDIA GeForce RTX 5060 Ti,42,2WikiMultiHopQA,10,16,576,structural,36.2634,59.2012,40.548,0,0,0,5,74,44,2871001088,1015021568,7.372,0.024
google/gemma-3-1b-it,NVIDIA GeForce RTX 5060 Ti,42,2WikiMultiHopQA,10,16,577,multi-hop,38.9731,0.0,0.0,0,1,1,48,304,304,48452599808,48452599808,7.372,0.024
google/gemma-3-1b-it,NVIDIA GeForce RTX 5060 Ti,42,2WikiMultiHopQA,10,16,578,structural,39.7044,0.0,0.0,0,1,1,104,360,360,67947724800,67947724800,7.372,0.024
google/gemma-3-1b-it,NVIDIA GeForce RTX 5060 Ti,42,2WikiMultiHopQA,10,16,579,multi-hop,58.4531,66.4077,36.1178,0,0,0,43,299,299,46871871488,46871871488,7.372,0.024
google/gemma-3-1b-it,NVIDIA GeForce RTX 5060 Ti,42,2WikiMultiHopQA,10,16,580,multi-hop,79.5799,0.0,0.0,0,1,1,113,369,369,71387578368,71387578368,7.372,0.024
google/gemma-3-1b-it,NVIDIA GeForce RTX 5060 Ti,42,2WikiMultiHopQA,10,16,581,semantic,43.2444,0.0,0.0,0,1,1,104,360,360,67947724800,67947724800,7.372,0.024
google/gemma-3-1b-it,NVIDIA GeForce RTX 5060 Ti,42,2WikiMultiHopQA,10,16,582,semantic,44.9614,0.0,0.0,0,1,1,138,394,394,81388371968,81388371968,7.372,0.024
google/gemma-3-1b-it,NVIDIA GeForce RTX 5060 Ti,42,2WikiMultiHopQA,10,16,583,multi-hop,40.3025,0.0,0.0,0,1,1,28,284,284,42286972928,42286972928,7.372,0.024
google/gemma-3-1b-it,NVIDIA GeForce RTX 5060 Ti,42,2WikiMultiHopQA,10,16,584,multi-hop,43.0359,59.3793,0.0,0,0,1,63,319,319,53352071168,53352071168,7.372,0.024
google/gemma-3-1b-it,NVIDIA GeForce RTX 5060 Ti,42,2WikiMultiHopQA,10,16,585,multi-hop,37.279,73.043,42.8818,0,0,0,101,357,357,66819981312,66819981312,7.372,0.024
google/gemma-3-1b-it,NVIDIA GeForce RTX 5060 Ti,42,2WikiMultiHopQA,10,16,586,semantic,82.8209,0.0,0.0,0,1,1,2,28,28,411041792,411041792,7.372,0.024
google/gemma-3-1b-it,NVIDIA GeForce RTX 5060 Ti,42,2WikiMultiHopQA,10,16,587,semantic,43.0116,0.0,0.0,0,1,1,83,339,339,60251701248,60251701248,7.372,0.024
google/gemma-3-1b-it,NVIDIA GeForce RTX 5060 Ti,42,2WikiMultiHopQA,10,16,588,multi-hop,45.6095,88.2424,0.0,0,0,1,136,392,392,80564191232,80564191232,7.372,0.024
google/gemma-3-1b-it,NVIDIA GeForce RTX 5060 Ti,42,2WikiMultiHopQA,10,16,589,semantic,45.6481,0.0,0.0,0,1,1,50,306,306,49092231168,49092231168,7.372,0.024
google/gemma-3-1b-it,NVIDIA GeForce RTX 5060 Ti,42,2WikiMultiHopQA,10,16,590,structural,59.3551,0.0,0.0,0,1,1,85,341,341,60964732928,60964732928,7.372,0.024
google/gemma-3-1b-it,NVIDIA GeForce RTX 5060 Ti,42,2WikiMultiHopQA,10,16,591,semantic,61.9493,0.0,0.0,0,1,1,64,320,320,53687091200,53687091200,7.372,0.024
google/gemma-3-1b-it,NVIDIA GeForce RTX 5060 Ti,42,2WikiMultiHopQA,10,16,592,structural,49.9631,67.0563,56.6808,0,0,0,12,132,69,9135194112,2496135168,7.372,0.024
google/gemma-3-1b-it,NVIDIA GeForce RTX 5060 Ti,42,2WikiMultiHopQA,10,16,593,semantic,57.826,0.0,75.0432,0,1,0,110,366,366,70231523328,70231523328,7.372,0.024
google/gemma-3-1b-it,NVIDIA GeForce RTX 5060 Ti,42,2WikiMultiHopQA,10,16,594,structural,47.8112,0.0,0.0,0,1,1,104,360,360,67947724800,67947724800,7.372,0.024
google/gemma-3-1b-it,NVIDIA GeForce RTX 5060 Ti,42,2WikiMultiHopQA,10,16,595,multi-hop,47.5148,0.0,0.0,0,1,1,99,355,355,66073395200,66073395200,7.372,0.024
google/gemma-3-1b-it,NVIDIA GeForce RTX 5060 Ti,42,2WikiMultiHopQA,10,16,596,multi-hop,40.9898,37.1122,59.39,0,0,0,2,29,42,440926208,924844032,7.372,0.024
google/gemma-3-1b-it,NVIDIA GeForce RTX 5060 Ti,42,2WikiMultiHopQA,10,16,597,semantic,34.5048,0.0,69.3656,0,1,0,109,365,365,69848268800,69848268800,7.372,0.024
google/gemma-3-1b-it,NVIDIA GeForce RTX 5060 Ti,42,2WikiMultiHopQA,10,16,598,multi-hop,58.7396,45.4158,50.9675,0,0,0,5,74,44,2871001088,1015021568,7.372,0.024
google/gemma-3-1b-it,NVIDIA GeForce RTX 5060 Ti,42,2WikiMultiHopQA,10,16,599,multi-hop,71.5725,0.0,0.0,0,1,1,155,411,411,88563253248,88563253248,7.372,0.024
google/gemma-3-1b-it,NVIDIA GeForce RTX 5060 Ti,42,2WikiMultiHopQA,12,16,0,structural,45.1516,0.0,0.0,0,1,1,105,361,361,68325736448,68325736448,7.372,0.024
google/gemma-3-1b-it,NVIDIA GeForce RTX 5060 Ti,42,2WikiMultiHopQA,12,16,1,multi-hop,50.7781,54.901,56.5403,0,0,0,78,334,334,58487472128,58487472128,7.372,0.024
google/gemma-3-1b-it,NVIDIA GeForce RTX 5060 Ti,42,2WikiMultiHopQA,12,16,2,multi-hop,41.2113,0.0,0.0,0,1,1,105,361,361,68325736448,68325736448,7.372,0.024
google/gemma-3-1b-it,NVIDIA GeForce RTX 5060 Ti,42,2WikiMultiHopQA,12,16,3,semantic,59.0328,0.0,0.0,0,1,1,99,355,355,66073395200,66073395200,7.372,0.024
google/gemma-3-1b-it,NVIDIA GeForce RTX 5060 Ti,42,2WikiMultiHopQA,12,16,4,structural,89.7154,68.3905,86.2321,0,0,0,53,309,309,50059542528,50059542528,7.372,0.024
google/gemma-3-1b-it,NVIDIA GeForce RTX 5060 Ti,42,2WikiMultiHopQA,12,16,5,multi-hop,65.6992,0.0,0.0,0,1,1,48,304,304,48452599808,48452599808,7.372,0.024
google/gemma-3-1b-it,NVIDIA GeForce RTX 5060 Ti,42,2WikiMultiHopQA,12,16,6,structural,37.6002,81.3257,0.0,0,0,1,91,347,347,63128993792,63128993792,7.372,0.024
google/gemma-3-1b-it,NVIDIA GeForce RTX 5060 Ti,42,2WikiMultiHopQA,12,16,7,multi-hop,70.7831,0.0,0.0,0,1,1,147,403,403,85149089792,85149089792,7.372,0.024
google/gemma-3-1b-it,NVIDIA GeForce RTX 5060 Ti,42,2WikiMultiHopQA,12,16,8,multi-hop,55.0249,0.0,60.651,0,1,0,82,338,338,59896758272,59896758272,7.372,0.024
google/gemma-3-1b-it,NVIDIA GeForce RTX 5060 Ti,42,2WikiMultiHopQA,12,16,9,structural,43.968,80.9872,69.9124,0,0,0,34,290,290,44092620800,44092620800,7.372,0.024
google/gemma-3-1b-it,NVIDIA GeForce RTX 5060 Ti,42,2WikiMultiHopQA,12,16,10,multi-hop,30.9457,0.0,0.0,0,1,1,2,114,83,6813646848,3611820032,7.372,0.024
google/gemma-3-1b-it,NVIDIA GeForce RTX 5060 Ti,42,2WikiMultiHopQA,12,16,11,semantic,32.5262,0.0,0.0,0,1,1,105,361,361,68325736448,68325736448,7.372,0.024
google/gemma-3-1b-it,NVIDIA GeForce RTX 5060 Ti,42,2WikiMultiHopQA,12,16,12,semantic,41.8213,0.0,0.0,0,1,1,113,369,369,71387578368,71387578368,7.372,0.024
google/gemma-3-1b-it,NVIDIA GeForce RTX 5060 Ti,42,2WikiMultiHopQA,12,16,13,semantic,46.1506,0.0,0.0,0,1,1,101,357,357,66819981312,66819981312,7.372,0.024
google/gemma-3-1b-it,NVIDIA GeForce RTX 5060 Ti,42,2WikiMultiHopQA,12,16,14,multi-hop,36.39,0.0,41.707,0,1,0,103,359,359,67570761728,67570761728,7.372,0.024
google/gemma-3-1b-it,NVIDIA GeForce RTX 5060 Ti,42,2WikiMultiHopQA,12,16,15,structural,85.5543,37.516,0.0,0,0,1,78,334,334,58487472128,58487472128,7.372,0.024
google/gemma-3-1b-it,NVIDIA GeForce RTX 5060 Ti,42,2WikiMultiHopQA,12,16,16,structural,36.5144,40.9927,41.8249,0,0,0,87,343,343,61681958912,61681958912,7.372,0.024
google/gemma-3-1b-it,NVIDIA GeForce RTX 5060 Ti,42,2WikiMultiHopQA,12,16,17,semantic,67.8586,0.0,0.0,0,1,1,112,368,368,71001178112,71001178112,7.372,0.024
google/gemma-3-1b-it,NVIDIA GeForce RTX 5060 Ti,42,2WikiMultiHopQA,12,16,18,semantic,64.4021,0.0,0.0,0,1,1,8,159,264,13254524928,36540776448,7.372,0.024
google/gemma-3-1b-it,NVIDIA GeForce RTX 5060 Ti,42,2WikiMultiHopQA,12,16,19,multi-hop,29.6197,50.0087,38.1506,0,0,0,2,32,33,536870912,570949632,7.372,0.024
google/gemma-3-1b-it,NVIDIA GeForce RTX 5060 Ti,42,2WikiMultiHopQA,12,16,20,multi-hop,75.9671,0.0,0.0,0,1,1,105,361,361,68325736448,68325736448,7.372,0.024
google/gemma-3-1b-it,NVIDIA GeForce RTX 5060 Ti,42,2WikiMultiHopQA,12,16,21,multi-hop,59.9136,0.0,42.5301,0,1,0,14,270,270,38220595200,38220595200,7.372,0.024
google/gemma-3-1b-it,NVIDIA GeForce RTX 5060 Ti,42,2WikiMultiHopQA,12,16,22,structural,53.38,81.3109,48.5716,0,0,0,12,268,268,37656461312,37656461312,7.372,0.024
google/gemma-3-1b-it,NVIDIA GeForce RTX 5060 Ti,42,2WikiMultiHopQA,12,16,23,semantic,35.0167,0.0,0.0,0,1,1,27,283,283,41989701632,41989701632,7.372,0.024
google/gemma-3-1b-it,NVIDIA GeForce RTX 5060 Ti,42,2WikiMultiHopQA,12,16,24,semantic,43.2294,0.0,0.0,0,1,1,139,395,395,81802035200,81802035200,7.372,0.024
google/gemma-3-1b-it,NVIDIA GeForce RTX 5060 Ti,42,2WikiMultiHopQA,12,16,25,multi-hop,46.6101,0.0,0.0,0,1,1,100,356,356,66446163968,66446163968,7.372,0.024
google/gemma-3-1b-it,NVIDIA GeForce RTX 5060 Ti,42,2WikiMultiHopQA,12,16,26,multi-hop,58.8924,0.0,0.0,0,1,1,105,361,361,68325736448,68325736448,7.372,0.024
google/gemma-3-1b-it,NVIDIA GeForce RTX 5060 Ti,42,2WikiMultiHopQA,12,16,27,multi-hop,55.2223,0.0,0.0,0,1,1,28,284,284,42286972928,42286972928,7.372,0.024
google/gemma-3-1b-it,NVIDIA GeForce RTX 5060 Ti,42,2WikiMultiHopQA,12,16,28,semantic,35.6843,0.0,0.0,0,1,1,41,297,297,46246920192,46246920192,7.372,0.024
google/gemma-3-1b-it,NVIDIA GeForce RTX 5060 Ti,42,2WikiMultiHopQA,12,16,29,structural,41.0399,44.109,40.6658,0,0,0,4,43,33,969408512,570949632,7.372,0.024
google/gemma-3-1b-it,NVIDIA GeForce RTX 5060 Ti,42,2WikiMultiHopQA,12,16,30,multi-hop,42.6231,0.0,0.0,0,1,1,102,358,358,67194847232,67194847232,7.372,0.024
google/gemma-3-1b-it,NVIDIA GeForce RTX 5060 Ti,42,2WikiMultiHopQA,12,16,31,multi-hop,39.723,0.0,0.0,0,1,1,149,405,405,85996339200,85996339200,7.372,0.024
google/gemma-3-1b-it,NVIDIA GeForce RTX 5060 Ti,42,2WikiMultiHopQA,12,16,32,semantic,51.9379,0.0,0.0,0,1,1,116,372,372,72553070592,72553070592,7.372,0.024
google/gemma-3-1b-it,NVIDIA GeForce RTX 5060 Ti,42,2WikiMultiHopQA,12,16,33,structural,58.4671,55.5177,0.0,0,0,1,49,305,305,48771891200,48771891200,7.372,0.024
google/gemma-3-1b-it,NVIDIA GeForce RTX 5060 Ti,42,2WikiMultiHopQA,12,16,34,structural,38.7501,45.7897,57.5755,0,0,0,29,285,285,42585292800,42585292800,7.372,0.024
google/gemma-3-1b-it,NVIDIA GeForce RTX 5060 Ti,42,2WikiMultiHopQA,12,16,35,semantic,0.0,0.0,0.0,1,1,1,102,358,358,67194847232,67194847232,7.372,0.024
google/gemma-3-1b-it,NVIDIA GeForce RTX 5060 Ti,42,2WikiMultiHopQA,12,16,36,structural,48.3171,80.5149,52.7293,0,0,0,51,307,307,49413619712,49413619712,7.372,0.024
google/gemma-3-1b-it,NVIDIA GeForce RTX 5060 Ti,42,2WikiMultiHopQA,12,16,37,multi-hop,0.0,0.0,0.0,1,1,1,57,313,313,51363971072,51363971072,7.372,0.024
google/gemma-3-1b-it,NVIDIA GeForce RTX 5060 Ti,42,2WikiMultiHopQA,12,16,38,multi-hop,41.5082,0.0,0.0,0,1,1,76,332,332,57789120512,57789120512,7.372,0.024
google/gemma-3-1b-it,NVIDIA GeForce RTX 5060 Ti,42,2WikiMultiHopQA,12,16,39,multi-hop,61.3105,50.8081,74.3532,0,0,0,102,358,358,67194847232,67194847232,7.372,0.024
google/gemma-3-1b-it,NVIDIA GeForce RTX 5060 Ti,42,2WikiMultiHopQA,12,16,40,semantic,57.0756,89.3096,0.0,0,0,1,108,364,364,69466062848,69466062848,7.372,0.024
google/gemma-3-1b-it,NVIDIA GeForce RTX 5060 Ti,42,2WikiMultiHopQA,12,16,41,multi-hop,88.4845,0.0,0.0,0,1,1,109,365,365,69848268800,69848268800,7.372,0.024
google/gemma-3-1b-it,NVIDIA GeForce RTX 5060 Ti,42,2WikiMultiHopQA,12,16,42,semantic,78.249,0.0,0.0,0,1,1,105,361,361,68325736448,68325736448,7.372,0.024
google/gemma-3-1b-it,NVIDIA GeForce RTX 5060 Ti,42,2WikiMultiHopQA,12,16,43,semantic,49.9999,0.0,0.0,0,1,1,129,385,385,77712588800,77712588800,7.372,0.024
google/gemma-3-1b-it,NVIDIA GeForce RTX 5060 Ti,42,2WikiMultiHopQA,12,16,44,multi-hop,38.5276,35.5122,0.0,0,0,1,36,292,292,44702892032,44702892032,7.372,0.024
google/gemma-3-1b-it,NVIDIA GeForce RTX 5060 Ti,42,2WikiMultiHopQA,12,16,45,structural,44.4232,68.1592,0.0,0,0,1,12,268,268,37656461312,37656461312,7.372,0.024
google/gemma-3-1b-it,NVIDIA GeForce RTX 5060 Ti,42,2WikiMultiHopQA,12,16,46,structural,29.9185,49.2225,0.0,0,0,1,78,334,334,58487472128,58487472128,7.372,0.024
google/gemma-3-1b-it,NVIDIA GeForce RTX 5060 Ti,42,2WikiMultiHopQA,12,16,47,semantic,73.9236,0.0,37.3981,0,1,0,33,289,289,43789058048,43789058048,7.372,0.024
google/gemma-3-1b-it,NVIDIA GeForce RTX 5060 Ti,42,2WikiMultiHopQA,12,16,48,multi-hop,48.6312,0.0,0.0,0,1,1,76,332,332,57789120512,57789120512,7.372,0.024
google/gemma-3-1b-it,NVIDIA GeForce RTX 5060 Ti,42,2WikiMultiHopQA,12,16,49,structural,35.3801,43.5945,33.483,0,0,0,65,321,321,54023159808,54023159808,7.372,0.024
google/gemma-3-1b-it,NVIDIA GeForce RTX 5060 Ti,42,2WikiMultiHopQA,12,16,50,multi-hop,50.213,0.0,0.0,0,1,1,98,354,354,65701675008,65701675008,7.372,0.024
google/gemma-3-1b-it,NVIDIA GeForce RTX 5060 Ti,42,2WikiMultiHopQA,12,16,51,structural,33.7753,43.9245,72.092,0,0,0,2,148,258,11484004352,34898706432,7.372,0.024
google/gemma-3-1b-it,NVIDIA GeForce RTX 5060 Ti,42,2WikiMultiHopQA,12,16,52,semantic,77.3692,0.0,0.0,0,1,1,113,369,369,71387578368,71387578368,7.372,0.024
google/gemma-3-1b-it,NVIDIA GeForce RTX 5060 Ti,42,2WikiMultiHopQA,12,16,53,structural,43.3626,54.4862,53.4333,0,0,0,114,370,370,71775027200,71775027200,7.372,0.024
google/gemma-3-1b-it,NVIDIA GeForce RTX 5060 Ti,42,2WikiMultiHopQA,12,16,54,structural,74.5426,0.0,0.0,0,1,1,103,359,359,67570761728,67570761728,7.372,0.024
google/gemma-3-1b-it,NVIDIA GeForce RTX 5060 Ti,42,2WikiMultiHopQA,12,16,55,semantic,32.6319,0.0,0.0,0,1,1,58,314,314,51692699648,51692699648,7.372,0.024
google/gemma-3-1b-it,NVIDIA GeForce RTX 5060 Ti,42,2WikiMultiHopQA,12,16,56,multi-hop,44.0049,0.0,0.0,0,1,1,206,462,462,111906127872,111906127872,7.372,0.024
google/gemma-3-1b-it,NVIDIA GeForce RTX 5060 Ti,42,2WikiMultiHopQA,12,16,57,structural,63.6546,0.0,0.0,0,1,1,78,334,334,58487472128,58487472128,7.372,0.024
google/gemma-3-1b-it,NVIDIA GeForce RTX 5060 Ti,42,2WikiMultiHopQA,12,16,58,multi-hop,31.5007,0.0,39.8611,0,1,0,127,383,383,76907282432,76907282432,7.372,0.024
google/gemma-3-1b-it,NVIDIA GeForce RTX 5060 Ti,42,2WikiMultiHopQA,12,16,59,semantic,69.9174,0.0,0.0,0,1,1,97,353,353,65331003392,65331003392,7.372,0.024
google/gemma-3-1b-it,NVIDIA GeForce RTX 5060 Ti,42,2WikiMultiHopQA,12,16,60,semantic,38.4646,0.0,0.0,0,1,1,8,264,264,36540776448,36540776448,7.372,0.024
google/gemma-3-1b-it,NVIDIA GeForce RTX 5060 Ti,42,2WikiMultiHopQA,12,16,61,structural,59.7092,58.8625,49.2214,0,0,0,122,378,378,74912366592,74912366592,7.372,0.024
google/gemma-3-1b-it,NVIDIA GeForce RTX 5060 Ti,42,2WikiMultiHopQA,12,16,62,semantic,41.2476,0.0,0.0,0,1,1,84,340,340,60607692800,60607692800,7.372,0.024
google/gemma-3-1b-it,NVIDIA GeForce RTX 5060 Ti,42,2WikiMultiHopQA,12,16,63,multi-hop,42.2094,64.6926,68.1595,0,0,0,7,263,263,36264476672,36264476672,7.372,0.024
google/gemma-3-1b-it,NVIDIA GeForce RTX 5060 Ti,42,2WikiMultiHopQA,12,16,64,multi-hop,38.4742,0.0,0.0,0,1,1,112,368,368,71001178112,71001178112,7.372,0.024
google/gemma-3-1b-it,NVIDIA GeForce RTX 5060 Ti,42,2WikiMultiHopQA,12,16,65,multi-hop,52.4674,0.0,0.0,0,1,1,114,370,370,71775027200,71775027200,7.372,0.024
google/gemma-3-1b-it,NVIDIA GeForce RTX 5060 Ti,42,2WikiMultiHopQA,12,16,66,multi-hop,56.0834,0.0,0.0,0,1,1,106,362,362,68704796672,68704796672,7.372,0.024
google/gemma-3-1b-it,NVIDIA GeForce RTX 5060 Ti,42,2WikiMultiHopQA,12,16,67,semantic,57.4421,0.0,0.0,0,1,1,101,357,357,66819981312,66819981312,7.372,0.024
google/gemma-3-1b-it,NVIDIA GeForce RTX 5060 Ti,42,2WikiMultiHopQA,12,16,68,structural,58.988,36.62,50.674,0,0,0,101,357,357,66819981312,66819981312,7.372,0.024
google/gemma-3-1b-it,NVIDIA GeForce RTX 5060 Ti,42,2WikiMultiHopQA,12,16,69,multi-hop,42.6813,0.0,0.0,0,1,1,142,398,398,83049316352,83049316352,7.372,0.024
google/gemma-3-1b-it,NVIDIA GeForce RTX 5060 Ti,42,2WikiMultiHopQA,12,16,70,structural,38.6509,0.0,0.0,0,1,1,17,273,273,39074660352,39074660352,7.372,0.024
google/gemma-3-1b-it,NVIDIA GeForce RTX 5060 Ti,42,2WikiMultiHopQA,12,16,71,multi-hop,64.0558,34.4793,0.0,0,0,1,34,290,290,44092620800,44092620800,7.372,0.024
google/gemma-3-1b-it,NVIDIA GeForce RTX 5060 Ti,42,2WikiMultiHopQA,12,16,72,semantic,46.7477,0.0,0.0,0,1,1,2,32,33,536870912,570949632,7.372,0.024
google/gemma-3-1b-it,NVIDIA GeForce RTX 5060 Ti,42,2WikiMultiHopQA,12,16,73,multi-hop,30.6199,0.0,0.0,0,1,1,113,369,369,71387578368,71387578368,7.372,0.024
google/gemma-3-1b-it,NVIDIA GeForce RTX 5060 Ti,42,2WikiMultiHopQA,12,16,74,multi-hop,79.9139,52.972,0.0,0,0,1,117,373,373,72943665152,72943665152,7.372,0.024
google/gemma-3-1b-it,NVIDIA GeForce RTX 5060 Ti,42,2WikiMultiHopQA,12,16,75,structural,38.0483,0.0,0.0,0,1,1,114,370,370,71775027200,71775027200,7.372,0.024
google/gemma-3-1b-it,NVIDIA GeForce RTX 5060 Ti,42,2WikiMultiHopQA,12,16,76,multi-hop,62.9507,0.0,0.0,0,1,1,59,315,315,52022476800,52022476800,7.372,0.024
google/gemma-3-1b-it,NVIDIA GeForce RTX 5060 Ti,42,2WikiMultiHopQA,12,16,77,semantic,56.7198,0.0,0.0,0,1,1,20,276,64,39938162688,2147483648,7.372,0.024
google/gemma-3-1b-it,NVIDIA GeForce RTX 5060 Ti,42,2WikiMultiHopQA,12,16,78,semantic,33.9011,0.0,0.0,0,1,1,40,296,296,45936017408,45936017408,7.372,0.024
google/gemma-3-1b-it,NVIDIA GeForce RTX 5060 Ti,42,2WikiMultiHopQA,12,16,79,semantic,54.7225,0.0,0.0,0,1,1,85,341,341,60964732928,60964732928,7.372,0.024
google/gemma-3-1b-it,NVIDIA GeForce RTX 5060 Ti,42,2WikiMultiHopQA,12,16,80,structural,53.9765,79.4774,0.0,0,0,1,96,352,352,64961380352,64961380352,7.372,0.024
google/gemma-3-1b-it,NVIDIA GeForce RTX 5060 Ti,42,2WikiMultiHopQA,12,16,81,multi-hop,57.9665,0.0,0.0,0,1,1,127,383,383,76907282432,76907282432,7.372,0.024
google/gemma-3-1b-it,NVIDIA GeForce RTX 5060 Ti,42,2WikiMultiHopQA,12,16,82,multi-hop,45.9633,38.9446,0.0,0,0,1,25,281,281,41398304768,41398304768,7.372,0.024
google/gemma-3-1b-it,NVIDIA GeForce RTX 5060 Ti,42,2WikiMultiHopQA,12,16,83,structural,66.4305,73.0186,40.076,0,0,0,114,370,370,71775027200,71775027200,7.372,0.024
google/gemma-3-1b-it,NVIDIA GeForce RTX 5060 Ti,42,2WikiMultiHopQA,12,16,84,semantic,34.154,0.0,0.0,0,1,1,50,306,306,49092231168,49092231168,7.372,0.024
google/gemma-3-1b-it,NVIDIA GeForce RTX 5060 Ti,42,2WikiMultiHopQA,12,16,85,semantic,39.0588,0.0,0.0,0,1,1,87,343,343,61681958912,61681958912,7.372,0.024
google/gemma-3-1b-it,NVIDIA GeForce RTX 5060 Ti,42,2WikiMultiHopQA,12,16,86,multi-hop,84.2145,0.0,0.0,0,1,1,103,359,359,67570761728,67570761728,7.372,0.024
google/gemma-3-1b-it,NVIDIA GeForce RTX 5060 Ti,42,2WikiMultiHopQA,12,16,87,multi-hop,54.264,0.0,0.0,0,1,1,24,280,280,41104179200,41104179200,7.372,0.024
google/gemma-3-1b-it,NVIDIA GeForce RTX 5060 Ti,42,2WikiMultiHopQA,12,16,88,multi-hop,35.6275,86.1973,83.1349,0,0,0,95,351,351,64592805888,64592805888,7.372,0.024
google/gemma-3-1b-it,NVIDIA GeForce RTX 5060 Ti,42,2WikiMultiHopQA,12,16,89,multi-hop,60.5344,0.0,0.0,0,1,1,63,319,319,53352071168,53352071168,7.372,0.024
google/gemma-3-1b-it,NVIDIA GeForce RTX 5060 Ti,42,2WikiMultiHopQA,12,16,90,semantic,53.533,0.0,0.0,0,1,1,102,358,358,67194847232,67194847232,7.372,0.024
google/gemma-3-1b-it,NVIDIA GeForce RTX 5060 Ti,42,2WikiMultiHopQA,12,16,91,multi-hop,45.9263,71.4687,97.1279,0,0,0,110,366,366,70231523328,70231523328,7.372,0.024
google/gemma-3-1b-it,NVIDIA GeForce RTX 5060 Ti,42,2WikiMultiHopQA,12,16,92,semantic,38.57,0.0,0.0,0,1,1,125,381,381,76106170368,76106170368,7.372,0.024
google/gemma-3-1b-it,NVIDIA GeForce RTX 5060 Ti,42,2WikiMultiHopQA,12,16,93,semantic,0.0,0.0,0.0,1,1,1,87,343,343,61681958912,61681958912,7.372,0.024
google/gemma-3-1b-it,NVIDIA GeForce RTX 5060 Ti,42,2WikiMultiHopQA,12,16,94,semantic,35.3456,0.0,0.0,0,1,1,2,114,83,6813646848,3611820032,7.372,0.024
google/gemma-3-1b-it,NVIDIA GeForce RTX 5060 Ti,42,2WikiMultiHopQA,12,16,95,semantic,40.5788,0.0,0.0,0,1,1,101,357,357,66819981312,66819981312,7.372,0.024
google/gemma-3-1b-it,NVIDIA GeForce RTX 5060 Ti,42,2WikiMultiHopQA,12,16,96,multi-hop,36.4497,0.0,0.0,0,1,1,112,368,368,71001178112,71001178112,7.372,0.024
google/gemma-3-1b-it,NVIDIA GeForce RTX 5060 Ti,42,2WikiMultiHopQA,12,16,97,structural,32.1355,0.0,0.0,0,1,1,100,356,356,66446163968,66446163968,7.372,0.024
google/gemma-3-1b-it,NVIDIA GeForce RTX 5060 Ti,42,2WikiMultiHopQA,12,16,98,multi-hop,38.1578,0.0,0.0,0,1,1,55,311,311,50709659648,50709659648,7.372,0.024
google/gemma-3-1b-it,NVIDIA GeForce RTX 5060 Ti,42,2WikiMultiHopQA,12,16,99,semantic,68.0138,0.0,0.0,0,1,1,24,280,280,41104179200,41104179200,7.372,0.024
google/gemma-3-1b-it,NVIDIA GeForce RTX 5060 Ti,42,2WikiMultiHopQA,12,16,100,semantic,50.4307,0.0,0.0,0,1,1,109,365,365,69848268800,69848268800,7.372,0.024
google/gemma-3-1b-it,NVIDIA GeForce RTX 5060 Ti,42,2WikiMultiHopQA,12,16,101,multi-hop,52.5318,0.0,0.0,0,1,1,61,317,317,52685176832,52685176832,7.372,0.024
google/gemma-3-1b-it,NVIDIA GeForce RTX 5060 Ti,42,2WikiMultiHopQA,12,16,102,multi-hop,0.0,0.0,0.0,1,1,1,105,361,361,68325736448,68325736448,7.372,0.024
google/gemma-3-1b-it,NVIDIA GeForce RTX 5060 Ti,42,2WikiMultiHopQA,12,16,103,semantic,49.4896,0.0,0.0,0,1,1,115,371,371,72163524608,72163524608,7.372,0.024
google/gemma-3-1b-it,NVIDIA GeForce RTX 5060 Ti,42,2WikiMultiHopQA,12,16,104,multi-hop,93.0869,0.0,85.2436,0,1,0,66,322,322,54360276992,54360276992,7.372,0.024
google/gemma-3-1b-it,NVIDIA GeForce RTX 5060 Ti,42,2WikiMultiHopQA,12,16,105,semantic,37.1778,0.0,0.0,0,1,1,119,375,375,73728000000,73728000000,7.372,0.024
google/gemma-3-1b-it,NVIDIA GeForce RTX 5060 Ti,42,2WikiMultiHopQA,12,16,106,semantic,56.3809,0.0,0.0,0,1,1,128,384,384,77309411328,77309411328,7.372,0.024
google/gemma-3-1b-it,NVIDIA GeForce RTX 5060 Ti,42,2WikiMultiHopQA,12,16,107,structural,81.697,0.0,0.0,0,1,1,27,283,283,41989701632,41989701632,7.372,0.024
google/gemma-3-1b-it,NVIDIA GeForce RTX 5060 Ti,42,2WikiMultiHopQA,12,16,108,structural,56.666,47.8531,36.3412,0,0,0,16,272,272,38788923392,38788923392,7.372,0.024
google/gemma-3-1b-it,NVIDIA GeForce RTX 5060 Ti,42,2WikiMultiHopQA,12,16,109,multi-hop,48.6818,38.9764,51.1748,0,0,0,35,291,291,44397232128,44397232128,7.372,0.024
google/gemma-3-1b-it,NVIDIA GeForce RTX 5060 Ti,42,2WikiMultiHopQA,12,16,110,multi-hop,42.5638,0.0,0.0,0,1,1,109,365,365,69848268800,69848268800,7.372,0.024
google/gemma-3-1b-it,NVIDIA GeForce RTX 5060 Ti,42,2WikiMultiHopQA,12,16,111,multi-hop,79.2584,0.0,0.0,0,1,1,28,284,284,42286972928,42286972928,7.372,0.024
google/gemma-3-1b-it,NVIDIA GeForce RTX 5060 Ti,42,2WikiMultiHopQA,12,16,112,semantic,93.9042,0.0,39.7293,0,1,0,28,284,284,42286972928,42286972928,7.372,0.024
google/gemma-3-1b-it,NVIDIA GeForce RTX 5060 Ti,42,2WikiMultiHopQA,12,16,113,multi-hop,31.1746,0.0,0.0,0,1,1,93,349,349,63858802688,63858802688,7.372,0.024
google/gemma-3-1b-it,NVIDIA GeForce RTX 5060 Ti,42,2WikiMultiHopQA,12,16,114,multi-hop,42.2543,0.0,0.0,0,1,1,48,304,304,48452599808,48452599808,7.372,0.024
google/gemma-3-1b-it,NVIDIA GeForce RTX 5060 Ti,42,2WikiMultiHopQA,12,16,115,multi-hop,54.8387,55.2744,58.9721,0,0,0,78,334,334,58487472128,58487472128,7.372,0.024
google/gemma-3-1b-it,NVIDIA GeForce RTX 5060 Ti,42,2WikiMultiHopQA,12,16,116,semantic,0.0,0.0,0.0,1,1,1,101,357,357,66819981312,66819981312,7.372,0.024
google/gemma-3-1b-it,NVIDIA GeForce RTX 5060 Ti,42,2WikiMultiHopQA,12,16,117,multi-hop,33.5396,0.0,0.0,0,1,1,114,370,370,71775027200,71775027200,7.372,0.024
google/gemma-3-1b-it,NVIDIA GeForce RTX 5060 Ti,42,2WikiMultiHopQA,12,16,118,multi-hop,42.1906,0.0,0.0,0,1,1,25,281,281,41398304768,41398304768,7.372,0.024
google/gemma-3-1b-it,NVIDIA GeForce RTX 5060 Ti,42,2WikiMultiHopQA,12,16,119,multi-hop,84.9376,0.0,0.0,0,1,1,86,342,342,61322821632,61322821632,7.372,0.024
google/gemma-3-1b-it,NVIDIA GeForce RTX 5060 Ti,42,2WikiMultiHopQA,12,16,120,structural,64.3631,54.8812,53.2438,0,0,0,64,320,320,53687091200,53687091200,7.372,0.024
google/gemma-3-1b-it,NVIDIA GeForce RTX 5060 Ti,42,2WikiMultiHopQA,12,16,121,multi-hop,101.1536,0.0,0.0,0,1,1,114,370,370,71775027200,71775027200,7.372,0.024
google/gemma-3-1b-it,NVIDIA GeForce RTX 5060 Ti,42,2WikiMultiHopQA,12,16,122,semantic,36.9921,0.0,0.0,0,1,1,74,330,330,57094963200,57094963200,7.372,0.024
google/gemma-3-1b-it,NVIDIA GeForce RTX 5060 Ti,42,2WikiMultiHopQA,12,16,123,semantic,46.5482,0.0,0.0,0,1,1,93,349,349,63858802688,63858802688,7.372,0.024
google/gemma-3-1b-it,NVIDIA GeForce RTX 5060 Ti,42,2WikiMultiHopQA,12,16,124,multi-hop,36.7719,36.9864,85.4306,0,0,0,2,30,31,471859200,503840768,7.372,0.024
google/gemma-3-1b-it,NVIDIA GeForce RTX 5060 Ti,42,2WikiMultiHopQA,12,16,125,semantic,41.3901,0.0,0.0,0,1,1,110,366,366,70231523328,70231523328,7.372,0.024
google/gemma-3-1b-it,NVIDIA GeForce RTX 5060 Ti,42,2WikiMultiHopQA,12,16,126,semantic,68.0411,0.0,0.0,0,1,1,83,339,339,60251701248,60251701248,7.372,0.024
google/gemma-3-1b-it,NVIDIA GeForce RTX 5060 Ti,42,2WikiMultiHopQA,12,16,127,multi-hop,70.8868,0.0,0.0,0,1,1,101,357,357,66819981312,66819981312,7.372,0.024
google/gemma-3-1b-it,NVIDIA GeForce RTX 5060 Ti,42,2WikiMultiHopQA,12,16,128,multi-hop,95.8045,0.0,0.0,0,1,1,118,374,374,73335308288,73335308288,7.372,0.024
google/gemma-3-1b-it,NVIDIA GeForce RTX 5060 Ti,42,2WikiMultiHopQA,12,16,129,structural,36.0401,35.6694,0.0,0,0,1,109,365,365,69848268800,69848268800,7.372,0.024
google/gemma-3-1b-it,NVIDIA GeForce RTX 5060 Ti,42,2WikiMultiHopQA,12,16,130,semantic,80.7095,0.0,0.0,0,1,1,119,375,375,73728000000,73728000000,7.372,0.024
google/gemma-3-1b-it,NVIDIA GeForce RTX 5060 Ti,42,2WikiMultiHopQA,12,16,131,semantic,76.1511,0.0,0.0,0,1,1,19,275,275,39649280000,39649280000,7.372,0.024
google/gemma-3-1b-it,NVIDIA GeForce RTX 5060 Ti,42,2WikiMultiHopQA,12,16,132,semantic,40.9269,0.0,0.0,0,1,1,67,323,323,54698442752,54698442752,7.372,0.024
google/gemma-3-1b-it,NVIDIA GeForce RTX 5060 Ti,42,2WikiMultiHopQA,12,16,133,multi-hop,91.6747,0.0,0.0,0,1,1,101,357,357,66819981312,66819981312,7.372,0.024
google/gemma-3-1b-it,NVIDIA GeForce RTX 5060 Ti,42,2WikiMultiHopQA,12,16,134,structural,57.8411,58.6714,0.0,0,0,1,113,369,369,71387578368,71387578368,7.372,0.024
google/gemma-3-1b-it,NVIDIA GeForce RTX 5060 Ti,42,2WikiMultiHopQA,12,16,135,multi-hop,45.9267,0.0,35.9826,0,1,0,83,339,339,60251701248,60251701248,7.372,0.024
google/gemma-3-1b-it,NVIDIA GeForce RTX 5060 Ti,42,2WikiMultiHopQA,12,16,136,semantic,72.0772,0.0,0.0,0,1,1,121,377,377,74516529152,74516529152,7.372,0.024
google/gemma-3-1b-it,NVIDIA GeForce RTX 5060 Ti,42,2WikiMultiHopQA,12,16,137,semantic,58.4678,0.0,0.0,0,1,1,99,355,355,66073395200,66073395200,7.372,0.024
google/gemma-3-1b-it,NVIDIA GeForce RTX 5060 Ti,42,2WikiMultiHopQA,12,16,138,semantic,88.2423,0.0,54.5871,0,1,0,109,365,365,69848268800,69848268800,7.372,0.024
google/gemma-3-1b-it,NVIDIA GeForce RTX 5060 Ti,42,2WikiMultiHopQA,12,16,139,multi-hop,50.5923,0.0,0.0,0,1,1,109,365,365,69848268800,69848268800,7.372,0.024
google/gemma-3-1b-it,NVIDIA GeForce RTX 5060 Ti,42,2WikiMultiHopQA,12,16,140,structural,31.5319,61.8806,49.7017,0,0,0,95,351,351,64592805888,64592805888,7.372,0.024
google/gemma-3-1b-it,NVIDIA GeForce RTX 5060 Ti,42,2WikiMultiHopQA,12,16,141,semantic,51.5891,0.0,0.0,0,1,1,29,285,285,42585292800,42585292800,7.372,0.024
google/gemma-3-1b-it,NVIDIA GeForce RTX 5060 Ti,42,2WikiMultiHopQA,12,16,142,multi-hop,41.1104,0.0,0.0,0,1,1,93,349,349,63858802688,63858802688,7.372,0.024
google/gemma-3-1b-it,NVIDIA GeForce RTX 5060 Ti,42,2WikiMultiHopQA,12,16,143,semantic,34.6318,0.0,0.0,0,1,1,73,329,329,56749457408,56749457408,7.372,0.024
google/gemma-3-1b-it,NVIDIA GeForce RTX 5060 Ti,42,2WikiMultiHopQA,12,16,144,multi-hop,0.0,0.0,0.0,1,1,1,118,374,374,73335308288,73335308288,7.372,0.024
google/gemma-3-1b-it,NVIDIA GeForce RTX 5060 Ti,42,2WikiMultiHopQA,12,16,145,multi-hop,30.1928,0.0,0.0,0,1,1,27,283,283,41989701632,41989701632,7.372,0.024
google/gemma-3-1b-it,NVIDIA GeForce RTX 5060 Ti,42,2WikiMultiHopQA,12,16,146,multi-hop,34.1847,0.0,0.0,0,1,1,114,370,370,71775027200,71775027200,7.372,0.024
google/gemma-3-1b-it,NVIDIA GeForce RTX 5060 Ti,42,2WikiMultiHopQA,12,16,147,multi-hop,46.3718,0.0,0.0,0,1,1,128,384,384,77309411328,77309411328,7.372,0.024
google/gemma-3-1b-it,NVIDIA GeForce RTX 5060 Ti,42,2WikiMultiHopQA,12,16,148,multi-hop,35.5098,0.0,0.0,0,1,1,80,336,336,59190018048,59190018048,7.372,0.024
google/gemma-3-1b-it,NVIDIA GeForce RTX 5060 Ti,42,2WikiMultiHopQA,12,16,149,multi-hop,44.9009,55.1009,43.5841,0,0,0,101,357,357,66819981312,66819981312,7.372,0.024
google/gemma-3-1b-it,NVIDIA GeForce RTX 5060 Ti,42,2WikiMultiHopQA,12,16,150,semantic,57.0239,0.0,0.0,0,1,1,83,339,339,60251701248,60251701248,7.372,0.024
google/gemma-3-1b-it,NVIDIA GeForce RTX 5060 Ti,42,2WikiMultiHopQA,12,16,151,structural,51.0095,37.7919,57.4846,0,0,0,24,280,280,41104179200,41104179200,7.372,0.024
google/gemma-3-1b-it,NVIDIA GeForce RTX 5060 Ti,42,2WikiMultiHopQA,12,16,152,structural,35.6239,0.0,0.0,0,1,1,67,323,323,54698442752,54698442752,7.372,0.024
google/gemma-3-1b-it,NVIDIA GeForce RTX 5060 Ti,42,2WikiMultiHopQA,12,16,153,structural,56.926,0.0,0.0,0,1,1,85,341,341,60964732928,60964732928,7.372,0.024
google/gemma-3-1b-it,NVIDIA GeForce RTX 5060 Ti,42,2WikiMultiHopQA,12,16,154,multi-hop,0.0,40.2497,30.1117,1,0,0,24,280,280,41104179200,41104179200,7.372,0.024
google/gemma-3-1b-it,NVIDIA GeForce RTX 5060 Ti,42,2WikiMultiHopQA,12,16,155,multi-hop,34.8536,0.0,0.0,0,1,1,4,43,33,969408512,570949632,7.372,0.024
google/gemma-3-1b-it,NVIDIA GeForce RTX 5060 Ti,42,2WikiMultiHopQA,12,16,156,structural,38.8583,0.0,0.0,0,1,1,102,358,358,67194847232,67194847232,7.372,0.024
google/gemma-3-1b-it,NVIDIA GeForce RTX 5060 Ti,42,2WikiMultiHopQA,12,16,157,multi-hop,31.3933,0.0,0.0,0,1,1,105,361,361,68325736448,68325736448,7.372,0.024
google/gemma-3-1b-it,NVIDIA GeForce RTX 5060 Ti,42,2WikiMultiHopQA,12,16,158,multi-hop,34.4059,0.0,0.0,0,1,1,107,363,363,69084905472,69084905472,7.372,0.024
google/gemma-3-1b-it,NVIDIA GeForce RTX 5060 Ti,42,2WikiMultiHopQA,12,16,159,structural,53.8345,35.6133,47.9435,0,0,0,115,371,371,72163524608,72163524608,7.372,0.024
google/gemma-3-1b-it,NVIDIA GeForce RTX 5060 Ti,42,2WikiMultiHopQA,12,16,160,semantic,59.7116,0.0,0.0,0,1,1,64,320,320,53687091200,53687091200,7.372,0.024
google/gemma-3-1b-it,NVIDIA GeForce RTX 5060 Ti,42,2WikiMultiHopQA,12,16,161,multi-hop,71.6632,0.0,0.0,0,1,1,63,319,319,53352071168,53352071168,7.372,0.024
google/gemma-3-1b-it,NVIDIA GeForce RTX 5060 Ti,42,2WikiMultiHopQA,12,16,162,multi-hop,50.3612,0.0,0.0,0,1,1,95,351,351,64592805888,64592805888,7.372,0.024
google/gemma-3-1b-it,NVIDIA GeForce RTX 5060 Ti,42,2WikiMultiHopQA,12,16,163,multi-hop,38.3642,40.6637,42.7822,0,0,0,105,361,361,68325736448,68325736448,7.372,0.024
google/gemma-3-1b-it,NVIDIA GeForce RTX 5060 Ti,42,2WikiMultiHopQA,12,16,164,semantic,48.2256,0.0,0.0,0,1,1,93,349,349,63858802688,63858802688,7.372,0.024
google/gemma-3-1b-it,NVIDIA GeForce RTX 5060 Ti,42,2WikiMultiHopQA,12,16,165,multi-hop,37.651,0.0,0.0,0,1,1,87,343,343,61681958912,61681958912,7.372,0.024
google/gemma-3-1b-it,NVIDIA GeForce RTX 5060 Ti,42,2WikiMultiHopQA,12,16,166,multi-hop,54.3574,0.0,0.0,0,1,1,108,364,364,69466062848,69466062848,7.372,0.024
google/gemma-3-1b-it,NVIDIA GeForce RTX 5060 Ti,42,2WikiMultiHopQA,12,16,167,multi-hop,33.4397,0.0,0.0,0,1,1,91,347,347,63128993792,63128993792,7.372,0.024
google/gemma-3-1b-it,NVIDIA GeForce RTX 5060 Ti,42,2WikiMultiHopQA,12,16,168,semantic,43.9628,0.0,0.0,0,1,1,106,362,362,68704796672,68704796672,7.372,0.024
google/gemma-3-1b-it,NVIDIA GeForce RTX 5060 Ti,42,2WikiMultiHopQA,12,16,169,multi-hop,50.3362,51.583,0.0,0,0,1,80,336,336,59190018048,59190018048,7.372,0.024
google/gemma-3-1b-it,NVIDIA GeForce RTX 5060 Ti,42,2WikiMultiHopQA,12,16,170,multi-hop,71.7476,79.2351,47.4006,0,0,0,2,58,33,1763704832,570949632,7.372,0.024
google/gemma-3-1b-it,NVIDIA GeForce RTX 5060 Ti,42,2WikiMultiHopQA,12,16,171,multi-hop,58.9735,0.0,0.0,0,1,1,149,405,405,85996339200,85996339200,7.372,0.024
google/gemma-3-1b-it,NVIDIA GeForce RTX 5060 Ti,42,2WikiMultiHopQA,12,16,172,structural,28.5402,0.0,0.0,0,1,1,95,351,351,64592805888,64592805888,7.372,0.024
google/gemma-3-1b-it,NVIDIA GeForce RTX 5060 Ti,42,2WikiMultiHopQA,12,16,173,multi-hop,34.5384,0.0,0.0,0,1,1,109,365,365,69848268800,69848268800,7.372,0.024
google/gemma-3-1b-it,NVIDIA GeForce RTX 5060 Ti,42,2WikiMultiHopQA,12,16,174,semantic,0.0,0.0,0.0,1,1,1,100,356,356,66446163968,66446163968,7.372,0.024
google/gemma-3-1b-it,NVIDIA GeForce RTX 5060 Ti,42,2WikiMultiHopQA,12,16,175,multi-hop,29.444,62.9003,87.4504,0,0,0,106,362,362,68704796672,68704796672,7.372,0.024
google/gemma-3-1b-it,NVIDIA GeForce RTX 5060 Ti,42,2WikiMultiHopQA,12,16,176,multi-hop,37.3059,0.0,0.0,0,1,1,76,332,332,57789120512,57789120512,7.372,0.024
google/gemma-3-1b-it,NVIDIA GeForce RTX 5060 Ti,42,2WikiMultiHopQA,12,16,177,multi-hop,64.3835,0.0,0.0,0,1,1,139,395,395,81802035200,81802035200,7.372,0.024
google/gemma-3-1b-it,NVIDIA GeForce RTX 5060 Ti,42,2WikiMultiHopQA,12,16,178,structural,40.4119,41.6965,54.1719,0,0,0,117,373,373,72943665152,72943665152,7.372,0.024
google/gemma-3-1b-it,NVIDIA GeForce RTX 5060 Ti,42,2WikiMultiHopQA,12,16,179,structural,32.5743,0.0,0.0,0,1,1,113,369,369,71387578368,71387578368,7.372,0.024
google/gemma-3-1b-it,NVIDIA GeForce RTX 5060 Ti,42,2WikiMultiHopQA,12,16,180,semantic,36.1735,0.0,0.0,0,1,1,3,259,259,35169763328,35169763328,7.372,0.024
google/gemma-3-1b-it,NVIDIA GeForce RTX 5060 Ti,42,2WikiMultiHopQA,12,16,181,structural,0.0,0.0,0.0,1,1,1,76,332,332,57789120512,57789120512,7.372,0.024
google/gemma-3-1b-it,NVIDIA GeForce RTX 5060 Ti,42,2WikiMultiHopQA,12,16,182,multi-hop,42.4019,0.0,0.0,0,1,1,6,262,262,35989225472,35989225472,7.372,0.024
google/gemma-3-1b-it,NVIDIA GeForce RTX 5060 Ti,42,2WikiMultiHopQA,12,16,183,multi-hop,35.4626,0.0,0.0,0,1,1,58,314,314,51692699648,51692699648,7.372,0.024
google/gemma-3-1b-it,NVIDIA GeForce RTX 5060 Ti,42,2WikiMultiHopQA,12,16,184,structural,52.6737,44.7959,52.828,0,0,0,86,342,342,61322821632,61322821632,7.372,0.024
google/gemma-3-1b-it,NVIDIA GeForce RTX 5060 Ti,42,2WikiMultiHopQA,12,16,185,multi-hop,38.2676,0.0,0.0,0,1,1,12,136,73,9697230848,2793930752,7.372,0.024
google/gemma-3-1b-it,NVIDIA GeForce RTX 5060 Ti,42,2WikiMultiHopQA,12,16,186,semantic,39.9193,0.0,0.0,0,1,1,85,341,341,60964732928,60964732928,7.372,0.024
google/gemma-3-1b-it,NVIDIA GeForce RTX 5060 Ti,42,2WikiMultiHopQA,12,16,187,multi-hop,58.1192,0.0,0.0,0,1,1,113,369,369,71387578368,71387578368,7.372,0.024
google/gemma-3-1b-it,NVIDIA GeForce RTX 5060 Ti,42,2WikiMultiHopQA,12,16,188,multi-hop,45.9499,0.0,40.4914,0,1,0,16,272,272,38788923392,38788923392,7.372,0.024
google/gemma-3-1b-it,NVIDIA GeForce RTX 5060 Ti,42,2WikiMultiHopQA,12,16,189,structural,43.0639,0.0,0.0,0,1,1,194,450,450,106168320000,106168320000,7.372,0.024
google/gemma-3-1b-it,NVIDIA GeForce RTX 5060 Ti,42,2WikiMultiHopQA,12,16,190,structural,52.166,86.4688,46.2004,0,0,0,106,362,362,68704796672,68704796672,7.372,0.024
google/gemma-3-1b-it,NVIDIA GeForce RTX 5060 Ti,42,2WikiMultiHopQA,12,16,191,structural,0.0,0.0,0.0,1,1,1,2,148,258,11484004352,34898706432,7.372,0.024
google/gemma-3-1b-it,NVIDIA GeForce RTX 5060 Ti,42,2WikiMultiHopQA,12,16,192,multi-hop,38.9354,0.0,0.0,0,1,1,64,320,320,53687091200,53687091200,7.372,0.024
google/gemma-3-1b-it,NVIDIA GeForce RTX 5060 Ti,42,2WikiMultiHopQA,12,16,193,semantic,61.9334,0.0,0.0,0,1,1,139,395,395,81802035200,81802035200,7.372,0.024
google/gemma-3-1b-it,NVIDIA GeForce RTX 5060 Ti,42,2WikiMultiHopQA,12,16,194,multi-hop,46.7137,45.7728,31.1758,0,0,0,2,114,258,6813646848,34898706432,7.372,0.024
google/gemma-3-1b-it,NVIDIA GeForce RTX 5060 Ti,42,2WikiMultiHopQA,12,16,195,multi-hop,58.1606,29.6206,46.5613,0,0,0,111,367,367,70615826432,70615826432,7.372,0.024
google/gemma-3-1b-it,NVIDIA GeForce RTX 5060 Ti,42,2WikiMultiHopQA,12,16,196,multi-hop,67.7499,0.0,0.0,0,1,1,114,370,370,71775027200,71775027200,7.372,0.024
google/gemma-3-1b-it,NVIDIA GeForce RTX 5060 Ti,42,2WikiMultiHopQA,12,16,197,semantic,40.6409,0.0,0.0,0,1,1,35,291,291,44397232128,44397232128,7.372,0.024
google/gemma-3-1b-it,NVIDIA GeForce RTX 5060 Ti,42,2WikiMultiHopQA,12,16,198,semantic,0.0,0.0,0.0,1,1,1,139,395,395,81802035200,81802035200,7.372,0.024
google/gemma-3-1b-it,NVIDIA GeForce RTX 5060 Ti,42,2WikiMultiHopQA,12,16,199,semantic,47.194,0.0,0.0,0,1,1,90,346,346,62765662208,62765662208,7.372,0.024
google/gemma-3-1b-it,NVIDIA GeForce RTX 5060 Ti,42,2WikiMultiHopQA,12,16,200,multi-hop,0.0,48.0106,82.0431,1,0,0,93,349,349,63858802688,63858802688,7.372,0.024
google/gemma-3-1b-it,NVIDIA GeForce RTX 5060 Ti,42,2WikiMultiHopQA,12,16,201,multi-hop,64.2431,0.0,0.0,0,1,1,109,365,365,69848268800,69848268800,7.372,0.024
google/gemma-3-1b-it,NVIDIA GeForce RTX 5060 Ti,42,2WikiMultiHopQA,12,16,202,semantic,45.9647,0.0,35.8535,0,1,0,68,324,324,55037657088,55037657088,7.372,0.024
google/gemma-3-1b-it,NVIDIA GeForce RTX 5060 Ti,42,2WikiMultiHopQA,12,16,203,semantic,62.7733,0.0,0.0,0,1,1,121,377,377,74516529152,74516529152,7.372,0.024
google/gemma-3-1b-it,NVIDIA GeForce RTX 5060 Ti,42,2WikiMultiHopQA,12,16,204,multi-hop,73.5161,37.0818,34.7051,0,0,0,93,349,349,63858802688,63858802688,7.372,0.024
google/gemma-3-1b-it,NVIDIA GeForce RTX 5060 Ti,42,2WikiMultiHopQA,12,16,205,multi-hop,49.7436,0.0,0.0,0,1,1,67,323,323,54698442752,54698442752,7.372,0.024
google/gemma-3-1b-it,NVIDIA GeForce RTX 5060 Ti,42,2WikiMultiHopQA,12,16,206,multi-hop,36.6878,0.0,0.0,0,1,1,113,369,369,71387578368,71387578368,7.372,0.024
google/gemma-3-1b-it,NVIDIA GeForce RTX 5060 Ti,42,2WikiMultiHopQA,12,16,207,multi-hop,33.4472,0.0,0.0,0,1,1,2,43,48,969408512,1207959552,7.372,0.024
google/gemma-3-1b-it,NVIDIA GeForce RTX 5060 Ti,42,2WikiMultiHopQA,12,16,208,semantic,33.6396,0.0,0.0,0,1,1,114,370,370,71775027200,71775027200,7.372,0.024
google/gemma-3-1b-it,NVIDIA GeForce RTX 5060 Ti,42,2WikiMultiHopQA,12,16,209,semantic,0.0,0.0,0.0,1,1,1,78,334,334,58487472128,58487472128,7.372,0.024
google/gemma-3-1b-it,NVIDIA GeForce RTX 5060 Ti,42,2WikiMultiHopQA,12,16,210,multi-hop,43.6329,0.0,0.0,0,1,1,101,357,357,66819981312,66819981312,7.372,0.024
google/gemma-3-1b-it,NVIDIA GeForce RTX 5060 Ti,42,2WikiMultiHopQA,12,16,211,multi-hop,35.6821,0.0,0.0,0,1,1,85,341,341,60964732928,60964732928,7.372,0.024
google/gemma-3-1b-it,NVIDIA GeForce RTX 5060 Ti,42,2WikiMultiHopQA,12,16,212,semantic,43.0292,0.0,0.0,0,1,1,95,351,351,64592805888,64592805888,7.372,0.024
google/gemma-3-1b-it,NVIDIA GeForce RTX 5060 Ti,42,2WikiMultiHopQA,12,16,213,structural,38.7263,41.1093,67.0001,0,0,0,63,319,319,53352071168,53352071168,7.372,0.024
google/gemma-3-1b-it,NVIDIA GeForce RTX 5060 Ti,42,2WikiMultiHopQA,12,16,214,multi-hop,45.5633,0.0,0.0,0,1,1,16,239,272,29947854848,38788923392,7.372,0.024
google/gemma-3-1b-it,NVIDIA GeForce RTX 5060 Ti,42,2WikiMultiHopQA,12,16,215,multi-hop,47.9496,74.9059,53.0802,0,0,0,35,291,291,44397232128,44397232128,7.372,0.024
google/gemma-3-1b-it,NVIDIA GeForce RTX 5060 Ti,42,2WikiMultiHopQA,12,16,216,multi-hop,53.0285,0.0,0.0,0,1,1,23,279,279,40811102208,40811102208,7.372,0.024
google/gemma-3-1b-it,NVIDIA GeForce RTX 5060 Ti,42,2WikiMultiHopQA,12,16,217,semantic,40.3233,0.0,0.0,0,1,1,70,326,326,55719231488,55719231488,7.372,0.024
google/gemma-3-1b-it,NVIDIA GeForce RTX 5060 Ti,42,2WikiMultiHopQA,12,16,218,semantic,54.6279,0.0,0.0,0,1,1,133,389,389,79335784448,79335784448,7.372,0.024
google/gemma-3-1b-it,NVIDIA GeForce RTX 5060 Ti,42,2WikiMultiHopQA,12,16,219,structural,48.0479,37.5702,0.0,0,0,1,52,308,308,49736056832,49736056832,7.372,0.024
google/gemma-3-1b-it,NVIDIA GeForce RTX 5060 Ti,42,2WikiMultiHopQA,12,16,220,multi-hop,48.062,0.0,0.0,0,1,1,17,273,273,39074660352,39074660352,7.372,0.024
google/gemma-3-1b-it,NVIDIA GeForce RTX 5060 Ti,42,2WikiMultiHopQA,12,16,221,semantic,53.8289,0.0,0.0,0,1,1,101,357,357,66819981312,66819981312,7.372,0.024
google/gemma-3-1b-it,NVIDIA GeForce RTX 5060 Ti,42,2WikiMultiHopQA,12,16,222,structural,42.8066,74.9961,43.7749,0,0,0,100,356,356,66446163968,66446163968,7.372,0.024
google/gemma-3-1b-it,NVIDIA GeForce RTX 5060 Ti,42,2WikiMultiHopQA,12,16,223,multi-hop,53.8588,0.0,0.0,0,1,1,48,304,304,48452599808,48452599808,7.372,0.024
google/gemma-3-1b-it,NVIDIA GeForce RTX 5060 Ti,42,2WikiMultiHopQA,12,16,224,multi-hop,63.1953,53.1085,0.0,0,0,1,114,370,370,71775027200,71775027200,7.372,0.024
google/gemma-3-1b-it,NVIDIA GeForce RTX 5060 Ti,42,2WikiMultiHopQA,12,16,225,structural,41.2003,54.497,0.0,0,0,1,85,341,341,60964732928,60964732928,7.372,0.024
google/gemma-3-1b-it,NVIDIA GeForce RTX 5060 Ti,42,2WikiMultiHopQA,12,16,226,semantic,46.5319,0.0,40.4406,0,1,0,120,376,376,74121740288,74121740288,7.372,0.024
google/gemma-3-1b-it,NVIDIA GeForce RTX 5060 Ti,42,2WikiMultiHopQA,12,16,227,semantic,0.0,0.0,0.0,1,1,1,83,339,339,60251701248,60251701248,7.372,0.024
google/gemma-3-1b-it,NVIDIA GeForce RTX 5060 Ti,42,2WikiMultiHopQA,12,16,228,structural,52.016,53.3858,40.3581,0,0,0,42,298,298,46558871552,46558871552,7.372,0.024
google/gemma-3-1b-it,NVIDIA GeForce RTX 5060 Ti,42,2WikiMultiHopQA,12,16,229,multi-hop,64.5778,0.0,0.0,0,1,1,40,296,296,45936017408,45936017408,7.372,0.024
google/gemma-3-1b-it,NVIDIA GeForce RTX 5060 Ti,42,2WikiMultiHopQA,12,16,230,structural,32.4448,35.4717,0.0,0,0,1,77,333,333,58137772032,58137772032,7.372,0.024
google/gemma-3-1b-it,NVIDIA GeForce RTX 5060 Ti,42,2WikiMultiHopQA,12,16,231,semantic,62.8288,0.0,0.0,0,1,1,102,358,358,67194847232,67194847232,7.372,0.024
google/gemma-3-1b-it,NVIDIA GeForce RTX 5060 Ti,42,2WikiMultiHopQA,12,16,232,structural,37.6448,44.5528,32.8575,0,0,0,3,51,54,1363673088,1528823808,7.372,0.024
google/gemma-3-1b-it,NVIDIA GeForce RTX 5060 Ti,42,2WikiMultiHopQA,12,16,233,structural,35.1554,0.0,0.0,0,1,1,95,351,351,64592805888,64592805888,7.372,0.024
google/gemma-3-1b-it,NVIDIA GeForce RTX 5060 Ti,42,2WikiMultiHopQA,12,16,234,semantic,37.935,0.0,0.0,0,1,1,2,32,33,536870912,570949632,7.372,0.024
google/gemma-3-1b-it,NVIDIA GeForce RTX 5060 Ti,42,2WikiMultiHopQA,12,16,235,multi-hop,0.0,0.0,0.0,1,1,1,83,339,339,60251701248,60251701248,7.372,0.024
google/gemma-3-1b-it,NVIDIA GeForce RTX 5060 Ti,42,2WikiMultiHopQA,12,16,236,multi-hop,54.9697,0.0,0.0,0,1,1,140,396,396,82216747008,82216747008,7.372,0.024
google/gemma-3-1b-it,NVIDIA GeForce RTX 5060 Ti,42,2WikiMultiHopQA,12,16,237,structural,40.7764,0.0,0.0,0,1,1,100,356,356,66446163968,66446163968,7.372,0.024
google/gemma-3-1b-it,NVIDIA GeForce RTX 5060 Ti,42,2WikiMultiHopQA,12,16,238,multi-hop,84.2608,59.7379,59.6038,0,0,0,53,309,309,50059542528,50059542528,7.372,0.024
google/gemma-3-1b-it,NVIDIA GeForce RTX 5060 Ti,42,2WikiMultiHopQA,12,16,239,structural,68.2733,35.4219,0.0,0,0,1,80,336,336,59190018048,59190018048,7.372,0.024
google/gemma-3-1b-it,NVIDIA GeForce RTX 5060 Ti,42,2WikiMultiHopQA,12,16,240,multi-hop,37.844,0.0,0.0,0,1,1,20,276,276,39938162688,39938162688,7.372,0.024
google/gemma-3-1b-it,NVIDIA GeForce RTX 5060 Ti,42,2WikiMultiHopQA,12,16,241,multi-hop,59.4102,0.0,0.0,0,1,1,107,363,363,69084905472,69084905472,7.372,0.024
google/gemma-3-1b-it,NVIDIA GeForce RTX 5060 Ti,42,2WikiMultiHopQA,12,16,242,multi-hop,36.4999,38.1842,49.2401,0,0,0,146,402,402,84727037952,84727037952,7.372,0.024
google/gemma-3-1b-it,NVIDIA GeForce RTX 5060 Ti,42,2WikiMultiHopQA,12,16,243,multi-hop,47.7909,50.7521,0.0,0,0,1,6,262,262,35989225472,35989225472,7.372,0.024
google/gemma-3-1b-it,NVIDIA GeForce RTX 5060 Ti,42,2WikiMultiHopQA,12,16,244,semantic,74.6541,0.0,0.0,0,1,1,78,334,334,58487472128,58487472128,7.372,0.024
google/gemma-3-1b-it,NVIDIA GeForce RTX 5060 Ti,42,2WikiMultiHopQA,12,16,245,multi-hop,39.3194,45.4651,51.6795,0,0,0,155,411,411,88563253248,88563253248,7.372,0.024
google/gemma-3-1b-it,NVIDIA GeForce RTX 5060 Ti,42,2WikiMultiHopQA,12,16,246,structural,76.1033,76.0356,79.7492,0,0,0,135,391,391,80153673728,80153673728,7.372,0.024
google/gemma-3-1b-it,NVIDIA GeForce RTX 5060 Ti,42,2WikiMultiHopQA,12,16,247,structural,56.3717,0.0,0.0,0,1,1,13,269,269,37938003968,37938003968,7.372,0.024
google/gemma-3-1b-it,NVIDIA GeForce RTX 5060 Ti,42,2WikiMultiHopQA,12,16,248,semantic,67.6305,0.0,0.0,0,1,1,138,394,394,81388371968,81388371968,7.372,0.024
google/gemma-3-1b-it,NVIDIA GeForce RTX 5060 Ti,42,2WikiMultiHopQA,12,16,249,multi-hop,39.2205,0.0,57.1164,0,1,0,103,359,359,67570761728,67570761728,7.372,0.024
google/gemma-3-1b-it,NVIDIA GeForce RTX 5060 Ti,42,2WikiMultiHopQA,12,16,250,semantic,41.1246,0.0,0.0,0,1,1,122,378,378,74912366592,74912366592,7.372,0.024
google/gemma-3-1b-it,NVIDIA GeForce RTX 5060 Ti,42,2WikiMultiHopQA,12,16,251,multi-hop,48.8753,51.7259,40.8957,0,0,0,48,304,304,48452599808,48452599808,7.372,0.024
google/gemma-3-1b-it,NVIDIA GeForce RTX 5060 Ti,42,2WikiMultiHopQA,12,16,252,multi-hop,0.0,0.0,30.6246,1,1,0,35,291,291,44397232128,44397232128,7.372,0.024
google/gemma-3-1b-it,NVIDIA GeForce RTX 5060 Ti,42,2WikiMultiHopQA,12,16,253,multi-hop,39.3616,0.0,0.0,0,1,1,113,369,369,71387578368,71387578368,7.372,0.024
google/gemma-3-1b-it,NVIDIA GeForce RTX 5060 Ti,42,2WikiMultiHopQA,12,16,254,multi-hop,37.2112,49.7853,61.8437,0,0,0,4,260,260,35441868800,35441868800,7.372,0.024
google/gemma-3-1b-it,NVIDIA GeForce RTX 5060 Ti,42,2WikiMultiHopQA,12,16,255,multi-hop,36.0444,33.0133,32.9084,0,0,0,122,378,378,74912366592,74912366592,7.372,0.024
google/gemma-3-1b-it,NVIDIA GeForce RTX 5060 Ti,42,2WikiMultiHopQA,12,16,256,multi-hop,64.7806,58.2012,61.0267,0,0,0,46,302,302,47817162752,47817162752,7.372,0.024
google/gemma-3-1b-it,NVIDIA GeForce RTX 5060 Ti,42,2WikiMultiHopQA,12,16,257,semantic,50.8312,0.0,0.0,0,1,1,79,335,335,58838220800,58838220800,7.372,0.024
google/gemma-3-1b-it,NVIDIA GeForce RTX 5060 Ti,42,2WikiMultiHopQA,12,16,258,multi-hop,61.8139,0.0,0.0,0,1,1,48,304,304,48452599808,48452599808,7.372,0.024
google/gemma-3-1b-it,NVIDIA GeForce RTX 5060 Ti,42,2WikiMultiHopQA,12,16,259,multi-hop,35.7066,0.0,0.0,0,1,1,2,148,145,11484004352,11023155200,7.372,0.024
google/gemma-3-1b-it,NVIDIA GeForce RTX 5060 Ti,42,2WikiMultiHopQA,12,16,260,structural,29.4342,56.5547,54.1005,0,0,0,12,136,73,9697230848,2793930752,7.372,0.024
google/gemma-3-1b-it,NVIDIA GeForce RTX 5060 Ti,42,2WikiMultiHopQA,12,16,261,semantic,42.8911,0.0,47.4776,0,1,0,12,268,268,37656461312,37656461312,7.372,0.024
google/gemma-3-1b-it,NVIDIA GeForce RTX 5060 Ti,42,2WikiMultiHopQA,12,16,262,multi-hop,54.1966,30.7619,33.6093,0,0,0,119,375,375,73728000000,73728000000,7.372,0.024
google/gemma-3-1b-it,NVIDIA GeForce RTX 5060 Ti,42,2WikiMultiHopQA,12,16,263,semantic,57.1702,0.0,0.0,0,1,1,135,391,391,80153673728,80153673728,7.372,0.024
google/gemma-3-1b-it,NVIDIA GeForce RTX 5060 Ti,42,2WikiMultiHopQA,12,16,264,semantic,81.035,0.0,0.0,0,1,1,96,352,352,64961380352,64961380352,7.372,0.024
google/gemma-3-1b-it,NVIDIA GeForce RTX 5060 Ti,42,2WikiMultiHopQA,12,16,265,semantic,42.7846,0.0,0.0,0,1,1,59,315,315,52022476800,52022476800,7.372,0.024
google/gemma-3-1b-it,NVIDIA GeForce RTX 5060 Ti,42,2WikiMultiHopQA,12,16,266,semantic,0.0,0.0,0.0,1,1,1,209,465,465,113364172800,113364172800,7.372,0.024
google/gemma-3-1b-it,NVIDIA GeForce RTX 5060 Ti,42,2WikiMultiHopQA,12,16,267,structural,38.1632,47.4195,0.0,0,0,1,32,288,288,43486543872,43486543872,7.372,0.024
google/gemma-3-1b-it,NVIDIA GeForce RTX 5060 Ti,42,2WikiMultiHopQA,12,16,268,structural,45.7545,45.9258,49.6557,0,0,0,111,367,367,70615826432,70615826432,7.372,0.024
google/gemma-3-1b-it,NVIDIA GeForce RTX 5060 Ti,42,2WikiMultiHopQA,12,16,269,semantic,43.234,0.0,0.0,0,1,1,64,320,320,53687091200,53687091200,7.372,0.024
google/gemma-3-1b-it,NVIDIA GeForce RTX 5060 Ti,42,2WikiMultiHopQA,12,16,270,multi-hop,43.9765,0.0,0.0,0,1,1,119,375,375,73728000000,73728000000,7.372,0.024
google/gemma-3-1b-it,NVIDIA GeForce RTX 5060 Ti,42,2WikiMultiHopQA,12,16,271,multi-hop,48.6536,0.0,49.5455,0,1,0,28,284,284,42286972928,42286972928,7.372,0.024
google/gemma-3-1b-it,NVIDIA GeForce RTX 5060 Ti,42,2WikiMultiHopQA,12,16,272,semantic,60.2758,0.0,0.0,0,1,1,20,276,276,39938162688,39938162688,7.372,0.024
google/gemma-3-1b-it,NVIDIA GeForce RTX 5060 Ti,42,2WikiMultiHopQA,12,16,273,multi-hop,52.4809,69.9082,0.0,0,0,1,22,278,278,40519073792,40519073792,7.372,0.024
google/gemma-3-1b-it,NVIDIA GeForce RTX 5060 Ti,42,2WikiMultiHopQA,12,16,274,multi-hop,79.0909,0.0,0.0,0,1,1,112,368,368,71001178112,71001178112,7.372,0.024
google/gemma-3-1b-it,NVIDIA GeForce RTX 5060 Ti,42,2WikiMultiHopQA,12,16,275,multi-hop,47.3604,0.0,63.7275,0,1,0,80,336,336,59190018048,59190018048,7.372,0.024
google/gemma-3-1b-it,NVIDIA GeForce RTX 5060 Ti,42,2WikiMultiHopQA,12,16,276,multi-hop,43.2524,0.0,0.0,0,1,1,36,292,292,44702892032,44702892032,7.372,0.024
google/gemma-3-1b-it,NVIDIA GeForce RTX 5060 Ti,42,2WikiMultiHopQA,12,16,277,structural,34.1988,67.8262,61.7326,0,0,0,25,281,281,41398304768,41398304768,7.372,0.024
google/gemma-3-1b-it,NVIDIA GeForce RTX 5060 Ti,42,2WikiMultiHopQA,12,16,278,multi-hop,34.1559,0.0,0.0,0,1,1,81,337,337,59542863872,59542863872,7.372,0.024
google/gemma-3-1b-it,NVIDIA GeForce RTX 5060 Ti,42,2WikiMultiHopQA,12,16,279,structural,37.2174,40.6326,55.5859,0,0,0,145,401,401,84306034688,84306034688,7.372,0.024
google/gemma-3-1b-it,NVIDIA GeForce RTX 5060 Ti,42,2WikiMultiHopQA,12,16,280,multi-hop,35.6857,34.8653,40.0858,0,0,0,57,313,313,51363971072,51363971072,7.372,0.024
google/gemma-3-1b-it,NVIDIA GeForce RTX 5060 Ti,42,2WikiMultiHopQA,12,16,281,semantic,45.7491,0.0,0.0,0,1,1,105,361,361,68325736448,68325736448,7.372,0.024
google/gemma-3-1b-it,NVIDIA GeForce RTX 5060 Ti,42,2WikiMultiHopQA,12,16,282,semantic,35.8782,0.0,0.0,0,1,1,36,292,292,44702892032,44702892032,7.372,0.024
google/gemma-3-1b-it,NVIDIA GeForce RTX 5060 Ti,42,2WikiMultiHopQA,12,16,283,structural,47.3577,42.9153,41.8039,0,0,0,29,285,285,42585292800,42585292800,7.372,0.024
google/gemma-3-1b-it,NVIDIA GeForce RTX 5060 Ti,42,2WikiMultiHopQA,12,16,284,multi-hop,58.9231,0.0,0.0,0,1,1,118,374,374,73335308288,73335308288,7.372,0.024
google/gemma-3-1b-it,NVIDIA GeForce RTX 5060 Ti,42,2WikiMultiHopQA,12,16,285,structural,58.3324,0.0,0.0,0,1,1,34,290,290,44092620800,44092620800,7.372,0.024
google/gemma-3-1b-it,NVIDIA GeForce RTX 5060 Ti,42,2WikiMultiHopQA,12,16,286,multi-hop,39.6743,0.0,79.1966,0,1,0,100,356,356,66446163968,66446163968,7.372,0.024
google/gemma-3-1b-it,NVIDIA GeForce RTX 5060 Ti,42,2WikiMultiHopQA,12,16,287,structural,63.5345,0.0,0.0,0,1,1,98,354,354,65701675008,65701675008,7.372,0.024
google/gemma-3-1b-it,NVIDIA GeForce RTX 5060 Ti,42,2WikiMultiHopQA,12,16,288,multi-hop,43.4554,0.0,0.0,0,1,1,115,371,371,72163524608,72163524608,7.372,0.024
google/gemma-3-1b-it,NVIDIA GeForce RTX 5060 Ti,42,2WikiMultiHopQA,12,16,289,multi-hop,35.634,0.0,0.0,0,1,1,105,361,361,68325736448,68325736448,7.372,0.024
google/gemma-3-1b-it,NVIDIA GeForce RTX 5060 Ti,42,2WikiMultiHopQA,12,16,290,semantic,37.9725,0.0,0.0,0,1,1,105,361,361,68325736448,68325736448,7.372,0.024
google/gemma-3-1b-it,NVIDIA GeForce RTX 5060 Ti,42,2WikiMultiHopQA,12,16,291,multi-hop,35.1821,49.0106,44.6604,0,0,0,100,356,356,66446163968,66446163968,7.372,0.024
google/gemma-3-1b-it,NVIDIA GeForce RTX 5060 Ti,42,2WikiMultiHopQA,12,16,292,multi-hop,41.376,0.0,0.0,0,1,1,20,276,276,39938162688,39938162688,7.372,0.024
google/gemma-3-1b-it,NVIDIA GeForce RTX 5060 Ti,42,2WikiMultiHopQA,12,16,293,multi-hop,55.454,41.2578,51.3801,0,0,0,24,280,280,41104179200,41104179200,7.372,0.024
google/gemma-3-1b-it,NVIDIA GeForce RTX 5060 Ti,42,2WikiMultiHopQA,12,16,294,multi-hop,47.3029,49.7825,42.3712,0,0,0,51,307,307,49413619712,49413619712,7.372,0.024
google/gemma-3-1b-it,NVIDIA GeForce RTX 5060 Ti,42,2WikiMultiHopQA,12,16,295,semantic,66.4578,0.0,0.0,0,1,1,146,402,402,84727037952,84727037952,7.372,0.024
google/gemma-3-1b-it,NVIDIA GeForce RTX 5060 Ti,42,2WikiMultiHopQA,12,16,296,multi-hop,73.6548,45.2754,65.4868,0,0,0,124,380,380,75707187200,75707187200,7.372,0.024
google/gemma-3-1b-it,NVIDIA GeForce RTX 5060 Ti,42,2WikiMultiHopQA,12,16,297,multi-hop,70.8194,0.0,0.0,0,1,1,78,334,334,58487472128,58487472128,7.372,0.024
google/gemma-3-1b-it,NVIDIA GeForce RTX 5060 Ti,42,2WikiMultiHopQA,12,16,298,structural,48.5344,46.3749,0.0,0,0,1,5,110,51,6343884800,1363673088,7.372,0.024
google/gemma-3-1b-it,NVIDIA GeForce RTX 5060 Ti,42,2WikiMultiHopQA,12,16,299,semantic,43.3437,0.0,0.0,0,1,1,123,379,379,75309252608,75309252608,7.372,0.024
google/gemma-3-1b-it,NVIDIA GeForce RTX 5060 Ti,42,2WikiMultiHopQA,12,16,300,multi-hop,36.9842,0.0,0.0,0,1,1,121,377,377,74516529152,74516529152,7.372,0.024
google/gemma-3-1b-it,NVIDIA GeForce RTX 5060 Ti,42,2WikiMultiHopQA,12,16,301,multi-hop,64.7475,0.0,0.0,0,1,1,103,359,359,67570761728,67570761728,7.372,0.024
google/gemma-3-1b-it,NVIDIA GeForce RTX 5060 Ti,42,2WikiMultiHopQA,12,16,302,structural,59.8742,0.0,0.0,0,1,1,118,374,374,73335308288,73335308288,7.372,0.024
google/gemma-3-1b-it,NVIDIA GeForce RTX 5060 Ti,42,2WikiMultiHopQA,12,16,303,semantic,0.0,0.0,0.0,1,1,1,110,366,366,70231523328,70231523328,7.372,0.024
google/gemma-3-1b-it,NVIDIA GeForce RTX 5060 Ti,42,2WikiMultiHopQA,12,16,304,multi-hop,32.1713,0.0,0.0,0,1,1,50,306,306,49092231168,49092231168,7.372,0.024
google/gemma-3-1b-it,NVIDIA GeForce RTX 5060 Ti,42,2WikiMultiHopQA,12,16,305,multi-hop,35.05,0.0,0.0,0,1,1,46,302,302,47817162752,47817162752,7.372,0.024
google/gemma-3-1b-it,NVIDIA GeForce RTX 5060 Ti,42,2WikiMultiHopQA,12,16,306,semantic,45.5476,0.0,0.0,0,1,1,119,375,375,73728000000,73728000000,7.372,0.024
google/gemma-3-1b-it,NVIDIA GeForce RTX 5060 Ti,42,2WikiMultiHopQA,12,16,307,semantic,77.5871,0.0,0.0,0,1,1,2,43,48,969408512,1207959552,7.372,0.024
google/gemma-3-1b-it,NVIDIA GeForce RTX 5060 Ti,42,2WikiMultiHopQA,12,16,308,multi-hop,38.2018,0.0,0.0,0,1,1,107,363,363,69084905472,69084905472,7.372,0.024
google/gemma-3-1b-it,NVIDIA GeForce RTX 5060 Ti,42,2WikiMultiHopQA,12,16,309,multi-hop,35.0422,0.0,0.0,0,1,1,114,370,370,71775027200,71775027200,7.372,0.024
google/gemma-3-1b-it,NVIDIA GeForce RTX 5060 Ti,42,2WikiMultiHopQA,12,16,310,structural,45.0514,0.0,0.0,0,1,1,80,336,336,59190018048,59190018048,7.372,0.024
google/gemma-3-1b-it,NVIDIA GeForce RTX 5060 Ti,42,2WikiMultiHopQA,12,16,311,multi-hop,29.9515,0.0,0.0,0,1,1,122,378,378,74912366592,74912366592,7.372,0.024
google/gemma-3-1b-it,NVIDIA GeForce RTX 5060 Ti,42,2WikiMultiHopQA,12,16,312,multi-hop,57.4426,0.0,0.0,0,1,1,90,346,346,62765662208,62765662208,7.372,0.024
google/gemma-3-1b-it,NVIDIA GeForce RTX 5060 Ti,42,2WikiMultiHopQA,12,16,313,structural,39.4534,42.4703,36.2938,0,0,0,3,35,32,642252800,536870912,7.372,0.024
google/gemma-3-1b-it,NVIDIA GeForce RTX 5060 Ti,42,2WikiMultiHopQA,12,16,314,structural,61.623,37.8217,51.2529,0,0,0,16,239,272,29947854848,38788923392,7.372,0.024
google/gemma-3-1b-it,NVIDIA GeForce RTX 5060 Ti,42,2WikiMultiHopQA,12,16,315,multi-hop,48.2336,51.0991,71.1721,0,0,0,155,411,411,88563253248,88563253248,7.372,0.024
google/gemma-3-1b-it,NVIDIA GeForce RTX 5060 Ti,42,2WikiMultiHopQA,12,16,316,semantic,62.6114,0.0,0.0,0,1,1,74,330,330,57094963200,57094963200,7.372,0.024
google/gemma-3-1b-it,NVIDIA GeForce RTX 5060 Ti,42,2WikiMultiHopQA,12,16,317,multi-hop,43.347,0.0,0.0,0,1,1,46,302,302,47817162752,47817162752,7.372,0.024
google/gemma-3-1b-it,NVIDIA GeForce RTX 5060 Ti,42,2WikiMultiHopQA,12,16,318,multi-hop,64.8901,0.0,0.0,0,1,1,4,260,260,35441868800,35441868800,7.372,0.024
google/gemma-3-1b-it,NVIDIA GeForce RTX 5060 Ti,42,2WikiMultiHopQA,12,16,319,semantic,53.9821,0.0,0.0,0,1,1,105,361,361,68325736448,68325736448,7.372,0.024
google/gemma-3-1b-it,NVIDIA GeForce RTX 5060 Ti,42,2WikiMultiHopQA,12,16,320,multi-hop,75.9399,0.0,0.0,0,1,1,102,358,358,67194847232,67194847232,7.372,0.024
google/gemma-3-1b-it,NVIDIA GeForce RTX 5060 Ti,42,2WikiMultiHopQA,12,16,321,multi-hop,51.2166,0.0,0.0,0,1,1,99,355,355,66073395200,66073395200,7.372,0.024
google/gemma-3-1b-it,NVIDIA GeForce RTX 5060 Ti,42,2WikiMultiHopQA,12,16,322,multi-hop,76.2902,0.0,0.0,0,1,1,122,378,378,74912366592,74912366592,7.372,0.024
google/gemma-3-1b-it,NVIDIA GeForce RTX 5060 Ti,42,2WikiMultiHopQA,12,16,323,structural,0.0,73.3237,0.0,1,0,1,110,366,366,70231523328,70231523328,7.372,0.024
google/gemma-3-1b-it,NVIDIA GeForce RTX 5060 Ti,42,2WikiMultiHopQA,12,16,324,semantic,32.701,0.0,0.0,0,1,1,136,392,392,80564191232,80564191232,7.372,0.024
google/gemma-3-1b-it,NVIDIA GeForce RTX 5060 Ti,42,2WikiMultiHopQA,12,16,325,semantic,54.5501,0.0,0.0,0,1,1,138,394,394,81388371968,81388371968,7.372,0.024
google/gemma-3-1b-it,NVIDIA GeForce RTX 5060 Ti,42,2WikiMultiHopQA,12,16,326,multi-hop,33.8464,72.0832,37.8805,0,0,0,139,395,395,81802035200,81802035200,7.372,0.024
google/gemma-3-1b-it,NVIDIA GeForce RTX 5060 Ti,42,2WikiMultiHopQA,12,16,327,structural,38.3962,47.567,56.2036,0,0,0,93,349,349,63858802688,63858802688,7.372,0.024
google/gemma-3-1b-it,NVIDIA GeForce RTX 5060 Ti,42,2WikiMultiHopQA,12,16,328,multi-hop,48.9695,0.0,38.3126,0,1,0,33,289,289,43789058048,43789058048,7.372,0.024
google/gemma-3-1b-it,NVIDIA GeForce RTX 5060 Ti,42,2WikiMultiHopQA,12,16,329,multi-hop,49.7199,0.0,0.0,0,1,1,114,370,370,71775027200,71775027200,7.372,0.024
google/gemma-3-1b-it,NVIDIA GeForce RTX 5060 Ti,42,2WikiMultiHopQA,12,16,330,structural,51.1096,56.0775,0.0,0,0,1,2,250,258,32768000000,34898706432,7.372,0.024
google/gemma-3-1b-it,NVIDIA GeForce RTX 5060 Ti,42,2WikiMultiHopQA,12,16,331,multi-hop,45.8781,0.0,0.0,0,1,1,209,465,465,113364172800,113364172800,7.372,0.024
google/gemma-3-1b-it,NVIDIA GeForce RTX 5060 Ti,42,2WikiMultiHopQA,12,16,332,multi-hop,56.5689,0.0,0.0,0,1,1,29,285,285,42585292800,42585292800,7.372,0.024
google/gemma-3-1b-it,NVIDIA GeForce RTX 5060 Ti,42,2WikiMultiHopQA,12,16,333,semantic,73.8894,0.0,0.0,0,1,1,80,336,336,59190018048,59190018048,7.372,0.024
google/gemma-3-1b-it,NVIDIA GeForce RTX 5060 Ti,42,2WikiMultiHopQA,12,16,334,semantic,70.9456,0.0,0.0,0,1,1,103,359,359,67570761728,67570761728,7.372,0.024
google/gemma-3-1b-it,NVIDIA GeForce RTX 5060 Ti,42,2WikiMultiHopQA,12,16,335,multi-hop,40.637,0.0,0.0,0,1,1,22,278,278,40519073792,40519073792,7.372,0.024
google/gemma-3-1b-it,NVIDIA GeForce RTX 5060 Ti,42,2WikiMultiHopQA,12,16,336,multi-hop,57.147,0.0,0.0,0,1,1,95,351,351,64592805888,64592805888,7.372,0.024
google/gemma-3-1b-it,NVIDIA GeForce RTX 5060 Ti,42,2WikiMultiHopQA,12,16,337,structural,44.9597,53.0648,0.0,0,0,1,38,294,294,45317357568,45317357568,7.372,0.024
google/gemma-3-1b-it,NVIDIA GeForce RTX 5060 Ti,42,2WikiMultiHopQA,12,16,338,multi-hop,48.066,0.0,0.0,0,1,1,2,32,33,536870912,570949632,7.372,0.024
google/gemma-3-1b-it,NVIDIA GeForce RTX 5060 Ti,42,2WikiMultiHopQA,12,16,339,multi-hop,35.43,0.0,0.0,0,1,1,91,347,347,63128993792,63128993792,7.372,0.024
google/gemma-3-1b-it,NVIDIA GeForce RTX 5060 Ti,42,2WikiMultiHopQA,12,16,340,semantic,38.0427,0.0,0.0,0,1,1,32,288,288,43486543872,43486543872,7.372,0.024
google/gemma-3-1b-it,NVIDIA GeForce RTX 5060 Ti,42,2WikiMultiHopQA,12,16,341,semantic,49.7022,0.0,0.0,0,1,1,48,304,304,48452599808,48452599808,7.372,0.024
google/gemma-3-1b-it,NVIDIA GeForce RTX 5060 Ti,42,2WikiMultiHopQA,12,16,342,multi-hop,0.0,0.0,0.0,1,1,1,2,32,33,536870912,570949632,7.372,0.024
google/gemma-3-1b-it,NVIDIA GeForce RTX 5060 Ti,42,2WikiMultiHopQA,12,16,343,structural,27.485,54.7256,44.1685,0,0,0,3,35,32,642252800,536870912,7.372,0.024
google/gemma-3-1b-it,NVIDIA GeForce RTX 5060 Ti,42,2WikiMultiHopQA,12,16,344,multi-hop,27.9534,0.0,0.0,0,1,1,105,361,361,68325736448,68325736448,7.372,0.024
google/gemma-3-1b-it,NVIDIA GeForce RTX 5060 Ti,42,2WikiMultiHopQA,12,16,345,semantic,36.0862,0.0,0.0,0,1,1,121,377,377,74516529152,74516529152,7.372,0.024
google/gemma-3-1b-it,NVIDIA GeForce RTX 5060 Ti,42,2WikiMultiHopQA,12,16,346,semantic,45.938,0.0,0.0,0,1,1,5,85,49,3787980800,1258815488,7.372,0.024
google/gemma-3-1b-it,NVIDIA GeForce RTX 5060 Ti,42,2WikiMultiHopQA,12,16,347,structural,49.5343,40.0411,48.47,0,0,0,72,328,328,56405000192,56405000192,7.372,0.024
google/gemma-3-1b-it,NVIDIA GeForce RTX 5060 Ti,42,2WikiMultiHopQA,12,16,348,structural,51.2508,0.0,0.0,0,1,1,100,356,356,66446163968,66446163968,7.372,0.024
google/gemma-3-1b-it,NVIDIA GeForce RTX 5060 Ti,42,2WikiMultiHopQA,12,16,349,semantic,0.0,0.0,0.0,1,1,1,5,85,49,3787980800,1258815488,7.372,0.024
google/gemma-3-1b-it,NVIDIA GeForce RTX 5060 Ti,42,2WikiMultiHopQA,12,16,350,semantic,63.4845,0.0,0.0,0,1,1,132,388,388,78928412672,78928412672,7.372,0.024
google/gemma-3-1b-it,NVIDIA GeForce RTX 5060 Ti,42,2WikiMultiHopQA,12,16,351,multi-hop,55.7556,43.5536,0.0,0,0,1,58,314,314,51692699648,51692699648,7.372,0.024
google/gemma-3-1b-it,NVIDIA GeForce RTX 5060 Ti,42,2WikiMultiHopQA,12,16,352,structural,38.2985,35.865,72.3694,0,0,0,2,148,258,11484004352,34898706432,7.372,0.024
google/gemma-3-1b-it,NVIDIA GeForce RTX 5060 Ti,42,2WikiMultiHopQA,12,16,353,semantic,96.415,0.0,0.0,0,1,1,101,357,357,66819981312,66819981312,7.372,0.024
google/gemma-3-1b-it,NVIDIA GeForce RTX 5060 Ti,42,2WikiMultiHopQA,12,16,354,semantic,0.0,0.0,0.0,1,1,1,122,378,378,74912366592,74912366592,7.372,0.024
google/gemma-3-1b-it,NVIDIA GeForce RTX 5060 Ti,42,2WikiMultiHopQA,12,16,355,semantic,34.9685,0.0,0.0,0,1,1,3,32,33,536870912,570949632,7.372,0.024
google/gemma-3-1b-it,NVIDIA GeForce RTX 5060 Ti,42,2WikiMultiHopQA,12,16,356,multi-hop,55.4008,0.0,0.0,0,1,1,95,351,351,64592805888,64592805888,7.372,0.024
google/gemma-3-1b-it,NVIDIA GeForce RTX 5060 Ti,42,2WikiMultiHopQA,12,16,357,structural,53.3652,0.0,0.0,0,1,1,141,397,397,82632507392,82632507392,7.372,0.024
google/gemma-3-1b-it,NVIDIA GeForce RTX 5060 Ti,42,2WikiMultiHopQA,12,16,358,multi-hop,42.0497,77.4893,79.4524,0,0,0,98,354,354,65701675008,65701675008,7.372,0.024
google/gemma-3-1b-it,NVIDIA GeForce RTX 5060 Ti,42,2WikiMultiHopQA,12,16,359,structural,45.2204,36.08,73.3657,0,0,0,3,35,32,642252800,536870912,7.372,0.024
google/gemma-3-1b-it,NVIDIA GeForce RTX 5060 Ti,42,2WikiMultiHopQA,12,16,360,structural,53.9102,85.1365,52.6673,0,0,0,59,315,315,52022476800,52022476800,7.372,0.024
google/gemma-3-1b-it,NVIDIA GeForce RTX 5060 Ti,42,2WikiMultiHopQA,12,16,361,semantic,36.127,0.0,0.0,0,1,1,78,334,334,58487472128,58487472128,7.372,0.024
google/gemma-3-1b-it,NVIDIA GeForce RTX 5060 Ti,42,2WikiMultiHopQA,12,16,362,multi-hop,47.4475,51.6823,0.0,0,0,1,114,370,370,71775027200,71775027200,7.372,0.024
google/gemma-3-1b-it,NVIDIA GeForce RTX 5060 Ti,42,2WikiMultiHopQA,12,16,363,structural,53.1871,45.4529,68.8803,0,0,0,84,340,340,60607692800,60607692800,7.372,0.024
google/gemma-3-1b-it,NVIDIA GeForce RTX 5060 Ti,42,2WikiMultiHopQA,12,16,364,semantic,43.8583,0.0,0.0,0,1,1,91,347,347,63128993792,63128993792,7.372,0.024
google/gemma-3-1b-it,NVIDIA GeForce RTX 5060 Ti,42,2WikiMultiHopQA,12,16,365,semantic,43.0097,0.0,0.0,0,1,1,109,365,365,69848268800,69848268800,7.372,0.024
google/gemma-3-1b-it,NVIDIA GeForce RTX 5060 Ti,42,2WikiMultiHopQA,12,16,366,multi-hop,89.878,0.0,0.0,0,1,1,110,366,366,70231523328,70231523328,7.372,0.024
google/gemma-3-1b-it,NVIDIA GeForce RTX 5060 Ti,42,2WikiMultiHopQA,12,16,367,semantic,66.4599,0.0,0.0,0,1,1,86,342,342,61322821632,61322821632,7.372,0.024
google/gemma-3-1b-it,NVIDIA GeForce RTX 5060 Ti,42,2WikiMultiHopQA,12,16,368,semantic,44.5447,0.0,34.2455,0,1,0,7,263,263,36264476672,36264476672,7.372,0.024
google/gemma-3-1b-it,NVIDIA GeForce RTX 5060 Ti,42,2WikiMultiHopQA,12,16,369,semantic,32.1069,0.0,0.0,0,1,1,103,359,359,67570761728,67570761728,7.372,0.024
google/gemma-3-1b-it,NVIDIA GeForce RTX 5060 Ti,42,2WikiMultiHopQA,12,16,370,multi-hop,41.0951,0.0,0.0,0,1,1,114,370,370,71775027200,71775027200,7.372,0.024
google/gemma-3-1b-it,NVIDIA GeForce RTX 5060 Ti,42,2WikiMultiHopQA,12,16,371,semantic,42.886,0.0,0.0,0,1,1,8,159,264,13254524928,36540776448,7.372,0.024
google/gemma-3-1b-it,NVIDIA GeForce RTX 5060 Ti,42,2WikiMultiHopQA,12,16,372,multi-hop,77.9203,0.0,53.0747,0,1,0,16,272,272,38788923392,38788923392,7.372,0.024
google/gemma-3-1b-it,NVIDIA GeForce RTX 5060 Ti,42,2WikiMultiHopQA,12,16,373,multi-hop,49.6655,66.4007,0.0,0,0,1,41,297,297,46246920192,46246920192,7.372,0.024
google/gemma-3-1b-it,NVIDIA GeForce RTX 5060 Ti,42,2WikiMultiHopQA,12,16,374,structural,53.2181,0.0,0.0,0,1,1,92,348,348,63493373952,63493373952,7.372,0.024
google/gemma-3-1b-it,NVIDIA GeForce RTX 5060 Ti,42,2WikiMultiHopQA,12,16,375,structural,98.1554,0.0,0.0,0,1,1,95,351,351,64592805888,64592805888,7.372,0.024
google/gemma-3-1b-it,NVIDIA GeForce RTX 5060 Ti,42,2WikiMultiHopQA,12,16,376,multi-hop,87.2764,0.0,0.0,0,1,1,109,365,365,69848268800,69848268800,7.372,0.024
google/gemma-3-1b-it,NVIDIA GeForce RTX 5060 Ti,42,2WikiMultiHopQA,12,16,377,structural,55.8671,0.0,0.0,0,1,1,146,402,402,84727037952,84727037952,7.372,0.024
google/gemma-3-1b-it,NVIDIA GeForce RTX 5060 Ti,42,2WikiMultiHopQA,12,16,378,multi-hop,90.9386,0.0,0.0,0,1,1,5,100,261,5242880000,35715022848,7.372,0.024
google/gemma-3-1b-it,NVIDIA GeForce RTX 5060 Ti,42,2WikiMultiHopQA,12,16,379,structural,66.3973,57.9194,50.9694,0,0,0,57,313,313,51363971072,51363971072,7.372,0.024
google/gemma-3-1b-it,NVIDIA GeForce RTX 5060 Ti,42,2WikiMultiHopQA,12,16,380,semantic,37.664,0.0,72.6601,0,1,0,83,339,339,60251701248,60251701248,7.372,0.024
google/gemma-3-1b-it,NVIDIA GeForce RTX 5060 Ti,42,2WikiMultiHopQA,12,16,381,structural,45.7814,0.0,0.0,0,1,1,100,356,356,66446163968,66446163968,7.372,0.024
google/gemma-3-1b-it,NVIDIA GeForce RTX 5060 Ti,42,2WikiMultiHopQA,12,16,382,semantic,56.8728,0.0,0.0,0,1,1,58,314,314,51692699648,51692699648,7.372,0.024
google/gemma-3-1b-it,NVIDIA GeForce RTX 5060 Ti,42,2WikiMultiHopQA,12,16,383,multi-hop,48.2055,0.0,0.0,0,1,1,24,280,280,41104179200,41104179200,7.372,0.024
google/gemma-3-1b-it,NVIDIA GeForce RTX 5060 Ti,42,2WikiMultiHopQA,12,16,384,structural,63.8559,0.0,39.1154,0,1,0,139,395,395,81802035200,81802035200,7.372,0.024
google/gemma-3-1b-it,NVIDIA GeForce RTX 5060 Ti,42,2WikiMultiHopQA,12,16,385,multi-hop,35.6384,34.7343,58.1727,0,0,0,26,282,282,41693478912,41693478912,7.372,0.024
google/gemma-3-1b-it,NVIDIA GeForce RTX 5060 Ti,42,2WikiMultiHopQA,12,16,386,semantic,65.9528,0.0,74.3788,0,1,0,109,365,365,69848268800,69848268800,7.372,0.024
google/gemma-3-1b-it,NVIDIA GeForce RTX 5060 Ti,42,2WikiMultiHopQA,12,16,387,semantic,43.7274,0.0,0.0,0,1,1,113,369,369,71387578368,71387578368,7.372,0.024
google/gemma-3-1b-it,NVIDIA GeForce RTX 5060 Ti,42,2WikiMultiHopQA,12,16,388,multi-hop,52.8595,0.0,60.6738,0,1,0,8,264,264,36540776448,36540776448,7.372,0.024
google/gemma-3-1b-it,NVIDIA GeForce RTX 5060 Ti,42,2WikiMultiHopQA,12,16,389,semantic,63.0487,0.0,0.0,0,1,1,99,355,355,66073395200,66073395200,7.372,0.024
google/gemma-3-1b-it,NVIDIA GeForce RTX 5060 Ti,42,2WikiMultiHopQA,12,16,390,multi-hop,0.0,0.0,0.0,1,1,1,93,349,349,63858802688,63858802688,7.372,0.024
google/gemma-3-1b-it,NVIDIA GeForce RTX 5060 Ti,42,2WikiMultiHopQA,12,16,391,multi-hop,39.1854,0.0,0.0,0,1,1,52,308,308,49736056832,49736056832,7.372,0.024
google/gemma-3-1b-it,NVIDIA GeForce RTX 5060 Ti,42,2WikiMultiHopQA,12,16,392,multi-hop,83.1666,0.0,0.0,0,1,1,134,390,390,79744204800,79744204800,7.372,0.024
google/gemma-3-1b-it,NVIDIA GeForce RTX 5060 Ti,42,2WikiMultiHopQA,12,16,393,semantic,50.2767,0.0,0.0,0,1,1,73,329,329,56749457408,56749457408,7.372,0.024
google/gemma-3-1b-it,NVIDIA GeForce RTX 5060 Ti,42,2WikiMultiHopQA,12,16,394,multi-hop,82.8065,0.0,0.0,0,1,1,74,330,330,57094963200,57094963200,7.372,0.024
google/gemma-3-1b-it,NVIDIA GeForce RTX 5060 Ti,42,2WikiMultiHopQA,12,16,395,multi-hop,66.6977,45.5438,0.0,0,0,1,110,366,366,70231523328,70231523328,7.372,0.024
google/gemma-3-1b-it,NVIDIA GeForce RTX 5060 Ti,42,2WikiMultiHopQA,12,16,396,multi-hop,76.2647,0.0,0.0,0,1,1,109,365,365,69848268800,69848268800,7.372,0.024
google/gemma-3-1b-it,NVIDIA GeForce RTX 5060 Ti,42,2WikiMultiHopQA,12,16,397,structural,66.2061,0.0,0.0,0,1,1,103,359,359,67570761728,67570761728,7.372,0.024
google/gemma-3-1b-it,NVIDIA GeForce RTX 5060 Ti,42,2WikiMultiHopQA,12,16,398,multi-hop,30.4375,37.3754,0.0,0,0,1,109,365,365,69848268800,69848268800,7.372,0.024
google/gemma-3-1b-it,NVIDIA GeForce RTX 5060 Ti,42,2WikiMultiHopQA,12,16,399,multi-hop,0.0,46.2265,35.1729,1,0,0,86,342,342,61322821632,61322821632,7.372,0.024
google/gemma-3-1b-it,NVIDIA GeForce RTX 5060 Ti,42,2WikiMultiHopQA,12,16,400,multi-hop,40.9653,0.0,0.0,0,1,1,98,354,354,65701675008,65701675008,7.372,0.024
google/gemma-3-1b-it,NVIDIA GeForce RTX 5060 Ti,42,2WikiMultiHopQA,12,16,401,structural,49.0922,0.0,0.0,0,1,1,27,283,283,41989701632,41989701632,7.372,0.024
google/gemma-3-1b-it,NVIDIA GeForce RTX 5060 Ti,42,2WikiMultiHopQA,12,16,402,semantic,99.7539,0.0,0.0,0,1,1,96,352,352,64961380352,64961380352,7.372,0.024
google/gemma-3-1b-it,NVIDIA GeForce RTX 5060 Ti,42,2WikiMultiHopQA,12,16,403,multi-hop,66.3938,0.0,0.0,0,1,1,121,377,377,74516529152,74516529152,7.372,0.024
google/gemma-3-1b-it,NVIDIA GeForce RTX 5060 Ti,42,2WikiMultiHopQA,12,16,404,semantic,40.2595,0.0,0.0,0,1,1,116,372,372,72553070592,72553070592,7.372,0.024
google/gemma-3-1b-it,NVIDIA GeForce RTX 5060 Ti,42,2WikiMultiHopQA,12,16,405,structural,30.4868,29.8237,90.7557,0,0,0,117,373,373,72943665152,72943665152,7.372,0.024
google/gemma-3-1b-it,NVIDIA GeForce RTX 5060 Ti,42,2WikiMultiHopQA,12,16,406,semantic,43.595,0.0,0.0,0,1,1,105,361,361,68325736448,68325736448,7.372,0.024
google/gemma-3-1b-it,NVIDIA GeForce RTX 5060 Ti,42,2WikiMultiHopQA,12,16,407,multi-hop,51.8711,44.0387,68.6657,0,0,0,139,395,395,81802035200,81802035200,7.372,0.024
google/gemma-3-1b-it,NVIDIA GeForce RTX 5060 Ti,42,2WikiMultiHopQA,12,16,408,multi-hop,32.1578,0.0,0.0,0,1,1,139,395,395,81802035200,81802035200,7.372,0.024
google/gemma-3-1b-it,NVIDIA GeForce RTX 5060 Ti,42,2WikiMultiHopQA,12,16,409,semantic,47.985,0.0,0.0,0,1,1,142,398,398,83049316352,83049316352,7.372,0.024
google/gemma-3-1b-it,NVIDIA GeForce RTX 5060 Ti,42,2WikiMultiHopQA,12,16,410,multi-hop,63.7554,0.0,0.0,0,1,1,4,260,260,35441868800,35441868800,7.372,0.024
google/gemma-3-1b-it,NVIDIA GeForce RTX 5060 Ti,42,2WikiMultiHopQA,12,16,411,structural,75.4536,0.0,0.0,0,1,1,96,352,352,64961380352,64961380352,7.372,0.024
google/gemma-3-1b-it,NVIDIA GeForce RTX 5060 Ti,42,2WikiMultiHopQA,12,16,412,multi-hop,52.0057,0.0,0.0,0,1,1,100,356,356,66446163968,66446163968,7.372,0.024
google/gemma-3-1b-it,NVIDIA GeForce RTX 5060 Ti,42,2WikiMultiHopQA,12,16,413,multi-hop,45.1682,75.2564,48.4666,0,0,0,107,363,363,69084905472,69084905472,7.372,0.024
google/gemma-3-1b-it,NVIDIA GeForce RTX 5060 Ti,42,2WikiMultiHopQA,12,16,414,multi-hop,45.202,0.0,0.0,0,1,1,101,357,357,66819981312,66819981312,7.372,0.024
google/gemma-3-1b-it,NVIDIA GeForce RTX 5060 Ti,42,2WikiMultiHopQA,12,16,415,semantic,42.8149,0.0,0.0,0,1,1,100,356,356,66446163968,66446163968,7.372,0.024
google/gemma-3-1b-it,NVIDIA GeForce RTX 5060 Ti,42,2WikiMultiHopQA,12,16,416,semantic,49.7492,0.0,0.0,0,1,1,57,313,313,51363971072,51363971072,7.372,0.024
google/gemma-3-1b-it,NVIDIA GeForce RTX 5060 Ti,42,2WikiMultiHopQA,12,16,417,semantic,69.5276,0.0,52.8692,0,1,0,114,370,370,71775027200,71775027200,7.372,0.024
google/gemma-3-1b-it,NVIDIA GeForce RTX 5060 Ti,42,2WikiMultiHopQA,12,16,418,multi-hop,40.2853,35.2942,0.0,0,0,1,114,370,370,71775027200,71775027200,7.372,0.024
google/gemma-3-1b-it,NVIDIA GeForce RTX 5060 Ti,42,2WikiMultiHopQA,12,16,419,multi-hop,80.7963,58.324,49.0943,0,0,0,100,356,356,66446163968,66446163968,7.372,0.024
google/gemma-3-1b-it,NVIDIA GeForce RTX 5060 Ti,42,2WikiMultiHopQA,12,16,420,structural,32.2932,34.4442,0.0,0,0,1,103,359,359,67570761728,67570761728,7.372,0.024
google/gemma-3-1b-it,NVIDIA GeForce RTX 5060 Ti,42,2WikiMultiHopQA,12,16,421,multi-hop,37.686,43.2097,34.7829,0,0,0,111,367,367,70615826432,70615826432,7.372,0.024
google/gemma-3-1b-it,NVIDIA GeForce RTX 5060 Ti,42,2WikiMultiHopQA,12,16,422,multi-hop,55.5669,0.0,0.0,0,1,1,115,371,371,72163524608,72163524608,7.372,0.024
google/gemma-3-1b-it,NVIDIA GeForce RTX 5060 Ti,42,2WikiMultiHopQA,12,16,423,semantic,77.1207,0.0,0.0,0,1,1,109,365,365,69848268800,69848268800,7.372,0.024
google/gemma-3-1b-it,NVIDIA GeForce RTX 5060 Ti,42,2WikiMultiHopQA,12,16,424,structural,43.6281,74.4446,48.8468,0,0,0,36,292,292,44702892032,44702892032,7.372,0.024
google/gemma-3-1b-it,NVIDIA GeForce RTX 5060 Ti,42,2WikiMultiHopQA,12,16,425,semantic,55.6738,0.0,0.0,0,1,1,36,292,292,44702892032,44702892032,7.372,0.024
google/gemma-3-1b-it,NVIDIA GeForce RTX 5060 Ti,42,2WikiMultiHopQA,12,16,426,multi-hop,50.8288,35.7575,44.3047,0,0,0,105,361,361,68325736448,68325736448,7.372,0.024
google/gemma-3-1b-it,NVIDIA GeForce RTX 5060 Ti,42,2WikiMultiHopQA,12,16,427,semantic,74.1487,0.0,0.0,0,1,1,158,414,414,89860866048,89860866048,7.372,0.024
google/gemma-3-1b-it,NVIDIA GeForce RTX 5060 Ti,42,2WikiMultiHopQA,12,16,428,semantic,44.6676,0.0,76.5358,0,1,0,34,290,290,44092620800,44092620800,7.372,0.024
google/gemma-3-1b-it,NVIDIA GeForce RTX 5060 Ti,42,2WikiMultiHopQA,12,16,429,multi-hop,39.7544,41.9683,41.2884,0,0,0,64,320,320,53687091200,53687091200,7.372,0.024
google/gemma-3-1b-it,NVIDIA GeForce RTX 5060 Ti,42,2WikiMultiHopQA,12,16,430,semantic,34.1309,0.0,0.0,0,1,1,43,299,299,46871871488,46871871488,7.372,0.024
google/gemma-3-1b-it,NVIDIA GeForce RTX 5060 Ti,42,2WikiMultiHopQA,12,16,431,multi-hop,56.0748,60.4378,59.6605,0,0,0,101,357,357,66819981312,66819981312,7.372,0.024
google/gemma-3-1b-it,NVIDIA GeForce RTX 5060 Ti,42,2WikiMultiHopQA,12,16,432,structural,37.3297,62.6648,56.8592,0,0,0,126,382,382,76506202112,76506202112,7.372,0.024
google/gemma-3-1b-it,NVIDIA GeForce RTX 5060 Ti,42,2WikiMultiHopQA,12,16,433,structural,40.4853,0.0,0.0,0,1,1,122,378,378,74912366592,74912366592,7.372,0.024
google/gemma-3-1b-it,NVIDIA GeForce RTX 5060 Ti,42,2WikiMultiHopQA,12,16,434,multi-hop,54.3032,0.0,0.0,0,1,1,33,289,289,43789058048,43789058048,7.372,0.024
google/gemma-3-1b-it,NVIDIA GeForce RTX 5060 Ti,42,2WikiMultiHopQA,12,16,435,structural,56.9879,0.0,0.0,0,1,1,31,287,287,43185078272,43185078272,7.372,0.024
google/gemma-3-1b-it,NVIDIA GeForce RTX 5060 Ti,42,2WikiMultiHopQA,12,16,436,multi-hop,51.5043,0.0,0.0,0,1,1,3,259,259,35169763328,35169763328,7.372,0.024
google/gemma-3-1b-it,NVIDIA GeForce RTX 5060 Ti,42,2WikiMultiHopQA,12,16,437,multi-hop,39.6582,0.0,0.0,0,1,1,57,313,313,51363971072,51363971072,7.372,0.024
google/gemma-3-1b-it,NVIDIA GeForce RTX 5060 Ti,42,2WikiMultiHopQA,12,16,438,multi-hop,40.877,60.1504,0.0,0,0,1,40,296,296,45936017408,45936017408,7.372,0.024
google/gemma-3-1b-it,NVIDIA GeForce RTX 5060 Ti,42,2WikiMultiHopQA,12,16,439,semantic,40.019,0.0,0.0,0,1,1,50,306,306,49092231168,49092231168,7.372,0.024
google/gemma-3-1b-it,NVIDIA GeForce RTX 5060 Ti,42,2WikiMultiHopQA,12,16,440,multi-hop,53.7963,0.0,0.0,0,1,1,16,272,272,38788923392,38788923392,7.372,0.024
google/gemma-3-1b-it,NVIDIA GeForce RTX 5060 Ti,42,2WikiMultiHopQA,12,16,441,multi-hop,41.5888,0.0,0.0,0,1,1,49,305,305,48771891200,48771891200,7.372,0.024
google/gemma-3-1b-it,NVIDIA GeForce RTX 5060 Ti,42,2WikiMultiHopQA,12,16,442,semantic,70.423,0.0,47.3307,0,1,0,91,347,347,63128993792,63128993792,7.372,0.024
google/gemma-3-1b-it,NVIDIA GeForce RTX 5060 Ti,42,2WikiMultiHopQA,12,16,443,structural,40.4908,0.0,0.0,0,1,1,17,273,273,39074660352,39074660352,7.372,0.024
google/gemma-3-1b-it,NVIDIA GeForce RTX 5060 Ti,42,2WikiMultiHopQA,12,16,444,multi-hop,39.4335,0.0,0.0,0,1,1,105,361,361,68325736448,68325736448,7.372,0.024
google/gemma-3-1b-it,NVIDIA GeForce RTX 5060 Ti,42,2WikiMultiHopQA,12,16,445,structural,35.3682,37.1785,0.0,0,0,1,93,349,349,63858802688,63858802688,7.372,0.024
google/gemma-3-1b-it,NVIDIA GeForce RTX 5060 Ti,42,2WikiMultiHopQA,12,16,446,structural,44.846,0.0,0.0,0,1,1,103,359,359,67570761728,67570761728,7.372,0.024
google/gemma-3-1b-it,NVIDIA GeForce RTX 5060 Ti,42,2WikiMultiHopQA,12,16,447,multi-hop,72.773,0.0,0.0,0,1,1,53,309,309,50059542528,50059542528,7.372,0.024
google/gemma-3-1b-it,NVIDIA GeForce RTX 5060 Ti,42,2WikiMultiHopQA,12,16,448,multi-hop,32.7585,0.0,0.0,0,1,1,105,361,361,68325736448,68325736448,7.372,0.024
google/gemma-3-1b-it,NVIDIA GeForce RTX 5060 Ti,42,2WikiMultiHopQA,12,16,449,semantic,50.1557,0.0,0.0,0,1,1,2,32,33,536870912,570949632,7.372,0.024
google/gemma-3-1b-it,NVIDIA GeForce RTX 5060 Ti,42,2WikiMultiHopQA,12,16,450,structural,33.8152,0.0,0.0,0,1,1,90,346,346,62765662208,62765662208,7.372,0.024
google/gemma-3-1b-it,NVIDIA GeForce RTX 5060 Ti,42,2WikiMultiHopQA,12,16,451,semantic,56.7291,0.0,0.0,0,1,1,103,359,359,67570761728,67570761728,7.372,0.024
google/gemma-3-1b-it,NVIDIA GeForce RTX 5060 Ti,42,2WikiMultiHopQA,12,16,452,structural,49.6645,46.2364,49.5553,0,0,0,12,136,73,9697230848,2793930752,7.372,0.024
google/gemma-3-1b-it,NVIDIA GeForce RTX 5060 Ti,42,2WikiMultiHopQA,12,16,453,multi-hop,55.5871,0.0,0.0,0,1,1,126,382,382,76506202112,76506202112,7.372,0.024
google/gemma-3-1b-it,NVIDIA GeForce RTX 5060 Ti,42,2WikiMultiHopQA,12,16,454,multi-hop,55.044,41.6829,46.3963,0,0,0,72,328,328,56405000192,56405000192,7.372,0.024
google/gemma-3-1b-it,NVIDIA GeForce RTX 5060 Ti,42,2WikiMultiHopQA,12,16,455,semantic,77.9035,0.0,0.0,0,1,1,107,363,363,69084905472,69084905472,7.372,0.024
google/gemma-3-1b-it,NVIDIA GeForce RTX 5060 Ti,42,2WikiMultiHopQA,12,16,456,semantic,35.5433,0.0,52.0829,0,1,0,80,336,336,59190018048,59190018048,7.372,0.024
google/gemma-3-1b-it,NVIDIA GeForce RTX 5060 Ti,42,2WikiMultiHopQA,12,16,457,multi-hop,45.5372,0.0,0.0,0,1,1,124,380,380,75707187200,75707187200,7.372,0.024
google/gemma-3-1b-it,NVIDIA GeForce RTX 5060 Ti,42,2WikiMultiHopQA,12,16,458,multi-hop,32.3762,0.0,0.0,0,1,1,92,348,348,63493373952,63493373952,7.372,0.024
google/gemma-3-1b-it,NVIDIA GeForce RTX 5060 Ti,42,2WikiMultiHopQA,12,16,459,multi-hop,58.8855,0.0,0.0,0,1,1,95,351,351,64592805888,64592805888,7.372,0.024
google/gemma-3-1b-it,NVIDIA GeForce RTX 5060 Ti,42,2WikiMultiHopQA,12,16,460,structural,56.0012,42.8172,0.0,0,0,1,142,398,398,83049316352,83049316352,7.372,0.024
google/gemma-3-1b-it,NVIDIA GeForce RTX 5060 Ti,42,2WikiMultiHopQA,12,16,461,semantic,69.5412,0.0,0.0,0,1,1,105,361,361,68325736448,68325736448,7.372,0.024
google/gemma-3-1b-it,NVIDIA GeForce RTX 5060 Ti,42,2WikiMultiHopQA,12,16,462,structural,33.7404,57.5186,0.0,0,0,1,73,329,329,56749457408,56749457408,7.372,0.024
google/gemma-3-1b-it,NVIDIA GeForce RTX 5060 Ti,42,2WikiMultiHopQA,12,16,463,semantic,44.5703,0.0,55.0329,0,1,0,14,270,270,38220595200,38220595200,7.372,0.024
google/gemma-3-1b-it,NVIDIA GeForce RTX 5060 Ti,42,2WikiMultiHopQA,12,16,464,multi-hop,61.3739,0.0,0.0,0,1,1,104,360,360,67947724800,67947724800,7.372,0.024
google/gemma-3-1b-it,NVIDIA GeForce RTX 5060 Ti,42,2WikiMultiHopQA,12,16,465,semantic,0.0,0.0,0.0,1,1,1,34,290,290,44092620800,44092620800,7.372,0.024
google/gemma-3-1b-it,NVIDIA GeForce RTX 5060 Ti,42,2WikiMultiHopQA,12,16,466,semantic,35.947,0.0,0.0,0,1,1,162,418,418,91605696512,91605696512,7.372,0.024
google/gemma-3-1b-it,NVIDIA GeForce RTX 5060 Ti,42,2WikiMultiHopQA,12,16,467,structural,0.0,0.0,0.0,1,1,1,3,259,259,35169763328,35169763328,7.372,0.024
google/gemma-3-1b-it,NVIDIA GeForce RTX 5060 Ti,42,2WikiMultiHopQA,12,16,468,structural,46.0215,45.6877,39.7497,0,0,0,85,341,341,60964732928,60964732928,7.372,0.024
google/gemma-3-1b-it,NVIDIA GeForce RTX 5060 Ti,42,2WikiMultiHopQA,12,16,469,multi-hop,28.3389,89.4698,92.243,0,0,0,105,361,361,68325736448,68325736448,7.372,0.024
google/gemma-3-1b-it,NVIDIA GeForce RTX 5060 Ti,42,2WikiMultiHopQA,12,16,470,multi-hop,73.6051,0.0,0.0,0,1,1,113,369,369,71387578368,71387578368,7.372,0.024
google/gemma-3-1b-it,NVIDIA GeForce RTX 5060 Ti,42,2WikiMultiHopQA,12,16,471,structural,73.3278,60.3241,84.9376,0,0,0,110,366,366,70231523328,70231523328,7.372,0.024
google/gemma-3-1b-it,NVIDIA GeForce RTX 5060 Ti,42,2WikiMultiHopQA,12,16,472,multi-hop,60.0093,0.0,0.0,0,1,1,105,361,361,68325736448,68325736448,7.372,0.024
google/gemma-3-1b-it,NVIDIA GeForce RTX 5060 Ti,42,2WikiMultiHopQA,12,16,473,semantic,43.1611,0.0,0.0,0,1,1,119,375,375,73728000000,73728000000,7.372,0.024
google/gemma-3-1b-it,NVIDIA GeForce RTX 5060 Ti,42,2WikiMultiHopQA,12,16,474,multi-hop,0.0,0.0,0.0,1,1,1,50,306,306,49092231168,49092231168,7.372,0.024
google/gemma-3-1b-it,NVIDIA GeForce RTX 5060 Ti,42,2WikiMultiHopQA,12,16,475,multi-hop,50.5245,0.0,0.0,0,1,1,4,260,260,35441868800,35441868800,7.372,0.024
google/gemma-3-1b-it,NVIDIA GeForce RTX 5060 Ti,42,2WikiMultiHopQA,12,16,476,multi-hop,34.7746,53.0267,0.0,0,0,1,117,373,373,72943665152,72943665152,7.372,0.024
google/gemma-3-1b-it,NVIDIA GeForce RTX 5060 Ti,42,2WikiMultiHopQA,12,16,477,multi-hop,39.4769,0.0,0.0,0,1,1,39,295,295,45626163200,45626163200,7.372,0.024
google/gemma-3-1b-it,NVIDIA GeForce RTX 5060 Ti,42,2WikiMultiHopQA,12,16,478,structural,39.8566,73.7167,66.6341,0,0,0,24,280,280,41104179200,41104179200,7.372,0.024
google/gemma-3-1b-it,NVIDIA GeForce RTX 5060 Ti,42,2WikiMultiHopQA,12,16,479,structural,54.4538,82.7958,38.0273,0,0,0,151,407,407,86847782912,86847782912,7.372,0.024
google/gemma-3-1b-it,NVIDIA GeForce RTX 5060 Ti,42,2WikiMultiHopQA,12,16,480,semantic,52.8209,0.0,0.0,0,1,1,57,313,313,51363971072,51363971072,7.372,0.024
google/gemma-3-1b-it,NVIDIA GeForce RTX 5060 Ti,42,2WikiMultiHopQA,12,16,481,multi-hop,59.8715,41.7554,34.773,0,0,0,2,58,33,1763704832,570949632,7.372,0.024
google/gemma-3-1b-it,NVIDIA GeForce RTX 5060 Ti,42,2WikiMultiHopQA,12,16,482,structural,56.5805,0.0,0.0,0,1,1,119,375,375,73728000000,73728000000,7.372,0.024
google/gemma-3-1b-it,NVIDIA GeForce RTX 5060 Ti,42,2WikiMultiHopQA,12,16,483,structural,38.6794,31.9546,33.5181,0,0,0,3,32,33,536870912,570949632,7.372,0.024
google/gemma-3-1b-it,NVIDIA GeForce RTX 5060 Ti,42,2WikiMultiHopQA,12,16,484,multi-hop,58.4856,76.5934,60.167,0,0,0,139,395,395,81802035200,81802035200,7.372,0.024
google/gemma-3-1b-it,NVIDIA GeForce RTX 5060 Ti,42,2WikiMultiHopQA,12,16,485,multi-hop,76.486,36.5988,37.8007,0,0,0,4,46,33,1109393408,570949632,7.372,0.024
google/gemma-3-1b-it,NVIDIA GeForce RTX 5060 Ti,42,2WikiMultiHopQA,12,16,486,multi-hop,42.5719,0.0,50.2891,0,1,0,28,284,284,42286972928,42286972928,7.372,0.024
google/gemma-3-1b-it,NVIDIA GeForce RTX 5060 Ti,42,2WikiMultiHopQA,12,16,487,semantic,0.0,0.0,0.0,1,1,1,3,60,49,1887436800,1258815488,7.372,0.024
google/gemma-3-1b-it,NVIDIA GeForce RTX 5060 Ti,42,2WikiMultiHopQA,12,16,488,multi-hop,60.8041,0.0,0.0,0,1,1,85,341,341,60964732928,60964732928,7.372,0.024
google/gemma-3-1b-it,NVIDIA GeForce RTX 5060 Ti,42,2WikiMultiHopQA,12,16,489,multi-hop,35.612,0.0,0.0,0,1,1,114,370,370,71775027200,71775027200,7.372,0.024
google/gemma-3-1b-it,NVIDIA GeForce RTX 5060 Ti,42,2WikiMultiHopQA,12,16,490,structural,64.1367,53.5644,66.4123,0,0,0,110,366,366,70231523328,70231523328,7.372,0.024
google/gemma-3-1b-it,NVIDIA GeForce RTX 5060 Ti,42,2WikiMultiHopQA,12,16,491,structural,50.4257,0.0,0.0,0,1,1,104,360,360,67947724800,67947724800,7.372,0.024
google/gemma-3-1b-it,NVIDIA GeForce RTX 5060 Ti,42,2WikiMultiHopQA,12,16,492,structural,61.0781,52.168,36.0353,0,0,0,63,319,319,53352071168,53352071168,7.372,0.024
google/gemma-3-1b-it,NVIDIA GeForce RTX 5060 Ti,42,2WikiMultiHopQA,12,16,493,multi-hop,75.7246,0.0,0.0,0,1,1,63,319,319,53352071168,53352071168,7.372,0.024
google/gemma-3-1b-it,NVIDIA GeForce RTX 5060 Ti,42,2WikiMultiHopQA,12,16,494,multi-hop,52.0287,37.2475,50.3515,0,0,0,2,32,33,536870912,570949632,7.372,0.024
google/gemma-3-1b-it,NVIDIA GeForce RTX 5060 Ti,42,2WikiMultiHopQA,12,16,495,structural,33.3568,0.0,0.0,0,1,1,112,368,368,71001178112,71001178112,7.372,0.024
google/gemma-3-1b-it,NVIDIA GeForce RTX 5060 Ti,42,2WikiMultiHopQA,12,16,496,structural,50.2176,65.3279,0.0,0,0,1,108,364,364,69466062848,69466062848,7.372,0.024
google/gemma-3-1b-it,NVIDIA GeForce RTX 5060 Ti,42,2WikiMultiHopQA,12,16,497,semantic,38.9382,0.0,0.0,0,1,1,92,348,348,63493373952,63493373952,7.372,0.024
google/gemma-3-1b-it,NVIDIA GeForce RTX 5060 Ti,42,2WikiMultiHopQA,12,16,498,multi-hop,43.8849,0.0,0.0,0,1,1,26,282,282,41693478912,41693478912,7.372,0.024
google/gemma-3-1b-it,NVIDIA GeForce RTX 5060 Ti,42,2WikiMultiHopQA,12,16,499,semantic,44.4181,0.0,0.0,0,1,1,146,402,402,84727037952,84727037952,7.372,0.024
google/gemma-3-1b-it,NVIDIA GeForce RTX 5060 Ti,42,2WikiMultiHopQA,12,16,500,structural,41.7762,0.0,0.0,0,1,1,109,365,365,69848268800,69848268800,7.372,0.024
google/gemma-3-1b-it,NVIDIA GeForce RTX 5060 Ti,42,2WikiMultiHopQA,12,16,501,multi-hop,52.7919,0.0,69.9624,0,1,0,39,295,295,45626163200,45626163200,7.372,0.024
google/gemma-3-1b-it,NVIDIA GeForce RTX 5060 Ti,42,2WikiMultiHopQA,12,16,502,multi-hop,56.5715,56.2999,40.987,0,0,0,110,366,366,70231523328,70231523328,7.372,0.024
google/gemma-3-1b-it,NVIDIA GeForce RTX 5060 Ti,42,2WikiMultiHopQA,12,16,503,structural,61.2832,59.9489,41.9978,0,0,0,72,328,328,56405000192,56405000192,7.372,0.024
google/gemma-3-1b-it,NVIDIA GeForce RTX 5060 Ti,42,2WikiMultiHopQA,12,16,504,structural,50.5338,0.0,0.0,0,1,1,105,361,361,68325736448,68325736448,7.372,0.024
google/gemma-3-1b-it,NVIDIA GeForce RTX 5060 Ti,42,2WikiMultiHopQA,12,16,505,multi-hop,0.0,57.3655,33.7453,1,0,0,46,302,302,47817162752,47817162752,7.372,0.024
google/gemma-3-1b-it,NVIDIA GeForce RTX 5060 Ti,42,2WikiMultiHopQA,12,16,506,multi-hop,46.1114,0.0,0.0,0,1,1,20,276,276,39938162688,39938162688,7.372,0.024
google/gemma-3-1b-it,NVIDIA GeForce RTX 5060 Ti,42,2WikiMultiHopQA,12,16,507,multi-hop,64.0179,0.0,0.0,0,1,1,17,273,273,39074660352,39074660352,7.372,0.024
google/gemma-3-1b-it,NVIDIA GeForce RTX 5060 Ti,42,2WikiMultiHopQA,12,16,508,structural,72.6815,0.0,0.0,0,1,1,127,383,383,76907282432,76907282432,7.372,0.024
google/gemma-3-1b-it,NVIDIA GeForce RTX 5060 Ti,42,2WikiMultiHopQA,12,16,509,structural,38.0987,36.6556,33.1949,0,0,0,103,359,359,67570761728,67570761728,7.372,0.024
google/gemma-3-1b-it,NVIDIA GeForce RTX 5060 Ti,42,2WikiMultiHopQA,12,16,510,semantic,53.531,0.0,0.0,0,1,1,4,43,33,969408512,570949632,7.372,0.024
google/gemma-3-1b-it,NVIDIA GeForce RTX 5060 Ti,42,2WikiMultiHopQA,12,16,511,structural,33.9004,0.0,0.0,0,1,1,8,159,264,13254524928,36540776448,7.372,0.024
google/gemma-3-1b-it,NVIDIA GeForce RTX 5060 Ti,42,2WikiMultiHopQA,12,16,512,multi-hop,42.4229,55.7475,41.9981,0,0,0,161,417,417,91167916032,91167916032,7.372,0.024
google/gemma-3-1b-it,NVIDIA GeForce RTX 5060 Ti,42,2WikiMultiHopQA,12,16,513,multi-hop,91.9535,49.1213,0.0,0,0,1,64,320,320,53687091200,53687091200,7.372,0.024
google/gemma-3-1b-it,NVIDIA GeForce RTX 5060 Ti,42,2WikiMultiHopQA,12,16,514,multi-hop,86.0425,57.2589,44.6307,0,0,0,87,343,343,61681958912,61681958912,7.372,0.024
google/gemma-3-1b-it,NVIDIA GeForce RTX 5060 Ti,42,2WikiMultiHopQA,12,16,515,structural,51.3989,0.0,0.0,0,1,1,110,366,366,70231523328,70231523328,7.372,0.024
google/gemma-3-1b-it,NVIDIA GeForce RTX 5060 Ti,42,2WikiMultiHopQA,12,16,516,multi-hop,49.3538,0.0,0.0,0,1,1,5,261,261,35715022848,35715022848,7.372,0.024
google/gemma-3-1b-it,NVIDIA GeForce RTX 5060 Ti,42,2WikiMultiHopQA,12,16,517,multi-hop,52.2298,0.0,0.0,0,1,1,59,315,315,52022476800,52022476800,7.372,0.024
google/gemma-3-1b-it,NVIDIA GeForce RTX 5060 Ti,42,2WikiMultiHopQA,12,16,518,multi-hop,76.286,0.0,0.0,0,1,1,24,280,280,41104179200,41104179200,7.372,0.024
google/gemma-3-1b-it,NVIDIA GeForce RTX 5060 Ti,42,2WikiMultiHopQA,12,16,519,structural,61.6329,40.8668,0.0,0,0,1,114,370,370,71775027200,71775027200,7.372,0.024
google/gemma-3-1b-it,NVIDIA GeForce RTX 5060 Ti,42,2WikiMultiHopQA,12,16,520,semantic,32.1828,0.0,0.0,0,1,1,105,361,361,68325736448,68325736448,7.372,0.024
google/gemma-3-1b-it,NVIDIA GeForce RTX 5060 Ti,42,2WikiMultiHopQA,12,16,521,structural,37.1161,60.5891,0.0,0,0,1,29,285,285,42585292800,42585292800,7.372,0.024
google/gemma-3-1b-it,NVIDIA GeForce RTX 5060 Ti,42,2WikiMultiHopQA,12,16,522,multi-hop,78.7692,0.0,0.0,0,1,1,34,290,290,44092620800,44092620800,7.372,0.024
google/gemma-3-1b-it,NVIDIA GeForce RTX 5060 Ti,42,2WikiMultiHopQA,12,16,523,semantic,55.4789,0.0,0.0,0,1,1,92,348,348,63493373952,63493373952,7.372,0.024
google/gemma-3-1b-it,NVIDIA GeForce RTX 5060 Ti,42,2WikiMultiHopQA,12,16,524,multi-hop,41.4437,45.5685,41.7771,0,0,0,20,276,64,39938162688,2147483648,7.372,0.024
google/gemma-3-1b-it,NVIDIA GeForce RTX 5060 Ti,42,2WikiMultiHopQA,12,16,525,semantic,51.1528,0.0,0.0,0,1,1,110,366,366,70231523328,70231523328,7.372,0.024
google/gemma-3-1b-it,NVIDIA GeForce RTX 5060 Ti,42,2WikiMultiHopQA,12,16,526,multi-hop,55.8842,0.0,0.0,0,1,1,38,294,294,45317357568,45317357568,7.372,0.024
google/gemma-3-1b-it,NVIDIA GeForce RTX 5060 Ti,42,2WikiMultiHopQA,12,16,527,semantic,79.511,0.0,98.3409,0,1,0,136,392,392,80564191232,80564191232,7.372,0.024
google/gemma-3-1b-it,NVIDIA GeForce RTX 5060 Ti,42,2WikiMultiHopQA,12,16,528,semantic,66.1571,0.0,0.0,0,1,1,122,378,378,74912366592,74912366592,7.372,0.024
google/gemma-3-1b-it,NVIDIA GeForce RTX 5060 Ti,42,2WikiMultiHopQA,12,16,529,structural,68.6847,70.7887,61.0021,0,0,0,105,361,361,68325736448,68325736448,7.372,0.024
google/gemma-3-1b-it,NVIDIA GeForce RTX 5060 Ti,42,2WikiMultiHopQA,12,16,530,semantic,42.128,0.0,0.0,0,1,1,35,291,291,44397232128,44397232128,7.372,0.024
google/gemma-3-1b-it,NVIDIA GeForce RTX 5060 Ti,42,2WikiMultiHopQA,12,16,531,structural,67.323,0.0,0.0,0,1,1,82,338,338,59896758272,59896758272,7.372,0.024
google/gemma-3-1b-it,NVIDIA GeForce RTX 5060 Ti,42,2WikiMultiHopQA,12,16,532,multi-hop,43.7308,0.0,42.2689,0,1,0,91,347,347,63128993792,63128993792,7.372,0.024
google/gemma-3-1b-it,NVIDIA GeForce RTX 5060 Ti,42,2WikiMultiHopQA,12,16,533,semantic,40.5493,0.0,0.0,0,1,1,109,365,365,69848268800,69848268800,7.372,0.024
google/gemma-3-1b-it,NVIDIA GeForce RTX 5060 Ti,42,2WikiMultiHopQA,12,16,534,multi-hop,69.204,0.0,45.7253,0,1,0,92,348,348,63493373952,63493373952,7.372,0.024
google/gemma-3-1b-it,NVIDIA GeForce RTX 5060 Ti,42,2WikiMultiHopQA,12,16,535,multi-hop,58.2913,0.0,0.0,0,1,1,105,361,361,68325736448,68325736448,7.372,0.024
google/gemma-3-1b-it,NVIDIA GeForce RTX 5060 Ti,42,2WikiMultiHopQA,12,16,536,multi-hop,0.0,51.1467,46.4963,1,0,0,93,349,349,63858802688,63858802688,7.372,0.024
google/gemma-3-1b-it,NVIDIA GeForce RTX 5060 Ti,42,2WikiMultiHopQA,12,16,537,structural,65.9443,0.0,0.0,0,1,1,53,309,309,50059542528,50059542528,7.372,0.024
google/gemma-3-1b-it,NVIDIA GeForce RTX 5060 Ti,42,2WikiMultiHopQA,12,16,538,multi-hop,39.1832,0.0,0.0,0,1,1,98,354,354,65701675008,65701675008,7.372,0.024
google/gemma-3-1b-it,NVIDIA GeForce RTX 5060 Ti,42,2WikiMultiHopQA,12,16,539,multi-hop,91.4306,0.0,0.0,0,1,1,116,372,372,72553070592,72553070592,7.372,0.024
google/gemma-3-1b-it,NVIDIA GeForce RTX 5060 Ti,42,2WikiMultiHopQA,12,16,540,multi-hop,39.5431,37.924,60.8196,0,0,0,101,357,357,66819981312,66819981312,7.372,0.024
google/gemma-3-1b-it,NVIDIA GeForce RTX 5060 Ti,42,2WikiMultiHopQA,12,16,541,multi-hop,49.7156,40.5596,0.0,0,0,1,78,334,334,58487472128,58487472128,7.372,0.024
google/gemma-3-1b-it,NVIDIA GeForce RTX 5060 Ti,42,2WikiMultiHopQA,12,16,542,structural,54.8186,0.0,0.0,0,1,1,112,368,368,71001178112,71001178112,7.372,0.024
google/gemma-3-1b-it,NVIDIA GeForce RTX 5060 Ti,42,2WikiMultiHopQA,12,16,543,semantic,45.9683,0.0,0.0,0,1,1,114,370,370,71775027200,71775027200,7.372,0.024
google/gemma-3-1b-it,NVIDIA GeForce RTX 5060 Ti,42,2WikiMultiHopQA,12,16,544,structural,40.8078,35.2188,32.1865,0,0,0,87,343,343,61681958912,61681958912,7.372,0.024
google/gemma-3-1b-it,NVIDIA GeForce RTX 5060 Ti,42,2WikiMultiHopQA,12,16,545,multi-hop,0.0,0.0,48.5076,1,1,0,22,278,278,40519073792,40519073792,7.372,0.024
google/gemma-3-1b-it,NVIDIA GeForce RTX 5060 Ti,42,2WikiMultiHopQA,12,16,546,structural,32.0352,37.1339,55.7959,0,0,0,53,309,309,50059542528,50059542528,7.372,0.024
google/gemma-3-1b-it,NVIDIA GeForce RTX 5060 Ti,42,2WikiMultiHopQA,12,16,547,multi-hop,52.3152,0.0,0.0,0,1,1,107,363,363,69084905472,69084905472,7.372,0.024
google/gemma-3-1b-it,NVIDIA GeForce RTX 5060 Ti,42,2WikiMultiHopQA,12,16,548,multi-hop,47.6401,51.6797,0.0,0,0,1,12,268,268,37656461312,37656461312,7.372,0.024
google/gemma-3-1b-it,NVIDIA GeForce RTX 5060 Ti,42,2WikiMultiHopQA,12,16,549,multi-hop,30.5026,31.5587,0.0,0,0,1,142,398,398,83049316352,83049316352,7.372,0.024
google/gemma-3-1b-it,NVIDIA GeForce RTX 5060 Ti,42,2WikiMultiHopQA,12,16,550,multi-hop,82.7781,37.3584,51.8119,0,0,0,5,110,51,6343884800,1363673088,7.372,0.024
google/gemma-3-1b-it,NVIDIA GeForce RTX 5060 Ti,42,2WikiMultiHopQA,12,16,551,semantic,36.6747,0.0,0.0,0,1,1,119,375,375,73728000000,73728000000,7.372,0.024
google/gemma-3-1b-it,NVIDIA GeForce RTX 5060 Ti,42,2WikiMultiHopQA,12,16,552,structural,54.3275,0.0,0.0,0,1,1,82,338,338,59896758272,59896758272,7.372,0.024
google/gemma-3-1b-it,NVIDIA GeForce RTX 5060 Ti,42,2WikiMultiHopQA,12,16,553,semantic,33.3306,0.0,55.6868,0,1,0,16,272,272,38788923392,38788923392,7.372,0.024
google/gemma-3-1b-it,NVIDIA GeForce RTX 5060 Ti,42,2WikiMultiHopQA,12,16,554,multi-hop,71.5011,0.0,0.0,0,1,1,105,361,361,68325736448,68325736448,7.372,0.024
google/gemma-3-1b-it,NVIDIA GeForce RTX 5060 Ti,42,2WikiMultiHopQA,12,16,555,semantic,61.3361,0.0,0.0,0,1,1,4,260,260,35441868800,35441868800,7.372,0.024
google/gemma-3-1b-it,NVIDIA GeForce RTX 5060 Ti,42,2WikiMultiHopQA,12,16,556,multi-hop,40.3474,0.0,0.0,0,1,1,148,404,404,85572190208,85572190208,7.372,0.024
google/gemma-3-1b-it,NVIDIA GeForce RTX 5060 Ti,42,2WikiMultiHopQA,12,16,557,multi-hop,63.1166,50.0956,65.4115,0,0,0,24,280,280,41104179200,41104179200,7.372,0.024
google/gemma-3-1b-it,NVIDIA GeForce RTX 5060 Ti,42,2WikiMultiHopQA,12,16,558,structural,43.2916,65.4903,0.0,0,0,1,19,275,275,39649280000,39649280000,7.372,0.024
google/gemma-3-1b-it,NVIDIA GeForce RTX 5060 Ti,42,2WikiMultiHopQA,12,16,559,structural,32.1538,50.822,79.7972,0,0,0,6,262,262,35989225472,35989225472,7.372,0.024
google/gemma-3-1b-it,NVIDIA GeForce RTX 5060 Ti,42,2WikiMultiHopQA,12,16,560,multi-hop,50.9502,0.0,0.0,0,1,1,110,366,366,70231523328,70231523328,7.372,0.024
google/gemma-3-1b-it,NVIDIA GeForce RTX 5060 Ti,42,2WikiMultiHopQA,12,16,561,structural,49.9267,37.2328,0.0,0,0,1,129,385,385,77712588800,77712588800,7.372,0.024
google/gemma-3-1b-it,NVIDIA GeForce RTX 5060 Ti,42,2WikiMultiHopQA,12,16,562,semantic,35.6116,0.0,0.0,0,1,1,70,326,326,55719231488,55719231488,7.372,0.024
google/gemma-3-1b-it,NVIDIA GeForce RTX 5060 Ti,42,2WikiMultiHopQA,12,16,563,multi-hop,49.0701,39.4792,37.1214,0,0,0,100,356,356,66446163968,66446163968,7.372,0.024
google/gemma-3-1b-it,NVIDIA GeForce RTX 5060 Ti,42,2WikiMultiHopQA,12,16,564,semantic,33.5234,0.0,0.0,0,1,1,90,346,346,62765662208,62765662208,7.372,0.024
google/gemma-3-1b-it,NVIDIA GeForce RTX 5060 Ti,42,2WikiMultiHopQA,12,16,565,semantic,48.8052,0.0,0.0,0,1,1,119,375,375,73728000000,73728000000,7.372,0.024
google/gemma-3-1b-it,NVIDIA GeForce RTX 5060 Ti,42,2WikiMultiHopQA,12,16,566,structural,28.3858,0.0,34.586,0,1,0,10,266,266,37096521728,37096521728,7.372,0.024
google/gemma-3-1b-it,NVIDIA GeForce RTX 5060 Ti,42,2WikiMultiHopQA,12,16,567,semantic,0.0,0.0,0.0,1,1,1,101,357,357,66819981312,66819981312,7.372,0.024
google/gemma-3-1b-it,NVIDIA GeForce RTX 5060 Ti,42,2WikiMultiHopQA,12,16,568,multi-hop,41.9458,40.6088,37.667,0,0,0,80,336,336,59190018048,59190018048,7.372,0.024
google/gemma-3-1b-it,NVIDIA GeForce RTX 5060 Ti,42,2WikiMultiHopQA,12,16,569,multi-hop,37.6816,0.0,0.0,0,1,1,57,313,313,51363971072,51363971072,7.372,0.024
google/gemma-3-1b-it,NVIDIA GeForce RTX 5060 Ti,42,2WikiMultiHopQA,12,16,570,multi-hop,44.1454,65.3449,75.4752,0,0,0,119,375,375,73728000000,73728000000,7.372,0.024
google/gemma-3-1b-it,NVIDIA GeForce RTX 5060 Ti,42,2WikiMultiHopQA,12,16,571,multi-hop,40.352,56.2388,32.9487,0,0,0,2,32,33,536870912,570949632,7.372,0.024
google/gemma-3-1b-it,NVIDIA GeForce RTX 5060 Ti,42,2WikiMultiHopQA,12,16,572,multi-hop,40.3287,0.0,0.0,0,1,1,100,356,356,66446163968,66446163968,7.372,0.024
google/gemma-3-1b-it,NVIDIA GeForce RTX 5060 Ti,42,2WikiMultiHopQA,12,16,573,multi-hop,56.8038,0.0,0.0,0,1,1,114,370,370,71775027200,71775027200,7.372,0.024
google/gemma-3-1b-it,NVIDIA GeForce RTX 5060 Ti,42,2WikiMultiHopQA,12,16,574,semantic,48.833,0.0,0.0,0,1,1,98,354,354,65701675008,65701675008,7.372,0.024
google/gemma-3-1b-it,NVIDIA GeForce RTX 5060 Ti,42,2WikiMultiHopQA,12,16,575,multi-hop,66.799,0.0,0.0,0,1,1,80,336,336,59190018048,59190018048,7.372,0.024
google/gemma-3-1b-it,NVIDIA GeForce RTX 5060 Ti,42,2WikiMultiHopQA,12,16,576,structural,29.8844,33.0291,38.0821,0,0,0,5,85,49,3787980800,1258815488,7.372,0.024
google/gemma-3-1b-it,NVIDIA GeForce RTX 5060 Ti,42,2WikiMultiHopQA,12,16,577,multi-hop,37.8741,0.0,0.0,0,1,1,48,304,304,48452599808,48452599808,7.372,0.024
google/gemma-3-1b-it,NVIDIA GeForce RTX 5060 Ti,42,2WikiMultiHopQA,12,16,578,structural,31.8661,0.0,0.0,0,1,1,104,360,360,67947724800,67947724800,7.372,0.024
google/gemma-3-1b-it,NVIDIA GeForce RTX 5060 Ti,42,2WikiMultiHopQA,12,16,579,multi-hop,59.3267,32.4401,32.565,0,0,0,43,299,299,46871871488,46871871488,7.372,0.024
google/gemma-3-1b-it,NVIDIA GeForce RTX 5060 Ti,42,2WikiMultiHopQA,12,16,580,multi-hop,66.1695,0.0,0.0,0,1,1,113,369,369,71387578368,71387578368,7.372,0.024
google/gemma-3-1b-it,NVIDIA GeForce RTX 5060 Ti,42,2WikiMultiHopQA,12,16,581,semantic,34.9556,0.0,0.0,0,1,1,104,360,360,67947724800,67947724800,7.372,0.024
google/gemma-3-1b-it,NVIDIA GeForce RTX 5060 Ti,42,2WikiMultiHopQA,12,16,582,semantic,106.3647,0.0,0.0,0,1,1,138,394,394,81388371968,81388371968,7.372,0.024
google/gemma-3-1b-it,NVIDIA GeForce RTX 5060 Ti,42,2WikiMultiHopQA,12,16,583,multi-hop,43.9297,0.0,0.0,0,1,1,28,284,284,42286972928,42286972928,7.372,0.024
google/gemma-3-1b-it,NVIDIA GeForce RTX 5060 Ti,42,2WikiMultiHopQA,12,16,584,multi-hop,49.1024,32.9489,0.0,0,0,1,63,319,319,53352071168,53352071168,7.372,0.024
google/gemma-3-1b-it,NVIDIA GeForce RTX 5060 Ti,42,2WikiMultiHopQA,12,16,585,multi-hop,32.6879,35.3871,47.9804,0,0,0,101,357,357,66819981312,66819981312,7.372,0.024
google/gemma-3-1b-it,NVIDIA GeForce RTX 5060 Ti,42,2WikiMultiHopQA,12,16,586,semantic,41.6552,0.0,0.0,0,1,1,2,32,33,536870912,570949632,7.372,0.024
google/gemma-3-1b-it,NVIDIA GeForce RTX 5060 Ti,42,2WikiMultiHopQA,12,16,587,semantic,44.1112,0.0,0.0,0,1,1,83,339,339,60251701248,60251701248,7.372,0.024
google/gemma-3-1b-it,NVIDIA GeForce RTX 5060 Ti,42,2WikiMultiHopQA,12,16,588,multi-hop,33.7304,75.8075,0.0,0,0,1,136,392,392,80564191232,80564191232,7.372,0.024
google/gemma-3-1b-it,NVIDIA GeForce RTX 5060 Ti,42,2WikiMultiHopQA,12,16,589,semantic,40.3336,0.0,0.0,0,1,1,50,306,306,49092231168,49092231168,7.372,0.024
google/gemma-3-1b-it,NVIDIA GeForce RTX 5060 Ti,42,2WikiMultiHopQA,12,16,590,structural,63.0568,0.0,0.0,0,1,1,85,341,341,60964732928,60964732928,7.372,0.024
google/gemma-3-1b-it,NVIDIA GeForce RTX 5060 Ti,42,2WikiMultiHopQA,12,16,591,semantic,88.5189,0.0,0.0,0,1,1,64,320,320,53687091200,53687091200,7.372,0.024
google/gemma-3-1b-it,NVIDIA GeForce RTX 5060 Ti,42,2WikiMultiHopQA,12,16,592,structural,59.9656,37.3179,38.1104,0,0,0,12,136,73,9697230848,2793930752,7.372,0.024
google/gemma-3-1b-it,NVIDIA GeForce RTX 5060 Ti,42,2WikiMultiHopQA,12,16,593,semantic,72.8136,0.0,44.5359,0,1,0,110,366,366,70231523328,70231523328,7.372,0.024
google/gemma-3-1b-it,NVIDIA GeForce RTX 5060 Ti,42,2WikiMultiHopQA,12,16,594,structural,40.299,0.0,0.0,0,1,1,104,360,360,67947724800,67947724800,7.372,0.024
google/gemma-3-1b-it,NVIDIA GeForce RTX 5060 Ti,42,2WikiMultiHopQA,12,16,595,multi-hop,41.347,0.0,0.0,0,1,1,99,355,355,66073395200,66073395200,7.372,0.024
google/gemma-3-1b-it,NVIDIA GeForce RTX 5060 Ti,42,2WikiMultiHopQA,12,16,596,multi-hop,52.9969,56.2443,47.9203,0,0,0,2,43,48,969408512,1207959552,7.372,0.024
google/gemma-3-1b-it,NVIDIA GeForce RTX 5060 Ti,42,2WikiMultiHopQA,12,16,597,semantic,54.8966,0.0,52.5019,0,1,0,109,365,365,69848268800,69848268800,7.372,0.024
google/gemma-3-1b-it,NVIDIA GeForce RTX 5060 Ti,42,2WikiMultiHopQA,12,16,598,multi-hop,49.2323,39.0123,39.8122,0,0,0,5,85,49,3787980800,1258815488,7.372,0.024
google/gemma-3-1b-it,NVIDIA GeForce RTX 5060 Ti,42,2WikiMultiHopQA,12,16,599,multi-hop,60.7381,0.0,0.0,0,1,1,155,411,411,88563253248,88563253248,7.372,0.024
google/gemma-3-1b-it,NVIDIA GeForce RTX 5060 Ti,42,2WikiMultiHopQA,14,16,0,structural,32.3374,0.0,0.0,0,1,1,105,361,361,68325736448,68325736448,7.372,0.024
google/gemma-3-1b-it,NVIDIA GeForce RTX 5060 Ti,42,2WikiMultiHopQA,14,16,1,multi-hop,42.961,56.0917,80.7723,0,0,0,78,334,334,58487472128,58487472128,7.372,0.024
google/gemma-3-1b-it,NVIDIA GeForce RTX 5060 Ti,42,2WikiMultiHopQA,14,16,2,multi-hop,41.6178,0.0,0.0,0,1,1,105,361,361,68325736448,68325736448,7.372,0.024
google/gemma-3-1b-it,NVIDIA GeForce RTX 5060 Ti,42,2WikiMultiHopQA,14,16,3,semantic,35.1811,0.0,0.0,0,1,1,99,355,355,66073395200,66073395200,7.372,0.024
google/gemma-3-1b-it,NVIDIA GeForce RTX 5060 Ti,42,2WikiMultiHopQA,14,16,4,structural,46.9785,0.0,61.7613,0,1,0,53,309,309,50059542528,50059542528,7.372,0.024
google/gemma-3-1b-it,NVIDIA GeForce RTX 5060 Ti,42,2WikiMultiHopQA,14,16,5,multi-hop,36.8804,0.0,0.0,0,1,1,48,304,304,48452599808,48452599808,7.372,0.024
google/gemma-3-1b-it,NVIDIA GeForce RTX 5060 Ti,42,2WikiMultiHopQA,14,16,6,structural,65.1514,55.2378,0.0,0,0,1,91,347,347,63128993792,63128993792,7.372,0.024
google/gemma-3-1b-it,NVIDIA GeForce RTX 5060 Ti,42,2WikiMultiHopQA,14,16,7,multi-hop,33.7517,0.0,0.0,0,1,1,147,403,403,85149089792,85149089792,7.372,0.024
google/gemma-3-1b-it,NVIDIA GeForce RTX 5060 Ti,42,2WikiMultiHopQA,14,16,8,multi-hop,38.021,0.0,0.0,0,1,1,82,338,338,59896758272,59896758272,7.372,0.024
google/gemma-3-1b-it,NVIDIA GeForce RTX 5060 Ti,42,2WikiMultiHopQA,14,16,9,structural,83.2374,46.9485,43.4624,0,0,0,34,290,290,44092620800,44092620800,7.372,0.024
google/gemma-3-1b-it,NVIDIA GeForce RTX 5060 Ti,42,2WikiMultiHopQA,14,16,10,multi-hop,33.1672,0.0,47.865,0,1,0,2,258,97,34898706432,4933025792,7.372,0.024
google/gemma-3-1b-it,NVIDIA GeForce RTX 5060 Ti,42,2WikiMultiHopQA,14,16,11,semantic,53.2709,0.0,0.0,0,1,1,105,361,361,68325736448,68325736448,7.372,0.024
google/gemma-3-1b-it,NVIDIA GeForce RTX 5060 Ti,42,2WikiMultiHopQA,14,16,12,semantic,73.9041,0.0,0.0,0,1,1,113,369,369,71387578368,71387578368,7.372,0.024
google/gemma-3-1b-it,NVIDIA GeForce RTX 5060 Ti,42,2WikiMultiHopQA,14,16,13,semantic,58.9966,0.0,0.0,0,1,1,101,357,357,66819981312,66819981312,7.372,0.024
google/gemma-3-1b-it,NVIDIA GeForce RTX 5060 Ti,42,2WikiMultiHopQA,14,16,14,multi-hop,68.9409,0.0,37.654,0,1,0,103,359,359,67570761728,67570761728,7.372,0.024
google/gemma-3-1b-it,NVIDIA GeForce RTX 5060 Ti,42,2WikiMultiHopQA,14,16,15,structural,39.3853,41.0701,0.0,0,0,1,78,334,334,58487472128,58487472128,7.372,0.024
google/gemma-3-1b-it,NVIDIA GeForce RTX 5060 Ti,42,2WikiMultiHopQA,14,16,16,structural,40.8,85.4493,40.9396,0,0,0,87,343,343,61681958912,61681958912,7.372,0.024
google/gemma-3-1b-it,NVIDIA GeForce RTX 5060 Ti,42,2WikiMultiHopQA,14,16,17,semantic,46.415,0.0,0.0,0,1,1,112,368,368,71001178112,71001178112,7.372,0.024
google/gemma-3-1b-it,NVIDIA GeForce RTX 5060 Ti,42,2WikiMultiHopQA,14,16,18,semantic,49.0263,0.0,0.0,0,1,1,8,264,264,36540776448,36540776448,7.372,0.024
google/gemma-3-1b-it,NVIDIA GeForce RTX 5060 Ti,42,2WikiMultiHopQA,14,16,19,multi-hop,72.4784,52.8616,50.8198,0,0,0,2,37,58,717750272,1763704832,7.372,0.024
google/gemma-3-1b-it,NVIDIA GeForce RTX 5060 Ti,42,2WikiMultiHopQA,14,16,20,multi-hop,59.6314,0.0,0.0,0,1,1,105,361,361,68325736448,68325736448,7.372,0.024
google/gemma-3-1b-it,NVIDIA GeForce RTX 5060 Ti,42,2WikiMultiHopQA,14,16,21,multi-hop,38.8984,0.0,57.9495,0,1,0,14,270,270,38220595200,38220595200,7.372,0.024
google/gemma-3-1b-it,NVIDIA GeForce RTX 5060 Ti,42,2WikiMultiHopQA,14,16,22,structural,47.7482,43.6315,67.8956,0,0,0,12,268,268,37656461312,37656461312,7.372,0.024
google/gemma-3-1b-it,NVIDIA GeForce RTX 5060 Ti,42,2WikiMultiHopQA,14,16,23,semantic,87.5765,0.0,0.0,0,1,1,27,283,283,41989701632,41989701632,7.372,0.024
google/gemma-3-1b-it,NVIDIA GeForce RTX 5060 Ti,42,2WikiMultiHopQA,14,16,24,semantic,80.5903,0.0,0.0,0,1,1,139,395,395,81802035200,81802035200,7.372,0.024
google/gemma-3-1b-it,NVIDIA GeForce RTX 5060 Ti,42,2WikiMultiHopQA,14,16,25,multi-hop,39.6922,0.0,0.0,0,1,1,100,356,356,66446163968,66446163968,7.372,0.024
google/gemma-3-1b-it,NVIDIA GeForce RTX 5060 Ti,42,2WikiMultiHopQA,14,16,26,multi-hop,51.5856,0.0,0.0,0,1,1,105,361,361,68325736448,68325736448,7.372,0.024
google/gemma-3-1b-it,NVIDIA GeForce RTX 5060 Ti,42,2WikiMultiHopQA,14,16,27,multi-hop,42.298,0.0,0.0,0,1,1,28,284,284,42286972928,42286972928,7.372,0.024
google/gemma-3-1b-it,NVIDIA GeForce RTX 5060 Ti,42,2WikiMultiHopQA,14,16,28,semantic,79.0693,0.0,0.0,0,1,1,41,297,297,46246920192,46246920192,7.372,0.024
google/gemma-3-1b-it,NVIDIA GeForce RTX 5060 Ti,42,2WikiMultiHopQA,14,16,29,structural,40.0486,58.9082,45.7777,0,0,0,4,47,40,1158152192,838860800,7.372,0.024
google/gemma-3-1b-it,NVIDIA GeForce RTX 5060 Ti,42,2WikiMultiHopQA,14,16,30,multi-hop,37.2287,0.0,0.0,0,1,1,102,358,358,67194847232,67194847232,7.372,0.024
google/gemma-3-1b-it,NVIDIA GeForce RTX 5060 Ti,42,2WikiMultiHopQA,14,16,31,multi-hop,59.0746,0.0,0.0,0,1,1,149,405,405,85996339200,85996339200,7.372,0.024
google/gemma-3-1b-it,NVIDIA GeForce RTX 5060 Ti,42,2WikiMultiHopQA,14,16,32,semantic,103.0919,0.0,0.0,0,1,1,116,372,372,72553070592,72553070592,7.372,0.024
google/gemma-3-1b-it,NVIDIA GeForce RTX 5060 Ti,42,2WikiMultiHopQA,14,16,33,structural,43.1205,81.9979,0.0,0,0,1,49,305,305,48771891200,48771891200,7.372,0.024
google/gemma-3-1b-it,NVIDIA GeForce RTX 5060 Ti,42,2WikiMultiHopQA,14,16,34,structural,44.9482,70.8334,0.0,0,0,1,29,285,285,42585292800,42585292800,7.372,0.024
google/gemma-3-1b-it,NVIDIA GeForce RTX 5060 Ti,42,2WikiMultiHopQA,14,16,35,semantic,0.0,0.0,0.0,1,1,1,102,358,358,67194847232,67194847232,7.372,0.024
google/gemma-3-1b-it,NVIDIA GeForce RTX 5060 Ti,42,2WikiMultiHopQA,14,16,36,structural,58.847,57.0211,39.9122,0,0,0,51,307,307,49413619712,49413619712,7.372,0.024
google/gemma-3-1b-it,NVIDIA GeForce RTX 5060 Ti,42,2WikiMultiHopQA,14,16,37,multi-hop,0.0,0.0,0.0,1,1,1,57,313,313,51363971072,51363971072,7.372,0.024
google/gemma-3-1b-it,NVIDIA GeForce RTX 5060 Ti,42,2WikiMultiHopQA,14,16,38,multi-hop,60.9463,0.0,0.0,0,1,1,76,332,332,57789120512,57789120512,7.372,0.024
google/gemma-3-1b-it,NVIDIA GeForce RTX 5060 Ti,42,2WikiMultiHopQA,14,16,39,multi-hop,53.1891,54.1564,40.8655,0,0,0,102,358,358,67194847232,67194847232,7.372,0.024
google/gemma-3-1b-it,NVIDIA GeForce RTX 5060 Ti,42,2WikiMultiHopQA,14,16,40,semantic,60.0282,82.4483,0.0,0,0,1,108,364,364,69466062848,69466062848,7.372,0.024
google/gemma-3-1b-it,NVIDIA GeForce RTX 5060 Ti,42,2WikiMultiHopQA,14,16,41,multi-hop,46.7603,0.0,0.0,0,1,1,109,365,365,69848268800,69848268800,7.372,0.024
google/gemma-3-1b-it,NVIDIA GeForce RTX 5060 Ti,42,2WikiMultiHopQA,14,16,42,semantic,61.4301,0.0,0.0,0,1,1,105,361,361,68325736448,68325736448,7.372,0.024
google/gemma-3-1b-it,NVIDIA GeForce RTX 5060 Ti,42,2WikiMultiHopQA,14,16,43,semantic,52.4899,0.0,0.0,0,1,1,129,385,385,77712588800,77712588800,7.372,0.024
google/gemma-3-1b-it,NVIDIA GeForce RTX 5060 Ti,42,2WikiMultiHopQA,14,16,44,multi-hop,66.5282,45.0581,0.0,0,0,1,36,292,292,44702892032,44702892032,7.372,0.024
google/gemma-3-1b-it,NVIDIA GeForce RTX 5060 Ti,42,2WikiMultiHopQA,14,16,45,structural,40.1086,79.7217,0.0,0,0,1,12,268,268,37656461312,37656461312,7.372,0.024
google/gemma-3-1b-it,NVIDIA GeForce RTX 5060 Ti,42,2WikiMultiHopQA,14,16,46,structural,50.8689,47.5024,0.0,0,0,1,78,334,334,58487472128,58487472128,7.372,0.024
google/gemma-3-1b-it,NVIDIA GeForce RTX 5060 Ti,42,2WikiMultiHopQA,14,16,47,semantic,63.9867,0.0,0.0,0,1,1,33,289,289,43789058048,43789058048,7.372,0.024
google/gemma-3-1b-it,NVIDIA GeForce RTX 5060 Ti,42,2WikiMultiHopQA,14,16,48,multi-hop,66.2268,0.0,0.0,0,1,1,76,332,332,57789120512,57789120512,7.372,0.024
google/gemma-3-1b-it,NVIDIA GeForce RTX 5060 Ti,42,2WikiMultiHopQA,14,16,49,structural,71.4978,45.4,57.657,0,0,0,65,321,321,54023159808,54023159808,7.372,0.024
google/gemma-3-1b-it,NVIDIA GeForce RTX 5060 Ti,42,2WikiMultiHopQA,14,16,50,multi-hop,43.3236,0.0,0.0,0,1,1,98,354,354,65701675008,65701675008,7.372,0.024
google/gemma-3-1b-it,NVIDIA GeForce RTX 5060 Ti,42,2WikiMultiHopQA,14,16,51,structural,59.1381,41.2419,47.7099,0,0,0,2,152,258,12113149952,34898706432,7.372,0.024
google/gemma-3-1b-it,NVIDIA GeForce RTX 5060 Ti,42,2WikiMultiHopQA,14,16,52,semantic,54.3031,0.0,0.0,0,1,1,113,369,369,71387578368,71387578368,7.372,0.024
google/gemma-3-1b-it,NVIDIA GeForce RTX 5060 Ti,42,2WikiMultiHopQA,14,16,53,structural,43.7485,35.1565,52.1436,0,0,0,114,370,370,71775027200,71775027200,7.372,0.024
google/gemma-3-1b-it,NVIDIA GeForce RTX 5060 Ti,42,2WikiMultiHopQA,14,16,54,structural,54.7712,0.0,0.0,0,1,1,103,359,359,67570761728,67570761728,7.372,0.024
google/gemma-3-1b-it,NVIDIA GeForce RTX 5060 Ti,42,2WikiMultiHopQA,14,16,55,semantic,50.5882,0.0,0.0,0,1,1,58,314,314,51692699648,51692699648,7.372,0.024
google/gemma-3-1b-it,NVIDIA GeForce RTX 5060 Ti,42,2WikiMultiHopQA,14,16,56,multi-hop,66.0929,0.0,0.0,0,1,1,206,462,462,111906127872,111906127872,7.372,0.024
google/gemma-3-1b-it,NVIDIA GeForce RTX 5060 Ti,42,2WikiMultiHopQA,14,16,57,structural,38.2383,0.0,0.0,0,1,1,78,334,334,58487472128,58487472128,7.372,0.024
google/gemma-3-1b-it,NVIDIA GeForce RTX 5060 Ti,42,2WikiMultiHopQA,14,16,58,multi-hop,87.3181,0.0,56.1685,0,1,0,127,383,383,76907282432,76907282432,7.372,0.024
google/gemma-3-1b-it,NVIDIA GeForce RTX 5060 Ti,42,2WikiMultiHopQA,14,16,59,semantic,48.9218,0.0,0.0,0,1,1,97,353,353,65331003392,65331003392,7.372,0.024
google/gemma-3-1b-it,NVIDIA GeForce RTX 5060 Ti,42,2WikiMultiHopQA,14,16,60,semantic,41.7078,0.0,0.0,0,1,1,8,264,264,36540776448,36540776448,7.372,0.024
google/gemma-3-1b-it,NVIDIA GeForce RTX 5060 Ti,42,2WikiMultiHopQA,14,16,61,structural,35.5864,41.212,53.5764,0,0,0,122,378,378,74912366592,74912366592,7.372,0.024
google/gemma-3-1b-it,NVIDIA GeForce RTX 5060 Ti,42,2WikiMultiHopQA,14,16,62,semantic,82.412,0.0,0.0,0,1,1,84,340,340,60607692800,60607692800,7.372,0.024
google/gemma-3-1b-it,NVIDIA GeForce RTX 5060 Ti,42,2WikiMultiHopQA,14,16,63,multi-hop,74.7326,72.8131,36.2633,0,0,0,7,263,263,36264476672,36264476672,7.372,0.024
google/gemma-3-1b-it,NVIDIA GeForce RTX 5060 Ti,42,2WikiMultiHopQA,14,16,64,multi-hop,46.3914,0.0,0.0,0,1,1,112,368,368,71001178112,71001178112,7.372,0.024
google/gemma-3-1b-it,NVIDIA GeForce RTX 5060 Ti,42,2WikiMultiHopQA,14,16,65,multi-hop,47.3624,0.0,0.0,0,1,1,114,370,370,71775027200,71775027200,7.372,0.024
google/gemma-3-1b-it,NVIDIA GeForce RTX 5060 Ti,42,2WikiMultiHopQA,14,16,66,multi-hop,33.6144,0.0,0.0,0,1,1,106,362,362,68704796672,68704796672,7.372,0.024
google/gemma-3-1b-it,NVIDIA GeForce RTX 5060 Ti,42,2WikiMultiHopQA,14,16,67,semantic,37.3504,0.0,0.0,0,1,1,101,357,357,66819981312,66819981312,7.372,0.024
google/gemma-3-1b-it,NVIDIA GeForce RTX 5060 Ti,42,2WikiMultiHopQA,14,16,68,structural,43.5535,66.9159,46.8624,0,0,0,101,357,357,66819981312,66819981312,7.372,0.024
google/gemma-3-1b-it,NVIDIA GeForce RTX 5060 Ti,42,2WikiMultiHopQA,14,16,69,multi-hop,95.6287,0.0,0.0,0,1,1,142,398,398,83049316352,83049316352,7.372,0.024
google/gemma-3-1b-it,NVIDIA GeForce RTX 5060 Ti,42,2WikiMultiHopQA,14,16,70,structural,34.0624,0.0,0.0,0,1,1,17,273,273,39074660352,39074660352,7.372,0.024
google/gemma-3-1b-it,NVIDIA GeForce RTX 5060 Ti,42,2WikiMultiHopQA,14,16,71,multi-hop,59.5101,42.4274,0.0,0,0,1,34,290,290,44092620800,44092620800,7.372,0.024
google/gemma-3-1b-it,NVIDIA GeForce RTX 5060 Ti,42,2WikiMultiHopQA,14,16,72,semantic,30.6004,0.0,0.0,0,1,1,2,37,58,717750272,1763704832,7.372,0.024
google/gemma-3-1b-it,NVIDIA GeForce RTX 5060 Ti,42,2WikiMultiHopQA,14,16,73,multi-hop,35.6245,0.0,0.0,0,1,1,113,369,369,71387578368,71387578368,7.372,0.024
google/gemma-3-1b-it,NVIDIA GeForce RTX 5060 Ti,42,2WikiMultiHopQA,14,16,74,multi-hop,31.3315,34.4212,0.0,0,0,1,117,373,373,72943665152,72943665152,7.372,0.024
google/gemma-3-1b-it,NVIDIA GeForce RTX 5060 Ti,42,2WikiMultiHopQA,14,16,75,structural,35.6677,0.0,0.0,0,1,1,114,370,370,71775027200,71775027200,7.372,0.024
google/gemma-3-1b-it,NVIDIA GeForce RTX 5060 Ti,42,2WikiMultiHopQA,14,16,76,multi-hop,57.3675,0.0,0.0,0,1,1,59,315,315,52022476800,52022476800,7.372,0.024
google/gemma-3-1b-it,NVIDIA GeForce RTX 5060 Ti,42,2WikiMultiHopQA,14,16,77,semantic,42.52,0.0,0.0,0,1,1,20,276,167,39938162688,14621868032,7.372,0.024
google/gemma-3-1b-it,NVIDIA GeForce RTX 5060 Ti,42,2WikiMultiHopQA,14,16,78,semantic,70.1324,0.0,0.0,0,1,1,40,296,296,45936017408,45936017408,7.372,0.024
google/gemma-3-1b-it,NVIDIA GeForce RTX 5060 Ti,42,2WikiMultiHopQA,14,16,79,semantic,39.4137,0.0,0.0,0,1,1,85,341,341,60964732928,60964732928,7.372,0.024
google/gemma-3-1b-it,NVIDIA GeForce RTX 5060 Ti,42,2WikiMultiHopQA,14,16,80,structural,47.6634,35.7692,0.0,0,0,1,96,352,352,64961380352,64961380352,7.372,0.024
google/gemma-3-1b-it,NVIDIA GeForce RTX 5060 Ti,42,2WikiMultiHopQA,14,16,81,multi-hop,49.2406,0.0,0.0,0,1,1,127,383,383,76907282432,76907282432,7.372,0.024
google/gemma-3-1b-it,NVIDIA GeForce RTX 5060 Ti,42,2WikiMultiHopQA,14,16,82,multi-hop,58.2709,64.5281,0.0,0,0,1,25,281,281,41398304768,41398304768,7.372,0.024
google/gemma-3-1b-it,NVIDIA GeForce RTX 5060 Ti,42,2WikiMultiHopQA,14,16,83,structural,63.7834,34.9827,36.839,0,0,0,114,370,370,71775027200,71775027200,7.372,0.024
google/gemma-3-1b-it,NVIDIA GeForce RTX 5060 Ti,42,2WikiMultiHopQA,14,16,84,semantic,42.5238,0.0,0.0,0,1,1,50,306,306,49092231168,49092231168,7.372,0.024
google/gemma-3-1b-it,NVIDIA GeForce RTX 5060 Ti,42,2WikiMultiHopQA,14,16,85,semantic,49.5354,0.0,0.0,0,1,1,87,343,343,61681958912,61681958912,7.372,0.024
google/gemma-3-1b-it,NVIDIA GeForce RTX 5060 Ti,42,2WikiMultiHopQA,14,16,86,multi-hop,59.0775,0.0,0.0,0,1,1,103,359,359,67570761728,67570761728,7.372,0.024
google/gemma-3-1b-it,NVIDIA GeForce RTX 5060 Ti,42,2WikiMultiHopQA,14,16,87,multi-hop,43.5869,0.0,0.0,0,1,1,24,280,280,41104179200,41104179200,7.372,0.024
google/gemma-3-1b-it,NVIDIA GeForce RTX 5060 Ti,42,2WikiMultiHopQA,14,16,88,multi-hop,34.616,47.1677,36.6388,0,0,0,95,351,351,64592805888,64592805888,7.372,0.024
google/gemma-3-1b-it,NVIDIA GeForce RTX 5060 Ti,42,2WikiMultiHopQA,14,16,89,multi-hop,33.8833,0.0,0.0,0,1,1,63,319,319,53352071168,53352071168,7.372,0.024
google/gemma-3-1b-it,NVIDIA GeForce RTX 5060 Ti,42,2WikiMultiHopQA,14,16,90,semantic,56.6733,0.0,0.0,0,1,1,102,358,358,67194847232,67194847232,7.372,0.024
google/gemma-3-1b-it,NVIDIA GeForce RTX 5060 Ti,42,2WikiMultiHopQA,14,16,91,multi-hop,29.4529,71.1,35.0521,0,0,0,110,366,366,70231523328,70231523328,7.372,0.024
google/gemma-3-1b-it,NVIDIA GeForce RTX 5060 Ti,42,2WikiMultiHopQA,14,16,92,semantic,57.0984,0.0,0.0,0,1,1,125,381,381,76106170368,76106170368,7.372,0.024
google/gemma-3-1b-it,NVIDIA GeForce RTX 5060 Ti,42,2WikiMultiHopQA,14,16,93,semantic,0.0,0.0,0.0,1,1,1,87,343,343,61681958912,61681958912,7.372,0.024
google/gemma-3-1b-it,NVIDIA GeForce RTX 5060 Ti,42,2WikiMultiHopQA,14,16,94,semantic,31.4628,0.0,0.0,0,1,1,2,258,97,34898706432,4933025792,7.372,0.024
google/gemma-3-1b-it,NVIDIA GeForce RTX 5060 Ti,42,2WikiMultiHopQA,14,16,95,semantic,43.9907,0.0,0.0,0,1,1,101,357,357,66819981312,66819981312,7.372,0.024
google/gemma-3-1b-it,NVIDIA GeForce RTX 5060 Ti,42,2WikiMultiHopQA,14,16,96,multi-hop,41.549,0.0,0.0,0,1,1,112,368,368,71001178112,71001178112,7.372,0.024
google/gemma-3-1b-it,NVIDIA GeForce RTX 5060 Ti,42,2WikiMultiHopQA,14,16,97,structural,45.2102,0.0,0.0,0,1,1,100,356,356,66446163968,66446163968,7.372,0.024
google/gemma-3-1b-it,NVIDIA GeForce RTX 5060 Ti,42,2WikiMultiHopQA,14,16,98,multi-hop,29.0609,0.0,0.0,0,1,1,55,311,311,50709659648,50709659648,7.372,0.024
google/gemma-3-1b-it,NVIDIA GeForce RTX 5060 Ti,42,2WikiMultiHopQA,14,16,99,semantic,39.7918,37.6796,0.0,0,0,1,24,280,280,41104179200,41104179200,7.372,0.024
google/gemma-3-1b-it,NVIDIA GeForce RTX 5060 Ti,42,2WikiMultiHopQA,14,16,100,semantic,60.2785,0.0,0.0,0,1,1,109,365,365,69848268800,69848268800,7.372,0.024
google/gemma-3-1b-it,NVIDIA GeForce RTX 5060 Ti,42,2WikiMultiHopQA,14,16,101,multi-hop,55.9123,0.0,0.0,0,1,1,61,317,317,52685176832,52685176832,7.372,0.024
google/gemma-3-1b-it,NVIDIA GeForce RTX 5060 Ti,42,2WikiMultiHopQA,14,16,102,multi-hop,0.0,0.0,0.0,1,1,1,105,361,361,68325736448,68325736448,7.372,0.024
google/gemma-3-1b-it,NVIDIA GeForce RTX 5060 Ti,42,2WikiMultiHopQA,14,16,103,semantic,35.8362,0.0,0.0,0,1,1,115,371,371,72163524608,72163524608,7.372,0.024
google/gemma-3-1b-it,NVIDIA GeForce RTX 5060 Ti,42,2WikiMultiHopQA,14,16,104,multi-hop,40.0697,0.0,70.1879,0,1,0,66,322,322,54360276992,54360276992,7.372,0.024
google/gemma-3-1b-it,NVIDIA GeForce RTX 5060 Ti,42,2WikiMultiHopQA,14,16,105,semantic,57.2837,0.0,0.0,0,1,1,119,375,375,73728000000,73728000000,7.372,0.024
google/gemma-3-1b-it,NVIDIA GeForce RTX 5060 Ti,42,2WikiMultiHopQA,14,16,106,semantic,36.7844,0.0,0.0,0,1,1,128,384,384,77309411328,77309411328,7.372,0.024
google/gemma-3-1b-it,NVIDIA GeForce RTX 5060 Ti,42,2WikiMultiHopQA,14,16,107,structural,54.6733,0.0,0.0,0,1,1,27,283,283,41989701632,41989701632,7.372,0.024
google/gemma-3-1b-it,NVIDIA GeForce RTX 5060 Ti,42,2WikiMultiHopQA,14,16,108,structural,86.8179,41.9658,32.2777,0,0,0,16,272,272,38788923392,38788923392,7.372,0.024
google/gemma-3-1b-it,NVIDIA GeForce RTX 5060 Ti,42,2WikiMultiHopQA,14,16,109,multi-hop,54.7155,60.3385,90.3594,0,0,0,35,291,291,44397232128,44397232128,7.372,0.024
google/gemma-3-1b-it,NVIDIA GeForce RTX 5060 Ti,42,2WikiMultiHopQA,14,16,110,multi-hop,66.0368,0.0,0.0,0,1,1,109,365,365,69848268800,69848268800,7.372,0.024
google/gemma-3-1b-it,NVIDIA GeForce RTX 5060 Ti,42,2WikiMultiHopQA,14,16,111,multi-hop,32.2156,0.0,0.0,0,1,1,28,284,284,42286972928,42286972928,7.372,0.024
google/gemma-3-1b-it,NVIDIA GeForce RTX 5060 Ti,42,2WikiMultiHopQA,14,16,112,semantic,83.5956,0.0,65.6175,0,1,0,28,284,284,42286972928,42286972928,7.372,0.024
google/gemma-3-1b-it,NVIDIA GeForce RTX 5060 Ti,42,2WikiMultiHopQA,14,16,113,multi-hop,47.8244,0.0,0.0,0,1,1,93,349,349,63858802688,63858802688,7.372,0.024
google/gemma-3-1b-it,NVIDIA GeForce RTX 5060 Ti,42,2WikiMultiHopQA,14,16,114,multi-hop,63.2625,0.0,0.0,0,1,1,48,304,304,48452599808,48452599808,7.372,0.024
google/gemma-3-1b-it,NVIDIA GeForce RTX 5060 Ti,42,2WikiMultiHopQA,14,16,115,multi-hop,54.2758,39.4853,34.4396,0,0,0,78,334,334,58487472128,58487472128,7.372,0.024
google/gemma-3-1b-it,NVIDIA GeForce RTX 5060 Ti,42,2WikiMultiHopQA,14,16,116,semantic,0.0,0.0,0.0,1,1,1,101,357,357,66819981312,66819981312,7.372,0.024
google/gemma-3-1b-it,NVIDIA GeForce RTX 5060 Ti,42,2WikiMultiHopQA,14,16,117,multi-hop,33.0859,0.0,0.0,0,1,1,114,370,370,71775027200,71775027200,7.372,0.024
google/gemma-3-1b-it,NVIDIA GeForce RTX 5060 Ti,42,2WikiMultiHopQA,14,16,118,multi-hop,93.2896,0.0,0.0,0,1,1,25,281,281,41398304768,41398304768,7.372,0.024
google/gemma-3-1b-it,NVIDIA GeForce RTX 5060 Ti,42,2WikiMultiHopQA,14,16,119,multi-hop,66.5829,0.0,0.0,0,1,1,86,342,342,61322821632,61322821632,7.372,0.024
google/gemma-3-1b-it,NVIDIA GeForce RTX 5060 Ti,42,2WikiMultiHopQA,14,16,120,structural,41.1747,68.8023,57.0497,0,0,0,64,320,320,53687091200,53687091200,7.372,0.024
google/gemma-3-1b-it,NVIDIA GeForce RTX 5060 Ti,42,2WikiMultiHopQA,14,16,121,multi-hop,44.6354,0.0,0.0,0,1,1,114,370,370,71775027200,71775027200,7.372,0.024
google/gemma-3-1b-it,NVIDIA GeForce RTX 5060 Ti,42,2WikiMultiHopQA,14,16,122,semantic,43.6162,0.0,0.0,0,1,1,74,330,330,57094963200,57094963200,7.372,0.024
google/gemma-3-1b-it,NVIDIA GeForce RTX 5060 Ti,42,2WikiMultiHopQA,14,16,123,semantic,47.6954,0.0,0.0,0,1,1,93,349,349,63858802688,63858802688,7.372,0.024
google/gemma-3-1b-it,NVIDIA GeForce RTX 5060 Ti,42,2WikiMultiHopQA,14,16,124,multi-hop,39.7765,48.2718,34.1881,0,0,0,2,36,35,679477248,642252800,7.372,0.024
google/gemma-3-1b-it,NVIDIA GeForce RTX 5060 Ti,42,2WikiMultiHopQA,14,16,125,semantic,58.9998,0.0,0.0,0,1,1,110,366,366,70231523328,70231523328,7.372,0.024
google/gemma-3-1b-it,NVIDIA GeForce RTX 5060 Ti,42,2WikiMultiHopQA,14,16,126,semantic,59.4538,0.0,0.0,0,1,1,83,339,339,60251701248,60251701248,7.372,0.024
google/gemma-3-1b-it,NVIDIA GeForce RTX 5060 Ti,42,2WikiMultiHopQA,14,16,127,multi-hop,56.885,0.0,0.0,0,1,1,101,357,357,66819981312,66819981312,7.372,0.024
google/gemma-3-1b-it,NVIDIA GeForce RTX 5060 Ti,42,2WikiMultiHopQA,14,16,128,multi-hop,47.7707,0.0,0.0,0,1,1,118,374,374,73335308288,73335308288,7.372,0.024
google/gemma-3-1b-it,NVIDIA GeForce RTX 5060 Ti,42,2WikiMultiHopQA,14,16,129,structural,36.9818,41.0928,0.0,0,0,1,109,365,365,69848268800,69848268800,7.372,0.024
google/gemma-3-1b-it,NVIDIA GeForce RTX 5060 Ti,42,2WikiMultiHopQA,14,16,130,semantic,49.9931,0.0,0.0,0,1,1,119,375,375,73728000000,73728000000,7.372,0.024
google/gemma-3-1b-it,NVIDIA GeForce RTX 5060 Ti,42,2WikiMultiHopQA,14,16,131,semantic,46.5791,0.0,0.0,0,1,1,19,275,275,39649280000,39649280000,7.372,0.024
google/gemma-3-1b-it,NVIDIA GeForce RTX 5060 Ti,42,2WikiMultiHopQA,14,16,132,semantic,81.0029,0.0,0.0,0,1,1,67,323,323,54698442752,54698442752,7.372,0.024
google/gemma-3-1b-it,NVIDIA GeForce RTX 5060 Ti,42,2WikiMultiHopQA,14,16,133,multi-hop,46.4338,0.0,0.0,0,1,1,101,357,357,66819981312,66819981312,7.372,0.024
google/gemma-3-1b-it,NVIDIA GeForce RTX 5060 Ti,42,2WikiMultiHopQA,14,16,134,structural,60.0485,43.5555,0.0,0,0,1,113,369,369,71387578368,71387578368,7.372,0.024
google/gemma-3-1b-it,NVIDIA GeForce RTX 5060 Ti,42,2WikiMultiHopQA,14,16,135,multi-hop,42.3985,0.0,44.0082,0,1,0,83,339,339,60251701248,60251701248,7.372,0.024
google/gemma-3-1b-it,NVIDIA GeForce RTX 5060 Ti,42,2WikiMultiHopQA,14,16,136,semantic,72.3499,0.0,0.0,0,1,1,121,377,377,74516529152,74516529152,7.372,0.024
google/gemma-3-1b-it,NVIDIA GeForce RTX 5060 Ti,42,2WikiMultiHopQA,14,16,137,semantic,31.9858,0.0,0.0,0,1,1,99,355,355,66073395200,66073395200,7.372,0.024
google/gemma-3-1b-it,NVIDIA GeForce RTX 5060 Ti,42,2WikiMultiHopQA,14,16,138,semantic,48.3284,0.0,71.4921,0,1,0,109,365,365,69848268800,69848268800,7.372,0.024
google/gemma-3-1b-it,NVIDIA GeForce RTX 5060 Ti,42,2WikiMultiHopQA,14,16,139,multi-hop,41.5039,0.0,0.0,0,1,1,109,365,365,69848268800,69848268800,7.372,0.024
google/gemma-3-1b-it,NVIDIA GeForce RTX 5060 Ti,42,2WikiMultiHopQA,14,16,140,structural,55.1419,59.2761,37.2131,0,0,0,95,351,351,64592805888,64592805888,7.372,0.024
google/gemma-3-1b-it,NVIDIA GeForce RTX 5060 Ti,42,2WikiMultiHopQA,14,16,141,semantic,99.4582,0.0,0.0,0,1,1,29,285,285,42585292800,42585292800,7.372,0.024
google/gemma-3-1b-it,NVIDIA GeForce RTX 5060 Ti,42,2WikiMultiHopQA,14,16,142,multi-hop,42.2403,0.0,0.0,0,1,1,93,349,349,63858802688,63858802688,7.372,0.024
google/gemma-3-1b-it,NVIDIA GeForce RTX 5060 Ti,42,2WikiMultiHopQA,14,16,143,semantic,35.8402,0.0,0.0,0,1,1,73,329,329,56749457408,56749457408,7.372,0.024
google/gemma-3-1b-it,NVIDIA GeForce RTX 5060 Ti,42,2WikiMultiHopQA,14,16,144,multi-hop,0.0,0.0,0.0,1,1,1,118,374,374,73335308288,73335308288,7.372,0.024
google/gemma-3-1b-it,NVIDIA GeForce RTX 5060 Ti,42,2WikiMultiHopQA,14,16,145,multi-hop,37.0815,0.0,0.0,0,1,1,27,283,283,41989701632,41989701632,7.372,0.024
google/gemma-3-1b-it,NVIDIA GeForce RTX 5060 Ti,42,2WikiMultiHopQA,14,16,146,multi-hop,57.3339,0.0,0.0,0,1,1,114,370,370,71775027200,71775027200,7.372,0.024
google/gemma-3-1b-it,NVIDIA GeForce RTX 5060 Ti,42,2WikiMultiHopQA,14,16,147,multi-hop,47.6617,0.0,0.0,0,1,1,128,384,384,77309411328,77309411328,7.372,0.024
google/gemma-3-1b-it,NVIDIA GeForce RTX 5060 Ti,42,2WikiMultiHopQA,14,16,148,multi-hop,48.4286,0.0,0.0,0,1,1,80,336,336,59190018048,59190018048,7.372,0.024
google/gemma-3-1b-it,NVIDIA GeForce RTX 5060 Ti,42,2WikiMultiHopQA,14,16,149,multi-hop,47.5253,81.2814,50.0159,0,0,0,101,357,357,66819981312,66819981312,7.372,0.024
google/gemma-3-1b-it,NVIDIA GeForce RTX 5060 Ti,42,2WikiMultiHopQA,14,16,150,semantic,43.9251,0.0,0.0,0,1,1,83,339,339,60251701248,60251701248,7.372,0.024
google/gemma-3-1b-it,NVIDIA GeForce RTX 5060 Ti,42,2WikiMultiHopQA,14,16,151,structural,31.224,34.8944,35.8793,0,0,0,24,280,280,41104179200,41104179200,7.372,0.024
google/gemma-3-1b-it,NVIDIA GeForce RTX 5060 Ti,42,2WikiMultiHopQA,14,16,152,structural,40.0356,0.0,0.0,0,1,1,67,323,323,54698442752,54698442752,7.372,0.024
google/gemma-3-1b-it,NVIDIA GeForce RTX 5060 Ti,42,2WikiMultiHopQA,14,16,153,structural,63.0205,0.0,0.0,0,1,1,85,341,341,60964732928,60964732928,7.372,0.024
google/gemma-3-1b-it,NVIDIA GeForce RTX 5060 Ti,42,2WikiMultiHopQA,14,16,154,multi-hop,0.0,33.6231,51.5302,1,0,0,24,280,280,41104179200,41104179200,7.372,0.024
google/gemma-3-1b-it,NVIDIA GeForce RTX 5060 Ti,42,2WikiMultiHopQA,14,16,155,multi-hop,48.8096,0.0,0.0,0,1,1,4,113,58,6694633472,1763704832,7.372,0.024
google/gemma-3-1b-it,NVIDIA GeForce RTX 5060 Ti,42,2WikiMultiHopQA,14,16,156,structural,41.7879,0.0,0.0,0,1,1,102,358,358,67194847232,67194847232,7.372,0.024
google/gemma-3-1b-it,NVIDIA GeForce RTX 5060 Ti,42,2WikiMultiHopQA,14,16,157,multi-hop,54.3374,0.0,0.0,0,1,1,105,361,361,68325736448,68325736448,7.372,0.024
google/gemma-3-1b-it,NVIDIA GeForce RTX 5060 Ti,42,2WikiMultiHopQA,14,16,158,multi-hop,38.3877,0.0,0.0,0,1,1,107,363,363,69084905472,69084905472,7.372,0.024
google/gemma-3-1b-it,NVIDIA GeForce RTX 5060 Ti,42,2WikiMultiHopQA,14,16,159,structural,75.0527,61.9461,54.0685,0,0,0,115,371,371,72163524608,72163524608,7.372,0.024
google/gemma-3-1b-it,NVIDIA GeForce RTX 5060 Ti,42,2WikiMultiHopQA,14,16,160,semantic,48.8051,0.0,0.0,0,1,1,64,320,320,53687091200,53687091200,7.372,0.024
google/gemma-3-1b-it,NVIDIA GeForce RTX 5060 Ti,42,2WikiMultiHopQA,14,16,161,multi-hop,69.3238,0.0,0.0,0,1,1,63,319,319,53352071168,53352071168,7.372,0.024
google/gemma-3-1b-it,NVIDIA GeForce RTX 5060 Ti,42,2WikiMultiHopQA,14,16,162,multi-hop,46.1419,0.0,0.0,0,1,1,95,351,351,64592805888,64592805888,7.372,0.024
google/gemma-3-1b-it,NVIDIA GeForce RTX 5060 Ti,42,2WikiMultiHopQA,14,16,163,multi-hop,45.9956,72.7296,46.5381,0,0,0,105,361,361,68325736448,68325736448,7.372,0.024
google/gemma-3-1b-it,NVIDIA GeForce RTX 5060 Ti,42,2WikiMultiHopQA,14,16,164,semantic,48.1766,0.0,0.0,0,1,1,93,349,349,63858802688,63858802688,7.372,0.024
google/gemma-3-1b-it,NVIDIA GeForce RTX 5060 Ti,42,2WikiMultiHopQA,14,16,165,multi-hop,36.3142,0.0,0.0,0,1,1,87,343,343,61681958912,61681958912,7.372,0.024
google/gemma-3-1b-it,NVIDIA GeForce RTX 5060 Ti,42,2WikiMultiHopQA,14,16,166,multi-hop,47.6732,0.0,0.0,0,1,1,108,364,364,69466062848,69466062848,7.372,0.024
google/gemma-3-1b-it,NVIDIA GeForce RTX 5060 Ti,42,2WikiMultiHopQA,14,16,167,multi-hop,30.7753,0.0,0.0,0,1,1,91,347,347,63128993792,63128993792,7.372,0.024
google/gemma-3-1b-it,NVIDIA GeForce RTX 5060 Ti,42,2WikiMultiHopQA,14,16,168,semantic,50.3899,0.0,0.0,0,1,1,106,362,362,68704796672,68704796672,7.372,0.024
google/gemma-3-1b-it,NVIDIA GeForce RTX 5060 Ti,42,2WikiMultiHopQA,14,16,169,multi-hop,40.988,50.0396,0.0,0,0,1,80,336,336,59190018048,59190018048,7.372,0.024
google/gemma-3-1b-it,NVIDIA GeForce RTX 5060 Ti,42,2WikiMultiHopQA,14,16,170,multi-hop,51.0417,119.9933,36.35,0,0,0,2,62,40,2015363072,838860800,7.372,0.024
google/gemma-3-1b-it,NVIDIA GeForce RTX 5060 Ti,42,2WikiMultiHopQA,14,16,171,multi-hop,83.6192,0.0,0.0,0,1,1,149,405,405,85996339200,85996339200,7.372,0.024
google/gemma-3-1b-it,NVIDIA GeForce RTX 5060 Ti,42,2WikiMultiHopQA,14,16,172,structural,51.0289,0.0,0.0,0,1,1,95,351,351,64592805888,64592805888,7.372,0.024
google/gemma-3-1b-it,NVIDIA GeForce RTX 5060 Ti,42,2WikiMultiHopQA,14,16,173,multi-hop,34.3256,0.0,0.0,0,1,1,109,365,365,69848268800,69848268800,7.372,0.024
google/gemma-3-1b-it,NVIDIA GeForce RTX 5060 Ti,42,2WikiMultiHopQA,14,16,174,semantic,0.0,0.0,0.0,1,1,1,100,356,356,66446163968,66446163968,7.372,0.024
google/gemma-3-1b-it,NVIDIA GeForce RTX 5060 Ti,42,2WikiMultiHopQA,14,16,175,multi-hop,34.1802,66.3397,51.2853,0,0,0,106,362,362,68704796672,68704796672,7.372,0.024
google/gemma-3-1b-it,NVIDIA GeForce RTX 5060 Ti,42,2WikiMultiHopQA,14,16,176,multi-hop,53.8369,0.0,0.0,0,1,1,76,332,332,57789120512,57789120512,7.372,0.024
google/gemma-3-1b-it,NVIDIA GeForce RTX 5060 Ti,42,2WikiMultiHopQA,14,16,177,multi-hop,59.895,0.0,0.0,0,1,1,139,395,395,81802035200,81802035200,7.372,0.024
google/gemma-3-1b-it,NVIDIA GeForce RTX 5060 Ti,42,2WikiMultiHopQA,14,16,178,structural,52.5581,70.6267,68.7933,0,0,0,117,373,373,72943665152,72943665152,7.372,0.024
google/gemma-3-1b-it,NVIDIA GeForce RTX 5060 Ti,42,2WikiMultiHopQA,14,16,179,structural,40.5372,0.0,0.0,0,1,1,113,369,369,71387578368,71387578368,7.372,0.024
google/gemma-3-1b-it,NVIDIA GeForce RTX 5060 Ti,42,2WikiMultiHopQA,14,16,180,semantic,36.9503,0.0,0.0,0,1,1,3,259,259,35169763328,35169763328,7.372,0.024
google/gemma-3-1b-it,NVIDIA GeForce RTX 5060 Ti,42,2WikiMultiHopQA,14,16,181,structural,0.0,0.0,0.0,1,1,1,76,332,332,57789120512,57789120512,7.372,0.024
google/gemma-3-1b-it,NVIDIA GeForce RTX 5060 Ti,42,2WikiMultiHopQA,14,16,182,multi-hop,36.3786,0.0,0.0,0,1,1,6,262,262,35989225472,35989225472,7.372,0.024
google/gemma-3-1b-it,NVIDIA GeForce RTX 5060 Ti,42,2WikiMultiHopQA,14,16,183,multi-hop,60.3094,0.0,0.0,0,1,1,58,314,314,51692699648,51692699648,7.372,0.024
google/gemma-3-1b-it,NVIDIA GeForce RTX 5060 Ti,42,2WikiMultiHopQA,14,16,184,structural,65.6626,36.1005,30.2752,0,0,0,86,342,342,61322821632,61322821632,7.372,0.024
google/gemma-3-1b-it,NVIDIA GeForce RTX 5060 Ti,42,2WikiMultiHopQA,14,16,185,multi-hop,48.5625,0.0,0.0,0,1,1,12,140,78,10276044800,3189768192,7.372,0.024
google/gemma-3-1b-it,NVIDIA GeForce RTX 5060 Ti,42,2WikiMultiHopQA,14,16,186,semantic,60.3352,0.0,0.0,0,1,1,85,341,341,60964732928,60964732928,7.372,0.024
google/gemma-3-1b-it,NVIDIA GeForce RTX 5060 Ti,42,2WikiMultiHopQA,14,16,187,multi-hop,42.1568,0.0,0.0,0,1,1,113,369,369,71387578368,71387578368,7.372,0.024
google/gemma-3-1b-it,NVIDIA GeForce RTX 5060 Ti,42,2WikiMultiHopQA,14,16,188,multi-hop,59.2962,0.0,38.419,0,1,0,16,272,272,38788923392,38788923392,7.372,0.024
google/gemma-3-1b-it,NVIDIA GeForce RTX 5060 Ti,42,2WikiMultiHopQA,14,16,189,structural,65.2277,0.0,0.0,0,1,1,194,450,450,106168320000,106168320000,7.372,0.024
google/gemma-3-1b-it,NVIDIA GeForce RTX 5060 Ti,42,2WikiMultiHopQA,14,16,190,structural,41.6886,0.0,37.3483,0,1,0,106,362,362,68704796672,68704796672,7.372,0.024
google/gemma-3-1b-it,NVIDIA GeForce RTX 5060 Ti,42,2WikiMultiHopQA,14,16,191,structural,0.0,0.0,0.0,1,1,1,2,152,258,12113149952,34898706432,7.372,0.024
google/gemma-3-1b-it,NVIDIA GeForce RTX 5060 Ti,42,2WikiMultiHopQA,14,16,192,multi-hop,41.3758,0.0,0.0,0,1,1,64,320,320,53687091200,53687091200,7.372,0.024
google/gemma-3-1b-it,NVIDIA GeForce RTX 5060 Ti,42,2WikiMultiHopQA,14,16,193,semantic,45.5986,0.0,0.0,0,1,1,139,395,395,81802035200,81802035200,7.372,0.024
google/gemma-3-1b-it,NVIDIA GeForce RTX 5060 Ti,42,2WikiMultiHopQA,14,16,194,multi-hop,48.4693,50.249,60.6942,0,0,0,2,258,258,34898706432,34898706432,7.372,0.024
google/gemma-3-1b-it,NVIDIA GeForce RTX 5060 Ti,42,2WikiMultiHopQA,14,16,195,multi-hop,102.0175,48.8114,27.8041,0,0,0,111,367,367,70615826432,70615826432,7.372,0.024
google/gemma-3-1b-it,NVIDIA GeForce RTX 5060 Ti,42,2WikiMultiHopQA,14,16,196,multi-hop,32.9451,0.0,0.0,0,1,1,114,370,370,71775027200,71775027200,7.372,0.024
google/gemma-3-1b-it,NVIDIA GeForce RTX 5060 Ti,42,2WikiMultiHopQA,14,16,197,semantic,42.7288,0.0,0.0,0,1,1,35,291,291,44397232128,44397232128,7.372,0.024
google/gemma-3-1b-it,NVIDIA GeForce RTX 5060 Ti,42,2WikiMultiHopQA,14,16,198,semantic,0.0,0.0,0.0,1,1,1,139,395,395,81802035200,81802035200,7.372,0.024
google/gemma-3-1b-it,NVIDIA GeForce RTX 5060 Ti,42,2WikiMultiHopQA,14,16,199,semantic,47.4958,0.0,0.0,0,1,1,90,346,346,62765662208,62765662208,7.372,0.024
google/gemma-3-1b-it,NVIDIA GeForce RTX 5060 Ti,42,2WikiMultiHopQA,14,16,200,multi-hop,0.0,49.4068,57.2762,1,0,0,93,349,349,63858802688,63858802688,7.372,0.024
google/gemma-3-1b-it,NVIDIA GeForce RTX 5060 Ti,42,2WikiMultiHopQA,14,16,201,multi-hop,45.0005,0.0,0.0,0,1,1,109,365,365,69848268800,69848268800,7.372,0.024
google/gemma-3-1b-it,NVIDIA GeForce RTX 5060 Ti,42,2WikiMultiHopQA,14,16,202,semantic,38.5852,0.0,46.1791,0,1,0,68,324,324,55037657088,55037657088,7.372,0.024
google/gemma-3-1b-it,NVIDIA GeForce RTX 5060 Ti,42,2WikiMultiHopQA,14,16,203,semantic,43.6677,0.0,0.0,0,1,1,121,377,377,74516529152,74516529152,7.372,0.024
google/gemma-3-1b-it,NVIDIA GeForce RTX 5060 Ti,42,2WikiMultiHopQA,14,16,204,multi-hop,53.2893,34.3524,71.1308,0,0,0,93,349,349,63858802688,63858802688,7.372,0.024
google/gemma-3-1b-it,NVIDIA GeForce RTX 5060 Ti,42,2WikiMultiHopQA,14,16,205,multi-hop,48.0829,0.0,0.0,0,1,1,67,323,323,54698442752,54698442752,7.372,0.024
google/gemma-3-1b-it,NVIDIA GeForce RTX 5060 Ti,42,2WikiMultiHopQA,14,16,206,multi-hop,62.0213,0.0,0.0,0,1,1,113,369,369,71387578368,71387578368,7.372,0.024
google/gemma-3-1b-it,NVIDIA GeForce RTX 5060 Ti,42,2WikiMultiHopQA,14,16,207,multi-hop,44.6922,0.0,0.0,0,1,1,2,51,53,1363673088,1472724992,7.372,0.024
google/gemma-3-1b-it,NVIDIA GeForce RTX 5060 Ti,42,2WikiMultiHopQA,14,16,208,semantic,35.133,0.0,0.0,0,1,1,114,370,370,71775027200,71775027200,7.372,0.024
google/gemma-3-1b-it,NVIDIA GeForce RTX 5060 Ti,42,2WikiMultiHopQA,14,16,209,semantic,0.0,0.0,0.0,1,1,1,78,334,334,58487472128,58487472128,7.372,0.024
google/gemma-3-1b-it,NVIDIA GeForce RTX 5060 Ti,42,2WikiMultiHopQA,14,16,210,multi-hop,40.9149,0.0,0.0,0,1,1,101,357,357,66819981312,66819981312,7.372,0.024
google/gemma-3-1b-it,NVIDIA GeForce RTX 5060 Ti,42,2WikiMultiHopQA,14,16,211,multi-hop,52.2906,0.0,0.0,0,1,1,85,341,341,60964732928,60964732928,7.372,0.024
google/gemma-3-1b-it,NVIDIA GeForce RTX 5060 Ti,42,2WikiMultiHopQA,14,16,212,semantic,46.2752,0.0,0.0,0,1,1,95,351,351,64592805888,64592805888,7.372,0.024
google/gemma-3-1b-it,NVIDIA GeForce RTX 5060 Ti,42,2WikiMultiHopQA,14,16,213,structural,46.638,55.6177,39.9434,0,0,0,63,319,319,53352071168,53352071168,7.372,0.024
google/gemma-3-1b-it,NVIDIA GeForce RTX 5060 Ti,42,2WikiMultiHopQA,14,16,214,multi-hop,42.2707,0.0,0.0,0,1,1,16,272,272,38788923392,38788923392,7.372,0.024
google/gemma-3-1b-it,NVIDIA GeForce RTX 5060 Ti,42,2WikiMultiHopQA,14,16,215,multi-hop,37.9968,58.6077,31.2994,0,0,0,35,291,291,44397232128,44397232128,7.372,0.024
google/gemma-3-1b-it,NVIDIA GeForce RTX 5060 Ti,42,2WikiMultiHopQA,14,16,216,multi-hop,38.314,0.0,0.0,0,1,1,23,279,279,40811102208,40811102208,7.372,0.024
google/gemma-3-1b-it,NVIDIA GeForce RTX 5060 Ti,42,2WikiMultiHopQA,14,16,217,semantic,45.5283,0.0,0.0,0,1,1,70,326,326,55719231488,55719231488,7.372,0.024
google/gemma-3-1b-it,NVIDIA GeForce RTX 5060 Ti,42,2WikiMultiHopQA,14,16,218,semantic,37.6745,0.0,0.0,0,1,1,133,389,389,79335784448,79335784448,7.372,0.024
google/gemma-3-1b-it,NVIDIA GeForce RTX 5060 Ti,42,2WikiMultiHopQA,14,16,219,structural,56.6169,49.1029,0.0,0,0,1,52,308,308,49736056832,49736056832,7.372,0.024
google/gemma-3-1b-it,NVIDIA GeForce RTX 5060 Ti,42,2WikiMultiHopQA,14,16,220,multi-hop,46.922,0.0,0.0,0,1,1,17,273,273,39074660352,39074660352,7.372,0.024
google/gemma-3-1b-it,NVIDIA GeForce RTX 5060 Ti,42,2WikiMultiHopQA,14,16,221,semantic,48.9104,0.0,0.0,0,1,1,101,357,357,66819981312,66819981312,7.372,0.024
google/gemma-3-1b-it,NVIDIA GeForce RTX 5060 Ti,42,2WikiMultiHopQA,14,16,222,structural,84.0279,109.4732,65.7126,0,0,0,100,356,356,66446163968,66446163968,7.372,0.024
google/gemma-3-1b-it,NVIDIA GeForce RTX 5060 Ti,42,2WikiMultiHopQA,14,16,223,multi-hop,63.2982,0.0,0.0,0,1,1,48,304,304,48452599808,48452599808,7.372,0.024
google/gemma-3-1b-it,NVIDIA GeForce RTX 5060 Ti,42,2WikiMultiHopQA,14,16,224,multi-hop,42.304,37.5601,0.0,0,0,1,114,370,370,71775027200,71775027200,7.372,0.024
google/gemma-3-1b-it,NVIDIA GeForce RTX 5060 Ti,42,2WikiMultiHopQA,14,16,225,structural,40.6022,57.4046,0.0,0,0,1,85,341,341,60964732928,60964732928,7.372,0.024
google/gemma-3-1b-it,NVIDIA GeForce RTX 5060 Ti,42,2WikiMultiHopQA,14,16,226,semantic,31.878,0.0,62.2195,0,1,0,120,376,376,74121740288,74121740288,7.372,0.024
google/gemma-3-1b-it,NVIDIA GeForce RTX 5060 Ti,42,2WikiMultiHopQA,14,16,227,semantic,0.0,0.0,0.0,1,1,1,83,339,339,60251701248,60251701248,7.372,0.024
google/gemma-3-1b-it,NVIDIA GeForce RTX 5060 Ti,42,2WikiMultiHopQA,14,16,228,structural,46.9752,71.4295,76.4737,0,0,0,42,298,298,46558871552,46558871552,7.372,0.024
google/gemma-3-1b-it,NVIDIA GeForce RTX 5060 Ti,42,2WikiMultiHopQA,14,16,229,multi-hop,55.4811,0.0,0.0,0,1,1,40,296,296,45936017408,45936017408,7.372,0.024
google/gemma-3-1b-it,NVIDIA GeForce RTX 5060 Ti,42,2WikiMultiHopQA,14,16,230,structural,50.4287,42.4096,0.0,0,0,1,77,333,333,58137772032,58137772032,7.372,0.024
google/gemma-3-1b-it,NVIDIA GeForce RTX 5060 Ti,42,2WikiMultiHopQA,14,16,231,semantic,82.8173,0.0,0.0,0,1,1,102,358,358,67194847232,67194847232,7.372,0.024
google/gemma-3-1b-it,NVIDIA GeForce RTX 5060 Ti,42,2WikiMultiHopQA,14,16,232,structural,47.383,52.8914,36.6474,0,0,0,3,55,68,1585971200,2424307712,7.372,0.024
google/gemma-3-1b-it,NVIDIA GeForce RTX 5060 Ti,42,2WikiMultiHopQA,14,16,233,structural,41.7468,0.0,0.0,0,1,1,95,351,351,64592805888,64592805888,7.372,0.024
google/gemma-3-1b-it,NVIDIA GeForce RTX 5060 Ti,42,2WikiMultiHopQA,14,16,234,semantic,49.3805,0.0,0.0,0,1,1,2,37,58,717750272,1763704832,7.372,0.024
google/gemma-3-1b-it,NVIDIA GeForce RTX 5060 Ti,42,2WikiMultiHopQA,14,16,235,multi-hop,0.0,0.0,0.0,1,1,1,83,339,339,60251701248,60251701248,7.372,0.024
google/gemma-3-1b-it,NVIDIA GeForce RTX 5060 Ti,42,2WikiMultiHopQA,14,16,236,multi-hop,52.4023,0.0,0.0,0,1,1,140,396,396,82216747008,82216747008,7.372,0.024
google/gemma-3-1b-it,NVIDIA GeForce RTX 5060 Ti,42,2WikiMultiHopQA,14,16,237,structural,51.2801,0.0,0.0,0,1,1,100,356,356,66446163968,66446163968,7.372,0.024
google/gemma-3-1b-it,NVIDIA GeForce RTX 5060 Ti,42,2WikiMultiHopQA,14,16,238,multi-hop,65.351,0.0,49.3856,0,1,0,53,309,309,50059542528,50059542528,7.372,0.024
google/gemma-3-1b-it,NVIDIA GeForce RTX 5060 Ti,42,2WikiMultiHopQA,14,16,239,structural,39.7418,51.114,0.0,0,0,1,80,336,336,59190018048,59190018048,7.372,0.024
google/gemma-3-1b-it,NVIDIA GeForce RTX 5060 Ti,42,2WikiMultiHopQA,14,16,240,multi-hop,37.0696,0.0,0.0,0,1,1,20,276,276,39938162688,39938162688,7.372,0.024
google/gemma-3-1b-it,NVIDIA GeForce RTX 5060 Ti,42,2WikiMultiHopQA,14,16,241,multi-hop,87.0014,0.0,0.0,0,1,1,107,363,363,69084905472,69084905472,7.372,0.024
google/gemma-3-1b-it,NVIDIA GeForce RTX 5060 Ti,42,2WikiMultiHopQA,14,16,242,multi-hop,44.0791,90.0538,75.6103,0,0,0,146,402,402,84727037952,84727037952,7.372,0.024
google/gemma-3-1b-it,NVIDIA GeForce RTX 5060 Ti,42,2WikiMultiHopQA,14,16,243,multi-hop,35.5665,56.8997,0.0,0,0,1,6,262,262,35989225472,35989225472,7.372,0.024
google/gemma-3-1b-it,NVIDIA GeForce RTX 5060 Ti,42,2WikiMultiHopQA,14,16,244,semantic,58.697,0.0,0.0,0,1,1,78,334,334,58487472128,58487472128,7.372,0.024
google/gemma-3-1b-it,NVIDIA GeForce RTX 5060 Ti,42,2WikiMultiHopQA,14,16,245,multi-hop,61.9875,56.5694,83.1391,0,0,0,155,411,411,88563253248,88563253248,7.372,0.024
google/gemma-3-1b-it,NVIDIA GeForce RTX 5060 Ti,42,2WikiMultiHopQA,14,16,246,structural,46.1805,63.3617,38.6855,0,0,0,135,391,391,80153673728,80153673728,7.372,0.024
google/gemma-3-1b-it,NVIDIA GeForce RTX 5060 Ti,42,2WikiMultiHopQA,14,16,247,structural,64.7013,0.0,0.0,0,1,1,13,269,269,37938003968,37938003968,7.372,0.024
google/gemma-3-1b-it,NVIDIA GeForce RTX 5060 Ti,42,2WikiMultiHopQA,14,16,248,semantic,78.0337,0.0,0.0,0,1,1,138,394,394,81388371968,81388371968,7.372,0.024
google/gemma-3-1b-it,NVIDIA GeForce RTX 5060 Ti,42,2WikiMultiHopQA,14,16,249,multi-hop,55.8027,0.0,41.5326,0,1,0,103,359,359,67570761728,67570761728,7.372,0.024
google/gemma-3-1b-it,NVIDIA GeForce RTX 5060 Ti,42,2WikiMultiHopQA,14,16,250,semantic,39.17,0.0,0.0,0,1,1,122,378,378,74912366592,74912366592,7.372,0.024
google/gemma-3-1b-it,NVIDIA GeForce RTX 5060 Ti,42,2WikiMultiHopQA,14,16,251,multi-hop,37.9121,49.4639,83.8868,0,0,0,48,304,304,48452599808,48452599808,7.372,0.024
google/gemma-3-1b-it,NVIDIA GeForce RTX 5060 Ti,42,2WikiMultiHopQA,14,16,252,multi-hop,0.0,0.0,54.9754,1,1,0,35,291,291,44397232128,44397232128,7.372,0.024
google/gemma-3-1b-it,NVIDIA GeForce RTX 5060 Ti,42,2WikiMultiHopQA,14,16,253,multi-hop,43.3987,0.0,0.0,0,1,1,113,369,369,71387578368,71387578368,7.372,0.024
google/gemma-3-1b-it,NVIDIA GeForce RTX 5060 Ti,42,2WikiMultiHopQA,14,16,254,multi-hop,63.364,87.1442,54.1595,0,0,0,4,260,260,35441868800,35441868800,7.372,0.024
google/gemma-3-1b-it,NVIDIA GeForce RTX 5060 Ti,42,2WikiMultiHopQA,14,16,255,multi-hop,43.2083,48.7669,44.7739,0,0,0,122,378,378,74912366592,74912366592,7.372,0.024
google/gemma-3-1b-it,NVIDIA GeForce RTX 5060 Ti,42,2WikiMultiHopQA,14,16,256,multi-hop,56.0602,57.2262,0.0,0,0,1,46,302,302,47817162752,47817162752,7.372,0.024
google/gemma-3-1b-it,NVIDIA GeForce RTX 5060 Ti,42,2WikiMultiHopQA,14,16,257,semantic,45.09,0.0,0.0,0,1,1,79,335,335,58838220800,58838220800,7.372,0.024
google/gemma-3-1b-it,NVIDIA GeForce RTX 5060 Ti,42,2WikiMultiHopQA,14,16,258,multi-hop,106.479,0.0,0.0,0,1,1,48,304,304,48452599808,48452599808,7.372,0.024
google/gemma-3-1b-it,NVIDIA GeForce RTX 5060 Ti,42,2WikiMultiHopQA,14,16,259,multi-hop,31.8204,0.0,0.0,0,1,1,2,152,149,12113149952,11639717888,7.372,0.024
google/gemma-3-1b-it,NVIDIA GeForce RTX 5060 Ti,42,2WikiMultiHopQA,14,16,260,structural,48.9129,77.4646,37.1418,0,0,0,12,140,78,10276044800,3189768192,7.372,0.024
google/gemma-3-1b-it,NVIDIA GeForce RTX 5060 Ti,42,2WikiMultiHopQA,14,16,261,semantic,41.2606,0.0,43.3972,0,1,0,12,268,268,37656461312,37656461312,7.372,0.024
google/gemma-3-1b-it,NVIDIA GeForce RTX 5060 Ti,42,2WikiMultiHopQA,14,16,262,multi-hop,33.0384,30.3086,94.1934,0,0,0,119,375,375,73728000000,73728000000,7.372,0.024
google/gemma-3-1b-it,NVIDIA GeForce RTX 5060 Ti,42,2WikiMultiHopQA,14,16,263,semantic,74.7307,0.0,0.0,0,1,1,135,391,391,80153673728,80153673728,7.372,0.024
google/gemma-3-1b-it,NVIDIA GeForce RTX 5060 Ti,42,2WikiMultiHopQA,14,16,264,semantic,53.3563,38.3756,71.1196,0,0,0,96,352,352,64961380352,64961380352,7.372,0.024
google/gemma-3-1b-it,NVIDIA GeForce RTX 5060 Ti,42,2WikiMultiHopQA,14,16,265,semantic,33.4996,0.0,0.0,0,1,1,59,315,315,52022476800,52022476800,7.372,0.024
google/gemma-3-1b-it,NVIDIA GeForce RTX 5060 Ti,42,2WikiMultiHopQA,14,16,266,semantic,0.0,0.0,0.0,1,1,1,209,465,465,113364172800,113364172800,7.372,0.024
google/gemma-3-1b-it,NVIDIA GeForce RTX 5060 Ti,42,2WikiMultiHopQA,14,16,267,structural,65.7984,43.0129,0.0,0,0,1,32,288,288,43486543872,43486543872,7.372,0.024
google/gemma-3-1b-it,NVIDIA GeForce RTX 5060 Ti,42,2WikiMultiHopQA,14,16,268,structural,36.1209,33.0395,34.8788,0,0,0,111,367,367,70615826432,70615826432,7.372,0.024
google/gemma-3-1b-it,NVIDIA GeForce RTX 5060 Ti,42,2WikiMultiHopQA,14,16,269,semantic,39.3481,0.0,0.0,0,1,1,64,320,320,53687091200,53687091200,7.372,0.024
google/gemma-3-1b-it,NVIDIA GeForce RTX 5060 Ti,42,2WikiMultiHopQA,14,16,270,multi-hop,38.6861,0.0,0.0,0,1,1,119,375,375,73728000000,73728000000,7.372,0.024
google/gemma-3-1b-it,NVIDIA GeForce RTX 5060 Ti,42,2WikiMultiHopQA,14,16,271,multi-hop,37.5712,0.0,37.9895,0,1,0,28,284,284,42286972928,42286972928,7.372,0.024
google/gemma-3-1b-it,NVIDIA GeForce RTX 5060 Ti,42,2WikiMultiHopQA,14,16,272,semantic,33.3473,0.0,0.0,0,1,1,20,276,276,39938162688,39938162688,7.372,0.024
google/gemma-3-1b-it,NVIDIA GeForce RTX 5060 Ti,42,2WikiMultiHopQA,14,16,273,multi-hop,69.7397,65.7374,0.0,0,0,1,22,278,278,40519073792,40519073792,7.372,0.024
google/gemma-3-1b-it,NVIDIA GeForce RTX 5060 Ti,42,2WikiMultiHopQA,14,16,274,multi-hop,50.2496,0.0,0.0,0,1,1,112,368,368,71001178112,71001178112,7.372,0.024
google/gemma-3-1b-it,NVIDIA GeForce RTX 5060 Ti,42,2WikiMultiHopQA,14,16,275,multi-hop,73.1519,0.0,35.9738,0,1,0,80,336,336,59190018048,59190018048,7.372,0.024
google/gemma-3-1b-it,NVIDIA GeForce RTX 5060 Ti,42,2WikiMultiHopQA,14,16,276,multi-hop,49.4456,0.0,0.0,0,1,1,36,292,292,44702892032,44702892032,7.372,0.024
google/gemma-3-1b-it,NVIDIA GeForce RTX 5060 Ti,42,2WikiMultiHopQA,14,16,277,structural,85.9521,47.9186,47.2135,0,0,0,25,281,281,41398304768,41398304768,7.372,0.024
google/gemma-3-1b-it,NVIDIA GeForce RTX 5060 Ti,42,2WikiMultiHopQA,14,16,278,multi-hop,43.6805,0.0,0.0,0,1,1,81,337,337,59542863872,59542863872,7.372,0.024
google/gemma-3-1b-it,NVIDIA GeForce RTX 5060 Ti,42,2WikiMultiHopQA,14,16,279,structural,55.2858,45.0493,59.3131,0,0,0,145,401,401,84306034688,84306034688,7.372,0.024
google/gemma-3-1b-it,NVIDIA GeForce RTX 5060 Ti,42,2WikiMultiHopQA,14,16,280,multi-hop,72.1207,48.4724,34.6138,0,0,0,57,313,313,51363971072,51363971072,7.372,0.024
google/gemma-3-1b-it,NVIDIA GeForce RTX 5060 Ti,42,2WikiMultiHopQA,14,16,281,semantic,36.2548,0.0,0.0,0,1,1,105,361,361,68325736448,68325736448,7.372,0.024
google/gemma-3-1b-it,NVIDIA GeForce RTX 5060 Ti,42,2WikiMultiHopQA,14,16,282,semantic,42.8834,0.0,0.0,0,1,1,36,292,292,44702892032,44702892032,7.372,0.024
google/gemma-3-1b-it,NVIDIA GeForce RTX 5060 Ti,42,2WikiMultiHopQA,14,16,283,structural,67.749,79.1879,36.4778,0,0,0,29,285,285,42585292800,42585292800,7.372,0.024
google/gemma-3-1b-it,NVIDIA GeForce RTX 5060 Ti,42,2WikiMultiHopQA,14,16,284,multi-hop,36.1259,0.0,0.0,0,1,1,118,374,374,73335308288,73335308288,7.372,0.024
google/gemma-3-1b-it,NVIDIA GeForce RTX 5060 Ti,42,2WikiMultiHopQA,14,16,285,structural,86.7105,0.0,0.0,0,1,1,34,290,290,44092620800,44092620800,7.372,0.024
google/gemma-3-1b-it,NVIDIA GeForce RTX 5060 Ti,42,2WikiMultiHopQA,14,16,286,multi-hop,46.5142,0.0,47.9368,0,1,0,100,356,356,66446163968,66446163968,7.372,0.024
google/gemma-3-1b-it,NVIDIA GeForce RTX 5060 Ti,42,2WikiMultiHopQA,14,16,287,structural,59.3499,0.0,0.0,0,1,1,98,354,354,65701675008,65701675008,7.372,0.024
google/gemma-3-1b-it,NVIDIA GeForce RTX 5060 Ti,42,2WikiMultiHopQA,14,16,288,multi-hop,65.7337,0.0,0.0,0,1,1,115,371,371,72163524608,72163524608,7.372,0.024
google/gemma-3-1b-it,NVIDIA GeForce RTX 5060 Ti,42,2WikiMultiHopQA,14,16,289,multi-hop,50.5033,0.0,0.0,0,1,1,105,361,361,68325736448,68325736448,7.372,0.024
google/gemma-3-1b-it,NVIDIA GeForce RTX 5060 Ti,42,2WikiMultiHopQA,14,16,290,semantic,55.1299,0.0,0.0,0,1,1,105,361,361,68325736448,68325736448,7.372,0.024
google/gemma-3-1b-it,NVIDIA GeForce RTX 5060 Ti,42,2WikiMultiHopQA,14,16,291,multi-hop,47.0329,39.1203,35.2269,0,0,0,100,356,356,66446163968,66446163968,7.372,0.024
google/gemma-3-1b-it,NVIDIA GeForce RTX 5060 Ti,42,2WikiMultiHopQA,14,16,292,multi-hop,47.2658,0.0,0.0,0,1,1,20,276,276,39938162688,39938162688,7.372,0.024
google/gemma-3-1b-it,NVIDIA GeForce RTX 5060 Ti,42,2WikiMultiHopQA,14,16,293,multi-hop,67.8661,53.6672,78.5019,0,0,0,24,280,280,41104179200,41104179200,7.372,0.024
google/gemma-3-1b-it,NVIDIA GeForce RTX 5060 Ti,42,2WikiMultiHopQA,14,16,294,multi-hop,70.5081,41.8055,36.0922,0,0,0,51,307,307,49413619712,49413619712,7.372,0.024
google/gemma-3-1b-it,NVIDIA GeForce RTX 5060 Ti,42,2WikiMultiHopQA,14,16,295,semantic,46.8138,0.0,0.0,0,1,1,146,402,402,84727037952,84727037952,7.372,0.024
google/gemma-3-1b-it,NVIDIA GeForce RTX 5060 Ti,42,2WikiMultiHopQA,14,16,296,multi-hop,44.2263,64.8128,111.5135,0,0,0,124,380,380,75707187200,75707187200,7.372,0.024
google/gemma-3-1b-it,NVIDIA GeForce RTX 5060 Ti,42,2WikiMultiHopQA,14,16,297,multi-hop,47.247,0.0,0.0,0,1,1,78,334,334,58487472128,58487472128,7.372,0.024
google/gemma-3-1b-it,NVIDIA GeForce RTX 5060 Ti,42,2WikiMultiHopQA,14,16,298,structural,58.2021,44.5348,0.0,0,0,1,5,114,55,6813646848,1585971200,7.372,0.024
google/gemma-3-1b-it,NVIDIA GeForce RTX 5060 Ti,42,2WikiMultiHopQA,14,16,299,semantic,63.3406,0.0,0.0,0,1,1,123,379,379,75309252608,75309252608,7.372,0.024
google/gemma-3-1b-it,NVIDIA GeForce RTX 5060 Ti,42,2WikiMultiHopQA,14,16,300,multi-hop,34.6801,0.0,0.0,0,1,1,121,377,377,74516529152,74516529152,7.372,0.024
google/gemma-3-1b-it,NVIDIA GeForce RTX 5060 Ti,42,2WikiMultiHopQA,14,16,301,multi-hop,75.995,0.0,0.0,0,1,1,103,359,359,67570761728,67570761728,7.372,0.024
google/gemma-3-1b-it,NVIDIA GeForce RTX 5060 Ti,42,2WikiMultiHopQA,14,16,302,structural,35.1452,0.0,0.0,0,1,1,118,374,374,73335308288,73335308288,7.372,0.024
google/gemma-3-1b-it,NVIDIA GeForce RTX 5060 Ti,42,2WikiMultiHopQA,14,16,303,semantic,0.0,0.0,0.0,1,1,1,110,366,366,70231523328,70231523328,7.372,0.024
google/gemma-3-1b-it,NVIDIA GeForce RTX 5060 Ti,42,2WikiMultiHopQA,14,16,304,multi-hop,90.6969,0.0,0.0,0,1,1,50,306,306,49092231168,49092231168,7.372,0.024
google/gemma-3-1b-it,NVIDIA GeForce RTX 5060 Ti,42,2WikiMultiHopQA,14,16,305,multi-hop,35.4298,0.0,0.0,0,1,1,46,302,302,47817162752,47817162752,7.372,0.024
google/gemma-3-1b-it,NVIDIA GeForce RTX 5060 Ti,42,2WikiMultiHopQA,14,16,306,semantic,55.9619,0.0,0.0,0,1,1,119,375,375,73728000000,73728000000,7.372,0.024
google/gemma-3-1b-it,NVIDIA GeForce RTX 5060 Ti,42,2WikiMultiHopQA,14,16,307,semantic,51.4268,0.0,0.0,0,1,1,2,51,53,1363673088,1472724992,7.372,0.024
google/gemma-3-1b-it,NVIDIA GeForce RTX 5060 Ti,42,2WikiMultiHopQA,14,16,308,multi-hop,36.1293,0.0,0.0,0,1,1,107,363,363,69084905472,69084905472,7.372,0.024
google/gemma-3-1b-it,NVIDIA GeForce RTX 5060 Ti,42,2WikiMultiHopQA,14,16,309,multi-hop,44.083,0.0,0.0,0,1,1,114,370,370,71775027200,71775027200,7.372,0.024
google/gemma-3-1b-it,NVIDIA GeForce RTX 5060 Ti,42,2WikiMultiHopQA,14,16,310,structural,34.8528,0.0,0.0,0,1,1,80,336,336,59190018048,59190018048,7.372,0.024
google/gemma-3-1b-it,NVIDIA GeForce RTX 5060 Ti,42,2WikiMultiHopQA,14,16,311,multi-hop,67.3614,0.0,0.0,0,1,1,122,378,378,74912366592,74912366592,7.372,0.024
google/gemma-3-1b-it,NVIDIA GeForce RTX 5060 Ti,42,2WikiMultiHopQA,14,16,312,multi-hop,40.6647,0.0,0.0,0,1,1,90,346,346,62765662208,62765662208,7.372,0.024
google/gemma-3-1b-it,NVIDIA GeForce RTX 5060 Ti,42,2WikiMultiHopQA,14,16,313,structural,51.6249,39.9818,34.6436,0,0,0,3,39,38,797442048,757071872,7.372,0.024
google/gemma-3-1b-it,NVIDIA GeForce RTX 5060 Ti,42,2WikiMultiHopQA,14,16,314,structural,33.8012,46.2958,41.8793,0,0,0,16,272,272,38788923392,38788923392,7.372,0.024
google/gemma-3-1b-it,NVIDIA GeForce RTX 5060 Ti,42,2WikiMultiHopQA,14,16,315,multi-hop,61.0542,46.7885,64.0011,0,0,0,155,411,411,88563253248,88563253248,7.372,0.024
google/gemma-3-1b-it,NVIDIA GeForce RTX 5060 Ti,42,2WikiMultiHopQA,14,16,316,semantic,34.3239,0.0,0.0,0,1,1,74,330,330,57094963200,57094963200,7.372,0.024
google/gemma-3-1b-it,NVIDIA GeForce RTX 5060 Ti,42,2WikiMultiHopQA,14,16,317,multi-hop,31.8097,0.0,0.0,0,1,1,46,302,302,47817162752,47817162752,7.372,0.024
google/gemma-3-1b-it,NVIDIA GeForce RTX 5060 Ti,42,2WikiMultiHopQA,14,16,318,multi-hop,66.0877,0.0,0.0,0,1,1,4,260,260,35441868800,35441868800,7.372,0.024
google/gemma-3-1b-it,NVIDIA GeForce RTX 5060 Ti,42,2WikiMultiHopQA,14,16,319,semantic,42.1976,0.0,0.0,0,1,1,105,361,361,68325736448,68325736448,7.372,0.024
google/gemma-3-1b-it,NVIDIA GeForce RTX 5060 Ti,42,2WikiMultiHopQA,14,16,320,multi-hop,37.9513,0.0,0.0,0,1,1,102,358,358,67194847232,67194847232,7.372,0.024
google/gemma-3-1b-it,NVIDIA GeForce RTX 5060 Ti,42,2WikiMultiHopQA,14,16,321,multi-hop,40.5552,0.0,0.0,0,1,1,99,355,355,66073395200,66073395200,7.372,0.024
google/gemma-3-1b-it,NVIDIA GeForce RTX 5060 Ti,42,2WikiMultiHopQA,14,16,322,multi-hop,50.1613,0.0,0.0,0,1,1,122,378,378,74912366592,74912366592,7.372,0.024
google/gemma-3-1b-it,NVIDIA GeForce RTX 5060 Ti,42,2WikiMultiHopQA,14,16,323,structural,0.0,54.0336,0.0,1,0,1,110,366,366,70231523328,70231523328,7.372,0.024
google/gemma-3-1b-it,NVIDIA GeForce RTX 5060 Ti,42,2WikiMultiHopQA,14,16,324,semantic,51.065,0.0,0.0,0,1,1,136,392,392,80564191232,80564191232,7.372,0.024
google/gemma-3-1b-it,NVIDIA GeForce RTX 5060 Ti,42,2WikiMultiHopQA,14,16,325,semantic,42.39,0.0,0.0,0,1,1,138,394,394,81388371968,81388371968,7.372,0.024
google/gemma-3-1b-it,NVIDIA GeForce RTX 5060 Ti,42,2WikiMultiHopQA,14,16,326,multi-hop,64.0847,45.9286,36.0006,0,0,0,139,395,395,81802035200,81802035200,7.372,0.024
google/gemma-3-1b-it,NVIDIA GeForce RTX 5060 Ti,42,2WikiMultiHopQA,14,16,327,structural,33.0622,48.3315,41.5268,0,0,0,93,349,349,63858802688,63858802688,7.372,0.024
google/gemma-3-1b-it,NVIDIA GeForce RTX 5060 Ti,42,2WikiMultiHopQA,14,16,328,multi-hop,45.8868,0.0,0.0,0,1,1,33,289,289,43789058048,43789058048,7.372,0.024
google/gemma-3-1b-it,NVIDIA GeForce RTX 5060 Ti,42,2WikiMultiHopQA,14,16,329,multi-hop,39.8141,0.0,0.0,0,1,1,114,370,370,71775027200,71775027200,7.372,0.024
google/gemma-3-1b-it,NVIDIA GeForce RTX 5060 Ti,42,2WikiMultiHopQA,14,16,330,structural,30.8693,32.1687,0.0,0,0,1,2,258,258,34898706432,34898706432,7.372,0.024
google/gemma-3-1b-it,NVIDIA GeForce RTX 5060 Ti,42,2WikiMultiHopQA,14,16,331,multi-hop,76.202,0.0,0.0,0,1,1,209,465,465,113364172800,113364172800,7.372,0.024
google/gemma-3-1b-it,NVIDIA GeForce RTX 5060 Ti,42,2WikiMultiHopQA,14,16,332,multi-hop,41.0941,0.0,0.0,0,1,1,29,285,285,42585292800,42585292800,7.372,0.024
google/gemma-3-1b-it,NVIDIA GeForce RTX 5060 Ti,42,2WikiMultiHopQA,14,16,333,semantic,55.9882,0.0,0.0,0,1,1,80,336,336,59190018048,59190018048,7.372,0.024
google/gemma-3-1b-it,NVIDIA GeForce RTX 5060 Ti,42,2WikiMultiHopQA,14,16,334,semantic,42.3211,0.0,0.0,0,1,1,103,359,359,67570761728,67570761728,7.372,0.024
google/gemma-3-1b-it,NVIDIA GeForce RTX 5060 Ti,42,2WikiMultiHopQA,14,16,335,multi-hop,35.4854,0.0,0.0,0,1,1,22,278,278,40519073792,40519073792,7.372,0.024
google/gemma-3-1b-it,NVIDIA GeForce RTX 5060 Ti,42,2WikiMultiHopQA,14,16,336,multi-hop,38.4643,0.0,0.0,0,1,1,95,351,351,64592805888,64592805888,7.372,0.024
google/gemma-3-1b-it,NVIDIA GeForce RTX 5060 Ti,42,2WikiMultiHopQA,14,16,337,structural,39.8741,34.8452,0.0,0,0,1,38,294,294,45317357568,45317357568,7.372,0.024
google/gemma-3-1b-it,NVIDIA GeForce RTX 5060 Ti,42,2WikiMultiHopQA,14,16,338,multi-hop,41.5986,0.0,0.0,0,1,1,2,37,58,717750272,1763704832,7.372,0.024
google/gemma-3-1b-it,NVIDIA GeForce RTX 5060 Ti,42,2WikiMultiHopQA,14,16,339,multi-hop,41.7295,0.0,0.0,0,1,1,91,347,347,63128993792,63128993792,7.372,0.024
google/gemma-3-1b-it,NVIDIA GeForce RTX 5060 Ti,42,2WikiMultiHopQA,14,16,340,semantic,73.6112,0.0,0.0,0,1,1,32,288,288,43486543872,43486543872,7.372,0.024
google/gemma-3-1b-it,NVIDIA GeForce RTX 5060 Ti,42,2WikiMultiHopQA,14,16,341,semantic,40.6619,0.0,0.0,0,1,1,48,304,304,48452599808,48452599808,7.372,0.024
google/gemma-3-1b-it,NVIDIA GeForce RTX 5060 Ti,42,2WikiMultiHopQA,14,16,342,multi-hop,0.0,0.0,0.0,1,1,1,2,37,58,717750272,1763704832,7.372,0.024
google/gemma-3-1b-it,NVIDIA GeForce RTX 5060 Ti,42,2WikiMultiHopQA,14,16,343,structural,36.1366,41.6858,42.8395,0,0,0,3,39,38,797442048,757071872,7.372,0.024
google/gemma-3-1b-it,NVIDIA GeForce RTX 5060 Ti,42,2WikiMultiHopQA,14,16,344,multi-hop,48.073,0.0,0.0,0,1,1,105,361,361,68325736448,68325736448,7.372,0.024
google/gemma-3-1b-it,NVIDIA GeForce RTX 5060 Ti,42,2WikiMultiHopQA,14,16,345,semantic,54.0512,0.0,0.0,0,1,1,121,377,377,74516529152,74516529152,7.372,0.024
google/gemma-3-1b-it,NVIDIA GeForce RTX 5060 Ti,42,2WikiMultiHopQA,14,16,346,semantic,53.2384,0.0,0.0,0,1,1,5,89,71,4152885248,2642935808,7.372,0.024
google/gemma-3-1b-it,NVIDIA GeForce RTX 5060 Ti,42,2WikiMultiHopQA,14,16,347,structural,44.1479,53.6364,36.0711,0,0,0,72,328,328,56405000192,56405000192,7.372,0.024
google/gemma-3-1b-it,NVIDIA GeForce RTX 5060 Ti,42,2WikiMultiHopQA,14,16,348,structural,60.2563,0.0,0.0,0,1,1,100,356,356,66446163968,66446163968,7.372,0.024
google/gemma-3-1b-it,NVIDIA GeForce RTX 5060 Ti,42,2WikiMultiHopQA,14,16,349,semantic,0.0,0.0,0.0,1,1,1,5,89,71,4152885248,2642935808,7.372,0.024
google/gemma-3-1b-it,NVIDIA GeForce RTX 5060 Ti,42,2WikiMultiHopQA,14,16,350,semantic,31.539,0.0,0.0,0,1,1,132,388,388,78928412672,78928412672,7.372,0.024
google/gemma-3-1b-it,NVIDIA GeForce RTX 5060 Ti,42,2WikiMultiHopQA,14,16,351,multi-hop,43.8649,49.4229,0.0,0,0,1,58,314,314,51692699648,51692699648,7.372,0.024
google/gemma-3-1b-it,NVIDIA GeForce RTX 5060 Ti,42,2WikiMultiHopQA,14,16,352,structural,33.1822,70.8051,81.8994,0,0,0,2,152,258,12113149952,34898706432,7.372,0.024
google/gemma-3-1b-it,NVIDIA GeForce RTX 5060 Ti,42,2WikiMultiHopQA,14,16,353,semantic,54.0685,0.0,0.0,0,1,1,101,357,357,66819981312,66819981312,7.372,0.024
google/gemma-3-1b-it,NVIDIA GeForce RTX 5060 Ti,42,2WikiMultiHopQA,14,16,354,semantic,0.0,0.0,0.0,1,1,1,122,378,378,74912366592,74912366592,7.372,0.024
google/gemma-3-1b-it,NVIDIA GeForce RTX 5060 Ti,42,2WikiMultiHopQA,14,16,355,semantic,47.2786,0.0,0.0,0,1,1,3,38,50,757071872,1310720000,7.372,0.024
google/gemma-3-1b-it,NVIDIA GeForce RTX 5060 Ti,42,2WikiMultiHopQA,14,16,356,multi-hop,48.9203,0.0,0.0,0,1,1,95,351,351,64592805888,64592805888,7.372,0.024
google/gemma-3-1b-it,NVIDIA GeForce RTX 5060 Ti,42,2WikiMultiHopQA,14,16,357,structural,34.2331,0.0,0.0,0,1,1,141,397,397,82632507392,82632507392,7.372,0.024
google/gemma-3-1b-it,NVIDIA GeForce RTX 5060 Ti,42,2WikiMultiHopQA,14,16,358,multi-hop,37.3564,49.6511,59.8481,0,0,0,98,354,354,65701675008,65701675008,7.372,0.024
google/gemma-3-1b-it,NVIDIA GeForce RTX 5060 Ti,42,2WikiMultiHopQA,14,16,359,structural,36.3977,36.7029,34.5077,0,0,0,3,39,38,797442048,757071872,7.372,0.024
google/gemma-3-1b-it,NVIDIA GeForce RTX 5060 Ti,42,2WikiMultiHopQA,14,16,360,structural,50.5161,62.5709,71.6955,0,0,0,59,315,315,52022476800,52022476800,7.372,0.024
google/gemma-3-1b-it,NVIDIA GeForce RTX 5060 Ti,42,2WikiMultiHopQA,14,16,361,semantic,33.687,0.0,0.0,0,1,1,78,334,334,58487472128,58487472128,7.372,0.024
google/gemma-3-1b-it,NVIDIA GeForce RTX 5060 Ti,42,2WikiMultiHopQA,14,16,362,multi-hop,31.9556,36.45,0.0,0,0,1,114,370,370,71775027200,71775027200,7.372,0.024
google/gemma-3-1b-it,NVIDIA GeForce RTX 5060 Ti,42,2WikiMultiHopQA,14,16,363,structural,37.9007,74.3356,0.0,0,0,1,84,340,340,60607692800,60607692800,7.372,0.024
google/gemma-3-1b-it,NVIDIA GeForce RTX 5060 Ti,42,2WikiMultiHopQA,14,16,364,semantic,30.652,0.0,0.0,0,1,1,91,347,347,63128993792,63128993792,7.372,0.024
google/gemma-3-1b-it,NVIDIA GeForce RTX 5060 Ti,42,2WikiMultiHopQA,14,16,365,semantic,41.3527,0.0,0.0,0,1,1,109,365,365,69848268800,69848268800,7.372,0.024
google/gemma-3-1b-it,NVIDIA GeForce RTX 5060 Ti,42,2WikiMultiHopQA,14,16,366,multi-hop,48.3937,0.0,0.0,0,1,1,110,366,366,70231523328,70231523328,7.372,0.024
google/gemma-3-1b-it,NVIDIA GeForce RTX 5060 Ti,42,2WikiMultiHopQA,14,16,367,semantic,55.2161,0.0,0.0,0,1,1,86,342,342,61322821632,61322821632,7.372,0.024
google/gemma-3-1b-it,NVIDIA GeForce RTX 5060 Ti,42,2WikiMultiHopQA,14,16,368,semantic,29.585,0.0,31.9587,0,1,0,7,263,263,36264476672,36264476672,7.372,0.024
google/gemma-3-1b-it,NVIDIA GeForce RTX 5060 Ti,42,2WikiMultiHopQA,14,16,369,semantic,50.9606,0.0,0.0,0,1,1,103,359,359,67570761728,67570761728,7.372,0.024
google/gemma-3-1b-it,NVIDIA GeForce RTX 5060 Ti,42,2WikiMultiHopQA,14,16,370,multi-hop,34.6158,0.0,0.0,0,1,1,114,370,370,71775027200,71775027200,7.372,0.024
google/gemma-3-1b-it,NVIDIA GeForce RTX 5060 Ti,42,2WikiMultiHopQA,14,16,371,semantic,38.1299,0.0,0.0,0,1,1,8,264,264,36540776448,36540776448,7.372,0.024
google/gemma-3-1b-it,NVIDIA GeForce RTX 5060 Ti,42,2WikiMultiHopQA,14,16,372,multi-hop,42.9436,0.0,42.7618,0,1,0,16,272,272,38788923392,38788923392,7.372,0.024
google/gemma-3-1b-it,NVIDIA GeForce RTX 5060 Ti,42,2WikiMultiHopQA,14,16,373,multi-hop,77.0102,0.0,0.0,0,1,1,41,297,297,46246920192,46246920192,7.372,0.024
google/gemma-3-1b-it,NVIDIA GeForce RTX 5060 Ti,42,2WikiMultiHopQA,14,16,374,structural,32.6865,0.0,0.0,0,1,1,92,348,348,63493373952,63493373952,7.372,0.024
google/gemma-3-1b-it,NVIDIA GeForce RTX 5060 Ti,42,2WikiMultiHopQA,14,16,375,structural,71.0219,0.0,0.0,0,1,1,95,351,351,64592805888,64592805888,7.372,0.024
google/gemma-3-1b-it,NVIDIA GeForce RTX 5060 Ti,42,2WikiMultiHopQA,14,16,376,multi-hop,32.5986,0.0,0.0,0,1,1,109,365,365,69848268800,69848268800,7.372,0.024
google/gemma-3-1b-it,NVIDIA GeForce RTX 5060 Ti,42,2WikiMultiHopQA,14,16,377,structural,34.2284,0.0,0.0,0,1,1,146,402,402,84727037952,84727037952,7.372,0.024
google/gemma-3-1b-it,NVIDIA GeForce RTX 5060 Ti,42,2WikiMultiHopQA,14,16,378,multi-hop,32.6764,0.0,0.0,0,1,1,5,261,261,35715022848,35715022848,7.372,0.024
google/gemma-3-1b-it,NVIDIA GeForce RTX 5060 Ti,42,2WikiMultiHopQA,14,16,379,structural,67.365,46.1784,59.4337,0,0,0,57,313,313,51363971072,51363971072,7.372,0.024
google/gemma-3-1b-it,NVIDIA GeForce RTX 5060 Ti,42,2WikiMultiHopQA,14,16,380,semantic,61.4868,0.0,73.9204,0,1,0,83,339,339,60251701248,60251701248,7.372,0.024
google/gemma-3-1b-it,NVIDIA GeForce RTX 5060 Ti,42,2WikiMultiHopQA,14,16,381,structural,37.1894,0.0,0.0,0,1,1,100,356,356,66446163968,66446163968,7.372,0.024
google/gemma-3-1b-it,NVIDIA GeForce RTX 5060 Ti,42,2WikiMultiHopQA,14,16,382,semantic,56.7967,0.0,0.0,0,1,1,58,314,314,51692699648,51692699648,7.372,0.024
google/gemma-3-1b-it,NVIDIA GeForce RTX 5060 Ti,42,2WikiMultiHopQA,14,16,383,multi-hop,57.0236,0.0,0.0,0,1,1,24,280,280,41104179200,41104179200,7.372,0.024
google/gemma-3-1b-it,NVIDIA GeForce RTX 5060 Ti,42,2WikiMultiHopQA,14,16,384,structural,63.2849,0.0,69.2895,0,1,0,139,395,395,81802035200,81802035200,7.372,0.024
google/gemma-3-1b-it,NVIDIA GeForce RTX 5060 Ti,42,2WikiMultiHopQA,14,16,385,multi-hop,30.9923,35.4356,33.6772,0,0,0,26,282,282,41693478912,41693478912,7.372,0.024
google/gemma-3-1b-it,NVIDIA GeForce RTX 5060 Ti,42,2WikiMultiHopQA,14,16,386,semantic,34.6138,0.0,64.7308,0,1,0,109,365,365,69848268800,69848268800,7.372,0.024
google/gemma-3-1b-it,NVIDIA GeForce RTX 5060 Ti,42,2WikiMultiHopQA,14,16,387,semantic,49.198,0.0,0.0,0,1,1,113,369,369,71387578368,71387578368,7.372,0.024
google/gemma-3-1b-it,NVIDIA GeForce RTX 5060 Ti,42,2WikiMultiHopQA,14,16,388,multi-hop,29.4374,0.0,77.323,0,1,0,8,264,264,36540776448,36540776448,7.372,0.024
google/gemma-3-1b-it,NVIDIA GeForce RTX 5060 Ti,42,2WikiMultiHopQA,14,16,389,semantic,75.0871,0.0,0.0,0,1,1,99,355,355,66073395200,66073395200,7.372,0.024
google/gemma-3-1b-it,NVIDIA GeForce RTX 5060 Ti,42,2WikiMultiHopQA,14,16,390,multi-hop,0.0,0.0,0.0,1,1,1,93,349,349,63858802688,63858802688,7.372,0.024
google/gemma-3-1b-it,NVIDIA GeForce RTX 5060 Ti,42,2WikiMultiHopQA,14,16,391,multi-hop,39.806,0.0,0.0,0,1,1,52,308,308,49736056832,49736056832,7.372,0.024
google/gemma-3-1b-it,NVIDIA GeForce RTX 5060 Ti,42,2WikiMultiHopQA,14,16,392,multi-hop,77.6283,0.0,0.0,0,1,1,134,390,390,79744204800,79744204800,7.372,0.024
google/gemma-3-1b-it,NVIDIA GeForce RTX 5060 Ti,42,2WikiMultiHopQA,14,16,393,semantic,73.7623,0.0,0.0,0,1,1,73,329,329,56749457408,56749457408,7.372,0.024
google/gemma-3-1b-it,NVIDIA GeForce RTX 5060 Ti,42,2WikiMultiHopQA,14,16,394,multi-hop,63.3722,0.0,0.0,0,1,1,74,330,330,57094963200,57094963200,7.372,0.024
google/gemma-3-1b-it,NVIDIA GeForce RTX 5060 Ti,42,2WikiMultiHopQA,14,16,395,multi-hop,35.6777,69.9564,0.0,0,0,1,110,366,366,70231523328,70231523328,7.372,0.024
google/gemma-3-1b-it,NVIDIA GeForce RTX 5060 Ti,42,2WikiMultiHopQA,14,16,396,multi-hop,37.0499,0.0,0.0,0,1,1,109,365,365,69848268800,69848268800,7.372,0.024
google/gemma-3-1b-it,NVIDIA GeForce RTX 5060 Ti,42,2WikiMultiHopQA,14,16,397,structural,43.7769,0.0,0.0,0,1,1,103,359,359,67570761728,67570761728,7.372,0.024
google/gemma-3-1b-it,NVIDIA GeForce RTX 5060 Ti,42,2WikiMultiHopQA,14,16,398,multi-hop,56.3704,67.9524,0.0,0,0,1,109,365,365,69848268800,69848268800,7.372,0.024
google/gemma-3-1b-it,NVIDIA GeForce RTX 5060 Ti,42,2WikiMultiHopQA,14,16,399,multi-hop,0.0,45.8888,40.1037,1,0,0,86,342,342,61322821632,61322821632,7.372,0.024
google/gemma-3-1b-it,NVIDIA GeForce RTX 5060 Ti,42,2WikiMultiHopQA,14,16,400,multi-hop,78.5095,0.0,0.0,0,1,1,98,354,354,65701675008,65701675008,7.372,0.024
google/gemma-3-1b-it,NVIDIA GeForce RTX 5060 Ti,42,2WikiMultiHopQA,14,16,401,structural,48.3099,0.0,0.0,0,1,1,27,283,283,41989701632,41989701632,7.372,0.024
google/gemma-3-1b-it,NVIDIA GeForce RTX 5060 Ti,42,2WikiMultiHopQA,14,16,402,semantic,43.8776,0.0,0.0,0,1,1,96,352,352,64961380352,64961380352,7.372,0.024
google/gemma-3-1b-it,NVIDIA GeForce RTX 5060 Ti,42,2WikiMultiHopQA,14,16,403,multi-hop,53.191,0.0,0.0,0,1,1,121,377,377,74516529152,74516529152,7.372,0.024
google/gemma-3-1b-it,NVIDIA GeForce RTX 5060 Ti,42,2WikiMultiHopQA,14,16,404,semantic,37.3239,0.0,0.0,0,1,1,116,372,372,72553070592,72553070592,7.372,0.024
google/gemma-3-1b-it,NVIDIA GeForce RTX 5060 Ti,42,2WikiMultiHopQA,14,16,405,structural,50.7726,31.2795,61.724,0,0,0,117,373,373,72943665152,72943665152,7.372,0.024
google/gemma-3-1b-it,NVIDIA GeForce RTX 5060 Ti,42,2WikiMultiHopQA,14,16,406,semantic,62.2017,0.0,0.0,0,1,1,105,361,361,68325736448,68325736448,7.372,0.024
google/gemma-3-1b-it,NVIDIA GeForce RTX 5060 Ti,42,2WikiMultiHopQA,14,16,407,multi-hop,47.4347,48.2495,32.3935,0,0,0,139,395,395,81802035200,81802035200,7.372,0.024
google/gemma-3-1b-it,NVIDIA GeForce RTX 5060 Ti,42,2WikiMultiHopQA,14,16,408,multi-hop,36.3719,0.0,0.0,0,1,1,139,395,395,81802035200,81802035200,7.372,0.024
google/gemma-3-1b-it,NVIDIA GeForce RTX 5060 Ti,42,2WikiMultiHopQA,14,16,409,semantic,95.9089,0.0,0.0,0,1,1,142,398,398,83049316352,83049316352,7.372,0.024
google/gemma-3-1b-it,NVIDIA GeForce RTX 5060 Ti,42,2WikiMultiHopQA,14,16,410,multi-hop,54.8785,0.0,0.0,0,1,1,4,260,260,35441868800,35441868800,7.372,0.024
google/gemma-3-1b-it,NVIDIA GeForce RTX 5060 Ti,42,2WikiMultiHopQA,14,16,411,structural,38.9593,0.0,0.0,0,1,1,96,352,352,64961380352,64961380352,7.372,0.024
google/gemma-3-1b-it,NVIDIA GeForce RTX 5060 Ti,42,2WikiMultiHopQA,14,16,412,multi-hop,36.8201,0.0,0.0,0,1,1,100,356,356,66446163968,66446163968,7.372,0.024
google/gemma-3-1b-it,NVIDIA GeForce RTX 5060 Ti,42,2WikiMultiHopQA,14,16,413,multi-hop,54.1864,37.2859,53.0662,0,0,0,107,363,363,69084905472,69084905472,7.372,0.024
google/gemma-3-1b-it,NVIDIA GeForce RTX 5060 Ti,42,2WikiMultiHopQA,14,16,414,multi-hop,70.1243,0.0,0.0,0,1,1,101,357,357,66819981312,66819981312,7.372,0.024
google/gemma-3-1b-it,NVIDIA GeForce RTX 5060 Ti,42,2WikiMultiHopQA,14,16,415,semantic,61.8802,0.0,0.0,0,1,1,100,356,356,66446163968,66446163968,7.372,0.024
google/gemma-3-1b-it,NVIDIA GeForce RTX 5060 Ti,42,2WikiMultiHopQA,14,16,416,semantic,63.6676,0.0,0.0,0,1,1,57,313,313,51363971072,51363971072,7.372,0.024
google/gemma-3-1b-it,NVIDIA GeForce RTX 5060 Ti,42,2WikiMultiHopQA,14,16,417,semantic,46.7763,0.0,40.1267,0,1,0,114,370,370,71775027200,71775027200,7.372,0.024
google/gemma-3-1b-it,NVIDIA GeForce RTX 5060 Ti,42,2WikiMultiHopQA,14,16,418,multi-hop,40.5575,42.4183,0.0,0,0,1,114,370,370,71775027200,71775027200,7.372,0.024
google/gemma-3-1b-it,NVIDIA GeForce RTX 5060 Ti,42,2WikiMultiHopQA,14,16,419,multi-hop,47.5026,68.398,40.8517,0,0,0,100,356,356,66446163968,66446163968,7.372,0.024
google/gemma-3-1b-it,NVIDIA GeForce RTX 5060 Ti,42,2WikiMultiHopQA,14,16,420,structural,46.5083,51.7812,0.0,0,0,1,103,359,359,67570761728,67570761728,7.372,0.024
google/gemma-3-1b-it,NVIDIA GeForce RTX 5060 Ti,42,2WikiMultiHopQA,14,16,421,multi-hop,46.3342,44.2025,35.965,0,0,0,111,367,367,70615826432,70615826432,7.372,0.024
google/gemma-3-1b-it,NVIDIA GeForce RTX 5060 Ti,42,2WikiMultiHopQA,14,16,422,multi-hop,41.4711,0.0,0.0,0,1,1,115,371,371,72163524608,72163524608,7.372,0.024
google/gemma-3-1b-it,NVIDIA GeForce RTX 5060 Ti,42,2WikiMultiHopQA,14,16,423,semantic,34.0517,0.0,0.0,0,1,1,109,365,365,69848268800,69848268800,7.372,0.024
google/gemma-3-1b-it,NVIDIA GeForce RTX 5060 Ti,42,2WikiMultiHopQA,14,16,424,structural,51.7517,47.9681,0.0,0,0,1,36,292,292,44702892032,44702892032,7.372,0.024
google/gemma-3-1b-it,NVIDIA GeForce RTX 5060 Ti,42,2WikiMultiHopQA,14,16,425,semantic,41.5772,0.0,0.0,0,1,1,36,292,292,44702892032,44702892032,7.372,0.024
google/gemma-3-1b-it,NVIDIA GeForce RTX 5060 Ti,42,2WikiMultiHopQA,14,16,426,multi-hop,55.1843,39.7262,34.6491,0,0,0,105,361,361,68325736448,68325736448,7.372,0.024
google/gemma-3-1b-it,NVIDIA GeForce RTX 5060 Ti,42,2WikiMultiHopQA,14,16,427,semantic,50.157,76.5692,0.0,0,0,1,158,414,414,89860866048,89860866048,7.372,0.024
google/gemma-3-1b-it,NVIDIA GeForce RTX 5060 Ti,42,2WikiMultiHopQA,14,16,428,semantic,50.0557,0.0,43.9998,0,1,0,34,290,290,44092620800,44092620800,7.372,0.024
google/gemma-3-1b-it,NVIDIA GeForce RTX 5060 Ti,42,2WikiMultiHopQA,14,16,429,multi-hop,31.6092,43.2976,41.1369,0,0,0,64,320,320,53687091200,53687091200,7.372,0.024
google/gemma-3-1b-it,NVIDIA GeForce RTX 5060 Ti,42,2WikiMultiHopQA,14,16,430,semantic,70.4019,0.0,0.0,0,1,1,43,299,299,46871871488,46871871488,7.372,0.024
google/gemma-3-1b-it,NVIDIA GeForce RTX 5060 Ti,42,2WikiMultiHopQA,14,16,431,multi-hop,34.8045,59.4455,38.0726,0,0,0,101,357,357,66819981312,66819981312,7.372,0.024
google/gemma-3-1b-it,NVIDIA GeForce RTX 5060 Ti,42,2WikiMultiHopQA,14,16,432,structural,46.6394,42.4837,35.1255,0,0,0,126,382,382,76506202112,76506202112,7.372,0.024
google/gemma-3-1b-it,NVIDIA GeForce RTX 5060 Ti,42,2WikiMultiHopQA,14,16,433,structural,57.4246,0.0,0.0,0,1,1,122,378,378,74912366592,74912366592,7.372,0.024
google/gemma-3-1b-it,NVIDIA GeForce RTX 5060 Ti,42,2WikiMultiHopQA,14,16,434,multi-hop,55.5476,0.0,0.0,0,1,1,33,289,289,43789058048,43789058048,7.372,0.024
google/gemma-3-1b-it,NVIDIA GeForce RTX 5060 Ti,42,2WikiMultiHopQA,14,16,435,structural,37.8412,0.0,0.0,0,1,1,31,287,287,43185078272,43185078272,7.372,0.024
google/gemma-3-1b-it,NVIDIA GeForce RTX 5060 Ti,42,2WikiMultiHopQA,14,16,436,multi-hop,58.9028,0.0,0.0,0,1,1,3,259,259,35169763328,35169763328,7.372,0.024
google/gemma-3-1b-it,NVIDIA GeForce RTX 5060 Ti,42,2WikiMultiHopQA,14,16,437,multi-hop,58.6578,0.0,0.0,0,1,1,57,313,313,51363971072,51363971072,7.372,0.024
google/gemma-3-1b-it,NVIDIA GeForce RTX 5060 Ti,42,2WikiMultiHopQA,14,16,438,multi-hop,65.2303,30.4748,0.0,0,0,1,40,296,296,45936017408,45936017408,7.372,0.024
google/gemma-3-1b-it,NVIDIA GeForce RTX 5060 Ti,42,2WikiMultiHopQA,14,16,439,semantic,52.8319,0.0,0.0,0,1,1,50,306,306,49092231168,49092231168,7.372,0.024
google/gemma-3-1b-it,NVIDIA GeForce RTX 5060 Ti,42,2WikiMultiHopQA,14,16,440,multi-hop,105.0461,0.0,0.0,0,1,1,16,272,272,38788923392,38788923392,7.372,0.024
google/gemma-3-1b-it,NVIDIA GeForce RTX 5060 Ti,42,2WikiMultiHopQA,14,16,441,multi-hop,32.6704,0.0,0.0,0,1,1,49,305,305,48771891200,48771891200,7.372,0.024
google/gemma-3-1b-it,NVIDIA GeForce RTX 5060 Ti,42,2WikiMultiHopQA,14,16,442,semantic,46.8156,0.0,40.9108,0,1,0,91,347,347,63128993792,63128993792,7.372,0.024
google/gemma-3-1b-it,NVIDIA GeForce RTX 5060 Ti,42,2WikiMultiHopQA,14,16,443,structural,46.5996,0.0,0.0,0,1,1,17,273,273,39074660352,39074660352,7.372,0.024
google/gemma-3-1b-it,NVIDIA GeForce RTX 5060 Ti,42,2WikiMultiHopQA,14,16,444,multi-hop,33.1072,0.0,0.0,0,1,1,105,361,361,68325736448,68325736448,7.372,0.024
google/gemma-3-1b-it,NVIDIA GeForce RTX 5060 Ti,42,2WikiMultiHopQA,14,16,445,structural,43.9248,85.8991,0.0,0,0,1,93,349,349,63858802688,63858802688,7.372,0.024
google/gemma-3-1b-it,NVIDIA GeForce RTX 5060 Ti,42,2WikiMultiHopQA,14,16,446,structural,34.4388,0.0,0.0,0,1,1,103,359,359,67570761728,67570761728,7.372,0.024
google/gemma-3-1b-it,NVIDIA GeForce RTX 5060 Ti,42,2WikiMultiHopQA,14,16,447,multi-hop,42.8176,0.0,0.0,0,1,1,53,309,309,50059542528,50059542528,7.372,0.024
google/gemma-3-1b-it,NVIDIA GeForce RTX 5060 Ti,42,2WikiMultiHopQA,14,16,448,multi-hop,53.4934,0.0,0.0,0,1,1,105,361,361,68325736448,68325736448,7.372,0.024
google/gemma-3-1b-it,NVIDIA GeForce RTX 5060 Ti,42,2WikiMultiHopQA,14,16,449,semantic,69.3941,0.0,0.0,0,1,1,2,37,58,717750272,1763704832,7.372,0.024
google/gemma-3-1b-it,NVIDIA GeForce RTX 5060 Ti,42,2WikiMultiHopQA,14,16,450,structural,48.3912,0.0,0.0,0,1,1,90,346,346,62765662208,62765662208,7.372,0.024
google/gemma-3-1b-it,NVIDIA GeForce RTX 5060 Ti,42,2WikiMultiHopQA,14,16,451,semantic,63.2637,0.0,0.0,0,1,1,103,359,359,67570761728,67570761728,7.372,0.024
google/gemma-3-1b-it,NVIDIA GeForce RTX 5060 Ti,42,2WikiMultiHopQA,14,16,452,structural,35.1113,60.3625,107.0779,0,0,0,12,140,78,10276044800,3189768192,7.372,0.024
google/gemma-3-1b-it,NVIDIA GeForce RTX 5060 Ti,42,2WikiMultiHopQA,14,16,453,multi-hop,80.636,0.0,0.0,0,1,1,126,382,382,76506202112,76506202112,7.372,0.024
google/gemma-3-1b-it,NVIDIA GeForce RTX 5060 Ti,42,2WikiMultiHopQA,14,16,454,multi-hop,37.4689,34.9801,43.3225,0,0,0,72,328,328,56405000192,56405000192,7.372,0.024
google/gemma-3-1b-it,NVIDIA GeForce RTX 5060 Ti,42,2WikiMultiHopQA,14,16,455,semantic,58.9253,0.0,0.0,0,1,1,107,363,363,69084905472,69084905472,7.372,0.024
google/gemma-3-1b-it,NVIDIA GeForce RTX 5060 Ti,42,2WikiMultiHopQA,14,16,456,semantic,37.5047,0.0,33.9364,0,1,0,80,336,336,59190018048,59190018048,7.372,0.024
google/gemma-3-1b-it,NVIDIA GeForce RTX 5060 Ti,42,2WikiMultiHopQA,14,16,457,multi-hop,44.2919,0.0,0.0,0,1,1,124,380,380,75707187200,75707187200,7.372,0.024
google/gemma-3-1b-it,NVIDIA GeForce RTX 5060 Ti,42,2WikiMultiHopQA,14,16,458,multi-hop,55.9857,0.0,0.0,0,1,1,92,348,348,63493373952,63493373952,7.372,0.024
google/gemma-3-1b-it,NVIDIA GeForce RTX 5060 Ti,42,2WikiMultiHopQA,14,16,459,multi-hop,59.8652,0.0,0.0,0,1,1,95,351,351,64592805888,64592805888,7.372,0.024
google/gemma-3-1b-it,NVIDIA GeForce RTX 5060 Ti,42,2WikiMultiHopQA,14,16,460,structural,54.4155,104.4458,0.0,0,0,1,142,398,398,83049316352,83049316352,7.372,0.024
google/gemma-3-1b-it,NVIDIA GeForce RTX 5060 Ti,42,2WikiMultiHopQA,14,16,461,semantic,52.6904,0.0,0.0,0,1,1,105,361,361,68325736448,68325736448,7.372,0.024
google/gemma-3-1b-it,NVIDIA GeForce RTX 5060 Ti,42,2WikiMultiHopQA,14,16,462,structural,44.114,96.5535,0.0,0,0,1,73,329,329,56749457408,56749457408,7.372,0.024
google/gemma-3-1b-it,NVIDIA GeForce RTX 5060 Ti,42,2WikiMultiHopQA,14,16,463,semantic,50.3755,0.0,61.3369,0,1,0,14,270,270,38220595200,38220595200,7.372,0.024
google/gemma-3-1b-it,NVIDIA GeForce RTX 5060 Ti,42,2WikiMultiHopQA,14,16,464,multi-hop,66.6213,0.0,0.0,0,1,1,104,360,360,67947724800,67947724800,7.372,0.024
google/gemma-3-1b-it,NVIDIA GeForce RTX 5060 Ti,42,2WikiMultiHopQA,14,16,465,semantic,0.0,0.0,0.0,1,1,1,34,290,290,44092620800,44092620800,7.372,0.024
google/gemma-3-1b-it,NVIDIA GeForce RTX 5060 Ti,42,2WikiMultiHopQA,14,16,466,semantic,90.1962,0.0,0.0,0,1,1,162,418,418,91605696512,91605696512,7.372,0.024
google/gemma-3-1b-it,NVIDIA GeForce RTX 5060 Ti,42,2WikiMultiHopQA,14,16,467,structural,0.0,0.0,0.0,1,1,1,3,259,259,35169763328,35169763328,7.372,0.024
google/gemma-3-1b-it,NVIDIA GeForce RTX 5060 Ti,42,2WikiMultiHopQA,14,16,468,structural,68.0013,0.0,34.8335,0,1,0,85,341,341,60964732928,60964732928,7.372,0.024
google/gemma-3-1b-it,NVIDIA GeForce RTX 5060 Ti,42,2WikiMultiHopQA,14,16,469,multi-hop,61.6378,33.7306,72.2583,0,0,0,105,361,361,68325736448,68325736448,7.372,0.024
google/gemma-3-1b-it,NVIDIA GeForce RTX 5060 Ti,42,2WikiMultiHopQA,14,16,470,multi-hop,29.1664,0.0,0.0,0,1,1,113,369,369,71387578368,71387578368,7.372,0.024
google/gemma-3-1b-it,NVIDIA GeForce RTX 5060 Ti,42,2WikiMultiHopQA,14,16,471,structural,32.1701,41.2968,35.9188,0,0,0,110,366,366,70231523328,70231523328,7.372,0.024
google/gemma-3-1b-it,NVIDIA GeForce RTX 5060 Ti,42,2WikiMultiHopQA,14,16,472,multi-hop,48.5071,0.0,0.0,0,1,1,105,361,361,68325736448,68325736448,7.372,0.024
google/gemma-3-1b-it,NVIDIA GeForce RTX 5060 Ti,42,2WikiMultiHopQA,14,16,473,semantic,75.4388,0.0,0.0,0,1,1,119,375,375,73728000000,73728000000,7.372,0.024
google/gemma-3-1b-it,NVIDIA GeForce RTX 5060 Ti,42,2WikiMultiHopQA,14,16,474,multi-hop,0.0,0.0,0.0,1,1,1,50,306,306,49092231168,49092231168,7.372,0.024
google/gemma-3-1b-it,NVIDIA GeForce RTX 5060 Ti,42,2WikiMultiHopQA,14,16,475,multi-hop,32.7911,0.0,0.0,0,1,1,4,260,260,35441868800,35441868800,7.372,0.024
google/gemma-3-1b-it,NVIDIA GeForce RTX 5060 Ti,42,2WikiMultiHopQA,14,16,476,multi-hop,43.45,41.2878,0.0,0,0,1,117,373,373,72943665152,72943665152,7.372,0.024
google/gemma-3-1b-it,NVIDIA GeForce RTX 5060 Ti,42,2WikiMultiHopQA,14,16,477,multi-hop,34.1738,0.0,0.0,0,1,1,39,295,295,45626163200,45626163200,7.372,0.024
google/gemma-3-1b-it,NVIDIA GeForce RTX 5060 Ti,42,2WikiMultiHopQA,14,16,478,structural,43.2524,38.8328,36.2276,0,0,0,24,280,280,41104179200,41104179200,7.372,0.024
google/gemma-3-1b-it,NVIDIA GeForce RTX 5060 Ti,42,2WikiMultiHopQA,14,16,479,structural,44.7606,34.9488,77.8215,0,0,0,151,407,407,86847782912,86847782912,7.372,0.024
google/gemma-3-1b-it,NVIDIA GeForce RTX 5060 Ti,42,2WikiMultiHopQA,14,16,480,semantic,36.2402,0.0,0.0,0,1,1,57,313,313,51363971072,51363971072,7.372,0.024
google/gemma-3-1b-it,NVIDIA GeForce RTX 5060 Ti,42,2WikiMultiHopQA,14,16,481,multi-hop,57.8407,64.7812,37.4299,0,0,0,2,62,40,2015363072,838860800,7.372,0.024
google/gemma-3-1b-it,NVIDIA GeForce RTX 5060 Ti,42,2WikiMultiHopQA,14,16,482,structural,82.1987,0.0,0.0,0,1,1,119,375,375,73728000000,73728000000,7.372,0.024
google/gemma-3-1b-it,NVIDIA GeForce RTX 5060 Ti,42,2WikiMultiHopQA,14,16,483,structural,45.1435,57.6977,49.8111,0,0,0,3,38,50,757071872,1310720000,7.372,0.024
google/gemma-3-1b-it,NVIDIA GeForce RTX 5060 Ti,42,2WikiMultiHopQA,14,16,484,multi-hop,88.8335,47.3668,40.055,0,0,0,139,395,395,81802035200,81802035200,7.372,0.024
google/gemma-3-1b-it,NVIDIA GeForce RTX 5060 Ti,42,2WikiMultiHopQA,14,16,485,multi-hop,88.3403,76.8826,47.6555,0,0,0,4,50,41,1310720000,881328128,7.372,0.024
google/gemma-3-1b-it,NVIDIA GeForce RTX 5060 Ti,42,2WikiMultiHopQA,14,16,486,multi-hop,49.4404,0.0,60.921,0,1,0,28,284,284,42286972928,42286972928,7.372,0.024
google/gemma-3-1b-it,NVIDIA GeForce RTX 5060 Ti,42,2WikiMultiHopQA,14,16,487,semantic,0.0,0.0,0.0,1,1,1,3,64,53,2147483648,1472724992,7.372,0.024
google/gemma-3-1b-it,NVIDIA GeForce RTX 5060 Ti,42,2WikiMultiHopQA,14,16,488,multi-hop,33.4717,0.0,0.0,0,1,1,85,341,341,60964732928,60964732928,7.372,0.024
google/gemma-3-1b-it,NVIDIA GeForce RTX 5060 Ti,42,2WikiMultiHopQA,14,16,489,multi-hop,34.7796,0.0,0.0,0,1,1,114,370,370,71775027200,71775027200,7.372,0.024
google/gemma-3-1b-it,NVIDIA GeForce RTX 5060 Ti,42,2WikiMultiHopQA,14,16,490,structural,32.8862,41.0563,80.2091,0,0,0,110,366,366,70231523328,70231523328,7.372,0.024
google/gemma-3-1b-it,NVIDIA GeForce RTX 5060 Ti,42,2WikiMultiHopQA,14,16,491,structural,48.1161,0.0,0.0,0,1,1,104,360,360,67947724800,67947724800,7.372,0.024
google/gemma-3-1b-it,NVIDIA GeForce RTX 5060 Ti,42,2WikiMultiHopQA,14,16,492,structural,72.6756,41.5055,55.2579,0,0,0,63,319,319,53352071168,53352071168,7.372,0.024
google/gemma-3-1b-it,NVIDIA GeForce RTX 5060 Ti,42,2WikiMultiHopQA,14,16,493,multi-hop,62.608,0.0,0.0,0,1,1,63,319,319,53352071168,53352071168,7.372,0.024
google/gemma-3-1b-it,NVIDIA GeForce RTX 5060 Ti,42,2WikiMultiHopQA,14,16,494,multi-hop,44.5451,48.1112,63.7425,0,0,0,2,37,58,717750272,1763704832,7.372,0.024
google/gemma-3-1b-it,NVIDIA GeForce RTX 5060 Ti,42,2WikiMultiHopQA,14,16,495,structural,40.059,0.0,0.0,0,1,1,112,368,368,71001178112,71001178112,7.372,0.024
google/gemma-3-1b-it,NVIDIA GeForce RTX 5060 Ti,42,2WikiMultiHopQA,14,16,496,structural,61.9168,74.0963,0.0,0,0,1,108,364,364,69466062848,69466062848,7.372,0.024
google/gemma-3-1b-it,NVIDIA GeForce RTX 5060 Ti,42,2WikiMultiHopQA,14,16,497,semantic,77.7805,0.0,0.0,0,1,1,92,348,348,63493373952,63493373952,7.372,0.024
google/gemma-3-1b-it,NVIDIA GeForce RTX 5060 Ti,42,2WikiMultiHopQA,14,16,498,multi-hop,40.2174,0.0,0.0,0,1,1,26,282,282,41693478912,41693478912,7.372,0.024
google/gemma-3-1b-it,NVIDIA GeForce RTX 5060 Ti,42,2WikiMultiHopQA,14,16,499,semantic,50.6633,0.0,0.0,0,1,1,146,402,402,84727037952,84727037952,7.372,0.024
google/gemma-3-1b-it,NVIDIA GeForce RTX 5060 Ti,42,2WikiMultiHopQA,14,16,500,structural,71.2479,0.0,0.0,0,1,1,109,365,365,69848268800,69848268800,7.372,0.024
google/gemma-3-1b-it,NVIDIA GeForce RTX 5060 Ti,42,2WikiMultiHopQA,14,16,501,multi-hop,62.9628,0.0,76.0656,0,1,0,39,295,295,45626163200,45626163200,7.372,0.024
google/gemma-3-1b-it,NVIDIA GeForce RTX 5060 Ti,42,2WikiMultiHopQA,14,16,502,multi-hop,43.2455,50.8072,66.0476,0,0,0,110,366,366,70231523328,70231523328,7.372,0.024
google/gemma-3-1b-it,NVIDIA GeForce RTX 5060 Ti,42,2WikiMultiHopQA,14,16,503,structural,44.5592,38.7187,49.5144,0,0,0,72,328,328,56405000192,56405000192,7.372,0.024
google/gemma-3-1b-it,NVIDIA GeForce RTX 5060 Ti,42,2WikiMultiHopQA,14,16,504,structural,36.8496,0.0,0.0,0,1,1,105,361,361,68325736448,68325736448,7.372,0.024
google/gemma-3-1b-it,NVIDIA GeForce RTX 5060 Ti,42,2WikiMultiHopQA,14,16,505,multi-hop,0.0,47.2098,0.0,1,0,1,46,302,302,47817162752,47817162752,7.372,0.024
google/gemma-3-1b-it,NVIDIA GeForce RTX 5060 Ti,42,2WikiMultiHopQA,14,16,506,multi-hop,35.3851,0.0,0.0,0,1,1,20,276,276,39938162688,39938162688,7.372,0.024
google/gemma-3-1b-it,NVIDIA GeForce RTX 5060 Ti,42,2WikiMultiHopQA,14,16,507,multi-hop,39.2996,0.0,0.0,0,1,1,17,273,273,39074660352,39074660352,7.372,0.024
google/gemma-3-1b-it,NVIDIA GeForce RTX 5060 Ti,42,2WikiMultiHopQA,14,16,508,structural,61.9766,0.0,0.0,0,1,1,127,383,383,76907282432,76907282432,7.372,0.024
google/gemma-3-1b-it,NVIDIA GeForce RTX 5060 Ti,42,2WikiMultiHopQA,14,16,509,structural,43.7866,37.811,50.5997,0,0,0,103,359,359,67570761728,67570761728,7.372,0.024
google/gemma-3-1b-it,NVIDIA GeForce RTX 5060 Ti,42,2WikiMultiHopQA,14,16,510,semantic,25.8499,0.0,0.0,0,1,1,4,47,40,1158152192,838860800,7.372,0.024
google/gemma-3-1b-it,NVIDIA GeForce RTX 5060 Ti,42,2WikiMultiHopQA,14,16,511,structural,34.6138,0.0,0.0,0,1,1,8,264,264,36540776448,36540776448,7.372,0.024
google/gemma-3-1b-it,NVIDIA GeForce RTX 5060 Ti,42,2WikiMultiHopQA,14,16,512,multi-hop,55.4372,56.451,37.2647,0,0,0,161,417,417,91167916032,91167916032,7.372,0.024
google/gemma-3-1b-it,NVIDIA GeForce RTX 5060 Ti,42,2WikiMultiHopQA,14,16,513,multi-hop,118.7895,70.5522,0.0,0,0,1,64,320,320,53687091200,53687091200,7.372,0.024
google/gemma-3-1b-it,NVIDIA GeForce RTX 5060 Ti,42,2WikiMultiHopQA,14,16,514,multi-hop,45.8759,58.1229,94.2075,0,0,0,87,343,343,61681958912,61681958912,7.372,0.024
google/gemma-3-1b-it,NVIDIA GeForce RTX 5060 Ti,42,2WikiMultiHopQA,14,16,515,structural,50.8441,0.0,0.0,0,1,1,110,366,366,70231523328,70231523328,7.372,0.024
google/gemma-3-1b-it,NVIDIA GeForce RTX 5060 Ti,42,2WikiMultiHopQA,14,16,516,multi-hop,34.5201,0.0,0.0,0,1,1,5,261,261,35715022848,35715022848,7.372,0.024
google/gemma-3-1b-it,NVIDIA GeForce RTX 5060 Ti,42,2WikiMultiHopQA,14,16,517,multi-hop,65.3715,0.0,0.0,0,1,1,59,315,315,52022476800,52022476800,7.372,0.024
google/gemma-3-1b-it,NVIDIA GeForce RTX 5060 Ti,42,2WikiMultiHopQA,14,16,518,multi-hop,55.0725,0.0,0.0,0,1,1,24,280,280,41104179200,41104179200,7.372,0.024
google/gemma-3-1b-it,NVIDIA GeForce RTX 5060 Ti,42,2WikiMultiHopQA,14,16,519,structural,102.7882,67.68,0.0,0,0,1,114,370,370,71775027200,71775027200,7.372,0.024
google/gemma-3-1b-it,NVIDIA GeForce RTX 5060 Ti,42,2WikiMultiHopQA,14,16,520,semantic,44.5474,0.0,0.0,0,1,1,105,361,361,68325736448,68325736448,7.372,0.024
google/gemma-3-1b-it,NVIDIA GeForce RTX 5060 Ti,42,2WikiMultiHopQA,14,16,521,structural,48.3232,59.7515,0.0,0,0,1,29,285,285,42585292800,42585292800,7.372,0.024
google/gemma-3-1b-it,NVIDIA GeForce RTX 5060 Ti,42,2WikiMultiHopQA,14,16,522,multi-hop,47.879,0.0,0.0,0,1,1,34,290,290,44092620800,44092620800,7.372,0.024
google/gemma-3-1b-it,NVIDIA GeForce RTX 5060 Ti,42,2WikiMultiHopQA,14,16,523,semantic,26.1102,0.0,0.0,0,1,1,92,348,348,63493373952,63493373952,7.372,0.024
google/gemma-3-1b-it,NVIDIA GeForce RTX 5060 Ti,42,2WikiMultiHopQA,14,16,524,multi-hop,72.9967,41.09,40.3223,0,0,0,20,276,167,39938162688,14621868032,7.372,0.024
google/gemma-3-1b-it,NVIDIA GeForce RTX 5060 Ti,42,2WikiMultiHopQA,14,16,525,semantic,46.9476,0.0,0.0,0,1,1,110,366,366,70231523328,70231523328,7.372,0.024
google/gemma-3-1b-it,NVIDIA GeForce RTX 5060 Ti,42,2WikiMultiHopQA,14,16,526,multi-hop,58.287,0.0,0.0,0,1,1,38,294,294,45317357568,45317357568,7.372,0.024
google/gemma-3-1b-it,NVIDIA GeForce RTX 5060 Ti,42,2WikiMultiHopQA,14,16,527,semantic,69.547,0.0,53.9646,0,1,0,136,392,392,80564191232,80564191232,7.372,0.024
google/gemma-3-1b-it,NVIDIA GeForce RTX 5060 Ti,42,2WikiMultiHopQA,14,16,528,semantic,66.9269,0.0,0.0,0,1,1,122,378,378,74912366592,74912366592,7.372,0.024
google/gemma-3-1b-it,NVIDIA GeForce RTX 5060 Ti,42,2WikiMultiHopQA,14,16,529,structural,34.0937,33.8166,68.0939,0,0,0,105,361,361,68325736448,68325736448,7.372,0.024
google/gemma-3-1b-it,NVIDIA GeForce RTX 5060 Ti,42,2WikiMultiHopQA,14,16,530,semantic,70.1225,0.0,0.0,0,1,1,35,291,291,44397232128,44397232128,7.372,0.024
google/gemma-3-1b-it,NVIDIA GeForce RTX 5060 Ti,42,2WikiMultiHopQA,14,16,531,structural,42.0756,0.0,0.0,0,1,1,82,338,338,59896758272,59896758272,7.372,0.024
google/gemma-3-1b-it,NVIDIA GeForce RTX 5060 Ti,42,2WikiMultiHopQA,14,16,532,multi-hop,50.4413,0.0,66.772,0,1,0,91,347,347,63128993792,63128993792,7.372,0.024
google/gemma-3-1b-it,NVIDIA GeForce RTX 5060 Ti,42,2WikiMultiHopQA,14,16,533,semantic,42.5642,0.0,0.0,0,1,1,109,365,365,69848268800,69848268800,7.372,0.024
google/gemma-3-1b-it,NVIDIA GeForce RTX 5060 Ti,42,2WikiMultiHopQA,14,16,534,multi-hop,53.1635,0.0,70.296,0,1,0,92,348,348,63493373952,63493373952,7.372,0.024
google/gemma-3-1b-it,NVIDIA GeForce RTX 5060 Ti,42,2WikiMultiHopQA,14,16,535,multi-hop,80.4909,0.0,0.0,0,1,1,105,361,361,68325736448,68325736448,7.372,0.024
google/gemma-3-1b-it,NVIDIA GeForce RTX 5060 Ti,42,2WikiMultiHopQA,14,16,536,multi-hop,0.0,44.3051,35.5867,1,0,0,93,349,349,63858802688,63858802688,7.372,0.024
google/gemma-3-1b-it,NVIDIA GeForce RTX 5060 Ti,42,2WikiMultiHopQA,14,16,537,structural,54.7324,0.0,0.0,0,1,1,53,309,309,50059542528,50059542528,7.372,0.024
google/gemma-3-1b-it,NVIDIA GeForce RTX 5060 Ti,42,2WikiMultiHopQA,14,16,538,multi-hop,48.327,0.0,0.0,0,1,1,98,354,354,65701675008,65701675008,7.372,0.024
google/gemma-3-1b-it,NVIDIA GeForce RTX 5060 Ti,42,2WikiMultiHopQA,14,16,539,multi-hop,62.7664,0.0,0.0,0,1,1,116,372,372,72553070592,72553070592,7.372,0.024
google/gemma-3-1b-it,NVIDIA GeForce RTX 5060 Ti,42,2WikiMultiHopQA,14,16,540,multi-hop,36.1456,31.7151,73.0904,0,0,0,101,357,357,66819981312,66819981312,7.372,0.024
google/gemma-3-1b-it,NVIDIA GeForce RTX 5060 Ti,42,2WikiMultiHopQA,14,16,541,multi-hop,49.4898,69.9301,0.0,0,0,1,78,334,334,58487472128,58487472128,7.372,0.024
google/gemma-3-1b-it,NVIDIA GeForce RTX 5060 Ti,42,2WikiMultiHopQA,14,16,542,structural,67.9771,0.0,0.0,0,1,1,112,368,368,71001178112,71001178112,7.372,0.024
google/gemma-3-1b-it,NVIDIA GeForce RTX 5060 Ti,42,2WikiMultiHopQA,14,16,543,semantic,46.4475,0.0,0.0,0,1,1,114,370,370,71775027200,71775027200,7.372,0.024
google/gemma-3-1b-it,NVIDIA GeForce RTX 5060 Ti,42,2WikiMultiHopQA,14,16,544,structural,38.3418,41.3266,81.1298,0,0,0,87,343,343,61681958912,61681958912,7.372,0.024
google/gemma-3-1b-it,NVIDIA GeForce RTX 5060 Ti,42,2WikiMultiHopQA,14,16,545,multi-hop,0.0,0.0,78.9825,1,1,0,22,278,278,40519073792,40519073792,7.372,0.024
google/gemma-3-1b-it,NVIDIA GeForce RTX 5060 Ti,42,2WikiMultiHopQA,14,16,546,structural,36.0315,0.0,50.576,0,1,0,53,309,309,50059542528,50059542528,7.372,0.024
google/gemma-3-1b-it,NVIDIA GeForce RTX 5060 Ti,42,2WikiMultiHopQA,14,16,547,multi-hop,54.2305,0.0,0.0,0,1,1,107,363,363,69084905472,69084905472,7.372,0.024
google/gemma-3-1b-it,NVIDIA GeForce RTX 5060 Ti,42,2WikiMultiHopQA,14,16,548,multi-hop,43.4762,51.2798,0.0,0,0,1,12,268,268,37656461312,37656461312,7.372,0.024
google/gemma-3-1b-it,NVIDIA GeForce RTX 5060 Ti,42,2WikiMultiHopQA,14,16,549,multi-hop,39.3799,47.032,0.0,0,0,1,142,398,398,83049316352,83049316352,7.372,0.024
google/gemma-3-1b-it,NVIDIA GeForce RTX 5060 Ti,42,2WikiMultiHopQA,14,16,550,multi-hop,34.4437,54.3227,42.0479,0,0,0,5,114,55,6813646848,1585971200,7.372,0.024
google/gemma-3-1b-it,NVIDIA GeForce RTX 5060 Ti,42,2WikiMultiHopQA,14,16,551,semantic,45.6995,0.0,0.0,0,1,1,119,375,375,73728000000,73728000000,7.372,0.024
google/gemma-3-1b-it,NVIDIA GeForce RTX 5060 Ti,42,2WikiMultiHopQA,14,16,552,structural,60.688,0.0,0.0,0,1,1,82,338,338,59896758272,59896758272,7.372,0.024
google/gemma-3-1b-it,NVIDIA GeForce RTX 5060 Ti,42,2WikiMultiHopQA,14,16,553,semantic,42.5736,0.0,36.5888,0,1,0,16,272,272,38788923392,38788923392,7.372,0.024
google/gemma-3-1b-it,NVIDIA GeForce RTX 5060 Ti,42,2WikiMultiHopQA,14,16,554,multi-hop,43.29,0.0,0.0,0,1,1,105,361,361,68325736448,68325736448,7.372,0.024
google/gemma-3-1b-it,NVIDIA GeForce RTX 5060 Ti,42,2WikiMultiHopQA,14,16,555,semantic,48.2916,0.0,0.0,0,1,1,4,260,260,35441868800,35441868800,7.372,0.024
google/gemma-3-1b-it,NVIDIA GeForce RTX 5060 Ti,42,2WikiMultiHopQA,14,16,556,multi-hop,49.8721,0.0,0.0,0,1,1,148,404,404,85572190208,85572190208,7.372,0.024
google/gemma-3-1b-it,NVIDIA GeForce RTX 5060 Ti,42,2WikiMultiHopQA,14,16,557,multi-hop,41.9086,61.6638,56.8875,0,0,0,24,280,280,41104179200,41104179200,7.372,0.024
google/gemma-3-1b-it,NVIDIA GeForce RTX 5060 Ti,42,2WikiMultiHopQA,14,16,558,structural,77.6542,0.0,0.0,0,1,1,19,275,275,39649280000,39649280000,7.372,0.024
google/gemma-3-1b-it,NVIDIA GeForce RTX 5060 Ti,42,2WikiMultiHopQA,14,16,559,structural,61.8131,94.1572,59.7008,0,0,0,6,262,262,35989225472,35989225472,7.372,0.024
google/gemma-3-1b-it,NVIDIA GeForce RTX 5060 Ti,42,2WikiMultiHopQA,14,16,560,multi-hop,68.5176,0.0,0.0,0,1,1,110,366,366,70231523328,70231523328,7.372,0.024
google/gemma-3-1b-it,NVIDIA GeForce RTX 5060 Ti,42,2WikiMultiHopQA,14,16,561,structural,52.3005,42.947,0.0,0,0,1,129,385,385,77712588800,77712588800,7.372,0.024
google/gemma-3-1b-it,NVIDIA GeForce RTX 5060 Ti,42,2WikiMultiHopQA,14,16,562,semantic,51.3854,0.0,0.0,0,1,1,70,326,326,55719231488,55719231488,7.372,0.024
google/gemma-3-1b-it,NVIDIA GeForce RTX 5060 Ti,42,2WikiMultiHopQA,14,16,563,multi-hop,39.6307,74.1244,38.8478,0,0,0,100,356,356,66446163968,66446163968,7.372,0.024
google/gemma-3-1b-it,NVIDIA GeForce RTX 5060 Ti,42,2WikiMultiHopQA,14,16,564,semantic,44.6307,0.0,0.0,0,1,1,90,346,346,62765662208,62765662208,7.372,0.024
google/gemma-3-1b-it,NVIDIA GeForce RTX 5060 Ti,42,2WikiMultiHopQA,14,16,565,semantic,71.6691,0.0,0.0,0,1,1,119,375,375,73728000000,73728000000,7.372,0.024
google/gemma-3-1b-it,NVIDIA GeForce RTX 5060 Ti,42,2WikiMultiHopQA,14,16,566,structural,40.5553,0.0,0.0,0,1,1,10,266,266,37096521728,37096521728,7.372,0.024
google/gemma-3-1b-it,NVIDIA GeForce RTX 5060 Ti,42,2WikiMultiHopQA,14,16,567,semantic,0.0,0.0,0.0,1,1,1,101,357,357,66819981312,66819981312,7.372,0.024
google/gemma-3-1b-it,NVIDIA GeForce RTX 5060 Ti,42,2WikiMultiHopQA,14,16,568,multi-hop,33.4213,58.56,51.0349,0,0,0,80,336,336,59190018048,59190018048,7.372,0.024
google/gemma-3-1b-it,NVIDIA GeForce RTX 5060 Ti,42,2WikiMultiHopQA,14,16,569,multi-hop,79.8333,0.0,0.0,0,1,1,57,313,313,51363971072,51363971072,7.372,0.024
google/gemma-3-1b-it,NVIDIA GeForce RTX 5060 Ti,42,2WikiMultiHopQA,14,16,570,multi-hop,59.4926,50.3964,31.3795,0,0,0,119,375,375,73728000000,73728000000,7.372,0.024
google/gemma-3-1b-it,NVIDIA GeForce RTX 5060 Ti,42,2WikiMultiHopQA,14,16,571,multi-hop,51.8536,42.9009,42.9325,0,0,0,2,37,58,717750272,1763704832,7.372,0.024
google/gemma-3-1b-it,NVIDIA GeForce RTX 5060 Ti,42,2WikiMultiHopQA,14,16,572,multi-hop,39.6526,0.0,0.0,0,1,1,100,356,356,66446163968,66446163968,7.372,0.024
google/gemma-3-1b-it,NVIDIA GeForce RTX 5060 Ti,42,2WikiMultiHopQA,14,16,573,multi-hop,68.7816,0.0,0.0,0,1,1,114,370,370,71775027200,71775027200,7.372,0.024
google/gemma-3-1b-it,NVIDIA GeForce RTX 5060 Ti,42,2WikiMultiHopQA,14,16,574,semantic,47.2372,0.0,0.0,0,1,1,98,354,354,65701675008,65701675008,7.372,0.024
google/gemma-3-1b-it,NVIDIA GeForce RTX 5060 Ti,42,2WikiMultiHopQA,14,16,575,multi-hop,41.8284,0.0,0.0,0,1,1,80,336,336,59190018048,59190018048,7.372,0.024
google/gemma-3-1b-it,NVIDIA GeForce RTX 5060 Ti,42,2WikiMultiHopQA,14,16,576,structural,39.4651,101.1787,55.6889,0,0,0,5,89,71,4152885248,2642935808,7.372,0.024
google/gemma-3-1b-it,NVIDIA GeForce RTX 5060 Ti,42,2WikiMultiHopQA,14,16,577,multi-hop,36.2815,0.0,0.0,0,1,1,48,304,304,48452599808,48452599808,7.372,0.024
google/gemma-3-1b-it,NVIDIA GeForce RTX 5060 Ti,42,2WikiMultiHopQA,14,16,578,structural,32.8221,0.0,0.0,0,1,1,104,360,360,67947724800,67947724800,7.372,0.024
google/gemma-3-1b-it,NVIDIA GeForce RTX 5060 Ti,42,2WikiMultiHopQA,14,16,579,multi-hop,40.7881,34.885,39.3612,0,0,0,43,299,299,46871871488,46871871488,7.372,0.024
google/gemma-3-1b-it,NVIDIA GeForce RTX 5060 Ti,42,2WikiMultiHopQA,14,16,580,multi-hop,39.8034,0.0,0.0,0,1,1,113,369,369,71387578368,71387578368,7.372,0.024
google/gemma-3-1b-it,NVIDIA GeForce RTX 5060 Ti,42,2WikiMultiHopQA,14,16,581,semantic,34.8001,0.0,0.0,0,1,1,104,360,360,67947724800,67947724800,7.372,0.024
google/gemma-3-1b-it,NVIDIA GeForce RTX 5060 Ti,42,2WikiMultiHopQA,14,16,582,semantic,47.5346,0.0,0.0,0,1,1,138,394,394,81388371968,81388371968,7.372,0.024
google/gemma-3-1b-it,NVIDIA GeForce RTX 5060 Ti,42,2WikiMultiHopQA,14,16,583,multi-hop,31.2895,0.0,0.0,0,1,1,28,284,284,42286972928,42286972928,7.372,0.024
google/gemma-3-1b-it,NVIDIA GeForce RTX 5060 Ti,42,2WikiMultiHopQA,14,16,584,multi-hop,42.2163,53.4079,0.0,0,0,1,63,319,319,53352071168,53352071168,7.372,0.024
google/gemma-3-1b-it,NVIDIA GeForce RTX 5060 Ti,42,2WikiMultiHopQA,14,16,585,multi-hop,45.6297,42.9588,55.4119,0,0,0,101,357,357,66819981312,66819981312,7.372,0.024
google/gemma-3-1b-it,NVIDIA GeForce RTX 5060 Ti,42,2WikiMultiHopQA,14,16,586,semantic,49.831,0.0,0.0,0,1,1,2,37,58,717750272,1763704832,7.372,0.024
google/gemma-3-1b-it,NVIDIA GeForce RTX 5060 Ti,42,2WikiMultiHopQA,14,16,587,semantic,73.9473,0.0,0.0,0,1,1,83,339,339,60251701248,60251701248,7.372,0.024
google/gemma-3-1b-it,NVIDIA GeForce RTX 5060 Ti,42,2WikiMultiHopQA,14,16,588,multi-hop,47.63,78.4314,0.0,0,0,1,136,392,392,80564191232,80564191232,7.372,0.024
google/gemma-3-1b-it,NVIDIA GeForce RTX 5060 Ti,42,2WikiMultiHopQA,14,16,589,semantic,101.2086,0.0,0.0,0,1,1,50,306,306,49092231168,49092231168,7.372,0.024
google/gemma-3-1b-it,NVIDIA GeForce RTX 5060 Ti,42,2WikiMultiHopQA,14,16,590,structural,49.0137,0.0,0.0,0,1,1,85,341,341,60964732928,60964732928,7.372,0.024
google/gemma-3-1b-it,NVIDIA GeForce RTX 5060 Ti,42,2WikiMultiHopQA,14,16,591,semantic,44.5184,0.0,0.0,0,1,1,64,320,320,53687091200,53687091200,7.372,0.024
google/gemma-3-1b-it,NVIDIA GeForce RTX 5060 Ti,42,2WikiMultiHopQA,14,16,592,structural,73.3239,55.3143,43.8606,0,0,0,12,140,78,10276044800,3189768192,7.372,0.024
google/gemma-3-1b-it,NVIDIA GeForce RTX 5060 Ti,42,2WikiMultiHopQA,14,16,593,semantic,44.8979,0.0,64.1239,0,1,0,110,366,366,70231523328,70231523328,7.372,0.024
google/gemma-3-1b-it,NVIDIA GeForce RTX 5060 Ti,42,2WikiMultiHopQA,14,16,594,structural,38.5796,40.2878,0.0,0,0,1,104,360,360,67947724800,67947724800,7.372,0.024
google/gemma-3-1b-it,NVIDIA GeForce RTX 5060 Ti,42,2WikiMultiHopQA,14,16,595,multi-hop,43.9581,0.0,0.0,0,1,1,99,355,355,66073395200,66073395200,7.372,0.024
google/gemma-3-1b-it,NVIDIA GeForce RTX 5060 Ti,42,2WikiMultiHopQA,14,16,596,multi-hop,50.8988,41.0059,35.8864,0,0,0,2,51,53,1363673088,1472724992,7.372,0.024
google/gemma-3-1b-it,NVIDIA GeForce RTX 5060 Ti,42,2WikiMultiHopQA,14,16,597,semantic,40.8617,0.0,47.2881,0,1,0,109,365,365,69848268800,69848268800,7.372,0.024
google/gemma-3-1b-it,NVIDIA GeForce RTX 5060 Ti,42,2WikiMultiHopQA,14,16,598,multi-hop,36.9489,43.4072,41.2786,0,0,0,5,89,71,4152885248,2642935808,7.372,0.024
google/gemma-3-1b-it,NVIDIA GeForce RTX 5060 Ti,42,2WikiMultiHopQA,14,16,599,multi-hop,47.7582,0.0,0.0,0,1,1,155,411,411,88563253248,88563253248,7.372,0.024
google/gemma-3-1b-it,NVIDIA GeForce RTX 5060 Ti,42,2WikiMultiHopQA,16,16,0,structural,58.3794,0.0,0.0,0,1,1,105,361,361,68325736448,68325736448,7.372,0.024
google/gemma-3-1b-it,NVIDIA GeForce RTX 5060 Ti,42,2WikiMultiHopQA,16,16,1,multi-hop,55.0992,41.6193,33.348,0,0,0,78,334,334,58487472128,58487472128,7.372,0.024
google/gemma-3-1b-it,NVIDIA GeForce RTX 5060 Ti,42,2WikiMultiHopQA,16,16,2,multi-hop,72.3697,0.0,0.0,0,1,1,105,361,361,68325736448,68325736448,7.372,0.024
google/gemma-3-1b-it,NVIDIA GeForce RTX 5060 Ti,42,2WikiMultiHopQA,16,16,3,semantic,57.0775,0.0,0.0,0,1,1,99,355,355,66073395200,66073395200,7.372,0.024
google/gemma-3-1b-it,NVIDIA GeForce RTX 5060 Ti,42,2WikiMultiHopQA,16,16,4,structural,64.7968,0.0,38.3771,0,1,0,53,309,309,50059542528,50059542528,7.372,0.024
google/gemma-3-1b-it,NVIDIA GeForce RTX 5060 Ti,42,2WikiMultiHopQA,16,16,5,multi-hop,43.074,0.0,0.0,0,1,1,48,304,304,48452599808,48452599808,7.372,0.024
google/gemma-3-1b-it,NVIDIA GeForce RTX 5060 Ti,42,2WikiMultiHopQA,16,16,6,structural,59.3597,43.5207,0.0,0,0,1,91,347,347,63128993792,63128993792,7.372,0.024
google/gemma-3-1b-it,NVIDIA GeForce RTX 5060 Ti,42,2WikiMultiHopQA,16,16,7,multi-hop,40.5366,0.0,0.0,0,1,1,147,403,403,85149089792,85149089792,7.372,0.024
google/gemma-3-1b-it,NVIDIA GeForce RTX 5060 Ti,42,2WikiMultiHopQA,16,16,8,multi-hop,33.4275,0.0,0.0,0,1,1,82,338,338,59896758272,59896758272,7.372,0.024
google/gemma-3-1b-it,NVIDIA GeForce RTX 5060 Ti,42,2WikiMultiHopQA,16,16,9,structural,76.9995,42.2393,34.9002,0,0,0,34,290,290,44092620800,44092620800,7.372,0.024
google/gemma-3-1b-it,NVIDIA GeForce RTX 5060 Ti,42,2WikiMultiHopQA,16,16,10,multi-hop,56.9139,0.0,53.5546,0,1,0,2,258,101,34898706432,5348261888,7.372,0.024
google/gemma-3-1b-it,NVIDIA GeForce RTX 5060 Ti,42,2WikiMultiHopQA,16,16,11,semantic,42.7341,0.0,0.0,0,1,1,105,361,361,68325736448,68325736448,7.372,0.024
google/gemma-3-1b-it,NVIDIA GeForce RTX 5060 Ti,42,2WikiMultiHopQA,16,16,12,semantic,54.5427,0.0,0.0,0,1,1,113,369,369,71387578368,71387578368,7.372,0.024
google/gemma-3-1b-it,NVIDIA GeForce RTX 5060 Ti,42,2WikiMultiHopQA,16,16,13,semantic,39.2681,0.0,0.0,0,1,1,101,357,357,66819981312,66819981312,7.372,0.024
google/gemma-3-1b-it,NVIDIA GeForce RTX 5060 Ti,42,2WikiMultiHopQA,16,16,14,multi-hop,35.5302,0.0,48.541,0,1,0,103,359,359,67570761728,67570761728,7.372,0.024
google/gemma-3-1b-it,NVIDIA GeForce RTX 5060 Ti,42,2WikiMultiHopQA,16,16,15,structural,41.9689,47.8938,58.4436,0,0,0,78,334,334,58487472128,58487472128,7.372,0.024
google/gemma-3-1b-it,NVIDIA GeForce RTX 5060 Ti,42,2WikiMultiHopQA,16,16,16,structural,63.0891,35.6869,60.1553,0,0,0,87,343,343,61681958912,61681958912,7.372,0.024
google/gemma-3-1b-it,NVIDIA GeForce RTX 5060 Ti,42,2WikiMultiHopQA,16,16,17,semantic,52.6117,0.0,0.0,0,1,1,112,368,368,71001178112,71001178112,7.372,0.024
google/gemma-3-1b-it,NVIDIA GeForce RTX 5060 Ti,42,2WikiMultiHopQA,16,16,18,semantic,54.8247,0.0,0.0,0,1,1,8,264,264,36540776448,36540776448,7.372,0.024
google/gemma-3-1b-it,NVIDIA GeForce RTX 5060 Ti,42,2WikiMultiHopQA,16,16,19,multi-hop,56.3766,34.2037,42.9584,0,0,0,2,42,72,924844032,2717908992,7.372,0.024
google/gemma-3-1b-it,NVIDIA GeForce RTX 5060 Ti,42,2WikiMultiHopQA,16,16,20,multi-hop,45.3861,0.0,0.0,0,1,1,105,361,361,68325736448,68325736448,7.372,0.024
google/gemma-3-1b-it,NVIDIA GeForce RTX 5060 Ti,42,2WikiMultiHopQA,16,16,21,multi-hop,46.9253,0.0,52.4072,0,1,0,14,270,270,38220595200,38220595200,7.372,0.024
google/gemma-3-1b-it,NVIDIA GeForce RTX 5060 Ti,42,2WikiMultiHopQA,16,16,22,structural,81.9746,37.3386,52.9803,0,0,0,12,268,268,37656461312,37656461312,7.372,0.024
google/gemma-3-1b-it,NVIDIA GeForce RTX 5060 Ti,42,2WikiMultiHopQA,16,16,23,semantic,79.2721,0.0,0.0,0,1,1,27,283,283,41989701632,41989701632,7.372,0.024
google/gemma-3-1b-it,NVIDIA GeForce RTX 5060 Ti,42,2WikiMultiHopQA,16,16,24,semantic,42.0917,0.0,0.0,0,1,1,139,395,395,81802035200,81802035200,7.372,0.024
google/gemma-3-1b-it,NVIDIA GeForce RTX 5060 Ti,42,2WikiMultiHopQA,16,16,25,multi-hop,73.3162,0.0,0.0,0,1,1,100,356,356,66446163968,66446163968,7.372,0.024
google/gemma-3-1b-it,NVIDIA GeForce RTX 5060 Ti,42,2WikiMultiHopQA,16,16,26,multi-hop,49.2246,0.0,0.0,0,1,1,105,361,361,68325736448,68325736448,7.372,0.024
google/gemma-3-1b-it,NVIDIA GeForce RTX 5060 Ti,42,2WikiMultiHopQA,16,16,27,multi-hop,46.3755,0.0,0.0,0,1,1,28,284,284,42286972928,42286972928,7.372,0.024
google/gemma-3-1b-it,NVIDIA GeForce RTX 5060 Ti,42,2WikiMultiHopQA,16,16,28,semantic,51.7194,0.0,0.0,0,1,1,41,297,297,46246920192,46246920192,7.372,0.024
google/gemma-3-1b-it,NVIDIA GeForce RTX 5060 Ti,42,2WikiMultiHopQA,16,16,29,structural,54.9187,51.8427,53.0608,0,0,0,4,54,72,1528823808,2717908992,7.372,0.024
google/gemma-3-1b-it,NVIDIA GeForce RTX 5060 Ti,42,2WikiMultiHopQA,16,16,30,multi-hop,84.6497,0.0,0.0,0,1,1,102,358,358,67194847232,67194847232,7.372,0.024
google/gemma-3-1b-it,NVIDIA GeForce RTX 5060 Ti,42,2WikiMultiHopQA,16,16,31,multi-hop,70.0889,0.0,0.0,0,1,1,149,405,405,85996339200,85996339200,7.372,0.024
google/gemma-3-1b-it,NVIDIA GeForce RTX 5060 Ti,42,2WikiMultiHopQA,16,16,32,semantic,42.5012,0.0,0.0,0,1,1,116,372,372,72553070592,72553070592,7.372,0.024
google/gemma-3-1b-it,NVIDIA GeForce RTX 5060 Ti,42,2WikiMultiHopQA,16,16,33,structural,38.1447,92.017,0.0,0,0,1,49,305,305,48771891200,48771891200,7.372,0.024
google/gemma-3-1b-it,NVIDIA GeForce RTX 5060 Ti,42,2WikiMultiHopQA,16,16,34,structural,48.1193,73.5363,0.0,0,0,1,29,285,285,42585292800,42585292800,7.372,0.024
google/gemma-3-1b-it,NVIDIA GeForce RTX 5060 Ti,42,2WikiMultiHopQA,16,16,35,semantic,0.0,0.0,0.0,1,1,1,102,358,358,67194847232,67194847232,7.372,0.024
google/gemma-3-1b-it,NVIDIA GeForce RTX 5060 Ti,42,2WikiMultiHopQA,16,16,36,structural,50.9864,70.1422,45.6043,0,0,0,51,307,307,49413619712,49413619712,7.372,0.024
google/gemma-3-1b-it,NVIDIA GeForce RTX 5060 Ti,42,2WikiMultiHopQA,16,16,37,multi-hop,0.0,0.0,0.0,1,1,1,57,313,313,51363971072,51363971072,7.372,0.024
google/gemma-3-1b-it,NVIDIA GeForce RTX 5060 Ti,42,2WikiMultiHopQA,16,16,38,multi-hop,36.8649,0.0,0.0,0,1,1,76,332,332,57789120512,57789120512,7.372,0.024
google/gemma-3-1b-it,NVIDIA GeForce RTX 5060 Ti,42,2WikiMultiHopQA,16,16,39,multi-hop,44.1911,34.5227,44.6934,0,0,0,102,358,358,67194847232,67194847232,7.372,0.024
google/gemma-3-1b-it,NVIDIA GeForce RTX 5060 Ti,42,2WikiMultiHopQA,16,16,40,semantic,52.5294,0.0,0.0,0,1,1,108,364,364,69466062848,69466062848,7.372,0.024
google/gemma-3-1b-it,NVIDIA GeForce RTX 5060 Ti,42,2WikiMultiHopQA,16,16,41,multi-hop,40.1904,0.0,0.0,0,1,1,109,365,365,69848268800,69848268800,7.372,0.024
google/gemma-3-1b-it,NVIDIA GeForce RTX 5060 Ti,42,2WikiMultiHopQA,16,16,42,semantic,77.337,76.686,0.0,0,0,1,105,361,361,68325736448,68325736448,7.372,0.024
google/gemma-3-1b-it,NVIDIA GeForce RTX 5060 Ti,42,2WikiMultiHopQA,16,16,43,semantic,34.3851,0.0,0.0,0,1,1,129,385,385,77712588800,77712588800,7.372,0.024
google/gemma-3-1b-it,NVIDIA GeForce RTX 5060 Ti,42,2WikiMultiHopQA,16,16,44,multi-hop,46.9311,0.0,0.0,0,1,1,36,292,292,44702892032,44702892032,7.372,0.024
google/gemma-3-1b-it,NVIDIA GeForce RTX 5060 Ti,42,2WikiMultiHopQA,16,16,45,structural,43.6563,39.7676,0.0,0,0,1,12,268,268,37656461312,37656461312,7.372,0.024
google/gemma-3-1b-it,NVIDIA GeForce RTX 5060 Ti,42,2WikiMultiHopQA,16,16,46,structural,34.6131,73.2941,0.0,0,0,1,78,334,334,58487472128,58487472128,7.372,0.024
google/gemma-3-1b-it,NVIDIA GeForce RTX 5060 Ti,42,2WikiMultiHopQA,16,16,47,semantic,86.4588,0.0,0.0,0,1,1,33,289,289,43789058048,43789058048,7.372,0.024
google/gemma-3-1b-it,NVIDIA GeForce RTX 5060 Ti,42,2WikiMultiHopQA,16,16,48,multi-hop,35.0537,0.0,0.0,0,1,1,76,332,332,57789120512,57789120512,7.372,0.024
google/gemma-3-1b-it,NVIDIA GeForce RTX 5060 Ti,42,2WikiMultiHopQA,16,16,49,structural,51.273,49.3779,0.0,0,0,1,65,321,321,54023159808,54023159808,7.372,0.024
google/gemma-3-1b-it,NVIDIA GeForce RTX 5060 Ti,42,2WikiMultiHopQA,16,16,50,multi-hop,50.1844,0.0,0.0,0,1,1,98,354,354,65701675008,65701675008,7.372,0.024
google/gemma-3-1b-it,NVIDIA GeForce RTX 5060 Ti,42,2WikiMultiHopQA,16,16,51,structural,39.4542,34.0397,69.8392,0,0,0,2,156,258,12759072768,34898706432,7.372,0.024
google/gemma-3-1b-it,NVIDIA GeForce RTX 5060 Ti,42,2WikiMultiHopQA,16,16,52,semantic,48.6457,0.0,0.0,0,1,1,113,369,369,71387578368,71387578368,7.372,0.024
google/gemma-3-1b-it,NVIDIA GeForce RTX 5060 Ti,42,2WikiMultiHopQA,16,16,53,structural,46.7417,32.7306,53.3147,0,0,0,114,370,370,71775027200,71775027200,7.372,0.024
google/gemma-3-1b-it,NVIDIA GeForce RTX 5060 Ti,42,2WikiMultiHopQA,16,16,54,structural,42.2832,0.0,0.0,0,1,1,103,359,359,67570761728,67570761728,7.372,0.024
google/gemma-3-1b-it,NVIDIA GeForce RTX 5060 Ti,42,2WikiMultiHopQA,16,16,55,semantic,45.6409,0.0,0.0,0,1,1,58,314,314,51692699648,51692699648,7.372,0.024
google/gemma-3-1b-it,NVIDIA GeForce RTX 5060 Ti,42,2WikiMultiHopQA,16,16,56,multi-hop,37.1427,0.0,0.0,0,1,1,206,462,462,111906127872,111906127872,7.372,0.024
google/gemma-3-1b-it,NVIDIA GeForce RTX 5060 Ti,42,2WikiMultiHopQA,16,16,57,structural,66.0696,0.0,0.0,0,1,1,78,334,334,58487472128,58487472128,7.372,0.024
google/gemma-3-1b-it,NVIDIA GeForce RTX 5060 Ti,42,2WikiMultiHopQA,16,16,58,multi-hop,82.5239,0.0,0.0,0,1,1,127,383,383,76907282432,76907282432,7.372,0.024
google/gemma-3-1b-it,NVIDIA GeForce RTX 5060 Ti,42,2WikiMultiHopQA,16,16,59,semantic,65.7358,0.0,0.0,0,1,1,97,353,353,65331003392,65331003392,7.372,0.024
google/gemma-3-1b-it,NVIDIA GeForce RTX 5060 Ti,42,2WikiMultiHopQA,16,16,60,semantic,77.5119,0.0,0.0,0,1,1,8,264,264,36540776448,36540776448,7.372,0.024
google/gemma-3-1b-it,NVIDIA GeForce RTX 5060 Ti,42,2WikiMultiHopQA,16,16,61,structural,73.4562,42.6142,50.0585,0,0,0,122,378,378,74912366592,74912366592,7.372,0.024
google/gemma-3-1b-it,NVIDIA GeForce RTX 5060 Ti,42,2WikiMultiHopQA,16,16,62,semantic,76.6576,0.0,0.0,0,1,1,84,340,340,60607692800,60607692800,7.372,0.024
google/gemma-3-1b-it,NVIDIA GeForce RTX 5060 Ti,42,2WikiMultiHopQA,16,16,63,multi-hop,69.5998,93.6847,43.4576,0,0,0,7,263,263,36264476672,36264476672,7.372,0.024
google/gemma-3-1b-it,NVIDIA GeForce RTX 5060 Ti,42,2WikiMultiHopQA,16,16,64,multi-hop,36.5964,0.0,0.0,0,1,1,112,368,368,71001178112,71001178112,7.372,0.024
google/gemma-3-1b-it,NVIDIA GeForce RTX 5060 Ti,42,2WikiMultiHopQA,16,16,65,multi-hop,53.0436,0.0,0.0,0,1,1,114,370,370,71775027200,71775027200,7.372,0.024
google/gemma-3-1b-it,NVIDIA GeForce RTX 5060 Ti,42,2WikiMultiHopQA,16,16,66,multi-hop,31.3031,0.0,0.0,0,1,1,106,362,362,68704796672,68704796672,7.372,0.024
google/gemma-3-1b-it,NVIDIA GeForce RTX 5060 Ti,42,2WikiMultiHopQA,16,16,67,semantic,42.0175,0.0,0.0,0,1,1,101,357,357,66819981312,66819981312,7.372,0.024
google/gemma-3-1b-it,NVIDIA GeForce RTX 5060 Ti,42,2WikiMultiHopQA,16,16,68,structural,46.0671,55.6465,35.6099,0,0,0,101,357,357,66819981312,66819981312,7.372,0.024
google/gemma-3-1b-it,NVIDIA GeForce RTX 5060 Ti,42,2WikiMultiHopQA,16,16,69,multi-hop,45.0398,0.0,0.0,0,1,1,142,398,398,83049316352,83049316352,7.372,0.024
google/gemma-3-1b-it,NVIDIA GeForce RTX 5060 Ti,42,2WikiMultiHopQA,16,16,70,structural,56.7701,0.0,0.0,0,1,1,17,273,273,39074660352,39074660352,7.372,0.024
google/gemma-3-1b-it,NVIDIA GeForce RTX 5060 Ti,42,2WikiMultiHopQA,16,16,71,multi-hop,67.9797,39.9426,0.0,0,0,1,34,290,290,44092620800,44092620800,7.372,0.024
google/gemma-3-1b-it,NVIDIA GeForce RTX 5060 Ti,42,2WikiMultiHopQA,16,16,72,semantic,38.1741,0.0,110.391,0,1,0,2,42,72,924844032,2717908992,7.372,0.024
google/gemma-3-1b-it,NVIDIA GeForce RTX 5060 Ti,42,2WikiMultiHopQA,16,16,73,multi-hop,51.8042,0.0,0.0,0,1,1,113,369,369,71387578368,71387578368,7.372,0.024
google/gemma-3-1b-it,NVIDIA GeForce RTX 5060 Ti,42,2WikiMultiHopQA,16,16,74,multi-hop,45.912,78.4852,0.0,0,0,1,117,373,373,72943665152,72943665152,7.372,0.024
google/gemma-3-1b-it,NVIDIA GeForce RTX 5060 Ti,42,2WikiMultiHopQA,16,16,75,structural,41.8513,0.0,0.0,0,1,1,114,370,370,71775027200,71775027200,7.372,0.024
google/gemma-3-1b-it,NVIDIA GeForce RTX 5060 Ti,42,2WikiMultiHopQA,16,16,76,multi-hop,40.879,0.0,0.0,0,1,1,59,315,315,52022476800,52022476800,7.372,0.024
google/gemma-3-1b-it,NVIDIA GeForce RTX 5060 Ti,42,2WikiMultiHopQA,16,16,77,semantic,70.7025,0.0,0.0,0,1,1,20,276,276,39938162688,39938162688,7.372,0.024
google/gemma-3-1b-it,NVIDIA GeForce RTX 5060 Ti,42,2WikiMultiHopQA,16,16,78,semantic,43.5557,0.0,0.0,0,1,1,40,296,296,45936017408,45936017408,7.372,0.024
google/gemma-3-1b-it,NVIDIA GeForce RTX 5060 Ti,42,2WikiMultiHopQA,16,16,79,semantic,35.8659,0.0,0.0,0,1,1,85,341,341,60964732928,60964732928,7.372,0.024
google/gemma-3-1b-it,NVIDIA GeForce RTX 5060 Ti,42,2WikiMultiHopQA,16,16,80,structural,67.0871,31.5096,0.0,0,0,1,96,352,352,64961380352,64961380352,7.372,0.024
google/gemma-3-1b-it,NVIDIA GeForce RTX 5060 Ti,42,2WikiMultiHopQA,16,16,81,multi-hop,59.7521,0.0,0.0,0,1,1,127,383,383,76907282432,76907282432,7.372,0.024
google/gemma-3-1b-it,NVIDIA GeForce RTX 5060 Ti,42,2WikiMultiHopQA,16,16,82,multi-hop,74.157,38.0337,0.0,0,0,1,25,281,281,41398304768,41398304768,7.372,0.024
google/gemma-3-1b-it,NVIDIA GeForce RTX 5060 Ti,42,2WikiMultiHopQA,16,16,83,structural,75.0258,56.6682,49.706,0,0,0,114,370,370,71775027200,71775027200,7.372,0.024
google/gemma-3-1b-it,NVIDIA GeForce RTX 5060 Ti,42,2WikiMultiHopQA,16,16,84,semantic,56.3873,0.0,0.0,0,1,1,50,306,306,49092231168,49092231168,7.372,0.024
google/gemma-3-1b-it,NVIDIA GeForce RTX 5060 Ti,42,2WikiMultiHopQA,16,16,85,semantic,88.9941,0.0,0.0,0,1,1,87,343,343,61681958912,61681958912,7.372,0.024
google/gemma-3-1b-it,NVIDIA GeForce RTX 5060 Ti,42,2WikiMultiHopQA,16,16,86,multi-hop,48.8522,0.0,0.0,0,1,1,103,359,359,67570761728,67570761728,7.372,0.024
google/gemma-3-1b-it,NVIDIA GeForce RTX 5060 Ti,42,2WikiMultiHopQA,16,16,87,multi-hop,62.9486,0.0,0.0,0,1,1,24,280,280,41104179200,41104179200,7.372,0.024
google/gemma-3-1b-it,NVIDIA GeForce RTX 5060 Ti,42,2WikiMultiHopQA,16,16,88,multi-hop,34.8762,61.6776,43.2443,0,0,0,95,351,351,64592805888,64592805888,7.372,0.024
google/gemma-3-1b-it,NVIDIA GeForce RTX 5060 Ti,42,2WikiMultiHopQA,16,16,89,multi-hop,63.7807,0.0,0.0,0,1,1,63,319,319,53352071168,53352071168,7.372,0.024
google/gemma-3-1b-it,NVIDIA GeForce RTX 5060 Ti,42,2WikiMultiHopQA,16,16,90,semantic,59.5027,0.0,0.0,0,1,1,102,358,358,67194847232,67194847232,7.372,0.024
google/gemma-3-1b-it,NVIDIA GeForce RTX 5060 Ti,42,2WikiMultiHopQA,16,16,91,multi-hop,52.5507,42.2721,45.4423,0,0,0,110,366,366,70231523328,70231523328,7.372,0.024
google/gemma-3-1b-it,NVIDIA GeForce RTX 5060 Ti,42,2WikiMultiHopQA,16,16,92,semantic,87.8669,0.0,0.0,0,1,1,125,381,381,76106170368,76106170368,7.372,0.024
google/gemma-3-1b-it,NVIDIA GeForce RTX 5060 Ti,42,2WikiMultiHopQA,16,16,93,semantic,0.0,0.0,0.0,1,1,1,87,343,343,61681958912,61681958912,7.372,0.024
google/gemma-3-1b-it,NVIDIA GeForce RTX 5060 Ti,42,2WikiMultiHopQA,16,16,94,semantic,36.0885,0.0,0.0,0,1,1,2,258,101,34898706432,5348261888,7.372,0.024
google/gemma-3-1b-it,NVIDIA GeForce RTX 5060 Ti,42,2WikiMultiHopQA,16,16,95,semantic,38.962,0.0,0.0,0,1,1,101,357,357,66819981312,66819981312,7.372,0.024
google/gemma-3-1b-it,NVIDIA GeForce RTX 5060 Ti,42,2WikiMultiHopQA,16,16,96,multi-hop,65.6946,0.0,0.0,0,1,1,112,368,368,71001178112,71001178112,7.372,0.024
google/gemma-3-1b-it,NVIDIA GeForce RTX 5060 Ti,42,2WikiMultiHopQA,16,16,97,structural,99.549,0.0,0.0,0,1,1,100,356,356,66446163968,66446163968,7.372,0.024
google/gemma-3-1b-it,NVIDIA GeForce RTX 5060 Ti,42,2WikiMultiHopQA,16,16,98,multi-hop,61.9388,0.0,0.0,0,1,1,55,311,311,50709659648,50709659648,7.372,0.024
google/gemma-3-1b-it,NVIDIA GeForce RTX 5060 Ti,42,2WikiMultiHopQA,16,16,99,semantic,90.1377,88.3809,0.0,0,0,1,24,280,280,41104179200,41104179200,7.372,0.024
google/gemma-3-1b-it,NVIDIA GeForce RTX 5060 Ti,42,2WikiMultiHopQA,16,16,100,semantic,47.7826,0.0,0.0,0,1,1,109,365,365,69848268800,69848268800,7.372,0.024
google/gemma-3-1b-it,NVIDIA GeForce RTX 5060 Ti,42,2WikiMultiHopQA,16,16,101,multi-hop,75.8266,0.0,0.0,0,1,1,61,317,317,52685176832,52685176832,7.372,0.024
google/gemma-3-1b-it,NVIDIA GeForce RTX 5060 Ti,42,2WikiMultiHopQA,16,16,102,multi-hop,0.0,0.0,0.0,1,1,1,105,361,361,68325736448,68325736448,7.372,0.024
google/gemma-3-1b-it,NVIDIA GeForce RTX 5060 Ti,42,2WikiMultiHopQA,16,16,103,semantic,61.6604,0.0,0.0,0,1,1,115,371,371,72163524608,72163524608,7.372,0.024
google/gemma-3-1b-it,NVIDIA GeForce RTX 5060 Ti,42,2WikiMultiHopQA,16,16,104,multi-hop,90.8999,0.0,65.7999,0,1,0,66,322,322,54360276992,54360276992,7.372,0.024
google/gemma-3-1b-it,NVIDIA GeForce RTX 5060 Ti,42,2WikiMultiHopQA,16,16,105,semantic,95.6626,0.0,0.0,0,1,1,119,375,375,73728000000,73728000000,7.372,0.024
google/gemma-3-1b-it,NVIDIA GeForce RTX 5060 Ti,42,2WikiMultiHopQA,16,16,106,semantic,92.7354,0.0,0.0,0,1,1,128,384,384,77309411328,77309411328,7.372,0.024
google/gemma-3-1b-it,NVIDIA GeForce RTX 5060 Ti,42,2WikiMultiHopQA,16,16,107,structural,65.4544,0.0,0.0,0,1,1,27,283,283,41989701632,41989701632,7.372,0.024
google/gemma-3-1b-it,NVIDIA GeForce RTX 5060 Ti,42,2WikiMultiHopQA,16,16,108,structural,70.2287,40.5673,70.2608,0,0,0,16,272,272,38788923392,38788923392,7.372,0.024
google/gemma-3-1b-it,NVIDIA GeForce RTX 5060 Ti,42,2WikiMultiHopQA,16,16,109,multi-hop,45.1217,55.4793,42.4767,0,0,0,35,291,291,44397232128,44397232128,7.372,0.024
google/gemma-3-1b-it,NVIDIA GeForce RTX 5060 Ti,42,2WikiMultiHopQA,16,16,110,multi-hop,36.662,0.0,0.0,0,1,1,109,365,365,69848268800,69848268800,7.372,0.024
google/gemma-3-1b-it,NVIDIA GeForce RTX 5060 Ti,42,2WikiMultiHopQA,16,16,111,multi-hop,59.0625,0.0,0.0,0,1,1,28,284,284,42286972928,42286972928,7.372,0.024
google/gemma-3-1b-it,NVIDIA GeForce RTX 5060 Ti,42,2WikiMultiHopQA,16,16,112,semantic,48.85,0.0,37.0048,0,1,0,28,284,284,42286972928,42286972928,7.372,0.024
google/gemma-3-1b-it,NVIDIA GeForce RTX 5060 Ti,42,2WikiMultiHopQA,16,16,113,multi-hop,50.2557,0.0,0.0,0,1,1,93,349,349,63858802688,63858802688,7.372,0.024
google/gemma-3-1b-it,NVIDIA GeForce RTX 5060 Ti,42,2WikiMultiHopQA,16,16,114,multi-hop,57.1535,0.0,0.0,0,1,1,48,304,304,48452599808,48452599808,7.372,0.024
google/gemma-3-1b-it,NVIDIA GeForce RTX 5060 Ti,42,2WikiMultiHopQA,16,16,115,multi-hop,52.4681,51.6198,65.2039,0,0,0,78,334,334,58487472128,58487472128,7.372,0.024
google/gemma-3-1b-it,NVIDIA GeForce RTX 5060 Ti,42,2WikiMultiHopQA,16,16,116,semantic,0.0,0.0,0.0,1,1,1,101,357,357,66819981312,66819981312,7.372,0.024
google/gemma-3-1b-it,NVIDIA GeForce RTX 5060 Ti,42,2WikiMultiHopQA,16,16,117,multi-hop,74.2632,0.0,0.0,0,1,1,114,370,370,71775027200,71775027200,7.372,0.024
google/gemma-3-1b-it,NVIDIA GeForce RTX 5060 Ti,42,2WikiMultiHopQA,16,16,118,multi-hop,88.2033,0.0,0.0,0,1,1,25,281,281,41398304768,41398304768,7.372,0.024
google/gemma-3-1b-it,NVIDIA GeForce RTX 5060 Ti,42,2WikiMultiHopQA,16,16,119,multi-hop,42.0641,0.0,0.0,0,1,1,86,342,342,61322821632,61322821632,7.372,0.024
google/gemma-3-1b-it,NVIDIA GeForce RTX 5060 Ti,42,2WikiMultiHopQA,16,16,120,structural,58.4161,75.3866,81.9353,0,0,0,64,320,320,53687091200,53687091200,7.372,0.024
google/gemma-3-1b-it,NVIDIA GeForce RTX 5060 Ti,42,2WikiMultiHopQA,16,16,121,multi-hop,60.0044,0.0,0.0,0,1,1,114,370,370,71775027200,71775027200,7.372,0.024
google/gemma-3-1b-it,NVIDIA GeForce RTX 5060 Ti,42,2WikiMultiHopQA,16,16,122,semantic,53.1749,0.0,0.0,0,1,1,74,330,330,57094963200,57094963200,7.372,0.024
google/gemma-3-1b-it,NVIDIA GeForce RTX 5060 Ti,42,2WikiMultiHopQA,16,16,123,semantic,38.8069,0.0,0.0,0,1,1,93,349,349,63858802688,63858802688,7.372,0.024
google/gemma-3-1b-it,NVIDIA GeForce RTX 5060 Ti,42,2WikiMultiHopQA,16,16,124,multi-hop,63.4064,39.0621,73.2242,0,0,0,2,46,42,1109393408,924844032,7.372,0.024
google/gemma-3-1b-it,NVIDIA GeForce RTX 5060 Ti,42,2WikiMultiHopQA,16,16,125,semantic,51.2332,0.0,0.0,0,1,1,110,366,366,70231523328,70231523328,7.372,0.024
google/gemma-3-1b-it,NVIDIA GeForce RTX 5060 Ti,42,2WikiMultiHopQA,16,16,126,semantic,63.998,0.0,0.0,0,1,1,83,339,339,60251701248,60251701248,7.372,0.024
google/gemma-3-1b-it,NVIDIA GeForce RTX 5060 Ti,42,2WikiMultiHopQA,16,16,127,multi-hop,35.6015,0.0,0.0,0,1,1,101,357,357,66819981312,66819981312,7.372,0.024
google/gemma-3-1b-it,NVIDIA GeForce RTX 5060 Ti,42,2WikiMultiHopQA,16,16,128,multi-hop,60.0819,0.0,0.0,0,1,1,118,374,374,73335308288,73335308288,7.372,0.024
google/gemma-3-1b-it,NVIDIA GeForce RTX 5060 Ti,42,2WikiMultiHopQA,16,16,129,structural,71.1805,65.2964,0.0,0,0,1,109,365,365,69848268800,69848268800,7.372,0.024
google/gemma-3-1b-it,NVIDIA GeForce RTX 5060 Ti,42,2WikiMultiHopQA,16,16,130,semantic,106.5947,0.0,0.0,0,1,1,119,375,375,73728000000,73728000000,7.372,0.024
google/gemma-3-1b-it,NVIDIA GeForce RTX 5060 Ti,42,2WikiMultiHopQA,16,16,131,semantic,98.7516,0.0,0.0,0,1,1,19,275,275,39649280000,39649280000,7.372,0.024
google/gemma-3-1b-it,NVIDIA GeForce RTX 5060 Ti,42,2WikiMultiHopQA,16,16,132,semantic,43.206,0.0,0.0,0,1,1,67,323,323,54698442752,54698442752,7.372,0.024
google/gemma-3-1b-it,NVIDIA GeForce RTX 5060 Ti,42,2WikiMultiHopQA,16,16,133,multi-hop,60.572,0.0,0.0,0,1,1,101,357,357,66819981312,66819981312,7.372,0.024
google/gemma-3-1b-it,NVIDIA GeForce RTX 5060 Ti,42,2WikiMultiHopQA,16,16,134,structural,42.5193,52.0912,0.0,0,0,1,113,369,369,71387578368,71387578368,7.372,0.024
google/gemma-3-1b-it,NVIDIA GeForce RTX 5060 Ti,42,2WikiMultiHopQA,16,16,135,multi-hop,37.5913,0.0,36.9324,0,1,0,83,339,339,60251701248,60251701248,7.372,0.024
google/gemma-3-1b-it,NVIDIA GeForce RTX 5060 Ti,42,2WikiMultiHopQA,16,16,136,semantic,41.7541,0.0,0.0,0,1,1,121,377,377,74516529152,74516529152,7.372,0.024
google/gemma-3-1b-it,NVIDIA GeForce RTX 5060 Ti,42,2WikiMultiHopQA,16,16,137,semantic,52.5227,0.0,0.0,0,1,1,99,355,355,66073395200,66073395200,7.372,0.024
google/gemma-3-1b-it,NVIDIA GeForce RTX 5060 Ti,42,2WikiMultiHopQA,16,16,138,semantic,36.1515,0.0,0.0,0,1,1,109,365,365,69848268800,69848268800,7.372,0.024
google/gemma-3-1b-it,NVIDIA GeForce RTX 5060 Ti,42,2WikiMultiHopQA,16,16,139,multi-hop,43.2714,0.0,0.0,0,1,1,109,365,365,69848268800,69848268800,7.372,0.024
google/gemma-3-1b-it,NVIDIA GeForce RTX 5060 Ti,42,2WikiMultiHopQA,16,16,140,structural,30.6463,65.5231,34.4051,0,0,0,95,351,351,64592805888,64592805888,7.372,0.024
google/gemma-3-1b-it,NVIDIA GeForce RTX 5060 Ti,42,2WikiMultiHopQA,16,16,141,semantic,68.7479,0.0,0.0,0,1,1,29,285,285,42585292800,42585292800,7.372,0.024
google/gemma-3-1b-it,NVIDIA GeForce RTX 5060 Ti,42,2WikiMultiHopQA,16,16,142,multi-hop,43.6164,0.0,0.0,0,1,1,93,349,349,63858802688,63858802688,7.372,0.024
google/gemma-3-1b-it,NVIDIA GeForce RTX 5060 Ti,42,2WikiMultiHopQA,16,16,143,semantic,39.3906,0.0,0.0,0,1,1,73,329,329,56749457408,56749457408,7.372,0.024
google/gemma-3-1b-it,NVIDIA GeForce RTX 5060 Ti,42,2WikiMultiHopQA,16,16,144,multi-hop,0.0,0.0,0.0,1,1,1,118,374,374,73335308288,73335308288,7.372,0.024
google/gemma-3-1b-it,NVIDIA GeForce RTX 5060 Ti,42,2WikiMultiHopQA,16,16,145,multi-hop,36.8945,0.0,0.0,0,1,1,27,283,283,41989701632,41989701632,7.372,0.024
google/gemma-3-1b-it,NVIDIA GeForce RTX 5060 Ti,42,2WikiMultiHopQA,16,16,146,multi-hop,49.9427,0.0,0.0,0,1,1,114,370,370,71775027200,71775027200,7.372,0.024
google/gemma-3-1b-it,NVIDIA GeForce RTX 5060 Ti,42,2WikiMultiHopQA,16,16,147,multi-hop,68.6099,0.0,0.0,0,1,1,128,384,384,77309411328,77309411328,7.372,0.024
google/gemma-3-1b-it,NVIDIA GeForce RTX 5060 Ti,42,2WikiMultiHopQA,16,16,148,multi-hop,38.1695,0.0,0.0,0,1,1,80,336,336,59190018048,59190018048,7.372,0.024
google/gemma-3-1b-it,NVIDIA GeForce RTX 5060 Ti,42,2WikiMultiHopQA,16,16,149,multi-hop,85.7419,40.6333,48.8679,0,0,0,101,357,357,66819981312,66819981312,7.372,0.024
google/gemma-3-1b-it,NVIDIA GeForce RTX 5060 Ti,42,2WikiMultiHopQA,16,16,150,semantic,40.1986,0.0,0.0,0,1,1,83,339,339,60251701248,60251701248,7.372,0.024
google/gemma-3-1b-it,NVIDIA GeForce RTX 5060 Ti,42,2WikiMultiHopQA,16,16,151,structural,42.9952,38.5813,32.7993,0,0,0,24,280,280,41104179200,41104179200,7.372,0.024
google/gemma-3-1b-it,NVIDIA GeForce RTX 5060 Ti,42,2WikiMultiHopQA,16,16,152,structural,35.0179,0.0,0.0,0,1,1,67,323,323,54698442752,54698442752,7.372,0.024
google/gemma-3-1b-it,NVIDIA GeForce RTX 5060 Ti,42,2WikiMultiHopQA,16,16,153,structural,40.1601,0.0,0.0,0,1,1,85,341,341,60964732928,60964732928,7.372,0.024
google/gemma-3-1b-it,NVIDIA GeForce RTX 5060 Ti,42,2WikiMultiHopQA,16,16,154,multi-hop,0.0,36.2205,54.7808,1,0,0,24,280,280,41104179200,41104179200,7.372,0.024
google/gemma-3-1b-it,NVIDIA GeForce RTX 5060 Ti,42,2WikiMultiHopQA,16,16,155,multi-hop,40.3213,0.0,0.0,0,1,1,4,198,72,20554186752,2717908992,7.372,0.024
google/gemma-3-1b-it,NVIDIA GeForce RTX 5060 Ti,42,2WikiMultiHopQA,16,16,156,structural,77.5392,0.0,0.0,0,1,1,102,358,358,67194847232,67194847232,7.372,0.024
google/gemma-3-1b-it,NVIDIA GeForce RTX 5060 Ti,42,2WikiMultiHopQA,16,16,157,multi-hop,39.0034,0.0,0.0,0,1,1,105,361,361,68325736448,68325736448,7.372,0.024
google/gemma-3-1b-it,NVIDIA GeForce RTX 5060 Ti,42,2WikiMultiHopQA,16,16,158,multi-hop,37.2631,0.0,0.0,0,1,1,107,363,363,69084905472,69084905472,7.372,0.024
google/gemma-3-1b-it,NVIDIA GeForce RTX 5060 Ti,42,2WikiMultiHopQA,16,16,159,structural,33.789,51.926,34.4737,0,0,0,115,371,371,72163524608,72163524608,7.372,0.024
google/gemma-3-1b-it,NVIDIA GeForce RTX 5060 Ti,42,2WikiMultiHopQA,16,16,160,semantic,46.6552,0.0,0.0,0,1,1,64,320,320,53687091200,53687091200,7.372,0.024
google/gemma-3-1b-it,NVIDIA GeForce RTX 5060 Ti,42,2WikiMultiHopQA,16,16,161,multi-hop,71.4308,0.0,0.0,0,1,1,63,319,319,53352071168,53352071168,7.372,0.024
google/gemma-3-1b-it,NVIDIA GeForce RTX 5060 Ti,42,2WikiMultiHopQA,16,16,162,multi-hop,42.342,0.0,0.0,0,1,1,95,351,351,64592805888,64592805888,7.372,0.024
google/gemma-3-1b-it,NVIDIA GeForce RTX 5060 Ti,42,2WikiMultiHopQA,16,16,163,multi-hop,55.601,42.0778,43.4418,0,0,0,105,361,361,68325736448,68325736448,7.372,0.024
google/gemma-3-1b-it,NVIDIA GeForce RTX 5060 Ti,42,2WikiMultiHopQA,16,16,164,semantic,32.5896,0.0,0.0,0,1,1,93,349,349,63858802688,63858802688,7.372,0.024
google/gemma-3-1b-it,NVIDIA GeForce RTX 5060 Ti,42,2WikiMultiHopQA,16,16,165,multi-hop,36.0151,0.0,0.0,0,1,1,87,343,343,61681958912,61681958912,7.372,0.024
google/gemma-3-1b-it,NVIDIA GeForce RTX 5060 Ti,42,2WikiMultiHopQA,16,16,166,multi-hop,39.9979,0.0,0.0,0,1,1,108,364,364,69466062848,69466062848,7.372,0.024
google/gemma-3-1b-it,NVIDIA GeForce RTX 5060 Ti,42,2WikiMultiHopQA,16,16,167,multi-hop,37.6533,0.0,0.0,0,1,1,91,347,347,63128993792,63128993792,7.372,0.024
google/gemma-3-1b-it,NVIDIA GeForce RTX 5060 Ti,42,2WikiMultiHopQA,16,16,168,semantic,55.9483,0.0,0.0,0,1,1,106,362,362,68704796672,68704796672,7.372,0.024
google/gemma-3-1b-it,NVIDIA GeForce RTX 5060 Ti,42,2WikiMultiHopQA,16,16,169,multi-hop,36.9314,55.162,0.0,0,0,1,80,336,336,59190018048,59190018048,7.372,0.024
google/gemma-3-1b-it,NVIDIA GeForce RTX 5060 Ti,42,2WikiMultiHopQA,16,16,170,multi-hop,62.196,34.4278,50.9944,0,0,0,2,70,57,2569011200,1703411712,7.372,0.024
google/gemma-3-1b-it,NVIDIA GeForce RTX 5060 Ti,42,2WikiMultiHopQA,16,16,171,multi-hop,56.9891,0.0,0.0,0,1,1,149,405,405,85996339200,85996339200,7.372,0.024
google/gemma-3-1b-it,NVIDIA GeForce RTX 5060 Ti,42,2WikiMultiHopQA,16,16,172,structural,38.1699,0.0,0.0,0,1,1,95,351,351,64592805888,64592805888,7.372,0.024
google/gemma-3-1b-it,NVIDIA GeForce RTX 5060 Ti,42,2WikiMultiHopQA,16,16,173,multi-hop,55.5827,0.0,0.0,0,1,1,109,365,365,69848268800,69848268800,7.372,0.024
google/gemma-3-1b-it,NVIDIA GeForce RTX 5060 Ti,42,2WikiMultiHopQA,16,16,174,semantic,0.0,0.0,0.0,1,1,1,100,356,356,66446163968,66446163968,7.372,0.024
google/gemma-3-1b-it,NVIDIA GeForce RTX 5060 Ti,42,2WikiMultiHopQA,16,16,175,multi-hop,63.1135,74.5047,48.2748,0,0,0,106,362,362,68704796672,68704796672,7.372,0.024
google/gemma-3-1b-it,NVIDIA GeForce RTX 5060 Ti,42,2WikiMultiHopQA,16,16,176,multi-hop,59.2574,0.0,0.0,0,1,1,76,332,332,57789120512,57789120512,7.372,0.024
google/gemma-3-1b-it,NVIDIA GeForce RTX 5060 Ti,42,2WikiMultiHopQA,16,16,177,multi-hop,36.0907,0.0,0.0,0,1,1,139,395,395,81802035200,81802035200,7.372,0.024
google/gemma-3-1b-it,NVIDIA GeForce RTX 5060 Ti,42,2WikiMultiHopQA,16,16,178,structural,69.6701,55.2784,43.4577,0,0,0,117,373,373,72943665152,72943665152,7.372,0.024
google/gemma-3-1b-it,NVIDIA GeForce RTX 5060 Ti,42,2WikiMultiHopQA,16,16,179,structural,82.3949,0.0,0.0,0,1,1,113,369,369,71387578368,71387578368,7.372,0.024
google/gemma-3-1b-it,NVIDIA GeForce RTX 5060 Ti,42,2WikiMultiHopQA,16,16,180,semantic,37.0671,0.0,0.0,0,1,1,3,259,259,35169763328,35169763328,7.372,0.024
google/gemma-3-1b-it,NVIDIA GeForce RTX 5060 Ti,42,2WikiMultiHopQA,16,16,181,structural,0.0,0.0,0.0,1,1,1,76,332,332,57789120512,57789120512,7.372,0.024
google/gemma-3-1b-it,NVIDIA GeForce RTX 5060 Ti,42,2WikiMultiHopQA,16,16,182,multi-hop,48.1399,0.0,0.0,0,1,1,6,262,262,35989225472,35989225472,7.372,0.024
google/gemma-3-1b-it,NVIDIA GeForce RTX 5060 Ti,42,2WikiMultiHopQA,16,16,183,multi-hop,30.3665,0.0,0.0,0,1,1,58,314,314,51692699648,51692699648,7.372,0.024
google/gemma-3-1b-it,NVIDIA GeForce RTX 5060 Ti,42,2WikiMultiHopQA,16,16,184,structural,26.8338,33.3428,65.1591,0,0,0,86,342,342,61322821632,61322821632,7.372,0.024
google/gemma-3-1b-it,NVIDIA GeForce RTX 5060 Ti,42,2WikiMultiHopQA,16,16,185,multi-hop,38.1786,0.0,0.0,0,1,1,12,144,100,10871635968,5242880000,7.372,0.024
google/gemma-3-1b-it,NVIDIA GeForce RTX 5060 Ti,42,2WikiMultiHopQA,16,16,186,semantic,38.0363,0.0,0.0,0,1,1,85,341,341,60964732928,60964732928,7.372,0.024
google/gemma-3-1b-it,NVIDIA GeForce RTX 5060 Ti,42,2WikiMultiHopQA,16,16,187,multi-hop,40.2593,0.0,0.0,0,1,1,113,369,369,71387578368,71387578368,7.372,0.024
google/gemma-3-1b-it,NVIDIA GeForce RTX 5060 Ti,42,2WikiMultiHopQA,16,16,188,multi-hop,41.8077,0.0,0.0,0,1,1,16,272,272,38788923392,38788923392,7.372,0.024
google/gemma-3-1b-it,NVIDIA GeForce RTX 5060 Ti,42,2WikiMultiHopQA,16,16,189,structural,52.8084,0.0,0.0,0,1,1,194,450,450,106168320000,106168320000,7.372,0.024
google/gemma-3-1b-it,NVIDIA GeForce RTX 5060 Ti,42,2WikiMultiHopQA,16,16,190,structural,54.9436,0.0,57.1653,0,1,0,106,362,362,68704796672,68704796672,7.372,0.024
google/gemma-3-1b-it,NVIDIA GeForce RTX 5060 Ti,42,2WikiMultiHopQA,16,16,191,structural,0.0,0.0,0.0,1,1,1,2,156,258,12759072768,34898706432,7.372,0.024
google/gemma-3-1b-it,NVIDIA GeForce RTX 5060 Ti,42,2WikiMultiHopQA,16,16,192,multi-hop,47.0495,0.0,0.0,0,1,1,64,320,320,53687091200,53687091200,7.372,0.024
google/gemma-3-1b-it,NVIDIA GeForce RTX 5060 Ti,42,2WikiMultiHopQA,16,16,193,semantic,35.4648,0.0,0.0,0,1,1,139,395,395,81802035200,81802035200,7.372,0.024
google/gemma-3-1b-it,NVIDIA GeForce RTX 5060 Ti,42,2WikiMultiHopQA,16,16,194,multi-hop,44.2307,45.0287,36.2679,0,0,0,2,258,258,34898706432,34898706432,7.372,0.024
google/gemma-3-1b-it,NVIDIA GeForce RTX 5060 Ti,42,2WikiMultiHopQA,16,16,195,multi-hop,42.9323,38.1362,40.8298,0,0,0,111,367,367,70615826432,70615826432,7.372,0.024
google/gemma-3-1b-it,NVIDIA GeForce RTX 5060 Ti,42,2WikiMultiHopQA,16,16,196,multi-hop,87.8445,0.0,0.0,0,1,1,114,370,370,71775027200,71775027200,7.372,0.024
google/gemma-3-1b-it,NVIDIA GeForce RTX 5060 Ti,42,2WikiMultiHopQA,16,16,197,semantic,33.3533,0.0,0.0,0,1,1,35,291,291,44397232128,44397232128,7.372,0.024
google/gemma-3-1b-it,NVIDIA GeForce RTX 5060 Ti,42,2WikiMultiHopQA,16,16,198,semantic,0.0,0.0,0.0,1,1,1,139,395,395,81802035200,81802035200,7.372,0.024
google/gemma-3-1b-it,NVIDIA GeForce RTX 5060 Ti,42,2WikiMultiHopQA,16,16,199,semantic,37.3166,0.0,0.0,0,1,1,90,346,346,62765662208,62765662208,7.372,0.024
google/gemma-3-1b-it,NVIDIA GeForce RTX 5060 Ti,42,2WikiMultiHopQA,16,16,200,multi-hop,0.0,35.1051,58.8004,1,0,0,93,349,349,63858802688,63858802688,7.372,0.024
google/gemma-3-1b-it,NVIDIA GeForce RTX 5060 Ti,42,2WikiMultiHopQA,16,16,201,multi-hop,68.1343,0.0,0.0,0,1,1,109,365,365,69848268800,69848268800,7.372,0.024
google/gemma-3-1b-it,NVIDIA GeForce RTX 5060 Ti,42,2WikiMultiHopQA,16,16,202,semantic,46.1321,0.0,97.4844,0,1,0,68,324,324,55037657088,55037657088,7.372,0.024
google/gemma-3-1b-it,NVIDIA GeForce RTX 5060 Ti,42,2WikiMultiHopQA,16,16,203,semantic,64.2467,0.0,0.0,0,1,1,121,377,377,74516529152,74516529152,7.372,0.024
google/gemma-3-1b-it,NVIDIA GeForce RTX 5060 Ti,42,2WikiMultiHopQA,16,16,204,multi-hop,88.4545,36.5614,35.2562,0,0,0,93,349,349,63858802688,63858802688,7.372,0.024
google/gemma-3-1b-it,NVIDIA GeForce RTX 5060 Ti,42,2WikiMultiHopQA,16,16,205,multi-hop,46.8605,0.0,0.0,0,1,1,67,323,323,54698442752,54698442752,7.372,0.024
google/gemma-3-1b-it,NVIDIA GeForce RTX 5060 Ti,42,2WikiMultiHopQA,16,16,206,multi-hop,45.532,0.0,0.0,0,1,1,113,369,369,71387578368,71387578368,7.372,0.024
google/gemma-3-1b-it,NVIDIA GeForce RTX 5060 Ti,42,2WikiMultiHopQA,16,16,207,multi-hop,33.9993,0.0,0.0,0,1,1,2,58,58,1763704832,1763704832,7.372,0.024
google/gemma-3-1b-it,NVIDIA GeForce RTX 5060 Ti,42,2WikiMultiHopQA,16,16,208,semantic,66.6878,0.0,0.0,0,1,1,114,370,370,71775027200,71775027200,7.372,0.024
google/gemma-3-1b-it,NVIDIA GeForce RTX 5060 Ti,42,2WikiMultiHopQA,16,16,209,semantic,0.0,0.0,0.0,1,1,1,78,334,334,58487472128,58487472128,7.372,0.024
google/gemma-3-1b-it,NVIDIA GeForce RTX 5060 Ti,42,2WikiMultiHopQA,16,16,210,multi-hop,50.1987,0.0,0.0,0,1,1,101,357,357,66819981312,66819981312,7.372,0.024
google/gemma-3-1b-it,NVIDIA GeForce RTX 5060 Ti,42,2WikiMultiHopQA,16,16,211,multi-hop,41.4131,0.0,0.0,0,1,1,85,341,341,60964732928,60964732928,7.372,0.024
google/gemma-3-1b-it,NVIDIA GeForce RTX 5060 Ti,42,2WikiMultiHopQA,16,16,212,semantic,48.5818,0.0,0.0,0,1,1,95,351,351,64592805888,64592805888,7.372,0.024
google/gemma-3-1b-it,NVIDIA GeForce RTX 5060 Ti,42,2WikiMultiHopQA,16,16,213,structural,41.7138,50.3647,40.0186,0,0,0,63,319,319,53352071168,53352071168,7.372,0.024
google/gemma-3-1b-it,NVIDIA GeForce RTX 5060 Ti,42,2WikiMultiHopQA,16,16,214,multi-hop,57.3485,0.0,0.0,0,1,1,16,272,272,38788923392,38788923392,7.372,0.024
google/gemma-3-1b-it,NVIDIA GeForce RTX 5060 Ti,42,2WikiMultiHopQA,16,16,215,multi-hop,41.3567,48.3815,84.3811,0,0,0,35,291,291,44397232128,44397232128,7.372,0.024
google/gemma-3-1b-it,NVIDIA GeForce RTX 5060 Ti,42,2WikiMultiHopQA,16,16,216,multi-hop,46.2525,0.0,0.0,0,1,1,23,279,279,40811102208,40811102208,7.372,0.024
google/gemma-3-1b-it,NVIDIA GeForce RTX 5060 Ti,42,2WikiMultiHopQA,16,16,217,semantic,63.8911,0.0,0.0,0,1,1,70,326,326,55719231488,55719231488,7.372,0.024
google/gemma-3-1b-it,NVIDIA GeForce RTX 5060 Ti,42,2WikiMultiHopQA,16,16,218,semantic,39.0215,0.0,0.0,0,1,1,133,389,389,79335784448,79335784448,7.372,0.024
google/gemma-3-1b-it,NVIDIA GeForce RTX 5060 Ti,42,2WikiMultiHopQA,16,16,219,structural,48.3313,53.15,0.0,0,0,1,52,308,308,49736056832,49736056832,7.372,0.024
google/gemma-3-1b-it,NVIDIA GeForce RTX 5060 Ti,42,2WikiMultiHopQA,16,16,220,multi-hop,42.3349,0.0,0.0,0,1,1,17,273,273,39074660352,39074660352,7.372,0.024
google/gemma-3-1b-it,NVIDIA GeForce RTX 5060 Ti,42,2WikiMultiHopQA,16,16,221,semantic,37.7271,0.0,0.0,0,1,1,101,357,357,66819981312,66819981312,7.372,0.024
google/gemma-3-1b-it,NVIDIA GeForce RTX 5060 Ti,42,2WikiMultiHopQA,16,16,222,structural,39.2348,46.5853,63.6878,0,0,0,100,356,356,66446163968,66446163968,7.372,0.024
google/gemma-3-1b-it,NVIDIA GeForce RTX 5060 Ti,42,2WikiMultiHopQA,16,16,223,multi-hop,44.8974,0.0,0.0,0,1,1,48,304,304,48452599808,48452599808,7.372,0.024
google/gemma-3-1b-it,NVIDIA GeForce RTX 5060 Ti,42,2WikiMultiHopQA,16,16,224,multi-hop,42.6954,53.5867,0.0,0,0,1,114,370,370,71775027200,71775027200,7.372,0.024
google/gemma-3-1b-it,NVIDIA GeForce RTX 5060 Ti,42,2WikiMultiHopQA,16,16,225,structural,44.8866,39.9977,0.0,0,0,1,85,341,341,60964732928,60964732928,7.372,0.024
google/gemma-3-1b-it,NVIDIA GeForce RTX 5060 Ti,42,2WikiMultiHopQA,16,16,226,semantic,67.3579,0.0,85.9822,0,1,0,120,376,376,74121740288,74121740288,7.372,0.024
google/gemma-3-1b-it,NVIDIA GeForce RTX 5060 Ti,42,2WikiMultiHopQA,16,16,227,semantic,0.0,0.0,0.0,1,1,1,83,339,339,60251701248,60251701248,7.372,0.024
google/gemma-3-1b-it,NVIDIA GeForce RTX 5060 Ti,42,2WikiMultiHopQA,16,16,228,structural,55.218,33.0373,34.5198,0,0,0,42,298,298,46558871552,46558871552,7.372,0.024
google/gemma-3-1b-it,NVIDIA GeForce RTX 5060 Ti,42,2WikiMultiHopQA,16,16,229,multi-hop,41.4365,0.0,0.0,0,1,1,40,296,296,45936017408,45936017408,7.372,0.024
google/gemma-3-1b-it,NVIDIA GeForce RTX 5060 Ti,42,2WikiMultiHopQA,16,16,230,structural,44.5987,55.1107,0.0,0,0,1,77,333,333,58137772032,58137772032,7.372,0.024
google/gemma-3-1b-it,NVIDIA GeForce RTX 5060 Ti,42,2WikiMultiHopQA,16,16,231,semantic,33.25,0.0,0.0,0,1,1,102,358,358,67194847232,67194847232,7.372,0.024
google/gemma-3-1b-it,NVIDIA GeForce RTX 5060 Ti,42,2WikiMultiHopQA,16,16,232,structural,69.2775,32.5416,38.9021,0,0,0,3,69,73,2496135168,2793930752,7.372,0.024
google/gemma-3-1b-it,NVIDIA GeForce RTX 5060 Ti,42,2WikiMultiHopQA,16,16,233,structural,38.1833,0.0,0.0,0,1,1,95,351,351,64592805888,64592805888,7.372,0.024
google/gemma-3-1b-it,NVIDIA GeForce RTX 5060 Ti,42,2WikiMultiHopQA,16,16,234,semantic,33.9304,0.0,0.0,0,1,1,2,42,72,924844032,2717908992,7.372,0.024
google/gemma-3-1b-it,NVIDIA GeForce RTX 5060 Ti,42,2WikiMultiHopQA,16,16,235,multi-hop,0.0,0.0,0.0,1,1,1,83,339,339,60251701248,60251701248,7.372,0.024
google/gemma-3-1b-it,NVIDIA GeForce RTX 5060 Ti,42,2WikiMultiHopQA,16,16,236,multi-hop,85.3605,0.0,0.0,0,1,1,140,396,396,82216747008,82216747008,7.372,0.024
google/gemma-3-1b-it,NVIDIA GeForce RTX 5060 Ti,42,2WikiMultiHopQA,16,16,237,structural,42.6756,0.0,0.0,0,1,1,100,356,356,66446163968,66446163968,7.372,0.024
google/gemma-3-1b-it,NVIDIA GeForce RTX 5060 Ti,42,2WikiMultiHopQA,16,16,238,multi-hop,53.6043,0.0,71.8299,0,1,0,53,309,309,50059542528,50059542528,7.372,0.024
google/gemma-3-1b-it,NVIDIA GeForce RTX 5060 Ti,42,2WikiMultiHopQA,16,16,239,structural,40.1887,35.4658,0.0,0,0,1,80,336,336,59190018048,59190018048,7.372,0.024
google/gemma-3-1b-it,NVIDIA GeForce RTX 5060 Ti,42,2WikiMultiHopQA,16,16,240,multi-hop,37.0638,0.0,0.0,0,1,1,20,276,276,39938162688,39938162688,7.372,0.024
google/gemma-3-1b-it,NVIDIA GeForce RTX 5060 Ti,42,2WikiMultiHopQA,16,16,241,multi-hop,50.0542,0.0,0.0,0,1,1,107,363,363,69084905472,69084905472,7.372,0.024
google/gemma-3-1b-it,NVIDIA GeForce RTX 5060 Ti,42,2WikiMultiHopQA,16,16,242,multi-hop,39.5257,59.6536,83.6378,0,0,0,146,402,402,84727037952,84727037952,7.372,0.024
google/gemma-3-1b-it,NVIDIA GeForce RTX 5060 Ti,42,2WikiMultiHopQA,16,16,243,multi-hop,88.4354,56.9595,0.0,0,0,1,6,262,262,35989225472,35989225472,7.372,0.024
google/gemma-3-1b-it,NVIDIA GeForce RTX 5060 Ti,42,2WikiMultiHopQA,16,16,244,semantic,68.7252,0.0,0.0,0,1,1,78,334,334,58487472128,58487472128,7.372,0.024
google/gemma-3-1b-it,NVIDIA GeForce RTX 5060 Ti,42,2WikiMultiHopQA,16,16,245,multi-hop,60.9274,32.6894,79.3219,0,0,0,155,411,411,88563253248,88563253248,7.372,0.024
google/gemma-3-1b-it,NVIDIA GeForce RTX 5060 Ti,42,2WikiMultiHopQA,16,16,246,structural,41.1192,35.7295,40.2492,0,0,0,135,391,391,80153673728,80153673728,7.372,0.024
google/gemma-3-1b-it,NVIDIA GeForce RTX 5060 Ti,42,2WikiMultiHopQA,16,16,247,structural,51.6852,0.0,0.0,0,1,1,13,269,269,37938003968,37938003968,7.372,0.024
google/gemma-3-1b-it,NVIDIA GeForce RTX 5060 Ti,42,2WikiMultiHopQA,16,16,248,semantic,52.2576,0.0,0.0,0,1,1,138,394,394,81388371968,81388371968,7.372,0.024
google/gemma-3-1b-it,NVIDIA GeForce RTX 5060 Ti,42,2WikiMultiHopQA,16,16,249,multi-hop,50.9791,0.0,49.2946,0,1,0,103,359,359,67570761728,67570761728,7.372,0.024
google/gemma-3-1b-it,NVIDIA GeForce RTX 5060 Ti,42,2WikiMultiHopQA,16,16,250,semantic,45.8645,0.0,0.0,0,1,1,122,378,378,74912366592,74912366592,7.372,0.024
google/gemma-3-1b-it,NVIDIA GeForce RTX 5060 Ti,42,2WikiMultiHopQA,16,16,251,multi-hop,68.4012,38.6373,69.354,0,0,0,48,304,304,48452599808,48452599808,7.372,0.024
google/gemma-3-1b-it,NVIDIA GeForce RTX 5060 Ti,42,2WikiMultiHopQA,16,16,252,multi-hop,0.0,0.0,0.0,1,1,1,35,291,291,44397232128,44397232128,7.372,0.024
google/gemma-3-1b-it,NVIDIA GeForce RTX 5060 Ti,42,2WikiMultiHopQA,16,16,253,multi-hop,32.7271,0.0,0.0,0,1,1,113,369,369,71387578368,71387578368,7.372,0.024
google/gemma-3-1b-it,NVIDIA GeForce RTX 5060 Ti,42,2WikiMultiHopQA,16,16,254,multi-hop,40.6396,42.241,29.6182,0,0,0,4,260,260,35441868800,35441868800,7.372,0.024
google/gemma-3-1b-it,NVIDIA GeForce RTX 5060 Ti,42,2WikiMultiHopQA,16,16,255,multi-hop,77.6154,80.6615,49.133,0,0,0,122,378,378,74912366592,74912366592,7.372,0.024
google/gemma-3-1b-it,NVIDIA GeForce RTX 5060 Ti,42,2WikiMultiHopQA,16,16,256,multi-hop,66.6085,73.4051,0.0,0,0,1,46,302,302,47817162752,47817162752,7.372,0.024
google/gemma-3-1b-it,NVIDIA GeForce RTX 5060 Ti,42,2WikiMultiHopQA,16,16,257,semantic,35.0538,0.0,0.0,0,1,1,79,335,335,58838220800,58838220800,7.372,0.024
google/gemma-3-1b-it,NVIDIA GeForce RTX 5060 Ti,42,2WikiMultiHopQA,16,16,258,multi-hop,43.8878,0.0,0.0,0,1,1,48,304,304,48452599808,48452599808,7.372,0.024
google/gemma-3-1b-it,NVIDIA GeForce RTX 5060 Ti,42,2WikiMultiHopQA,16,16,259,multi-hop,28.5474,0.0,0.0,0,1,1,2,156,155,12759072768,12596019200,7.372,0.024
google/gemma-3-1b-it,NVIDIA GeForce RTX 5060 Ti,42,2WikiMultiHopQA,16,16,260,structural,32.8091,45.9042,31.2186,0,0,0,12,144,100,10871635968,5242880000,7.372,0.024
google/gemma-3-1b-it,NVIDIA GeForce RTX 5060 Ti,42,2WikiMultiHopQA,16,16,261,semantic,39.5573,0.0,46.1745,0,1,0,12,268,268,37656461312,37656461312,7.372,0.024
google/gemma-3-1b-it,NVIDIA GeForce RTX 5060 Ti,42,2WikiMultiHopQA,16,16,262,multi-hop,42.3989,34.5072,81.9488,0,0,0,119,375,375,73728000000,73728000000,7.372,0.024
google/gemma-3-1b-it,NVIDIA GeForce RTX 5060 Ti,42,2WikiMultiHopQA,16,16,263,semantic,44.9402,0.0,0.0,0,1,1,135,391,391,80153673728,80153673728,7.372,0.024
google/gemma-3-1b-it,NVIDIA GeForce RTX 5060 Ti,42,2WikiMultiHopQA,16,16,264,semantic,40.6303,36.9044,66.5226,0,0,0,96,352,352,64961380352,64961380352,7.372,0.024
google/gemma-3-1b-it,NVIDIA GeForce RTX 5060 Ti,42,2WikiMultiHopQA,16,16,265,semantic,69.8498,0.0,0.0,0,1,1,59,315,315,52022476800,52022476800,7.372,0.024
google/gemma-3-1b-it,NVIDIA GeForce RTX 5060 Ti,42,2WikiMultiHopQA,16,16,266,semantic,0.0,0.0,0.0,1,1,1,209,465,465,113364172800,113364172800,7.372,0.024
google/gemma-3-1b-it,NVIDIA GeForce RTX 5060 Ti,42,2WikiMultiHopQA,16,16,267,structural,86.6156,56.7246,0.0,0,0,1,32,288,288,43486543872,43486543872,7.372,0.024
google/gemma-3-1b-it,NVIDIA GeForce RTX 5060 Ti,42,2WikiMultiHopQA,16,16,268,structural,62.6912,48.9676,37.1178,0,0,0,111,367,367,70615826432,70615826432,7.372,0.024
google/gemma-3-1b-it,NVIDIA GeForce RTX 5060 Ti,42,2WikiMultiHopQA,16,16,269,semantic,37.8939,0.0,0.0,0,1,1,64,320,320,53687091200,53687091200,7.372,0.024
google/gemma-3-1b-it,NVIDIA GeForce RTX 5060 Ti,42,2WikiMultiHopQA,16,16,270,multi-hop,45.2115,0.0,0.0,0,1,1,119,375,375,73728000000,73728000000,7.372,0.024
google/gemma-3-1b-it,NVIDIA GeForce RTX 5060 Ti,42,2WikiMultiHopQA,16,16,271,multi-hop,45.4471,0.0,50.2656,0,1,0,28,284,284,42286972928,42286972928,7.372,0.024
google/gemma-3-1b-it,NVIDIA GeForce RTX 5060 Ti,42,2WikiMultiHopQA,16,16,272,semantic,90.4525,0.0,0.0,0,1,1,20,276,276,39938162688,39938162688,7.372,0.024
google/gemma-3-1b-it,NVIDIA GeForce RTX 5060 Ti,42,2WikiMultiHopQA,16,16,273,multi-hop,53.237,54.7635,0.0,0,0,1,22,278,278,40519073792,40519073792,7.372,0.024
google/gemma-3-1b-it,NVIDIA GeForce RTX 5060 Ti,42,2WikiMultiHopQA,16,16,274,multi-hop,61.8443,0.0,0.0,0,1,1,112,368,368,71001178112,71001178112,7.372,0.024
google/gemma-3-1b-it,NVIDIA GeForce RTX 5060 Ti,42,2WikiMultiHopQA,16,16,275,multi-hop,41.5043,0.0,40.0783,0,1,0,80,336,336,59190018048,59190018048,7.372,0.024
google/gemma-3-1b-it,NVIDIA GeForce RTX 5060 Ti,42,2WikiMultiHopQA,16,16,276,multi-hop,36.5083,0.0,0.0,0,1,1,36,292,292,44702892032,44702892032,7.372,0.024
google/gemma-3-1b-it,NVIDIA GeForce RTX 5060 Ti,42,2WikiMultiHopQA,16,16,277,structural,64.5049,67.8118,74.4621,0,0,0,25,281,281,41398304768,41398304768,7.372,0.024
google/gemma-3-1b-it,NVIDIA GeForce RTX 5060 Ti,42,2WikiMultiHopQA,16,16,278,multi-hop,50.4657,0.0,0.0,0,1,1,81,337,337,59542863872,59542863872,7.372,0.024
google/gemma-3-1b-it,NVIDIA GeForce RTX 5060 Ti,42,2WikiMultiHopQA,16,16,279,structural,38.1758,39.388,82.8511,0,0,0,145,401,401,84306034688,84306034688,7.372,0.024
google/gemma-3-1b-it,NVIDIA GeForce RTX 5060 Ti,42,2WikiMultiHopQA,16,16,280,multi-hop,42.5898,73.1315,104.3673,0,0,0,57,313,313,51363971072,51363971072,7.372,0.024
google/gemma-3-1b-it,NVIDIA GeForce RTX 5060 Ti,42,2WikiMultiHopQA,16,16,281,semantic,57.543,0.0,0.0,0,1,1,105,361,361,68325736448,68325736448,7.372,0.024
google/gemma-3-1b-it,NVIDIA GeForce RTX 5060 Ti,42,2WikiMultiHopQA,16,16,282,semantic,31.8593,0.0,0.0,0,1,1,36,292,292,44702892032,44702892032,7.372,0.024
google/gemma-3-1b-it,NVIDIA GeForce RTX 5060 Ti,42,2WikiMultiHopQA,16,16,283,structural,55.6195,58.5328,80.8562,0,0,0,29,285,285,42585292800,42585292800,7.372,0.024
google/gemma-3-1b-it,NVIDIA GeForce RTX 5060 Ti,42,2WikiMultiHopQA,16,16,284,multi-hop,36.9258,0.0,0.0,0,1,1,118,374,374,73335308288,73335308288,7.372,0.024
google/gemma-3-1b-it,NVIDIA GeForce RTX 5060 Ti,42,2WikiMultiHopQA,16,16,285,structural,45.0283,0.0,0.0,0,1,1,34,290,290,44092620800,44092620800,7.372,0.024
google/gemma-3-1b-it,NVIDIA GeForce RTX 5060 Ti,42,2WikiMultiHopQA,16,16,286,multi-hop,70.2573,0.0,0.0,0,1,1,100,356,356,66446163968,66446163968,7.372,0.024
google/gemma-3-1b-it,NVIDIA GeForce RTX 5060 Ti,42,2WikiMultiHopQA,16,16,287,structural,91.3989,0.0,0.0,0,1,1,98,354,354,65701675008,65701675008,7.372,0.024
google/gemma-3-1b-it,NVIDIA GeForce RTX 5060 Ti,42,2WikiMultiHopQA,16,16,288,multi-hop,42.6061,0.0,0.0,0,1,1,115,371,371,72163524608,72163524608,7.372,0.024
google/gemma-3-1b-it,NVIDIA GeForce RTX 5060 Ti,42,2WikiMultiHopQA,16,16,289,multi-hop,59.9727,0.0,0.0,0,1,1,105,361,361,68325736448,68325736448,7.372,0.024
google/gemma-3-1b-it,NVIDIA GeForce RTX 5060 Ti,42,2WikiMultiHopQA,16,16,290,semantic,84.9524,0.0,0.0,0,1,1,105,361,361,68325736448,68325736448,7.372,0.024
google/gemma-3-1b-it,NVIDIA GeForce RTX 5060 Ti,42,2WikiMultiHopQA,16,16,291,multi-hop,52.1279,34.963,35.3204,0,0,0,100,356,356,66446163968,66446163968,7.372,0.024
google/gemma-3-1b-it,NVIDIA GeForce RTX 5060 Ti,42,2WikiMultiHopQA,16,16,292,multi-hop,82.4773,0.0,0.0,0,1,1,20,276,276,39938162688,39938162688,7.372,0.024
google/gemma-3-1b-it,NVIDIA GeForce RTX 5060 Ti,42,2WikiMultiHopQA,16,16,293,multi-hop,60.284,52.1413,68.295,0,0,0,24,280,280,41104179200,41104179200,7.372,0.024
google/gemma-3-1b-it,NVIDIA GeForce RTX 5060 Ti,42,2WikiMultiHopQA,16,16,294,multi-hop,49.7253,62.3172,60.5536,0,0,0,51,307,307,49413619712,49413619712,7.372,0.024
google/gemma-3-1b-it,NVIDIA GeForce RTX 5060 Ti,42,2WikiMultiHopQA,16,16,295,semantic,66.3186,0.0,0.0,0,1,1,146,402,402,84727037952,84727037952,7.372,0.024
google/gemma-3-1b-it,NVIDIA GeForce RTX 5060 Ti,42,2WikiMultiHopQA,16,16,296,multi-hop,49.3587,61.0753,45.6832,0,0,0,124,380,380,75707187200,75707187200,7.372,0.024
google/gemma-3-1b-it,NVIDIA GeForce RTX 5060 Ti,42,2WikiMultiHopQA,16,16,297,multi-hop,45.3061,0.0,0.0,0,1,1,78,334,334,58487472128,58487472128,7.372,0.024
google/gemma-3-1b-it,NVIDIA GeForce RTX 5060 Ti,42,2WikiMultiHopQA,16,16,298,structural,37.7036,49.1984,0.0,0,0,1,5,118,61,7300186112,1950875648,7.372,0.024
google/gemma-3-1b-it,NVIDIA GeForce RTX 5060 Ti,42,2WikiMultiHopQA,16,16,299,semantic,79.6622,0.0,0.0,0,1,1,123,379,379,75309252608,75309252608,7.372,0.024
google/gemma-3-1b-it,NVIDIA GeForce RTX 5060 Ti,42,2WikiMultiHopQA,16,16,300,multi-hop,39.8367,0.0,0.0,0,1,1,121,377,377,74516529152,74516529152,7.372,0.024
google/gemma-3-1b-it,NVIDIA GeForce RTX 5060 Ti,42,2WikiMultiHopQA,16,16,301,multi-hop,55.0637,0.0,0.0,0,1,1,103,359,359,67570761728,67570761728,7.372,0.024
google/gemma-3-1b-it,NVIDIA GeForce RTX 5060 Ti,42,2WikiMultiHopQA,16,16,302,structural,50.7971,0.0,0.0,0,1,1,118,374,374,73335308288,73335308288,7.372,0.024
google/gemma-3-1b-it,NVIDIA GeForce RTX 5060 Ti,42,2WikiMultiHopQA,16,16,303,semantic,0.0,0.0,0.0,1,1,1,110,366,366,70231523328,70231523328,7.372,0.024
google/gemma-3-1b-it,NVIDIA GeForce RTX 5060 Ti,42,2WikiMultiHopQA,16,16,304,multi-hop,47.1791,0.0,0.0,0,1,1,50,306,306,49092231168,49092231168,7.372,0.024
google/gemma-3-1b-it,NVIDIA GeForce RTX 5060 Ti,42,2WikiMultiHopQA,16,16,305,multi-hop,72.3817,0.0,0.0,0,1,1,46,302,302,47817162752,47817162752,7.372,0.024
google/gemma-3-1b-it,NVIDIA GeForce RTX 5060 Ti,42,2WikiMultiHopQA,16,16,306,semantic,38.7035,0.0,0.0,0,1,1,119,375,375,73728000000,73728000000,7.372,0.024
google/gemma-3-1b-it,NVIDIA GeForce RTX 5060 Ti,42,2WikiMultiHopQA,16,16,307,semantic,51.8822,0.0,0.0,0,1,1,2,58,58,1763704832,1763704832,7.372,0.024
google/gemma-3-1b-it,NVIDIA GeForce RTX 5060 Ti,42,2WikiMultiHopQA,16,16,308,multi-hop,50.9869,0.0,0.0,0,1,1,107,363,363,69084905472,69084905472,7.372,0.024
google/gemma-3-1b-it,NVIDIA GeForce RTX 5060 Ti,42,2WikiMultiHopQA,16,16,309,multi-hop,40.2394,0.0,0.0,0,1,1,114,370,370,71775027200,71775027200,7.372,0.024
google/gemma-3-1b-it,NVIDIA GeForce RTX 5060 Ti,42,2WikiMultiHopQA,16,16,310,structural,49.4301,0.0,0.0,0,1,1,80,336,336,59190018048,59190018048,7.372,0.024
google/gemma-3-1b-it,NVIDIA GeForce RTX 5060 Ti,42,2WikiMultiHopQA,16,16,311,multi-hop,58.1393,0.0,0.0,0,1,1,122,378,378,74912366592,74912366592,7.372,0.024
google/gemma-3-1b-it,NVIDIA GeForce RTX 5060 Ti,42,2WikiMultiHopQA,16,16,312,multi-hop,47.7872,0.0,0.0,0,1,1,90,346,346,62765662208,62765662208,7.372,0.024
google/gemma-3-1b-it,NVIDIA GeForce RTX 5060 Ti,42,2WikiMultiHopQA,16,16,313,structural,41.9454,49.92,41.7711,0,0,0,3,125,43,8192000000,969408512,7.372,0.024
google/gemma-3-1b-it,NVIDIA GeForce RTX 5060 Ti,42,2WikiMultiHopQA,16,16,314,structural,39.1494,61.63,42.9228,0,0,0,16,272,272,38788923392,38788923392,7.372,0.024
google/gemma-3-1b-it,NVIDIA GeForce RTX 5060 Ti,42,2WikiMultiHopQA,16,16,315,multi-hop,71.9477,60.6919,60.7654,0,0,0,155,411,411,88563253248,88563253248,7.372,0.024
google/gemma-3-1b-it,NVIDIA GeForce RTX 5060 Ti,42,2WikiMultiHopQA,16,16,316,semantic,43.2776,0.0,0.0,0,1,1,74,330,330,57094963200,57094963200,7.372,0.024
google/gemma-3-1b-it,NVIDIA GeForce RTX 5060 Ti,42,2WikiMultiHopQA,16,16,317,multi-hop,59.7808,0.0,0.0,0,1,1,46,302,302,47817162752,47817162752,7.372,0.024
google/gemma-3-1b-it,NVIDIA GeForce RTX 5060 Ti,42,2WikiMultiHopQA,16,16,318,multi-hop,70.9363,0.0,0.0,0,1,1,4,260,260,35441868800,35441868800,7.372,0.024
google/gemma-3-1b-it,NVIDIA GeForce RTX 5060 Ti,42,2WikiMultiHopQA,16,16,319,semantic,56.3101,0.0,0.0,0,1,1,105,361,361,68325736448,68325736448,7.372,0.024
google/gemma-3-1b-it,NVIDIA GeForce RTX 5060 Ti,42,2WikiMultiHopQA,16,16,320,multi-hop,61.7748,0.0,0.0,0,1,1,102,358,358,67194847232,67194847232,7.372,0.024
google/gemma-3-1b-it,NVIDIA GeForce RTX 5060 Ti,42,2WikiMultiHopQA,16,16,321,multi-hop,41.0564,0.0,0.0,0,1,1,99,355,355,66073395200,66073395200,7.372,0.024
google/gemma-3-1b-it,NVIDIA GeForce RTX 5060 Ti,42,2WikiMultiHopQA,16,16,322,multi-hop,43.165,0.0,0.0,0,1,1,122,378,378,74912366592,74912366592,7.372,0.024
google/gemma-3-1b-it,NVIDIA GeForce RTX 5060 Ti,42,2WikiMultiHopQA,16,16,323,structural,0.0,0.0,0.0,1,1,1,110,366,366,70231523328,70231523328,7.372,0.024
google/gemma-3-1b-it,NVIDIA GeForce RTX 5060 Ti,42,2WikiMultiHopQA,16,16,324,semantic,49.7882,0.0,0.0,0,1,1,136,392,392,80564191232,80564191232,7.372,0.024
google/gemma-3-1b-it,NVIDIA GeForce RTX 5060 Ti,42,2WikiMultiHopQA,16,16,325,semantic,43.7438,0.0,0.0,0,1,1,138,394,394,81388371968,81388371968,7.372,0.024
google/gemma-3-1b-it,NVIDIA GeForce RTX 5060 Ti,42,2WikiMultiHopQA,16,16,326,multi-hop,81.1175,73.264,34.1703,0,0,0,139,395,395,81802035200,81802035200,7.372,0.024
google/gemma-3-1b-it,NVIDIA GeForce RTX 5060 Ti,42,2WikiMultiHopQA,16,16,327,structural,66.0181,63.9971,61.3276,0,0,0,93,349,349,63858802688,63858802688,7.372,0.024
google/gemma-3-1b-it,NVIDIA GeForce RTX 5060 Ti,42,2WikiMultiHopQA,16,16,328,multi-hop,42.0708,0.0,0.0,0,1,1,33,289,289,43789058048,43789058048,7.372,0.024
google/gemma-3-1b-it,NVIDIA GeForce RTX 5060 Ti,42,2WikiMultiHopQA,16,16,329,multi-hop,37.4867,0.0,0.0,0,1,1,114,370,370,71775027200,71775027200,7.372,0.024
google/gemma-3-1b-it,NVIDIA GeForce RTX 5060 Ti,42,2WikiMultiHopQA,16,16,330,structural,68.6368,50.779,0.0,0,0,1,2,258,258,34898706432,34898706432,7.372,0.024
google/gemma-3-1b-it,NVIDIA GeForce RTX 5060 Ti,42,2WikiMultiHopQA,16,16,331,multi-hop,54.7914,0.0,0.0,0,1,1,209,465,465,113364172800,113364172800,7.372,0.024
google/gemma-3-1b-it,NVIDIA GeForce RTX 5060 Ti,42,2WikiMultiHopQA,16,16,332,multi-hop,60.1297,0.0,0.0,0,1,1,29,285,285,42585292800,42585292800,7.372,0.024
google/gemma-3-1b-it,NVIDIA GeForce RTX 5060 Ti,42,2WikiMultiHopQA,16,16,333,semantic,32.4957,0.0,0.0,0,1,1,80,336,336,59190018048,59190018048,7.372,0.024
google/gemma-3-1b-it,NVIDIA GeForce RTX 5060 Ti,42,2WikiMultiHopQA,16,16,334,semantic,98.6983,0.0,0.0,0,1,1,103,359,359,67570761728,67570761728,7.372,0.024
google/gemma-3-1b-it,NVIDIA GeForce RTX 5060 Ti,42,2WikiMultiHopQA,16,16,335,multi-hop,34.338,0.0,0.0,0,1,1,22,278,278,40519073792,40519073792,7.372,0.024
google/gemma-3-1b-it,NVIDIA GeForce RTX 5060 Ti,42,2WikiMultiHopQA,16,16,336,multi-hop,43.6115,0.0,0.0,0,1,1,95,351,351,64592805888,64592805888,7.372,0.024
google/gemma-3-1b-it,NVIDIA GeForce RTX 5060 Ti,42,2WikiMultiHopQA,16,16,337,structural,58.8611,50.7237,0.0,0,0,1,38,294,294,45317357568,45317357568,7.372,0.024
google/gemma-3-1b-it,NVIDIA GeForce RTX 5060 Ti,42,2WikiMultiHopQA,16,16,338,multi-hop,39.2669,0.0,0.0,0,1,1,2,42,72,924844032,2717908992,7.372,0.024
google/gemma-3-1b-it,NVIDIA GeForce RTX 5060 Ti,42,2WikiMultiHopQA,16,16,339,multi-hop,79.698,0.0,0.0,0,1,1,91,347,347,63128993792,63128993792,7.372,0.024
google/gemma-3-1b-it,NVIDIA GeForce RTX 5060 Ti,42,2WikiMultiHopQA,16,16,340,semantic,37.3321,0.0,0.0,0,1,1,32,288,288,43486543872,43486543872,7.372,0.024
google/gemma-3-1b-it,NVIDIA GeForce RTX 5060 Ti,42,2WikiMultiHopQA,16,16,341,semantic,45.2171,0.0,0.0,0,1,1,48,304,304,48452599808,48452599808,7.372,0.024
google/gemma-3-1b-it,NVIDIA GeForce RTX 5060 Ti,42,2WikiMultiHopQA,16,16,342,multi-hop,0.0,0.0,0.0,1,1,1,2,42,72,924844032,2717908992,7.372,0.024
google/gemma-3-1b-it,NVIDIA GeForce RTX 5060 Ti,42,2WikiMultiHopQA,16,16,343,structural,39.1468,46.6961,39.2299,0,0,0,3,125,43,8192000000,969408512,7.372,0.024
google/gemma-3-1b-it,NVIDIA GeForce RTX 5060 Ti,42,2WikiMultiHopQA,16,16,344,multi-hop,53.3423,0.0,0.0,0,1,1,105,361,361,68325736448,68325736448,7.372,0.024
google/gemma-3-1b-it,NVIDIA GeForce RTX 5060 Ti,42,2WikiMultiHopQA,16,16,345,semantic,53.9377,0.0,0.0,0,1,1,121,377,377,74516529152,74516529152,7.372,0.024
google/gemma-3-1b-it,NVIDIA GeForce RTX 5060 Ti,42,2WikiMultiHopQA,16,16,346,semantic,44.3681,0.0,0.0,0,1,1,5,177,76,16425418752,3028287488,7.372,0.024
google/gemma-3-1b-it,NVIDIA GeForce RTX 5060 Ti,42,2WikiMultiHopQA,16,16,347,structural,56.566,90.4184,47.6927,0,0,0,72,328,328,56405000192,56405000192,7.372,0.024
google/gemma-3-1b-it,NVIDIA GeForce RTX 5060 Ti,42,2WikiMultiHopQA,16,16,348,structural,47.4652,0.0,0.0,0,1,1,100,356,356,66446163968,66446163968,7.372,0.024
google/gemma-3-1b-it,NVIDIA GeForce RTX 5060 Ti,42,2WikiMultiHopQA,16,16,349,semantic,0.0,0.0,0.0,1,1,1,5,177,76,16425418752,3028287488,7.372,0.024
google/gemma-3-1b-it,NVIDIA GeForce RTX 5060 Ti,42,2WikiMultiHopQA,16,16,350,semantic,57.3289,0.0,0.0,0,1,1,132,388,388,78928412672,78928412672,7.372,0.024
google/gemma-3-1b-it,NVIDIA GeForce RTX 5060 Ti,42,2WikiMultiHopQA,16,16,351,multi-hop,39.1831,43.7082,0.0,0,0,1,58,314,314,51692699648,51692699648,7.372,0.024
google/gemma-3-1b-it,NVIDIA GeForce RTX 5060 Ti,42,2WikiMultiHopQA,16,16,352,structural,58.6167,85.4391,48.1049,0,0,0,2,156,258,12759072768,34898706432,7.372,0.024
google/gemma-3-1b-it,NVIDIA GeForce RTX 5060 Ti,42,2WikiMultiHopQA,16,16,353,semantic,57.0004,0.0,0.0,0,1,1,101,357,357,66819981312,66819981312,7.372,0.024
google/gemma-3-1b-it,NVIDIA GeForce RTX 5060 Ti,42,2WikiMultiHopQA,16,16,354,semantic,0.0,0.0,0.0,1,1,1,122,378,378,74912366592,74912366592,7.372,0.024
google/gemma-3-1b-it,NVIDIA GeForce RTX 5060 Ti,42,2WikiMultiHopQA,16,16,355,semantic,41.1262,0.0,0.0,0,1,1,3,46,73,1109393408,2793930752,7.372,0.024
google/gemma-3-1b-it,NVIDIA GeForce RTX 5060 Ti,42,2WikiMultiHopQA,16,16,356,multi-hop,37.8507,0.0,0.0,0,1,1,95,351,351,64592805888,64592805888,7.372,0.024
google/gemma-3-1b-it,NVIDIA GeForce RTX 5060 Ti,42,2WikiMultiHopQA,16,16,357,structural,43.3045,0.0,0.0,0,1,1,141,397,397,82632507392,82632507392,7.372,0.024
google/gemma-3-1b-it,NVIDIA GeForce RTX 5060 Ti,42,2WikiMultiHopQA,16,16,358,multi-hop,36.4397,72.8716,54.2276,0,0,0,98,354,354,65701675008,65701675008,7.372,0.024
google/gemma-3-1b-it,NVIDIA GeForce RTX 5060 Ti,42,2WikiMultiHopQA,16,16,359,structural,32.9816,77.9917,39.4361,0,0,0,3,125,43,8192000000,969408512,7.372,0.024
google/gemma-3-1b-it,NVIDIA GeForce RTX 5060 Ti,42,2WikiMultiHopQA,16,16,360,structural,30.837,46.0522,40.7559,0,0,0,59,315,315,52022476800,52022476800,7.372,0.024
google/gemma-3-1b-it,NVIDIA GeForce RTX 5060 Ti,42,2WikiMultiHopQA,16,16,361,semantic,62.9656,0.0,0.0,0,1,1,78,334,334,58487472128,58487472128,7.372,0.024
google/gemma-3-1b-it,NVIDIA GeForce RTX 5060 Ti,42,2WikiMultiHopQA,16,16,362,multi-hop,55.0276,34.4605,0.0,0,0,1,114,370,370,71775027200,71775027200,7.372,0.024
google/gemma-3-1b-it,NVIDIA GeForce RTX 5060 Ti,42,2WikiMultiHopQA,16,16,363,structural,99.5572,93.9443,0.0,0,0,1,84,340,340,60607692800,60607692800,7.372,0.024
google/gemma-3-1b-it,NVIDIA GeForce RTX 5060 Ti,42,2WikiMultiHopQA,16,16,364,semantic,43.6491,0.0,0.0,0,1,1,91,347,347,63128993792,63128993792,7.372,0.024
google/gemma-3-1b-it,NVIDIA GeForce RTX 5060 Ti,42,2WikiMultiHopQA,16,16,365,semantic,42.8261,0.0,0.0,0,1,1,109,365,365,69848268800,69848268800,7.372,0.024
google/gemma-3-1b-it,NVIDIA GeForce RTX 5060 Ti,42,2WikiMultiHopQA,16,16,366,multi-hop,65.4834,0.0,0.0,0,1,1,110,366,366,70231523328,70231523328,7.372,0.024
google/gemma-3-1b-it,NVIDIA GeForce RTX 5060 Ti,42,2WikiMultiHopQA,16,16,367,semantic,35.7958,0.0,0.0,0,1,1,86,342,342,61322821632,61322821632,7.372,0.024
google/gemma-3-1b-it,NVIDIA GeForce RTX 5060 Ti,42,2WikiMultiHopQA,16,16,368,semantic,30.7555,0.0,59.7556,0,1,0,7,263,263,36264476672,36264476672,7.372,0.024
google/gemma-3-1b-it,NVIDIA GeForce RTX 5060 Ti,42,2WikiMultiHopQA,16,16,369,semantic,47.1688,0.0,0.0,0,1,1,103,359,359,67570761728,67570761728,7.372,0.024
google/gemma-3-1b-it,NVIDIA GeForce RTX 5060 Ti,42,2WikiMultiHopQA,16,16,370,multi-hop,35.1313,0.0,0.0,0,1,1,114,370,370,71775027200,71775027200,7.372,0.024
google/gemma-3-1b-it,NVIDIA GeForce RTX 5060 Ti,42,2WikiMultiHopQA,16,16,371,semantic,76.8237,0.0,0.0,0,1,1,8,264,264,36540776448,36540776448,7.372,0.024
google/gemma-3-1b-it,NVIDIA GeForce RTX 5060 Ti,42,2WikiMultiHopQA,16,16,372,multi-hop,66.259,0.0,0.0,0,1,1,16,272,272,38788923392,38788923392,7.372,0.024
google/gemma-3-1b-it,NVIDIA GeForce RTX 5060 Ti,42,2WikiMultiHopQA,16,16,373,multi-hop,36.8062,0.0,0.0,0,1,1,41,297,297,46246920192,46246920192,7.372,0.024
google/gemma-3-1b-it,NVIDIA GeForce RTX 5060 Ti,42,2WikiMultiHopQA,16,16,374,structural,71.8498,0.0,0.0,0,1,1,92,348,348,63493373952,63493373952,7.372,0.024
google/gemma-3-1b-it,NVIDIA GeForce RTX 5060 Ti,42,2WikiMultiHopQA,16,16,375,structural,43.5754,0.0,0.0,0,1,1,95,351,351,64592805888,64592805888,7.372,0.024
google/gemma-3-1b-it,NVIDIA GeForce RTX 5060 Ti,42,2WikiMultiHopQA,16,16,376,multi-hop,45.2802,0.0,0.0,0,1,1,109,365,365,69848268800,69848268800,7.372,0.024
google/gemma-3-1b-it,NVIDIA GeForce RTX 5060 Ti,42,2WikiMultiHopQA,16,16,377,structural,42.63,0.0,0.0,0,1,1,146,402,402,84727037952,84727037952,7.372,0.024
google/gemma-3-1b-it,NVIDIA GeForce RTX 5060 Ti,42,2WikiMultiHopQA,16,16,378,multi-hop,34.8391,0.0,0.0,0,1,1,5,261,261,35715022848,35715022848,7.372,0.024
google/gemma-3-1b-it,NVIDIA GeForce RTX 5060 Ti,42,2WikiMultiHopQA,16,16,379,structural,42.7504,53.4009,40.9288,0,0,0,57,313,313,51363971072,51363971072,7.372,0.024
google/gemma-3-1b-it,NVIDIA GeForce RTX 5060 Ti,42,2WikiMultiHopQA,16,16,380,semantic,39.3988,0.0,58.1864,0,1,0,83,339,339,60251701248,60251701248,7.372,0.024
google/gemma-3-1b-it,NVIDIA GeForce RTX 5060 Ti,42,2WikiMultiHopQA,16,16,381,structural,40.6305,0.0,0.0,0,1,1,100,356,356,66446163968,66446163968,7.372,0.024
google/gemma-3-1b-it,NVIDIA GeForce RTX 5060 Ti,42,2WikiMultiHopQA,16,16,382,semantic,54.9892,0.0,0.0,0,1,1,58,314,314,51692699648,51692699648,7.372,0.024
google/gemma-3-1b-it,NVIDIA GeForce RTX 5060 Ti,42,2WikiMultiHopQA,16,16,383,multi-hop,42.9295,0.0,0.0,0,1,1,24,280,280,41104179200,41104179200,7.372,0.024
google/gemma-3-1b-it,NVIDIA GeForce RTX 5060 Ti,42,2WikiMultiHopQA,16,16,384,structural,40.891,0.0,74.9857,0,1,0,139,395,395,81802035200,81802035200,7.372,0.024
google/gemma-3-1b-it,NVIDIA GeForce RTX 5060 Ti,42,2WikiMultiHopQA,16,16,385,multi-hop,49.798,29.4701,53.2329,0,0,0,26,282,282,41693478912,41693478912,7.372,0.024
google/gemma-3-1b-it,NVIDIA GeForce RTX 5060 Ti,42,2WikiMultiHopQA,16,16,386,semantic,63.39,0.0,0.0,0,1,1,109,365,365,69848268800,69848268800,7.372,0.024
google/gemma-3-1b-it,NVIDIA GeForce RTX 5060 Ti,42,2WikiMultiHopQA,16,16,387,semantic,63.2615,0.0,0.0,0,1,1,113,369,369,71387578368,71387578368,7.372,0.024
google/gemma-3-1b-it,NVIDIA GeForce RTX 5060 Ti,42,2WikiMultiHopQA,16,16,388,multi-hop,55.8402,0.0,38.9882,0,1,0,8,264,264,36540776448,36540776448,7.372,0.024
google/gemma-3-1b-it,NVIDIA GeForce RTX 5060 Ti,42,2WikiMultiHopQA,16,16,389,semantic,49.6055,0.0,0.0,0,1,1,99,355,355,66073395200,66073395200,7.372,0.024
google/gemma-3-1b-it,NVIDIA GeForce RTX 5060 Ti,42,2WikiMultiHopQA,16,16,390,multi-hop,0.0,0.0,0.0,1,1,1,93,349,349,63858802688,63858802688,7.372,0.024
google/gemma-3-1b-it,NVIDIA GeForce RTX 5060 Ti,42,2WikiMultiHopQA,16,16,391,multi-hop,41.1892,0.0,0.0,0,1,1,52,308,308,49736056832,49736056832,7.372,0.024
google/gemma-3-1b-it,NVIDIA GeForce RTX 5060 Ti,42,2WikiMultiHopQA,16,16,392,multi-hop,50.3913,0.0,0.0,0,1,1,134,390,390,79744204800,79744204800,7.372,0.024
google/gemma-3-1b-it,NVIDIA GeForce RTX 5060 Ti,42,2WikiMultiHopQA,16,16,393,semantic,36.7888,0.0,0.0,0,1,1,73,329,329,56749457408,56749457408,7.372,0.024
google/gemma-3-1b-it,NVIDIA GeForce RTX 5060 Ti,42,2WikiMultiHopQA,16,16,394,multi-hop,46.8783,0.0,0.0,0,1,1,74,330,330,57094963200,57094963200,7.372,0.024
google/gemma-3-1b-it,NVIDIA GeForce RTX 5060 Ti,42,2WikiMultiHopQA,16,16,395,multi-hop,32.5425,63.2869,0.0,0,0,1,110,366,366,70231523328,70231523328,7.372,0.024
google/gemma-3-1b-it,NVIDIA GeForce RTX 5060 Ti,42,2WikiMultiHopQA,16,16,396,multi-hop,56.6526,0.0,0.0,0,1,1,109,365,365,69848268800,69848268800,7.372,0.024
google/gemma-3-1b-it,NVIDIA GeForce RTX 5060 Ti,42,2WikiMultiHopQA,16,16,397,structural,63.7093,0.0,0.0,0,1,1,103,359,359,67570761728,67570761728,7.372,0.024
google/gemma-3-1b-it,NVIDIA GeForce RTX 5060 Ti,42,2WikiMultiHopQA,16,16,398,multi-hop,39.6734,46.0323,0.0,0,0,1,109,365,365,69848268800,69848268800,7.372,0.024
google/gemma-3-1b-it,NVIDIA GeForce RTX 5060 Ti,42,2WikiMultiHopQA,16,16,399,multi-hop,0.0,0.0,0.0,1,1,1,86,342,342,61322821632,61322821632,7.372,0.024
google/gemma-3-1b-it,NVIDIA GeForce RTX 5060 Ti,42,2WikiMultiHopQA,16,16,400,multi-hop,57.878,0.0,0.0,0,1,1,98,354,354,65701675008,65701675008,7.372,0.024
google/gemma-3-1b-it,NVIDIA GeForce RTX 5060 Ti,42,2WikiMultiHopQA,16,16,401,structural,39.1039,0.0,0.0,0,1,1,27,283,283,41989701632,41989701632,7.372,0.024
google/gemma-3-1b-it,NVIDIA GeForce RTX 5060 Ti,42,2WikiMultiHopQA,16,16,402,semantic,51.9342,0.0,0.0,0,1,1,96,352,352,64961380352,64961380352,7.372,0.024
google/gemma-3-1b-it,NVIDIA GeForce RTX 5060 Ti,42,2WikiMultiHopQA,16,16,403,multi-hop,33.7138,0.0,0.0,0,1,1,121,377,377,74516529152,74516529152,7.372,0.024
google/gemma-3-1b-it,NVIDIA GeForce RTX 5060 Ti,42,2WikiMultiHopQA,16,16,404,semantic,61.6562,0.0,0.0,0,1,1,116,372,372,72553070592,72553070592,7.372,0.024
google/gemma-3-1b-it,NVIDIA GeForce RTX 5060 Ti,42,2WikiMultiHopQA,16,16,405,structural,42.0458,48.9564,58.0547,0,0,0,117,373,373,72943665152,72943665152,7.372,0.024
google/gemma-3-1b-it,NVIDIA GeForce RTX 5060 Ti,42,2WikiMultiHopQA,16,16,406,semantic,81.907,0.0,0.0,0,1,1,105,361,361,68325736448,68325736448,7.372,0.024
google/gemma-3-1b-it,NVIDIA GeForce RTX 5060 Ti,42,2WikiMultiHopQA,16,16,407,multi-hop,41.9292,76.9272,33.4895,0,0,0,139,395,395,81802035200,81802035200,7.372,0.024
google/gemma-3-1b-it,NVIDIA GeForce RTX 5060 Ti,42,2WikiMultiHopQA,16,16,408,multi-hop,34.7834,0.0,0.0,0,1,1,139,395,395,81802035200,81802035200,7.372,0.024
google/gemma-3-1b-it,NVIDIA GeForce RTX 5060 Ti,42,2WikiMultiHopQA,16,16,409,semantic,59.5029,0.0,0.0,0,1,1,142,398,398,83049316352,83049316352,7.372,0.024
google/gemma-3-1b-it,NVIDIA GeForce RTX 5060 Ti,42,2WikiMultiHopQA,16,16,410,multi-hop,57.2074,0.0,0.0,0,1,1,4,260,260,35441868800,35441868800,7.372,0.024
google/gemma-3-1b-it,NVIDIA GeForce RTX 5060 Ti,42,2WikiMultiHopQA,16,16,411,structural,62.1014,0.0,0.0,0,1,1,96,352,352,64961380352,64961380352,7.372,0.024
google/gemma-3-1b-it,NVIDIA GeForce RTX 5060 Ti,42,2WikiMultiHopQA,16,16,412,multi-hop,41.2039,0.0,0.0,0,1,1,100,356,356,66446163968,66446163968,7.372,0.024
google/gemma-3-1b-it,NVIDIA GeForce RTX 5060 Ti,42,2WikiMultiHopQA,16,16,413,multi-hop,54.5409,51.8583,54.2151,0,0,0,107,363,363,69084905472,69084905472,7.372,0.024
google/gemma-3-1b-it,NVIDIA GeForce RTX 5060 Ti,42,2WikiMultiHopQA,16,16,414,multi-hop,47.3958,0.0,0.0,0,1,1,101,357,357,66819981312,66819981312,7.372,0.024
google/gemma-3-1b-it,NVIDIA GeForce RTX 5060 Ti,42,2WikiMultiHopQA,16,16,415,semantic,49.244,0.0,0.0,0,1,1,100,356,356,66446163968,66446163968,7.372,0.024
google/gemma-3-1b-it,NVIDIA GeForce RTX 5060 Ti,42,2WikiMultiHopQA,16,16,416,semantic,50.3833,0.0,0.0,0,1,1,57,313,313,51363971072,51363971072,7.372,0.024
google/gemma-3-1b-it,NVIDIA GeForce RTX 5060 Ti,42,2WikiMultiHopQA,16,16,417,semantic,72.2335,0.0,0.0,0,1,1,114,370,370,71775027200,71775027200,7.372,0.024
google/gemma-3-1b-it,NVIDIA GeForce RTX 5060 Ti,42,2WikiMultiHopQA,16,16,418,multi-hop,91.8499,101.7245,0.0,0,0,1,114,370,370,71775027200,71775027200,7.372,0.024
google/gemma-3-1b-it,NVIDIA GeForce RTX 5060 Ti,42,2WikiMultiHopQA,16,16,419,multi-hop,65.0202,74.6522,58.1169,0,0,0,100,356,356,66446163968,66446163968,7.372,0.024
google/gemma-3-1b-it,NVIDIA GeForce RTX 5060 Ti,42,2WikiMultiHopQA,16,16,420,structural,48.6303,87.6088,0.0,0,0,1,103,359,359,67570761728,67570761728,7.372,0.024
google/gemma-3-1b-it,NVIDIA GeForce RTX 5060 Ti,42,2WikiMultiHopQA,16,16,421,multi-hop,97.5865,54.7294,77.5012,0,0,0,111,367,367,70615826432,70615826432,7.372,0.024
google/gemma-3-1b-it,NVIDIA GeForce RTX 5060 Ti,42,2WikiMultiHopQA,16,16,422,multi-hop,48.6279,0.0,0.0,0,1,1,115,371,371,72163524608,72163524608,7.372,0.024
google/gemma-3-1b-it,NVIDIA GeForce RTX 5060 Ti,42,2WikiMultiHopQA,16,16,423,semantic,87.8899,0.0,0.0,0,1,1,109,365,365,69848268800,69848268800,7.372,0.024
google/gemma-3-1b-it,NVIDIA GeForce RTX 5060 Ti,42,2WikiMultiHopQA,16,16,424,structural,90.7084,83.0362,0.0,0,0,1,36,292,292,44702892032,44702892032,7.372,0.024
google/gemma-3-1b-it,NVIDIA GeForce RTX 5060 Ti,42,2WikiMultiHopQA,16,16,425,semantic,91.646,0.0,0.0,0,1,1,36,292,292,44702892032,44702892032,7.372,0.024
google/gemma-3-1b-it,NVIDIA GeForce RTX 5060 Ti,42,2WikiMultiHopQA,16,16,426,multi-hop,50.7958,66.9201,119.9848,0,0,0,105,361,361,68325736448,68325736448,7.372,0.024
google/gemma-3-1b-it,NVIDIA GeForce RTX 5060 Ti,42,2WikiMultiHopQA,16,16,427,semantic,83.0627,85.7382,79.0836,0,0,0,158,414,414,89860866048,89860866048,7.372,0.024
google/gemma-3-1b-it,NVIDIA GeForce RTX 5060 Ti,42,2WikiMultiHopQA,16,16,428,semantic,42.5508,0.0,63.5852,0,1,0,34,290,290,44092620800,44092620800,7.372,0.024
google/gemma-3-1b-it,NVIDIA GeForce RTX 5060 Ti,42,2WikiMultiHopQA,16,16,429,multi-hop,38.7574,64.4407,41.9545,0,0,0,64,320,320,53687091200,53687091200,7.372,0.024
google/gemma-3-1b-it,NVIDIA GeForce RTX 5060 Ti,42,2WikiMultiHopQA,16,16,430,semantic,88.0683,0.0,0.0,0,1,1,43,299,299,46871871488,46871871488,7.372,0.024
google/gemma-3-1b-it,NVIDIA GeForce RTX 5060 Ti,42,2WikiMultiHopQA,16,16,431,multi-hop,97.7024,78.4877,40.058,0,0,0,101,357,357,66819981312,66819981312,7.372,0.024
google/gemma-3-1b-it,NVIDIA GeForce RTX 5060 Ti,42,2WikiMultiHopQA,16,16,432,structural,41.1085,75.5439,0.0,0,0,1,126,382,382,76506202112,76506202112,7.372,0.024
google/gemma-3-1b-it,NVIDIA GeForce RTX 5060 Ti,42,2WikiMultiHopQA,16,16,433,structural,61.526,0.0,0.0,0,1,1,122,378,378,74912366592,74912366592,7.372,0.024
google/gemma-3-1b-it,NVIDIA GeForce RTX 5060 Ti,42,2WikiMultiHopQA,16,16,434,multi-hop,48.2609,0.0,0.0,0,1,1,33,289,289,43789058048,43789058048,7.372,0.024
google/gemma-3-1b-it,NVIDIA GeForce RTX 5060 Ti,42,2WikiMultiHopQA,16,16,435,structural,70.4484,0.0,0.0,0,1,1,31,287,287,43185078272,43185078272,7.372,0.024
google/gemma-3-1b-it,NVIDIA GeForce RTX 5060 Ti,42,2WikiMultiHopQA,16,16,436,multi-hop,65.1469,0.0,0.0,0,1,1,3,259,259,35169763328,35169763328,7.372,0.024
google/gemma-3-1b-it,NVIDIA GeForce RTX 5060 Ti,42,2WikiMultiHopQA,16,16,437,multi-hop,51.3267,0.0,0.0,0,1,1,57,313,313,51363971072,51363971072,7.372,0.024
google/gemma-3-1b-it,NVIDIA GeForce RTX 5060 Ti,42,2WikiMultiHopQA,16,16,438,multi-hop,38.2521,62.2063,0.0,0,0,1,40,296,296,45936017408,45936017408,7.372,0.024
google/gemma-3-1b-it,NVIDIA GeForce RTX 5060 Ti,42,2WikiMultiHopQA,16,16,439,semantic,53.4797,0.0,0.0,0,1,1,50,306,306,49092231168,49092231168,7.372,0.024
google/gemma-3-1b-it,NVIDIA GeForce RTX 5060 Ti,42,2WikiMultiHopQA,16,16,440,multi-hop,64.102,0.0,0.0,0,1,1,16,272,272,38788923392,38788923392,7.372,0.024
google/gemma-3-1b-it,NVIDIA GeForce RTX 5060 Ti,42,2WikiMultiHopQA,16,16,441,multi-hop,39.3867,0.0,0.0,0,1,1,49,305,305,48771891200,48771891200,7.372,0.024
google/gemma-3-1b-it,NVIDIA GeForce RTX 5060 Ti,42,2WikiMultiHopQA,16,16,442,semantic,97.6363,0.0,57.9896,0,1,0,91,347,347,63128993792,63128993792,7.372,0.024
google/gemma-3-1b-it,NVIDIA GeForce RTX 5060 Ti,42,2WikiMultiHopQA,16,16,443,structural,54.6915,0.0,0.0,0,1,1,17,273,273,39074660352,39074660352,7.372,0.024
google/gemma-3-1b-it,NVIDIA GeForce RTX 5060 Ti,42,2WikiMultiHopQA,16,16,444,multi-hop,45.8889,0.0,0.0,0,1,1,105,361,361,68325736448,68325736448,7.372,0.024
google/gemma-3-1b-it,NVIDIA GeForce RTX 5060 Ti,42,2WikiMultiHopQA,16,16,445,structural,42.2173,42.3778,0.0,0,0,1,93,349,349,63858802688,63858802688,7.372,0.024
google/gemma-3-1b-it,NVIDIA GeForce RTX 5060 Ti,42,2WikiMultiHopQA,16,16,446,structural,52.2454,0.0,0.0,0,1,1,103,359,359,67570761728,67570761728,7.372,0.024
google/gemma-3-1b-it,NVIDIA GeForce RTX 5060 Ti,42,2WikiMultiHopQA,16,16,447,multi-hop,72.363,0.0,0.0,0,1,1,53,309,309,50059542528,50059542528,7.372,0.024
google/gemma-3-1b-it,NVIDIA GeForce RTX 5060 Ti,42,2WikiMultiHopQA,16,16,448,multi-hop,53.1641,0.0,0.0,0,1,1,105,361,361,68325736448,68325736448,7.372,0.024
google/gemma-3-1b-it,NVIDIA GeForce RTX 5060 Ti,42,2WikiMultiHopQA,16,16,449,semantic,42.6683,0.0,0.0,0,1,1,2,42,72,924844032,2717908992,7.372,0.024
google/gemma-3-1b-it,NVIDIA GeForce RTX 5060 Ti,42,2WikiMultiHopQA,16,16,450,structural,60.2716,0.0,0.0,0,1,1,90,346,346,62765662208,62765662208,7.372,0.024
google/gemma-3-1b-it,NVIDIA GeForce RTX 5060 Ti,42,2WikiMultiHopQA,16,16,451,semantic,84.5515,0.0,0.0,0,1,1,103,359,359,67570761728,67570761728,7.372,0.024
google/gemma-3-1b-it,NVIDIA GeForce RTX 5060 Ti,42,2WikiMultiHopQA,16,16,452,structural,43.8425,58.9528,67.9663,0,0,0,12,144,100,10871635968,5242880000,7.372,0.024
google/gemma-3-1b-it,NVIDIA GeForce RTX 5060 Ti,42,2WikiMultiHopQA,16,16,453,multi-hop,44.8097,0.0,0.0,0,1,1,126,382,382,76506202112,76506202112,7.372,0.024
google/gemma-3-1b-it,NVIDIA GeForce RTX 5060 Ti,42,2WikiMultiHopQA,16,16,454,multi-hop,49.903,51.3196,35.5835,0,0,0,72,328,328,56405000192,56405000192,7.372,0.024
google/gemma-3-1b-it,NVIDIA GeForce RTX 5060 Ti,42,2WikiMultiHopQA,16,16,455,semantic,31.746,0.0,0.0,0,1,1,107,363,363,69084905472,69084905472,7.372,0.024
google/gemma-3-1b-it,NVIDIA GeForce RTX 5060 Ti,42,2WikiMultiHopQA,16,16,456,semantic,39.5188,0.0,32.993,0,1,0,80,336,336,59190018048,59190018048,7.372,0.024
google/gemma-3-1b-it,NVIDIA GeForce RTX 5060 Ti,42,2WikiMultiHopQA,16,16,457,multi-hop,35.4258,0.0,0.0,0,1,1,124,380,380,75707187200,75707187200,7.372,0.024
google/gemma-3-1b-it,NVIDIA GeForce RTX 5060 Ti,42,2WikiMultiHopQA,16,16,458,multi-hop,39.2843,0.0,0.0,0,1,1,92,348,348,63493373952,63493373952,7.372,0.024
google/gemma-3-1b-it,NVIDIA GeForce RTX 5060 Ti,42,2WikiMultiHopQA,16,16,459,multi-hop,55.5556,0.0,0.0,0,1,1,95,351,351,64592805888,64592805888,7.372,0.024
google/gemma-3-1b-it,NVIDIA GeForce RTX 5060 Ti,42,2WikiMultiHopQA,16,16,460,structural,53.1569,41.4331,0.0,0,0,1,142,398,398,83049316352,83049316352,7.372,0.024
google/gemma-3-1b-it,NVIDIA GeForce RTX 5060 Ti,42,2WikiMultiHopQA,16,16,461,semantic,71.5272,0.0,0.0,0,1,1,105,361,361,68325736448,68325736448,7.372,0.024
google/gemma-3-1b-it,NVIDIA GeForce RTX 5060 Ti,42,2WikiMultiHopQA,16,16,462,structural,35.0971,62.9363,0.0,0,0,1,73,329,329,56749457408,56749457408,7.372,0.024
google/gemma-3-1b-it,NVIDIA GeForce RTX 5060 Ti,42,2WikiMultiHopQA,16,16,463,semantic,35.1876,0.0,44.7078,0,1,0,14,270,270,38220595200,38220595200,7.372,0.024
google/gemma-3-1b-it,NVIDIA GeForce RTX 5060 Ti,42,2WikiMultiHopQA,16,16,464,multi-hop,46.1265,0.0,0.0,0,1,1,104,360,360,67947724800,67947724800,7.372,0.024
google/gemma-3-1b-it,NVIDIA GeForce RTX 5060 Ti,42,2WikiMultiHopQA,16,16,465,semantic,0.0,0.0,0.0,1,1,1,34,290,290,44092620800,44092620800,7.372,0.024
google/gemma-3-1b-it,NVIDIA GeForce RTX 5060 Ti,42,2WikiMultiHopQA,16,16,466,semantic,42.4126,0.0,0.0,0,1,1,162,418,418,91605696512,91605696512,7.372,0.024
google/gemma-3-1b-it,NVIDIA GeForce RTX 5060 Ti,42,2WikiMultiHopQA,16,16,467,structural,0.0,0.0,0.0,1,1,1,3,259,259,35169763328,35169763328,7.372,0.024
google/gemma-3-1b-it,NVIDIA GeForce RTX 5060 Ti,42,2WikiMultiHopQA,16,16,468,structural,35.2008,0.0,0.0,0,1,1,85,341,341,60964732928,60964732928,7.372,0.024
google/gemma-3-1b-it,NVIDIA GeForce RTX 5060 Ti,42,2WikiMultiHopQA,16,16,469,multi-hop,57.8594,39.6851,41.8825,0,0,0,105,361,361,68325736448,68325736448,7.372,0.024
google/gemma-3-1b-it,NVIDIA GeForce RTX 5060 Ti,42,2WikiMultiHopQA,16,16,470,multi-hop,80.6249,0.0,0.0,0,1,1,113,369,369,71387578368,71387578368,7.372,0.024
google/gemma-3-1b-it,NVIDIA GeForce RTX 5060 Ti,42,2WikiMultiHopQA,16,16,471,structural,44.8383,34.863,88.141,0,0,0,110,366,366,70231523328,70231523328,7.372,0.024
google/gemma-3-1b-it,NVIDIA GeForce RTX 5060 Ti,42,2WikiMultiHopQA,16,16,472,multi-hop,76.1356,0.0,0.0,0,1,1,105,361,361,68325736448,68325736448,7.372,0.024
google/gemma-3-1b-it,NVIDIA GeForce RTX 5060 Ti,42,2WikiMultiHopQA,16,16,473,semantic,54.8751,0.0,0.0,0,1,1,119,375,375,73728000000,73728000000,7.372,0.024
google/gemma-3-1b-it,NVIDIA GeForce RTX 5060 Ti,42,2WikiMultiHopQA,16,16,474,multi-hop,0.0,0.0,0.0,1,1,1,50,306,306,49092231168,49092231168,7.372,0.024
google/gemma-3-1b-it,NVIDIA GeForce RTX 5060 Ti,42,2WikiMultiHopQA,16,16,475,multi-hop,50.4492,0.0,0.0,0,1,1,4,260,260,35441868800,35441868800,7.372,0.024
google/gemma-3-1b-it,NVIDIA GeForce RTX 5060 Ti,42,2WikiMultiHopQA,16,16,476,multi-hop,75.2031,55.6243,0.0,0,0,1,117,373,373,72943665152,72943665152,7.372,0.024
google/gemma-3-1b-it,NVIDIA GeForce RTX 5060 Ti,42,2WikiMultiHopQA,16,16,477,multi-hop,31.7897,0.0,0.0,0,1,1,39,295,295,45626163200,45626163200,7.372,0.024
google/gemma-3-1b-it,NVIDIA GeForce RTX 5060 Ti,42,2WikiMultiHopQA,16,16,478,structural,67.0026,68.4438,56.0441,0,0,0,24,280,280,41104179200,41104179200,7.372,0.024
google/gemma-3-1b-it,NVIDIA GeForce RTX 5060 Ti,42,2WikiMultiHopQA,16,16,479,structural,44.7956,35.6569,38.15,0,0,0,151,407,407,86847782912,86847782912,7.372,0.024
google/gemma-3-1b-it,NVIDIA GeForce RTX 5060 Ti,42,2WikiMultiHopQA,16,16,480,semantic,52.9926,0.0,0.0,0,1,1,57,313,313,51363971072,51363971072,7.372,0.024
google/gemma-3-1b-it,NVIDIA GeForce RTX 5060 Ti,42,2WikiMultiHopQA,16,16,481,multi-hop,31.1042,68.2258,45.0434,0,0,0,2,70,57,2569011200,1703411712,7.372,0.024
google/gemma-3-1b-it,NVIDIA GeForce RTX 5060 Ti,42,2WikiMultiHopQA,16,16,482,structural,47.0419,0.0,0.0,0,1,1,119,375,375,73728000000,73728000000,7.372,0.024
google/gemma-3-1b-it,NVIDIA GeForce RTX 5060 Ti,42,2WikiMultiHopQA,16,16,483,structural,45.5117,43.0629,60.9266,0,0,0,3,46,73,1109393408,2793930752,7.372,0.024
google/gemma-3-1b-it,NVIDIA GeForce RTX 5060 Ti,42,2WikiMultiHopQA,16,16,484,multi-hop,37.3204,67.7307,41.4016,0,0,0,139,395,395,81802035200,81802035200,7.372,0.024
google/gemma-3-1b-it,NVIDIA GeForce RTX 5060 Ti,42,2WikiMultiHopQA,16,16,485,multi-hop,39.4341,59.2605,36.9618,0,0,0,4,57,66,1703411712,2283798528,7.372,0.024
google/gemma-3-1b-it,NVIDIA GeForce RTX 5060 Ti,42,2WikiMultiHopQA,16,16,486,multi-hop,39.5651,0.0,42.7295,0,1,0,28,284,284,42286972928,42286972928,7.372,0.024
google/gemma-3-1b-it,NVIDIA GeForce RTX 5060 Ti,42,2WikiMultiHopQA,16,16,487,semantic,0.0,0.0,0.0,1,1,1,3,68,57,2424307712,1703411712,7.372,0.024
google/gemma-3-1b-it,NVIDIA GeForce RTX 5060 Ti,42,2WikiMultiHopQA,16,16,488,multi-hop,73.2938,0.0,0.0,0,1,1,85,341,341,60964732928,60964732928,7.372,0.024
google/gemma-3-1b-it,NVIDIA GeForce RTX 5060 Ti,42,2WikiMultiHopQA,16,16,489,multi-hop,35.0866,0.0,0.0,0,1,1,114,370,370,71775027200,71775027200,7.372,0.024
google/gemma-3-1b-it,NVIDIA GeForce RTX 5060 Ti,42,2WikiMultiHopQA,16,16,490,structural,52.2411,46.4568,66.6229,0,0,0,110,366,366,70231523328,70231523328,7.372,0.024
google/gemma-3-1b-it,NVIDIA GeForce RTX 5060 Ti,42,2WikiMultiHopQA,16,16,491,structural,47.1505,0.0,0.0,0,1,1,104,360,360,67947724800,67947724800,7.372,0.024
google/gemma-3-1b-it,NVIDIA GeForce RTX 5060 Ti,42,2WikiMultiHopQA,16,16,492,structural,39.2706,69.6438,49.445,0,0,0,63,319,319,53352071168,53352071168,7.372,0.024
google/gemma-3-1b-it,NVIDIA GeForce RTX 5060 Ti,42,2WikiMultiHopQA,16,16,493,multi-hop,50.7615,0.0,0.0,0,1,1,63,319,319,53352071168,53352071168,7.372,0.024
google/gemma-3-1b-it,NVIDIA GeForce RTX 5060 Ti,42,2WikiMultiHopQA,16,16,494,multi-hop,54.4073,36.0276,60.6678,0,0,0,2,42,72,924844032,2717908992,7.372,0.024
google/gemma-3-1b-it,NVIDIA GeForce RTX 5060 Ti,42,2WikiMultiHopQA,16,16,495,structural,36.5733,0.0,0.0,0,1,1,112,368,368,71001178112,71001178112,7.372,0.024
google/gemma-3-1b-it,NVIDIA GeForce RTX 5060 Ti,42,2WikiMultiHopQA,16,16,496,structural,49.4701,43.9804,0.0,0,0,1,108,364,364,69466062848,69466062848,7.372,0.024
google/gemma-3-1b-it,NVIDIA GeForce RTX 5060 Ti,42,2WikiMultiHopQA,16,16,497,semantic,45.1718,0.0,0.0,0,1,1,92,348,348,63493373952,63493373952,7.372,0.024
google/gemma-3-1b-it,NVIDIA GeForce RTX 5060 Ti,42,2WikiMultiHopQA,16,16,498,multi-hop,28.9008,0.0,0.0,0,1,1,26,282,282,41693478912,41693478912,7.372,0.024
google/gemma-3-1b-it,NVIDIA GeForce RTX 5060 Ti,42,2WikiMultiHopQA,16,16,499,semantic,50.4569,0.0,0.0,0,1,1,146,402,402,84727037952,84727037952,7.372,0.024
google/gemma-3-1b-it,NVIDIA GeForce RTX 5060 Ti,42,2WikiMultiHopQA,16,16,500,structural,60.8957,0.0,0.0,0,1,1,109,365,365,69848268800,69848268800,7.372,0.024
google/gemma-3-1b-it,NVIDIA GeForce RTX 5060 Ti,42,2WikiMultiHopQA,16,16,501,multi-hop,58.198,0.0,79.0667,0,1,0,39,295,295,45626163200,45626163200,7.372,0.024
google/gemma-3-1b-it,NVIDIA GeForce RTX 5060 Ti,42,2WikiMultiHopQA,16,16,502,multi-hop,48.1456,42.6494,76.6109,0,0,0,110,366,366,70231523328,70231523328,7.372,0.024
google/gemma-3-1b-it,NVIDIA GeForce RTX 5060 Ti,42,2WikiMultiHopQA,16,16,503,structural,92.0852,60.2818,39.4472,0,0,0,72,328,328,56405000192,56405000192,7.372,0.024
google/gemma-3-1b-it,NVIDIA GeForce RTX 5060 Ti,42,2WikiMultiHopQA,16,16,504,structural,69.996,0.0,0.0,0,1,1,105,361,361,68325736448,68325736448,7.372,0.024
google/gemma-3-1b-it,NVIDIA GeForce RTX 5060 Ti,42,2WikiMultiHopQA,16,16,505,multi-hop,0.0,64.178,0.0,1,0,1,46,302,302,47817162752,47817162752,7.372,0.024
google/gemma-3-1b-it,NVIDIA GeForce RTX 5060 Ti,42,2WikiMultiHopQA,16,16,506,multi-hop,38.2945,0.0,0.0,0,1,1,20,276,276,39938162688,39938162688,7.372,0.024
google/gemma-3-1b-it,NVIDIA GeForce RTX 5060 Ti,42,2WikiMultiHopQA,16,16,507,multi-hop,40.0154,0.0,0.0,0,1,1,17,273,273,39074660352,39074660352,7.372,0.024
google/gemma-3-1b-it,NVIDIA GeForce RTX 5060 Ti,42,2WikiMultiHopQA,16,16,508,structural,63.5201,0.0,0.0,0,1,1,127,383,383,76907282432,76907282432,7.372,0.024
google/gemma-3-1b-it,NVIDIA GeForce RTX 5060 Ti,42,2WikiMultiHopQA,16,16,509,structural,32.5932,38.1282,42.8568,0,0,0,103,359,359,67570761728,67570761728,7.372,0.024
google/gemma-3-1b-it,NVIDIA GeForce RTX 5060 Ti,42,2WikiMultiHopQA,16,16,510,semantic,32.7867,0.0,0.0,0,1,1,4,54,72,1528823808,2717908992,7.372,0.024
google/gemma-3-1b-it,NVIDIA GeForce RTX 5060 Ti,42,2WikiMultiHopQA,16,16,511,structural,38.5836,0.0,0.0,0,1,1,8,264,264,36540776448,36540776448,7.372,0.024
google/gemma-3-1b-it,NVIDIA GeForce RTX 5060 Ti,42,2WikiMultiHopQA,16,16,512,multi-hop,53.1056,61.2703,31.9293,0,0,0,161,417,417,91167916032,91167916032,7.372,0.024
google/gemma-3-1b-it,NVIDIA GeForce RTX 5060 Ti,42,2WikiMultiHopQA,16,16,513,multi-hop,39.1963,77.5411,0.0,0,0,1,64,320,320,53687091200,53687091200,7.372,0.024
google/gemma-3-1b-it,NVIDIA GeForce RTX 5060 Ti,42,2WikiMultiHopQA,16,16,514,multi-hop,29.5824,42.3227,39.9,0,0,0,87,343,343,61681958912,61681958912,7.372,0.024
google/gemma-3-1b-it,NVIDIA GeForce RTX 5060 Ti,42,2WikiMultiHopQA,16,16,515,structural,57.0765,0.0,0.0,0,1,1,110,366,366,70231523328,70231523328,7.372,0.024
google/gemma-3-1b-it,NVIDIA GeForce RTX 5060 Ti,42,2WikiMultiHopQA,16,16,516,multi-hop,41.576,0.0,0.0,0,1,1,5,261,261,35715022848,35715022848,7.372,0.024
google/gemma-3-1b-it,NVIDIA GeForce RTX 5060 Ti,42,2WikiMultiHopQA,16,16,517,multi-hop,28.9263,0.0,0.0,0,1,1,59,315,315,52022476800,52022476800,7.372,0.024
google/gemma-3-1b-it,NVIDIA GeForce RTX 5060 Ti,42,2WikiMultiHopQA,16,16,518,multi-hop,37.4228,0.0,0.0,0,1,1,24,280,280,41104179200,41104179200,7.372,0.024
google/gemma-3-1b-it,NVIDIA GeForce RTX 5060 Ti,42,2WikiMultiHopQA,16,16,519,structural,31.2332,83.5442,0.0,0,0,1,114,370,370,71775027200,71775027200,7.372,0.024
google/gemma-3-1b-it,NVIDIA GeForce RTX 5060 Ti,42,2WikiMultiHopQA,16,16,520,semantic,75.2913,0.0,0.0,0,1,1,105,361,361,68325736448,68325736448,7.372,0.024
google/gemma-3-1b-it,NVIDIA GeForce RTX 5060 Ti,42,2WikiMultiHopQA,16,16,521,structural,33.434,44.1122,0.0,0,0,1,29,285,285,42585292800,42585292800,7.372,0.024
google/gemma-3-1b-it,NVIDIA GeForce RTX 5060 Ti,42,2WikiMultiHopQA,16,16,522,multi-hop,55.1214,0.0,0.0,0,1,1,34,290,290,44092620800,44092620800,7.372,0.024
google/gemma-3-1b-it,NVIDIA GeForce RTX 5060 Ti,42,2WikiMultiHopQA,16,16,523,semantic,38.811,0.0,0.0,0,1,1,92,348,348,63493373952,63493373952,7.372,0.024
google/gemma-3-1b-it,NVIDIA GeForce RTX 5060 Ti,42,2WikiMultiHopQA,16,16,524,multi-hop,38.2251,104.5576,78.7382,0,0,0,20,276,276,39938162688,39938162688,7.372,0.024
google/gemma-3-1b-it,NVIDIA GeForce RTX 5060 Ti,42,2WikiMultiHopQA,16,16,525,semantic,64.8022,0.0,0.0,0,1,1,110,366,366,70231523328,70231523328,7.372,0.024
google/gemma-3-1b-it,NVIDIA GeForce RTX 5060 Ti,42,2WikiMultiHopQA,16,16,526,multi-hop,33.5969,0.0,0.0,0,1,1,38,294,294,45317357568,45317357568,7.372,0.024
google/gemma-3-1b-it,NVIDIA GeForce RTX 5060 Ti,42,2WikiMultiHopQA,16,16,527,semantic,47.1778,0.0,0.0,0,1,1,136,392,392,80564191232,80564191232,7.372,0.024
google/gemma-3-1b-it,NVIDIA GeForce RTX 5060 Ti,42,2WikiMultiHopQA,16,16,528,semantic,44.1681,0.0,0.0,0,1,1,122,378,378,74912366592,74912366592,7.372,0.024
google/gemma-3-1b-it,NVIDIA GeForce RTX 5060 Ti,42,2WikiMultiHopQA,16,16,529,structural,34.197,28.9562,35.0373,0,0,0,105,361,361,68325736448,68325736448,7.372,0.024
google/gemma-3-1b-it,NVIDIA GeForce RTX 5060 Ti,42,2WikiMultiHopQA,16,16,530,semantic,31.166,0.0,0.0,0,1,1,35,291,291,44397232128,44397232128,7.372,0.024
google/gemma-3-1b-it,NVIDIA GeForce RTX 5060 Ti,42,2WikiMultiHopQA,16,16,531,structural,43.2044,0.0,0.0,0,1,1,82,338,338,59896758272,59896758272,7.372,0.024
google/gemma-3-1b-it,NVIDIA GeForce RTX 5060 Ti,42,2WikiMultiHopQA,16,16,532,multi-hop,33.7668,0.0,56.5601,0,1,0,91,347,347,63128993792,63128993792,7.372,0.024
google/gemma-3-1b-it,NVIDIA GeForce RTX 5060 Ti,42,2WikiMultiHopQA,16,16,533,semantic,58.4797,0.0,0.0,0,1,1,109,365,365,69848268800,69848268800,7.372,0.024
google/gemma-3-1b-it,NVIDIA GeForce RTX 5060 Ti,42,2WikiMultiHopQA,16,16,534,multi-hop,36.9642,0.0,0.0,0,1,1,92,348,348,63493373952,63493373952,7.372,0.024
google/gemma-3-1b-it,NVIDIA GeForce RTX 5060 Ti,42,2WikiMultiHopQA,16,16,535,multi-hop,70.9656,0.0,0.0,0,1,1,105,361,361,68325736448,68325736448,7.372,0.024
google/gemma-3-1b-it,NVIDIA GeForce RTX 5060 Ti,42,2WikiMultiHopQA,16,16,536,multi-hop,0.0,30.5505,53.8836,1,0,0,93,349,349,63858802688,63858802688,7.372,0.024
google/gemma-3-1b-it,NVIDIA GeForce RTX 5060 Ti,42,2WikiMultiHopQA,16,16,537,structural,60.2283,0.0,0.0,0,1,1,53,309,309,50059542528,50059542528,7.372,0.024
google/gemma-3-1b-it,NVIDIA GeForce RTX 5060 Ti,42,2WikiMultiHopQA,16,16,538,multi-hop,52.5998,0.0,0.0,0,1,1,98,354,354,65701675008,65701675008,7.372,0.024
google/gemma-3-1b-it,NVIDIA GeForce RTX 5060 Ti,42,2WikiMultiHopQA,16,16,539,multi-hop,41.603,0.0,0.0,0,1,1,116,372,372,72553070592,72553070592,7.372,0.024
google/gemma-3-1b-it,NVIDIA GeForce RTX 5060 Ti,42,2WikiMultiHopQA,16,16,540,multi-hop,87.1758,45.8759,38.2068,0,0,0,101,357,357,66819981312,66819981312,7.372,0.024
google/gemma-3-1b-it,NVIDIA GeForce RTX 5060 Ti,42,2WikiMultiHopQA,16,16,541,multi-hop,32.8902,32.4995,0.0,0,0,1,78,334,334,58487472128,58487472128,7.372,0.024
google/gemma-3-1b-it,NVIDIA GeForce RTX 5060 Ti,42,2WikiMultiHopQA,16,16,542,structural,63.1434,44.2051,88.9645,0,0,0,112,368,368,71001178112,71001178112,7.372,0.024
google/gemma-3-1b-it,NVIDIA GeForce RTX 5060 Ti,42,2WikiMultiHopQA,16,16,543,semantic,47.9626,0.0,0.0,0,1,1,114,370,370,71775027200,71775027200,7.372,0.024
google/gemma-3-1b-it,NVIDIA GeForce RTX 5060 Ti,42,2WikiMultiHopQA,16,16,544,structural,61.523,58.4823,97.4255,0,0,0,87,343,343,61681958912,61681958912,7.372,0.024
google/gemma-3-1b-it,NVIDIA GeForce RTX 5060 Ti,42,2WikiMultiHopQA,16,16,545,multi-hop,0.0,0.0,46.3057,1,1,0,22,278,278,40519073792,40519073792,7.372,0.024
google/gemma-3-1b-it,NVIDIA GeForce RTX 5060 Ti,42,2WikiMultiHopQA,16,16,546,structural,27.1751,0.0,37.0634,0,1,0,53,309,309,50059542528,50059542528,7.372,0.024
google/gemma-3-1b-it,NVIDIA GeForce RTX 5060 Ti,42,2WikiMultiHopQA,16,16,547,multi-hop,60.6253,0.0,0.0,0,1,1,107,363,363,69084905472,69084905472,7.372,0.024
google/gemma-3-1b-it,NVIDIA GeForce RTX 5060 Ti,42,2WikiMultiHopQA,16,16,548,multi-hop,41.2258,42.6755,0.0,0,0,1,12,268,268,37656461312,37656461312,7.372,0.024
google/gemma-3-1b-it,NVIDIA GeForce RTX 5060 Ti,42,2WikiMultiHopQA,16,16,549,multi-hop,38.4174,36.6025,0.0,0,0,1,142,398,398,83049316352,83049316352,7.372,0.024
google/gemma-3-1b-it,NVIDIA GeForce RTX 5060 Ti,42,2WikiMultiHopQA,16,16,550,multi-hop,55.0196,41.3616,34.3573,0,0,0,5,118,61,7300186112,1950875648,7.372,0.024
google/gemma-3-1b-it,NVIDIA GeForce RTX 5060 Ti,42,2WikiMultiHopQA,16,16,551,semantic,57.1246,0.0,0.0,0,1,1,119,375,375,73728000000,73728000000,7.372,0.024
google/gemma-3-1b-it,NVIDIA GeForce RTX 5060 Ti,42,2WikiMultiHopQA,16,16,552,structural,40.2236,0.0,0.0,0,1,1,82,338,338,59896758272,59896758272,7.372,0.024
google/gemma-3-1b-it,NVIDIA GeForce RTX 5060 Ti,42,2WikiMultiHopQA,16,16,553,semantic,70.1997,0.0,0.0,0,1,1,16,272,272,38788923392,38788923392,7.372,0.024
google/gemma-3-1b-it,NVIDIA GeForce RTX 5060 Ti,42,2WikiMultiHopQA,16,16,554,multi-hop,60.4862,0.0,0.0,0,1,1,105,361,361,68325736448,68325736448,7.372,0.024
google/gemma-3-1b-it,NVIDIA GeForce RTX 5060 Ti,42,2WikiMultiHopQA,16,16,555,semantic,33.8821,0.0,0.0,0,1,1,4,260,260,35441868800,35441868800,7.372,0.024
google/gemma-3-1b-it,NVIDIA GeForce RTX 5060 Ti,42,2WikiMultiHopQA,16,16,556,multi-hop,50.1076,0.0,0.0,0,1,1,148,404,404,85572190208,85572190208,7.372,0.024
google/gemma-3-1b-it,NVIDIA GeForce RTX 5060 Ti,42,2WikiMultiHopQA,16,16,557,multi-hop,78.7725,41.7745,47.633,0,0,0,24,280,280,41104179200,41104179200,7.372,0.024
google/gemma-3-1b-it,NVIDIA GeForce RTX 5060 Ti,42,2WikiMultiHopQA,16,16,558,structural,65.2966,0.0,67.1487,0,1,0,19,275,275,39649280000,39649280000,7.372,0.024
google/gemma-3-1b-it,NVIDIA GeForce RTX 5060 Ti,42,2WikiMultiHopQA,16,16,559,structural,70.7764,56.7219,40.4394,0,0,0,6,262,262,35989225472,35989225472,7.372,0.024
google/gemma-3-1b-it,NVIDIA GeForce RTX 5060 Ti,42,2WikiMultiHopQA,16,16,560,multi-hop,48.1814,0.0,0.0,0,1,1,110,366,366,70231523328,70231523328,7.372,0.024
google/gemma-3-1b-it,NVIDIA GeForce RTX 5060 Ti,42,2WikiMultiHopQA,16,16,561,structural,81.4688,0.0,0.0,0,1,1,129,385,385,77712588800,77712588800,7.372,0.024
google/gemma-3-1b-it,NVIDIA GeForce RTX 5060 Ti,42,2WikiMultiHopQA,16,16,562,semantic,83.7067,0.0,0.0,0,1,1,70,326,326,55719231488,55719231488,7.372,0.024
google/gemma-3-1b-it,NVIDIA GeForce RTX 5060 Ti,42,2WikiMultiHopQA,16,16,563,multi-hop,49.35,83.4215,78.5739,0,0,0,100,356,356,66446163968,66446163968,7.372,0.024
google/gemma-3-1b-it,NVIDIA GeForce RTX 5060 Ti,42,2WikiMultiHopQA,16,16,564,semantic,39.8971,0.0,0.0,0,1,1,90,346,346,62765662208,62765662208,7.372,0.024
google/gemma-3-1b-it,NVIDIA GeForce RTX 5060 Ti,42,2WikiMultiHopQA,16,16,565,semantic,44.06,0.0,0.0,0,1,1,119,375,375,73728000000,73728000000,7.372,0.024
google/gemma-3-1b-it,NVIDIA GeForce RTX 5060 Ti,42,2WikiMultiHopQA,16,16,566,structural,36.0899,0.0,0.0,0,1,1,10,266,266,37096521728,37096521728,7.372,0.024
google/gemma-3-1b-it,NVIDIA GeForce RTX 5060 Ti,42,2WikiMultiHopQA,16,16,567,semantic,0.0,0.0,0.0,1,1,1,101,357,357,66819981312,66819981312,7.372,0.024
google/gemma-3-1b-it,NVIDIA GeForce RTX 5060 Ti,42,2WikiMultiHopQA,16,16,568,multi-hop,30.7672,59.1259,57.0622,0,0,0,80,336,336,59190018048,59190018048,7.372,0.024
google/gemma-3-1b-it,NVIDIA GeForce RTX 5060 Ti,42,2WikiMultiHopQA,16,16,569,multi-hop,40.414,0.0,0.0,0,1,1,57,313,313,51363971072,51363971072,7.372,0.024
google/gemma-3-1b-it,NVIDIA GeForce RTX 5060 Ti,42,2WikiMultiHopQA,16,16,570,multi-hop,35.6841,41.3786,36.4938,0,0,0,119,375,375,73728000000,73728000000,7.372,0.024
google/gemma-3-1b-it,NVIDIA GeForce RTX 5060 Ti,42,2WikiMultiHopQA,16,16,571,multi-hop,35.7799,58.0931,37.4064,0,0,0,2,42,72,924844032,2717908992,7.372,0.024
google/gemma-3-1b-it,NVIDIA GeForce RTX 5060 Ti,42,2WikiMultiHopQA,16,16,572,multi-hop,62.6778,0.0,0.0,0,1,1,100,356,356,66446163968,66446163968,7.372,0.024
google/gemma-3-1b-it,NVIDIA GeForce RTX 5060 Ti,42,2WikiMultiHopQA,16,16,573,multi-hop,58.2978,0.0,0.0,0,1,1,114,370,370,71775027200,71775027200,7.372,0.024
google/gemma-3-1b-it,NVIDIA GeForce RTX 5060 Ti,42,2WikiMultiHopQA,16,16,574,semantic,88.8052,0.0,0.0,0,1,1,98,354,354,65701675008,65701675008,7.372,0.024
google/gemma-3-1b-it,NVIDIA GeForce RTX 5060 Ti,42,2WikiMultiHopQA,16,16,575,multi-hop,106.3,53.5935,40.409,0,0,0,80,336,336,59190018048,59190018048,7.372,0.024
google/gemma-3-1b-it,NVIDIA GeForce RTX 5060 Ti,42,2WikiMultiHopQA,16,16,576,structural,41.4567,54.9935,75.9662,0,0,0,5,177,76,16425418752,3028287488,7.372,0.024
google/gemma-3-1b-it,NVIDIA GeForce RTX 5060 Ti,42,2WikiMultiHopQA,16,16,577,multi-hop,41.0959,0.0,0.0,0,1,1,48,304,304,48452599808,48452599808,7.372,0.024
google/gemma-3-1b-it,NVIDIA GeForce RTX 5060 Ti,42,2WikiMultiHopQA,16,16,578,structural,50.7479,0.0,0.0,0,1,1,104,360,360,67947724800,67947724800,7.372,0.024
google/gemma-3-1b-it,NVIDIA GeForce RTX 5060 Ti,42,2WikiMultiHopQA,16,16,579,multi-hop,38.746,59.777,86.4259,0,0,0,43,299,299,46871871488,46871871488,7.372,0.024
google/gemma-3-1b-it,NVIDIA GeForce RTX 5060 Ti,42,2WikiMultiHopQA,16,16,580,multi-hop,44.7344,0.0,0.0,0,1,1,113,369,369,71387578368,71387578368,7.372,0.024
google/gemma-3-1b-it,NVIDIA GeForce RTX 5060 Ti,42,2WikiMultiHopQA,16,16,581,semantic,60.6349,0.0,0.0,0,1,1,104,360,360,67947724800,67947724800,7.372,0.024
google/gemma-3-1b-it,NVIDIA GeForce RTX 5060 Ti,42,2WikiMultiHopQA,16,16,582,semantic,40.9968,0.0,0.0,0,1,1,138,394,394,81388371968,81388371968,7.372,0.024
google/gemma-3-1b-it,NVIDIA GeForce RTX 5060 Ti,42,2WikiMultiHopQA,16,16,583,multi-hop,40.2054,0.0,0.0,0,1,1,28,284,284,42286972928,42286972928,7.372,0.024
google/gemma-3-1b-it,NVIDIA GeForce RTX 5060 Ti,42,2WikiMultiHopQA,16,16,584,multi-hop,39.6038,67.982,0.0,0,0,1,63,319,319,53352071168,53352071168,7.372,0.024
google/gemma-3-1b-it,NVIDIA GeForce RTX 5060 Ti,42,2WikiMultiHopQA,16,16,585,multi-hop,60.846,38.1109,36.9725,0,0,0,101,357,357,66819981312,66819981312,7.372,0.024
google/gemma-3-1b-it,NVIDIA GeForce RTX 5060 Ti,42,2WikiMultiHopQA,16,16,586,semantic,30.7091,0.0,0.0,0,1,1,2,42,72,924844032,2717908992,7.372,0.024
google/gemma-3-1b-it,NVIDIA GeForce RTX 5060 Ti,42,2WikiMultiHopQA,16,16,587,semantic,83.3047,0.0,0.0,0,1,1,83,339,339,60251701248,60251701248,7.372,0.024
google/gemma-3-1b-it,NVIDIA GeForce RTX 5060 Ti,42,2WikiMultiHopQA,16,16,588,multi-hop,37.5978,38.6405,0.0,0,0,1,136,392,392,80564191232,80564191232,7.372,0.024
google/gemma-3-1b-it,NVIDIA GeForce RTX 5060 Ti,42,2WikiMultiHopQA,16,16,589,semantic,55.7302,0.0,0.0,0,1,1,50,306,306,49092231168,49092231168,7.372,0.024
google/gemma-3-1b-it,NVIDIA GeForce RTX 5060 Ti,42,2WikiMultiHopQA,16,16,590,structural,63.5355,0.0,0.0,0,1,1,85,341,341,60964732928,60964732928,7.372,0.024
google/gemma-3-1b-it,NVIDIA GeForce RTX 5060 Ti,42,2WikiMultiHopQA,16,16,591,semantic,72.7069,0.0,0.0,0,1,1,64,320,320,53687091200,53687091200,7.372,0.024
google/gemma-3-1b-it,NVIDIA GeForce RTX 5060 Ti,42,2WikiMultiHopQA,16,16,592,structural,30.6307,81.8694,0.0,0,0,1,12,144,100,10871635968,5242880000,7.372,0.024
google/gemma-3-1b-it,NVIDIA GeForce RTX 5060 Ti,42,2WikiMultiHopQA,16,16,593,semantic,73.323,0.0,74.3066,0,1,0,110,366,366,70231523328,70231523328,7.372,0.024
google/gemma-3-1b-it,NVIDIA GeForce RTX 5060 Ti,42,2WikiMultiHopQA,16,16,594,structural,34.1115,37.204,80.9761,0,0,0,104,360,360,67947724800,67947724800,7.372,0.024
google/gemma-3-1b-it,NVIDIA GeForce RTX 5060 Ti,42,2WikiMultiHopQA,16,16,595,multi-hop,49.8669,0.0,0.0,0,1,1,99,355,355,66073395200,66073395200,7.372,0.024
google/gemma-3-1b-it,NVIDIA GeForce RTX 5060 Ti,42,2WikiMultiHopQA,16,16,596,multi-hop,33.8258,85.2898,34.8528,0,0,0,2,58,58,1763704832,1763704832,7.372,0.024
google/gemma-3-1b-it,NVIDIA GeForce RTX 5060 Ti,42,2WikiMultiHopQA,16,16,597,semantic,67.7441,0.0,0.0,0,1,1,109,365,365,69848268800,69848268800,7.372,0.024
google/gemma-3-1b-it,NVIDIA GeForce RTX 5060 Ti,42,2WikiMultiHopQA,16,16,598,multi-hop,90.313,41.6589,31.7936,0,0,0,5,177,76,16425418752,3028287488,7.372,0.024
google/gemma-3-1b-it,NVIDIA GeForce RTX 5060 Ti,42,2WikiMultiHopQA,16,16,599,multi-hop,76.1806,0.0,0.0,0,1,1,155,411,411,88563253248,88563253248,7.372,0.024
