[32;20m[2026-09-20 15:56:09,657] LMCache INFO:[0m torch_dev=<module 'torch.cuda' from '/usr/local/lib/python3.12/dist-packages/torch/cuda/__init__.py'>, torch_device_type=cuda [3m(_device_detect.py:312:lmcache.v1.platform._device_detect)[0m
[32;20m[2026-09-20 15:56:09,658] LMCache INFO:[0m Auto-selected backend [cuda] for accelerator 'cuda' from candidate backends [cuda, rocm]. [3m(__init__.py:148:lmcache.v1.platform)[0m

 _     __  __    ____           _          
| |   |  \/  |  / ___|__ _  ___| |__   ___      LMCache v0.5.4 (g3e11b8ed)
| |   | |\/| | | |   / _` |/ __| '_ \ / _ \     Website:  https://lmcache.ai/
| |___| |  | | | |__| (_| | (__| | | |  __/     Recipes:  https://docs.lmcache.ai/recipes
|_____|_|  |_|  \____\__,_|\___|_| |_|\___|     LinkedIn: https://www.linkedin.com/company/lmcache-lab
Set LMCACHE_DISABLE_BANNER=1 to hide this banner.

[32;20m[2026-09-20 15:56:10,849] LMCache INFO:[0m multi_layer_block_kv_transfer mode: ptr [3m(base.py:95:lmcache.v1.multiprocess.transfer_context.base)[0m
[32;20m[2026-09-20 15:56:15,777] LMCache INFO:[0m Discovered API module: cache_api [3m(router_discovery.py:53:lmcache.v1.utils.router_discovery)[0m
[32;20m[2026-09-20 15:56:15,778] LMCache INFO:[0m Discovered API module: env_api [3m(router_discovery.py:53:lmcache.v1.utils.router_discovery)[0m
[32;20m[2026-09-20 15:56:15,780] LMCache INFO:[0m Discovered API module: loglevel_api [3m(router_discovery.py:53:lmcache.v1.utils.router_discovery)[0m
[32;20m[2026-09-20 15:56:15,781] LMCache INFO:[0m Discovered API module: metrics_api [3m(router_discovery.py:53:lmcache.v1.utils.router_discovery)[0m
[32;20m[2026-09-20 15:56:15,784] LMCache INFO:[0m Discovered API module: periodic_thread_api [3m(router_discovery.py:53:lmcache.v1.utils.router_discovery)[0m
[32;20m[2026-09-20 15:56:15,785] LMCache INFO:[0m Discovered API module: run_script_api [3m(router_discovery.py:53:lmcache.v1.utils.router_discovery)[0m
[32;20m[2026-09-20 15:56:15,786] LMCache INFO:[0m Discovered API module: thread_api [3m(router_discovery.py:53:lmcache.v1.utils.router_discovery)[0m
[32;20m[2026-09-20 15:56:15,790] LMCache INFO:[0m Discovered API module: common_api [3m(router_discovery.py:53:lmcache.v1.utils.router_discovery)[0m
[32;20m[2026-09-20 15:56:15,791] LMCache INFO:[0m Discovered API module: config_api [3m(router_discovery.py:53:lmcache.v1.utils.router_discovery)[0m
[32;20m[2026-09-20 15:56:15,796] LMCache INFO:[0m Discovered API module: info_api [3m(router_discovery.py:53:lmcache.v1.utils.router_discovery)[0m
[32;20m[2026-09-20 15:56:15,799] LMCache INFO:[0m Discovered API module: quota_api [3m(router_discovery.py:53:lmcache.v1.utils.router_discovery)[0m
[32;20m[2026-09-20 15:56:15,804] LMCache INFO:[0m Discovered API module: reconfigure_api [3m(router_discovery.py:53:lmcache.v1.utils.router_discovery)[0m
[32;20m[2026-09-20 15:56:15,840] LMCache INFO:[0m CudaPinMemoryBackend: using torch cudart [3m(pin_memory.py:89:lmcache.v1.platform.cuda.pin_memory)[0m
[32;20m[2026-09-20 15:56:15,842] LMCache INFO:[0m Starting LMCache HTTP server on http://0.0.0.0:18002 [3m(http_server.py:258:lmcache.v1.multiprocess.http_server)[0m
INFO:     Started server process [13968]
INFO:     Waiting for application startup.
[32;20m[2026-09-20 15:56:15,867] LMCache INFO:[0m Starting LMCache HTTP server... (accelerator available: True) [3m(http_server.py:77:lmcache.v1.multiprocess.http_server)[0m
[32;20m[2026-09-20 15:56:15,892] LMCache INFO:[0m OTel MeterProvider initialised with Prometheus fallback (standalone metrics HTTP server disabled; /metrics must be exposed by the caller), resource={'telemetry.sdk.language': 'python', 'telemetry.sdk.name': 'opentelemetry', 'telemetry.sdk.version': '1.40.0', 'service.instance.id': 'r0_M20_K10_online_async_L750_b100', 'service.name': 'unknown_service'} [3m(otel_init.py:114:lmcache.v1.mp_observability.otel_init)[0m
[32;20m[2026-09-20 15:56:16,297] LMCache INFO:[0m Starting L1EvictionController... [3m(eviction_controller.py:53:lmcache.v1.distributed.storage_controllers.eviction_controller)[0m
[32;20m[2026-09-20 15:56:16,298] LMCache INFO:[0m Starting L2EvictionController... [3m(eviction_controller.py:250:lmcache.v1.distributed.storage_controllers.eviction_controller)[0m
[32;20m[2026-09-20 15:56:16,298] LMCache INFO:[0m Starting StoreController... [3m(store_controller.py:305:lmcache.v1.distributed.storage_controllers.store_controller)[0m
[32;20m[2026-09-20 15:56:16,299] LMCache INFO:[0m Starting PrefetchController... [3m(prefetch_controller.py:596:lmcache.v1.distributed.storage_controllers.prefetch_controller)[0m
[32;20m[2026-09-20 15:56:16,299] LMCache INFO:[0m Using blake3 hash function [3m(token_hasher.py:79:lmcache.v1.multiprocess.token_hasher)[0m
[32;20m[2026-09-20 15:56:16,300] LMCache INFO:[0m Computed NONE_HASH=b"~>\xff\x9e\xf7a:P4\x0e\xb1&w\xee\x03\xb8:\xc7Y\xfc\xba\x9b\xb3'\x05\xf0rH\xd5mG;" using hash function [3m(token_hasher.py:180:lmcache.v1.multiprocess.token_hasher)[0m
[32;20m[2026-09-20 15:56:16,300] LMCache INFO:[0m TokenHasher initialized: chunk_size=16, hash_algorithm=blake3 [3m(token_hasher.py:67:lmcache.v1.multiprocess.token_hasher)[0m
[32;20m[2026-09-20 15:56:16,301] LMCache INFO:[0m PeriodicThread SessionManager-cleanup-thread-7edad09ed3d0 entering main loop (interval=60.0s) [3m(periodic_thread.py:304:lmcache.v1.periodic_thread)[0m
[32;20m[2026-09-20 15:56:16,301] LMCache INFO:[0m Started PeriodicThread: SessionManager-cleanup-thread-7edad09ed3d0 (level=medium, interval=60.0s, init_wait=0.0s) [3m(periodic_thread.py:248:lmcache.v1.periodic_thread)[0m
[32;20m[2026-09-20 15:56:16,301] LMCache INFO:[0m PeriodicThread DeviceHostFuncDispatcher entering main loop (interval=0.0s) [3m(periodic_thread.py:304:lmcache.v1.periodic_thread)[0m
[32;20m[2026-09-20 15:56:16,302] LMCache INFO:[0m Started PeriodicThread: DeviceHostFuncDispatcher (level=high, interval=0.0s, init_wait=0.0s) [3m(periodic_thread.py:248:lmcache.v1.periodic_thread)[0m
[32;20m[2026-09-20 15:56:16,302] LMCache INFO:[0m Supported transfer mode: auto [3m(server.py:219:lmcache.v1.multiprocess.server)[0m
[32;20m[2026-09-20 15:56:16,302] LMCache INFO:[0m PeriodicThread lmcache-mp-worker-reaper entering main loop (interval=30.0s) [3m(periodic_thread.py:304:lmcache.v1.periodic_thread)[0m
[32;20m[2026-09-20 15:56:16,302] LMCache INFO:[0m Started PeriodicThread: lmcache-mp-worker-reaper (level=medium, interval=30.0s, init_wait=0.0s) [3m(periodic_thread.py:248:lmcache.v1.periodic_thread)[0m
[32;20m[2026-09-20 15:56:16,305] LMCache INFO:[0m Created AffinityThreadPool 'affinity-pool-0' with 1 worker slots: up to 1 distinct affinity keys each bind to their own thread before slots are shared. Compare this against the number of clients expected to connect to confirm routing. [3m(affinity_pool.py:60:lmcache.v1.multiprocess.affinity_pool)[0m
[32;20m[2026-09-20 15:56:16,305] LMCache INFO:[0m LMCache ZMQ cache server is running on tcp://127.0.0.1:18001 [3m(server.py:452:lmcache.v1.multiprocess.server)[0m
[32;20m[2026-09-20 15:56:16,305] LMCache INFO:[0m LMCache cache server is running... [3m(server.py:467:lmcache.v1.multiprocess.server)[0m
[32;20m[2026-09-20 15:56:16,305] LMCache INFO:[0m LMCache HTTP server initialized [3m(http_server.py:163:lmcache.v1.multiprocess.http_server)[0m
INFO:     Application startup complete.
INFO:     Uvicorn running on http://0.0.0.0:18002 (Press CTRL+C to quit)
INFO:     127.0.0.1:34388 - "GET /healthcheck HTTP/1.1" 200 OK
[32;20m[2026-09-20 15:56:26,299] LMCache INFO:[0m L1 memory usage: 0.00/0.50 GiB (0.0%) [3m(eviction_controller.py:153:lmcache.v1.distributed.storage_controllers.eviction_controller)[0m
[32;20m[2026-09-20 15:56:36,302] LMCache INFO:[0m L1 memory usage: 0.00/0.50 GiB (0.0%) [3m(eviction_controller.py:153:lmcache.v1.distributed.storage_controllers.eviction_controller)[0m
[32;20m[2026-09-20 15:56:46,304] LMCache INFO:[0m L1 memory usage: 0.00/0.50 GiB (0.0%) [3m(eviction_controller.py:153:lmcache.v1.distributed.storage_controllers.eviction_controller)[0m
[32;20m[2026-09-20 15:56:56,305] LMCache INFO:[0m L1 memory usage: 0.00/0.50 GiB (0.0%) [3m(eviction_controller.py:153:lmcache.v1.distributed.storage_controllers.eviction_controller)[0m
[32;20m[2026-09-20 15:57:06,309] LMCache INFO:[0m L1 memory usage: 0.00/0.50 GiB (0.0%) [3m(eviction_controller.py:153:lmcache.v1.distributed.storage_controllers.eviction_controller)[0m
[32;20m[2026-09-20 15:57:14,164] LMCache INFO:[0m Engine KV Format: EngineKVFormat.NL_X_NB_BS_NH_CS NL x [NB, BS, NH, CS] [3m(detection.py:69:lmcache.v1.gpu_connector.kv_format.detection)[0m
[32;20m[2026-09-20 15:57:14,164] LMCache INFO:[0m Engine KV Format: EngineKVFormat.NL_X_NB_BS_NH_CS NL x [NB, BS, NH, CS] [3m(detection.py:69:lmcache.v1.gpu_connector.kv_format.detection)[0m
[32;20m[2026-09-20 15:57:14,165] LMCache INFO:[0m Group 0 first-layer tensor: layer_idx=0 shape=(20117, 16, 2, 256) stride=(8192, 512, 256, 1) is_contiguous=True dtype=torch.float16 device=cuda:0 storage_offset=0 numel=164798464 storage_nbytes=329596928 padding_per_block=0 [3m(utils.py:596:lmcache.v1.gpu_connector.utils)[0m
[32;20m[2026-09-20 15:57:14,165] LMCache INFO:[0m KV layer groups: ---
KernelGroupInfo(layers=28, indices=0-27, shape_desc=(kv=1, nl=28, nb=20117, bs=16, nh=2, hs=256, element_size=2, block_stride_elems=0), dtype=torch.float16, tokens_per_block=16, slots_per_block=16, engine_group_idx=0, sw_size_tokens=-1)
--- [3m(kv_layer_groups.py:437:lmcache.v1.kv_layer_groups)[0m
/usr/local/lib/python3.12/dist-packages/cupy/_environment.py:677: UserWarning: 
--------------------------------------------------------------------------------

  CuPy may not function correctly because multiple CuPy packages are installed
  in your environment:

    cupy-cuda12x, cupy-cuda13x

  Follow these steps to resolve this issue:

    1. For all packages listed above, run the following command to remove all
       existing CuPy installations:

         $ pip uninstall <package_name>

      If you previously installed CuPy via conda, also run the following:

         $ conda uninstall cupy

    2. Install the appropriate CuPy package.
       Refer to the Installation Guide for detailed instructions.

         https://docs.cupy.dev/en/stable/install.html

--------------------------------------------------------------------------------

  warnings.warn(f'''
[32;20m[2026-09-20 15:57:14,260] LMCache INFO:[0m Registered KV cache for GPU ID 65785474514001027 with 28 layers [3m(lmcache_driven_transfer.py:964:lmcache.v1.multiprocess.modules.lmcache_driven_transfer)[0m
[32;20m[2026-09-20 15:57:14,261] LMCache INFO:[0m Initialized cuda stream on device cuda:0 [3m(cache_context.py:430:lmcache.v1.platform.cuda.cache_context)[0m
[32;20m[2026-09-20 15:57:16,311] LMCache INFO:[0m L1 memory usage: 0.00/0.50 GiB (0.0%) [3m(eviction_controller.py:153:lmcache.v1.distributed.storage_controllers.eviction_controller)[0m
[32;20m[2026-09-20 15:57:21,216] LMCache INFO:[0m AffinityThreadPool: affinity_key=-7489921690173773951 assigned to worker slot 0 of 1 (thread affinity-pool-0-0); 1 distinct key(s) now bound [3m(affinity_pool.py:108:lmcache.v1.multiprocess.affinity_pool)[0m
[32;20m[2026-09-20 15:57:21,317] LMCache INFO:[0m Stored 384 tokens in 0.100 seconds [3m(lmcache_driven_transfer.py:1218:lmcache.v1.multiprocess.modules.lmcache_driven_transfer)[0m
[32;20m[2026-09-20 15:57:21,359] LMCache INFO:[0m Stored 384 tokens in 0.003 seconds [3m(lmcache_driven_transfer.py:1218:lmcache.v1.multiprocess.modules.lmcache_driven_transfer)[0m
[32;20m[2026-09-20 15:57:21,478] LMCache INFO:[0m Stored 384 tokens in 0.002 seconds [3m(lmcache_driven_transfer.py:1218:lmcache.v1.multiprocess.modules.lmcache_driven_transfer)[0m
[32;20m[2026-09-20 15:57:21,579] LMCache INFO:[0m Stored 384 tokens in 0.003 seconds [3m(lmcache_driven_transfer.py:1218:lmcache.v1.multiprocess.modules.lmcache_driven_transfer)[0m
[32;20m[2026-09-20 15:57:21,665] LMCache INFO:[0m Stored 384 tokens in 0.002 seconds [3m(lmcache_driven_transfer.py:1218:lmcache.v1.multiprocess.modules.lmcache_driven_transfer)[0m
[32;20m[2026-09-20 15:57:21,757] LMCache INFO:[0m Stored 384 tokens in 0.003 seconds [3m(lmcache_driven_transfer.py:1218:lmcache.v1.multiprocess.modules.lmcache_driven_transfer)[0m
[32;20m[2026-09-20 15:57:21,838] LMCache INFO:[0m Stored 368 tokens in 0.003 seconds [3m(lmcache_driven_transfer.py:1218:lmcache.v1.multiprocess.modules.lmcache_driven_transfer)[0m
[32;20m[2026-09-20 15:57:21,926] LMCache INFO:[0m Stored 384 tokens in 0.003 seconds [3m(lmcache_driven_transfer.py:1218:lmcache.v1.multiprocess.modules.lmcache_driven_transfer)[0m
[32;20m[2026-09-20 15:57:22,014] LMCache INFO:[0m Stored 320 tokens in 0.002 seconds [3m(lmcache_driven_transfer.py:1218:lmcache.v1.multiprocess.modules.lmcache_driven_transfer)[0m
[32;20m[2026-09-20 15:57:22,094] LMCache INFO:[0m Stored 384 tokens in 0.003 seconds [3m(lmcache_driven_transfer.py:1218:lmcache.v1.multiprocess.modules.lmcache_driven_transfer)[0m
[32;20m[2026-09-20 15:57:22,181] LMCache INFO:[0m Stored 384 tokens in 0.003 seconds [3m(lmcache_driven_transfer.py:1218:lmcache.v1.multiprocess.modules.lmcache_driven_transfer)[0m
[32;20m[2026-09-20 15:57:22,222] LMCache INFO:[0m Prefetch request completed (L1+L2): 24/24 retained keys (24 L1, 0 L2) in 1.5 ms (external_request_id=cmpl-a78ca450225dd4db-0-80e29097, prefetch_request_id=-1) [3m(storage_manager.py:716:lmcache.v1.distributed.storage_manager)[0m
[32;20m[2026-09-20 15:57:22,226] LMCache INFO:[0m Retrieved 384 tokens in 0.002 seconds [3m(lmcache_driven_transfer.py:1427:lmcache.v1.multiprocess.modules.lmcache_driven_transfer)[0m
[32;20m[2026-09-20 15:57:22,321] LMCache INFO:[0m Stored 384 tokens in 0.003 seconds [3m(lmcache_driven_transfer.py:1218:lmcache.v1.multiprocess.modules.lmcache_driven_transfer)[0m
[32;20m[2026-09-20 15:57:22,397] LMCache INFO:[0m Stored 384 tokens in 0.002 seconds [3m(lmcache_driven_transfer.py:1218:lmcache.v1.multiprocess.modules.lmcache_driven_transfer)[0m
[32;20m[2026-09-20 15:57:22,486] LMCache INFO:[0m Stored 384 tokens in 0.003 seconds [3m(lmcache_driven_transfer.py:1218:lmcache.v1.multiprocess.modules.lmcache_driven_transfer)[0m
[32;20m[2026-09-20 15:57:22,572] LMCache INFO:[0m Stored 384 tokens in 0.003 seconds [3m(lmcache_driven_transfer.py:1218:lmcache.v1.multiprocess.modules.lmcache_driven_transfer)[0m
[32;20m[2026-09-20 15:57:22,665] LMCache INFO:[0m Stored 384 tokens in 0.003 seconds [3m(lmcache_driven_transfer.py:1218:lmcache.v1.multiprocess.modules.lmcache_driven_transfer)[0m
[32;20m[2026-09-20 15:57:22,749] LMCache INFO:[0m Stored 384 tokens in 0.003 seconds [3m(lmcache_driven_transfer.py:1218:lmcache.v1.multiprocess.modules.lmcache_driven_transfer)[0m
[32;20m[2026-09-20 15:57:22,834] LMCache INFO:[0m Stored 336 tokens in 0.003 seconds [3m(lmcache_driven_transfer.py:1218:lmcache.v1.multiprocess.modules.lmcache_driven_transfer)[0m
[32;20m[2026-09-20 15:57:22,916] LMCache INFO:[0m Stored 384 tokens in 0.003 seconds [3m(lmcache_driven_transfer.py:1218:lmcache.v1.multiprocess.modules.lmcache_driven_transfer)[0m
[32;20m[2026-09-20 15:57:23,000] LMCache INFO:[0m Stored 384 tokens in 0.002 seconds [3m(lmcache_driven_transfer.py:1218:lmcache.v1.multiprocess.modules.lmcache_driven_transfer)[0m
[32;20m[2026-09-20 15:57:23,089] LMCache INFO:[0m Stored 384 tokens in 0.003 seconds [3m(lmcache_driven_transfer.py:1218:lmcache.v1.multiprocess.modules.lmcache_driven_transfer)[0m
[32;20m[2026-09-20 15:57:23,134] LMCache INFO:[0m Prefetch request completed (L1+L2): 24/24 retained keys (24 L1, 0 L2) in 1.7 ms (external_request_id=cmpl-aa64c942e8658da7-0-9bc4617f, prefetch_request_id=-1) [3m(storage_manager.py:716:lmcache.v1.distributed.storage_manager)[0m
[32;20m[2026-09-20 15:57:23,138] LMCache INFO:[0m Retrieved 384 tokens in 0.002 seconds [3m(lmcache_driven_transfer.py:1427:lmcache.v1.multiprocess.modules.lmcache_driven_transfer)[0m
[32;20m[2026-09-20 15:57:23,237] LMCache INFO:[0m Stored 368 tokens in 0.003 seconds [3m(lmcache_driven_transfer.py:1218:lmcache.v1.multiprocess.modules.lmcache_driven_transfer)[0m
[32;20m[2026-09-20 15:57:23,315] LMCache INFO:[0m Stored 384 tokens in 0.003 seconds [3m(lmcache_driven_transfer.py:1218:lmcache.v1.multiprocess.modules.lmcache_driven_transfer)[0m
[32;20m[2026-09-20 15:57:23,395] LMCache INFO:[0m Stored 384 tokens in 0.002 seconds [3m(lmcache_driven_transfer.py:1218:lmcache.v1.multiprocess.modules.lmcache_driven_transfer)[0m
[32;20m[2026-09-20 15:57:23,482] LMCache INFO:[0m Stored 384 tokens in 0.004 seconds [3m(lmcache_driven_transfer.py:1218:lmcache.v1.multiprocess.modules.lmcache_driven_transfer)[0m
[32;20m[2026-09-20 15:57:23,568] LMCache INFO:[0m Stored 384 tokens in 0.003 seconds [3m(lmcache_driven_transfer.py:1218:lmcache.v1.multiprocess.modules.lmcache_driven_transfer)[0m
[32;20m[2026-09-20 15:57:23,654] LMCache INFO:[0m Stored 384 tokens in 0.004 seconds [3m(lmcache_driven_transfer.py:1218:lmcache.v1.multiprocess.modules.lmcache_driven_transfer)[0m
[32;20m[2026-09-20 15:57:23,739] LMCache INFO:[0m Stored 384 tokens in 0.002 seconds [3m(lmcache_driven_transfer.py:1218:lmcache.v1.multiprocess.modules.lmcache_driven_transfer)[0m
[32;20m[2026-09-20 15:57:23,826] LMCache INFO:[0m Stored 384 tokens in 0.003 seconds [3m(lmcache_driven_transfer.py:1218:lmcache.v1.multiprocess.modules.lmcache_driven_transfer)[0m
[32;20m[2026-09-20 15:57:23,909] LMCache INFO:[0m Stored 384 tokens in 0.002 seconds [3m(lmcache_driven_transfer.py:1218:lmcache.v1.multiprocess.modules.lmcache_driven_transfer)[0m
[32;20m[2026-09-20 15:57:24,005] LMCache INFO:[0m Stored 128 tokens in 0.003 seconds [3m(lmcache_driven_transfer.py:1218:lmcache.v1.multiprocess.modules.lmcache_driven_transfer)[0m
[32;20m[2026-09-20 15:57:24,049] LMCache INFO:[0m Stored 384 tokens in 0.003 seconds [3m(lmcache_driven_transfer.py:1218:lmcache.v1.multiprocess.modules.lmcache_driven_transfer)[0m
[32;20m[2026-09-20 15:57:24,111] LMCache INFO:[0m Prefetch request completed (L1+L2): 24/24 retained keys (24 L1, 0 L2) in 0.8 ms (external_request_id=cmpl-97517c7d10e8011d-0-936c2167, prefetch_request_id=-1) [3m(storage_manager.py:716:lmcache.v1.distributed.storage_manager)[0m
[32;20m[2026-09-20 15:57:24,115] LMCache INFO:[0m Retrieved 384 tokens in 0.002 seconds [3m(lmcache_driven_transfer.py:1427:lmcache.v1.multiprocess.modules.lmcache_driven_transfer)[0m
[32;20m[2026-09-20 15:57:24,210] LMCache INFO:[0m Stored 384 tokens in 0.003 seconds [3m(lmcache_driven_transfer.py:1218:lmcache.v1.multiprocess.modules.lmcache_driven_transfer)[0m
[32;20m[2026-09-20 15:57:24,293] LMCache INFO:[0m Stored 384 tokens in 0.004 seconds [3m(lmcache_driven_transfer.py:1218:lmcache.v1.multiprocess.modules.lmcache_driven_transfer)[0m
[32;20m[2026-09-20 15:57:24,386] LMCache INFO:[0m Stored 384 tokens in 0.002 seconds [3m(lmcache_driven_transfer.py:1218:lmcache.v1.multiprocess.modules.lmcache_driven_transfer)[0m
[32;20m[2026-09-20 15:57:24,464] LMCache INFO:[0m Stored 384 tokens in 0.003 seconds [3m(lmcache_driven_transfer.py:1218:lmcache.v1.multiprocess.modules.lmcache_driven_transfer)[0m
[32;20m[2026-09-20 15:57:24,550] LMCache INFO:[0m Stored 384 tokens in 0.002 seconds [3m(lmcache_driven_transfer.py:1218:lmcache.v1.multiprocess.modules.lmcache_driven_transfer)[0m
[32;20m[2026-09-20 15:57:24,633] LMCache INFO:[0m Stored 384 tokens in 0.003 seconds [3m(lmcache_driven_transfer.py:1218:lmcache.v1.multiprocess.modules.lmcache_driven_transfer)[0m
[32;20m[2026-09-20 15:57:24,720] LMCache INFO:[0m Stored 384 tokens in 0.003 seconds [3m(lmcache_driven_transfer.py:1218:lmcache.v1.multiprocess.modules.lmcache_driven_transfer)[0m
[32;20m[2026-09-20 15:57:24,807] LMCache INFO:[0m Stored 384 tokens in 0.002 seconds [3m(lmcache_driven_transfer.py:1218:lmcache.v1.multiprocess.modules.lmcache_driven_transfer)[0m
[32;20m[2026-09-20 15:57:24,893] LMCache INFO:[0m Stored 384 tokens in 0.003 seconds [3m(lmcache_driven_transfer.py:1218:lmcache.v1.multiprocess.modules.lmcache_driven_transfer)[0m
[32;20m[2026-09-20 15:57:24,976] LMCache INFO:[0m Stored 384 tokens in 0.003 seconds [3m(lmcache_driven_transfer.py:1218:lmcache.v1.multiprocess.modules.lmcache_driven_transfer)[0m
[32;20m[2026-09-20 15:57:25,069] LMCache INFO:[0m Stored 64 tokens in 0.003 seconds [3m(lmcache_driven_transfer.py:1218:lmcache.v1.multiprocess.modules.lmcache_driven_transfer)[0m
[32;20m[2026-09-20 15:57:25,089] LMCache INFO:[0m Prefetch request completed (L1+L2): 24/24 retained keys (24 L1, 0 L2) in 1.0 ms (external_request_id=cmpl-a5755b32aad0a7a7-0-b9830a10, prefetch_request_id=-1) [3m(storage_manager.py:716:lmcache.v1.distributed.storage_manager)[0m
[32;20m[2026-09-20 15:57:25,093] LMCache INFO:[0m Retrieved 384 tokens in 0.002 seconds [3m(lmcache_driven_transfer.py:1427:lmcache.v1.multiprocess.modules.lmcache_driven_transfer)[0m
[32;20m[2026-09-20 15:57:25,188] LMCache INFO:[0m Stored 384 tokens in 0.003 seconds [3m(lmcache_driven_transfer.py:1218:lmcache.v1.multiprocess.modules.lmcache_driven_transfer)[0m
[32;20m[2026-09-20 15:57:25,261] LMCache INFO:[0m Stored 384 tokens in 0.002 seconds [3m(lmcache_driven_transfer.py:1218:lmcache.v1.multiprocess.modules.lmcache_driven_transfer)[0m
[32;20m[2026-09-20 15:57:25,313] LMCache INFO:[0m L1 memory usage 0.88 above watermark 0.80; triggering eviction. [3m(eviction_controller.py:179:lmcache.v1.distributed.storage_controllers.eviction_controller)[0m
[32;20m[2026-09-20 15:57:25,351] LMCache INFO:[0m Stored 384 tokens in 0.003 seconds [3m(lmcache_driven_transfer.py:1218:lmcache.v1.multiprocess.modules.lmcache_driven_transfer)[0m
[32;20m[2026-09-20 15:57:25,438] LMCache INFO:[0m Stored 384 tokens in 0.002 seconds [3m(lmcache_driven_transfer.py:1218:lmcache.v1.multiprocess.modules.lmcache_driven_transfer)[0m
[32;20m[2026-09-20 15:57:25,524] LMCache INFO:[0m Stored 384 tokens in 0.003 seconds [3m(lmcache_driven_transfer.py:1218:lmcache.v1.multiprocess.modules.lmcache_driven_transfer)[0m
[32;20m[2026-09-20 15:57:25,609] LMCache INFO:[0m Stored 384 tokens in 0.002 seconds [3m(lmcache_driven_transfer.py:1218:lmcache.v1.multiprocess.modules.lmcache_driven_transfer)[0m
[32;20m[2026-09-20 15:57:25,696] LMCache INFO:[0m Stored 384 tokens in 0.003 seconds [3m(lmcache_driven_transfer.py:1218:lmcache.v1.multiprocess.modules.lmcache_driven_transfer)[0m
[32;20m[2026-09-20 15:57:25,785] LMCache INFO:[0m Stored 384 tokens in 0.002 seconds [3m(lmcache_driven_transfer.py:1218:lmcache.v1.multiprocess.modules.lmcache_driven_transfer)[0m
[32;20m[2026-09-20 15:57:25,873] LMCache INFO:[0m Stored 384 tokens in 0.003 seconds [3m(lmcache_driven_transfer.py:1218:lmcache.v1.multiprocess.modules.lmcache_driven_transfer)[0m
[32;20m[2026-09-20 15:57:25,957] LMCache INFO:[0m Stored 384 tokens in 0.002 seconds [3m(lmcache_driven_transfer.py:1218:lmcache.v1.multiprocess.modules.lmcache_driven_transfer)[0m
[32;20m[2026-09-20 15:57:26,043] LMCache INFO:[0m Stored 384 tokens in 0.003 seconds [3m(lmcache_driven_transfer.py:1218:lmcache.v1.multiprocess.modules.lmcache_driven_transfer)[0m
[32;20m[2026-09-20 15:57:26,090] LMCache INFO:[0m Prefetch request completed (L1+L2): 24/24 retained keys (24 L1, 0 L2) in 1.8 ms (external_request_id=cmpl-a88616d53865e34d-0-afb6709a, prefetch_request_id=-1) [3m(storage_manager.py:716:lmcache.v1.distributed.storage_manager)[0m
[32;20m[2026-09-20 15:57:26,094] LMCache INFO:[0m Retrieved 384 tokens in 0.002 seconds [3m(lmcache_driven_transfer.py:1427:lmcache.v1.multiprocess.modules.lmcache_driven_transfer)[0m
[32;20m[2026-09-20 15:57:26,189] LMCache INFO:[0m Stored 384 tokens in 0.003 seconds [3m(lmcache_driven_transfer.py:1218:lmcache.v1.multiprocess.modules.lmcache_driven_transfer)[0m
[32;20m[2026-09-20 15:57:26,265] LMCache INFO:[0m Stored 384 tokens in 0.002 seconds [3m(lmcache_driven_transfer.py:1218:lmcache.v1.multiprocess.modules.lmcache_driven_transfer)[0m
[32;20m[2026-09-20 15:57:26,319] LMCache INFO:[0m L1 memory usage: 0.47/0.50 GiB (93.3%) [3m(eviction_controller.py:153:lmcache.v1.distributed.storage_controllers.eviction_controller)[0m
[32;20m[2026-09-20 15:57:26,319] LMCache INFO:[0m L1 memory usage 0.93 above watermark 0.80; triggering eviction. [3m(eviction_controller.py:179:lmcache.v1.distributed.storage_controllers.eviction_controller)[0m
[32;20m[2026-09-20 15:57:26,326] LMCache INFO:[0m L0<->L1 stats [cuda:0] last 10.0s: store ops=56 tokens=20784 size=0.60GB avg_copy=6.45GB/s | retrieve ops=5 tokens=1920 size=0.06GB avg_copy=4.77GB/s [3m(extra_stats.py:159:lmcache.v1.mp_observability.subscribers.logging.extra_stats)[0m
[32;20m[2026-09-20 15:57:26,326] LMCache INFO:[0m L0<->L1 stats [cuda:0] cumulative: store ops=56 tokens=20784 size=0.60GB avg_copy=6.45GB/s | retrieve ops=5 tokens=1920 size=0.06GB avg_copy=4.77GB/s [3m(extra_stats.py:168:lmcache.v1.mp_observability.subscribers.logging.extra_stats)[0m
[32;20m[2026-09-20 15:57:26,348] LMCache INFO:[0m Stored 384 tokens in 0.003 seconds [3m(lmcache_driven_transfer.py:1218:lmcache.v1.multiprocess.modules.lmcache_driven_transfer)[0m
[32;20m[2026-09-20 15:57:26,432] LMCache INFO:[0m Stored 384 tokens in 0.002 seconds [3m(lmcache_driven_transfer.py:1218:lmcache.v1.multiprocess.modules.lmcache_driven_transfer)[0m
[32;20m[2026-09-20 15:57:26,519] LMCache INFO:[0m Stored 368 tokens in 0.002 seconds [3m(lmcache_driven_transfer.py:1218:lmcache.v1.multiprocess.modules.lmcache_driven_transfer)[0m
[32;20m[2026-09-20 15:57:26,607] LMCache INFO:[0m Stored 384 tokens in 0.003 seconds [3m(lmcache_driven_transfer.py:1218:lmcache.v1.multiprocess.modules.lmcache_driven_transfer)[0m
[32;20m[2026-09-20 15:57:26,696] LMCache INFO:[0m Stored 384 tokens in 0.003 seconds [3m(lmcache_driven_transfer.py:1218:lmcache.v1.multiprocess.modules.lmcache_driven_transfer)[0m
[32;20m[2026-09-20 15:57:26,781] LMCache INFO:[0m Stored 384 tokens in 0.002 seconds [3m(lmcache_driven_transfer.py:1218:lmcache.v1.multiprocess.modules.lmcache_driven_transfer)[0m
[32;20m[2026-09-20 15:57:26,864] LMCache INFO:[0m Stored 384 tokens in 0.003 seconds [3m(lmcache_driven_transfer.py:1218:lmcache.v1.multiprocess.modules.lmcache_driven_transfer)[0m
[32;20m[2026-09-20 15:57:26,948] LMCache INFO:[0m Stored 384 tokens in 0.003 seconds [3m(lmcache_driven_transfer.py:1218:lmcache.v1.multiprocess.modules.lmcache_driven_transfer)[0m
[32;20m[2026-09-20 15:57:27,036] LMCache INFO:[0m Stored 384 tokens in 0.002 seconds [3m(lmcache_driven_transfer.py:1218:lmcache.v1.multiprocess.modules.lmcache_driven_transfer)[0m
[32;20m[2026-09-20 15:57:27,079] LMCache INFO:[0m Prefetch request completed (L1+L2): 24/24 retained keys (24 L1, 0 L2) in 1.0 ms (external_request_id=cmpl-a958fbfa506049a9-0-b842360e, prefetch_request_id=-1) [3m(storage_manager.py:716:lmcache.v1.distributed.storage_manager)[0m
[32;20m[2026-09-20 15:57:27,083] LMCache INFO:[0m Retrieved 384 tokens in 0.002 seconds [3m(lmcache_driven_transfer.py:1427:lmcache.v1.multiprocess.modules.lmcache_driven_transfer)[0m
[32;20m[2026-09-20 15:57:27,180] LMCache INFO:[0m Stored 384 tokens in 0.003 seconds [3m(lmcache_driven_transfer.py:1218:lmcache.v1.multiprocess.modules.lmcache_driven_transfer)[0m
[32;20m[2026-09-20 15:57:27,256] LMCache INFO:[0m Stored 384 tokens in 0.003 seconds [3m(lmcache_driven_transfer.py:1218:lmcache.v1.multiprocess.modules.lmcache_driven_transfer)[0m
[32;20m[2026-09-20 15:57:27,326] LMCache INFO:[0m L1 memory usage 0.97 above watermark 0.80; triggering eviction. [3m(eviction_controller.py:179:lmcache.v1.distributed.storage_controllers.eviction_controller)[0m
[32;20m[2026-09-20 15:57:27,348] LMCache INFO:[0m Stored 384 tokens in 0.002 seconds [3m(lmcache_driven_transfer.py:1218:lmcache.v1.multiprocess.modules.lmcache_driven_transfer)[0m
[32;20m[2026-09-20 15:57:27,436] LMCache INFO:[0m Stored 384 tokens in 0.003 seconds [3m(lmcache_driven_transfer.py:1218:lmcache.v1.multiprocess.modules.lmcache_driven_transfer)[0m
[32;20m[2026-09-20 15:57:27,522] LMCache INFO:[0m Stored 384 tokens in 0.003 seconds [3m(lmcache_driven_transfer.py:1218:lmcache.v1.multiprocess.modules.lmcache_driven_transfer)[0m
[32;20m[2026-09-20 15:57:27,610] LMCache INFO:[0m Stored 384 tokens in 0.002 seconds [3m(lmcache_driven_transfer.py:1218:lmcache.v1.multiprocess.modules.lmcache_driven_transfer)[0m
[32;20m[2026-09-20 15:57:27,695] LMCache INFO:[0m Stored 384 tokens in 0.002 seconds [3m(lmcache_driven_transfer.py:1218:lmcache.v1.multiprocess.modules.lmcache_driven_transfer)[0m
[32;20m[2026-09-20 15:57:27,784] LMCache INFO:[0m Stored 384 tokens in 0.002 seconds [3m(lmcache_driven_transfer.py:1218:lmcache.v1.multiprocess.modules.lmcache_driven_transfer)[0m
[32;20m[2026-09-20 15:57:27,871] LMCache INFO:[0m Stored 384 tokens in 0.002 seconds [3m(lmcache_driven_transfer.py:1218:lmcache.v1.multiprocess.modules.lmcache_driven_transfer)[0m
[32;20m[2026-09-20 15:57:27,957] LMCache INFO:[0m Stored 384 tokens in 0.002 seconds [3m(lmcache_driven_transfer.py:1218:lmcache.v1.multiprocess.modules.lmcache_driven_transfer)[0m
[32;20m[2026-09-20 15:57:28,039] LMCache INFO:[0m Stored 384 tokens in 0.003 seconds [3m(lmcache_driven_transfer.py:1218:lmcache.v1.multiprocess.modules.lmcache_driven_transfer)[0m
[32;20m[2026-09-20 15:57:28,145] LMCache INFO:[0m Stored 368 tokens in 0.003 seconds [3m(lmcache_driven_transfer.py:1218:lmcache.v1.multiprocess.modules.lmcache_driven_transfer)[0m
[33;20m[2026-09-20 15:57:28,227] LMCache WARNING:[0m Failed to batched allocate 24 memory blocks of size 458752 because no enough memory is available (short by 3 blocks) [3m(memory_management.py:1490:lmcache.v1.memory_management)[0m
[33;20m[2026-09-20 15:57:28,314] LMCache WARNING:[0m Failed to batched allocate 24 memory blocks of size 458752 because no enough memory is available (short by 3 blocks) [3m(memory_management.py:1490:lmcache.v1.memory_management)[0m
[32;20m[2026-09-20 15:57:28,333] LMCache INFO:[0m L1 memory usage 0.98 above watermark 0.80; triggering eviction. [3m(eviction_controller.py:179:lmcache.v1.distributed.storage_controllers.eviction_controller)[0m
[32;20m[2026-09-20 15:57:28,403] LMCache INFO:[0m Stored 368 tokens in 0.003 seconds [3m(lmcache_driven_transfer.py:1218:lmcache.v1.multiprocess.modules.lmcache_driven_transfer)[0m
[32;20m[2026-09-20 15:57:28,492] LMCache INFO:[0m Stored 384 tokens in 0.003 seconds [3m(lmcache_driven_transfer.py:1218:lmcache.v1.multiprocess.modules.lmcache_driven_transfer)[0m
[32;20m[2026-09-20 15:57:28,581] LMCache INFO:[0m Stored 384 tokens in 0.003 seconds [3m(lmcache_driven_transfer.py:1218:lmcache.v1.multiprocess.modules.lmcache_driven_transfer)[0m
[32;20m[2026-09-20 15:57:28,669] LMCache INFO:[0m Stored 384 tokens in 0.004 seconds [3m(lmcache_driven_transfer.py:1218:lmcache.v1.multiprocess.modules.lmcache_driven_transfer)[0m
[32;20m[2026-09-20 15:57:28,751] LMCache INFO:[0m Stored 384 tokens in 0.003 seconds [3m(lmcache_driven_transfer.py:1218:lmcache.v1.multiprocess.modules.lmcache_driven_transfer)[0m
[32;20m[2026-09-20 15:57:28,842] LMCache INFO:[0m Stored 384 tokens in 0.002 seconds [3m(lmcache_driven_transfer.py:1218:lmcache.v1.multiprocess.modules.lmcache_driven_transfer)[0m
[32;20m[2026-09-20 15:57:28,928] LMCache INFO:[0m Stored 384 tokens in 0.003 seconds [3m(lmcache_driven_transfer.py:1218:lmcache.v1.multiprocess.modules.lmcache_driven_transfer)[0m
[32;20m[2026-09-20 15:57:29,013] LMCache INFO:[0m Stored 384 tokens in 0.002 seconds [3m(lmcache_driven_transfer.py:1218:lmcache.v1.multiprocess.modules.lmcache_driven_transfer)[0m
[32;20m[2026-09-20 15:57:29,054] LMCache INFO:[0m Prefetch request completed (L1+L2): 23/23 retained keys (23 L1, 0 L2) in 1.1 ms (external_request_id=cmpl-bb51a06dd6c3443d-0-9625ba71, prefetch_request_id=-1) [3m(storage_manager.py:716:lmcache.v1.distributed.storage_manager)[0m
[32;20m[2026-09-20 15:57:29,059] LMCache INFO:[0m Retrieved 368 tokens in 0.002 seconds [3m(lmcache_driven_transfer.py:1427:lmcache.v1.multiprocess.modules.lmcache_driven_transfer)[0m
[32;20m[2026-09-20 15:57:29,154] LMCache INFO:[0m Stored 368 tokens in 0.002 seconds [3m(lmcache_driven_transfer.py:1218:lmcache.v1.multiprocess.modules.lmcache_driven_transfer)[0m
[32;20m[2026-09-20 15:57:29,231] LMCache INFO:[0m Stored 384 tokens in 0.003 seconds [3m(lmcache_driven_transfer.py:1218:lmcache.v1.multiprocess.modules.lmcache_driven_transfer)[0m
[33;20m[2026-09-20 15:57:29,315] LMCache WARNING:[0m Failed to batched allocate 24 memory blocks of size 458752 because no enough memory is available (short by 12 blocks) [3m(memory_management.py:1490:lmcache.v1.memory_management)[0m
[32;20m[2026-09-20 15:57:29,339] LMCache INFO:[0m L1 memory usage 0.99 above watermark 0.80; triggering eviction. [3m(eviction_controller.py:179:lmcache.v1.distributed.storage_controllers.eviction_controller)[0m
[32;20m[2026-09-20 15:57:29,406] LMCache INFO:[0m Stored 384 tokens in 0.003 seconds [3m(lmcache_driven_transfer.py:1218:lmcache.v1.multiprocess.modules.lmcache_driven_transfer)[0m
[32;20m[2026-09-20 15:57:29,493] LMCache INFO:[0m Stored 384 tokens in 0.003 seconds [3m(lmcache_driven_transfer.py:1218:lmcache.v1.multiprocess.modules.lmcache_driven_transfer)[0m
[32;20m[2026-09-20 15:57:29,577] LMCache INFO:[0m Stored 384 tokens in 0.002 seconds [3m(lmcache_driven_transfer.py:1218:lmcache.v1.multiprocess.modules.lmcache_driven_transfer)[0m
[32;20m[2026-09-20 15:57:29,667] LMCache INFO:[0m Stored 384 tokens in 0.002 seconds [3m(lmcache_driven_transfer.py:1218:lmcache.v1.multiprocess.modules.lmcache_driven_transfer)[0m
[32;20m[2026-09-20 15:57:29,756] LMCache INFO:[0m Stored 384 tokens in 0.002 seconds [3m(lmcache_driven_transfer.py:1218:lmcache.v1.multiprocess.modules.lmcache_driven_transfer)[0m
[32;20m[2026-09-20 15:57:29,843] LMCache INFO:[0m Stored 384 tokens in 0.002 seconds [3m(lmcache_driven_transfer.py:1218:lmcache.v1.multiprocess.modules.lmcache_driven_transfer)[0m
[32;20m[2026-09-20 15:57:29,932] LMCache INFO:[0m Stored 384 tokens in 0.003 seconds [3m(lmcache_driven_transfer.py:1218:lmcache.v1.multiprocess.modules.lmcache_driven_transfer)[0m
[32;20m[2026-09-20 15:57:30,018] LMCache INFO:[0m Stored 384 tokens in 0.002 seconds [3m(lmcache_driven_transfer.py:1218:lmcache.v1.multiprocess.modules.lmcache_driven_transfer)[0m
[32;20m[2026-09-20 15:57:30,059] LMCache INFO:[0m Prefetch request completed (L1+L2): 24/24 retained keys (24 L1, 0 L2) in 0.9 ms (external_request_id=cmpl-9e70d3121f502892-0-965bbc10, prefetch_request_id=-1) [3m(storage_manager.py:716:lmcache.v1.distributed.storage_manager)[0m
[32;20m[2026-09-20 15:57:30,064] LMCache INFO:[0m Retrieved 384 tokens in 0.002 seconds [3m(lmcache_driven_transfer.py:1427:lmcache.v1.multiprocess.modules.lmcache_driven_transfer)[0m
[32;20m[2026-09-20 15:57:30,163] LMCache INFO:[0m Stored 384 tokens in 0.002 seconds [3m(lmcache_driven_transfer.py:1218:lmcache.v1.multiprocess.modules.lmcache_driven_transfer)[0m
[32;20m[2026-09-20 15:57:30,241] LMCache INFO:[0m Stored 384 tokens in 0.004 seconds [3m(lmcache_driven_transfer.py:1218:lmcache.v1.multiprocess.modules.lmcache_driven_transfer)[0m
[33;20m[2026-09-20 15:57:30,321] LMCache WARNING:[0m Failed to batched allocate 24 memory blocks of size 458752 because no enough memory is available (short by 21 blocks) [3m(memory_management.py:1490:lmcache.v1.memory_management)[0m
[32;20m[2026-09-20 15:57:30,344] LMCache INFO:[0m L1 memory usage 1.00 above watermark 0.80; triggering eviction. [3m(eviction_controller.py:179:lmcache.v1.distributed.storage_controllers.eviction_controller)[0m
[32;20m[2026-09-20 15:57:30,406] LMCache INFO:[0m Stored 384 tokens in 0.002 seconds [3m(lmcache_driven_transfer.py:1218:lmcache.v1.multiprocess.modules.lmcache_driven_transfer)[0m
[32;20m[2026-09-20 15:57:30,495] LMCache INFO:[0m Stored 384 tokens in 0.002 seconds [3m(lmcache_driven_transfer.py:1218:lmcache.v1.multiprocess.modules.lmcache_driven_transfer)[0m
[32;20m[2026-09-20 15:57:30,581] LMCache INFO:[0m Stored 384 tokens in 0.002 seconds [3m(lmcache_driven_transfer.py:1218:lmcache.v1.multiprocess.modules.lmcache_driven_transfer)[0m
[32;20m[2026-09-20 15:57:30,671] LMCache INFO:[0m Stored 384 tokens in 0.003 seconds [3m(lmcache_driven_transfer.py:1218:lmcache.v1.multiprocess.modules.lmcache_driven_transfer)[0m
[32;20m[2026-09-20 15:57:30,762] LMCache INFO:[0m Stored 384 tokens in 0.003 seconds [3m(lmcache_driven_transfer.py:1218:lmcache.v1.multiprocess.modules.lmcache_driven_transfer)[0m
[32;20m[2026-09-20 15:57:30,849] LMCache INFO:[0m Stored 384 tokens in 0.003 seconds [3m(lmcache_driven_transfer.py:1218:lmcache.v1.multiprocess.modules.lmcache_driven_transfer)[0m
[32;20m[2026-09-20 15:57:30,937] LMCache INFO:[0m Stored 384 tokens in 0.003 seconds [3m(lmcache_driven_transfer.py:1218:lmcache.v1.multiprocess.modules.lmcache_driven_transfer)[0m
[32;20m[2026-09-20 15:57:31,023] LMCache INFO:[0m Stored 368 tokens in 0.003 seconds [3m(lmcache_driven_transfer.py:1218:lmcache.v1.multiprocess.modules.lmcache_driven_transfer)[0m
[32;20m[2026-09-20 15:57:31,106] LMCache INFO:[0m Stored 384 tokens in 0.003 seconds [3m(lmcache_driven_transfer.py:1218:lmcache.v1.multiprocess.modules.lmcache_driven_transfer)[0m
[33;20m[2026-09-20 15:57:31,206] LMCache WARNING:[0m Failed to batched allocate 24 memory blocks of size 458752 because no enough memory is available (short by 3 blocks) [3m(memory_management.py:1490:lmcache.v1.memory_management)[0m
[33;20m[2026-09-20 15:57:31,285] LMCache WARNING:[0m Failed to batched allocate 24 memory blocks of size 458752 because no enough memory is available (short by 3 blocks) [3m(memory_management.py:1490:lmcache.v1.memory_management)[0m
[32;20m[2026-09-20 15:57:31,349] LMCache INFO:[0m L1 memory usage 0.98 above watermark 0.80; triggering eviction. [3m(eviction_controller.py:179:lmcache.v1.distributed.storage_controllers.eviction_controller)[0m
[32;20m[2026-09-20 15:57:31,375] LMCache INFO:[0m Stored 384 tokens in 0.003 seconds [3m(lmcache_driven_transfer.py:1218:lmcache.v1.multiprocess.modules.lmcache_driven_transfer)[0m
[32;20m[2026-09-20 15:57:31,460] LMCache INFO:[0m Stored 384 tokens in 0.002 seconds [3m(lmcache_driven_transfer.py:1218:lmcache.v1.multiprocess.modules.lmcache_driven_transfer)[0m
[32;20m[2026-09-20 15:57:31,547] LMCache INFO:[0m Stored 384 tokens in 0.003 seconds [3m(lmcache_driven_transfer.py:1218:lmcache.v1.multiprocess.modules.lmcache_driven_transfer)[0m
[32;20m[2026-09-20 15:57:31,639] LMCache INFO:[0m Stored 384 tokens in 0.002 seconds [3m(lmcache_driven_transfer.py:1218:lmcache.v1.multiprocess.modules.lmcache_driven_transfer)[0m
[32;20m[2026-09-20 15:57:31,724] LMCache INFO:[0m Stored 384 tokens in 0.003 seconds [3m(lmcache_driven_transfer.py:1218:lmcache.v1.multiprocess.modules.lmcache_driven_transfer)[0m
[32;20m[2026-09-20 15:57:31,810] LMCache INFO:[0m Stored 384 tokens in 0.003 seconds [3m(lmcache_driven_transfer.py:1218:lmcache.v1.multiprocess.modules.lmcache_driven_transfer)[0m
[32;20m[2026-09-20 15:57:31,898] LMCache INFO:[0m Stored 384 tokens in 0.003 seconds [3m(lmcache_driven_transfer.py:1218:lmcache.v1.multiprocess.modules.lmcache_driven_transfer)[0m
[32;20m[2026-09-20 15:57:31,980] LMCache INFO:[0m Stored 112 tokens in 0.003 seconds [3m(lmcache_driven_transfer.py:1218:lmcache.v1.multiprocess.modules.lmcache_driven_transfer)[0m
[32;20m[2026-09-20 15:57:32,025] LMCache INFO:[0m Stored 368 tokens in 0.003 seconds [3m(lmcache_driven_transfer.py:1218:lmcache.v1.multiprocess.modules.lmcache_driven_transfer)[0m
[32;20m[2026-09-20 15:57:32,089] LMCache INFO:[0m Prefetch request completed (L1+L2): 24/24 retained keys (24 L1, 0 L2) in 0.9 ms (external_request_id=cmpl-961fb57757e979bb-0-93f6b2cb, prefetch_request_id=-1) [3m(storage_manager.py:716:lmcache.v1.distributed.storage_manager)[0m
[32;20m[2026-09-20 15:57:32,093] LMCache INFO:[0m Retrieved 384 tokens in 0.002 seconds [3m(lmcache_driven_transfer.py:1427:lmcache.v1.multiprocess.modules.lmcache_driven_transfer)[0m
[32;20m[2026-09-20 15:57:32,194] LMCache INFO:[0m Stored 384 tokens in 0.003 seconds [3m(lmcache_driven_transfer.py:1218:lmcache.v1.multiprocess.modules.lmcache_driven_transfer)[0m
[32;20m[2026-09-20 15:57:32,268] LMCache INFO:[0m Stored 384 tokens in 0.003 seconds [3m(lmcache_driven_transfer.py:1218:lmcache.v1.multiprocess.modules.lmcache_driven_transfer)[0m
[32;20m[2026-09-20 15:57:32,355] LMCache INFO:[0m L1 memory usage 1.00 above watermark 0.80; triggering eviction. [3m(eviction_controller.py:179:lmcache.v1.distributed.storage_controllers.eviction_controller)[0m
[32;20m[2026-09-20 15:57:32,363] LMCache INFO:[0m Stored 384 tokens in 0.009 seconds [3m(lmcache_driven_transfer.py:1218:lmcache.v1.multiprocess.modules.lmcache_driven_transfer)[0m
[32;20m[2026-09-20 15:57:32,447] LMCache INFO:[0m Stored 384 tokens in 0.002 seconds [3m(lmcache_driven_transfer.py:1218:lmcache.v1.multiprocess.modules.lmcache_driven_transfer)[0m
[32;20m[2026-09-20 15:57:32,535] LMCache INFO:[0m Stored 384 tokens in 0.003 seconds [3m(lmcache_driven_transfer.py:1218:lmcache.v1.multiprocess.modules.lmcache_driven_transfer)[0m
[32;20m[2026-09-20 15:57:32,625] LMCache INFO:[0m Stored 384 tokens in 0.003 seconds [3m(lmcache_driven_transfer.py:1218:lmcache.v1.multiprocess.modules.lmcache_driven_transfer)[0m
[32;20m[2026-09-20 15:57:32,716] LMCache INFO:[0m Stored 384 tokens in 0.004 seconds [3m(lmcache_driven_transfer.py:1218:lmcache.v1.multiprocess.modules.lmcache_driven_transfer)[0m
[32;20m[2026-09-20 15:57:32,799] LMCache INFO:[0m Stored 384 tokens in 0.003 seconds [3m(lmcache_driven_transfer.py:1218:lmcache.v1.multiprocess.modules.lmcache_driven_transfer)[0m
[32;20m[2026-09-20 15:57:32,887] LMCache INFO:[0m Stored 384 tokens in 0.003 seconds [3m(lmcache_driven_transfer.py:1218:lmcache.v1.multiprocess.modules.lmcache_driven_transfer)[0m
[32;20m[2026-09-20 15:57:32,982] LMCache INFO:[0m Stored 384 tokens in 0.003 seconds [3m(lmcache_driven_transfer.py:1218:lmcache.v1.multiprocess.modules.lmcache_driven_transfer)[0m
[32;20m[2026-09-20 15:57:33,071] LMCache INFO:[0m Stored 384 tokens in 0.003 seconds [3m(lmcache_driven_transfer.py:1218:lmcache.v1.multiprocess.modules.lmcache_driven_transfer)[0m
[32;20m[2026-09-20 15:57:33,117] LMCache INFO:[0m Prefetch request completed (L1+L2): 24/24 retained keys (24 L1, 0 L2) in 1.1 ms (external_request_id=cmpl-95ccb78290cd20dd-0-9ec547b7, prefetch_request_id=-1) [3m(storage_manager.py:716:lmcache.v1.distributed.storage_manager)[0m
[32;20m[2026-09-20 15:57:33,123] LMCache INFO:[0m Retrieved 384 tokens in 0.002 seconds [3m(lmcache_driven_transfer.py:1427:lmcache.v1.multiprocess.modules.lmcache_driven_transfer)[0m
[32;20m[2026-09-20 15:57:33,185] LMCache INFO:[0m Prefetch request completed (L1+L2): 24/24 retained keys (24 L1, 0 L2) in 0.9 ms (external_request_id=cmpl-9d2c5d0c4f871b2b-0-9e0aeb9f, prefetch_request_id=-1) [3m(storage_manager.py:716:lmcache.v1.distributed.storage_manager)[0m
[32;20m[2026-09-20 15:57:33,190] LMCache INFO:[0m Prefetch request completed (L1+L2): 24/24 retained keys (24 L1, 0 L2) in 1.3 ms (external_request_id=cmpl-9aef45ccb42fa748-0-874c8a97, prefetch_request_id=-1) [3m(storage_manager.py:716:lmcache.v1.distributed.storage_manager)[0m
[32;20m[2026-09-20 15:57:33,191] LMCache INFO:[0m Retrieved 384 tokens in 0.004 seconds [3m(lmcache_driven_transfer.py:1427:lmcache.v1.multiprocess.modules.lmcache_driven_transfer)[0m
[32;20m[2026-09-20 15:57:33,195] LMCache INFO:[0m Retrieved 384 tokens in 0.002 seconds [3m(lmcache_driven_transfer.py:1427:lmcache.v1.multiprocess.modules.lmcache_driven_transfer)[0m
[33;20m[2026-09-20 15:57:33,327] LMCache WARNING:[0m Failed to batched allocate 24 memory blocks of size 458752 because no enough memory is available (short by 3 blocks) [3m(memory_management.py:1490:lmcache.v1.memory_management)[0m
[32;20m[2026-09-20 15:57:33,362] LMCache INFO:[0m L1 memory usage 0.98 above watermark 0.80; triggering eviction. [3m(eviction_controller.py:179:lmcache.v1.distributed.storage_controllers.eviction_controller)[0m
[32;20m[2026-09-20 15:57:33,413] LMCache INFO:[0m Stored 368 tokens in 0.003 seconds [3m(lmcache_driven_transfer.py:1218:lmcache.v1.multiprocess.modules.lmcache_driven_transfer)[0m
[32;20m[2026-09-20 15:57:33,460] LMCache INFO:[0m Prefetch request completed (L1+L2): 24/24 retained keys (24 L1, 0 L2) in 0.8 ms (external_request_id=cmpl-a8aa263974095d39-0-a4675fe6, prefetch_request_id=-1) [3m(storage_manager.py:716:lmcache.v1.distributed.storage_manager)[0m
[32;20m[2026-09-20 15:57:33,464] LMCache INFO:[0m Retrieved 384 tokens in 0.002 seconds [3m(lmcache_driven_transfer.py:1427:lmcache.v1.multiprocess.modules.lmcache_driven_transfer)[0m
[32;20m[2026-09-20 15:57:33,512] LMCache INFO:[0m Prefetch request completed (L1+L2): 3/24 retained keys (3 L1, 0 L2) in 0.9 ms (external_request_id=cmpl-a3387456eb0d0f81-0-8deb16ce, prefetch_request_id=-1) [3m(storage_manager.py:716:lmcache.v1.distributed.storage_manager)[0m
[32;20m[2026-09-20 15:57:33,515] LMCache INFO:[0m Retrieved 48 tokens in 0.001 seconds [3m(lmcache_driven_transfer.py:1427:lmcache.v1.multiprocess.modules.lmcache_driven_transfer)[0m
[32;20m[2026-09-20 15:57:33,553] LMCache INFO:[0m Stored 336 tokens in 0.003 seconds [3m(lmcache_driven_transfer.py:1218:lmcache.v1.multiprocess.modules.lmcache_driven_transfer)[0m
[32;20m[2026-09-20 15:57:33,595] LMCache INFO:[0m Prefetch request completed (L1+L2): 24/24 retained keys (24 L1, 0 L2) in 0.8 ms (external_request_id=cmpl-ad2e5dde8c00595e-0-8f0a97db, prefetch_request_id=-1) [3m(storage_manager.py:716:lmcache.v1.distributed.storage_manager)[0m
[32;20m[2026-09-20 15:57:33,599] LMCache INFO:[0m Retrieved 384 tokens in 0.002 seconds [3m(lmcache_driven_transfer.py:1427:lmcache.v1.multiprocess.modules.lmcache_driven_transfer)[0m
[32;20m[2026-09-20 15:57:33,647] LMCache INFO:[0m Prefetch request completed (L1+L2): 24/24 retained keys (24 L1, 0 L2) in 0.8 ms (external_request_id=cmpl-8c6ebf6de69b671f-0-af79f299, prefetch_request_id=-1) [3m(storage_manager.py:716:lmcache.v1.distributed.storage_manager)[0m
[32;20m[2026-09-20 15:57:33,651] LMCache INFO:[0m Retrieved 384 tokens in 0.002 seconds [3m(lmcache_driven_transfer.py:1427:lmcache.v1.multiprocess.modules.lmcache_driven_transfer)[0m
[32;20m[2026-09-20 15:57:33,701] LMCache INFO:[0m Prefetch request completed (L1+L2): 24/24 retained keys (24 L1, 0 L2) in 1.0 ms (external_request_id=cmpl-ba48a3d367f7dede-0-b7f6fcf9, prefetch_request_id=-1) [3m(storage_manager.py:716:lmcache.v1.distributed.storage_manager)[0m
[32;20m[2026-09-20 15:57:33,705] LMCache INFO:[0m Retrieved 384 tokens in 0.002 seconds [3m(lmcache_driven_transfer.py:1427:lmcache.v1.multiprocess.modules.lmcache_driven_transfer)[0m
[32;20m[2026-09-20 15:57:33,753] LMCache INFO:[0m Prefetch request completed (L1+L2): 24/24 retained keys (24 L1, 0 L2) in 1.0 ms (external_request_id=cmpl-b8632961909b6316-0-a38e9dd0, prefetch_request_id=-1) [3m(storage_manager.py:716:lmcache.v1.distributed.storage_manager)[0m
[32;20m[2026-09-20 15:57:33,757] LMCache INFO:[0m Retrieved 384 tokens in 0.002 seconds [3m(lmcache_driven_transfer.py:1427:lmcache.v1.multiprocess.modules.lmcache_driven_transfer)[0m
[32;20m[2026-09-20 15:57:33,804] LMCache INFO:[0m Prefetch request completed (L1+L2): 24/24 retained keys (24 L1, 0 L2) in 0.8 ms (external_request_id=cmpl-a943e184cf02dccc-0-a9c4e3eb, prefetch_request_id=-1) [3m(storage_manager.py:716:lmcache.v1.distributed.storage_manager)[0m
[32;20m[2026-09-20 15:57:33,808] LMCache INFO:[0m Retrieved 384 tokens in 0.002 seconds [3m(lmcache_driven_transfer.py:1427:lmcache.v1.multiprocess.modules.lmcache_driven_transfer)[0m
[32;20m[2026-09-20 15:57:33,996] LMCache INFO:[0m Prefetch request completed (L1+L2): 24/24 retained keys (24 L1, 0 L2) in 1.1 ms (external_request_id=cmpl-8850ec95fb0b8a77-0-92026571, prefetch_request_id=-1) [3m(storage_manager.py:716:lmcache.v1.distributed.storage_manager)[0m
[32;20m[2026-09-20 15:57:34,002] LMCache INFO:[0m Retrieved 384 tokens in 0.003 seconds [3m(lmcache_driven_transfer.py:1427:lmcache.v1.multiprocess.modules.lmcache_driven_transfer)[0m
[32;20m[2026-09-20 15:57:34,107] LMCache INFO:[0m Stored 384 tokens in 0.003 seconds [3m(lmcache_driven_transfer.py:1218:lmcache.v1.multiprocess.modules.lmcache_driven_transfer)[0m
[32;20m[2026-09-20 15:57:34,182] LMCache INFO:[0m Stored 384 tokens in 0.003 seconds [3m(lmcache_driven_transfer.py:1218:lmcache.v1.multiprocess.modules.lmcache_driven_transfer)[0m
[32;20m[2026-09-20 15:57:34,265] LMCache INFO:[0m Stored 384 tokens in 0.003 seconds [3m(lmcache_driven_transfer.py:1218:lmcache.v1.multiprocess.modules.lmcache_driven_transfer)[0m
[32;20m[2026-09-20 15:57:34,317] LMCache INFO:[0m Prefetch request completed (L1+L2): 23/23 retained keys (23 L1, 0 L2) in 1.5 ms (external_request_id=cmpl-a7d5b01d2b074f89-0-88fc83ba, prefetch_request_id=-1) [3m(storage_manager.py:716:lmcache.v1.distributed.storage_manager)[0m
[32;20m[2026-09-20 15:57:34,325] LMCache INFO:[0m Retrieved 368 tokens in 0.005 seconds [3m(lmcache_driven_transfer.py:1427:lmcache.v1.multiprocess.modules.lmcache_driven_transfer)[0m
[32;20m[2026-09-20 15:57:34,371] LMCache INFO:[0m L1 memory usage 0.89 above watermark 0.80; triggering eviction. [3m(eviction_controller.py:179:lmcache.v1.distributed.storage_controllers.eviction_controller)[0m
[32;20m[2026-09-20 15:57:34,421] LMCache INFO:[0m Stored 384 tokens in 0.002 seconds [3m(lmcache_driven_transfer.py:1218:lmcache.v1.multiprocess.modules.lmcache_driven_transfer)[0m
[32;20m[2026-09-20 15:57:34,462] LMCache INFO:[0m Prefetch request completed (L1+L2): 9/24 retained keys (9 L1, 0 L2) in 0.8 ms (external_request_id=cmpl-a8af6b361ad20239-0-90a70074, prefetch_request_id=-1) [3m(storage_manager.py:716:lmcache.v1.distributed.storage_manager)[0m
[32;20m[2026-09-20 15:57:34,466] LMCache INFO:[0m Retrieved 144 tokens in 0.001 seconds [3m(lmcache_driven_transfer.py:1427:lmcache.v1.multiprocess.modules.lmcache_driven_transfer)[0m
[32;20m[2026-09-20 15:57:34,504] LMCache INFO:[0m Stored 240 tokens in 0.002 seconds [3m(lmcache_driven_transfer.py:1218:lmcache.v1.multiprocess.modules.lmcache_driven_transfer)[0m
[32;20m[2026-09-20 15:57:34,577] LMCache INFO:[0m Stored 384 tokens in 0.002 seconds [3m(lmcache_driven_transfer.py:1218:lmcache.v1.multiprocess.modules.lmcache_driven_transfer)[0m
[32;20m[2026-09-20 15:57:34,662] LMCache INFO:[0m Stored 384 tokens in 0.003 seconds [3m(lmcache_driven_transfer.py:1218:lmcache.v1.multiprocess.modules.lmcache_driven_transfer)[0m
[32;20m[2026-09-20 15:57:34,753] LMCache INFO:[0m Stored 384 tokens in 0.003 seconds [3m(lmcache_driven_transfer.py:1218:lmcache.v1.multiprocess.modules.lmcache_driven_transfer)[0m
[32;20m[2026-09-20 15:57:34,839] LMCache INFO:[0m Stored 384 tokens in 0.003 seconds [3m(lmcache_driven_transfer.py:1218:lmcache.v1.multiprocess.modules.lmcache_driven_transfer)[0m
[32;20m[2026-09-20 15:57:34,922] LMCache INFO:[0m Stored 112 tokens in 0.002 seconds [3m(lmcache_driven_transfer.py:1218:lmcache.v1.multiprocess.modules.lmcache_driven_transfer)[0m
[32;20m[2026-09-20 15:57:34,981] LMCache INFO:[0m Prefetch request completed (L1+L2): 24/24 retained keys (24 L1, 0 L2) in 1.0 ms (external_request_id=cmpl-b7ec7c2a9333c977-0-bc7363a2, prefetch_request_id=-1) [3m(storage_manager.py:716:lmcache.v1.distributed.storage_manager)[0m
[32;20m[2026-09-20 15:57:34,985] LMCache INFO:[0m Retrieved 384 tokens in 0.002 seconds [3m(lmcache_driven_transfer.py:1427:lmcache.v1.multiprocess.modules.lmcache_driven_transfer)[0m
[32;20m[2026-09-20 15:57:35,085] LMCache INFO:[0m Stored 384 tokens in 0.003 seconds [3m(lmcache_driven_transfer.py:1218:lmcache.v1.multiprocess.modules.lmcache_driven_transfer)[0m
[32;20m[2026-09-20 15:57:35,159] LMCache INFO:[0m Stored 368 tokens in 0.002 seconds [3m(lmcache_driven_transfer.py:1218:lmcache.v1.multiprocess.modules.lmcache_driven_transfer)[0m
[32;20m[2026-09-20 15:57:35,250] LMCache INFO:[0m Stored 384 tokens in 0.002 seconds [3m(lmcache_driven_transfer.py:1218:lmcache.v1.multiprocess.modules.lmcache_driven_transfer)[0m
[32;20m[2026-09-20 15:57:35,340] LMCache INFO:[0m Stored 384 tokens in 0.003 seconds [3m(lmcache_driven_transfer.py:1218:lmcache.v1.multiprocess.modules.lmcache_driven_transfer)[0m
[32;20m[2026-09-20 15:57:35,379] LMCache INFO:[0m L1 memory usage 0.91 above watermark 0.80; triggering eviction. [3m(eviction_controller.py:179:lmcache.v1.distributed.storage_controllers.eviction_controller)[0m
[32;20m[2026-09-20 15:57:35,426] LMCache INFO:[0m Stored 64 tokens in 0.002 seconds [3m(lmcache_driven_transfer.py:1218:lmcache.v1.multiprocess.modules.lmcache_driven_transfer)[0m
[32;20m[2026-09-20 15:57:35,471] LMCache INFO:[0m Stored 384 tokens in 0.003 seconds [3m(lmcache_driven_transfer.py:1218:lmcache.v1.multiprocess.modules.lmcache_driven_transfer)[0m
[32;20m[2026-09-20 15:57:35,557] LMCache INFO:[0m Stored 384 tokens in 0.002 seconds [3m(lmcache_driven_transfer.py:1218:lmcache.v1.multiprocess.modules.lmcache_driven_transfer)[0m
[32;20m[2026-09-20 15:57:35,645] LMCache INFO:[0m Stored 384 tokens in 0.002 seconds [3m(lmcache_driven_transfer.py:1218:lmcache.v1.multiprocess.modules.lmcache_driven_transfer)[0m
[32;20m[2026-09-20 15:57:35,735] LMCache INFO:[0m Stored 384 tokens in 0.003 seconds [3m(lmcache_driven_transfer.py:1218:lmcache.v1.multiprocess.modules.lmcache_driven_transfer)[0m
[32;20m[2026-09-20 15:57:35,825] LMCache INFO:[0m Stored 384 tokens in 0.002 seconds [3m(lmcache_driven_transfer.py:1218:lmcache.v1.multiprocess.modules.lmcache_driven_transfer)[0m
[32;20m[2026-09-20 15:57:35,917] LMCache INFO:[0m Stored 384 tokens in 0.003 seconds [3m(lmcache_driven_transfer.py:1218:lmcache.v1.multiprocess.modules.lmcache_driven_transfer)[0m
[32;20m[2026-09-20 15:57:35,968] LMCache INFO:[0m Prefetch request completed (L1+L2): 24/24 retained keys (24 L1, 0 L2) in 0.9 ms (external_request_id=cmpl-a6653b7be3ec7872-0-81491d90, prefetch_request_id=-1) [3m(storage_manager.py:716:lmcache.v1.distributed.storage_manager)[0m
[32;20m[2026-09-20 15:57:35,972] LMCache INFO:[0m Retrieved 384 tokens in 0.002 seconds [3m(lmcache_driven_transfer.py:1427:lmcache.v1.multiprocess.modules.lmcache_driven_transfer)[0m
[32;20m[2026-09-20 15:57:36,074] LMCache INFO:[0m Stored 384 tokens in 0.002 seconds [3m(lmcache_driven_transfer.py:1218:lmcache.v1.multiprocess.modules.lmcache_driven_transfer)[0m
[32;20m[2026-09-20 15:57:36,152] LMCache INFO:[0m Stored 384 tokens in 0.002 seconds [3m(lmcache_driven_transfer.py:1218:lmcache.v1.multiprocess.modules.lmcache_driven_transfer)[0m
[32;20m[2026-09-20 15:57:36,238] LMCache INFO:[0m Stored 384 tokens in 0.003 seconds [3m(lmcache_driven_transfer.py:1218:lmcache.v1.multiprocess.modules.lmcache_driven_transfer)[0m
[32;20m[2026-09-20 15:57:36,324] LMCache INFO:[0m Stored 384 tokens in 0.002 seconds [3m(lmcache_driven_transfer.py:1218:lmcache.v1.multiprocess.modules.lmcache_driven_transfer)[0m
[32;20m[2026-09-20 15:57:36,372] LMCache INFO:[0m L0<->L1 stats [cuda:0] last 10.0s: store ops=103 tokens=35680 size=1.02GB avg_copy=7.22GB/s | retrieve ops=19 tokens=6688 size=0.19GB avg_copy=4.28GB/s [3m(extra_stats.py:159:lmcache.v1.mp_observability.subscribers.logging.extra_stats)[0m
[32;20m[2026-09-20 15:57:36,373] LMCache INFO:[0m L0<->L1 stats [cuda:0] cumulative: store ops=159 tokens=56464 size=1.62GB avg_copy=6.91GB/s | retrieve ops=24 tokens=8608 size=0.25GB avg_copy=4.38GB/s [3m(extra_stats.py:168:lmcache.v1.mp_observability.subscribers.logging.extra_stats)[0m
[32;20m[2026-09-20 15:57:36,386] LMCache INFO:[0m L1 memory usage: 0.47/0.50 GiB (94.2%) [3m(eviction_controller.py:153:lmcache.v1.distributed.storage_controllers.eviction_controller)[0m
[32;20m[2026-09-20 15:57:36,386] LMCache INFO:[0m L1 memory usage 0.94 above watermark 0.80; triggering eviction. [3m(eviction_controller.py:179:lmcache.v1.distributed.storage_controllers.eviction_controller)[0m
[32;20m[2026-09-20 15:57:36,419] LMCache INFO:[0m Stored 384 tokens in 0.003 seconds [3m(lmcache_driven_transfer.py:1218:lmcache.v1.multiprocess.modules.lmcache_driven_transfer)[0m
[32;20m[2026-09-20 15:57:36,504] LMCache INFO:[0m Stored 384 tokens in 0.003 seconds [3m(lmcache_driven_transfer.py:1218:lmcache.v1.multiprocess.modules.lmcache_driven_transfer)[0m
[32;20m[2026-09-20 15:57:36,587] LMCache INFO:[0m Stored 368 tokens in 0.002 seconds [3m(lmcache_driven_transfer.py:1218:lmcache.v1.multiprocess.modules.lmcache_driven_transfer)[0m
[32;20m[2026-09-20 15:57:36,675] LMCache INFO:[0m Stored 384 tokens in 0.003 seconds [3m(lmcache_driven_transfer.py:1218:lmcache.v1.multiprocess.modules.lmcache_driven_transfer)[0m
[32;20m[2026-09-20 15:57:36,765] LMCache INFO:[0m Stored 384 tokens in 0.003 seconds [3m(lmcache_driven_transfer.py:1218:lmcache.v1.multiprocess.modules.lmcache_driven_transfer)[0m
[32;20m[2026-09-20 15:57:36,857] LMCache INFO:[0m Stored 384 tokens in 0.003 seconds [3m(lmcache_driven_transfer.py:1218:lmcache.v1.multiprocess.modules.lmcache_driven_transfer)[0m
[32;20m[2026-09-20 15:57:36,947] LMCache INFO:[0m Stored 384 tokens in 0.003 seconds [3m(lmcache_driven_transfer.py:1218:lmcache.v1.multiprocess.modules.lmcache_driven_transfer)[0m
[32;20m[2026-09-20 15:57:36,991] LMCache INFO:[0m Prefetch request completed (L1+L2): 24/24 retained keys (24 L1, 0 L2) in 1.3 ms (external_request_id=cmpl-81123d12ea2f032e-0-94d36dee, prefetch_request_id=-1) [3m(storage_manager.py:716:lmcache.v1.distributed.storage_manager)[0m
[32;20m[2026-09-20 15:57:36,996] LMCache INFO:[0m Retrieved 384 tokens in 0.002 seconds [3m(lmcache_driven_transfer.py:1427:lmcache.v1.multiprocess.modules.lmcache_driven_transfer)[0m
[32;20m[2026-09-20 15:57:37,059] LMCache INFO:[0m Prefetch request completed (L1+L2): 24/24 retained keys (24 L1, 0 L2) in 1.0 ms (external_request_id=cmpl-bd8bb03566992716-0-94e548e8, prefetch_request_id=-1) [3m(storage_manager.py:716:lmcache.v1.distributed.storage_manager)[0m
[32;20m[2026-09-20 15:57:37,065] LMCache INFO:[0m Prefetch request completed (L1+L2): 23/23 retained keys (23 L1, 0 L2) in 1.2 ms (external_request_id=cmpl-a1764cb61d62a840-0-b55a903e, prefetch_request_id=-1) [3m(storage_manager.py:716:lmcache.v1.distributed.storage_manager)[0m
[32;20m[2026-09-20 15:57:37,065] LMCache INFO:[0m Retrieved 384 tokens in 0.004 seconds [3m(lmcache_driven_transfer.py:1427:lmcache.v1.multiprocess.modules.lmcache_driven_transfer)[0m
[32;20m[2026-09-20 15:57:37,071] LMCache INFO:[0m Retrieved 368 tokens in 0.004 seconds [3m(lmcache_driven_transfer.py:1427:lmcache.v1.multiprocess.modules.lmcache_driven_transfer)[0m
[32;20m[2026-09-20 15:57:37,189] LMCache INFO:[0m Stored 384 tokens in 0.003 seconds [3m(lmcache_driven_transfer.py:1218:lmcache.v1.multiprocess.modules.lmcache_driven_transfer)[0m
[32;20m[2026-09-20 15:57:37,231] LMCache INFO:[0m Prefetch request completed (L1+L2): 24/24 retained keys (24 L1, 0 L2) in 0.9 ms (external_request_id=cmpl-81776b00d8e2ac4c-0-91942ca0, prefetch_request_id=-1) [3m(storage_manager.py:716:lmcache.v1.distributed.storage_manager)[0m
[32;20m[2026-09-20 15:57:37,235] LMCache INFO:[0m Retrieved 384 tokens in 0.002 seconds [3m(lmcache_driven_transfer.py:1427:lmcache.v1.multiprocess.modules.lmcache_driven_transfer)[0m
[32;20m[2026-09-20 15:57:37,326] LMCache INFO:[0m Stored 384 tokens in 0.003 seconds [3m(lmcache_driven_transfer.py:1218:lmcache.v1.multiprocess.modules.lmcache_driven_transfer)[0m
[32;20m[2026-09-20 15:57:37,368] LMCache INFO:[0m Prefetch request completed (L1+L2): 24/24 retained keys (24 L1, 0 L2) in 0.9 ms (external_request_id=cmpl-ae906df07be82846-0-a8214433, prefetch_request_id=-1) [3m(storage_manager.py:716:lmcache.v1.distributed.storage_manager)[0m
[32;20m[2026-09-20 15:57:37,372] LMCache INFO:[0m Retrieved 384 tokens in 0.002 seconds [3m(lmcache_driven_transfer.py:1427:lmcache.v1.multiprocess.modules.lmcache_driven_transfer)[0m
[32;20m[2026-09-20 15:57:37,394] LMCache INFO:[0m L1 memory usage 0.94 above watermark 0.80; triggering eviction. [3m(eviction_controller.py:179:lmcache.v1.distributed.storage_controllers.eviction_controller)[0m
[32;20m[2026-09-20 15:57:37,423] LMCache INFO:[0m Prefetch request completed (L1+L2): 24/24 retained keys (24 L1, 0 L2) in 0.9 ms (external_request_id=cmpl-b792e9c01274c656-0-82237e39, prefetch_request_id=-1) [3m(storage_manager.py:716:lmcache.v1.distributed.storage_manager)[0m
[32;20m[2026-09-20 15:57:37,428] LMCache INFO:[0m Retrieved 384 tokens in 0.002 seconds [3m(lmcache_driven_transfer.py:1427:lmcache.v1.multiprocess.modules.lmcache_driven_transfer)[0m
[32;20m[2026-09-20 15:57:37,477] LMCache INFO:[0m Prefetch request completed (L1+L2): 24/24 retained keys (24 L1, 0 L2) in 0.9 ms (external_request_id=cmpl-915039d138b16612-0-b6ae78e1, prefetch_request_id=-1) [3m(storage_manager.py:716:lmcache.v1.distributed.storage_manager)[0m
[32;20m[2026-09-20 15:57:37,481] LMCache INFO:[0m Retrieved 384 tokens in 0.002 seconds [3m(lmcache_driven_transfer.py:1427:lmcache.v1.multiprocess.modules.lmcache_driven_transfer)[0m
[32;20m[2026-09-20 15:57:37,570] LMCache INFO:[0m Stored 128 tokens in 0.003 seconds [3m(lmcache_driven_transfer.py:1218:lmcache.v1.multiprocess.modules.lmcache_driven_transfer)[0m
[32;20m[2026-09-20 15:57:37,615] LMCache INFO:[0m Stored 384 tokens in 0.002 seconds [3m(lmcache_driven_transfer.py:1218:lmcache.v1.multiprocess.modules.lmcache_driven_transfer)[0m
[32;20m[2026-09-20 15:57:37,706] LMCache INFO:[0m Stored 384 tokens in 0.002 seconds [3m(lmcache_driven_transfer.py:1218:lmcache.v1.multiprocess.modules.lmcache_driven_transfer)[0m
[32;20m[2026-09-20 15:57:37,865] LMCache INFO:[0m Prefetch request completed (L1+L2): 23/23 retained keys (23 L1, 0 L2) in 1.0 ms (external_request_id=cmpl-abce00304df43721-0-bfc30ffc, prefetch_request_id=-1) [3m(storage_manager.py:716:lmcache.v1.distributed.storage_manager)[0m
[32;20m[2026-09-20 15:57:37,870] LMCache INFO:[0m Retrieved 368 tokens in 0.002 seconds [3m(lmcache_driven_transfer.py:1427:lmcache.v1.multiprocess.modules.lmcache_driven_transfer)[0m
[32;20m[2026-09-20 15:57:37,971] LMCache INFO:[0m Stored 384 tokens in 0.003 seconds [3m(lmcache_driven_transfer.py:1218:lmcache.v1.multiprocess.modules.lmcache_driven_transfer)[0m
[32;20m[2026-09-20 15:57:38,048] LMCache INFO:[0m Stored 384 tokens in 0.003 seconds [3m(lmcache_driven_transfer.py:1218:lmcache.v1.multiprocess.modules.lmcache_driven_transfer)[0m
[32;20m[2026-09-20 15:57:38,135] LMCache INFO:[0m Stored 384 tokens in 0.003 seconds [3m(lmcache_driven_transfer.py:1218:lmcache.v1.multiprocess.modules.lmcache_driven_transfer)[0m
[32;20m[2026-09-20 15:57:38,226] LMCache INFO:[0m Stored 384 tokens in 0.002 seconds [3m(lmcache_driven_transfer.py:1218:lmcache.v1.multiprocess.modules.lmcache_driven_transfer)[0m
[32;20m[2026-09-20 15:57:38,317] LMCache INFO:[0m Stored 368 tokens in 0.002 seconds [3m(lmcache_driven_transfer.py:1218:lmcache.v1.multiprocess.modules.lmcache_driven_transfer)[0m
[32;20m[2026-09-20 15:57:38,400] LMCache INFO:[0m L1 memory usage 0.90 above watermark 0.80; triggering eviction. [3m(eviction_controller.py:179:lmcache.v1.distributed.storage_controllers.eviction_controller)[0m
[32;20m[2026-09-20 15:57:38,410] LMCache INFO:[0m Stored 384 tokens in 0.003 seconds [3m(lmcache_driven_transfer.py:1218:lmcache.v1.multiprocess.modules.lmcache_driven_transfer)[0m
[32;20m[2026-09-20 15:57:38,499] LMCache INFO:[0m Stored 384 tokens in 0.003 seconds [3m(lmcache_driven_transfer.py:1218:lmcache.v1.multiprocess.modules.lmcache_driven_transfer)[0m
[32;20m[2026-09-20 15:57:38,585] LMCache INFO:[0m Stored 384 tokens in 0.002 seconds [3m(lmcache_driven_transfer.py:1218:lmcache.v1.multiprocess.modules.lmcache_driven_transfer)[0m
[32;20m[2026-09-20 15:57:38,673] LMCache INFO:[0m Stored 384 tokens in 0.003 seconds [3m(lmcache_driven_transfer.py:1218:lmcache.v1.multiprocess.modules.lmcache_driven_transfer)[0m
[32;20m[2026-09-20 15:57:38,760] LMCache INFO:[0m Stored 368 tokens in 0.002 seconds [3m(lmcache_driven_transfer.py:1218:lmcache.v1.multiprocess.modules.lmcache_driven_transfer)[0m
[32;20m[2026-09-20 15:57:38,849] LMCache INFO:[0m Stored 368 tokens in 0.003 seconds [3m(lmcache_driven_transfer.py:1218:lmcache.v1.multiprocess.modules.lmcache_driven_transfer)[0m
[32;20m[2026-09-20 15:57:38,893] LMCache INFO:[0m Prefetch request completed (L1+L2): 24/24 retained keys (24 L1, 0 L2) in 0.9 ms (external_request_id=cmpl-973eca98d15a9530-0-b2b974d5, prefetch_request_id=-1) [3m(storage_manager.py:716:lmcache.v1.distributed.storage_manager)[0m
[32;20m[2026-09-20 15:57:38,898] LMCache INFO:[0m Retrieved 384 tokens in 0.002 seconds [3m(lmcache_driven_transfer.py:1427:lmcache.v1.multiprocess.modules.lmcache_driven_transfer)[0m
[32;20m[2026-09-20 15:57:38,961] LMCache INFO:[0m Prefetch request completed (L1+L2): 24/24 retained keys (24 L1, 0 L2) in 1.0 ms (external_request_id=cmpl-9b80b4c4185898b4-0-b3724da5, prefetch_request_id=-1) [3m(storage_manager.py:716:lmcache.v1.distributed.storage_manager)[0m
[32;20m[2026-09-20 15:57:38,964] LMCache INFO:[0m Prefetch request completed (L1+L2): 24/24 retained keys (24 L1, 0 L2) in 0.8 ms (external_request_id=cmpl-8ad952ba4c5e069e-0-8213c9ce, prefetch_request_id=-1) [3m(storage_manager.py:716:lmcache.v1.distributed.storage_manager)[0m
[32;20m[2026-09-20 15:57:38,969] LMCache INFO:[0m Retrieved 384 tokens in 0.002 seconds [3m(lmcache_driven_transfer.py:1427:lmcache.v1.multiprocess.modules.lmcache_driven_transfer)[0m
[32;20m[2026-09-20 15:57:38,971] LMCache INFO:[0m Retrieved 384 tokens in 0.002 seconds [3m(lmcache_driven_transfer.py:1427:lmcache.v1.multiprocess.modules.lmcache_driven_transfer)[0m
[32;20m[2026-09-20 15:57:39,055] LMCache INFO:[0m Prefetch request completed (L1+L2): 24/24 retained keys (24 L1, 0 L2) in 1.2 ms (external_request_id=cmpl-b921ae898b4e001b-0-a98f2af2, prefetch_request_id=-1) [3m(storage_manager.py:716:lmcache.v1.distributed.storage_manager)[0m
[32;20m[2026-09-20 15:57:39,059] LMCache INFO:[0m Retrieved 384 tokens in 0.002 seconds [3m(lmcache_driven_transfer.py:1427:lmcache.v1.multiprocess.modules.lmcache_driven_transfer)[0m
[32;20m[2026-09-20 15:57:39,107] LMCache INFO:[0m Prefetch request completed (L1+L2): 24/24 retained keys (24 L1, 0 L2) in 1.1 ms (external_request_id=cmpl-8a07715054593517-0-87965cc4, prefetch_request_id=-1) [3m(storage_manager.py:716:lmcache.v1.distributed.storage_manager)[0m
[32;20m[2026-09-20 15:57:39,111] LMCache INFO:[0m Retrieved 384 tokens in 0.002 seconds [3m(lmcache_driven_transfer.py:1427:lmcache.v1.multiprocess.modules.lmcache_driven_transfer)[0m
[32;20m[2026-09-20 15:57:39,160] LMCache INFO:[0m Prefetch request completed (L1+L2): 24/24 retained keys (24 L1, 0 L2) in 0.8 ms (external_request_id=cmpl-893e3b73441e02e2-0-a6debf96, prefetch_request_id=-1) [3m(storage_manager.py:716:lmcache.v1.distributed.storage_manager)[0m
[32;20m[2026-09-20 15:57:39,163] LMCache INFO:[0m Retrieved 384 tokens in 0.002 seconds [3m(lmcache_driven_transfer.py:1427:lmcache.v1.multiprocess.modules.lmcache_driven_transfer)[0m
[32;20m[2026-09-20 15:57:39,212] LMCache INFO:[0m Prefetch request completed (L1+L2): 23/23 retained keys (23 L1, 0 L2) in 0.9 ms (external_request_id=cmpl-ae6ff6a2f959426c-0-a4d67275, prefetch_request_id=-1) [3m(storage_manager.py:716:lmcache.v1.distributed.storage_manager)[0m
[32;20m[2026-09-20 15:57:39,216] LMCache INFO:[0m Retrieved 368 tokens in 0.002 seconds [3m(lmcache_driven_transfer.py:1427:lmcache.v1.multiprocess.modules.lmcache_driven_transfer)[0m
[32;20m[2026-09-20 15:57:39,264] LMCache INFO:[0m Prefetch request completed (L1+L2): 24/24 retained keys (24 L1, 0 L2) in 0.8 ms (external_request_id=cmpl-865619d83f6410e0-0-bf20b97f, prefetch_request_id=-1) [3m(storage_manager.py:716:lmcache.v1.distributed.storage_manager)[0m
[32;20m[2026-09-20 15:57:39,268] LMCache INFO:[0m Retrieved 384 tokens in 0.002 seconds [3m(lmcache_driven_transfer.py:1427:lmcache.v1.multiprocess.modules.lmcache_driven_transfer)[0m
[32;20m[2026-09-20 15:57:39,317] LMCache INFO:[0m Prefetch request completed (L1+L2): 24/24 retained keys (24 L1, 0 L2) in 0.8 ms (external_request_id=cmpl-8480c33efb3951de-0-b0829afc, prefetch_request_id=-1) [3m(storage_manager.py:716:lmcache.v1.distributed.storage_manager)[0m
[32;20m[2026-09-20 15:57:39,321] LMCache INFO:[0m Retrieved 384 tokens in 0.002 seconds [3m(lmcache_driven_transfer.py:1427:lmcache.v1.multiprocess.modules.lmcache_driven_transfer)[0m
[32;20m[2026-09-20 15:57:39,409] LMCache INFO:[0m L1 memory usage 0.84 above watermark 0.80; triggering eviction. [3m(eviction_controller.py:179:lmcache.v1.distributed.storage_controllers.eviction_controller)[0m
[32;20m[2026-09-20 15:57:39,416] LMCache INFO:[0m Stored 384 tokens in 0.008 seconds [3m(lmcache_driven_transfer.py:1218:lmcache.v1.multiprocess.modules.lmcache_driven_transfer)[0m
[32;20m[2026-09-20 15:57:39,452] LMCache INFO:[0m Prefetch request completed (L1+L2): 23/23 retained keys (23 L1, 0 L2) in 1.0 ms (external_request_id=cmpl-bb0c4f3a75b72fcc-0-b1eacab6, prefetch_request_id=-1) [3m(storage_manager.py:716:lmcache.v1.distributed.storage_manager)[0m
[32;20m[2026-09-20 15:57:39,456] LMCache INFO:[0m Retrieved 368 tokens in 0.002 seconds [3m(lmcache_driven_transfer.py:1427:lmcache.v1.multiprocess.modules.lmcache_driven_transfer)[0m
[32;20m[2026-09-20 15:57:39,504] LMCache INFO:[0m Prefetch request completed (L1+L2): 23/23 retained keys (23 L1, 0 L2) in 1.0 ms (external_request_id=cmpl-8eec1db8c10dade9-0-bc548fc2, prefetch_request_id=-1) [3m(storage_manager.py:716:lmcache.v1.distributed.storage_manager)[0m
[32;20m[2026-09-20 15:57:39,508] LMCache INFO:[0m Retrieved 368 tokens in 0.002 seconds [3m(lmcache_driven_transfer.py:1427:lmcache.v1.multiprocess.modules.lmcache_driven_transfer)[0m
[32;20m[2026-09-20 15:57:39,810] LMCache INFO:[0m Prefetch request completed (L1+L2): 24/24 retained keys (24 L1, 0 L2) in 0.9 ms (external_request_id=cmpl-890ac0ca029c3691-0-8a8b9610, prefetch_request_id=-1) [3m(storage_manager.py:716:lmcache.v1.distributed.storage_manager)[0m
[32;20m[2026-09-20 15:57:39,814] LMCache INFO:[0m Retrieved 384 tokens in 0.002 seconds [3m(lmcache_driven_transfer.py:1427:lmcache.v1.multiprocess.modules.lmcache_driven_transfer)[0m
[32;20m[2026-09-20 15:57:39,920] LMCache INFO:[0m Stored 384 tokens in 0.003 seconds [3m(lmcache_driven_transfer.py:1218:lmcache.v1.multiprocess.modules.lmcache_driven_transfer)[0m
[32;20m[2026-09-20 15:57:39,996] LMCache INFO:[0m Stored 384 tokens in 0.003 seconds [3m(lmcache_driven_transfer.py:1218:lmcache.v1.multiprocess.modules.lmcache_driven_transfer)[0m
[32;20m[2026-09-20 15:57:40,081] LMCache INFO:[0m Stored 384 tokens in 0.002 seconds [3m(lmcache_driven_transfer.py:1218:lmcache.v1.multiprocess.modules.lmcache_driven_transfer)[0m
[32;20m[2026-09-20 15:57:40,173] LMCache INFO:[0m Stored 384 tokens in 0.003 seconds [3m(lmcache_driven_transfer.py:1218:lmcache.v1.multiprocess.modules.lmcache_driven_transfer)[0m
[32;20m[2026-09-20 15:57:40,261] LMCache INFO:[0m Stored 384 tokens in 0.003 seconds [3m(lmcache_driven_transfer.py:1218:lmcache.v1.multiprocess.modules.lmcache_driven_transfer)[0m
[32;20m[2026-09-20 15:57:40,351] LMCache INFO:[0m Stored 384 tokens in 0.004 seconds [3m(lmcache_driven_transfer.py:1218:lmcache.v1.multiprocess.modules.lmcache_driven_transfer)[0m
[32;20m[2026-09-20 15:57:40,416] LMCache INFO:[0m L1 memory usage 0.82 above watermark 0.80; triggering eviction. [3m(eviction_controller.py:179:lmcache.v1.distributed.storage_controllers.eviction_controller)[0m
[32;20m[2026-09-20 15:57:40,442] LMCache INFO:[0m Stored 384 tokens in 0.002 seconds [3m(lmcache_driven_transfer.py:1218:lmcache.v1.multiprocess.modules.lmcache_driven_transfer)[0m
[32;20m[2026-09-20 15:57:40,530] LMCache INFO:[0m Stored 384 tokens in 0.003 seconds [3m(lmcache_driven_transfer.py:1218:lmcache.v1.multiprocess.modules.lmcache_driven_transfer)[0m
[32;20m[2026-09-20 15:57:40,617] LMCache INFO:[0m Stored 384 tokens in 0.003 seconds [3m(lmcache_driven_transfer.py:1218:lmcache.v1.multiprocess.modules.lmcache_driven_transfer)[0m
[32;20m[2026-09-20 15:57:40,705] LMCache INFO:[0m Stored 176 tokens in 0.002 seconds [3m(lmcache_driven_transfer.py:1218:lmcache.v1.multiprocess.modules.lmcache_driven_transfer)[0m
[32;20m[2026-09-20 15:57:40,756] LMCache INFO:[0m Stored 384 tokens in 0.002 seconds [3m(lmcache_driven_transfer.py:1218:lmcache.v1.multiprocess.modules.lmcache_driven_transfer)[0m
[32;20m[2026-09-20 15:57:40,843] LMCache INFO:[0m Stored 240 tokens in 0.002 seconds [3m(lmcache_driven_transfer.py:1218:lmcache.v1.multiprocess.modules.lmcache_driven_transfer)[0m
[32;20m[2026-09-20 15:57:40,922] LMCache INFO:[0m Stored 384 tokens in 0.003 seconds [3m(lmcache_driven_transfer.py:1218:lmcache.v1.multiprocess.modules.lmcache_driven_transfer)[0m
[32;20m[2026-09-20 15:57:41,004] LMCache INFO:[0m Stored 384 tokens in 0.003 seconds [3m(lmcache_driven_transfer.py:1218:lmcache.v1.multiprocess.modules.lmcache_driven_transfer)[0m
[32;20m[2026-09-20 15:57:41,090] LMCache INFO:[0m Stored 384 tokens in 0.003 seconds [3m(lmcache_driven_transfer.py:1218:lmcache.v1.multiprocess.modules.lmcache_driven_transfer)[0m
[32;20m[2026-09-20 15:57:41,176] LMCache INFO:[0m Stored 384 tokens in 0.003 seconds [3m(lmcache_driven_transfer.py:1218:lmcache.v1.multiprocess.modules.lmcache_driven_transfer)[0m
[32;20m[2026-09-20 15:57:41,269] LMCache INFO:[0m Stored 384 tokens in 0.003 seconds [3m(lmcache_driven_transfer.py:1218:lmcache.v1.multiprocess.modules.lmcache_driven_transfer)[0m
[32;20m[2026-09-20 15:57:41,359] LMCache INFO:[0m Stored 384 tokens in 0.003 seconds [3m(lmcache_driven_transfer.py:1218:lmcache.v1.multiprocess.modules.lmcache_driven_transfer)[0m
[32;20m[2026-09-20 15:57:41,422] LMCache INFO:[0m L1 memory usage 0.88 above watermark 0.80; triggering eviction. [3m(eviction_controller.py:179:lmcache.v1.distributed.storage_controllers.eviction_controller)[0m
[32;20m[2026-09-20 15:57:41,449] LMCache INFO:[0m Stored 384 tokens in 0.003 seconds [3m(lmcache_driven_transfer.py:1218:lmcache.v1.multiprocess.modules.lmcache_driven_transfer)[0m
[32;20m[2026-09-20 15:57:41,535] LMCache INFO:[0m Stored 384 tokens in 0.003 seconds [3m(lmcache_driven_transfer.py:1218:lmcache.v1.multiprocess.modules.lmcache_driven_transfer)[0m
[32;20m[2026-09-20 15:57:41,622] LMCache INFO:[0m Stored 384 tokens in 0.002 seconds [3m(lmcache_driven_transfer.py:1218:lmcache.v1.multiprocess.modules.lmcache_driven_transfer)[0m
[32;20m[2026-09-20 15:57:41,713] LMCache INFO:[0m Stored 384 tokens in 0.003 seconds [3m(lmcache_driven_transfer.py:1218:lmcache.v1.multiprocess.modules.lmcache_driven_transfer)[0m
[32;20m[2026-09-20 15:57:41,808] LMCache INFO:[0m Stored 384 tokens in 0.003 seconds [3m(lmcache_driven_transfer.py:1218:lmcache.v1.multiprocess.modules.lmcache_driven_transfer)[0m
[32;20m[2026-09-20 15:57:41,896] LMCache INFO:[0m Stored 384 tokens in 0.003 seconds [3m(lmcache_driven_transfer.py:1218:lmcache.v1.multiprocess.modules.lmcache_driven_transfer)[0m
[32;20m[2026-09-20 15:57:41,998] LMCache INFO:[0m Stored 384 tokens in 0.002 seconds [3m(lmcache_driven_transfer.py:1218:lmcache.v1.multiprocess.modules.lmcache_driven_transfer)[0m
[32;20m[2026-09-20 15:57:42,078] LMCache INFO:[0m Stored 384 tokens in 0.003 seconds [3m(lmcache_driven_transfer.py:1218:lmcache.v1.multiprocess.modules.lmcache_driven_transfer)[0m
[32;20m[2026-09-20 15:57:42,161] LMCache INFO:[0m Stored 384 tokens in 0.003 seconds [3m(lmcache_driven_transfer.py:1218:lmcache.v1.multiprocess.modules.lmcache_driven_transfer)[0m
[32;20m[2026-09-20 15:57:42,251] LMCache INFO:[0m Stored 384 tokens in 0.003 seconds [3m(lmcache_driven_transfer.py:1218:lmcache.v1.multiprocess.modules.lmcache_driven_transfer)[0m
[32;20m[2026-09-20 15:57:42,342] LMCache INFO:[0m Stored 384 tokens in 0.003 seconds [3m(lmcache_driven_transfer.py:1218:lmcache.v1.multiprocess.modules.lmcache_driven_transfer)[0m
[32;20m[2026-09-20 15:57:42,429] LMCache INFO:[0m Stored 384 tokens in 0.002 seconds [3m(lmcache_driven_transfer.py:1218:lmcache.v1.multiprocess.modules.lmcache_driven_transfer)[0m
[32;20m[2026-09-20 15:57:42,430] LMCache INFO:[0m L1 memory usage 0.95 above watermark 0.80; triggering eviction. [3m(eviction_controller.py:179:lmcache.v1.distributed.storage_controllers.eviction_controller)[0m
[32;20m[2026-09-20 15:57:42,521] LMCache INFO:[0m Stored 384 tokens in 0.002 seconds [3m(lmcache_driven_transfer.py:1218:lmcache.v1.multiprocess.modules.lmcache_driven_transfer)[0m
[32;20m[2026-09-20 15:57:42,615] LMCache INFO:[0m Stored 384 tokens in 0.003 seconds [3m(lmcache_driven_transfer.py:1218:lmcache.v1.multiprocess.modules.lmcache_driven_transfer)[0m
[32;20m[2026-09-20 15:57:42,704] LMCache INFO:[0m Stored 384 tokens in 0.002 seconds [3m(lmcache_driven_transfer.py:1218:lmcache.v1.multiprocess.modules.lmcache_driven_transfer)[0m
[32;20m[2026-09-20 15:57:42,797] LMCache INFO:[0m Stored 384 tokens in 0.002 seconds [3m(lmcache_driven_transfer.py:1218:lmcache.v1.multiprocess.modules.lmcache_driven_transfer)[0m
[32;20m[2026-09-20 15:57:42,887] LMCache INFO:[0m Stored 384 tokens in 0.002 seconds [3m(lmcache_driven_transfer.py:1218:lmcache.v1.multiprocess.modules.lmcache_driven_transfer)[0m
[32;20m[2026-09-20 15:57:42,930] LMCache INFO:[0m Prefetch request completed (L1+L2): 24/24 retained keys (24 L1, 0 L2) in 2.0 ms (external_request_id=cmpl-a1bd5e404cb5f85b-0-bb885696, prefetch_request_id=-1) [3m(storage_manager.py:716:lmcache.v1.distributed.storage_manager)[0m
[32;20m[2026-09-20 15:57:42,935] LMCache INFO:[0m Retrieved 384 tokens in 0.002 seconds [3m(lmcache_driven_transfer.py:1427:lmcache.v1.multiprocess.modules.lmcache_driven_transfer)[0m
[32;20m[2026-09-20 15:57:43,035] LMCache INFO:[0m Stored 384 tokens in 0.003 seconds [3m(lmcache_driven_transfer.py:1218:lmcache.v1.multiprocess.modules.lmcache_driven_transfer)[0m
[32;20m[2026-09-20 15:57:43,111] LMCache INFO:[0m Stored 368 tokens in 0.002 seconds [3m(lmcache_driven_transfer.py:1218:lmcache.v1.multiprocess.modules.lmcache_driven_transfer)[0m
[32;20m[2026-09-20 15:57:43,205] LMCache INFO:[0m Stored 384 tokens in 0.002 seconds [3m(lmcache_driven_transfer.py:1218:lmcache.v1.multiprocess.modules.lmcache_driven_transfer)[0m
[32;20m[2026-09-20 15:57:43,296] LMCache INFO:[0m Stored 384 tokens in 0.003 seconds [3m(lmcache_driven_transfer.py:1218:lmcache.v1.multiprocess.modules.lmcache_driven_transfer)[0m
[32;20m[2026-09-20 15:57:43,383] LMCache INFO:[0m Stored 384 tokens in 0.003 seconds [3m(lmcache_driven_transfer.py:1218:lmcache.v1.multiprocess.modules.lmcache_driven_transfer)[0m
[32;20m[2026-09-20 15:57:43,435] LMCache INFO:[0m L1 memory usage 0.97 above watermark 0.80; triggering eviction. [3m(eviction_controller.py:179:lmcache.v1.distributed.storage_controllers.eviction_controller)[0m
[32;20m[2026-09-20 15:57:43,473] LMCache INFO:[0m Stored 384 tokens in 0.003 seconds [3m(lmcache_driven_transfer.py:1218:lmcache.v1.multiprocess.modules.lmcache_driven_transfer)[0m
[32;20m[2026-09-20 15:57:43,567] LMCache INFO:[0m Stored 384 tokens in 0.003 seconds [3m(lmcache_driven_transfer.py:1218:lmcache.v1.multiprocess.modules.lmcache_driven_transfer)[0m
[32;20m[2026-09-20 15:57:43,656] LMCache INFO:[0m Stored 384 tokens in 0.002 seconds [3m(lmcache_driven_transfer.py:1218:lmcache.v1.multiprocess.modules.lmcache_driven_transfer)[0m
[32;20m[2026-09-20 15:57:43,746] LMCache INFO:[0m Stored 384 tokens in 0.003 seconds [3m(lmcache_driven_transfer.py:1218:lmcache.v1.multiprocess.modules.lmcache_driven_transfer)[0m
[32;20m[2026-09-20 15:57:43,836] LMCache INFO:[0m Stored 336 tokens in 0.002 seconds [3m(lmcache_driven_transfer.py:1218:lmcache.v1.multiprocess.modules.lmcache_driven_transfer)[0m
[32;20m[2026-09-20 15:57:43,875] LMCache INFO:[0m Prefetch request completed (L1+L2): 24/24 retained keys (24 L1, 0 L2) in 1.9 ms (external_request_id=cmpl-abaa1d1a1822ab90-0-8a678ebb, prefetch_request_id=-1) [3m(storage_manager.py:716:lmcache.v1.distributed.storage_manager)[0m
[32;20m[2026-09-20 15:57:43,880] LMCache INFO:[0m Retrieved 384 tokens in 0.003 seconds [3m(lmcache_driven_transfer.py:1427:lmcache.v1.multiprocess.modules.lmcache_driven_transfer)[0m
[32;20m[2026-09-20 15:57:43,991] LMCache INFO:[0m Stored 384 tokens in 0.002 seconds [3m(lmcache_driven_transfer.py:1218:lmcache.v1.multiprocess.modules.lmcache_driven_transfer)[0m
[32;20m[2026-09-20 15:57:44,063] LMCache INFO:[0m Stored 384 tokens in 0.002 seconds [3m(lmcache_driven_transfer.py:1218:lmcache.v1.multiprocess.modules.lmcache_driven_transfer)[0m
[32;20m[2026-09-20 15:57:44,146] LMCache INFO:[0m Stored 368 tokens in 0.002 seconds [3m(lmcache_driven_transfer.py:1218:lmcache.v1.multiprocess.modules.lmcache_driven_transfer)[0m
[32;20m[2026-09-20 15:57:44,238] LMCache INFO:[0m Stored 384 tokens in 0.002 seconds [3m(lmcache_driven_transfer.py:1218:lmcache.v1.multiprocess.modules.lmcache_driven_transfer)[0m
[32;20m[2026-09-20 15:57:44,351] LMCache INFO:[0m Stored 384 tokens in 0.004 seconds [3m(lmcache_driven_transfer.py:1218:lmcache.v1.multiprocess.modules.lmcache_driven_transfer)[0m
[32;20m[2026-09-20 15:57:44,419] LMCache INFO:[0m Stored 384 tokens in 0.002 seconds [3m(lmcache_driven_transfer.py:1218:lmcache.v1.multiprocess.modules.lmcache_driven_transfer)[0m
[32;20m[2026-09-20 15:57:44,442] LMCache INFO:[0m L1 memory usage 1.00 above watermark 0.80; triggering eviction. [3m(eviction_controller.py:179:lmcache.v1.distributed.storage_controllers.eviction_controller)[0m
[32;20m[2026-09-20 15:57:44,514] LMCache INFO:[0m Stored 384 tokens in 0.003 seconds [3m(lmcache_driven_transfer.py:1218:lmcache.v1.multiprocess.modules.lmcache_driven_transfer)[0m
[32;20m[2026-09-20 15:57:44,603] LMCache INFO:[0m Stored 384 tokens in 0.003 seconds [3m(lmcache_driven_transfer.py:1218:lmcache.v1.multiprocess.modules.lmcache_driven_transfer)[0m
[32;20m[2026-09-20 15:57:44,698] LMCache INFO:[0m Stored 384 tokens in 0.003 seconds [3m(lmcache_driven_transfer.py:1218:lmcache.v1.multiprocess.modules.lmcache_driven_transfer)[0m
[32;20m[2026-09-20 15:57:44,789] LMCache INFO:[0m Stored 384 tokens in 0.003 seconds [3m(lmcache_driven_transfer.py:1218:lmcache.v1.multiprocess.modules.lmcache_driven_transfer)[0m
[32;20m[2026-09-20 15:57:44,883] LMCache INFO:[0m Stored 336 tokens in 0.004 seconds [3m(lmcache_driven_transfer.py:1218:lmcache.v1.multiprocess.modules.lmcache_driven_transfer)[0m
[32;20m[2026-09-20 15:57:44,922] LMCache INFO:[0m Prefetch request completed (L1+L2): 23/23 retained keys (23 L1, 0 L2) in 1.9 ms (external_request_id=cmpl-a19c9dddb775def3-0-8ce951de, prefetch_request_id=-1) [3m(storage_manager.py:716:lmcache.v1.distributed.storage_manager)[0m
[32;20m[2026-09-20 15:57:44,926] LMCache INFO:[0m Retrieved 368 tokens in 0.002 seconds [3m(lmcache_driven_transfer.py:1427:lmcache.v1.multiprocess.modules.lmcache_driven_transfer)[0m
[32;20m[2026-09-20 15:57:45,242] LMCache INFO:[0m Prefetch request completed (L1+L2): 24/24 retained keys (24 L1, 0 L2) in 1.6 ms (external_request_id=cmpl-935cd892f0142e58-0-80866dfa, prefetch_request_id=-1) [3m(storage_manager.py:716:lmcache.v1.distributed.storage_manager)[0m
[32;20m[2026-09-20 15:57:45,243] LMCache INFO:[0m Stored 384 tokens in 0.219 seconds [3m(lmcache_driven_transfer.py:1218:lmcache.v1.multiprocess.modules.lmcache_driven_transfer)[0m
[32;20m[2026-09-20 15:57:45,248] LMCache INFO:[0m Retrieved 384 tokens in 0.002 seconds [3m(lmcache_driven_transfer.py:1427:lmcache.v1.multiprocess.modules.lmcache_driven_transfer)[0m
[32;20m[2026-09-20 15:57:45,288] LMCache INFO:[0m Stored 384 tokens in 0.003 seconds [3m(lmcache_driven_transfer.py:1218:lmcache.v1.multiprocess.modules.lmcache_driven_transfer)[0m
[32;20m[2026-09-20 15:57:45,403] LMCache INFO:[0m Stored 384 tokens in 0.002 seconds [3m(lmcache_driven_transfer.py:1218:lmcache.v1.multiprocess.modules.lmcache_driven_transfer)[0m
[32;20m[2026-09-20 15:57:45,448] LMCache INFO:[0m L1 memory usage 0.96 above watermark 0.80; triggering eviction. [3m(eviction_controller.py:179:lmcache.v1.distributed.storage_controllers.eviction_controller)[0m
[32;20m[2026-09-20 15:57:45,495] LMCache INFO:[0m Stored 384 tokens in 0.003 seconds [3m(lmcache_driven_transfer.py:1218:lmcache.v1.multiprocess.modules.lmcache_driven_transfer)[0m
[32;20m[2026-09-20 15:57:45,581] LMCache INFO:[0m Stored 384 tokens in 0.003 seconds [3m(lmcache_driven_transfer.py:1218:lmcache.v1.multiprocess.modules.lmcache_driven_transfer)[0m
[32;20m[2026-09-20 15:57:45,672] LMCache INFO:[0m Stored 384 tokens in 0.003 seconds [3m(lmcache_driven_transfer.py:1218:lmcache.v1.multiprocess.modules.lmcache_driven_transfer)[0m
[32;20m[2026-09-20 15:57:45,762] LMCache INFO:[0m Stored 384 tokens in 0.002 seconds [3m(lmcache_driven_transfer.py:1218:lmcache.v1.multiprocess.modules.lmcache_driven_transfer)[0m
[32;20m[2026-09-20 15:57:45,852] LMCache INFO:[0m Stored 208 tokens in 0.002 seconds [3m(lmcache_driven_transfer.py:1218:lmcache.v1.multiprocess.modules.lmcache_driven_transfer)[0m
[32;20m[2026-09-20 15:57:45,911] LMCache INFO:[0m Stored 384 tokens in 0.003 seconds [3m(lmcache_driven_transfer.py:1218:lmcache.v1.multiprocess.modules.lmcache_driven_transfer)[0m
[32;20m[2026-09-20 15:57:46,006] LMCache INFO:[0m Stored 384 tokens in 0.003 seconds [3m(lmcache_driven_transfer.py:1218:lmcache.v1.multiprocess.modules.lmcache_driven_transfer)[0m
[32;20m[2026-09-20 15:57:46,120] LMCache INFO:[0m Prefetch request completed (L1+L2): 24/24 retained keys (24 L1, 0 L2) in 1.0 ms (external_request_id=cmpl-ab64b08d4c6ae052-0-af53f50a, prefetch_request_id=-1) [3m(storage_manager.py:716:lmcache.v1.distributed.storage_manager)[0m
[32;20m[2026-09-20 15:57:46,124] LMCache INFO:[0m Retrieved 384 tokens in 0.002 seconds [3m(lmcache_driven_transfer.py:1427:lmcache.v1.multiprocess.modules.lmcache_driven_transfer)[0m
[32;20m[2026-09-20 15:57:46,188] LMCache INFO:[0m Prefetch request completed (L1+L2): 24/24 retained keys (24 L1, 0 L2) in 1.0 ms (external_request_id=cmpl-a74754a44c0ad57b-0-ba4de464, prefetch_request_id=-1) [3m(storage_manager.py:716:lmcache.v1.distributed.storage_manager)[0m
[32;20m[2026-09-20 15:57:46,194] LMCache INFO:[0m Prefetch request completed (L1+L2): 24/24 retained keys (24 L1, 0 L2) in 1.4 ms (external_request_id=cmpl-81762b7005ac7838-0-abba1487, prefetch_request_id=-1) [3m(storage_manager.py:716:lmcache.v1.distributed.storage_manager)[0m
[32;20m[2026-09-20 15:57:46,194] LMCache INFO:[0m Retrieved 384 tokens in 0.004 seconds [3m(lmcache_driven_transfer.py:1427:lmcache.v1.multiprocess.modules.lmcache_driven_transfer)[0m
[32;20m[2026-09-20 15:57:46,200] LMCache INFO:[0m Retrieved 384 tokens in 0.003 seconds [3m(lmcache_driven_transfer.py:1427:lmcache.v1.multiprocess.modules.lmcache_driven_transfer)[0m
[32;20m[2026-09-20 15:57:46,279] LMCache INFO:[0m Prefetch request completed (L1+L2): 24/24 retained keys (24 L1, 0 L2) in 0.9 ms (external_request_id=cmpl-959f2e90e12e6204-0-bb78c342, prefetch_request_id=-1) [3m(storage_manager.py:716:lmcache.v1.distributed.storage_manager)[0m
[32;20m[2026-09-20 15:57:46,283] LMCache INFO:[0m Retrieved 384 tokens in 0.002 seconds [3m(lmcache_driven_transfer.py:1427:lmcache.v1.multiprocess.modules.lmcache_driven_transfer)[0m
[32;20m[2026-09-20 15:57:46,331] LMCache INFO:[0m Prefetch request completed (L1+L2): 24/24 retained keys (24 L1, 0 L2) in 0.9 ms (external_request_id=cmpl-ba04dbf047aa5eee-0-a4eb9148, prefetch_request_id=-1) [3m(storage_manager.py:716:lmcache.v1.distributed.storage_manager)[0m
[32;20m[2026-09-20 15:57:46,335] LMCache INFO:[0m Retrieved 384 tokens in 0.002 seconds [3m(lmcache_driven_transfer.py:1427:lmcache.v1.multiprocess.modules.lmcache_driven_transfer)[0m
[32;20m[2026-09-20 15:57:46,385] LMCache INFO:[0m Prefetch request completed (L1+L2): 24/24 retained keys (24 L1, 0 L2) in 1.0 ms (external_request_id=cmpl-bd50895a8beb098f-0-9a3c8c13, prefetch_request_id=-1) [3m(storage_manager.py:716:lmcache.v1.distributed.storage_manager)[0m
[32;20m[2026-09-20 15:57:46,389] LMCache INFO:[0m Retrieved 384 tokens in 0.002 seconds [3m(lmcache_driven_transfer.py:1427:lmcache.v1.multiprocess.modules.lmcache_driven_transfer)[0m
[32;20m[2026-09-20 15:57:46,392] LMCache INFO:[0m L0<->L1 stats [cuda:0] last 10.0s: store ops=91 tokens=33968 size=0.97GB avg_copy=3.14GB/s | retrieve ops=29 tokens=11040 size=0.32GB avg_copy=4.37GB/s [3m(extra_stats.py:159:lmcache.v1.mp_observability.subscribers.logging.extra_stats)[0m
[32;20m[2026-09-20 15:57:46,392] LMCache INFO:[0m L0<->L1 stats [cuda:0] cumulative: store ops=250 tokens=90432 size=2.59GB avg_copy=4.76GB/s | retrieve ops=53 tokens=19648 size=0.56GB avg_copy=4.38GB/s [3m(extra_stats.py:168:lmcache.v1.mp_observability.subscribers.logging.extra_stats)[0m
[32;20m[2026-09-20 15:57:46,438] LMCache INFO:[0m Prefetch request completed (L1+L2): 24/24 retained keys (24 L1, 0 L2) in 1.0 ms (external_request_id=cmpl-b46f954fdc57c57f-0-a682dd99, prefetch_request_id=-1) [3m(storage_manager.py:716:lmcache.v1.distributed.storage_manager)[0m
[32;20m[2026-09-20 15:57:46,442] LMCache INFO:[0m Retrieved 384 tokens in 0.002 seconds [3m(lmcache_driven_transfer.py:1427:lmcache.v1.multiprocess.modules.lmcache_driven_transfer)[0m
[32;20m[2026-09-20 15:57:46,454] LMCache INFO:[0m L1 memory usage: 0.45/0.50 GiB (90.7%) [3m(eviction_controller.py:153:lmcache.v1.distributed.storage_controllers.eviction_controller)[0m
[32;20m[2026-09-20 15:57:46,454] LMCache INFO:[0m L1 memory usage 0.91 above watermark 0.80; triggering eviction. [3m(eviction_controller.py:179:lmcache.v1.distributed.storage_controllers.eviction_controller)[0m
[32;20m[2026-09-20 15:57:46,489] LMCache INFO:[0m Prefetch request completed (L1+L2): 24/24 retained keys (24 L1, 0 L2) in 0.8 ms (external_request_id=cmpl-a73e5c96fa072ebf-0-a2f813ff, prefetch_request_id=-1) [3m(storage_manager.py:716:lmcache.v1.distributed.storage_manager)[0m
[32;20m[2026-09-20 15:57:46,493] LMCache INFO:[0m Retrieved 384 tokens in 0.002 seconds [3m(lmcache_driven_transfer.py:1427:lmcache.v1.multiprocess.modules.lmcache_driven_transfer)[0m
[32;20m[2026-09-20 15:57:46,541] LMCache INFO:[0m Prefetch request completed (L1+L2): 24/24 retained keys (24 L1, 0 L2) in 1.0 ms (external_request_id=cmpl-b733e1adec48cfd7-0-85a7c590, prefetch_request_id=-1) [3m(storage_manager.py:716:lmcache.v1.distributed.storage_manager)[0m
[32;20m[2026-09-20 15:57:46,545] LMCache INFO:[0m Retrieved 384 tokens in 0.002 seconds [3m(lmcache_driven_transfer.py:1427:lmcache.v1.multiprocess.modules.lmcache_driven_transfer)[0m
[32;20m[2026-09-20 15:57:46,592] LMCache INFO:[0m Prefetch request completed (L1+L2): 24/24 retained keys (24 L1, 0 L2) in 0.8 ms (external_request_id=cmpl-8654da0a7ce91798-0-9e34d80f, prefetch_request_id=-1) [3m(storage_manager.py:716:lmcache.v1.distributed.storage_manager)[0m
[32;20m[2026-09-20 15:57:46,596] LMCache INFO:[0m Retrieved 384 tokens in 0.002 seconds [3m(lmcache_driven_transfer.py:1427:lmcache.v1.multiprocess.modules.lmcache_driven_transfer)[0m
[32;20m[2026-09-20 15:57:46,682] LMCache INFO:[0m Stored 384 tokens in 0.002 seconds [3m(lmcache_driven_transfer.py:1218:lmcache.v1.multiprocess.modules.lmcache_driven_transfer)[0m
[32;20m[2026-09-20 15:57:46,728] LMCache INFO:[0m Prefetch request completed (L1+L2): 13/13 retained keys (13 L1, 0 L2) in 0.8 ms (external_request_id=cmpl-99c17f8b250ef85b-0-8b91edfe, prefetch_request_id=-1) [3m(storage_manager.py:716:lmcache.v1.distributed.storage_manager)[0m
[32;20m[2026-09-20 15:57:46,733] LMCache INFO:[0m Retrieved 208 tokens in 0.002 seconds [3m(lmcache_driven_transfer.py:1427:lmcache.v1.multiprocess.modules.lmcache_driven_transfer)[0m
[32;20m[2026-09-20 15:57:46,993] LMCache INFO:[0m Prefetch request completed (L1+L2): 24/24 retained keys (24 L1, 0 L2) in 1.0 ms (external_request_id=cmpl-bf281ef4b1233bf3-0-9f380c64, prefetch_request_id=-1) [3m(storage_manager.py:716:lmcache.v1.distributed.storage_manager)[0m
[32;20m[2026-09-20 15:57:46,998] LMCache INFO:[0m Retrieved 384 tokens in 0.002 seconds [3m(lmcache_driven_transfer.py:1427:lmcache.v1.multiprocess.modules.lmcache_driven_transfer)[0m
[32;20m[2026-09-20 15:57:47,101] LMCache INFO:[0m Stored 384 tokens in 0.002 seconds [3m(lmcache_driven_transfer.py:1218:lmcache.v1.multiprocess.modules.lmcache_driven_transfer)[0m
[32;20m[2026-09-20 15:57:47,180] LMCache INFO:[0m Stored 384 tokens in 0.002 seconds [3m(lmcache_driven_transfer.py:1218:lmcache.v1.multiprocess.modules.lmcache_driven_transfer)[0m
[32;20m[2026-09-20 15:57:47,267] LMCache INFO:[0m Stored 384 tokens in 0.003 seconds [3m(lmcache_driven_transfer.py:1218:lmcache.v1.multiprocess.modules.lmcache_driven_transfer)[0m
[32;20m[2026-09-20 15:57:47,359] LMCache INFO:[0m Stored 384 tokens in 0.003 seconds [3m(lmcache_driven_transfer.py:1218:lmcache.v1.multiprocess.modules.lmcache_driven_transfer)[0m
[32;20m[2026-09-20 15:57:47,449] LMCache INFO:[0m Stored 384 tokens in 0.003 seconds [3m(lmcache_driven_transfer.py:1218:lmcache.v1.multiprocess.modules.lmcache_driven_transfer)[0m
[32;20m[2026-09-20 15:57:47,460] LMCache INFO:[0m L1 memory usage 0.85 above watermark 0.80; triggering eviction. [3m(eviction_controller.py:179:lmcache.v1.distributed.storage_controllers.eviction_controller)[0m
[32;20m[2026-09-20 15:57:47,537] LMCache INFO:[0m Stored 368 tokens in 0.003 seconds [3m(lmcache_driven_transfer.py:1218:lmcache.v1.multiprocess.modules.lmcache_driven_transfer)[0m
[32;20m[2026-09-20 15:57:47,626] LMCache INFO:[0m Stored 384 tokens in 0.003 seconds [3m(lmcache_driven_transfer.py:1218:lmcache.v1.multiprocess.modules.lmcache_driven_transfer)[0m
[32;20m[2026-09-20 15:57:47,716] LMCache INFO:[0m Stored 384 tokens in 0.003 seconds [3m(lmcache_driven_transfer.py:1218:lmcache.v1.multiprocess.modules.lmcache_driven_transfer)[0m
[32;20m[2026-09-20 15:57:47,812] LMCache INFO:[0m Stored 368 tokens in 0.004 seconds [3m(lmcache_driven_transfer.py:1218:lmcache.v1.multiprocess.modules.lmcache_driven_transfer)[0m
[32;20m[2026-09-20 15:57:47,899] LMCache INFO:[0m Stored 384 tokens in 0.003 seconds [3m(lmcache_driven_transfer.py:1218:lmcache.v1.multiprocess.modules.lmcache_driven_transfer)[0m
[32;20m[2026-09-20 15:57:47,983] LMCache INFO:[0m Stored 384 tokens in 0.003 seconds [3m(lmcache_driven_transfer.py:1218:lmcache.v1.multiprocess.modules.lmcache_driven_transfer)[0m
[32;20m[2026-09-20 15:57:48,032] LMCache INFO:[0m Prefetch request completed (L1+L2): 24/24 retained keys (24 L1, 0 L2) in 1.2 ms (external_request_id=cmpl-99c01ca3a55f5bf1-0-bfd1b7d4, prefetch_request_id=-1) [3m(storage_manager.py:716:lmcache.v1.distributed.storage_manager)[0m
[32;20m[2026-09-20 15:57:48,037] LMCache INFO:[0m Retrieved 384 tokens in 0.002 seconds [3m(lmcache_driven_transfer.py:1427:lmcache.v1.multiprocess.modules.lmcache_driven_transfer)[0m
[32;20m[2026-09-20 15:57:48,140] LMCache INFO:[0m Stored 384 tokens in 0.002 seconds [3m(lmcache_driven_transfer.py:1218:lmcache.v1.multiprocess.modules.lmcache_driven_transfer)[0m
[32;20m[2026-09-20 15:57:48,221] LMCache INFO:[0m Stored 384 tokens in 0.003 seconds [3m(lmcache_driven_transfer.py:1218:lmcache.v1.multiprocess.modules.lmcache_driven_transfer)[0m
[32;20m[2026-09-20 15:57:48,310] LMCache INFO:[0m Stored 384 tokens in 0.003 seconds [3m(lmcache_driven_transfer.py:1218:lmcache.v1.multiprocess.modules.lmcache_driven_transfer)[0m
[32;20m[2026-09-20 15:57:48,396] LMCache INFO:[0m Stored 384 tokens in 0.003 seconds [3m(lmcache_driven_transfer.py:1218:lmcache.v1.multiprocess.modules.lmcache_driven_transfer)[0m
[32;20m[2026-09-20 15:57:48,465] LMCache INFO:[0m L1 memory usage 0.89 above watermark 0.80; triggering eviction. [3m(eviction_controller.py:179:lmcache.v1.distributed.storage_controllers.eviction_controller)[0m
[32;20m[2026-09-20 15:57:48,487] LMCache INFO:[0m Stored 384 tokens in 0.003 seconds [3m(lmcache_driven_transfer.py:1218:lmcache.v1.multiprocess.modules.lmcache_driven_transfer)[0m
[32;20m[2026-09-20 15:57:48,574] LMCache INFO:[0m Stored 384 tokens in 0.003 seconds [3m(lmcache_driven_transfer.py:1218:lmcache.v1.multiprocess.modules.lmcache_driven_transfer)[0m
[32;20m[2026-09-20 15:57:48,668] LMCache INFO:[0m Stored 384 tokens in 0.003 seconds [3m(lmcache_driven_transfer.py:1218:lmcache.v1.multiprocess.modules.lmcache_driven_transfer)[0m
[32;20m[2026-09-20 15:57:48,756] LMCache INFO:[0m Stored 384 tokens in 0.002 seconds [3m(lmcache_driven_transfer.py:1218:lmcache.v1.multiprocess.modules.lmcache_driven_transfer)[0m
[32;20m[2026-09-20 15:57:48,845] LMCache INFO:[0m Stored 384 tokens in 0.003 seconds [3m(lmcache_driven_transfer.py:1218:lmcache.v1.multiprocess.modules.lmcache_driven_transfer)[0m
[32;20m[2026-09-20 15:57:48,937] LMCache INFO:[0m Stored 384 tokens in 0.003 seconds [3m(lmcache_driven_transfer.py:1218:lmcache.v1.multiprocess.modules.lmcache_driven_transfer)[0m
[32;20m[2026-09-20 15:57:49,033] LMCache INFO:[0m Stored 384 tokens in 0.002 seconds [3m(lmcache_driven_transfer.py:1218:lmcache.v1.multiprocess.modules.lmcache_driven_transfer)[0m
[32;20m[2026-09-20 15:57:49,082] LMCache INFO:[0m Prefetch request completed (L1+L2): 24/24 retained keys (24 L1, 0 L2) in 2.3 ms (external_request_id=cmpl-8dda6d96a538dedc-0-81e48fec, prefetch_request_id=-1) [3m(storage_manager.py:716:lmcache.v1.distributed.storage_manager)[0m
[32;20m[2026-09-20 15:57:49,086] LMCache INFO:[0m Retrieved 384 tokens in 0.002 seconds [3m(lmcache_driven_transfer.py:1427:lmcache.v1.multiprocess.modules.lmcache_driven_transfer)[0m
[32;20m[2026-09-20 15:57:49,188] LMCache INFO:[0m Stored 384 tokens in 0.002 seconds [3m(lmcache_driven_transfer.py:1218:lmcache.v1.multiprocess.modules.lmcache_driven_transfer)[0m
[32;20m[2026-09-20 15:57:49,264] LMCache INFO:[0m Stored 384 tokens in 0.002 seconds [3m(lmcache_driven_transfer.py:1218:lmcache.v1.multiprocess.modules.lmcache_driven_transfer)[0m
[32;20m[2026-09-20 15:57:49,361] LMCache INFO:[0m Stored 384 tokens in 0.002 seconds [3m(lmcache_driven_transfer.py:1218:lmcache.v1.multiprocess.modules.lmcache_driven_transfer)[0m
[32;20m[2026-09-20 15:57:49,455] LMCache INFO:[0m Stored 384 tokens in 0.003 seconds [3m(lmcache_driven_transfer.py:1218:lmcache.v1.multiprocess.modules.lmcache_driven_transfer)[0m
[32;20m[2026-09-20 15:57:49,473] LMCache INFO:[0m L1 memory usage 0.94 above watermark 0.80; triggering eviction. [3m(eviction_controller.py:179:lmcache.v1.distributed.storage_controllers.eviction_controller)[0m
[32;20m[2026-09-20 15:57:49,542] LMCache INFO:[0m Stored 384 tokens in 0.003 seconds [3m(lmcache_driven_transfer.py:1218:lmcache.v1.multiprocess.modules.lmcache_driven_transfer)[0m
[32;20m[2026-09-20 15:57:49,632] LMCache INFO:[0m Stored 384 tokens in 0.003 seconds [3m(lmcache_driven_transfer.py:1218:lmcache.v1.multiprocess.modules.lmcache_driven_transfer)[0m
[32;20m[2026-09-20 15:57:49,719] LMCache INFO:[0m Stored 384 tokens in 0.002 seconds [3m(lmcache_driven_transfer.py:1218:lmcache.v1.multiprocess.modules.lmcache_driven_transfer)[0m
[32;20m[2026-09-20 15:57:49,813] LMCache INFO:[0m Stored 384 tokens in 0.002 seconds [3m(lmcache_driven_transfer.py:1218:lmcache.v1.multiprocess.modules.lmcache_driven_transfer)[0m
[32;20m[2026-09-20 15:57:49,907] LMCache INFO:[0m Stored 384 tokens in 0.003 seconds [3m(lmcache_driven_transfer.py:1218:lmcache.v1.multiprocess.modules.lmcache_driven_transfer)[0m
[32;20m[2026-09-20 15:57:49,998] LMCache INFO:[0m Stored 384 tokens in 0.003 seconds [3m(lmcache_driven_transfer.py:1218:lmcache.v1.multiprocess.modules.lmcache_driven_transfer)[0m
[32;20m[2026-09-20 15:57:50,043] LMCache INFO:[0m Prefetch request completed (L1+L2): 24/24 retained keys (24 L1, 0 L2) in 2.0 ms (external_request_id=cmpl-9c3a5725de48909f-0-b2e2a930, prefetch_request_id=-1) [3m(storage_manager.py:716:lmcache.v1.distributed.storage_manager)[0m
[32;20m[2026-09-20 15:57:50,047] LMCache INFO:[0m Retrieved 384 tokens in 0.002 seconds [3m(lmcache_driven_transfer.py:1427:lmcache.v1.multiprocess.modules.lmcache_driven_transfer)[0m
[32;20m[2026-09-20 15:57:50,151] LMCache INFO:[0m Stored 368 tokens in 0.003 seconds [3m(lmcache_driven_transfer.py:1218:lmcache.v1.multiprocess.modules.lmcache_driven_transfer)[0m
[32;20m[2026-09-20 15:57:50,229] LMCache INFO:[0m Stored 384 tokens in 0.003 seconds [3m(lmcache_driven_transfer.py:1218:lmcache.v1.multiprocess.modules.lmcache_driven_transfer)[0m
[32;20m[2026-09-20 15:57:50,326] LMCache INFO:[0m Stored 384 tokens in 0.002 seconds [3m(lmcache_driven_transfer.py:1218:lmcache.v1.multiprocess.modules.lmcache_driven_transfer)[0m
[32;20m[2026-09-20 15:57:50,415] LMCache INFO:[0m Stored 384 tokens in 0.003 seconds [3m(lmcache_driven_transfer.py:1218:lmcache.v1.multiprocess.modules.lmcache_driven_transfer)[0m
[32;20m[2026-09-20 15:57:50,479] LMCache INFO:[0m L1 memory usage 0.96 above watermark 0.80; triggering eviction. [3m(eviction_controller.py:179:lmcache.v1.distributed.storage_controllers.eviction_controller)[0m
[32;20m[2026-09-20 15:57:50,511] LMCache INFO:[0m Stored 384 tokens in 0.003 seconds [3m(lmcache_driven_transfer.py:1218:lmcache.v1.multiprocess.modules.lmcache_driven_transfer)[0m
[32;20m[2026-09-20 15:57:50,598] LMCache INFO:[0m Stored 384 tokens in 0.003 seconds [3m(lmcache_driven_transfer.py:1218:lmcache.v1.multiprocess.modules.lmcache_driven_transfer)[0m
[32;20m[2026-09-20 15:57:50,692] LMCache INFO:[0m Stored 384 tokens in 0.002 seconds [3m(lmcache_driven_transfer.py:1218:lmcache.v1.multiprocess.modules.lmcache_driven_transfer)[0m
[32;20m[2026-09-20 15:57:50,783] LMCache INFO:[0m Stored 384 tokens in 0.003 seconds [3m(lmcache_driven_transfer.py:1218:lmcache.v1.multiprocess.modules.lmcache_driven_transfer)[0m
[32;20m[2026-09-20 15:57:50,874] LMCache INFO:[0m Stored 384 tokens in 0.003 seconds [3m(lmcache_driven_transfer.py:1218:lmcache.v1.multiprocess.modules.lmcache_driven_transfer)[0m
[32;20m[2026-09-20 15:57:50,962] LMCache INFO:[0m Stored 320 tokens in 0.002 seconds [3m(lmcache_driven_transfer.py:1218:lmcache.v1.multiprocess.modules.lmcache_driven_transfer)[0m
[32;20m[2026-09-20 15:57:51,050] LMCache INFO:[0m Stored 384 tokens in 0.003 seconds [3m(lmcache_driven_transfer.py:1218:lmcache.v1.multiprocess.modules.lmcache_driven_transfer)[0m
[32;20m[2026-09-20 15:57:51,096] LMCache INFO:[0m Prefetch request completed (L1+L2): 24/24 retained keys (24 L1, 0 L2) in 2.5 ms (external_request_id=cmpl-a5e144f36acc83bb-0-96d6825e, prefetch_request_id=-1) [3m(storage_manager.py:716:lmcache.v1.distributed.storage_manager)[0m
[32;20m[2026-09-20 15:57:51,100] LMCache INFO:[0m Retrieved 384 tokens in 0.002 seconds [3m(lmcache_driven_transfer.py:1427:lmcache.v1.multiprocess.modules.lmcache_driven_transfer)[0m
[32;20m[2026-09-20 15:57:51,205] LMCache INFO:[0m Stored 384 tokens in 0.003 seconds [3m(lmcache_driven_transfer.py:1218:lmcache.v1.multiprocess.modules.lmcache_driven_transfer)[0m
[32;20m[2026-09-20 15:57:51,281] LMCache INFO:[0m Stored 384 tokens in 0.003 seconds [3m(lmcache_driven_transfer.py:1218:lmcache.v1.multiprocess.modules.lmcache_driven_transfer)[0m
[32;20m[2026-09-20 15:57:51,379] LMCache INFO:[0m Stored 384 tokens in 0.003 seconds [3m(lmcache_driven_transfer.py:1218:lmcache.v1.multiprocess.modules.lmcache_driven_transfer)[0m
[32;20m[2026-09-20 15:57:51,467] LMCache INFO:[0m Stored 384 tokens in 0.002 seconds [3m(lmcache_driven_transfer.py:1218:lmcache.v1.multiprocess.modules.lmcache_driven_transfer)[0m
[32;20m[2026-09-20 15:57:51,487] LMCache INFO:[0m L1 memory usage 0.99 above watermark 0.80; triggering eviction. [3m(eviction_controller.py:179:lmcache.v1.distributed.storage_controllers.eviction_controller)[0m
[32;20m[2026-09-20 15:57:51,564] LMCache INFO:[0m Stored 384 tokens in 0.003 seconds [3m(lmcache_driven_transfer.py:1218:lmcache.v1.multiprocess.modules.lmcache_driven_transfer)[0m
[32;20m[2026-09-20 15:57:51,657] LMCache INFO:[0m Stored 368 tokens in 0.003 seconds [3m(lmcache_driven_transfer.py:1218:lmcache.v1.multiprocess.modules.lmcache_driven_transfer)[0m
[32;20m[2026-09-20 15:57:51,748] LMCache INFO:[0m Stored 384 tokens in 0.003 seconds [3m(lmcache_driven_transfer.py:1218:lmcache.v1.multiprocess.modules.lmcache_driven_transfer)[0m
[32;20m[2026-09-20 15:57:51,841] LMCache INFO:[0m Stored 336 tokens in 0.003 seconds [3m(lmcache_driven_transfer.py:1218:lmcache.v1.multiprocess.modules.lmcache_driven_transfer)[0m
[32;20m[2026-09-20 15:57:51,928] LMCache INFO:[0m Stored 384 tokens in 0.003 seconds [3m(lmcache_driven_transfer.py:1218:lmcache.v1.multiprocess.modules.lmcache_driven_transfer)[0m
[32;20m[2026-09-20 15:57:52,014] LMCache INFO:[0m Stored 384 tokens in 0.003 seconds [3m(lmcache_driven_transfer.py:1218:lmcache.v1.multiprocess.modules.lmcache_driven_transfer)[0m
[32;20m[2026-09-20 15:57:52,063] LMCache INFO:[0m Prefetch request completed (L1+L2): 24/24 retained keys (24 L1, 0 L2) in 2.0 ms (external_request_id=cmpl-87b879280c1300f0-0-8ceec45c, prefetch_request_id=-1) [3m(storage_manager.py:716:lmcache.v1.distributed.storage_manager)[0m
[32;20m[2026-09-20 15:57:52,067] LMCache INFO:[0m Retrieved 384 tokens in 0.002 seconds [3m(lmcache_driven_transfer.py:1427:lmcache.v1.multiprocess.modules.lmcache_driven_transfer)[0m
[32;20m[2026-09-20 15:57:52,173] LMCache INFO:[0m Stored 384 tokens in 0.002 seconds [3m(lmcache_driven_transfer.py:1218:lmcache.v1.multiprocess.modules.lmcache_driven_transfer)[0m
[32;20m[2026-09-20 15:57:52,252] LMCache INFO:[0m Stored 384 tokens in 0.003 seconds [3m(lmcache_driven_transfer.py:1218:lmcache.v1.multiprocess.modules.lmcache_driven_transfer)[0m
[32;20m[2026-09-20 15:57:52,347] LMCache INFO:[0m Stored 384 tokens in 0.003 seconds [3m(lmcache_driven_transfer.py:1218:lmcache.v1.multiprocess.modules.lmcache_driven_transfer)[0m
[32;20m[2026-09-20 15:57:52,436] LMCache INFO:[0m Stored 384 tokens in 0.003 seconds [3m(lmcache_driven_transfer.py:1218:lmcache.v1.multiprocess.modules.lmcache_driven_transfer)[0m
[32;20m[2026-09-20 15:57:52,493] LMCache INFO:[0m L1 memory usage 1.00 above watermark 0.80; triggering eviction. [3m(eviction_controller.py:179:lmcache.v1.distributed.storage_controllers.eviction_controller)[0m
[32;20m[2026-09-20 15:57:52,530] LMCache INFO:[0m Stored 368 tokens in 0.002 seconds [3m(lmcache_driven_transfer.py:1218:lmcache.v1.multiprocess.modules.lmcache_driven_transfer)[0m
[32;20m[2026-09-20 15:57:52,618] LMCache INFO:[0m Stored 384 tokens in 0.003 seconds [3m(lmcache_driven_transfer.py:1218:lmcache.v1.multiprocess.modules.lmcache_driven_transfer)[0m
[32;20m[2026-09-20 15:57:52,709] LMCache INFO:[0m Stored 384 tokens in 0.003 seconds [3m(lmcache_driven_transfer.py:1218:lmcache.v1.multiprocess.modules.lmcache_driven_transfer)[0m
[32;20m[2026-09-20 15:57:52,801] LMCache INFO:[0m Stored 384 tokens in 0.003 seconds [3m(lmcache_driven_transfer.py:1218:lmcache.v1.multiprocess.modules.lmcache_driven_transfer)[0m
[32;20m[2026-09-20 15:57:52,891] LMCache INFO:[0m Stored 384 tokens in 0.003 seconds [3m(lmcache_driven_transfer.py:1218:lmcache.v1.multiprocess.modules.lmcache_driven_transfer)[0m
[32;20m[2026-09-20 15:57:52,984] LMCache INFO:[0m Stored 384 tokens in 0.003 seconds [3m(lmcache_driven_transfer.py:1218:lmcache.v1.multiprocess.modules.lmcache_driven_transfer)[0m
[32;20m[2026-09-20 15:57:53,034] LMCache INFO:[0m Prefetch request completed (L1+L2): 24/24 retained keys (24 L1, 0 L2) in 1.0 ms (external_request_id=cmpl-afae485101ecd7bc-0-840a9f56, prefetch_request_id=-1) [3m(storage_manager.py:716:lmcache.v1.distributed.storage_manager)[0m
[32;20m[2026-09-20 15:57:53,038] LMCache INFO:[0m Retrieved 384 tokens in 0.002 seconds [3m(lmcache_driven_transfer.py:1427:lmcache.v1.multiprocess.modules.lmcache_driven_transfer)[0m
[32;20m[2026-09-20 15:57:53,100] LMCache INFO:[0m Prefetch request completed (L1+L2): 24/24 retained keys (24 L1, 0 L2) in 1.0 ms (external_request_id=cmpl-ad0bac83f0416abe-0-b8e76e52, prefetch_request_id=-1) [3m(storage_manager.py:716:lmcache.v1.distributed.storage_manager)[0m
[32;20m[2026-09-20 15:57:53,105] LMCache INFO:[0m Prefetch request completed (L1+L2): 24/24 retained keys (24 L1, 0 L2) in 0.9 ms (external_request_id=cmpl-a3b5f253174ed4a5-0-ac5e0af1, prefetch_request_id=-1) [3m(storage_manager.py:716:lmcache.v1.distributed.storage_manager)[0m
[32;20m[2026-09-20 15:57:53,106] LMCache INFO:[0m Retrieved 384 tokens in 0.003 seconds [3m(lmcache_driven_transfer.py:1427:lmcache.v1.multiprocess.modules.lmcache_driven_transfer)[0m
[32;20m[2026-09-20 15:57:53,110] LMCache INFO:[0m Retrieved 384 tokens in 0.002 seconds [3m(lmcache_driven_transfer.py:1427:lmcache.v1.multiprocess.modules.lmcache_driven_transfer)[0m
[32;20m[2026-09-20 15:57:53,189] LMCache INFO:[0m Prefetch request completed (L1+L2): 24/24 retained keys (24 L1, 0 L2) in 1.1 ms (external_request_id=cmpl-baae04e507c45d06-0-9d8d3054, prefetch_request_id=-1) [3m(storage_manager.py:716:lmcache.v1.distributed.storage_manager)[0m
[32;20m[2026-09-20 15:57:53,194] LMCache INFO:[0m Retrieved 384 tokens in 0.002 seconds [3m(lmcache_driven_transfer.py:1427:lmcache.v1.multiprocess.modules.lmcache_driven_transfer)[0m
[32;20m[2026-09-20 15:57:53,242] LMCache INFO:[0m Prefetch request completed (L1+L2): 24/24 retained keys (24 L1, 0 L2) in 0.9 ms (external_request_id=cmpl-8c2189d59f2fa282-0-a1cc4988, prefetch_request_id=-1) [3m(storage_manager.py:716:lmcache.v1.distributed.storage_manager)[0m
[32;20m[2026-09-20 15:57:53,245] LMCache INFO:[0m Retrieved 384 tokens in 0.002 seconds [3m(lmcache_driven_transfer.py:1427:lmcache.v1.multiprocess.modules.lmcache_driven_transfer)[0m
[32;20m[2026-09-20 15:57:53,294] LMCache INFO:[0m Prefetch request completed (L1+L2): 24/24 retained keys (24 L1, 0 L2) in 1.0 ms (external_request_id=cmpl-a7f493b9f310c22c-0-b442a7d4, prefetch_request_id=-1) [3m(storage_manager.py:716:lmcache.v1.distributed.storage_manager)[0m
[32;20m[2026-09-20 15:57:53,299] LMCache INFO:[0m Retrieved 384 tokens in 0.002 seconds [3m(lmcache_driven_transfer.py:1427:lmcache.v1.multiprocess.modules.lmcache_driven_transfer)[0m
[32;20m[2026-09-20 15:57:53,346] LMCache INFO:[0m Prefetch request completed (L1+L2): 23/23 retained keys (23 L1, 0 L2) in 0.9 ms (external_request_id=cmpl-afa80f5d7978805b-0-9718f358, prefetch_request_id=-1) [3m(storage_manager.py:716:lmcache.v1.distributed.storage_manager)[0m
[32;20m[2026-09-20 15:57:53,350] LMCache INFO:[0m Retrieved 368 tokens in 0.002 seconds [3m(lmcache_driven_transfer.py:1427:lmcache.v1.multiprocess.modules.lmcache_driven_transfer)[0m
[32;20m[2026-09-20 15:57:53,394] LMCache INFO:[0m Prefetch request completed (L1+L2): 24/24 retained keys (24 L1, 0 L2) in 0.9 ms (external_request_id=cmpl-821b6770a530fc1b-0-80ca9e8e, prefetch_request_id=-1) [3m(storage_manager.py:716:lmcache.v1.distributed.storage_manager)[0m
[32;20m[2026-09-20 15:57:53,398] LMCache INFO:[0m Retrieved 384 tokens in 0.002 seconds [3m(lmcache_driven_transfer.py:1427:lmcache.v1.multiprocess.modules.lmcache_driven_transfer)[0m
[32;20m[2026-09-20 15:57:53,447] LMCache INFO:[0m Prefetch request completed (L1+L2): 24/24 retained keys (24 L1, 0 L2) in 0.9 ms (external_request_id=cmpl-a7525dee2c07bada-0-85823227, prefetch_request_id=-1) [3m(storage_manager.py:716:lmcache.v1.distributed.storage_manager)[0m
[32;20m[2026-09-20 15:57:53,451] LMCache INFO:[0m Retrieved 384 tokens in 0.002 seconds [3m(lmcache_driven_transfer.py:1427:lmcache.v1.multiprocess.modules.lmcache_driven_transfer)[0m
[32;20m[2026-09-20 15:57:53,500] LMCache INFO:[0m Prefetch request completed (L1+L2): 24/24 retained keys (24 L1, 0 L2) in 0.9 ms (external_request_id=cmpl-bb6816e5bfbc7809-0-a413a26c, prefetch_request_id=-1) [3m(storage_manager.py:716:lmcache.v1.distributed.storage_manager)[0m
[32;20m[2026-09-20 15:57:53,501] LMCache INFO:[0m L1 memory usage 0.92 above watermark 0.80; triggering eviction. [3m(eviction_controller.py:179:lmcache.v1.distributed.storage_controllers.eviction_controller)[0m
[32;20m[2026-09-20 15:57:53,509] LMCache INFO:[0m Retrieved 384 tokens in 0.003 seconds [3m(lmcache_driven_transfer.py:1427:lmcache.v1.multiprocess.modules.lmcache_driven_transfer)[0m
[32;20m[2026-09-20 15:57:53,560] LMCache INFO:[0m Prefetch request completed (L1+L2): 20/20 retained keys (20 L1, 0 L2) in 1.0 ms (external_request_id=cmpl-833645bc2a8744c6-0-a3ee2915, prefetch_request_id=-1) [3m(storage_manager.py:716:lmcache.v1.distributed.storage_manager)[0m
[32;20m[2026-09-20 15:57:53,564] LMCache INFO:[0m Retrieved 320 tokens in 0.002 seconds [3m(lmcache_driven_transfer.py:1427:lmcache.v1.multiprocess.modules.lmcache_driven_transfer)[0m
[32;20m[2026-09-20 15:57:53,614] LMCache INFO:[0m Prefetch request completed (L1+L2): 24/24 retained keys (24 L1, 0 L2) in 0.9 ms (external_request_id=cmpl-8254317a1c84bfdd-0-86e69002, prefetch_request_id=-1) [3m(storage_manager.py:716:lmcache.v1.distributed.storage_manager)[0m
[32;20m[2026-09-20 15:57:53,618] LMCache INFO:[0m Retrieved 384 tokens in 0.002 seconds [3m(lmcache_driven_transfer.py:1427:lmcache.v1.multiprocess.modules.lmcache_driven_transfer)[0m
[32;20m[2026-09-20 15:57:53,945] LMCache INFO:[0m Prefetch request completed (L1+L2): 24/24 retained keys (24 L1, 0 L2) in 1.0 ms (external_request_id=cmpl-aa2f48c47bc009a2-0-91cb589b, prefetch_request_id=-1) [3m(storage_manager.py:716:lmcache.v1.distributed.storage_manager)[0m
[32;20m[2026-09-20 15:57:53,950] LMCache INFO:[0m Retrieved 384 tokens in 0.002 seconds [3m(lmcache_driven_transfer.py:1427:lmcache.v1.multiprocess.modules.lmcache_driven_transfer)[0m
[32;20m[2026-09-20 15:57:54,021] LMCache INFO:[0m Prefetch request completed (L1+L2): 24/24 retained keys (24 L1, 0 L2) in 1.0 ms (external_request_id=cmpl-b3211eb878a5cccf-0-aee3a220, prefetch_request_id=-1) [3m(storage_manager.py:716:lmcache.v1.distributed.storage_manager)[0m
[32;20m[2026-09-20 15:57:54,026] LMCache INFO:[0m Prefetch request completed (L1+L2): 24/24 retained keys (24 L1, 0 L2) in 1.3 ms (external_request_id=cmpl-af94a2d0ca5b18e7-0-81ad6a6c, prefetch_request_id=-1) [3m(storage_manager.py:716:lmcache.v1.distributed.storage_manager)[0m
[32;20m[2026-09-20 15:57:54,027] LMCache INFO:[0m Retrieved 384 tokens in 0.004 seconds [3m(lmcache_driven_transfer.py:1427:lmcache.v1.multiprocess.modules.lmcache_driven_transfer)[0m
[32;20m[2026-09-20 15:57:54,033] LMCache INFO:[0m Retrieved 384 tokens in 0.004 seconds [3m(lmcache_driven_transfer.py:1427:lmcache.v1.multiprocess.modules.lmcache_driven_transfer)[0m
[32;20m[2026-09-20 15:57:54,112] LMCache INFO:[0m Prefetch request completed (L1+L2): 24/24 retained keys (24 L1, 0 L2) in 0.9 ms (external_request_id=cmpl-b6eeae11b79d4714-0-b5f6933d, prefetch_request_id=-1) [3m(storage_manager.py:716:lmcache.v1.distributed.storage_manager)[0m
[32;20m[2026-09-20 15:57:54,117] LMCache INFO:[0m Retrieved 384 tokens in 0.002 seconds [3m(lmcache_driven_transfer.py:1427:lmcache.v1.multiprocess.modules.lmcache_driven_transfer)[0m
[32;20m[2026-09-20 15:57:54,165] LMCache INFO:[0m Prefetch request completed (L1+L2): 24/24 retained keys (24 L1, 0 L2) in 0.9 ms (external_request_id=cmpl-af89389c154fb42a-0-85cc02fb, prefetch_request_id=-1) [3m(storage_manager.py:716:lmcache.v1.distributed.storage_manager)[0m
[32;20m[2026-09-20 15:57:54,170] LMCache INFO:[0m Retrieved 384 tokens in 0.002 seconds [3m(lmcache_driven_transfer.py:1427:lmcache.v1.multiprocess.modules.lmcache_driven_transfer)[0m
[32;20m[2026-09-20 15:57:54,256] LMCache INFO:[0m Stored 384 tokens in 0.003 seconds [3m(lmcache_driven_transfer.py:1218:lmcache.v1.multiprocess.modules.lmcache_driven_transfer)[0m
[32;20m[2026-09-20 15:57:54,357] LMCache INFO:[0m Stored 384 tokens in 0.005 seconds [3m(lmcache_driven_transfer.py:1218:lmcache.v1.multiprocess.modules.lmcache_driven_transfer)[0m
[32;20m[2026-09-20 15:57:54,439] LMCache INFO:[0m Stored 384 tokens in 0.003 seconds [3m(lmcache_driven_transfer.py:1218:lmcache.v1.multiprocess.modules.lmcache_driven_transfer)[0m
[32;20m[2026-09-20 15:57:54,532] LMCache INFO:[0m Stored 384 tokens in 0.003 seconds [3m(lmcache_driven_transfer.py:1218:lmcache.v1.multiprocess.modules.lmcache_driven_transfer)[0m
[32;20m[2026-09-20 15:57:54,621] LMCache INFO:[0m Stored 384 tokens in 0.003 seconds [3m(lmcache_driven_transfer.py:1218:lmcache.v1.multiprocess.modules.lmcache_driven_transfer)[0m
[32;20m[2026-09-20 15:57:54,711] LMCache INFO:[0m Stored 384 tokens in 0.003 seconds [3m(lmcache_driven_transfer.py:1218:lmcache.v1.multiprocess.modules.lmcache_driven_transfer)[0m
[32;20m[2026-09-20 15:57:54,764] LMCache INFO:[0m Prefetch request completed (L1+L2): 7/24 retained keys (7 L1, 0 L2) in 1.0 ms (external_request_id=cmpl-a67d1c265758e2e8-0-b89c7a13, prefetch_request_id=-1) [3m(storage_manager.py:716:lmcache.v1.distributed.storage_manager)[0m
[32;20m[2026-09-20 15:57:54,768] LMCache INFO:[0m Retrieved 112 tokens in 0.001 seconds [3m(lmcache_driven_transfer.py:1427:lmcache.v1.multiprocess.modules.lmcache_driven_transfer)[0m
[32;20m[2026-09-20 15:57:54,807] LMCache INFO:[0m Stored 272 tokens in 0.002 seconds [3m(lmcache_driven_transfer.py:1218:lmcache.v1.multiprocess.modules.lmcache_driven_transfer)[0m
[32;20m[2026-09-20 15:57:54,892] LMCache INFO:[0m Stored 64 tokens in 0.002 seconds [3m(lmcache_driven_transfer.py:1218:lmcache.v1.multiprocess.modules.lmcache_driven_transfer)[0m
[32;20m[2026-09-20 15:57:54,958] LMCache INFO:[0m Stored 384 tokens in 0.003 seconds [3m(lmcache_driven_transfer.py:1218:lmcache.v1.multiprocess.modules.lmcache_driven_transfer)[0m
[32;20m[2026-09-20 15:57:55,038] LMCache INFO:[0m Stored 384 tokens in 0.002 seconds [3m(lmcache_driven_transfer.py:1218:lmcache.v1.multiprocess.modules.lmcache_driven_transfer)[0m
[32;20m[2026-09-20 15:57:55,126] LMCache INFO:[0m Stored 384 tokens in 0.003 seconds [3m(lmcache_driven_transfer.py:1218:lmcache.v1.multiprocess.modules.lmcache_driven_transfer)[0m
[32;20m[2026-09-20 15:57:55,221] LMCache INFO:[0m Stored 384 tokens in 0.003 seconds [3m(lmcache_driven_transfer.py:1218:lmcache.v1.multiprocess.modules.lmcache_driven_transfer)[0m
[32;20m[2026-09-20 15:57:55,309] LMCache INFO:[0m Stored 384 tokens in 0.003 seconds [3m(lmcache_driven_transfer.py:1218:lmcache.v1.multiprocess.modules.lmcache_driven_transfer)[0m
[32;20m[2026-09-20 15:57:55,404] LMCache INFO:[0m Stored 384 tokens in 0.002 seconds [3m(lmcache_driven_transfer.py:1218:lmcache.v1.multiprocess.modules.lmcache_driven_transfer)[0m
[33;20m[2026-09-20 15:57:55,494] LMCache WARNING:[0m Failed to batched allocate 24 memory blocks of size 458752 because no enough memory is available (short by 24 blocks) [3m(memory_management.py:1490:lmcache.v1.memory_management)[0m
[32;20m[2026-09-20 15:57:55,509] LMCache INFO:[0m L1 memory usage 1.00 above watermark 0.80; triggering eviction. [3m(eviction_controller.py:179:lmcache.v1.distributed.storage_controllers.eviction_controller)[0m
[32;20m[2026-09-20 15:57:55,590] LMCache INFO:[0m Stored 384 tokens in 0.003 seconds [3m(lmcache_driven_transfer.py:1218:lmcache.v1.multiprocess.modules.lmcache_driven_transfer)[0m
[32;20m[2026-09-20 15:57:55,685] LMCache INFO:[0m Stored 384 tokens in 0.002 seconds [3m(lmcache_driven_transfer.py:1218:lmcache.v1.multiprocess.modules.lmcache_driven_transfer)[0m
[32;20m[2026-09-20 15:57:55,776] LMCache INFO:[0m Stored 384 tokens in 0.003 seconds [3m(lmcache_driven_transfer.py:1218:lmcache.v1.multiprocess.modules.lmcache_driven_transfer)[0m
[32;20m[2026-09-20 15:57:55,869] LMCache INFO:[0m Stored 384 tokens in 0.002 seconds [3m(lmcache_driven_transfer.py:1218:lmcache.v1.multiprocess.modules.lmcache_driven_transfer)[0m
[32;20m[2026-09-20 15:57:55,918] LMCache INFO:[0m Prefetch request completed (L1+L2): 24/24 retained keys (24 L1, 0 L2) in 0.9 ms (external_request_id=cmpl-857c5adb85176421-0-8f34bb89, prefetch_request_id=-1) [3m(storage_manager.py:716:lmcache.v1.distributed.storage_manager)[0m
[32;20m[2026-09-20 15:57:55,922] LMCache INFO:[0m Retrieved 384 tokens in 0.002 seconds [3m(lmcache_driven_transfer.py:1427:lmcache.v1.multiprocess.modules.lmcache_driven_transfer)[0m
[32;20m[2026-09-20 15:57:56,026] LMCache INFO:[0m Stored 384 tokens in 0.003 seconds [3m(lmcache_driven_transfer.py:1218:lmcache.v1.multiprocess.modules.lmcache_driven_transfer)[0m
[32;20m[2026-09-20 15:57:56,107] LMCache INFO:[0m Stored 384 tokens in 0.003 seconds [3m(lmcache_driven_transfer.py:1218:lmcache.v1.multiprocess.modules.lmcache_driven_transfer)[0m
[32;20m[2026-09-20 15:57:56,201] LMCache INFO:[0m Stored 384 tokens in 0.003 seconds [3m(lmcache_driven_transfer.py:1218:lmcache.v1.multiprocess.modules.lmcache_driven_transfer)[0m
[32;20m[2026-09-20 15:57:56,299] LMCache INFO:[0m Stored 384 tokens in 0.003 seconds [3m(lmcache_driven_transfer.py:1218:lmcache.v1.multiprocess.modules.lmcache_driven_transfer)[0m
[32;20m[2026-09-20 15:57:56,390] LMCache INFO:[0m Stored 384 tokens in 0.003 seconds [3m(lmcache_driven_transfer.py:1218:lmcache.v1.multiprocess.modules.lmcache_driven_transfer)[0m
[32;20m[2026-09-20 15:57:56,438] LMCache INFO:[0m L0<->L1 stats [cuda:0] last 10.0s: store ops=87 tokens=32400 size=0.93GB avg_copy=6.95GB/s | retrieve ops=31 tokens=11376 size=0.33GB avg_copy=4.23GB/s [3m(extra_stats.py:159:lmcache.v1.mp_observability.subscribers.logging.extra_stats)[0m
[32;20m[2026-09-20 15:57:56,439] LMCache INFO:[0m L0<->L1 stats [cuda:0] cumulative: store ops=337 tokens=122832 size=3.52GB avg_copy=5.19GB/s | retrieve ops=84 tokens=31024 size=0.89GB avg_copy=4.32GB/s [3m(extra_stats.py:168:lmcache.v1.mp_observability.subscribers.logging.extra_stats)[0m
[33;20m[2026-09-20 15:57:56,483] LMCache WARNING:[0m Failed to batched allocate 24 memory blocks of size 458752 because no enough memory is available (short by 6 blocks) [3m(memory_management.py:1490:lmcache.v1.memory_management)[0m
[32;20m[2026-09-20 15:57:56,515] LMCache INFO:[0m L1 memory usage: 0.49/0.50 GiB (98.4%) [3m(eviction_controller.py:153:lmcache.v1.distributed.storage_controllers.eviction_controller)[0m
[32;20m[2026-09-20 15:57:56,515] LMCache INFO:[0m L1 memory usage 0.98 above watermark 0.80; triggering eviction. [3m(eviction_controller.py:179:lmcache.v1.distributed.storage_controllers.eviction_controller)[0m
[32;20m[2026-09-20 15:57:56,578] LMCache INFO:[0m Stored 384 tokens in 0.003 seconds [3m(lmcache_driven_transfer.py:1218:lmcache.v1.multiprocess.modules.lmcache_driven_transfer)[0m
[32;20m[2026-09-20 15:57:56,672] LMCache INFO:[0m Stored 384 tokens in 0.003 seconds [3m(lmcache_driven_transfer.py:1218:lmcache.v1.multiprocess.modules.lmcache_driven_transfer)[0m
[32;20m[2026-09-20 15:57:56,766] LMCache INFO:[0m Stored 384 tokens in 0.003 seconds [3m(lmcache_driven_transfer.py:1218:lmcache.v1.multiprocess.modules.lmcache_driven_transfer)[0m
[32;20m[2026-09-20 15:57:56,853] LMCache INFO:[0m Stored 384 tokens in 0.003 seconds [3m(lmcache_driven_transfer.py:1218:lmcache.v1.multiprocess.modules.lmcache_driven_transfer)[0m
[32;20m[2026-09-20 15:57:56,950] LMCache INFO:[0m Stored 384 tokens in 0.003 seconds [3m(lmcache_driven_transfer.py:1218:lmcache.v1.multiprocess.modules.lmcache_driven_transfer)[0m
[32;20m[2026-09-20 15:57:56,996] LMCache INFO:[0m Prefetch request completed (L1+L2): 24/24 retained keys (24 L1, 0 L2) in 2.3 ms (external_request_id=cmpl-b4508af77fab4972-0-a3875bfa, prefetch_request_id=-1) [3m(storage_manager.py:716:lmcache.v1.distributed.storage_manager)[0m
[32;20m[2026-09-20 15:57:57,000] LMCache INFO:[0m Retrieved 384 tokens in 0.002 seconds [3m(lmcache_driven_transfer.py:1427:lmcache.v1.multiprocess.modules.lmcache_driven_transfer)[0m
[32;20m[2026-09-20 15:57:57,106] LMCache INFO:[0m Stored 384 tokens in 0.003 seconds [3m(lmcache_driven_transfer.py:1218:lmcache.v1.multiprocess.modules.lmcache_driven_transfer)[0m
[32;20m[2026-09-20 15:57:57,175] LMCache INFO:[0m Stored 384 tokens in 0.003 seconds [3m(lmcache_driven_transfer.py:1218:lmcache.v1.multiprocess.modules.lmcache_driven_transfer)[0m
[32;20m[2026-09-20 15:57:57,265] LMCache INFO:[0m Stored 384 tokens in 0.003 seconds [3m(lmcache_driven_transfer.py:1218:lmcache.v1.multiprocess.modules.lmcache_driven_transfer)[0m
[32;20m[2026-09-20 15:57:57,361] LMCache INFO:[0m Stored 384 tokens in 0.002 seconds [3m(lmcache_driven_transfer.py:1218:lmcache.v1.multiprocess.modules.lmcache_driven_transfer)[0m
[32;20m[2026-09-20 15:57:57,457] LMCache INFO:[0m Stored 384 tokens in 0.003 seconds [3m(lmcache_driven_transfer.py:1218:lmcache.v1.multiprocess.modules.lmcache_driven_transfer)[0m
[32;20m[2026-09-20 15:57:57,521] LMCache INFO:[0m L1 memory usage 0.99 above watermark 0.80; triggering eviction. [3m(eviction_controller.py:179:lmcache.v1.distributed.storage_controllers.eviction_controller)[0m
[32;20m[2026-09-20 15:57:57,552] LMCache INFO:[0m Stored 384 tokens in 0.003 seconds [3m(lmcache_driven_transfer.py:1218:lmcache.v1.multiprocess.modules.lmcache_driven_transfer)[0m
[32;20m[2026-09-20 15:57:57,643] LMCache INFO:[0m Stored 384 tokens in 0.003 seconds [3m(lmcache_driven_transfer.py:1218:lmcache.v1.multiprocess.modules.lmcache_driven_transfer)[0m
[32;20m[2026-09-20 15:57:57,738] LMCache INFO:[0m Stored 384 tokens in 0.003 seconds [3m(lmcache_driven_transfer.py:1218:lmcache.v1.multiprocess.modules.lmcache_driven_transfer)[0m
[32;20m[2026-09-20 15:57:57,829] LMCache INFO:[0m Stored 384 tokens in 0.003 seconds [3m(lmcache_driven_transfer.py:1218:lmcache.v1.multiprocess.modules.lmcache_driven_transfer)[0m
[32;20m[2026-09-20 15:57:57,921] LMCache INFO:[0m Stored 384 tokens in 0.002 seconds [3m(lmcache_driven_transfer.py:1218:lmcache.v1.multiprocess.modules.lmcache_driven_transfer)[0m
[32;20m[2026-09-20 15:57:57,969] LMCache INFO:[0m Prefetch request completed (L1+L2): 24/24 retained keys (24 L1, 0 L2) in 2.1 ms (external_request_id=cmpl-be2fb0dadd05bbed-0-bfe130ce, prefetch_request_id=-1) [3m(storage_manager.py:716:lmcache.v1.distributed.storage_manager)[0m
[32;20m[2026-09-20 15:57:57,974] LMCache INFO:[0m Retrieved 384 tokens in 0.002 seconds [3m(lmcache_driven_transfer.py:1427:lmcache.v1.multiprocess.modules.lmcache_driven_transfer)[0m
[32;20m[2026-09-20 15:57:58,078] LMCache INFO:[0m Stored 384 tokens in 0.002 seconds [3m(lmcache_driven_transfer.py:1218:lmcache.v1.multiprocess.modules.lmcache_driven_transfer)[0m
[32;20m[2026-09-20 15:57:58,159] LMCache INFO:[0m Stored 384 tokens in 0.002 seconds [3m(lmcache_driven_transfer.py:1218:lmcache.v1.multiprocess.modules.lmcache_driven_transfer)[0m
[32;20m[2026-09-20 15:57:58,258] LMCache INFO:[0m Stored 384 tokens in 0.002 seconds [3m(lmcache_driven_transfer.py:1218:lmcache.v1.multiprocess.modules.lmcache_driven_transfer)[0m
[32;20m[2026-09-20 15:57:58,353] LMCache INFO:[0m Stored 384 tokens in 0.003 seconds [3m(lmcache_driven_transfer.py:1218:lmcache.v1.multiprocess.modules.lmcache_driven_transfer)[0m
[32;20m[2026-09-20 15:57:58,446] LMCache INFO:[0m Stored 384 tokens in 0.003 seconds [3m(lmcache_driven_transfer.py:1218:lmcache.v1.multiprocess.modules.lmcache_driven_transfer)[0m
[32;20m[2026-09-20 15:57:58,527] LMCache INFO:[0m L1 memory usage 1.00 above watermark 0.80; triggering eviction. [3m(eviction_controller.py:179:lmcache.v1.distributed.storage_controllers.eviction_controller)[0m
[32;20m[2026-09-20 15:57:58,540] LMCache INFO:[0m Stored 368 tokens in 0.003 seconds [3m(lmcache_driven_transfer.py:1218:lmcache.v1.multiprocess.modules.lmcache_driven_transfer)[0m
[32;20m[2026-09-20 15:57:58,627] LMCache INFO:[0m Stored 240 tokens in 0.002 seconds [3m(lmcache_driven_transfer.py:1218:lmcache.v1.multiprocess.modules.lmcache_driven_transfer)[0m
[32;20m[2026-09-20 15:57:58,690] LMCache INFO:[0m Stored 384 tokens in 0.003 seconds [3m(lmcache_driven_transfer.py:1218:lmcache.v1.multiprocess.modules.lmcache_driven_transfer)[0m
[32;20m[2026-09-20 15:57:58,786] LMCache INFO:[0m Stored 384 tokens in 0.002 seconds [3m(lmcache_driven_transfer.py:1218:lmcache.v1.multiprocess.modules.lmcache_driven_transfer)[0m
[32;20m[2026-09-20 15:57:58,878] LMCache INFO:[0m Stored 384 tokens in 0.002 seconds [3m(lmcache_driven_transfer.py:1218:lmcache.v1.multiprocess.modules.lmcache_driven_transfer)[0m
[32;20m[2026-09-20 15:57:58,976] LMCache INFO:[0m Stored 384 tokens in 0.003 seconds [3m(lmcache_driven_transfer.py:1218:lmcache.v1.multiprocess.modules.lmcache_driven_transfer)[0m
[32;20m[2026-09-20 15:57:59,020] LMCache INFO:[0m Prefetch request completed (L1+L2): 24/24 retained keys (24 L1, 0 L2) in 1.1 ms (external_request_id=cmpl-b12c2dc1343ff88e-0-991ae095, prefetch_request_id=-1) [3m(storage_manager.py:716:lmcache.v1.distributed.storage_manager)[0m
[32;20m[2026-09-20 15:57:59,026] LMCache INFO:[0m Retrieved 384 tokens in 0.004 seconds [3m(lmcache_driven_transfer.py:1427:lmcache.v1.multiprocess.modules.lmcache_driven_transfer)[0m
[32;20m[2026-09-20 15:57:59,131] LMCache INFO:[0m Stored 384 tokens in 0.003 seconds [3m(lmcache_driven_transfer.py:1218:lmcache.v1.multiprocess.modules.lmcache_driven_transfer)[0m
[32;20m[2026-09-20 15:57:59,212] LMCache INFO:[0m Stored 384 tokens in 0.003 seconds [3m(lmcache_driven_transfer.py:1218:lmcache.v1.multiprocess.modules.lmcache_driven_transfer)[0m
[32;20m[2026-09-20 15:57:59,308] LMCache INFO:[0m Stored 384 tokens in 0.003 seconds [3m(lmcache_driven_transfer.py:1218:lmcache.v1.multiprocess.modules.lmcache_driven_transfer)[0m
[32;20m[2026-09-20 15:57:59,403] LMCache INFO:[0m Stored 384 tokens in 0.003 seconds [3m(lmcache_driven_transfer.py:1218:lmcache.v1.multiprocess.modules.lmcache_driven_transfer)[0m
[33;20m[2026-09-20 15:57:59,492] LMCache WARNING:[0m Failed to batched allocate 24 memory blocks of size 458752 because no enough memory is available (short by 20 blocks) [3m(memory_management.py:1490:lmcache.v1.memory_management)[0m
[32;20m[2026-09-20 15:57:59,535] LMCache INFO:[0m L1 memory usage 1.00 above watermark 0.80; triggering eviction. [3m(eviction_controller.py:179:lmcache.v1.distributed.storage_controllers.eviction_controller)[0m
[32;20m[2026-09-20 15:57:59,586] LMCache INFO:[0m Stored 384 tokens in 0.003 seconds [3m(lmcache_driven_transfer.py:1218:lmcache.v1.multiprocess.modules.lmcache_driven_transfer)[0m
[32;20m[2026-09-20 15:57:59,676] LMCache INFO:[0m Stored 192 tokens in 0.002 seconds [3m(lmcache_driven_transfer.py:1218:lmcache.v1.multiprocess.modules.lmcache_driven_transfer)[0m
[32;20m[2026-09-20 15:57:59,736] LMCache INFO:[0m Stored 384 tokens in 0.003 seconds [3m(lmcache_driven_transfer.py:1218:lmcache.v1.multiprocess.modules.lmcache_driven_transfer)[0m
[32;20m[2026-09-20 15:57:59,830] LMCache INFO:[0m Stored 384 tokens in 0.003 seconds [3m(lmcache_driven_transfer.py:1218:lmcache.v1.multiprocess.modules.lmcache_driven_transfer)[0m
[32;20m[2026-09-20 15:57:59,925] LMCache INFO:[0m Stored 384 tokens in 0.003 seconds [3m(lmcache_driven_transfer.py:1218:lmcache.v1.multiprocess.modules.lmcache_driven_transfer)[0m
[32;20m[2026-09-20 15:58:00,018] LMCache INFO:[0m Stored 384 tokens in 0.003 seconds [3m(lmcache_driven_transfer.py:1218:lmcache.v1.multiprocess.modules.lmcache_driven_transfer)[0m
[32;20m[2026-09-20 15:58:00,104] LMCache INFO:[0m Stored 384 tokens in 0.002 seconds [3m(lmcache_driven_transfer.py:1218:lmcache.v1.multiprocess.modules.lmcache_driven_transfer)[0m
[32;20m[2026-09-20 15:58:00,181] LMCache INFO:[0m Prefetch request completed (L1+L2): 24/24 retained keys (24 L1, 0 L2) in 1.1 ms (external_request_id=cmpl-8c91ae14c5389d35-0-977027d5, prefetch_request_id=-1) [3m(storage_manager.py:716:lmcache.v1.distributed.storage_manager)[0m
[32;20m[2026-09-20 15:58:00,186] LMCache INFO:[0m Prefetch request completed (L1+L2): 24/24 retained keys (24 L1, 0 L2) in 1.2 ms (external_request_id=cmpl-ac64f1103a5cea67-0-9ba7bd15, prefetch_request_id=-1) [3m(storage_manager.py:716:lmcache.v1.distributed.storage_manager)[0m
[32;20m[2026-09-20 15:58:00,187] LMCache INFO:[0m Retrieved 384 tokens in 0.004 seconds [3m(lmcache_driven_transfer.py:1427:lmcache.v1.multiprocess.modules.lmcache_driven_transfer)[0m
[32;20m[2026-09-20 15:58:00,191] LMCache INFO:[0m Retrieved 384 tokens in 0.002 seconds [3m(lmcache_driven_transfer.py:1427:lmcache.v1.multiprocess.modules.lmcache_driven_transfer)[0m
[32;20m[2026-09-20 15:58:00,268] LMCache INFO:[0m Prefetch request completed (L1+L2): 24/24 retained keys (24 L1, 0 L2) in 1.1 ms (external_request_id=cmpl-bc2cb55e18006f9e-0-830b4d47, prefetch_request_id=-1) [3m(storage_manager.py:716:lmcache.v1.distributed.storage_manager)[0m
[32;20m[2026-09-20 15:58:00,273] LMCache INFO:[0m Retrieved 384 tokens in 0.002 seconds [3m(lmcache_driven_transfer.py:1427:lmcache.v1.multiprocess.modules.lmcache_driven_transfer)[0m
[32;20m[2026-09-20 15:58:00,321] LMCache INFO:[0m Prefetch request completed (L1+L2): 24/24 retained keys (24 L1, 0 L2) in 1.1 ms (external_request_id=cmpl-885bb21e266a98f0-0-b1dad19e, prefetch_request_id=-1) [3m(storage_manager.py:716:lmcache.v1.distributed.storage_manager)[0m
[32;20m[2026-09-20 15:58:00,326] LMCache INFO:[0m Retrieved 384 tokens in 0.002 seconds [3m(lmcache_driven_transfer.py:1427:lmcache.v1.multiprocess.modules.lmcache_driven_transfer)[0m
[32;20m[2026-09-20 15:58:00,375] LMCache INFO:[0m Prefetch request completed (L1+L2): 24/24 retained keys (24 L1, 0 L2) in 0.9 ms (external_request_id=cmpl-b90f0aa57c378f96-0-a6c520e6, prefetch_request_id=-1) [3m(storage_manager.py:716:lmcache.v1.distributed.storage_manager)[0m
[32;20m[2026-09-20 15:58:00,379] LMCache INFO:[0m Retrieved 384 tokens in 0.002 seconds [3m(lmcache_driven_transfer.py:1427:lmcache.v1.multiprocess.modules.lmcache_driven_transfer)[0m
[32;20m[2026-09-20 15:58:00,427] LMCache INFO:[0m Prefetch request completed (L1+L2): 24/24 retained keys (24 L1, 0 L2) in 1.2 ms (external_request_id=cmpl-a7c8c5eecb2b7cba-0-b2dcb01e, prefetch_request_id=-1) [3m(storage_manager.py:716:lmcache.v1.distributed.storage_manager)[0m
[32;20m[2026-09-20 15:58:00,430] LMCache INFO:[0m Retrieved 384 tokens in 0.001 seconds [3m(lmcache_driven_transfer.py:1427:lmcache.v1.multiprocess.modules.lmcache_driven_transfer)[0m
[32;20m[2026-09-20 15:58:00,477] LMCache INFO:[0m Prefetch request completed (L1+L2): 24/24 retained keys (24 L1, 0 L2) in 0.9 ms (external_request_id=cmpl-bb44da79fd6fd518-0-8a0cf5c0, prefetch_request_id=-1) [3m(storage_manager.py:716:lmcache.v1.distributed.storage_manager)[0m
[32;20m[2026-09-20 15:58:00,481] LMCache INFO:[0m Retrieved 384 tokens in 0.002 seconds [3m(lmcache_driven_transfer.py:1427:lmcache.v1.multiprocess.modules.lmcache_driven_transfer)[0m
[32;20m[2026-09-20 15:58:00,529] LMCache INFO:[0m Prefetch request completed (L1+L2): 24/24 retained keys (24 L1, 0 L2) in 0.9 ms (external_request_id=cmpl-8d6ca53d448f166c-0-a56b687a, prefetch_request_id=-1) [3m(storage_manager.py:716:lmcache.v1.distributed.storage_manager)[0m
[32;20m[2026-09-20 15:58:00,533] LMCache INFO:[0m Retrieved 384 tokens in 0.002 seconds [3m(lmcache_driven_transfer.py:1427:lmcache.v1.multiprocess.modules.lmcache_driven_transfer)[0m
[32;20m[2026-09-20 15:58:00,545] LMCache INFO:[0m L1 memory usage 0.93 above watermark 0.80; triggering eviction. [3m(eviction_controller.py:179:lmcache.v1.distributed.storage_controllers.eviction_controller)[0m
[32;20m[2026-09-20 15:58:00,583] LMCache INFO:[0m Prefetch request completed (L1+L2): 24/24 retained keys (24 L1, 0 L2) in 0.9 ms (external_request_id=cmpl-a8aea3170e2cfd18-0-b149899e, prefetch_request_id=-1) [3m(storage_manager.py:716:lmcache.v1.distributed.storage_manager)[0m
[32;20m[2026-09-20 15:58:00,587] LMCache INFO:[0m Retrieved 384 tokens in 0.002 seconds [3m(lmcache_driven_transfer.py:1427:lmcache.v1.multiprocess.modules.lmcache_driven_transfer)[0m
[32;20m[2026-09-20 15:58:00,637] LMCache INFO:[0m Prefetch request completed (L1+L2): 24/24 retained keys (24 L1, 0 L2) in 0.9 ms (external_request_id=cmpl-91d2e73e16a70b31-0-8b0d6291, prefetch_request_id=-1) [3m(storage_manager.py:716:lmcache.v1.distributed.storage_manager)[0m
[32;20m[2026-09-20 15:58:00,641] LMCache INFO:[0m Retrieved 384 tokens in 0.002 seconds [3m(lmcache_driven_transfer.py:1427:lmcache.v1.multiprocess.modules.lmcache_driven_transfer)[0m
[32;20m[2026-09-20 15:58:00,727] LMCache INFO:[0m Stored 384 tokens in 0.003 seconds [3m(lmcache_driven_transfer.py:1218:lmcache.v1.multiprocess.modules.lmcache_driven_transfer)[0m
[32;20m[2026-09-20 15:58:01,024] LMCache INFO:[0m Prefetch request completed (L1+L2): 24/24 retained keys (24 L1, 0 L2) in 1.0 ms (external_request_id=cmpl-8833735ff6595df1-0-b5d5a7b9, prefetch_request_id=-1) [3m(storage_manager.py:716:lmcache.v1.distributed.storage_manager)[0m
[32;20m[2026-09-20 15:58:01,028] LMCache INFO:[0m Retrieved 384 tokens in 0.002 seconds [3m(lmcache_driven_transfer.py:1427:lmcache.v1.multiprocess.modules.lmcache_driven_transfer)[0m
[32;20m[2026-09-20 15:58:01,132] LMCache INFO:[0m Stored 384 tokens in 0.002 seconds [3m(lmcache_driven_transfer.py:1218:lmcache.v1.multiprocess.modules.lmcache_driven_transfer)[0m
[32;20m[2026-09-20 15:58:01,217] LMCache INFO:[0m Stored 368 tokens in 0.003 seconds [3m(lmcache_driven_transfer.py:1218:lmcache.v1.multiprocess.modules.lmcache_driven_transfer)[0m
[32;20m[2026-09-20 15:58:01,318] LMCache INFO:[0m Stored 384 tokens in 0.003 seconds [3m(lmcache_driven_transfer.py:1218:lmcache.v1.multiprocess.modules.lmcache_driven_transfer)[0m
[32;20m[2026-09-20 15:58:01,411] LMCache INFO:[0m Stored 384 tokens in 0.003 seconds [3m(lmcache_driven_transfer.py:1218:lmcache.v1.multiprocess.modules.lmcache_driven_transfer)[0m
[32;20m[2026-09-20 15:58:01,505] LMCache INFO:[0m Stored 384 tokens in 0.003 seconds [3m(lmcache_driven_transfer.py:1218:lmcache.v1.multiprocess.modules.lmcache_driven_transfer)[0m
[32;20m[2026-09-20 15:58:01,552] LMCache INFO:[0m L1 memory usage 0.87 above watermark 0.80; triggering eviction. [3m(eviction_controller.py:179:lmcache.v1.distributed.storage_controllers.eviction_controller)[0m
[32;20m[2026-09-20 15:58:01,604] LMCache INFO:[0m Stored 384 tokens in 0.003 seconds [3m(lmcache_driven_transfer.py:1218:lmcache.v1.multiprocess.modules.lmcache_driven_transfer)[0m
[32;20m[2026-09-20 15:58:01,693] LMCache INFO:[0m Stored 384 tokens in 0.003 seconds [3m(lmcache_driven_transfer.py:1218:lmcache.v1.multiprocess.modules.lmcache_driven_transfer)[0m
[32;20m[2026-09-20 15:58:01,785] LMCache INFO:[0m Stored 384 tokens in 0.003 seconds [3m(lmcache_driven_transfer.py:1218:lmcache.v1.multiprocess.modules.lmcache_driven_transfer)[0m
[32;20m[2026-09-20 15:58:01,881] LMCache INFO:[0m Stored 384 tokens in 0.003 seconds [3m(lmcache_driven_transfer.py:1218:lmcache.v1.multiprocess.modules.lmcache_driven_transfer)[0m
[32;20m[2026-09-20 15:58:01,975] LMCache INFO:[0m Stored 384 tokens in 0.003 seconds [3m(lmcache_driven_transfer.py:1218:lmcache.v1.multiprocess.modules.lmcache_driven_transfer)[0m
[32;20m[2026-09-20 15:58:02,030] LMCache INFO:[0m Prefetch request completed (L1+L2): 24/24 retained keys (24 L1, 0 L2) in 1.0 ms (external_request_id=cmpl-a50e118da594178b-0-96dc7d39, prefetch_request_id=-1) [3m(storage_manager.py:716:lmcache.v1.distributed.storage_manager)[0m
[32;20m[2026-09-20 15:58:02,035] LMCache INFO:[0m Retrieved 384 tokens in 0.003 seconds [3m(lmcache_driven_transfer.py:1427:lmcache.v1.multiprocess.modules.lmcache_driven_transfer)[0m
[32;20m[2026-09-20 15:58:02,073] LMCache INFO:[0m Stored 336 tokens in 0.002 seconds [3m(lmcache_driven_transfer.py:1218:lmcache.v1.multiprocess.modules.lmcache_driven_transfer)[0m
[32;20m[2026-09-20 15:58:02,217] LMCache INFO:[0m Stored 384 tokens in 0.003 seconds [3m(lmcache_driven_transfer.py:1218:lmcache.v1.multiprocess.modules.lmcache_driven_transfer)[0m
[32;20m[2026-09-20 15:58:02,300] LMCache INFO:[0m Stored 384 tokens in 0.003 seconds [3m(lmcache_driven_transfer.py:1218:lmcache.v1.multiprocess.modules.lmcache_driven_transfer)[0m
[32;20m[2026-09-20 15:58:02,397] LMCache INFO:[0m Stored 384 tokens in 0.003 seconds [3m(lmcache_driven_transfer.py:1218:lmcache.v1.multiprocess.modules.lmcache_driven_transfer)[0m
[32;20m[2026-09-20 15:58:02,495] LMCache INFO:[0m Stored 384 tokens in 0.002 seconds [3m(lmcache_driven_transfer.py:1218:lmcache.v1.multiprocess.modules.lmcache_driven_transfer)[0m
[32;20m[2026-09-20 15:58:02,561] LMCache INFO:[0m L1 memory usage 0.90 above watermark 0.80; triggering eviction. [3m(eviction_controller.py:179:lmcache.v1.distributed.storage_controllers.eviction_controller)[0m
[32;20m[2026-09-20 15:58:02,587] LMCache INFO:[0m Stored 384 tokens in 0.002 seconds [3m(lmcache_driven_transfer.py:1218:lmcache.v1.multiprocess.modules.lmcache_driven_transfer)[0m
[32;20m[2026-09-20 15:58:02,682] LMCache INFO:[0m Stored 384 tokens in 0.003 seconds [3m(lmcache_driven_transfer.py:1218:lmcache.v1.multiprocess.modules.lmcache_driven_transfer)[0m
[32;20m[2026-09-20 15:58:02,780] LMCache INFO:[0m Stored 368 tokens in 0.004 seconds [3m(lmcache_driven_transfer.py:1218:lmcache.v1.multiprocess.modules.lmcache_driven_transfer)[0m
[32;20m[2026-09-20 15:58:02,870] LMCache INFO:[0m Stored 384 tokens in 0.002 seconds [3m(lmcache_driven_transfer.py:1218:lmcache.v1.multiprocess.modules.lmcache_driven_transfer)[0m
[32;20m[2026-09-20 15:58:02,961] LMCache INFO:[0m Stored 384 tokens in 0.003 seconds [3m(lmcache_driven_transfer.py:1218:lmcache.v1.multiprocess.modules.lmcache_driven_transfer)[0m
[32;20m[2026-09-20 15:58:03,056] LMCache INFO:[0m Stored 384 tokens in 0.002 seconds [3m(lmcache_driven_transfer.py:1218:lmcache.v1.multiprocess.modules.lmcache_driven_transfer)[0m
[32;20m[2026-09-20 15:58:03,130] LMCache INFO:[0m Prefetch request completed (L1+L2): 24/24 retained keys (24 L1, 0 L2) in 1.1 ms (external_request_id=cmpl-a6859d89490ea8a9-0-81007d9c, prefetch_request_id=-1) [3m(storage_manager.py:716:lmcache.v1.distributed.storage_manager)[0m
[32;20m[2026-09-20 15:58:03,136] LMCache INFO:[0m Prefetch request completed (L1+L2): 24/24 retained keys (24 L1, 0 L2) in 1.0 ms (external_request_id=cmpl-b34fe7b97c4a8e51-0-ab9e30e8, prefetch_request_id=-1) [3m(storage_manager.py:716:lmcache.v1.distributed.storage_manager)[0m
[32;20m[2026-09-20 15:58:03,137] LMCache INFO:[0m Retrieved 384 tokens in 0.004 seconds [3m(lmcache_driven_transfer.py:1427:lmcache.v1.multiprocess.modules.lmcache_driven_transfer)[0m
[32;20m[2026-09-20 15:58:03,141] LMCache INFO:[0m Retrieved 384 tokens in 0.002 seconds [3m(lmcache_driven_transfer.py:1427:lmcache.v1.multiprocess.modules.lmcache_driven_transfer)[0m
[32;20m[2026-09-20 15:58:03,219] LMCache INFO:[0m Prefetch request completed (L1+L2): 24/24 retained keys (24 L1, 0 L2) in 1.2 ms (external_request_id=cmpl-9106560c1eeb4fcb-0-96f6c151, prefetch_request_id=-1) [3m(storage_manager.py:716:lmcache.v1.distributed.storage_manager)[0m
[32;20m[2026-09-20 15:58:03,223] LMCache INFO:[0m Retrieved 384 tokens in 0.002 seconds [3m(lmcache_driven_transfer.py:1427:lmcache.v1.multiprocess.modules.lmcache_driven_transfer)[0m
[32;20m[2026-09-20 15:58:03,271] LMCache INFO:[0m Prefetch request completed (L1+L2): 24/24 retained keys (24 L1, 0 L2) in 0.9 ms (external_request_id=cmpl-a8ab89c1f8cca7a6-0-8eda1d04, prefetch_request_id=-1) [3m(storage_manager.py:716:lmcache.v1.distributed.storage_manager)[0m
[32;20m[2026-09-20 15:58:03,275] LMCache INFO:[0m Retrieved 384 tokens in 0.002 seconds [3m(lmcache_driven_transfer.py:1427:lmcache.v1.multiprocess.modules.lmcache_driven_transfer)[0m
[32;20m[2026-09-20 15:58:03,324] LMCache INFO:[0m Prefetch request completed (L1+L2): 24/24 retained keys (24 L1, 0 L2) in 1.0 ms (external_request_id=cmpl-84f4d1843543a45a-0-b10a7439, prefetch_request_id=-1) [3m(storage_manager.py:716:lmcache.v1.distributed.storage_manager)[0m
[32;20m[2026-09-20 15:58:03,328] LMCache INFO:[0m Retrieved 384 tokens in 0.002 seconds [3m(lmcache_driven_transfer.py:1427:lmcache.v1.multiprocess.modules.lmcache_driven_transfer)[0m
[32;20m[2026-09-20 15:58:03,374] LMCache INFO:[0m Prefetch request completed (L1+L2): 24/24 retained keys (24 L1, 0 L2) in 0.7 ms (external_request_id=cmpl-950cdaf088f32a95-0-997e8f21, prefetch_request_id=-1) [3m(storage_manager.py:716:lmcache.v1.distributed.storage_manager)[0m
[32;20m[2026-09-20 15:58:03,378] LMCache INFO:[0m Retrieved 384 tokens in 0.002 seconds [3m(lmcache_driven_transfer.py:1427:lmcache.v1.multiprocess.modules.lmcache_driven_transfer)[0m
[32;20m[2026-09-20 15:58:03,426] LMCache INFO:[0m Prefetch request completed (L1+L2): 24/24 retained keys (24 L1, 0 L2) in 0.8 ms (external_request_id=cmpl-ad9621721fb42ab9-0-bd781980, prefetch_request_id=-1) [3m(storage_manager.py:716:lmcache.v1.distributed.storage_manager)[0m
[32;20m[2026-09-20 15:58:03,430] LMCache INFO:[0m Retrieved 384 tokens in 0.002 seconds [3m(lmcache_driven_transfer.py:1427:lmcache.v1.multiprocess.modules.lmcache_driven_transfer)[0m
[32;20m[2026-09-20 15:58:03,479] LMCache INFO:[0m Prefetch request completed (L1+L2): 24/24 retained keys (24 L1, 0 L2) in 1.0 ms (external_request_id=cmpl-95406a4db9da0be6-0-bd6671aa, prefetch_request_id=-1) [3m(storage_manager.py:716:lmcache.v1.distributed.storage_manager)[0m
[32;20m[2026-09-20 15:58:03,483] LMCache INFO:[0m Retrieved 384 tokens in 0.002 seconds [3m(lmcache_driven_transfer.py:1427:lmcache.v1.multiprocess.modules.lmcache_driven_transfer)[0m
[32;20m[2026-09-20 15:58:03,530] LMCache INFO:[0m Prefetch request completed (L1+L2): 24/24 retained keys (24 L1, 0 L2) in 0.9 ms (external_request_id=cmpl-8f7c77861b2b367b-0-a11f2f80, prefetch_request_id=-1) [3m(storage_manager.py:716:lmcache.v1.distributed.storage_manager)[0m
[32;20m[2026-09-20 15:58:03,534] LMCache INFO:[0m Retrieved 384 tokens in 0.002 seconds [3m(lmcache_driven_transfer.py:1427:lmcache.v1.multiprocess.modules.lmcache_driven_transfer)[0m
[32;20m[2026-09-20 15:58:03,567] LMCache INFO:[0m L1 memory usage 0.84 above watermark 0.80; triggering eviction. [3m(eviction_controller.py:179:lmcache.v1.distributed.storage_controllers.eviction_controller)[0m
[32;20m[2026-09-20 15:58:03,581] LMCache INFO:[0m Prefetch request completed (L1+L2): 24/24 retained keys (24 L1, 0 L2) in 0.9 ms (external_request_id=cmpl-87f33e6004155c6c-0-922c6f24, prefetch_request_id=-1) [3m(storage_manager.py:716:lmcache.v1.distributed.storage_manager)[0m
[32;20m[2026-09-20 15:58:03,586] LMCache INFO:[0m Retrieved 384 tokens in 0.002 seconds [3m(lmcache_driven_transfer.py:1427:lmcache.v1.multiprocess.modules.lmcache_driven_transfer)[0m
[32;20m[2026-09-20 15:58:03,634] LMCache INFO:[0m Prefetch request completed (L1+L2): 24/24 retained keys (24 L1, 0 L2) in 0.8 ms (external_request_id=cmpl-8ea6f3f8a4302cf6-0-a56f2490, prefetch_request_id=-1) [3m(storage_manager.py:716:lmcache.v1.distributed.storage_manager)[0m
[32;20m[2026-09-20 15:58:03,638] LMCache INFO:[0m Retrieved 384 tokens in 0.002 seconds [3m(lmcache_driven_transfer.py:1427:lmcache.v1.multiprocess.modules.lmcache_driven_transfer)[0m
[32;20m[2026-09-20 15:58:03,976] LMCache INFO:[0m Prefetch request completed (L1+L2): 24/24 retained keys (24 L1, 0 L2) in 1.2 ms (external_request_id=cmpl-b564ec097abe148c-0-b5def91e, prefetch_request_id=-1) [3m(storage_manager.py:716:lmcache.v1.distributed.storage_manager)[0m
[32;20m[2026-09-20 15:58:03,982] LMCache INFO:[0m Retrieved 384 tokens in 0.003 seconds [3m(lmcache_driven_transfer.py:1427:lmcache.v1.multiprocess.modules.lmcache_driven_transfer)[0m
[32;20m[2026-09-20 15:58:04,089] LMCache INFO:[0m Stored 368 tokens in 0.002 seconds [3m(lmcache_driven_transfer.py:1218:lmcache.v1.multiprocess.modules.lmcache_driven_transfer)[0m
[32;20m[2026-09-20 15:58:04,170] LMCache INFO:[0m Stored 384 tokens in 0.003 seconds [3m(lmcache_driven_transfer.py:1218:lmcache.v1.multiprocess.modules.lmcache_driven_transfer)[0m
[32;20m[2026-09-20 15:58:04,273] LMCache INFO:[0m Stored 384 tokens in 0.003 seconds [3m(lmcache_driven_transfer.py:1218:lmcache.v1.multiprocess.modules.lmcache_driven_transfer)[0m
[32;20m[2026-09-20 15:58:04,380] LMCache INFO:[0m Stored 384 tokens in 0.003 seconds [3m(lmcache_driven_transfer.py:1218:lmcache.v1.multiprocess.modules.lmcache_driven_transfer)[0m
[32;20m[2026-09-20 15:58:04,466] LMCache INFO:[0m Stored 384 tokens in 0.003 seconds [3m(lmcache_driven_transfer.py:1218:lmcache.v1.multiprocess.modules.lmcache_driven_transfer)[0m
[32;20m[2026-09-20 15:58:04,564] LMCache INFO:[0m Stored 368 tokens in 0.003 seconds [3m(lmcache_driven_transfer.py:1218:lmcache.v1.multiprocess.modules.lmcache_driven_transfer)[0m
[32;20m[2026-09-20 15:58:04,659] LMCache INFO:[0m Stored 384 tokens in 0.003 seconds [3m(lmcache_driven_transfer.py:1218:lmcache.v1.multiprocess.modules.lmcache_driven_transfer)[0m
[32;20m[2026-09-20 15:58:04,756] LMCache INFO:[0m Stored 384 tokens in 0.003 seconds [3m(lmcache_driven_transfer.py:1218:lmcache.v1.multiprocess.modules.lmcache_driven_transfer)[0m
[32;20m[2026-09-20 15:58:04,852] LMCache INFO:[0m Stored 384 tokens in 0.003 seconds [3m(lmcache_driven_transfer.py:1218:lmcache.v1.multiprocess.modules.lmcache_driven_transfer)[0m
[32;20m[2026-09-20 15:58:04,899] LMCache INFO:[0m Prefetch request completed (L1+L2): 24/24 retained keys (24 L1, 0 L2) in 1.3 ms (external_request_id=cmpl-a36247f92b6b10aa-0-b88a07eb, prefetch_request_id=-1) [3m(storage_manager.py:716:lmcache.v1.distributed.storage_manager)[0m
[32;20m[2026-09-20 15:58:04,904] LMCache INFO:[0m Retrieved 384 tokens in 0.002 seconds [3m(lmcache_driven_transfer.py:1427:lmcache.v1.multiprocess.modules.lmcache_driven_transfer)[0m
[32;20m[2026-09-20 15:58:05,015] LMCache INFO:[0m Stored 384 tokens in 0.003 seconds [3m(lmcache_driven_transfer.py:1218:lmcache.v1.multiprocess.modules.lmcache_driven_transfer)[0m
[32;20m[2026-09-20 15:58:05,096] LMCache INFO:[0m Stored 384 tokens in 0.003 seconds [3m(lmcache_driven_transfer.py:1218:lmcache.v1.multiprocess.modules.lmcache_driven_transfer)[0m
[32;20m[2026-09-20 15:58:05,194] LMCache INFO:[0m Stored 384 tokens in 0.003 seconds [3m(lmcache_driven_transfer.py:1218:lmcache.v1.multiprocess.modules.lmcache_driven_transfer)[0m
[32;20m[2026-09-20 15:58:05,281] LMCache INFO:[0m Stored 384 tokens in 0.002 seconds [3m(lmcache_driven_transfer.py:1218:lmcache.v1.multiprocess.modules.lmcache_driven_transfer)[0m
[32;20m[2026-09-20 15:58:05,376] LMCache INFO:[0m Stored 384 tokens in 0.002 seconds [3m(lmcache_driven_transfer.py:1218:lmcache.v1.multiprocess.modules.lmcache_driven_transfer)[0m
[32;20m[2026-09-20 15:58:05,469] LMCache INFO:[0m Stored 384 tokens in 0.003 seconds [3m(lmcache_driven_transfer.py:1218:lmcache.v1.multiprocess.modules.lmcache_driven_transfer)[0m
[33;20m[2026-09-20 15:58:05,561] LMCache WARNING:[0m Failed to batched allocate 24 memory blocks of size 458752 because no enough memory is available (short by 2 blocks) [3m(memory_management.py:1490:lmcache.v1.memory_management)[0m
[32;20m[2026-09-20 15:58:05,573] LMCache INFO:[0m L1 memory usage 0.98 above watermark 0.80; triggering eviction. [3m(eviction_controller.py:179:lmcache.v1.distributed.storage_controllers.eviction_controller)[0m
[32;20m[2026-09-20 15:58:05,654] LMCache INFO:[0m Stored 384 tokens in 0.003 seconds [3m(lmcache_driven_transfer.py:1218:lmcache.v1.multiprocess.modules.lmcache_driven_transfer)[0m
[32;20m[2026-09-20 15:58:05,754] LMCache INFO:[0m Stored 384 tokens in 0.003 seconds [3m(lmcache_driven_transfer.py:1218:lmcache.v1.multiprocess.modules.lmcache_driven_transfer)[0m
[32;20m[2026-09-20 15:58:05,848] LMCache INFO:[0m Stored 384 tokens in 0.002 seconds [3m(lmcache_driven_transfer.py:1218:lmcache.v1.multiprocess.modules.lmcache_driven_transfer)[0m
[32;20m[2026-09-20 15:58:05,896] LMCache INFO:[0m Prefetch request completed (L1+L2): 24/24 retained keys (24 L1, 0 L2) in 2.4 ms (external_request_id=cmpl-8181b446a55fbb37-0-80f4e2d3, prefetch_request_id=-1) [3m(storage_manager.py:716:lmcache.v1.distributed.storage_manager)[0m
[32;20m[2026-09-20 15:58:05,900] LMCache INFO:[0m Retrieved 384 tokens in 0.002 seconds [3m(lmcache_driven_transfer.py:1427:lmcache.v1.multiprocess.modules.lmcache_driven_transfer)[0m
[32;20m[2026-09-20 15:58:06,010] LMCache INFO:[0m Stored 384 tokens in 0.003 seconds [3m(lmcache_driven_transfer.py:1218:lmcache.v1.multiprocess.modules.lmcache_driven_transfer)[0m
[32;20m[2026-09-20 15:58:06,086] LMCache INFO:[0m Stored 384 tokens in 0.003 seconds [3m(lmcache_driven_transfer.py:1218:lmcache.v1.multiprocess.modules.lmcache_driven_transfer)[0m
[32;20m[2026-09-20 15:58:06,186] LMCache INFO:[0m Stored 384 tokens in 0.003 seconds [3m(lmcache_driven_transfer.py:1218:lmcache.v1.multiprocess.modules.lmcache_driven_transfer)[0m
[32;20m[2026-09-20 15:58:06,283] LMCache INFO:[0m Stored 384 tokens in 0.003 seconds [3m(lmcache_driven_transfer.py:1218:lmcache.v1.multiprocess.modules.lmcache_driven_transfer)[0m
[32;20m[2026-09-20 15:58:06,380] LMCache INFO:[0m Stored 384 tokens in 0.003 seconds [3m(lmcache_driven_transfer.py:1218:lmcache.v1.multiprocess.modules.lmcache_driven_transfer)[0m
[32;20m[2026-09-20 15:58:06,473] LMCache INFO:[0m Stored 384 tokens in 0.003 seconds [3m(lmcache_driven_transfer.py:1218:lmcache.v1.multiprocess.modules.lmcache_driven_transfer)[0m
[32;20m[2026-09-20 15:58:06,521] LMCache INFO:[0m L0<->L1 stats [cuda:0] last 10.1s: store ops=86 tokens=31408 size=0.90GB avg_copy=7.45GB/s | retrieve ops=29 tokens=11136 size=0.32GB avg_copy=4.26GB/s [3m(extra_stats.py:159:lmcache.v1.mp_observability.subscribers.logging.extra_stats)[0m
[32;20m[2026-09-20 15:58:06,521] LMCache INFO:[0m L0<->L1 stats [cuda:0] cumulative: store ops=423 tokens=154240 size=4.42GB avg_copy=5.53GB/s | retrieve ops=113 tokens=42160 size=1.21GB avg_copy=4.31GB/s [3m(extra_stats.py:168:lmcache.v1.mp_observability.subscribers.logging.extra_stats)[0m
[32;20m[2026-09-20 15:58:06,566] LMCache INFO:[0m Stored 384 tokens in 0.002 seconds [3m(lmcache_driven_transfer.py:1218:lmcache.v1.multiprocess.modules.lmcache_driven_transfer)[0m
[32;20m[2026-09-20 15:58:06,579] LMCache INFO:[0m L1 memory usage: 0.50/0.50 GiB (99.0%) [3m(eviction_controller.py:153:lmcache.v1.distributed.storage_controllers.eviction_controller)[0m
[32;20m[2026-09-20 15:58:06,579] LMCache INFO:[0m L1 memory usage 0.99 above watermark 0.80; triggering eviction. [3m(eviction_controller.py:179:lmcache.v1.distributed.storage_controllers.eviction_controller)[0m
[32;20m[2026-09-20 15:58:06,664] LMCache INFO:[0m Stored 384 tokens in 0.003 seconds [3m(lmcache_driven_transfer.py:1218:lmcache.v1.multiprocess.modules.lmcache_driven_transfer)[0m
[32;20m[2026-09-20 15:58:06,760] LMCache INFO:[0m Stored 384 tokens in 0.003 seconds [3m(lmcache_driven_transfer.py:1218:lmcache.v1.multiprocess.modules.lmcache_driven_transfer)[0m
[32;20m[2026-09-20 15:58:06,811] LMCache INFO:[0m Prefetch request completed (L1+L2): 24/24 retained keys (24 L1, 0 L2) in 2.1 ms (external_request_id=cmpl-9ff1a1262adf61ff-0-b9f509c8, prefetch_request_id=-1) [3m(storage_manager.py:716:lmcache.v1.distributed.storage_manager)[0m
[32;20m[2026-09-20 15:58:06,815] LMCache INFO:[0m Retrieved 384 tokens in 0.002 seconds [3m(lmcache_driven_transfer.py:1427:lmcache.v1.multiprocess.modules.lmcache_driven_transfer)[0m
[32;20m[2026-09-20 15:58:06,882] LMCache INFO:[0m Prefetch request completed (L1+L2): 24/24 retained keys (24 L1, 0 L2) in 0.9 ms (external_request_id=cmpl-9dc042d0fa2f7333-0-95225eb8, prefetch_request_id=-1) [3m(storage_manager.py:716:lmcache.v1.distributed.storage_manager)[0m
[32;20m[2026-09-20 15:58:06,888] LMCache INFO:[0m Prefetch request completed (L1+L2): 24/24 retained keys (24 L1, 0 L2) in 1.1 ms (external_request_id=cmpl-8dea454c15fd4d9e-0-920bc381, prefetch_request_id=-1) [3m(storage_manager.py:716:lmcache.v1.distributed.storage_manager)[0m
[32;20m[2026-09-20 15:58:06,889] LMCache INFO:[0m Retrieved 384 tokens in 0.004 seconds [3m(lmcache_driven_transfer.py:1427:lmcache.v1.multiprocess.modules.lmcache_driven_transfer)[0m
[32;20m[2026-09-20 15:58:06,895] LMCache INFO:[0m Retrieved 384 tokens in 0.004 seconds [3m(lmcache_driven_transfer.py:1427:lmcache.v1.multiprocess.modules.lmcache_driven_transfer)[0m
[32;20m[2026-09-20 15:58:06,976] LMCache INFO:[0m Prefetch request completed (L1+L2): 24/24 retained keys (24 L1, 0 L2) in 0.9 ms (external_request_id=cmpl-9fbf1e8b679b87eb-0-b087984d, prefetch_request_id=-1) [3m(storage_manager.py:716:lmcache.v1.distributed.storage_manager)[0m
[32;20m[2026-09-20 15:58:06,980] LMCache INFO:[0m Retrieved 384 tokens in 0.002 seconds [3m(lmcache_driven_transfer.py:1427:lmcache.v1.multiprocess.modules.lmcache_driven_transfer)[0m
[32;20m[2026-09-20 15:58:07,028] LMCache INFO:[0m Prefetch request completed (L1+L2): 24/24 retained keys (24 L1, 0 L2) in 1.0 ms (external_request_id=cmpl-9c11cd69ce21a951-0-a346b2db, prefetch_request_id=-1) [3m(storage_manager.py:716:lmcache.v1.distributed.storage_manager)[0m
[32;20m[2026-09-20 15:58:07,032] LMCache INFO:[0m Retrieved 384 tokens in 0.002 seconds [3m(lmcache_driven_transfer.py:1427:lmcache.v1.multiprocess.modules.lmcache_driven_transfer)[0m
[32;20m[2026-09-20 15:58:07,081] LMCache INFO:[0m Prefetch request completed (L1+L2): 24/24 retained keys (24 L1, 0 L2) in 0.9 ms (external_request_id=cmpl-be5a0758da6ad572-0-8dd2d8c3, prefetch_request_id=-1) [3m(storage_manager.py:716:lmcache.v1.distributed.storage_manager)[0m
[32;20m[2026-09-20 15:58:07,085] LMCache INFO:[0m Retrieved 384 tokens in 0.002 seconds [3m(lmcache_driven_transfer.py:1427:lmcache.v1.multiprocess.modules.lmcache_driven_transfer)[0m
[32;20m[2026-09-20 15:58:07,132] LMCache INFO:[0m Prefetch request completed (L1+L2): 24/24 retained keys (24 L1, 0 L2) in 0.8 ms (external_request_id=cmpl-b72d47444515cc96-0-881818cb, prefetch_request_id=-1) [3m(storage_manager.py:716:lmcache.v1.distributed.storage_manager)[0m
[32;20m[2026-09-20 15:58:07,135] LMCache INFO:[0m Retrieved 384 tokens in 0.002 seconds [3m(lmcache_driven_transfer.py:1427:lmcache.v1.multiprocess.modules.lmcache_driven_transfer)[0m
[32;20m[2026-09-20 15:58:07,181] LMCache INFO:[0m Prefetch request completed (L1+L2): 24/24 retained keys (24 L1, 0 L2) in 0.9 ms (external_request_id=cmpl-9e9f06e1c8a5a7a7-0-827a69f6, prefetch_request_id=-1) [3m(storage_manager.py:716:lmcache.v1.distributed.storage_manager)[0m
[32;20m[2026-09-20 15:58:07,185] LMCache INFO:[0m Retrieved 384 tokens in 0.002 seconds [3m(lmcache_driven_transfer.py:1427:lmcache.v1.multiprocess.modules.lmcache_driven_transfer)[0m
[32;20m[2026-09-20 15:58:07,270] LMCache INFO:[0m Stored 384 tokens in 0.003 seconds [3m(lmcache_driven_transfer.py:1218:lmcache.v1.multiprocess.modules.lmcache_driven_transfer)[0m
[32;20m[2026-09-20 15:58:07,319] LMCache INFO:[0m Prefetch request completed (L1+L2): 24/24 retained keys (24 L1, 0 L2) in 1.1 ms (external_request_id=cmpl-90e15c67a51b2c04-0-aac694ff, prefetch_request_id=-1) [3m(storage_manager.py:716:lmcache.v1.distributed.storage_manager)[0m
[32;20m[2026-09-20 15:58:07,323] LMCache INFO:[0m Retrieved 384 tokens in 0.002 seconds [3m(lmcache_driven_transfer.py:1427:lmcache.v1.multiprocess.modules.lmcache_driven_transfer)[0m
[32;20m[2026-09-20 15:58:07,372] LMCache INFO:[0m Prefetch request completed (L1+L2): 24/24 retained keys (24 L1, 0 L2) in 0.9 ms (external_request_id=cmpl-9323f02548bbf35e-0-9a444005, prefetch_request_id=-1) [3m(storage_manager.py:716:lmcache.v1.distributed.storage_manager)[0m
[32;20m[2026-09-20 15:58:07,376] LMCache INFO:[0m Retrieved 384 tokens in 0.002 seconds [3m(lmcache_driven_transfer.py:1427:lmcache.v1.multiprocess.modules.lmcache_driven_transfer)[0m
[32;20m[2026-09-20 15:58:07,462] LMCache INFO:[0m Stored 384 tokens in 0.002 seconds [3m(lmcache_driven_transfer.py:1218:lmcache.v1.multiprocess.modules.lmcache_driven_transfer)[0m
[32;20m[2026-09-20 15:58:07,585] LMCache INFO:[0m L1 memory usage 0.88 above watermark 0.80; triggering eviction. [3m(eviction_controller.py:179:lmcache.v1.distributed.storage_controllers.eviction_controller)[0m
[32;20m[2026-09-20 15:58:07,688] LMCache INFO:[0m Prefetch request completed (L1+L2): 24/24 retained keys (24 L1, 0 L2) in 1.0 ms (external_request_id=cmpl-ad5f1378b35cef30-0-9c4e033b, prefetch_request_id=-1) [3m(storage_manager.py:716:lmcache.v1.distributed.storage_manager)[0m
[32;20m[2026-09-20 15:58:07,692] LMCache INFO:[0m Retrieved 384 tokens in 0.002 seconds [3m(lmcache_driven_transfer.py:1427:lmcache.v1.multiprocess.modules.lmcache_driven_transfer)[0m
[32;20m[2026-09-20 15:58:07,764] LMCache INFO:[0m Prefetch request completed (L1+L2): 24/24 retained keys (24 L1, 0 L2) in 0.9 ms (external_request_id=cmpl-834c9f6e6b6d0056-0-a20ba74d, prefetch_request_id=-1) [3m(storage_manager.py:716:lmcache.v1.distributed.storage_manager)[0m
[32;20m[2026-09-20 15:58:07,769] LMCache INFO:[0m Prefetch request completed (L1+L2): 24/24 retained keys (24 L1, 0 L2) in 1.2 ms (external_request_id=cmpl-b71b56ceef18b54c-0-a1f366cf, prefetch_request_id=-1) [3m(storage_manager.py:716:lmcache.v1.distributed.storage_manager)[0m
[32;20m[2026-09-20 15:58:07,770] LMCache INFO:[0m Retrieved 384 tokens in 0.004 seconds [3m(lmcache_driven_transfer.py:1427:lmcache.v1.multiprocess.modules.lmcache_driven_transfer)[0m
[32;20m[2026-09-20 15:58:07,776] LMCache INFO:[0m Retrieved 384 tokens in 0.002 seconds [3m(lmcache_driven_transfer.py:1427:lmcache.v1.multiprocess.modules.lmcache_driven_transfer)[0m
[32;20m[2026-09-20 15:58:07,855] LMCache INFO:[0m Prefetch request completed (L1+L2): 24/24 retained keys (24 L1, 0 L2) in 1.1 ms (external_request_id=cmpl-ac5df739cf900685-0-967c5611, prefetch_request_id=-1) [3m(storage_manager.py:716:lmcache.v1.distributed.storage_manager)[0m
[32;20m[2026-09-20 15:58:07,859] LMCache INFO:[0m Retrieved 384 tokens in 0.002 seconds [3m(lmcache_driven_transfer.py:1427:lmcache.v1.multiprocess.modules.lmcache_driven_transfer)[0m
[32;20m[2026-09-20 15:58:07,909] LMCache INFO:[0m Prefetch request completed (L1+L2): 24/24 retained keys (24 L1, 0 L2) in 0.9 ms (external_request_id=cmpl-ba0eeb7bcf07c5dd-0-9b9075d2, prefetch_request_id=-1) [3m(storage_manager.py:716:lmcache.v1.distributed.storage_manager)[0m
[32;20m[2026-09-20 15:58:07,913] LMCache INFO:[0m Retrieved 384 tokens in 0.002 seconds [3m(lmcache_driven_transfer.py:1427:lmcache.v1.multiprocess.modules.lmcache_driven_transfer)[0m
[32;20m[2026-09-20 15:58:08,001] LMCache INFO:[0m Stored 384 tokens in 0.003 seconds [3m(lmcache_driven_transfer.py:1218:lmcache.v1.multiprocess.modules.lmcache_driven_transfer)[0m
[32;20m[2026-09-20 15:58:08,051] LMCache INFO:[0m Prefetch request completed (L1+L2): 24/24 retained keys (24 L1, 0 L2) in 1.0 ms (external_request_id=cmpl-abc340edbff68749-0-93babff3, prefetch_request_id=-1) [3m(storage_manager.py:716:lmcache.v1.distributed.storage_manager)[0m
[32;20m[2026-09-20 15:58:08,055] LMCache INFO:[0m Retrieved 384 tokens in 0.002 seconds [3m(lmcache_driven_transfer.py:1427:lmcache.v1.multiprocess.modules.lmcache_driven_transfer)[0m
[32;20m[2026-09-20 15:58:08,143] LMCache INFO:[0m Stored 384 tokens in 0.002 seconds [3m(lmcache_driven_transfer.py:1218:lmcache.v1.multiprocess.modules.lmcache_driven_transfer)[0m
[32;20m[2026-09-20 15:58:08,191] LMCache INFO:[0m Prefetch request completed (L1+L2): 24/24 retained keys (24 L1, 0 L2) in 0.9 ms (external_request_id=cmpl-840efdfcf8e62fae-0-b9d4295e, prefetch_request_id=-1) [3m(storage_manager.py:716:lmcache.v1.distributed.storage_manager)[0m
[32;20m[2026-09-20 15:58:08,195] LMCache INFO:[0m Retrieved 384 tokens in 0.002 seconds [3m(lmcache_driven_transfer.py:1427:lmcache.v1.multiprocess.modules.lmcache_driven_transfer)[0m
[32;20m[2026-09-20 15:58:08,291] LMCache INFO:[0m Stored 208 tokens in 0.002 seconds [3m(lmcache_driven_transfer.py:1218:lmcache.v1.multiprocess.modules.lmcache_driven_transfer)[0m
[32;20m[2026-09-20 15:58:08,299] LMCache INFO:[0m Prefetch request completed (L1+L2): 24/24 retained keys (24 L1, 0 L2) in 0.9 ms (external_request_id=cmpl-99413b3da6eefbf7-0-b399bc98, prefetch_request_id=-1) [3m(storage_manager.py:716:lmcache.v1.distributed.storage_manager)[0m
[32;20m[2026-09-20 15:58:08,304] LMCache INFO:[0m Retrieved 384 tokens in 0.002 seconds [3m(lmcache_driven_transfer.py:1427:lmcache.v1.multiprocess.modules.lmcache_driven_transfer)[0m
[32;20m[2026-09-20 15:58:08,357] LMCache INFO:[0m Prefetch request completed (L1+L2): 24/24 retained keys (24 L1, 0 L2) in 0.9 ms (external_request_id=cmpl-81d2ae5a21fb766f-0-a5f17454, prefetch_request_id=-1) [3m(storage_manager.py:716:lmcache.v1.distributed.storage_manager)[0m
[32;20m[2026-09-20 15:58:08,362] LMCache INFO:[0m Retrieved 384 tokens in 0.002 seconds [3m(lmcache_driven_transfer.py:1427:lmcache.v1.multiprocess.modules.lmcache_driven_transfer)[0m
[32;20m[2026-09-20 15:58:08,611] LMCache INFO:[0m Prefetch request completed (L1+L2): 24/24 retained keys (24 L1, 0 L2) in 1.0 ms (external_request_id=cmpl-b911549a53474ee1-0-b4f94ff5, prefetch_request_id=-1) [3m(storage_manager.py:716:lmcache.v1.distributed.storage_manager)[0m
[32;20m[2026-09-20 15:58:08,615] LMCache INFO:[0m Retrieved 384 tokens in 0.002 seconds [3m(lmcache_driven_transfer.py:1427:lmcache.v1.multiprocess.modules.lmcache_driven_transfer)[0m
[32;20m[2026-09-20 15:58:08,722] LMCache INFO:[0m Stored 384 tokens in 0.003 seconds [3m(lmcache_driven_transfer.py:1218:lmcache.v1.multiprocess.modules.lmcache_driven_transfer)[0m
[32;20m[2026-09-20 15:58:08,803] LMCache INFO:[0m Stored 384 tokens in 0.003 seconds [3m(lmcache_driven_transfer.py:1218:lmcache.v1.multiprocess.modules.lmcache_driven_transfer)[0m
[32;20m[2026-09-20 15:58:08,901] LMCache INFO:[0m Stored 368 tokens in 0.003 seconds [3m(lmcache_driven_transfer.py:1218:lmcache.v1.multiprocess.modules.lmcache_driven_transfer)[0m
[32;20m[2026-09-20 15:58:08,992] LMCache INFO:[0m Stored 384 tokens in 0.002 seconds [3m(lmcache_driven_transfer.py:1218:lmcache.v1.multiprocess.modules.lmcache_driven_transfer)[0m
[32;20m[2026-09-20 15:58:09,090] LMCache INFO:[0m Stored 384 tokens in 0.003 seconds [3m(lmcache_driven_transfer.py:1218:lmcache.v1.multiprocess.modules.lmcache_driven_transfer)[0m
[32;20m[2026-09-20 15:58:09,186] LMCache INFO:[0m Stored 384 tokens in 0.002 seconds [3m(lmcache_driven_transfer.py:1218:lmcache.v1.multiprocess.modules.lmcache_driven_transfer)[0m
[32;20m[2026-09-20 15:58:09,275] LMCache INFO:[0m Stored 384 tokens in 0.003 seconds [3m(lmcache_driven_transfer.py:1218:lmcache.v1.multiprocess.modules.lmcache_driven_transfer)[0m
[32;20m[2026-09-20 15:58:09,373] LMCache INFO:[0m Stored 368 tokens in 0.002 seconds [3m(lmcache_driven_transfer.py:1218:lmcache.v1.multiprocess.modules.lmcache_driven_transfer)[0m
[32;20m[2026-09-20 15:58:09,469] LMCache INFO:[0m Stored 384 tokens in 0.003 seconds [3m(lmcache_driven_transfer.py:1218:lmcache.v1.multiprocess.modules.lmcache_driven_transfer)[0m
[32;20m[2026-09-20 15:58:09,525] LMCache INFO:[0m Prefetch request completed (L1+L2): 24/24 retained keys (24 L1, 0 L2) in 2.2 ms (external_request_id=cmpl-aa9336085826d3a8-0-92f076fe, prefetch_request_id=-1) [3m(storage_manager.py:716:lmcache.v1.distributed.storage_manager)[0m
[32;20m[2026-09-20 15:58:09,529] LMCache INFO:[0m Retrieved 384 tokens in 0.002 seconds [3m(lmcache_driven_transfer.py:1427:lmcache.v1.multiprocess.modules.lmcache_driven_transfer)[0m
[32;20m[2026-09-20 15:58:09,592] LMCache INFO:[0m L1 memory usage 0.94 above watermark 0.80; triggering eviction. [3m(eviction_controller.py:179:lmcache.v1.distributed.storage_controllers.eviction_controller)[0m
[32;20m[2026-09-20 15:58:09,641] LMCache INFO:[0m Stored 384 tokens in 0.003 seconds [3m(lmcache_driven_transfer.py:1218:lmcache.v1.multiprocess.modules.lmcache_driven_transfer)[0m
[32;20m[2026-09-20 15:58:09,722] LMCache INFO:[0m Stored 384 tokens in 0.002 seconds [3m(lmcache_driven_transfer.py:1218:lmcache.v1.multiprocess.modules.lmcache_driven_transfer)[0m
[32;20m[2026-09-20 15:58:09,827] LMCache INFO:[0m Stored 384 tokens in 0.003 seconds [3m(lmcache_driven_transfer.py:1218:lmcache.v1.multiprocess.modules.lmcache_driven_transfer)[0m
[32;20m[2026-09-20 15:58:09,928] LMCache INFO:[0m Stored 384 tokens in 0.002 seconds [3m(lmcache_driven_transfer.py:1218:lmcache.v1.multiprocess.modules.lmcache_driven_transfer)[0m
[32;20m[2026-09-20 15:58:10,020] LMCache INFO:[0m Stored 384 tokens in 0.003 seconds [3m(lmcache_driven_transfer.py:1218:lmcache.v1.multiprocess.modules.lmcache_driven_transfer)[0m
[32;20m[2026-09-20 15:58:10,115] LMCache INFO:[0m Stored 384 tokens in 0.002 seconds [3m(lmcache_driven_transfer.py:1218:lmcache.v1.multiprocess.modules.lmcache_driven_transfer)[0m
[32;20m[2026-09-20 15:58:10,205] LMCache INFO:[0m Stored 384 tokens in 0.002 seconds [3m(lmcache_driven_transfer.py:1218:lmcache.v1.multiprocess.modules.lmcache_driven_transfer)[0m
[32;20m[2026-09-20 15:58:10,295] LMCache INFO:[0m Stored 384 tokens in 0.003 seconds [3m(lmcache_driven_transfer.py:1218:lmcache.v1.multiprocess.modules.lmcache_driven_transfer)[0m
[32;20m[2026-09-20 15:58:10,392] LMCache INFO:[0m Stored 384 tokens in 0.003 seconds [3m(lmcache_driven_transfer.py:1218:lmcache.v1.multiprocess.modules.lmcache_driven_transfer)[0m
[32;20m[2026-09-20 15:58:10,442] LMCache INFO:[0m Prefetch request completed (L1+L2): 24/24 retained keys (24 L1, 0 L2) in 1.3 ms (external_request_id=cmpl-8f503f61f58d21ff-0-8517c960, prefetch_request_id=-1) [3m(storage_manager.py:716:lmcache.v1.distributed.storage_manager)[0m
[32;20m[2026-09-20 15:58:10,447] LMCache INFO:[0m Retrieved 384 tokens in 0.002 seconds [3m(lmcache_driven_transfer.py:1427:lmcache.v1.multiprocess.modules.lmcache_driven_transfer)[0m
[32;20m[2026-09-20 15:58:10,558] LMCache INFO:[0m Stored 384 tokens in 0.003 seconds [3m(lmcache_driven_transfer.py:1218:lmcache.v1.multiprocess.modules.lmcache_driven_transfer)[0m
[32;20m[2026-09-20 15:58:10,598] LMCache INFO:[0m L1 memory usage 0.96 above watermark 0.80; triggering eviction. [3m(eviction_controller.py:179:lmcache.v1.distributed.storage_controllers.eviction_controller)[0m
[32;20m[2026-09-20 15:58:10,639] LMCache INFO:[0m Stored 384 tokens in 0.003 seconds [3m(lmcache_driven_transfer.py:1218:lmcache.v1.multiprocess.modules.lmcache_driven_transfer)[0m
[32;20m[2026-09-20 15:58:10,738] LMCache INFO:[0m Stored 384 tokens in 0.003 seconds [3m(lmcache_driven_transfer.py:1218:lmcache.v1.multiprocess.modules.lmcache_driven_transfer)[0m
[32;20m[2026-09-20 15:58:10,832] LMCache INFO:[0m Stored 384 tokens in 0.002 seconds [3m(lmcache_driven_transfer.py:1218:lmcache.v1.multiprocess.modules.lmcache_driven_transfer)[0m
[32;20m[2026-09-20 15:58:10,927] LMCache INFO:[0m Stored 384 tokens in 0.003 seconds [3m(lmcache_driven_transfer.py:1218:lmcache.v1.multiprocess.modules.lmcache_driven_transfer)[0m
[32;20m[2026-09-20 15:58:11,025] LMCache INFO:[0m Stored 384 tokens in 0.002 seconds [3m(lmcache_driven_transfer.py:1218:lmcache.v1.multiprocess.modules.lmcache_driven_transfer)[0m
[32;20m[2026-09-20 15:58:11,122] LMCache INFO:[0m Stored 384 tokens in 0.003 seconds [3m(lmcache_driven_transfer.py:1218:lmcache.v1.multiprocess.modules.lmcache_driven_transfer)[0m
[32;20m[2026-09-20 15:58:11,221] LMCache INFO:[0m Stored 384 tokens in 0.003 seconds [3m(lmcache_driven_transfer.py:1218:lmcache.v1.multiprocess.modules.lmcache_driven_transfer)[0m
[32;20m[2026-09-20 15:58:11,318] LMCache INFO:[0m Stored 384 tokens in 0.003 seconds [3m(lmcache_driven_transfer.py:1218:lmcache.v1.multiprocess.modules.lmcache_driven_transfer)[0m
[32;20m[2026-09-20 15:58:11,368] LMCache INFO:[0m Prefetch request completed (L1+L2): 24/24 retained keys (24 L1, 0 L2) in 1.0 ms (external_request_id=cmpl-9900867f826c2757-0-a9abddbe, prefetch_request_id=-1) [3m(storage_manager.py:716:lmcache.v1.distributed.storage_manager)[0m
[32;20m[2026-09-20 15:58:11,374] LMCache INFO:[0m Retrieved 384 tokens in 0.002 seconds [3m(lmcache_driven_transfer.py:1427:lmcache.v1.multiprocess.modules.lmcache_driven_transfer)[0m
[32;20m[2026-09-20 15:58:11,485] LMCache INFO:[0m Stored 384 tokens in 0.002 seconds [3m(lmcache_driven_transfer.py:1218:lmcache.v1.multiprocess.modules.lmcache_driven_transfer)[0m
[32;20m[2026-09-20 15:58:11,566] LMCache INFO:[0m Stored 384 tokens in 0.002 seconds [3m(lmcache_driven_transfer.py:1218:lmcache.v1.multiprocess.modules.lmcache_driven_transfer)[0m
[32;20m[2026-09-20 15:58:11,606] LMCache INFO:[0m L1 memory usage 0.97 above watermark 0.80; triggering eviction. [3m(eviction_controller.py:179:lmcache.v1.distributed.storage_controllers.eviction_controller)[0m
[32;20m[2026-09-20 15:58:11,666] LMCache INFO:[0m Stored 384 tokens in 0.003 seconds [3m(lmcache_driven_transfer.py:1218:lmcache.v1.multiprocess.modules.lmcache_driven_transfer)[0m
[32;20m[2026-09-20 15:58:11,763] LMCache INFO:[0m Stored 384 tokens in 0.003 seconds [3m(lmcache_driven_transfer.py:1218:lmcache.v1.multiprocess.modules.lmcache_driven_transfer)[0m
[32;20m[2026-09-20 15:58:11,857] LMCache INFO:[0m Stored 368 tokens in 0.003 seconds [3m(lmcache_driven_transfer.py:1218:lmcache.v1.multiprocess.modules.lmcache_driven_transfer)[0m
[32;20m[2026-09-20 15:58:11,953] LMCache INFO:[0m Stored 384 tokens in 0.003 seconds [3m(lmcache_driven_transfer.py:1218:lmcache.v1.multiprocess.modules.lmcache_driven_transfer)[0m
[32;20m[2026-09-20 15:58:12,051] LMCache INFO:[0m Stored 384 tokens in 0.003 seconds [3m(lmcache_driven_transfer.py:1218:lmcache.v1.multiprocess.modules.lmcache_driven_transfer)[0m
[32;20m[2026-09-20 15:58:12,145] LMCache INFO:[0m Stored 384 tokens in 0.003 seconds [3m(lmcache_driven_transfer.py:1218:lmcache.v1.multiprocess.modules.lmcache_driven_transfer)[0m
[32;20m[2026-09-20 15:58:12,239] LMCache INFO:[0m Stored 112 tokens in 0.003 seconds [3m(lmcache_driven_transfer.py:1218:lmcache.v1.multiprocess.modules.lmcache_driven_transfer)[0m
[32;20m[2026-09-20 15:58:12,286] LMCache INFO:[0m Stored 384 tokens in 0.003 seconds [3m(lmcache_driven_transfer.py:1218:lmcache.v1.multiprocess.modules.lmcache_driven_transfer)[0m
[32;20m[2026-09-20 15:58:12,496] LMCache INFO:[0m Stored 384 tokens in 0.003 seconds [3m(lmcache_driven_transfer.py:1218:lmcache.v1.multiprocess.modules.lmcache_driven_transfer)[0m
[32;20m[2026-09-20 15:58:12,582] LMCache INFO:[0m Stored 384 tokens in 0.003 seconds [3m(lmcache_driven_transfer.py:1218:lmcache.v1.multiprocess.modules.lmcache_driven_transfer)[0m
[32;20m[2026-09-20 15:58:12,612] LMCache INFO:[0m L1 memory usage 0.97 above watermark 0.80; triggering eviction. [3m(eviction_controller.py:179:lmcache.v1.distributed.storage_controllers.eviction_controller)[0m
[32;20m[2026-09-20 15:58:12,679] LMCache INFO:[0m Stored 368 tokens in 0.003 seconds [3m(lmcache_driven_transfer.py:1218:lmcache.v1.multiprocess.modules.lmcache_driven_transfer)[0m
[32;20m[2026-09-20 15:58:12,780] LMCache INFO:[0m Stored 384 tokens in 0.003 seconds [3m(lmcache_driven_transfer.py:1218:lmcache.v1.multiprocess.modules.lmcache_driven_transfer)[0m
[32;20m[2026-09-20 15:58:12,878] LMCache INFO:[0m Stored 384 tokens in 0.003 seconds [3m(lmcache_driven_transfer.py:1218:lmcache.v1.multiprocess.modules.lmcache_driven_transfer)[0m
[32;20m[2026-09-20 15:58:12,973] LMCache INFO:[0m Stored 384 tokens in 0.003 seconds [3m(lmcache_driven_transfer.py:1218:lmcache.v1.multiprocess.modules.lmcache_driven_transfer)[0m
[32;20m[2026-09-20 15:58:13,064] LMCache INFO:[0m Stored 384 tokens in 0.003 seconds [3m(lmcache_driven_transfer.py:1218:lmcache.v1.multiprocess.modules.lmcache_driven_transfer)[0m
[32;20m[2026-09-20 15:58:13,161] LMCache INFO:[0m Stored 384 tokens in 0.002 seconds [3m(lmcache_driven_transfer.py:1218:lmcache.v1.multiprocess.modules.lmcache_driven_transfer)[0m
[32;20m[2026-09-20 15:58:13,256] LMCache INFO:[0m Stored 384 tokens in 0.003 seconds [3m(lmcache_driven_transfer.py:1218:lmcache.v1.multiprocess.modules.lmcache_driven_transfer)[0m
[32;20m[2026-09-20 15:58:13,350] LMCache INFO:[0m Stored 384 tokens in 0.003 seconds [3m(lmcache_driven_transfer.py:1218:lmcache.v1.multiprocess.modules.lmcache_driven_transfer)[0m
[32;20m[2026-09-20 15:58:13,447] LMCache INFO:[0m Stored 320 tokens in 0.002 seconds [3m(lmcache_driven_transfer.py:1218:lmcache.v1.multiprocess.modules.lmcache_driven_transfer)[0m
[32;20m[2026-09-20 15:58:13,566] LMCache INFO:[0m Stored 384 tokens in 0.002 seconds [3m(lmcache_driven_transfer.py:1218:lmcache.v1.multiprocess.modules.lmcache_driven_transfer)[0m
[32;20m[2026-09-20 15:58:13,619] LMCache INFO:[0m L1 memory usage 0.98 above watermark 0.80; triggering eviction. [3m(eviction_controller.py:179:lmcache.v1.distributed.storage_controllers.eviction_controller)[0m
[32;20m[2026-09-20 15:58:13,656] LMCache INFO:[0m Stored 384 tokens in 0.003 seconds [3m(lmcache_driven_transfer.py:1218:lmcache.v1.multiprocess.modules.lmcache_driven_transfer)[0m
[32;20m[2026-09-20 15:58:13,750] LMCache INFO:[0m Stored 384 tokens in 0.003 seconds [3m(lmcache_driven_transfer.py:1218:lmcache.v1.multiprocess.modules.lmcache_driven_transfer)[0m
[32;20m[2026-09-20 15:58:13,851] LMCache INFO:[0m Stored 384 tokens in 0.003 seconds [3m(lmcache_driven_transfer.py:1218:lmcache.v1.multiprocess.modules.lmcache_driven_transfer)[0m
[32;20m[2026-09-20 15:58:13,946] LMCache INFO:[0m Stored 384 tokens in 0.003 seconds [3m(lmcache_driven_transfer.py:1218:lmcache.v1.multiprocess.modules.lmcache_driven_transfer)[0m
[32;20m[2026-09-20 15:58:14,040] LMCache INFO:[0m Stored 384 tokens in 0.002 seconds [3m(lmcache_driven_transfer.py:1218:lmcache.v1.multiprocess.modules.lmcache_driven_transfer)[0m
[32;20m[2026-09-20 15:58:14,139] LMCache INFO:[0m Stored 384 tokens in 0.003 seconds [3m(lmcache_driven_transfer.py:1218:lmcache.v1.multiprocess.modules.lmcache_driven_transfer)[0m
[32;20m[2026-09-20 15:58:14,235] LMCache INFO:[0m Stored 384 tokens in 0.002 seconds [3m(lmcache_driven_transfer.py:1218:lmcache.v1.multiprocess.modules.lmcache_driven_transfer)[0m
[32;20m[2026-09-20 15:58:14,347] LMCache INFO:[0m Stored 384 tokens in 0.003 seconds [3m(lmcache_driven_transfer.py:1218:lmcache.v1.multiprocess.modules.lmcache_driven_transfer)[0m
[32;20m[2026-09-20 15:58:14,429] LMCache INFO:[0m Stored 384 tokens in 0.005 seconds [3m(lmcache_driven_transfer.py:1218:lmcache.v1.multiprocess.modules.lmcache_driven_transfer)[0m
[32;20m[2026-09-20 15:58:14,482] LMCache INFO:[0m Prefetch request completed (L1+L2): 24/24 retained keys (24 L1, 0 L2) in 1.0 ms (external_request_id=cmpl-a3e79c71d964c03c-0-90f98d3b, prefetch_request_id=-1) [3m(storage_manager.py:716:lmcache.v1.distributed.storage_manager)[0m
[32;20m[2026-09-20 15:58:14,487] LMCache INFO:[0m Retrieved 384 tokens in 0.003 seconds [3m(lmcache_driven_transfer.py:1427:lmcache.v1.multiprocess.modules.lmcache_driven_transfer)[0m
[32;20m[2026-09-20 15:58:14,599] LMCache INFO:[0m Stored 384 tokens in 0.003 seconds [3m(lmcache_driven_transfer.py:1218:lmcache.v1.multiprocess.modules.lmcache_driven_transfer)[0m
[32;20m[2026-09-20 15:58:14,627] LMCache INFO:[0m L1 memory usage 0.99 above watermark 0.80; triggering eviction. [3m(eviction_controller.py:179:lmcache.v1.distributed.storage_controllers.eviction_controller)[0m
[32;20m[2026-09-20 15:58:14,685] LMCache INFO:[0m Stored 384 tokens in 0.003 seconds [3m(lmcache_driven_transfer.py:1218:lmcache.v1.multiprocess.modules.lmcache_driven_transfer)[0m
[32;20m[2026-09-20 15:58:14,785] LMCache INFO:[0m Stored 384 tokens in 0.003 seconds [3m(lmcache_driven_transfer.py:1218:lmcache.v1.multiprocess.modules.lmcache_driven_transfer)[0m
[32;20m[2026-09-20 15:58:14,884] LMCache INFO:[0m Stored 384 tokens in 0.003 seconds [3m(lmcache_driven_transfer.py:1218:lmcache.v1.multiprocess.modules.lmcache_driven_transfer)[0m
[32;20m[2026-09-20 15:58:14,980] LMCache INFO:[0m Stored 384 tokens in 0.003 seconds [3m(lmcache_driven_transfer.py:1218:lmcache.v1.multiprocess.modules.lmcache_driven_transfer)[0m
[32;20m[2026-09-20 15:58:15,078] LMCache INFO:[0m Stored 384 tokens in 0.002 seconds [3m(lmcache_driven_transfer.py:1218:lmcache.v1.multiprocess.modules.lmcache_driven_transfer)[0m
[32;20m[2026-09-20 15:58:15,177] LMCache INFO:[0m Stored 384 tokens in 0.002 seconds [3m(lmcache_driven_transfer.py:1218:lmcache.v1.multiprocess.modules.lmcache_driven_transfer)[0m
[32;20m[2026-09-20 15:58:15,275] LMCache INFO:[0m Stored 384 tokens in 0.003 seconds [3m(lmcache_driven_transfer.py:1218:lmcache.v1.multiprocess.modules.lmcache_driven_transfer)[0m
[32;20m[2026-09-20 15:58:15,373] LMCache INFO:[0m Stored 384 tokens in 0.003 seconds [3m(lmcache_driven_transfer.py:1218:lmcache.v1.multiprocess.modules.lmcache_driven_transfer)[0m
[32;20m[2026-09-20 15:58:15,474] LMCache INFO:[0m Stored 384 tokens in 0.002 seconds [3m(lmcache_driven_transfer.py:1218:lmcache.v1.multiprocess.modules.lmcache_driven_transfer)[0m
[32;20m[2026-09-20 15:58:15,528] LMCache INFO:[0m Prefetch request completed (L1+L2): 24/24 retained keys (24 L1, 0 L2) in 2.5 ms (external_request_id=cmpl-bbd663de2274d265-0-b6421ad7, prefetch_request_id=-1) [3m(storage_manager.py:716:lmcache.v1.distributed.storage_manager)[0m
[32;20m[2026-09-20 15:58:15,533] LMCache INFO:[0m Retrieved 384 tokens in 0.002 seconds [3m(lmcache_driven_transfer.py:1427:lmcache.v1.multiprocess.modules.lmcache_driven_transfer)[0m
[32;20m[2026-09-20 15:58:15,634] LMCache INFO:[0m L1 memory usage 0.98 above watermark 0.80; triggering eviction. [3m(eviction_controller.py:179:lmcache.v1.distributed.storage_controllers.eviction_controller)[0m
[32;20m[2026-09-20 15:58:15,645] LMCache INFO:[0m Stored 384 tokens in 0.003 seconds [3m(lmcache_driven_transfer.py:1218:lmcache.v1.multiprocess.modules.lmcache_driven_transfer)[0m
[32;20m[2026-09-20 15:58:15,725] LMCache INFO:[0m Stored 384 tokens in 0.002 seconds [3m(lmcache_driven_transfer.py:1218:lmcache.v1.multiprocess.modules.lmcache_driven_transfer)[0m
[32;20m[2026-09-20 15:58:15,822] LMCache INFO:[0m Stored 384 tokens in 0.002 seconds [3m(lmcache_driven_transfer.py:1218:lmcache.v1.multiprocess.modules.lmcache_driven_transfer)[0m
[32;20m[2026-09-20 15:58:15,919] LMCache INFO:[0m Stored 368 tokens in 0.002 seconds [3m(lmcache_driven_transfer.py:1218:lmcache.v1.multiprocess.modules.lmcache_driven_transfer)[0m
[32;20m[2026-09-20 15:58:16,016] LMCache INFO:[0m Stored 384 tokens in 0.003 seconds [3m(lmcache_driven_transfer.py:1218:lmcache.v1.multiprocess.modules.lmcache_driven_transfer)[0m
[32;20m[2026-09-20 15:58:16,113] LMCache INFO:[0m Stored 384 tokens in 0.003 seconds [3m(lmcache_driven_transfer.py:1218:lmcache.v1.multiprocess.modules.lmcache_driven_transfer)[0m
[32;20m[2026-09-20 15:58:16,211] LMCache INFO:[0m Stored 384 tokens in 0.003 seconds [3m(lmcache_driven_transfer.py:1218:lmcache.v1.multiprocess.modules.lmcache_driven_transfer)[0m
[32;20m[2026-09-20 15:58:16,305] LMCache INFO:[0m Stored 368 tokens in 0.003 seconds [3m(lmcache_driven_transfer.py:1218:lmcache.v1.multiprocess.modules.lmcache_driven_transfer)[0m
[32;20m[2026-09-20 15:58:16,407] LMCache INFO:[0m Stored 384 tokens in 0.003 seconds [3m(lmcache_driven_transfer.py:1218:lmcache.v1.multiprocess.modules.lmcache_driven_transfer)[0m
[32;20m[2026-09-20 15:58:16,504] LMCache INFO:[0m Stored 384 tokens in 0.002 seconds [3m(lmcache_driven_transfer.py:1218:lmcache.v1.multiprocess.modules.lmcache_driven_transfer)[0m
[32;20m[2026-09-20 15:58:16,554] LMCache INFO:[0m L0<->L1 stats [cuda:0] last 10.0s: store ops=87 tokens=32416 size=0.93GB avg_copy=7.05GB/s | retrieve ops=25 tokens=9600 size=0.28GB avg_copy=4.14GB/s [3m(extra_stats.py:159:lmcache.v1.mp_observability.subscribers.logging.extra_stats)[0m
[32;20m[2026-09-20 15:58:16,554] LMCache INFO:[0m L0<->L1 stats [cuda:0] cumulative: store ops=510 tokens=186656 size=5.35GB avg_copy=5.75GB/s | retrieve ops=138 tokens=51760 size=1.48GB avg_copy=4.27GB/s [3m(extra_stats.py:168:lmcache.v1.mp_observability.subscribers.logging.extra_stats)[0m
[33;20m[2026-09-20 15:58:16,593] LMCache WARNING:[0m Failed to batched allocate 23 memory blocks of size 458752 because no enough memory is available (short by 11 blocks) [3m(memory_management.py:1490:lmcache.v1.memory_management)[0m
[32;20m[2026-09-20 15:58:16,640] LMCache INFO:[0m L1 memory usage: 0.49/0.50 GiB (99.0%) [3m(eviction_controller.py:153:lmcache.v1.distributed.storage_controllers.eviction_controller)[0m
[32;20m[2026-09-20 15:58:16,640] LMCache INFO:[0m L1 memory usage 0.99 above watermark 0.80; triggering eviction. [3m(eviction_controller.py:179:lmcache.v1.distributed.storage_controllers.eviction_controller)[0m
[32;20m[2026-09-20 15:58:16,714] LMCache INFO:[0m Stored 384 tokens in 0.003 seconds [3m(lmcache_driven_transfer.py:1218:lmcache.v1.multiprocess.modules.lmcache_driven_transfer)[0m
[32;20m[2026-09-20 15:58:16,804] LMCache INFO:[0m Stored 384 tokens in 0.002 seconds [3m(lmcache_driven_transfer.py:1218:lmcache.v1.multiprocess.modules.lmcache_driven_transfer)[0m
[32;20m[2026-09-20 15:58:16,899] LMCache INFO:[0m Stored 384 tokens in 0.002 seconds [3m(lmcache_driven_transfer.py:1218:lmcache.v1.multiprocess.modules.lmcache_driven_transfer)[0m
[32;20m[2026-09-20 15:58:16,999] LMCache INFO:[0m Stored 384 tokens in 0.002 seconds [3m(lmcache_driven_transfer.py:1218:lmcache.v1.multiprocess.modules.lmcache_driven_transfer)[0m
[32;20m[2026-09-20 15:58:17,096] LMCache INFO:[0m Stored 384 tokens in 0.002 seconds [3m(lmcache_driven_transfer.py:1218:lmcache.v1.multiprocess.modules.lmcache_driven_transfer)[0m
[32;20m[2026-09-20 15:58:17,198] LMCache INFO:[0m Stored 384 tokens in 0.002 seconds [3m(lmcache_driven_transfer.py:1218:lmcache.v1.multiprocess.modules.lmcache_driven_transfer)[0m
[32;20m[2026-09-20 15:58:17,299] LMCache INFO:[0m Stored 384 tokens in 0.003 seconds [3m(lmcache_driven_transfer.py:1218:lmcache.v1.multiprocess.modules.lmcache_driven_transfer)[0m
[32;20m[2026-09-20 15:58:17,398] LMCache INFO:[0m Stored 384 tokens in 0.003 seconds [3m(lmcache_driven_transfer.py:1218:lmcache.v1.multiprocess.modules.lmcache_driven_transfer)[0m
[32;20m[2026-09-20 15:58:17,497] LMCache INFO:[0m Stored 384 tokens in 0.003 seconds [3m(lmcache_driven_transfer.py:1218:lmcache.v1.multiprocess.modules.lmcache_driven_transfer)[0m
[32;20m[2026-09-20 15:58:17,586] LMCache INFO:[0m Stored 384 tokens in 0.003 seconds [3m(lmcache_driven_transfer.py:1218:lmcache.v1.multiprocess.modules.lmcache_driven_transfer)[0m
[32;20m[2026-09-20 15:58:17,644] LMCache INFO:[0m Prefetch request completed (L1+L2): 24/24 retained keys (24 L1, 0 L2) in 1.7 ms (external_request_id=cmpl-be23038d6bf3b5b4-0-a627f571, prefetch_request_id=-1) [3m(storage_manager.py:716:lmcache.v1.distributed.storage_manager)[0m
[32;20m[2026-09-20 15:58:17,649] LMCache INFO:[0m L1 memory usage 1.00 above watermark 0.80; triggering eviction. [3m(eviction_controller.py:179:lmcache.v1.distributed.storage_controllers.eviction_controller)[0m
[32;20m[2026-09-20 15:58:17,657] LMCache INFO:[0m Retrieved 384 tokens in 0.010 seconds [3m(lmcache_driven_transfer.py:1427:lmcache.v1.multiprocess.modules.lmcache_driven_transfer)[0m
[32;20m[2026-09-20 15:58:17,730] LMCache INFO:[0m Prefetch request completed (L1+L2): 24/24 retained keys (24 L1, 0 L2) in 1.0 ms (external_request_id=cmpl-b7b6a191a629b63e-0-ae884b53, prefetch_request_id=-1) [3m(storage_manager.py:716:lmcache.v1.distributed.storage_manager)[0m
[32;20m[2026-09-20 15:58:17,735] LMCache INFO:[0m Retrieved 384 tokens in 0.003 seconds [3m(lmcache_driven_transfer.py:1427:lmcache.v1.multiprocess.modules.lmcache_driven_transfer)[0m
[32;20m[2026-09-20 15:58:17,736] LMCache INFO:[0m Prefetch request completed (L1+L2): 24/24 retained keys (24 L1, 0 L2) in 1.8 ms (external_request_id=cmpl-92643bafd4dbb873-0-9882ad70, prefetch_request_id=-1) [3m(storage_manager.py:716:lmcache.v1.distributed.storage_manager)[0m
[32;20m[2026-09-20 15:58:17,742] LMCache INFO:[0m Retrieved 384 tokens in 0.004 seconds [3m(lmcache_driven_transfer.py:1427:lmcache.v1.multiprocess.modules.lmcache_driven_transfer)[0m
[32;20m[2026-09-20 15:58:17,822] LMCache INFO:[0m Prefetch request completed (L1+L2): 23/23 retained keys (23 L1, 0 L2) in 0.9 ms (external_request_id=cmpl-97fc43f6081db563-0-b0861600, prefetch_request_id=-1) [3m(storage_manager.py:716:lmcache.v1.distributed.storage_manager)[0m
[32;20m[2026-09-20 15:58:17,826] LMCache INFO:[0m Retrieved 368 tokens in 0.002 seconds [3m(lmcache_driven_transfer.py:1427:lmcache.v1.multiprocess.modules.lmcache_driven_transfer)[0m
[32;20m[2026-09-20 15:58:17,871] LMCache INFO:[0m Prefetch request completed (L1+L2): 24/24 retained keys (24 L1, 0 L2) in 0.7 ms (external_request_id=cmpl-8713e7614cc5e5a5-0-a464970c, prefetch_request_id=-1) [3m(storage_manager.py:716:lmcache.v1.distributed.storage_manager)[0m
[32;20m[2026-09-20 15:58:17,875] LMCache INFO:[0m Retrieved 384 tokens in 0.002 seconds [3m(lmcache_driven_transfer.py:1427:lmcache.v1.multiprocess.modules.lmcache_driven_transfer)[0m
[32;20m[2026-09-20 15:58:17,961] LMCache INFO:[0m Stored 368 tokens in 0.003 seconds [3m(lmcache_driven_transfer.py:1218:lmcache.v1.multiprocess.modules.lmcache_driven_transfer)[0m
[32;20m[2026-09-20 15:58:18,003] LMCache INFO:[0m Prefetch request completed (L1+L2): 24/24 retained keys (24 L1, 0 L2) in 1.0 ms (external_request_id=cmpl-a7b9845ee313c93a-0-b8dce824, prefetch_request_id=-1) [3m(storage_manager.py:716:lmcache.v1.distributed.storage_manager)[0m
[32;20m[2026-09-20 15:58:18,008] LMCache INFO:[0m Retrieved 384 tokens in 0.003 seconds [3m(lmcache_driven_transfer.py:1427:lmcache.v1.multiprocess.modules.lmcache_driven_transfer)[0m
[32;20m[2026-09-20 15:58:18,094] LMCache INFO:[0m Stored 384 tokens in 0.003 seconds [3m(lmcache_driven_transfer.py:1218:lmcache.v1.multiprocess.modules.lmcache_driven_transfer)[0m
[32;20m[2026-09-20 15:58:18,144] LMCache INFO:[0m Prefetch request completed (L1+L2): 24/24 retained keys (24 L1, 0 L2) in 0.8 ms (external_request_id=cmpl-9af39700ab845565-0-938d48a5, prefetch_request_id=-1) [3m(storage_manager.py:716:lmcache.v1.distributed.storage_manager)[0m
[32;20m[2026-09-20 15:58:18,148] LMCache INFO:[0m Retrieved 384 tokens in 0.002 seconds [3m(lmcache_driven_transfer.py:1427:lmcache.v1.multiprocess.modules.lmcache_driven_transfer)[0m
[32;20m[2026-09-20 15:58:18,232] LMCache INFO:[0m Stored 192 tokens in 0.002 seconds [3m(lmcache_driven_transfer.py:1218:lmcache.v1.multiprocess.modules.lmcache_driven_transfer)[0m
[32;20m[2026-09-20 15:58:18,245] LMCache INFO:[0m Prefetch request completed (L1+L2): 23/23 retained keys (23 L1, 0 L2) in 0.9 ms (external_request_id=cmpl-aab221ef2ff32e5e-0-985d86fd, prefetch_request_id=-1) [3m(storage_manager.py:716:lmcache.v1.distributed.storage_manager)[0m
[32;20m[2026-09-20 15:58:18,249] LMCache INFO:[0m Retrieved 368 tokens in 0.002 seconds [3m(lmcache_driven_transfer.py:1427:lmcache.v1.multiprocess.modules.lmcache_driven_transfer)[0m
[32;20m[2026-09-20 15:58:18,296] LMCache INFO:[0m Prefetch request completed (L1+L2): 24/24 retained keys (24 L1, 0 L2) in 0.9 ms (external_request_id=cmpl-8647ff74a0b425e4-0-9d14e3db, prefetch_request_id=-1) [3m(storage_manager.py:716:lmcache.v1.distributed.storage_manager)[0m
[32;20m[2026-09-20 15:58:18,300] LMCache INFO:[0m Retrieved 384 tokens in 0.002 seconds [3m(lmcache_driven_transfer.py:1427:lmcache.v1.multiprocess.modules.lmcache_driven_transfer)[0m
[32;20m[2026-09-20 15:58:18,577] LMCache INFO:[0m Prefetch request completed (L1+L2): 24/24 retained keys (24 L1, 0 L2) in 0.9 ms (external_request_id=cmpl-8bf6b05cd30780f1-0-b166518b, prefetch_request_id=-1) [3m(storage_manager.py:716:lmcache.v1.distributed.storage_manager)[0m
[32;20m[2026-09-20 15:58:18,582] LMCache INFO:[0m Retrieved 384 tokens in 0.002 seconds [3m(lmcache_driven_transfer.py:1427:lmcache.v1.multiprocess.modules.lmcache_driven_transfer)[0m
[32;20m[2026-09-20 15:58:18,658] LMCache INFO:[0m L1 memory usage 0.85 above watermark 0.80; triggering eviction. [3m(eviction_controller.py:179:lmcache.v1.distributed.storage_controllers.eviction_controller)[0m
[32;20m[2026-09-20 15:58:18,694] LMCache INFO:[0m Stored 384 tokens in 0.003 seconds [3m(lmcache_driven_transfer.py:1218:lmcache.v1.multiprocess.modules.lmcache_driven_transfer)[0m
[32;20m[2026-09-20 15:58:18,780] LMCache INFO:[0m Stored 384 tokens in 0.003 seconds [3m(lmcache_driven_transfer.py:1218:lmcache.v1.multiprocess.modules.lmcache_driven_transfer)[0m
[32;20m[2026-09-20 15:58:18,875] LMCache INFO:[0m Stored 384 tokens in 0.002 seconds [3m(lmcache_driven_transfer.py:1218:lmcache.v1.multiprocess.modules.lmcache_driven_transfer)[0m
[32;20m[2026-09-20 15:58:18,980] LMCache INFO:[0m Stored 384 tokens in 0.003 seconds [3m(lmcache_driven_transfer.py:1218:lmcache.v1.multiprocess.modules.lmcache_driven_transfer)[0m
[32;20m[2026-09-20 15:58:19,080] LMCache INFO:[0m Stored 384 tokens in 0.003 seconds [3m(lmcache_driven_transfer.py:1218:lmcache.v1.multiprocess.modules.lmcache_driven_transfer)[0m
[32;20m[2026-09-20 15:58:19,175] LMCache INFO:[0m Stored 384 tokens in 0.002 seconds [3m(lmcache_driven_transfer.py:1218:lmcache.v1.multiprocess.modules.lmcache_driven_transfer)[0m
[32;20m[2026-09-20 15:58:19,272] LMCache INFO:[0m Stored 384 tokens in 0.003 seconds [3m(lmcache_driven_transfer.py:1218:lmcache.v1.multiprocess.modules.lmcache_driven_transfer)[0m
[32;20m[2026-09-20 15:58:19,367] LMCache INFO:[0m Stored 384 tokens in 0.003 seconds [3m(lmcache_driven_transfer.py:1218:lmcache.v1.multiprocess.modules.lmcache_driven_transfer)[0m
[32;20m[2026-09-20 15:58:19,472] LMCache INFO:[0m Stored 384 tokens in 0.003 seconds [3m(lmcache_driven_transfer.py:1218:lmcache.v1.multiprocess.modules.lmcache_driven_transfer)[0m
[32;20m[2026-09-20 15:58:19,574] LMCache INFO:[0m Stored 384 tokens in 0.003 seconds [3m(lmcache_driven_transfer.py:1218:lmcache.v1.multiprocess.modules.lmcache_driven_transfer)[0m
[32;20m[2026-09-20 15:58:19,630] LMCache INFO:[0m Prefetch request completed (L1+L2): 24/24 retained keys (24 L1, 0 L2) in 1.3 ms (external_request_id=cmpl-8218cb3d44e65413-0-ac2d516e, prefetch_request_id=-1) [3m(storage_manager.py:716:lmcache.v1.distributed.storage_manager)[0m
[32;20m[2026-09-20 15:58:19,634] LMCache INFO:[0m Retrieved 384 tokens in 0.002 seconds [3m(lmcache_driven_transfer.py:1427:lmcache.v1.multiprocess.modules.lmcache_driven_transfer)[0m
[32;20m[2026-09-20 15:58:19,664] LMCache INFO:[0m L1 memory usage 0.88 above watermark 0.80; triggering eviction. [3m(eviction_controller.py:179:lmcache.v1.distributed.storage_controllers.eviction_controller)[0m
[32;20m[2026-09-20 15:58:19,752] LMCache INFO:[0m Stored 384 tokens in 0.003 seconds [3m(lmcache_driven_transfer.py:1218:lmcache.v1.multiprocess.modules.lmcache_driven_transfer)[0m
[32;20m[2026-09-20 15:58:19,838] LMCache INFO:[0m Stored 384 tokens in 0.003 seconds [3m(lmcache_driven_transfer.py:1218:lmcache.v1.multiprocess.modules.lmcache_driven_transfer)[0m
[32;20m[2026-09-20 15:58:19,933] LMCache INFO:[0m Stored 384 tokens in 0.003 seconds [3m(lmcache_driven_transfer.py:1218:lmcache.v1.multiprocess.modules.lmcache_driven_transfer)[0m
[32;20m[2026-09-20 15:58:20,036] LMCache INFO:[0m Stored 384 tokens in 0.002 seconds [3m(lmcache_driven_transfer.py:1218:lmcache.v1.multiprocess.modules.lmcache_driven_transfer)[0m
[32;20m[2026-09-20 15:58:20,135] LMCache INFO:[0m Stored 384 tokens in 0.003 seconds [3m(lmcache_driven_transfer.py:1218:lmcache.v1.multiprocess.modules.lmcache_driven_transfer)[0m
[32;20m[2026-09-20 15:58:20,234] LMCache INFO:[0m Stored 384 tokens in 0.003 seconds [3m(lmcache_driven_transfer.py:1218:lmcache.v1.multiprocess.modules.lmcache_driven_transfer)[0m
[32;20m[2026-09-20 15:58:20,338] LMCache INFO:[0m Stored 384 tokens in 0.003 seconds [3m(lmcache_driven_transfer.py:1218:lmcache.v1.multiprocess.modules.lmcache_driven_transfer)[0m
[32;20m[2026-09-20 15:58:20,435] LMCache INFO:[0m Stored 384 tokens in 0.003 seconds [3m(lmcache_driven_transfer.py:1218:lmcache.v1.multiprocess.modules.lmcache_driven_transfer)[0m
[32;20m[2026-09-20 15:58:20,530] LMCache INFO:[0m Stored 384 tokens in 0.003 seconds [3m(lmcache_driven_transfer.py:1218:lmcache.v1.multiprocess.modules.lmcache_driven_transfer)[0m
[32;20m[2026-09-20 15:58:20,620] LMCache INFO:[0m Stored 384 tokens in 0.003 seconds [3m(lmcache_driven_transfer.py:1218:lmcache.v1.multiprocess.modules.lmcache_driven_transfer)[0m
[32;20m[2026-09-20 15:58:20,674] LMCache INFO:[0m L1 memory usage 0.91 above watermark 0.80; triggering eviction. [3m(eviction_controller.py:179:lmcache.v1.distributed.storage_controllers.eviction_controller)[0m
[32;20m[2026-09-20 15:58:20,680] LMCache INFO:[0m Prefetch request completed (L1+L2): 24/24 retained keys (24 L1, 0 L2) in 7.7 ms (external_request_id=cmpl-9f26ab1242710d01-0-8809cd63, prefetch_request_id=-1) [3m(storage_manager.py:716:lmcache.v1.distributed.storage_manager)[0m
[32;20m[2026-09-20 15:58:20,684] LMCache INFO:[0m Retrieved 384 tokens in 0.002 seconds [3m(lmcache_driven_transfer.py:1427:lmcache.v1.multiprocess.modules.lmcache_driven_transfer)[0m
[32;20m[2026-09-20 15:58:20,797] LMCache INFO:[0m Stored 384 tokens in 0.003 seconds [3m(lmcache_driven_transfer.py:1218:lmcache.v1.multiprocess.modules.lmcache_driven_transfer)[0m
[32;20m[2026-09-20 15:58:20,876] LMCache INFO:[0m Stored 368 tokens in 0.003 seconds [3m(lmcache_driven_transfer.py:1218:lmcache.v1.multiprocess.modules.lmcache_driven_transfer)[0m
[32;20m[2026-09-20 15:58:20,974] LMCache INFO:[0m Stored 384 tokens in 0.002 seconds [3m(lmcache_driven_transfer.py:1218:lmcache.v1.multiprocess.modules.lmcache_driven_transfer)[0m
[32;20m[2026-09-20 15:58:21,073] LMCache INFO:[0m Stored 384 tokens in 0.002 seconds [3m(lmcache_driven_transfer.py:1218:lmcache.v1.multiprocess.modules.lmcache_driven_transfer)[0m
[32;20m[2026-09-20 15:58:21,170] LMCache INFO:[0m Stored 384 tokens in 0.002 seconds [3m(lmcache_driven_transfer.py:1218:lmcache.v1.multiprocess.modules.lmcache_driven_transfer)[0m
[32;20m[2026-09-20 15:58:21,270] LMCache INFO:[0m Stored 368 tokens in 0.002 seconds [3m(lmcache_driven_transfer.py:1218:lmcache.v1.multiprocess.modules.lmcache_driven_transfer)[0m
[32;20m[2026-09-20 15:58:21,373] LMCache INFO:[0m Stored 384 tokens in 0.003 seconds [3m(lmcache_driven_transfer.py:1218:lmcache.v1.multiprocess.modules.lmcache_driven_transfer)[0m
[32;20m[2026-09-20 15:58:21,473] LMCache INFO:[0m Stored 384 tokens in 0.003 seconds [3m(lmcache_driven_transfer.py:1218:lmcache.v1.multiprocess.modules.lmcache_driven_transfer)[0m
[32;20m[2026-09-20 15:58:21,575] LMCache INFO:[0m Stored 384 tokens in 0.003 seconds [3m(lmcache_driven_transfer.py:1218:lmcache.v1.multiprocess.modules.lmcache_driven_transfer)[0m
[32;20m[2026-09-20 15:58:21,675] LMCache INFO:[0m Stored 384 tokens in 0.002 seconds [3m(lmcache_driven_transfer.py:1218:lmcache.v1.multiprocess.modules.lmcache_driven_transfer)[0m
[32;20m[2026-09-20 15:58:21,680] LMCache INFO:[0m L1 memory usage 0.93 above watermark 0.80; triggering eviction. [3m(eviction_controller.py:179:lmcache.v1.distributed.storage_controllers.eviction_controller)[0m
[32;20m[2026-09-20 15:58:21,729] LMCache INFO:[0m Prefetch request completed (L1+L2): 24/24 retained keys (24 L1, 0 L2) in 1.4 ms (external_request_id=cmpl-91d43a2f32811c65-0-8f1aed13, prefetch_request_id=-1) [3m(storage_manager.py:716:lmcache.v1.distributed.storage_manager)[0m
[32;20m[2026-09-20 15:58:21,735] LMCache INFO:[0m Retrieved 384 tokens in 0.004 seconds [3m(lmcache_driven_transfer.py:1427:lmcache.v1.multiprocess.modules.lmcache_driven_transfer)[0m
[32;20m[2026-09-20 15:58:21,849] LMCache INFO:[0m Stored 384 tokens in 0.003 seconds [3m(lmcache_driven_transfer.py:1218:lmcache.v1.multiprocess.modules.lmcache_driven_transfer)[0m
[32;20m[2026-09-20 15:58:21,930] LMCache INFO:[0m Stored 384 tokens in 0.003 seconds [3m(lmcache_driven_transfer.py:1218:lmcache.v1.multiprocess.modules.lmcache_driven_transfer)[0m
[32;20m[2026-09-20 15:58:22,031] LMCache INFO:[0m Stored 384 tokens in 0.002 seconds [3m(lmcache_driven_transfer.py:1218:lmcache.v1.multiprocess.modules.lmcache_driven_transfer)[0m
[32;20m[2026-09-20 15:58:22,128] LMCache INFO:[0m Stored 384 tokens in 0.002 seconds [3m(lmcache_driven_transfer.py:1218:lmcache.v1.multiprocess.modules.lmcache_driven_transfer)[0m
[32;20m[2026-09-20 15:58:22,226] LMCache INFO:[0m Stored 384 tokens in 0.003 seconds [3m(lmcache_driven_transfer.py:1218:lmcache.v1.multiprocess.modules.lmcache_driven_transfer)[0m
[32;20m[2026-09-20 15:58:22,329] LMCache INFO:[0m Stored 384 tokens in 0.003 seconds [3m(lmcache_driven_transfer.py:1218:lmcache.v1.multiprocess.modules.lmcache_driven_transfer)[0m
[32;20m[2026-09-20 15:58:22,426] LMCache INFO:[0m Stored 384 tokens in 0.003 seconds [3m(lmcache_driven_transfer.py:1218:lmcache.v1.multiprocess.modules.lmcache_driven_transfer)[0m
[32;20m[2026-09-20 15:58:22,525] LMCache INFO:[0m Stored 384 tokens in 0.003 seconds [3m(lmcache_driven_transfer.py:1218:lmcache.v1.multiprocess.modules.lmcache_driven_transfer)[0m
[32;20m[2026-09-20 15:58:22,624] LMCache INFO:[0m Stored 384 tokens in 0.003 seconds [3m(lmcache_driven_transfer.py:1218:lmcache.v1.multiprocess.modules.lmcache_driven_transfer)[0m
[32;20m[2026-09-20 15:58:22,686] LMCache INFO:[0m L1 memory usage 0.94 above watermark 0.80; triggering eviction. [3m(eviction_controller.py:179:lmcache.v1.distributed.storage_controllers.eviction_controller)[0m
[32;20m[2026-09-20 15:58:22,721] LMCache INFO:[0m Stored 384 tokens in 0.003 seconds [3m(lmcache_driven_transfer.py:1218:lmcache.v1.multiprocess.modules.lmcache_driven_transfer)[0m
[32;20m[2026-09-20 15:58:22,775] LMCache INFO:[0m Prefetch request completed (L1+L2): 24/24 retained keys (24 L1, 0 L2) in 1.1 ms (external_request_id=cmpl-9b654bb2af37c45e-0-876c4b93, prefetch_request_id=-1) [3m(storage_manager.py:716:lmcache.v1.distributed.storage_manager)[0m
[32;20m[2026-09-20 15:58:22,780] LMCache INFO:[0m Retrieved 384 tokens in 0.002 seconds [3m(lmcache_driven_transfer.py:1427:lmcache.v1.multiprocess.modules.lmcache_driven_transfer)[0m
[32;20m[2026-09-20 15:58:22,895] LMCache INFO:[0m Stored 384 tokens in 0.003 seconds [3m(lmcache_driven_transfer.py:1218:lmcache.v1.multiprocess.modules.lmcache_driven_transfer)[0m
[32;20m[2026-09-20 15:58:22,979] LMCache INFO:[0m Stored 384 tokens in 0.003 seconds [3m(lmcache_driven_transfer.py:1218:lmcache.v1.multiprocess.modules.lmcache_driven_transfer)[0m
[32;20m[2026-09-20 15:58:23,081] LMCache INFO:[0m Stored 384 tokens in 0.002 seconds [3m(lmcache_driven_transfer.py:1218:lmcache.v1.multiprocess.modules.lmcache_driven_transfer)[0m
[32;20m[2026-09-20 15:58:23,178] LMCache INFO:[0m Stored 384 tokens in 0.003 seconds [3m(lmcache_driven_transfer.py:1218:lmcache.v1.multiprocess.modules.lmcache_driven_transfer)[0m
[32;20m[2026-09-20 15:58:23,283] LMCache INFO:[0m Stored 384 tokens in 0.003 seconds [3m(lmcache_driven_transfer.py:1218:lmcache.v1.multiprocess.modules.lmcache_driven_transfer)[0m
[32;20m[2026-09-20 15:58:23,381] LMCache INFO:[0m Stored 384 tokens in 0.003 seconds [3m(lmcache_driven_transfer.py:1218:lmcache.v1.multiprocess.modules.lmcache_driven_transfer)[0m
[32;20m[2026-09-20 15:58:23,479] LMCache INFO:[0m Stored 384 tokens in 0.003 seconds [3m(lmcache_driven_transfer.py:1218:lmcache.v1.multiprocess.modules.lmcache_driven_transfer)[0m
[32;20m[2026-09-20 15:58:23,576] LMCache INFO:[0m Stored 384 tokens in 0.003 seconds [3m(lmcache_driven_transfer.py:1218:lmcache.v1.multiprocess.modules.lmcache_driven_transfer)[0m
[32;20m[2026-09-20 15:58:23,676] LMCache INFO:[0m Stored 384 tokens in 0.002 seconds [3m(lmcache_driven_transfer.py:1218:lmcache.v1.multiprocess.modules.lmcache_driven_transfer)[0m
[32;20m[2026-09-20 15:58:23,694] LMCache INFO:[0m L1 memory usage 0.95 above watermark 0.80; triggering eviction. [3m(eviction_controller.py:179:lmcache.v1.distributed.storage_controllers.eviction_controller)[0m
[32;20m[2026-09-20 15:58:23,729] LMCache INFO:[0m Prefetch request completed (L1+L2): 24/24 retained keys (24 L1, 0 L2) in 1.1 ms (external_request_id=cmpl-b3ee26acf6315765-0-8c070078, prefetch_request_id=-1) [3m(storage_manager.py:716:lmcache.v1.distributed.storage_manager)[0m
[32;20m[2026-09-20 15:58:23,735] LMCache INFO:[0m Retrieved 384 tokens in 0.004 seconds [3m(lmcache_driven_transfer.py:1427:lmcache.v1.multiprocess.modules.lmcache_driven_transfer)[0m
[32;20m[2026-09-20 15:58:23,849] LMCache INFO:[0m Stored 384 tokens in 0.002 seconds [3m(lmcache_driven_transfer.py:1218:lmcache.v1.multiprocess.modules.lmcache_driven_transfer)[0m
[32;20m[2026-09-20 15:58:23,936] LMCache INFO:[0m Stored 384 tokens in 0.003 seconds [3m(lmcache_driven_transfer.py:1218:lmcache.v1.multiprocess.modules.lmcache_driven_transfer)[0m
[32;20m[2026-09-20 15:58:24,034] LMCache INFO:[0m Stored 384 tokens in 0.003 seconds [3m(lmcache_driven_transfer.py:1218:lmcache.v1.multiprocess.modules.lmcache_driven_transfer)[0m
[32;20m[2026-09-20 15:58:24,133] LMCache INFO:[0m Stored 384 tokens in 0.003 seconds [3m(lmcache_driven_transfer.py:1218:lmcache.v1.multiprocess.modules.lmcache_driven_transfer)[0m
[32;20m[2026-09-20 15:58:24,233] LMCache INFO:[0m Stored 384 tokens in 0.003 seconds [3m(lmcache_driven_transfer.py:1218:lmcache.v1.multiprocess.modules.lmcache_driven_transfer)[0m
[32;20m[2026-09-20 15:58:24,348] LMCache INFO:[0m Stored 384 tokens in 0.003 seconds [3m(lmcache_driven_transfer.py:1218:lmcache.v1.multiprocess.modules.lmcache_driven_transfer)[0m
[32;20m[2026-09-20 15:58:24,440] LMCache INFO:[0m Stored 384 tokens in 0.003 seconds [3m(lmcache_driven_transfer.py:1218:lmcache.v1.multiprocess.modules.lmcache_driven_transfer)[0m
[32;20m[2026-09-20 15:58:24,535] LMCache INFO:[0m Stored 384 tokens in 0.003 seconds [3m(lmcache_driven_transfer.py:1218:lmcache.v1.multiprocess.modules.lmcache_driven_transfer)[0m
[32;20m[2026-09-20 15:58:24,631] LMCache INFO:[0m Stored 384 tokens in 0.003 seconds [3m(lmcache_driven_transfer.py:1218:lmcache.v1.multiprocess.modules.lmcache_driven_transfer)[0m
[32;20m[2026-09-20 15:58:24,701] LMCache INFO:[0m L1 memory usage 0.95 above watermark 0.80; triggering eviction. [3m(eviction_controller.py:179:lmcache.v1.distributed.storage_controllers.eviction_controller)[0m
[32;20m[2026-09-20 15:58:24,734] LMCache INFO:[0m Stored 384 tokens in 0.003 seconds [3m(lmcache_driven_transfer.py:1218:lmcache.v1.multiprocess.modules.lmcache_driven_transfer)[0m
[32;20m[2026-09-20 15:58:24,789] LMCache INFO:[0m Prefetch request completed (L1+L2): 24/24 retained keys (24 L1, 0 L2) in 1.0 ms (external_request_id=cmpl-991a2711390376df-0-85296d14, prefetch_request_id=-1) [3m(storage_manager.py:716:lmcache.v1.distributed.storage_manager)[0m
[32;20m[2026-09-20 15:58:24,794] LMCache INFO:[0m Retrieved 384 tokens in 0.002 seconds [3m(lmcache_driven_transfer.py:1427:lmcache.v1.multiprocess.modules.lmcache_driven_transfer)[0m
[32;20m[2026-09-20 15:58:24,909] LMCache INFO:[0m Stored 368 tokens in 0.003 seconds [3m(lmcache_driven_transfer.py:1218:lmcache.v1.multiprocess.modules.lmcache_driven_transfer)[0m
[32;20m[2026-09-20 15:58:24,994] LMCache INFO:[0m Stored 384 tokens in 0.002 seconds [3m(lmcache_driven_transfer.py:1218:lmcache.v1.multiprocess.modules.lmcache_driven_transfer)[0m
[32;20m[2026-09-20 15:58:25,101] LMCache INFO:[0m Stored 384 tokens in 0.003 seconds [3m(lmcache_driven_transfer.py:1218:lmcache.v1.multiprocess.modules.lmcache_driven_transfer)[0m
[32;20m[2026-09-20 15:58:25,198] LMCache INFO:[0m Stored 384 tokens in 0.003 seconds [3m(lmcache_driven_transfer.py:1218:lmcache.v1.multiprocess.modules.lmcache_driven_transfer)[0m
[32;20m[2026-09-20 15:58:25,300] LMCache INFO:[0m Stored 384 tokens in 0.003 seconds [3m(lmcache_driven_transfer.py:1218:lmcache.v1.multiprocess.modules.lmcache_driven_transfer)[0m
[32;20m[2026-09-20 15:58:25,398] LMCache INFO:[0m Stored 384 tokens in 0.003 seconds [3m(lmcache_driven_transfer.py:1218:lmcache.v1.multiprocess.modules.lmcache_driven_transfer)[0m
[32;20m[2026-09-20 15:58:25,498] LMCache INFO:[0m Stored 384 tokens in 0.003 seconds [3m(lmcache_driven_transfer.py:1218:lmcache.v1.multiprocess.modules.lmcache_driven_transfer)[0m
[32;20m[2026-09-20 15:58:25,595] LMCache INFO:[0m Stored 384 tokens in 0.003 seconds [3m(lmcache_driven_transfer.py:1218:lmcache.v1.multiprocess.modules.lmcache_driven_transfer)[0m
[32;20m[2026-09-20 15:58:25,694] LMCache INFO:[0m Stored 384 tokens in 0.003 seconds [3m(lmcache_driven_transfer.py:1218:lmcache.v1.multiprocess.modules.lmcache_driven_transfer)[0m
[32;20m[2026-09-20 15:58:25,709] LMCache INFO:[0m L1 memory usage 0.97 above watermark 0.80; triggering eviction. [3m(eviction_controller.py:179:lmcache.v1.distributed.storage_controllers.eviction_controller)[0m
[32;20m[2026-09-20 15:58:25,747] LMCache INFO:[0m Prefetch request completed (L1+L2): 24/24 retained keys (24 L1, 0 L2) in 0.8 ms (external_request_id=cmpl-ad2ac28289b40929-0-a8c2e5f6, prefetch_request_id=-1) [3m(storage_manager.py:716:lmcache.v1.distributed.storage_manager)[0m
[32;20m[2026-09-20 15:58:25,754] LMCache INFO:[0m Retrieved 384 tokens in 0.004 seconds [3m(lmcache_driven_transfer.py:1427:lmcache.v1.multiprocess.modules.lmcache_driven_transfer)[0m
[32;20m[2026-09-20 15:58:25,872] LMCache INFO:[0m Stored 384 tokens in 0.003 seconds [3m(lmcache_driven_transfer.py:1218:lmcache.v1.multiprocess.modules.lmcache_driven_transfer)[0m
[32;20m[2026-09-20 15:58:25,957] LMCache INFO:[0m Stored 384 tokens in 0.005 seconds [3m(lmcache_driven_transfer.py:1218:lmcache.v1.multiprocess.modules.lmcache_driven_transfer)[0m
[32;20m[2026-09-20 15:58:26,053] LMCache INFO:[0m Stored 384 tokens in 0.002 seconds [3m(lmcache_driven_transfer.py:1218:lmcache.v1.multiprocess.modules.lmcache_driven_transfer)[0m
[32;20m[2026-09-20 15:58:26,148] LMCache INFO:[0m Stored 384 tokens in 0.003 seconds [3m(lmcache_driven_transfer.py:1218:lmcache.v1.multiprocess.modules.lmcache_driven_transfer)[0m
[32;20m[2026-09-20 15:58:26,250] LMCache INFO:[0m Stored 384 tokens in 0.002 seconds [3m(lmcache_driven_transfer.py:1218:lmcache.v1.multiprocess.modules.lmcache_driven_transfer)[0m
[32;20m[2026-09-20 15:58:26,350] LMCache INFO:[0m Stored 368 tokens in 0.003 seconds [3m(lmcache_driven_transfer.py:1218:lmcache.v1.multiprocess.modules.lmcache_driven_transfer)[0m
[32;20m[2026-09-20 15:58:26,450] LMCache INFO:[0m Stored 384 tokens in 0.003 seconds [3m(lmcache_driven_transfer.py:1218:lmcache.v1.multiprocess.modules.lmcache_driven_transfer)[0m
[32;20m[2026-09-20 15:58:26,549] LMCache INFO:[0m Stored 384 tokens in 0.003 seconds [3m(lmcache_driven_transfer.py:1218:lmcache.v1.multiprocess.modules.lmcache_driven_transfer)[0m
[32;20m[2026-09-20 15:58:26,601] LMCache INFO:[0m L0<->L1 stats [cuda:0] last 10.0s: store ops=90 tokens=33904 size=0.97GB avg_copy=7.16GB/s | retrieve ops=17 tokens=6496 size=0.19GB avg_copy=3.32GB/s [3m(extra_stats.py:159:lmcache.v1.mp_observability.subscribers.logging.extra_stats)[0m
[32;20m[2026-09-20 15:58:26,602] LMCache INFO:[0m L0<->L1 stats [cuda:0] cumulative: store ops=600 tokens=220560 size=6.32GB avg_copy=5.93GB/s | retrieve ops=155 tokens=58256 size=1.67GB avg_copy=4.14GB/s [3m(extra_stats.py:168:lmcache.v1.mp_observability.subscribers.logging.extra_stats)[0m
[32;20m[2026-09-20 15:58:26,608] LMCache INFO:[0m Prefetch request completed (L1+L2): 24/24 retained keys (24 L1, 0 L2) in 0.9 ms (external_request_id=cmpl-a3b733d7ae51ce20-0-a92708ea, prefetch_request_id=-1) [3m(storage_manager.py:716:lmcache.v1.distributed.storage_manager)[0m
[32;20m[2026-09-20 15:58:26,612] LMCache INFO:[0m Retrieved 384 tokens in 0.002 seconds [3m(lmcache_driven_transfer.py:1427:lmcache.v1.multiprocess.modules.lmcache_driven_transfer)[0m
[32;20m[2026-09-20 15:58:26,661] LMCache INFO:[0m Prefetch request completed (L1+L2): 24/24 retained keys (24 L1, 0 L2) in 0.9 ms (external_request_id=cmpl-bddc958edca6040d-0-80a3a5a7, prefetch_request_id=-1) [3m(storage_manager.py:716:lmcache.v1.distributed.storage_manager)[0m
[32;20m[2026-09-20 15:58:26,664] LMCache INFO:[0m Retrieved 384 tokens in 0.002 seconds [3m(lmcache_driven_transfer.py:1427:lmcache.v1.multiprocess.modules.lmcache_driven_transfer)[0m
[32;20m[2026-09-20 15:58:26,715] LMCache INFO:[0m L1 memory usage: 0.47/0.50 GiB (94.1%) [3m(eviction_controller.py:153:lmcache.v1.distributed.storage_controllers.eviction_controller)[0m
[32;20m[2026-09-20 15:58:26,715] LMCache INFO:[0m L1 memory usage 0.94 above watermark 0.80; triggering eviction. [3m(eviction_controller.py:179:lmcache.v1.distributed.storage_controllers.eviction_controller)[0m
[32;20m[2026-09-20 15:58:26,721] LMCache INFO:[0m Prefetch request completed (L1+L2): 24/24 retained keys (24 L1, 0 L2) in 6.7 ms (external_request_id=cmpl-9404840117d17aeb-0-af2b3a8d, prefetch_request_id=-1) [3m(storage_manager.py:716:lmcache.v1.distributed.storage_manager)[0m
[32;20m[2026-09-20 15:58:26,725] LMCache INFO:[0m Retrieved 384 tokens in 0.002 seconds [3m(lmcache_driven_transfer.py:1427:lmcache.v1.multiprocess.modules.lmcache_driven_transfer)[0m
[32;20m[2026-09-20 15:58:26,770] LMCache INFO:[0m Prefetch request completed (L1+L2): 24/24 retained keys (24 L1, 0 L2) in 0.9 ms (external_request_id=cmpl-b5e2588eb8bc9329-0-8422dfbf, prefetch_request_id=-1) [3m(storage_manager.py:716:lmcache.v1.distributed.storage_manager)[0m
[32;20m[2026-09-20 15:58:26,774] LMCache INFO:[0m Retrieved 384 tokens in 0.002 seconds [3m(lmcache_driven_transfer.py:1427:lmcache.v1.multiprocess.modules.lmcache_driven_transfer)[0m
[32;20m[2026-09-20 15:58:26,851] LMCache INFO:[0m Prefetch request completed (L1+L2): 24/24 retained keys (24 L1, 0 L2) in 1.0 ms (external_request_id=cmpl-93098426c515b3fd-0-8617e2ca, prefetch_request_id=-1) [3m(storage_manager.py:716:lmcache.v1.distributed.storage_manager)[0m
[32;20m[2026-09-20 15:58:26,857] LMCache INFO:[0m Prefetch request completed (L1+L2): 24/24 retained keys (24 L1, 0 L2) in 1.3 ms (external_request_id=cmpl-a2b7543c00da8985-0-b9fbe8cb, prefetch_request_id=-1) [3m(storage_manager.py:716:lmcache.v1.distributed.storage_manager)[0m
[32;20m[2026-09-20 15:58:26,857] LMCache INFO:[0m Retrieved 384 tokens in 0.004 seconds [3m(lmcache_driven_transfer.py:1427:lmcache.v1.multiprocess.modules.lmcache_driven_transfer)[0m
[32;20m[2026-09-20 15:58:26,864] LMCache INFO:[0m Retrieved 384 tokens in 0.005 seconds [3m(lmcache_driven_transfer.py:1427:lmcache.v1.multiprocess.modules.lmcache_driven_transfer)[0m
[32;20m[2026-09-20 15:58:26,939] LMCache INFO:[0m Prefetch request completed (L1+L2): 24/24 retained keys (24 L1, 0 L2) in 1.0 ms (external_request_id=cmpl-8acca0c7e077eca9-0-956aab4a, prefetch_request_id=-1) [3m(storage_manager.py:716:lmcache.v1.distributed.storage_manager)[0m
[32;20m[2026-09-20 15:58:26,943] LMCache INFO:[0m Retrieved 384 tokens in 0.002 seconds [3m(lmcache_driven_transfer.py:1427:lmcache.v1.multiprocess.modules.lmcache_driven_transfer)[0m
[32;20m[2026-09-20 15:58:26,991] LMCache INFO:[0m Prefetch request completed (L1+L2): 24/24 retained keys (24 L1, 0 L2) in 0.9 ms (external_request_id=cmpl-984332ca99278a66-0-954b1d07, prefetch_request_id=-1) [3m(storage_manager.py:716:lmcache.v1.distributed.storage_manager)[0m
[32;20m[2026-09-20 15:58:26,995] LMCache INFO:[0m Retrieved 384 tokens in 0.002 seconds [3m(lmcache_driven_transfer.py:1427:lmcache.v1.multiprocess.modules.lmcache_driven_transfer)[0m
[32;20m[2026-09-20 15:58:27,044] LMCache INFO:[0m Prefetch request completed (L1+L2): 24/24 retained keys (24 L1, 0 L2) in 1.2 ms (external_request_id=cmpl-9dd4d04b6b95a219-0-99d06a64, prefetch_request_id=-1) [3m(storage_manager.py:716:lmcache.v1.distributed.storage_manager)[0m
[32;20m[2026-09-20 15:58:27,049] LMCache INFO:[0m Retrieved 384 tokens in 0.002 seconds [3m(lmcache_driven_transfer.py:1427:lmcache.v1.multiprocess.modules.lmcache_driven_transfer)[0m
[32;20m[2026-09-20 15:58:27,097] LMCache INFO:[0m Prefetch request completed (L1+L2): 24/24 retained keys (24 L1, 0 L2) in 0.9 ms (external_request_id=cmpl-88f28ac3c37a95c0-0-88f6539d, prefetch_request_id=-1) [3m(storage_manager.py:716:lmcache.v1.distributed.storage_manager)[0m
[32;20m[2026-09-20 15:58:27,101] LMCache INFO:[0m Retrieved 384 tokens in 0.002 seconds [3m(lmcache_driven_transfer.py:1427:lmcache.v1.multiprocess.modules.lmcache_driven_transfer)[0m
[32;20m[2026-09-20 15:58:27,150] LMCache INFO:[0m Prefetch request completed (L1+L2): 24/24 retained keys (24 L1, 0 L2) in 1.0 ms (external_request_id=cmpl-bbf593fc2b4e7f0e-0-a47997b7, prefetch_request_id=-1) [3m(storage_manager.py:716:lmcache.v1.distributed.storage_manager)[0m
[32;20m[2026-09-20 15:58:27,154] LMCache INFO:[0m Retrieved 384 tokens in 0.002 seconds [3m(lmcache_driven_transfer.py:1427:lmcache.v1.multiprocess.modules.lmcache_driven_transfer)[0m
[32;20m[2026-09-20 15:58:27,203] LMCache INFO:[0m Prefetch request completed (L1+L2): 24/24 retained keys (24 L1, 0 L2) in 0.9 ms (external_request_id=cmpl-941a5d456fbf1b2f-0-abfe27f5, prefetch_request_id=-1) [3m(storage_manager.py:716:lmcache.v1.distributed.storage_manager)[0m
[32;20m[2026-09-20 15:58:27,207] LMCache INFO:[0m Retrieved 384 tokens in 0.002 seconds [3m(lmcache_driven_transfer.py:1427:lmcache.v1.multiprocess.modules.lmcache_driven_transfer)[0m
[32;20m[2026-09-20 15:58:27,256] LMCache INFO:[0m Prefetch request completed (L1+L2): 24/24 retained keys (24 L1, 0 L2) in 0.9 ms (external_request_id=cmpl-9aa0de5e65c0a60b-0-aee54672, prefetch_request_id=-1) [3m(storage_manager.py:716:lmcache.v1.distributed.storage_manager)[0m
[32;20m[2026-09-20 15:58:27,260] LMCache INFO:[0m Retrieved 384 tokens in 0.002 seconds [3m(lmcache_driven_transfer.py:1427:lmcache.v1.multiprocess.modules.lmcache_driven_transfer)[0m
[32;20m[2026-09-20 15:58:27,310] LMCache INFO:[0m Prefetch request completed (L1+L2): 24/24 retained keys (24 L1, 0 L2) in 1.0 ms (external_request_id=cmpl-99b09edbea42136d-0-b87db194, prefetch_request_id=-1) [3m(storage_manager.py:716:lmcache.v1.distributed.storage_manager)[0m
[32;20m[2026-09-20 15:58:27,314] LMCache INFO:[0m Retrieved 384 tokens in 0.002 seconds [3m(lmcache_driven_transfer.py:1427:lmcache.v1.multiprocess.modules.lmcache_driven_transfer)[0m
[32;20m[2026-09-20 15:58:27,403] LMCache INFO:[0m Stored 368 tokens in 0.003 seconds [3m(lmcache_driven_transfer.py:1218:lmcache.v1.multiprocess.modules.lmcache_driven_transfer)[0m
[32;20m[2026-09-20 15:58:27,694] LMCache INFO:[0m Prefetch request completed (L1+L2): 24/24 retained keys (24 L1, 0 L2) in 1.0 ms (external_request_id=cmpl-b6e3ad46f73d2a78-0-b34155db, prefetch_request_id=-1) [3m(storage_manager.py:716:lmcache.v1.distributed.storage_manager)[0m
[32;20m[2026-09-20 15:58:27,699] LMCache INFO:[0m Retrieved 384 tokens in 0.002 seconds [3m(lmcache_driven_transfer.py:1427:lmcache.v1.multiprocess.modules.lmcache_driven_transfer)[0m
[32;20m[2026-09-20 15:58:27,812] LMCache INFO:[0m Stored 384 tokens in 0.003 seconds [3m(lmcache_driven_transfer.py:1218:lmcache.v1.multiprocess.modules.lmcache_driven_transfer)[0m
[32;20m[2026-09-20 15:58:27,895] LMCache INFO:[0m Stored 384 tokens in 0.003 seconds [3m(lmcache_driven_transfer.py:1218:lmcache.v1.multiprocess.modules.lmcache_driven_transfer)[0m
[32;20m[2026-09-20 15:58:28,000] LMCache INFO:[0m Stored 384 tokens in 0.003 seconds [3m(lmcache_driven_transfer.py:1218:lmcache.v1.multiprocess.modules.lmcache_driven_transfer)[0m
[32;20m[2026-09-20 15:58:28,093] LMCache INFO:[0m Stored 384 tokens in 0.002 seconds [3m(lmcache_driven_transfer.py:1218:lmcache.v1.multiprocess.modules.lmcache_driven_transfer)[0m
[32;20m[2026-09-20 15:58:28,192] LMCache INFO:[0m Stored 384 tokens in 0.003 seconds [3m(lmcache_driven_transfer.py:1218:lmcache.v1.multiprocess.modules.lmcache_driven_transfer)[0m
[32;20m[2026-09-20 15:58:28,289] LMCache INFO:[0m Stored 384 tokens in 0.003 seconds [3m(lmcache_driven_transfer.py:1218:lmcache.v1.multiprocess.modules.lmcache_driven_transfer)[0m
[32;20m[2026-09-20 15:58:28,386] LMCache INFO:[0m Stored 384 tokens in 0.003 seconds [3m(lmcache_driven_transfer.py:1218:lmcache.v1.multiprocess.modules.lmcache_driven_transfer)[0m
[32;20m[2026-09-20 15:58:28,484] LMCache INFO:[0m Stored 384 tokens in 0.003 seconds [3m(lmcache_driven_transfer.py:1218:lmcache.v1.multiprocess.modules.lmcache_driven_transfer)[0m
[32;20m[2026-09-20 15:58:28,581] LMCache INFO:[0m Stored 384 tokens in 0.003 seconds [3m(lmcache_driven_transfer.py:1218:lmcache.v1.multiprocess.modules.lmcache_driven_transfer)[0m
[32;20m[2026-09-20 15:58:28,641] LMCache INFO:[0m Prefetch request completed (L1+L2): 24/24 retained keys (24 L1, 0 L2) in 2.5 ms (external_request_id=cmpl-8e35332d8ef97d46-0-a6450057, prefetch_request_id=-1) [3m(storage_manager.py:716:lmcache.v1.distributed.storage_manager)[0m
[32;20m[2026-09-20 15:58:28,645] LMCache INFO:[0m Retrieved 384 tokens in 0.002 seconds [3m(lmcache_driven_transfer.py:1427:lmcache.v1.multiprocess.modules.lmcache_driven_transfer)[0m
[32;20m[2026-09-20 15:58:28,719] LMCache INFO:[0m Prefetch request completed (L1+L2): 24/24 retained keys (24 L1, 0 L2) in 1.2 ms (external_request_id=cmpl-889562e8b979374d-0-8dd07e3e, prefetch_request_id=-1) [3m(storage_manager.py:716:lmcache.v1.distributed.storage_manager)[0m
[32;20m[2026-09-20 15:58:28,722] LMCache INFO:[0m L1 memory usage 0.96 above watermark 0.80; triggering eviction. [3m(eviction_controller.py:179:lmcache.v1.distributed.storage_controllers.eviction_controller)[0m
[32;20m[2026-09-20 15:58:28,732] LMCache INFO:[0m Prefetch request completed (L1+L2): 23/23 retained keys (23 L1, 0 L2) in 1.5 ms (external_request_id=cmpl-a748c4ce558dec27-0-abe94b2c, prefetch_request_id=-1) [3m(storage_manager.py:716:lmcache.v1.distributed.storage_manager)[0m
[32;20m[2026-09-20 15:58:28,733] LMCache INFO:[0m Retrieved 384 tokens in 0.011 seconds [3m(lmcache_driven_transfer.py:1427:lmcache.v1.multiprocess.modules.lmcache_driven_transfer)[0m
[32;20m[2026-09-20 15:58:28,739] LMCache INFO:[0m Retrieved 368 tokens in 0.003 seconds [3m(lmcache_driven_transfer.py:1427:lmcache.v1.multiprocess.modules.lmcache_driven_transfer)[0m
[32;20m[2026-09-20 15:58:28,811] LMCache INFO:[0m Prefetch request completed (L1+L2): 24/24 retained keys (24 L1, 0 L2) in 1.0 ms (external_request_id=cmpl-92729fb1b4bc2320-0-b4671882, prefetch_request_id=-1) [3m(storage_manager.py:716:lmcache.v1.distributed.storage_manager)[0m
[32;20m[2026-09-20 15:58:28,816] LMCache INFO:[0m Retrieved 384 tokens in 0.002 seconds [3m(lmcache_driven_transfer.py:1427:lmcache.v1.multiprocess.modules.lmcache_driven_transfer)[0m
[32;20m[2026-09-20 15:58:28,901] LMCache INFO:[0m Stored 384 tokens in 0.003 seconds [3m(lmcache_driven_transfer.py:1218:lmcache.v1.multiprocess.modules.lmcache_driven_transfer)[0m
[32;20m[2026-09-20 15:58:28,990] LMCache INFO:[0m Stored 384 tokens in 0.002 seconds [3m(lmcache_driven_transfer.py:1218:lmcache.v1.multiprocess.modules.lmcache_driven_transfer)[0m
[32;20m[2026-09-20 15:58:29,050] LMCache INFO:[0m Prefetch request completed (L1+L2): 24/24 retained keys (24 L1, 0 L2) in 1.0 ms (external_request_id=cmpl-a4b359e5f9b2f4dd-0-b08a0b45, prefetch_request_id=-1) [3m(storage_manager.py:716:lmcache.v1.distributed.storage_manager)[0m
[32;20m[2026-09-20 15:58:29,055] LMCache INFO:[0m Retrieved 384 tokens in 0.002 seconds [3m(lmcache_driven_transfer.py:1427:lmcache.v1.multiprocess.modules.lmcache_driven_transfer)[0m
[32;20m[2026-09-20 15:58:29,143] LMCache INFO:[0m Stored 384 tokens in 0.004 seconds [3m(lmcache_driven_transfer.py:1218:lmcache.v1.multiprocess.modules.lmcache_driven_transfer)[0m
[32;20m[2026-09-20 15:58:29,197] LMCache INFO:[0m Prefetch request completed (L1+L2): 24/24 retained keys (24 L1, 0 L2) in 0.9 ms (external_request_id=cmpl-b9d147bd59dbb9ab-0-b29a4c23, prefetch_request_id=-1) [3m(storage_manager.py:716:lmcache.v1.distributed.storage_manager)[0m
[32;20m[2026-09-20 15:58:29,201] LMCache INFO:[0m Retrieved 384 tokens in 0.002 seconds [3m(lmcache_driven_transfer.py:1427:lmcache.v1.multiprocess.modules.lmcache_driven_transfer)[0m
[32;20m[2026-09-20 15:58:29,287] LMCache INFO:[0m Stored 384 tokens in 0.003 seconds [3m(lmcache_driven_transfer.py:1218:lmcache.v1.multiprocess.modules.lmcache_driven_transfer)[0m
[32;20m[2026-09-20 15:58:29,338] LMCache INFO:[0m Prefetch request completed (L1+L2): 24/24 retained keys (24 L1, 0 L2) in 0.9 ms (external_request_id=cmpl-a2ef3745fd727123-0-830af214, prefetch_request_id=-1) [3m(storage_manager.py:716:lmcache.v1.distributed.storage_manager)[0m
[32;20m[2026-09-20 15:58:29,342] LMCache INFO:[0m Retrieved 384 tokens in 0.002 seconds [3m(lmcache_driven_transfer.py:1427:lmcache.v1.multiprocess.modules.lmcache_driven_transfer)[0m
[32;20m[2026-09-20 15:58:29,657] LMCache INFO:[0m Prefetch request completed (L1+L2): 24/24 retained keys (24 L1, 0 L2) in 1.4 ms (external_request_id=cmpl-b4e2f90505c320ca-0-a7019840, prefetch_request_id=-1) [3m(storage_manager.py:716:lmcache.v1.distributed.storage_manager)[0m
[32;20m[2026-09-20 15:58:29,658] LMCache INFO:[0m Stored 384 tokens in 0.005 seconds [3m(lmcache_driven_transfer.py:1218:lmcache.v1.multiprocess.modules.lmcache_driven_transfer)[0m
[32;20m[2026-09-20 15:58:29,661] LMCache INFO:[0m Retrieved 384 tokens in 0.001 seconds [3m(lmcache_driven_transfer.py:1427:lmcache.v1.multiprocess.modules.lmcache_driven_transfer)[0m
[32;20m[2026-09-20 15:58:29,730] LMCache INFO:[0m L1 memory usage 0.87 above watermark 0.80; triggering eviction. [3m(eviction_controller.py:179:lmcache.v1.distributed.storage_controllers.eviction_controller)[0m
[32;20m[2026-09-20 15:58:29,777] LMCache INFO:[0m Stored 384 tokens in 0.003 seconds [3m(lmcache_driven_transfer.py:1218:lmcache.v1.multiprocess.modules.lmcache_driven_transfer)[0m
[32;20m[2026-09-20 15:58:29,858] LMCache INFO:[0m Stored 384 tokens in 0.002 seconds [3m(lmcache_driven_transfer.py:1218:lmcache.v1.multiprocess.modules.lmcache_driven_transfer)[0m
[32;20m[2026-09-20 15:58:29,954] LMCache INFO:[0m Stored 368 tokens in 0.003 seconds [3m(lmcache_driven_transfer.py:1218:lmcache.v1.multiprocess.modules.lmcache_driven_transfer)[0m
[32;20m[2026-09-20 15:58:30,056] LMCache INFO:[0m Stored 384 tokens in 0.004 seconds [3m(lmcache_driven_transfer.py:1218:lmcache.v1.multiprocess.modules.lmcache_driven_transfer)[0m
[32;20m[2026-09-20 15:58:30,152] LMCache INFO:[0m Stored 384 tokens in 0.003 seconds [3m(lmcache_driven_transfer.py:1218:lmcache.v1.multiprocess.modules.lmcache_driven_transfer)[0m
[32;20m[2026-09-20 15:58:30,248] LMCache INFO:[0m Stored 384 tokens in 0.003 seconds [3m(lmcache_driven_transfer.py:1218:lmcache.v1.multiprocess.modules.lmcache_driven_transfer)[0m
[32;20m[2026-09-20 15:58:30,344] LMCache INFO:[0m Stored 336 tokens in 0.003 seconds [3m(lmcache_driven_transfer.py:1218:lmcache.v1.multiprocess.modules.lmcache_driven_transfer)[0m
[32;20m[2026-09-20 15:58:30,433] LMCache INFO:[0m Stored 384 tokens in 0.003 seconds [3m(lmcache_driven_transfer.py:1218:lmcache.v1.multiprocess.modules.lmcache_driven_transfer)[0m
[32;20m[2026-09-20 15:58:30,531] LMCache INFO:[0m Stored 384 tokens in 0.003 seconds [3m(lmcache_driven_transfer.py:1218:lmcache.v1.multiprocess.modules.lmcache_driven_transfer)[0m
[32;20m[2026-09-20 15:58:30,628] LMCache INFO:[0m Stored 384 tokens in 0.003 seconds [3m(lmcache_driven_transfer.py:1218:lmcache.v1.multiprocess.modules.lmcache_driven_transfer)[0m
[32;20m[2026-09-20 15:58:30,684] LMCache INFO:[0m Prefetch request completed (L1+L2): 24/24 retained keys (24 L1, 0 L2) in 1.1 ms (external_request_id=cmpl-90495c53ae81120d-0-8875acd1, prefetch_request_id=-1) [3m(storage_manager.py:716:lmcache.v1.distributed.storage_manager)[0m
[32;20m[2026-09-20 15:58:30,689] LMCache INFO:[0m Retrieved 384 tokens in 0.002 seconds [3m(lmcache_driven_transfer.py:1427:lmcache.v1.multiprocess.modules.lmcache_driven_transfer)[0m
[32;20m[2026-09-20 15:58:30,737] LMCache INFO:[0m L1 memory usage 0.90 above watermark 0.80; triggering eviction. [3m(eviction_controller.py:179:lmcache.v1.distributed.storage_controllers.eviction_controller)[0m
[32;20m[2026-09-20 15:58:30,766] LMCache INFO:[0m Prefetch request completed (L1+L2): 24/24 retained keys (24 L1, 0 L2) in 0.9 ms (external_request_id=cmpl-953c6289a97a7eac-0-9caa6f3a, prefetch_request_id=-1) [3m(storage_manager.py:716:lmcache.v1.distributed.storage_manager)[0m
[32;20m[2026-09-20 15:58:30,771] LMCache INFO:[0m Prefetch request completed (L1+L2): 24/24 retained keys (24 L1, 0 L2) in 1.3 ms (external_request_id=cmpl-bed61121d679e55d-0-b61b790d, prefetch_request_id=-1) [3m(storage_manager.py:716:lmcache.v1.distributed.storage_manager)[0m
[32;20m[2026-09-20 15:58:30,772] LMCache INFO:[0m Retrieved 384 tokens in 0.004 seconds [3m(lmcache_driven_transfer.py:1427:lmcache.v1.multiprocess.modules.lmcache_driven_transfer)[0m
[32;20m[2026-09-20 15:58:30,775] LMCache INFO:[0m Retrieved 384 tokens in 0.002 seconds [3m(lmcache_driven_transfer.py:1427:lmcache.v1.multiprocess.modules.lmcache_driven_transfer)[0m
[32;20m[2026-09-20 15:58:30,855] LMCache INFO:[0m Prefetch request completed (L1+L2): 24/24 retained keys (24 L1, 0 L2) in 1.2 ms (external_request_id=cmpl-bfe8516217bc9fb5-0-a43c454e, prefetch_request_id=-1) [3m(storage_manager.py:716:lmcache.v1.distributed.storage_manager)[0m
[32;20m[2026-09-20 15:58:30,859] LMCache INFO:[0m Retrieved 384 tokens in 0.002 seconds [3m(lmcache_driven_transfer.py:1427:lmcache.v1.multiprocess.modules.lmcache_driven_transfer)[0m
[32;20m[2026-09-20 15:58:30,908] LMCache INFO:[0m Prefetch request completed (L1+L2): 24/24 retained keys (24 L1, 0 L2) in 1.0 ms (external_request_id=cmpl-a687d2f12e48d606-0-9e3529db, prefetch_request_id=-1) [3m(storage_manager.py:716:lmcache.v1.distributed.storage_manager)[0m
[32;20m[2026-09-20 15:58:30,912] LMCache INFO:[0m Retrieved 384 tokens in 0.002 seconds [3m(lmcache_driven_transfer.py:1427:lmcache.v1.multiprocess.modules.lmcache_driven_transfer)[0m
[32;20m[2026-09-20 15:58:30,996] LMCache INFO:[0m Stored 384 tokens in 0.003 seconds [3m(lmcache_driven_transfer.py:1218:lmcache.v1.multiprocess.modules.lmcache_driven_transfer)[0m
[32;20m[2026-09-20 15:58:31,047] LMCache INFO:[0m Prefetch request completed (L1+L2): 24/24 retained keys (24 L1, 0 L2) in 0.9 ms (external_request_id=cmpl-be6fe8464526211a-0-b611da12, prefetch_request_id=-1) [3m(storage_manager.py:716:lmcache.v1.distributed.storage_manager)[0m
[32;20m[2026-09-20 15:58:31,051] LMCache INFO:[0m Retrieved 384 tokens in 0.002 seconds [3m(lmcache_driven_transfer.py:1427:lmcache.v1.multiprocess.modules.lmcache_driven_transfer)[0m
[32;20m[2026-09-20 15:58:31,134] LMCache INFO:[0m Stored 384 tokens in 0.003 seconds [3m(lmcache_driven_transfer.py:1218:lmcache.v1.multiprocess.modules.lmcache_driven_transfer)[0m
[32;20m[2026-09-20 15:58:31,186] LMCache INFO:[0m Prefetch request completed (L1+L2): 24/24 retained keys (24 L1, 0 L2) in 0.9 ms (external_request_id=cmpl-84f95439a860c319-0-aa1cbd54, prefetch_request_id=-1) [3m(storage_manager.py:716:lmcache.v1.distributed.storage_manager)[0m
[32;20m[2026-09-20 15:58:31,190] LMCache INFO:[0m Retrieved 384 tokens in 0.002 seconds [3m(lmcache_driven_transfer.py:1427:lmcache.v1.multiprocess.modules.lmcache_driven_transfer)[0m
[32;20m[2026-09-20 15:58:31,275] LMCache INFO:[0m Stored 112 tokens in 0.003 seconds [3m(lmcache_driven_transfer.py:1218:lmcache.v1.multiprocess.modules.lmcache_driven_transfer)[0m
[32;20m[2026-09-20 15:58:31,283] LMCache INFO:[0m Prefetch request completed (L1+L2): 24/24 retained keys (24 L1, 0 L2) in 1.0 ms (external_request_id=cmpl-a3a1c81ad90bd72a-0-a89047f6, prefetch_request_id=-1) [3m(storage_manager.py:716:lmcache.v1.distributed.storage_manager)[0m
[32;20m[2026-09-20 15:58:31,287] LMCache INFO:[0m Retrieved 384 tokens in 0.002 seconds [3m(lmcache_driven_transfer.py:1427:lmcache.v1.multiprocess.modules.lmcache_driven_transfer)[0m
[32;20m[2026-09-20 15:58:31,334] LMCache INFO:[0m Prefetch request completed (L1+L2): 24/24 retained keys (24 L1, 0 L2) in 0.8 ms (external_request_id=cmpl-a1b31be719a175fb-0-8c78afca, prefetch_request_id=-1) [3m(storage_manager.py:716:lmcache.v1.distributed.storage_manager)[0m
[32;20m[2026-09-20 15:58:31,338] LMCache INFO:[0m Retrieved 384 tokens in 0.002 seconds [3m(lmcache_driven_transfer.py:1427:lmcache.v1.multiprocess.modules.lmcache_driven_transfer)[0m
[32;20m[2026-09-20 15:58:31,610] LMCache INFO:[0m Prefetch request completed (L1+L2): 24/24 retained keys (24 L1, 0 L2) in 1.2 ms (external_request_id=cmpl-aac4ccffd6df692b-0-a3a239f7, prefetch_request_id=-1) [3m(storage_manager.py:716:lmcache.v1.distributed.storage_manager)[0m
[32;20m[2026-09-20 15:58:31,615] LMCache INFO:[0m Retrieved 384 tokens in 0.002 seconds [3m(lmcache_driven_transfer.py:1427:lmcache.v1.multiprocess.modules.lmcache_driven_transfer)[0m
[32;20m[2026-09-20 15:58:31,731] LMCache INFO:[0m Stored 384 tokens in 0.003 seconds [3m(lmcache_driven_transfer.py:1218:lmcache.v1.multiprocess.modules.lmcache_driven_transfer)[0m
[32;20m[2026-09-20 15:58:31,812] LMCache INFO:[0m Stored 368 tokens in 0.002 seconds [3m(lmcache_driven_transfer.py:1218:lmcache.v1.multiprocess.modules.lmcache_driven_transfer)[0m
[32;20m[2026-09-20 15:58:31,911] LMCache INFO:[0m Stored 384 tokens in 0.003 seconds [3m(lmcache_driven_transfer.py:1218:lmcache.v1.multiprocess.modules.lmcache_driven_transfer)[0m
[32;20m[2026-09-20 15:58:32,009] LMCache INFO:[0m Stored 384 tokens in 0.002 seconds [3m(lmcache_driven_transfer.py:1218:lmcache.v1.multiprocess.modules.lmcache_driven_transfer)[0m
[32;20m[2026-09-20 15:58:32,110] LMCache INFO:[0m Stored 384 tokens in 0.003 seconds [3m(lmcache_driven_transfer.py:1218:lmcache.v1.multiprocess.modules.lmcache_driven_transfer)[0m
[32;20m[2026-09-20 15:58:32,209] LMCache INFO:[0m Stored 384 tokens in 0.003 seconds [3m(lmcache_driven_transfer.py:1218:lmcache.v1.multiprocess.modules.lmcache_driven_transfer)[0m
[32;20m[2026-09-20 15:58:32,302] LMCache INFO:[0m Stored 384 tokens in 0.002 seconds [3m(lmcache_driven_transfer.py:1218:lmcache.v1.multiprocess.modules.lmcache_driven_transfer)[0m
[32;20m[2026-09-20 15:58:32,405] LMCache INFO:[0m Stored 384 tokens in 0.005 seconds [3m(lmcache_driven_transfer.py:1218:lmcache.v1.multiprocess.modules.lmcache_driven_transfer)[0m
[32;20m[2026-09-20 15:58:32,499] LMCache INFO:[0m Stored 384 tokens in 0.003 seconds [3m(lmcache_driven_transfer.py:1218:lmcache.v1.multiprocess.modules.lmcache_driven_transfer)[0m
[32;20m[2026-09-20 15:58:32,594] LMCache INFO:[0m Stored 384 tokens in 0.003 seconds [3m(lmcache_driven_transfer.py:1218:lmcache.v1.multiprocess.modules.lmcache_driven_transfer)[0m
[32;20m[2026-09-20 15:58:32,688] LMCache INFO:[0m Stored 384 tokens in 0.003 seconds [3m(lmcache_driven_transfer.py:1218:lmcache.v1.multiprocess.modules.lmcache_driven_transfer)[0m
[32;20m[2026-09-20 15:58:32,746] LMCache INFO:[0m L1 memory usage 0.99 above watermark 0.80; triggering eviction. [3m(eviction_controller.py:179:lmcache.v1.distributed.storage_controllers.eviction_controller)[0m
[32;20m[2026-09-20 15:58:32,817] LMCache INFO:[0m Stored 384 tokens in 0.003 seconds [3m(lmcache_driven_transfer.py:1218:lmcache.v1.multiprocess.modules.lmcache_driven_transfer)[0m
[32;20m[2026-09-20 15:58:32,904] LMCache INFO:[0m Stored 384 tokens in 0.002 seconds [3m(lmcache_driven_transfer.py:1218:lmcache.v1.multiprocess.modules.lmcache_driven_transfer)[0m
[32;20m[2026-09-20 15:58:32,999] LMCache INFO:[0m Stored 384 tokens in 0.003 seconds [3m(lmcache_driven_transfer.py:1218:lmcache.v1.multiprocess.modules.lmcache_driven_transfer)[0m
[32;20m[2026-09-20 15:58:33,092] LMCache INFO:[0m Stored 384 tokens in 0.003 seconds [3m(lmcache_driven_transfer.py:1218:lmcache.v1.multiprocess.modules.lmcache_driven_transfer)[0m
[32;20m[2026-09-20 15:58:33,193] LMCache INFO:[0m Stored 384 tokens in 0.003 seconds [3m(lmcache_driven_transfer.py:1218:lmcache.v1.multiprocess.modules.lmcache_driven_transfer)[0m
[32;20m[2026-09-20 15:58:33,289] LMCache INFO:[0m Stored 384 tokens in 0.003 seconds [3m(lmcache_driven_transfer.py:1218:lmcache.v1.multiprocess.modules.lmcache_driven_transfer)[0m
[32;20m[2026-09-20 15:58:33,386] LMCache INFO:[0m Stored 384 tokens in 0.002 seconds [3m(lmcache_driven_transfer.py:1218:lmcache.v1.multiprocess.modules.lmcache_driven_transfer)[0m
[32;20m[2026-09-20 15:58:33,478] LMCache INFO:[0m Stored 384 tokens in 0.003 seconds [3m(lmcache_driven_transfer.py:1218:lmcache.v1.multiprocess.modules.lmcache_driven_transfer)[0m
[32;20m[2026-09-20 15:58:33,573] LMCache INFO:[0m Stored 144 tokens in 0.002 seconds [3m(lmcache_driven_transfer.py:1218:lmcache.v1.multiprocess.modules.lmcache_driven_transfer)[0m
[32;20m[2026-09-20 15:58:33,624] LMCache INFO:[0m Stored 384 tokens in 0.003 seconds [3m(lmcache_driven_transfer.py:1218:lmcache.v1.multiprocess.modules.lmcache_driven_transfer)[0m
[33;20m[2026-09-20 15:58:33,725] LMCache WARNING:[0m Failed to batched allocate 24 memory blocks of size 458752 because no enough memory is available (short by 6 blocks) [3m(memory_management.py:1490:lmcache.v1.memory_management)[0m
[32;20m[2026-09-20 15:58:33,757] LMCache INFO:[0m L1 memory usage 0.98 above watermark 0.80; triggering eviction. [3m(eviction_controller.py:179:lmcache.v1.distributed.storage_controllers.eviction_controller)[0m
[32;20m[2026-09-20 15:58:33,777] LMCache INFO:[0m Prefetch request completed (L1+L2): 24/24 retained keys (24 L1, 0 L2) in 1.0 ms (external_request_id=cmpl-9c2912258c93c3f1-0-81ad8534, prefetch_request_id=-1) [3m(storage_manager.py:716:lmcache.v1.distributed.storage_manager)[0m
[32;20m[2026-09-20 15:58:33,782] LMCache INFO:[0m Retrieved 384 tokens in 0.002 seconds [3m(lmcache_driven_transfer.py:1427:lmcache.v1.multiprocess.modules.lmcache_driven_transfer)[0m
[32;20m[2026-09-20 15:58:33,857] LMCache INFO:[0m Prefetch request completed (L1+L2): 24/24 retained keys (24 L1, 0 L2) in 1.0 ms (external_request_id=cmpl-8ae56d82046b186a-0-93a1a5fd, prefetch_request_id=-1) [3m(storage_manager.py:716:lmcache.v1.distributed.storage_manager)[0m
[32;20m[2026-09-20 15:58:33,862] LMCache INFO:[0m Retrieved 384 tokens in 0.002 seconds [3m(lmcache_driven_transfer.py:1427:lmcache.v1.multiprocess.modules.lmcache_driven_transfer)[0m
[32;20m[2026-09-20 15:58:33,865] LMCache INFO:[0m Prefetch request completed (L1+L2): 24/24 retained keys (24 L1, 0 L2) in 1.2 ms (external_request_id=cmpl-b42997441f9218c1-0-85ed8fa1, prefetch_request_id=-1) [3m(storage_manager.py:716:lmcache.v1.distributed.storage_manager)[0m
[32;20m[2026-09-20 15:58:33,871] LMCache INFO:[0m Retrieved 384 tokens in 0.002 seconds [3m(lmcache_driven_transfer.py:1427:lmcache.v1.multiprocess.modules.lmcache_driven_transfer)[0m
[32;20m[2026-09-20 15:58:33,951] LMCache INFO:[0m Prefetch request completed (L1+L2): 24/24 retained keys (24 L1, 0 L2) in 0.8 ms (external_request_id=cmpl-925952fa4ad5296f-0-b09d071f, prefetch_request_id=-1) [3m(storage_manager.py:716:lmcache.v1.distributed.storage_manager)[0m
[32;20m[2026-09-20 15:58:33,955] LMCache INFO:[0m Retrieved 384 tokens in 0.002 seconds [3m(lmcache_driven_transfer.py:1427:lmcache.v1.multiprocess.modules.lmcache_driven_transfer)[0m
[32;20m[2026-09-20 15:58:34,017] LMCache INFO:[0m Prefetch request completed (L1+L2): 24/24 retained keys (24 L1, 0 L2) in 0.9 ms (external_request_id=cmpl-be931f073a815be3-0-8afc24e1, prefetch_request_id=-1) [3m(storage_manager.py:716:lmcache.v1.distributed.storage_manager)[0m
[32;20m[2026-09-20 15:58:34,021] LMCache INFO:[0m Retrieved 384 tokens in 0.002 seconds [3m(lmcache_driven_transfer.py:1427:lmcache.v1.multiprocess.modules.lmcache_driven_transfer)[0m
[32;20m[2026-09-20 15:58:34,070] LMCache INFO:[0m Prefetch request completed (L1+L2): 24/24 retained keys (24 L1, 0 L2) in 0.9 ms (external_request_id=cmpl-a7d0eaedeaf5511c-0-a3806246, prefetch_request_id=-1) [3m(storage_manager.py:716:lmcache.v1.distributed.storage_manager)[0m
[32;20m[2026-09-20 15:58:34,074] LMCache INFO:[0m Retrieved 384 tokens in 0.002 seconds [3m(lmcache_driven_transfer.py:1427:lmcache.v1.multiprocess.modules.lmcache_driven_transfer)[0m
[32;20m[2026-09-20 15:58:34,120] LMCache INFO:[0m Prefetch request completed (L1+L2): 24/24 retained keys (24 L1, 0 L2) in 0.9 ms (external_request_id=cmpl-93aac4dbfc1e4d44-0-b1da11a3, prefetch_request_id=-1) [3m(storage_manager.py:716:lmcache.v1.distributed.storage_manager)[0m
[32;20m[2026-09-20 15:58:34,124] LMCache INFO:[0m Retrieved 384 tokens in 0.002 seconds [3m(lmcache_driven_transfer.py:1427:lmcache.v1.multiprocess.modules.lmcache_driven_transfer)[0m
[32;20m[2026-09-20 15:58:34,172] LMCache INFO:[0m Prefetch request completed (L1+L2): 24/24 retained keys (24 L1, 0 L2) in 0.9 ms (external_request_id=cmpl-84c54611b409b40f-0-93fa8ef5, prefetch_request_id=-1) [3m(storage_manager.py:716:lmcache.v1.distributed.storage_manager)[0m
[32;20m[2026-09-20 15:58:34,176] LMCache INFO:[0m Retrieved 384 tokens in 0.002 seconds [3m(lmcache_driven_transfer.py:1427:lmcache.v1.multiprocess.modules.lmcache_driven_transfer)[0m
[32;20m[2026-09-20 15:58:34,227] LMCache INFO:[0m Prefetch request completed (L1+L2): 24/24 retained keys (24 L1, 0 L2) in 1.1 ms (external_request_id=cmpl-9cb54e2575df28a3-0-b09fac1b, prefetch_request_id=-1) [3m(storage_manager.py:716:lmcache.v1.distributed.storage_manager)[0m
[32;20m[2026-09-20 15:58:34,232] LMCache INFO:[0m Retrieved 384 tokens in 0.002 seconds [3m(lmcache_driven_transfer.py:1427:lmcache.v1.multiprocess.modules.lmcache_driven_transfer)[0m
[32;20m[2026-09-20 15:58:34,288] LMCache INFO:[0m Prefetch request completed (L1+L2): 24/24 retained keys (24 L1, 0 L2) in 1.3 ms (external_request_id=cmpl-9eeb9a56e542c1ad-0-ae971e1a, prefetch_request_id=-1) [3m(storage_manager.py:716:lmcache.v1.distributed.storage_manager)[0m
[32;20m[2026-09-20 15:58:34,294] LMCache INFO:[0m Retrieved 384 tokens in 0.003 seconds [3m(lmcache_driven_transfer.py:1427:lmcache.v1.multiprocess.modules.lmcache_driven_transfer)[0m
[32;20m[2026-09-20 15:58:34,419] LMCache INFO:[0m Stored 384 tokens in 0.003 seconds [3m(lmcache_driven_transfer.py:1218:lmcache.v1.multiprocess.modules.lmcache_driven_transfer)[0m
[32;20m[2026-09-20 15:58:34,462] LMCache INFO:[0m Prefetch request completed (L1+L2): 9/9 retained keys (9 L1, 0 L2) in 2.4 ms (external_request_id=cmpl-a8157c0e486c2eae-0-99f93954, prefetch_request_id=-1) [3m(storage_manager.py:716:lmcache.v1.distributed.storage_manager)[0m
[32;20m[2026-09-20 15:58:34,466] LMCache INFO:[0m Retrieved 144 tokens in 0.002 seconds [3m(lmcache_driven_transfer.py:1427:lmcache.v1.multiprocess.modules.lmcache_driven_transfer)[0m
[32;20m[2026-09-20 15:58:34,663] LMCache INFO:[0m Prefetch request completed (L1+L2): 24/24 retained keys (24 L1, 0 L2) in 1.0 ms (external_request_id=cmpl-b62a15366194fe90-0-b140d8cb, prefetch_request_id=-1) [3m(storage_manager.py:716:lmcache.v1.distributed.storage_manager)[0m
[32;20m[2026-09-20 15:58:34,668] LMCache INFO:[0m Retrieved 384 tokens in 0.002 seconds [3m(lmcache_driven_transfer.py:1427:lmcache.v1.multiprocess.modules.lmcache_driven_transfer)[0m
[32;20m[2026-09-20 15:58:34,763] LMCache INFO:[0m L1 memory usage 0.81 above watermark 0.80; triggering eviction. [3m(eviction_controller.py:179:lmcache.v1.distributed.storage_controllers.eviction_controller)[0m
[32;20m[2026-09-20 15:58:34,797] LMCache INFO:[0m Stored 384 tokens in 0.003 seconds [3m(lmcache_driven_transfer.py:1218:lmcache.v1.multiprocess.modules.lmcache_driven_transfer)[0m
[32;20m[2026-09-20 15:58:34,836] LMCache INFO:[0m Prefetch request completed (L1+L2): 24/24 retained keys (24 L1, 0 L2) in 3.5 ms (external_request_id=cmpl-803a63e3f2f0d78a-0-a8c23c75, prefetch_request_id=-1) [3m(storage_manager.py:716:lmcache.v1.distributed.storage_manager)[0m
[32;20m[2026-09-20 15:58:34,842] LMCache INFO:[0m Prefetch request completed (L1+L2): 24/24 retained keys (24 L1, 0 L2) in 1.1 ms (external_request_id=cmpl-9772e20873d0b3ce-0-8f335415, prefetch_request_id=-1) [3m(storage_manager.py:716:lmcache.v1.distributed.storage_manager)[0m
[32;20m[2026-09-20 15:58:34,843] LMCache INFO:[0m Retrieved 384 tokens in 0.004 seconds [3m(lmcache_driven_transfer.py:1427:lmcache.v1.multiprocess.modules.lmcache_driven_transfer)[0m
[32;20m[2026-09-20 15:58:34,852] LMCache INFO:[0m Retrieved 384 tokens in 0.005 seconds [3m(lmcache_driven_transfer.py:1427:lmcache.v1.multiprocess.modules.lmcache_driven_transfer)[0m
[32;20m[2026-09-20 15:58:34,936] LMCache INFO:[0m Prefetch request completed (L1+L2): 24/24 retained keys (24 L1, 0 L2) in 0.9 ms (external_request_id=cmpl-a9c82fcd8a20d911-0-a0dbe1a5, prefetch_request_id=-1) [3m(storage_manager.py:716:lmcache.v1.distributed.storage_manager)[0m
[32;20m[2026-09-20 15:58:34,940] LMCache INFO:[0m Retrieved 384 tokens in 0.002 seconds [3m(lmcache_driven_transfer.py:1427:lmcache.v1.multiprocess.modules.lmcache_driven_transfer)[0m
[32;20m[2026-09-20 15:58:34,991] LMCache INFO:[0m Prefetch request completed (L1+L2): 24/24 retained keys (24 L1, 0 L2) in 0.9 ms (external_request_id=cmpl-9ebb0b3a13579f71-0-80fca34c, prefetch_request_id=-1) [3m(storage_manager.py:716:lmcache.v1.distributed.storage_manager)[0m
[32;20m[2026-09-20 15:58:34,995] LMCache INFO:[0m Retrieved 384 tokens in 0.002 seconds [3m(lmcache_driven_transfer.py:1427:lmcache.v1.multiprocess.modules.lmcache_driven_transfer)[0m
[32;20m[2026-09-20 15:58:35,044] LMCache INFO:[0m Prefetch request completed (L1+L2): 22/24 retained keys (22 L1, 0 L2) in 0.9 ms (external_request_id=cmpl-8b31ef50563c9875-0-9c0e3c6c, prefetch_request_id=-1) [3m(storage_manager.py:716:lmcache.v1.distributed.storage_manager)[0m
[32;20m[2026-09-20 15:58:35,047] LMCache INFO:[0m Retrieved 352 tokens in 0.002 seconds [3m(lmcache_driven_transfer.py:1427:lmcache.v1.multiprocess.modules.lmcache_driven_transfer)[0m
[32;20m[2026-09-20 15:58:35,087] LMCache INFO:[0m Stored 32 tokens in 0.002 seconds [3m(lmcache_driven_transfer.py:1218:lmcache.v1.multiprocess.modules.lmcache_driven_transfer)[0m
[32;20m[2026-09-20 15:58:35,093] LMCache INFO:[0m Prefetch request completed (L1+L2): 24/24 retained keys (24 L1, 0 L2) in 0.9 ms (external_request_id=cmpl-ace157fab40ade5c-0-b1702d5f, prefetch_request_id=-1) [3m(storage_manager.py:716:lmcache.v1.distributed.storage_manager)[0m
[32;20m[2026-09-20 15:58:35,097] LMCache INFO:[0m Retrieved 384 tokens in 0.002 seconds [3m(lmcache_driven_transfer.py:1427:lmcache.v1.multiprocess.modules.lmcache_driven_transfer)[0m
[32;20m[2026-09-20 15:58:35,144] LMCache INFO:[0m Prefetch request completed (L1+L2): 24/24 retained keys (24 L1, 0 L2) in 0.8 ms (external_request_id=cmpl-b4a13f6418099196-0-acf3ec08, prefetch_request_id=-1) [3m(storage_manager.py:716:lmcache.v1.distributed.storage_manager)[0m
[32;20m[2026-09-20 15:58:35,148] LMCache INFO:[0m Retrieved 384 tokens in 0.002 seconds [3m(lmcache_driven_transfer.py:1427:lmcache.v1.multiprocess.modules.lmcache_driven_transfer)[0m
[32;20m[2026-09-20 15:58:35,196] LMCache INFO:[0m Prefetch request completed (L1+L2): 24/24 retained keys (24 L1, 0 L2) in 0.8 ms (external_request_id=cmpl-af701d8fbaf0cea2-0-b34b7cb9, prefetch_request_id=-1) [3m(storage_manager.py:716:lmcache.v1.distributed.storage_manager)[0m
[32;20m[2026-09-20 15:58:35,200] LMCache INFO:[0m Retrieved 384 tokens in 0.002 seconds [3m(lmcache_driven_transfer.py:1427:lmcache.v1.multiprocess.modules.lmcache_driven_transfer)[0m
[32;20m[2026-09-20 15:58:35,247] LMCache INFO:[0m Prefetch request completed (L1+L2): 24/24 retained keys (24 L1, 0 L2) in 0.9 ms (external_request_id=cmpl-b0761b419ddb47cc-0-acdb9706, prefetch_request_id=-1) [3m(storage_manager.py:716:lmcache.v1.distributed.storage_manager)[0m
[32;20m[2026-09-20 15:58:35,251] LMCache INFO:[0m Retrieved 384 tokens in 0.002 seconds [3m(lmcache_driven_transfer.py:1427:lmcache.v1.multiprocess.modules.lmcache_driven_transfer)[0m
[32;20m[2026-09-20 15:58:35,299] LMCache INFO:[0m Prefetch request completed (L1+L2): 24/24 retained keys (24 L1, 0 L2) in 0.9 ms (external_request_id=cmpl-8764da72f50ea626-0-98296486, prefetch_request_id=-1) [3m(storage_manager.py:716:lmcache.v1.distributed.storage_manager)[0m
[32;20m[2026-09-20 15:58:35,303] LMCache INFO:[0m Retrieved 384 tokens in 0.002 seconds [3m(lmcache_driven_transfer.py:1427:lmcache.v1.multiprocess.modules.lmcache_driven_transfer)[0m
[32;20m[2026-09-20 15:58:35,648] LMCache INFO:[0m Prefetch request completed (L1+L2): 24/24 retained keys (24 L1, 0 L2) in 1.2 ms (external_request_id=cmpl-9dd288176d29cc01-0-87717294, prefetch_request_id=-1) [3m(storage_manager.py:716:lmcache.v1.distributed.storage_manager)[0m
[32;20m[2026-09-20 15:58:35,652] LMCache INFO:[0m Retrieved 384 tokens in 0.002 seconds [3m(lmcache_driven_transfer.py:1427:lmcache.v1.multiprocess.modules.lmcache_driven_transfer)[0m
[32;20m[2026-09-20 15:58:35,729] LMCache INFO:[0m Prefetch request completed (L1+L2): 24/24 retained keys (24 L1, 0 L2) in 0.9 ms (external_request_id=cmpl-96745496548df70f-0-8899f632, prefetch_request_id=-1) [3m(storage_manager.py:716:lmcache.v1.distributed.storage_manager)[0m
[32;20m[2026-09-20 15:58:35,734] LMCache INFO:[0m Prefetch request completed (L1+L2): 24/24 retained keys (24 L1, 0 L2) in 1.1 ms (external_request_id=cmpl-bbf60d2d7a3544b1-0-aa3367a3, prefetch_request_id=-1) [3m(storage_manager.py:716:lmcache.v1.distributed.storage_manager)[0m
[32;20m[2026-09-20 15:58:35,735] LMCache INFO:[0m Retrieved 384 tokens in 0.003 seconds [3m(lmcache_driven_transfer.py:1427:lmcache.v1.multiprocess.modules.lmcache_driven_transfer)[0m
[32;20m[2026-09-20 15:58:35,738] LMCache INFO:[0m Retrieved 384 tokens in 0.002 seconds [3m(lmcache_driven_transfer.py:1427:lmcache.v1.multiprocess.modules.lmcache_driven_transfer)[0m
[32;20m[2026-09-20 15:58:35,823] LMCache INFO:[0m Prefetch request completed (L1+L2): 24/24 retained keys (24 L1, 0 L2) in 0.9 ms (external_request_id=cmpl-92ba589ee7e6f4a6-0-888398db, prefetch_request_id=-1) [3m(storage_manager.py:716:lmcache.v1.distributed.storage_manager)[0m
[32;20m[2026-09-20 15:58:35,827] LMCache INFO:[0m Retrieved 384 tokens in 0.002 seconds [3m(lmcache_driven_transfer.py:1427:lmcache.v1.multiprocess.modules.lmcache_driven_transfer)[0m
[32;20m[2026-09-20 15:58:35,876] LMCache INFO:[0m Prefetch request completed (L1+L2): 24/24 retained keys (24 L1, 0 L2) in 0.9 ms (external_request_id=cmpl-a4e695396deabd23-0-882d6342, prefetch_request_id=-1) [3m(storage_manager.py:716:lmcache.v1.distributed.storage_manager)[0m
[32;20m[2026-09-20 15:58:35,880] LMCache INFO:[0m Retrieved 384 tokens in 0.002 seconds [3m(lmcache_driven_transfer.py:1427:lmcache.v1.multiprocess.modules.lmcache_driven_transfer)[0m
[32;20m[2026-09-20 15:58:35,927] LMCache INFO:[0m Prefetch request completed (L1+L2): 24/24 retained keys (24 L1, 0 L2) in 0.8 ms (external_request_id=cmpl-8873b015528cf619-0-a70cc056, prefetch_request_id=-1) [3m(storage_manager.py:716:lmcache.v1.distributed.storage_manager)[0m
[32;20m[2026-09-20 15:58:35,931] LMCache INFO:[0m Retrieved 384 tokens in 0.002 seconds [3m(lmcache_driven_transfer.py:1427:lmcache.v1.multiprocess.modules.lmcache_driven_transfer)[0m
[32;20m[2026-09-20 15:58:35,979] LMCache INFO:[0m Prefetch request completed (L1+L2): 24/24 retained keys (24 L1, 0 L2) in 0.9 ms (external_request_id=cmpl-8476af0bd5f76409-0-b686fba9, prefetch_request_id=-1) [3m(storage_manager.py:716:lmcache.v1.distributed.storage_manager)[0m
[32;20m[2026-09-20 15:58:35,983] LMCache INFO:[0m Retrieved 384 tokens in 0.002 seconds [3m(lmcache_driven_transfer.py:1427:lmcache.v1.multiprocess.modules.lmcache_driven_transfer)[0m
[32;20m[2026-09-20 15:58:36,031] LMCache INFO:[0m Prefetch request completed (L1+L2): 24/24 retained keys (24 L1, 0 L2) in 0.9 ms (external_request_id=cmpl-bc2c8c1e6c7bc226-0-a72a9c70, prefetch_request_id=-1) [3m(storage_manager.py:716:lmcache.v1.distributed.storage_manager)[0m
[32;20m[2026-09-20 15:58:36,035] LMCache INFO:[0m Retrieved 384 tokens in 0.002 seconds [3m(lmcache_driven_transfer.py:1427:lmcache.v1.multiprocess.modules.lmcache_driven_transfer)[0m
[32;20m[2026-09-20 15:58:36,122] LMCache INFO:[0m Stored 384 tokens in 0.003 seconds [3m(lmcache_driven_transfer.py:1218:lmcache.v1.multiprocess.modules.lmcache_driven_transfer)[0m
[32;20m[2026-09-20 15:58:36,173] LMCache INFO:[0m Prefetch request completed (L1+L2): 24/24 retained keys (24 L1, 0 L2) in 1.1 ms (external_request_id=cmpl-aeaa1a588991a02b-0-9673b57a, prefetch_request_id=-1) [3m(storage_manager.py:716:lmcache.v1.distributed.storage_manager)[0m
[32;20m[2026-09-20 15:58:36,177] LMCache INFO:[0m Retrieved 384 tokens in 0.002 seconds [3m(lmcache_driven_transfer.py:1427:lmcache.v1.multiprocess.modules.lmcache_driven_transfer)[0m
[32;20m[2026-09-20 15:58:36,224] LMCache INFO:[0m Prefetch request completed (L1+L2): 24/24 retained keys (24 L1, 0 L2) in 0.9 ms (external_request_id=cmpl-828c293a2a3bef09-0-b9f3305a, prefetch_request_id=-1) [3m(storage_manager.py:716:lmcache.v1.distributed.storage_manager)[0m
[32;20m[2026-09-20 15:58:36,229] LMCache INFO:[0m Retrieved 384 tokens in 0.002 seconds [3m(lmcache_driven_transfer.py:1427:lmcache.v1.multiprocess.modules.lmcache_driven_transfer)[0m
[32;20m[2026-09-20 15:58:36,280] LMCache INFO:[0m Prefetch request completed (L1+L2): 24/24 retained keys (24 L1, 0 L2) in 0.9 ms (external_request_id=cmpl-85146e4d0816fd05-0-b37e077b, prefetch_request_id=-1) [3m(storage_manager.py:716:lmcache.v1.distributed.storage_manager)[0m
[32;20m[2026-09-20 15:58:36,284] LMCache INFO:[0m Retrieved 384 tokens in 0.002 seconds [3m(lmcache_driven_transfer.py:1427:lmcache.v1.multiprocess.modules.lmcache_driven_transfer)[0m
[32;20m[2026-09-20 15:58:36,536] LMCache INFO:[0m Prefetch request completed (L1+L2): 24/24 retained keys (24 L1, 0 L2) in 1.0 ms (external_request_id=cmpl-aaf2dd58993d1b7f-0-b8484536, prefetch_request_id=-1) [3m(storage_manager.py:716:lmcache.v1.distributed.storage_manager)[0m
[32;20m[2026-09-20 15:58:36,541] LMCache INFO:[0m Retrieved 384 tokens in 0.002 seconds [3m(lmcache_driven_transfer.py:1427:lmcache.v1.multiprocess.modules.lmcache_driven_transfer)[0m
[32;20m[2026-09-20 15:58:36,655] LMCache INFO:[0m Stored 384 tokens in 0.003 seconds [3m(lmcache_driven_transfer.py:1218:lmcache.v1.multiprocess.modules.lmcache_driven_transfer)[0m
[32;20m[2026-09-20 15:58:36,697] LMCache INFO:[0m L0<->L1 stats [cuda:0] last 10.1s: store ops=55 tokens=19776 size=0.57GB avg_copy=6.42GB/s | retrieve ops=67 tokens=25440 size=0.73GB avg_copy=4.00GB/s [3m(extra_stats.py:159:lmcache.v1.mp_observability.subscribers.logging.extra_stats)[0m
[32;20m[2026-09-20 15:58:36,697] LMCache INFO:[0m L0<->L1 stats [cuda:0] cumulative: store ops=655 tokens=240336 size=6.89GB avg_copy=5.97GB/s | retrieve ops=222 tokens=83696 size=2.40GB avg_copy=4.10GB/s [3m(extra_stats.py:168:lmcache.v1.mp_observability.subscribers.logging.extra_stats)[0m
[32;20m[2026-09-20 15:58:36,737] LMCache INFO:[0m Stored 384 tokens in 0.002 seconds [3m(lmcache_driven_transfer.py:1218:lmcache.v1.multiprocess.modules.lmcache_driven_transfer)[0m
[32;20m[2026-09-20 15:58:36,772] LMCache INFO:[0m L1 memory usage: 0.37/0.50 GiB (73.1%) [3m(eviction_controller.py:153:lmcache.v1.distributed.storage_controllers.eviction_controller)[0m
[32;20m[2026-09-20 15:58:36,833] LMCache INFO:[0m Stored 384 tokens in 0.002 seconds [3m(lmcache_driven_transfer.py:1218:lmcache.v1.multiprocess.modules.lmcache_driven_transfer)[0m
[32;20m[2026-09-20 15:58:36,929] LMCache INFO:[0m Stored 384 tokens in 0.003 seconds [3m(lmcache_driven_transfer.py:1218:lmcache.v1.multiprocess.modules.lmcache_driven_transfer)[0m
[32;20m[2026-09-20 15:58:37,023] LMCache INFO:[0m Stored 384 tokens in 0.003 seconds [3m(lmcache_driven_transfer.py:1218:lmcache.v1.multiprocess.modules.lmcache_driven_transfer)[0m
[32;20m[2026-09-20 15:58:37,116] LMCache INFO:[0m Stored 384 tokens in 0.002 seconds [3m(lmcache_driven_transfer.py:1218:lmcache.v1.multiprocess.modules.lmcache_driven_transfer)[0m
[32;20m[2026-09-20 15:58:37,211] LMCache INFO:[0m Stored 384 tokens in 0.003 seconds [3m(lmcache_driven_transfer.py:1218:lmcache.v1.multiprocess.modules.lmcache_driven_transfer)[0m
[32;20m[2026-09-20 15:58:37,312] LMCache INFO:[0m Stored 384 tokens in 0.005 seconds [3m(lmcache_driven_transfer.py:1218:lmcache.v1.multiprocess.modules.lmcache_driven_transfer)[0m
[32;20m[2026-09-20 15:58:37,405] LMCache INFO:[0m Stored 384 tokens in 0.003 seconds [3m(lmcache_driven_transfer.py:1218:lmcache.v1.multiprocess.modules.lmcache_driven_transfer)[0m
[32;20m[2026-09-20 15:58:37,502] LMCache INFO:[0m Stored 384 tokens in 0.003 seconds [3m(lmcache_driven_transfer.py:1218:lmcache.v1.multiprocess.modules.lmcache_driven_transfer)[0m
[32;20m[2026-09-20 15:58:37,555] LMCache INFO:[0m Prefetch request completed (L1+L2): 24/24 retained keys (24 L1, 0 L2) in 1.3 ms (external_request_id=cmpl-b67595bbd0ae1aaa-0-983975b2, prefetch_request_id=-1) [3m(storage_manager.py:716:lmcache.v1.distributed.storage_manager)[0m
[32;20m[2026-09-20 15:58:37,559] LMCache INFO:[0m Retrieved 384 tokens in 0.002 seconds [3m(lmcache_driven_transfer.py:1427:lmcache.v1.multiprocess.modules.lmcache_driven_transfer)[0m
[32;20m[2026-09-20 15:58:37,677] LMCache INFO:[0m Stored 384 tokens in 0.003 seconds [3m(lmcache_driven_transfer.py:1218:lmcache.v1.multiprocess.modules.lmcache_driven_transfer)[0m
[32;20m[2026-09-20 15:58:37,761] LMCache INFO:[0m Stored 384 tokens in 0.002 seconds [3m(lmcache_driven_transfer.py:1218:lmcache.v1.multiprocess.modules.lmcache_driven_transfer)[0m
[32;20m[2026-09-20 15:58:37,773] LMCache INFO:[0m L1 memory usage 0.94 above watermark 0.80; triggering eviction. [3m(eviction_controller.py:179:lmcache.v1.distributed.storage_controllers.eviction_controller)[0m
[32;20m[2026-09-20 15:58:37,852] LMCache INFO:[0m Stored 384 tokens in 0.003 seconds [3m(lmcache_driven_transfer.py:1218:lmcache.v1.multiprocess.modules.lmcache_driven_transfer)[0m
[32;20m[2026-09-20 15:58:37,951] LMCache INFO:[0m Stored 368 tokens in 0.003 seconds [3m(lmcache_driven_transfer.py:1218:lmcache.v1.multiprocess.modules.lmcache_driven_transfer)[0m
[32;20m[2026-09-20 15:58:38,048] LMCache INFO:[0m Stored 384 tokens in 0.002 seconds [3m(lmcache_driven_transfer.py:1218:lmcache.v1.multiprocess.modules.lmcache_driven_transfer)[0m
[32;20m[2026-09-20 15:58:38,142] LMCache INFO:[0m Stored 368 tokens in 0.003 seconds [3m(lmcache_driven_transfer.py:1218:lmcache.v1.multiprocess.modules.lmcache_driven_transfer)[0m
[32;20m[2026-09-20 15:58:38,237] LMCache INFO:[0m Stored 384 tokens in 0.002 seconds [3m(lmcache_driven_transfer.py:1218:lmcache.v1.multiprocess.modules.lmcache_driven_transfer)[0m
[32;20m[2026-09-20 15:58:38,331] LMCache INFO:[0m Stored 368 tokens in 0.002 seconds [3m(lmcache_driven_transfer.py:1218:lmcache.v1.multiprocess.modules.lmcache_driven_transfer)[0m
[32;20m[2026-09-20 15:58:38,428] LMCache INFO:[0m Stored 384 tokens in 0.003 seconds [3m(lmcache_driven_transfer.py:1218:lmcache.v1.multiprocess.modules.lmcache_driven_transfer)[0m
[32;20m[2026-09-20 15:58:38,522] LMCache INFO:[0m Stored 384 tokens in 0.003 seconds [3m(lmcache_driven_transfer.py:1218:lmcache.v1.multiprocess.modules.lmcache_driven_transfer)[0m
[32;20m[2026-09-20 15:58:38,572] LMCache INFO:[0m Prefetch request completed (L1+L2): 23/23 retained keys (23 L1, 0 L2) in 0.9 ms (external_request_id=cmpl-a056675c33865a95-0-a89467ba, prefetch_request_id=-1) [3m(storage_manager.py:716:lmcache.v1.distributed.storage_manager)[0m
[32;20m[2026-09-20 15:58:38,578] LMCache INFO:[0m Retrieved 368 tokens in 0.002 seconds [3m(lmcache_driven_transfer.py:1427:lmcache.v1.multiprocess.modules.lmcache_driven_transfer)[0m
[32;20m[2026-09-20 15:58:38,690] LMCache INFO:[0m Stored 384 tokens in 0.003 seconds [3m(lmcache_driven_transfer.py:1218:lmcache.v1.multiprocess.modules.lmcache_driven_transfer)[0m
[32;20m[2026-09-20 15:58:38,693] LMCache INFO:[0m Stored 384 tokens in 0.003 seconds [3m(lmcache_driven_transfer.py:1218:lmcache.v1.multiprocess.modules.lmcache_driven_transfer)[0m
[32;20m[2026-09-20 15:58:38,778] LMCache INFO:[0m L1 memory usage 0.96 above watermark 0.80; triggering eviction. [3m(eviction_controller.py:179:lmcache.v1.distributed.storage_controllers.eviction_controller)[0m
[32;20m[2026-09-20 15:58:38,852] LMCache INFO:[0m Stored 368 tokens in 0.002 seconds [3m(lmcache_driven_transfer.py:1218:lmcache.v1.multiprocess.modules.lmcache_driven_transfer)[0m
[32;20m[2026-09-20 15:58:38,948] LMCache INFO:[0m Stored 384 tokens in 0.002 seconds [3m(lmcache_driven_transfer.py:1218:lmcache.v1.multiprocess.modules.lmcache_driven_transfer)[0m
[32;20m[2026-09-20 15:58:39,041] LMCache INFO:[0m Stored 384 tokens in 0.003 seconds [3m(lmcache_driven_transfer.py:1218:lmcache.v1.multiprocess.modules.lmcache_driven_transfer)[0m
[32;20m[2026-09-20 15:58:39,137] LMCache INFO:[0m Stored 384 tokens in 0.002 seconds [3m(lmcache_driven_transfer.py:1218:lmcache.v1.multiprocess.modules.lmcache_driven_transfer)[0m
[32;20m[2026-09-20 15:58:39,230] LMCache INFO:[0m Stored 368 tokens in 0.002 seconds [3m(lmcache_driven_transfer.py:1218:lmcache.v1.multiprocess.modules.lmcache_driven_transfer)[0m
[32;20m[2026-09-20 15:58:39,323] LMCache INFO:[0m Stored 272 tokens in 0.002 seconds [3m(lmcache_driven_transfer.py:1218:lmcache.v1.multiprocess.modules.lmcache_driven_transfer)[0m
[32;20m[2026-09-20 15:58:39,411] LMCache INFO:[0m Stored 384 tokens in 0.002 seconds [3m(lmcache_driven_transfer.py:1218:lmcache.v1.multiprocess.modules.lmcache_driven_transfer)[0m
[32;20m[2026-09-20 15:58:39,508] LMCache INFO:[0m Stored 384 tokens in 0.003 seconds [3m(lmcache_driven_transfer.py:1218:lmcache.v1.multiprocess.modules.lmcache_driven_transfer)[0m
[32;20m[2026-09-20 15:58:39,567] LMCache INFO:[0m Prefetch request completed (L1+L2): 24/24 retained keys (24 L1, 0 L2) in 0.9 ms (external_request_id=cmpl-86b4f1887f5f7feb-0-82ad701e, prefetch_request_id=-1) [3m(storage_manager.py:716:lmcache.v1.distributed.storage_manager)[0m
[32;20m[2026-09-20 15:58:39,572] LMCache INFO:[0m Retrieved 384 tokens in 0.002 seconds [3m(lmcache_driven_transfer.py:1427:lmcache.v1.multiprocess.modules.lmcache_driven_transfer)[0m
[32;20m[2026-09-20 15:58:39,685] LMCache INFO:[0m Stored 384 tokens in 0.003 seconds [3m(lmcache_driven_transfer.py:1218:lmcache.v1.multiprocess.modules.lmcache_driven_transfer)[0m
[32;20m[2026-09-20 15:58:39,767] LMCache INFO:[0m Stored 368 tokens in 0.003 seconds [3m(lmcache_driven_transfer.py:1218:lmcache.v1.multiprocess.modules.lmcache_driven_transfer)[0m
[32;20m[2026-09-20 15:58:39,785] LMCache INFO:[0m L1 memory usage 0.97 above watermark 0.80; triggering eviction. [3m(eviction_controller.py:179:lmcache.v1.distributed.storage_controllers.eviction_controller)[0m
[32;20m[2026-09-20 15:58:39,863] LMCache INFO:[0m Stored 384 tokens in 0.003 seconds [3m(lmcache_driven_transfer.py:1218:lmcache.v1.multiprocess.modules.lmcache_driven_transfer)[0m
[32;20m[2026-09-20 15:58:39,957] LMCache INFO:[0m Stored 384 tokens in 0.003 seconds [3m(lmcache_driven_transfer.py:1218:lmcache.v1.multiprocess.modules.lmcache_driven_transfer)[0m
[32;20m[2026-09-20 15:58:40,052] LMCache INFO:[0m Stored 384 tokens in 0.003 seconds [3m(lmcache_driven_transfer.py:1218:lmcache.v1.multiprocess.modules.lmcache_driven_transfer)[0m
[32;20m[2026-09-20 15:58:40,147] LMCache INFO:[0m Stored 384 tokens in 0.003 seconds [3m(lmcache_driven_transfer.py:1218:lmcache.v1.multiprocess.modules.lmcache_driven_transfer)[0m
[32;20m[2026-09-20 15:58:40,245] LMCache INFO:[0m Stored 384 tokens in 0.003 seconds [3m(lmcache_driven_transfer.py:1218:lmcache.v1.multiprocess.modules.lmcache_driven_transfer)[0m
[32;20m[2026-09-20 15:58:40,334] LMCache INFO:[0m Stored 384 tokens in 0.003 seconds [3m(lmcache_driven_transfer.py:1218:lmcache.v1.multiprocess.modules.lmcache_driven_transfer)[0m
[32;20m[2026-09-20 15:58:40,428] LMCache INFO:[0m Stored 336 tokens in 0.002 seconds [3m(lmcache_driven_transfer.py:1218:lmcache.v1.multiprocess.modules.lmcache_driven_transfer)[0m
[32;20m[2026-09-20 15:58:40,514] LMCache INFO:[0m Stored 384 tokens in 0.003 seconds [3m(lmcache_driven_transfer.py:1218:lmcache.v1.multiprocess.modules.lmcache_driven_transfer)[0m
[32;20m[2026-09-20 15:58:40,607] LMCache INFO:[0m Stored 384 tokens in 0.003 seconds [3m(lmcache_driven_transfer.py:1218:lmcache.v1.multiprocess.modules.lmcache_driven_transfer)[0m
[32;20m[2026-09-20 15:58:40,658] LMCache INFO:[0m Prefetch request completed (L1+L2): 24/24 retained keys (24 L1, 0 L2) in 2.8 ms (external_request_id=cmpl-950fab470538e642-0-a14c9841, prefetch_request_id=-1) [3m(storage_manager.py:716:lmcache.v1.distributed.storage_manager)[0m
[32;20m[2026-09-20 15:58:40,663] LMCache INFO:[0m Retrieved 384 tokens in 0.002 seconds [3m(lmcache_driven_transfer.py:1427:lmcache.v1.multiprocess.modules.lmcache_driven_transfer)[0m
[32;20m[2026-09-20 15:58:40,776] LMCache INFO:[0m Stored 384 tokens in 0.003 seconds [3m(lmcache_driven_transfer.py:1218:lmcache.v1.multiprocess.modules.lmcache_driven_transfer)[0m
[32;20m[2026-09-20 15:58:40,791] LMCache INFO:[0m L1 memory usage 0.98 above watermark 0.80; triggering eviction. [3m(eviction_controller.py:179:lmcache.v1.distributed.storage_controllers.eviction_controller)[0m
[32;20m[2026-09-20 15:58:40,856] LMCache INFO:[0m Stored 384 tokens in 0.003 seconds [3m(lmcache_driven_transfer.py:1218:lmcache.v1.multiprocess.modules.lmcache_driven_transfer)[0m
[32;20m[2026-09-20 15:58:40,955] LMCache INFO:[0m Stored 384 tokens in 0.003 seconds [3m(lmcache_driven_transfer.py:1218:lmcache.v1.multiprocess.modules.lmcache_driven_transfer)[0m
[32;20m[2026-09-20 15:58:41,048] LMCache INFO:[0m Stored 384 tokens in 0.003 seconds [3m(lmcache_driven_transfer.py:1218:lmcache.v1.multiprocess.modules.lmcache_driven_transfer)[0m
[32;20m[2026-09-20 15:58:41,145] LMCache INFO:[0m Stored 368 tokens in 0.002 seconds [3m(lmcache_driven_transfer.py:1218:lmcache.v1.multiprocess.modules.lmcache_driven_transfer)[0m
[32;20m[2026-09-20 15:58:41,239] LMCache INFO:[0m Stored 384 tokens in 0.002 seconds [3m(lmcache_driven_transfer.py:1218:lmcache.v1.multiprocess.modules.lmcache_driven_transfer)[0m
[32;20m[2026-09-20 15:58:41,333] LMCache INFO:[0m Stored 384 tokens in 0.002 seconds [3m(lmcache_driven_transfer.py:1218:lmcache.v1.multiprocess.modules.lmcache_driven_transfer)[0m
[32;20m[2026-09-20 15:58:41,432] LMCache INFO:[0m Stored 384 tokens in 0.003 seconds [3m(lmcache_driven_transfer.py:1218:lmcache.v1.multiprocess.modules.lmcache_driven_transfer)[0m
[32;20m[2026-09-20 15:58:41,523] LMCache INFO:[0m Stored 112 tokens in 0.002 seconds [3m(lmcache_driven_transfer.py:1218:lmcache.v1.multiprocess.modules.lmcache_driven_transfer)[0m
[32;20m[2026-09-20 15:58:41,568] LMCache INFO:[0m Stored 384 tokens in 0.002 seconds [3m(lmcache_driven_transfer.py:1218:lmcache.v1.multiprocess.modules.lmcache_driven_transfer)[0m
[32;20m[2026-09-20 15:58:41,784] LMCache INFO:[0m Stored 384 tokens in 0.003 seconds [3m(lmcache_driven_transfer.py:1218:lmcache.v1.multiprocess.modules.lmcache_driven_transfer)[0m
[32;20m[2026-09-20 15:58:41,798] LMCache INFO:[0m L1 memory usage 0.98 above watermark 0.80; triggering eviction. [3m(eviction_controller.py:179:lmcache.v1.distributed.storage_controllers.eviction_controller)[0m
[32;20m[2026-09-20 15:58:41,866] LMCache INFO:[0m Stored 384 tokens in 0.003 seconds [3m(lmcache_driven_transfer.py:1218:lmcache.v1.multiprocess.modules.lmcache_driven_transfer)[0m
[32;20m[2026-09-20 15:58:41,963] LMCache INFO:[0m Stored 384 tokens in 0.003 seconds [3m(lmcache_driven_transfer.py:1218:lmcache.v1.multiprocess.modules.lmcache_driven_transfer)[0m
[32;20m[2026-09-20 15:58:42,059] LMCache INFO:[0m Stored 384 tokens in 0.003 seconds [3m(lmcache_driven_transfer.py:1218:lmcache.v1.multiprocess.modules.lmcache_driven_transfer)[0m
[32;20m[2026-09-20 15:58:42,153] LMCache INFO:[0m Stored 384 tokens in 0.003 seconds [3m(lmcache_driven_transfer.py:1218:lmcache.v1.multiprocess.modules.lmcache_driven_transfer)[0m
[32;20m[2026-09-20 15:58:42,247] LMCache INFO:[0m Stored 384 tokens in 0.003 seconds [3m(lmcache_driven_transfer.py:1218:lmcache.v1.multiprocess.modules.lmcache_driven_transfer)[0m
[32;20m[2026-09-20 15:58:42,338] LMCache INFO:[0m Stored 64 tokens in 0.003 seconds [3m(lmcache_driven_transfer.py:1218:lmcache.v1.multiprocess.modules.lmcache_driven_transfer)[0m
[32;20m[2026-09-20 15:58:42,383] LMCache INFO:[0m Stored 384 tokens in 0.002 seconds [3m(lmcache_driven_transfer.py:1218:lmcache.v1.multiprocess.modules.lmcache_driven_transfer)[0m
[32;20m[2026-09-20 15:58:42,473] LMCache INFO:[0m Stored 384 tokens in 0.003 seconds [3m(lmcache_driven_transfer.py:1218:lmcache.v1.multiprocess.modules.lmcache_driven_transfer)[0m
[32;20m[2026-09-20 15:58:42,561] LMCache INFO:[0m Stored 384 tokens in 0.003 seconds [3m(lmcache_driven_transfer.py:1218:lmcache.v1.multiprocess.modules.lmcache_driven_transfer)[0m
[32;20m[2026-09-20 15:58:42,612] LMCache INFO:[0m Prefetch request completed (L1+L2): 24/24 retained keys (24 L1, 0 L2) in 1.0 ms (external_request_id=cmpl-bda601d014e8e405-0-90c2b732, prefetch_request_id=-1) [3m(storage_manager.py:716:lmcache.v1.distributed.storage_manager)[0m
[32;20m[2026-09-20 15:58:42,618] LMCache INFO:[0m Retrieved 384 tokens in 0.002 seconds [3m(lmcache_driven_transfer.py:1427:lmcache.v1.multiprocess.modules.lmcache_driven_transfer)[0m
[32;20m[2026-09-20 15:58:42,743] LMCache INFO:[0m Stored 384 tokens in 0.003 seconds [3m(lmcache_driven_transfer.py:1218:lmcache.v1.multiprocess.modules.lmcache_driven_transfer)[0m
[32;20m[2026-09-20 15:58:42,804] LMCache INFO:[0m L1 memory usage 0.98 above watermark 0.80; triggering eviction. [3m(eviction_controller.py:179:lmcache.v1.distributed.storage_controllers.eviction_controller)[0m
[32;20m[2026-09-20 15:58:42,821] LMCache INFO:[0m Stored 384 tokens in 0.003 seconds [3m(lmcache_driven_transfer.py:1218:lmcache.v1.multiprocess.modules.lmcache_driven_transfer)[0m
[32;20m[2026-09-20 15:58:42,918] LMCache INFO:[0m Stored 384 tokens in 0.002 seconds [3m(lmcache_driven_transfer.py:1218:lmcache.v1.multiprocess.modules.lmcache_driven_transfer)[0m
[32;20m[2026-09-20 15:58:43,014] LMCache INFO:[0m Stored 384 tokens in 0.003 seconds [3m(lmcache_driven_transfer.py:1218:lmcache.v1.multiprocess.modules.lmcache_driven_transfer)[0m
[32;20m[2026-09-20 15:58:43,108] LMCache INFO:[0m Stored 384 tokens in 0.003 seconds [3m(lmcache_driven_transfer.py:1218:lmcache.v1.multiprocess.modules.lmcache_driven_transfer)[0m
[32;20m[2026-09-20 15:58:43,200] LMCache INFO:[0m Stored 384 tokens in 0.003 seconds [3m(lmcache_driven_transfer.py:1218:lmcache.v1.multiprocess.modules.lmcache_driven_transfer)[0m
[32;20m[2026-09-20 15:58:43,296] LMCache INFO:[0m Stored 384 tokens in 0.002 seconds [3m(lmcache_driven_transfer.py:1218:lmcache.v1.multiprocess.modules.lmcache_driven_transfer)[0m
[32;20m[2026-09-20 15:58:43,394] LMCache INFO:[0m Stored 384 tokens in 0.003 seconds [3m(lmcache_driven_transfer.py:1218:lmcache.v1.multiprocess.modules.lmcache_driven_transfer)[0m
[32;20m[2026-09-20 15:58:43,485] LMCache INFO:[0m Stored 384 tokens in 0.002 seconds [3m(lmcache_driven_transfer.py:1218:lmcache.v1.multiprocess.modules.lmcache_driven_transfer)[0m
[32;20m[2026-09-20 15:58:43,535] LMCache INFO:[0m Prefetch request completed (L1+L2): 24/24 retained keys (24 L1, 0 L2) in 1.0 ms (external_request_id=cmpl-ba2c54d65d949d25-0-afe34409, prefetch_request_id=-1) [3m(storage_manager.py:716:lmcache.v1.distributed.storage_manager)[0m
[32;20m[2026-09-20 15:58:43,539] LMCache INFO:[0m Retrieved 384 tokens in 0.002 seconds [3m(lmcache_driven_transfer.py:1427:lmcache.v1.multiprocess.modules.lmcache_driven_transfer)[0m
[32;20m[2026-09-20 15:58:43,656] LMCache INFO:[0m Stored 384 tokens in 0.003 seconds [3m(lmcache_driven_transfer.py:1218:lmcache.v1.multiprocess.modules.lmcache_driven_transfer)[0m
[32;20m[2026-09-20 15:58:43,737] LMCache INFO:[0m Stored 384 tokens in 0.003 seconds [3m(lmcache_driven_transfer.py:1218:lmcache.v1.multiprocess.modules.lmcache_driven_transfer)[0m
[32;20m[2026-09-20 15:58:43,810] LMCache INFO:[0m L1 memory usage 0.99 above watermark 0.80; triggering eviction. [3m(eviction_controller.py:179:lmcache.v1.distributed.storage_controllers.eviction_controller)[0m
[32;20m[2026-09-20 15:58:43,836] LMCache INFO:[0m Stored 384 tokens in 0.003 seconds [3m(lmcache_driven_transfer.py:1218:lmcache.v1.multiprocess.modules.lmcache_driven_transfer)[0m
[32;20m[2026-09-20 15:58:43,928] LMCache INFO:[0m Stored 384 tokens in 0.003 seconds [3m(lmcache_driven_transfer.py:1218:lmcache.v1.multiprocess.modules.lmcache_driven_transfer)[0m
[32;20m[2026-09-20 15:58:44,021] LMCache INFO:[0m Stored 384 tokens in 0.002 seconds [3m(lmcache_driven_transfer.py:1218:lmcache.v1.multiprocess.modules.lmcache_driven_transfer)[0m
[32;20m[2026-09-20 15:58:44,117] LMCache INFO:[0m Stored 384 tokens in 0.003 seconds [3m(lmcache_driven_transfer.py:1218:lmcache.v1.multiprocess.modules.lmcache_driven_transfer)[0m
[32;20m[2026-09-20 15:58:44,205] LMCache INFO:[0m Stored 384 tokens in 0.003 seconds [3m(lmcache_driven_transfer.py:1218:lmcache.v1.multiprocess.modules.lmcache_driven_transfer)[0m
[32;20m[2026-09-20 15:58:44,299] LMCache INFO:[0m Stored 384 tokens in 0.003 seconds [3m(lmcache_driven_transfer.py:1218:lmcache.v1.multiprocess.modules.lmcache_driven_transfer)[0m
[32;20m[2026-09-20 15:58:44,394] LMCache INFO:[0m Stored 384 tokens in 0.003 seconds [3m(lmcache_driven_transfer.py:1218:lmcache.v1.multiprocess.modules.lmcache_driven_transfer)[0m
[32;20m[2026-09-20 15:58:44,487] LMCache INFO:[0m Stored 384 tokens in 0.002 seconds [3m(lmcache_driven_transfer.py:1218:lmcache.v1.multiprocess.modules.lmcache_driven_transfer)[0m
[32;20m[2026-09-20 15:58:44,539] LMCache INFO:[0m Prefetch request completed (L1+L2): 24/24 retained keys (24 L1, 0 L2) in 2.7 ms (external_request_id=cmpl-8f66133ade762dee-0-985f1666, prefetch_request_id=-1) [3m(storage_manager.py:716:lmcache.v1.distributed.storage_manager)[0m
[32;20m[2026-09-20 15:58:44,544] LMCache INFO:[0m Retrieved 384 tokens in 0.002 seconds [3m(lmcache_driven_transfer.py:1427:lmcache.v1.multiprocess.modules.lmcache_driven_transfer)[0m
[32;20m[2026-09-20 15:58:44,624] LMCache INFO:[0m Prefetch request completed (L1+L2): 24/24 retained keys (24 L1, 0 L2) in 1.0 ms (external_request_id=cmpl-98cf5f3b80a4dfae-0-896568f2, prefetch_request_id=-1) [3m(storage_manager.py:716:lmcache.v1.distributed.storage_manager)[0m
[32;20m[2026-09-20 15:58:44,629] LMCache INFO:[0m Prefetch request completed (L1+L2): 24/24 retained keys (24 L1, 0 L2) in 1.2 ms (external_request_id=cmpl-99de6fc71681d483-0-b8aaba7b, prefetch_request_id=-1) [3m(storage_manager.py:716:lmcache.v1.distributed.storage_manager)[0m
[32;20m[2026-09-20 15:58:44,630] LMCache INFO:[0m Retrieved 384 tokens in 0.004 seconds [3m(lmcache_driven_transfer.py:1427:lmcache.v1.multiprocess.modules.lmcache_driven_transfer)[0m
[32;20m[2026-09-20 15:58:44,637] LMCache INFO:[0m Retrieved 384 tokens in 0.004 seconds [3m(lmcache_driven_transfer.py:1427:lmcache.v1.multiprocess.modules.lmcache_driven_transfer)[0m
[32;20m[2026-09-20 15:58:44,712] LMCache INFO:[0m Prefetch request completed (L1+L2): 24/24 retained keys (24 L1, 0 L2) in 1.0 ms (external_request_id=cmpl-a07602da8c992aa2-0-b635997c, prefetch_request_id=-1) [3m(storage_manager.py:716:lmcache.v1.distributed.storage_manager)[0m
[32;20m[2026-09-20 15:58:44,716] LMCache INFO:[0m Retrieved 384 tokens in 0.002 seconds [3m(lmcache_driven_transfer.py:1427:lmcache.v1.multiprocess.modules.lmcache_driven_transfer)[0m
[32;20m[2026-09-20 15:58:44,763] LMCache INFO:[0m Prefetch request completed (L1+L2): 24/24 retained keys (24 L1, 0 L2) in 0.9 ms (external_request_id=cmpl-81afe83d002f519b-0-9473331b, prefetch_request_id=-1) [3m(storage_manager.py:716:lmcache.v1.distributed.storage_manager)[0m
[32;20m[2026-09-20 15:58:44,767] LMCache INFO:[0m Retrieved 384 tokens in 0.002 seconds [3m(lmcache_driven_transfer.py:1427:lmcache.v1.multiprocess.modules.lmcache_driven_transfer)[0m
[32;20m[2026-09-20 15:58:44,815] LMCache INFO:[0m Prefetch request completed (L1+L2): 24/24 retained keys (24 L1, 0 L2) in 0.8 ms (external_request_id=cmpl-b02a3a03883be6c5-0-b798c282, prefetch_request_id=-1) [3m(storage_manager.py:716:lmcache.v1.distributed.storage_manager)[0m
[32;20m[2026-09-20 15:58:44,819] LMCache INFO:[0m L1 memory usage 0.95 above watermark 0.80; triggering eviction. [3m(eviction_controller.py:179:lmcache.v1.distributed.storage_controllers.eviction_controller)[0m
[32;20m[2026-09-20 15:58:44,826] LMCache INFO:[0m Retrieved 384 tokens in 0.009 seconds [3m(lmcache_driven_transfer.py:1427:lmcache.v1.multiprocess.modules.lmcache_driven_transfer)[0m
[32;20m[2026-09-20 15:58:44,877] LMCache INFO:[0m Prefetch request completed (L1+L2): 24/24 retained keys (24 L1, 0 L2) in 0.9 ms (external_request_id=cmpl-a8d7cbf7b1338afc-0-a1d4e5d5, prefetch_request_id=-1) [3m(storage_manager.py:716:lmcache.v1.distributed.storage_manager)[0m
[32;20m[2026-09-20 15:58:44,881] LMCache INFO:[0m Retrieved 384 tokens in 0.002 seconds [3m(lmcache_driven_transfer.py:1427:lmcache.v1.multiprocess.modules.lmcache_driven_transfer)[0m
[32;20m[2026-09-20 15:58:44,930] LMCache INFO:[0m Prefetch request completed (L1+L2): 24/24 retained keys (24 L1, 0 L2) in 0.9 ms (external_request_id=cmpl-902b57b371112774-0-960585db, prefetch_request_id=-1) [3m(storage_manager.py:716:lmcache.v1.distributed.storage_manager)[0m
[32;20m[2026-09-20 15:58:44,934] LMCache INFO:[0m Retrieved 384 tokens in 0.002 seconds [3m(lmcache_driven_transfer.py:1427:lmcache.v1.multiprocess.modules.lmcache_driven_transfer)[0m
[32;20m[2026-09-20 15:58:44,982] LMCache INFO:[0m Prefetch request completed (L1+L2): 24/24 retained keys (24 L1, 0 L2) in 0.8 ms (external_request_id=cmpl-910246b0a7d3d07e-0-8b2bb8c6, prefetch_request_id=-1) [3m(storage_manager.py:716:lmcache.v1.distributed.storage_manager)[0m
[32;20m[2026-09-20 15:58:44,986] LMCache INFO:[0m Retrieved 384 tokens in 0.002 seconds [3m(lmcache_driven_transfer.py:1427:lmcache.v1.multiprocess.modules.lmcache_driven_transfer)[0m
[32;20m[2026-09-20 15:58:45,034] LMCache INFO:[0m Prefetch request completed (L1+L2): 24/24 retained keys (24 L1, 0 L2) in 0.9 ms (external_request_id=cmpl-b61321bd952a9c3d-0-820d688e, prefetch_request_id=-1) [3m(storage_manager.py:716:lmcache.v1.distributed.storage_manager)[0m
[32;20m[2026-09-20 15:58:45,039] LMCache INFO:[0m Retrieved 384 tokens in 0.002 seconds [3m(lmcache_driven_transfer.py:1427:lmcache.v1.multiprocess.modules.lmcache_driven_transfer)[0m
[32;20m[2026-09-20 15:58:45,086] LMCache INFO:[0m Prefetch request completed (L1+L2): 24/24 retained keys (24 L1, 0 L2) in 0.9 ms (external_request_id=cmpl-bd8c61f63831f32d-0-a853343d, prefetch_request_id=-1) [3m(storage_manager.py:716:lmcache.v1.distributed.storage_manager)[0m
[32;20m[2026-09-20 15:58:45,090] LMCache INFO:[0m Retrieved 384 tokens in 0.002 seconds [3m(lmcache_driven_transfer.py:1427:lmcache.v1.multiprocess.modules.lmcache_driven_transfer)[0m
[32;20m[2026-09-20 15:58:45,179] LMCache INFO:[0m Stored 384 tokens in 0.003 seconds [3m(lmcache_driven_transfer.py:1218:lmcache.v1.multiprocess.modules.lmcache_driven_transfer)[0m
[32;20m[2026-09-20 15:58:45,468] LMCache INFO:[0m Prefetch request completed (L1+L2): 24/24 retained keys (24 L1, 0 L2) in 1.0 ms (external_request_id=cmpl-bae41ccd80d7017e-0-a29cdbf9, prefetch_request_id=-1) [3m(storage_manager.py:716:lmcache.v1.distributed.storage_manager)[0m
[32;20m[2026-09-20 15:58:45,472] LMCache INFO:[0m Retrieved 384 tokens in 0.002 seconds [3m(lmcache_driven_transfer.py:1427:lmcache.v1.multiprocess.modules.lmcache_driven_transfer)[0m
[32;20m[2026-09-20 15:58:45,550] LMCache INFO:[0m Prefetch request completed (L1+L2): 24/24 retained keys (24 L1, 0 L2) in 0.9 ms (external_request_id=cmpl-b082b9074a9e045d-0-aea29bde, prefetch_request_id=-1) [3m(storage_manager.py:716:lmcache.v1.distributed.storage_manager)[0m
[32;20m[2026-09-20 15:58:45,556] LMCache INFO:[0m Prefetch request completed (L1+L2): 24/24 retained keys (24 L1, 0 L2) in 1.7 ms (external_request_id=cmpl-a56a89a815b43363-0-b565071b, prefetch_request_id=-1) [3m(storage_manager.py:716:lmcache.v1.distributed.storage_manager)[0m
[32;20m[2026-09-20 15:58:45,557] LMCache INFO:[0m Retrieved 384 tokens in 0.004 seconds [3m(lmcache_driven_transfer.py:1427:lmcache.v1.multiprocess.modules.lmcache_driven_transfer)[0m
[32;20m[2026-09-20 15:58:45,564] LMCache INFO:[0m Retrieved 384 tokens in 0.005 seconds [3m(lmcache_driven_transfer.py:1427:lmcache.v1.multiprocess.modules.lmcache_driven_transfer)[0m
[32;20m[2026-09-20 15:58:45,644] LMCache INFO:[0m Prefetch request completed (L1+L2): 24/24 retained keys (24 L1, 0 L2) in 0.9 ms (external_request_id=cmpl-b9a21bd60b6b54fd-0-83d55852, prefetch_request_id=-1) [3m(storage_manager.py:716:lmcache.v1.distributed.storage_manager)[0m
[32;20m[2026-09-20 15:58:45,648] LMCache INFO:[0m Retrieved 384 tokens in 0.002 seconds [3m(lmcache_driven_transfer.py:1427:lmcache.v1.multiprocess.modules.lmcache_driven_transfer)[0m
[32;20m[2026-09-20 15:58:45,697] LMCache INFO:[0m Prefetch request completed (L1+L2): 24/24 retained keys (24 L1, 0 L2) in 0.8 ms (external_request_id=cmpl-9d383469ec0ba8f6-0-b257328a, prefetch_request_id=-1) [3m(storage_manager.py:716:lmcache.v1.distributed.storage_manager)[0m
[32;20m[2026-09-20 15:58:45,701] LMCache INFO:[0m Retrieved 384 tokens in 0.002 seconds [3m(lmcache_driven_transfer.py:1427:lmcache.v1.multiprocess.modules.lmcache_driven_transfer)[0m
[32;20m[2026-09-20 15:58:45,750] LMCache INFO:[0m Prefetch request completed (L1+L2): 24/24 retained keys (24 L1, 0 L2) in 0.9 ms (external_request_id=cmpl-9023ff2159266150-0-8cf3c380, prefetch_request_id=-1) [3m(storage_manager.py:716:lmcache.v1.distributed.storage_manager)[0m
[32;20m[2026-09-20 15:58:45,754] LMCache INFO:[0m Retrieved 384 tokens in 0.002 seconds [3m(lmcache_driven_transfer.py:1427:lmcache.v1.multiprocess.modules.lmcache_driven_transfer)[0m
[32;20m[2026-09-20 15:58:45,804] LMCache INFO:[0m Prefetch request completed (L1+L2): 24/24 retained keys (24 L1, 0 L2) in 0.9 ms (external_request_id=cmpl-969f2f1cb8d4126d-0-b57e21a3, prefetch_request_id=-1) [3m(storage_manager.py:716:lmcache.v1.distributed.storage_manager)[0m
[32;20m[2026-09-20 15:58:45,808] LMCache INFO:[0m Retrieved 384 tokens in 0.002 seconds [3m(lmcache_driven_transfer.py:1427:lmcache.v1.multiprocess.modules.lmcache_driven_transfer)[0m
[32;20m[2026-09-20 15:58:45,856] LMCache INFO:[0m Prefetch request completed (L1+L2): 24/24 retained keys (24 L1, 0 L2) in 0.9 ms (external_request_id=cmpl-b9abac358fe01dcc-0-896b681a, prefetch_request_id=-1) [3m(storage_manager.py:716:lmcache.v1.distributed.storage_manager)[0m
[32;20m[2026-09-20 15:58:45,860] LMCache INFO:[0m Retrieved 384 tokens in 0.002 seconds [3m(lmcache_driven_transfer.py:1427:lmcache.v1.multiprocess.modules.lmcache_driven_transfer)[0m
[32;20m[2026-09-20 15:58:45,906] LMCache INFO:[0m Prefetch request completed (L1+L2): 24/24 retained keys (24 L1, 0 L2) in 1.0 ms (external_request_id=cmpl-99acf8b483e938fe-0-962b47b6, prefetch_request_id=-1) [3m(storage_manager.py:716:lmcache.v1.distributed.storage_manager)[0m
[32;20m[2026-09-20 15:58:45,910] LMCache INFO:[0m Retrieved 384 tokens in 0.002 seconds [3m(lmcache_driven_transfer.py:1427:lmcache.v1.multiprocess.modules.lmcache_driven_transfer)[0m
[32;20m[2026-09-20 15:58:45,959] LMCache INFO:[0m Prefetch request completed (L1+L2): 24/24 retained keys (24 L1, 0 L2) in 1.0 ms (external_request_id=cmpl-94fbb1d95079fe1c-0-873dc02a, prefetch_request_id=-1) [3m(storage_manager.py:716:lmcache.v1.distributed.storage_manager)[0m
[32;20m[2026-09-20 15:58:45,963] LMCache INFO:[0m Retrieved 384 tokens in 0.002 seconds [3m(lmcache_driven_transfer.py:1427:lmcache.v1.multiprocess.modules.lmcache_driven_transfer)[0m
[32;20m[2026-09-20 15:58:46,011] LMCache INFO:[0m Prefetch request completed (L1+L2): 24/24 retained keys (24 L1, 0 L2) in 0.8 ms (external_request_id=cmpl-a879d668f20559bd-0-a6e7b3ea, prefetch_request_id=-1) [3m(storage_manager.py:716:lmcache.v1.distributed.storage_manager)[0m
[32;20m[2026-09-20 15:58:46,015] LMCache INFO:[0m Retrieved 384 tokens in 0.002 seconds [3m(lmcache_driven_transfer.py:1427:lmcache.v1.multiprocess.modules.lmcache_driven_transfer)[0m
[32;20m[2026-09-20 15:58:46,102] LMCache INFO:[0m Stored 384 tokens in 0.003 seconds [3m(lmcache_driven_transfer.py:1218:lmcache.v1.multiprocess.modules.lmcache_driven_transfer)[0m
[32;20m[2026-09-20 15:58:46,359] LMCache INFO:[0m Prefetch request completed (L1+L2): 24/24 retained keys (24 L1, 0 L2) in 1.1 ms (external_request_id=cmpl-9ca44bfc35e26e35-0-81f0c4a9, prefetch_request_id=-1) [3m(storage_manager.py:716:lmcache.v1.distributed.storage_manager)[0m
[32;20m[2026-09-20 15:58:46,363] LMCache INFO:[0m Retrieved 384 tokens in 0.002 seconds [3m(lmcache_driven_transfer.py:1427:lmcache.v1.multiprocess.modules.lmcache_driven_transfer)[0m
[32;20m[2026-09-20 15:58:46,444] LMCache INFO:[0m Prefetch request completed (L1+L2): 24/24 retained keys (24 L1, 0 L2) in 0.9 ms (external_request_id=cmpl-87139857af1a5b77-0-80426c6f, prefetch_request_id=-1) [3m(storage_manager.py:716:lmcache.v1.distributed.storage_manager)[0m
[32;20m[2026-09-20 15:58:46,449] LMCache INFO:[0m Prefetch request completed (L1+L2): 24/24 retained keys (24 L1, 0 L2) in 1.1 ms (external_request_id=cmpl-8ecbb20676e1caab-0-b75670a1, prefetch_request_id=-1) [3m(storage_manager.py:716:lmcache.v1.distributed.storage_manager)[0m
[32;20m[2026-09-20 15:58:46,450] LMCache INFO:[0m Retrieved 384 tokens in 0.004 seconds [3m(lmcache_driven_transfer.py:1427:lmcache.v1.multiprocess.modules.lmcache_driven_transfer)[0m
[32;20m[2026-09-20 15:58:46,457] LMCache INFO:[0m Retrieved 384 tokens in 0.003 seconds [3m(lmcache_driven_transfer.py:1427:lmcache.v1.multiprocess.modules.lmcache_driven_transfer)[0m
[32;20m[2026-09-20 15:58:46,538] LMCache INFO:[0m Prefetch request completed (L1+L2): 24/24 retained keys (24 L1, 0 L2) in 1.0 ms (external_request_id=cmpl-882eab2fb3397c9e-0-850bf40e, prefetch_request_id=-1) [3m(storage_manager.py:716:lmcache.v1.distributed.storage_manager)[0m
[32;20m[2026-09-20 15:58:46,542] LMCache INFO:[0m Retrieved 384 tokens in 0.002 seconds [3m(lmcache_driven_transfer.py:1427:lmcache.v1.multiprocess.modules.lmcache_driven_transfer)[0m
[32;20m[2026-09-20 15:58:46,591] LMCache INFO:[0m Prefetch request completed (L1+L2): 24/24 retained keys (24 L1, 0 L2) in 0.8 ms (external_request_id=cmpl-8f695664610a7f26-0-b3e62d92, prefetch_request_id=-1) [3m(storage_manager.py:716:lmcache.v1.distributed.storage_manager)[0m
[32;20m[2026-09-20 15:58:46,595] LMCache INFO:[0m Retrieved 384 tokens in 0.002 seconds [3m(lmcache_driven_transfer.py:1427:lmcache.v1.multiprocess.modules.lmcache_driven_transfer)[0m
[32;20m[2026-09-20 15:58:46,680] LMCache INFO:[0m Stored 384 tokens in 0.003 seconds [3m(lmcache_driven_transfer.py:1218:lmcache.v1.multiprocess.modules.lmcache_driven_transfer)[0m
[32;20m[2026-09-20 15:58:46,723] LMCache INFO:[0m L0<->L1 stats [cuda:0] last 10.0s: store ops=83 tokens=30624 size=0.88GB avg_copy=6.71GB/s | retrieve ops=33 tokens=12656 size=0.36GB avg_copy=4.07GB/s [3m(extra_stats.py:159:lmcache.v1.mp_observability.subscribers.logging.extra_stats)[0m
[32;20m[2026-09-20 15:58:46,723] LMCache INFO:[0m L0<->L1 stats [cuda:0] cumulative: store ops=738 tokens=270960 size=7.77GB avg_copy=6.04GB/s | retrieve ops=255 tokens=96352 size=2.76GB avg_copy=4.09GB/s [3m(extra_stats.py:168:lmcache.v1.mp_observability.subscribers.logging.extra_stats)[0m
[32;20m[2026-09-20 15:58:46,730] LMCache INFO:[0m Prefetch request completed (L1+L2): 24/24 retained keys (24 L1, 0 L2) in 1.0 ms (external_request_id=cmpl-a078a86621b32a48-0-9e6fdb46, prefetch_request_id=-1) [3m(storage_manager.py:716:lmcache.v1.distributed.storage_manager)[0m
[32;20m[2026-09-20 15:58:46,734] LMCache INFO:[0m Retrieved 384 tokens in 0.002 seconds [3m(lmcache_driven_transfer.py:1427:lmcache.v1.multiprocess.modules.lmcache_driven_transfer)[0m
[32;20m[2026-09-20 15:58:46,821] LMCache INFO:[0m Stored 112 tokens in 0.002 seconds [3m(lmcache_driven_transfer.py:1218:lmcache.v1.multiprocess.modules.lmcache_driven_transfer)[0m
[32;20m[2026-09-20 15:58:46,827] LMCache INFO:[0m L1 memory usage: 0.42/0.50 GiB (83.1%) [3m(eviction_controller.py:153:lmcache.v1.distributed.storage_controllers.eviction_controller)[0m
[32;20m[2026-09-20 15:58:46,828] LMCache INFO:[0m L1 memory usage 0.83 above watermark 0.80; triggering eviction. [3m(eviction_controller.py:179:lmcache.v1.distributed.storage_controllers.eviction_controller)[0m
[32;20m[2026-09-20 15:58:46,831] LMCache INFO:[0m Prefetch request completed (L1+L2): 24/24 retained keys (24 L1, 0 L2) in 3.8 ms (external_request_id=cmpl-8816f38b3c31ef66-0-ac32c4d0, prefetch_request_id=-1) [3m(storage_manager.py:716:lmcache.v1.distributed.storage_manager)[0m
[32;20m[2026-09-20 15:58:46,838] LMCache INFO:[0m Retrieved 384 tokens in 0.003 seconds [3m(lmcache_driven_transfer.py:1427:lmcache.v1.multiprocess.modules.lmcache_driven_transfer)[0m
[32;20m[2026-09-20 15:58:46,887] LMCache INFO:[0m Prefetch request completed (L1+L2): 24/24 retained keys (24 L1, 0 L2) in 1.0 ms (external_request_id=cmpl-929a4b01ee20498a-0-aab0c07f, prefetch_request_id=-1) [3m(storage_manager.py:716:lmcache.v1.distributed.storage_manager)[0m
[32;20m[2026-09-20 15:58:46,891] LMCache INFO:[0m Retrieved 384 tokens in 0.002 seconds [3m(lmcache_driven_transfer.py:1427:lmcache.v1.multiprocess.modules.lmcache_driven_transfer)[0m
[32;20m[2026-09-20 15:58:46,941] LMCache INFO:[0m Prefetch request completed (L1+L2): 24/24 retained keys (24 L1, 0 L2) in 1.0 ms (external_request_id=cmpl-b4449136d49eb83d-0-b1797271, prefetch_request_id=-1) [3m(storage_manager.py:716:lmcache.v1.distributed.storage_manager)[0m
[32;20m[2026-09-20 15:58:46,945] LMCache INFO:[0m Retrieved 384 tokens in 0.002 seconds [3m(lmcache_driven_transfer.py:1427:lmcache.v1.multiprocess.modules.lmcache_driven_transfer)[0m
[32;20m[2026-09-20 15:58:46,992] LMCache INFO:[0m Prefetch request completed (L1+L2): 24/24 retained keys (24 L1, 0 L2) in 0.8 ms (external_request_id=cmpl-ad96df99aff48e82-0-aed05d10, prefetch_request_id=-1) [3m(storage_manager.py:716:lmcache.v1.distributed.storage_manager)[0m
[32;20m[2026-09-20 15:58:46,997] LMCache INFO:[0m Retrieved 384 tokens in 0.002 seconds [3m(lmcache_driven_transfer.py:1427:lmcache.v1.multiprocess.modules.lmcache_driven_transfer)[0m
[32;20m[2026-09-20 15:58:47,252] LMCache INFO:[0m Prefetch request completed (L1+L2): 24/24 retained keys (24 L1, 0 L2) in 1.2 ms (external_request_id=cmpl-a434347f22518d50-0-aed86588, prefetch_request_id=-1) [3m(storage_manager.py:716:lmcache.v1.distributed.storage_manager)[0m
[32;20m[2026-09-20 15:58:47,257] LMCache INFO:[0m Retrieved 384 tokens in 0.002 seconds [3m(lmcache_driven_transfer.py:1427:lmcache.v1.multiprocess.modules.lmcache_driven_transfer)[0m
[32;20m[2026-09-20 15:58:47,378] LMCache INFO:[0m Stored 384 tokens in 0.003 seconds [3m(lmcache_driven_transfer.py:1218:lmcache.v1.multiprocess.modules.lmcache_driven_transfer)[0m
[32;20m[2026-09-20 15:58:47,458] LMCache INFO:[0m Stored 384 tokens in 0.003 seconds [3m(lmcache_driven_transfer.py:1218:lmcache.v1.multiprocess.modules.lmcache_driven_transfer)[0m
[32;20m[2026-09-20 15:58:47,552] LMCache INFO:[0m Stored 368 tokens in 0.002 seconds [3m(lmcache_driven_transfer.py:1218:lmcache.v1.multiprocess.modules.lmcache_driven_transfer)[0m
[32;20m[2026-09-20 15:58:47,645] LMCache INFO:[0m Stored 384 tokens in 0.002 seconds [3m(lmcache_driven_transfer.py:1218:lmcache.v1.multiprocess.modules.lmcache_driven_transfer)[0m
[32;20m[2026-09-20 15:58:47,734] LMCache INFO:[0m Stored 384 tokens in 0.002 seconds [3m(lmcache_driven_transfer.py:1218:lmcache.v1.multiprocess.modules.lmcache_driven_transfer)[0m
[32;20m[2026-09-20 15:58:47,826] LMCache INFO:[0m Stored 384 tokens in 0.003 seconds [3m(lmcache_driven_transfer.py:1218:lmcache.v1.multiprocess.modules.lmcache_driven_transfer)[0m
[32;20m[2026-09-20 15:58:47,925] LMCache INFO:[0m Stored 384 tokens in 0.008 seconds [3m(lmcache_driven_transfer.py:1218:lmcache.v1.multiprocess.modules.lmcache_driven_transfer)[0m
[32;20m[2026-09-20 15:58:48,011] LMCache INFO:[0m Stored 384 tokens in 0.003 seconds [3m(lmcache_driven_transfer.py:1218:lmcache.v1.multiprocess.modules.lmcache_driven_transfer)[0m
[32;20m[2026-09-20 15:58:48,104] LMCache INFO:[0m Stored 384 tokens in 0.002 seconds [3m(lmcache_driven_transfer.py:1218:lmcache.v1.multiprocess.modules.lmcache_driven_transfer)[0m
[32;20m[2026-09-20 15:58:48,200] LMCache INFO:[0m Stored 384 tokens in 0.003 seconds [3m(lmcache_driven_transfer.py:1218:lmcache.v1.multiprocess.modules.lmcache_driven_transfer)[0m
[32;20m[2026-09-20 15:58:48,295] LMCache INFO:[0m Stored 384 tokens in 0.002 seconds [3m(lmcache_driven_transfer.py:1218:lmcache.v1.multiprocess.modules.lmcache_driven_transfer)[0m
[32;20m[2026-09-20 15:58:48,346] LMCache INFO:[0m Prefetch request completed (L1+L2): 24/24 retained keys (24 L1, 0 L2) in 3.1 ms (external_request_id=cmpl-addeaa72862c15ba-0-b38185cb, prefetch_request_id=-1) [3m(storage_manager.py:716:lmcache.v1.distributed.storage_manager)[0m
[32;20m[2026-09-20 15:58:48,351] LMCache INFO:[0m Retrieved 384 tokens in 0.002 seconds [3m(lmcache_driven_transfer.py:1427:lmcache.v1.multiprocess.modules.lmcache_driven_transfer)[0m
[32;20m[2026-09-20 15:58:48,467] LMCache INFO:[0m Stored 384 tokens in 0.003 seconds [3m(lmcache_driven_transfer.py:1218:lmcache.v1.multiprocess.modules.lmcache_driven_transfer)[0m
[32;20m[2026-09-20 15:58:48,545] LMCache INFO:[0m Stored 384 tokens in 0.003 seconds [3m(lmcache_driven_transfer.py:1218:lmcache.v1.multiprocess.modules.lmcache_driven_transfer)[0m
[32;20m[2026-09-20 15:58:48,642] LMCache INFO:[0m Stored 384 tokens in 0.002 seconds [3m(lmcache_driven_transfer.py:1218:lmcache.v1.multiprocess.modules.lmcache_driven_transfer)[0m
[32;20m[2026-09-20 15:58:48,738] LMCache INFO:[0m Stored 384 tokens in 0.002 seconds [3m(lmcache_driven_transfer.py:1218:lmcache.v1.multiprocess.modules.lmcache_driven_transfer)[0m
[32;20m[2026-09-20 15:58:48,833] LMCache INFO:[0m Stored 384 tokens in 0.003 seconds [3m(lmcache_driven_transfer.py:1218:lmcache.v1.multiprocess.modules.lmcache_driven_transfer)[0m
[32;20m[2026-09-20 15:58:48,837] LMCache INFO:[0m L1 memory usage 0.99 above watermark 0.80; triggering eviction. [3m(eviction_controller.py:179:lmcache.v1.distributed.storage_controllers.eviction_controller)[0m
[32;20m[2026-09-20 15:58:48,926] LMCache INFO:[0m Stored 384 tokens in 0.003 seconds [3m(lmcache_driven_transfer.py:1218:lmcache.v1.multiprocess.modules.lmcache_driven_transfer)[0m
[32;20m[2026-09-20 15:58:49,017] LMCache INFO:[0m Stored 368 tokens in 0.003 seconds [3m(lmcache_driven_transfer.py:1218:lmcache.v1.multiprocess.modules.lmcache_driven_transfer)[0m
[32;20m[2026-09-20 15:58:49,107] LMCache INFO:[0m Stored 384 tokens in 0.003 seconds [3m(lmcache_driven_transfer.py:1218:lmcache.v1.multiprocess.modules.lmcache_driven_transfer)[0m
[32;20m[2026-09-20 15:58:49,196] LMCache INFO:[0m Stored 384 tokens in 0.003 seconds [3m(lmcache_driven_transfer.py:1218:lmcache.v1.multiprocess.modules.lmcache_driven_transfer)[0m
[32;20m[2026-09-20 15:58:49,291] LMCache INFO:[0m Stored 384 tokens in 0.002 seconds [3m(lmcache_driven_transfer.py:1218:lmcache.v1.multiprocess.modules.lmcache_driven_transfer)[0m
[32;20m[2026-09-20 15:58:49,383] LMCache INFO:[0m Stored 336 tokens in 0.003 seconds [3m(lmcache_driven_transfer.py:1218:lmcache.v1.multiprocess.modules.lmcache_driven_transfer)[0m
[32;20m[2026-09-20 15:58:49,423] LMCache INFO:[0m Prefetch request completed (L1+L2): 24/24 retained keys (24 L1, 0 L2) in 1.0 ms (external_request_id=cmpl-a5bddbe30df88e00-0-af0f0bf9, prefetch_request_id=-1) [3m(storage_manager.py:716:lmcache.v1.distributed.storage_manager)[0m
[32;20m[2026-09-20 15:58:49,428] LMCache INFO:[0m Retrieved 384 tokens in 0.002 seconds [3m(lmcache_driven_transfer.py:1427:lmcache.v1.multiprocess.modules.lmcache_driven_transfer)[0m
[32;20m[2026-09-20 15:58:49,545] LMCache INFO:[0m Stored 384 tokens in 0.003 seconds [3m(lmcache_driven_transfer.py:1218:lmcache.v1.multiprocess.modules.lmcache_driven_transfer)[0m
[32;20m[2026-09-20 15:58:49,621] LMCache INFO:[0m Stored 384 tokens in 0.003 seconds [3m(lmcache_driven_transfer.py:1218:lmcache.v1.multiprocess.modules.lmcache_driven_transfer)[0m
[32;20m[2026-09-20 15:58:49,713] LMCache INFO:[0m Stored 384 tokens in 0.002 seconds [3m(lmcache_driven_transfer.py:1218:lmcache.v1.multiprocess.modules.lmcache_driven_transfer)[0m
[32;20m[2026-09-20 15:58:49,808] LMCache INFO:[0m Stored 384 tokens in 0.003 seconds [3m(lmcache_driven_transfer.py:1218:lmcache.v1.multiprocess.modules.lmcache_driven_transfer)[0m
[32;20m[2026-09-20 15:58:49,844] LMCache INFO:[0m L1 memory usage 1.00 above watermark 0.80; triggering eviction. [3m(eviction_controller.py:179:lmcache.v1.distributed.storage_controllers.eviction_controller)[0m
[32;20m[2026-09-20 15:58:49,899] LMCache INFO:[0m Stored 384 tokens in 0.003 seconds [3m(lmcache_driven_transfer.py:1218:lmcache.v1.multiprocess.modules.lmcache_driven_transfer)[0m
[32;20m[2026-09-20 15:58:49,992] LMCache INFO:[0m Stored 384 tokens in 0.003 seconds [3m(lmcache_driven_transfer.py:1218:lmcache.v1.multiprocess.modules.lmcache_driven_transfer)[0m
[32;20m[2026-09-20 15:58:50,080] LMCache INFO:[0m Stored 384 tokens in 0.003 seconds [3m(lmcache_driven_transfer.py:1218:lmcache.v1.multiprocess.modules.lmcache_driven_transfer)[0m
[32;20m[2026-09-20 15:58:50,169] LMCache INFO:[0m Stored 384 tokens in 0.003 seconds [3m(lmcache_driven_transfer.py:1218:lmcache.v1.multiprocess.modules.lmcache_driven_transfer)[0m
[32;20m[2026-09-20 15:58:50,263] LMCache INFO:[0m Stored 384 tokens in 0.003 seconds [3m(lmcache_driven_transfer.py:1218:lmcache.v1.multiprocess.modules.lmcache_driven_transfer)[0m
[32;20m[2026-09-20 15:58:50,353] LMCache INFO:[0m Stored 384 tokens in 0.003 seconds [3m(lmcache_driven_transfer.py:1218:lmcache.v1.multiprocess.modules.lmcache_driven_transfer)[0m
[32;20m[2026-09-20 15:58:50,452] LMCache INFO:[0m Stored 384 tokens in 0.003 seconds [3m(lmcache_driven_transfer.py:1218:lmcache.v1.multiprocess.modules.lmcache_driven_transfer)[0m
[32;20m[2026-09-20 15:58:50,530] LMCache INFO:[0m Stored 96 tokens in 0.002 seconds [3m(lmcache_driven_transfer.py:1218:lmcache.v1.multiprocess.modules.lmcache_driven_transfer)[0m
[32;20m[2026-09-20 15:58:50,605] LMCache INFO:[0m Stored 384 tokens in 0.003 seconds [3m(lmcache_driven_transfer.py:1218:lmcache.v1.multiprocess.modules.lmcache_driven_transfer)[0m
[32;20m[2026-09-20 15:58:50,687] LMCache INFO:[0m Stored 384 tokens in 0.003 seconds [3m(lmcache_driven_transfer.py:1218:lmcache.v1.multiprocess.modules.lmcache_driven_transfer)[0m
[33;20m[2026-09-20 15:58:50,781] LMCache WARNING:[0m Failed to batched allocate 24 memory blocks of size 458752 because no enough memory is available (short by 17 blocks) [3m(memory_management.py:1490:lmcache.v1.memory_management)[0m
[32;20m[2026-09-20 15:58:50,850] LMCache INFO:[0m L1 memory usage 0.99 above watermark 0.80; triggering eviction. [3m(eviction_controller.py:179:lmcache.v1.distributed.storage_controllers.eviction_controller)[0m
[32;20m[2026-09-20 15:58:50,878] LMCache INFO:[0m Stored 384 tokens in 0.003 seconds [3m(lmcache_driven_transfer.py:1218:lmcache.v1.multiprocess.modules.lmcache_driven_transfer)[0m
[32;20m[2026-09-20 15:58:50,971] LMCache INFO:[0m Stored 384 tokens in 0.003 seconds [3m(lmcache_driven_transfer.py:1218:lmcache.v1.multiprocess.modules.lmcache_driven_transfer)[0m
[32;20m[2026-09-20 15:58:51,064] LMCache INFO:[0m Stored 384 tokens in 0.003 seconds [3m(lmcache_driven_transfer.py:1218:lmcache.v1.multiprocess.modules.lmcache_driven_transfer)[0m
[32;20m[2026-09-20 15:58:51,158] LMCache INFO:[0m Stored 384 tokens in 0.003 seconds [3m(lmcache_driven_transfer.py:1218:lmcache.v1.multiprocess.modules.lmcache_driven_transfer)[0m
[32;20m[2026-09-20 15:58:51,252] LMCache INFO:[0m Stored 384 tokens in 0.003 seconds [3m(lmcache_driven_transfer.py:1218:lmcache.v1.multiprocess.modules.lmcache_driven_transfer)[0m
[32;20m[2026-09-20 15:58:51,345] LMCache INFO:[0m Stored 384 tokens in 0.003 seconds [3m(lmcache_driven_transfer.py:1218:lmcache.v1.multiprocess.modules.lmcache_driven_transfer)[0m
[32;20m[2026-09-20 15:58:51,440] LMCache INFO:[0m Stored 368 tokens in 0.003 seconds [3m(lmcache_driven_transfer.py:1218:lmcache.v1.multiprocess.modules.lmcache_driven_transfer)[0m
[32;20m[2026-09-20 15:58:51,490] LMCache INFO:[0m Prefetch request completed (L1+L2): 24/24 retained keys (24 L1, 0 L2) in 1.1 ms (external_request_id=cmpl-814f7572860abdd8-0-96b477c4, prefetch_request_id=-1) [3m(storage_manager.py:716:lmcache.v1.distributed.storage_manager)[0m
[32;20m[2026-09-20 15:58:51,496] LMCache INFO:[0m Retrieved 384 tokens in 0.002 seconds [3m(lmcache_driven_transfer.py:1427:lmcache.v1.multiprocess.modules.lmcache_driven_transfer)[0m
[32;20m[2026-09-20 15:58:51,575] LMCache INFO:[0m Prefetch request completed (L1+L2): 24/24 retained keys (24 L1, 0 L2) in 1.0 ms (external_request_id=cmpl-819f6e5793d80a11-0-ab0b27c7, prefetch_request_id=-1) [3m(storage_manager.py:716:lmcache.v1.distributed.storage_manager)[0m
[32;20m[2026-09-20 15:58:51,580] LMCache INFO:[0m Prefetch request completed (L1+L2): 24/24 retained keys (24 L1, 0 L2) in 1.2 ms (external_request_id=cmpl-a2b2f549202699fa-0-a24a611a, prefetch_request_id=-1) [3m(storage_manager.py:716:lmcache.v1.distributed.storage_manager)[0m
[32;20m[2026-09-20 15:58:51,581] LMCache INFO:[0m Retrieved 384 tokens in 0.004 seconds [3m(lmcache_driven_transfer.py:1427:lmcache.v1.multiprocess.modules.lmcache_driven_transfer)[0m
[32;20m[2026-09-20 15:58:51,587] LMCache INFO:[0m Retrieved 384 tokens in 0.004 seconds [3m(lmcache_driven_transfer.py:1427:lmcache.v1.multiprocess.modules.lmcache_driven_transfer)[0m
[32;20m[2026-09-20 15:58:51,661] LMCache INFO:[0m Prefetch request completed (L1+L2): 24/24 retained keys (24 L1, 0 L2) in 1.2 ms (external_request_id=cmpl-b8346d4c6253b04b-0-b6f2c940, prefetch_request_id=-1) [3m(storage_manager.py:716:lmcache.v1.distributed.storage_manager)[0m
[32;20m[2026-09-20 15:58:51,665] LMCache INFO:[0m Retrieved 384 tokens in 0.002 seconds [3m(lmcache_driven_transfer.py:1427:lmcache.v1.multiprocess.modules.lmcache_driven_transfer)[0m
[32;20m[2026-09-20 15:58:51,715] LMCache INFO:[0m Prefetch request completed (L1+L2): 24/24 retained keys (24 L1, 0 L2) in 0.9 ms (external_request_id=cmpl-8748c7a864de1630-0-bcb4fd0b, prefetch_request_id=-1) [3m(storage_manager.py:716:lmcache.v1.distributed.storage_manager)[0m
[32;20m[2026-09-20 15:58:51,719] LMCache INFO:[0m Retrieved 384 tokens in 0.002 seconds [3m(lmcache_driven_transfer.py:1427:lmcache.v1.multiprocess.modules.lmcache_driven_transfer)[0m
[32;20m[2026-09-20 15:58:51,768] LMCache INFO:[0m Prefetch request completed (L1+L2): 24/24 retained keys (24 L1, 0 L2) in 0.9 ms (external_request_id=cmpl-af4a77dc147c8089-0-8390d94d, prefetch_request_id=-1) [3m(storage_manager.py:716:lmcache.v1.distributed.storage_manager)[0m
[32;20m[2026-09-20 15:58:51,772] LMCache INFO:[0m Retrieved 384 tokens in 0.002 seconds [3m(lmcache_driven_transfer.py:1427:lmcache.v1.multiprocess.modules.lmcache_driven_transfer)[0m
[32;20m[2026-09-20 15:58:51,821] LMCache INFO:[0m Prefetch request completed (L1+L2): 24/24 retained keys (24 L1, 0 L2) in 1.0 ms (external_request_id=cmpl-ad6baf8bf8c03c62-0-a1185b2c, prefetch_request_id=-1) [3m(storage_manager.py:716:lmcache.v1.distributed.storage_manager)[0m
[32;20m[2026-09-20 15:58:51,825] LMCache INFO:[0m Retrieved 384 tokens in 0.002 seconds [3m(lmcache_driven_transfer.py:1427:lmcache.v1.multiprocess.modules.lmcache_driven_transfer)[0m
[32;20m[2026-09-20 15:58:51,857] LMCache INFO:[0m L1 memory usage 0.94 above watermark 0.80; triggering eviction. [3m(eviction_controller.py:179:lmcache.v1.distributed.storage_controllers.eviction_controller)[0m
[32;20m[2026-09-20 15:58:51,873] LMCache INFO:[0m Prefetch request completed (L1+L2): 24/24 retained keys (24 L1, 0 L2) in 1.1 ms (external_request_id=cmpl-9ebfdd9e3e4f641d-0-ba107d1b, prefetch_request_id=-1) [3m(storage_manager.py:716:lmcache.v1.distributed.storage_manager)[0m
[32;20m[2026-09-20 15:58:51,878] LMCache INFO:[0m Retrieved 384 tokens in 0.002 seconds [3m(lmcache_driven_transfer.py:1427:lmcache.v1.multiprocess.modules.lmcache_driven_transfer)[0m
[32;20m[2026-09-20 15:58:51,927] LMCache INFO:[0m Prefetch request completed (L1+L2): 24/24 retained keys (24 L1, 0 L2) in 0.9 ms (external_request_id=cmpl-843834ea29c5b666-0-a97b391d, prefetch_request_id=-1) [3m(storage_manager.py:716:lmcache.v1.distributed.storage_manager)[0m
[32;20m[2026-09-20 15:58:51,932] LMCache INFO:[0m Retrieved 384 tokens in 0.002 seconds [3m(lmcache_driven_transfer.py:1427:lmcache.v1.multiprocess.modules.lmcache_driven_transfer)[0m
[32;20m[2026-09-20 15:58:51,980] LMCache INFO:[0m Prefetch request completed (L1+L2): 24/24 retained keys (24 L1, 0 L2) in 0.9 ms (external_request_id=cmpl-b01ac50d1d986a8f-0-b39d0237, prefetch_request_id=-1) [3m(storage_manager.py:716:lmcache.v1.distributed.storage_manager)[0m
[32;20m[2026-09-20 15:58:51,984] LMCache INFO:[0m Retrieved 384 tokens in 0.002 seconds [3m(lmcache_driven_transfer.py:1427:lmcache.v1.multiprocess.modules.lmcache_driven_transfer)[0m
[32;20m[2026-09-20 15:58:52,031] LMCache INFO:[0m Prefetch request completed (L1+L2): 24/24 retained keys (24 L1, 0 L2) in 0.8 ms (external_request_id=cmpl-84ffbeade0ffdd04-0-a9c3f4b0, prefetch_request_id=-1) [3m(storage_manager.py:716:lmcache.v1.distributed.storage_manager)[0m
[32;20m[2026-09-20 15:58:52,035] LMCache INFO:[0m Retrieved 384 tokens in 0.002 seconds [3m(lmcache_driven_transfer.py:1427:lmcache.v1.multiprocess.modules.lmcache_driven_transfer)[0m
[32;20m[2026-09-20 15:58:52,083] LMCache INFO:[0m Prefetch request completed (L1+L2): 24/24 retained keys (24 L1, 0 L2) in 0.9 ms (external_request_id=cmpl-80be50288f9cc199-0-9847074e, prefetch_request_id=-1) [3m(storage_manager.py:716:lmcache.v1.distributed.storage_manager)[0m
[32;20m[2026-09-20 15:58:52,086] LMCache INFO:[0m Retrieved 384 tokens in 0.002 seconds [3m(lmcache_driven_transfer.py:1427:lmcache.v1.multiprocess.modules.lmcache_driven_transfer)[0m
[32;20m[2026-09-20 15:58:52,416] LMCache INFO:[0m Prefetch request completed (L1+L2): 24/24 retained keys (24 L1, 0 L2) in 0.9 ms (external_request_id=cmpl-b72e920245256c69-0-ac5d4537, prefetch_request_id=-1) [3m(storage_manager.py:716:lmcache.v1.distributed.storage_manager)[0m
[32;20m[2026-09-20 15:58:52,420] LMCache INFO:[0m Retrieved 384 tokens in 0.002 seconds [3m(lmcache_driven_transfer.py:1427:lmcache.v1.multiprocess.modules.lmcache_driven_transfer)[0m
[32;20m[2026-09-20 15:58:52,499] LMCache INFO:[0m Prefetch request completed (L1+L2): 24/24 retained keys (24 L1, 0 L2) in 0.9 ms (external_request_id=cmpl-b62a944f5c7436df-0-9fe947c9, prefetch_request_id=-1) [3m(storage_manager.py:716:lmcache.v1.distributed.storage_manager)[0m
[32;20m[2026-09-20 15:58:52,505] LMCache INFO:[0m Prefetch request completed (L1+L2): 24/24 retained keys (24 L1, 0 L2) in 1.2 ms (external_request_id=cmpl-ae393237e6c7bdfc-0-9c332e2c, prefetch_request_id=-1) [3m(storage_manager.py:716:lmcache.v1.distributed.storage_manager)[0m
[32;20m[2026-09-20 15:58:52,505] LMCache INFO:[0m Retrieved 384 tokens in 0.004 seconds [3m(lmcache_driven_transfer.py:1427:lmcache.v1.multiprocess.modules.lmcache_driven_transfer)[0m
[32;20m[2026-09-20 15:58:52,511] LMCache INFO:[0m Retrieved 384 tokens in 0.003 seconds [3m(lmcache_driven_transfer.py:1427:lmcache.v1.multiprocess.modules.lmcache_driven_transfer)[0m
[32;20m[2026-09-20 15:58:52,587] LMCache INFO:[0m Prefetch request completed (L1+L2): 24/24 retained keys (24 L1, 0 L2) in 1.0 ms (external_request_id=cmpl-b03c38103b8818ba-0-89d96a44, prefetch_request_id=-1) [3m(storage_manager.py:716:lmcache.v1.distributed.storage_manager)[0m
[32;20m[2026-09-20 15:58:52,591] LMCache INFO:[0m Retrieved 384 tokens in 0.002 seconds [3m(lmcache_driven_transfer.py:1427:lmcache.v1.multiprocess.modules.lmcache_driven_transfer)[0m
[32;20m[2026-09-20 15:58:52,638] LMCache INFO:[0m Prefetch request completed (L1+L2): 24/24 retained keys (24 L1, 0 L2) in 1.0 ms (external_request_id=cmpl-8c3b12efc813ba7d-0-b0ede37f, prefetch_request_id=-1) [3m(storage_manager.py:716:lmcache.v1.distributed.storage_manager)[0m
[32;20m[2026-09-20 15:58:52,642] LMCache INFO:[0m Retrieved 384 tokens in 0.002 seconds [3m(lmcache_driven_transfer.py:1427:lmcache.v1.multiprocess.modules.lmcache_driven_transfer)[0m
[32;20m[2026-09-20 15:58:52,692] LMCache INFO:[0m Prefetch request completed (L1+L2): 24/24 retained keys (24 L1, 0 L2) in 0.9 ms (external_request_id=cmpl-b39340bc552c307a-0-8940ec3e, prefetch_request_id=-1) [3m(storage_manager.py:716:lmcache.v1.distributed.storage_manager)[0m
[32;20m[2026-09-20 15:58:52,696] LMCache INFO:[0m Retrieved 384 tokens in 0.002 seconds [3m(lmcache_driven_transfer.py:1427:lmcache.v1.multiprocess.modules.lmcache_driven_transfer)[0m
[32;20m[2026-09-20 15:58:52,744] LMCache INFO:[0m Prefetch request completed (L1+L2): 24/24 retained keys (24 L1, 0 L2) in 0.9 ms (external_request_id=cmpl-bd8f3fe4cc9df32d-0-b128809c, prefetch_request_id=-1) [3m(storage_manager.py:716:lmcache.v1.distributed.storage_manager)[0m
[32;20m[2026-09-20 15:58:52,748] LMCache INFO:[0m Retrieved 384 tokens in 0.002 seconds [3m(lmcache_driven_transfer.py:1427:lmcache.v1.multiprocess.modules.lmcache_driven_transfer)[0m
[32;20m[2026-09-20 15:58:52,797] LMCache INFO:[0m Prefetch request completed (L1+L2): 23/23 retained keys (23 L1, 0 L2) in 0.9 ms (external_request_id=cmpl-a83135b2f67e92ae-0-9ef12c37, prefetch_request_id=-1) [3m(storage_manager.py:716:lmcache.v1.distributed.storage_manager)[0m
[32;20m[2026-09-20 15:58:52,802] LMCache INFO:[0m Retrieved 368 tokens in 0.002 seconds [3m(lmcache_driven_transfer.py:1427:lmcache.v1.multiprocess.modules.lmcache_driven_transfer)[0m
[32;20m[2026-09-20 15:58:52,847] LMCache INFO:[0m Prefetch request completed (L1+L2): 24/24 retained keys (24 L1, 0 L2) in 0.9 ms (external_request_id=cmpl-ae3f0eda799b0e3f-0-aaec2c6c, prefetch_request_id=-1) [3m(storage_manager.py:716:lmcache.v1.distributed.storage_manager)[0m
[32;20m[2026-09-20 15:58:52,851] LMCache INFO:[0m Retrieved 384 tokens in 0.002 seconds [3m(lmcache_driven_transfer.py:1427:lmcache.v1.multiprocess.modules.lmcache_driven_transfer)[0m
[32;20m[2026-09-20 15:58:52,899] LMCache INFO:[0m Prefetch request completed (L1+L2): 24/24 retained keys (24 L1, 0 L2) in 1.0 ms (external_request_id=cmpl-a59d580dc355d080-0-aa05ad8f, prefetch_request_id=-1) [3m(storage_manager.py:716:lmcache.v1.distributed.storage_manager)[0m
[32;20m[2026-09-20 15:58:52,903] LMCache INFO:[0m Retrieved 384 tokens in 0.002 seconds [3m(lmcache_driven_transfer.py:1427:lmcache.v1.multiprocess.modules.lmcache_driven_transfer)[0m
[32;20m[2026-09-20 15:58:52,952] LMCache INFO:[0m Prefetch request completed (L1+L2): 24/24 retained keys (24 L1, 0 L2) in 0.9 ms (external_request_id=cmpl-b56aab1efccdcbc2-0-a30fe02a, prefetch_request_id=-1) [3m(storage_manager.py:716:lmcache.v1.distributed.storage_manager)[0m
[32;20m[2026-09-20 15:58:52,957] LMCache INFO:[0m Retrieved 384 tokens in 0.002 seconds [3m(lmcache_driven_transfer.py:1427:lmcache.v1.multiprocess.modules.lmcache_driven_transfer)[0m
[32;20m[2026-09-20 15:58:53,004] LMCache INFO:[0m Prefetch request completed (L1+L2): 21/21 retained keys (21 L1, 0 L2) in 1.0 ms (external_request_id=cmpl-af4a1b9c04c44d1f-0-8e2701dc, prefetch_request_id=-1) [3m(storage_manager.py:716:lmcache.v1.distributed.storage_manager)[0m
[32;20m[2026-09-20 15:58:53,008] LMCache INFO:[0m Retrieved 336 tokens in 0.002 seconds [3m(lmcache_driven_transfer.py:1427:lmcache.v1.multiprocess.modules.lmcache_driven_transfer)[0m
[32;20m[2026-09-20 15:58:53,343] LMCache INFO:[0m Prefetch request completed (L1+L2): 24/24 retained keys (24 L1, 0 L2) in 1.1 ms (external_request_id=cmpl-9662735255faebca-0-a00fb02a, prefetch_request_id=-1) [3m(storage_manager.py:716:lmcache.v1.distributed.storage_manager)[0m
[32;20m[2026-09-20 15:58:53,347] LMCache INFO:[0m Retrieved 384 tokens in 0.002 seconds [3m(lmcache_driven_transfer.py:1427:lmcache.v1.multiprocess.modules.lmcache_driven_transfer)[0m
[32;20m[2026-09-20 15:58:53,466] LMCache INFO:[0m Stored 384 tokens in 0.003 seconds [3m(lmcache_driven_transfer.py:1218:lmcache.v1.multiprocess.modules.lmcache_driven_transfer)[0m
[32;20m[2026-09-20 15:58:53,554] LMCache INFO:[0m Stored 384 tokens in 0.002 seconds [3m(lmcache_driven_transfer.py:1218:lmcache.v1.multiprocess.modules.lmcache_driven_transfer)[0m
[32;20m[2026-09-20 15:58:53,648] LMCache INFO:[0m Stored 368 tokens in 0.007 seconds [3m(lmcache_driven_transfer.py:1218:lmcache.v1.multiprocess.modules.lmcache_driven_transfer)[0m
[32;20m[2026-09-20 15:58:53,735] LMCache INFO:[0m Stored 384 tokens in 0.003 seconds [3m(lmcache_driven_transfer.py:1218:lmcache.v1.multiprocess.modules.lmcache_driven_transfer)[0m
[32;20m[2026-09-20 15:58:53,821] LMCache INFO:[0m Stored 384 tokens in 0.002 seconds [3m(lmcache_driven_transfer.py:1218:lmcache.v1.multiprocess.modules.lmcache_driven_transfer)[0m
[32;20m[2026-09-20 15:58:53,864] LMCache INFO:[0m L1 memory usage 0.85 above watermark 0.80; triggering eviction. [3m(eviction_controller.py:179:lmcache.v1.distributed.storage_controllers.eviction_controller)[0m
[32;20m[2026-09-20 15:58:53,913] LMCache INFO:[0m Stored 384 tokens in 0.002 seconds [3m(lmcache_driven_transfer.py:1218:lmcache.v1.multiprocess.modules.lmcache_driven_transfer)[0m
[32;20m[2026-09-20 15:58:54,007] LMCache INFO:[0m Stored 384 tokens in 0.003 seconds [3m(lmcache_driven_transfer.py:1218:lmcache.v1.multiprocess.modules.lmcache_driven_transfer)[0m
[32;20m[2026-09-20 15:58:54,096] LMCache INFO:[0m Stored 384 tokens in 0.002 seconds [3m(lmcache_driven_transfer.py:1218:lmcache.v1.multiprocess.modules.lmcache_driven_transfer)[0m
[32;20m[2026-09-20 15:58:54,190] LMCache INFO:[0m Stored 384 tokens in 0.003 seconds [3m(lmcache_driven_transfer.py:1218:lmcache.v1.multiprocess.modules.lmcache_driven_transfer)[0m
[32;20m[2026-09-20 15:58:54,289] LMCache INFO:[0m Stored 384 tokens in 0.004 seconds [3m(lmcache_driven_transfer.py:1218:lmcache.v1.multiprocess.modules.lmcache_driven_transfer)[0m
[32;20m[2026-09-20 15:58:54,336] LMCache INFO:[0m Prefetch request completed (L1+L2): 23/23 retained keys (23 L1, 0 L2) in 2.2 ms (external_request_id=cmpl-a7ea79a3e82d7628-0-9cb4769e, prefetch_request_id=-1) [3m(storage_manager.py:716:lmcache.v1.distributed.storage_manager)[0m
[32;20m[2026-09-20 15:58:54,342] LMCache INFO:[0m Retrieved 368 tokens in 0.002 seconds [3m(lmcache_driven_transfer.py:1427:lmcache.v1.multiprocess.modules.lmcache_driven_transfer)[0m
[32;20m[2026-09-20 15:58:54,463] LMCache INFO:[0m Stored 384 tokens in 0.003 seconds [3m(lmcache_driven_transfer.py:1218:lmcache.v1.multiprocess.modules.lmcache_driven_transfer)[0m
[32;20m[2026-09-20 15:58:54,541] LMCache INFO:[0m Stored 384 tokens in 0.003 seconds [3m(lmcache_driven_transfer.py:1218:lmcache.v1.multiprocess.modules.lmcache_driven_transfer)[0m
[32;20m[2026-09-20 15:58:54,625] LMCache INFO:[0m Stored 384 tokens in 0.002 seconds [3m(lmcache_driven_transfer.py:1218:lmcache.v1.multiprocess.modules.lmcache_driven_transfer)[0m
[32;20m[2026-09-20 15:58:54,717] LMCache INFO:[0m Stored 384 tokens in 0.002 seconds [3m(lmcache_driven_transfer.py:1218:lmcache.v1.multiprocess.modules.lmcache_driven_transfer)[0m
[32;20m[2026-09-20 15:58:54,810] LMCache INFO:[0m Stored 384 tokens in 0.003 seconds [3m(lmcache_driven_transfer.py:1218:lmcache.v1.multiprocess.modules.lmcache_driven_transfer)[0m
[32;20m[2026-09-20 15:58:54,872] LMCache INFO:[0m L1 memory usage 0.89 above watermark 0.80; triggering eviction. [3m(eviction_controller.py:179:lmcache.v1.distributed.storage_controllers.eviction_controller)[0m
[32;20m[2026-09-20 15:58:54,902] LMCache INFO:[0m Stored 384 tokens in 0.003 seconds [3m(lmcache_driven_transfer.py:1218:lmcache.v1.multiprocess.modules.lmcache_driven_transfer)[0m
[32;20m[2026-09-20 15:58:54,992] LMCache INFO:[0m Stored 240 tokens in 0.002 seconds [3m(lmcache_driven_transfer.py:1218:lmcache.v1.multiprocess.modules.lmcache_driven_transfer)[0m
[32;20m[2026-09-20 15:58:55,059] LMCache INFO:[0m Stored 384 tokens in 0.003 seconds [3m(lmcache_driven_transfer.py:1218:lmcache.v1.multiprocess.modules.lmcache_driven_transfer)[0m
[32;20m[2026-09-20 15:58:55,153] LMCache INFO:[0m Stored 384 tokens in 0.004 seconds [3m(lmcache_driven_transfer.py:1218:lmcache.v1.multiprocess.modules.lmcache_driven_transfer)[0m
[32;20m[2026-09-20 15:58:55,241] LMCache INFO:[0m Stored 384 tokens in 0.003 seconds [3m(lmcache_driven_transfer.py:1218:lmcache.v1.multiprocess.modules.lmcache_driven_transfer)[0m
[32;20m[2026-09-20 15:58:55,335] LMCache INFO:[0m Stored 384 tokens in 0.003 seconds [3m(lmcache_driven_transfer.py:1218:lmcache.v1.multiprocess.modules.lmcache_driven_transfer)[0m
[32;20m[2026-09-20 15:58:55,379] LMCache INFO:[0m Prefetch request completed (L1+L2): 24/24 retained keys (24 L1, 0 L2) in 1.0 ms (external_request_id=cmpl-9f04c4a2f16c97f2-0-b6576a32, prefetch_request_id=-1) [3m(storage_manager.py:716:lmcache.v1.distributed.storage_manager)[0m
[32;20m[2026-09-20 15:58:55,384] LMCache INFO:[0m Retrieved 384 tokens in 0.002 seconds [3m(lmcache_driven_transfer.py:1427:lmcache.v1.multiprocess.modules.lmcache_driven_transfer)[0m
[32;20m[2026-09-20 15:58:55,504] LMCache INFO:[0m Stored 384 tokens in 0.003 seconds [3m(lmcache_driven_transfer.py:1218:lmcache.v1.multiprocess.modules.lmcache_driven_transfer)[0m
[32;20m[2026-09-20 15:58:55,578] LMCache INFO:[0m Stored 384 tokens in 0.003 seconds [3m(lmcache_driven_transfer.py:1218:lmcache.v1.multiprocess.modules.lmcache_driven_transfer)[0m
[32;20m[2026-09-20 15:58:55,672] LMCache INFO:[0m Stored 384 tokens in 0.003 seconds [3m(lmcache_driven_transfer.py:1218:lmcache.v1.multiprocess.modules.lmcache_driven_transfer)[0m
[32;20m[2026-09-20 15:58:55,765] LMCache INFO:[0m Stored 368 tokens in 0.003 seconds [3m(lmcache_driven_transfer.py:1218:lmcache.v1.multiprocess.modules.lmcache_driven_transfer)[0m
[32;20m[2026-09-20 15:58:55,860] LMCache INFO:[0m Stored 384 tokens in 0.002 seconds [3m(lmcache_driven_transfer.py:1218:lmcache.v1.multiprocess.modules.lmcache_driven_transfer)[0m
[32;20m[2026-09-20 15:58:55,878] LMCache INFO:[0m L1 memory usage 0.93 above watermark 0.80; triggering eviction. [3m(eviction_controller.py:179:lmcache.v1.distributed.storage_controllers.eviction_controller)[0m
[32;20m[2026-09-20 15:58:55,948] LMCache INFO:[0m Stored 384 tokens in 0.003 seconds [3m(lmcache_driven_transfer.py:1218:lmcache.v1.multiprocess.modules.lmcache_driven_transfer)[0m
[32;20m[2026-09-20 15:58:56,037] LMCache INFO:[0m Stored 384 tokens in 0.003 seconds [3m(lmcache_driven_transfer.py:1218:lmcache.v1.multiprocess.modules.lmcache_driven_transfer)[0m
[32;20m[2026-09-20 15:58:56,130] LMCache INFO:[0m Stored 384 tokens in 0.003 seconds [3m(lmcache_driven_transfer.py:1218:lmcache.v1.multiprocess.modules.lmcache_driven_transfer)[0m
[32;20m[2026-09-20 15:58:56,223] LMCache INFO:[0m Stored 176 tokens in 0.002 seconds [3m(lmcache_driven_transfer.py:1218:lmcache.v1.multiprocess.modules.lmcache_driven_transfer)[0m
[32;20m[2026-09-20 15:58:56,273] LMCache INFO:[0m Stored 384 tokens in 0.003 seconds [3m(lmcache_driven_transfer.py:1218:lmcache.v1.multiprocess.modules.lmcache_driven_transfer)[0m
[32;20m[2026-09-20 15:58:56,363] LMCache INFO:[0m Stored 384 tokens in 0.003 seconds [3m(lmcache_driven_transfer.py:1218:lmcache.v1.multiprocess.modules.lmcache_driven_transfer)[0m
[32;20m[2026-09-20 15:58:56,449] LMCache INFO:[0m Stored 384 tokens in 0.003 seconds [3m(lmcache_driven_transfer.py:1218:lmcache.v1.multiprocess.modules.lmcache_driven_transfer)[0m
[32;20m[2026-09-20 15:58:56,576] LMCache INFO:[0m Stored 384 tokens in 0.003 seconds [3m(lmcache_driven_transfer.py:1218:lmcache.v1.multiprocess.modules.lmcache_driven_transfer)[0m
[32;20m[2026-09-20 15:58:56,660] LMCache INFO:[0m Stored 384 tokens in 0.003 seconds [3m(lmcache_driven_transfer.py:1218:lmcache.v1.multiprocess.modules.lmcache_driven_transfer)[0m
[32;20m[2026-09-20 15:58:56,751] LMCache INFO:[0m Stored 384 tokens in 0.002 seconds [3m(lmcache_driven_transfer.py:1218:lmcache.v1.multiprocess.modules.lmcache_driven_transfer)[0m
[32;20m[2026-09-20 15:58:56,799] LMCache INFO:[0m L0<->L1 stats [cuda:0] last 10.1s: store ops=81 tokens=29680 size=0.85GB avg_copy=6.82GB/s | retrieve ops=35 tokens=13360 size=0.38GB avg_copy=4.26GB/s [3m(extra_stats.py:159:lmcache.v1.mp_observability.subscribers.logging.extra_stats)[0m
[32;20m[2026-09-20 15:58:56,799] LMCache INFO:[0m L0<->L1 stats [cuda:0] cumulative: store ops=819 tokens=300640 size=8.62GB avg_copy=6.11GB/s | retrieve ops=290 tokens=109712 size=3.15GB avg_copy=4.11GB/s [3m(extra_stats.py:168:lmcache.v1.mp_observability.subscribers.logging.extra_stats)[0m
[32;20m[2026-09-20 15:58:56,842] LMCache INFO:[0m Stored 384 tokens in 0.003 seconds [3m(lmcache_driven_transfer.py:1218:lmcache.v1.multiprocess.modules.lmcache_driven_transfer)[0m
[32;20m[2026-09-20 15:58:56,884] LMCache INFO:[0m L1 memory usage: 0.48/0.50 GiB (96.4%) [3m(eviction_controller.py:153:lmcache.v1.distributed.storage_controllers.eviction_controller)[0m
[32;20m[2026-09-20 15:58:56,885] LMCache INFO:[0m L1 memory usage 0.96 above watermark 0.80; triggering eviction. [3m(eviction_controller.py:179:lmcache.v1.distributed.storage_controllers.eviction_controller)[0m
[32;20m[2026-09-20 15:58:56,940] LMCache INFO:[0m Stored 384 tokens in 0.004 seconds [3m(lmcache_driven_transfer.py:1218:lmcache.v1.multiprocess.modules.lmcache_driven_transfer)[0m
[32;20m[2026-09-20 15:58:57,028] LMCache INFO:[0m Stored 368 tokens in 0.002 seconds [3m(lmcache_driven_transfer.py:1218:lmcache.v1.multiprocess.modules.lmcache_driven_transfer)[0m
[32;20m[2026-09-20 15:58:57,116] LMCache INFO:[0m Stored 368 tokens in 0.003 seconds [3m(lmcache_driven_transfer.py:1218:lmcache.v1.multiprocess.modules.lmcache_driven_transfer)[0m
[32;20m[2026-09-20 15:58:57,206] LMCache INFO:[0m Stored 384 tokens in 0.003 seconds [3m(lmcache_driven_transfer.py:1218:lmcache.v1.multiprocess.modules.lmcache_driven_transfer)[0m
[32;20m[2026-09-20 15:58:57,301] LMCache INFO:[0m Stored 384 tokens in 0.003 seconds [3m(lmcache_driven_transfer.py:1218:lmcache.v1.multiprocess.modules.lmcache_driven_transfer)[0m
[32;20m[2026-09-20 15:58:57,388] LMCache INFO:[0m Stored 272 tokens in 0.002 seconds [3m(lmcache_driven_transfer.py:1218:lmcache.v1.multiprocess.modules.lmcache_driven_transfer)[0m
[32;20m[2026-09-20 15:58:57,471] LMCache INFO:[0m Stored 384 tokens in 0.003 seconds [3m(lmcache_driven_transfer.py:1218:lmcache.v1.multiprocess.modules.lmcache_driven_transfer)[0m
[32;20m[2026-09-20 15:58:57,682] LMCache INFO:[0m Stored 384 tokens in 0.003 seconds [3m(lmcache_driven_transfer.py:1218:lmcache.v1.multiprocess.modules.lmcache_driven_transfer)[0m
[32;20m[2026-09-20 15:58:57,763] LMCache INFO:[0m Stored 384 tokens in 0.002 seconds [3m(lmcache_driven_transfer.py:1218:lmcache.v1.multiprocess.modules.lmcache_driven_transfer)[0m
[32;20m[2026-09-20 15:58:57,850] LMCache INFO:[0m Stored 384 tokens in 0.002 seconds [3m(lmcache_driven_transfer.py:1218:lmcache.v1.multiprocess.modules.lmcache_driven_transfer)[0m
[32;20m[2026-09-20 15:58:57,893] LMCache INFO:[0m L1 memory usage 0.97 above watermark 0.80; triggering eviction. [3m(eviction_controller.py:179:lmcache.v1.distributed.storage_controllers.eviction_controller)[0m
[32;20m[2026-09-20 15:58:57,950] LMCache INFO:[0m Stored 384 tokens in 0.003 seconds [3m(lmcache_driven_transfer.py:1218:lmcache.v1.multiprocess.modules.lmcache_driven_transfer)[0m
[32;20m[2026-09-20 15:58:58,033] LMCache INFO:[0m Stored 384 tokens in 0.003 seconds [3m(lmcache_driven_transfer.py:1218:lmcache.v1.multiprocess.modules.lmcache_driven_transfer)[0m
[32;20m[2026-09-20 15:58:58,125] LMCache INFO:[0m Stored 384 tokens in 0.002 seconds [3m(lmcache_driven_transfer.py:1218:lmcache.v1.multiprocess.modules.lmcache_driven_transfer)[0m
[32;20m[2026-09-20 15:58:58,215] LMCache INFO:[0m Stored 336 tokens in 0.002 seconds [3m(lmcache_driven_transfer.py:1218:lmcache.v1.multiprocess.modules.lmcache_driven_transfer)[0m
[32;20m[2026-09-20 15:58:58,300] LMCache INFO:[0m Stored 384 tokens in 0.002 seconds [3m(lmcache_driven_transfer.py:1218:lmcache.v1.multiprocess.modules.lmcache_driven_transfer)[0m
[32;20m[2026-09-20 15:58:58,393] LMCache INFO:[0m Stored 384 tokens in 0.002 seconds [3m(lmcache_driven_transfer.py:1218:lmcache.v1.multiprocess.modules.lmcache_driven_transfer)[0m
[32;20m[2026-09-20 15:58:58,484] LMCache INFO:[0m Stored 384 tokens in 0.003 seconds [3m(lmcache_driven_transfer.py:1218:lmcache.v1.multiprocess.modules.lmcache_driven_transfer)[0m
[32;20m[2026-09-20 15:58:58,575] LMCache INFO:[0m Stored 384 tokens in 0.003 seconds [3m(lmcache_driven_transfer.py:1218:lmcache.v1.multiprocess.modules.lmcache_driven_transfer)[0m
[32;20m[2026-09-20 15:58:58,623] LMCache INFO:[0m Prefetch request completed (L1+L2): 24/24 retained keys (24 L1, 0 L2) in 1.2 ms (external_request_id=cmpl-bdb717f2853cfee6-0-bcedf63e, prefetch_request_id=-1) [3m(storage_manager.py:716:lmcache.v1.distributed.storage_manager)[0m
[32;20m[2026-09-20 15:58:58,629] LMCache INFO:[0m Retrieved 384 tokens in 0.002 seconds [3m(lmcache_driven_transfer.py:1427:lmcache.v1.multiprocess.modules.lmcache_driven_transfer)[0m
[32;20m[2026-09-20 15:58:58,749] LMCache INFO:[0m Stored 384 tokens in 0.003 seconds [3m(lmcache_driven_transfer.py:1218:lmcache.v1.multiprocess.modules.lmcache_driven_transfer)[0m
[32;20m[2026-09-20 15:58:58,827] LMCache INFO:[0m Stored 384 tokens in 0.003 seconds [3m(lmcache_driven_transfer.py:1218:lmcache.v1.multiprocess.modules.lmcache_driven_transfer)[0m
[32;20m[2026-09-20 15:58:58,900] LMCache INFO:[0m L1 memory usage 0.99 above watermark 0.80; triggering eviction. [3m(eviction_controller.py:179:lmcache.v1.distributed.storage_controllers.eviction_controller)[0m
[32;20m[2026-09-20 15:58:58,921] LMCache INFO:[0m Stored 384 tokens in 0.003 seconds [3m(lmcache_driven_transfer.py:1218:lmcache.v1.multiprocess.modules.lmcache_driven_transfer)[0m
[32;20m[2026-09-20 15:58:59,010] LMCache INFO:[0m Stored 384 tokens in 0.003 seconds [3m(lmcache_driven_transfer.py:1218:lmcache.v1.multiprocess.modules.lmcache_driven_transfer)[0m
[32;20m[2026-09-20 15:58:59,104] LMCache INFO:[0m Stored 320 tokens in 0.002 seconds [3m(lmcache_driven_transfer.py:1218:lmcache.v1.multiprocess.modules.lmcache_driven_transfer)[0m
[32;20m[2026-09-20 15:58:59,183] LMCache INFO:[0m Stored 384 tokens in 0.002 seconds [3m(lmcache_driven_transfer.py:1218:lmcache.v1.multiprocess.modules.lmcache_driven_transfer)[0m
[32;20m[2026-09-20 15:58:59,271] LMCache INFO:[0m Stored 384 tokens in 0.003 seconds [3m(lmcache_driven_transfer.py:1218:lmcache.v1.multiprocess.modules.lmcache_driven_transfer)[0m
[32;20m[2026-09-20 15:58:59,362] LMCache INFO:[0m Stored 384 tokens in 0.002 seconds [3m(lmcache_driven_transfer.py:1218:lmcache.v1.multiprocess.modules.lmcache_driven_transfer)[0m
[32;20m[2026-09-20 15:58:59,456] LMCache INFO:[0m Stored 368 tokens in 0.003 seconds [3m(lmcache_driven_transfer.py:1218:lmcache.v1.multiprocess.modules.lmcache_driven_transfer)[0m
[32;20m[2026-09-20 15:58:59,550] LMCache INFO:[0m Stored 384 tokens in 0.002 seconds [3m(lmcache_driven_transfer.py:1218:lmcache.v1.multiprocess.modules.lmcache_driven_transfer)[0m
[32;20m[2026-09-20 15:58:59,641] LMCache INFO:[0m Stored 384 tokens in 0.002 seconds [3m(lmcache_driven_transfer.py:1218:lmcache.v1.multiprocess.modules.lmcache_driven_transfer)[0m
[32;20m[2026-09-20 15:58:59,692] LMCache INFO:[0m Prefetch request completed (L1+L2): 20/20 retained keys (20 L1, 0 L2) in 1.1 ms (external_request_id=cmpl-9b5b4a6870b247a9-0-8c157608, prefetch_request_id=-1) [3m(storage_manager.py:716:lmcache.v1.distributed.storage_manager)[0m
[32;20m[2026-09-20 15:58:59,698] LMCache INFO:[0m Retrieved 320 tokens in 0.004 seconds [3m(lmcache_driven_transfer.py:1427:lmcache.v1.multiprocess.modules.lmcache_driven_transfer)[0m
[32;20m[2026-09-20 15:58:59,815] LMCache INFO:[0m Stored 384 tokens in 0.003 seconds [3m(lmcache_driven_transfer.py:1218:lmcache.v1.multiprocess.modules.lmcache_driven_transfer)[0m
[33;20m[2026-09-20 15:58:59,891] LMCache WARNING:[0m Failed to batched allocate 24 memory blocks of size 458752 because no enough memory is available (short by 12 blocks) [3m(memory_management.py:1490:lmcache.v1.memory_management)[0m
[32;20m[2026-09-20 15:58:59,908] LMCache INFO:[0m L1 memory usage 0.99 above watermark 0.80; triggering eviction. [3m(eviction_controller.py:179:lmcache.v1.distributed.storage_controllers.eviction_controller)[0m
[32;20m[2026-09-20 15:58:59,983] LMCache INFO:[0m Stored 384 tokens in 0.003 seconds [3m(lmcache_driven_transfer.py:1218:lmcache.v1.multiprocess.modules.lmcache_driven_transfer)[0m
[32;20m[2026-09-20 15:59:00,077] LMCache INFO:[0m Stored 384 tokens in 0.002 seconds [3m(lmcache_driven_transfer.py:1218:lmcache.v1.multiprocess.modules.lmcache_driven_transfer)[0m
[32;20m[2026-09-20 15:59:00,167] LMCache INFO:[0m Stored 384 tokens in 0.002 seconds [3m(lmcache_driven_transfer.py:1218:lmcache.v1.multiprocess.modules.lmcache_driven_transfer)[0m
[32;20m[2026-09-20 15:59:00,264] LMCache INFO:[0m Stored 368 tokens in 0.003 seconds [3m(lmcache_driven_transfer.py:1218:lmcache.v1.multiprocess.modules.lmcache_driven_transfer)[0m
[32;20m[2026-09-20 15:59:00,357] LMCache INFO:[0m Stored 384 tokens in 0.003 seconds [3m(lmcache_driven_transfer.py:1218:lmcache.v1.multiprocess.modules.lmcache_driven_transfer)[0m
[32;20m[2026-09-20 15:59:00,451] LMCache INFO:[0m Stored 384 tokens in 0.002 seconds [3m(lmcache_driven_transfer.py:1218:lmcache.v1.multiprocess.modules.lmcache_driven_transfer)[0m
[32;20m[2026-09-20 15:59:00,538] LMCache INFO:[0m Stored 384 tokens in 0.003 seconds [3m(lmcache_driven_transfer.py:1218:lmcache.v1.multiprocess.modules.lmcache_driven_transfer)[0m
[32;20m[2026-09-20 15:59:00,626] LMCache INFO:[0m Stored 336 tokens in 0.002 seconds [3m(lmcache_driven_transfer.py:1218:lmcache.v1.multiprocess.modules.lmcache_driven_transfer)[0m
[32;20m[2026-09-20 15:59:00,716] LMCache INFO:[0m Stored 384 tokens in 0.002 seconds [3m(lmcache_driven_transfer.py:1218:lmcache.v1.multiprocess.modules.lmcache_driven_transfer)[0m
[32;20m[2026-09-20 15:59:00,767] LMCache INFO:[0m Prefetch request completed (L1+L2): 24/24 retained keys (24 L1, 0 L2) in 1.1 ms (external_request_id=cmpl-aa4be1990d96a367-0-a1ffb14a, prefetch_request_id=-1) [3m(storage_manager.py:716:lmcache.v1.distributed.storage_manager)[0m
[32;20m[2026-09-20 15:59:00,773] LMCache INFO:[0m Retrieved 384 tokens in 0.002 seconds [3m(lmcache_driven_transfer.py:1427:lmcache.v1.multiprocess.modules.lmcache_driven_transfer)[0m
[32;20m[2026-09-20 15:59:00,914] LMCache INFO:[0m L1 memory usage 0.97 above watermark 0.80; triggering eviction. [3m(eviction_controller.py:179:lmcache.v1.distributed.storage_controllers.eviction_controller)[0m
INFO:     Shutting down
INFO:     Waiting for application shutdown.
[32;20m[2026-09-20 15:59:01,056] LMCache INFO:[0m Shutting down LMCache HTTP server... [3m(http_server.py:168:lmcache.v1.multiprocess.http_server)[0m
[32;20m[2026-09-20 15:59:01,818] LMCache INFO:[0m Stopping PeriodicThread: lmcache-mp-worker-reaper [3m(periodic_thread.py:267:lmcache.v1.periodic_thread)[0m
[32;20m[2026-09-20 15:59:01,818] LMCache INFO:[0m PeriodicThread lmcache-mp-worker-reaper loop stopped [3m(periodic_thread.py:371:lmcache.v1.periodic_thread)[0m
[32;20m[2026-09-20 15:59:01,818] LMCache INFO:[0m Stopping PeriodicThread: DeviceHostFuncDispatcher [3m(periodic_thread.py:267:lmcache.v1.periodic_thread)[0m
[32;20m[2026-09-20 15:59:01,818] LMCache INFO:[0m PeriodicThread DeviceHostFuncDispatcher loop stopped [3m(periodic_thread.py:371:lmcache.v1.periodic_thread)[0m
[32;20m[2026-09-20 15:59:01,868] LMCache INFO:[0m Stopping PeriodicThread: SessionManager-cleanup-thread-7edad09ed3d0 [3m(periodic_thread.py:267:lmcache.v1.periodic_thread)[0m
[32;20m[2026-09-20 15:59:01,868] LMCache INFO:[0m PeriodicThread SessionManager-cleanup-thread-7edad09ed3d0 loop stopped [3m(periodic_thread.py:371:lmcache.v1.periodic_thread)[0m
[32;20m[2026-09-20 15:59:02,333] LMCache INFO:[0m MPCacheServer closed [3m(server.py:126:lmcache.v1.multiprocess.server)[0m
[32;20m[2026-09-20 15:59:02,334] LMCache INFO:[0m LMCache HTTP server stopped [3m(http_server.py:186:lmcache.v1.multiprocess.http_server)[0m
INFO:     Application shutdown complete.
INFO:     Finished server process [13968]
