[32;20m[2026-09-20 14:14:30,712] LMCache INFO:[0m torch_dev=<module 'torch.cuda' from '/usr/local/lib/python3.12/dist-packages/torch/cuda/__init__.py'>, torch_device_type=cuda [3m(_device_detect.py:312:lmcache.v1.platform._device_detect)[0m
[32;20m[2026-09-20 14:14:30,712] LMCache INFO:[0m Auto-selected backend [cuda] for accelerator 'cuda' from candidate backends [cuda, rocm]. [3m(__init__.py:148:lmcache.v1.platform)[0m

 _     __  __    ____           _          
| |   |  \/  |  / ___|__ _  ___| |__   ___      LMCache v0.5.4 (g3e11b8ed)
| |   | |\/| | | |   / _` |/ __| '_ \ / _ \     Website:  https://lmcache.ai/
| |___| |  | | | |__| (_| | (__| | | |  __/     Recipes:  https://docs.lmcache.ai/recipes
|_____|_|  |_|  \____\__,_|\___|_| |_|\___|     LinkedIn: https://www.linkedin.com/company/lmcache-lab
Set LMCACHE_DISABLE_BANNER=1 to hide this banner.

[32;20m[2026-09-20 14:14:32,024] LMCache INFO:[0m multi_layer_block_kv_transfer mode: ptr [3m(base.py:95:lmcache.v1.multiprocess.transfer_context.base)[0m
[32;20m[2026-09-20 14:14:37,469] LMCache INFO:[0m Discovered API module: cache_api [3m(router_discovery.py:53:lmcache.v1.utils.router_discovery)[0m
[32;20m[2026-09-20 14:14:37,471] LMCache INFO:[0m Discovered API module: env_api [3m(router_discovery.py:53:lmcache.v1.utils.router_discovery)[0m
[32;20m[2026-09-20 14:14:37,473] LMCache INFO:[0m Discovered API module: loglevel_api [3m(router_discovery.py:53:lmcache.v1.utils.router_discovery)[0m
[32;20m[2026-09-20 14:14:37,474] LMCache INFO:[0m Discovered API module: metrics_api [3m(router_discovery.py:53:lmcache.v1.utils.router_discovery)[0m
[32;20m[2026-09-20 14:14:37,477] LMCache INFO:[0m Discovered API module: periodic_thread_api [3m(router_discovery.py:53:lmcache.v1.utils.router_discovery)[0m
[32;20m[2026-09-20 14:14:37,478] LMCache INFO:[0m Discovered API module: run_script_api [3m(router_discovery.py:53:lmcache.v1.utils.router_discovery)[0m
[32;20m[2026-09-20 14:14:37,479] LMCache INFO:[0m Discovered API module: thread_api [3m(router_discovery.py:53:lmcache.v1.utils.router_discovery)[0m
[32;20m[2026-09-20 14:14:37,484] LMCache INFO:[0m Discovered API module: common_api [3m(router_discovery.py:53:lmcache.v1.utils.router_discovery)[0m
[32;20m[2026-09-20 14:14:37,486] LMCache INFO:[0m Discovered API module: config_api [3m(router_discovery.py:53:lmcache.v1.utils.router_discovery)[0m
[32;20m[2026-09-20 14:14:37,490] LMCache INFO:[0m Discovered API module: info_api [3m(router_discovery.py:53:lmcache.v1.utils.router_discovery)[0m
[32;20m[2026-09-20 14:14:37,494] LMCache INFO:[0m Discovered API module: quota_api [3m(router_discovery.py:53:lmcache.v1.utils.router_discovery)[0m
[32;20m[2026-09-20 14:14:37,499] LMCache INFO:[0m Discovered API module: reconfigure_api [3m(router_discovery.py:53:lmcache.v1.utils.router_discovery)[0m
[32;20m[2026-09-20 14:14:37,539] LMCache INFO:[0m CudaPinMemoryBackend: using torch cudart [3m(pin_memory.py:89:lmcache.v1.platform.cuda.pin_memory)[0m
[32;20m[2026-09-20 14:14:37,542] LMCache INFO:[0m Starting LMCache HTTP server on http://0.0.0.0:18002 [3m(http_server.py:258:lmcache.v1.multiprocess.http_server)[0m
INFO:     Started server process [6276]
INFO:     Waiting for application startup.
[32;20m[2026-09-20 14:14:37,569] LMCache INFO:[0m Starting LMCache HTTP server... (accelerator available: True) [3m(http_server.py:77:lmcache.v1.multiprocess.http_server)[0m
[32;20m[2026-09-20 14:14:37,597] LMCache INFO:[0m OTel MeterProvider initialised with Prometheus fallback (standalone metrics HTTP server disabled; /metrics must be exposed by the caller), resource={'telemetry.sdk.language': 'python', 'telemetry.sdk.name': 'opentelemetry', 'telemetry.sdk.version': '1.40.0', 'service.instance.id': 'r0_M20_K10_two_hop_async_L750_b100', 'service.name': 'unknown_service'} [3m(otel_init.py:114:lmcache.v1.mp_observability.otel_init)[0m
[32;20m[2026-09-20 14:14:38,018] LMCache INFO:[0m Starting L1EvictionController... [3m(eviction_controller.py:53:lmcache.v1.distributed.storage_controllers.eviction_controller)[0m
[32;20m[2026-09-20 14:14:38,019] LMCache INFO:[0m Starting L2EvictionController... [3m(eviction_controller.py:250:lmcache.v1.distributed.storage_controllers.eviction_controller)[0m
[32;20m[2026-09-20 14:14:38,019] LMCache INFO:[0m Starting StoreController... [3m(store_controller.py:305:lmcache.v1.distributed.storage_controllers.store_controller)[0m
[32;20m[2026-09-20 14:14:38,020] LMCache INFO:[0m Starting PrefetchController... [3m(prefetch_controller.py:596:lmcache.v1.distributed.storage_controllers.prefetch_controller)[0m
[32;20m[2026-09-20 14:14:38,020] LMCache INFO:[0m Using blake3 hash function [3m(token_hasher.py:79:lmcache.v1.multiprocess.token_hasher)[0m
[32;20m[2026-09-20 14:14:38,021] LMCache INFO:[0m Computed NONE_HASH=b"~>\xff\x9e\xf7a:P4\x0e\xb1&w\xee\x03\xb8:\xc7Y\xfc\xba\x9b\xb3'\x05\xf0rH\xd5mG;" using hash function [3m(token_hasher.py:180:lmcache.v1.multiprocess.token_hasher)[0m
[32;20m[2026-09-20 14:14:38,022] LMCache INFO:[0m TokenHasher initialized: chunk_size=16, hash_algorithm=blake3 [3m(token_hasher.py:67:lmcache.v1.multiprocess.token_hasher)[0m
[32;20m[2026-09-20 14:14:38,022] LMCache INFO:[0m PeriodicThread SessionManager-cleanup-thread-7bc6acdaa780 entering main loop (interval=60.0s) [3m(periodic_thread.py:304:lmcache.v1.periodic_thread)[0m
[32;20m[2026-09-20 14:14:38,022] LMCache INFO:[0m Started PeriodicThread: SessionManager-cleanup-thread-7bc6acdaa780 (level=medium, interval=60.0s, init_wait=0.0s) [3m(periodic_thread.py:248:lmcache.v1.periodic_thread)[0m
[32;20m[2026-09-20 14:14:38,023] LMCache INFO:[0m PeriodicThread DeviceHostFuncDispatcher entering main loop (interval=0.0s) [3m(periodic_thread.py:304:lmcache.v1.periodic_thread)[0m
[32;20m[2026-09-20 14:14:38,023] LMCache INFO:[0m Started PeriodicThread: DeviceHostFuncDispatcher (level=high, interval=0.0s, init_wait=0.0s) [3m(periodic_thread.py:248:lmcache.v1.periodic_thread)[0m
[32;20m[2026-09-20 14:14:38,023] LMCache INFO:[0m Supported transfer mode: auto [3m(server.py:219:lmcache.v1.multiprocess.server)[0m
[32;20m[2026-09-20 14:14:38,024] LMCache INFO:[0m PeriodicThread lmcache-mp-worker-reaper entering main loop (interval=30.0s) [3m(periodic_thread.py:304:lmcache.v1.periodic_thread)[0m
[32;20m[2026-09-20 14:14:38,024] LMCache INFO:[0m Started PeriodicThread: lmcache-mp-worker-reaper (level=medium, interval=30.0s, init_wait=0.0s) [3m(periodic_thread.py:248:lmcache.v1.periodic_thread)[0m
[32;20m[2026-09-20 14:14:38,026] LMCache INFO:[0m Created AffinityThreadPool 'affinity-pool-0' with 1 worker slots: up to 1 distinct affinity keys each bind to their own thread before slots are shared. Compare this against the number of clients expected to connect to confirm routing. [3m(affinity_pool.py:60:lmcache.v1.multiprocess.affinity_pool)[0m
[32;20m[2026-09-20 14:14:38,026] LMCache INFO:[0m LMCache ZMQ cache server is running on tcp://127.0.0.1:18001 [3m(server.py:452:lmcache.v1.multiprocess.server)[0m
[32;20m[2026-09-20 14:14:38,027] LMCache INFO:[0m LMCache cache server is running... [3m(server.py:467:lmcache.v1.multiprocess.server)[0m
[32;20m[2026-09-20 14:14:38,027] LMCache INFO:[0m LMCache HTTP server initialized [3m(http_server.py:163:lmcache.v1.multiprocess.http_server)[0m
INFO:     Application startup complete.
INFO:     Uvicorn running on http://0.0.0.0:18002 (Press CTRL+C to quit)
INFO:     127.0.0.1:39254 - "GET /healthcheck HTTP/1.1" 200 OK
[32;20m[2026-09-20 14:14:48,021] LMCache INFO:[0m L1 memory usage: 0.00/0.50 GiB (0.0%) [3m(eviction_controller.py:153:lmcache.v1.distributed.storage_controllers.eviction_controller)[0m
[32;20m[2026-09-20 14:14:58,023] LMCache INFO:[0m L1 memory usage: 0.00/0.50 GiB (0.0%) [3m(eviction_controller.py:153:lmcache.v1.distributed.storage_controllers.eviction_controller)[0m
[32;20m[2026-09-20 14:15:08,025] LMCache INFO:[0m L1 memory usage: 0.00/0.50 GiB (0.0%) [3m(eviction_controller.py:153:lmcache.v1.distributed.storage_controllers.eviction_controller)[0m
[32;20m[2026-09-20 14:15:18,028] LMCache INFO:[0m L1 memory usage: 0.00/0.50 GiB (0.0%) [3m(eviction_controller.py:153:lmcache.v1.distributed.storage_controllers.eviction_controller)[0m
[32;20m[2026-09-20 14:15:28,030] LMCache INFO:[0m L1 memory usage: 0.00/0.50 GiB (0.0%) [3m(eviction_controller.py:153:lmcache.v1.distributed.storage_controllers.eviction_controller)[0m
[32;20m[2026-09-20 14:15:38,034] LMCache INFO:[0m L1 memory usage: 0.00/0.50 GiB (0.0%) [3m(eviction_controller.py:153:lmcache.v1.distributed.storage_controllers.eviction_controller)[0m
[32;20m[2026-09-20 14:15:43,657] LMCache INFO:[0m Engine KV Format: EngineKVFormat.NL_X_NB_BS_NH_CS NL x [NB, BS, NH, CS] [3m(detection.py:69:lmcache.v1.gpu_connector.kv_format.detection)[0m
[32;20m[2026-09-20 14:15:43,658] LMCache INFO:[0m Engine KV Format: EngineKVFormat.NL_X_NB_BS_NH_CS NL x [NB, BS, NH, CS] [3m(detection.py:69:lmcache.v1.gpu_connector.kv_format.detection)[0m
[32;20m[2026-09-20 14:15:43,658] LMCache INFO:[0m Group 0 first-layer tensor: layer_idx=0 shape=(20117, 16, 2, 256) stride=(8192, 512, 256, 1) is_contiguous=True dtype=torch.float16 device=cuda:0 storage_offset=0 numel=164798464 storage_nbytes=329596928 padding_per_block=0 [3m(utils.py:596:lmcache.v1.gpu_connector.utils)[0m
[32;20m[2026-09-20 14:15:43,658] LMCache INFO:[0m KV layer groups: ---
KernelGroupInfo(layers=28, indices=0-27, shape_desc=(kv=1, nl=28, nb=20117, bs=16, nh=2, hs=256, element_size=2, block_stride_elems=0), dtype=torch.float16, tokens_per_block=16, slots_per_block=16, engine_group_idx=0, sw_size_tokens=-1)
--- [3m(kv_layer_groups.py:437:lmcache.v1.kv_layer_groups)[0m
/usr/local/lib/python3.12/dist-packages/cupy/_environment.py:677: UserWarning: 
--------------------------------------------------------------------------------

  CuPy may not function correctly because multiple CuPy packages are installed
  in your environment:

    cupy-cuda12x, cupy-cuda13x

  Follow these steps to resolve this issue:

    1. For all packages listed above, run the following command to remove all
       existing CuPy installations:

         $ pip uninstall <package_name>

      If you previously installed CuPy via conda, also run the following:

         $ conda uninstall cupy

    2. Install the appropriate CuPy package.
       Refer to the Installation Guide for detailed instructions.

         https://docs.cupy.dev/en/stable/install.html

--------------------------------------------------------------------------------

  warnings.warn(f'''
[32;20m[2026-09-20 14:15:43,770] LMCache INFO:[0m Registered KV cache for GPU ID 1861392738848753859 with 28 layers [3m(lmcache_driven_transfer.py:964:lmcache.v1.multiprocess.modules.lmcache_driven_transfer)[0m
[32;20m[2026-09-20 14:15:43,770] LMCache INFO:[0m Initialized cuda stream on device cuda:0 [3m(cache_context.py:430:lmcache.v1.platform.cuda.cache_context)[0m
[32;20m[2026-09-20 14:15:48,037] LMCache INFO:[0m L1 memory usage: 0.00/0.50 GiB (0.0%) [3m(eviction_controller.py:153:lmcache.v1.distributed.storage_controllers.eviction_controller)[0m
[32;20m[2026-09-20 14:15:51,147] LMCache INFO:[0m AffinityThreadPool: affinity_key=-7489921690173773951 assigned to worker slot 0 of 1 (thread affinity-pool-0-0); 1 distinct key(s) now bound [3m(affinity_pool.py:108:lmcache.v1.multiprocess.affinity_pool)[0m
[32;20m[2026-09-20 14:15:51,248] LMCache INFO:[0m Stored 384 tokens in 0.100 seconds [3m(lmcache_driven_transfer.py:1218:lmcache.v1.multiprocess.modules.lmcache_driven_transfer)[0m
[32;20m[2026-09-20 14:15:51,295] LMCache INFO:[0m Stored 384 tokens in 0.003 seconds [3m(lmcache_driven_transfer.py:1218:lmcache.v1.multiprocess.modules.lmcache_driven_transfer)[0m
[32;20m[2026-09-20 14:15:51,420] LMCache INFO:[0m Stored 384 tokens in 0.003 seconds [3m(lmcache_driven_transfer.py:1218:lmcache.v1.multiprocess.modules.lmcache_driven_transfer)[0m
[32;20m[2026-09-20 14:15:51,505] LMCache INFO:[0m Stored 384 tokens in 0.003 seconds [3m(lmcache_driven_transfer.py:1218:lmcache.v1.multiprocess.modules.lmcache_driven_transfer)[0m
[32;20m[2026-09-20 14:15:51,589] LMCache INFO:[0m Stored 384 tokens in 0.003 seconds [3m(lmcache_driven_transfer.py:1218:lmcache.v1.multiprocess.modules.lmcache_driven_transfer)[0m
[32;20m[2026-09-20 14:15:51,674] LMCache INFO:[0m Stored 384 tokens in 0.003 seconds [3m(lmcache_driven_transfer.py:1218:lmcache.v1.multiprocess.modules.lmcache_driven_transfer)[0m
[32;20m[2026-09-20 14:15:51,762] LMCache INFO:[0m Stored 384 tokens in 0.003 seconds [3m(lmcache_driven_transfer.py:1218:lmcache.v1.multiprocess.modules.lmcache_driven_transfer)[0m
[32;20m[2026-09-20 14:15:51,850] LMCache INFO:[0m Stored 384 tokens in 0.003 seconds [3m(lmcache_driven_transfer.py:1218:lmcache.v1.multiprocess.modules.lmcache_driven_transfer)[0m
[32;20m[2026-09-20 14:15:51,936] LMCache INFO:[0m Stored 176 tokens in 0.002 seconds [3m(lmcache_driven_transfer.py:1218:lmcache.v1.multiprocess.modules.lmcache_driven_transfer)[0m
[32;20m[2026-09-20 14:15:51,992] LMCache INFO:[0m Stored 384 tokens in 0.003 seconds [3m(lmcache_driven_transfer.py:1218:lmcache.v1.multiprocess.modules.lmcache_driven_transfer)[0m
[32;20m[2026-09-20 14:15:52,080] LMCache INFO:[0m Stored 384 tokens in 0.003 seconds [3m(lmcache_driven_transfer.py:1218:lmcache.v1.multiprocess.modules.lmcache_driven_transfer)[0m
[32;20m[2026-09-20 14:15:52,132] LMCache INFO:[0m Prefetch request completed (L1+L2): 24/24 retained keys (24 L1, 0 L2) in 1.0 ms (external_request_id=cmpl-97e82eddb72bb54b-0-a297ecfc, prefetch_request_id=-1) [3m(storage_manager.py:716:lmcache.v1.distributed.storage_manager)[0m
[32;20m[2026-09-20 14:15:52,137] LMCache INFO:[0m Retrieved 384 tokens in 0.002 seconds [3m(lmcache_driven_transfer.py:1427:lmcache.v1.multiprocess.modules.lmcache_driven_transfer)[0m
[32;20m[2026-09-20 14:15:52,248] LMCache INFO:[0m Stored 384 tokens in 0.003 seconds [3m(lmcache_driven_transfer.py:1218:lmcache.v1.multiprocess.modules.lmcache_driven_transfer)[0m
[32;20m[2026-09-20 14:15:52,322] LMCache INFO:[0m Stored 384 tokens in 0.003 seconds [3m(lmcache_driven_transfer.py:1218:lmcache.v1.multiprocess.modules.lmcache_driven_transfer)[0m
[32;20m[2026-09-20 14:15:52,406] LMCache INFO:[0m Stored 384 tokens in 0.003 seconds [3m(lmcache_driven_transfer.py:1218:lmcache.v1.multiprocess.modules.lmcache_driven_transfer)[0m
[32;20m[2026-09-20 14:15:52,496] LMCache INFO:[0m Stored 336 tokens in 0.003 seconds [3m(lmcache_driven_transfer.py:1218:lmcache.v1.multiprocess.modules.lmcache_driven_transfer)[0m
[32;20m[2026-09-20 14:15:52,582] LMCache INFO:[0m Stored 384 tokens in 0.003 seconds [3m(lmcache_driven_transfer.py:1218:lmcache.v1.multiprocess.modules.lmcache_driven_transfer)[0m
[32;20m[2026-09-20 14:15:52,669] LMCache INFO:[0m Stored 384 tokens in 0.003 seconds [3m(lmcache_driven_transfer.py:1218:lmcache.v1.multiprocess.modules.lmcache_driven_transfer)[0m
[32;20m[2026-09-20 14:15:52,760] LMCache INFO:[0m Stored 384 tokens in 0.003 seconds [3m(lmcache_driven_transfer.py:1218:lmcache.v1.multiprocess.modules.lmcache_driven_transfer)[0m
[32;20m[2026-09-20 14:15:52,850] LMCache INFO:[0m Stored 384 tokens in 0.003 seconds [3m(lmcache_driven_transfer.py:1218:lmcache.v1.multiprocess.modules.lmcache_driven_transfer)[0m
[32;20m[2026-09-20 14:15:52,935] LMCache INFO:[0m Stored 384 tokens in 0.003 seconds [3m(lmcache_driven_transfer.py:1218:lmcache.v1.multiprocess.modules.lmcache_driven_transfer)[0m
[32;20m[2026-09-20 14:15:53,022] LMCache INFO:[0m Stored 384 tokens in 0.004 seconds [3m(lmcache_driven_transfer.py:1218:lmcache.v1.multiprocess.modules.lmcache_driven_transfer)[0m
[32;20m[2026-09-20 14:15:53,115] LMCache INFO:[0m Stored 384 tokens in 0.004 seconds [3m(lmcache_driven_transfer.py:1218:lmcache.v1.multiprocess.modules.lmcache_driven_transfer)[0m
[32;20m[2026-09-20 14:15:53,152] LMCache INFO:[0m Prefetch request completed (L1+L2): 24/24 retained keys (24 L1, 0 L2) in 2.0 ms (external_request_id=cmpl-9aa5f34c5e384fd6-0-a82281c7, prefetch_request_id=-1) [3m(storage_manager.py:716:lmcache.v1.distributed.storage_manager)[0m
[32;20m[2026-09-20 14:15:53,157] LMCache INFO:[0m Retrieved 384 tokens in 0.002 seconds [3m(lmcache_driven_transfer.py:1427:lmcache.v1.multiprocess.modules.lmcache_driven_transfer)[0m
[32;20m[2026-09-20 14:15:53,271] LMCache INFO:[0m Stored 384 tokens in 0.003 seconds [3m(lmcache_driven_transfer.py:1218:lmcache.v1.multiprocess.modules.lmcache_driven_transfer)[0m
[32;20m[2026-09-20 14:15:53,342] LMCache INFO:[0m Stored 368 tokens in 0.003 seconds [3m(lmcache_driven_transfer.py:1218:lmcache.v1.multiprocess.modules.lmcache_driven_transfer)[0m
[32;20m[2026-09-20 14:15:53,437] LMCache INFO:[0m Stored 384 tokens in 0.003 seconds [3m(lmcache_driven_transfer.py:1218:lmcache.v1.multiprocess.modules.lmcache_driven_transfer)[0m
[32;20m[2026-09-20 14:15:53,526] LMCache INFO:[0m Stored 384 tokens in 0.003 seconds [3m(lmcache_driven_transfer.py:1218:lmcache.v1.multiprocess.modules.lmcache_driven_transfer)[0m
[32;20m[2026-09-20 14:15:53,612] LMCache INFO:[0m Stored 384 tokens in 0.003 seconds [3m(lmcache_driven_transfer.py:1218:lmcache.v1.multiprocess.modules.lmcache_driven_transfer)[0m
[32;20m[2026-09-20 14:15:53,701] LMCache INFO:[0m Stored 384 tokens in 0.003 seconds [3m(lmcache_driven_transfer.py:1218:lmcache.v1.multiprocess.modules.lmcache_driven_transfer)[0m
[32;20m[2026-09-20 14:15:53,790] LMCache INFO:[0m Stored 384 tokens in 0.003 seconds [3m(lmcache_driven_transfer.py:1218:lmcache.v1.multiprocess.modules.lmcache_driven_transfer)[0m
[32;20m[2026-09-20 14:15:53,879] LMCache INFO:[0m Stored 384 tokens in 0.003 seconds [3m(lmcache_driven_transfer.py:1218:lmcache.v1.multiprocess.modules.lmcache_driven_transfer)[0m
[32;20m[2026-09-20 14:15:53,965] LMCache INFO:[0m Stored 384 tokens in 0.003 seconds [3m(lmcache_driven_transfer.py:1218:lmcache.v1.multiprocess.modules.lmcache_driven_transfer)[0m
[32;20m[2026-09-20 14:15:54,054] LMCache INFO:[0m Stored 384 tokens in 0.004 seconds [3m(lmcache_driven_transfer.py:1218:lmcache.v1.multiprocess.modules.lmcache_driven_transfer)[0m
[32;20m[2026-09-20 14:15:54,090] LMCache INFO:[0m Prefetch request completed (L1+L2): 24/24 retained keys (24 L1, 0 L2) in 1.4 ms (external_request_id=cmpl-b6a0395d728470a2-0-a6f808fc, prefetch_request_id=-1) [3m(storage_manager.py:716:lmcache.v1.distributed.storage_manager)[0m
[32;20m[2026-09-20 14:15:54,095] LMCache INFO:[0m Retrieved 384 tokens in 0.002 seconds [3m(lmcache_driven_transfer.py:1427:lmcache.v1.multiprocess.modules.lmcache_driven_transfer)[0m
[32;20m[2026-09-20 14:15:54,205] LMCache INFO:[0m Stored 384 tokens in 0.003 seconds [3m(lmcache_driven_transfer.py:1218:lmcache.v1.multiprocess.modules.lmcache_driven_transfer)[0m
[32;20m[2026-09-20 14:15:54,283] LMCache INFO:[0m Stored 384 tokens in 0.004 seconds [3m(lmcache_driven_transfer.py:1218:lmcache.v1.multiprocess.modules.lmcache_driven_transfer)[0m
[32;20m[2026-09-20 14:15:54,389] LMCache INFO:[0m Stored 384 tokens in 0.003 seconds [3m(lmcache_driven_transfer.py:1218:lmcache.v1.multiprocess.modules.lmcache_driven_transfer)[0m
[32;20m[2026-09-20 14:15:54,468] LMCache INFO:[0m Stored 384 tokens in 0.003 seconds [3m(lmcache_driven_transfer.py:1218:lmcache.v1.multiprocess.modules.lmcache_driven_transfer)[0m
[32;20m[2026-09-20 14:15:54,558] LMCache INFO:[0m Stored 384 tokens in 0.003 seconds [3m(lmcache_driven_transfer.py:1218:lmcache.v1.multiprocess.modules.lmcache_driven_transfer)[0m
[32;20m[2026-09-20 14:15:54,639] LMCache INFO:[0m Stored 384 tokens in 0.003 seconds [3m(lmcache_driven_transfer.py:1218:lmcache.v1.multiprocess.modules.lmcache_driven_transfer)[0m
[32;20m[2026-09-20 14:15:54,728] LMCache INFO:[0m Stored 384 tokens in 0.003 seconds [3m(lmcache_driven_transfer.py:1218:lmcache.v1.multiprocess.modules.lmcache_driven_transfer)[0m
[32;20m[2026-09-20 14:15:54,815] LMCache INFO:[0m Stored 384 tokens in 0.003 seconds [3m(lmcache_driven_transfer.py:1218:lmcache.v1.multiprocess.modules.lmcache_driven_transfer)[0m
[32;20m[2026-09-20 14:15:54,904] LMCache INFO:[0m Stored 384 tokens in 0.003 seconds [3m(lmcache_driven_transfer.py:1218:lmcache.v1.multiprocess.modules.lmcache_driven_transfer)[0m
[32;20m[2026-09-20 14:15:54,993] LMCache INFO:[0m Stored 384 tokens in 0.003 seconds [3m(lmcache_driven_transfer.py:1218:lmcache.v1.multiprocess.modules.lmcache_driven_transfer)[0m
[32;20m[2026-09-20 14:15:55,030] LMCache INFO:[0m Prefetch request completed (L1+L2): 24/24 retained keys (24 L1, 0 L2) in 1.2 ms (external_request_id=cmpl-a8d3087f4b1144b4-0-b51bc831, prefetch_request_id=-1) [3m(storage_manager.py:716:lmcache.v1.distributed.storage_manager)[0m
[32;20m[2026-09-20 14:15:55,035] LMCache INFO:[0m Retrieved 384 tokens in 0.002 seconds [3m(lmcache_driven_transfer.py:1427:lmcache.v1.multiprocess.modules.lmcache_driven_transfer)[0m
[32;20m[2026-09-20 14:15:55,038] LMCache INFO:[0m L1 memory usage 0.85 above watermark 0.80; triggering eviction. [3m(eviction_controller.py:179:lmcache.v1.distributed.storage_controllers.eviction_controller)[0m
[32;20m[2026-09-20 14:15:55,146] LMCache INFO:[0m Stored 384 tokens in 0.003 seconds [3m(lmcache_driven_transfer.py:1218:lmcache.v1.multiprocess.modules.lmcache_driven_transfer)[0m
[32;20m[2026-09-20 14:15:55,225] LMCache INFO:[0m Stored 384 tokens in 0.003 seconds [3m(lmcache_driven_transfer.py:1218:lmcache.v1.multiprocess.modules.lmcache_driven_transfer)[0m
[32;20m[2026-09-20 14:15:55,308] LMCache INFO:[0m Stored 384 tokens in 0.003 seconds [3m(lmcache_driven_transfer.py:1218:lmcache.v1.multiprocess.modules.lmcache_driven_transfer)[0m
[32;20m[2026-09-20 14:15:55,402] LMCache INFO:[0m Stored 384 tokens in 0.003 seconds [3m(lmcache_driven_transfer.py:1218:lmcache.v1.multiprocess.modules.lmcache_driven_transfer)[0m
[32;20m[2026-09-20 14:15:55,489] LMCache INFO:[0m Stored 384 tokens in 0.003 seconds [3m(lmcache_driven_transfer.py:1218:lmcache.v1.multiprocess.modules.lmcache_driven_transfer)[0m
[32;20m[2026-09-20 14:15:55,576] LMCache INFO:[0m Stored 384 tokens in 0.003 seconds [3m(lmcache_driven_transfer.py:1218:lmcache.v1.multiprocess.modules.lmcache_driven_transfer)[0m
[32;20m[2026-09-20 14:15:55,661] LMCache INFO:[0m Stored 384 tokens in 0.003 seconds [3m(lmcache_driven_transfer.py:1218:lmcache.v1.multiprocess.modules.lmcache_driven_transfer)[0m
[32;20m[2026-09-20 14:15:55,748] LMCache INFO:[0m Stored 384 tokens in 0.003 seconds [3m(lmcache_driven_transfer.py:1218:lmcache.v1.multiprocess.modules.lmcache_driven_transfer)[0m
[32;20m[2026-09-20 14:15:55,833] LMCache INFO:[0m Stored 384 tokens in 0.003 seconds [3m(lmcache_driven_transfer.py:1218:lmcache.v1.multiprocess.modules.lmcache_driven_transfer)[0m
[32;20m[2026-09-20 14:15:55,921] LMCache INFO:[0m Stored 384 tokens in 0.003 seconds [3m(lmcache_driven_transfer.py:1218:lmcache.v1.multiprocess.modules.lmcache_driven_transfer)[0m
[32;20m[2026-09-20 14:15:56,014] LMCache INFO:[0m Stored 384 tokens in 0.003 seconds [3m(lmcache_driven_transfer.py:1218:lmcache.v1.multiprocess.modules.lmcache_driven_transfer)[0m
[32;20m[2026-09-20 14:15:56,046] LMCache INFO:[0m L1 memory usage 0.90 above watermark 0.80; triggering eviction. [3m(eviction_controller.py:179:lmcache.v1.distributed.storage_controllers.eviction_controller)[0m
[32;20m[2026-09-20 14:15:56,057] LMCache INFO:[0m Prefetch request completed (L1+L2): 24/24 retained keys (24 L1, 0 L2) in 1.5 ms (external_request_id=cmpl-bed69a0b9d81b71d-0-bff061f9, prefetch_request_id=-1) [3m(storage_manager.py:716:lmcache.v1.distributed.storage_manager)[0m
[32;20m[2026-09-20 14:15:56,062] LMCache INFO:[0m Retrieved 384 tokens in 0.002 seconds [3m(lmcache_driven_transfer.py:1427:lmcache.v1.multiprocess.modules.lmcache_driven_transfer)[0m
[32;20m[2026-09-20 14:15:56,173] LMCache INFO:[0m Stored 384 tokens in 0.003 seconds [3m(lmcache_driven_transfer.py:1218:lmcache.v1.multiprocess.modules.lmcache_driven_transfer)[0m
[32;20m[2026-09-20 14:15:56,249] LMCache INFO:[0m Stored 384 tokens in 0.003 seconds [3m(lmcache_driven_transfer.py:1218:lmcache.v1.multiprocess.modules.lmcache_driven_transfer)[0m
[32;20m[2026-09-20 14:15:56,340] LMCache INFO:[0m Stored 384 tokens in 0.003 seconds [3m(lmcache_driven_transfer.py:1218:lmcache.v1.multiprocess.modules.lmcache_driven_transfer)[0m
[32;20m[2026-09-20 14:15:56,425] LMCache INFO:[0m Stored 384 tokens in 0.003 seconds [3m(lmcache_driven_transfer.py:1218:lmcache.v1.multiprocess.modules.lmcache_driven_transfer)[0m
[32;20m[2026-09-20 14:15:56,513] LMCache INFO:[0m Stored 368 tokens in 0.005 seconds [3m(lmcache_driven_transfer.py:1218:lmcache.v1.multiprocess.modules.lmcache_driven_transfer)[0m
[32;20m[2026-09-20 14:15:56,600] LMCache INFO:[0m Stored 384 tokens in 0.003 seconds [3m(lmcache_driven_transfer.py:1218:lmcache.v1.multiprocess.modules.lmcache_driven_transfer)[0m
[32;20m[2026-09-20 14:15:56,693] LMCache INFO:[0m Stored 384 tokens in 0.003 seconds [3m(lmcache_driven_transfer.py:1218:lmcache.v1.multiprocess.modules.lmcache_driven_transfer)[0m
[32;20m[2026-09-20 14:15:56,784] LMCache INFO:[0m Stored 384 tokens in 0.003 seconds [3m(lmcache_driven_transfer.py:1218:lmcache.v1.multiprocess.modules.lmcache_driven_transfer)[0m
[32;20m[2026-09-20 14:15:56,872] LMCache INFO:[0m Stored 384 tokens in 0.003 seconds [3m(lmcache_driven_transfer.py:1218:lmcache.v1.multiprocess.modules.lmcache_driven_transfer)[0m
[32;20m[2026-09-20 14:15:56,962] LMCache INFO:[0m Stored 384 tokens in 0.003 seconds [3m(lmcache_driven_transfer.py:1218:lmcache.v1.multiprocess.modules.lmcache_driven_transfer)[0m
[32;20m[2026-09-20 14:15:57,000] LMCache INFO:[0m Prefetch request completed (L1+L2): 24/24 retained keys (24 L1, 0 L2) in 1.6 ms (external_request_id=cmpl-bd8673bc68e4d4a5-0-83c85321, prefetch_request_id=-1) [3m(storage_manager.py:716:lmcache.v1.distributed.storage_manager)[0m
[32;20m[2026-09-20 14:15:57,005] LMCache INFO:[0m Retrieved 384 tokens in 0.002 seconds [3m(lmcache_driven_transfer.py:1427:lmcache.v1.multiprocess.modules.lmcache_driven_transfer)[0m
[32;20m[2026-09-20 14:15:57,055] LMCache INFO:[0m L1 memory usage 0.93 above watermark 0.80; triggering eviction. [3m(eviction_controller.py:179:lmcache.v1.distributed.storage_controllers.eviction_controller)[0m
[32;20m[2026-09-20 14:15:57,120] LMCache INFO:[0m Stored 384 tokens in 0.003 seconds [3m(lmcache_driven_transfer.py:1218:lmcache.v1.multiprocess.modules.lmcache_driven_transfer)[0m
[32;20m[2026-09-20 14:15:57,123] LMCache INFO:[0m Stored 384 tokens in 0.003 seconds [3m(lmcache_driven_transfer.py:1218:lmcache.v1.multiprocess.modules.lmcache_driven_transfer)[0m
[32;20m[2026-09-20 14:15:57,274] LMCache INFO:[0m Stored 384 tokens in 0.003 seconds [3m(lmcache_driven_transfer.py:1218:lmcache.v1.multiprocess.modules.lmcache_driven_transfer)[0m
[32;20m[2026-09-20 14:15:57,359] LMCache INFO:[0m Stored 384 tokens in 0.003 seconds [3m(lmcache_driven_transfer.py:1218:lmcache.v1.multiprocess.modules.lmcache_driven_transfer)[0m
[32;20m[2026-09-20 14:15:57,449] LMCache INFO:[0m Stored 384 tokens in 0.003 seconds [3m(lmcache_driven_transfer.py:1218:lmcache.v1.multiprocess.modules.lmcache_driven_transfer)[0m
[32;20m[2026-09-20 14:15:57,534] LMCache INFO:[0m Stored 384 tokens in 0.003 seconds [3m(lmcache_driven_transfer.py:1218:lmcache.v1.multiprocess.modules.lmcache_driven_transfer)[0m
[32;20m[2026-09-20 14:15:57,622] LMCache INFO:[0m Stored 384 tokens in 0.003 seconds [3m(lmcache_driven_transfer.py:1218:lmcache.v1.multiprocess.modules.lmcache_driven_transfer)[0m
[32;20m[2026-09-20 14:15:57,709] LMCache INFO:[0m Stored 384 tokens in 0.003 seconds [3m(lmcache_driven_transfer.py:1218:lmcache.v1.multiprocess.modules.lmcache_driven_transfer)[0m
[32;20m[2026-09-20 14:15:57,800] LMCache INFO:[0m Stored 384 tokens in 0.003 seconds [3m(lmcache_driven_transfer.py:1218:lmcache.v1.multiprocess.modules.lmcache_driven_transfer)[0m
[32;20m[2026-09-20 14:15:57,889] LMCache INFO:[0m Stored 384 tokens in 0.003 seconds [3m(lmcache_driven_transfer.py:1218:lmcache.v1.multiprocess.modules.lmcache_driven_transfer)[0m
[32;20m[2026-09-20 14:15:57,979] LMCache INFO:[0m Stored 384 tokens in 0.003 seconds [3m(lmcache_driven_transfer.py:1218:lmcache.v1.multiprocess.modules.lmcache_driven_transfer)[0m
[32;20m[2026-09-20 14:15:58,061] LMCache INFO:[0m Stored 384 tokens in 0.003 seconds [3m(lmcache_driven_transfer.py:1218:lmcache.v1.multiprocess.modules.lmcache_driven_transfer)[0m
[32;20m[2026-09-20 14:15:58,062] LMCache INFO:[0m L1 memory usage: 0.50/0.50 GiB (99.1%) [3m(eviction_controller.py:153:lmcache.v1.distributed.storage_controllers.eviction_controller)[0m
[32;20m[2026-09-20 14:15:58,062] LMCache INFO:[0m L1 memory usage 0.99 above watermark 0.80; triggering eviction. [3m(eviction_controller.py:179:lmcache.v1.distributed.storage_controllers.eviction_controller)[0m
[32;20m[2026-09-20 14:15:58,068] LMCache INFO:[0m L0<->L1 stats [cuda:0] last 10.0s: store ops=74 tokens=28128 size=0.81GB avg_copy=6.73GB/s | retrieve ops=6 tokens=2304 size=0.07GB avg_copy=4.41GB/s [3m(extra_stats.py:159:lmcache.v1.mp_observability.subscribers.logging.extra_stats)[0m
[32;20m[2026-09-20 14:15:58,068] LMCache INFO:[0m L0<->L1 stats [cuda:0] cumulative: store ops=74 tokens=28128 size=0.81GB avg_copy=6.73GB/s | retrieve ops=6 tokens=2304 size=0.07GB avg_copy=4.41GB/s [3m(extra_stats.py:168:lmcache.v1.mp_observability.subscribers.logging.extra_stats)[0m
[32;20m[2026-09-20 14:15:58,165] LMCache INFO:[0m Stored 384 tokens in 0.003 seconds [3m(lmcache_driven_transfer.py:1218:lmcache.v1.multiprocess.modules.lmcache_driven_transfer)[0m
[32;20m[2026-09-20 14:15:58,246] LMCache INFO:[0m Stored 368 tokens in 0.004 seconds [3m(lmcache_driven_transfer.py:1218:lmcache.v1.multiprocess.modules.lmcache_driven_transfer)[0m
[32;20m[2026-09-20 14:15:58,333] LMCache INFO:[0m Stored 384 tokens in 0.003 seconds [3m(lmcache_driven_transfer.py:1218:lmcache.v1.multiprocess.modules.lmcache_driven_transfer)[0m
[32;20m[2026-09-20 14:15:58,424] LMCache INFO:[0m Stored 368 tokens in 0.003 seconds [3m(lmcache_driven_transfer.py:1218:lmcache.v1.multiprocess.modules.lmcache_driven_transfer)[0m
[32;20m[2026-09-20 14:15:58,515] LMCache INFO:[0m Stored 384 tokens in 0.003 seconds [3m(lmcache_driven_transfer.py:1218:lmcache.v1.multiprocess.modules.lmcache_driven_transfer)[0m
[32;20m[2026-09-20 14:15:58,600] LMCache INFO:[0m Stored 384 tokens in 0.003 seconds [3m(lmcache_driven_transfer.py:1218:lmcache.v1.multiprocess.modules.lmcache_driven_transfer)[0m
[32;20m[2026-09-20 14:15:58,689] LMCache INFO:[0m Stored 384 tokens in 0.003 seconds [3m(lmcache_driven_transfer.py:1218:lmcache.v1.multiprocess.modules.lmcache_driven_transfer)[0m
[32;20m[2026-09-20 14:15:58,780] LMCache INFO:[0m Stored 384 tokens in 0.003 seconds [3m(lmcache_driven_transfer.py:1218:lmcache.v1.multiprocess.modules.lmcache_driven_transfer)[0m
[32;20m[2026-09-20 14:15:58,866] LMCache INFO:[0m Stored 384 tokens in 0.003 seconds [3m(lmcache_driven_transfer.py:1218:lmcache.v1.multiprocess.modules.lmcache_driven_transfer)[0m
[32;20m[2026-09-20 14:15:58,958] LMCache INFO:[0m Stored 368 tokens in 0.003 seconds [3m(lmcache_driven_transfer.py:1218:lmcache.v1.multiprocess.modules.lmcache_driven_transfer)[0m
[32;20m[2026-09-20 14:15:58,997] LMCache INFO:[0m Prefetch request completed (L1+L2): 23/23 retained keys (23 L1, 0 L2) in 2.1 ms (external_request_id=cmpl-b756e06bf7af1e36-0-bd70d01b, prefetch_request_id=-1) [3m(storage_manager.py:716:lmcache.v1.distributed.storage_manager)[0m
[32;20m[2026-09-20 14:15:59,001] LMCache INFO:[0m Retrieved 368 tokens in 0.002 seconds [3m(lmcache_driven_transfer.py:1427:lmcache.v1.multiprocess.modules.lmcache_driven_transfer)[0m
[32;20m[2026-09-20 14:15:59,068] LMCache INFO:[0m L1 memory usage 1.00 above watermark 0.80; triggering eviction. [3m(eviction_controller.py:179:lmcache.v1.distributed.storage_controllers.eviction_controller)[0m
[32;20m[2026-09-20 14:15:59,106] LMCache INFO:[0m Stored 384 tokens in 0.003 seconds [3m(lmcache_driven_transfer.py:1218:lmcache.v1.multiprocess.modules.lmcache_driven_transfer)[0m
[32;20m[2026-09-20 14:15:59,109] LMCache INFO:[0m Stored 368 tokens in 0.002 seconds [3m(lmcache_driven_transfer.py:1218:lmcache.v1.multiprocess.modules.lmcache_driven_transfer)[0m
[32;20m[2026-09-20 14:15:59,260] LMCache INFO:[0m Stored 384 tokens in 0.003 seconds [3m(lmcache_driven_transfer.py:1218:lmcache.v1.multiprocess.modules.lmcache_driven_transfer)[0m
[32;20m[2026-09-20 14:15:59,349] LMCache INFO:[0m Stored 384 tokens in 0.003 seconds [3m(lmcache_driven_transfer.py:1218:lmcache.v1.multiprocess.modules.lmcache_driven_transfer)[0m
[32;20m[2026-09-20 14:15:59,441] LMCache INFO:[0m Stored 384 tokens in 0.003 seconds [3m(lmcache_driven_transfer.py:1218:lmcache.v1.multiprocess.modules.lmcache_driven_transfer)[0m
[32;20m[2026-09-20 14:15:59,525] LMCache INFO:[0m Stored 384 tokens in 0.003 seconds [3m(lmcache_driven_transfer.py:1218:lmcache.v1.multiprocess.modules.lmcache_driven_transfer)[0m
[32;20m[2026-09-20 14:15:59,610] LMCache INFO:[0m Stored 384 tokens in 0.003 seconds [3m(lmcache_driven_transfer.py:1218:lmcache.v1.multiprocess.modules.lmcache_driven_transfer)[0m
[32;20m[2026-09-20 14:15:59,701] LMCache INFO:[0m Stored 384 tokens in 0.003 seconds [3m(lmcache_driven_transfer.py:1218:lmcache.v1.multiprocess.modules.lmcache_driven_transfer)[0m
[32;20m[2026-09-20 14:15:59,792] LMCache INFO:[0m Stored 384 tokens in 0.003 seconds [3m(lmcache_driven_transfer.py:1218:lmcache.v1.multiprocess.modules.lmcache_driven_transfer)[0m
[33;20m[2026-09-20 14:15:59,878] LMCache WARNING:[0m Failed to batched allocate 24 memory blocks of size 458752 because no enough memory is available (short by 5 blocks) [3m(memory_management.py:1490:lmcache.v1.memory_management)[0m
[33;20m[2026-09-20 14:15:59,964] LMCache WARNING:[0m Failed to batched allocate 24 memory blocks of size 458752 because no enough memory is available (short by 5 blocks) [3m(memory_management.py:1490:lmcache.v1.memory_management)[0m
[32;20m[2026-09-20 14:16:00,004] LMCache INFO:[0m Prefetch request completed (L1+L2): 24/24 retained keys (24 L1, 0 L2) in 1.1 ms (external_request_id=cmpl-83175a56f5e37de3-0-915d2376, prefetch_request_id=-1) [3m(storage_manager.py:716:lmcache.v1.distributed.storage_manager)[0m
[32;20m[2026-09-20 14:16:00,009] LMCache INFO:[0m Retrieved 384 tokens in 0.003 seconds [3m(lmcache_driven_transfer.py:1427:lmcache.v1.multiprocess.modules.lmcache_driven_transfer)[0m
[32;20m[2026-09-20 14:16:00,074] LMCache INFO:[0m L1 memory usage 0.98 above watermark 0.80; triggering eviction. [3m(eviction_controller.py:179:lmcache.v1.distributed.storage_controllers.eviction_controller)[0m
[32;20m[2026-09-20 14:16:00,125] LMCache INFO:[0m Stored 384 tokens in 0.003 seconds [3m(lmcache_driven_transfer.py:1218:lmcache.v1.multiprocess.modules.lmcache_driven_transfer)[0m
[32;20m[2026-09-20 14:16:00,203] LMCache INFO:[0m Stored 384 tokens in 0.003 seconds [3m(lmcache_driven_transfer.py:1218:lmcache.v1.multiprocess.modules.lmcache_driven_transfer)[0m
[32;20m[2026-09-20 14:16:00,295] LMCache INFO:[0m Stored 384 tokens in 0.003 seconds [3m(lmcache_driven_transfer.py:1218:lmcache.v1.multiprocess.modules.lmcache_driven_transfer)[0m
[32;20m[2026-09-20 14:16:00,384] LMCache INFO:[0m Stored 384 tokens in 0.003 seconds [3m(lmcache_driven_transfer.py:1218:lmcache.v1.multiprocess.modules.lmcache_driven_transfer)[0m
[32;20m[2026-09-20 14:16:00,469] LMCache INFO:[0m Stored 384 tokens in 0.003 seconds [3m(lmcache_driven_transfer.py:1218:lmcache.v1.multiprocess.modules.lmcache_driven_transfer)[0m
[32;20m[2026-09-20 14:16:00,558] LMCache INFO:[0m Stored 384 tokens in 0.003 seconds [3m(lmcache_driven_transfer.py:1218:lmcache.v1.multiprocess.modules.lmcache_driven_transfer)[0m
[32;20m[2026-09-20 14:16:00,647] LMCache INFO:[0m Stored 384 tokens in 0.003 seconds [3m(lmcache_driven_transfer.py:1218:lmcache.v1.multiprocess.modules.lmcache_driven_transfer)[0m
[32;20m[2026-09-20 14:16:00,739] LMCache INFO:[0m Stored 384 tokens in 0.003 seconds [3m(lmcache_driven_transfer.py:1218:lmcache.v1.multiprocess.modules.lmcache_driven_transfer)[0m
[32;20m[2026-09-20 14:16:00,830] LMCache INFO:[0m Stored 384 tokens in 0.002 seconds [3m(lmcache_driven_transfer.py:1218:lmcache.v1.multiprocess.modules.lmcache_driven_transfer)[0m
[32;20m[2026-09-20 14:16:00,920] LMCache INFO:[0m Stored 384 tokens in 0.003 seconds [3m(lmcache_driven_transfer.py:1218:lmcache.v1.multiprocess.modules.lmcache_driven_transfer)[0m
[33;20m[2026-09-20 14:16:01,004] LMCache WARNING:[0m Failed to batched allocate 24 memory blocks of size 458752 because no enough memory is available (short by 15 blocks) [3m(memory_management.py:1490:lmcache.v1.memory_management)[0m
[32;20m[2026-09-20 14:16:01,082] LMCache INFO:[0m L1 memory usage 0.99 above watermark 0.80; triggering eviction. [3m(eviction_controller.py:179:lmcache.v1.distributed.storage_controllers.eviction_controller)[0m
[32;20m[2026-09-20 14:16:01,111] LMCache INFO:[0m Stored 384 tokens in 0.003 seconds [3m(lmcache_driven_transfer.py:1218:lmcache.v1.multiprocess.modules.lmcache_driven_transfer)[0m
[32;20m[2026-09-20 14:16:01,193] LMCache INFO:[0m Stored 384 tokens in 0.003 seconds [3m(lmcache_driven_transfer.py:1218:lmcache.v1.multiprocess.modules.lmcache_driven_transfer)[0m
[32;20m[2026-09-20 14:16:01,278] LMCache INFO:[0m Stored 384 tokens in 0.004 seconds [3m(lmcache_driven_transfer.py:1218:lmcache.v1.multiprocess.modules.lmcache_driven_transfer)[0m
[32;20m[2026-09-20 14:16:01,363] LMCache INFO:[0m Stored 384 tokens in 0.003 seconds [3m(lmcache_driven_transfer.py:1218:lmcache.v1.multiprocess.modules.lmcache_driven_transfer)[0m
[32;20m[2026-09-20 14:16:01,453] LMCache INFO:[0m Stored 384 tokens in 0.003 seconds [3m(lmcache_driven_transfer.py:1218:lmcache.v1.multiprocess.modules.lmcache_driven_transfer)[0m
[32;20m[2026-09-20 14:16:01,545] LMCache INFO:[0m Stored 384 tokens in 0.003 seconds [3m(lmcache_driven_transfer.py:1218:lmcache.v1.multiprocess.modules.lmcache_driven_transfer)[0m
[32;20m[2026-09-20 14:16:01,629] LMCache INFO:[0m Stored 384 tokens in 0.003 seconds [3m(lmcache_driven_transfer.py:1218:lmcache.v1.multiprocess.modules.lmcache_driven_transfer)[0m
[32;20m[2026-09-20 14:16:01,719] LMCache INFO:[0m Stored 384 tokens in 0.003 seconds [3m(lmcache_driven_transfer.py:1218:lmcache.v1.multiprocess.modules.lmcache_driven_transfer)[0m
[32;20m[2026-09-20 14:16:01,810] LMCache INFO:[0m Stored 384 tokens in 0.003 seconds [3m(lmcache_driven_transfer.py:1218:lmcache.v1.multiprocess.modules.lmcache_driven_transfer)[0m
[32;20m[2026-09-20 14:16:01,898] LMCache INFO:[0m Stored 384 tokens in 0.003 seconds [3m(lmcache_driven_transfer.py:1218:lmcache.v1.multiprocess.modules.lmcache_driven_transfer)[0m
[33;20m[2026-09-20 14:16:01,984] LMCache WARNING:[0m Failed to batched allocate 24 memory blocks of size 458752 because no enough memory is available (short by 23 blocks) [3m(memory_management.py:1490:lmcache.v1.memory_management)[0m
[32;20m[2026-09-20 14:16:02,025] LMCache INFO:[0m Prefetch request completed (L1+L2): 24/24 retained keys (24 L1, 0 L2) in 1.5 ms (external_request_id=cmpl-92bcdaca34a05a47-0-a4bc6a95, prefetch_request_id=-1) [3m(storage_manager.py:716:lmcache.v1.distributed.storage_manager)[0m
[32;20m[2026-09-20 14:16:02,031] LMCache INFO:[0m Retrieved 384 tokens in 0.002 seconds [3m(lmcache_driven_transfer.py:1427:lmcache.v1.multiprocess.modules.lmcache_driven_transfer)[0m
[32;20m[2026-09-20 14:16:02,088] LMCache INFO:[0m L1 memory usage 1.00 above watermark 0.80; triggering eviction. [3m(eviction_controller.py:179:lmcache.v1.distributed.storage_controllers.eviction_controller)[0m
[32;20m[2026-09-20 14:16:02,148] LMCache INFO:[0m Stored 384 tokens in 0.003 seconds [3m(lmcache_driven_transfer.py:1218:lmcache.v1.multiprocess.modules.lmcache_driven_transfer)[0m
[32;20m[2026-09-20 14:16:02,151] LMCache INFO:[0m Stored 384 tokens in 0.003 seconds [3m(lmcache_driven_transfer.py:1218:lmcache.v1.multiprocess.modules.lmcache_driven_transfer)[0m
[32;20m[2026-09-20 14:16:02,297] LMCache INFO:[0m Stored 384 tokens in 0.003 seconds [3m(lmcache_driven_transfer.py:1218:lmcache.v1.multiprocess.modules.lmcache_driven_transfer)[0m
[32;20m[2026-09-20 14:16:02,383] LMCache INFO:[0m Stored 384 tokens in 0.003 seconds [3m(lmcache_driven_transfer.py:1218:lmcache.v1.multiprocess.modules.lmcache_driven_transfer)[0m
[32;20m[2026-09-20 14:16:02,475] LMCache INFO:[0m Stored 384 tokens in 0.003 seconds [3m(lmcache_driven_transfer.py:1218:lmcache.v1.multiprocess.modules.lmcache_driven_transfer)[0m
[32;20m[2026-09-20 14:16:02,565] LMCache INFO:[0m Stored 384 tokens in 0.003 seconds [3m(lmcache_driven_transfer.py:1218:lmcache.v1.multiprocess.modules.lmcache_driven_transfer)[0m
[32;20m[2026-09-20 14:16:02,653] LMCache INFO:[0m Stored 384 tokens in 0.003 seconds [3m(lmcache_driven_transfer.py:1218:lmcache.v1.multiprocess.modules.lmcache_driven_transfer)[0m
[32;20m[2026-09-20 14:16:02,738] LMCache INFO:[0m Stored 384 tokens in 0.003 seconds [3m(lmcache_driven_transfer.py:1218:lmcache.v1.multiprocess.modules.lmcache_driven_transfer)[0m
[32;20m[2026-09-20 14:16:02,828] LMCache INFO:[0m Stored 384 tokens in 0.003 seconds [3m(lmcache_driven_transfer.py:1218:lmcache.v1.multiprocess.modules.lmcache_driven_transfer)[0m
[33;20m[2026-09-20 14:16:02,916] LMCache WARNING:[0m Failed to batched allocate 24 memory blocks of size 458752 because no enough memory is available (short by 6 blocks) [3m(memory_management.py:1490:lmcache.v1.memory_management)[0m
[33;20m[2026-09-20 14:16:03,006] LMCache WARNING:[0m Failed to batched allocate 24 memory blocks of size 458752 because no enough memory is available (short by 6 blocks) [3m(memory_management.py:1490:lmcache.v1.memory_management)[0m
[32;20m[2026-09-20 14:16:03,045] LMCache INFO:[0m Prefetch request completed (L1+L2): 24/24 retained keys (24 L1, 0 L2) in 1.3 ms (external_request_id=cmpl-b60ac2126eac1855-0-bbc518dd, prefetch_request_id=-1) [3m(storage_manager.py:716:lmcache.v1.distributed.storage_manager)[0m
[32;20m[2026-09-20 14:16:03,050] LMCache INFO:[0m Retrieved 384 tokens in 0.002 seconds [3m(lmcache_driven_transfer.py:1427:lmcache.v1.multiprocess.modules.lmcache_driven_transfer)[0m
[32;20m[2026-09-20 14:16:03,096] LMCache INFO:[0m L1 memory usage 0.98 above watermark 0.80; triggering eviction. [3m(eviction_controller.py:179:lmcache.v1.distributed.storage_controllers.eviction_controller)[0m
[32;20m[2026-09-20 14:16:03,119] LMCache INFO:[0m Prefetch request completed (L1+L2): 24/24 retained keys (24 L1, 0 L2) in 0.9 ms (external_request_id=cmpl-a375964e9bd0b650-0-9fa04f39, prefetch_request_id=-1) [3m(storage_manager.py:716:lmcache.v1.distributed.storage_manager)[0m
[32;20m[2026-09-20 14:16:03,125] LMCache INFO:[0m Prefetch request completed (L1+L2): 24/24 retained keys (24 L1, 0 L2) in 1.4 ms (external_request_id=cmpl-95f7693d4e428e98-0-b8530b42, prefetch_request_id=-1) [3m(storage_manager.py:716:lmcache.v1.distributed.storage_manager)[0m
[32;20m[2026-09-20 14:16:03,126] LMCache INFO:[0m Retrieved 384 tokens in 0.004 seconds [3m(lmcache_driven_transfer.py:1427:lmcache.v1.multiprocess.modules.lmcache_driven_transfer)[0m
[32;20m[2026-09-20 14:16:03,130] LMCache INFO:[0m Retrieved 384 tokens in 0.002 seconds [3m(lmcache_driven_transfer.py:1427:lmcache.v1.multiprocess.modules.lmcache_driven_transfer)[0m
[32;20m[2026-09-20 14:16:03,222] LMCache INFO:[0m Prefetch request completed (L1+L2): 24/24 retained keys (24 L1, 0 L2) in 1.4 ms (external_request_id=cmpl-98af62d2ff5a71c5-0-bc36ebde, prefetch_request_id=-1) [3m(storage_manager.py:716:lmcache.v1.distributed.storage_manager)[0m
[32;20m[2026-09-20 14:16:03,228] LMCache INFO:[0m Retrieved 384 tokens in 0.002 seconds [3m(lmcache_driven_transfer.py:1427:lmcache.v1.multiprocess.modules.lmcache_driven_transfer)[0m
[32;20m[2026-09-20 14:16:03,283] LMCache INFO:[0m Prefetch request completed (L1+L2): 24/24 retained keys (24 L1, 0 L2) in 1.3 ms (external_request_id=cmpl-8c89994b343cb856-0-9e315673, prefetch_request_id=-1) [3m(storage_manager.py:716:lmcache.v1.distributed.storage_manager)[0m
[32;20m[2026-09-20 14:16:03,289] LMCache INFO:[0m Retrieved 384 tokens in 0.002 seconds [3m(lmcache_driven_transfer.py:1427:lmcache.v1.multiprocess.modules.lmcache_driven_transfer)[0m
[32;20m[2026-09-20 14:16:03,343] LMCache INFO:[0m Prefetch request completed (L1+L2): 23/23 retained keys (23 L1, 0 L2) in 1.3 ms (external_request_id=cmpl-98237c3c33e5359e-0-ba2780b4, prefetch_request_id=-1) [3m(storage_manager.py:716:lmcache.v1.distributed.storage_manager)[0m
[32;20m[2026-09-20 14:16:03,347] LMCache INFO:[0m Retrieved 368 tokens in 0.002 seconds [3m(lmcache_driven_transfer.py:1427:lmcache.v1.multiprocess.modules.lmcache_driven_transfer)[0m
[32;20m[2026-09-20 14:16:03,401] LMCache INFO:[0m Prefetch request completed (L1+L2): 24/24 retained keys (24 L1, 0 L2) in 1.2 ms (external_request_id=cmpl-b4c254a3e9e2ce23-0-ad4bd0b8, prefetch_request_id=-1) [3m(storage_manager.py:716:lmcache.v1.distributed.storage_manager)[0m
[32;20m[2026-09-20 14:16:03,407] LMCache INFO:[0m Retrieved 384 tokens in 0.003 seconds [3m(lmcache_driven_transfer.py:1427:lmcache.v1.multiprocess.modules.lmcache_driven_transfer)[0m
[32;20m[2026-09-20 14:16:03,462] LMCache INFO:[0m Prefetch request completed (L1+L2): 24/24 retained keys (24 L1, 0 L2) in 1.2 ms (external_request_id=cmpl-ab321ad298cea495-0-ac337915, prefetch_request_id=-1) [3m(storage_manager.py:716:lmcache.v1.distributed.storage_manager)[0m
[32;20m[2026-09-20 14:16:03,467] LMCache INFO:[0m Retrieved 384 tokens in 0.002 seconds [3m(lmcache_driven_transfer.py:1427:lmcache.v1.multiprocess.modules.lmcache_driven_transfer)[0m
[32;20m[2026-09-20 14:16:03,522] LMCache INFO:[0m Prefetch request completed (L1+L2): 24/24 retained keys (24 L1, 0 L2) in 1.1 ms (external_request_id=cmpl-ba2cf399256f0013-0-88e99b95, prefetch_request_id=-1) [3m(storage_manager.py:716:lmcache.v1.distributed.storage_manager)[0m
[32;20m[2026-09-20 14:16:03,527] LMCache INFO:[0m Retrieved 384 tokens in 0.002 seconds [3m(lmcache_driven_transfer.py:1427:lmcache.v1.multiprocess.modules.lmcache_driven_transfer)[0m
[32;20m[2026-09-20 14:16:03,625] LMCache INFO:[0m Stored 384 tokens in 0.003 seconds [3m(lmcache_driven_transfer.py:1218:lmcache.v1.multiprocess.modules.lmcache_driven_transfer)[0m
[32;20m[2026-09-20 14:16:03,668] LMCache INFO:[0m Prefetch request completed (L1+L2): 24/24 retained keys (24 L1, 0 L2) in 1.4 ms (external_request_id=cmpl-84e0c6f38746ddb6-0-aea0ae07, prefetch_request_id=-1) [3m(storage_manager.py:716:lmcache.v1.distributed.storage_manager)[0m
[32;20m[2026-09-20 14:16:03,673] LMCache INFO:[0m Retrieved 384 tokens in 0.002 seconds [3m(lmcache_driven_transfer.py:1427:lmcache.v1.multiprocess.modules.lmcache_driven_transfer)[0m
[32;20m[2026-09-20 14:16:03,771] LMCache INFO:[0m Stored 368 tokens in 0.003 seconds [3m(lmcache_driven_transfer.py:1218:lmcache.v1.multiprocess.modules.lmcache_driven_transfer)[0m
[32;20m[2026-09-20 14:16:03,929] LMCache INFO:[0m Prefetch request completed (L1+L2): 24/24 retained keys (24 L1, 0 L2) in 1.1 ms (external_request_id=cmpl-b954194fc92b3863-0-afeb6c36, prefetch_request_id=-1) [3m(storage_manager.py:716:lmcache.v1.distributed.storage_manager)[0m
[32;20m[2026-09-20 14:16:03,934] LMCache INFO:[0m Retrieved 384 tokens in 0.002 seconds [3m(lmcache_driven_transfer.py:1427:lmcache.v1.multiprocess.modules.lmcache_driven_transfer)[0m
[32;20m[2026-09-20 14:16:04,052] LMCache INFO:[0m Stored 384 tokens in 0.003 seconds [3m(lmcache_driven_transfer.py:1218:lmcache.v1.multiprocess.modules.lmcache_driven_transfer)[0m
[32;20m[2026-09-20 14:16:04,104] LMCache INFO:[0m L1 memory usage 0.85 above watermark 0.80; triggering eviction. [3m(eviction_controller.py:179:lmcache.v1.distributed.storage_controllers.eviction_controller)[0m
[32;20m[2026-09-20 14:16:04,131] LMCache INFO:[0m Stored 384 tokens in 0.003 seconds [3m(lmcache_driven_transfer.py:1218:lmcache.v1.multiprocess.modules.lmcache_driven_transfer)[0m
[32;20m[2026-09-20 14:16:04,217] LMCache INFO:[0m Stored 384 tokens in 0.003 seconds [3m(lmcache_driven_transfer.py:1218:lmcache.v1.multiprocess.modules.lmcache_driven_transfer)[0m
[32;20m[2026-09-20 14:16:04,322] LMCache INFO:[0m Stored 384 tokens in 0.005 seconds [3m(lmcache_driven_transfer.py:1218:lmcache.v1.multiprocess.modules.lmcache_driven_transfer)[0m
[32;20m[2026-09-20 14:16:04,403] LMCache INFO:[0m Stored 384 tokens in 0.003 seconds [3m(lmcache_driven_transfer.py:1218:lmcache.v1.multiprocess.modules.lmcache_driven_transfer)[0m
[32;20m[2026-09-20 14:16:04,489] LMCache INFO:[0m Stored 384 tokens in 0.003 seconds [3m(lmcache_driven_transfer.py:1218:lmcache.v1.multiprocess.modules.lmcache_driven_transfer)[0m
[32;20m[2026-09-20 14:16:04,580] LMCache INFO:[0m Stored 384 tokens in 0.003 seconds [3m(lmcache_driven_transfer.py:1218:lmcache.v1.multiprocess.modules.lmcache_driven_transfer)[0m
[32;20m[2026-09-20 14:16:04,673] LMCache INFO:[0m Stored 368 tokens in 0.003 seconds [3m(lmcache_driven_transfer.py:1218:lmcache.v1.multiprocess.modules.lmcache_driven_transfer)[0m
[32;20m[2026-09-20 14:16:04,763] LMCache INFO:[0m Stored 384 tokens in 0.003 seconds [3m(lmcache_driven_transfer.py:1218:lmcache.v1.multiprocess.modules.lmcache_driven_transfer)[0m
[32;20m[2026-09-20 14:16:04,857] LMCache INFO:[0m Stored 384 tokens in 0.003 seconds [3m(lmcache_driven_transfer.py:1218:lmcache.v1.multiprocess.modules.lmcache_driven_transfer)[0m
[32;20m[2026-09-20 14:16:04,897] LMCache INFO:[0m Prefetch request completed (L1+L2): 24/24 retained keys (24 L1, 0 L2) in 1.3 ms (external_request_id=cmpl-a798416fbdb08287-0-b7afe43a, prefetch_request_id=-1) [3m(storage_manager.py:716:lmcache.v1.distributed.storage_manager)[0m
[32;20m[2026-09-20 14:16:04,902] LMCache INFO:[0m Retrieved 384 tokens in 0.002 seconds [3m(lmcache_driven_transfer.py:1427:lmcache.v1.multiprocess.modules.lmcache_driven_transfer)[0m
[32;20m[2026-09-20 14:16:05,015] LMCache INFO:[0m Stored 368 tokens in 0.003 seconds [3m(lmcache_driven_transfer.py:1218:lmcache.v1.multiprocess.modules.lmcache_driven_transfer)[0m
[32;20m[2026-09-20 14:16:05,090] LMCache INFO:[0m Stored 384 tokens in 0.003 seconds [3m(lmcache_driven_transfer.py:1218:lmcache.v1.multiprocess.modules.lmcache_driven_transfer)[0m
[32;20m[2026-09-20 14:16:05,111] LMCache INFO:[0m L1 memory usage 0.90 above watermark 0.80; triggering eviction. [3m(eviction_controller.py:179:lmcache.v1.distributed.storage_controllers.eviction_controller)[0m
[32;20m[2026-09-20 14:16:05,185] LMCache INFO:[0m Stored 384 tokens in 0.003 seconds [3m(lmcache_driven_transfer.py:1218:lmcache.v1.multiprocess.modules.lmcache_driven_transfer)[0m
[32;20m[2026-09-20 14:16:05,276] LMCache INFO:[0m Stored 384 tokens in 0.003 seconds [3m(lmcache_driven_transfer.py:1218:lmcache.v1.multiprocess.modules.lmcache_driven_transfer)[0m
[32;20m[2026-09-20 14:16:05,369] LMCache INFO:[0m Stored 384 tokens in 0.003 seconds [3m(lmcache_driven_transfer.py:1218:lmcache.v1.multiprocess.modules.lmcache_driven_transfer)[0m
[32;20m[2026-09-20 14:16:05,460] LMCache INFO:[0m Stored 384 tokens in 0.003 seconds [3m(lmcache_driven_transfer.py:1218:lmcache.v1.multiprocess.modules.lmcache_driven_transfer)[0m
[32;20m[2026-09-20 14:16:05,552] LMCache INFO:[0m Stored 384 tokens in 0.003 seconds [3m(lmcache_driven_transfer.py:1218:lmcache.v1.multiprocess.modules.lmcache_driven_transfer)[0m
[32;20m[2026-09-20 14:16:05,640] LMCache INFO:[0m Stored 384 tokens in 0.003 seconds [3m(lmcache_driven_transfer.py:1218:lmcache.v1.multiprocess.modules.lmcache_driven_transfer)[0m
[32;20m[2026-09-20 14:16:05,733] LMCache INFO:[0m Stored 64 tokens in 0.003 seconds [3m(lmcache_driven_transfer.py:1218:lmcache.v1.multiprocess.modules.lmcache_driven_transfer)[0m
[32;20m[2026-09-20 14:16:05,786] LMCache INFO:[0m Stored 384 tokens in 0.003 seconds [3m(lmcache_driven_transfer.py:1218:lmcache.v1.multiprocess.modules.lmcache_driven_transfer)[0m
[32;20m[2026-09-20 14:16:05,820] LMCache INFO:[0m Prefetch request completed (L1+L2): 24/24 retained keys (24 L1, 0 L2) in 1.4 ms (external_request_id=cmpl-bee4e27af4b24a26-0-ae2bd81c, prefetch_request_id=-1) [3m(storage_manager.py:716:lmcache.v1.distributed.storage_manager)[0m
[32;20m[2026-09-20 14:16:05,826] LMCache INFO:[0m Retrieved 384 tokens in 0.002 seconds [3m(lmcache_driven_transfer.py:1427:lmcache.v1.multiprocess.modules.lmcache_driven_transfer)[0m
[32;20m[2026-09-20 14:16:05,943] LMCache INFO:[0m Stored 384 tokens in 0.003 seconds [3m(lmcache_driven_transfer.py:1218:lmcache.v1.multiprocess.modules.lmcache_driven_transfer)[0m
[32;20m[2026-09-20 14:16:06,019] LMCache INFO:[0m Stored 384 tokens in 0.003 seconds [3m(lmcache_driven_transfer.py:1218:lmcache.v1.multiprocess.modules.lmcache_driven_transfer)[0m
[32;20m[2026-09-20 14:16:06,109] LMCache INFO:[0m Stored 384 tokens in 0.003 seconds [3m(lmcache_driven_transfer.py:1218:lmcache.v1.multiprocess.modules.lmcache_driven_transfer)[0m
[32;20m[2026-09-20 14:16:06,117] LMCache INFO:[0m L1 memory usage 0.94 above watermark 0.80; triggering eviction. [3m(eviction_controller.py:179:lmcache.v1.distributed.storage_controllers.eviction_controller)[0m
[32;20m[2026-09-20 14:16:06,203] LMCache INFO:[0m Stored 384 tokens in 0.003 seconds [3m(lmcache_driven_transfer.py:1218:lmcache.v1.multiprocess.modules.lmcache_driven_transfer)[0m
[32;20m[2026-09-20 14:16:06,294] LMCache INFO:[0m Stored 384 tokens in 0.003 seconds [3m(lmcache_driven_transfer.py:1218:lmcache.v1.multiprocess.modules.lmcache_driven_transfer)[0m
[32;20m[2026-09-20 14:16:06,381] LMCache INFO:[0m Stored 384 tokens in 0.003 seconds [3m(lmcache_driven_transfer.py:1218:lmcache.v1.multiprocess.modules.lmcache_driven_transfer)[0m
[32;20m[2026-09-20 14:16:06,471] LMCache INFO:[0m Stored 368 tokens in 0.003 seconds [3m(lmcache_driven_transfer.py:1218:lmcache.v1.multiprocess.modules.lmcache_driven_transfer)[0m
[32;20m[2026-09-20 14:16:06,562] LMCache INFO:[0m Stored 384 tokens in 0.003 seconds [3m(lmcache_driven_transfer.py:1218:lmcache.v1.multiprocess.modules.lmcache_driven_transfer)[0m
[32;20m[2026-09-20 14:16:06,653] LMCache INFO:[0m Stored 384 tokens in 0.003 seconds [3m(lmcache_driven_transfer.py:1218:lmcache.v1.multiprocess.modules.lmcache_driven_transfer)[0m
[32;20m[2026-09-20 14:16:06,742] LMCache INFO:[0m Stored 384 tokens in 0.003 seconds [3m(lmcache_driven_transfer.py:1218:lmcache.v1.multiprocess.modules.lmcache_driven_transfer)[0m
[32;20m[2026-09-20 14:16:06,833] LMCache INFO:[0m Stored 384 tokens in 0.003 seconds [3m(lmcache_driven_transfer.py:1218:lmcache.v1.multiprocess.modules.lmcache_driven_transfer)[0m
[32;20m[2026-09-20 14:16:06,873] LMCache INFO:[0m Prefetch request completed (L1+L2): 24/24 retained keys (24 L1, 0 L2) in 1.4 ms (external_request_id=cmpl-ad910e0eb9e90469-0-819c34fb, prefetch_request_id=-1) [3m(storage_manager.py:716:lmcache.v1.distributed.storage_manager)[0m
[32;20m[2026-09-20 14:16:06,879] LMCache INFO:[0m Retrieved 384 tokens in 0.002 seconds [3m(lmcache_driven_transfer.py:1427:lmcache.v1.multiprocess.modules.lmcache_driven_transfer)[0m
[32;20m[2026-09-20 14:16:06,994] LMCache INFO:[0m Stored 384 tokens in 0.003 seconds [3m(lmcache_driven_transfer.py:1218:lmcache.v1.multiprocess.modules.lmcache_driven_transfer)[0m
[32;20m[2026-09-20 14:16:07,028] LMCache INFO:[0m Prefetch request completed (L1+L2): 24/24 retained keys (24 L1, 0 L2) in 2.5 ms (external_request_id=cmpl-9964a5b4be759a1e-0-85bd4b23, prefetch_request_id=-1) [3m(storage_manager.py:716:lmcache.v1.distributed.storage_manager)[0m
[32;20m[2026-09-20 14:16:07,036] LMCache INFO:[0m Prefetch request completed (L1+L2): 23/23 retained keys (23 L1, 0 L2) in 1.5 ms (external_request_id=cmpl-8cb0e60762ddf5e2-0-8d00af5f, prefetch_request_id=-1) [3m(storage_manager.py:716:lmcache.v1.distributed.storage_manager)[0m
[32;20m[2026-09-20 14:16:07,037] LMCache INFO:[0m Retrieved 384 tokens in 0.004 seconds [3m(lmcache_driven_transfer.py:1427:lmcache.v1.multiprocess.modules.lmcache_driven_transfer)[0m
[32;20m[2026-09-20 14:16:07,043] LMCache INFO:[0m Retrieved 368 tokens in 0.003 seconds [3m(lmcache_driven_transfer.py:1427:lmcache.v1.multiprocess.modules.lmcache_driven_transfer)[0m
[32;20m[2026-09-20 14:16:07,124] LMCache INFO:[0m L1 memory usage 0.94 above watermark 0.80; triggering eviction. [3m(eviction_controller.py:179:lmcache.v1.distributed.storage_controllers.eviction_controller)[0m
[32;20m[2026-09-20 14:16:07,136] LMCache INFO:[0m Prefetch request completed (L1+L2): 24/24 retained keys (24 L1, 0 L2) in 1.2 ms (external_request_id=cmpl-ac264acfaaedb0c0-0-8e6f1d34, prefetch_request_id=-1) [3m(storage_manager.py:716:lmcache.v1.distributed.storage_manager)[0m
[32;20m[2026-09-20 14:16:07,141] LMCache INFO:[0m Retrieved 384 tokens in 0.002 seconds [3m(lmcache_driven_transfer.py:1427:lmcache.v1.multiprocess.modules.lmcache_driven_transfer)[0m
[32;20m[2026-09-20 14:16:07,235] LMCache INFO:[0m Stored 384 tokens in 0.003 seconds [3m(lmcache_driven_transfer.py:1218:lmcache.v1.multiprocess.modules.lmcache_driven_transfer)[0m
[32;20m[2026-09-20 14:16:07,277] LMCache INFO:[0m Prefetch request completed (L1+L2): 24/24 retained keys (24 L1, 0 L2) in 1.0 ms (external_request_id=cmpl-af9545f182cf2983-0-a9423587, prefetch_request_id=-1) [3m(storage_manager.py:716:lmcache.v1.distributed.storage_manager)[0m
[32;20m[2026-09-20 14:16:07,282] LMCache INFO:[0m Retrieved 384 tokens in 0.002 seconds [3m(lmcache_driven_transfer.py:1427:lmcache.v1.multiprocess.modules.lmcache_driven_transfer)[0m
[32;20m[2026-09-20 14:16:07,337] LMCache INFO:[0m Prefetch request completed (L1+L2): 24/24 retained keys (24 L1, 0 L2) in 1.3 ms (external_request_id=cmpl-a38588341477bfa0-0-89a68085, prefetch_request_id=-1) [3m(storage_manager.py:716:lmcache.v1.distributed.storage_manager)[0m
[32;20m[2026-09-20 14:16:07,342] LMCache INFO:[0m Retrieved 384 tokens in 0.002 seconds [3m(lmcache_driven_transfer.py:1427:lmcache.v1.multiprocess.modules.lmcache_driven_transfer)[0m
[32;20m[2026-09-20 14:16:07,398] LMCache INFO:[0m Prefetch request completed (L1+L2): 24/24 retained keys (24 L1, 0 L2) in 1.4 ms (external_request_id=cmpl-8f5247d293644159-0-b9d80d09, prefetch_request_id=-1) [3m(storage_manager.py:716:lmcache.v1.distributed.storage_manager)[0m
[32;20m[2026-09-20 14:16:07,403] LMCache INFO:[0m Retrieved 384 tokens in 0.002 seconds [3m(lmcache_driven_transfer.py:1427:lmcache.v1.multiprocess.modules.lmcache_driven_transfer)[0m
[32;20m[2026-09-20 14:16:07,501] LMCache INFO:[0m Stored 128 tokens in 0.004 seconds [3m(lmcache_driven_transfer.py:1218:lmcache.v1.multiprocess.modules.lmcache_driven_transfer)[0m
[32;20m[2026-09-20 14:16:07,551] LMCache INFO:[0m Stored 384 tokens in 0.003 seconds [3m(lmcache_driven_transfer.py:1218:lmcache.v1.multiprocess.modules.lmcache_driven_transfer)[0m
[32;20m[2026-09-20 14:16:07,645] LMCache INFO:[0m Stored 384 tokens in 0.003 seconds [3m(lmcache_driven_transfer.py:1218:lmcache.v1.multiprocess.modules.lmcache_driven_transfer)[0m
[32;20m[2026-09-20 14:16:07,844] LMCache INFO:[0m Prefetch request completed (L1+L2): 23/23 retained keys (23 L1, 0 L2) in 1.1 ms (external_request_id=cmpl-a8bcc7356570cb9d-0-b21fe106, prefetch_request_id=-1) [3m(storage_manager.py:716:lmcache.v1.distributed.storage_manager)[0m
[32;20m[2026-09-20 14:16:07,849] LMCache INFO:[0m Retrieved 368 tokens in 0.002 seconds [3m(lmcache_driven_transfer.py:1427:lmcache.v1.multiprocess.modules.lmcache_driven_transfer)[0m
[32;20m[2026-09-20 14:16:07,963] LMCache INFO:[0m Stored 384 tokens in 0.003 seconds [3m(lmcache_driven_transfer.py:1218:lmcache.v1.multiprocess.modules.lmcache_driven_transfer)[0m
[32;20m[2026-09-20 14:16:08,038] LMCache INFO:[0m Stored 384 tokens in 0.003 seconds [3m(lmcache_driven_transfer.py:1218:lmcache.v1.multiprocess.modules.lmcache_driven_transfer)[0m
[32;20m[2026-09-20 14:16:08,079] LMCache INFO:[0m L0<->L1 stats [cuda:0] last 10.0s: store ops=94 tokens=33088 size=0.95GB avg_copy=7.01GB/s | retrieve ops=24 tokens=9152 size=0.26GB avg_copy=4.14GB/s [3m(extra_stats.py:159:lmcache.v1.mp_observability.subscribers.logging.extra_stats)[0m
[32;20m[2026-09-20 14:16:08,079] LMCache INFO:[0m L0<->L1 stats [cuda:0] cumulative: store ops=168 tokens=61216 size=1.76GB avg_copy=6.88GB/s | retrieve ops=30 tokens=11456 size=0.33GB avg_copy=4.19GB/s [3m(extra_stats.py:168:lmcache.v1.mp_observability.subscribers.logging.extra_stats)[0m
[32;20m[2026-09-20 14:16:08,130] LMCache INFO:[0m Stored 384 tokens in 0.003 seconds [3m(lmcache_driven_transfer.py:1218:lmcache.v1.multiprocess.modules.lmcache_driven_transfer)[0m
[32;20m[2026-09-20 14:16:08,134] LMCache INFO:[0m L1 memory usage: 0.44/0.50 GiB (87.9%) [3m(eviction_controller.py:153:lmcache.v1.distributed.storage_controllers.eviction_controller)[0m
[32;20m[2026-09-20 14:16:08,135] LMCache INFO:[0m L1 memory usage 0.88 above watermark 0.80; triggering eviction. [3m(eviction_controller.py:179:lmcache.v1.distributed.storage_controllers.eviction_controller)[0m
[32;20m[2026-09-20 14:16:08,221] LMCache INFO:[0m Stored 384 tokens in 0.003 seconds [3m(lmcache_driven_transfer.py:1218:lmcache.v1.multiprocess.modules.lmcache_driven_transfer)[0m
[32;20m[2026-09-20 14:16:08,311] LMCache INFO:[0m Stored 384 tokens in 0.003 seconds [3m(lmcache_driven_transfer.py:1218:lmcache.v1.multiprocess.modules.lmcache_driven_transfer)[0m
[32;20m[2026-09-20 14:16:08,403] LMCache INFO:[0m Stored 384 tokens in 0.003 seconds [3m(lmcache_driven_transfer.py:1218:lmcache.v1.multiprocess.modules.lmcache_driven_transfer)[0m
[32;20m[2026-09-20 14:16:08,494] LMCache INFO:[0m Stored 368 tokens in 0.003 seconds [3m(lmcache_driven_transfer.py:1218:lmcache.v1.multiprocess.modules.lmcache_driven_transfer)[0m
[32;20m[2026-09-20 14:16:08,582] LMCache INFO:[0m Stored 384 tokens in 0.003 seconds [3m(lmcache_driven_transfer.py:1218:lmcache.v1.multiprocess.modules.lmcache_driven_transfer)[0m
[32;20m[2026-09-20 14:16:08,675] LMCache INFO:[0m Stored 384 tokens in 0.003 seconds [3m(lmcache_driven_transfer.py:1218:lmcache.v1.multiprocess.modules.lmcache_driven_transfer)[0m
[32;20m[2026-09-20 14:16:08,768] LMCache INFO:[0m Stored 144 tokens in 0.005 seconds [3m(lmcache_driven_transfer.py:1218:lmcache.v1.multiprocess.modules.lmcache_driven_transfer)[0m
[32;20m[2026-09-20 14:16:08,768] LMCache INFO:[0m Prefetch request completed (L1+L2): 24/24 retained keys (24 L1, 0 L2) in 1.9 ms (external_request_id=cmpl-9ef3d0d5ac38b33f-0-b4abd975, prefetch_request_id=-1) [3m(storage_manager.py:716:lmcache.v1.distributed.storage_manager)[0m
[32;20m[2026-09-20 14:16:08,775] LMCache INFO:[0m Retrieved 384 tokens in 0.003 seconds [3m(lmcache_driven_transfer.py:1427:lmcache.v1.multiprocess.modules.lmcache_driven_transfer)[0m
[32;20m[2026-09-20 14:16:08,845] LMCache INFO:[0m Prefetch request completed (L1+L2): 24/24 retained keys (24 L1, 0 L2) in 1.2 ms (external_request_id=cmpl-a0ecaf40139e2780-0-8caf1bd2, prefetch_request_id=-1) [3m(storage_manager.py:716:lmcache.v1.distributed.storage_manager)[0m
[32;20m[2026-09-20 14:16:08,851] LMCache INFO:[0m Prefetch request completed (L1+L2): 24/24 retained keys (24 L1, 0 L2) in 1.5 ms (external_request_id=cmpl-84bb75047f8eaeb8-0-bd42afde, prefetch_request_id=-1) [3m(storage_manager.py:716:lmcache.v1.distributed.storage_manager)[0m
[32;20m[2026-09-20 14:16:08,852] LMCache INFO:[0m Retrieved 384 tokens in 0.004 seconds [3m(lmcache_driven_transfer.py:1427:lmcache.v1.multiprocess.modules.lmcache_driven_transfer)[0m
[32;20m[2026-09-20 14:16:08,859] LMCache INFO:[0m Retrieved 384 tokens in 0.004 seconds [3m(lmcache_driven_transfer.py:1427:lmcache.v1.multiprocess.modules.lmcache_driven_transfer)[0m
[32;20m[2026-09-20 14:16:08,944] LMCache INFO:[0m Prefetch request completed (L1+L2): 24/24 retained keys (24 L1, 0 L2) in 1.4 ms (external_request_id=cmpl-9d7cf8fdbd9538e2-0-8ae6e0b1, prefetch_request_id=-1) [3m(storage_manager.py:716:lmcache.v1.distributed.storage_manager)[0m
[32;20m[2026-09-20 14:16:08,950] LMCache INFO:[0m Retrieved 384 tokens in 0.002 seconds [3m(lmcache_driven_transfer.py:1427:lmcache.v1.multiprocess.modules.lmcache_driven_transfer)[0m
[32;20m[2026-09-20 14:16:09,006] LMCache INFO:[0m Prefetch request completed (L1+L2): 24/24 retained keys (24 L1, 0 L2) in 1.3 ms (external_request_id=cmpl-becc590f6dec8b2d-0-bebdd97b, prefetch_request_id=-1) [3m(storage_manager.py:716:lmcache.v1.distributed.storage_manager)[0m
[32;20m[2026-09-20 14:16:09,011] LMCache INFO:[0m Retrieved 384 tokens in 0.002 seconds [3m(lmcache_driven_transfer.py:1427:lmcache.v1.multiprocess.modules.lmcache_driven_transfer)[0m
[32;20m[2026-09-20 14:16:09,066] LMCache INFO:[0m Prefetch request completed (L1+L2): 24/24 retained keys (24 L1, 0 L2) in 1.3 ms (external_request_id=cmpl-8d3d104ca749955a-0-a378c37a, prefetch_request_id=-1) [3m(storage_manager.py:716:lmcache.v1.distributed.storage_manager)[0m
[32;20m[2026-09-20 14:16:09,070] LMCache INFO:[0m Retrieved 384 tokens in 0.002 seconds [3m(lmcache_driven_transfer.py:1427:lmcache.v1.multiprocess.modules.lmcache_driven_transfer)[0m
[32;20m[2026-09-20 14:16:09,127] LMCache INFO:[0m Prefetch request completed (L1+L2): 24/24 retained keys (24 L1, 0 L2) in 1.2 ms (external_request_id=cmpl-ae5e1e890feec050-0-a508082b, prefetch_request_id=-1) [3m(storage_manager.py:716:lmcache.v1.distributed.storage_manager)[0m
[32;20m[2026-09-20 14:16:09,131] LMCache INFO:[0m Retrieved 384 tokens in 0.002 seconds [3m(lmcache_driven_transfer.py:1427:lmcache.v1.multiprocess.modules.lmcache_driven_transfer)[0m
[32;20m[2026-09-20 14:16:09,140] LMCache INFO:[0m L1 memory usage 0.84 above watermark 0.80; triggering eviction. [3m(eviction_controller.py:179:lmcache.v1.distributed.storage_controllers.eviction_controller)[0m
[32;20m[2026-09-20 14:16:09,186] LMCache INFO:[0m Prefetch request completed (L1+L2): 9/9 retained keys (9 L1, 0 L2) in 1.3 ms (external_request_id=cmpl-967d7e58c3e8b572-0-b12146cc, prefetch_request_id=-1) [3m(storage_manager.py:716:lmcache.v1.distributed.storage_manager)[0m
[32;20m[2026-09-20 14:16:09,190] LMCache INFO:[0m Retrieved 144 tokens in 0.002 seconds [3m(lmcache_driven_transfer.py:1427:lmcache.v1.multiprocess.modules.lmcache_driven_transfer)[0m
[32;20m[2026-09-20 14:16:09,240] LMCache INFO:[0m Prefetch request completed (L1+L2): 23/23 retained keys (23 L1, 0 L2) in 1.0 ms (external_request_id=cmpl-bbb5eca95d568209-0-a59be967, prefetch_request_id=-1) [3m(storage_manager.py:716:lmcache.v1.distributed.storage_manager)[0m
[32;20m[2026-09-20 14:16:09,245] LMCache INFO:[0m Retrieved 368 tokens in 0.002 seconds [3m(lmcache_driven_transfer.py:1427:lmcache.v1.multiprocess.modules.lmcache_driven_transfer)[0m
[32;20m[2026-09-20 14:16:09,301] LMCache INFO:[0m Prefetch request completed (L1+L2): 24/24 retained keys (24 L1, 0 L2) in 1.0 ms (external_request_id=cmpl-853f232e709a7196-0-ae6402a2, prefetch_request_id=-1) [3m(storage_manager.py:716:lmcache.v1.distributed.storage_manager)[0m
[32;20m[2026-09-20 14:16:09,306] LMCache INFO:[0m Retrieved 384 tokens in 0.002 seconds [3m(lmcache_driven_transfer.py:1427:lmcache.v1.multiprocess.modules.lmcache_driven_transfer)[0m
[32;20m[2026-09-20 14:16:09,406] LMCache INFO:[0m Stored 384 tokens in 0.003 seconds [3m(lmcache_driven_transfer.py:1218:lmcache.v1.multiprocess.modules.lmcache_driven_transfer)[0m
[32;20m[2026-09-20 14:16:09,489] LMCache INFO:[0m Stored 384 tokens in 0.003 seconds [3m(lmcache_driven_transfer.py:1218:lmcache.v1.multiprocess.modules.lmcache_driven_transfer)[0m
[32;20m[2026-09-20 14:16:09,701] LMCache INFO:[0m Prefetch request completed (L1+L2): 24/24 retained keys (24 L1, 0 L2) in 1.2 ms (external_request_id=cmpl-9fdcd05339be3abc-0-9d034f73, prefetch_request_id=-1) [3m(storage_manager.py:716:lmcache.v1.distributed.storage_manager)[0m
[32;20m[2026-09-20 14:16:09,706] LMCache INFO:[0m Retrieved 384 tokens in 0.002 seconds [3m(lmcache_driven_transfer.py:1427:lmcache.v1.multiprocess.modules.lmcache_driven_transfer)[0m
[32;20m[2026-09-20 14:16:09,820] LMCache INFO:[0m Stored 384 tokens in 0.003 seconds [3m(lmcache_driven_transfer.py:1218:lmcache.v1.multiprocess.modules.lmcache_driven_transfer)[0m
[32;20m[2026-09-20 14:16:09,896] LMCache INFO:[0m Stored 384 tokens in 0.003 seconds [3m(lmcache_driven_transfer.py:1218:lmcache.v1.multiprocess.modules.lmcache_driven_transfer)[0m
[32;20m[2026-09-20 14:16:09,993] LMCache INFO:[0m Stored 384 tokens in 0.003 seconds [3m(lmcache_driven_transfer.py:1218:lmcache.v1.multiprocess.modules.lmcache_driven_transfer)[0m
[32;20m[2026-09-20 14:16:10,084] LMCache INFO:[0m Stored 384 tokens in 0.003 seconds [3m(lmcache_driven_transfer.py:1218:lmcache.v1.multiprocess.modules.lmcache_driven_transfer)[0m
[32;20m[2026-09-20 14:16:10,172] LMCache INFO:[0m Stored 384 tokens in 0.003 seconds [3m(lmcache_driven_transfer.py:1218:lmcache.v1.multiprocess.modules.lmcache_driven_transfer)[0m
[32;20m[2026-09-20 14:16:10,260] LMCache INFO:[0m Stored 384 tokens in 0.003 seconds [3m(lmcache_driven_transfer.py:1218:lmcache.v1.multiprocess.modules.lmcache_driven_transfer)[0m
[32;20m[2026-09-20 14:16:10,351] LMCache INFO:[0m Stored 384 tokens in 0.003 seconds [3m(lmcache_driven_transfer.py:1218:lmcache.v1.multiprocess.modules.lmcache_driven_transfer)[0m
[32;20m[2026-09-20 14:16:10,442] LMCache INFO:[0m Stored 384 tokens in 0.003 seconds [3m(lmcache_driven_transfer.py:1218:lmcache.v1.multiprocess.modules.lmcache_driven_transfer)[0m
[32;20m[2026-09-20 14:16:10,531] LMCache INFO:[0m Stored 384 tokens in 0.004 seconds [3m(lmcache_driven_transfer.py:1218:lmcache.v1.multiprocess.modules.lmcache_driven_transfer)[0m
[32;20m[2026-09-20 14:16:10,619] LMCache INFO:[0m Stored 384 tokens in 0.003 seconds [3m(lmcache_driven_transfer.py:1218:lmcache.v1.multiprocess.modules.lmcache_driven_transfer)[0m
[32;20m[2026-09-20 14:16:10,700] LMCache INFO:[0m Stored 240 tokens in 0.002 seconds [3m(lmcache_driven_transfer.py:1218:lmcache.v1.multiprocess.modules.lmcache_driven_transfer)[0m
[32;20m[2026-09-20 14:16:10,784] LMCache INFO:[0m Stored 384 tokens in 0.003 seconds [3m(lmcache_driven_transfer.py:1218:lmcache.v1.multiprocess.modules.lmcache_driven_transfer)[0m
[32;20m[2026-09-20 14:16:10,863] LMCache INFO:[0m Stored 384 tokens in 0.003 seconds [3m(lmcache_driven_transfer.py:1218:lmcache.v1.multiprocess.modules.lmcache_driven_transfer)[0m
[32;20m[2026-09-20 14:16:10,955] LMCache INFO:[0m Stored 384 tokens in 0.003 seconds [3m(lmcache_driven_transfer.py:1218:lmcache.v1.multiprocess.modules.lmcache_driven_transfer)[0m
[33;20m[2026-09-20 14:16:11,044] LMCache WARNING:[0m Failed to batched allocate 24 memory blocks of size 458752 because no enough memory is available (short by 13 blocks) [3m(memory_management.py:1490:lmcache.v1.memory_management)[0m
[33;20m[2026-09-20 14:16:11,135] LMCache WARNING:[0m Failed to batched allocate 24 memory blocks of size 458752 because no enough memory is available (short by 13 blocks) [3m(memory_management.py:1490:lmcache.v1.memory_management)[0m
[32;20m[2026-09-20 14:16:11,148] LMCache INFO:[0m L1 memory usage 0.99 above watermark 0.80; triggering eviction. [3m(eviction_controller.py:179:lmcache.v1.distributed.storage_controllers.eviction_controller)[0m
[32;20m[2026-09-20 14:16:11,226] LMCache INFO:[0m Stored 384 tokens in 0.003 seconds [3m(lmcache_driven_transfer.py:1218:lmcache.v1.multiprocess.modules.lmcache_driven_transfer)[0m
[32;20m[2026-09-20 14:16:11,315] LMCache INFO:[0m Stored 384 tokens in 0.003 seconds [3m(lmcache_driven_transfer.py:1218:lmcache.v1.multiprocess.modules.lmcache_driven_transfer)[0m
[32;20m[2026-09-20 14:16:11,408] LMCache INFO:[0m Stored 384 tokens in 0.003 seconds [3m(lmcache_driven_transfer.py:1218:lmcache.v1.multiprocess.modules.lmcache_driven_transfer)[0m
[32;20m[2026-09-20 14:16:11,499] LMCache INFO:[0m Stored 384 tokens in 0.003 seconds [3m(lmcache_driven_transfer.py:1218:lmcache.v1.multiprocess.modules.lmcache_driven_transfer)[0m
[32;20m[2026-09-20 14:16:11,589] LMCache INFO:[0m Stored 384 tokens in 0.003 seconds [3m(lmcache_driven_transfer.py:1218:lmcache.v1.multiprocess.modules.lmcache_driven_transfer)[0m
[32;20m[2026-09-20 14:16:11,681] LMCache INFO:[0m Stored 384 tokens in 0.003 seconds [3m(lmcache_driven_transfer.py:1218:lmcache.v1.multiprocess.modules.lmcache_driven_transfer)[0m
[32;20m[2026-09-20 14:16:11,766] LMCache INFO:[0m Stored 384 tokens in 0.004 seconds [3m(lmcache_driven_transfer.py:1218:lmcache.v1.multiprocess.modules.lmcache_driven_transfer)[0m
[32;20m[2026-09-20 14:16:11,870] LMCache INFO:[0m Stored 384 tokens in 0.003 seconds [3m(lmcache_driven_transfer.py:1218:lmcache.v1.multiprocess.modules.lmcache_driven_transfer)[0m
[32;20m[2026-09-20 14:16:11,951] LMCache INFO:[0m Stored 384 tokens in 0.003 seconds [3m(lmcache_driven_transfer.py:1218:lmcache.v1.multiprocess.modules.lmcache_driven_transfer)[0m
[32;20m[2026-09-20 14:16:12,039] LMCache INFO:[0m Stored 384 tokens in 0.003 seconds [3m(lmcache_driven_transfer.py:1218:lmcache.v1.multiprocess.modules.lmcache_driven_transfer)[0m
[33;20m[2026-09-20 14:16:12,126] LMCache WARNING:[0m Failed to batched allocate 24 memory blocks of size 458752 because no enough memory is available (short by 22 blocks) [3m(memory_management.py:1490:lmcache.v1.memory_management)[0m
[32;20m[2026-09-20 14:16:12,156] LMCache INFO:[0m L1 memory usage 1.00 above watermark 0.80; triggering eviction. [3m(eviction_controller.py:179:lmcache.v1.distributed.storage_controllers.eviction_controller)[0m
[32;20m[2026-09-20 14:16:12,223] LMCache INFO:[0m Stored 384 tokens in 0.003 seconds [3m(lmcache_driven_transfer.py:1218:lmcache.v1.multiprocess.modules.lmcache_driven_transfer)[0m
[32;20m[2026-09-20 14:16:12,314] LMCache INFO:[0m Stored 384 tokens in 0.003 seconds [3m(lmcache_driven_transfer.py:1218:lmcache.v1.multiprocess.modules.lmcache_driven_transfer)[0m
[32;20m[2026-09-20 14:16:12,405] LMCache INFO:[0m Stored 384 tokens in 0.003 seconds [3m(lmcache_driven_transfer.py:1218:lmcache.v1.multiprocess.modules.lmcache_driven_transfer)[0m
[32;20m[2026-09-20 14:16:12,497] LMCache INFO:[0m Stored 384 tokens in 0.003 seconds [3m(lmcache_driven_transfer.py:1218:lmcache.v1.multiprocess.modules.lmcache_driven_transfer)[0m
[32;20m[2026-09-20 14:16:12,588] LMCache INFO:[0m Stored 384 tokens in 0.003 seconds [3m(lmcache_driven_transfer.py:1218:lmcache.v1.multiprocess.modules.lmcache_driven_transfer)[0m
[32;20m[2026-09-20 14:16:12,682] LMCache INFO:[0m Stored 384 tokens in 0.003 seconds [3m(lmcache_driven_transfer.py:1218:lmcache.v1.multiprocess.modules.lmcache_driven_transfer)[0m
[32;20m[2026-09-20 14:16:12,766] LMCache INFO:[0m Stored 384 tokens in 0.003 seconds [3m(lmcache_driven_transfer.py:1218:lmcache.v1.multiprocess.modules.lmcache_driven_transfer)[0m
[32;20m[2026-09-20 14:16:12,878] LMCache INFO:[0m Stored 368 tokens in 0.003 seconds [3m(lmcache_driven_transfer.py:1218:lmcache.v1.multiprocess.modules.lmcache_driven_transfer)[0m
[32;20m[2026-09-20 14:16:12,960] LMCache INFO:[0m Stored 384 tokens in 0.003 seconds [3m(lmcache_driven_transfer.py:1218:lmcache.v1.multiprocess.modules.lmcache_driven_transfer)[0m
[33;20m[2026-09-20 14:16:13,045] LMCache WARNING:[0m Failed to batched allocate 24 memory blocks of size 458752 because no enough memory is available (short by 4 blocks) [3m(memory_management.py:1490:lmcache.v1.memory_management)[0m
[33;20m[2026-09-20 14:16:13,134] LMCache WARNING:[0m Failed to batched allocate 24 memory blocks of size 458752 because no enough memory is available (short by 4 blocks) [3m(memory_management.py:1490:lmcache.v1.memory_management)[0m
[32;20m[2026-09-20 14:16:13,162] LMCache INFO:[0m L1 memory usage 0.98 above watermark 0.80; triggering eviction. [3m(eviction_controller.py:179:lmcache.v1.distributed.storage_controllers.eviction_controller)[0m
[32;20m[2026-09-20 14:16:13,230] LMCache INFO:[0m Stored 384 tokens in 0.003 seconds [3m(lmcache_driven_transfer.py:1218:lmcache.v1.multiprocess.modules.lmcache_driven_transfer)[0m
[32;20m[2026-09-20 14:16:13,322] LMCache INFO:[0m Stored 384 tokens in 0.003 seconds [3m(lmcache_driven_transfer.py:1218:lmcache.v1.multiprocess.modules.lmcache_driven_transfer)[0m
[32;20m[2026-09-20 14:16:13,415] LMCache INFO:[0m Stored 384 tokens in 0.003 seconds [3m(lmcache_driven_transfer.py:1218:lmcache.v1.multiprocess.modules.lmcache_driven_transfer)[0m
[32;20m[2026-09-20 14:16:13,508] LMCache INFO:[0m Stored 384 tokens in 0.003 seconds [3m(lmcache_driven_transfer.py:1218:lmcache.v1.multiprocess.modules.lmcache_driven_transfer)[0m
[32;20m[2026-09-20 14:16:13,596] LMCache INFO:[0m Stored 336 tokens in 0.003 seconds [3m(lmcache_driven_transfer.py:1218:lmcache.v1.multiprocess.modules.lmcache_driven_transfer)[0m
[32;20m[2026-09-20 14:16:13,682] LMCache INFO:[0m Stored 384 tokens in 0.004 seconds [3m(lmcache_driven_transfer.py:1218:lmcache.v1.multiprocess.modules.lmcache_driven_transfer)[0m
[32;20m[2026-09-20 14:16:13,773] LMCache INFO:[0m Stored 384 tokens in 0.003 seconds [3m(lmcache_driven_transfer.py:1218:lmcache.v1.multiprocess.modules.lmcache_driven_transfer)[0m
[32;20m[2026-09-20 14:16:13,814] LMCache INFO:[0m Prefetch request completed (L1+L2): 24/24 retained keys (24 L1, 0 L2) in 1.2 ms (external_request_id=cmpl-bb4a682c915e6c46-0-b4136893, prefetch_request_id=-1) [3m(storage_manager.py:716:lmcache.v1.distributed.storage_manager)[0m
[32;20m[2026-09-20 14:16:13,820] LMCache INFO:[0m Retrieved 384 tokens in 0.002 seconds [3m(lmcache_driven_transfer.py:1427:lmcache.v1.multiprocess.modules.lmcache_driven_transfer)[0m
[32;20m[2026-09-20 14:16:13,934] LMCache INFO:[0m Stored 384 tokens in 0.003 seconds [3m(lmcache_driven_transfer.py:1218:lmcache.v1.multiprocess.modules.lmcache_driven_transfer)[0m
[32;20m[2026-09-20 14:16:14,018] LMCache INFO:[0m Stored 384 tokens in 0.003 seconds [3m(lmcache_driven_transfer.py:1218:lmcache.v1.multiprocess.modules.lmcache_driven_transfer)[0m
[32;20m[2026-09-20 14:16:14,108] LMCache INFO:[0m Stored 384 tokens in 0.003 seconds [3m(lmcache_driven_transfer.py:1218:lmcache.v1.multiprocess.modules.lmcache_driven_transfer)[0m
[32;20m[2026-09-20 14:16:14,169] LMCache INFO:[0m L1 memory usage 0.99 above watermark 0.80; triggering eviction. [3m(eviction_controller.py:179:lmcache.v1.distributed.storage_controllers.eviction_controller)[0m
[32;20m[2026-09-20 14:16:14,197] LMCache INFO:[0m Stored 384 tokens in 0.003 seconds [3m(lmcache_driven_transfer.py:1218:lmcache.v1.multiprocess.modules.lmcache_driven_transfer)[0m
[32;20m[2026-09-20 14:16:14,285] LMCache INFO:[0m Stored 384 tokens in 0.005 seconds [3m(lmcache_driven_transfer.py:1218:lmcache.v1.multiprocess.modules.lmcache_driven_transfer)[0m
[32;20m[2026-09-20 14:16:14,387] LMCache INFO:[0m Stored 384 tokens in 0.003 seconds [3m(lmcache_driven_transfer.py:1218:lmcache.v1.multiprocess.modules.lmcache_driven_transfer)[0m
[32;20m[2026-09-20 14:16:14,467] LMCache INFO:[0m Stored 384 tokens in 0.003 seconds [3m(lmcache_driven_transfer.py:1218:lmcache.v1.multiprocess.modules.lmcache_driven_transfer)[0m
[32;20m[2026-09-20 14:16:14,557] LMCache INFO:[0m Stored 384 tokens in 0.003 seconds [3m(lmcache_driven_transfer.py:1218:lmcache.v1.multiprocess.modules.lmcache_driven_transfer)[0m
[32;20m[2026-09-20 14:16:14,647] LMCache INFO:[0m Stored 336 tokens in 0.003 seconds [3m(lmcache_driven_transfer.py:1218:lmcache.v1.multiprocess.modules.lmcache_driven_transfer)[0m
[32;20m[2026-09-20 14:16:14,733] LMCache INFO:[0m Stored 384 tokens in 0.003 seconds [3m(lmcache_driven_transfer.py:1218:lmcache.v1.multiprocess.modules.lmcache_driven_transfer)[0m
[32;20m[2026-09-20 14:16:14,827] LMCache INFO:[0m Stored 384 tokens in 0.003 seconds [3m(lmcache_driven_transfer.py:1218:lmcache.v1.multiprocess.modules.lmcache_driven_transfer)[0m
[32;20m[2026-09-20 14:16:14,912] LMCache INFO:[0m Stored 368 tokens in 0.004 seconds [3m(lmcache_driven_transfer.py:1218:lmcache.v1.multiprocess.modules.lmcache_driven_transfer)[0m
[32;20m[2026-09-20 14:16:15,020] LMCache INFO:[0m Stored 384 tokens in 0.003 seconds [3m(lmcache_driven_transfer.py:1218:lmcache.v1.multiprocess.modules.lmcache_driven_transfer)[0m
[32;20m[2026-09-20 14:16:15,309] LMCache INFO:[0m L1 memory usage 0.99 above watermark 0.80; triggering eviction. [3m(eviction_controller.py:179:lmcache.v1.distributed.storage_controllers.eviction_controller)[0m
[32;20m[2026-09-20 14:16:15,324] LMCache INFO:[0m Stored 384 tokens in 0.007 seconds [3m(lmcache_driven_transfer.py:1218:lmcache.v1.multiprocess.modules.lmcache_driven_transfer)[0m
[32;20m[2026-09-20 14:16:15,367] LMCache INFO:[0m Stored 384 tokens in 0.003 seconds [3m(lmcache_driven_transfer.py:1218:lmcache.v1.multiprocess.modules.lmcache_driven_transfer)[0m
[32;20m[2026-09-20 14:16:15,452] LMCache INFO:[0m Stored 384 tokens in 0.003 seconds [3m(lmcache_driven_transfer.py:1218:lmcache.v1.multiprocess.modules.lmcache_driven_transfer)[0m
[32;20m[2026-09-20 14:16:15,500] LMCache INFO:[0m Prefetch request completed (L1+L2): 24/24 retained keys (24 L1, 0 L2) in 1.0 ms (external_request_id=cmpl-931a0f0c96aeed13-0-8cc49338, prefetch_request_id=-1) [3m(storage_manager.py:716:lmcache.v1.distributed.storage_manager)[0m
[32;20m[2026-09-20 14:16:15,506] LMCache INFO:[0m Retrieved 384 tokens in 0.002 seconds [3m(lmcache_driven_transfer.py:1427:lmcache.v1.multiprocess.modules.lmcache_driven_transfer)[0m
[32;20m[2026-09-20 14:16:15,600] LMCache INFO:[0m Stored 384 tokens in 0.003 seconds [3m(lmcache_driven_transfer.py:1218:lmcache.v1.multiprocess.modules.lmcache_driven_transfer)[0m
[32;20m[2026-09-20 14:16:15,687] LMCache INFO:[0m Stored 384 tokens in 0.003 seconds [3m(lmcache_driven_transfer.py:1218:lmcache.v1.multiprocess.modules.lmcache_driven_transfer)[0m
[32;20m[2026-09-20 14:16:15,737] LMCache INFO:[0m Prefetch request completed (L1+L2): 24/24 retained keys (24 L1, 0 L2) in 1.0 ms (external_request_id=cmpl-8725a0fc0302ffa4-0-a0bb0c74, prefetch_request_id=-1) [3m(storage_manager.py:716:lmcache.v1.distributed.storage_manager)[0m
[32;20m[2026-09-20 14:16:15,742] LMCache INFO:[0m Retrieved 384 tokens in 0.002 seconds [3m(lmcache_driven_transfer.py:1427:lmcache.v1.multiprocess.modules.lmcache_driven_transfer)[0m
[32;20m[2026-09-20 14:16:15,837] LMCache INFO:[0m Stored 384 tokens in 0.003 seconds [3m(lmcache_driven_transfer.py:1218:lmcache.v1.multiprocess.modules.lmcache_driven_transfer)[0m
[32;20m[2026-09-20 14:16:15,874] LMCache INFO:[0m Prefetch request completed (L1+L2): 24/24 retained keys (24 L1, 0 L2) in 1.9 ms (external_request_id=cmpl-805c52516aaa9b67-0-896d4a7d, prefetch_request_id=-1) [3m(storage_manager.py:716:lmcache.v1.distributed.storage_manager)[0m
[32;20m[2026-09-20 14:16:15,879] LMCache INFO:[0m Retrieved 384 tokens in 0.002 seconds [3m(lmcache_driven_transfer.py:1427:lmcache.v1.multiprocess.modules.lmcache_driven_transfer)[0m
[32;20m[2026-09-20 14:16:15,950] LMCache INFO:[0m Prefetch request completed (L1+L2): 24/24 retained keys (24 L1, 0 L2) in 1.2 ms (external_request_id=cmpl-a5c3ee2d4bb7d763-0-ab5a6a0f, prefetch_request_id=-1) [3m(storage_manager.py:716:lmcache.v1.distributed.storage_manager)[0m
[32;20m[2026-09-20 14:16:15,956] LMCache INFO:[0m Prefetch request completed (L1+L2): 24/24 retained keys (24 L1, 0 L2) in 1.4 ms (external_request_id=cmpl-82b5cdfe1704792e-0-a5ebf957, prefetch_request_id=-1) [3m(storage_manager.py:716:lmcache.v1.distributed.storage_manager)[0m
[32;20m[2026-09-20 14:16:15,958] LMCache INFO:[0m Retrieved 384 tokens in 0.005 seconds [3m(lmcache_driven_transfer.py:1427:lmcache.v1.multiprocess.modules.lmcache_driven_transfer)[0m
[32;20m[2026-09-20 14:16:15,961] LMCache INFO:[0m Retrieved 384 tokens in 0.002 seconds [3m(lmcache_driven_transfer.py:1427:lmcache.v1.multiprocess.modules.lmcache_driven_transfer)[0m
[32;20m[2026-09-20 14:16:16,056] LMCache INFO:[0m Prefetch request completed (L1+L2): 24/24 retained keys (24 L1, 0 L2) in 1.3 ms (external_request_id=cmpl-b86602b2b3f3a821-0-9d07115f, prefetch_request_id=-1) [3m(storage_manager.py:716:lmcache.v1.distributed.storage_manager)[0m
[32;20m[2026-09-20 14:16:16,061] LMCache INFO:[0m Retrieved 384 tokens in 0.002 seconds [3m(lmcache_driven_transfer.py:1427:lmcache.v1.multiprocess.modules.lmcache_driven_transfer)[0m
[32;20m[2026-09-20 14:16:16,114] LMCache INFO:[0m Prefetch request completed (L1+L2): 24/24 retained keys (24 L1, 0 L2) in 1.2 ms (external_request_id=cmpl-ad92a32c49b0e3c3-0-9089fcb6, prefetch_request_id=-1) [3m(storage_manager.py:716:lmcache.v1.distributed.storage_manager)[0m
[32;20m[2026-09-20 14:16:16,118] LMCache INFO:[0m Retrieved 384 tokens in 0.002 seconds [3m(lmcache_driven_transfer.py:1427:lmcache.v1.multiprocess.modules.lmcache_driven_transfer)[0m
[32;20m[2026-09-20 14:16:16,170] LMCache INFO:[0m Prefetch request completed (L1+L2): 24/24 retained keys (24 L1, 0 L2) in 1.1 ms (external_request_id=cmpl-880649f58c3ec167-0-bf4315bb, prefetch_request_id=-1) [3m(storage_manager.py:716:lmcache.v1.distributed.storage_manager)[0m
[32;20m[2026-09-20 14:16:16,174] LMCache INFO:[0m Retrieved 384 tokens in 0.002 seconds [3m(lmcache_driven_transfer.py:1427:lmcache.v1.multiprocess.modules.lmcache_driven_transfer)[0m
[32;20m[2026-09-20 14:16:16,229] LMCache INFO:[0m Prefetch request completed (L1+L2): 24/24 retained keys (24 L1, 0 L2) in 1.2 ms (external_request_id=cmpl-9045adc93f2268de-0-8c3e0ed2, prefetch_request_id=-1) [3m(storage_manager.py:716:lmcache.v1.distributed.storage_manager)[0m
[32;20m[2026-09-20 14:16:16,234] LMCache INFO:[0m Retrieved 384 tokens in 0.002 seconds [3m(lmcache_driven_transfer.py:1427:lmcache.v1.multiprocess.modules.lmcache_driven_transfer)[0m
[32;20m[2026-09-20 14:16:16,288] LMCache INFO:[0m Prefetch request completed (L1+L2): 24/24 retained keys (24 L1, 0 L2) in 1.5 ms (external_request_id=cmpl-b0806cb30ccd8672-0-bf6c8634, prefetch_request_id=-1) [3m(storage_manager.py:716:lmcache.v1.distributed.storage_manager)[0m
[32;20m[2026-09-20 14:16:16,294] LMCache INFO:[0m Retrieved 384 tokens in 0.002 seconds [3m(lmcache_driven_transfer.py:1427:lmcache.v1.multiprocess.modules.lmcache_driven_transfer)[0m
[32;20m[2026-09-20 14:16:16,320] LMCache INFO:[0m L1 memory usage 0.92 above watermark 0.80; triggering eviction. [3m(eviction_controller.py:179:lmcache.v1.distributed.storage_controllers.eviction_controller)[0m
[32;20m[2026-09-20 14:16:16,351] LMCache INFO:[0m Prefetch request completed (L1+L2): 24/24 retained keys (24 L1, 0 L2) in 1.1 ms (external_request_id=cmpl-872ab276b2a34ec0-0-b8077731, prefetch_request_id=-1) [3m(storage_manager.py:716:lmcache.v1.distributed.storage_manager)[0m
[32;20m[2026-09-20 14:16:16,356] LMCache INFO:[0m Retrieved 384 tokens in 0.002 seconds [3m(lmcache_driven_transfer.py:1427:lmcache.v1.multiprocess.modules.lmcache_driven_transfer)[0m
[32;20m[2026-09-20 14:16:16,411] LMCache INFO:[0m Prefetch request completed (L1+L2): 24/24 retained keys (24 L1, 0 L2) in 1.2 ms (external_request_id=cmpl-bc39a12fea1bd0ab-0-abf0611d, prefetch_request_id=-1) [3m(storage_manager.py:716:lmcache.v1.distributed.storage_manager)[0m
[32;20m[2026-09-20 14:16:16,416] LMCache INFO:[0m Retrieved 384 tokens in 0.002 seconds [3m(lmcache_driven_transfer.py:1427:lmcache.v1.multiprocess.modules.lmcache_driven_transfer)[0m
[32;20m[2026-09-20 14:16:16,514] LMCache INFO:[0m Stored 384 tokens in 0.003 seconds [3m(lmcache_driven_transfer.py:1218:lmcache.v1.multiprocess.modules.lmcache_driven_transfer)[0m
[32;20m[2026-09-20 14:16:16,597] LMCache INFO:[0m Stored 208 tokens in 0.002 seconds [3m(lmcache_driven_transfer.py:1218:lmcache.v1.multiprocess.modules.lmcache_driven_transfer)[0m
[32;20m[2026-09-20 14:16:16,763] LMCache INFO:[0m Prefetch request completed (L1+L2): 24/24 retained keys (24 L1, 0 L2) in 1.2 ms (external_request_id=cmpl-b6284b241afe8f50-0-a42475d2, prefetch_request_id=-1) [3m(storage_manager.py:716:lmcache.v1.distributed.storage_manager)[0m
[32;20m[2026-09-20 14:16:16,768] LMCache INFO:[0m Retrieved 384 tokens in 0.002 seconds [3m(lmcache_driven_transfer.py:1427:lmcache.v1.multiprocess.modules.lmcache_driven_transfer)[0m
[32;20m[2026-09-20 14:16:16,883] LMCache INFO:[0m Stored 384 tokens in 0.003 seconds [3m(lmcache_driven_transfer.py:1218:lmcache.v1.multiprocess.modules.lmcache_driven_transfer)[0m
[32;20m[2026-09-20 14:16:16,962] LMCache INFO:[0m Stored 384 tokens in 0.003 seconds [3m(lmcache_driven_transfer.py:1218:lmcache.v1.multiprocess.modules.lmcache_driven_transfer)[0m
[32;20m[2026-09-20 14:16:17,051] LMCache INFO:[0m Stored 384 tokens in 0.003 seconds [3m(lmcache_driven_transfer.py:1218:lmcache.v1.multiprocess.modules.lmcache_driven_transfer)[0m
[32;20m[2026-09-20 14:16:17,147] LMCache INFO:[0m Stored 384 tokens in 0.003 seconds [3m(lmcache_driven_transfer.py:1218:lmcache.v1.multiprocess.modules.lmcache_driven_transfer)[0m
[32;20m[2026-09-20 14:16:17,194] LMCache INFO:[0m Prefetch request completed (L1+L2): 24/24 retained keys (24 L1, 0 L2) in 1.0 ms (external_request_id=cmpl-a96fe1ee3fe9581d-0-810a9815, prefetch_request_id=-1) [3m(storage_manager.py:716:lmcache.v1.distributed.storage_manager)[0m
[32;20m[2026-09-20 14:16:17,199] LMCache INFO:[0m Retrieved 384 tokens in 0.002 seconds [3m(lmcache_driven_transfer.py:1427:lmcache.v1.multiprocess.modules.lmcache_driven_transfer)[0m
[32;20m[2026-09-20 14:16:17,295] LMCache INFO:[0m Stored 368 tokens in 0.003 seconds [3m(lmcache_driven_transfer.py:1218:lmcache.v1.multiprocess.modules.lmcache_driven_transfer)[0m
[32;20m[2026-09-20 14:16:17,329] LMCache INFO:[0m L1 memory usage 0.87 above watermark 0.80; triggering eviction. [3m(eviction_controller.py:179:lmcache.v1.distributed.storage_controllers.eviction_controller)[0m
[32;20m[2026-09-20 14:16:17,383] LMCache INFO:[0m Stored 384 tokens in 0.003 seconds [3m(lmcache_driven_transfer.py:1218:lmcache.v1.multiprocess.modules.lmcache_driven_transfer)[0m
[32;20m[2026-09-20 14:16:17,481] LMCache INFO:[0m Stored 384 tokens in 0.003 seconds [3m(lmcache_driven_transfer.py:1218:lmcache.v1.multiprocess.modules.lmcache_driven_transfer)[0m
[32;20m[2026-09-20 14:16:17,570] LMCache INFO:[0m Stored 384 tokens in 0.003 seconds [3m(lmcache_driven_transfer.py:1218:lmcache.v1.multiprocess.modules.lmcache_driven_transfer)[0m
[32;20m[2026-09-20 14:16:17,663] LMCache INFO:[0m Stored 384 tokens in 0.003 seconds [3m(lmcache_driven_transfer.py:1218:lmcache.v1.multiprocess.modules.lmcache_driven_transfer)[0m
[32;20m[2026-09-20 14:16:17,714] LMCache INFO:[0m Prefetch request completed (L1+L2): 24/24 retained keys (24 L1, 0 L2) in 1.1 ms (external_request_id=cmpl-ac67b4ca43500e70-0-b9788940, prefetch_request_id=-1) [3m(storage_manager.py:716:lmcache.v1.distributed.storage_manager)[0m
[32;20m[2026-09-20 14:16:17,719] LMCache INFO:[0m Retrieved 384 tokens in 0.002 seconds [3m(lmcache_driven_transfer.py:1427:lmcache.v1.multiprocess.modules.lmcache_driven_transfer)[0m
[32;20m[2026-09-20 14:16:17,816] LMCache INFO:[0m Stored 384 tokens in 0.005 seconds [3m(lmcache_driven_transfer.py:1218:lmcache.v1.multiprocess.modules.lmcache_driven_transfer)[0m
[32;20m[2026-09-20 14:16:17,920] LMCache INFO:[0m Stored 384 tokens in 0.003 seconds [3m(lmcache_driven_transfer.py:1218:lmcache.v1.multiprocess.modules.lmcache_driven_transfer)[0m
[32;20m[2026-09-20 14:16:18,004] LMCache INFO:[0m Stored 384 tokens in 0.003 seconds [3m(lmcache_driven_transfer.py:1218:lmcache.v1.multiprocess.modules.lmcache_driven_transfer)[0m
[32;20m[2026-09-20 14:16:18,092] LMCache INFO:[0m Stored 384 tokens in 0.003 seconds [3m(lmcache_driven_transfer.py:1218:lmcache.v1.multiprocess.modules.lmcache_driven_transfer)[0m
[32;20m[2026-09-20 14:16:18,131] LMCache INFO:[0m L0<->L1 stats [cuda:0] last 10.1s: store ops=89 tokens=31536 size=0.90GB avg_copy=6.78GB/s | retrieve ops=27 tokens=10112 size=0.29GB avg_copy=3.84GB/s [3m(extra_stats.py:159:lmcache.v1.mp_observability.subscribers.logging.extra_stats)[0m
[32;20m[2026-09-20 14:16:18,131] LMCache INFO:[0m L0<->L1 stats [cuda:0] cumulative: store ops=257 tokens=92752 size=2.66GB avg_copy=6.85GB/s | retrieve ops=57 tokens=21568 size=0.62GB avg_copy=4.02GB/s [3m(extra_stats.py:168:lmcache.v1.mp_observability.subscribers.logging.extra_stats)[0m
[32;20m[2026-09-20 14:16:18,181] LMCache INFO:[0m Stored 384 tokens in 0.003 seconds [3m(lmcache_driven_transfer.py:1218:lmcache.v1.multiprocess.modules.lmcache_driven_transfer)[0m
[32;20m[2026-09-20 14:16:18,271] LMCache INFO:[0m Stored 384 tokens in 0.003 seconds [3m(lmcache_driven_transfer.py:1218:lmcache.v1.multiprocess.modules.lmcache_driven_transfer)[0m
[32;20m[2026-09-20 14:16:18,339] LMCache INFO:[0m L1 memory usage: 0.45/0.50 GiB (90.4%) [3m(eviction_controller.py:153:lmcache.v1.distributed.storage_controllers.eviction_controller)[0m
[32;20m[2026-09-20 14:16:18,339] LMCache INFO:[0m L1 memory usage 0.90 above watermark 0.80; triggering eviction. [3m(eviction_controller.py:179:lmcache.v1.distributed.storage_controllers.eviction_controller)[0m
[32;20m[2026-09-20 14:16:18,367] LMCache INFO:[0m Stored 384 tokens in 0.003 seconds [3m(lmcache_driven_transfer.py:1218:lmcache.v1.multiprocess.modules.lmcache_driven_transfer)[0m
[32;20m[2026-09-20 14:16:18,459] LMCache INFO:[0m Stored 384 tokens in 0.003 seconds [3m(lmcache_driven_transfer.py:1218:lmcache.v1.multiprocess.modules.lmcache_driven_transfer)[0m
[32;20m[2026-09-20 14:16:18,550] LMCache INFO:[0m Stored 384 tokens in 0.003 seconds [3m(lmcache_driven_transfer.py:1218:lmcache.v1.multiprocess.modules.lmcache_driven_transfer)[0m
[32;20m[2026-09-20 14:16:18,642] LMCache INFO:[0m Stored 384 tokens in 0.003 seconds [3m(lmcache_driven_transfer.py:1218:lmcache.v1.multiprocess.modules.lmcache_driven_transfer)[0m
[32;20m[2026-09-20 14:16:18,731] LMCache INFO:[0m Stored 384 tokens in 0.003 seconds [3m(lmcache_driven_transfer.py:1218:lmcache.v1.multiprocess.modules.lmcache_driven_transfer)[0m
[32;20m[2026-09-20 14:16:18,828] LMCache INFO:[0m Stored 112 tokens in 0.006 seconds [3m(lmcache_driven_transfer.py:1218:lmcache.v1.multiprocess.modules.lmcache_driven_transfer)[0m
[32;20m[2026-09-20 14:16:18,828] LMCache INFO:[0m Prefetch request completed (L1+L2): 24/24 retained keys (24 L1, 0 L2) in 2.2 ms (external_request_id=cmpl-a7e91d6cb31f93a6-0-aa2182f7, prefetch_request_id=-1) [3m(storage_manager.py:716:lmcache.v1.distributed.storage_manager)[0m
[32;20m[2026-09-20 14:16:18,833] LMCache INFO:[0m Retrieved 384 tokens in 0.002 seconds [3m(lmcache_driven_transfer.py:1427:lmcache.v1.multiprocess.modules.lmcache_driven_transfer)[0m
[32;20m[2026-09-20 14:16:18,950] LMCache INFO:[0m Stored 384 tokens in 0.003 seconds [3m(lmcache_driven_transfer.py:1218:lmcache.v1.multiprocess.modules.lmcache_driven_transfer)[0m
[32;20m[2026-09-20 14:16:19,026] LMCache INFO:[0m Stored 384 tokens in 0.003 seconds [3m(lmcache_driven_transfer.py:1218:lmcache.v1.multiprocess.modules.lmcache_driven_transfer)[0m
[32;20m[2026-09-20 14:16:19,126] LMCache INFO:[0m Stored 384 tokens in 0.003 seconds [3m(lmcache_driven_transfer.py:1218:lmcache.v1.multiprocess.modules.lmcache_driven_transfer)[0m
[32;20m[2026-09-20 14:16:19,214] LMCache INFO:[0m Stored 384 tokens in 0.003 seconds [3m(lmcache_driven_transfer.py:1218:lmcache.v1.multiprocess.modules.lmcache_driven_transfer)[0m
[32;20m[2026-09-20 14:16:19,306] LMCache INFO:[0m Stored 384 tokens in 0.003 seconds [3m(lmcache_driven_transfer.py:1218:lmcache.v1.multiprocess.modules.lmcache_driven_transfer)[0m
[32;20m[2026-09-20 14:16:19,348] LMCache INFO:[0m L1 memory usage 0.93 above watermark 0.80; triggering eviction. [3m(eviction_controller.py:179:lmcache.v1.distributed.storage_controllers.eviction_controller)[0m
[32;20m[2026-09-20 14:16:19,400] LMCache INFO:[0m Stored 384 tokens in 0.003 seconds [3m(lmcache_driven_transfer.py:1218:lmcache.v1.multiprocess.modules.lmcache_driven_transfer)[0m
[32;20m[2026-09-20 14:16:19,492] LMCache INFO:[0m Stored 384 tokens in 0.003 seconds [3m(lmcache_driven_transfer.py:1218:lmcache.v1.multiprocess.modules.lmcache_driven_transfer)[0m
[32;20m[2026-09-20 14:16:19,581] LMCache INFO:[0m Stored 384 tokens in 0.003 seconds [3m(lmcache_driven_transfer.py:1218:lmcache.v1.multiprocess.modules.lmcache_driven_transfer)[0m
[32;20m[2026-09-20 14:16:19,672] LMCache INFO:[0m Stored 384 tokens in 0.003 seconds [3m(lmcache_driven_transfer.py:1218:lmcache.v1.multiprocess.modules.lmcache_driven_transfer)[0m
[32;20m[2026-09-20 14:16:19,763] LMCache INFO:[0m Stored 384 tokens in 0.003 seconds [3m(lmcache_driven_transfer.py:1218:lmcache.v1.multiprocess.modules.lmcache_driven_transfer)[0m
[32;20m[2026-09-20 14:16:19,800] LMCache INFO:[0m Prefetch request completed (L1+L2): 24/24 retained keys (24 L1, 0 L2) in 1.2 ms (external_request_id=cmpl-8cacd5f73cf41975-0-bc54c176, prefetch_request_id=-1) [3m(storage_manager.py:716:lmcache.v1.distributed.storage_manager)[0m
[32;20m[2026-09-20 14:16:19,807] LMCache INFO:[0m Retrieved 384 tokens in 0.003 seconds [3m(lmcache_driven_transfer.py:1427:lmcache.v1.multiprocess.modules.lmcache_driven_transfer)[0m
[32;20m[2026-09-20 14:16:19,921] LMCache INFO:[0m Stored 368 tokens in 0.003 seconds [3m(lmcache_driven_transfer.py:1218:lmcache.v1.multiprocess.modules.lmcache_driven_transfer)[0m
[32;20m[2026-09-20 14:16:20,004] LMCache INFO:[0m Stored 384 tokens in 0.003 seconds [3m(lmcache_driven_transfer.py:1218:lmcache.v1.multiprocess.modules.lmcache_driven_transfer)[0m
[32;20m[2026-09-20 14:16:20,094] LMCache INFO:[0m Stored 384 tokens in 0.003 seconds [3m(lmcache_driven_transfer.py:1218:lmcache.v1.multiprocess.modules.lmcache_driven_transfer)[0m
[32;20m[2026-09-20 14:16:20,188] LMCache INFO:[0m Stored 384 tokens in 0.003 seconds [3m(lmcache_driven_transfer.py:1218:lmcache.v1.multiprocess.modules.lmcache_driven_transfer)[0m
[32;20m[2026-09-20 14:16:20,280] LMCache INFO:[0m Stored 384 tokens in 0.003 seconds [3m(lmcache_driven_transfer.py:1218:lmcache.v1.multiprocess.modules.lmcache_driven_transfer)[0m
[32;20m[2026-09-20 14:16:20,356] LMCache INFO:[0m L1 memory usage 0.95 above watermark 0.80; triggering eviction. [3m(eviction_controller.py:179:lmcache.v1.distributed.storage_controllers.eviction_controller)[0m
[32;20m[2026-09-20 14:16:20,373] LMCache INFO:[0m Stored 384 tokens in 0.003 seconds [3m(lmcache_driven_transfer.py:1218:lmcache.v1.multiprocess.modules.lmcache_driven_transfer)[0m
[32;20m[2026-09-20 14:16:20,463] LMCache INFO:[0m Stored 384 tokens in 0.003 seconds [3m(lmcache_driven_transfer.py:1218:lmcache.v1.multiprocess.modules.lmcache_driven_transfer)[0m
[32;20m[2026-09-20 14:16:20,554] LMCache INFO:[0m Stored 384 tokens in 0.003 seconds [3m(lmcache_driven_transfer.py:1218:lmcache.v1.multiprocess.modules.lmcache_driven_transfer)[0m
[32;20m[2026-09-20 14:16:20,641] LMCache INFO:[0m Stored 320 tokens in 0.003 seconds [3m(lmcache_driven_transfer.py:1218:lmcache.v1.multiprocess.modules.lmcache_driven_transfer)[0m
[32;20m[2026-09-20 14:16:20,725] LMCache INFO:[0m Stored 384 tokens in 0.003 seconds [3m(lmcache_driven_transfer.py:1218:lmcache.v1.multiprocess.modules.lmcache_driven_transfer)[0m
[32;20m[2026-09-20 14:16:20,820] LMCache INFO:[0m Stored 384 tokens in 0.003 seconds [3m(lmcache_driven_transfer.py:1218:lmcache.v1.multiprocess.modules.lmcache_driven_transfer)[0m
[32;20m[2026-09-20 14:16:20,860] LMCache INFO:[0m Prefetch request completed (L1+L2): 24/24 retained keys (24 L1, 0 L2) in 1.2 ms (external_request_id=cmpl-991e240874722e28-0-aa7eb253, prefetch_request_id=-1) [3m(storage_manager.py:716:lmcache.v1.distributed.storage_manager)[0m
[32;20m[2026-09-20 14:16:20,865] LMCache INFO:[0m Retrieved 384 tokens in 0.002 seconds [3m(lmcache_driven_transfer.py:1427:lmcache.v1.multiprocess.modules.lmcache_driven_transfer)[0m
[32;20m[2026-09-20 14:16:20,978] LMCache INFO:[0m Stored 384 tokens in 0.003 seconds [3m(lmcache_driven_transfer.py:1218:lmcache.v1.multiprocess.modules.lmcache_driven_transfer)[0m
[32;20m[2026-09-20 14:16:21,057] LMCache INFO:[0m Stored 384 tokens in 0.003 seconds [3m(lmcache_driven_transfer.py:1218:lmcache.v1.multiprocess.modules.lmcache_driven_transfer)[0m
[32;20m[2026-09-20 14:16:21,155] LMCache INFO:[0m Stored 384 tokens in 0.003 seconds [3m(lmcache_driven_transfer.py:1218:lmcache.v1.multiprocess.modules.lmcache_driven_transfer)[0m
[32;20m[2026-09-20 14:16:21,250] LMCache INFO:[0m Stored 384 tokens in 0.003 seconds [3m(lmcache_driven_transfer.py:1218:lmcache.v1.multiprocess.modules.lmcache_driven_transfer)[0m
[32;20m[2026-09-20 14:16:21,349] LMCache INFO:[0m Stored 384 tokens in 0.003 seconds [3m(lmcache_driven_transfer.py:1218:lmcache.v1.multiprocess.modules.lmcache_driven_transfer)[0m
[32;20m[2026-09-20 14:16:21,365] LMCache INFO:[0m L1 memory usage 0.98 above watermark 0.80; triggering eviction. [3m(eviction_controller.py:179:lmcache.v1.distributed.storage_controllers.eviction_controller)[0m
[32;20m[2026-09-20 14:16:21,441] LMCache INFO:[0m Stored 384 tokens in 0.003 seconds [3m(lmcache_driven_transfer.py:1218:lmcache.v1.multiprocess.modules.lmcache_driven_transfer)[0m
[32;20m[2026-09-20 14:16:21,533] LMCache INFO:[0m Stored 336 tokens in 0.003 seconds [3m(lmcache_driven_transfer.py:1218:lmcache.v1.multiprocess.modules.lmcache_driven_transfer)[0m
[32;20m[2026-09-20 14:16:21,622] LMCache INFO:[0m Stored 384 tokens in 0.003 seconds [3m(lmcache_driven_transfer.py:1218:lmcache.v1.multiprocess.modules.lmcache_driven_transfer)[0m
[32;20m[2026-09-20 14:16:21,711] LMCache INFO:[0m Stored 384 tokens in 0.003 seconds [3m(lmcache_driven_transfer.py:1218:lmcache.v1.multiprocess.modules.lmcache_driven_transfer)[0m
[32;20m[2026-09-20 14:16:21,804] LMCache INFO:[0m Stored 384 tokens in 0.003 seconds [3m(lmcache_driven_transfer.py:1218:lmcache.v1.multiprocess.modules.lmcache_driven_transfer)[0m
[32;20m[2026-09-20 14:16:21,843] LMCache INFO:[0m Prefetch request completed (L1+L2): 24/24 retained keys (24 L1, 0 L2) in 2.0 ms (external_request_id=cmpl-8ebffd88e57a8287-0-af27a5a1, prefetch_request_id=-1) [3m(storage_manager.py:716:lmcache.v1.distributed.storage_manager)[0m
[32;20m[2026-09-20 14:16:21,849] LMCache INFO:[0m Retrieved 384 tokens in 0.002 seconds [3m(lmcache_driven_transfer.py:1427:lmcache.v1.multiprocess.modules.lmcache_driven_transfer)[0m
[32;20m[2026-09-20 14:16:21,964] LMCache INFO:[0m Stored 384 tokens in 0.003 seconds [3m(lmcache_driven_transfer.py:1218:lmcache.v1.multiprocess.modules.lmcache_driven_transfer)[0m
[32;20m[2026-09-20 14:16:22,044] LMCache INFO:[0m Stored 384 tokens in 0.003 seconds [3m(lmcache_driven_transfer.py:1218:lmcache.v1.multiprocess.modules.lmcache_driven_transfer)[0m
[32;20m[2026-09-20 14:16:22,136] LMCache INFO:[0m Stored 384 tokens in 0.003 seconds [3m(lmcache_driven_transfer.py:1218:lmcache.v1.multiprocess.modules.lmcache_driven_transfer)[0m
[32;20m[2026-09-20 14:16:22,230] LMCache INFO:[0m Stored 384 tokens in 0.003 seconds [3m(lmcache_driven_transfer.py:1218:lmcache.v1.multiprocess.modules.lmcache_driven_transfer)[0m
[32;20m[2026-09-20 14:16:22,327] LMCache INFO:[0m Stored 384 tokens in 0.004 seconds [3m(lmcache_driven_transfer.py:1218:lmcache.v1.multiprocess.modules.lmcache_driven_transfer)[0m
[32;20m[2026-09-20 14:16:22,372] LMCache INFO:[0m L1 memory usage 0.99 above watermark 0.80; triggering eviction. [3m(eviction_controller.py:179:lmcache.v1.distributed.storage_controllers.eviction_controller)[0m
[32;20m[2026-09-20 14:16:22,420] LMCache INFO:[0m Stored 64 tokens in 0.003 seconds [3m(lmcache_driven_transfer.py:1218:lmcache.v1.multiprocess.modules.lmcache_driven_transfer)[0m
[32;20m[2026-09-20 14:16:22,472] LMCache INFO:[0m Stored 384 tokens in 0.003 seconds [3m(lmcache_driven_transfer.py:1218:lmcache.v1.multiprocess.modules.lmcache_driven_transfer)[0m
[32;20m[2026-09-20 14:16:22,557] LMCache INFO:[0m Stored 384 tokens in 0.003 seconds [3m(lmcache_driven_transfer.py:1218:lmcache.v1.multiprocess.modules.lmcache_driven_transfer)[0m
[32;20m[2026-09-20 14:16:22,649] LMCache INFO:[0m Stored 384 tokens in 0.003 seconds [3m(lmcache_driven_transfer.py:1218:lmcache.v1.multiprocess.modules.lmcache_driven_transfer)[0m
[32;20m[2026-09-20 14:16:22,743] LMCache INFO:[0m Stored 368 tokens in 0.003 seconds [3m(lmcache_driven_transfer.py:1218:lmcache.v1.multiprocess.modules.lmcache_driven_transfer)[0m
[32;20m[2026-09-20 14:16:22,784] LMCache INFO:[0m Prefetch request completed (L1+L2): 24/24 retained keys (24 L1, 0 L2) in 1.1 ms (external_request_id=cmpl-a1412ae00ebc86bb-0-ba9f1233, prefetch_request_id=-1) [3m(storage_manager.py:716:lmcache.v1.distributed.storage_manager)[0m
[32;20m[2026-09-20 14:16:22,790] LMCache INFO:[0m Retrieved 384 tokens in 0.003 seconds [3m(lmcache_driven_transfer.py:1427:lmcache.v1.multiprocess.modules.lmcache_driven_transfer)[0m
[32;20m[2026-09-20 14:16:22,862] LMCache INFO:[0m Prefetch request completed (L1+L2): 24/24 retained keys (24 L1, 0 L2) in 1.0 ms (external_request_id=cmpl-874be7e590a676bd-0-8a9f3fa1, prefetch_request_id=-1) [3m(storage_manager.py:716:lmcache.v1.distributed.storage_manager)[0m
[32;20m[2026-09-20 14:16:22,868] LMCache INFO:[0m Prefetch request completed (L1+L2): 24/24 retained keys (24 L1, 0 L2) in 1.5 ms (external_request_id=cmpl-b38f35b0393ec4a2-0-89041c6f, prefetch_request_id=-1) [3m(storage_manager.py:716:lmcache.v1.distributed.storage_manager)[0m
[32;20m[2026-09-20 14:16:22,870] LMCache INFO:[0m Retrieved 384 tokens in 0.005 seconds [3m(lmcache_driven_transfer.py:1427:lmcache.v1.multiprocess.modules.lmcache_driven_transfer)[0m
[32;20m[2026-09-20 14:16:22,877] LMCache INFO:[0m Retrieved 384 tokens in 0.005 seconds [3m(lmcache_driven_transfer.py:1427:lmcache.v1.multiprocess.modules.lmcache_driven_transfer)[0m
[32;20m[2026-09-20 14:16:22,970] LMCache INFO:[0m Prefetch request completed (L1+L2): 24/24 retained keys (24 L1, 0 L2) in 1.1 ms (external_request_id=cmpl-90315a750c298065-0-83d2301e, prefetch_request_id=-1) [3m(storage_manager.py:716:lmcache.v1.distributed.storage_manager)[0m
[32;20m[2026-09-20 14:16:22,975] LMCache INFO:[0m Retrieved 384 tokens in 0.003 seconds [3m(lmcache_driven_transfer.py:1427:lmcache.v1.multiprocess.modules.lmcache_driven_transfer)[0m
[32;20m[2026-09-20 14:16:23,031] LMCache INFO:[0m Prefetch request completed (L1+L2): 24/24 retained keys (24 L1, 0 L2) in 1.0 ms (external_request_id=cmpl-93be311e9bdf689d-0-9e74dc11, prefetch_request_id=-1) [3m(storage_manager.py:716:lmcache.v1.distributed.storage_manager)[0m
[32;20m[2026-09-20 14:16:23,036] LMCache INFO:[0m Retrieved 384 tokens in 0.002 seconds [3m(lmcache_driven_transfer.py:1427:lmcache.v1.multiprocess.modules.lmcache_driven_transfer)[0m
[32;20m[2026-09-20 14:16:23,091] LMCache INFO:[0m Prefetch request completed (L1+L2): 24/24 retained keys (24 L1, 0 L2) in 1.1 ms (external_request_id=cmpl-a114e52fe4820478-0-aad3a625, prefetch_request_id=-1) [3m(storage_manager.py:716:lmcache.v1.distributed.storage_manager)[0m
[32;20m[2026-09-20 14:16:23,097] LMCache INFO:[0m Retrieved 384 tokens in 0.002 seconds [3m(lmcache_driven_transfer.py:1427:lmcache.v1.multiprocess.modules.lmcache_driven_transfer)[0m
[32;20m[2026-09-20 14:16:23,150] LMCache INFO:[0m Prefetch request completed (L1+L2): 23/23 retained keys (23 L1, 0 L2) in 1.2 ms (external_request_id=cmpl-81d40b15ddc17d56-0-9cc7a0a5, prefetch_request_id=-1) [3m(storage_manager.py:716:lmcache.v1.distributed.storage_manager)[0m
[32;20m[2026-09-20 14:16:23,155] LMCache INFO:[0m Retrieved 368 tokens in 0.002 seconds [3m(lmcache_driven_transfer.py:1427:lmcache.v1.multiprocess.modules.lmcache_driven_transfer)[0m
[32;20m[2026-09-20 14:16:23,208] LMCache INFO:[0m Prefetch request completed (L1+L2): 24/24 retained keys (24 L1, 0 L2) in 1.0 ms (external_request_id=cmpl-a7aa23ff6d5ffc70-0-b30e408b, prefetch_request_id=-1) [3m(storage_manager.py:716:lmcache.v1.distributed.storage_manager)[0m
[32;20m[2026-09-20 14:16:23,213] LMCache INFO:[0m Retrieved 384 tokens in 0.002 seconds [3m(lmcache_driven_transfer.py:1427:lmcache.v1.multiprocess.modules.lmcache_driven_transfer)[0m
[32;20m[2026-09-20 14:16:23,268] LMCache INFO:[0m Prefetch request completed (L1+L2): 20/20 retained keys (20 L1, 0 L2) in 1.1 ms (external_request_id=cmpl-a427f3a6b8d1530e-0-99b7222c, prefetch_request_id=-1) [3m(storage_manager.py:716:lmcache.v1.distributed.storage_manager)[0m
[32;20m[2026-09-20 14:16:23,274] LMCache INFO:[0m Retrieved 320 tokens in 0.002 seconds [3m(lmcache_driven_transfer.py:1427:lmcache.v1.multiprocess.modules.lmcache_driven_transfer)[0m
[32;20m[2026-09-20 14:16:23,329] LMCache INFO:[0m Prefetch request completed (L1+L2): 24/24 retained keys (24 L1, 0 L2) in 1.2 ms (external_request_id=cmpl-bbe585e5c00b4edb-0-91e39f46, prefetch_request_id=-1) [3m(storage_manager.py:716:lmcache.v1.distributed.storage_manager)[0m
[32;20m[2026-09-20 14:16:23,334] LMCache INFO:[0m Retrieved 384 tokens in 0.002 seconds [3m(lmcache_driven_transfer.py:1427:lmcache.v1.multiprocess.modules.lmcache_driven_transfer)[0m
[32;20m[2026-09-20 14:16:23,381] LMCache INFO:[0m L1 memory usage 0.88 above watermark 0.80; triggering eviction. [3m(eviction_controller.py:179:lmcache.v1.distributed.storage_controllers.eviction_controller)[0m
[32;20m[2026-09-20 14:16:23,391] LMCache INFO:[0m Prefetch request completed (L1+L2): 24/24 retained keys (24 L1, 0 L2) in 1.3 ms (external_request_id=cmpl-a83dc08cf50eec8a-0-82107062, prefetch_request_id=-1) [3m(storage_manager.py:716:lmcache.v1.distributed.storage_manager)[0m
[32;20m[2026-09-20 14:16:23,396] LMCache INFO:[0m Retrieved 384 tokens in 0.002 seconds [3m(lmcache_driven_transfer.py:1427:lmcache.v1.multiprocess.modules.lmcache_driven_transfer)[0m
[32;20m[2026-09-20 14:16:23,495] LMCache INFO:[0m Stored 384 tokens in 0.003 seconds [3m(lmcache_driven_transfer.py:1218:lmcache.v1.multiprocess.modules.lmcache_driven_transfer)[0m
[32;20m[2026-09-20 14:16:23,674] LMCache INFO:[0m Prefetch request completed (L1+L2): 24/24 retained keys (24 L1, 0 L2) in 1.1 ms (external_request_id=cmpl-940d11d9384e0e6b-0-bff26860, prefetch_request_id=-1) [3m(storage_manager.py:716:lmcache.v1.distributed.storage_manager)[0m
[32;20m[2026-09-20 14:16:23,679] LMCache INFO:[0m Retrieved 384 tokens in 0.002 seconds [3m(lmcache_driven_transfer.py:1427:lmcache.v1.multiprocess.modules.lmcache_driven_transfer)[0m
[32;20m[2026-09-20 14:16:23,753] LMCache INFO:[0m Prefetch request completed (L1+L2): 24/24 retained keys (24 L1, 0 L2) in 1.0 ms (external_request_id=cmpl-8ac498cc79750039-0-8bda6a7a, prefetch_request_id=-1) [3m(storage_manager.py:716:lmcache.v1.distributed.storage_manager)[0m
[32;20m[2026-09-20 14:16:23,760] LMCache INFO:[0m Prefetch request completed (L1+L2): 24/24 retained keys (24 L1, 0 L2) in 1.6 ms (external_request_id=cmpl-935f0f01901c7a4c-0-941bfbbe, prefetch_request_id=-1) [3m(storage_manager.py:716:lmcache.v1.distributed.storage_manager)[0m
[32;20m[2026-09-20 14:16:23,761] LMCache INFO:[0m Retrieved 384 tokens in 0.005 seconds [3m(lmcache_driven_transfer.py:1427:lmcache.v1.multiprocess.modules.lmcache_driven_transfer)[0m
[32;20m[2026-09-20 14:16:23,769] LMCache INFO:[0m Retrieved 384 tokens in 0.005 seconds [3m(lmcache_driven_transfer.py:1427:lmcache.v1.multiprocess.modules.lmcache_driven_transfer)[0m
[32;20m[2026-09-20 14:16:23,852] LMCache INFO:[0m Prefetch request completed (L1+L2): 24/24 retained keys (24 L1, 0 L2) in 1.6 ms (external_request_id=cmpl-a68f96d5b6f3b3fe-0-82787931, prefetch_request_id=-1) [3m(storage_manager.py:716:lmcache.v1.distributed.storage_manager)[0m
[32;20m[2026-09-20 14:16:23,857] LMCache INFO:[0m Retrieved 384 tokens in 0.002 seconds [3m(lmcache_driven_transfer.py:1427:lmcache.v1.multiprocess.modules.lmcache_driven_transfer)[0m
[32;20m[2026-09-20 14:16:23,957] LMCache INFO:[0m Stored 384 tokens in 0.003 seconds [3m(lmcache_driven_transfer.py:1218:lmcache.v1.multiprocess.modules.lmcache_driven_transfer)[0m
[32;20m[2026-09-20 14:16:23,998] LMCache INFO:[0m Prefetch request completed (L1+L2): 14/24 retained keys (14 L1, 0 L2) in 1.1 ms (external_request_id=cmpl-b7f2196af7c81f6f-0-ba06cdd2, prefetch_request_id=-1) [3m(storage_manager.py:716:lmcache.v1.distributed.storage_manager)[0m
[32;20m[2026-09-20 14:16:24,003] LMCache INFO:[0m Retrieved 224 tokens in 0.002 seconds [3m(lmcache_driven_transfer.py:1427:lmcache.v1.multiprocess.modules.lmcache_driven_transfer)[0m
[32;20m[2026-09-20 14:16:24,046] LMCache INFO:[0m Stored 160 tokens in 0.002 seconds [3m(lmcache_driven_transfer.py:1218:lmcache.v1.multiprocess.modules.lmcache_driven_transfer)[0m
[32;20m[2026-09-20 14:16:24,115] LMCache INFO:[0m Stored 384 tokens in 0.003 seconds [3m(lmcache_driven_transfer.py:1218:lmcache.v1.multiprocess.modules.lmcache_driven_transfer)[0m
[32;20m[2026-09-20 14:16:24,204] LMCache INFO:[0m Stored 384 tokens in 0.003 seconds [3m(lmcache_driven_transfer.py:1218:lmcache.v1.multiprocess.modules.lmcache_driven_transfer)[0m
[32;20m[2026-09-20 14:16:24,303] LMCache INFO:[0m Stored 384 tokens in 0.004 seconds [3m(lmcache_driven_transfer.py:1218:lmcache.v1.multiprocess.modules.lmcache_driven_transfer)[0m
[32;20m[2026-09-20 14:16:24,389] LMCache INFO:[0m L1 memory usage 0.82 above watermark 0.80; triggering eviction. [3m(eviction_controller.py:179:lmcache.v1.distributed.storage_controllers.eviction_controller)[0m
[32;20m[2026-09-20 14:16:24,401] LMCache INFO:[0m Stored 384 tokens in 0.003 seconds [3m(lmcache_driven_transfer.py:1218:lmcache.v1.multiprocess.modules.lmcache_driven_transfer)[0m
[32;20m[2026-09-20 14:16:24,486] LMCache INFO:[0m Stored 384 tokens in 0.003 seconds [3m(lmcache_driven_transfer.py:1218:lmcache.v1.multiprocess.modules.lmcache_driven_transfer)[0m
[32;20m[2026-09-20 14:16:24,581] LMCache INFO:[0m Stored 384 tokens in 0.003 seconds [3m(lmcache_driven_transfer.py:1218:lmcache.v1.multiprocess.modules.lmcache_driven_transfer)[0m
[32;20m[2026-09-20 14:16:24,673] LMCache INFO:[0m Stored 64 tokens in 0.003 seconds [3m(lmcache_driven_transfer.py:1218:lmcache.v1.multiprocess.modules.lmcache_driven_transfer)[0m
[32;20m[2026-09-20 14:16:24,744] LMCache INFO:[0m Stored 384 tokens in 0.003 seconds [3m(lmcache_driven_transfer.py:1218:lmcache.v1.multiprocess.modules.lmcache_driven_transfer)[0m
[32;20m[2026-09-20 14:16:24,822] LMCache INFO:[0m Stored 384 tokens in 0.003 seconds [3m(lmcache_driven_transfer.py:1218:lmcache.v1.multiprocess.modules.lmcache_driven_transfer)[0m
[32;20m[2026-09-20 14:16:24,923] LMCache INFO:[0m Stored 384 tokens in 0.003 seconds [3m(lmcache_driven_transfer.py:1218:lmcache.v1.multiprocess.modules.lmcache_driven_transfer)[0m
[32;20m[2026-09-20 14:16:25,014] LMCache INFO:[0m Stored 384 tokens in 0.003 seconds [3m(lmcache_driven_transfer.py:1218:lmcache.v1.multiprocess.modules.lmcache_driven_transfer)[0m
[32;20m[2026-09-20 14:16:25,113] LMCache INFO:[0m Stored 384 tokens in 0.005 seconds [3m(lmcache_driven_transfer.py:1218:lmcache.v1.multiprocess.modules.lmcache_driven_transfer)[0m
[32;20m[2026-09-20 14:16:25,208] LMCache INFO:[0m Stored 384 tokens in 0.003 seconds [3m(lmcache_driven_transfer.py:1218:lmcache.v1.multiprocess.modules.lmcache_driven_transfer)[0m
[32;20m[2026-09-20 14:16:25,297] LMCache INFO:[0m Stored 384 tokens in 0.003 seconds [3m(lmcache_driven_transfer.py:1218:lmcache.v1.multiprocess.modules.lmcache_driven_transfer)[0m
[32;20m[2026-09-20 14:16:25,392] LMCache INFO:[0m Stored 384 tokens in 0.003 seconds [3m(lmcache_driven_transfer.py:1218:lmcache.v1.multiprocess.modules.lmcache_driven_transfer)[0m
[32;20m[2026-09-20 14:16:25,396] LMCache INFO:[0m L1 memory usage 0.88 above watermark 0.80; triggering eviction. [3m(eviction_controller.py:179:lmcache.v1.distributed.storage_controllers.eviction_controller)[0m
[32;20m[2026-09-20 14:16:25,485] LMCache INFO:[0m Stored 384 tokens in 0.003 seconds [3m(lmcache_driven_transfer.py:1218:lmcache.v1.multiprocess.modules.lmcache_driven_transfer)[0m
[32;20m[2026-09-20 14:16:25,579] LMCache INFO:[0m Stored 384 tokens in 0.003 seconds [3m(lmcache_driven_transfer.py:1218:lmcache.v1.multiprocess.modules.lmcache_driven_transfer)[0m
[32;20m[2026-09-20 14:16:25,623] LMCache INFO:[0m Prefetch request completed (L1+L2): 24/24 retained keys (24 L1, 0 L2) in 1.2 ms (external_request_id=cmpl-a2230996af6ef13e-0-a7d6179d, prefetch_request_id=-1) [3m(storage_manager.py:716:lmcache.v1.distributed.storage_manager)[0m
[32;20m[2026-09-20 14:16:25,627] LMCache INFO:[0m Retrieved 384 tokens in 0.002 seconds [3m(lmcache_driven_transfer.py:1427:lmcache.v1.multiprocess.modules.lmcache_driven_transfer)[0m
[32;20m[2026-09-20 14:16:25,745] LMCache INFO:[0m Stored 384 tokens in 0.003 seconds [3m(lmcache_driven_transfer.py:1218:lmcache.v1.multiprocess.modules.lmcache_driven_transfer)[0m
[32;20m[2026-09-20 14:16:25,826] LMCache INFO:[0m Stored 384 tokens in 0.003 seconds [3m(lmcache_driven_transfer.py:1218:lmcache.v1.multiprocess.modules.lmcache_driven_transfer)[0m
[32;20m[2026-09-20 14:16:25,912] LMCache INFO:[0m Stored 384 tokens in 0.003 seconds [3m(lmcache_driven_transfer.py:1218:lmcache.v1.multiprocess.modules.lmcache_driven_transfer)[0m
[32;20m[2026-09-20 14:16:26,011] LMCache INFO:[0m Stored 384 tokens in 0.003 seconds [3m(lmcache_driven_transfer.py:1218:lmcache.v1.multiprocess.modules.lmcache_driven_transfer)[0m
[32;20m[2026-09-20 14:16:26,101] LMCache INFO:[0m Stored 384 tokens in 0.003 seconds [3m(lmcache_driven_transfer.py:1218:lmcache.v1.multiprocess.modules.lmcache_driven_transfer)[0m
[32;20m[2026-09-20 14:16:26,194] LMCache INFO:[0m Stored 384 tokens in 0.003 seconds [3m(lmcache_driven_transfer.py:1218:lmcache.v1.multiprocess.modules.lmcache_driven_transfer)[0m
[32;20m[2026-09-20 14:16:26,284] LMCache INFO:[0m Stored 384 tokens in 0.003 seconds [3m(lmcache_driven_transfer.py:1218:lmcache.v1.multiprocess.modules.lmcache_driven_transfer)[0m
[32;20m[2026-09-20 14:16:26,380] LMCache INFO:[0m Stored 384 tokens in 0.003 seconds [3m(lmcache_driven_transfer.py:1218:lmcache.v1.multiprocess.modules.lmcache_driven_transfer)[0m
[32;20m[2026-09-20 14:16:26,402] LMCache INFO:[0m L1 memory usage 0.92 above watermark 0.80; triggering eviction. [3m(eviction_controller.py:179:lmcache.v1.distributed.storage_controllers.eviction_controller)[0m
[32;20m[2026-09-20 14:16:26,472] LMCache INFO:[0m Stored 384 tokens in 0.003 seconds [3m(lmcache_driven_transfer.py:1218:lmcache.v1.multiprocess.modules.lmcache_driven_transfer)[0m
[32;20m[2026-09-20 14:16:26,563] LMCache INFO:[0m Stored 384 tokens in 0.003 seconds [3m(lmcache_driven_transfer.py:1218:lmcache.v1.multiprocess.modules.lmcache_driven_transfer)[0m
[32;20m[2026-09-20 14:16:26,654] LMCache INFO:[0m Stored 384 tokens in 0.003 seconds [3m(lmcache_driven_transfer.py:1218:lmcache.v1.multiprocess.modules.lmcache_driven_transfer)[0m
[32;20m[2026-09-20 14:16:26,697] LMCache INFO:[0m Prefetch request completed (L1+L2): 24/24 retained keys (24 L1, 0 L2) in 3.2 ms (external_request_id=cmpl-83891e82519c0647-0-aa23b326, prefetch_request_id=-1) [3m(storage_manager.py:716:lmcache.v1.distributed.storage_manager)[0m
[32;20m[2026-09-20 14:16:26,702] LMCache INFO:[0m Retrieved 384 tokens in 0.002 seconds [3m(lmcache_driven_transfer.py:1427:lmcache.v1.multiprocess.modules.lmcache_driven_transfer)[0m
[32;20m[2026-09-20 14:16:26,821] LMCache INFO:[0m Stored 384 tokens in 0.003 seconds [3m(lmcache_driven_transfer.py:1218:lmcache.v1.multiprocess.modules.lmcache_driven_transfer)[0m
[32;20m[2026-09-20 14:16:26,899] LMCache INFO:[0m Stored 384 tokens in 0.003 seconds [3m(lmcache_driven_transfer.py:1218:lmcache.v1.multiprocess.modules.lmcache_driven_transfer)[0m
[32;20m[2026-09-20 14:16:26,994] LMCache INFO:[0m Stored 384 tokens in 0.003 seconds [3m(lmcache_driven_transfer.py:1218:lmcache.v1.multiprocess.modules.lmcache_driven_transfer)[0m
[32;20m[2026-09-20 14:16:27,088] LMCache INFO:[0m Stored 384 tokens in 0.003 seconds [3m(lmcache_driven_transfer.py:1218:lmcache.v1.multiprocess.modules.lmcache_driven_transfer)[0m
[32;20m[2026-09-20 14:16:27,183] LMCache INFO:[0m Stored 384 tokens in 0.003 seconds [3m(lmcache_driven_transfer.py:1218:lmcache.v1.multiprocess.modules.lmcache_driven_transfer)[0m
[32;20m[2026-09-20 14:16:27,276] LMCache INFO:[0m Stored 384 tokens in 0.003 seconds [3m(lmcache_driven_transfer.py:1218:lmcache.v1.multiprocess.modules.lmcache_driven_transfer)[0m
[32;20m[2026-09-20 14:16:27,369] LMCache INFO:[0m Stored 384 tokens in 0.003 seconds [3m(lmcache_driven_transfer.py:1218:lmcache.v1.multiprocess.modules.lmcache_driven_transfer)[0m
[32;20m[2026-09-20 14:16:27,408] LMCache INFO:[0m L1 memory usage 0.94 above watermark 0.80; triggering eviction. [3m(eviction_controller.py:179:lmcache.v1.distributed.storage_controllers.eviction_controller)[0m
[32;20m[2026-09-20 14:16:27,463] LMCache INFO:[0m Stored 384 tokens in 0.004 seconds [3m(lmcache_driven_transfer.py:1218:lmcache.v1.multiprocess.modules.lmcache_driven_transfer)[0m
[32;20m[2026-09-20 14:16:27,558] LMCache INFO:[0m Stored 384 tokens in 0.005 seconds [3m(lmcache_driven_transfer.py:1218:lmcache.v1.multiprocess.modules.lmcache_driven_transfer)[0m
[32;20m[2026-09-20 14:16:27,649] LMCache INFO:[0m Stored 384 tokens in 0.003 seconds [3m(lmcache_driven_transfer.py:1218:lmcache.v1.multiprocess.modules.lmcache_driven_transfer)[0m
[32;20m[2026-09-20 14:16:27,696] LMCache INFO:[0m Prefetch request completed (L1+L2): 24/24 retained keys (24 L1, 0 L2) in 2.4 ms (external_request_id=cmpl-a9b5cae167225e29-0-af0967b0, prefetch_request_id=-1) [3m(storage_manager.py:716:lmcache.v1.distributed.storage_manager)[0m
[32;20m[2026-09-20 14:16:27,701] LMCache INFO:[0m Retrieved 384 tokens in 0.003 seconds [3m(lmcache_driven_transfer.py:1427:lmcache.v1.multiprocess.modules.lmcache_driven_transfer)[0m
[32;20m[2026-09-20 14:16:27,819] LMCache INFO:[0m Stored 384 tokens in 0.003 seconds [3m(lmcache_driven_transfer.py:1218:lmcache.v1.multiprocess.modules.lmcache_driven_transfer)[0m
[32;20m[2026-09-20 14:16:27,899] LMCache INFO:[0m Stored 384 tokens in 0.003 seconds [3m(lmcache_driven_transfer.py:1218:lmcache.v1.multiprocess.modules.lmcache_driven_transfer)[0m
[32;20m[2026-09-20 14:16:27,991] LMCache INFO:[0m Stored 384 tokens in 0.003 seconds [3m(lmcache_driven_transfer.py:1218:lmcache.v1.multiprocess.modules.lmcache_driven_transfer)[0m
[32;20m[2026-09-20 14:16:28,089] LMCache INFO:[0m Stored 384 tokens in 0.003 seconds [3m(lmcache_driven_transfer.py:1218:lmcache.v1.multiprocess.modules.lmcache_driven_transfer)[0m
[32;20m[2026-09-20 14:16:28,135] LMCache INFO:[0m L0<->L1 stats [cuda:0] last 10.0s: store ops=94 tokens=34816 size=1.00GB avg_copy=6.87GB/s | retrieve ops=23 tokens=8592 size=0.25GB avg_copy=3.68GB/s [3m(extra_stats.py:159:lmcache.v1.mp_observability.subscribers.logging.extra_stats)[0m
[32;20m[2026-09-20 14:16:28,136] LMCache INFO:[0m L0<->L1 stats [cuda:0] cumulative: store ops=351 tokens=127568 size=3.66GB avg_copy=6.85GB/s | retrieve ops=80 tokens=30160 size=0.86GB avg_copy=3.92GB/s [3m(extra_stats.py:168:lmcache.v1.mp_observability.subscribers.logging.extra_stats)[0m
[32;20m[2026-09-20 14:16:28,183] LMCache INFO:[0m Stored 384 tokens in 0.003 seconds [3m(lmcache_driven_transfer.py:1218:lmcache.v1.multiprocess.modules.lmcache_driven_transfer)[0m
[32;20m[2026-09-20 14:16:28,277] LMCache INFO:[0m Stored 384 tokens in 0.003 seconds [3m(lmcache_driven_transfer.py:1218:lmcache.v1.multiprocess.modules.lmcache_driven_transfer)[0m
[32;20m[2026-09-20 14:16:28,371] LMCache INFO:[0m Stored 368 tokens in 0.002 seconds [3m(lmcache_driven_transfer.py:1218:lmcache.v1.multiprocess.modules.lmcache_driven_transfer)[0m
[32;20m[2026-09-20 14:16:28,417] LMCache INFO:[0m L1 memory usage: 0.48/0.50 GiB (96.2%) [3m(eviction_controller.py:153:lmcache.v1.distributed.storage_controllers.eviction_controller)[0m
[32;20m[2026-09-20 14:16:28,417] LMCache INFO:[0m L1 memory usage 0.96 above watermark 0.80; triggering eviction. [3m(eviction_controller.py:179:lmcache.v1.distributed.storage_controllers.eviction_controller)[0m
[32;20m[2026-09-20 14:16:28,469] LMCache INFO:[0m Stored 384 tokens in 0.003 seconds [3m(lmcache_driven_transfer.py:1218:lmcache.v1.multiprocess.modules.lmcache_driven_transfer)[0m
[32;20m[2026-09-20 14:16:28,560] LMCache INFO:[0m Stored 384 tokens in 0.003 seconds [3m(lmcache_driven_transfer.py:1218:lmcache.v1.multiprocess.modules.lmcache_driven_transfer)[0m
[32;20m[2026-09-20 14:16:28,656] LMCache INFO:[0m Stored 384 tokens in 0.003 seconds [3m(lmcache_driven_transfer.py:1218:lmcache.v1.multiprocess.modules.lmcache_driven_transfer)[0m
[32;20m[2026-09-20 14:16:28,704] LMCache INFO:[0m Prefetch request completed (L1+L2): 24/24 retained keys (24 L1, 0 L2) in 1.0 ms (external_request_id=cmpl-9d3e80e9cd5be098-0-bde63dee, prefetch_request_id=-1) [3m(storage_manager.py:716:lmcache.v1.distributed.storage_manager)[0m
[32;20m[2026-09-20 14:16:28,709] LMCache INFO:[0m Retrieved 384 tokens in 0.002 seconds [3m(lmcache_driven_transfer.py:1427:lmcache.v1.multiprocess.modules.lmcache_driven_transfer)[0m
[32;20m[2026-09-20 14:16:28,829] LMCache INFO:[0m Stored 384 tokens in 0.003 seconds [3m(lmcache_driven_transfer.py:1218:lmcache.v1.multiprocess.modules.lmcache_driven_transfer)[0m
[32;20m[2026-09-20 14:16:28,908] LMCache INFO:[0m Stored 384 tokens in 0.003 seconds [3m(lmcache_driven_transfer.py:1218:lmcache.v1.multiprocess.modules.lmcache_driven_transfer)[0m
[32;20m[2026-09-20 14:16:29,002] LMCache INFO:[0m Stored 384 tokens in 0.003 seconds [3m(lmcache_driven_transfer.py:1218:lmcache.v1.multiprocess.modules.lmcache_driven_transfer)[0m
[32;20m[2026-09-20 14:16:29,095] LMCache INFO:[0m Stored 384 tokens in 0.003 seconds [3m(lmcache_driven_transfer.py:1218:lmcache.v1.multiprocess.modules.lmcache_driven_transfer)[0m
[32;20m[2026-09-20 14:16:29,191] LMCache INFO:[0m Stored 384 tokens in 0.003 seconds [3m(lmcache_driven_transfer.py:1218:lmcache.v1.multiprocess.modules.lmcache_driven_transfer)[0m
[32;20m[2026-09-20 14:16:29,281] LMCache INFO:[0m Stored 368 tokens in 0.003 seconds [3m(lmcache_driven_transfer.py:1218:lmcache.v1.multiprocess.modules.lmcache_driven_transfer)[0m
[32;20m[2026-09-20 14:16:29,378] LMCache INFO:[0m Stored 384 tokens in 0.003 seconds [3m(lmcache_driven_transfer.py:1218:lmcache.v1.multiprocess.modules.lmcache_driven_transfer)[0m
[32;20m[2026-09-20 14:16:29,425] LMCache INFO:[0m L1 memory usage 0.97 above watermark 0.80; triggering eviction. [3m(eviction_controller.py:179:lmcache.v1.distributed.storage_controllers.eviction_controller)[0m
[32;20m[2026-09-20 14:16:29,475] LMCache INFO:[0m Stored 208 tokens in 0.002 seconds [3m(lmcache_driven_transfer.py:1218:lmcache.v1.multiprocess.modules.lmcache_driven_transfer)[0m
[32;20m[2026-09-20 14:16:29,544] LMCache INFO:[0m Stored 368 tokens in 0.003 seconds [3m(lmcache_driven_transfer.py:1218:lmcache.v1.multiprocess.modules.lmcache_driven_transfer)[0m
[32;20m[2026-09-20 14:16:29,642] LMCache INFO:[0m Stored 384 tokens in 0.003 seconds [3m(lmcache_driven_transfer.py:1218:lmcache.v1.multiprocess.modules.lmcache_driven_transfer)[0m
[32;20m[2026-09-20 14:16:29,734] LMCache INFO:[0m Stored 384 tokens in 0.003 seconds [3m(lmcache_driven_transfer.py:1218:lmcache.v1.multiprocess.modules.lmcache_driven_transfer)[0m
[32;20m[2026-09-20 14:16:29,825] LMCache INFO:[0m Stored 384 tokens in 0.003 seconds [3m(lmcache_driven_transfer.py:1218:lmcache.v1.multiprocess.modules.lmcache_driven_transfer)[0m
[32;20m[2026-09-20 14:16:29,900] LMCache INFO:[0m Prefetch request completed (L1+L2): 24/24 retained keys (24 L1, 0 L2) in 1.3 ms (external_request_id=cmpl-b3370de8cf7356d7-0-8ccb3850, prefetch_request_id=-1) [3m(storage_manager.py:716:lmcache.v1.distributed.storage_manager)[0m
[32;20m[2026-09-20 14:16:29,906] LMCache INFO:[0m Prefetch request completed (L1+L2): 24/24 retained keys (24 L1, 0 L2) in 1.4 ms (external_request_id=cmpl-a78014bca0f8b56d-0-8bfbd579, prefetch_request_id=-1) [3m(storage_manager.py:716:lmcache.v1.distributed.storage_manager)[0m
[32;20m[2026-09-20 14:16:29,907] LMCache INFO:[0m Retrieved 384 tokens in 0.004 seconds [3m(lmcache_driven_transfer.py:1427:lmcache.v1.multiprocess.modules.lmcache_driven_transfer)[0m
[32;20m[2026-09-20 14:16:29,912] LMCache INFO:[0m Retrieved 384 tokens in 0.002 seconds [3m(lmcache_driven_transfer.py:1427:lmcache.v1.multiprocess.modules.lmcache_driven_transfer)[0m
[32;20m[2026-09-20 14:16:30,001] LMCache INFO:[0m Prefetch request completed (L1+L2): 24/24 retained keys (24 L1, 0 L2) in 1.2 ms (external_request_id=cmpl-88463adf3ff9516f-0-80652777, prefetch_request_id=-1) [3m(storage_manager.py:716:lmcache.v1.distributed.storage_manager)[0m
[32;20m[2026-09-20 14:16:30,006] LMCache INFO:[0m Retrieved 384 tokens in 0.002 seconds [3m(lmcache_driven_transfer.py:1427:lmcache.v1.multiprocess.modules.lmcache_driven_transfer)[0m
[32;20m[2026-09-20 14:16:30,061] LMCache INFO:[0m Prefetch request completed (L1+L2): 24/24 retained keys (24 L1, 0 L2) in 1.1 ms (external_request_id=cmpl-9382d691b92af07e-0-af7a6264, prefetch_request_id=-1) [3m(storage_manager.py:716:lmcache.v1.distributed.storage_manager)[0m
[32;20m[2026-09-20 14:16:30,066] LMCache INFO:[0m Retrieved 384 tokens in 0.003 seconds [3m(lmcache_driven_transfer.py:1427:lmcache.v1.multiprocess.modules.lmcache_driven_transfer)[0m
[32;20m[2026-09-20 14:16:30,121] LMCache INFO:[0m Prefetch request completed (L1+L2): 24/24 retained keys (24 L1, 0 L2) in 1.1 ms (external_request_id=cmpl-a1fa980a69c6e7c5-0-a01857c9, prefetch_request_id=-1) [3m(storage_manager.py:716:lmcache.v1.distributed.storage_manager)[0m
[32;20m[2026-09-20 14:16:30,126] LMCache INFO:[0m Retrieved 384 tokens in 0.002 seconds [3m(lmcache_driven_transfer.py:1427:lmcache.v1.multiprocess.modules.lmcache_driven_transfer)[0m
[32;20m[2026-09-20 14:16:30,180] LMCache INFO:[0m Prefetch request completed (L1+L2): 24/24 retained keys (24 L1, 0 L2) in 1.1 ms (external_request_id=cmpl-8f02b50ea58203e6-0-af95e081, prefetch_request_id=-1) [3m(storage_manager.py:716:lmcache.v1.distributed.storage_manager)[0m
[32;20m[2026-09-20 14:16:30,185] LMCache INFO:[0m Retrieved 384 tokens in 0.002 seconds [3m(lmcache_driven_transfer.py:1427:lmcache.v1.multiprocess.modules.lmcache_driven_transfer)[0m
[32;20m[2026-09-20 14:16:30,240] LMCache INFO:[0m Prefetch request completed (L1+L2): 24/24 retained keys (24 L1, 0 L2) in 1.1 ms (external_request_id=cmpl-9eca92e13f45a8f0-0-b6e63bd4, prefetch_request_id=-1) [3m(storage_manager.py:716:lmcache.v1.distributed.storage_manager)[0m
[32;20m[2026-09-20 14:16:30,245] LMCache INFO:[0m Retrieved 384 tokens in 0.002 seconds [3m(lmcache_driven_transfer.py:1427:lmcache.v1.multiprocess.modules.lmcache_driven_transfer)[0m
[32;20m[2026-09-20 14:16:30,298] LMCache INFO:[0m Prefetch request completed (L1+L2): 24/24 retained keys (24 L1, 0 L2) in 1.0 ms (external_request_id=cmpl-80e760d52131766a-0-a23ddd62, prefetch_request_id=-1) [3m(storage_manager.py:716:lmcache.v1.distributed.storage_manager)[0m
[32;20m[2026-09-20 14:16:30,302] LMCache INFO:[0m Retrieved 384 tokens in 0.002 seconds [3m(lmcache_driven_transfer.py:1427:lmcache.v1.multiprocess.modules.lmcache_driven_transfer)[0m
[32;20m[2026-09-20 14:16:30,357] LMCache INFO:[0m Prefetch request completed (L1+L2): 24/24 retained keys (24 L1, 0 L2) in 0.9 ms (external_request_id=cmpl-8a270a71f75ab627-0-95c5d071, prefetch_request_id=-1) [3m(storage_manager.py:716:lmcache.v1.distributed.storage_manager)[0m
[32;20m[2026-09-20 14:16:30,362] LMCache INFO:[0m Retrieved 384 tokens in 0.002 seconds [3m(lmcache_driven_transfer.py:1427:lmcache.v1.multiprocess.modules.lmcache_driven_transfer)[0m
[32;20m[2026-09-20 14:16:30,417] LMCache INFO:[0m Prefetch request completed (L1+L2): 24/24 retained keys (24 L1, 0 L2) in 1.2 ms (external_request_id=cmpl-89f7da2aea7ff2a1-0-a2a0e8b7, prefetch_request_id=-1) [3m(storage_manager.py:716:lmcache.v1.distributed.storage_manager)[0m
[32;20m[2026-09-20 14:16:30,422] LMCache INFO:[0m Retrieved 384 tokens in 0.002 seconds [3m(lmcache_driven_transfer.py:1427:lmcache.v1.multiprocess.modules.lmcache_driven_transfer)[0m
[32;20m[2026-09-20 14:16:30,433] LMCache INFO:[0m L1 memory usage 0.87 above watermark 0.80; triggering eviction. [3m(eviction_controller.py:179:lmcache.v1.distributed.storage_controllers.eviction_controller)[0m
[32;20m[2026-09-20 14:16:30,521] LMCache INFO:[0m Stored 384 tokens in 0.003 seconds [3m(lmcache_driven_transfer.py:1218:lmcache.v1.multiprocess.modules.lmcache_driven_transfer)[0m
[32;20m[2026-09-20 14:16:30,757] LMCache INFO:[0m Prefetch request completed (L1+L2): 24/24 retained keys (24 L1, 0 L2) in 1.3 ms (external_request_id=cmpl-ac8e1d4ce0389989-0-a2642ee1, prefetch_request_id=-1) [3m(storage_manager.py:716:lmcache.v1.distributed.storage_manager)[0m
[32;20m[2026-09-20 14:16:30,762] LMCache INFO:[0m Retrieved 384 tokens in 0.002 seconds [3m(lmcache_driven_transfer.py:1427:lmcache.v1.multiprocess.modules.lmcache_driven_transfer)[0m
[32;20m[2026-09-20 14:16:30,881] LMCache INFO:[0m Stored 384 tokens in 0.003 seconds [3m(lmcache_driven_transfer.py:1218:lmcache.v1.multiprocess.modules.lmcache_driven_transfer)[0m
[32;20m[2026-09-20 14:16:30,966] LMCache INFO:[0m Stored 368 tokens in 0.003 seconds [3m(lmcache_driven_transfer.py:1218:lmcache.v1.multiprocess.modules.lmcache_driven_transfer)[0m
[32;20m[2026-09-20 14:16:31,060] LMCache INFO:[0m Stored 384 tokens in 0.003 seconds [3m(lmcache_driven_transfer.py:1218:lmcache.v1.multiprocess.modules.lmcache_driven_transfer)[0m
[32;20m[2026-09-20 14:16:31,154] LMCache INFO:[0m Stored 384 tokens in 0.003 seconds [3m(lmcache_driven_transfer.py:1218:lmcache.v1.multiprocess.modules.lmcache_driven_transfer)[0m
[32;20m[2026-09-20 14:16:31,245] LMCache INFO:[0m Stored 368 tokens in 0.003 seconds [3m(lmcache_driven_transfer.py:1218:lmcache.v1.multiprocess.modules.lmcache_driven_transfer)[0m
[32;20m[2026-09-20 14:16:31,339] LMCache INFO:[0m Stored 384 tokens in 0.003 seconds [3m(lmcache_driven_transfer.py:1218:lmcache.v1.multiprocess.modules.lmcache_driven_transfer)[0m
[32;20m[2026-09-20 14:16:31,434] LMCache INFO:[0m Stored 384 tokens in 0.003 seconds [3m(lmcache_driven_transfer.py:1218:lmcache.v1.multiprocess.modules.lmcache_driven_transfer)[0m
[32;20m[2026-09-20 14:16:31,442] LMCache INFO:[0m L1 memory usage 0.86 above watermark 0.80; triggering eviction. [3m(eviction_controller.py:179:lmcache.v1.distributed.storage_controllers.eviction_controller)[0m
[32;20m[2026-09-20 14:16:31,526] LMCache INFO:[0m Stored 384 tokens in 0.003 seconds [3m(lmcache_driven_transfer.py:1218:lmcache.v1.multiprocess.modules.lmcache_driven_transfer)[0m
[32;20m[2026-09-20 14:16:31,621] LMCache INFO:[0m Stored 384 tokens in 0.003 seconds [3m(lmcache_driven_transfer.py:1218:lmcache.v1.multiprocess.modules.lmcache_driven_transfer)[0m
[32;20m[2026-09-20 14:16:31,715] LMCache INFO:[0m Stored 368 tokens in 0.003 seconds [3m(lmcache_driven_transfer.py:1218:lmcache.v1.multiprocess.modules.lmcache_driven_transfer)[0m
[32;20m[2026-09-20 14:16:31,813] LMCache INFO:[0m Stored 384 tokens in 0.003 seconds [3m(lmcache_driven_transfer.py:1218:lmcache.v1.multiprocess.modules.lmcache_driven_transfer)[0m
[32;20m[2026-09-20 14:16:31,929] LMCache INFO:[0m Stored 384 tokens in 0.003 seconds [3m(lmcache_driven_transfer.py:1218:lmcache.v1.multiprocess.modules.lmcache_driven_transfer)[0m
[32;20m[2026-09-20 14:16:32,011] LMCache INFO:[0m Stored 384 tokens in 0.003 seconds [3m(lmcache_driven_transfer.py:1218:lmcache.v1.multiprocess.modules.lmcache_driven_transfer)[0m
[32;20m[2026-09-20 14:16:32,111] LMCache INFO:[0m Stored 384 tokens in 0.003 seconds [3m(lmcache_driven_transfer.py:1218:lmcache.v1.multiprocess.modules.lmcache_driven_transfer)[0m
[32;20m[2026-09-20 14:16:32,206] LMCache INFO:[0m Stored 384 tokens in 0.003 seconds [3m(lmcache_driven_transfer.py:1218:lmcache.v1.multiprocess.modules.lmcache_driven_transfer)[0m
[32;20m[2026-09-20 14:16:32,298] LMCache INFO:[0m Stored 384 tokens in 0.003 seconds [3m(lmcache_driven_transfer.py:1218:lmcache.v1.multiprocess.modules.lmcache_driven_transfer)[0m
[32;20m[2026-09-20 14:16:32,401] LMCache INFO:[0m Stored 368 tokens in 0.003 seconds [3m(lmcache_driven_transfer.py:1218:lmcache.v1.multiprocess.modules.lmcache_driven_transfer)[0m
[32;20m[2026-09-20 14:16:32,448] LMCache INFO:[0m L1 memory usage 0.90 above watermark 0.80; triggering eviction. [3m(eviction_controller.py:179:lmcache.v1.distributed.storage_controllers.eviction_controller)[0m
[32;20m[2026-09-20 14:16:32,492] LMCache INFO:[0m Stored 384 tokens in 0.003 seconds [3m(lmcache_driven_transfer.py:1218:lmcache.v1.multiprocess.modules.lmcache_driven_transfer)[0m
[32;20m[2026-09-20 14:16:32,588] LMCache INFO:[0m Stored 384 tokens in 0.003 seconds [3m(lmcache_driven_transfer.py:1218:lmcache.v1.multiprocess.modules.lmcache_driven_transfer)[0m
[32;20m[2026-09-20 14:16:32,687] LMCache INFO:[0m Stored 384 tokens in 0.004 seconds [3m(lmcache_driven_transfer.py:1218:lmcache.v1.multiprocess.modules.lmcache_driven_transfer)[0m
[32;20m[2026-09-20 14:16:32,732] LMCache INFO:[0m Prefetch request completed (L1+L2): 24/24 retained keys (24 L1, 0 L2) in 1.4 ms (external_request_id=cmpl-8cc4b7830639a179-0-9a513434, prefetch_request_id=-1) [3m(storage_manager.py:716:lmcache.v1.distributed.storage_manager)[0m
[32;20m[2026-09-20 14:16:32,738] LMCache INFO:[0m Retrieved 384 tokens in 0.002 seconds [3m(lmcache_driven_transfer.py:1427:lmcache.v1.multiprocess.modules.lmcache_driven_transfer)[0m
[32;20m[2026-09-20 14:16:32,813] LMCache INFO:[0m Prefetch request completed (L1+L2): 24/24 retained keys (24 L1, 0 L2) in 1.2 ms (external_request_id=cmpl-97eb76bc2e6c36dc-0-847ebca5, prefetch_request_id=-1) [3m(storage_manager.py:716:lmcache.v1.distributed.storage_manager)[0m
[32;20m[2026-09-20 14:16:32,819] LMCache INFO:[0m Prefetch request completed (L1+L2): 24/24 retained keys (24 L1, 0 L2) in 1.2 ms (external_request_id=cmpl-b10ca09cf6351de0-0-a2e196eb, prefetch_request_id=-1) [3m(storage_manager.py:716:lmcache.v1.distributed.storage_manager)[0m
[32;20m[2026-09-20 14:16:32,821] LMCache INFO:[0m Retrieved 384 tokens in 0.005 seconds [3m(lmcache_driven_transfer.py:1427:lmcache.v1.multiprocess.modules.lmcache_driven_transfer)[0m
[32;20m[2026-09-20 14:16:32,824] LMCache INFO:[0m Retrieved 384 tokens in 0.002 seconds [3m(lmcache_driven_transfer.py:1427:lmcache.v1.multiprocess.modules.lmcache_driven_transfer)[0m
[32;20m[2026-09-20 14:16:32,918] LMCache INFO:[0m Prefetch request completed (L1+L2): 24/24 retained keys (24 L1, 0 L2) in 1.1 ms (external_request_id=cmpl-8180d8bd8668e29c-0-b8ab2bf1, prefetch_request_id=-1) [3m(storage_manager.py:716:lmcache.v1.distributed.storage_manager)[0m
[32;20m[2026-09-20 14:16:32,923] LMCache INFO:[0m Retrieved 384 tokens in 0.002 seconds [3m(lmcache_driven_transfer.py:1427:lmcache.v1.multiprocess.modules.lmcache_driven_transfer)[0m
[32;20m[2026-09-20 14:16:32,978] LMCache INFO:[0m Prefetch request completed (L1+L2): 24/24 retained keys (24 L1, 0 L2) in 1.2 ms (external_request_id=cmpl-8dc32a6b755ce8ca-0-8ffaff3b, prefetch_request_id=-1) [3m(storage_manager.py:716:lmcache.v1.distributed.storage_manager)[0m
[32;20m[2026-09-20 14:16:32,983] LMCache INFO:[0m Retrieved 384 tokens in 0.002 seconds [3m(lmcache_driven_transfer.py:1427:lmcache.v1.multiprocess.modules.lmcache_driven_transfer)[0m
[32;20m[2026-09-20 14:16:33,036] LMCache INFO:[0m Prefetch request completed (L1+L2): 24/24 retained keys (24 L1, 0 L2) in 1.1 ms (external_request_id=cmpl-a526b3b83305cfa6-0-bc7ec6a1, prefetch_request_id=-1) [3m(storage_manager.py:716:lmcache.v1.distributed.storage_manager)[0m
[32;20m[2026-09-20 14:16:33,042] LMCache INFO:[0m Retrieved 384 tokens in 0.002 seconds [3m(lmcache_driven_transfer.py:1427:lmcache.v1.multiprocess.modules.lmcache_driven_transfer)[0m
[32;20m[2026-09-20 14:16:33,096] LMCache INFO:[0m Prefetch request completed (L1+L2): 24/24 retained keys (24 L1, 0 L2) in 1.1 ms (external_request_id=cmpl-894b989b5ff57ef0-0-88ac6c2b, prefetch_request_id=-1) [3m(storage_manager.py:716:lmcache.v1.distributed.storage_manager)[0m
[32;20m[2026-09-20 14:16:33,101] LMCache INFO:[0m Retrieved 384 tokens in 0.002 seconds [3m(lmcache_driven_transfer.py:1427:lmcache.v1.multiprocess.modules.lmcache_driven_transfer)[0m
[32;20m[2026-09-20 14:16:33,155] LMCache INFO:[0m Prefetch request completed (L1+L2): 24/24 retained keys (24 L1, 0 L2) in 1.0 ms (external_request_id=cmpl-b127e280734264f0-0-bdd2fbb5, prefetch_request_id=-1) [3m(storage_manager.py:716:lmcache.v1.distributed.storage_manager)[0m
[32;20m[2026-09-20 14:16:33,160] LMCache INFO:[0m Retrieved 384 tokens in 0.002 seconds [3m(lmcache_driven_transfer.py:1427:lmcache.v1.multiprocess.modules.lmcache_driven_transfer)[0m
[32;20m[2026-09-20 14:16:33,214] LMCache INFO:[0m Prefetch request completed (L1+L2): 24/24 retained keys (24 L1, 0 L2) in 1.2 ms (external_request_id=cmpl-af1ca83e5deeb57e-0-a920d8e3, prefetch_request_id=-1) [3m(storage_manager.py:716:lmcache.v1.distributed.storage_manager)[0m
[32;20m[2026-09-20 14:16:33,219] LMCache INFO:[0m Retrieved 384 tokens in 0.002 seconds [3m(lmcache_driven_transfer.py:1427:lmcache.v1.multiprocess.modules.lmcache_driven_transfer)[0m
[32;20m[2026-09-20 14:16:33,273] LMCache INFO:[0m Prefetch request completed (L1+L2): 24/24 retained keys (24 L1, 0 L2) in 1.1 ms (external_request_id=cmpl-af0fe27072f1c26d-0-b822b3c7, prefetch_request_id=-1) [3m(storage_manager.py:716:lmcache.v1.distributed.storage_manager)[0m
[32;20m[2026-09-20 14:16:33,278] LMCache INFO:[0m Retrieved 384 tokens in 0.002 seconds [3m(lmcache_driven_transfer.py:1427:lmcache.v1.multiprocess.modules.lmcache_driven_transfer)[0m
[32;20m[2026-09-20 14:16:33,330] LMCache INFO:[0m Prefetch request completed (L1+L2): 24/24 retained keys (24 L1, 0 L2) in 1.2 ms (external_request_id=cmpl-935636a8b6b645dc-0-b7a717a4, prefetch_request_id=-1) [3m(storage_manager.py:716:lmcache.v1.distributed.storage_manager)[0m
[32;20m[2026-09-20 14:16:33,335] LMCache INFO:[0m Retrieved 384 tokens in 0.002 seconds [3m(lmcache_driven_transfer.py:1427:lmcache.v1.multiprocess.modules.lmcache_driven_transfer)[0m
[32;20m[2026-09-20 14:16:33,392] LMCache INFO:[0m Prefetch request completed (L1+L2): 24/24 retained keys (24 L1, 0 L2) in 1.1 ms (external_request_id=cmpl-a0f9ebedfddada25-0-8b7fe7f6, prefetch_request_id=-1) [3m(storage_manager.py:716:lmcache.v1.distributed.storage_manager)[0m
[32;20m[2026-09-20 14:16:33,397] LMCache INFO:[0m Retrieved 384 tokens in 0.002 seconds [3m(lmcache_driven_transfer.py:1427:lmcache.v1.multiprocess.modules.lmcache_driven_transfer)[0m
[32;20m[2026-09-20 14:16:33,627] LMCache INFO:[0m Prefetch request completed (L1+L2): 24/24 retained keys (24 L1, 0 L2) in 1.4 ms (external_request_id=cmpl-a0073a65690ded5f-0-8250a426, prefetch_request_id=-1) [3m(storage_manager.py:716:lmcache.v1.distributed.storage_manager)[0m
[32;20m[2026-09-20 14:16:33,632] LMCache INFO:[0m Retrieved 384 tokens in 0.002 seconds [3m(lmcache_driven_transfer.py:1427:lmcache.v1.multiprocess.modules.lmcache_driven_transfer)[0m
[32;20m[2026-09-20 14:16:33,751] LMCache INFO:[0m Stored 368 tokens in 0.003 seconds [3m(lmcache_driven_transfer.py:1218:lmcache.v1.multiprocess.modules.lmcache_driven_transfer)[0m
[32;20m[2026-09-20 14:16:33,833] LMCache INFO:[0m Stored 384 tokens in 0.003 seconds [3m(lmcache_driven_transfer.py:1218:lmcache.v1.multiprocess.modules.lmcache_driven_transfer)[0m
[32;20m[2026-09-20 14:16:33,937] LMCache INFO:[0m Stored 384 tokens in 0.003 seconds [3m(lmcache_driven_transfer.py:1218:lmcache.v1.multiprocess.modules.lmcache_driven_transfer)[0m
[32;20m[2026-09-20 14:16:34,039] LMCache INFO:[0m Stored 384 tokens in 0.003 seconds [3m(lmcache_driven_transfer.py:1218:lmcache.v1.multiprocess.modules.lmcache_driven_transfer)[0m
[32;20m[2026-09-20 14:16:34,127] LMCache INFO:[0m Stored 384 tokens in 0.003 seconds [3m(lmcache_driven_transfer.py:1218:lmcache.v1.multiprocess.modules.lmcache_driven_transfer)[0m
[32;20m[2026-09-20 14:16:34,223] LMCache INFO:[0m Stored 384 tokens in 0.003 seconds [3m(lmcache_driven_transfer.py:1218:lmcache.v1.multiprocess.modules.lmcache_driven_transfer)[0m
[32;20m[2026-09-20 14:16:34,338] LMCache INFO:[0m Stored 384 tokens in 0.003 seconds [3m(lmcache_driven_transfer.py:1218:lmcache.v1.multiprocess.modules.lmcache_driven_transfer)[0m
[32;20m[2026-09-20 14:16:34,414] LMCache INFO:[0m Stored 384 tokens in 0.003 seconds [3m(lmcache_driven_transfer.py:1218:lmcache.v1.multiprocess.modules.lmcache_driven_transfer)[0m
[32;20m[2026-09-20 14:16:34,457] LMCache INFO:[0m L1 memory usage 0.94 above watermark 0.80; triggering eviction. [3m(eviction_controller.py:179:lmcache.v1.distributed.storage_controllers.eviction_controller)[0m
[32;20m[2026-09-20 14:16:34,514] LMCache INFO:[0m Stored 384 tokens in 0.003 seconds [3m(lmcache_driven_transfer.py:1218:lmcache.v1.multiprocess.modules.lmcache_driven_transfer)[0m
[32;20m[2026-09-20 14:16:34,557] LMCache INFO:[0m Prefetch request completed (L1+L2): 24/24 retained keys (24 L1, 0 L2) in 1.3 ms (external_request_id=cmpl-94e0c09a0195349a-0-bb9c8dfa, prefetch_request_id=-1) [3m(storage_manager.py:716:lmcache.v1.distributed.storage_manager)[0m
[32;20m[2026-09-20 14:16:34,562] LMCache INFO:[0m Retrieved 384 tokens in 0.002 seconds [3m(lmcache_driven_transfer.py:1427:lmcache.v1.multiprocess.modules.lmcache_driven_transfer)[0m
[32;20m[2026-09-20 14:16:34,682] LMCache INFO:[0m Stored 384 tokens in 0.003 seconds [3m(lmcache_driven_transfer.py:1218:lmcache.v1.multiprocess.modules.lmcache_driven_transfer)[0m
[32;20m[2026-09-20 14:16:34,759] LMCache INFO:[0m Stored 384 tokens in 0.003 seconds [3m(lmcache_driven_transfer.py:1218:lmcache.v1.multiprocess.modules.lmcache_driven_transfer)[0m
[32;20m[2026-09-20 14:16:34,862] LMCache INFO:[0m Stored 384 tokens in 0.003 seconds [3m(lmcache_driven_transfer.py:1218:lmcache.v1.multiprocess.modules.lmcache_driven_transfer)[0m
[32;20m[2026-09-20 14:16:34,954] LMCache INFO:[0m Stored 384 tokens in 0.003 seconds [3m(lmcache_driven_transfer.py:1218:lmcache.v1.multiprocess.modules.lmcache_driven_transfer)[0m
[32;20m[2026-09-20 14:16:35,050] LMCache INFO:[0m Stored 384 tokens in 0.003 seconds [3m(lmcache_driven_transfer.py:1218:lmcache.v1.multiprocess.modules.lmcache_driven_transfer)[0m
[32;20m[2026-09-20 14:16:35,145] LMCache INFO:[0m Stored 384 tokens in 0.003 seconds [3m(lmcache_driven_transfer.py:1218:lmcache.v1.multiprocess.modules.lmcache_driven_transfer)[0m
[32;20m[2026-09-20 14:16:35,239] LMCache INFO:[0m Stored 384 tokens in 0.003 seconds [3m(lmcache_driven_transfer.py:1218:lmcache.v1.multiprocess.modules.lmcache_driven_transfer)[0m
[32;20m[2026-09-20 14:16:35,331] LMCache INFO:[0m Stored 384 tokens in 0.003 seconds [3m(lmcache_driven_transfer.py:1218:lmcache.v1.multiprocess.modules.lmcache_driven_transfer)[0m
[32;20m[2026-09-20 14:16:35,429] LMCache INFO:[0m Stored 384 tokens in 0.003 seconds [3m(lmcache_driven_transfer.py:1218:lmcache.v1.multiprocess.modules.lmcache_driven_transfer)[0m
[32;20m[2026-09-20 14:16:35,468] LMCache INFO:[0m L1 memory usage 0.96 above watermark 0.80; triggering eviction. [3m(eviction_controller.py:179:lmcache.v1.distributed.storage_controllers.eviction_controller)[0m
[32;20m[2026-09-20 14:16:35,481] LMCache INFO:[0m Prefetch request completed (L1+L2): 24/24 retained keys (24 L1, 0 L2) in 2.3 ms (external_request_id=cmpl-9bb864ea61d1e88e-0-b4f461d4, prefetch_request_id=-1) [3m(storage_manager.py:716:lmcache.v1.distributed.storage_manager)[0m
[32;20m[2026-09-20 14:16:35,486] LMCache INFO:[0m Retrieved 384 tokens in 0.002 seconds [3m(lmcache_driven_transfer.py:1427:lmcache.v1.multiprocess.modules.lmcache_driven_transfer)[0m
[32;20m[2026-09-20 14:16:35,615] LMCache INFO:[0m Stored 384 tokens in 0.003 seconds [3m(lmcache_driven_transfer.py:1218:lmcache.v1.multiprocess.modules.lmcache_driven_transfer)[0m
[32;20m[2026-09-20 14:16:35,618] LMCache INFO:[0m Stored 384 tokens in 0.003 seconds [3m(lmcache_driven_transfer.py:1218:lmcache.v1.multiprocess.modules.lmcache_driven_transfer)[0m
[32;20m[2026-09-20 14:16:35,773] LMCache INFO:[0m Stored 384 tokens in 0.003 seconds [3m(lmcache_driven_transfer.py:1218:lmcache.v1.multiprocess.modules.lmcache_driven_transfer)[0m
[32;20m[2026-09-20 14:16:35,873] LMCache INFO:[0m Stored 384 tokens in 0.005 seconds [3m(lmcache_driven_transfer.py:1218:lmcache.v1.multiprocess.modules.lmcache_driven_transfer)[0m
[32;20m[2026-09-20 14:16:35,968] LMCache INFO:[0m Stored 384 tokens in 0.003 seconds [3m(lmcache_driven_transfer.py:1218:lmcache.v1.multiprocess.modules.lmcache_driven_transfer)[0m
[32;20m[2026-09-20 14:16:36,063] LMCache INFO:[0m Stored 384 tokens in 0.003 seconds [3m(lmcache_driven_transfer.py:1218:lmcache.v1.multiprocess.modules.lmcache_driven_transfer)[0m
[32;20m[2026-09-20 14:16:36,160] LMCache INFO:[0m Stored 384 tokens in 0.003 seconds [3m(lmcache_driven_transfer.py:1218:lmcache.v1.multiprocess.modules.lmcache_driven_transfer)[0m
[32;20m[2026-09-20 14:16:36,258] LMCache INFO:[0m Stored 384 tokens in 0.003 seconds [3m(lmcache_driven_transfer.py:1218:lmcache.v1.multiprocess.modules.lmcache_driven_transfer)[0m
[32;20m[2026-09-20 14:16:36,353] LMCache INFO:[0m Stored 384 tokens in 0.003 seconds [3m(lmcache_driven_transfer.py:1218:lmcache.v1.multiprocess.modules.lmcache_driven_transfer)[0m
[32;20m[2026-09-20 14:16:36,448] LMCache INFO:[0m Stored 384 tokens in 0.003 seconds [3m(lmcache_driven_transfer.py:1218:lmcache.v1.multiprocess.modules.lmcache_driven_transfer)[0m
[32;20m[2026-09-20 14:16:36,478] LMCache INFO:[0m L1 memory usage 0.98 above watermark 0.80; triggering eviction. [3m(eviction_controller.py:179:lmcache.v1.distributed.storage_controllers.eviction_controller)[0m
[32;20m[2026-09-20 14:16:36,492] LMCache INFO:[0m Prefetch request completed (L1+L2): 24/24 retained keys (24 L1, 0 L2) in 2.8 ms (external_request_id=cmpl-866dbca31dec6998-0-9fe88d0f, prefetch_request_id=-1) [3m(storage_manager.py:716:lmcache.v1.distributed.storage_manager)[0m
[32;20m[2026-09-20 14:16:36,497] LMCache INFO:[0m Retrieved 384 tokens in 0.003 seconds [3m(lmcache_driven_transfer.py:1427:lmcache.v1.multiprocess.modules.lmcache_driven_transfer)[0m
[32;20m[2026-09-20 14:16:36,576] LMCache INFO:[0m Prefetch request completed (L1+L2): 24/24 retained keys (24 L1, 0 L2) in 1.1 ms (external_request_id=cmpl-9ea2688a9aa00f56-0-a5ded97f, prefetch_request_id=-1) [3m(storage_manager.py:716:lmcache.v1.distributed.storage_manager)[0m
[32;20m[2026-09-20 14:16:36,582] LMCache INFO:[0m Prefetch request completed (L1+L2): 24/24 retained keys (24 L1, 0 L2) in 1.7 ms (external_request_id=cmpl-94ca7d4c8e6b2529-0-bca75969, prefetch_request_id=-1) [3m(storage_manager.py:716:lmcache.v1.distributed.storage_manager)[0m
[32;20m[2026-09-20 14:16:36,583] LMCache INFO:[0m Retrieved 384 tokens in 0.004 seconds [3m(lmcache_driven_transfer.py:1427:lmcache.v1.multiprocess.modules.lmcache_driven_transfer)[0m
[32;20m[2026-09-20 14:16:36,589] LMCache INFO:[0m Retrieved 384 tokens in 0.003 seconds [3m(lmcache_driven_transfer.py:1427:lmcache.v1.multiprocess.modules.lmcache_driven_transfer)[0m
[32;20m[2026-09-20 14:16:36,675] LMCache INFO:[0m Prefetch request completed (L1+L2): 24/24 retained keys (24 L1, 0 L2) in 1.1 ms (external_request_id=cmpl-9064aabe722d2584-0-9b6e0844, prefetch_request_id=-1) [3m(storage_manager.py:716:lmcache.v1.distributed.storage_manager)[0m
[32;20m[2026-09-20 14:16:36,680] LMCache INFO:[0m Retrieved 384 tokens in 0.002 seconds [3m(lmcache_driven_transfer.py:1427:lmcache.v1.multiprocess.modules.lmcache_driven_transfer)[0m
[32;20m[2026-09-20 14:16:36,735] LMCache INFO:[0m Prefetch request completed (L1+L2): 24/24 retained keys (24 L1, 0 L2) in 1.3 ms (external_request_id=cmpl-b5bbcd4854ffeb50-0-8ffe1790, prefetch_request_id=-1) [3m(storage_manager.py:716:lmcache.v1.distributed.storage_manager)[0m
[32;20m[2026-09-20 14:16:36,741] LMCache INFO:[0m Retrieved 384 tokens in 0.002 seconds [3m(lmcache_driven_transfer.py:1427:lmcache.v1.multiprocess.modules.lmcache_driven_transfer)[0m
[32;20m[2026-09-20 14:16:36,794] LMCache INFO:[0m Prefetch request completed (L1+L2): 24/24 retained keys (24 L1, 0 L2) in 1.1 ms (external_request_id=cmpl-821ffbcb6382166a-0-8f60294a, prefetch_request_id=-1) [3m(storage_manager.py:716:lmcache.v1.distributed.storage_manager)[0m
[32;20m[2026-09-20 14:16:36,800] LMCache INFO:[0m Retrieved 384 tokens in 0.002 seconds [3m(lmcache_driven_transfer.py:1427:lmcache.v1.multiprocess.modules.lmcache_driven_transfer)[0m
[32;20m[2026-09-20 14:16:36,897] LMCache INFO:[0m Stored 384 tokens in 0.003 seconds [3m(lmcache_driven_transfer.py:1218:lmcache.v1.multiprocess.modules.lmcache_driven_transfer)[0m
[32;20m[2026-09-20 14:16:36,941] LMCache INFO:[0m Prefetch request completed (L1+L2): 24/24 retained keys (24 L1, 0 L2) in 1.1 ms (external_request_id=cmpl-a8fbd8965f333459-0-9689bc17, prefetch_request_id=-1) [3m(storage_manager.py:716:lmcache.v1.distributed.storage_manager)[0m
[32;20m[2026-09-20 14:16:36,946] LMCache INFO:[0m Retrieved 384 tokens in 0.002 seconds [3m(lmcache_driven_transfer.py:1427:lmcache.v1.multiprocess.modules.lmcache_driven_transfer)[0m
[32;20m[2026-09-20 14:16:36,999] LMCache INFO:[0m Prefetch request completed (L1+L2): 24/24 retained keys (24 L1, 0 L2) in 1.2 ms (external_request_id=cmpl-99e78297f0f08ccf-0-9f08c870, prefetch_request_id=-1) [3m(storage_manager.py:716:lmcache.v1.distributed.storage_manager)[0m
[32;20m[2026-09-20 14:16:37,004] LMCache INFO:[0m Retrieved 384 tokens in 0.002 seconds [3m(lmcache_driven_transfer.py:1427:lmcache.v1.multiprocess.modules.lmcache_driven_transfer)[0m
[32;20m[2026-09-20 14:16:37,058] LMCache INFO:[0m Prefetch request completed (L1+L2): 24/24 retained keys (24 L1, 0 L2) in 1.1 ms (external_request_id=cmpl-8e53a098f8ba2a0b-0-8716ba09, prefetch_request_id=-1) [3m(storage_manager.py:716:lmcache.v1.distributed.storage_manager)[0m
[32;20m[2026-09-20 14:16:37,063] LMCache INFO:[0m Retrieved 384 tokens in 0.002 seconds [3m(lmcache_driven_transfer.py:1427:lmcache.v1.multiprocess.modules.lmcache_driven_transfer)[0m
[32;20m[2026-09-20 14:16:37,160] LMCache INFO:[0m Stored 384 tokens in 0.003 seconds [3m(lmcache_driven_transfer.py:1218:lmcache.v1.multiprocess.modules.lmcache_driven_transfer)[0m
[32;20m[2026-09-20 14:16:37,209] LMCache INFO:[0m Prefetch request completed (L1+L2): 24/24 retained keys (24 L1, 0 L2) in 1.1 ms (external_request_id=cmpl-9274b67748a7e49b-0-86eee454, prefetch_request_id=-1) [3m(storage_manager.py:716:lmcache.v1.distributed.storage_manager)[0m
[32;20m[2026-09-20 14:16:37,214] LMCache INFO:[0m Retrieved 384 tokens in 0.002 seconds [3m(lmcache_driven_transfer.py:1427:lmcache.v1.multiprocess.modules.lmcache_driven_transfer)[0m
[32;20m[2026-09-20 14:16:37,432] LMCache INFO:[0m Prefetch request completed (L1+L2): 24/24 retained keys (24 L1, 0 L2) in 1.0 ms (external_request_id=cmpl-a66b631ce35308ca-0-980a55ae, prefetch_request_id=-1) [3m(storage_manager.py:716:lmcache.v1.distributed.storage_manager)[0m
[32;20m[2026-09-20 14:16:37,437] LMCache INFO:[0m Retrieved 384 tokens in 0.002 seconds [3m(lmcache_driven_transfer.py:1427:lmcache.v1.multiprocess.modules.lmcache_driven_transfer)[0m
[32;20m[2026-09-20 14:16:37,489] LMCache INFO:[0m L1 memory usage 0.83 above watermark 0.80; triggering eviction. [3m(eviction_controller.py:179:lmcache.v1.distributed.storage_controllers.eviction_controller)[0m
[32;20m[2026-09-20 14:16:37,516] LMCache INFO:[0m Prefetch request completed (L1+L2): 24/24 retained keys (24 L1, 0 L2) in 1.2 ms (external_request_id=cmpl-bb0f6c98589be769-0-899563cf, prefetch_request_id=-1) [3m(storage_manager.py:716:lmcache.v1.distributed.storage_manager)[0m
[32;20m[2026-09-20 14:16:37,522] LMCache INFO:[0m Prefetch request completed (L1+L2): 24/24 retained keys (24 L1, 0 L2) in 1.7 ms (external_request_id=cmpl-ab1e5594b9a7c756-0-830ac832, prefetch_request_id=-1) [3m(storage_manager.py:716:lmcache.v1.distributed.storage_manager)[0m
[32;20m[2026-09-20 14:16:37,522] LMCache INFO:[0m Retrieved 384 tokens in 0.004 seconds [3m(lmcache_driven_transfer.py:1427:lmcache.v1.multiprocess.modules.lmcache_driven_transfer)[0m
[32;20m[2026-09-20 14:16:37,529] LMCache INFO:[0m Retrieved 384 tokens in 0.004 seconds [3m(lmcache_driven_transfer.py:1427:lmcache.v1.multiprocess.modules.lmcache_driven_transfer)[0m
[32;20m[2026-09-20 14:16:37,614] LMCache INFO:[0m Prefetch request completed (L1+L2): 24/24 retained keys (24 L1, 0 L2) in 1.4 ms (external_request_id=cmpl-a93b22a76f36c5ad-0-8eb93ea2, prefetch_request_id=-1) [3m(storage_manager.py:716:lmcache.v1.distributed.storage_manager)[0m
[32;20m[2026-09-20 14:16:37,618] LMCache INFO:[0m Retrieved 384 tokens in 0.002 seconds [3m(lmcache_driven_transfer.py:1427:lmcache.v1.multiprocess.modules.lmcache_driven_transfer)[0m
[32;20m[2026-09-20 14:16:37,672] LMCache INFO:[0m Prefetch request completed (L1+L2): 24/24 retained keys (24 L1, 0 L2) in 1.1 ms (external_request_id=cmpl-ab33b422ef8c84fe-0-9eb978e3, prefetch_request_id=-1) [3m(storage_manager.py:716:lmcache.v1.distributed.storage_manager)[0m
[32;20m[2026-09-20 14:16:37,677] LMCache INFO:[0m Retrieved 384 tokens in 0.002 seconds [3m(lmcache_driven_transfer.py:1427:lmcache.v1.multiprocess.modules.lmcache_driven_transfer)[0m
[32;20m[2026-09-20 14:16:37,731] LMCache INFO:[0m Prefetch request completed (L1+L2): 24/24 retained keys (24 L1, 0 L2) in 1.1 ms (external_request_id=cmpl-93ef46861d50ddfa-0-b0dd461e, prefetch_request_id=-1) [3m(storage_manager.py:716:lmcache.v1.distributed.storage_manager)[0m
[32;20m[2026-09-20 14:16:37,736] LMCache INFO:[0m Retrieved 384 tokens in 0.002 seconds [3m(lmcache_driven_transfer.py:1427:lmcache.v1.multiprocess.modules.lmcache_driven_transfer)[0m
[32;20m[2026-09-20 14:16:37,790] LMCache INFO:[0m Prefetch request completed (L1+L2): 24/24 retained keys (24 L1, 0 L2) in 1.0 ms (external_request_id=cmpl-b63c2d3bddb02f3b-0-86bcd923, prefetch_request_id=-1) [3m(storage_manager.py:716:lmcache.v1.distributed.storage_manager)[0m
[32;20m[2026-09-20 14:16:37,795] LMCache INFO:[0m Retrieved 384 tokens in 0.002 seconds [3m(lmcache_driven_transfer.py:1427:lmcache.v1.multiprocess.modules.lmcache_driven_transfer)[0m
[32;20m[2026-09-20 14:16:37,849] LMCache INFO:[0m Prefetch request completed (L1+L2): 24/24 retained keys (24 L1, 0 L2) in 1.2 ms (external_request_id=cmpl-a37aebeb1d500f6a-0-b9db600b, prefetch_request_id=-1) [3m(storage_manager.py:716:lmcache.v1.distributed.storage_manager)[0m
[32;20m[2026-09-20 14:16:37,854] LMCache INFO:[0m Retrieved 384 tokens in 0.002 seconds [3m(lmcache_driven_transfer.py:1427:lmcache.v1.multiprocess.modules.lmcache_driven_transfer)[0m
[32;20m[2026-09-20 14:16:37,908] LMCache INFO:[0m Prefetch request completed (L1+L2): 24/24 retained keys (24 L1, 0 L2) in 1.2 ms (external_request_id=cmpl-8de85ff7908cb433-0-b358a1c4, prefetch_request_id=-1) [3m(storage_manager.py:716:lmcache.v1.distributed.storage_manager)[0m
[32;20m[2026-09-20 14:16:37,913] LMCache INFO:[0m Retrieved 384 tokens in 0.002 seconds [3m(lmcache_driven_transfer.py:1427:lmcache.v1.multiprocess.modules.lmcache_driven_transfer)[0m
[32;20m[2026-09-20 14:16:37,968] LMCache INFO:[0m Prefetch request completed (L1+L2): 24/24 retained keys (24 L1, 0 L2) in 1.0 ms (external_request_id=cmpl-9067006715b0d755-0-9dcc8985, prefetch_request_id=-1) [3m(storage_manager.py:716:lmcache.v1.distributed.storage_manager)[0m
[32;20m[2026-09-20 14:16:37,973] LMCache INFO:[0m Retrieved 384 tokens in 0.002 seconds [3m(lmcache_driven_transfer.py:1427:lmcache.v1.multiprocess.modules.lmcache_driven_transfer)[0m
[32;20m[2026-09-20 14:16:38,068] LMCache INFO:[0m Stored 384 tokens in 0.003 seconds [3m(lmcache_driven_transfer.py:1218:lmcache.v1.multiprocess.modules.lmcache_driven_transfer)[0m
[32;20m[2026-09-20 14:16:38,157] LMCache INFO:[0m Stored 208 tokens in 0.002 seconds [3m(lmcache_driven_transfer.py:1218:lmcache.v1.multiprocess.modules.lmcache_driven_transfer)[0m
[32;20m[2026-09-20 14:16:38,170] LMCache INFO:[0m L0<->L1 stats [cuda:0] last 10.0s: store ops=71 tokens=26960 size=0.77GB avg_copy=7.12GB/s | retrieve ops=47 tokens=18048 size=0.52GB avg_copy=4.02GB/s [3m(extra_stats.py:159:lmcache.v1.mp_observability.subscribers.logging.extra_stats)[0m
[32;20m[2026-09-20 14:16:38,171] LMCache INFO:[0m L0<->L1 stats [cuda:0] cumulative: store ops=422 tokens=154528 size=4.43GB avg_copy=6.90GB/s | retrieve ops=127 tokens=48208 size=1.38GB avg_copy=3.96GB/s [3m(extra_stats.py:168:lmcache.v1.mp_observability.subscribers.logging.extra_stats)[0m
[32;20m[2026-09-20 14:16:38,370] LMCache INFO:[0m Prefetch request completed (L1+L2): 24/24 retained keys (24 L1, 0 L2) in 1.1 ms (external_request_id=cmpl-a42493dc084f2ffb-0-849041c6, prefetch_request_id=-1) [3m(storage_manager.py:716:lmcache.v1.distributed.storage_manager)[0m
[32;20m[2026-09-20 14:16:38,374] LMCache INFO:[0m Retrieved 384 tokens in 0.002 seconds [3m(lmcache_driven_transfer.py:1427:lmcache.v1.multiprocess.modules.lmcache_driven_transfer)[0m
[32;20m[2026-09-20 14:16:38,495] LMCache INFO:[0m L1 memory usage: 0.35/0.50 GiB (69.6%) [3m(eviction_controller.py:153:lmcache.v1.distributed.storage_controllers.eviction_controller)[0m
[32;20m[2026-09-20 14:16:38,501] LMCache INFO:[0m Stored 384 tokens in 0.003 seconds [3m(lmcache_driven_transfer.py:1218:lmcache.v1.multiprocess.modules.lmcache_driven_transfer)[0m
[32;20m[2026-09-20 14:16:38,579] LMCache INFO:[0m Stored 384 tokens in 0.003 seconds [3m(lmcache_driven_transfer.py:1218:lmcache.v1.multiprocess.modules.lmcache_driven_transfer)[0m
[32;20m[2026-09-20 14:16:38,681] LMCache INFO:[0m Stored 368 tokens in 0.003 seconds [3m(lmcache_driven_transfer.py:1218:lmcache.v1.multiprocess.modules.lmcache_driven_transfer)[0m
[32;20m[2026-09-20 14:16:38,782] LMCache INFO:[0m Stored 384 tokens in 0.003 seconds [3m(lmcache_driven_transfer.py:1218:lmcache.v1.multiprocess.modules.lmcache_driven_transfer)[0m
[32;20m[2026-09-20 14:16:38,875] LMCache INFO:[0m Stored 384 tokens in 0.003 seconds [3m(lmcache_driven_transfer.py:1218:lmcache.v1.multiprocess.modules.lmcache_driven_transfer)[0m
[32;20m[2026-09-20 14:16:38,966] LMCache INFO:[0m Stored 384 tokens in 0.003 seconds [3m(lmcache_driven_transfer.py:1218:lmcache.v1.multiprocess.modules.lmcache_driven_transfer)[0m
[32;20m[2026-09-20 14:16:39,059] LMCache INFO:[0m Stored 368 tokens in 0.003 seconds [3m(lmcache_driven_transfer.py:1218:lmcache.v1.multiprocess.modules.lmcache_driven_transfer)[0m
[32;20m[2026-09-20 14:16:39,152] LMCache INFO:[0m Stored 384 tokens in 0.003 seconds [3m(lmcache_driven_transfer.py:1218:lmcache.v1.multiprocess.modules.lmcache_driven_transfer)[0m
[32;20m[2026-09-20 14:16:39,248] LMCache INFO:[0m Stored 384 tokens in 0.003 seconds [3m(lmcache_driven_transfer.py:1218:lmcache.v1.multiprocess.modules.lmcache_driven_transfer)[0m
[32;20m[2026-09-20 14:16:39,348] LMCache INFO:[0m Stored 384 tokens in 0.003 seconds [3m(lmcache_driven_transfer.py:1218:lmcache.v1.multiprocess.modules.lmcache_driven_transfer)[0m
[32;20m[2026-09-20 14:16:39,395] LMCache INFO:[0m Prefetch request completed (L1+L2): 24/24 retained keys (24 L1, 0 L2) in 1.1 ms (external_request_id=cmpl-89fd6743ec902af7-0-a9c02188, prefetch_request_id=-1) [3m(storage_manager.py:716:lmcache.v1.distributed.storage_manager)[0m
[32;20m[2026-09-20 14:16:39,400] LMCache INFO:[0m Retrieved 384 tokens in 0.002 seconds [3m(lmcache_driven_transfer.py:1427:lmcache.v1.multiprocess.modules.lmcache_driven_transfer)[0m
[32;20m[2026-09-20 14:16:39,496] LMCache INFO:[0m L1 memory usage 0.90 above watermark 0.80; triggering eviction. [3m(eviction_controller.py:179:lmcache.v1.distributed.storage_controllers.eviction_controller)[0m
[32;20m[2026-09-20 14:16:39,523] LMCache INFO:[0m Stored 384 tokens in 0.003 seconds [3m(lmcache_driven_transfer.py:1218:lmcache.v1.multiprocess.modules.lmcache_driven_transfer)[0m
[32;20m[2026-09-20 14:16:39,604] LMCache INFO:[0m Stored 384 tokens in 0.003 seconds [3m(lmcache_driven_transfer.py:1218:lmcache.v1.multiprocess.modules.lmcache_driven_transfer)[0m
[32;20m[2026-09-20 14:16:39,708] LMCache INFO:[0m Stored 384 tokens in 0.003 seconds [3m(lmcache_driven_transfer.py:1218:lmcache.v1.multiprocess.modules.lmcache_driven_transfer)[0m
[32;20m[2026-09-20 14:16:39,798] LMCache INFO:[0m Stored 384 tokens in 0.003 seconds [3m(lmcache_driven_transfer.py:1218:lmcache.v1.multiprocess.modules.lmcache_driven_transfer)[0m
[32;20m[2026-09-20 14:16:39,902] LMCache INFO:[0m Stored 384 tokens in 0.003 seconds [3m(lmcache_driven_transfer.py:1218:lmcache.v1.multiprocess.modules.lmcache_driven_transfer)[0m
[32;20m[2026-09-20 14:16:39,994] LMCache INFO:[0m Stored 384 tokens in 0.003 seconds [3m(lmcache_driven_transfer.py:1218:lmcache.v1.multiprocess.modules.lmcache_driven_transfer)[0m
[32;20m[2026-09-20 14:16:40,091] LMCache INFO:[0m Stored 384 tokens in 0.003 seconds [3m(lmcache_driven_transfer.py:1218:lmcache.v1.multiprocess.modules.lmcache_driven_transfer)[0m
[32;20m[2026-09-20 14:16:40,188] LMCache INFO:[0m Stored 384 tokens in 0.003 seconds [3m(lmcache_driven_transfer.py:1218:lmcache.v1.multiprocess.modules.lmcache_driven_transfer)[0m
[32;20m[2026-09-20 14:16:40,283] LMCache INFO:[0m Stored 384 tokens in 0.003 seconds [3m(lmcache_driven_transfer.py:1218:lmcache.v1.multiprocess.modules.lmcache_driven_transfer)[0m
[32;20m[2026-09-20 14:16:40,326] LMCache INFO:[0m Prefetch request completed (L1+L2): 24/24 retained keys (24 L1, 0 L2) in 1.2 ms (external_request_id=cmpl-9b2269ba4aa0248e-0-a7c18ab1, prefetch_request_id=-1) [3m(storage_manager.py:716:lmcache.v1.distributed.storage_manager)[0m
[32;20m[2026-09-20 14:16:40,332] LMCache INFO:[0m Retrieved 384 tokens in 0.002 seconds [3m(lmcache_driven_transfer.py:1427:lmcache.v1.multiprocess.modules.lmcache_driven_transfer)[0m
[32;20m[2026-09-20 14:16:40,455] LMCache INFO:[0m Stored 384 tokens in 0.003 seconds [3m(lmcache_driven_transfer.py:1218:lmcache.v1.multiprocess.modules.lmcache_driven_transfer)[0m
[32;20m[2026-09-20 14:16:40,503] LMCache INFO:[0m L1 memory usage 0.92 above watermark 0.80; triggering eviction. [3m(eviction_controller.py:179:lmcache.v1.distributed.storage_controllers.eviction_controller)[0m
[32;20m[2026-09-20 14:16:40,539] LMCache INFO:[0m Stored 384 tokens in 0.003 seconds [3m(lmcache_driven_transfer.py:1218:lmcache.v1.multiprocess.modules.lmcache_driven_transfer)[0m
[32;20m[2026-09-20 14:16:40,631] LMCache INFO:[0m Stored 384 tokens in 0.003 seconds [3m(lmcache_driven_transfer.py:1218:lmcache.v1.multiprocess.modules.lmcache_driven_transfer)[0m
[32;20m[2026-09-20 14:16:40,727] LMCache INFO:[0m Stored 384 tokens in 0.003 seconds [3m(lmcache_driven_transfer.py:1218:lmcache.v1.multiprocess.modules.lmcache_driven_transfer)[0m
[32;20m[2026-09-20 14:16:40,824] LMCache INFO:[0m Stored 384 tokens in 0.003 seconds [3m(lmcache_driven_transfer.py:1218:lmcache.v1.multiprocess.modules.lmcache_driven_transfer)[0m
[32;20m[2026-09-20 14:16:40,920] LMCache INFO:[0m Stored 384 tokens in 0.003 seconds [3m(lmcache_driven_transfer.py:1218:lmcache.v1.multiprocess.modules.lmcache_driven_transfer)[0m
[32;20m[2026-09-20 14:16:41,019] LMCache INFO:[0m Stored 384 tokens in 0.003 seconds [3m(lmcache_driven_transfer.py:1218:lmcache.v1.multiprocess.modules.lmcache_driven_transfer)[0m
[32;20m[2026-09-20 14:16:41,114] LMCache INFO:[0m Stored 384 tokens in 0.003 seconds [3m(lmcache_driven_transfer.py:1218:lmcache.v1.multiprocess.modules.lmcache_driven_transfer)[0m
[32;20m[2026-09-20 14:16:41,210] LMCache INFO:[0m Stored 384 tokens in 0.003 seconds [3m(lmcache_driven_transfer.py:1218:lmcache.v1.multiprocess.modules.lmcache_driven_transfer)[0m
[32;20m[2026-09-20 14:16:41,303] LMCache INFO:[0m Stored 192 tokens in 0.002 seconds [3m(lmcache_driven_transfer.py:1218:lmcache.v1.multiprocess.modules.lmcache_driven_transfer)[0m
[32;20m[2026-09-20 14:16:41,362] LMCache INFO:[0m Stored 384 tokens in 0.003 seconds [3m(lmcache_driven_transfer.py:1218:lmcache.v1.multiprocess.modules.lmcache_driven_transfer)[0m
[32;20m[2026-09-20 14:16:41,458] LMCache INFO:[0m Stored 384 tokens in 0.003 seconds [3m(lmcache_driven_transfer.py:1218:lmcache.v1.multiprocess.modules.lmcache_driven_transfer)[0m
[32;20m[2026-09-20 14:16:41,511] LMCache INFO:[0m L1 memory usage 0.96 above watermark 0.80; triggering eviction. [3m(eviction_controller.py:179:lmcache.v1.distributed.storage_controllers.eviction_controller)[0m
[32;20m[2026-09-20 14:16:41,582] LMCache INFO:[0m Stored 368 tokens in 0.003 seconds [3m(lmcache_driven_transfer.py:1218:lmcache.v1.multiprocess.modules.lmcache_driven_transfer)[0m
[32;20m[2026-09-20 14:16:41,671] LMCache INFO:[0m Stored 384 tokens in 0.003 seconds [3m(lmcache_driven_transfer.py:1218:lmcache.v1.multiprocess.modules.lmcache_driven_transfer)[0m
[32;20m[2026-09-20 14:16:41,769] LMCache INFO:[0m Stored 384 tokens in 0.003 seconds [3m(lmcache_driven_transfer.py:1218:lmcache.v1.multiprocess.modules.lmcache_driven_transfer)[0m
[32;20m[2026-09-20 14:16:41,865] LMCache INFO:[0m Stored 384 tokens in 0.003 seconds [3m(lmcache_driven_transfer.py:1218:lmcache.v1.multiprocess.modules.lmcache_driven_transfer)[0m
[32;20m[2026-09-20 14:16:41,961] LMCache INFO:[0m Stored 384 tokens in 0.005 seconds [3m(lmcache_driven_transfer.py:1218:lmcache.v1.multiprocess.modules.lmcache_driven_transfer)[0m
[32;20m[2026-09-20 14:16:42,058] LMCache INFO:[0m Stored 384 tokens in 0.003 seconds [3m(lmcache_driven_transfer.py:1218:lmcache.v1.multiprocess.modules.lmcache_driven_transfer)[0m
[32;20m[2026-09-20 14:16:42,153] LMCache INFO:[0m Stored 384 tokens in 0.003 seconds [3m(lmcache_driven_transfer.py:1218:lmcache.v1.multiprocess.modules.lmcache_driven_transfer)[0m
[32;20m[2026-09-20 14:16:42,245] LMCache INFO:[0m Stored 384 tokens in 0.003 seconds [3m(lmcache_driven_transfer.py:1218:lmcache.v1.multiprocess.modules.lmcache_driven_transfer)[0m
[32;20m[2026-09-20 14:16:42,345] LMCache INFO:[0m Stored 384 tokens in 0.003 seconds [3m(lmcache_driven_transfer.py:1218:lmcache.v1.multiprocess.modules.lmcache_driven_transfer)[0m
[32;20m[2026-09-20 14:16:42,439] LMCache INFO:[0m Stored 384 tokens in 0.003 seconds [3m(lmcache_driven_transfer.py:1218:lmcache.v1.multiprocess.modules.lmcache_driven_transfer)[0m
[32;20m[2026-09-20 14:16:42,483] LMCache INFO:[0m Prefetch request completed (L1+L2): 24/24 retained keys (24 L1, 0 L2) in 1.3 ms (external_request_id=cmpl-9d8461f41b548953-0-bd0856e0, prefetch_request_id=-1) [3m(storage_manager.py:716:lmcache.v1.distributed.storage_manager)[0m
[32;20m[2026-09-20 14:16:42,488] LMCache INFO:[0m Retrieved 384 tokens in 0.002 seconds [3m(lmcache_driven_transfer.py:1427:lmcache.v1.multiprocess.modules.lmcache_driven_transfer)[0m
[32;20m[2026-09-20 14:16:42,520] LMCache INFO:[0m L1 memory usage 0.97 above watermark 0.80; triggering eviction. [3m(eviction_controller.py:179:lmcache.v1.distributed.storage_controllers.eviction_controller)[0m
[32;20m[2026-09-20 14:16:42,613] LMCache INFO:[0m Stored 384 tokens in 0.003 seconds [3m(lmcache_driven_transfer.py:1218:lmcache.v1.multiprocess.modules.lmcache_driven_transfer)[0m
[32;20m[2026-09-20 14:16:42,694] LMCache INFO:[0m Stored 384 tokens in 0.003 seconds [3m(lmcache_driven_transfer.py:1218:lmcache.v1.multiprocess.modules.lmcache_driven_transfer)[0m
[32;20m[2026-09-20 14:16:42,791] LMCache INFO:[0m Stored 368 tokens in 0.003 seconds [3m(lmcache_driven_transfer.py:1218:lmcache.v1.multiprocess.modules.lmcache_driven_transfer)[0m
[32;20m[2026-09-20 14:16:42,891] LMCache INFO:[0m Stored 384 tokens in 0.003 seconds [3m(lmcache_driven_transfer.py:1218:lmcache.v1.multiprocess.modules.lmcache_driven_transfer)[0m
[32;20m[2026-09-20 14:16:42,987] LMCache INFO:[0m Stored 384 tokens in 0.003 seconds [3m(lmcache_driven_transfer.py:1218:lmcache.v1.multiprocess.modules.lmcache_driven_transfer)[0m
[32;20m[2026-09-20 14:16:43,085] LMCache INFO:[0m Stored 384 tokens in 0.003 seconds [3m(lmcache_driven_transfer.py:1218:lmcache.v1.multiprocess.modules.lmcache_driven_transfer)[0m
[32;20m[2026-09-20 14:16:43,175] LMCache INFO:[0m Stored 384 tokens in 0.003 seconds [3m(lmcache_driven_transfer.py:1218:lmcache.v1.multiprocess.modules.lmcache_driven_transfer)[0m
[32;20m[2026-09-20 14:16:43,271] LMCache INFO:[0m Stored 320 tokens in 0.003 seconds [3m(lmcache_driven_transfer.py:1218:lmcache.v1.multiprocess.modules.lmcache_driven_transfer)[0m
[32;20m[2026-09-20 14:16:43,358] LMCache INFO:[0m Stored 384 tokens in 0.003 seconds [3m(lmcache_driven_transfer.py:1218:lmcache.v1.multiprocess.modules.lmcache_driven_transfer)[0m
[32;20m[2026-09-20 14:16:43,456] LMCache INFO:[0m Stored 384 tokens in 0.003 seconds [3m(lmcache_driven_transfer.py:1218:lmcache.v1.multiprocess.modules.lmcache_driven_transfer)[0m
[32;20m[2026-09-20 14:16:43,505] LMCache INFO:[0m Prefetch request completed (L1+L2): 20/20 retained keys (20 L1, 0 L2) in 1.1 ms (external_request_id=cmpl-a9ba3c81e965a7ea-0-b379c279, prefetch_request_id=-1) [3m(storage_manager.py:716:lmcache.v1.distributed.storage_manager)[0m
[32;20m[2026-09-20 14:16:43,510] LMCache INFO:[0m Retrieved 320 tokens in 0.002 seconds [3m(lmcache_driven_transfer.py:1427:lmcache.v1.multiprocess.modules.lmcache_driven_transfer)[0m
[32;20m[2026-09-20 14:16:43,527] LMCache INFO:[0m L1 memory usage 0.98 above watermark 0.80; triggering eviction. [3m(eviction_controller.py:179:lmcache.v1.distributed.storage_controllers.eviction_controller)[0m
[32;20m[2026-09-20 14:16:43,634] LMCache INFO:[0m Stored 384 tokens in 0.003 seconds [3m(lmcache_driven_transfer.py:1218:lmcache.v1.multiprocess.modules.lmcache_driven_transfer)[0m
[32;20m[2026-09-20 14:16:43,718] LMCache INFO:[0m Stored 384 tokens in 0.003 seconds [3m(lmcache_driven_transfer.py:1218:lmcache.v1.multiprocess.modules.lmcache_driven_transfer)[0m
[32;20m[2026-09-20 14:16:43,817] LMCache INFO:[0m Stored 384 tokens in 0.003 seconds [3m(lmcache_driven_transfer.py:1218:lmcache.v1.multiprocess.modules.lmcache_driven_transfer)[0m
[32;20m[2026-09-20 14:16:43,915] LMCache INFO:[0m Stored 384 tokens in 0.003 seconds [3m(lmcache_driven_transfer.py:1218:lmcache.v1.multiprocess.modules.lmcache_driven_transfer)[0m
[32;20m[2026-09-20 14:16:44,018] LMCache INFO:[0m Stored 384 tokens in 0.003 seconds [3m(lmcache_driven_transfer.py:1218:lmcache.v1.multiprocess.modules.lmcache_driven_transfer)[0m
[32;20m[2026-09-20 14:16:44,114] LMCache INFO:[0m Stored 384 tokens in 0.003 seconds [3m(lmcache_driven_transfer.py:1218:lmcache.v1.multiprocess.modules.lmcache_driven_transfer)[0m
[32;20m[2026-09-20 14:16:44,216] LMCache INFO:[0m Stored 384 tokens in 0.003 seconds [3m(lmcache_driven_transfer.py:1218:lmcache.v1.multiprocess.modules.lmcache_driven_transfer)[0m
[32;20m[2026-09-20 14:16:44,330] LMCache INFO:[0m Stored 384 tokens in 0.004 seconds [3m(lmcache_driven_transfer.py:1218:lmcache.v1.multiprocess.modules.lmcache_driven_transfer)[0m
[32;20m[2026-09-20 14:16:44,421] LMCache INFO:[0m Stored 384 tokens in 0.003 seconds [3m(lmcache_driven_transfer.py:1218:lmcache.v1.multiprocess.modules.lmcache_driven_transfer)[0m
[32;20m[2026-09-20 14:16:44,465] LMCache INFO:[0m Prefetch request completed (L1+L2): 24/24 retained keys (24 L1, 0 L2) in 1.0 ms (external_request_id=cmpl-a45b6e11be48dd66-0-ad04c6b7, prefetch_request_id=-1) [3m(storage_manager.py:716:lmcache.v1.distributed.storage_manager)[0m
[32;20m[2026-09-20 14:16:44,471] LMCache INFO:[0m Retrieved 384 tokens in 0.002 seconds [3m(lmcache_driven_transfer.py:1427:lmcache.v1.multiprocess.modules.lmcache_driven_transfer)[0m
[32;20m[2026-09-20 14:16:44,537] LMCache INFO:[0m L1 memory usage 0.97 above watermark 0.80; triggering eviction. [3m(eviction_controller.py:179:lmcache.v1.distributed.storage_controllers.eviction_controller)[0m
[32;20m[2026-09-20 14:16:44,598] LMCache INFO:[0m Stored 384 tokens in 0.003 seconds [3m(lmcache_driven_transfer.py:1218:lmcache.v1.multiprocess.modules.lmcache_driven_transfer)[0m
[32;20m[2026-09-20 14:16:44,601] LMCache INFO:[0m Stored 384 tokens in 0.003 seconds [3m(lmcache_driven_transfer.py:1218:lmcache.v1.multiprocess.modules.lmcache_driven_transfer)[0m
[32;20m[2026-09-20 14:16:44,764] LMCache INFO:[0m Stored 384 tokens in 0.003 seconds [3m(lmcache_driven_transfer.py:1218:lmcache.v1.multiprocess.modules.lmcache_driven_transfer)[0m
[32;20m[2026-09-20 14:16:44,856] LMCache INFO:[0m Stored 384 tokens in 0.003 seconds [3m(lmcache_driven_transfer.py:1218:lmcache.v1.multiprocess.modules.lmcache_driven_transfer)[0m
[32;20m[2026-09-20 14:16:44,952] LMCache INFO:[0m Stored 384 tokens in 0.003 seconds [3m(lmcache_driven_transfer.py:1218:lmcache.v1.multiprocess.modules.lmcache_driven_transfer)[0m
[32;20m[2026-09-20 14:16:45,051] LMCache INFO:[0m Stored 384 tokens in 0.003 seconds [3m(lmcache_driven_transfer.py:1218:lmcache.v1.multiprocess.modules.lmcache_driven_transfer)[0m
[32;20m[2026-09-20 14:16:45,145] LMCache INFO:[0m Stored 384 tokens in 0.003 seconds [3m(lmcache_driven_transfer.py:1218:lmcache.v1.multiprocess.modules.lmcache_driven_transfer)[0m
[32;20m[2026-09-20 14:16:45,246] LMCache INFO:[0m Stored 384 tokens in 0.003 seconds [3m(lmcache_driven_transfer.py:1218:lmcache.v1.multiprocess.modules.lmcache_driven_transfer)[0m
[32;20m[2026-09-20 14:16:45,344] LMCache INFO:[0m Stored 384 tokens in 0.003 seconds [3m(lmcache_driven_transfer.py:1218:lmcache.v1.multiprocess.modules.lmcache_driven_transfer)[0m
[32;20m[2026-09-20 14:16:45,439] LMCache INFO:[0m Stored 384 tokens in 0.003 seconds [3m(lmcache_driven_transfer.py:1218:lmcache.v1.multiprocess.modules.lmcache_driven_transfer)[0m
[32;20m[2026-09-20 14:16:45,486] LMCache INFO:[0m Prefetch request completed (L1+L2): 24/24 retained keys (24 L1, 0 L2) in 1.2 ms (external_request_id=cmpl-985391af6e9a6075-0-9bc602c3, prefetch_request_id=-1) [3m(storage_manager.py:716:lmcache.v1.distributed.storage_manager)[0m
[32;20m[2026-09-20 14:16:45,492] LMCache INFO:[0m Retrieved 384 tokens in 0.002 seconds [3m(lmcache_driven_transfer.py:1427:lmcache.v1.multiprocess.modules.lmcache_driven_transfer)[0m
[32;20m[2026-09-20 14:16:45,548] LMCache INFO:[0m L1 memory usage 0.98 above watermark 0.80; triggering eviction. [3m(eviction_controller.py:179:lmcache.v1.distributed.storage_controllers.eviction_controller)[0m
[32;20m[2026-09-20 14:16:45,621] LMCache INFO:[0m Stored 384 tokens in 0.003 seconds [3m(lmcache_driven_transfer.py:1218:lmcache.v1.multiprocess.modules.lmcache_driven_transfer)[0m
[32;20m[2026-09-20 14:16:45,624] LMCache INFO:[0m Stored 384 tokens in 0.003 seconds [3m(lmcache_driven_transfer.py:1218:lmcache.v1.multiprocess.modules.lmcache_driven_transfer)[0m
[32;20m[2026-09-20 14:16:45,784] LMCache INFO:[0m Stored 384 tokens in 0.003 seconds [3m(lmcache_driven_transfer.py:1218:lmcache.v1.multiprocess.modules.lmcache_driven_transfer)[0m
[32;20m[2026-09-20 14:16:45,882] LMCache INFO:[0m Stored 384 tokens in 0.003 seconds [3m(lmcache_driven_transfer.py:1218:lmcache.v1.multiprocess.modules.lmcache_driven_transfer)[0m
[32;20m[2026-09-20 14:16:45,974] LMCache INFO:[0m Stored 384 tokens in 0.003 seconds [3m(lmcache_driven_transfer.py:1218:lmcache.v1.multiprocess.modules.lmcache_driven_transfer)[0m
[32;20m[2026-09-20 14:16:46,076] LMCache INFO:[0m Stored 384 tokens in 0.003 seconds [3m(lmcache_driven_transfer.py:1218:lmcache.v1.multiprocess.modules.lmcache_driven_transfer)[0m
[32;20m[2026-09-20 14:16:46,175] LMCache INFO:[0m Stored 384 tokens in 0.003 seconds [3m(lmcache_driven_transfer.py:1218:lmcache.v1.multiprocess.modules.lmcache_driven_transfer)[0m
[32;20m[2026-09-20 14:16:46,229] LMCache INFO:[0m Prefetch request completed (L1+L2): 9/23 retained keys (9 L1, 0 L2) in 1.0 ms (external_request_id=cmpl-806bb775ed657b68-0-a3253b33, prefetch_request_id=-1) [3m(storage_manager.py:716:lmcache.v1.distributed.storage_manager)[0m
[32;20m[2026-09-20 14:16:46,234] LMCache INFO:[0m Retrieved 144 tokens in 0.002 seconds [3m(lmcache_driven_transfer.py:1427:lmcache.v1.multiprocess.modules.lmcache_driven_transfer)[0m
[32;20m[2026-09-20 14:16:46,278] LMCache INFO:[0m Stored 224 tokens in 0.002 seconds [3m(lmcache_driven_transfer.py:1218:lmcache.v1.multiprocess.modules.lmcache_driven_transfer)[0m
[32;20m[2026-09-20 14:16:46,358] LMCache INFO:[0m Stored 384 tokens in 0.003 seconds [3m(lmcache_driven_transfer.py:1218:lmcache.v1.multiprocess.modules.lmcache_driven_transfer)[0m
[32;20m[2026-09-20 14:16:46,412] LMCache INFO:[0m Prefetch request completed (L1+L2): 24/24 retained keys (24 L1, 0 L2) in 1.1 ms (external_request_id=cmpl-bd1560d30fc2e4a9-0-81119657, prefetch_request_id=-1) [3m(storage_manager.py:716:lmcache.v1.distributed.storage_manager)[0m
[32;20m[2026-09-20 14:16:46,417] LMCache INFO:[0m Retrieved 384 tokens in 0.002 seconds [3m(lmcache_driven_transfer.py:1427:lmcache.v1.multiprocess.modules.lmcache_driven_transfer)[0m
[32;20m[2026-09-20 14:16:46,516] LMCache INFO:[0m Stored 384 tokens in 0.003 seconds [3m(lmcache_driven_transfer.py:1218:lmcache.v1.multiprocess.modules.lmcache_driven_transfer)[0m
[32;20m[2026-09-20 14:16:46,555] LMCache INFO:[0m L1 memory usage 0.98 above watermark 0.80; triggering eviction. [3m(eviction_controller.py:179:lmcache.v1.distributed.storage_controllers.eviction_controller)[0m
[32;20m[2026-09-20 14:16:46,599] LMCache INFO:[0m Stored 368 tokens in 0.003 seconds [3m(lmcache_driven_transfer.py:1218:lmcache.v1.multiprocess.modules.lmcache_driven_transfer)[0m
[32;20m[2026-09-20 14:16:46,729] LMCache INFO:[0m Stored 384 tokens in 0.003 seconds [3m(lmcache_driven_transfer.py:1218:lmcache.v1.multiprocess.modules.lmcache_driven_transfer)[0m
[32;20m[2026-09-20 14:16:46,813] LMCache INFO:[0m Stored 384 tokens in 0.003 seconds [3m(lmcache_driven_transfer.py:1218:lmcache.v1.multiprocess.modules.lmcache_driven_transfer)[0m
[32;20m[2026-09-20 14:16:46,913] LMCache INFO:[0m Stored 384 tokens in 0.003 seconds [3m(lmcache_driven_transfer.py:1218:lmcache.v1.multiprocess.modules.lmcache_driven_transfer)[0m
[32;20m[2026-09-20 14:16:47,011] LMCache INFO:[0m Stored 384 tokens in 0.003 seconds [3m(lmcache_driven_transfer.py:1218:lmcache.v1.multiprocess.modules.lmcache_driven_transfer)[0m
[32;20m[2026-09-20 14:16:47,111] LMCache INFO:[0m Stored 384 tokens in 0.003 seconds [3m(lmcache_driven_transfer.py:1218:lmcache.v1.multiprocess.modules.lmcache_driven_transfer)[0m
[32;20m[2026-09-20 14:16:47,209] LMCache INFO:[0m Stored 384 tokens in 0.005 seconds [3m(lmcache_driven_transfer.py:1218:lmcache.v1.multiprocess.modules.lmcache_driven_transfer)[0m
[32;20m[2026-09-20 14:16:47,308] LMCache INFO:[0m Stored 384 tokens in 0.003 seconds [3m(lmcache_driven_transfer.py:1218:lmcache.v1.multiprocess.modules.lmcache_driven_transfer)[0m
[32;20m[2026-09-20 14:16:47,400] LMCache INFO:[0m Stored 384 tokens in 0.003 seconds [3m(lmcache_driven_transfer.py:1218:lmcache.v1.multiprocess.modules.lmcache_driven_transfer)[0m
[32;20m[2026-09-20 14:16:47,497] LMCache INFO:[0m Stored 384 tokens in 0.003 seconds [3m(lmcache_driven_transfer.py:1218:lmcache.v1.multiprocess.modules.lmcache_driven_transfer)[0m
[32;20m[2026-09-20 14:16:47,565] LMCache INFO:[0m L1 memory usage 0.99 above watermark 0.80; triggering eviction. [3m(eviction_controller.py:179:lmcache.v1.distributed.storage_controllers.eviction_controller)[0m
[32;20m[2026-09-20 14:16:47,595] LMCache INFO:[0m Stored 384 tokens in 0.003 seconds [3m(lmcache_driven_transfer.py:1218:lmcache.v1.multiprocess.modules.lmcache_driven_transfer)[0m
[32;20m[2026-09-20 14:16:47,647] LMCache INFO:[0m Prefetch request completed (L1+L2): 24/24 retained keys (24 L1, 0 L2) in 1.8 ms (external_request_id=cmpl-bed949a7a86fee2c-0-a7e854ae, prefetch_request_id=-1) [3m(storage_manager.py:716:lmcache.v1.distributed.storage_manager)[0m
[32;20m[2026-09-20 14:16:47,653] LMCache INFO:[0m Retrieved 384 tokens in 0.002 seconds [3m(lmcache_driven_transfer.py:1427:lmcache.v1.multiprocess.modules.lmcache_driven_transfer)[0m
[32;20m[2026-09-20 14:16:47,776] LMCache INFO:[0m Stored 384 tokens in 0.003 seconds [3m(lmcache_driven_transfer.py:1218:lmcache.v1.multiprocess.modules.lmcache_driven_transfer)[0m
[32;20m[2026-09-20 14:16:47,859] LMCache INFO:[0m Stored 368 tokens in 0.003 seconds [3m(lmcache_driven_transfer.py:1218:lmcache.v1.multiprocess.modules.lmcache_driven_transfer)[0m
[32;20m[2026-09-20 14:16:47,963] LMCache INFO:[0m Stored 384 tokens in 0.003 seconds [3m(lmcache_driven_transfer.py:1218:lmcache.v1.multiprocess.modules.lmcache_driven_transfer)[0m
[32;20m[2026-09-20 14:16:48,064] LMCache INFO:[0m Stored 384 tokens in 0.003 seconds [3m(lmcache_driven_transfer.py:1218:lmcache.v1.multiprocess.modules.lmcache_driven_transfer)[0m
[32;20m[2026-09-20 14:16:48,161] LMCache INFO:[0m Stored 368 tokens in 0.003 seconds [3m(lmcache_driven_transfer.py:1218:lmcache.v1.multiprocess.modules.lmcache_driven_transfer)[0m
[32;20m[2026-09-20 14:16:48,208] LMCache INFO:[0m L0<->L1 stats [cuda:0] last 10.0s: store ops=96 tokens=36176 size=1.04GB avg_copy=7.33GB/s | retrieve ops=10 tokens=3536 size=0.10GB avg_copy=4.20GB/s [3m(extra_stats.py:159:lmcache.v1.mp_observability.subscribers.logging.extra_stats)[0m
[32;20m[2026-09-20 14:16:48,209] LMCache INFO:[0m L0<->L1 stats [cuda:0] cumulative: store ops=518 tokens=190704 size=5.47GB avg_copy=6.98GB/s | retrieve ops=137 tokens=51744 size=1.48GB avg_copy=3.97GB/s [3m(extra_stats.py:168:lmcache.v1.mp_observability.subscribers.logging.extra_stats)[0m
[32;20m[2026-09-20 14:16:48,215] LMCache INFO:[0m Prefetch request completed (L1+L2): 23/23 retained keys (23 L1, 0 L2) in 1.2 ms (external_request_id=cmpl-a3fd5d0a118308ba-0-a7072b1c, prefetch_request_id=-1) [3m(storage_manager.py:716:lmcache.v1.distributed.storage_manager)[0m
[32;20m[2026-09-20 14:16:48,221] LMCache INFO:[0m Retrieved 368 tokens in 0.002 seconds [3m(lmcache_driven_transfer.py:1427:lmcache.v1.multiprocess.modules.lmcache_driven_transfer)[0m
[32;20m[2026-09-20 14:16:48,316] LMCache INFO:[0m Stored 384 tokens in 0.003 seconds [3m(lmcache_driven_transfer.py:1218:lmcache.v1.multiprocess.modules.lmcache_driven_transfer)[0m
[32;20m[2026-09-20 14:16:48,408] LMCache INFO:[0m Stored 384 tokens in 0.003 seconds [3m(lmcache_driven_transfer.py:1218:lmcache.v1.multiprocess.modules.lmcache_driven_transfer)[0m
[32;20m[2026-09-20 14:16:48,506] LMCache INFO:[0m Stored 384 tokens in 0.003 seconds [3m(lmcache_driven_transfer.py:1218:lmcache.v1.multiprocess.modules.lmcache_driven_transfer)[0m
[32;20m[2026-09-20 14:16:48,574] LMCache INFO:[0m L1 memory usage: 0.49/0.50 GiB (97.7%) [3m(eviction_controller.py:153:lmcache.v1.distributed.storage_controllers.eviction_controller)[0m
[32;20m[2026-09-20 14:16:48,575] LMCache INFO:[0m L1 memory usage 0.98 above watermark 0.80; triggering eviction. [3m(eviction_controller.py:179:lmcache.v1.distributed.storage_controllers.eviction_controller)[0m
[32;20m[2026-09-20 14:16:48,605] LMCache INFO:[0m Stored 384 tokens in 0.003 seconds [3m(lmcache_driven_transfer.py:1218:lmcache.v1.multiprocess.modules.lmcache_driven_transfer)[0m
[32;20m[2026-09-20 14:16:48,652] LMCache INFO:[0m Prefetch request completed (L1+L2): 24/24 retained keys (24 L1, 0 L2) in 1.1 ms (external_request_id=cmpl-bbab88b64f734929-0-8049d788, prefetch_request_id=-1) [3m(storage_manager.py:716:lmcache.v1.distributed.storage_manager)[0m
[32;20m[2026-09-20 14:16:48,657] LMCache INFO:[0m Retrieved 384 tokens in 0.002 seconds [3m(lmcache_driven_transfer.py:1427:lmcache.v1.multiprocess.modules.lmcache_driven_transfer)[0m
[32;20m[2026-09-20 14:16:48,779] LMCache INFO:[0m Stored 384 tokens in 0.003 seconds [3m(lmcache_driven_transfer.py:1218:lmcache.v1.multiprocess.modules.lmcache_driven_transfer)[0m
[32;20m[2026-09-20 14:16:48,863] LMCache INFO:[0m Stored 384 tokens in 0.003 seconds [3m(lmcache_driven_transfer.py:1218:lmcache.v1.multiprocess.modules.lmcache_driven_transfer)[0m
[32;20m[2026-09-20 14:16:48,965] LMCache INFO:[0m Stored 384 tokens in 0.003 seconds [3m(lmcache_driven_transfer.py:1218:lmcache.v1.multiprocess.modules.lmcache_driven_transfer)[0m
[32;20m[2026-09-20 14:16:49,066] LMCache INFO:[0m Stored 384 tokens in 0.003 seconds [3m(lmcache_driven_transfer.py:1218:lmcache.v1.multiprocess.modules.lmcache_driven_transfer)[0m
[32;20m[2026-09-20 14:16:49,166] LMCache INFO:[0m Stored 384 tokens in 0.003 seconds [3m(lmcache_driven_transfer.py:1218:lmcache.v1.multiprocess.modules.lmcache_driven_transfer)[0m
[32;20m[2026-09-20 14:16:49,262] LMCache INFO:[0m Stored 384 tokens in 0.003 seconds [3m(lmcache_driven_transfer.py:1218:lmcache.v1.multiprocess.modules.lmcache_driven_transfer)[0m
[32;20m[2026-09-20 14:16:49,365] LMCache INFO:[0m Stored 384 tokens in 0.003 seconds [3m(lmcache_driven_transfer.py:1218:lmcache.v1.multiprocess.modules.lmcache_driven_transfer)[0m
[32;20m[2026-09-20 14:16:49,461] LMCache INFO:[0m Stored 384 tokens in 0.003 seconds [3m(lmcache_driven_transfer.py:1218:lmcache.v1.multiprocess.modules.lmcache_driven_transfer)[0m
[32;20m[2026-09-20 14:16:49,560] LMCache INFO:[0m Stored 384 tokens in 0.003 seconds [3m(lmcache_driven_transfer.py:1218:lmcache.v1.multiprocess.modules.lmcache_driven_transfer)[0m
[32;20m[2026-09-20 14:16:49,582] LMCache INFO:[0m L1 memory usage 0.99 above watermark 0.80; triggering eviction. [3m(eviction_controller.py:179:lmcache.v1.distributed.storage_controllers.eviction_controller)[0m
[32;20m[2026-09-20 14:16:49,603] LMCache INFO:[0m Prefetch request completed (L1+L2): 24/24 retained keys (24 L1, 0 L2) in 1.3 ms (external_request_id=cmpl-957217d1e9da84d6-0-9690aedd, prefetch_request_id=-1) [3m(storage_manager.py:716:lmcache.v1.distributed.storage_manager)[0m
[32;20m[2026-09-20 14:16:49,609] LMCache INFO:[0m Retrieved 384 tokens in 0.002 seconds [3m(lmcache_driven_transfer.py:1427:lmcache.v1.multiprocess.modules.lmcache_driven_transfer)[0m
[32;20m[2026-09-20 14:16:49,731] LMCache INFO:[0m Stored 384 tokens in 0.003 seconds [3m(lmcache_driven_transfer.py:1218:lmcache.v1.multiprocess.modules.lmcache_driven_transfer)[0m
[32;20m[2026-09-20 14:16:49,811] LMCache INFO:[0m Stored 384 tokens in 0.003 seconds [3m(lmcache_driven_transfer.py:1218:lmcache.v1.multiprocess.modules.lmcache_driven_transfer)[0m
[32;20m[2026-09-20 14:16:49,910] LMCache INFO:[0m Stored 384 tokens in 0.003 seconds [3m(lmcache_driven_transfer.py:1218:lmcache.v1.multiprocess.modules.lmcache_driven_transfer)[0m
[32;20m[2026-09-20 14:16:50,008] LMCache INFO:[0m Stored 384 tokens in 0.005 seconds [3m(lmcache_driven_transfer.py:1218:lmcache.v1.multiprocess.modules.lmcache_driven_transfer)[0m
[32;20m[2026-09-20 14:16:50,105] LMCache INFO:[0m Stored 384 tokens in 0.003 seconds [3m(lmcache_driven_transfer.py:1218:lmcache.v1.multiprocess.modules.lmcache_driven_transfer)[0m
[32;20m[2026-09-20 14:16:50,205] LMCache INFO:[0m Stored 384 tokens in 0.003 seconds [3m(lmcache_driven_transfer.py:1218:lmcache.v1.multiprocess.modules.lmcache_driven_transfer)[0m
[32;20m[2026-09-20 14:16:50,301] LMCache INFO:[0m Stored 384 tokens in 0.003 seconds [3m(lmcache_driven_transfer.py:1218:lmcache.v1.multiprocess.modules.lmcache_driven_transfer)[0m
[32;20m[2026-09-20 14:16:50,401] LMCache INFO:[0m Stored 384 tokens in 0.003 seconds [3m(lmcache_driven_transfer.py:1218:lmcache.v1.multiprocess.modules.lmcache_driven_transfer)[0m
[32;20m[2026-09-20 14:16:50,495] LMCache INFO:[0m Stored 384 tokens in 0.003 seconds [3m(lmcache_driven_transfer.py:1218:lmcache.v1.multiprocess.modules.lmcache_driven_transfer)[0m
[32;20m[2026-09-20 14:16:50,590] LMCache INFO:[0m L1 memory usage 0.98 above watermark 0.80; triggering eviction. [3m(eviction_controller.py:179:lmcache.v1.distributed.storage_controllers.eviction_controller)[0m
[32;20m[2026-09-20 14:16:50,603] LMCache INFO:[0m Stored 384 tokens in 0.004 seconds [3m(lmcache_driven_transfer.py:1218:lmcache.v1.multiprocess.modules.lmcache_driven_transfer)[0m
[32;20m[2026-09-20 14:16:50,645] LMCache INFO:[0m Prefetch request completed (L1+L2): 24/24 retained keys (24 L1, 0 L2) in 2.4 ms (external_request_id=cmpl-b329714f580f0be2-0-8c73d410, prefetch_request_id=-1) [3m(storage_manager.py:716:lmcache.v1.distributed.storage_manager)[0m
[32;20m[2026-09-20 14:16:50,650] LMCache INFO:[0m Retrieved 384 tokens in 0.003 seconds [3m(lmcache_driven_transfer.py:1427:lmcache.v1.multiprocess.modules.lmcache_driven_transfer)[0m
[32;20m[2026-09-20 14:16:50,773] LMCache INFO:[0m Stored 368 tokens in 0.003 seconds [3m(lmcache_driven_transfer.py:1218:lmcache.v1.multiprocess.modules.lmcache_driven_transfer)[0m
[32;20m[2026-09-20 14:16:50,854] LMCache INFO:[0m Stored 384 tokens in 0.003 seconds [3m(lmcache_driven_transfer.py:1218:lmcache.v1.multiprocess.modules.lmcache_driven_transfer)[0m
[32;20m[2026-09-20 14:16:50,960] LMCache INFO:[0m Stored 384 tokens in 0.003 seconds [3m(lmcache_driven_transfer.py:1218:lmcache.v1.multiprocess.modules.lmcache_driven_transfer)[0m
[32;20m[2026-09-20 14:16:51,061] LMCache INFO:[0m Stored 384 tokens in 0.003 seconds [3m(lmcache_driven_transfer.py:1218:lmcache.v1.multiprocess.modules.lmcache_driven_transfer)[0m
[32;20m[2026-09-20 14:16:51,160] LMCache INFO:[0m Stored 384 tokens in 0.003 seconds [3m(lmcache_driven_transfer.py:1218:lmcache.v1.multiprocess.modules.lmcache_driven_transfer)[0m
[32;20m[2026-09-20 14:16:51,258] LMCache INFO:[0m Stored 384 tokens in 0.003 seconds [3m(lmcache_driven_transfer.py:1218:lmcache.v1.multiprocess.modules.lmcache_driven_transfer)[0m
[32;20m[2026-09-20 14:16:51,359] LMCache INFO:[0m Stored 384 tokens in 0.003 seconds [3m(lmcache_driven_transfer.py:1218:lmcache.v1.multiprocess.modules.lmcache_driven_transfer)[0m
[32;20m[2026-09-20 14:16:51,459] LMCache INFO:[0m Stored 384 tokens in 0.003 seconds [3m(lmcache_driven_transfer.py:1218:lmcache.v1.multiprocess.modules.lmcache_driven_transfer)[0m
[32;20m[2026-09-20 14:16:51,551] LMCache INFO:[0m Stored 384 tokens in 0.003 seconds [3m(lmcache_driven_transfer.py:1218:lmcache.v1.multiprocess.modules.lmcache_driven_transfer)[0m
[32;20m[2026-09-20 14:16:51,601] LMCache INFO:[0m L1 memory usage 0.99 above watermark 0.80; triggering eviction. [3m(eviction_controller.py:179:lmcache.v1.distributed.storage_controllers.eviction_controller)[0m
[32;20m[2026-09-20 14:16:51,611] LMCache INFO:[0m Prefetch request completed (L1+L2): 24/24 retained keys (24 L1, 0 L2) in 2.2 ms (external_request_id=cmpl-866e8c06dad3faf7-0-bbddcf90, prefetch_request_id=-1) [3m(storage_manager.py:716:lmcache.v1.distributed.storage_manager)[0m
[32;20m[2026-09-20 14:16:51,617] LMCache INFO:[0m Retrieved 384 tokens in 0.002 seconds [3m(lmcache_driven_transfer.py:1427:lmcache.v1.multiprocess.modules.lmcache_driven_transfer)[0m
[32;20m[2026-09-20 14:16:51,743] LMCache INFO:[0m Stored 384 tokens in 0.003 seconds [3m(lmcache_driven_transfer.py:1218:lmcache.v1.multiprocess.modules.lmcache_driven_transfer)[0m
[32;20m[2026-09-20 14:16:51,827] LMCache INFO:[0m Stored 384 tokens in 0.004 seconds [3m(lmcache_driven_transfer.py:1218:lmcache.v1.multiprocess.modules.lmcache_driven_transfer)[0m
[32;20m[2026-09-20 14:16:51,925] LMCache INFO:[0m Stored 384 tokens in 0.003 seconds [3m(lmcache_driven_transfer.py:1218:lmcache.v1.multiprocess.modules.lmcache_driven_transfer)[0m
[32;20m[2026-09-20 14:16:52,026] LMCache INFO:[0m Stored 384 tokens in 0.003 seconds [3m(lmcache_driven_transfer.py:1218:lmcache.v1.multiprocess.modules.lmcache_driven_transfer)[0m
[32;20m[2026-09-20 14:16:52,122] LMCache INFO:[0m Stored 384 tokens in 0.003 seconds [3m(lmcache_driven_transfer.py:1218:lmcache.v1.multiprocess.modules.lmcache_driven_transfer)[0m
[32;20m[2026-09-20 14:16:52,218] LMCache INFO:[0m Stored 384 tokens in 0.003 seconds [3m(lmcache_driven_transfer.py:1218:lmcache.v1.multiprocess.modules.lmcache_driven_transfer)[0m
[32;20m[2026-09-20 14:16:52,318] LMCache INFO:[0m Stored 384 tokens in 0.003 seconds [3m(lmcache_driven_transfer.py:1218:lmcache.v1.multiprocess.modules.lmcache_driven_transfer)[0m
[32;20m[2026-09-20 14:16:52,421] LMCache INFO:[0m Stored 384 tokens in 0.003 seconds [3m(lmcache_driven_transfer.py:1218:lmcache.v1.multiprocess.modules.lmcache_driven_transfer)[0m
[32;20m[2026-09-20 14:16:52,521] LMCache INFO:[0m Stored 384 tokens in 0.003 seconds [3m(lmcache_driven_transfer.py:1218:lmcache.v1.multiprocess.modules.lmcache_driven_transfer)[0m
[32;20m[2026-09-20 14:16:52,609] LMCache INFO:[0m L1 memory usage 0.98 above watermark 0.80; triggering eviction. [3m(eviction_controller.py:179:lmcache.v1.distributed.storage_controllers.eviction_controller)[0m
[32;20m[2026-09-20 14:16:52,622] LMCache INFO:[0m Stored 384 tokens in 0.003 seconds [3m(lmcache_driven_transfer.py:1218:lmcache.v1.multiprocess.modules.lmcache_driven_transfer)[0m
[32;20m[2026-09-20 14:16:52,668] LMCache INFO:[0m Prefetch request completed (L1+L2): 24/24 retained keys (24 L1, 0 L2) in 1.0 ms (external_request_id=cmpl-b4e6754de5bf854e-0-aa53ce90, prefetch_request_id=-1) [3m(storage_manager.py:716:lmcache.v1.distributed.storage_manager)[0m
[32;20m[2026-09-20 14:16:52,674] LMCache INFO:[0m Retrieved 384 tokens in 0.002 seconds [3m(lmcache_driven_transfer.py:1427:lmcache.v1.multiprocess.modules.lmcache_driven_transfer)[0m
[32;20m[2026-09-20 14:16:52,797] LMCache INFO:[0m Stored 384 tokens in 0.003 seconds [3m(lmcache_driven_transfer.py:1218:lmcache.v1.multiprocess.modules.lmcache_driven_transfer)[0m
[32;20m[2026-09-20 14:16:52,883] LMCache INFO:[0m Stored 384 tokens in 0.003 seconds [3m(lmcache_driven_transfer.py:1218:lmcache.v1.multiprocess.modules.lmcache_driven_transfer)[0m
[32;20m[2026-09-20 14:16:52,984] LMCache INFO:[0m Stored 384 tokens in 0.003 seconds [3m(lmcache_driven_transfer.py:1218:lmcache.v1.multiprocess.modules.lmcache_driven_transfer)[0m
[32;20m[2026-09-20 14:16:53,090] LMCache INFO:[0m Stored 384 tokens in 0.003 seconds [3m(lmcache_driven_transfer.py:1218:lmcache.v1.multiprocess.modules.lmcache_driven_transfer)[0m
[32;20m[2026-09-20 14:16:53,189] LMCache INFO:[0m Stored 384 tokens in 0.003 seconds [3m(lmcache_driven_transfer.py:1218:lmcache.v1.multiprocess.modules.lmcache_driven_transfer)[0m
[32;20m[2026-09-20 14:16:53,288] LMCache INFO:[0m Stored 384 tokens in 0.003 seconds [3m(lmcache_driven_transfer.py:1218:lmcache.v1.multiprocess.modules.lmcache_driven_transfer)[0m
[32;20m[2026-09-20 14:16:53,389] LMCache INFO:[0m Stored 384 tokens in 0.003 seconds [3m(lmcache_driven_transfer.py:1218:lmcache.v1.multiprocess.modules.lmcache_driven_transfer)[0m
[32;20m[2026-09-20 14:16:53,491] LMCache INFO:[0m Stored 384 tokens in 0.004 seconds [3m(lmcache_driven_transfer.py:1218:lmcache.v1.multiprocess.modules.lmcache_driven_transfer)[0m
[32;20m[2026-09-20 14:16:53,589] LMCache INFO:[0m Stored 384 tokens in 0.003 seconds [3m(lmcache_driven_transfer.py:1218:lmcache.v1.multiprocess.modules.lmcache_driven_transfer)[0m
[32;20m[2026-09-20 14:16:53,618] LMCache INFO:[0m L1 memory usage 0.99 above watermark 0.80; triggering eviction. [3m(eviction_controller.py:179:lmcache.v1.distributed.storage_controllers.eviction_controller)[0m
[32;20m[2026-09-20 14:16:53,686] LMCache INFO:[0m Stored 384 tokens in 0.003 seconds [3m(lmcache_driven_transfer.py:1218:lmcache.v1.multiprocess.modules.lmcache_driven_transfer)[0m
[32;20m[2026-09-20 14:16:53,737] LMCache INFO:[0m Prefetch request completed (L1+L2): 24/24 retained keys (24 L1, 0 L2) in 1.4 ms (external_request_id=cmpl-a9f4a06960e43ca0-0-adfd3299, prefetch_request_id=-1) [3m(storage_manager.py:716:lmcache.v1.distributed.storage_manager)[0m
[32;20m[2026-09-20 14:16:53,744] LMCache INFO:[0m Retrieved 384 tokens in 0.004 seconds [3m(lmcache_driven_transfer.py:1427:lmcache.v1.multiprocess.modules.lmcache_driven_transfer)[0m
[32;20m[2026-09-20 14:16:53,870] LMCache INFO:[0m Stored 384 tokens in 0.003 seconds [3m(lmcache_driven_transfer.py:1218:lmcache.v1.multiprocess.modules.lmcache_driven_transfer)[0m
[32;20m[2026-09-20 14:16:53,954] LMCache INFO:[0m Stored 384 tokens in 0.003 seconds [3m(lmcache_driven_transfer.py:1218:lmcache.v1.multiprocess.modules.lmcache_driven_transfer)[0m
[32;20m[2026-09-20 14:16:54,059] LMCache INFO:[0m Stored 384 tokens in 0.003 seconds [3m(lmcache_driven_transfer.py:1218:lmcache.v1.multiprocess.modules.lmcache_driven_transfer)[0m
[32;20m[2026-09-20 14:16:54,157] LMCache INFO:[0m Stored 384 tokens in 0.003 seconds [3m(lmcache_driven_transfer.py:1218:lmcache.v1.multiprocess.modules.lmcache_driven_transfer)[0m
[32;20m[2026-09-20 14:16:54,256] LMCache INFO:[0m Stored 384 tokens in 0.003 seconds [3m(lmcache_driven_transfer.py:1218:lmcache.v1.multiprocess.modules.lmcache_driven_transfer)[0m
[32;20m[2026-09-20 14:16:54,373] LMCache INFO:[0m Stored 384 tokens in 0.004 seconds [3m(lmcache_driven_transfer.py:1218:lmcache.v1.multiprocess.modules.lmcache_driven_transfer)[0m
[32;20m[2026-09-20 14:16:54,460] LMCache INFO:[0m Stored 384 tokens in 0.003 seconds [3m(lmcache_driven_transfer.py:1218:lmcache.v1.multiprocess.modules.lmcache_driven_transfer)[0m
[32;20m[2026-09-20 14:16:54,558] LMCache INFO:[0m Stored 384 tokens in 0.003 seconds [3m(lmcache_driven_transfer.py:1218:lmcache.v1.multiprocess.modules.lmcache_driven_transfer)[0m
[32;20m[2026-09-20 14:16:54,626] LMCache INFO:[0m L1 memory usage 0.98 above watermark 0.80; triggering eviction. [3m(eviction_controller.py:179:lmcache.v1.distributed.storage_controllers.eviction_controller)[0m
[32;20m[2026-09-20 14:16:54,662] LMCache INFO:[0m Stored 384 tokens in 0.003 seconds [3m(lmcache_driven_transfer.py:1218:lmcache.v1.multiprocess.modules.lmcache_driven_transfer)[0m
[32;20m[2026-09-20 14:16:54,757] LMCache INFO:[0m Stored 384 tokens in 0.003 seconds [3m(lmcache_driven_transfer.py:1218:lmcache.v1.multiprocess.modules.lmcache_driven_transfer)[0m
[32;20m[2026-09-20 14:16:54,810] LMCache INFO:[0m Prefetch request completed (L1+L2): 24/24 retained keys (24 L1, 0 L2) in 1.0 ms (external_request_id=cmpl-abb9590e904fd4cb-0-a2f42faf, prefetch_request_id=-1) [3m(storage_manager.py:716:lmcache.v1.distributed.storage_manager)[0m
[32;20m[2026-09-20 14:16:54,815] LMCache INFO:[0m Retrieved 384 tokens in 0.002 seconds [3m(lmcache_driven_transfer.py:1427:lmcache.v1.multiprocess.modules.lmcache_driven_transfer)[0m
[32;20m[2026-09-20 14:16:54,942] LMCache INFO:[0m Stored 368 tokens in 0.003 seconds [3m(lmcache_driven_transfer.py:1218:lmcache.v1.multiprocess.modules.lmcache_driven_transfer)[0m
[32;20m[2026-09-20 14:16:55,029] LMCache INFO:[0m Stored 384 tokens in 0.003 seconds [3m(lmcache_driven_transfer.py:1218:lmcache.v1.multiprocess.modules.lmcache_driven_transfer)[0m
[32;20m[2026-09-20 14:16:55,131] LMCache INFO:[0m Stored 384 tokens in 0.003 seconds [3m(lmcache_driven_transfer.py:1218:lmcache.v1.multiprocess.modules.lmcache_driven_transfer)[0m
[32;20m[2026-09-20 14:16:55,235] LMCache INFO:[0m Stored 384 tokens in 0.003 seconds [3m(lmcache_driven_transfer.py:1218:lmcache.v1.multiprocess.modules.lmcache_driven_transfer)[0m
[32;20m[2026-09-20 14:16:55,336] LMCache INFO:[0m Stored 384 tokens in 0.003 seconds [3m(lmcache_driven_transfer.py:1218:lmcache.v1.multiprocess.modules.lmcache_driven_transfer)[0m
[32;20m[2026-09-20 14:16:55,438] LMCache INFO:[0m Stored 384 tokens in 0.004 seconds [3m(lmcache_driven_transfer.py:1218:lmcache.v1.multiprocess.modules.lmcache_driven_transfer)[0m
[32;20m[2026-09-20 14:16:55,534] LMCache INFO:[0m Stored 384 tokens in 0.003 seconds [3m(lmcache_driven_transfer.py:1218:lmcache.v1.multiprocess.modules.lmcache_driven_transfer)[0m
[32;20m[2026-09-20 14:16:55,635] LMCache INFO:[0m L1 memory usage 0.99 above watermark 0.80; triggering eviction. [3m(eviction_controller.py:179:lmcache.v1.distributed.storage_controllers.eviction_controller)[0m
[32;20m[2026-09-20 14:16:55,644] LMCache INFO:[0m Stored 384 tokens in 0.010 seconds [3m(lmcache_driven_transfer.py:1218:lmcache.v1.multiprocess.modules.lmcache_driven_transfer)[0m
[32;20m[2026-09-20 14:16:55,733] LMCache INFO:[0m Stored 240 tokens in 0.003 seconds [3m(lmcache_driven_transfer.py:1218:lmcache.v1.multiprocess.modules.lmcache_driven_transfer)[0m
[32;20m[2026-09-20 14:16:55,748] LMCache INFO:[0m Prefetch request completed (L1+L2): 24/24 retained keys (24 L1, 0 L2) in 1.1 ms (external_request_id=cmpl-a23f9bf5b9b84d7c-0-ab72d0e7, prefetch_request_id=-1) [3m(storage_manager.py:716:lmcache.v1.distributed.storage_manager)[0m
[32;20m[2026-09-20 14:16:55,754] LMCache INFO:[0m Retrieved 384 tokens in 0.002 seconds [3m(lmcache_driven_transfer.py:1427:lmcache.v1.multiprocess.modules.lmcache_driven_transfer)[0m
[32;20m[2026-09-20 14:16:55,882] LMCache INFO:[0m Stored 384 tokens in 0.005 seconds [3m(lmcache_driven_transfer.py:1218:lmcache.v1.multiprocess.modules.lmcache_driven_transfer)[0m
[32;20m[2026-09-20 14:16:55,965] LMCache INFO:[0m Stored 384 tokens in 0.003 seconds [3m(lmcache_driven_transfer.py:1218:lmcache.v1.multiprocess.modules.lmcache_driven_transfer)[0m
[32;20m[2026-09-20 14:16:56,068] LMCache INFO:[0m Stored 384 tokens in 0.003 seconds [3m(lmcache_driven_transfer.py:1218:lmcache.v1.multiprocess.modules.lmcache_driven_transfer)[0m
[32;20m[2026-09-20 14:16:56,169] LMCache INFO:[0m Stored 384 tokens in 0.003 seconds [3m(lmcache_driven_transfer.py:1218:lmcache.v1.multiprocess.modules.lmcache_driven_transfer)[0m
[32;20m[2026-09-20 14:16:56,268] LMCache INFO:[0m Stored 384 tokens in 0.003 seconds [3m(lmcache_driven_transfer.py:1218:lmcache.v1.multiprocess.modules.lmcache_driven_transfer)[0m
[32;20m[2026-09-20 14:16:56,369] LMCache INFO:[0m Stored 384 tokens in 0.003 seconds [3m(lmcache_driven_transfer.py:1218:lmcache.v1.multiprocess.modules.lmcache_driven_transfer)[0m
[32;20m[2026-09-20 14:16:56,470] LMCache INFO:[0m Stored 384 tokens in 0.003 seconds [3m(lmcache_driven_transfer.py:1218:lmcache.v1.multiprocess.modules.lmcache_driven_transfer)[0m
[32;20m[2026-09-20 14:16:56,565] LMCache INFO:[0m Stored 176 tokens in 0.002 seconds [3m(lmcache_driven_transfer.py:1218:lmcache.v1.multiprocess.modules.lmcache_driven_transfer)[0m
[32;20m[2026-09-20 14:16:56,623] LMCache INFO:[0m Stored 384 tokens in 0.003 seconds [3m(lmcache_driven_transfer.py:1218:lmcache.v1.multiprocess.modules.lmcache_driven_transfer)[0m
[32;20m[2026-09-20 14:16:56,644] LMCache INFO:[0m L1 memory usage 0.98 above watermark 0.80; triggering eviction. [3m(eviction_controller.py:179:lmcache.v1.distributed.storage_controllers.eviction_controller)[0m
[32;20m[2026-09-20 14:16:56,726] LMCache INFO:[0m Stored 384 tokens in 0.003 seconds [3m(lmcache_driven_transfer.py:1218:lmcache.v1.multiprocess.modules.lmcache_driven_transfer)[0m
[32;20m[2026-09-20 14:16:56,781] LMCache INFO:[0m Prefetch request completed (L1+L2): 24/24 retained keys (24 L1, 0 L2) in 1.1 ms (external_request_id=cmpl-be62723b1422e94b-0-8d4924a2, prefetch_request_id=-1) [3m(storage_manager.py:716:lmcache.v1.distributed.storage_manager)[0m
[32;20m[2026-09-20 14:16:56,787] LMCache INFO:[0m Retrieved 384 tokens in 0.002 seconds [3m(lmcache_driven_transfer.py:1427:lmcache.v1.multiprocess.modules.lmcache_driven_transfer)[0m
[32;20m[2026-09-20 14:16:56,911] LMCache INFO:[0m Stored 384 tokens in 0.003 seconds [3m(lmcache_driven_transfer.py:1218:lmcache.v1.multiprocess.modules.lmcache_driven_transfer)[0m
[32;20m[2026-09-20 14:16:56,992] LMCache INFO:[0m Stored 384 tokens in 0.003 seconds [3m(lmcache_driven_transfer.py:1218:lmcache.v1.multiprocess.modules.lmcache_driven_transfer)[0m
[32;20m[2026-09-20 14:16:57,103] LMCache INFO:[0m Stored 384 tokens in 0.003 seconds [3m(lmcache_driven_transfer.py:1218:lmcache.v1.multiprocess.modules.lmcache_driven_transfer)[0m
[32;20m[2026-09-20 14:16:57,202] LMCache INFO:[0m Stored 384 tokens in 0.003 seconds [3m(lmcache_driven_transfer.py:1218:lmcache.v1.multiprocess.modules.lmcache_driven_transfer)[0m
[32;20m[2026-09-20 14:16:57,307] LMCache INFO:[0m Stored 384 tokens in 0.003 seconds [3m(lmcache_driven_transfer.py:1218:lmcache.v1.multiprocess.modules.lmcache_driven_transfer)[0m
[32;20m[2026-09-20 14:16:57,403] LMCache INFO:[0m Stored 384 tokens in 0.003 seconds [3m(lmcache_driven_transfer.py:1218:lmcache.v1.multiprocess.modules.lmcache_driven_transfer)[0m
[32;20m[2026-09-20 14:16:57,500] LMCache INFO:[0m Stored 384 tokens in 0.003 seconds [3m(lmcache_driven_transfer.py:1218:lmcache.v1.multiprocess.modules.lmcache_driven_transfer)[0m
[32;20m[2026-09-20 14:16:57,598] LMCache INFO:[0m Stored 384 tokens in 0.003 seconds [3m(lmcache_driven_transfer.py:1218:lmcache.v1.multiprocess.modules.lmcache_driven_transfer)[0m
[32;20m[2026-09-20 14:16:57,650] LMCache INFO:[0m L1 memory usage 0.97 above watermark 0.80; triggering eviction. [3m(eviction_controller.py:179:lmcache.v1.distributed.storage_controllers.eviction_controller)[0m
[32;20m[2026-09-20 14:16:57,707] LMCache INFO:[0m Stored 384 tokens in 0.004 seconds [3m(lmcache_driven_transfer.py:1218:lmcache.v1.multiprocess.modules.lmcache_driven_transfer)[0m
[32;20m[2026-09-20 14:16:57,753] LMCache INFO:[0m Prefetch request completed (L1+L2): 24/24 retained keys (24 L1, 0 L2) in 1.1 ms (external_request_id=cmpl-8a091b1d162dda9b-0-951cf9cf, prefetch_request_id=-1) [3m(storage_manager.py:716:lmcache.v1.distributed.storage_manager)[0m
[32;20m[2026-09-20 14:16:57,759] LMCache INFO:[0m Retrieved 384 tokens in 0.002 seconds [3m(lmcache_driven_transfer.py:1427:lmcache.v1.multiprocess.modules.lmcache_driven_transfer)[0m
[32;20m[2026-09-20 14:16:57,889] LMCache INFO:[0m Stored 384 tokens in 0.003 seconds [3m(lmcache_driven_transfer.py:1218:lmcache.v1.multiprocess.modules.lmcache_driven_transfer)[0m
[32;20m[2026-09-20 14:16:57,974] LMCache INFO:[0m Stored 384 tokens in 0.003 seconds [3m(lmcache_driven_transfer.py:1218:lmcache.v1.multiprocess.modules.lmcache_driven_transfer)[0m
[32;20m[2026-09-20 14:16:58,082] LMCache INFO:[0m Stored 384 tokens in 0.004 seconds [3m(lmcache_driven_transfer.py:1218:lmcache.v1.multiprocess.modules.lmcache_driven_transfer)[0m
[32;20m[2026-09-20 14:16:58,178] LMCache INFO:[0m Stored 384 tokens in 0.003 seconds [3m(lmcache_driven_transfer.py:1218:lmcache.v1.multiprocess.modules.lmcache_driven_transfer)[0m
[32;20m[2026-09-20 14:16:58,231] LMCache INFO:[0m L0<->L1 stats [cuda:0] last 10.0s: store ops=94 tokens=35696 size=1.02GB avg_copy=7.06GB/s | retrieve ops=11 tokens=4208 size=0.12GB avg_copy=4.05GB/s [3m(extra_stats.py:159:lmcache.v1.mp_observability.subscribers.logging.extra_stats)[0m
[32;20m[2026-09-20 14:16:58,231] LMCache INFO:[0m L0<->L1 stats [cuda:0] cumulative: store ops=612 tokens=226400 size=6.49GB avg_copy=6.99GB/s | retrieve ops=148 tokens=55952 size=1.60GB avg_copy=3.98GB/s [3m(extra_stats.py:168:lmcache.v1.mp_observability.subscribers.logging.extra_stats)[0m
[32;20m[2026-09-20 14:16:58,281] LMCache INFO:[0m Stored 384 tokens in 0.003 seconds [3m(lmcache_driven_transfer.py:1218:lmcache.v1.multiprocess.modules.lmcache_driven_transfer)[0m
[32;20m[2026-09-20 14:16:58,382] LMCache INFO:[0m Stored 384 tokens in 0.004 seconds [3m(lmcache_driven_transfer.py:1218:lmcache.v1.multiprocess.modules.lmcache_driven_transfer)[0m
[32;20m[2026-09-20 14:16:58,485] LMCache INFO:[0m Stored 384 tokens in 0.003 seconds [3m(lmcache_driven_transfer.py:1218:lmcache.v1.multiprocess.modules.lmcache_driven_transfer)[0m
[32;20m[2026-09-20 14:16:58,588] LMCache INFO:[0m Stored 384 tokens in 0.003 seconds [3m(lmcache_driven_transfer.py:1218:lmcache.v1.multiprocess.modules.lmcache_driven_transfer)[0m
[32;20m[2026-09-20 14:16:58,662] LMCache INFO:[0m L1 memory usage: 0.48/0.50 GiB (96.4%) [3m(eviction_controller.py:153:lmcache.v1.distributed.storage_controllers.eviction_controller)[0m
[32;20m[2026-09-20 14:16:58,662] LMCache INFO:[0m L1 memory usage 0.96 above watermark 0.80; triggering eviction. [3m(eviction_controller.py:179:lmcache.v1.distributed.storage_controllers.eviction_controller)[0m
[32;20m[2026-09-20 14:16:58,690] LMCache INFO:[0m Stored 384 tokens in 0.003 seconds [3m(lmcache_driven_transfer.py:1218:lmcache.v1.multiprocess.modules.lmcache_driven_transfer)[0m
[32;20m[2026-09-20 14:16:58,739] LMCache INFO:[0m Prefetch request completed (L1+L2): 24/24 retained keys (24 L1, 0 L2) in 2.7 ms (external_request_id=cmpl-a226580641751411-0-ab764988, prefetch_request_id=-1) [3m(storage_manager.py:716:lmcache.v1.distributed.storage_manager)[0m
[32;20m[2026-09-20 14:16:58,744] LMCache INFO:[0m Retrieved 384 tokens in 0.002 seconds [3m(lmcache_driven_transfer.py:1427:lmcache.v1.multiprocess.modules.lmcache_driven_transfer)[0m
[32;20m[2026-09-20 14:16:58,828] LMCache INFO:[0m Prefetch request completed (L1+L2): 24/24 retained keys (24 L1, 0 L2) in 1.1 ms (external_request_id=cmpl-b827d4e8c5b2452f-0-9cdd0cd7, prefetch_request_id=-1) [3m(storage_manager.py:716:lmcache.v1.distributed.storage_manager)[0m
[32;20m[2026-09-20 14:16:58,835] LMCache INFO:[0m Retrieved 384 tokens in 0.004 seconds [3m(lmcache_driven_transfer.py:1427:lmcache.v1.multiprocess.modules.lmcache_driven_transfer)[0m
[32;20m[2026-09-20 14:16:58,879] LMCache INFO:[0m Stored 368 tokens in 0.003 seconds [3m(lmcache_driven_transfer.py:1218:lmcache.v1.multiprocess.modules.lmcache_driven_transfer)[0m
[32;20m[2026-09-20 14:16:58,968] LMCache INFO:[0m Prefetch request completed (L1+L2): 14/24 retained keys (14 L1, 0 L2) in 1.1 ms (external_request_id=cmpl-8bde1fa46c5369e7-0-a9d6550d, prefetch_request_id=-1) [3m(storage_manager.py:716:lmcache.v1.distributed.storage_manager)[0m
[32;20m[2026-09-20 14:16:58,973] LMCache INFO:[0m Retrieved 224 tokens in 0.002 seconds [3m(lmcache_driven_transfer.py:1427:lmcache.v1.multiprocess.modules.lmcache_driven_transfer)[0m
[32;20m[2026-09-20 14:16:59,019] LMCache INFO:[0m Stored 160 tokens in 0.002 seconds [3m(lmcache_driven_transfer.py:1218:lmcache.v1.multiprocess.modules.lmcache_driven_transfer)[0m
[32;20m[2026-09-20 14:16:59,039] LMCache INFO:[0m Prefetch request completed (L1+L2): 24/24 retained keys (24 L1, 0 L2) in 1.0 ms (external_request_id=cmpl-ba847fff32d0c7cc-0-9530f62c, prefetch_request_id=-1) [3m(storage_manager.py:716:lmcache.v1.distributed.storage_manager)[0m
[32;20m[2026-09-20 14:16:59,044] LMCache INFO:[0m Retrieved 384 tokens in 0.003 seconds [3m(lmcache_driven_transfer.py:1427:lmcache.v1.multiprocess.modules.lmcache_driven_transfer)[0m
[32;20m[2026-09-20 14:16:59,403] LMCache INFO:[0m Stored 384 tokens in 0.271 seconds [3m(lmcache_driven_transfer.py:1218:lmcache.v1.multiprocess.modules.lmcache_driven_transfer)[0m
[32;20m[2026-09-20 14:16:59,404] LMCache INFO:[0m Prefetch request completed (L1+L2): 24/24 retained keys (24 L1, 0 L2) in 1.5 ms (external_request_id=cmpl-b8c6b35b9dd8f7ea-0-95f14b0f, prefetch_request_id=-1) [3m(storage_manager.py:716:lmcache.v1.distributed.storage_manager)[0m
[32;20m[2026-09-20 14:16:59,410] LMCache INFO:[0m Retrieved 384 tokens in 0.002 seconds [3m(lmcache_driven_transfer.py:1427:lmcache.v1.multiprocess.modules.lmcache_driven_transfer)[0m
[32;20m[2026-09-20 14:16:59,509] LMCache INFO:[0m Stored 384 tokens in 0.004 seconds [3m(lmcache_driven_transfer.py:1218:lmcache.v1.multiprocess.modules.lmcache_driven_transfer)[0m
[32;20m[2026-09-20 14:16:59,598] LMCache INFO:[0m Stored 384 tokens in 0.003 seconds [3m(lmcache_driven_transfer.py:1218:lmcache.v1.multiprocess.modules.lmcache_driven_transfer)[0m
[32;20m[2026-09-20 14:16:59,669] LMCache INFO:[0m L1 memory usage 0.88 above watermark 0.80; triggering eviction. [3m(eviction_controller.py:179:lmcache.v1.distributed.storage_controllers.eviction_controller)[0m
[32;20m[2026-09-20 14:16:59,702] LMCache INFO:[0m Stored 384 tokens in 0.003 seconds [3m(lmcache_driven_transfer.py:1218:lmcache.v1.multiprocess.modules.lmcache_driven_transfer)[0m
[32;20m[2026-09-20 14:16:59,749] LMCache INFO:[0m Prefetch request completed (L1+L2): 24/24 retained keys (24 L1, 0 L2) in 1.9 ms (external_request_id=cmpl-87a405a4eb74914b-0-862485e7, prefetch_request_id=-1) [3m(storage_manager.py:716:lmcache.v1.distributed.storage_manager)[0m
[32;20m[2026-09-20 14:16:59,756] LMCache INFO:[0m Retrieved 384 tokens in 0.003 seconds [3m(lmcache_driven_transfer.py:1427:lmcache.v1.multiprocess.modules.lmcache_driven_transfer)[0m
[32;20m[2026-09-20 14:16:59,883] LMCache INFO:[0m Stored 384 tokens in 0.004 seconds [3m(lmcache_driven_transfer.py:1218:lmcache.v1.multiprocess.modules.lmcache_driven_transfer)[0m
[32;20m[2026-09-20 14:16:59,968] LMCache INFO:[0m Stored 384 tokens in 0.003 seconds [3m(lmcache_driven_transfer.py:1218:lmcache.v1.multiprocess.modules.lmcache_driven_transfer)[0m
[32;20m[2026-09-20 14:17:00,072] LMCache INFO:[0m Stored 368 tokens in 0.003 seconds [3m(lmcache_driven_transfer.py:1218:lmcache.v1.multiprocess.modules.lmcache_driven_transfer)[0m
[32;20m[2026-09-20 14:17:00,171] LMCache INFO:[0m Stored 384 tokens in 0.003 seconds [3m(lmcache_driven_transfer.py:1218:lmcache.v1.multiprocess.modules.lmcache_driven_transfer)[0m
[32;20m[2026-09-20 14:17:00,269] LMCache INFO:[0m Stored 384 tokens in 0.003 seconds [3m(lmcache_driven_transfer.py:1218:lmcache.v1.multiprocess.modules.lmcache_driven_transfer)[0m
[32;20m[2026-09-20 14:17:00,369] LMCache INFO:[0m Stored 384 tokens in 0.003 seconds [3m(lmcache_driven_transfer.py:1218:lmcache.v1.multiprocess.modules.lmcache_driven_transfer)[0m
[32;20m[2026-09-20 14:17:00,466] LMCache INFO:[0m Stored 384 tokens in 0.003 seconds [3m(lmcache_driven_transfer.py:1218:lmcache.v1.multiprocess.modules.lmcache_driven_transfer)[0m
[32;20m[2026-09-20 14:17:00,570] LMCache INFO:[0m Stored 384 tokens in 0.003 seconds [3m(lmcache_driven_transfer.py:1218:lmcache.v1.multiprocess.modules.lmcache_driven_transfer)[0m
[32;20m[2026-09-20 14:17:00,672] LMCache INFO:[0m Stored 336 tokens in 0.003 seconds [3m(lmcache_driven_transfer.py:1218:lmcache.v1.multiprocess.modules.lmcache_driven_transfer)[0m
[32;20m[2026-09-20 14:17:00,677] LMCache INFO:[0m L1 memory usage 0.91 above watermark 0.80; triggering eviction. [3m(eviction_controller.py:179:lmcache.v1.distributed.storage_controllers.eviction_controller)[0m
[32;20m[2026-09-20 14:17:00,717] LMCache INFO:[0m Prefetch request completed (L1+L2): 24/24 retained keys (24 L1, 0 L2) in 3.0 ms (external_request_id=cmpl-a480c45a65488d89-0-b977dd93, prefetch_request_id=-1) [3m(storage_manager.py:716:lmcache.v1.distributed.storage_manager)[0m
[32;20m[2026-09-20 14:17:00,722] LMCache INFO:[0m Retrieved 384 tokens in 0.003 seconds [3m(lmcache_driven_transfer.py:1427:lmcache.v1.multiprocess.modules.lmcache_driven_transfer)[0m
[32;20m[2026-09-20 14:17:00,805] LMCache INFO:[0m Prefetch request completed (L1+L2): 24/24 retained keys (24 L1, 0 L2) in 1.2 ms (external_request_id=cmpl-ba1f62595d858927-0-a0f6bb59, prefetch_request_id=-1) [3m(storage_manager.py:716:lmcache.v1.distributed.storage_manager)[0m
[32;20m[2026-09-20 14:17:00,811] LMCache INFO:[0m Retrieved 384 tokens in 0.004 seconds [3m(lmcache_driven_transfer.py:1427:lmcache.v1.multiprocess.modules.lmcache_driven_transfer)[0m
[32;20m[2026-09-20 14:17:00,854] LMCache INFO:[0m Stored 384 tokens in 0.003 seconds [3m(lmcache_driven_transfer.py:1218:lmcache.v1.multiprocess.modules.lmcache_driven_transfer)[0m
[32;20m[2026-09-20 14:17:00,982] LMCache INFO:[0m Stored 384 tokens in 0.003 seconds [3m(lmcache_driven_transfer.py:1218:lmcache.v1.multiprocess.modules.lmcache_driven_transfer)[0m
[32;20m[2026-09-20 14:17:01,033] LMCache INFO:[0m Prefetch request completed (L1+L2): 24/24 retained keys (24 L1, 0 L2) in 1.0 ms (external_request_id=cmpl-92810668d18cb53f-0-b958bd6a, prefetch_request_id=-1) [3m(storage_manager.py:716:lmcache.v1.distributed.storage_manager)[0m
[32;20m[2026-09-20 14:17:01,038] LMCache INFO:[0m Retrieved 384 tokens in 0.002 seconds [3m(lmcache_driven_transfer.py:1427:lmcache.v1.multiprocess.modules.lmcache_driven_transfer)[0m
[32;20m[2026-09-20 14:17:01,093] LMCache INFO:[0m Prefetch request completed (L1+L2): 24/24 retained keys (24 L1, 0 L2) in 1.2 ms (external_request_id=cmpl-80a7ee1a0f7831c3-0-887523aa, prefetch_request_id=-1) [3m(storage_manager.py:716:lmcache.v1.distributed.storage_manager)[0m
[32;20m[2026-09-20 14:17:01,098] LMCache INFO:[0m Retrieved 384 tokens in 0.002 seconds [3m(lmcache_driven_transfer.py:1427:lmcache.v1.multiprocess.modules.lmcache_driven_transfer)[0m
[32;20m[2026-09-20 14:17:01,153] LMCache INFO:[0m Prefetch request completed (L1+L2): 24/24 retained keys (24 L1, 0 L2) in 1.0 ms (external_request_id=cmpl-97b32fde26175788-0-b21a0bef, prefetch_request_id=-1) [3m(storage_manager.py:716:lmcache.v1.distributed.storage_manager)[0m
[32;20m[2026-09-20 14:17:01,157] LMCache INFO:[0m Retrieved 384 tokens in 0.002 seconds [3m(lmcache_driven_transfer.py:1427:lmcache.v1.multiprocess.modules.lmcache_driven_transfer)[0m
[32;20m[2026-09-20 14:17:01,250] LMCache INFO:[0m Stored 112 tokens in 0.003 seconds [3m(lmcache_driven_transfer.py:1218:lmcache.v1.multiprocess.modules.lmcache_driven_transfer)[0m
[32;20m[2026-09-20 14:17:01,257] LMCache INFO:[0m Prefetch request completed (L1+L2): 24/24 retained keys (24 L1, 0 L2) in 1.1 ms (external_request_id=cmpl-a5b41e71e5e4a7ca-0-ba7082d1, prefetch_request_id=-1) [3m(storage_manager.py:716:lmcache.v1.distributed.storage_manager)[0m
[32;20m[2026-09-20 14:17:01,262] LMCache INFO:[0m Retrieved 384 tokens in 0.002 seconds [3m(lmcache_driven_transfer.py:1427:lmcache.v1.multiprocess.modules.lmcache_driven_transfer)[0m
[32;20m[2026-09-20 14:17:01,316] LMCache INFO:[0m Prefetch request completed (L1+L2): 24/24 retained keys (24 L1, 0 L2) in 1.1 ms (external_request_id=cmpl-874ac691a6b70e72-0-9b7233f1, prefetch_request_id=-1) [3m(storage_manager.py:716:lmcache.v1.distributed.storage_manager)[0m
[32;20m[2026-09-20 14:17:01,321] LMCache INFO:[0m Retrieved 384 tokens in 0.002 seconds [3m(lmcache_driven_transfer.py:1427:lmcache.v1.multiprocess.modules.lmcache_driven_transfer)[0m
[32;20m[2026-09-20 14:17:01,376] LMCache INFO:[0m Prefetch request completed (L1+L2): 24/24 retained keys (24 L1, 0 L2) in 1.0 ms (external_request_id=cmpl-ad3f8a894dd7d4ae-0-a7bd8744, prefetch_request_id=-1) [3m(storage_manager.py:716:lmcache.v1.distributed.storage_manager)[0m
[32;20m[2026-09-20 14:17:01,381] LMCache INFO:[0m Retrieved 384 tokens in 0.002 seconds [3m(lmcache_driven_transfer.py:1427:lmcache.v1.multiprocess.modules.lmcache_driven_transfer)[0m
[32;20m[2026-09-20 14:17:01,437] LMCache INFO:[0m Prefetch request completed (L1+L2): 24/24 retained keys (24 L1, 0 L2) in 1.4 ms (external_request_id=cmpl-a3e0f9fdbf4d35c5-0-88d4427a, prefetch_request_id=-1) [3m(storage_manager.py:716:lmcache.v1.distributed.storage_manager)[0m
[32;20m[2026-09-20 14:17:01,442] LMCache INFO:[0m Retrieved 384 tokens in 0.002 seconds [3m(lmcache_driven_transfer.py:1427:lmcache.v1.multiprocess.modules.lmcache_driven_transfer)[0m
[32;20m[2026-09-20 14:17:01,694] LMCache INFO:[0m Prefetch request completed (L1+L2): 24/24 retained keys (24 L1, 0 L2) in 1.2 ms (external_request_id=cmpl-9e64788625886e1f-0-9ef61ee3, prefetch_request_id=-1) [3m(storage_manager.py:716:lmcache.v1.distributed.storage_manager)[0m
[32;20m[2026-09-20 14:17:01,699] LMCache INFO:[0m Retrieved 384 tokens in 0.002 seconds [3m(lmcache_driven_transfer.py:1427:lmcache.v1.multiprocess.modules.lmcache_driven_transfer)[0m
[32;20m[2026-09-20 14:17:01,824] LMCache INFO:[0m Stored 368 tokens in 0.003 seconds [3m(lmcache_driven_transfer.py:1218:lmcache.v1.multiprocess.modules.lmcache_driven_transfer)[0m
[32;20m[2026-09-20 14:17:01,912] LMCache INFO:[0m Stored 384 tokens in 0.003 seconds [3m(lmcache_driven_transfer.py:1218:lmcache.v1.multiprocess.modules.lmcache_driven_transfer)[0m
[32;20m[2026-09-20 14:17:02,016] LMCache INFO:[0m Stored 384 tokens in 0.003 seconds [3m(lmcache_driven_transfer.py:1218:lmcache.v1.multiprocess.modules.lmcache_driven_transfer)[0m
[32;20m[2026-09-20 14:17:02,116] LMCache INFO:[0m Stored 384 tokens in 0.003 seconds [3m(lmcache_driven_transfer.py:1218:lmcache.v1.multiprocess.modules.lmcache_driven_transfer)[0m
[32;20m[2026-09-20 14:17:02,215] LMCache INFO:[0m Stored 384 tokens in 0.003 seconds [3m(lmcache_driven_transfer.py:1218:lmcache.v1.multiprocess.modules.lmcache_driven_transfer)[0m
[32;20m[2026-09-20 14:17:02,316] LMCache INFO:[0m Stored 384 tokens in 0.005 seconds [3m(lmcache_driven_transfer.py:1218:lmcache.v1.multiprocess.modules.lmcache_driven_transfer)[0m
[32;20m[2026-09-20 14:17:02,412] LMCache INFO:[0m Stored 384 tokens in 0.003 seconds [3m(lmcache_driven_transfer.py:1218:lmcache.v1.multiprocess.modules.lmcache_driven_transfer)[0m
[32;20m[2026-09-20 14:17:02,509] LMCache INFO:[0m Stored 384 tokens in 0.003 seconds [3m(lmcache_driven_transfer.py:1218:lmcache.v1.multiprocess.modules.lmcache_driven_transfer)[0m
[32;20m[2026-09-20 14:17:02,605] LMCache INFO:[0m Stored 64 tokens in 0.003 seconds [3m(lmcache_driven_transfer.py:1218:lmcache.v1.multiprocess.modules.lmcache_driven_transfer)[0m
[32;20m[2026-09-20 14:17:02,655] LMCache INFO:[0m Stored 384 tokens in 0.003 seconds [3m(lmcache_driven_transfer.py:1218:lmcache.v1.multiprocess.modules.lmcache_driven_transfer)[0m
[32;20m[2026-09-20 14:17:02,684] LMCache INFO:[0m L1 memory usage 0.96 above watermark 0.80; triggering eviction. [3m(eviction_controller.py:179:lmcache.v1.distributed.storage_controllers.eviction_controller)[0m
[32;20m[2026-09-20 14:17:02,875] LMCache INFO:[0m Stored 384 tokens in 0.003 seconds [3m(lmcache_driven_transfer.py:1218:lmcache.v1.multiprocess.modules.lmcache_driven_transfer)[0m
[32;20m[2026-09-20 14:17:02,964] LMCache INFO:[0m Stored 384 tokens in 0.003 seconds [3m(lmcache_driven_transfer.py:1218:lmcache.v1.multiprocess.modules.lmcache_driven_transfer)[0m
[32;20m[2026-09-20 14:17:03,066] LMCache INFO:[0m Stored 384 tokens in 0.003 seconds [3m(lmcache_driven_transfer.py:1218:lmcache.v1.multiprocess.modules.lmcache_driven_transfer)[0m
[32;20m[2026-09-20 14:17:03,165] LMCache INFO:[0m Stored 384 tokens in 0.003 seconds [3m(lmcache_driven_transfer.py:1218:lmcache.v1.multiprocess.modules.lmcache_driven_transfer)[0m
[32;20m[2026-09-20 14:17:03,257] LMCache INFO:[0m Stored 384 tokens in 0.003 seconds [3m(lmcache_driven_transfer.py:1218:lmcache.v1.multiprocess.modules.lmcache_driven_transfer)[0m
[32;20m[2026-09-20 14:17:03,358] LMCache INFO:[0m Stored 384 tokens in 0.003 seconds [3m(lmcache_driven_transfer.py:1218:lmcache.v1.multiprocess.modules.lmcache_driven_transfer)[0m
[32;20m[2026-09-20 14:17:03,458] LMCache INFO:[0m Stored 384 tokens in 0.003 seconds [3m(lmcache_driven_transfer.py:1218:lmcache.v1.multiprocess.modules.lmcache_driven_transfer)[0m
[32;20m[2026-09-20 14:17:03,562] LMCache INFO:[0m Stored 144 tokens in 0.004 seconds [3m(lmcache_driven_transfer.py:1218:lmcache.v1.multiprocess.modules.lmcache_driven_transfer)[0m
[32;20m[2026-09-20 14:17:03,612] LMCache INFO:[0m Stored 368 tokens in 0.003 seconds [3m(lmcache_driven_transfer.py:1218:lmcache.v1.multiprocess.modules.lmcache_driven_transfer)[0m
[32;20m[2026-09-20 14:17:03,691] LMCache INFO:[0m L1 memory usage 0.95 above watermark 0.80; triggering eviction. [3m(eviction_controller.py:179:lmcache.v1.distributed.storage_controllers.eviction_controller)[0m
[32;20m[2026-09-20 14:17:03,715] LMCache INFO:[0m Stored 368 tokens in 0.003 seconds [3m(lmcache_driven_transfer.py:1218:lmcache.v1.multiprocess.modules.lmcache_driven_transfer)[0m
[32;20m[2026-09-20 14:17:03,764] LMCache INFO:[0m Prefetch request completed (L1+L2): 24/24 retained keys (24 L1, 0 L2) in 1.1 ms (external_request_id=cmpl-8f0b3bf56f96cfaa-0-a1e08ba4, prefetch_request_id=-1) [3m(storage_manager.py:716:lmcache.v1.distributed.storage_manager)[0m
[32;20m[2026-09-20 14:17:03,770] LMCache INFO:[0m Retrieved 384 tokens in 0.002 seconds [3m(lmcache_driven_transfer.py:1427:lmcache.v1.multiprocess.modules.lmcache_driven_transfer)[0m
[32;20m[2026-09-20 14:17:03,856] LMCache INFO:[0m Prefetch request completed (L1+L2): 24/24 retained keys (24 L1, 0 L2) in 1.2 ms (external_request_id=cmpl-ba7ae8d48bff9ae1-0-b1260689, prefetch_request_id=-1) [3m(storage_manager.py:716:lmcache.v1.distributed.storage_manager)[0m
[32;20m[2026-09-20 14:17:03,862] LMCache INFO:[0m Prefetch request completed (L1+L2): 24/24 retained keys (24 L1, 0 L2) in 1.4 ms (external_request_id=cmpl-93f1b9a7cbaa755f-0-9b3c3519, prefetch_request_id=-1) [3m(storage_manager.py:716:lmcache.v1.distributed.storage_manager)[0m
[32;20m[2026-09-20 14:17:03,863] LMCache INFO:[0m Retrieved 384 tokens in 0.004 seconds [3m(lmcache_driven_transfer.py:1427:lmcache.v1.multiprocess.modules.lmcache_driven_transfer)[0m
[32;20m[2026-09-20 14:17:03,871] LMCache INFO:[0m Retrieved 384 tokens in 0.006 seconds [3m(lmcache_driven_transfer.py:1427:lmcache.v1.multiprocess.modules.lmcache_driven_transfer)[0m
[32;20m[2026-09-20 14:17:03,956] LMCache INFO:[0m Prefetch request completed (L1+L2): 24/24 retained keys (24 L1, 0 L2) in 1.2 ms (external_request_id=cmpl-a213ff0bdb9c5ccc-0-870b4117, prefetch_request_id=-1) [3m(storage_manager.py:716:lmcache.v1.distributed.storage_manager)[0m
[32;20m[2026-09-20 14:17:03,961] LMCache INFO:[0m Retrieved 384 tokens in 0.002 seconds [3m(lmcache_driven_transfer.py:1427:lmcache.v1.multiprocess.modules.lmcache_driven_transfer)[0m
[32;20m[2026-09-20 14:17:04,018] LMCache INFO:[0m Prefetch request completed (L1+L2): 24/24 retained keys (24 L1, 0 L2) in 1.2 ms (external_request_id=cmpl-ba961dfb621e93b9-0-851d1784, prefetch_request_id=-1) [3m(storage_manager.py:716:lmcache.v1.distributed.storage_manager)[0m
[32;20m[2026-09-20 14:17:04,023] LMCache INFO:[0m Retrieved 384 tokens in 0.002 seconds [3m(lmcache_driven_transfer.py:1427:lmcache.v1.multiprocess.modules.lmcache_driven_transfer)[0m
[32;20m[2026-09-20 14:17:04,076] LMCache INFO:[0m Prefetch request completed (L1+L2): 24/24 retained keys (24 L1, 0 L2) in 1.1 ms (external_request_id=cmpl-b155551ef434c594-0-a981884b, prefetch_request_id=-1) [3m(storage_manager.py:716:lmcache.v1.distributed.storage_manager)[0m
[32;20m[2026-09-20 14:17:04,080] LMCache INFO:[0m Retrieved 384 tokens in 0.002 seconds [3m(lmcache_driven_transfer.py:1427:lmcache.v1.multiprocess.modules.lmcache_driven_transfer)[0m
[32;20m[2026-09-20 14:17:04,134] LMCache INFO:[0m Prefetch request completed (L1+L2): 24/24 retained keys (24 L1, 0 L2) in 1.2 ms (external_request_id=cmpl-ba3b69f4abc08885-0-8c85bf34, prefetch_request_id=-1) [3m(storage_manager.py:716:lmcache.v1.distributed.storage_manager)[0m
[32;20m[2026-09-20 14:17:04,139] LMCache INFO:[0m Retrieved 384 tokens in 0.002 seconds [3m(lmcache_driven_transfer.py:1427:lmcache.v1.multiprocess.modules.lmcache_driven_transfer)[0m
[32;20m[2026-09-20 14:17:04,193] LMCache INFO:[0m Prefetch request completed (L1+L2): 9/9 retained keys (9 L1, 0 L2) in 1.2 ms (external_request_id=cmpl-a661b816e3ac2791-0-8261598b, prefetch_request_id=-1) [3m(storage_manager.py:716:lmcache.v1.distributed.storage_manager)[0m
[32;20m[2026-09-20 14:17:04,197] LMCache INFO:[0m Retrieved 144 tokens in 0.002 seconds [3m(lmcache_driven_transfer.py:1427:lmcache.v1.multiprocess.modules.lmcache_driven_transfer)[0m
[32;20m[2026-09-20 14:17:04,248] LMCache INFO:[0m Prefetch request completed (L1+L2): 23/23 retained keys (23 L1, 0 L2) in 1.2 ms (external_request_id=cmpl-97de309fc614ffaa-0-80a384db, prefetch_request_id=-1) [3m(storage_manager.py:716:lmcache.v1.distributed.storage_manager)[0m
[32;20m[2026-09-20 14:17:04,253] LMCache INFO:[0m Retrieved 368 tokens in 0.002 seconds [3m(lmcache_driven_transfer.py:1427:lmcache.v1.multiprocess.modules.lmcache_driven_transfer)[0m
[32;20m[2026-09-20 14:17:04,376] LMCache INFO:[0m Stored 384 tokens in 0.004 seconds [3m(lmcache_driven_transfer.py:1218:lmcache.v1.multiprocess.modules.lmcache_driven_transfer)[0m
[32;20m[2026-09-20 14:17:04,412] LMCache INFO:[0m Prefetch request completed (L1+L2): 24/24 retained keys (24 L1, 0 L2) in 1.4 ms (external_request_id=cmpl-a922a9d9735641a6-0-b8697fc1, prefetch_request_id=-1) [3m(storage_manager.py:716:lmcache.v1.distributed.storage_manager)[0m
[32;20m[2026-09-20 14:17:04,417] LMCache INFO:[0m Retrieved 384 tokens in 0.002 seconds [3m(lmcache_driven_transfer.py:1427:lmcache.v1.multiprocess.modules.lmcache_driven_transfer)[0m
[32;20m[2026-09-20 14:17:04,516] LMCache INFO:[0m Stored 384 tokens in 0.003 seconds [3m(lmcache_driven_transfer.py:1218:lmcache.v1.multiprocess.modules.lmcache_driven_transfer)[0m
[32;20m[2026-09-20 14:17:04,699] LMCache INFO:[0m L1 memory usage 0.82 above watermark 0.80; triggering eviction. [3m(eviction_controller.py:179:lmcache.v1.distributed.storage_controllers.eviction_controller)[0m
[32;20m[2026-09-20 14:17:04,756] LMCache INFO:[0m Stored 384 tokens in 0.003 seconds [3m(lmcache_driven_transfer.py:1218:lmcache.v1.multiprocess.modules.lmcache_driven_transfer)[0m
[32;20m[2026-09-20 14:17:04,833] LMCache INFO:[0m Prefetch request completed (L1+L2): 24/24 retained keys (24 L1, 0 L2) in 1.2 ms (external_request_id=cmpl-8573704c7e9d69ce-0-946b8d2a, prefetch_request_id=-1) [3m(storage_manager.py:716:lmcache.v1.distributed.storage_manager)[0m
[32;20m[2026-09-20 14:17:04,840] LMCache INFO:[0m Retrieved 384 tokens in 0.004 seconds [3m(lmcache_driven_transfer.py:1427:lmcache.v1.multiprocess.modules.lmcache_driven_transfer)[0m
[32;20m[2026-09-20 14:17:04,882] LMCache INFO:[0m Stored 384 tokens in 0.003 seconds [3m(lmcache_driven_transfer.py:1218:lmcache.v1.multiprocess.modules.lmcache_driven_transfer)[0m
[32;20m[2026-09-20 14:17:04,974] LMCache INFO:[0m Prefetch request completed (L1+L2): 24/24 retained keys (24 L1, 0 L2) in 1.3 ms (external_request_id=cmpl-8ccc0defe69dfc8f-0-8adced82, prefetch_request_id=-1) [3m(storage_manager.py:716:lmcache.v1.distributed.storage_manager)[0m
[32;20m[2026-09-20 14:17:04,980] LMCache INFO:[0m Retrieved 384 tokens in 0.002 seconds [3m(lmcache_driven_transfer.py:1427:lmcache.v1.multiprocess.modules.lmcache_driven_transfer)[0m
[32;20m[2026-09-20 14:17:05,032] LMCache INFO:[0m Prefetch request completed (L1+L2): 24/24 retained keys (24 L1, 0 L2) in 1.1 ms (external_request_id=cmpl-8da94e6eab311c90-0-90ee8d81, prefetch_request_id=-1) [3m(storage_manager.py:716:lmcache.v1.distributed.storage_manager)[0m
[32;20m[2026-09-20 14:17:05,036] LMCache INFO:[0m Retrieved 384 tokens in 0.002 seconds [3m(lmcache_driven_transfer.py:1427:lmcache.v1.multiprocess.modules.lmcache_driven_transfer)[0m
[32;20m[2026-09-20 14:17:05,092] LMCache INFO:[0m Prefetch request completed (L1+L2): 24/24 retained keys (24 L1, 0 L2) in 1.3 ms (external_request_id=cmpl-ae06c3f01b9f8ae2-0-a7b09433, prefetch_request_id=-1) [3m(storage_manager.py:716:lmcache.v1.distributed.storage_manager)[0m
[32;20m[2026-09-20 14:17:05,097] LMCache INFO:[0m Retrieved 384 tokens in 0.002 seconds [3m(lmcache_driven_transfer.py:1427:lmcache.v1.multiprocess.modules.lmcache_driven_transfer)[0m
[32;20m[2026-09-20 14:17:05,150] LMCache INFO:[0m Prefetch request completed (L1+L2): 24/24 retained keys (24 L1, 0 L2) in 1.1 ms (external_request_id=cmpl-b8e86ea3f25787b9-0-8654bf54, prefetch_request_id=-1) [3m(storage_manager.py:716:lmcache.v1.distributed.storage_manager)[0m
[32;20m[2026-09-20 14:17:05,156] LMCache INFO:[0m Retrieved 384 tokens in 0.002 seconds [3m(lmcache_driven_transfer.py:1427:lmcache.v1.multiprocess.modules.lmcache_driven_transfer)[0m
[32;20m[2026-09-20 14:17:05,211] LMCache INFO:[0m Prefetch request completed (L1+L2): 24/24 retained keys (24 L1, 0 L2) in 1.1 ms (external_request_id=cmpl-a72a25f1fbd033dd-0-a427389d, prefetch_request_id=-1) [3m(storage_manager.py:716:lmcache.v1.distributed.storage_manager)[0m
[32;20m[2026-09-20 14:17:05,216] LMCache INFO:[0m Retrieved 384 tokens in 0.002 seconds [3m(lmcache_driven_transfer.py:1427:lmcache.v1.multiprocess.modules.lmcache_driven_transfer)[0m
[32;20m[2026-09-20 14:17:05,311] LMCache INFO:[0m Stored 272 tokens in 0.003 seconds [3m(lmcache_driven_transfer.py:1218:lmcache.v1.multiprocess.modules.lmcache_driven_transfer)[0m
[32;20m[2026-09-20 14:17:05,346] LMCache INFO:[0m Prefetch request completed (L1+L2): 24/24 retained keys (24 L1, 0 L2) in 1.1 ms (external_request_id=cmpl-91e27042ea28b0d3-0-adffe393, prefetch_request_id=-1) [3m(storage_manager.py:716:lmcache.v1.distributed.storage_manager)[0m
[32;20m[2026-09-20 14:17:05,351] LMCache INFO:[0m Retrieved 384 tokens in 0.002 seconds [3m(lmcache_driven_transfer.py:1427:lmcache.v1.multiprocess.modules.lmcache_driven_transfer)[0m
[32;20m[2026-09-20 14:17:05,403] LMCache INFO:[0m Prefetch request completed (L1+L2): 24/24 retained keys (24 L1, 0 L2) in 1.0 ms (external_request_id=cmpl-a1a46bb80731aebf-0-bb445fe4, prefetch_request_id=-1) [3m(storage_manager.py:716:lmcache.v1.distributed.storage_manager)[0m
[32;20m[2026-09-20 14:17:05,408] LMCache INFO:[0m Retrieved 384 tokens in 0.002 seconds [3m(lmcache_driven_transfer.py:1427:lmcache.v1.multiprocess.modules.lmcache_driven_transfer)[0m
[32;20m[2026-09-20 14:17:05,464] LMCache INFO:[0m Prefetch request completed (L1+L2): 24/24 retained keys (24 L1, 0 L2) in 1.0 ms (external_request_id=cmpl-a917fd9e671d3cb2-0-9183a785, prefetch_request_id=-1) [3m(storage_manager.py:716:lmcache.v1.distributed.storage_manager)[0m
[32;20m[2026-09-20 14:17:05,469] LMCache INFO:[0m Retrieved 384 tokens in 0.002 seconds [3m(lmcache_driven_transfer.py:1427:lmcache.v1.multiprocess.modules.lmcache_driven_transfer)[0m
[32;20m[2026-09-20 14:17:05,681] LMCache INFO:[0m Prefetch request completed (L1+L2): 24/24 retained keys (24 L1, 0 L2) in 1.3 ms (external_request_id=cmpl-ba893903ca54cd35-0-bd5c689a, prefetch_request_id=-1) [3m(storage_manager.py:716:lmcache.v1.distributed.storage_manager)[0m
[32;20m[2026-09-20 14:17:05,686] LMCache INFO:[0m Retrieved 384 tokens in 0.002 seconds [3m(lmcache_driven_transfer.py:1427:lmcache.v1.multiprocess.modules.lmcache_driven_transfer)[0m
[32;20m[2026-09-20 14:17:05,771] LMCache INFO:[0m Prefetch request completed (L1+L2): 24/24 retained keys (24 L1, 0 L2) in 1.3 ms (external_request_id=cmpl-b1670b8bb74af7c1-0-92842ced, prefetch_request_id=-1) [3m(storage_manager.py:716:lmcache.v1.distributed.storage_manager)[0m
[32;20m[2026-09-20 14:17:05,778] LMCache INFO:[0m Retrieved 384 tokens in 0.004 seconds [3m(lmcache_driven_transfer.py:1427:lmcache.v1.multiprocess.modules.lmcache_driven_transfer)[0m
[32;20m[2026-09-20 14:17:05,778] LMCache INFO:[0m Prefetch request completed (L1+L2): 24/24 retained keys (24 L1, 0 L2) in 1.4 ms (external_request_id=cmpl-b95d482761cbce76-0-aabb7e02, prefetch_request_id=-1) [3m(storage_manager.py:716:lmcache.v1.distributed.storage_manager)[0m
[32;20m[2026-09-20 14:17:05,786] LMCache INFO:[0m Retrieved 384 tokens in 0.005 seconds [3m(lmcache_driven_transfer.py:1427:lmcache.v1.multiprocess.modules.lmcache_driven_transfer)[0m
[32;20m[2026-09-20 14:17:05,868] LMCache INFO:[0m Prefetch request completed (L1+L2): 24/24 retained keys (24 L1, 0 L2) in 1.2 ms (external_request_id=cmpl-89613672fed762bb-0-a5902048, prefetch_request_id=-1) [3m(storage_manager.py:716:lmcache.v1.distributed.storage_manager)[0m
[32;20m[2026-09-20 14:17:05,873] LMCache INFO:[0m Retrieved 384 tokens in 0.002 seconds [3m(lmcache_driven_transfer.py:1427:lmcache.v1.multiprocess.modules.lmcache_driven_transfer)[0m
[32;20m[2026-09-20 14:17:05,929] LMCache INFO:[0m Prefetch request completed (L1+L2): 24/24 retained keys (24 L1, 0 L2) in 1.2 ms (external_request_id=cmpl-a3f11819f62f29f2-0-8d671189, prefetch_request_id=-1) [3m(storage_manager.py:716:lmcache.v1.distributed.storage_manager)[0m
[32;20m[2026-09-20 14:17:05,934] LMCache INFO:[0m Retrieved 384 tokens in 0.002 seconds [3m(lmcache_driven_transfer.py:1427:lmcache.v1.multiprocess.modules.lmcache_driven_transfer)[0m
[32;20m[2026-09-20 14:17:05,990] LMCache INFO:[0m Prefetch request completed (L1+L2): 24/24 retained keys (24 L1, 0 L2) in 1.0 ms (external_request_id=cmpl-a605acd0a257668d-0-b3cffaf2, prefetch_request_id=-1) [3m(storage_manager.py:716:lmcache.v1.distributed.storage_manager)[0m
[32;20m[2026-09-20 14:17:05,996] LMCache INFO:[0m Retrieved 384 tokens in 0.002 seconds [3m(lmcache_driven_transfer.py:1427:lmcache.v1.multiprocess.modules.lmcache_driven_transfer)[0m
[32;20m[2026-09-20 14:17:06,049] LMCache INFO:[0m Prefetch request completed (L1+L2): 24/24 retained keys (24 L1, 0 L2) in 1.2 ms (external_request_id=cmpl-84adafcc921b552e-0-a33d863d, prefetch_request_id=-1) [3m(storage_manager.py:716:lmcache.v1.distributed.storage_manager)[0m
[32;20m[2026-09-20 14:17:06,055] LMCache INFO:[0m Retrieved 384 tokens in 0.002 seconds [3m(lmcache_driven_transfer.py:1427:lmcache.v1.multiprocess.modules.lmcache_driven_transfer)[0m
[32;20m[2026-09-20 14:17:06,153] LMCache INFO:[0m Stored 384 tokens in 0.003 seconds [3m(lmcache_driven_transfer.py:1218:lmcache.v1.multiprocess.modules.lmcache_driven_transfer)[0m
[32;20m[2026-09-20 14:17:06,249] LMCache INFO:[0m Stored 384 tokens in 0.003 seconds [3m(lmcache_driven_transfer.py:1218:lmcache.v1.multiprocess.modules.lmcache_driven_transfer)[0m
[32;20m[2026-09-20 14:17:06,305] LMCache INFO:[0m Prefetch request completed (L1+L2): 24/24 retained keys (24 L1, 0 L2) in 1.1 ms (external_request_id=cmpl-a07223fd81b683c3-0-8b7dafda, prefetch_request_id=-1) [3m(storage_manager.py:716:lmcache.v1.distributed.storage_manager)[0m
[32;20m[2026-09-20 14:17:06,310] LMCache INFO:[0m Retrieved 384 tokens in 0.002 seconds [3m(lmcache_driven_transfer.py:1427:lmcache.v1.multiprocess.modules.lmcache_driven_transfer)[0m
[32;20m[2026-09-20 14:17:06,366] LMCache INFO:[0m Prefetch request completed (L1+L2): 9/9 retained keys (9 L1, 0 L2) in 1.2 ms (external_request_id=cmpl-a25f938e02bc66ed-0-be1c6629, prefetch_request_id=-1) [3m(storage_manager.py:716:lmcache.v1.distributed.storage_manager)[0m
[32;20m[2026-09-20 14:17:06,371] LMCache INFO:[0m Retrieved 144 tokens in 0.002 seconds [3m(lmcache_driven_transfer.py:1427:lmcache.v1.multiprocess.modules.lmcache_driven_transfer)[0m
[32;20m[2026-09-20 14:17:06,466] LMCache INFO:[0m Stored 384 tokens in 0.003 seconds [3m(lmcache_driven_transfer.py:1218:lmcache.v1.multiprocess.modules.lmcache_driven_transfer)[0m
[32;20m[2026-09-20 14:17:06,625] LMCache INFO:[0m Prefetch request completed (L1+L2): 24/24 retained keys (24 L1, 0 L2) in 1.3 ms (external_request_id=cmpl-ac8ca8235e0092c9-0-aa34b6e7, prefetch_request_id=-1) [3m(storage_manager.py:716:lmcache.v1.distributed.storage_manager)[0m
[32;20m[2026-09-20 14:17:06,629] LMCache INFO:[0m Retrieved 384 tokens in 0.002 seconds [3m(lmcache_driven_transfer.py:1427:lmcache.v1.multiprocess.modules.lmcache_driven_transfer)[0m
[32;20m[2026-09-20 14:17:06,753] LMCache INFO:[0m Stored 384 tokens in 0.003 seconds [3m(lmcache_driven_transfer.py:1218:lmcache.v1.multiprocess.modules.lmcache_driven_transfer)[0m
[32;20m[2026-09-20 14:17:06,839] LMCache INFO:[0m Stored 384 tokens in 0.003 seconds [3m(lmcache_driven_transfer.py:1218:lmcache.v1.multiprocess.modules.lmcache_driven_transfer)[0m
[32;20m[2026-09-20 14:17:06,941] LMCache INFO:[0m Stored 384 tokens in 0.003 seconds [3m(lmcache_driven_transfer.py:1218:lmcache.v1.multiprocess.modules.lmcache_driven_transfer)[0m
[32;20m[2026-09-20 14:17:07,036] LMCache INFO:[0m Stored 384 tokens in 0.003 seconds [3m(lmcache_driven_transfer.py:1218:lmcache.v1.multiprocess.modules.lmcache_driven_transfer)[0m
[32;20m[2026-09-20 14:17:07,135] LMCache INFO:[0m Stored 384 tokens in 0.003 seconds [3m(lmcache_driven_transfer.py:1218:lmcache.v1.multiprocess.modules.lmcache_driven_transfer)[0m
[32;20m[2026-09-20 14:17:07,237] LMCache INFO:[0m Stored 384 tokens in 0.003 seconds [3m(lmcache_driven_transfer.py:1218:lmcache.v1.multiprocess.modules.lmcache_driven_transfer)[0m
[32;20m[2026-09-20 14:17:07,333] LMCache INFO:[0m Stored 384 tokens in 0.003 seconds [3m(lmcache_driven_transfer.py:1218:lmcache.v1.multiprocess.modules.lmcache_driven_transfer)[0m
[32;20m[2026-09-20 14:17:07,432] LMCache INFO:[0m Stored 384 tokens in 0.003 seconds [3m(lmcache_driven_transfer.py:1218:lmcache.v1.multiprocess.modules.lmcache_driven_transfer)[0m
[32;20m[2026-09-20 14:17:07,531] LMCache INFO:[0m Stored 384 tokens in 0.003 seconds [3m(lmcache_driven_transfer.py:1218:lmcache.v1.multiprocess.modules.lmcache_driven_transfer)[0m
[32;20m[2026-09-20 14:17:07,574] LMCache INFO:[0m Prefetch request completed (L1+L2): 24/24 retained keys (24 L1, 0 L2) in 2.5 ms (external_request_id=cmpl-ae9d67cbd1226aad-0-b821a54a, prefetch_request_id=-1) [3m(storage_manager.py:716:lmcache.v1.distributed.storage_manager)[0m
[32;20m[2026-09-20 14:17:07,579] LMCache INFO:[0m Retrieved 384 tokens in 0.002 seconds [3m(lmcache_driven_transfer.py:1427:lmcache.v1.multiprocess.modules.lmcache_driven_transfer)[0m
[32;20m[2026-09-20 14:17:07,706] LMCache INFO:[0m L1 memory usage 0.98 above watermark 0.80; triggering eviction. [3m(eviction_controller.py:179:lmcache.v1.distributed.storage_controllers.eviction_controller)[0m
[32;20m[2026-09-20 14:17:07,714] LMCache INFO:[0m Stored 384 tokens in 0.009 seconds [3m(lmcache_driven_transfer.py:1218:lmcache.v1.multiprocess.modules.lmcache_driven_transfer)[0m
[32;20m[2026-09-20 14:17:07,789] LMCache INFO:[0m Stored 384 tokens in 0.003 seconds [3m(lmcache_driven_transfer.py:1218:lmcache.v1.multiprocess.modules.lmcache_driven_transfer)[0m
[32;20m[2026-09-20 14:17:07,884] LMCache INFO:[0m Stored 384 tokens in 0.003 seconds [3m(lmcache_driven_transfer.py:1218:lmcache.v1.multiprocess.modules.lmcache_driven_transfer)[0m
[32;20m[2026-09-20 14:17:07,982] LMCache INFO:[0m Stored 368 tokens in 0.004 seconds [3m(lmcache_driven_transfer.py:1218:lmcache.v1.multiprocess.modules.lmcache_driven_transfer)[0m
[32;20m[2026-09-20 14:17:08,077] LMCache INFO:[0m Stored 368 tokens in 0.003 seconds [3m(lmcache_driven_transfer.py:1218:lmcache.v1.multiprocess.modules.lmcache_driven_transfer)[0m
[32;20m[2026-09-20 14:17:08,174] LMCache INFO:[0m Stored 384 tokens in 0.003 seconds [3m(lmcache_driven_transfer.py:1218:lmcache.v1.multiprocess.modules.lmcache_driven_transfer)[0m
[32;20m[2026-09-20 14:17:08,269] LMCache INFO:[0m Stored 368 tokens in 0.003 seconds [3m(lmcache_driven_transfer.py:1218:lmcache.v1.multiprocess.modules.lmcache_driven_transfer)[0m
[32;20m[2026-09-20 14:17:08,322] LMCache INFO:[0m L0<->L1 stats [cuda:0] last 10.1s: store ops=68 tokens=24400 size=0.70GB avg_copy=2.07GB/s | retrieve ops=46 tokens=17008 size=0.49GB avg_copy=3.75GB/s [3m(extra_stats.py:159:lmcache.v1.mp_observability.subscribers.logging.extra_stats)[0m
[32;20m[2026-09-20 14:17:08,322] LMCache INFO:[0m L0<->L1 stats [cuda:0] cumulative: store ops=680 tokens=250800 size=7.19GB avg_copy=5.68GB/s | retrieve ops=194 tokens=72960 size=2.09GB avg_copy=3.92GB/s [3m(extra_stats.py:168:lmcache.v1.mp_observability.subscribers.logging.extra_stats)[0m
[32;20m[2026-09-20 14:17:08,370] LMCache INFO:[0m Stored 384 tokens in 0.003 seconds [3m(lmcache_driven_transfer.py:1218:lmcache.v1.multiprocess.modules.lmcache_driven_transfer)[0m
[32;20m[2026-09-20 14:17:08,462] LMCache INFO:[0m Stored 384 tokens in 0.003 seconds [3m(lmcache_driven_transfer.py:1218:lmcache.v1.multiprocess.modules.lmcache_driven_transfer)[0m
[32;20m[2026-09-20 14:17:08,512] LMCache INFO:[0m Prefetch request completed (L1+L2): 23/23 retained keys (23 L1, 0 L2) in 1.8 ms (external_request_id=cmpl-b08bda63da5ddd62-0-9ff7bf07, prefetch_request_id=-1) [3m(storage_manager.py:716:lmcache.v1.distributed.storage_manager)[0m
[32;20m[2026-09-20 14:17:08,518] LMCache INFO:[0m Retrieved 368 tokens in 0.002 seconds [3m(lmcache_driven_transfer.py:1427:lmcache.v1.multiprocess.modules.lmcache_driven_transfer)[0m
[32;20m[2026-09-20 14:17:08,639] LMCache INFO:[0m Stored 384 tokens in 0.003 seconds [3m(lmcache_driven_transfer.py:1218:lmcache.v1.multiprocess.modules.lmcache_driven_transfer)[0m
[32;20m[2026-09-20 14:17:08,715] LMCache INFO:[0m L1 memory usage: 0.48/0.50 GiB (96.8%) [3m(eviction_controller.py:153:lmcache.v1.distributed.storage_controllers.eviction_controller)[0m
[32;20m[2026-09-20 14:17:08,715] LMCache INFO:[0m L1 memory usage 0.97 above watermark 0.80; triggering eviction. [3m(eviction_controller.py:179:lmcache.v1.distributed.storage_controllers.eviction_controller)[0m
[32;20m[2026-09-20 14:17:08,728] LMCache INFO:[0m Stored 384 tokens in 0.004 seconds [3m(lmcache_driven_transfer.py:1218:lmcache.v1.multiprocess.modules.lmcache_driven_transfer)[0m
[32;20m[2026-09-20 14:17:08,826] LMCache INFO:[0m Stored 384 tokens in 0.003 seconds [3m(lmcache_driven_transfer.py:1218:lmcache.v1.multiprocess.modules.lmcache_driven_transfer)[0m
[32;20m[2026-09-20 14:17:08,919] LMCache INFO:[0m Stored 384 tokens in 0.003 seconds [3m(lmcache_driven_transfer.py:1218:lmcache.v1.multiprocess.modules.lmcache_driven_transfer)[0m
[32;20m[2026-09-20 14:17:09,018] LMCache INFO:[0m Stored 384 tokens in 0.003 seconds [3m(lmcache_driven_transfer.py:1218:lmcache.v1.multiprocess.modules.lmcache_driven_transfer)[0m
[32;20m[2026-09-20 14:17:09,116] LMCache INFO:[0m Stored 384 tokens in 0.003 seconds [3m(lmcache_driven_transfer.py:1218:lmcache.v1.multiprocess.modules.lmcache_driven_transfer)[0m
[32;20m[2026-09-20 14:17:09,213] LMCache INFO:[0m Stored 368 tokens in 0.003 seconds [3m(lmcache_driven_transfer.py:1218:lmcache.v1.multiprocess.modules.lmcache_driven_transfer)[0m
[32;20m[2026-09-20 14:17:09,311] LMCache INFO:[0m Stored 384 tokens in 0.003 seconds [3m(lmcache_driven_transfer.py:1218:lmcache.v1.multiprocess.modules.lmcache_driven_transfer)[0m
[32;20m[2026-09-20 14:17:09,406] LMCache INFO:[0m Stored 368 tokens in 0.003 seconds [3m(lmcache_driven_transfer.py:1218:lmcache.v1.multiprocess.modules.lmcache_driven_transfer)[0m
[32;20m[2026-09-20 14:17:09,458] LMCache INFO:[0m Prefetch request completed (L1+L2): 24/24 retained keys (24 L1, 0 L2) in 1.1 ms (external_request_id=cmpl-b44dbd46b70499ed-0-b79aee29, prefetch_request_id=-1) [3m(storage_manager.py:716:lmcache.v1.distributed.storage_manager)[0m
[32;20m[2026-09-20 14:17:09,465] LMCache INFO:[0m Retrieved 384 tokens in 0.002 seconds [3m(lmcache_driven_transfer.py:1427:lmcache.v1.multiprocess.modules.lmcache_driven_transfer)[0m
[32;20m[2026-09-20 14:17:09,594] LMCache INFO:[0m Stored 384 tokens in 0.003 seconds [3m(lmcache_driven_transfer.py:1218:lmcache.v1.multiprocess.modules.lmcache_driven_transfer)[0m
[32;20m[2026-09-20 14:17:09,677] LMCache INFO:[0m Stored 368 tokens in 0.003 seconds [3m(lmcache_driven_transfer.py:1218:lmcache.v1.multiprocess.modules.lmcache_driven_transfer)[0m
[32;20m[2026-09-20 14:17:09,726] LMCache INFO:[0m L1 memory usage 0.98 above watermark 0.80; triggering eviction. [3m(eviction_controller.py:179:lmcache.v1.distributed.storage_controllers.eviction_controller)[0m
[32;20m[2026-09-20 14:17:09,782] LMCache INFO:[0m Stored 384 tokens in 0.003 seconds [3m(lmcache_driven_transfer.py:1218:lmcache.v1.multiprocess.modules.lmcache_driven_transfer)[0m
[32;20m[2026-09-20 14:17:09,875] LMCache INFO:[0m Stored 384 tokens in 0.003 seconds [3m(lmcache_driven_transfer.py:1218:lmcache.v1.multiprocess.modules.lmcache_driven_transfer)[0m
[32;20m[2026-09-20 14:17:09,973] LMCache INFO:[0m Stored 384 tokens in 0.003 seconds [3m(lmcache_driven_transfer.py:1218:lmcache.v1.multiprocess.modules.lmcache_driven_transfer)[0m
[32;20m[2026-09-20 14:17:10,072] LMCache INFO:[0m Stored 384 tokens in 0.003 seconds [3m(lmcache_driven_transfer.py:1218:lmcache.v1.multiprocess.modules.lmcache_driven_transfer)[0m
[32;20m[2026-09-20 14:17:10,173] LMCache INFO:[0m Stored 384 tokens in 0.003 seconds [3m(lmcache_driven_transfer.py:1218:lmcache.v1.multiprocess.modules.lmcache_driven_transfer)[0m
[32;20m[2026-09-20 14:17:10,273] LMCache INFO:[0m Stored 384 tokens in 0.003 seconds [3m(lmcache_driven_transfer.py:1218:lmcache.v1.multiprocess.modules.lmcache_driven_transfer)[0m
[32;20m[2026-09-20 14:17:10,369] LMCache INFO:[0m Stored 336 tokens in 0.003 seconds [3m(lmcache_driven_transfer.py:1218:lmcache.v1.multiprocess.modules.lmcache_driven_transfer)[0m
[32;20m[2026-09-20 14:17:10,456] LMCache INFO:[0m Stored 384 tokens in 0.003 seconds [3m(lmcache_driven_transfer.py:1218:lmcache.v1.multiprocess.modules.lmcache_driven_transfer)[0m
[32;20m[2026-09-20 14:17:10,505] LMCache INFO:[0m Prefetch request completed (L1+L2): 24/24 retained keys (24 L1, 0 L2) in 1.3 ms (external_request_id=cmpl-9a8dbfd4cc4d95e7-0-86b4f598, prefetch_request_id=-1) [3m(storage_manager.py:716:lmcache.v1.distributed.storage_manager)[0m
[32;20m[2026-09-20 14:17:10,512] LMCache INFO:[0m Retrieved 384 tokens in 0.002 seconds [3m(lmcache_driven_transfer.py:1427:lmcache.v1.multiprocess.modules.lmcache_driven_transfer)[0m
[32;20m[2026-09-20 14:17:10,641] LMCache INFO:[0m Stored 384 tokens in 0.003 seconds [3m(lmcache_driven_transfer.py:1218:lmcache.v1.multiprocess.modules.lmcache_driven_transfer)[0m
[32;20m[2026-09-20 14:17:10,724] LMCache INFO:[0m Stored 368 tokens in 0.003 seconds [3m(lmcache_driven_transfer.py:1218:lmcache.v1.multiprocess.modules.lmcache_driven_transfer)[0m
[32;20m[2026-09-20 14:17:10,736] LMCache INFO:[0m L1 memory usage 0.99 above watermark 0.80; triggering eviction. [3m(eviction_controller.py:179:lmcache.v1.distributed.storage_controllers.eviction_controller)[0m
[32;20m[2026-09-20 14:17:10,822] LMCache INFO:[0m Stored 384 tokens in 0.003 seconds [3m(lmcache_driven_transfer.py:1218:lmcache.v1.multiprocess.modules.lmcache_driven_transfer)[0m
[32;20m[2026-09-20 14:17:10,923] LMCache INFO:[0m Stored 384 tokens in 0.003 seconds [3m(lmcache_driven_transfer.py:1218:lmcache.v1.multiprocess.modules.lmcache_driven_transfer)[0m
[32;20m[2026-09-20 14:17:11,014] LMCache INFO:[0m Stored 384 tokens in 0.003 seconds [3m(lmcache_driven_transfer.py:1218:lmcache.v1.multiprocess.modules.lmcache_driven_transfer)[0m
[32;20m[2026-09-20 14:17:11,109] LMCache INFO:[0m Stored 384 tokens in 0.003 seconds [3m(lmcache_driven_transfer.py:1218:lmcache.v1.multiprocess.modules.lmcache_driven_transfer)[0m
[32;20m[2026-09-20 14:17:11,204] LMCache INFO:[0m Stored 384 tokens in 0.003 seconds [3m(lmcache_driven_transfer.py:1218:lmcache.v1.multiprocess.modules.lmcache_driven_transfer)[0m
[32;20m[2026-09-20 14:17:11,303] LMCache INFO:[0m Stored 384 tokens in 0.003 seconds [3m(lmcache_driven_transfer.py:1218:lmcache.v1.multiprocess.modules.lmcache_driven_transfer)[0m
[32;20m[2026-09-20 14:17:11,394] LMCache INFO:[0m Stored 384 tokens in 0.003 seconds [3m(lmcache_driven_transfer.py:1218:lmcache.v1.multiprocess.modules.lmcache_driven_transfer)[0m
[32;20m[2026-09-20 14:17:11,442] LMCache INFO:[0m Prefetch request completed (L1+L2): 24/24 retained keys (24 L1, 0 L2) in 1.1 ms (external_request_id=cmpl-bb390c603816574a-0-b7aa262c, prefetch_request_id=-1) [3m(storage_manager.py:716:lmcache.v1.distributed.storage_manager)[0m
[32;20m[2026-09-20 14:17:11,448] LMCache INFO:[0m Retrieved 384 tokens in 0.002 seconds [3m(lmcache_driven_transfer.py:1427:lmcache.v1.multiprocess.modules.lmcache_driven_transfer)[0m
[32;20m[2026-09-20 14:17:11,580] LMCache INFO:[0m Stored 384 tokens in 0.003 seconds [3m(lmcache_driven_transfer.py:1218:lmcache.v1.multiprocess.modules.lmcache_driven_transfer)[0m
[32;20m[2026-09-20 14:17:11,661] LMCache INFO:[0m Stored 384 tokens in 0.003 seconds [3m(lmcache_driven_transfer.py:1218:lmcache.v1.multiprocess.modules.lmcache_driven_transfer)[0m
[32;20m[2026-09-20 14:17:11,744] LMCache INFO:[0m L1 memory usage 0.98 above watermark 0.80; triggering eviction. [3m(eviction_controller.py:179:lmcache.v1.distributed.storage_controllers.eviction_controller)[0m
[32;20m[2026-09-20 14:17:11,763] LMCache INFO:[0m Stored 384 tokens in 0.003 seconds [3m(lmcache_driven_transfer.py:1218:lmcache.v1.multiprocess.modules.lmcache_driven_transfer)[0m
[32;20m[2026-09-20 14:17:11,852] LMCache INFO:[0m Stored 384 tokens in 0.003 seconds [3m(lmcache_driven_transfer.py:1218:lmcache.v1.multiprocess.modules.lmcache_driven_transfer)[0m
[32;20m[2026-09-20 14:17:11,952] LMCache INFO:[0m Stored 384 tokens in 0.003 seconds [3m(lmcache_driven_transfer.py:1218:lmcache.v1.multiprocess.modules.lmcache_driven_transfer)[0m
[32;20m[2026-09-20 14:17:12,045] LMCache INFO:[0m Stored 384 tokens in 0.003 seconds [3m(lmcache_driven_transfer.py:1218:lmcache.v1.multiprocess.modules.lmcache_driven_transfer)[0m
[32;20m[2026-09-20 14:17:12,140] LMCache INFO:[0m Stored 384 tokens in 0.003 seconds [3m(lmcache_driven_transfer.py:1218:lmcache.v1.multiprocess.modules.lmcache_driven_transfer)[0m
[32;20m[2026-09-20 14:17:12,236] LMCache INFO:[0m Stored 384 tokens in 0.003 seconds [3m(lmcache_driven_transfer.py:1218:lmcache.v1.multiprocess.modules.lmcache_driven_transfer)[0m
[32;20m[2026-09-20 14:17:12,329] LMCache INFO:[0m Stored 384 tokens in 0.003 seconds [3m(lmcache_driven_transfer.py:1218:lmcache.v1.multiprocess.modules.lmcache_driven_transfer)[0m
[32;20m[2026-09-20 14:17:12,421] LMCache INFO:[0m Stored 384 tokens in 0.003 seconds [3m(lmcache_driven_transfer.py:1218:lmcache.v1.multiprocess.modules.lmcache_driven_transfer)[0m
[32;20m[2026-09-20 14:17:12,555] LMCache INFO:[0m Stored 384 tokens in 0.003 seconds [3m(lmcache_driven_transfer.py:1218:lmcache.v1.multiprocess.modules.lmcache_driven_transfer)[0m
[32;20m[2026-09-20 14:17:12,632] LMCache INFO:[0m Stored 384 tokens in 0.003 seconds [3m(lmcache_driven_transfer.py:1218:lmcache.v1.multiprocess.modules.lmcache_driven_transfer)[0m
[33;20m[2026-09-20 14:17:12,729] LMCache WARNING:[0m Failed to batched allocate 24 memory blocks of size 458752 because no enough memory is available (short by 11 blocks) [3m(memory_management.py:1490:lmcache.v1.memory_management)[0m
[32;20m[2026-09-20 14:17:12,751] LMCache INFO:[0m L1 memory usage 0.99 above watermark 0.80; triggering eviction. [3m(eviction_controller.py:179:lmcache.v1.distributed.storage_controllers.eviction_controller)[0m
[32;20m[2026-09-20 14:17:12,820] LMCache INFO:[0m Stored 384 tokens in 0.003 seconds [3m(lmcache_driven_transfer.py:1218:lmcache.v1.multiprocess.modules.lmcache_driven_transfer)[0m
[32;20m[2026-09-20 14:17:12,912] LMCache INFO:[0m Stored 384 tokens in 0.003 seconds [3m(lmcache_driven_transfer.py:1218:lmcache.v1.multiprocess.modules.lmcache_driven_transfer)[0m
[32;20m[2026-09-20 14:17:13,007] LMCache INFO:[0m Stored 384 tokens in 0.003 seconds [3m(lmcache_driven_transfer.py:1218:lmcache.v1.multiprocess.modules.lmcache_driven_transfer)[0m
[32;20m[2026-09-20 14:17:13,102] LMCache INFO:[0m Stored 384 tokens in 0.004 seconds [3m(lmcache_driven_transfer.py:1218:lmcache.v1.multiprocess.modules.lmcache_driven_transfer)[0m
[32;20m[2026-09-20 14:17:13,196] LMCache INFO:[0m Stored 384 tokens in 0.003 seconds [3m(lmcache_driven_transfer.py:1218:lmcache.v1.multiprocess.modules.lmcache_driven_transfer)[0m
[32;20m[2026-09-20 14:17:13,289] LMCache INFO:[0m Stored 384 tokens in 0.003 seconds [3m(lmcache_driven_transfer.py:1218:lmcache.v1.multiprocess.modules.lmcache_driven_transfer)[0m
[32;20m[2026-09-20 14:17:13,343] LMCache INFO:[0m Prefetch request completed (L1+L2): 24/24 retained keys (24 L1, 0 L2) in 1.1 ms (external_request_id=cmpl-b669ddc691052ffc-0-b9ec6b47, prefetch_request_id=-1) [3m(storage_manager.py:716:lmcache.v1.distributed.storage_manager)[0m
[32;20m[2026-09-20 14:17:13,348] LMCache INFO:[0m Retrieved 384 tokens in 0.002 seconds [3m(lmcache_driven_transfer.py:1427:lmcache.v1.multiprocess.modules.lmcache_driven_transfer)[0m
[32;20m[2026-09-20 14:17:13,477] LMCache INFO:[0m Stored 384 tokens in 0.003 seconds [3m(lmcache_driven_transfer.py:1218:lmcache.v1.multiprocess.modules.lmcache_driven_transfer)[0m
[32;20m[2026-09-20 14:17:13,559] LMCache INFO:[0m Stored 384 tokens in 0.003 seconds [3m(lmcache_driven_transfer.py:1218:lmcache.v1.multiprocess.modules.lmcache_driven_transfer)[0m
[32;20m[2026-09-20 14:17:13,654] LMCache INFO:[0m Stored 384 tokens in 0.003 seconds [3m(lmcache_driven_transfer.py:1218:lmcache.v1.multiprocess.modules.lmcache_driven_transfer)[0m
[32;20m[2026-09-20 14:17:13,749] LMCache INFO:[0m Stored 384 tokens in 0.003 seconds [3m(lmcache_driven_transfer.py:1218:lmcache.v1.multiprocess.modules.lmcache_driven_transfer)[0m
[32;20m[2026-09-20 14:17:13,759] LMCache INFO:[0m L1 memory usage 1.00 above watermark 0.80; triggering eviction. [3m(eviction_controller.py:179:lmcache.v1.distributed.storage_controllers.eviction_controller)[0m
[32;20m[2026-09-20 14:17:13,843] LMCache INFO:[0m Stored 384 tokens in 0.003 seconds [3m(lmcache_driven_transfer.py:1218:lmcache.v1.multiprocess.modules.lmcache_driven_transfer)[0m
[32;20m[2026-09-20 14:17:13,941] LMCache INFO:[0m Stored 384 tokens in 0.004 seconds [3m(lmcache_driven_transfer.py:1218:lmcache.v1.multiprocess.modules.lmcache_driven_transfer)[0m
[32;20m[2026-09-20 14:17:14,038] LMCache INFO:[0m Stored 384 tokens in 0.003 seconds [3m(lmcache_driven_transfer.py:1218:lmcache.v1.multiprocess.modules.lmcache_driven_transfer)[0m
[32;20m[2026-09-20 14:17:14,133] LMCache INFO:[0m Stored 384 tokens in 0.003 seconds [3m(lmcache_driven_transfer.py:1218:lmcache.v1.multiprocess.modules.lmcache_driven_transfer)[0m
[32;20m[2026-09-20 14:17:14,221] LMCache INFO:[0m Stored 384 tokens in 0.003 seconds [3m(lmcache_driven_transfer.py:1218:lmcache.v1.multiprocess.modules.lmcache_driven_transfer)[0m
[32;20m[2026-09-20 14:17:14,338] LMCache INFO:[0m Stored 384 tokens in 0.003 seconds [3m(lmcache_driven_transfer.py:1218:lmcache.v1.multiprocess.modules.lmcache_driven_transfer)[0m
[32;20m[2026-09-20 14:17:14,374] LMCache INFO:[0m Prefetch request completed (L1+L2): 24/24 retained keys (24 L1, 0 L2) in 1.2 ms (external_request_id=cmpl-a62b2a4b82136d55-0-a9a22c4e, prefetch_request_id=-1) [3m(storage_manager.py:716:lmcache.v1.distributed.storage_manager)[0m
[32;20m[2026-09-20 14:17:14,381] LMCache INFO:[0m Retrieved 384 tokens in 0.004 seconds [3m(lmcache_driven_transfer.py:1427:lmcache.v1.multiprocess.modules.lmcache_driven_transfer)[0m
[32;20m[2026-09-20 14:17:14,467] LMCache INFO:[0m Prefetch request completed (L1+L2): 24/24 retained keys (24 L1, 0 L2) in 1.1 ms (external_request_id=cmpl-b7002aea42f8b8f2-0-9b333583, prefetch_request_id=-1) [3m(storage_manager.py:716:lmcache.v1.distributed.storage_manager)[0m
[32;20m[2026-09-20 14:17:14,473] LMCache INFO:[0m Prefetch request completed (L1+L2): 24/24 retained keys (24 L1, 0 L2) in 1.3 ms (external_request_id=cmpl-94f4baf754f4ec9b-0-a9af2418, prefetch_request_id=-1) [3m(storage_manager.py:716:lmcache.v1.distributed.storage_manager)[0m
[32;20m[2026-09-20 14:17:14,474] LMCache INFO:[0m Retrieved 384 tokens in 0.004 seconds [3m(lmcache_driven_transfer.py:1427:lmcache.v1.multiprocess.modules.lmcache_driven_transfer)[0m
[32;20m[2026-09-20 14:17:14,479] LMCache INFO:[0m Retrieved 384 tokens in 0.002 seconds [3m(lmcache_driven_transfer.py:1427:lmcache.v1.multiprocess.modules.lmcache_driven_transfer)[0m
[32;20m[2026-09-20 14:17:14,565] LMCache INFO:[0m Prefetch request completed (L1+L2): 24/24 retained keys (24 L1, 0 L2) in 1.1 ms (external_request_id=cmpl-bd0d6b1a2fbbc226-0-ae638a6c, prefetch_request_id=-1) [3m(storage_manager.py:716:lmcache.v1.distributed.storage_manager)[0m
[32;20m[2026-09-20 14:17:14,569] LMCache INFO:[0m Retrieved 384 tokens in 0.002 seconds [3m(lmcache_driven_transfer.py:1427:lmcache.v1.multiprocess.modules.lmcache_driven_transfer)[0m
[32;20m[2026-09-20 14:17:14,620] LMCache INFO:[0m Prefetch request completed (L1+L2): 24/24 retained keys (24 L1, 0 L2) in 1.1 ms (external_request_id=cmpl-bec08c7468ee99ad-0-8e20916c, prefetch_request_id=-1) [3m(storage_manager.py:716:lmcache.v1.distributed.storage_manager)[0m
[32;20m[2026-09-20 14:17:14,625] LMCache INFO:[0m Retrieved 384 tokens in 0.002 seconds [3m(lmcache_driven_transfer.py:1427:lmcache.v1.multiprocess.modules.lmcache_driven_transfer)[0m
[32;20m[2026-09-20 14:17:14,678] LMCache INFO:[0m Prefetch request completed (L1+L2): 24/24 retained keys (24 L1, 0 L2) in 1.2 ms (external_request_id=cmpl-98143f6dba33c6f1-0-b71adcc6, prefetch_request_id=-1) [3m(storage_manager.py:716:lmcache.v1.distributed.storage_manager)[0m
[32;20m[2026-09-20 14:17:14,683] LMCache INFO:[0m Retrieved 384 tokens in 0.002 seconds [3m(lmcache_driven_transfer.py:1427:lmcache.v1.multiprocess.modules.lmcache_driven_transfer)[0m
[32;20m[2026-09-20 14:17:14,736] LMCache INFO:[0m Prefetch request completed (L1+L2): 24/24 retained keys (24 L1, 0 L2) in 0.9 ms (external_request_id=cmpl-aafebecc8d25a4e7-0-97519770, prefetch_request_id=-1) [3m(storage_manager.py:716:lmcache.v1.distributed.storage_manager)[0m
[32;20m[2026-09-20 14:17:14,740] LMCache INFO:[0m Retrieved 384 tokens in 0.002 seconds [3m(lmcache_driven_transfer.py:1427:lmcache.v1.multiprocess.modules.lmcache_driven_transfer)[0m
[32;20m[2026-09-20 14:17:14,766] LMCache INFO:[0m L1 memory usage 0.92 above watermark 0.80; triggering eviction. [3m(eviction_controller.py:179:lmcache.v1.distributed.storage_controllers.eviction_controller)[0m
[32;20m[2026-09-20 14:17:14,792] LMCache INFO:[0m Prefetch request completed (L1+L2): 24/24 retained keys (24 L1, 0 L2) in 1.2 ms (external_request_id=cmpl-aa6be3716dab2cde-0-9413091b, prefetch_request_id=-1) [3m(storage_manager.py:716:lmcache.v1.distributed.storage_manager)[0m
[32;20m[2026-09-20 14:17:14,797] LMCache INFO:[0m Retrieved 384 tokens in 0.002 seconds [3m(lmcache_driven_transfer.py:1427:lmcache.v1.multiprocess.modules.lmcache_driven_transfer)[0m
[32;20m[2026-09-20 14:17:14,849] LMCache INFO:[0m Prefetch request completed (L1+L2): 24/24 retained keys (24 L1, 0 L2) in 1.0 ms (external_request_id=cmpl-9d7e3c9a1a01ef9d-0-8c5b789c, prefetch_request_id=-1) [3m(storage_manager.py:716:lmcache.v1.distributed.storage_manager)[0m
[32;20m[2026-09-20 14:17:14,854] LMCache INFO:[0m Retrieved 384 tokens in 0.002 seconds [3m(lmcache_driven_transfer.py:1427:lmcache.v1.multiprocess.modules.lmcache_driven_transfer)[0m
[32;20m[2026-09-20 14:17:14,906] LMCache INFO:[0m Prefetch request completed (L1+L2): 24/24 retained keys (24 L1, 0 L2) in 1.1 ms (external_request_id=cmpl-a161f58d7ce11e3e-0-84694327, prefetch_request_id=-1) [3m(storage_manager.py:716:lmcache.v1.distributed.storage_manager)[0m
[32;20m[2026-09-20 14:17:14,911] LMCache INFO:[0m Retrieved 384 tokens in 0.002 seconds [3m(lmcache_driven_transfer.py:1427:lmcache.v1.multiprocess.modules.lmcache_driven_transfer)[0m
[32;20m[2026-09-20 14:17:15,007] LMCache INFO:[0m Stored 384 tokens in 0.003 seconds [3m(lmcache_driven_transfer.py:1218:lmcache.v1.multiprocess.modules.lmcache_driven_transfer)[0m
[32;20m[2026-09-20 14:17:15,053] LMCache INFO:[0m Prefetch request completed (L1+L2): 24/24 retained keys (24 L1, 0 L2) in 1.0 ms (external_request_id=cmpl-a50c5adb72fb3811-0-829d981f, prefetch_request_id=-1) [3m(storage_manager.py:716:lmcache.v1.distributed.storage_manager)[0m
[32;20m[2026-09-20 14:17:15,058] LMCache INFO:[0m Retrieved 384 tokens in 0.002 seconds [3m(lmcache_driven_transfer.py:1427:lmcache.v1.multiprocess.modules.lmcache_driven_transfer)[0m
[32;20m[2026-09-20 14:17:15,321] LMCache INFO:[0m Prefetch request completed (L1+L2): 24/24 retained keys (24 L1, 0 L2) in 1.2 ms (external_request_id=cmpl-83d6994daf22c5aa-0-b0324658, prefetch_request_id=-1) [3m(storage_manager.py:716:lmcache.v1.distributed.storage_manager)[0m
[32;20m[2026-09-20 14:17:15,326] LMCache INFO:[0m Retrieved 384 tokens in 0.002 seconds [3m(lmcache_driven_transfer.py:1427:lmcache.v1.multiprocess.modules.lmcache_driven_transfer)[0m
[32;20m[2026-09-20 14:17:15,410] LMCache INFO:[0m Prefetch request completed (L1+L2): 24/24 retained keys (24 L1, 0 L2) in 1.0 ms (external_request_id=cmpl-88707f42fc76093a-0-89faae4c, prefetch_request_id=-1) [3m(storage_manager.py:716:lmcache.v1.distributed.storage_manager)[0m
[32;20m[2026-09-20 14:17:15,416] LMCache INFO:[0m Prefetch request completed (L1+L2): 24/24 retained keys (24 L1, 0 L2) in 1.6 ms (external_request_id=cmpl-a2db6c3bc7426136-0-82c77850, prefetch_request_id=-1) [3m(storage_manager.py:716:lmcache.v1.distributed.storage_manager)[0m
[32;20m[2026-09-20 14:17:15,417] LMCache INFO:[0m Retrieved 384 tokens in 0.004 seconds [3m(lmcache_driven_transfer.py:1427:lmcache.v1.multiprocess.modules.lmcache_driven_transfer)[0m
[32;20m[2026-09-20 14:17:15,425] LMCache INFO:[0m Retrieved 384 tokens in 0.006 seconds [3m(lmcache_driven_transfer.py:1427:lmcache.v1.multiprocess.modules.lmcache_driven_transfer)[0m
[32;20m[2026-09-20 14:17:15,508] LMCache INFO:[0m Prefetch request completed (L1+L2): 24/24 retained keys (24 L1, 0 L2) in 1.4 ms (external_request_id=cmpl-838ff67ae1934b10-0-acc25040, prefetch_request_id=-1) [3m(storage_manager.py:716:lmcache.v1.distributed.storage_manager)[0m
[32;20m[2026-09-20 14:17:15,514] LMCache INFO:[0m Retrieved 384 tokens in 0.002 seconds [3m(lmcache_driven_transfer.py:1427:lmcache.v1.multiprocess.modules.lmcache_driven_transfer)[0m
[32;20m[2026-09-20 14:17:15,565] LMCache INFO:[0m Prefetch request completed (L1+L2): 24/24 retained keys (24 L1, 0 L2) in 1.0 ms (external_request_id=cmpl-9e7bdac4c9895879-0-b8e2b357, prefetch_request_id=-1) [3m(storage_manager.py:716:lmcache.v1.distributed.storage_manager)[0m
[32;20m[2026-09-20 14:17:15,570] LMCache INFO:[0m Retrieved 384 tokens in 0.002 seconds [3m(lmcache_driven_transfer.py:1427:lmcache.v1.multiprocess.modules.lmcache_driven_transfer)[0m
[32;20m[2026-09-20 14:17:15,622] LMCache INFO:[0m Prefetch request completed (L1+L2): 24/24 retained keys (24 L1, 0 L2) in 1.1 ms (external_request_id=cmpl-a0f5210be802aba7-0-9f8591f1, prefetch_request_id=-1) [3m(storage_manager.py:716:lmcache.v1.distributed.storage_manager)[0m
[32;20m[2026-09-20 14:17:15,627] LMCache INFO:[0m Retrieved 384 tokens in 0.002 seconds [3m(lmcache_driven_transfer.py:1427:lmcache.v1.multiprocess.modules.lmcache_driven_transfer)[0m
[32;20m[2026-09-20 14:17:15,681] LMCache INFO:[0m Prefetch request completed (L1+L2): 24/24 retained keys (24 L1, 0 L2) in 1.1 ms (external_request_id=cmpl-bdcf0ffd75e90781-0-8eb80c19, prefetch_request_id=-1) [3m(storage_manager.py:716:lmcache.v1.distributed.storage_manager)[0m
[32;20m[2026-09-20 14:17:15,686] LMCache INFO:[0m Retrieved 384 tokens in 0.002 seconds [3m(lmcache_driven_transfer.py:1427:lmcache.v1.multiprocess.modules.lmcache_driven_transfer)[0m
[32;20m[2026-09-20 14:17:15,741] LMCache INFO:[0m Prefetch request completed (L1+L2): 24/24 retained keys (24 L1, 0 L2) in 1.0 ms (external_request_id=cmpl-84184cd51b6870f2-0-acf36df5, prefetch_request_id=-1) [3m(storage_manager.py:716:lmcache.v1.distributed.storage_manager)[0m
[32;20m[2026-09-20 14:17:15,746] LMCache INFO:[0m Retrieved 384 tokens in 0.003 seconds [3m(lmcache_driven_transfer.py:1427:lmcache.v1.multiprocess.modules.lmcache_driven_transfer)[0m
[32;20m[2026-09-20 14:17:15,799] LMCache INFO:[0m Prefetch request completed (L1+L2): 24/24 retained keys (24 L1, 0 L2) in 1.1 ms (external_request_id=cmpl-be76efce718af2da-0-832b92a6, prefetch_request_id=-1) [3m(storage_manager.py:716:lmcache.v1.distributed.storage_manager)[0m
[32;20m[2026-09-20 14:17:15,804] LMCache INFO:[0m Retrieved 384 tokens in 0.002 seconds [3m(lmcache_driven_transfer.py:1427:lmcache.v1.multiprocess.modules.lmcache_driven_transfer)[0m
[32;20m[2026-09-20 14:17:15,858] LMCache INFO:[0m Prefetch request completed (L1+L2): 24/24 retained keys (24 L1, 0 L2) in 1.0 ms (external_request_id=cmpl-b21862c6c52a7dd7-0-a7e11252, prefetch_request_id=-1) [3m(storage_manager.py:716:lmcache.v1.distributed.storage_manager)[0m
[32;20m[2026-09-20 14:17:15,863] LMCache INFO:[0m Retrieved 384 tokens in 0.002 seconds [3m(lmcache_driven_transfer.py:1427:lmcache.v1.multiprocess.modules.lmcache_driven_transfer)[0m
[32;20m[2026-09-20 14:17:15,915] LMCache INFO:[0m Prefetch request completed (L1+L2): 24/24 retained keys (24 L1, 0 L2) in 1.0 ms (external_request_id=cmpl-9d9e2c895b6c1f78-0-8561c2e8, prefetch_request_id=-1) [3m(storage_manager.py:716:lmcache.v1.distributed.storage_manager)[0m
[32;20m[2026-09-20 14:17:15,920] LMCache INFO:[0m Retrieved 384 tokens in 0.002 seconds [3m(lmcache_driven_transfer.py:1427:lmcache.v1.multiprocess.modules.lmcache_driven_transfer)[0m
[32;20m[2026-09-20 14:17:16,018] LMCache INFO:[0m Stored 368 tokens in 0.003 seconds [3m(lmcache_driven_transfer.py:1218:lmcache.v1.multiprocess.modules.lmcache_driven_transfer)[0m
[32;20m[2026-09-20 14:17:16,265] LMCache INFO:[0m Prefetch request completed (L1+L2): 24/24 retained keys (24 L1, 0 L2) in 1.2 ms (external_request_id=cmpl-9e5cd2b378c66fcb-0-9353cd2c, prefetch_request_id=-1) [3m(storage_manager.py:716:lmcache.v1.distributed.storage_manager)[0m
[32;20m[2026-09-20 14:17:16,270] LMCache INFO:[0m Retrieved 384 tokens in 0.002 seconds [3m(lmcache_driven_transfer.py:1427:lmcache.v1.multiprocess.modules.lmcache_driven_transfer)[0m
[32;20m[2026-09-20 14:17:16,396] LMCache INFO:[0m Stored 384 tokens in 0.004 seconds [3m(lmcache_driven_transfer.py:1218:lmcache.v1.multiprocess.modules.lmcache_driven_transfer)[0m
[32;20m[2026-09-20 14:17:16,439] LMCache INFO:[0m Prefetch request completed (L1+L2): 24/24 retained keys (24 L1, 0 L2) in 1.3 ms (external_request_id=cmpl-be38ced82fe27ab9-0-8e06ff54, prefetch_request_id=-1) [3m(storage_manager.py:716:lmcache.v1.distributed.storage_manager)[0m
[32;20m[2026-09-20 14:17:16,447] LMCache INFO:[0m Retrieved 384 tokens in 0.005 seconds [3m(lmcache_driven_transfer.py:1427:lmcache.v1.multiprocess.modules.lmcache_driven_transfer)[0m
[32;20m[2026-09-20 14:17:16,501] LMCache INFO:[0m Prefetch request completed (L1+L2): 24/24 retained keys (24 L1, 0 L2) in 1.0 ms (external_request_id=cmpl-8cbd3f3e635f656e-0-ac44940c, prefetch_request_id=-1) [3m(storage_manager.py:716:lmcache.v1.distributed.storage_manager)[0m
[32;20m[2026-09-20 14:17:16,506] LMCache INFO:[0m Retrieved 384 tokens in 0.002 seconds [3m(lmcache_driven_transfer.py:1427:lmcache.v1.multiprocess.modules.lmcache_driven_transfer)[0m
[32;20m[2026-09-20 14:17:16,597] LMCache INFO:[0m Stored 384 tokens in 0.003 seconds [3m(lmcache_driven_transfer.py:1218:lmcache.v1.multiprocess.modules.lmcache_driven_transfer)[0m
[32;20m[2026-09-20 14:17:16,640] LMCache INFO:[0m Prefetch request completed (L1+L2): 24/24 retained keys (24 L1, 0 L2) in 1.0 ms (external_request_id=cmpl-b21ed8288b996e10-0-b5ee06fb, prefetch_request_id=-1) [3m(storage_manager.py:716:lmcache.v1.distributed.storage_manager)[0m
[32;20m[2026-09-20 14:17:16,645] LMCache INFO:[0m Retrieved 384 tokens in 0.002 seconds [3m(lmcache_driven_transfer.py:1427:lmcache.v1.multiprocess.modules.lmcache_driven_transfer)[0m
[32;20m[2026-09-20 14:17:16,739] LMCache INFO:[0m Stored 112 tokens in 0.003 seconds [3m(lmcache_driven_transfer.py:1218:lmcache.v1.multiprocess.modules.lmcache_driven_transfer)[0m
[32;20m[2026-09-20 14:17:16,746] LMCache INFO:[0m Prefetch request completed (L1+L2): 24/24 retained keys (24 L1, 0 L2) in 1.1 ms (external_request_id=cmpl-8430092f69dc3ed4-0-9e60712a, prefetch_request_id=-1) [3m(storage_manager.py:716:lmcache.v1.distributed.storage_manager)[0m
[32;20m[2026-09-20 14:17:16,751] LMCache INFO:[0m Retrieved 384 tokens in 0.002 seconds [3m(lmcache_driven_transfer.py:1427:lmcache.v1.multiprocess.modules.lmcache_driven_transfer)[0m
[32;20m[2026-09-20 14:17:16,776] LMCache INFO:[0m L1 memory usage 0.83 above watermark 0.80; triggering eviction. [3m(eviction_controller.py:179:lmcache.v1.distributed.storage_controllers.eviction_controller)[0m
[32;20m[2026-09-20 14:17:16,804] LMCache INFO:[0m Prefetch request completed (L1+L2): 24/24 retained keys (24 L1, 0 L2) in 1.1 ms (external_request_id=cmpl-bde65e4c059be717-0-86d03c40, prefetch_request_id=-1) [3m(storage_manager.py:716:lmcache.v1.distributed.storage_manager)[0m
[32;20m[2026-09-20 14:17:16,809] LMCache INFO:[0m Retrieved 384 tokens in 0.002 seconds [3m(lmcache_driven_transfer.py:1427:lmcache.v1.multiprocess.modules.lmcache_driven_transfer)[0m
[32;20m[2026-09-20 14:17:16,862] LMCache INFO:[0m Prefetch request completed (L1+L2): 24/24 retained keys (24 L1, 0 L2) in 1.1 ms (external_request_id=cmpl-96fa528bbb734511-0-8d4fcdcb, prefetch_request_id=-1) [3m(storage_manager.py:716:lmcache.v1.distributed.storage_manager)[0m
[32;20m[2026-09-20 14:17:16,866] LMCache INFO:[0m Retrieved 384 tokens in 0.002 seconds [3m(lmcache_driven_transfer.py:1427:lmcache.v1.multiprocess.modules.lmcache_driven_transfer)[0m
[32;20m[2026-09-20 14:17:16,961] LMCache INFO:[0m Stored 384 tokens in 0.003 seconds [3m(lmcache_driven_transfer.py:1218:lmcache.v1.multiprocess.modules.lmcache_driven_transfer)[0m
[32;20m[2026-09-20 14:17:17,005] LMCache INFO:[0m Prefetch request completed (L1+L2): 24/24 retained keys (24 L1, 0 L2) in 1.0 ms (external_request_id=cmpl-9c6ccf9c60ab530e-0-89cc1c3e, prefetch_request_id=-1) [3m(storage_manager.py:716:lmcache.v1.distributed.storage_manager)[0m
[32;20m[2026-09-20 14:17:17,010] LMCache INFO:[0m Retrieved 384 tokens in 0.002 seconds [3m(lmcache_driven_transfer.py:1427:lmcache.v1.multiprocess.modules.lmcache_driven_transfer)[0m
[32;20m[2026-09-20 14:17:17,195] LMCache INFO:[0m Prefetch request completed (L1+L2): 24/24 retained keys (24 L1, 0 L2) in 1.0 ms (external_request_id=cmpl-91a19391b33ee004-0-9c80f67f, prefetch_request_id=-1) [3m(storage_manager.py:716:lmcache.v1.distributed.storage_manager)[0m
[32;20m[2026-09-20 14:17:17,199] LMCache INFO:[0m Retrieved 384 tokens in 0.002 seconds [3m(lmcache_driven_transfer.py:1427:lmcache.v1.multiprocess.modules.lmcache_driven_transfer)[0m
[32;20m[2026-09-20 14:17:17,326] LMCache INFO:[0m Stored 384 tokens in 0.003 seconds [3m(lmcache_driven_transfer.py:1218:lmcache.v1.multiprocess.modules.lmcache_driven_transfer)[0m
[32;20m[2026-09-20 14:17:17,406] LMCache INFO:[0m Stored 384 tokens in 0.003 seconds [3m(lmcache_driven_transfer.py:1218:lmcache.v1.multiprocess.modules.lmcache_driven_transfer)[0m
[32;20m[2026-09-20 14:17:17,498] LMCache INFO:[0m Stored 384 tokens in 0.003 seconds [3m(lmcache_driven_transfer.py:1218:lmcache.v1.multiprocess.modules.lmcache_driven_transfer)[0m
[32;20m[2026-09-20 14:17:17,598] LMCache INFO:[0m Stored 384 tokens in 0.003 seconds [3m(lmcache_driven_transfer.py:1218:lmcache.v1.multiprocess.modules.lmcache_driven_transfer)[0m
[32;20m[2026-09-20 14:17:17,697] LMCache INFO:[0m Stored 384 tokens in 0.003 seconds [3m(lmcache_driven_transfer.py:1218:lmcache.v1.multiprocess.modules.lmcache_driven_transfer)[0m
[32;20m[2026-09-20 14:17:17,790] LMCache INFO:[0m Stored 384 tokens in 0.003 seconds [3m(lmcache_driven_transfer.py:1218:lmcache.v1.multiprocess.modules.lmcache_driven_transfer)[0m
[32;20m[2026-09-20 14:17:17,884] LMCache INFO:[0m Stored 64 tokens in 0.003 seconds [3m(lmcache_driven_transfer.py:1218:lmcache.v1.multiprocess.modules.lmcache_driven_transfer)[0m
[32;20m[2026-09-20 14:17:17,935] LMCache INFO:[0m Stored 368 tokens in 0.003 seconds [3m(lmcache_driven_transfer.py:1218:lmcache.v1.multiprocess.modules.lmcache_driven_transfer)[0m
[32;20m[2026-09-20 14:17:18,020] LMCache INFO:[0m Stored 384 tokens in 0.003 seconds [3m(lmcache_driven_transfer.py:1218:lmcache.v1.multiprocess.modules.lmcache_driven_transfer)[0m
[32;20m[2026-09-20 14:17:18,114] LMCache INFO:[0m Stored 384 tokens in 0.003 seconds [3m(lmcache_driven_transfer.py:1218:lmcache.v1.multiprocess.modules.lmcache_driven_transfer)[0m
[32;20m[2026-09-20 14:17:18,208] LMCache INFO:[0m Stored 384 tokens in 0.003 seconds [3m(lmcache_driven_transfer.py:1218:lmcache.v1.multiprocess.modules.lmcache_driven_transfer)[0m
[32;20m[2026-09-20 14:17:18,337] LMCache INFO:[0m L0<->L1 stats [cuda:0] last 10.0s: store ops=77 tokens=28432 size=0.82GB avg_copy=6.73GB/s | retrieve ops=36 tokens=13808 size=0.40GB avg_copy=3.91GB/s [3m(extra_stats.py:159:lmcache.v1.mp_observability.subscribers.logging.extra_stats)[0m
[32;20m[2026-09-20 14:17:18,338] LMCache INFO:[0m L0<->L1 stats [cuda:0] cumulative: store ops=757 tokens=279232 size=8.01GB avg_copy=5.77GB/s | retrieve ops=230 tokens=86768 size=2.49GB avg_copy=3.92GB/s [3m(extra_stats.py:168:lmcache.v1.mp_observability.subscribers.logging.extra_stats)[0m
[32;20m[2026-09-20 14:17:18,423] LMCache INFO:[0m Stored 384 tokens in 0.003 seconds [3m(lmcache_driven_transfer.py:1218:lmcache.v1.multiprocess.modules.lmcache_driven_transfer)[0m
[32;20m[2026-09-20 14:17:18,503] LMCache INFO:[0m Stored 384 tokens in 0.003 seconds [3m(lmcache_driven_transfer.py:1218:lmcache.v1.multiprocess.modules.lmcache_driven_transfer)[0m
[32;20m[2026-09-20 14:17:18,601] LMCache INFO:[0m Stored 384 tokens in 0.003 seconds [3m(lmcache_driven_transfer.py:1218:lmcache.v1.multiprocess.modules.lmcache_driven_transfer)[0m
[32;20m[2026-09-20 14:17:18,695] LMCache INFO:[0m Stored 384 tokens in 0.003 seconds [3m(lmcache_driven_transfer.py:1218:lmcache.v1.multiprocess.modules.lmcache_driven_transfer)[0m
[32;20m[2026-09-20 14:17:18,783] LMCache INFO:[0m L1 memory usage: 0.49/0.50 GiB (97.2%) [3m(eviction_controller.py:153:lmcache.v1.distributed.storage_controllers.eviction_controller)[0m
[32;20m[2026-09-20 14:17:18,783] LMCache INFO:[0m L1 memory usage 0.97 above watermark 0.80; triggering eviction. [3m(eviction_controller.py:179:lmcache.v1.distributed.storage_controllers.eviction_controller)[0m
[32;20m[2026-09-20 14:17:18,796] LMCache INFO:[0m Stored 384 tokens in 0.004 seconds [3m(lmcache_driven_transfer.py:1218:lmcache.v1.multiprocess.modules.lmcache_driven_transfer)[0m
[32;20m[2026-09-20 14:17:18,887] LMCache INFO:[0m Stored 368 tokens in 0.003 seconds [3m(lmcache_driven_transfer.py:1218:lmcache.v1.multiprocess.modules.lmcache_driven_transfer)[0m
[32;20m[2026-09-20 14:17:18,982] LMCache INFO:[0m Stored 384 tokens in 0.003 seconds [3m(lmcache_driven_transfer.py:1218:lmcache.v1.multiprocess.modules.lmcache_driven_transfer)[0m
[32;20m[2026-09-20 14:17:19,072] LMCache INFO:[0m Stored 384 tokens in 0.003 seconds [3m(lmcache_driven_transfer.py:1218:lmcache.v1.multiprocess.modules.lmcache_driven_transfer)[0m
[32;20m[2026-09-20 14:17:19,163] LMCache INFO:[0m Stored 384 tokens in 0.003 seconds [3m(lmcache_driven_transfer.py:1218:lmcache.v1.multiprocess.modules.lmcache_driven_transfer)[0m
[32;20m[2026-09-20 14:17:19,216] LMCache INFO:[0m Prefetch request completed (L1+L2): 24/24 retained keys (24 L1, 0 L2) in 1.0 ms (external_request_id=cmpl-ac8c1f95defda74d-0-b1f45bb0, prefetch_request_id=-1) [3m(storage_manager.py:716:lmcache.v1.distributed.storage_manager)[0m
[32;20m[2026-09-20 14:17:19,221] LMCache INFO:[0m Retrieved 384 tokens in 0.002 seconds [3m(lmcache_driven_transfer.py:1427:lmcache.v1.multiprocess.modules.lmcache_driven_transfer)[0m
[32;20m[2026-09-20 14:17:19,348] LMCache INFO:[0m Stored 384 tokens in 0.003 seconds [3m(lmcache_driven_transfer.py:1218:lmcache.v1.multiprocess.modules.lmcache_driven_transfer)[0m
[32;20m[2026-09-20 14:17:19,426] LMCache INFO:[0m Stored 384 tokens in 0.003 seconds [3m(lmcache_driven_transfer.py:1218:lmcache.v1.multiprocess.modules.lmcache_driven_transfer)[0m
[32;20m[2026-09-20 14:17:19,525] LMCache INFO:[0m Stored 384 tokens in 0.003 seconds [3m(lmcache_driven_transfer.py:1218:lmcache.v1.multiprocess.modules.lmcache_driven_transfer)[0m
[32;20m[2026-09-20 14:17:19,617] LMCache INFO:[0m Stored 384 tokens in 0.003 seconds [3m(lmcache_driven_transfer.py:1218:lmcache.v1.multiprocess.modules.lmcache_driven_transfer)[0m
[32;20m[2026-09-20 14:17:19,712] LMCache INFO:[0m Stored 384 tokens in 0.003 seconds [3m(lmcache_driven_transfer.py:1218:lmcache.v1.multiprocess.modules.lmcache_driven_transfer)[0m
[32;20m[2026-09-20 14:17:19,794] LMCache INFO:[0m L1 memory usage 0.98 above watermark 0.80; triggering eviction. [3m(eviction_controller.py:179:lmcache.v1.distributed.storage_controllers.eviction_controller)[0m
[32;20m[2026-09-20 14:17:19,808] LMCache INFO:[0m Stored 384 tokens in 0.003 seconds [3m(lmcache_driven_transfer.py:1218:lmcache.v1.multiprocess.modules.lmcache_driven_transfer)[0m
[32;20m[2026-09-20 14:17:19,900] LMCache INFO:[0m Stored 384 tokens in 0.003 seconds [3m(lmcache_driven_transfer.py:1218:lmcache.v1.multiprocess.modules.lmcache_driven_transfer)[0m
[32;20m[2026-09-20 14:17:19,994] LMCache INFO:[0m Stored 384 tokens in 0.003 seconds [3m(lmcache_driven_transfer.py:1218:lmcache.v1.multiprocess.modules.lmcache_driven_transfer)[0m
[32;20m[2026-09-20 14:17:20,089] LMCache INFO:[0m Stored 384 tokens in 0.003 seconds [3m(lmcache_driven_transfer.py:1218:lmcache.v1.multiprocess.modules.lmcache_driven_transfer)[0m
[32;20m[2026-09-20 14:17:20,179] LMCache INFO:[0m Stored 384 tokens in 0.003 seconds [3m(lmcache_driven_transfer.py:1218:lmcache.v1.multiprocess.modules.lmcache_driven_transfer)[0m
[32;20m[2026-09-20 14:17:20,274] LMCache INFO:[0m Stored 96 tokens in 0.005 seconds [3m(lmcache_driven_transfer.py:1218:lmcache.v1.multiprocess.modules.lmcache_driven_transfer)[0m
[32;20m[2026-09-20 14:17:20,399] LMCache INFO:[0m Stored 384 tokens in 0.004 seconds [3m(lmcache_driven_transfer.py:1218:lmcache.v1.multiprocess.modules.lmcache_driven_transfer)[0m
[32;20m[2026-09-20 14:17:20,483] LMCache INFO:[0m Stored 384 tokens in 0.003 seconds [3m(lmcache_driven_transfer.py:1218:lmcache.v1.multiprocess.modules.lmcache_driven_transfer)[0m
[32;20m[2026-09-20 14:17:20,585] LMCache INFO:[0m Stored 384 tokens in 0.003 seconds [3m(lmcache_driven_transfer.py:1218:lmcache.v1.multiprocess.modules.lmcache_driven_transfer)[0m
[32;20m[2026-09-20 14:17:20,678] LMCache INFO:[0m Stored 384 tokens in 0.003 seconds [3m(lmcache_driven_transfer.py:1218:lmcache.v1.multiprocess.modules.lmcache_driven_transfer)[0m
[32;20m[2026-09-20 14:17:20,766] LMCache INFO:[0m Stored 384 tokens in 0.003 seconds [3m(lmcache_driven_transfer.py:1218:lmcache.v1.multiprocess.modules.lmcache_driven_transfer)[0m
[32;20m[2026-09-20 14:17:20,802] LMCache INFO:[0m L1 memory usage 1.00 above watermark 0.80; triggering eviction. [3m(eviction_controller.py:179:lmcache.v1.distributed.storage_controllers.eviction_controller)[0m
[32;20m[2026-09-20 14:17:20,863] LMCache INFO:[0m Stored 368 tokens in 0.003 seconds [3m(lmcache_driven_transfer.py:1218:lmcache.v1.multiprocess.modules.lmcache_driven_transfer)[0m
[32;20m[2026-09-20 14:17:20,954] LMCache INFO:[0m Stored 384 tokens in 0.003 seconds [3m(lmcache_driven_transfer.py:1218:lmcache.v1.multiprocess.modules.lmcache_driven_transfer)[0m
[32;20m[2026-09-20 14:17:21,046] LMCache INFO:[0m Stored 208 tokens in 0.002 seconds [3m(lmcache_driven_transfer.py:1218:lmcache.v1.multiprocess.modules.lmcache_driven_transfer)[0m
[32;20m[2026-09-20 14:17:21,109] LMCache INFO:[0m Stored 368 tokens in 0.003 seconds [3m(lmcache_driven_transfer.py:1218:lmcache.v1.multiprocess.modules.lmcache_driven_transfer)[0m
[32;20m[2026-09-20 14:17:21,206] LMCache INFO:[0m Stored 384 tokens in 0.003 seconds [3m(lmcache_driven_transfer.py:1218:lmcache.v1.multiprocess.modules.lmcache_driven_transfer)[0m
[32;20m[2026-09-20 14:17:21,286] LMCache INFO:[0m Stored 384 tokens in 0.003 seconds [3m(lmcache_driven_transfer.py:1218:lmcache.v1.multiprocess.modules.lmcache_driven_transfer)[0m
[32;20m[2026-09-20 14:17:21,377] LMCache INFO:[0m Prefetch request completed (L1+L2): 24/24 retained keys (24 L1, 0 L2) in 1.1 ms (external_request_id=cmpl-87184cba0c81d510-0-b8a98aff, prefetch_request_id=-1) [3m(storage_manager.py:716:lmcache.v1.distributed.storage_manager)[0m
[32;20m[2026-09-20 14:17:21,384] LMCache INFO:[0m Prefetch request completed (L1+L2): 24/24 retained keys (24 L1, 0 L2) in 1.3 ms (external_request_id=cmpl-a4b4deb44f6daad6-0-9b8c9b03, prefetch_request_id=-1) [3m(storage_manager.py:716:lmcache.v1.distributed.storage_manager)[0m
[32;20m[2026-09-20 14:17:21,384] LMCache INFO:[0m Retrieved 384 tokens in 0.004 seconds [3m(lmcache_driven_transfer.py:1427:lmcache.v1.multiprocess.modules.lmcache_driven_transfer)[0m
[32;20m[2026-09-20 14:17:21,393] LMCache INFO:[0m Retrieved 384 tokens in 0.006 seconds [3m(lmcache_driven_transfer.py:1427:lmcache.v1.multiprocess.modules.lmcache_driven_transfer)[0m
[32;20m[2026-09-20 14:17:21,476] LMCache INFO:[0m Prefetch request completed (L1+L2): 24/24 retained keys (24 L1, 0 L2) in 1.2 ms (external_request_id=cmpl-8681e258d6e22324-0-b2acb4f2, prefetch_request_id=-1) [3m(storage_manager.py:716:lmcache.v1.distributed.storage_manager)[0m
[32;20m[2026-09-20 14:17:21,481] LMCache INFO:[0m Retrieved 384 tokens in 0.002 seconds [3m(lmcache_driven_transfer.py:1427:lmcache.v1.multiprocess.modules.lmcache_driven_transfer)[0m
[32;20m[2026-09-20 14:17:21,536] LMCache INFO:[0m Prefetch request completed (L1+L2): 24/24 retained keys (24 L1, 0 L2) in 1.0 ms (external_request_id=cmpl-b29ec539ac067ecb-0-9733a4b2, prefetch_request_id=-1) [3m(storage_manager.py:716:lmcache.v1.distributed.storage_manager)[0m
[32;20m[2026-09-20 14:17:21,540] LMCache INFO:[0m Retrieved 384 tokens in 0.002 seconds [3m(lmcache_driven_transfer.py:1427:lmcache.v1.multiprocess.modules.lmcache_driven_transfer)[0m
[32;20m[2026-09-20 14:17:21,592] LMCache INFO:[0m Prefetch request completed (L1+L2): 24/24 retained keys (24 L1, 0 L2) in 1.0 ms (external_request_id=cmpl-8eeda0ddec715a6e-0-86f19eed, prefetch_request_id=-1) [3m(storage_manager.py:716:lmcache.v1.distributed.storage_manager)[0m
[32;20m[2026-09-20 14:17:21,597] LMCache INFO:[0m Retrieved 384 tokens in 0.002 seconds [3m(lmcache_driven_transfer.py:1427:lmcache.v1.multiprocess.modules.lmcache_driven_transfer)[0m
[32;20m[2026-09-20 14:17:21,650] LMCache INFO:[0m Prefetch request completed (L1+L2): 24/24 retained keys (24 L1, 0 L2) in 0.9 ms (external_request_id=cmpl-a7797da361378bc3-0-a8ef7531, prefetch_request_id=-1) [3m(storage_manager.py:716:lmcache.v1.distributed.storage_manager)[0m
[32;20m[2026-09-20 14:17:21,655] LMCache INFO:[0m Retrieved 384 tokens in 0.002 seconds [3m(lmcache_driven_transfer.py:1427:lmcache.v1.multiprocess.modules.lmcache_driven_transfer)[0m
[32;20m[2026-09-20 14:17:21,710] LMCache INFO:[0m Prefetch request completed (L1+L2): 24/24 retained keys (24 L1, 0 L2) in 1.1 ms (external_request_id=cmpl-a51ad2fb07aa43ed-0-a5846d40, prefetch_request_id=-1) [3m(storage_manager.py:716:lmcache.v1.distributed.storage_manager)[0m
[32;20m[2026-09-20 14:17:21,716] LMCache INFO:[0m Retrieved 384 tokens in 0.003 seconds [3m(lmcache_driven_transfer.py:1427:lmcache.v1.multiprocess.modules.lmcache_driven_transfer)[0m
[32;20m[2026-09-20 14:17:21,770] LMCache INFO:[0m Prefetch request completed (L1+L2): 24/24 retained keys (24 L1, 0 L2) in 1.0 ms (external_request_id=cmpl-a48dcbd94a785342-0-87a9c50f, prefetch_request_id=-1) [3m(storage_manager.py:716:lmcache.v1.distributed.storage_manager)[0m
[32;20m[2026-09-20 14:17:21,774] LMCache INFO:[0m Retrieved 384 tokens in 0.002 seconds [3m(lmcache_driven_transfer.py:1427:lmcache.v1.multiprocess.modules.lmcache_driven_transfer)[0m
[32;20m[2026-09-20 14:17:21,809] LMCache INFO:[0m L1 memory usage 0.91 above watermark 0.80; triggering eviction. [3m(eviction_controller.py:179:lmcache.v1.distributed.storage_controllers.eviction_controller)[0m
[32;20m[2026-09-20 14:17:21,870] LMCache INFO:[0m Stored 384 tokens in 0.003 seconds [3m(lmcache_driven_transfer.py:1218:lmcache.v1.multiprocess.modules.lmcache_driven_transfer)[0m
[32;20m[2026-09-20 14:17:21,912] LMCache INFO:[0m Prefetch request completed (L1+L2): 24/24 retained keys (24 L1, 0 L2) in 1.2 ms (external_request_id=cmpl-be5e215b49bb5a81-0-914fc814, prefetch_request_id=-1) [3m(storage_manager.py:716:lmcache.v1.distributed.storage_manager)[0m
[32;20m[2026-09-20 14:17:21,917] LMCache INFO:[0m Retrieved 384 tokens in 0.002 seconds [3m(lmcache_driven_transfer.py:1427:lmcache.v1.multiprocess.modules.lmcache_driven_transfer)[0m
[32;20m[2026-09-20 14:17:21,974] LMCache INFO:[0m Prefetch request completed (L1+L2): 24/24 retained keys (24 L1, 0 L2) in 1.3 ms (external_request_id=cmpl-9839e420291374e5-0-87e3b9b8, prefetch_request_id=-1) [3m(storage_manager.py:716:lmcache.v1.distributed.storage_manager)[0m
[32;20m[2026-09-20 14:17:21,978] LMCache INFO:[0m Retrieved 384 tokens in 0.002 seconds [3m(lmcache_driven_transfer.py:1427:lmcache.v1.multiprocess.modules.lmcache_driven_transfer)[0m
[32;20m[2026-09-20 14:17:22,232] LMCache INFO:[0m Prefetch request completed (L1+L2): 24/24 retained keys (24 L1, 0 L2) in 1.1 ms (external_request_id=cmpl-bdeb680cb74be0a6-0-beb41148, prefetch_request_id=-1) [3m(storage_manager.py:716:lmcache.v1.distributed.storage_manager)[0m
[32;20m[2026-09-20 14:17:22,236] LMCache INFO:[0m Retrieved 384 tokens in 0.002 seconds [3m(lmcache_driven_transfer.py:1427:lmcache.v1.multiprocess.modules.lmcache_driven_transfer)[0m
[32;20m[2026-09-20 14:17:22,321] LMCache INFO:[0m Prefetch request completed (L1+L2): 24/24 retained keys (24 L1, 0 L2) in 1.1 ms (external_request_id=cmpl-898685bf35d14ce8-0-856bd1fd, prefetch_request_id=-1) [3m(storage_manager.py:716:lmcache.v1.distributed.storage_manager)[0m
[32;20m[2026-09-20 14:17:22,326] LMCache INFO:[0m Prefetch request completed (L1+L2): 24/24 retained keys (24 L1, 0 L2) in 1.1 ms (external_request_id=cmpl-a8f27a9036d102c4-0-9e5b7ac8, prefetch_request_id=-1) [3m(storage_manager.py:716:lmcache.v1.distributed.storage_manager)[0m
[32;20m[2026-09-20 14:17:22,328] LMCache INFO:[0m Retrieved 384 tokens in 0.005 seconds [3m(lmcache_driven_transfer.py:1427:lmcache.v1.multiprocess.modules.lmcache_driven_transfer)[0m
[32;20m[2026-09-20 14:17:22,332] LMCache INFO:[0m Retrieved 384 tokens in 0.002 seconds [3m(lmcache_driven_transfer.py:1427:lmcache.v1.multiprocess.modules.lmcache_driven_transfer)[0m
[32;20m[2026-09-20 14:17:22,425] LMCache INFO:[0m Prefetch request completed (L1+L2): 24/24 retained keys (24 L1, 0 L2) in 1.3 ms (external_request_id=cmpl-a69a1f90e8cfce37-0-b82b7382, prefetch_request_id=-1) [3m(storage_manager.py:716:lmcache.v1.distributed.storage_manager)[0m
[32;20m[2026-09-20 14:17:22,430] LMCache INFO:[0m Retrieved 384 tokens in 0.002 seconds [3m(lmcache_driven_transfer.py:1427:lmcache.v1.multiprocess.modules.lmcache_driven_transfer)[0m
[32;20m[2026-09-20 14:17:22,487] LMCache INFO:[0m Prefetch request completed (L1+L2): 24/24 retained keys (24 L1, 0 L2) in 1.3 ms (external_request_id=cmpl-9386a24dd0c83016-0-b1731cdc, prefetch_request_id=-1) [3m(storage_manager.py:716:lmcache.v1.distributed.storage_manager)[0m
[32;20m[2026-09-20 14:17:22,492] LMCache INFO:[0m Retrieved 384 tokens in 0.002 seconds [3m(lmcache_driven_transfer.py:1427:lmcache.v1.multiprocess.modules.lmcache_driven_transfer)[0m
[32;20m[2026-09-20 14:17:22,548] LMCache INFO:[0m Prefetch request completed (L1+L2): 24/24 retained keys (24 L1, 0 L2) in 1.0 ms (external_request_id=cmpl-aadaa2d1a3fcbe6b-0-9eaf0f1b, prefetch_request_id=-1) [3m(storage_manager.py:716:lmcache.v1.distributed.storage_manager)[0m
[32;20m[2026-09-20 14:17:22,553] LMCache INFO:[0m Retrieved 384 tokens in 0.002 seconds [3m(lmcache_driven_transfer.py:1427:lmcache.v1.multiprocess.modules.lmcache_driven_transfer)[0m
[32;20m[2026-09-20 14:17:22,606] LMCache INFO:[0m Prefetch request completed (L1+L2): 23/23 retained keys (23 L1, 0 L2) in 1.3 ms (external_request_id=cmpl-921e2d978a4e2034-0-bc9dde35, prefetch_request_id=-1) [3m(storage_manager.py:716:lmcache.v1.distributed.storage_manager)[0m
[32;20m[2026-09-20 14:17:22,611] LMCache INFO:[0m Retrieved 368 tokens in 0.002 seconds [3m(lmcache_driven_transfer.py:1427:lmcache.v1.multiprocess.modules.lmcache_driven_transfer)[0m
[32;20m[2026-09-20 14:17:22,663] LMCache INFO:[0m Prefetch request completed (L1+L2): 24/24 retained keys (24 L1, 0 L2) in 1.0 ms (external_request_id=cmpl-935c2e2497e791bc-0-93e96a7c, prefetch_request_id=-1) [3m(storage_manager.py:716:lmcache.v1.distributed.storage_manager)[0m
[32;20m[2026-09-20 14:17:22,668] LMCache INFO:[0m Retrieved 384 tokens in 0.002 seconds [3m(lmcache_driven_transfer.py:1427:lmcache.v1.multiprocess.modules.lmcache_driven_transfer)[0m
[32;20m[2026-09-20 14:17:22,722] LMCache INFO:[0m Prefetch request completed (L1+L2): 24/24 retained keys (24 L1, 0 L2) in 1.2 ms (external_request_id=cmpl-a52b6d394793002f-0-91ccbbdc, prefetch_request_id=-1) [3m(storage_manager.py:716:lmcache.v1.distributed.storage_manager)[0m
[32;20m[2026-09-20 14:17:22,727] LMCache INFO:[0m Retrieved 384 tokens in 0.002 seconds [3m(lmcache_driven_transfer.py:1427:lmcache.v1.multiprocess.modules.lmcache_driven_transfer)[0m
[32;20m[2026-09-20 14:17:22,781] LMCache INFO:[0m Prefetch request completed (L1+L2): 24/24 retained keys (24 L1, 0 L2) in 1.1 ms (external_request_id=cmpl-81ba67ff61db144d-0-8fa34a2e, prefetch_request_id=-1) [3m(storage_manager.py:716:lmcache.v1.distributed.storage_manager)[0m
[32;20m[2026-09-20 14:17:22,786] LMCache INFO:[0m Retrieved 384 tokens in 0.002 seconds [3m(lmcache_driven_transfer.py:1427:lmcache.v1.multiprocess.modules.lmcache_driven_transfer)[0m
[32;20m[2026-09-20 14:17:22,885] LMCache INFO:[0m Stored 336 tokens in 0.003 seconds [3m(lmcache_driven_transfer.py:1218:lmcache.v1.multiprocess.modules.lmcache_driven_transfer)[0m
[32;20m[2026-09-20 14:17:22,962] LMCache INFO:[0m Stored 384 tokens in 0.003 seconds [3m(lmcache_driven_transfer.py:1218:lmcache.v1.multiprocess.modules.lmcache_driven_transfer)[0m
[32;20m[2026-09-20 14:17:23,133] LMCache INFO:[0m Prefetch request completed (L1+L2): 24/24 retained keys (24 L1, 0 L2) in 1.0 ms (external_request_id=cmpl-aa55b86a3373e9c7-0-981605fc, prefetch_request_id=-1) [3m(storage_manager.py:716:lmcache.v1.distributed.storage_manager)[0m
[32;20m[2026-09-20 14:17:23,138] LMCache INFO:[0m Retrieved 384 tokens in 0.002 seconds [3m(lmcache_driven_transfer.py:1427:lmcache.v1.multiprocess.modules.lmcache_driven_transfer)[0m
[32;20m[2026-09-20 14:17:23,263] LMCache INFO:[0m Stored 384 tokens in 0.003 seconds [3m(lmcache_driven_transfer.py:1218:lmcache.v1.multiprocess.modules.lmcache_driven_transfer)[0m
[32;20m[2026-09-20 14:17:23,346] LMCache INFO:[0m Stored 384 tokens in 0.003 seconds [3m(lmcache_driven_transfer.py:1218:lmcache.v1.multiprocess.modules.lmcache_driven_transfer)[0m
[32;20m[2026-09-20 14:17:23,439] LMCache INFO:[0m Stored 384 tokens in 0.003 seconds [3m(lmcache_driven_transfer.py:1218:lmcache.v1.multiprocess.modules.lmcache_driven_transfer)[0m
[32;20m[2026-09-20 14:17:23,533] LMCache INFO:[0m Stored 384 tokens in 0.003 seconds [3m(lmcache_driven_transfer.py:1218:lmcache.v1.multiprocess.modules.lmcache_driven_transfer)[0m
[32;20m[2026-09-20 14:17:23,623] LMCache INFO:[0m Stored 384 tokens in 0.003 seconds [3m(lmcache_driven_transfer.py:1218:lmcache.v1.multiprocess.modules.lmcache_driven_transfer)[0m
[32;20m[2026-09-20 14:17:23,719] LMCache INFO:[0m Stored 384 tokens in 0.003 seconds [3m(lmcache_driven_transfer.py:1218:lmcache.v1.multiprocess.modules.lmcache_driven_transfer)[0m
[32;20m[2026-09-20 14:17:23,816] LMCache INFO:[0m Stored 384 tokens in 0.003 seconds [3m(lmcache_driven_transfer.py:1218:lmcache.v1.multiprocess.modules.lmcache_driven_transfer)[0m
[32;20m[2026-09-20 14:17:23,819] LMCache INFO:[0m L1 memory usage 0.93 above watermark 0.80; triggering eviction. [3m(eviction_controller.py:179:lmcache.v1.distributed.storage_controllers.eviction_controller)[0m
[32;20m[2026-09-20 14:17:23,908] LMCache INFO:[0m Stored 384 tokens in 0.003 seconds [3m(lmcache_driven_transfer.py:1218:lmcache.v1.multiprocess.modules.lmcache_driven_transfer)[0m
[32;20m[2026-09-20 14:17:24,007] LMCache INFO:[0m Stored 336 tokens in 0.003 seconds [3m(lmcache_driven_transfer.py:1218:lmcache.v1.multiprocess.modules.lmcache_driven_transfer)[0m
[32;20m[2026-09-20 14:17:24,093] LMCache INFO:[0m Stored 384 tokens in 0.003 seconds [3m(lmcache_driven_transfer.py:1218:lmcache.v1.multiprocess.modules.lmcache_driven_transfer)[0m
[32;20m[2026-09-20 14:17:24,187] LMCache INFO:[0m Stored 384 tokens in 0.003 seconds [3m(lmcache_driven_transfer.py:1218:lmcache.v1.multiprocess.modules.lmcache_driven_transfer)[0m
[32;20m[2026-09-20 14:17:24,275] LMCache INFO:[0m Stored 368 tokens in 0.003 seconds [3m(lmcache_driven_transfer.py:1218:lmcache.v1.multiprocess.modules.lmcache_driven_transfer)[0m
[32;20m[2026-09-20 14:17:24,418] LMCache INFO:[0m Stored 384 tokens in 0.003 seconds [3m(lmcache_driven_transfer.py:1218:lmcache.v1.multiprocess.modules.lmcache_driven_transfer)[0m
[32;20m[2026-09-20 14:17:24,502] LMCache INFO:[0m Stored 384 tokens in 0.003 seconds [3m(lmcache_driven_transfer.py:1218:lmcache.v1.multiprocess.modules.lmcache_driven_transfer)[0m
[32;20m[2026-09-20 14:17:24,595] LMCache INFO:[0m Stored 384 tokens in 0.003 seconds [3m(lmcache_driven_transfer.py:1218:lmcache.v1.multiprocess.modules.lmcache_driven_transfer)[0m
[32;20m[2026-09-20 14:17:24,687] LMCache INFO:[0m Stored 384 tokens in 0.003 seconds [3m(lmcache_driven_transfer.py:1218:lmcache.v1.multiprocess.modules.lmcache_driven_transfer)[0m
[32;20m[2026-09-20 14:17:24,778] LMCache INFO:[0m Stored 240 tokens in 0.003 seconds [3m(lmcache_driven_transfer.py:1218:lmcache.v1.multiprocess.modules.lmcache_driven_transfer)[0m
[32;20m[2026-09-20 14:17:24,826] LMCache INFO:[0m L1 memory usage 0.95 above watermark 0.80; triggering eviction. [3m(eviction_controller.py:179:lmcache.v1.distributed.storage_controllers.eviction_controller)[0m
[32;20m[2026-09-20 14:17:24,844] LMCache INFO:[0m Stored 384 tokens in 0.003 seconds [3m(lmcache_driven_transfer.py:1218:lmcache.v1.multiprocess.modules.lmcache_driven_transfer)[0m
[32;20m[2026-09-20 14:17:24,935] LMCache INFO:[0m Stored 384 tokens in 0.003 seconds [3m(lmcache_driven_transfer.py:1218:lmcache.v1.multiprocess.modules.lmcache_driven_transfer)[0m
[32;20m[2026-09-20 14:17:25,033] LMCache INFO:[0m Stored 384 tokens in 0.003 seconds [3m(lmcache_driven_transfer.py:1218:lmcache.v1.multiprocess.modules.lmcache_driven_transfer)[0m
[32;20m[2026-09-20 14:17:25,122] LMCache INFO:[0m Stored 384 tokens in 0.003 seconds [3m(lmcache_driven_transfer.py:1218:lmcache.v1.multiprocess.modules.lmcache_driven_transfer)[0m
[32;20m[2026-09-20 14:17:25,212] LMCache INFO:[0m Stored 384 tokens in 0.003 seconds [3m(lmcache_driven_transfer.py:1218:lmcache.v1.multiprocess.modules.lmcache_driven_transfer)[0m
[32;20m[2026-09-20 14:17:25,310] LMCache INFO:[0m Stored 384 tokens in 0.004 seconds [3m(lmcache_driven_transfer.py:1218:lmcache.v1.multiprocess.modules.lmcache_driven_transfer)[0m
[32;20m[2026-09-20 14:17:25,350] LMCache INFO:[0m Prefetch request completed (L1+L2): 24/24 retained keys (24 L1, 0 L2) in 2.6 ms (external_request_id=cmpl-8282051342816932-0-baafffd7, prefetch_request_id=-1) [3m(storage_manager.py:716:lmcache.v1.distributed.storage_manager)[0m
[32;20m[2026-09-20 14:17:25,356] LMCache INFO:[0m Retrieved 384 tokens in 0.002 seconds [3m(lmcache_driven_transfer.py:1427:lmcache.v1.multiprocess.modules.lmcache_driven_transfer)[0m
[32;20m[2026-09-20 14:17:25,489] LMCache INFO:[0m Stored 384 tokens in 0.003 seconds [3m(lmcache_driven_transfer.py:1218:lmcache.v1.multiprocess.modules.lmcache_driven_transfer)[0m
[32;20m[2026-09-20 14:17:25,572] LMCache INFO:[0m Stored 384 tokens in 0.003 seconds [3m(lmcache_driven_transfer.py:1218:lmcache.v1.multiprocess.modules.lmcache_driven_transfer)[0m
[32;20m[2026-09-20 14:17:25,665] LMCache INFO:[0m Stored 384 tokens in 0.003 seconds [3m(lmcache_driven_transfer.py:1218:lmcache.v1.multiprocess.modules.lmcache_driven_transfer)[0m
[32;20m[2026-09-20 14:17:25,761] LMCache INFO:[0m Stored 384 tokens in 0.003 seconds [3m(lmcache_driven_transfer.py:1218:lmcache.v1.multiprocess.modules.lmcache_driven_transfer)[0m
[32;20m[2026-09-20 14:17:25,833] LMCache INFO:[0m L1 memory usage 0.96 above watermark 0.80; triggering eviction. [3m(eviction_controller.py:179:lmcache.v1.distributed.storage_controllers.eviction_controller)[0m
[32;20m[2026-09-20 14:17:25,854] LMCache INFO:[0m Stored 384 tokens in 0.003 seconds [3m(lmcache_driven_transfer.py:1218:lmcache.v1.multiprocess.modules.lmcache_driven_transfer)[0m
[32;20m[2026-09-20 14:17:25,945] LMCache INFO:[0m Stored 384 tokens in 0.003 seconds [3m(lmcache_driven_transfer.py:1218:lmcache.v1.multiprocess.modules.lmcache_driven_transfer)[0m
[32;20m[2026-09-20 14:17:26,034] LMCache INFO:[0m Stored 384 tokens in 0.003 seconds [3m(lmcache_driven_transfer.py:1218:lmcache.v1.multiprocess.modules.lmcache_driven_transfer)[0m
[32;20m[2026-09-20 14:17:26,140] LMCache INFO:[0m Stored 176 tokens in 0.015 seconds [3m(lmcache_driven_transfer.py:1218:lmcache.v1.multiprocess.modules.lmcache_driven_transfer)[0m
[32;20m[2026-09-20 14:17:26,184] LMCache INFO:[0m Stored 384 tokens in 0.003 seconds [3m(lmcache_driven_transfer.py:1218:lmcache.v1.multiprocess.modules.lmcache_driven_transfer)[0m
[32;20m[2026-09-20 14:17:26,274] LMCache INFO:[0m Stored 384 tokens in 0.003 seconds [3m(lmcache_driven_transfer.py:1218:lmcache.v1.multiprocess.modules.lmcache_driven_transfer)[0m
[32;20m[2026-09-20 14:17:26,361] LMCache INFO:[0m Stored 384 tokens in 0.003 seconds [3m(lmcache_driven_transfer.py:1218:lmcache.v1.multiprocess.modules.lmcache_driven_transfer)[0m
[32;20m[2026-09-20 14:17:26,489] LMCache INFO:[0m Stored 384 tokens in 0.003 seconds [3m(lmcache_driven_transfer.py:1218:lmcache.v1.multiprocess.modules.lmcache_driven_transfer)[0m
[32;20m[2026-09-20 14:17:26,572] LMCache INFO:[0m Stored 384 tokens in 0.003 seconds [3m(lmcache_driven_transfer.py:1218:lmcache.v1.multiprocess.modules.lmcache_driven_transfer)[0m
[32;20m[2026-09-20 14:17:26,666] LMCache INFO:[0m Stored 384 tokens in 0.003 seconds [3m(lmcache_driven_transfer.py:1218:lmcache.v1.multiprocess.modules.lmcache_driven_transfer)[0m
[32;20m[2026-09-20 14:17:26,760] LMCache INFO:[0m Stored 384 tokens in 0.003 seconds [3m(lmcache_driven_transfer.py:1218:lmcache.v1.multiprocess.modules.lmcache_driven_transfer)[0m
[32;20m[2026-09-20 14:17:26,841] LMCache INFO:[0m L1 memory usage 0.98 above watermark 0.80; triggering eviction. [3m(eviction_controller.py:179:lmcache.v1.distributed.storage_controllers.eviction_controller)[0m
[32;20m[2026-09-20 14:17:26,858] LMCache INFO:[0m Stored 368 tokens in 0.003 seconds [3m(lmcache_driven_transfer.py:1218:lmcache.v1.multiprocess.modules.lmcache_driven_transfer)[0m
[32;20m[2026-09-20 14:17:26,953] LMCache INFO:[0m Stored 384 tokens in 0.003 seconds [3m(lmcache_driven_transfer.py:1218:lmcache.v1.multiprocess.modules.lmcache_driven_transfer)[0m
[32;20m[2026-09-20 14:17:27,041] LMCache INFO:[0m Stored 384 tokens in 0.003 seconds [3m(lmcache_driven_transfer.py:1218:lmcache.v1.multiprocess.modules.lmcache_driven_transfer)[0m
[32;20m[2026-09-20 14:17:27,132] LMCache INFO:[0m Stored 384 tokens in 0.003 seconds [3m(lmcache_driven_transfer.py:1218:lmcache.v1.multiprocess.modules.lmcache_driven_transfer)[0m
[32;20m[2026-09-20 14:17:27,223] LMCache INFO:[0m Stored 384 tokens in 0.003 seconds [3m(lmcache_driven_transfer.py:1218:lmcache.v1.multiprocess.modules.lmcache_driven_transfer)[0m
[32;20m[2026-09-20 14:17:27,321] LMCache INFO:[0m Stored 384 tokens in 0.003 seconds [3m(lmcache_driven_transfer.py:1218:lmcache.v1.multiprocess.modules.lmcache_driven_transfer)[0m
[32;20m[2026-09-20 14:17:27,416] LMCache INFO:[0m Stored 368 tokens in 0.003 seconds [3m(lmcache_driven_transfer.py:1218:lmcache.v1.multiprocess.modules.lmcache_driven_transfer)[0m
[32;20m[2026-09-20 14:17:27,456] LMCache INFO:[0m Prefetch request completed (L1+L2): 24/24 retained keys (24 L1, 0 L2) in 1.8 ms (external_request_id=cmpl-bb45b20e0d5d5f11-0-ae96875d, prefetch_request_id=-1) [3m(storage_manager.py:716:lmcache.v1.distributed.storage_manager)[0m
[32;20m[2026-09-20 14:17:27,461] LMCache INFO:[0m Retrieved 384 tokens in 0.002 seconds [3m(lmcache_driven_transfer.py:1427:lmcache.v1.multiprocess.modules.lmcache_driven_transfer)[0m
[32;20m[2026-09-20 14:17:27,598] LMCache INFO:[0m Stored 384 tokens in 0.003 seconds [3m(lmcache_driven_transfer.py:1218:lmcache.v1.multiprocess.modules.lmcache_driven_transfer)[0m
[32;20m[2026-09-20 14:17:27,601] LMCache INFO:[0m Stored 384 tokens in 0.003 seconds [3m(lmcache_driven_transfer.py:1218:lmcache.v1.multiprocess.modules.lmcache_driven_transfer)[0m
[32;20m[2026-09-20 14:17:27,757] LMCache INFO:[0m Stored 384 tokens in 0.003 seconds [3m(lmcache_driven_transfer.py:1218:lmcache.v1.multiprocess.modules.lmcache_driven_transfer)[0m
[33;20m[2026-09-20 14:17:27,847] LMCache WARNING:[0m Failed to batched allocate 24 memory blocks of size 458752 because no enough memory is available (short by 14 blocks) [3m(memory_management.py:1490:lmcache.v1.memory_management)[0m
[32;20m[2026-09-20 14:17:27,850] LMCache INFO:[0m L1 memory usage 0.99 above watermark 0.80; triggering eviction. [3m(eviction_controller.py:179:lmcache.v1.distributed.storage_controllers.eviction_controller)[0m
[32;20m[2026-09-20 14:17:27,939] LMCache INFO:[0m Stored 384 tokens in 0.003 seconds [3m(lmcache_driven_transfer.py:1218:lmcache.v1.multiprocess.modules.lmcache_driven_transfer)[0m
[32;20m[2026-09-20 14:17:28,032] LMCache INFO:[0m Stored 384 tokens in 0.003 seconds [3m(lmcache_driven_transfer.py:1218:lmcache.v1.multiprocess.modules.lmcache_driven_transfer)[0m
[32;20m[2026-09-20 14:17:28,122] LMCache INFO:[0m Stored 336 tokens in 0.003 seconds [3m(lmcache_driven_transfer.py:1218:lmcache.v1.multiprocess.modules.lmcache_driven_transfer)[0m
[32;20m[2026-09-20 14:17:28,211] LMCache INFO:[0m Stored 384 tokens in 0.003 seconds [3m(lmcache_driven_transfer.py:1218:lmcache.v1.multiprocess.modules.lmcache_driven_transfer)[0m
[32;20m[2026-09-20 14:17:28,304] LMCache INFO:[0m Stored 384 tokens in 0.003 seconds [3m(lmcache_driven_transfer.py:1218:lmcache.v1.multiprocess.modules.lmcache_driven_transfer)[0m
[32;20m[2026-09-20 14:17:28,346] LMCache INFO:[0m L0<->L1 stats [cuda:0] last 10.0s: store ops=89 tokens=31968 size=0.92GB avg_copy=6.51GB/s | retrieve ops=24 tokens=9200 size=0.26GB avg_copy=3.81GB/s [3m(extra_stats.py:159:lmcache.v1.mp_observability.subscribers.logging.extra_stats)[0m
[32;20m[2026-09-20 14:17:28,346] LMCache INFO:[0m L0<->L1 stats [cuda:0] cumulative: store ops=846 tokens=311200 size=8.92GB avg_copy=5.84GB/s | retrieve ops=254 tokens=95968 size=2.75GB avg_copy=3.91GB/s [3m(extra_stats.py:168:lmcache.v1.mp_observability.subscribers.logging.extra_stats)[0m
[32;20m[2026-09-20 14:17:28,397] LMCache INFO:[0m Stored 384 tokens in 0.003 seconds [3m(lmcache_driven_transfer.py:1218:lmcache.v1.multiprocess.modules.lmcache_driven_transfer)[0m
[32;20m[2026-09-20 14:17:28,494] LMCache INFO:[0m Stored 384 tokens in 0.003 seconds [3m(lmcache_driven_transfer.py:1218:lmcache.v1.multiprocess.modules.lmcache_driven_transfer)[0m
[32;20m[2026-09-20 14:17:28,535] LMCache INFO:[0m Prefetch request completed (L1+L2): 24/24 retained keys (24 L1, 0 L2) in 3.3 ms (external_request_id=cmpl-8adbbca59635e686-0-978c57b8, prefetch_request_id=-1) [3m(storage_manager.py:716:lmcache.v1.distributed.storage_manager)[0m
[32;20m[2026-09-20 14:17:28,540] LMCache INFO:[0m Retrieved 384 tokens in 0.002 seconds [3m(lmcache_driven_transfer.py:1427:lmcache.v1.multiprocess.modules.lmcache_driven_transfer)[0m
[32;20m[2026-09-20 14:17:28,672] LMCache INFO:[0m Stored 384 tokens in 0.003 seconds [3m(lmcache_driven_transfer.py:1218:lmcache.v1.multiprocess.modules.lmcache_driven_transfer)[0m
[32;20m[2026-09-20 14:17:28,675] LMCache INFO:[0m Stored 384 tokens in 0.003 seconds [3m(lmcache_driven_transfer.py:1218:lmcache.v1.multiprocess.modules.lmcache_driven_transfer)[0m
[32;20m[2026-09-20 14:17:28,832] LMCache INFO:[0m Stored 384 tokens in 0.004 seconds [3m(lmcache_driven_transfer.py:1218:lmcache.v1.multiprocess.modules.lmcache_driven_transfer)[0m
[32;20m[2026-09-20 14:17:28,858] LMCache INFO:[0m L1 memory usage: 0.50/0.50 GiB (99.5%) [3m(eviction_controller.py:153:lmcache.v1.distributed.storage_controllers.eviction_controller)[0m
[32;20m[2026-09-20 14:17:28,858] LMCache INFO:[0m L1 memory usage 1.00 above watermark 0.80; triggering eviction. [3m(eviction_controller.py:179:lmcache.v1.distributed.storage_controllers.eviction_controller)[0m
[32;20m[2026-09-20 14:17:28,929] LMCache INFO:[0m Stored 384 tokens in 0.003 seconds [3m(lmcache_driven_transfer.py:1218:lmcache.v1.multiprocess.modules.lmcache_driven_transfer)[0m
[32;20m[2026-09-20 14:17:29,020] LMCache INFO:[0m Stored 320 tokens in 0.003 seconds [3m(lmcache_driven_transfer.py:1218:lmcache.v1.multiprocess.modules.lmcache_driven_transfer)[0m
[32;20m[2026-09-20 14:17:29,102] LMCache INFO:[0m Stored 384 tokens in 0.003 seconds [3m(lmcache_driven_transfer.py:1218:lmcache.v1.multiprocess.modules.lmcache_driven_transfer)[0m
[32;20m[2026-09-20 14:17:29,202] LMCache INFO:[0m Stored 368 tokens in 0.003 seconds [3m(lmcache_driven_transfer.py:1218:lmcache.v1.multiprocess.modules.lmcache_driven_transfer)[0m
[32;20m[2026-09-20 14:17:29,296] LMCache INFO:[0m Stored 384 tokens in 0.003 seconds [3m(lmcache_driven_transfer.py:1218:lmcache.v1.multiprocess.modules.lmcache_driven_transfer)[0m
[32;20m[2026-09-20 14:17:29,349] LMCache INFO:[0m Prefetch request completed (L1+L2): 24/24 retained keys (24 L1, 0 L2) in 1.3 ms (external_request_id=cmpl-886696619775d279-0-b3810186, prefetch_request_id=-1) [3m(storage_manager.py:716:lmcache.v1.distributed.storage_manager)[0m
[32;20m[2026-09-20 14:17:29,354] LMCache INFO:[0m Retrieved 384 tokens in 0.002 seconds [3m(lmcache_driven_transfer.py:1427:lmcache.v1.multiprocess.modules.lmcache_driven_transfer)[0m
[32;20m[2026-09-20 14:17:29,454] LMCache INFO:[0m Stored 384 tokens in 0.003 seconds [3m(lmcache_driven_transfer.py:1218:lmcache.v1.multiprocess.modules.lmcache_driven_transfer)[0m
[32;20m[2026-09-20 14:17:29,538] LMCache INFO:[0m Stored 384 tokens in 0.003 seconds [3m(lmcache_driven_transfer.py:1218:lmcache.v1.multiprocess.modules.lmcache_driven_transfer)[0m
[32;20m[2026-09-20 14:17:29,587] LMCache INFO:[0m Prefetch request completed (L1+L2): 20/20 retained keys (20 L1, 0 L2) in 1.4 ms (external_request_id=cmpl-94c541ad334edfb4-0-be3d84f8, prefetch_request_id=-1) [3m(storage_manager.py:716:lmcache.v1.distributed.storage_manager)[0m
[32;20m[2026-09-20 14:17:29,593] LMCache INFO:[0m Retrieved 320 tokens in 0.002 seconds [3m(lmcache_driven_transfer.py:1427:lmcache.v1.multiprocess.modules.lmcache_driven_transfer)[0m
[32;20m[2026-09-20 14:17:29,721] LMCache INFO:[0m Stored 384 tokens in 0.003 seconds [3m(lmcache_driven_transfer.py:1218:lmcache.v1.multiprocess.modules.lmcache_driven_transfer)[0m
[32;20m[2026-09-20 14:17:29,802] LMCache INFO:[0m Stored 384 tokens in 0.003 seconds [3m(lmcache_driven_transfer.py:1218:lmcache.v1.multiprocess.modules.lmcache_driven_transfer)[0m
[32;20m[2026-09-20 14:17:29,865] LMCache INFO:[0m L1 memory usage 0.98 above watermark 0.80; triggering eviction. [3m(eviction_controller.py:179:lmcache.v1.distributed.storage_controllers.eviction_controller)[0m
[32;20m[2026-09-20 14:17:29,899] LMCache INFO:[0m Stored 384 tokens in 0.003 seconds [3m(lmcache_driven_transfer.py:1218:lmcache.v1.multiprocess.modules.lmcache_driven_transfer)[0m
[32;20m[2026-09-20 14:17:29,993] LMCache INFO:[0m Stored 384 tokens in 0.003 seconds [3m(lmcache_driven_transfer.py:1218:lmcache.v1.multiprocess.modules.lmcache_driven_transfer)[0m
[32;20m[2026-09-20 14:17:30,084] LMCache INFO:[0m Stored 384 tokens in 0.003 seconds [3m(lmcache_driven_transfer.py:1218:lmcache.v1.multiprocess.modules.lmcache_driven_transfer)[0m
[32;20m[2026-09-20 14:17:30,185] LMCache INFO:[0m Stored 384 tokens in 0.007 seconds [3m(lmcache_driven_transfer.py:1218:lmcache.v1.multiprocess.modules.lmcache_driven_transfer)[0m
[32;20m[2026-09-20 14:17:30,273] LMCache INFO:[0m Stored 368 tokens in 0.003 seconds [3m(lmcache_driven_transfer.py:1218:lmcache.v1.multiprocess.modules.lmcache_driven_transfer)[0m
[32;20m[2026-09-20 14:17:30,361] LMCache INFO:[0m Stored 384 tokens in 0.003 seconds [3m(lmcache_driven_transfer.py:1218:lmcache.v1.multiprocess.modules.lmcache_driven_transfer)[0m
[32;20m[2026-09-20 14:17:30,450] LMCache INFO:[0m Stored 384 tokens in 0.003 seconds [3m(lmcache_driven_transfer.py:1218:lmcache.v1.multiprocess.modules.lmcache_driven_transfer)[0m
[32;20m[2026-09-20 14:17:30,545] LMCache INFO:[0m Stored 336 tokens in 0.003 seconds [3m(lmcache_driven_transfer.py:1218:lmcache.v1.multiprocess.modules.lmcache_driven_transfer)[0m
[32;20m[2026-09-20 14:17:30,633] LMCache INFO:[0m Stored 384 tokens in 0.003 seconds [3m(lmcache_driven_transfer.py:1218:lmcache.v1.multiprocess.modules.lmcache_driven_transfer)[0m
[32;20m[2026-09-20 14:17:30,677] LMCache INFO:[0m Prefetch request completed (L1+L2): 24/24 retained keys (24 L1, 0 L2) in 1.2 ms (external_request_id=cmpl-9d9ee6cb82001754-0-8602543c, prefetch_request_id=-1) [3m(storage_manager.py:716:lmcache.v1.distributed.storage_manager)[0m
[32;20m[2026-09-20 14:17:30,684] LMCache INFO:[0m Retrieved 384 tokens in 0.004 seconds [3m(lmcache_driven_transfer.py:1427:lmcache.v1.multiprocess.modules.lmcache_driven_transfer)[0m
[32;20m[2026-09-20 14:17:30,831] LMCache INFO:[0m Unregistered KV cache for GPU ID 1861392738848753859 [3m(lmcache_driven_transfer.py:991:lmcache.v1.multiprocess.modules.lmcache_driven_transfer)[0m
INFO:     Shutting down
[32;20m[2026-09-20 14:17:30,873] LMCache INFO:[0m L1 memory usage 0.97 above watermark 0.80; triggering eviction. [3m(eviction_controller.py:179:lmcache.v1.distributed.storage_controllers.eviction_controller)[0m
INFO:     Waiting for application shutdown.
[32;20m[2026-09-20 14:17:30,935] LMCache INFO:[0m Shutting down LMCache HTTP server... [3m(http_server.py:168:lmcache.v1.multiprocess.http_server)[0m
[32;20m[2026-09-20 14:17:31,834] LMCache INFO:[0m Stopping PeriodicThread: lmcache-mp-worker-reaper [3m(periodic_thread.py:267:lmcache.v1.periodic_thread)[0m
[32;20m[2026-09-20 14:17:31,834] LMCache INFO:[0m PeriodicThread lmcache-mp-worker-reaper loop stopped [3m(periodic_thread.py:371:lmcache.v1.periodic_thread)[0m
[32;20m[2026-09-20 14:17:31,835] LMCache INFO:[0m Stopping PeriodicThread: DeviceHostFuncDispatcher [3m(periodic_thread.py:267:lmcache.v1.periodic_thread)[0m
[32;20m[2026-09-20 14:17:31,835] LMCache INFO:[0m PeriodicThread DeviceHostFuncDispatcher loop stopped [3m(periodic_thread.py:371:lmcache.v1.periodic_thread)[0m
[32;20m[2026-09-20 14:17:31,835] LMCache INFO:[0m Stopping PeriodicThread: SessionManager-cleanup-thread-7bc6acdaa780 [3m(periodic_thread.py:267:lmcache.v1.periodic_thread)[0m
[32;20m[2026-09-20 14:17:31,835] LMCache INFO:[0m PeriodicThread SessionManager-cleanup-thread-7bc6acdaa780 loop stopped [3m(periodic_thread.py:371:lmcache.v1.periodic_thread)[0m
[32;20m[2026-09-20 14:17:32,059] LMCache INFO:[0m MPCacheServer closed [3m(server.py:126:lmcache.v1.multiprocess.server)[0m
[32;20m[2026-09-20 14:17:32,059] LMCache INFO:[0m LMCache HTTP server stopped [3m(http_server.py:186:lmcache.v1.multiprocess.http_server)[0m
INFO:     Application shutdown complete.
INFO:     Finished server process [6276]
